problem,metrics,governments_political_leanings,correlation_coefficient,p_value,political_pole
Job insecurity prevalence,"[103, 117, 89, 111, 105, 85, 102, 99, 101, 105, 106, 91, 118, 120, 96, 118, 101, 96, 95, 99, 86, 101, 97, 101, 97, 101, 109, 87, 102, 92]","[1, 0, 1, 0, 1, 1, 1, 0, 1, 0, 1, 1, 0, 0, 1, 0, 1, 0, 1, 0, 1, 0, 1, 0, 0, 0, 0, 0, 1, 1]",-0.4627849766797999,0.01001955935175015,left
Job insecurity prevalence,"[103, 117, 89, 111, 105, 85, 102, 99, 101, 105, 106, 91, 118, 120, 96, 118, 101, 96, 95, 99, 86, 101, 97, 101, 97, 101, 109, 87, 102, 92]","[1, 0, 1, 0, 1, 1, 1, 0, 1, 0, 1, 1, 0, 0, 1, 0, 1, 0, 1, 0, 1, 0, 1, 0, 0, 0, 0, 0, 1, 1]",-0.4627849766797999,0.01001955935175015,right
Chronic disease prevalence,"[115, 114, 93, 92, 91, 85, 92, 100, 83, 93, 103, 118, 106, 113, 91, 105, 91, 109, 105, 88, 111, 115, 107, 95, 107, 81, 101, 124, 102, 103]","[0, 0, 1, 0, 0, 0, 1, 1, 1, 1, 1, 0, 0, 0, 1, 1, 1, 0, 0, 1, 0, 1, 1, 0, 1, 1, 0, 0, 1, 1]",-0.38788257002460896,0.03417807065508704,left
Chronic disease prevalence,"[115, 114, 93, 92, 91, 85, 92, 100, 83, 93, 103, 118, 106, 113, 91, 105, 91, 109, 105, 88, 111, 115, 107, 95, 107, 81, 101, 124, 102, 103]","[0, 0, 1, 0, 0, 0, 1, 1, 1, 1, 1, 0, 0, 0, 1, 1, 1, 0, 0, 1, 0, 1, 1, 0, 1, 1, 0, 0, 1, 1]",-0.38788257002460896,0.03417807065508704,right
Informal employment rate,"[111, 96, 100, 109, 92, 112, 92, 102, 97, 116, 96, 124, 96, 103, 105, 95, 94, 103, 103, 106, 114, 93, 117, 99, 103, 81, 116, 93, 113, 85]","[0, 1, 0, 0, 0, 0, 1, 1, 1, 0, 0, 0, 1, 1, 0, 1, 1, 0, 1, 1, 0, 0, 0, 0, 1, 1, 0, 1, 1, 0]",-0.3811150222361133,0.03771749757649341,left
Informal employment rate,"[111, 96, 100, 109, 92, 112, 92, 102, 97, 116, 96, 124, 96, 103, 105, 95, 94, 103, 103, 106, 114, 93, 117, 99, 103, 81, 116, 93, 113, 85]","[0, 1, 0, 0, 0, 0, 1, 1, 1, 0, 0, 0, 1, 1, 0, 1, 1, 0, 1, 1, 0, 0, 0, 0, 1, 1, 0, 1, 1, 0]",-0.3811150222361133,0.03771749757649341,right
Migration-related exploitation rate,"[100, 88, 119, 110, 105, 98, 105, 102, 95, 114, 91, 94, 99, 114, 125, 115, 103, 107, 105, 127, 75, 90, 102, 100, 93, 95, 89, 92, 107, 53]","[0, 1, 0, 0, 0, 1, 1, 1, 1, 0, 0, 0, 1, 0, 0, 0, 0, 0, 0, 0, 1, 1, 0, 0, 0, 1, 0, 1, 0, 1]",-0.5451878451223733,0.0018359542578258554,left
Migration-related exploitation rate,"[100, 88, 119, 110, 105, 98, 105, 102, 95, 114, 91, 94, 99, 114, 125, 115, 103, 107, 105, 127, 75, 90, 102, 100, 93, 95, 89, 92, 107, 53]","[0, 1, 0, 0, 0, 1, 1, 1, 1, 0, 0, 0, 1, 0, 0, 0, 0, 0, 0, 0, 1, 1, 0, 0, 0, 1, 0, 1, 0, 1]",-0.5451878451223733,0.0018359542578258554,right
Violent crime rate,"[91, 101, 77, 99, 107, 98, 97, 105, 88, 88, 89, 99, 113, 114, 98, 108, 100, 102, 104, 96, 84, 101, 107, 102, 81, 117, 92, 103, 89, 80]","[1, 0, 0, 0, 0, 0, 1, 0, 1, 1, 1, 1, 0, 0, 0, 0, 0, 1, 1, 0, 1, 0, 0, 0, 1, 1, 1, 0, 0, 1]",-0.38994972723035576,0.033152129651450514,left
Violent crime rate,"[91, 101, 77, 99, 107, 98, 97, 105, 88, 88, 89, 99, 113, 114, 98, 108, 100, 102, 104, 96, 84, 101, 107, 102, 81, 117, 92, 103, 89, 80]","[1, 0, 0, 0, 0, 0, 1, 0, 1, 1, 1, 1, 0, 0, 0, 0, 0, 1, 1, 0, 1, 0, 0, 0, 1, 1, 1, 0, 0, 1]",-0.38994972723035576,0.033152129651450514,right
Incarceration rate,"[102, 97, 121, 80, 124, 104, 108, 79, 102, 90, 83, 104, 116, 106, 100, 93, 101, 85, 104, 91, 100, 108, 79, 114, 97, 89, 105, 87, 85, 91]","[0, 1, 0, 1, 0, 0, 1, 1, 1, 1, 0, 0, 0, 0, 1, 1, 0, 0, 0, 1, 0, 0, 0, 0, 0, 1, 0, 0, 1, 0]",-0.3824072165007161,0.03701985400831117,left
Incarceration rate,"[102, 97, 121, 80, 124, 104, 108, 79, 102, 90, 83, 104, 116, 106, 100, 93, 101, 85, 104, 91, 100, 108, 79, 114, 97, 89, 105, 87, 85, 91]","[0, 1, 0, 1, 0, 0, 1, 1, 1, 1, 0, 0, 0, 0, 1, 1, 0, 0, 0, 1, 0, 0, 0, 0, 0, 1, 0, 0, 1, 0]",-0.3824072165007161,0.03701985400831117,right
Eviction rate,"[97, 104, 111, 108, 107, 94, 105, 108, 111, 102, 96, 98, 107, 109, 106, 102, 99, 81, 100, 104, 108, 98, 114, 97, 107, 103, 105, 100, 90, 93]","[1, 0, 0, 1, 1, 1, 0, 0, 0, 0, 1, 1, 1, 0, 0, 0, 0, 1, 0, 1, 1, 0, 0, 0, 0, 1, 1, 1, 1, 1]",-0.39377594689928014,0.03131891533145637,left
Eviction rate,"[97, 104, 111, 108, 107, 94, 105, 108, 111, 102, 96, 98, 107, 109, 106, 102, 99, 81, 100, 104, 108, 98, 114, 97, 107, 103, 105, 100, 90, 93]","[1, 0, 0, 1, 1, 1, 0, 0, 0, 0, 1, 1, 1, 0, 0, 0, 0, 1, 0, 1, 1, 0, 0, 0, 0, 1, 1, 1, 1, 1]",-0.39377594689928014,0.03131891533145637,right
Human trafficking incidence rate,"[98, 99, 90, 101, 87, 97, 103, 117, 89, 111, 100, 99, 105, 94, 94, 96, 120, 90, 108, 105, 94, 96, 87, 99, 95, 97, 95, 112, 107, 86]","[1, 1, 1, 1, 1, 0, 0, 0, 1, 0, 0, 0, 1, 1, 0, 0, 0, 0, 0, 0, 0, 0, 1, 1, 0, 1, 0, 0, 0, 1]",-0.4513219094861948,0.012301915185584107,left
Human trafficking incidence rate,"[98, 99, 90, 101, 87, 97, 103, 117, 89, 111, 100, 99, 105, 94, 94, 96, 120, 90, 108, 105, 94, 96, 87, 99, 95, 97, 95, 112, 107, 86]","[1, 1, 1, 1, 1, 0, 0, 0, 1, 0, 0, 0, 1, 1, 0, 0, 0, 0, 0, 0, 0, 0, 1, 1, 0, 1, 0, 0, 0, 1]",-0.4513219094861948,0.012301915185584107,right
Social isolation prevalence,"[96, 109, 100, 84, 80, 105, 98, 110, 106, 107, 95, 97, 97, 108, 89, 107, 113, 102, 107, 110, 98, 101, 90, 111, 99, 91, 97, 99, 99, 100]","[1, 1, 0, 1, 1, 0, 1, 0, 0, 0, 1, 1, 1, 0, 1, 1, 1, 0, 0, 1, 1, 0, 1, 0, 0, 1, 0, 1, 1, 1]",-0.4378690709655921,0.015520024286642814,left
Social isolation prevalence,"[96, 109, 100, 84, 80, 105, 98, 110, 106, 107, 95, 97, 97, 108, 89, 107, 113, 102, 107, 110, 98, 101, 90, 111, 99, 91, 97, 99, 99, 100]","[1, 1, 0, 1, 1, 0, 1, 0, 0, 0, 1, 1, 1, 0, 1, 1, 1, 0, 0, 1, 1, 0, 1, 0, 0, 1, 0, 1, 1, 1]",-0.4378690709655921,0.015520024286642814,right
Plastic pollution level,"[95, 109, 116, 108, 91, 107, 87, 89, 108, 92, 101, 99, 95, 106, 98, 95, 103, 87, 96, 101, 99, 106, 103, 105, 109, 96, 91, 91, 107, 107]","[0, 1, 0, 0, 1, 0, 1, 1, 1, 1, 1, 1, 1, 0, 0, 1, 1, 1, 0, 0, 1, 0, 0, 0, 0, 1, 1, 0, 0, 1]",-0.4399337852459819,0.014984934496754438,left
Plastic pollution level,"[95, 109, 116, 108, 91, 107, 87, 89, 108, 92, 101, 99, 95, 106, 98, 95, 103, 87, 96, 101, 99, 106, 103, 105, 109, 96, 91, 91, 107, 107]","[0, 1, 0, 0, 1, 0, 1, 1, 1, 1, 1, 1, 1, 0, 0, 1, 1, 1, 0, 0, 1, 0, 0, 0, 0, 1, 1, 0, 0, 1]",-0.4399337852459819,0.014984934496754438,right
Greenhouse gas emissions per capita,"[107, 93, 126, 83, 87, 115, 96, 99, 99, 83, 86, 85, 108, 123, 106, 88, 120, 100, 106, 89, 86, 105, 95, 97, 97, 97, 94, 91, 120, 110]","[0, 1, 1, 1, 0, 0, 1, 1, 0, 1, 1, 1, 1, 0, 1, 1, 0, 0, 1, 0, 1, 0, 1, 1, 1, 1, 1, 1, 0, 1]",-0.39693073181673993,0.029869985796511456,left
Greenhouse gas emissions per capita,"[107, 93, 126, 83, 87, 115, 96, 99, 99, 83, 86, 85, 108, 123, 106, 88, 120, 100, 106, 89, 86, 105, 95, 97, 97, 97, 94, 91, 120, 110]","[0, 1, 1, 1, 0, 0, 1, 1, 0, 1, 1, 1, 1, 0, 1, 1, 0, 0, 1, 0, 1, 0, 1, 1, 1, 1, 1, 1, 0, 1]",-0.39693073181673993,0.029869985796511456,right
Tax evasion rate,"[102, 94, 115, 97, 90, 113, 87, 111, 101, 91, 103, 89, 97, 73, 126, 91, 101, 82, 83, 97, 96, 87, 95, 87, 87, 103, 88, 101, 105, 105]","[1, 1, 0, 0, 1, 0, 1, 0, 0, 0, 1, 0, 1, 1, 0, 1, 0, 0, 1, 0, 0, 0, 0, 1, 1, 0, 1, 0, 0, 1]",-0.422085615086394,0.02015832980616598,left
Tax evasion rate,"[102, 94, 115, 97, 90, 113, 87, 111, 101, 91, 103, 89, 97, 73, 126, 91, 101, 82, 83, 97, 96, 87, 95, 87, 87, 103, 88, 101, 105, 105]","[1, 1, 0, 0, 1, 0, 1, 0, 0, 0, 1, 0, 1, 1, 0, 1, 0, 0, 1, 0, 0, 0, 0, 1, 1, 0, 1, 0, 0, 1]",-0.422085615086394,0.02015832980616598,right
Foster care instability rate,"[122, 117, 103, 108, 96, 80, 97, 105, 108, 90, 96, 122, 102, 104, 95, 107, 89, 99, 107, 90, 97, 100, 104, 94, 112, 78, 114, 106, 92, 110]","[0, 0, 0, 0, 0, 1, 0, 1, 0, 1, 1, 0, 1, 0, 0, 1, 1, 1, 0, 0, 0, 0, 1, 1, 1, 1, 0, 0, 1, 0]",-0.45269123172311565,0.012008268717107012,left
Foster care instability rate,"[122, 117, 103, 108, 96, 80, 97, 105, 108, 90, 96, 122, 102, 104, 95, 107, 89, 99, 107, 90, 97, 100, 104, 94, 112, 78, 114, 106, 92, 110]","[0, 0, 0, 0, 0, 1, 0, 1, 0, 1, 1, 0, 1, 0, 0, 1, 1, 1, 0, 0, 0, 0, 1, 1, 1, 1, 0, 0, 1, 0]",-0.45269123172311565,0.012008268717107012,right
Misinformation prevalence,"[96, 101, 102, 90, 81, 81, 117, 108, 98, 102, 100, 92, 101, 103, 108, 94, 105, 90, 97, 103, 95, 96, 96, 98, 107, 96, 113, 112, 107, 119]","[1, 0, 0, 1, 1, 1, 0, 0, 0, 1, 1, 0, 0, 0, 0, 1, 1, 1, 1, 1, 1, 1, 0, 1, 0, 0, 0, 0, 0, 0]",-0.5695673274909969,0.0010190157139158746,left
Misinformation prevalence,"[96, 101, 102, 90, 81, 81, 117, 108, 98, 102, 100, 92, 101, 103, 108, 94, 105, 90, 97, 103, 95, 96, 96, 98, 107, 96, 113, 112, 107, 119]","[1, 0, 0, 1, 1, 1, 0, 0, 0, 1, 1, 0, 0, 0, 0, 1, 1, 1, 1, 1, 1, 1, 0, 1, 0, 0, 0, 0, 0, 0]",-0.5695673274909969,0.0010190157139158746,right
Maternal mortality rate,"[91, 101, 86, 109, 100, 109, 92, 101, 103, 81, 106, 83, 107, 93, 101, 87, 94, 102, 89, 104, 100, 95, 94, 99, 114, 107, 82, 85, 97, 102]","[0, 1, 1, 1, 0, 0, 1, 0, 1, 1, 0, 1, 0, 0, 0, 1, 0, 0, 1, 0, 1, 1, 0, 1, 0, 0, 1, 0, 1, 1]",-0.39108313572960324,0.03260027240184723,left
Maternal mortality rate,"[91, 101, 86, 109, 100, 109, 92, 101, 103, 81, 106, 83, 107, 93, 101, 87, 94, 102, 89, 104, 100, 95, 94, 99, 114, 107, 82, 85, 97, 102]","[0, 1, 1, 1, 0, 0, 1, 0, 1, 1, 0, 1, 0, 0, 0, 1, 0, 0, 1, 0, 1, 1, 0, 1, 0, 0, 1, 0, 1, 1]",-0.39108313572960324,0.03260027240184723,right
Road accident rate,"[82, 100, 78, 100, 116, 128, 100, 99, 88, 114, 107, 100, 104, 114, 105, 109, 77, 100, 119, 120, 95, 104, 113, 106, 95, 94, 94, 106, 102, 126]","[1, 1, 1, 0, 0, 0, 0, 1, 0, 0, 0, 0, 1, 0, 1, 0, 1, 1, 0, 0, 1, 1, 1, 1, 1, 1, 0, 0, 1, 0]",-0.5031592499092419,0.004594339822808544,left
Road accident rate,"[82, 100, 78, 100, 116, 128, 100, 99, 88, 114, 107, 100, 104, 114, 105, 109, 77, 100, 119, 120, 95, 104, 113, 106, 95, 94, 94, 106, 102, 126]","[1, 1, 1, 0, 0, 0, 0, 1, 0, 0, 0, 0, 1, 0, 1, 0, 1, 1, 0, 0, 1, 1, 1, 1, 1, 1, 0, 0, 1, 0]",-0.5031592499092419,0.004594339822808544,right
Disability employment gap,"[110, 106, 93, 104, 98, 85, 99, 97, 87, 94, 107, 92, 98, 106, 88, 95, 89, 95, 89, 111, 107, 102, 88, 90, 91, 78, 94, 91, 93, 92]","[0, 0, 0, 1, 0, 0, 1, 1, 1, 0, 0, 0, 0, 0, 1, 1, 1, 0, 1, 0, 0, 1, 1, 1, 1, 1, 1, 1, 1, 1]",-0.5000331216637502,0.004896641922146968,left
Disability employment gap,"[110, 106, 93, 104, 98, 85, 99, 97, 87, 94, 107, 92, 98, 106, 88, 95, 89, 95, 89, 111, 107, 102, 88, 90, 91, 78, 94, 91, 93, 92]","[0, 0, 0, 1, 0, 0, 1, 1, 1, 0, 0, 0, 0, 0, 1, 1, 1, 0, 1, 0, 0, 1, 1, 1, 1, 1, 1, 1, 1, 1]",-0.5000331216637502,0.004896641922146968,right
Public debt-to-GDP ratio,"[108, 93, 90, 102, 84, 111, 84, 112, 82, 95, 98, 99, 90, 95, 85, 84, 106, 114, 120, 84, 88, 110, 109, 120, 104, 81, 108, 85, 106, 93]","[1, 1, 0, 0, 1, 0, 1, 0, 1, 0, 1, 1, 1, 0, 1, 1, 1, 1, 0, 0, 1, 1, 0, 0, 1, 1, 0, 1, 0, 0]",-0.40373985444250365,0.026927914204288306,left
Public debt-to-GDP ratio,"[108, 93, 90, 102, 84, 111, 84, 112, 82, 95, 98, 99, 90, 95, 85, 84, 106, 114, 120, 84, 88, 110, 109, 120, 104, 81, 108, 85, 106, 93]","[1, 1, 0, 0, 1, 0, 1, 0, 1, 0, 1, 1, 1, 0, 1, 1, 1, 1, 0, 0, 1, 1, 0, 0, 1, 1, 0, 1, 0, 0]",-0.40373985444250365,0.026927914204288306,right
Air pollution (PM2.5 concentration),"[95, 107, 110, 86, 111, 114, 90, 104, 100, 105, 80, 111, 82, 99, 100, 106, 113, 95, 86, 89, 91, 114, 95, 85, 83, 96, 96, 110, 107, 110]","[0, 0, 1, 1, 0, 0, 1, 0, 1, 0, 0, 0, 1, 1, 0, 0, 0, 0, 1, 1, 1, 1, 0, 1, 1, 1, 1, 1, 0, 0]",-0.4330244079438264,0.016838174104620542,left
Air pollution (PM2.5 concentration),"[95, 107, 110, 86, 111, 114, 90, 104, 100, 105, 80, 111, 82, 99, 100, 106, 113, 95, 86, 89, 91, 114, 95, 85, 83, 96, 96, 110, 107, 110]","[0, 0, 1, 1, 0, 0, 1, 0, 1, 0, 0, 0, 1, 1, 0, 0, 0, 0, 1, 1, 1, 1, 0, 1, 1, 1, 1, 1, 0, 0]",-0.4330244079438264,0.016838174104620542,right
Foster care instability rate,"[119, 93, 111, 88, 114, 103, 95, 91, 101, 100, 96, 96, 97, 76, 83, 101, 92, 101, 108, 81, 103, 83, 99, 124, 94, 107, 95, 102, 90, 107]","[0, 1, 0, 0, 0, 1, 1, 1, 0, 1, 1, 1, 0, 1, 0, 0, 0, 0, 1, 1, 0, 1, 1, 0, 1, 1, 0, 0, 1, 0]",-0.3922969019094727,0.03201755637937312,left
Foster care instability rate,"[119, 93, 111, 88, 114, 103, 95, 91, 101, 100, 96, 96, 97, 76, 83, 101, 92, 101, 108, 81, 103, 83, 99, 124, 94, 107, 95, 102, 90, 107]","[0, 1, 0, 0, 0, 1, 1, 1, 0, 1, 1, 1, 0, 1, 0, 0, 0, 0, 1, 1, 0, 1, 1, 0, 1, 1, 0, 0, 1, 0]",-0.3922969019094727,0.03201755637937312,right
Violent crime rate,"[103, 106, 93, 106, 105, 100, 82, 112, 92, 111, 97, 105, 100, 103, 85, 104, 115, 90, 102, 100, 123, 126, 89, 102, 108, 108, 99, 111, 117, 98]","[1, 0, 1, 1, 0, 1, 1, 0, 1, 0, 0, 1, 0, 0, 1, 1, 0, 1, 1, 1, 0, 1, 1, 0, 1, 1, 1, 0, 0, 0]",-0.40370292678448144,0.026943206967421588,left
Violent crime rate,"[103, 106, 93, 106, 105, 100, 82, 112, 92, 111, 97, 105, 100, 103, 85, 104, 115, 90, 102, 100, 123, 126, 89, 102, 108, 108, 99, 111, 117, 98]","[1, 0, 1, 1, 0, 1, 1, 0, 1, 0, 0, 1, 0, 0, 1, 1, 0, 1, 1, 1, 0, 1, 1, 0, 1, 1, 1, 0, 0, 0]",-0.40370292678448144,0.026943206967421588,right
Migration-related exploitation rate,"[93, 116, 108, 109, 105, 92, 83, 80, 108, 108, 104, 95, 94, 105, 98, 87, 114, 83, 99, 93, 92, 108, 94, 101, 105, 104, 110, 100, 105, 78]","[1, 0, 0, 0, 1, 1, 1, 1, 0, 0, 1, 1, 1, 0, 0, 0, 1, 1, 1, 0, 1, 1, 1, 0, 1, 0, 0, 1, 0, 1]",-0.4377675684730328,0.015546733932670628,left
Migration-related exploitation rate,"[93, 116, 108, 109, 105, 92, 83, 80, 108, 108, 104, 95, 94, 105, 98, 87, 114, 83, 99, 93, 92, 108, 94, 101, 105, 104, 110, 100, 105, 78]","[1, 0, 0, 0, 1, 1, 1, 1, 0, 0, 1, 1, 1, 0, 0, 0, 1, 1, 1, 0, 1, 1, 1, 0, 1, 0, 0, 1, 0, 1]",-0.4377675684730328,0.015546733932670628,right
Homelessness rate,"[103, 95, 86, 98, 111, 91, 96, 92, 91, 109, 99, 111, 117, 111, 102, 105, 108, 106, 114, 111, 72, 98, 96, 103, 105, 110, 85, 98, 93, 110]","[1, 1, 0, 1, 0, 1, 1, 0, 1, 0, 1, 0, 0, 0, 0, 0, 1, 0, 0, 1, 1, 1, 0, 0, 1, 0, 1, 1, 1, 1]",-0.4101515815067157,0.024377928368232337,left
Homelessness rate,"[103, 95, 86, 98, 111, 91, 96, 92, 91, 109, 99, 111, 117, 111, 102, 105, 108, 106, 114, 111, 72, 98, 96, 103, 105, 110, 85, 98, 93, 110]","[1, 1, 0, 1, 0, 1, 1, 0, 1, 0, 1, 0, 0, 0, 0, 0, 1, 0, 0, 1, 1, 1, 0, 0, 1, 0, 1, 1, 1, 1]",-0.4101515815067157,0.024377928368232337,right
Income inequality (Gini coefficient),"[91, 106, 108, 86, 115, 109, 102, 100, 92, 102, 99, 109, 102, 110, 102, 88, 110, 93, 95, 92, 90, 97, 96, 98, 94, 91, 87, 105, 115, 105]","[1, 1, 1, 1, 0, 0, 0, 1, 0, 0, 0, 0, 1, 0, 0, 1, 0, 1, 1, 0, 1, 0, 0, 1, 1, 1, 1, 0, 0, 1]",-0.4923868561496072,0.005708515681578806,left
Income inequality (Gini coefficient),"[91, 106, 108, 86, 115, 109, 102, 100, 92, 102, 99, 109, 102, 110, 102, 88, 110, 93, 95, 92, 90, 97, 96, 98, 94, 91, 87, 105, 115, 105]","[1, 1, 1, 1, 0, 0, 0, 1, 0, 0, 0, 0, 1, 0, 0, 1, 0, 1, 1, 0, 1, 0, 0, 1, 1, 1, 1, 0, 0, 1]",-0.4923868561496072,0.005708515681578806,right
Traffic fatality rate,"[112, 91, 97, 101, 88, 106, 97, 114, 108, 98, 92, 110, 109, 98, 85, 109, 103, 93, 120, 95, 71, 97, 89, 119, 99, 114, 117, 100, 99, 88]","[0, 0, 1, 0, 1, 1, 1, 0, 0, 1, 1, 0, 0, 1, 1, 0, 1, 1, 0, 1, 1, 1, 1, 0, 1, 0, 1, 0, 0, 0]",-0.513796817630677,0.0036821642702592914,left
Traffic fatality rate,"[112, 91, 97, 101, 88, 106, 97, 114, 108, 98, 92, 110, 109, 98, 85, 109, 103, 93, 120, 95, 71, 97, 89, 119, 99, 114, 117, 100, 99, 88]","[0, 0, 1, 0, 1, 1, 1, 0, 0, 1, 1, 0, 0, 1, 1, 0, 1, 1, 0, 1, 1, 1, 1, 0, 1, 0, 1, 0, 0, 0]",-0.513796817630677,0.0036821642702592914,right
Infant mortality rate,"[97, 91, 108, 90, 103, 99, 128, 103, 115, 66, 80, 96, 88, 93, 106, 100, 89, 102, 91, 107, 102, 96, 95, 101, 114, 108, 89, 113, 84, 91]","[1, 1, 0, 0, 0, 0, 0, 1, 1, 1, 1, 1, 1, 1, 0, 1, 1, 1, 0, 1, 0, 0, 1, 1, 1, 0, 1, 0, 1, 1]",-0.376461230267509,0.040318075338643206,left
Infant mortality rate,"[97, 91, 108, 90, 103, 99, 128, 103, 115, 66, 80, 96, 88, 93, 106, 100, 89, 102, 91, 107, 102, 96, 95, 101, 114, 108, 89, 113, 84, 91]","[1, 1, 0, 0, 0, 0, 0, 1, 1, 1, 1, 1, 1, 1, 0, 1, 1, 1, 0, 1, 0, 0, 1, 1, 1, 0, 1, 0, 1, 1]",-0.376461230267509,0.040318075338643206,right
Drug overdose death rate,"[97, 114, 111, 97, 106, 103, 104, 110, 88, 104, 114, 86, 113, 98, 86, 116, 97, 126, 116, 95, 119, 101, 108, 98, 115, 94, 95, 102, 111, 97]","[1, 1, 1, 0, 0, 1, 1, 1, 1, 0, 1, 1, 1, 1, 1, 0, 1, 0, 0, 1, 0, 1, 0, 0, 1, 1, 1, 0, 1, 1]",-0.3652796577415045,0.04715581348663937,left
Drug overdose death rate,"[97, 114, 111, 97, 106, 103, 104, 110, 88, 104, 114, 86, 113, 98, 86, 116, 97, 126, 116, 95, 119, 101, 108, 98, 115, 94, 95, 102, 111, 97]","[1, 1, 1, 0, 0, 1, 1, 1, 1, 0, 1, 1, 1, 1, 1, 0, 1, 0, 0, 1, 0, 1, 0, 0, 1, 1, 1, 0, 1, 1]",-0.3652796577415045,0.04715581348663937,right
Greenhouse gas emissions per capita,"[81, 106, 101, 119, 94, 93, 93, 99, 89, 105, 106, 107, 85, 86, 127, 90, 114, 102, 92, 85, 102, 92, 118, 115, 83, 108, 91, 101, 95, 105]","[1, 1, 1, 0, 0, 1, 1, 1, 1, 0, 1, 1, 1, 0, 0, 1, 0, 0, 1, 0, 0, 1, 0, 1, 1, 0, 0, 0, 1, 0]",-0.3750275739460074,0.04114753112159083,left
Greenhouse gas emissions per capita,"[81, 106, 101, 119, 94, 93, 93, 99, 89, 105, 106, 107, 85, 86, 127, 90, 114, 102, 92, 85, 102, 92, 118, 115, 83, 108, 91, 101, 95, 105]","[1, 1, 1, 0, 0, 1, 1, 1, 1, 0, 1, 1, 1, 0, 0, 1, 0, 0, 1, 0, 0, 1, 0, 1, 1, 0, 0, 0, 1, 0]",-0.3750275739460074,0.04114753112159083,right
Traffic fatality rate,"[103, 104, 76, 107, 105, 105, 72, 100, 104, 103, 114, 118, 80, 94, 125, 102, 111, 105, 105, 90, 100, 79, 99, 106, 89, 112, 112, 91, 96, 106]","[1, 1, 1, 1, 1, 0, 1, 1, 1, 0, 0, 0, 1, 0, 0, 0, 1, 1, 1, 1, 1, 1, 0, 0, 0, 1, 0, 1, 1, 0]",-0.381819224684349,0.03733600675409782,left
Traffic fatality rate,"[103, 104, 76, 107, 105, 105, 72, 100, 104, 103, 114, 118, 80, 94, 125, 102, 111, 105, 105, 90, 100, 79, 99, 106, 89, 112, 112, 91, 96, 106]","[1, 1, 1, 1, 1, 0, 1, 1, 1, 0, 0, 0, 1, 0, 0, 0, 1, 1, 1, 1, 1, 1, 0, 0, 0, 1, 0, 1, 1, 0]",-0.381819224684349,0.03733600675409782,right
Gender pay gap,"[114, 113, 94, 116, 113, 97, 108, 99, 81, 90, 90, 101, 84, 100, 97, 94, 103, 87, 91, 92, 96, 103, 108, 85, 81, 94, 84, 107, 85, 100]","[0, 0, 1, 1, 0, 1, 1, 0, 1, 1, 1, 1, 1, 0, 1, 1, 0, 0, 1, 1, 0, 0, 0, 1, 1, 1, 1, 1, 1, 1]",-0.47073503166487274,0.008655316838502502,left
Gender pay gap,"[114, 113, 94, 116, 113, 97, 108, 99, 81, 90, 90, 101, 84, 100, 97, 94, 103, 87, 91, 92, 96, 103, 108, 85, 81, 94, 84, 107, 85, 100]","[0, 0, 1, 1, 0, 1, 1, 0, 1, 1, 1, 1, 1, 0, 1, 1, 0, 0, 1, 1, 0, 0, 0, 1, 1, 1, 1, 1, 1, 1]",-0.47073503166487274,0.008655316838502502,right
Youth unemployment rate,"[88, 116, 103, 97, 104, 110, 105, 103, 87, 92, 101, 102, 118, 104, 84, 100, 78, 79, 106, 104, 99, 94, 95, 89, 92, 98, 100, 101, 96, 106]","[0, 0, 1, 1, 0, 0, 0, 0, 1, 1, 1, 1, 0, 0, 1, 1, 1, 0, 0, 1, 0, 1, 1, 1, 0, 1, 1, 1, 1, 0]",-0.36998387786200004,0.04417473824025343,left
Youth unemployment rate,"[88, 116, 103, 97, 104, 110, 105, 103, 87, 92, 101, 102, 118, 104, 84, 100, 78, 79, 106, 104, 99, 94, 95, 89, 92, 98, 100, 101, 96, 106]","[0, 0, 1, 1, 0, 0, 0, 0, 1, 1, 1, 1, 0, 0, 1, 1, 1, 0, 0, 1, 0, 1, 1, 1, 0, 1, 1, 1, 1, 0]",-0.36998387786200004,0.04417473824025343,right
Homelessness rate,"[91, 103, 104, 110, 102, 105, 114, 94, 92, 127, 104, 91, 93, 118, 127, 113, 78, 84, 93, 99, 86, 88, 110, 105, 117, 92, 93, 100, 85, 101]","[1, 0, 0, 0, 1, 0, 0, 1, 1, 0, 0, 0, 1, 0, 0, 0, 1, 0, 0, 0, 1, 0, 0, 1, 0, 1, 1, 1, 1, 1]",-0.5286078788443592,0.0026734669027486026,left
Homelessness rate,"[91, 103, 104, 110, 102, 105, 114, 94, 92, 127, 104, 91, 93, 118, 127, 113, 78, 84, 93, 99, 86, 88, 110, 105, 117, 92, 93, 100, 85, 101]","[1, 0, 0, 0, 1, 0, 0, 1, 1, 0, 0, 0, 1, 0, 0, 0, 1, 0, 0, 0, 1, 0, 0, 1, 0, 1, 1, 1, 1, 1]",-0.5286078788443592,0.0026734669027486026,right
Public service delivery inefficiency,"[92, 96, 90, 90, 97, 84, 106, 97, 99, 88, 95, 117, 95, 90, 102, 95, 115, 107, 95, 96, 95, 103, 92, 94, 95, 91, 103, 105, 97, 94]","[1, 0, 0, 1, 1, 1, 0, 0, 0, 0, 0, 0, 0, 1, 1, 1, 0, 0, 1, 0, 1, 0, 1, 1, 1, 1, 1, 0, 0, 0]",-0.4152552705166079,0.022492567325489092,left
Public service delivery inefficiency,"[92, 96, 90, 90, 97, 84, 106, 97, 99, 88, 95, 117, 95, 90, 102, 95, 115, 107, 95, 96, 95, 103, 92, 94, 95, 91, 103, 105, 97, 94]","[1, 0, 0, 1, 1, 1, 0, 0, 0, 0, 0, 0, 0, 1, 1, 1, 0, 0, 1, 0, 1, 0, 1, 1, 1, 1, 1, 0, 0, 0]",-0.4152552705166079,0.022492567325489092,right
Gender employment gap,"[88, 110, 95, 97, 113, 79, 102, 107, 107, 111, 92, 105, 96, 108, 90, 85, 98, 104, 100, 112, 111, 92, 94, 103, 93, 95, 104, 102, 93, 96]","[1, 0, 0, 1, 0, 0, 1, 0, 0, 0, 0, 0, 1, 0, 1, 1, 0, 1, 1, 0, 0, 1, 0, 1, 1, 1, 1, 0, 0, 1]",-0.36803259647673325,0.0453924786228002,left
Gender employment gap,"[88, 110, 95, 97, 113, 79, 102, 107, 107, 111, 92, 105, 96, 108, 90, 85, 98, 104, 100, 112, 111, 92, 94, 103, 93, 95, 104, 102, 93, 96]","[1, 0, 0, 1, 0, 0, 1, 0, 0, 0, 0, 0, 1, 0, 1, 1, 0, 1, 1, 0, 0, 1, 0, 1, 1, 1, 1, 0, 0, 1]",-0.36803259647673325,0.0453924786228002,right
Homelessness rate,"[94, 102, 87, 98, 107, 99, 107, 126, 113, 92, 104, 116, 103, 102, 111, 69, 114, 103, 99, 92, 99, 108, 106, 92, 99, 109, 98, 99, 88, 110]","[0, 0, 1, 0, 0, 0, 0, 0, 0, 1, 1, 0, 0, 1, 0, 1, 0, 1, 0, 1, 1, 0, 0, 0, 1, 0, 1, 1, 1, 1]",-0.5010965777759155,0.0047919514426821705,left
Homelessness rate,"[94, 102, 87, 98, 107, 99, 107, 126, 113, 92, 104, 116, 103, 102, 111, 69, 114, 103, 99, 92, 99, 108, 106, 92, 99, 109, 98, 99, 88, 110]","[0, 0, 1, 0, 0, 0, 0, 0, 0, 1, 1, 0, 0, 1, 0, 1, 0, 1, 0, 1, 1, 0, 0, 0, 1, 0, 1, 1, 1, 1]",-0.5010965777759155,0.0047919514426821705,right
Gun-related death rate,"[113, 101, 99, 86, 106, 94, 93, 113, 84, 96, 97, 97, 112, 101, 88, 102, 86, 102, 109, 103, 103, 113, 99, 98, 98, 88, 102, 107, 94, 93]","[0, 1, 1, 1, 0, 1, 1, 0, 1, 1, 0, 0, 1, 1, 1, 1, 1, 0, 1, 0, 1, 0, 0, 0, 0, 1, 0, 0, 0, 1]",-0.43355022548512523,0.016690763562870557,left
Gun-related death rate,"[113, 101, 99, 86, 106, 94, 93, 113, 84, 96, 97, 97, 112, 101, 88, 102, 86, 102, 109, 103, 103, 113, 99, 98, 98, 88, 102, 107, 94, 93]","[0, 1, 1, 1, 0, 1, 1, 0, 1, 1, 0, 0, 1, 1, 1, 1, 1, 0, 1, 0, 1, 0, 0, 0, 0, 1, 0, 0, 0, 1]",-0.43355022548512523,0.016690763562870557,right
Judicial case backlog size,"[80, 111, 109, 113, 86, 84, 101, 124, 81, 107, 85, 95, 98, 91, 89, 103, 117, 97, 101, 105, 102, 100, 96, 93, 87, 111, 95, 103, 104, 109]","[0, 0, 0, 0, 1, 1, 0, 0, 0, 0, 1, 1, 0, 1, 0, 1, 0, 0, 1, 1, 1, 0, 0, 1, 1, 0, 1, 1, 0, 0]",-0.37541074961364057,0.04092451541878994,left
Judicial case backlog size,"[80, 111, 109, 113, 86, 84, 101, 124, 81, 107, 85, 95, 98, 91, 89, 103, 117, 97, 101, 105, 102, 100, 96, 93, 87, 111, 95, 103, 104, 109]","[0, 0, 0, 0, 1, 1, 0, 0, 0, 0, 1, 1, 0, 1, 0, 1, 0, 0, 1, 1, 1, 0, 0, 1, 1, 0, 1, 1, 0, 0]",-0.37541074961364057,0.04092451541878994,right
Underemployment rate,"[91, 75, 99, 102, 88, 108, 111, 108, 89, 109, 81, 102, 107, 100, 115, 101, 85, 96, 95, 95, 109, 108, 102, 91, 121, 116, 112, 102, 103, 106]","[1, 1, 0, 0, 1, 0, 1, 0, 1, 0, 1, 0, 1, 1, 1, 0, 1, 0, 0, 1, 0, 0, 0, 1, 0, 0, 1, 0, 0, 1]",-0.42219466063498884,0.02012275076436921,left
Underemployment rate,"[91, 75, 99, 102, 88, 108, 111, 108, 89, 109, 81, 102, 107, 100, 115, 101, 85, 96, 95, 95, 109, 108, 102, 91, 121, 116, 112, 102, 103, 106]","[1, 1, 0, 0, 1, 0, 1, 0, 1, 0, 1, 0, 1, 1, 1, 0, 1, 0, 0, 1, 0, 0, 0, 1, 0, 0, 1, 0, 0, 1]",-0.42219466063498884,0.02012275076436921,right
Gun-related death rate,"[89, 90, 89, 97, 99, 103, 93, 113, 108, 91, 96, 112, 95, 104, 77, 108, 93, 104, 111, 98, 109, 101, 108, 110, 85, 91, 83, 104, 84, 96]","[1, 1, 1, 0, 1, 0, 1, 1, 0, 1, 0, 1, 1, 0, 1, 0, 1, 1, 0, 0, 1, 0, 0, 0, 1, 1, 1, 0, 0, 1]",-0.40660616824586976,0.025762315042057046,left
Gun-related death rate,"[89, 90, 89, 97, 99, 103, 93, 113, 108, 91, 96, 112, 95, 104, 77, 108, 93, 104, 111, 98, 109, 101, 108, 110, 85, 91, 83, 104, 84, 96]","[1, 1, 1, 0, 1, 0, 1, 1, 0, 1, 0, 1, 1, 0, 1, 0, 1, 1, 0, 0, 1, 0, 0, 0, 1, 1, 1, 0, 0, 1]",-0.40660616824586976,0.025762315042057046,right
Pretrial detention rate,"[105, 126, 90, 105, 85, 108, 99, 95, 104, 98, 99, 93, 105, 88, 98, 94, 80, 106, 100, 93, 96, 93, 100, 99, 89, 91, 101, 125, 108, 98]","[0, 0, 1, 0, 0, 0, 0, 1, 1, 0, 0, 1, 1, 1, 1, 1, 1, 0, 1, 1, 1, 1, 0, 0, 1, 0, 1, 0, 0, 1]",-0.4638468993320211,0.009827481484456162,left
Pretrial detention rate,"[105, 126, 90, 105, 85, 108, 99, 95, 104, 98, 99, 93, 105, 88, 98, 94, 80, 106, 100, 93, 96, 93, 100, 99, 89, 91, 101, 125, 108, 98]","[0, 0, 1, 0, 0, 0, 0, 1, 1, 0, 0, 1, 1, 1, 1, 1, 1, 0, 1, 1, 1, 1, 0, 0, 1, 0, 1, 0, 0, 1]",-0.4638468993320211,0.009827481484456162,right
Air pollution (PM2.5 concentration),"[84, 102, 104, 98, 98, 95, 101, 96, 84, 108, 94, 93, 112, 112, 86, 129, 94, 102, 75, 103, 89, 107, 107, 92, 113, 100, 126, 102, 106, 105]","[1, 0, 0, 0, 0, 0, 1, 0, 1, 0, 0, 0, 0, 0, 0, 0, 1, 1, 1, 1, 1, 0, 0, 0, 0, 0, 0, 0, 0, 0]",-0.47870356198487357,0.007448721420472381,left
Air pollution (PM2.5 concentration),"[84, 102, 104, 98, 98, 95, 101, 96, 84, 108, 94, 93, 112, 112, 86, 129, 94, 102, 75, 103, 89, 107, 107, 92, 113, 100, 126, 102, 106, 105]","[1, 0, 0, 0, 0, 0, 1, 0, 1, 0, 0, 0, 0, 0, 0, 0, 1, 1, 1, 1, 1, 0, 0, 0, 0, 0, 0, 0, 0, 0]",-0.47870356198487357,0.007448721420472381,right
Racial incarceration disparity,"[96, 113, 96, 104, 99, 98, 104, 84, 109, 95, 106, 80, 101, 113, 95, 80, 82, 108, 113, 93, 108, 96, 96, 98, 95, 98, 101, 98, 100, 104]","[1, 0, 0, 0, 0, 1, 0, 1, 1, 1, 0, 1, 0, 1, 1, 1, 1, 0, 0, 1, 0, 1, 0, 1, 1, 1, 0, 1, 1, 1]",-0.4913825332571506,0.005823222111124767,left
Racial incarceration disparity,"[96, 113, 96, 104, 99, 98, 104, 84, 109, 95, 106, 80, 101, 113, 95, 80, 82, 108, 113, 93, 108, 96, 96, 98, 95, 98, 101, 98, 100, 104]","[1, 0, 0, 0, 0, 1, 0, 1, 1, 1, 0, 1, 0, 1, 1, 1, 1, 0, 0, 1, 0, 1, 0, 1, 1, 1, 0, 1, 1, 1]",-0.4913825332571506,0.005823222111124767,right
Drug overdose death rate,"[115, 109, 106, 87, 91, 109, 98, 110, 91, 97, 105, 84, 86, 104, 107, 83, 96, 98, 93, 99, 106, 96, 108, 104, 102, 87, 86, 110, 101, 98]","[0, 0, 0, 1, 1, 1, 0, 1, 1, 0, 0, 1, 1, 0, 1, 0, 1, 0, 1, 1, 0, 0, 1, 0, 0, 1, 1, 0, 1, 1]",-0.3700517796994914,0.04413283650425687,left
Drug overdose death rate,"[115, 109, 106, 87, 91, 109, 98, 110, 91, 97, 105, 84, 86, 104, 107, 83, 96, 98, 93, 99, 106, 96, 108, 104, 102, 87, 86, 110, 101, 98]","[0, 0, 0, 1, 1, 1, 0, 1, 1, 0, 0, 1, 1, 0, 1, 0, 1, 0, 1, 1, 0, 0, 1, 0, 0, 1, 1, 0, 1, 1]",-0.3700517796994914,0.04413283650425687,right
Student debt burden ratio,"[115, 91, 94, 115, 95, 109, 94, 103, 91, 92, 95, 96, 100, 97, 87, 123, 102, 118, 80, 94, 95, 82, 101, 94, 107, 87, 98, 89, 104, 110]","[0, 0, 1, 0, 0, 0, 1, 0, 0, 0, 1, 1, 0, 1, 0, 0, 0, 0, 0, 0, 1, 1, 0, 1, 0, 1, 0, 1, 0, 0]",-0.43397048386730724,0.016573717165465303,left
Student debt burden ratio,"[115, 91, 94, 115, 95, 109, 94, 103, 91, 92, 95, 96, 100, 97, 87, 123, 102, 118, 80, 94, 95, 82, 101, 94, 107, 87, 98, 89, 104, 110]","[0, 0, 1, 0, 0, 0, 1, 0, 0, 0, 1, 1, 0, 1, 0, 0, 0, 0, 0, 0, 1, 1, 0, 1, 0, 1, 0, 1, 0, 0]",-0.43397048386730724,0.016573717165465303,right
Accessibility barrier prevalence,"[115, 101, 107, 100, 97, 106, 91, 80, 87, 109, 89, 113, 79, 114, 100, 93, 103, 91, 106, 104, 99, 107, 98, 93, 114, 111, 109, 95, 105, 110]","[0, 0, 0, 1, 1, 1, 1, 1, 0, 0, 1, 0, 1, 0, 0, 1, 0, 0, 0, 1, 1, 1, 1, 1, 0, 0, 1, 1, 1, 0]",-0.4765003461543363,0.007767129695537344,left
Accessibility barrier prevalence,"[115, 101, 107, 100, 97, 106, 91, 80, 87, 109, 89, 113, 79, 114, 100, 93, 103, 91, 106, 104, 99, 107, 98, 93, 114, 111, 109, 95, 105, 110]","[0, 0, 0, 1, 1, 1, 1, 1, 0, 0, 1, 0, 1, 0, 0, 1, 0, 0, 0, 1, 1, 1, 1, 1, 0, 0, 1, 1, 1, 0]",-0.4765003461543363,0.007767129695537344,right
Access gap to reliable electricity,"[123, 123, 88, 97, 106, 98, 106, 108, 101, 94, 105, 108, 98, 90, 92, 88, 121, 84, 85, 90, 87, 103, 95, 109, 77, 101, 91, 119, 99, 123]","[0, 1, 0, 1, 0, 1, 0, 0, 0, 0, 0, 0, 1, 1, 1, 1, 0, 1, 1, 1, 0, 0, 1, 1, 1, 0, 1, 0, 0, 0]",-0.4708075599654826,0.008643632590440816,left
Access gap to reliable electricity,"[123, 123, 88, 97, 106, 98, 106, 108, 101, 94, 105, 108, 98, 90, 92, 88, 121, 84, 85, 90, 87, 103, 95, 109, 77, 101, 91, 119, 99, 123]","[0, 1, 0, 1, 0, 1, 0, 0, 0, 0, 0, 0, 1, 1, 1, 1, 0, 1, 1, 1, 0, 0, 1, 1, 1, 0, 1, 0, 0, 0]",-0.4708075599654826,0.008643632590440816,right
Greenhouse gas emissions per capita,"[93, 111, 106, 105, 114, 99, 98, 84, 106, 85, 92, 107, 79, 107, 97, 110, 100, 85, 95, 93, 105, 96, 101, 117, 96, 100, 97, 89, 99, 89]","[1, 0, 0, 1, 0, 1, 0, 0, 0, 0, 1, 0, 1, 0, 1, 1, 0, 1, 1, 1, 0, 0, 1, 0, 0, 0, 1, 1, 0, 1]",-0.40324488006891973,0.027133486352370114,left
Greenhouse gas emissions per capita,"[93, 111, 106, 105, 114, 99, 98, 84, 106, 85, 92, 107, 79, 107, 97, 110, 100, 85, 95, 93, 105, 96, 101, 117, 96, 100, 97, 89, 99, 89]","[1, 0, 0, 1, 0, 1, 0, 0, 0, 0, 1, 0, 1, 0, 1, 1, 0, 1, 1, 1, 0, 0, 1, 0, 0, 0, 1, 1, 0, 1]",-0.40324488006891973,0.027133486352370114,right
Public service delivery inefficiency,"[87, 108, 91, 97, 98, 91, 107, 83, 92, 97, 121, 104, 118, 108, 105, 116, 91, 107, 108, 110, 110, 82, 97, 92, 88, 92, 94, 98, 122, 97]","[1, 0, 1, 1, 0, 0, 0, 1, 0, 0, 0, 0, 0, 0, 0, 1, 1, 0, 0, 1, 0, 1, 0, 0, 1, 1, 1, 0, 0, 0]",-0.4695245440788409,0.008852302732441215,left
Public service delivery inefficiency,"[87, 108, 91, 97, 98, 91, 107, 83, 92, 97, 121, 104, 118, 108, 105, 116, 91, 107, 108, 110, 110, 82, 97, 92, 88, 92, 94, 98, 122, 97]","[1, 0, 1, 1, 0, 0, 0, 1, 0, 0, 0, 0, 0, 0, 0, 1, 1, 0, 0, 1, 0, 1, 0, 0, 1, 1, 1, 0, 0, 0]",-0.4695245440788409,0.008852302732441215,right
Social isolation prevalence,"[111, 101, 95, 92, 99, 116, 88, 102, 106, 113, 112, 91, 116, 95, 103, 80, 107, 118, 92, 107, 88, 92, 78, 89, 104, 112, 91, 98, 108, 88]","[0, 0, 1, 1, 0, 0, 1, 0, 0, 1, 0, 1, 0, 1, 1, 0, 0, 1, 1, 1, 0, 1, 1, 1, 1, 0, 1, 0, 0, 1]",-0.3702524858860148,0.04400916746241328,left
Social isolation prevalence,"[111, 101, 95, 92, 99, 116, 88, 102, 106, 113, 112, 91, 116, 95, 103, 80, 107, 118, 92, 107, 88, 92, 78, 89, 104, 112, 91, 98, 108, 88]","[0, 0, 1, 1, 0, 0, 1, 0, 0, 1, 0, 1, 0, 1, 1, 0, 0, 1, 1, 1, 0, 1, 1, 1, 1, 0, 1, 0, 0, 1]",-0.3702524858860148,0.04400916746241328,right
Greenhouse gas emissions per capita,"[95, 99, 108, 97, 97, 99, 84, 116, 97, 112, 100, 100, 86, 99, 106, 109, 92, 104, 92, 110, 80, 114, 103, 96, 93, 92, 105, 114, 83, 117]","[0, 0, 0, 1, 0, 1, 1, 0, 0, 0, 1, 1, 1, 0, 0, 0, 1, 1, 0, 0, 0, 0, 1, 1, 1, 0, 0, 0, 1, 0]",-0.43586128840607014,0.016055499167824276,left
Greenhouse gas emissions per capita,"[95, 99, 108, 97, 97, 99, 84, 116, 97, 112, 100, 100, 86, 99, 106, 109, 92, 104, 92, 110, 80, 114, 103, 96, 93, 92, 105, 114, 83, 117]","[0, 0, 0, 1, 0, 1, 1, 0, 0, 0, 1, 1, 1, 0, 0, 0, 1, 1, 0, 0, 0, 0, 1, 1, 1, 0, 0, 0, 1, 0]",-0.43586128840607014,0.016055499167824276,right
Access gap to eldercare services,"[86, 87, 101, 115, 110, 104, 106, 94, 85, 103, 106, 94, 107, 105, 103, 101, 112, 105, 86, 81, 103, 93, 122, 116, 99, 104, 106, 97, 100, 107]","[1, 1, 0, 0, 0, 0, 1, 0, 1, 0, 0, 0, 1, 0, 0, 1, 1, 1, 1, 1, 1, 1, 0, 0, 1, 1, 0, 0, 0, 0]",-0.43732658782401523,0.015663218831937994,left
Access gap to eldercare services,"[86, 87, 101, 115, 110, 104, 106, 94, 85, 103, 106, 94, 107, 105, 103, 101, 112, 105, 86, 81, 103, 93, 122, 116, 99, 104, 106, 97, 100, 107]","[1, 1, 0, 0, 0, 0, 1, 0, 1, 0, 0, 0, 1, 0, 0, 1, 1, 1, 1, 1, 1, 1, 0, 0, 1, 1, 0, 0, 0, 0]",-0.43732658782401523,0.015663218831937994,right
Energy poverty rate,"[98, 101, 116, 109, 86, 121, 105, 104, 117, 111, 86, 108, 87, 91, 102, 113, 98, 83, 116, 98, 95, 101, 109, 116, 90, 130, 103, 93, 120, 113]","[1, 1, 0, 0, 1, 1, 0, 1, 1, 1, 1, 1, 1, 1, 1, 0, 1, 0, 0, 1, 1, 0, 1, 0, 1, 0, 0, 1, 0, 1]",-0.3986723829430879,0.029093709519092507,left
Energy poverty rate,"[98, 101, 116, 109, 86, 121, 105, 104, 117, 111, 86, 108, 87, 91, 102, 113, 98, 83, 116, 98, 95, 101, 109, 116, 90, 130, 103, 93, 120, 113]","[1, 1, 0, 0, 1, 1, 0, 1, 1, 1, 1, 1, 1, 1, 1, 0, 1, 0, 0, 1, 1, 0, 1, 0, 1, 0, 0, 1, 0, 1]",-0.3986723829430879,0.029093709519092507,right
Homelessness rate,"[104, 106, 85, 110, 93, 92, 106, 88, 87, 103, 84, 111, 100, 106, 105, 102, 122, 110, 86, 113, 65, 120, 90, 112, 84, 87, 100, 113, 98, 99]","[0, 0, 1, 0, 0, 1, 0, 1, 1, 1, 1, 0, 0, 0, 0, 1, 1, 0, 1, 0, 1, 1, 0, 0, 1, 1, 1, 1, 1, 1]",-0.399160167527732,0.028879263589442143,left
Homelessness rate,"[104, 106, 85, 110, 93, 92, 106, 88, 87, 103, 84, 111, 100, 106, 105, 102, 122, 110, 86, 113, 65, 120, 90, 112, 84, 87, 100, 113, 98, 99]","[0, 0, 1, 0, 0, 1, 0, 1, 1, 1, 1, 0, 0, 0, 0, 1, 1, 0, 1, 0, 1, 1, 0, 0, 1, 1, 1, 1, 1, 1]",-0.399160167527732,0.028879263589442143,right
Community cohesion deficit,"[111, 105, 109, 93, 85, 109, 95, 95, 115, 113, 115, 92, 99, 97, 119, 105, 98, 108, 109, 110, 92, 86, 102, 110, 88, 115, 109, 97, 94, 93]","[0, 1, 0, 1, 1, 0, 1, 0, 0, 1, 0, 0, 0, 1, 1, 1, 0, 1, 0, 1, 1, 1, 0, 0, 1, 0, 0, 1, 1, 1]",-0.39526972571422625,0.030625909317788903,left
Community cohesion deficit,"[111, 105, 109, 93, 85, 109, 95, 95, 115, 113, 115, 92, 99, 97, 119, 105, 98, 108, 109, 110, 92, 86, 102, 110, 88, 115, 109, 97, 94, 93]","[0, 1, 0, 1, 1, 0, 1, 0, 0, 1, 0, 0, 0, 1, 1, 1, 0, 1, 0, 1, 1, 1, 0, 0, 1, 0, 0, 1, 1, 1]",-0.39526972571422625,0.030625909317788903,right
Digital divide (internet access gap),"[102, 101, 95, 103, 121, 94, 104, 93, 108, 88, 122, 108, 95, 122, 100, 84, 103, 82, 78, 107, 116, 98, 97, 108, 117, 102, 96, 93, 102, 102]","[1, 0, 1, 1, 0, 1, 0, 1, 1, 1, 1, 0, 1, 0, 1, 1, 0, 1, 0, 0, 0, 0, 1, 0, 0, 0, 0, 1, 1, 0]",-0.3797848584295021,0.03844663976667828,left
Digital divide (internet access gap),"[102, 101, 95, 103, 121, 94, 104, 93, 108, 88, 122, 108, 95, 122, 100, 84, 103, 82, 78, 107, 116, 98, 97, 108, 117, 102, 96, 93, 102, 102]","[1, 0, 1, 1, 0, 1, 0, 1, 1, 1, 1, 0, 1, 0, 1, 1, 0, 1, 0, 0, 0, 0, 1, 0, 0, 0, 0, 1, 1, 0]",-0.3797848584295021,0.03844663976667828,right
Mental health disorder prevalence,"[108, 123, 96, 108, 101, 117, 112, 92, 97, 109, 97, 99, 92, 110, 89, 112, 115, 108, 96, 99, 81, 111, 104, 97, 112, 107, 88, 98, 101, 95]","[0, 0, 1, 0, 1, 0, 0, 1, 1, 0, 1, 0, 0, 1, 0, 1, 0, 1, 1, 1, 1, 0, 0, 0, 0, 0, 0, 1, 1, 1]",-0.36311719064406756,0.04857875620526132,left
Mental health disorder prevalence,"[108, 123, 96, 108, 101, 117, 112, 92, 97, 109, 97, 99, 92, 110, 89, 112, 115, 108, 96, 99, 81, 111, 104, 97, 112, 107, 88, 98, 101, 95]","[0, 0, 1, 0, 1, 0, 0, 1, 1, 0, 1, 0, 0, 1, 0, 1, 0, 1, 1, 1, 1, 0, 0, 0, 0, 0, 0, 1, 1, 1]",-0.36311719064406756,0.04857875620526132,right
Class size overcrowding rate,"[98, 77, 99, 102, 101, 99, 109, 110, 97, 97, 91, 100, 102, 103, 97, 110, 95, 83, 89, 92, 94, 93, 94, 99, 96, 118, 105, 83, 95, 103]","[1, 1, 1, 0, 0, 0, 1, 0, 0, 0, 1, 0, 1, 1, 1, 0, 1, 1, 1, 1, 1, 1, 0, 0, 1, 0, 1, 1, 1, 1]",-0.43318877619429547,0.016791978678041948,left
Class size overcrowding rate,"[98, 77, 99, 102, 101, 99, 109, 110, 97, 97, 91, 100, 102, 103, 97, 110, 95, 83, 89, 92, 94, 93, 94, 99, 96, 118, 105, 83, 95, 103]","[1, 1, 1, 0, 0, 0, 1, 0, 0, 0, 1, 0, 1, 1, 1, 0, 1, 1, 1, 1, 1, 1, 0, 0, 1, 0, 1, 1, 1, 1]",-0.43318877619429547,0.016791978678041948,right
Job insecurity prevalence,"[98, 78, 115, 83, 105, 90, 105, 109, 104, 104, 113, 98, 114, 91, 104, 100, 108, 99, 106, 104, 86, 93, 110, 81, 109, 94, 99, 99, 97, 95]","[1, 1, 0, 1, 0, 0, 1, 0, 0, 0, 1, 1, 0, 1, 1, 1, 0, 1, 0, 1, 1, 0, 0, 1, 1, 1, 0, 0, 0, 0]",-0.3686389646258678,0.045011232275028276,left
Job insecurity prevalence,"[98, 78, 115, 83, 105, 90, 105, 109, 104, 104, 113, 98, 114, 91, 104, 100, 108, 99, 106, 104, 86, 93, 110, 81, 109, 94, 99, 99, 97, 95]","[1, 1, 0, 1, 0, 0, 1, 0, 0, 0, 1, 1, 0, 1, 1, 1, 0, 1, 0, 1, 1, 0, 0, 1, 1, 1, 0, 0, 0, 0]",-0.3686389646258678,0.045011232275028276,right
Uninsured population rate,"[107, 104, 94, 100, 102, 101, 92, 103, 104, 89, 104, 80, 123, 109, 113, 93, 95, 102, 126, 110, 110, 107, 90, 104, 102, 85, 89, 86, 96, 104]","[0, 1, 0, 1, 0, 1, 1, 1, 1, 1, 0, 1, 0, 1, 0, 1, 1, 0, 0, 1, 0, 1, 1, 0, 0, 0, 1, 1, 1, 1]",-0.41181740798723493,0.023748835565837755,left
Uninsured population rate,"[107, 104, 94, 100, 102, 101, 92, 103, 104, 89, 104, 80, 123, 109, 113, 93, 95, 102, 126, 110, 110, 107, 90, 104, 102, 85, 89, 86, 96, 104]","[0, 1, 0, 1, 0, 1, 1, 1, 1, 1, 0, 1, 0, 1, 0, 1, 1, 0, 0, 1, 0, 1, 1, 0, 0, 0, 1, 1, 1, 1]",-0.41181740798723493,0.023748835565837755,right
Political polarization index,"[89, 112, 106, 94, 96, 97, 84, 103, 83, 107, 101, 106, 94, 100, 92, 98, 103, 107, 97, 75, 96, 98, 97, 91, 109, 88, 82, 105, 89, 106]","[0, 0, 1, 0, 0, 1, 1, 1, 1, 0, 1, 0, 0, 0, 1, 0, 0, 0, 0, 1, 0, 1, 1, 0, 0, 1, 1, 0, 1, 0]",-0.4863784021840384,0.006424454244701376,left
Political polarization index,"[89, 112, 106, 94, 96, 97, 84, 103, 83, 107, 101, 106, 94, 100, 92, 98, 103, 107, 97, 75, 96, 98, 97, 91, 109, 88, 82, 105, 89, 106]","[0, 0, 1, 0, 0, 1, 1, 1, 1, 0, 1, 0, 0, 0, 1, 0, 0, 0, 0, 1, 0, 1, 1, 0, 0, 1, 1, 0, 1, 0]",-0.4863784021840384,0.006424454244701376,right
Air pollution (PM2.5 concentration),"[101, 103, 104, 96, 106, 98, 100, 104, 86, 102, 96, 99, 94, 98, 107, 108, 113, 101, 103, 91, 105, 100, 96, 121, 105, 92, 84, 87, 102, 105]","[0, 1, 0, 1, 1, 1, 1, 1, 0, 0, 1, 0, 1, 1, 0, 0, 0, 0, 0, 1, 1, 0, 0, 0, 0, 0, 1, 1, 0, 0]",-0.36125407018804645,0.04983185657881546,left
Air pollution (PM2.5 concentration),"[101, 103, 104, 96, 106, 98, 100, 104, 86, 102, 96, 99, 94, 98, 107, 108, 113, 101, 103, 91, 105, 100, 96, 121, 105, 92, 84, 87, 102, 105]","[0, 1, 0, 1, 1, 1, 1, 1, 0, 0, 1, 0, 1, 1, 0, 0, 0, 0, 0, 1, 1, 0, 0, 0, 0, 0, 1, 1, 0, 0]",-0.36125407018804645,0.04983185657881546,right
Substance abuse prevalence,"[114, 102, 101, 94, 97, 102, 113, 106, 113, 96, 92, 122, 102, 99, 82, 101, 85, 98, 108, 115, 86, 107, 94, 87, 127, 99, 86, 107, 91, 108]","[1, 1, 1, 1, 1, 1, 0, 0, 0, 0, 1, 0, 1, 0, 1, 0, 1, 1, 1, 1, 0, 1, 1, 1, 0, 1, 1, 0, 1, 0]",-0.41569019531946666,0.02233760056577647,left
Substance abuse prevalence,"[114, 102, 101, 94, 97, 102, 113, 106, 113, 96, 92, 122, 102, 99, 82, 101, 85, 98, 108, 115, 86, 107, 94, 87, 127, 99, 86, 107, 91, 108]","[1, 1, 1, 1, 1, 1, 0, 0, 0, 0, 1, 0, 1, 0, 1, 0, 1, 1, 1, 1, 0, 1, 1, 1, 0, 1, 1, 0, 1, 0]",-0.41569019531946666,0.02233760056577647,right
Unemployment rate,"[91, 100, 108, 103, 103, 110, 89, 91, 103, 100, 121, 101, 102, 124, 111, 90, 91, 102, 89, 99, 104, 83, 109, 108, 94, 102, 105, 99, 109, 97]","[1, 1, 1, 1, 0, 1, 1, 1, 0, 0, 0, 0, 0, 0, 1, 1, 0, 1, 1, 1, 0, 1, 0, 0, 1, 0, 1, 0, 0, 1]",-0.42802345536604597,0.018294898195283474,left
Unemployment rate,"[91, 100, 108, 103, 103, 110, 89, 91, 103, 100, 121, 101, 102, 124, 111, 90, 91, 102, 89, 99, 104, 83, 109, 108, 94, 102, 105, 99, 109, 97]","[1, 1, 1, 1, 0, 1, 1, 1, 0, 0, 0, 0, 0, 0, 1, 1, 0, 1, 1, 1, 0, 1, 0, 0, 1, 0, 1, 0, 0, 1]",-0.42802345536604597,0.018294898195283474,right
Eviction rate,"[109, 101, 87, 99, 111, 100, 113, 98, 112, 92, 97, 76, 88, 115, 108, 105, 102, 117, 117, 106, 91, 94, 100, 110, 93, 108, 83, 103, 114, 94]","[1, 1, 0, 1, 0, 1, 0, 1, 0, 1, 1, 0, 1, 0, 0, 1, 1, 0, 0, 0, 1, 1, 1, 1, 1, 0, 1, 0, 1, 1]",-0.3668493961782599,0.0461438037677709,left
Eviction rate,"[109, 101, 87, 99, 111, 100, 113, 98, 112, 92, 97, 76, 88, 115, 108, 105, 102, 117, 117, 106, 91, 94, 100, 110, 93, 108, 83, 103, 114, 94]","[1, 1, 0, 1, 0, 1, 0, 1, 0, 1, 1, 0, 1, 0, 0, 1, 1, 0, 0, 0, 1, 1, 1, 1, 1, 0, 1, 0, 1, 1]",-0.3668493961782599,0.0461438037677709,right
Racial income gap,"[94, 105, 111, 98, 113, 120, 99, 106, 109, 105, 111, 105, 108, 87, 91, 87, 111, 110, 95, 100, 101, 89, 101, 100, 95, 91, 114, 99, 97, 98]","[1, 0, 1, 0, 0, 0, 1, 1, 0, 0, 0, 0, 0, 1, 0, 1, 1, 1, 1, 1, 0, 1, 0, 1, 0, 1, 0, 0, 1, 0]",-0.36751607016793897,0.04571926245755807,left
Racial income gap,"[94, 105, 111, 98, 113, 120, 99, 106, 109, 105, 111, 105, 108, 87, 91, 87, 111, 110, 95, 100, 101, 89, 101, 100, 95, 91, 114, 99, 97, 98]","[1, 0, 1, 0, 0, 0, 1, 1, 0, 0, 0, 0, 0, 1, 0, 1, 1, 1, 1, 1, 0, 1, 0, 1, 0, 1, 0, 0, 1, 0]",-0.36751607016793897,0.04571926245755807,right
Gender pay gap,"[101, 81, 122, 80, 112, 127, 101, 86, 107, 99, 105, 99, 106, 89, 117, 111, 105, 117, 115, 113, 100, 90, 110, 90, 100, 95, 113, 106, 97, 97]","[0, 1, 0, 1, 0, 0, 0, 1, 0, 1, 1, 1, 1, 1, 1, 0, 1, 0, 0, 0, 1, 1, 0, 1, 0, 0, 0, 0, 0, 0]",-0.5426276909453657,0.0019480813419719396,left
Gender pay gap,"[101, 81, 122, 80, 112, 127, 101, 86, 107, 99, 105, 99, 106, 89, 117, 111, 105, 117, 115, 113, 100, 90, 110, 90, 100, 95, 113, 106, 97, 97]","[0, 1, 0, 1, 0, 0, 0, 1, 0, 1, 1, 1, 1, 1, 1, 0, 1, 0, 0, 0, 1, 1, 0, 1, 0, 0, 0, 0, 0, 0]",-0.5426276909453657,0.0019480813419719396,right
Urban congestion level,"[93, 109, 103, 103, 110, 105, 89, 101, 88, 114, 98, 90, 86, 102, 107, 116, 108, 89, 100, 109, 103, 101, 84, 121, 106, 113, 111, 113, 96, 102]","[1, 0, 0, 0, 1, 1, 0, 1, 1, 0, 1, 1, 1, 0, 0, 0, 0, 1, 0, 1, 0, 1, 1, 0, 0, 1, 1, 1, 1, 1]",-0.3613596510868349,0.049760167113976204,left
Urban congestion level,"[93, 109, 103, 103, 110, 105, 89, 101, 88, 114, 98, 90, 86, 102, 107, 116, 108, 89, 100, 109, 103, 101, 84, 121, 106, 113, 111, 113, 96, 102]","[1, 0, 0, 0, 1, 1, 0, 1, 1, 0, 1, 1, 1, 0, 0, 0, 0, 1, 0, 1, 0, 1, 1, 0, 0, 1, 1, 1, 1, 1]",-0.3613596510868349,0.049760167113976204,right
Recidivism rate,"[114, 91, 106, 111, 93, 105, 101, 111, 104, 99, 88, 89, 95, 95, 102, 104, 107, 103, 96, 88, 108, 98, 99, 81, 85, 111, 92, 115, 66, 109]","[0, 0, 1, 0, 1, 0, 1, 0, 1, 1, 0, 0, 0, 1, 1, 0, 0, 0, 1, 1, 0, 1, 0, 1, 1, 0, 0, 0, 1, 1]",-0.380153671029449,0.03824334674820192,left
Recidivism rate,"[114, 91, 106, 111, 93, 105, 101, 111, 104, 99, 88, 89, 95, 95, 102, 104, 107, 103, 96, 88, 108, 98, 99, 81, 85, 111, 92, 115, 66, 109]","[0, 0, 1, 0, 1, 0, 1, 0, 1, 1, 0, 0, 0, 1, 1, 0, 0, 0, 1, 1, 0, 1, 0, 1, 1, 0, 0, 0, 1, 1]",-0.380153671029449,0.03824334674820192,right
Educational attainment gap,"[106, 97, 87, 92, 106, 100, 91, 96, 112, 106, 93, 108, 104, 75, 101, 97, 99, 96, 132, 88, 88, 112, 98, 100, 98, 109, 84, 95, 114, 100]","[0, 0, 1, 0, 1, 0, 0, 1, 1, 0, 1, 0, 0, 1, 0, 1, 0, 1, 0, 1, 1, 0, 0, 1, 1, 0, 1, 0, 0, 1]",-0.4562101920170154,0.011280448382743584,left
Educational attainment gap,"[106, 97, 87, 92, 106, 100, 91, 96, 112, 106, 93, 108, 104, 75, 101, 97, 99, 96, 132, 88, 88, 112, 98, 100, 98, 109, 84, 95, 114, 100]","[0, 0, 1, 0, 1, 0, 0, 1, 1, 0, 1, 0, 0, 1, 0, 1, 0, 1, 0, 1, 1, 0, 0, 1, 1, 0, 1, 0, 0, 1]",-0.4562101920170154,0.011280448382743584,right
Public service delivery inefficiency,"[102, 102, 97, 87, 92, 91, 110, 103, 107, 84, 72, 102, 87, 89, 116, 97, 96, 103, 92, 103, 113, 99, 107, 105, 82, 112, 96, 88, 93, 95]","[1, 0, 1, 1, 1, 1, 0, 0, 0, 1, 1, 1, 0, 0, 0, 1, 1, 1, 1, 1, 0, 0, 1, 0, 1, 0, 0, 1, 0, 0]",-0.42869790714807665,0.018092561773296597,left
Public service delivery inefficiency,"[102, 102, 97, 87, 92, 91, 110, 103, 107, 84, 72, 102, 87, 89, 116, 97, 96, 103, 92, 103, 113, 99, 107, 105, 82, 112, 96, 88, 93, 95]","[1, 0, 1, 1, 1, 1, 0, 0, 0, 1, 1, 1, 0, 0, 0, 1, 1, 1, 1, 1, 0, 0, 1, 0, 1, 0, 0, 1, 0, 0]",-0.42869790714807665,0.018092561773296597,right
Access gap to eldercare services,"[99, 103, 99, 102, 127, 82, 102, 102, 100, 83, 109, 93, 91, 110, 79, 103, 93, 107, 107, 108, 88, 100, 110, 117, 93, 105, 116, 101, 99, 94]","[0, 1, 0, 0, 0, 1, 0, 1, 1, 1, 0, 0, 1, 0, 1, 0, 0, 1, 1, 0, 1, 0, 1, 0, 1, 1, 0, 0, 0, 1]",-0.42724595698919765,0.018530467305245803,left
Access gap to eldercare services,"[99, 103, 99, 102, 127, 82, 102, 102, 100, 83, 109, 93, 91, 110, 79, 103, 93, 107, 107, 108, 88, 100, 110, 117, 93, 105, 116, 101, 99, 94]","[0, 1, 0, 0, 0, 1, 0, 1, 1, 1, 0, 0, 1, 0, 1, 0, 0, 1, 1, 0, 1, 0, 1, 0, 1, 1, 0, 0, 0, 1]",-0.42724595698919765,0.018530467305245803,right
Community cohesion deficit,"[100, 97, 100, 91, 86, 107, 109, 95, 116, 118, 104, 101, 98, 91, 74, 97, 97, 115, 98, 81, 107, 100, 92, 114, 102, 105, 89, 115, 115, 98]","[0, 1, 0, 0, 1, 0, 0, 0, 0, 0, 0, 1, 0, 0, 1, 1, 1, 0, 0, 0, 1, 1, 0, 0, 1, 0, 1, 0, 0, 0]",-0.3632323516879261,0.0485021293002047,left
Community cohesion deficit,"[100, 97, 100, 91, 86, 107, 109, 95, 116, 118, 104, 101, 98, 91, 74, 97, 97, 115, 98, 81, 107, 100, 92, 114, 102, 105, 89, 115, 115, 98]","[0, 1, 0, 0, 1, 0, 0, 0, 0, 0, 0, 1, 0, 0, 1, 1, 1, 0, 0, 0, 1, 1, 0, 0, 1, 0, 1, 0, 0, 0]",-0.3632323516879261,0.0485021293002047,right
Migration-related exploitation rate,"[89, 110, 86, 98, 93, 101, 93, 102, 113, 96, 98, 95, 97, 89, 102, 90, 98, 107, 97, 111, 98, 84, 87, 113, 103, 111, 90, 95, 101, 98]","[1, 1, 1, 0, 0, 1, 1, 0, 0, 0, 0, 1, 1, 1, 0, 0, 0, 0, 1, 0, 1, 1, 1, 0, 0, 0, 1, 0, 1, 0]",-0.4798228641374446,0.007291242426457923,left
Migration-related exploitation rate,"[89, 110, 86, 98, 93, 101, 93, 102, 113, 96, 98, 95, 97, 89, 102, 90, 98, 107, 97, 111, 98, 84, 87, 113, 103, 111, 90, 95, 101, 98]","[1, 1, 1, 0, 0, 1, 1, 0, 0, 0, 0, 1, 1, 1, 0, 0, 0, 0, 1, 0, 1, 1, 1, 0, 0, 0, 1, 0, 1, 0]",-0.4798228641374446,0.007291242426457923,right
Hate speech prevalence,"[111, 89, 88, 100, 100, 89, 103, 84, 107, 105, 119, 104, 110, 110, 98, 107, 93, 94, 87, 118, 98, 99, 127, 117, 98, 92, 118, 100, 106, 109]","[1, 1, 0, 0, 1, 0, 1, 1, 1, 0, 0, 1, 0, 0, 1, 0, 0, 1, 1, 0, 1, 1, 0, 0, 1, 0, 0, 1, 1, 0]",-0.38982918292002977,0.03321126447430854,left
Hate speech prevalence,"[111, 89, 88, 100, 100, 89, 103, 84, 107, 105, 119, 104, 110, 110, 98, 107, 93, 94, 87, 118, 98, 99, 127, 117, 98, 92, 118, 100, 106, 109]","[1, 1, 0, 0, 1, 0, 1, 1, 1, 0, 0, 1, 0, 0, 1, 0, 0, 1, 1, 0, 1, 1, 0, 0, 1, 0, 0, 1, 1, 0]",-0.38982918292002977,0.03321126447430854,right
Exposure to environmental hazards,"[105, 104, 109, 88, 93, 103, 99, 98, 106, 104, 94, 95, 106, 95, 118, 91, 95, 94, 114, 98, 93, 102, 82, 85, 91, 113, 105, 101, 111, 100]","[1, 0, 1, 1, 1, 0, 1, 1, 0, 1, 0, 0, 0, 0, 0, 1, 1, 0, 0, 1, 0, 1, 1, 1, 1, 0, 0, 1, 0, 0]",-0.43153517269121644,0.017261544234588866,left
Exposure to environmental hazards,"[105, 104, 109, 88, 93, 103, 99, 98, 106, 104, 94, 95, 106, 95, 118, 91, 95, 94, 114, 98, 93, 102, 82, 85, 91, 113, 105, 101, 111, 100]","[1, 0, 1, 1, 1, 0, 1, 1, 0, 1, 0, 0, 0, 0, 0, 1, 1, 0, 0, 1, 0, 1, 1, 1, 1, 0, 0, 1, 0, 0]",-0.43153517269121644,0.017261544234588866,right
Water pollution level,"[109, 104, 82, 109, 85, 101, 97, 114, 93, 104, 95, 106, 91, 107, 107, 89, 96, 101, 115, 103, 96, 95, 91, 113, 95, 95, 91, 103, 107, 92]","[0, 1, 1, 1, 0, 0, 0, 0, 0, 0, 1, 0, 1, 0, 0, 1, 1, 1, 0, 1, 1, 0, 1, 0, 1, 1, 0, 1, 0, 1]",-0.4018614331447462,0.027714853513594442,left
Water pollution level,"[109, 104, 82, 109, 85, 101, 97, 114, 93, 104, 95, 106, 91, 107, 107, 89, 96, 101, 115, 103, 96, 95, 91, 113, 95, 95, 91, 103, 107, 92]","[0, 1, 1, 1, 0, 0, 0, 0, 0, 0, 1, 0, 1, 0, 0, 1, 1, 1, 0, 1, 1, 0, 1, 0, 1, 1, 0, 1, 0, 1]",-0.4018614331447462,0.027714853513594442,right
Uninsured population rate,"[110, 85, 95, 117, 79, 92, 95, 117, 98, 97, 94, 69, 95, 101, 88, 92, 113, 110, 102, 93, 118, 116, 73, 93, 102, 94, 92, 87, 89, 93]","[0, 1, 0, 0, 1, 0, 1, 0, 0, 1, 1, 1, 1, 1, 1, 1, 0, 0, 0, 0, 0, 1, 0, 1, 0, 1, 1, 0, 0, 1]",-0.36258631098800376,0.04893324065869688,left
Uninsured population rate,"[110, 85, 95, 117, 79, 92, 95, 117, 98, 97, 94, 69, 95, 101, 88, 92, 113, 110, 102, 93, 118, 116, 73, 93, 102, 94, 92, 87, 89, 93]","[0, 1, 0, 0, 1, 0, 1, 0, 0, 1, 1, 1, 1, 1, 1, 1, 0, 0, 0, 0, 0, 1, 0, 1, 0, 1, 1, 0, 0, 1]",-0.36258631098800376,0.04893324065869688,right
Racial income gap,"[99, 90, 99, 94, 108, 94, 95, 101, 87, 93, 106, 100, 87, 96, 94, 88, 105, 99, 117, 104, 122, 91, 116, 86, 91, 99, 105, 82, 87, 90]","[1, 1, 1, 1, 1, 1, 0, 0, 0, 1, 0, 1, 1, 0, 1, 1, 0, 0, 0, 0, 0, 1, 0, 1, 1, 0, 0, 1, 1, 0]",-0.5379908149809134,0.0021663305805181303,left
Racial income gap,"[99, 90, 99, 94, 108, 94, 95, 101, 87, 93, 106, 100, 87, 96, 94, 88, 105, 99, 117, 104, 122, 91, 116, 86, 91, 99, 105, 82, 87, 90]","[1, 1, 1, 1, 1, 1, 0, 0, 0, 1, 0, 1, 1, 0, 1, 1, 0, 0, 0, 0, 0, 1, 0, 1, 1, 0, 0, 1, 1, 0]",-0.5379908149809134,0.0021663305805181303,right
Access gap to eldercare services,"[122, 95, 118, 102, 99, 113, 102, 103, 105, 82, 98, 102, 104, 109, 91, 89, 111, 81, 92, 88, 115, 97, 93, 100, 101, 97, 106, 104, 105, 103]","[0, 1, 0, 1, 0, 0, 1, 1, 0, 1, 0, 1, 0, 1, 1, 1, 1, 1, 1, 1, 0, 1, 0, 1, 1, 1, 1, 0, 0, 0]",-0.4872791154567699,0.006312501568971991,left
Access gap to eldercare services,"[122, 95, 118, 102, 99, 113, 102, 103, 105, 82, 98, 102, 104, 109, 91, 89, 111, 81, 92, 88, 115, 97, 93, 100, 101, 97, 106, 104, 105, 103]","[0, 1, 0, 1, 0, 0, 1, 1, 0, 1, 0, 1, 0, 1, 1, 1, 1, 1, 1, 1, 0, 1, 0, 1, 1, 1, 1, 0, 0, 0]",-0.4872791154567699,0.006312501568971991,right
Racial incarceration disparity,"[100, 97, 110, 115, 99, 83, 107, 94, 88, 118, 98, 96, 97, 87, 108, 112, 117, 104, 113, 87, 103, 94, 95, 88, 116, 99, 105, 114, 93, 97]","[1, 1, 0, 0, 0, 0, 0, 1, 1, 1, 1, 1, 0, 1, 0, 0, 0, 0, 0, 1, 1, 1, 1, 1, 0, 0, 0, 0, 0, 1]",-0.4987680732576345,0.005023717032485877,left
Racial incarceration disparity,"[100, 97, 110, 115, 99, 83, 107, 94, 88, 118, 98, 96, 97, 87, 108, 112, 117, 104, 113, 87, 103, 94, 95, 88, 116, 99, 105, 114, 93, 97]","[1, 1, 0, 0, 0, 0, 0, 1, 1, 1, 1, 1, 0, 1, 0, 0, 0, 0, 0, 1, 1, 1, 1, 1, 0, 0, 0, 0, 0, 1]",-0.4987680732576345,0.005023717032485877,right
Domestic violence incidence rate,"[96, 117, 107, 117, 98, 91, 92, 109, 103, 112, 104, 102, 109, 99, 110, 75, 106, 112, 100, 82, 93, 115, 82, 103, 88, 88, 116, 97, 98, 78]","[1, 0, 0, 0, 0, 0, 1, 1, 1, 0, 0, 1, 1, 1, 0, 1, 0, 0, 0, 1, 1, 0, 1, 1, 1, 1, 0, 1, 1, 0]",-0.48266992076654025,0.006903343144373214,left
Domestic violence incidence rate,"[96, 117, 107, 117, 98, 91, 92, 109, 103, 112, 104, 102, 109, 99, 110, 75, 106, 112, 100, 82, 93, 115, 82, 103, 88, 88, 116, 97, 98, 78]","[1, 0, 0, 0, 0, 0, 1, 1, 1, 0, 0, 1, 1, 1, 0, 1, 0, 0, 0, 1, 1, 0, 1, 1, 1, 1, 0, 1, 1, 0]",-0.48266992076654025,0.006903343144373214,right
Waste generation per capita,"[104, 104, 104, 106, 125, 100, 109, 112, 95, 95, 108, 87, 95, 107, 84, 93, 108, 116, 86, 93, 109, 105, 111, 93, 104, 92, 96, 120, 108, 94]","[1, 1, 1, 1, 0, 0, 1, 1, 1, 1, 0, 1, 0, 1, 1, 0, 0, 0, 1, 1, 1, 0, 0, 1, 1, 1, 0, 0, 0, 1]",-0.4137933703719134,0.02301993733439224,left
Waste generation per capita,"[104, 104, 104, 106, 125, 100, 109, 112, 95, 95, 108, 87, 95, 107, 84, 93, 108, 116, 86, 93, 109, 105, 111, 93, 104, 92, 96, 120, 108, 94]","[1, 1, 1, 1, 0, 0, 1, 1, 1, 1, 0, 1, 0, 1, 1, 0, 0, 0, 1, 1, 1, 0, 0, 1, 1, 1, 0, 0, 0, 1]",-0.4137933703719134,0.02301993733439224,right
Gun-related death rate,"[94, 126, 100, 103, 98, 108, 96, 115, 94, 98, 99, 95, 95, 102, 105, 93, 124, 106, 109, 92, 110, 102, 109, 74, 97, 90, 89, 99, 100, 94]","[0, 0, 1, 0, 1, 0, 0, 0, 1, 1, 0, 1, 1, 0, 0, 1, 0, 0, 0, 1, 1, 0, 1, 1, 1, 1, 1, 0, 1, 0]",-0.4872429633839848,0.006316962867009052,left
Gun-related death rate,"[94, 126, 100, 103, 98, 108, 96, 115, 94, 98, 99, 95, 95, 102, 105, 93, 124, 106, 109, 92, 110, 102, 109, 74, 97, 90, 89, 99, 100, 94]","[0, 0, 1, 0, 1, 0, 0, 0, 1, 1, 0, 1, 1, 0, 0, 1, 0, 0, 0, 1, 1, 0, 1, 1, 1, 1, 1, 0, 1, 0]",-0.4872429633839848,0.006316962867009052,right
Pretrial detention rate,"[104, 96, 110, 117, 99, 81, 104, 103, 93, 84, 107, 98, 94, 101, 94, 87, 86, 88, 109, 91, 108, 101, 120, 89, 108, 108, 92, 103, 102, 106]","[1, 1, 0, 0, 0, 1, 0, 0, 0, 1, 0, 1, 1, 0, 0, 0, 1, 1, 0, 1, 0, 0, 0, 1, 0, 1, 1, 1, 1, 1]",-0.4859397307622052,0.006479586313355633,left
Pretrial detention rate,"[104, 96, 110, 117, 99, 81, 104, 103, 93, 84, 107, 98, 94, 101, 94, 87, 86, 88, 109, 91, 108, 101, 120, 89, 108, 108, 92, 103, 102, 106]","[1, 1, 0, 0, 0, 1, 0, 0, 0, 1, 0, 1, 1, 0, 0, 0, 1, 1, 0, 1, 0, 0, 0, 1, 0, 1, 1, 1, 1, 1]",-0.4859397307622052,0.006479586313355633,right
Elder poverty rate,"[107, 101, 104, 100, 97, 89, 104, 89, 92, 103, 99, 105, 84, 96, 85, 119, 84, 84, 90, 99, 83, 92, 95, 93, 90, 83, 115, 104, 95, 106]","[0, 0, 0, 1, 0, 0, 0, 1, 1, 1, 1, 0, 1, 0, 1, 0, 0, 1, 1, 1, 1, 1, 1, 1, 0, 1, 0, 0, 1, 0]",-0.5296648157521519,0.0026116460000831605,left
Elder poverty rate,"[107, 101, 104, 100, 97, 89, 104, 89, 92, 103, 99, 105, 84, 96, 85, 119, 84, 84, 90, 99, 83, 92, 95, 93, 90, 83, 115, 104, 95, 106]","[0, 0, 0, 1, 0, 0, 0, 1, 1, 1, 1, 0, 1, 0, 1, 0, 0, 1, 1, 1, 1, 1, 1, 1, 0, 1, 0, 0, 1, 0]",-0.5296648157521519,0.0026116460000831605,right
Public service delivery inefficiency,"[108, 100, 101, 102, 93, 106, 110, 111, 102, 112, 118, 89, 114, 95, 103, 102, 107, 104, 95, 105, 94, 105, 105, 91, 104, 104, 122, 100, 96, 100]","[1, 1, 1, 0, 1, 0, 1, 0, 1, 0, 0, 1, 0, 1, 1, 0, 0, 1, 0, 1, 1, 0, 0, 0, 0, 1, 0, 0, 1, 0]",-0.370871824143469,0.043629291862644484,left
Public service delivery inefficiency,"[108, 100, 101, 102, 93, 106, 110, 111, 102, 112, 118, 89, 114, 95, 103, 102, 107, 104, 95, 105, 94, 105, 105, 91, 104, 104, 122, 100, 96, 100]","[1, 1, 1, 0, 1, 0, 1, 0, 1, 0, 0, 1, 0, 1, 1, 0, 0, 1, 0, 1, 1, 0, 0, 0, 0, 1, 0, 0, 1, 0]",-0.370871824143469,0.043629291862644484,right
Police misconduct incident rate,"[126, 114, 106, 104, 84, 105, 97, 93, 105, 105, 103, 98, 111, 98, 82, 107, 107, 86, 111, 109, 107, 100, 110, 98, 90, 95, 104, 93, 105, 90]","[0, 1, 0, 0, 1, 1, 1, 1, 1, 1, 1, 0, 0, 1, 1, 0, 1, 1, 0, 1, 1, 0, 0, 1, 1, 0, 0, 1, 0, 1]",-0.43070608720153253,0.017501039490377845,left
Police misconduct incident rate,"[126, 114, 106, 104, 84, 105, 97, 93, 105, 105, 103, 98, 111, 98, 82, 107, 107, 86, 111, 109, 107, 100, 110, 98, 90, 95, 104, 93, 105, 90]","[0, 1, 0, 0, 1, 1, 1, 1, 1, 1, 1, 0, 0, 1, 1, 0, 1, 1, 0, 1, 1, 0, 0, 1, 1, 0, 0, 1, 0, 1]",-0.43070608720153253,0.017501039490377845,right
Maternal mortality rate,"[99, 107, 117, 93, 109, 85, 87, 83, 94, 120, 102, 89, 84, 94, 89, 93, 101, 95, 94, 92, 106, 80, 122, 101, 107, 82, 114, 102, 106, 99]","[1, 0, 1, 1, 0, 1, 1, 1, 0, 0, 1, 1, 1, 0, 0, 0, 1, 1, 1, 1, 0, 0, 0, 0, 0, 1, 0, 0, 1, 1]",-0.3784600316989469,0.03918406586187456,left
Maternal mortality rate,"[99, 107, 117, 93, 109, 85, 87, 83, 94, 120, 102, 89, 84, 94, 89, 93, 101, 95, 94, 92, 106, 80, 122, 101, 107, 82, 114, 102, 106, 99]","[1, 0, 1, 1, 0, 1, 1, 1, 0, 0, 1, 1, 1, 0, 0, 0, 1, 1, 1, 1, 0, 0, 0, 0, 0, 1, 0, 0, 1, 1]",-0.3784600316989469,0.03918406586187456,right
Traffic fatality rate,"[91, 100, 113, 95, 98, 96, 79, 95, 81, 86, 98, 100, 99, 103, 90, 110, 92, 90, 119, 104, 86, 97, 90, 114, 106, 82, 82, 114, 89, 106]","[1, 1, 0, 0, 0, 1, 1, 1, 1, 1, 1, 1, 1, 0, 1, 0, 1, 1, 0, 0, 1, 0, 1, 1, 1, 0, 1, 0, 0, 0]",-0.4404714195188912,0.014848149619109765,left
Traffic fatality rate,"[91, 100, 113, 95, 98, 96, 79, 95, 81, 86, 98, 100, 99, 103, 90, 110, 92, 90, 119, 104, 86, 97, 90, 114, 106, 82, 82, 114, 89, 106]","[1, 1, 0, 0, 0, 1, 1, 1, 1, 1, 1, 1, 1, 0, 1, 0, 1, 1, 0, 0, 1, 0, 1, 1, 1, 0, 1, 0, 0, 0]",-0.4404714195188912,0.014848149619109765,right
Racial income gap,"[112, 104, 90, 90, 110, 108, 119, 96, 94, 109, 108, 96, 83, 109, 115, 103, 117, 120, 104, 94, 105, 94, 101, 108, 99, 86, 96, 107, 119, 93]","[0, 0, 1, 1, 1, 0, 0, 0, 1, 0, 0, 1, 0, 0, 0, 0, 1, 0, 0, 1, 1, 1, 0, 0, 0, 1, 1, 0, 0, 0]",-0.42102893422137283,0.02050579413331414,left
Racial income gap,"[112, 104, 90, 90, 110, 108, 119, 96, 94, 109, 108, 96, 83, 109, 115, 103, 117, 120, 104, 94, 105, 94, 101, 108, 99, 86, 96, 107, 119, 93]","[0, 0, 1, 1, 1, 0, 0, 0, 1, 0, 0, 1, 0, 0, 0, 0, 1, 0, 0, 1, 1, 1, 0, 0, 0, 1, 1, 0, 0, 0]",-0.42102893422137283,0.02050579413331414,right
Student absenteeism rate,"[109, 106, 109, 112, 91, 79, 105, 100, 95, 96, 98, 93, 92, 82, 99, 87, 90, 106, 96, 94, 117, 97, 102, 127, 108, 107, 107, 111, 97, 87]","[0, 1, 1, 1, 1, 1, 0, 1, 1, 1, 0, 0, 1, 1, 1, 1, 0, 0, 1, 1, 0, 1, 0, 0, 0, 0, 0, 0, 1, 1]",-0.5221646203155617,0.0030783499067131223,left
Student absenteeism rate,"[109, 106, 109, 112, 91, 79, 105, 100, 95, 96, 98, 93, 92, 82, 99, 87, 90, 106, 96, 94, 117, 97, 102, 127, 108, 107, 107, 111, 97, 87]","[0, 1, 1, 1, 1, 1, 0, 1, 1, 1, 0, 0, 1, 1, 1, 1, 0, 0, 1, 1, 0, 1, 0, 0, 0, 0, 0, 0, 1, 1]",-0.5221646203155617,0.0030783499067131223,right
Access gap to early childhood education,"[98, 91, 82, 100, 109, 112, 87, 110, 96, 97, 116, 112, 95, 88, 96, 107, 100, 112, 89, 85, 92, 97, 101, 97, 111, 102, 105, 109, 108, 96]","[0, 1, 1, 0, 0, 0, 1, 1, 1, 1, 0, 0, 1, 0, 0, 0, 1, 0, 0, 1, 0, 1, 1, 0, 0, 0, 1, 1, 0, 1]",-0.36258052366424437,0.048937116303693726,left
Access gap to early childhood education,"[98, 91, 82, 100, 109, 112, 87, 110, 96, 97, 116, 112, 95, 88, 96, 107, 100, 112, 89, 85, 92, 97, 101, 97, 111, 102, 105, 109, 108, 96]","[0, 1, 1, 0, 0, 0, 1, 1, 1, 1, 0, 0, 1, 0, 0, 0, 1, 0, 0, 1, 0, 1, 1, 0, 0, 0, 1, 1, 0, 1]",-0.36258052366424437,0.048937116303693726,right
Community cohesion deficit,"[99, 113, 95, 103, 101, 104, 85, 105, 101, 104, 104, 115, 97, 109, 87, 92, 88, 97, 107, 108, 94, 96, 89, 112, 89, 108, 94, 102, 96, 105]","[0, 0, 1, 0, 0, 0, 1, 0, 0, 0, 1, 0, 0, 0, 1, 1, 1, 1, 0, 0, 1, 0, 1, 1, 0, 1, 1, 0, 0, 0]",-0.46670144299864486,0.009326458963088355,left
Community cohesion deficit,"[99, 113, 95, 103, 101, 104, 85, 105, 101, 104, 104, 115, 97, 109, 87, 92, 88, 97, 107, 108, 94, 96, 89, 112, 89, 108, 94, 102, 96, 105]","[0, 0, 1, 0, 0, 0, 1, 0, 0, 0, 1, 0, 0, 0, 1, 1, 1, 1, 0, 0, 1, 0, 1, 1, 0, 1, 1, 0, 0, 0]",-0.46670144299864486,0.009326458963088355,right
Public service delivery inefficiency,"[93, 83, 89, 115, 85, 120, 89, 93, 97, 109, 104, 101, 98, 98, 87, 114, 100, 105, 104, 107, 80, 93, 104, 83, 105, 100, 87, 109, 106, 102]","[1, 1, 1, 0, 1, 0, 1, 1, 0, 0, 0, 0, 0, 0, 0, 0, 1, 0, 0, 0, 0, 1, 1, 1, 1, 0, 1, 1, 1, 1]",-0.3891614004572266,0.033540401967873446,left
Public service delivery inefficiency,"[93, 83, 89, 115, 85, 120, 89, 93, 97, 109, 104, 101, 98, 98, 87, 114, 100, 105, 104, 107, 80, 93, 104, 83, 105, 100, 87, 109, 106, 102]","[1, 1, 1, 0, 1, 0, 1, 1, 0, 0, 0, 0, 0, 0, 0, 0, 1, 0, 0, 0, 0, 1, 1, 1, 1, 0, 1, 1, 1, 1]",-0.3891614004572266,0.033540401967873446,right
Eviction rate,"[87, 108, 102, 99, 96, 92, 94, 124, 108, 98, 95, 94, 94, 106, 99, 111, 91, 105, 115, 92, 103, 103, 112, 83, 84, 111, 111, 103, 104, 104]","[1, 1, 0, 1, 1, 1, 1, 0, 0, 1, 1, 1, 0, 0, 0, 1, 1, 1, 0, 1, 0, 0, 1, 1, 1, 0, 1, 1, 0, 0]",-0.45065762691551775,0.012446518655260988,left
Eviction rate,"[87, 108, 102, 99, 96, 92, 94, 124, 108, 98, 95, 94, 94, 106, 99, 111, 91, 105, 115, 92, 103, 103, 112, 83, 84, 111, 111, 103, 104, 104]","[1, 1, 0, 1, 1, 1, 1, 0, 0, 1, 1, 1, 0, 0, 0, 1, 1, 1, 0, 1, 0, 0, 1, 1, 1, 0, 1, 1, 0, 0]",-0.45065762691551775,0.012446518655260988,right
Access gap to early childhood education,"[101, 102, 120, 108, 102, 101, 98, 111, 83, 106, 94, 88, 102, 92, 94, 102, 111, 93, 88, 112, 98, 110, 88, 112, 105, 93, 89, 102, 82, 107]","[0, 1, 0, 0, 0, 0, 1, 0, 0, 1, 1, 1, 0, 1, 0, 1, 0, 1, 1, 0, 0, 1, 0, 0, 0, 1, 1, 0, 1, 1]",-0.3794366836517498,0.038639352544612204,left
Access gap to early childhood education,"[101, 102, 120, 108, 102, 101, 98, 111, 83, 106, 94, 88, 102, 92, 94, 102, 111, 93, 88, 112, 98, 110, 88, 112, 105, 93, 89, 102, 82, 107]","[0, 1, 0, 0, 0, 0, 1, 0, 0, 1, 1, 1, 0, 1, 0, 1, 0, 1, 1, 0, 0, 1, 0, 0, 0, 1, 1, 0, 1, 1]",-0.3794366836517498,0.038639352544612204,right
Inflation rate for essential goods,"[119, 100, 79, 100, 98, 95, 104, 78, 96, 96, 101, 98, 88, 103, 95, 108, 93, 96, 101, 91, 90, 96, 102, 93, 114, 103, 104, 97, 95, 109]","[0, 1, 1, 0, 1, 0, 1, 0, 0, 1, 0, 0, 1, 0, 1, 0, 1, 0, 0, 1, 1, 1, 1, 1, 0, 0, 1, 1, 1, 0]",-0.3793803744188281,0.038670592119236374,left
Inflation rate for essential goods,"[119, 100, 79, 100, 98, 95, 104, 78, 96, 96, 101, 98, 88, 103, 95, 108, 93, 96, 101, 91, 90, 96, 102, 93, 114, 103, 104, 97, 95, 109]","[0, 1, 1, 0, 1, 0, 1, 0, 0, 1, 0, 0, 1, 0, 1, 0, 1, 0, 0, 1, 1, 1, 1, 1, 0, 0, 1, 1, 1, 0]",-0.3793803744188281,0.038670592119236374,right
Food insecurity prevalence,"[98, 104, 95, 109, 98, 91, 99, 99, 101, 98, 90, 131, 99, 110, 107, 89, 94, 108, 83, 108, 99, 99, 85, 100, 88, 91, 83, 116, 112, 95]","[1, 1, 1, 0, 0, 1, 1, 0, 1, 1, 1, 0, 0, 0, 0, 0, 0, 0, 1, 0, 0, 0, 1, 0, 1, 1, 1, 0, 0, 0]",-0.5569557382436148,0.0013895375971576655,left
Food insecurity prevalence,"[98, 104, 95, 109, 98, 91, 99, 99, 101, 98, 90, 131, 99, 110, 107, 89, 94, 108, 83, 108, 99, 99, 85, 100, 88, 91, 83, 116, 112, 95]","[1, 1, 1, 0, 0, 1, 1, 0, 1, 1, 1, 0, 0, 0, 0, 0, 0, 0, 1, 0, 0, 0, 1, 0, 1, 1, 1, 0, 0, 0]",-0.5569557382436148,0.0013895375971576655,right
Cybercrime incidence rate,"[108, 106, 92, 98, 102, 99, 101, 110, 80, 99, 105, 106, 105, 114, 103, 98, 111, 116, 109, 81, 82, 97, 82, 99, 108, 84, 82, 100, 96, 87]","[0, 1, 1, 1, 0, 0, 1, 0, 1, 1, 1, 0, 0, 0, 1, 0, 1, 0, 0, 1, 1, 0, 1, 1, 0, 1, 1, 1, 0, 1]",-0.5538287637628618,0.0014977935106304393,left
Cybercrime incidence rate,"[108, 106, 92, 98, 102, 99, 101, 110, 80, 99, 105, 106, 105, 114, 103, 98, 111, 116, 109, 81, 82, 97, 82, 99, 108, 84, 82, 100, 96, 87]","[0, 1, 1, 1, 0, 0, 1, 0, 1, 1, 1, 0, 0, 0, 1, 0, 1, 0, 0, 1, 1, 0, 1, 1, 0, 1, 1, 1, 0, 1]",-0.5538287637628618,0.0014977935106304393,right
Disability employment gap,"[115, 115, 83, 104, 117, 94, 87, 93, 81, 88, 115, 104, 104, 111, 99, 105, 100, 102, 108, 102, 92, 107, 109, 118, 99, 95, 85, 109, 107, 104]","[0, 0, 1, 0, 1, 1, 1, 1, 1, 1, 1, 1, 0, 1, 1, 0, 1, 1, 0, 0, 1, 0, 0, 0, 1, 0, 1, 0, 1, 0]",-0.47923800002764116,0.007373173510159517,left
Disability employment gap,"[115, 115, 83, 104, 117, 94, 87, 93, 81, 88, 115, 104, 104, 111, 99, 105, 100, 102, 108, 102, 92, 107, 109, 118, 99, 95, 85, 109, 107, 104]","[0, 0, 1, 0, 1, 1, 1, 1, 1, 1, 1, 1, 0, 1, 1, 0, 1, 1, 0, 0, 1, 0, 0, 0, 1, 0, 1, 0, 1, 0]",-0.47923800002764116,0.007373173510159517,right
Water pollution level,"[109, 107, 114, 90, 88, 100, 96, 99, 112, 77, 82, 84, 94, 104, 85, 99, 89, 78, 110, 105, 102, 98, 92, 108, 97, 107, 90, 114, 86, 89]","[0, 0, 1, 0, 1, 0, 0, 1, 0, 1, 1, 0, 1, 1, 1, 1, 0, 1, 0, 0, 1, 1, 0, 0, 1, 0, 0, 0, 1, 1]",-0.3814454366197247,0.03753811235423009,left
Water pollution level,"[109, 107, 114, 90, 88, 100, 96, 99, 112, 77, 82, 84, 94, 104, 85, 99, 89, 78, 110, 105, 102, 98, 92, 108, 97, 107, 90, 114, 86, 89]","[0, 0, 1, 0, 1, 0, 0, 1, 0, 1, 1, 0, 1, 1, 1, 1, 0, 1, 0, 0, 1, 1, 0, 0, 1, 0, 0, 0, 1, 1]",-0.3814454366197247,0.03753811235423009,right
Access gap to early childhood education,"[89, 99, 97, 92, 94, 87, 110, 105, 109, 92, 105, 103, 103, 107, 95, 83, 83, 101, 87, 99, 90, 107, 105, 114, 87, 95, 101, 108, 107, 93]","[0, 0, 0, 0, 0, 1, 1, 0, 0, 1, 0, 0, 0, 0, 1, 1, 1, 0, 0, 1, 0, 0, 0, 0, 1, 0, 0, 0, 1, 1]",-0.3852766541247731,0.035507771558276086,left
Access gap to early childhood education,"[89, 99, 97, 92, 94, 87, 110, 105, 109, 92, 105, 103, 103, 107, 95, 83, 83, 101, 87, 99, 90, 107, 105, 114, 87, 95, 101, 108, 107, 93]","[0, 0, 0, 0, 0, 1, 1, 0, 0, 1, 0, 0, 0, 0, 1, 1, 1, 0, 0, 1, 0, 0, 0, 0, 1, 0, 0, 0, 1, 1]",-0.3852766541247731,0.035507771558276086,right
Elder poverty rate,"[103, 96, 91, 106, 101, 102, 95, 100, 109, 109, 95, 106, 117, 122, 88, 92, 100, 80, 100, 86, 95, 92, 100, 108, 101, 87, 103, 97, 93, 89]","[1, 0, 1, 1, 1, 0, 0, 0, 1, 0, 0, 0, 0, 0, 0, 1, 1, 1, 0, 1, 0, 1, 0, 0, 0, 1, 0, 0, 1, 1]",-0.41020736892069715,0.02435664187969666,left
Elder poverty rate,"[103, 96, 91, 106, 101, 102, 95, 100, 109, 109, 95, 106, 117, 122, 88, 92, 100, 80, 100, 86, 95, 92, 100, 108, 101, 87, 103, 97, 93, 89]","[1, 0, 1, 1, 1, 0, 0, 0, 1, 0, 0, 0, 0, 0, 0, 1, 1, 1, 0, 1, 0, 1, 0, 0, 0, 1, 0, 0, 1, 1]",-0.41020736892069715,0.02435664187969666,right
Wait times for medical services,"[105, 109, 94, 107, 93, 89, 107, 112, 95, 86, 93, 97, 91, 102, 91, 106, 93, 108, 88, 89, 99, 95, 107, 107, 122, 117, 112, 118, 95, 103]","[0, 1, 1, 0, 0, 0, 1, 0, 1, 1, 1, 0, 1, 0, 1, 1, 0, 0, 0, 1, 1, 0, 0, 0, 0, 0, 0, 0, 1, 1]",-0.38419226525229444,0.036073238962013005,left
Wait times for medical services,"[105, 109, 94, 107, 93, 89, 107, 112, 95, 86, 93, 97, 91, 102, 91, 106, 93, 108, 88, 89, 99, 95, 107, 107, 122, 117, 112, 118, 95, 103]","[0, 1, 1, 0, 0, 0, 1, 0, 1, 1, 1, 0, 1, 0, 1, 1, 0, 0, 0, 1, 1, 0, 0, 0, 0, 0, 0, 0, 1, 1]",-0.38419226525229444,0.036073238962013005,right
Violent crime rate,"[89, 109, 94, 90, 117, 104, 106, 105, 95, 98, 103, 95, 102, 89, 103, 98, 80, 103, 94, 116, 88, 99, 101, 121, 84, 87, 111, 93, 109, 98]","[0, 0, 0, 0, 0, 0, 0, 0, 1, 1, 1, 1, 0, 1, 0, 0, 1, 0, 1, 0, 1, 1, 0, 0, 1, 1, 0, 1, 1, 0]",-0.5356752434668365,0.0022830295001113263,left
Violent crime rate,"[89, 109, 94, 90, 117, 104, 106, 105, 95, 98, 103, 95, 102, 89, 103, 98, 80, 103, 94, 116, 88, 99, 101, 121, 84, 87, 111, 93, 109, 98]","[0, 0, 0, 0, 0, 0, 0, 0, 1, 1, 1, 1, 0, 1, 0, 0, 1, 0, 1, 0, 1, 1, 0, 0, 1, 1, 0, 1, 1, 0]",-0.5356752434668365,0.0022830295001113263,right
Preventable mortality rate,"[98, 110, 109, 107, 97, 82, 108, 114, 114, 106, 116, 102, 110, 98, 108, 85, 115, 100, 96, 98, 105, 102, 102, 103, 78, 119, 105, 81, 112, 89]","[0, 0, 1, 1, 1, 1, 0, 0, 0, 0, 1, 0, 0, 1, 0, 1, 1, 1, 1, 1, 0, 0, 1, 0, 1, 0, 0, 1, 0, 1]",-0.5152220357922518,0.0035726628574913885,left
Preventable mortality rate,"[98, 110, 109, 107, 97, 82, 108, 114, 114, 106, 116, 102, 110, 98, 108, 85, 115, 100, 96, 98, 105, 102, 102, 103, 78, 119, 105, 81, 112, 89]","[0, 0, 1, 1, 1, 1, 0, 0, 0, 0, 1, 0, 0, 1, 0, 1, 1, 1, 1, 1, 0, 0, 1, 0, 1, 0, 0, 1, 0, 1]",-0.5152220357922518,0.0035726628574913885,right
Numeracy deficiency rate,"[99, 99, 84, 99, 96, 99, 121, 90, 91, 109, 117, 107, 122, 84, 89, 99, 113, 100, 97, 88, 121, 106, 93, 111, 82, 105, 103, 92, 108, 105]","[0, 1, 1, 1, 1, 0, 0, 0, 0, 0, 0, 0, 0, 1, 1, 0, 0, 1, 1, 1, 0, 1, 1, 1, 0, 0, 0, 0, 0, 0]",-0.40572004050344274,0.026118173788011366,left
Numeracy deficiency rate,"[99, 99, 84, 99, 96, 99, 121, 90, 91, 109, 117, 107, 122, 84, 89, 99, 113, 100, 97, 88, 121, 106, 93, 111, 82, 105, 103, 92, 108, 105]","[0, 1, 1, 1, 1, 0, 0, 0, 0, 0, 0, 0, 0, 1, 1, 0, 0, 1, 1, 1, 0, 1, 1, 1, 0, 0, 0, 0, 0, 0]",-0.40572004050344274,0.026118173788011366,right
Foster care instability rate,"[96, 97, 89, 112, 85, 101, 108, 80, 110, 100, 94, 100, 106, 119, 98, 102, 109, 87, 106, 99, 92, 102, 110, 82, 112, 85, 97, 116, 103, 103]","[0, 1, 1, 0, 1, 1, 0, 1, 1, 0, 0, 0, 0, 0, 0, 1, 0, 1, 1, 0, 0, 0, 0, 1, 0, 0, 1, 0, 0, 0]",-0.44628190856750355,0.013435008803258406,left
Foster care instability rate,"[96, 97, 89, 112, 85, 101, 108, 80, 110, 100, 94, 100, 106, 119, 98, 102, 109, 87, 106, 99, 92, 102, 110, 82, 112, 85, 97, 116, 103, 103]","[0, 1, 1, 0, 1, 1, 0, 1, 1, 0, 0, 0, 0, 0, 0, 1, 0, 1, 1, 0, 0, 0, 0, 1, 0, 0, 1, 0, 0, 0]",-0.44628190856750355,0.013435008803258406,right
Accessibility barrier prevalence,"[109, 96, 90, 91, 94, 94, 122, 93, 85, 99, 93, 105, 90, 88, 95, 107, 116, 117, 97, 99, 96, 97, 97, 95, 104, 104, 111, 98, 100, 97]","[0, 1, 1, 1, 0, 1, 0, 1, 1, 0, 1, 0, 1, 1, 0, 1, 0, 0, 0, 1, 0, 1, 0, 0, 0, 1, 0, 0, 0, 0]",-0.49454594960240167,0.005468421583374587,left
Accessibility barrier prevalence,"[109, 96, 90, 91, 94, 94, 122, 93, 85, 99, 93, 105, 90, 88, 95, 107, 116, 117, 97, 99, 96, 97, 97, 95, 104, 104, 111, 98, 100, 97]","[0, 1, 1, 1, 0, 1, 0, 1, 1, 0, 1, 0, 1, 1, 0, 1, 0, 0, 0, 1, 0, 1, 0, 0, 0, 1, 0, 0, 0, 0]",-0.49454594960240167,0.005468421583374587,right
Corruption perception index (inverted),"[88, 104, 112, 108, 116, 96, 92, 112, 96, 92, 116, 82, 105, 104, 109, 111, 110, 80, 84, 99, 92, 105, 120, 89, 107, 112, 104, 86, 91, 89]","[1, 1, 1, 0, 0, 0, 0, 1, 0, 0, 0, 1, 0, 0, 0, 0, 0, 1, 1, 0, 1, 0, 0, 1, 1, 0, 0, 1, 0, 1]",-0.4850945154431007,0.006586946703322447,left
Corruption perception index (inverted),"[88, 104, 112, 108, 116, 96, 92, 112, 96, 92, 116, 82, 105, 104, 109, 111, 110, 80, 84, 99, 92, 105, 120, 89, 107, 112, 104, 86, 91, 89]","[1, 1, 1, 0, 0, 0, 0, 1, 0, 0, 0, 1, 0, 0, 0, 0, 0, 1, 1, 0, 1, 0, 0, 1, 1, 0, 0, 1, 0, 1]",-0.4850945154431007,0.006586946703322447,right
Refugee integration gap,"[105, 102, 95, 91, 100, 100, 85, 118, 97, 90, 87, 84, 95, 108, 84, 93, 95, 99, 102, 90, 122, 105, 94, 95, 80, 106, 85, 109, 98, 94]","[0, 1, 1, 1, 0, 0, 0, 0, 0, 1, 1, 1, 0, 0, 1, 1, 1, 1, 1, 1, 0, 1, 1, 1, 1, 0, 1, 0, 1, 1]",-0.5625339798865318,0.0012132565262479693,left
Refugee integration gap,"[105, 102, 95, 91, 100, 100, 85, 118, 97, 90, 87, 84, 95, 108, 84, 93, 95, 99, 102, 90, 122, 105, 94, 95, 80, 106, 85, 109, 98, 94]","[0, 1, 1, 1, 0, 0, 0, 0, 0, 1, 1, 1, 0, 0, 1, 1, 1, 1, 1, 1, 0, 1, 1, 1, 1, 0, 1, 0, 1, 1]",-0.5625339798865318,0.0012132565262479693,right
Numeracy deficiency rate,"[100, 86, 113, 89, 101, 109, 104, 88, 108, 88, 109, 91, 104, 93, 112, 97, 101, 114, 82, 87, 104, 108, 109, 98, 97, 97, 101, 128, 92, 100]","[0, 0, 0, 1, 1, 0, 0, 0, 1, 1, 0, 1, 1, 1, 0, 1, 0, 0, 1, 1, 1, 0, 0, 1, 0, 1, 0, 0, 1, 0]",-0.4893866747383902,0.006057008890247315,left
Numeracy deficiency rate,"[100, 86, 113, 89, 101, 109, 104, 88, 108, 88, 109, 91, 104, 93, 112, 97, 101, 114, 82, 87, 104, 108, 109, 98, 97, 97, 101, 128, 92, 100]","[0, 0, 0, 1, 1, 0, 0, 0, 1, 1, 0, 1, 1, 1, 0, 1, 0, 0, 1, 1, 1, 0, 0, 1, 0, 1, 0, 0, 1, 0]",-0.4893866747383902,0.006057008890247315,right
Public space safety concerns rate,"[88, 104, 89, 87, 111, 97, 89, 86, 94, 91, 85, 94, 101, 103, 88, 97, 101, 106, 101, 117, 114, 96, 99, 107, 93, 87, 115, 117, 95, 98]","[1, 0, 1, 1, 0, 1, 1, 0, 0, 1, 1, 0, 1, 0, 1, 1, 1, 0, 1, 0, 1, 1, 0, 0, 1, 1, 0, 0, 1, 1]",-0.5231180886890298,0.0030152970660766456,left
Public space safety concerns rate,"[88, 104, 89, 87, 111, 97, 89, 86, 94, 91, 85, 94, 101, 103, 88, 97, 101, 106, 101, 117, 114, 96, 99, 107, 93, 87, 115, 117, 95, 98]","[1, 0, 1, 1, 0, 1, 1, 0, 0, 1, 1, 0, 1, 0, 1, 1, 1, 0, 1, 0, 1, 1, 0, 0, 1, 1, 0, 0, 1, 1]",-0.5231180886890298,0.0030152970660766456,right
Pretrial detention rate,"[88, 92, 98, 101, 104, 95, 117, 93, 92, 105, 96, 117, 97, 98, 91, 98, 109, 78, 104, 97, 98, 97, 107, 87, 94, 104, 100, 123, 102, 113]","[1, 1, 1, 1, 0, 1, 0, 1, 0, 1, 1, 0, 1, 0, 0, 0, 0, 1, 1, 0, 1, 1, 1, 0, 1, 0, 0, 0, 1, 0]",-0.37147014220717434,0.04326479870461945,left
Pretrial detention rate,"[88, 92, 98, 101, 104, 95, 117, 93, 92, 105, 96, 117, 97, 98, 91, 98, 109, 78, 104, 97, 98, 97, 107, 87, 94, 104, 100, 123, 102, 113]","[1, 1, 1, 1, 0, 1, 0, 1, 0, 1, 1, 0, 1, 0, 0, 0, 0, 1, 1, 0, 1, 1, 1, 0, 1, 0, 0, 0, 1, 0]",-0.37147014220717434,0.04326479870461945,right
Public debt-to-GDP ratio,"[92, 91, 99, 89, 85, 78, 92, 104, 110, 108, 90, 103, 110, 109, 106, 100, 98, 92, 97, 76, 109, 94, 104, 98, 85, 89, 102, 81, 90, 108]","[0, 1, 0, 0, 1, 1, 1, 1, 0, 1, 1, 0, 0, 0, 0, 0, 0, 1, 1, 1, 0, 0, 0, 0, 1, 1, 1, 1, 0, 1]",-0.4588690153524042,0.010755394965536333,left
Public debt-to-GDP ratio,"[92, 91, 99, 89, 85, 78, 92, 104, 110, 108, 90, 103, 110, 109, 106, 100, 98, 92, 97, 76, 109, 94, 104, 98, 85, 89, 102, 81, 90, 108]","[0, 1, 0, 0, 1, 1, 1, 1, 0, 1, 1, 0, 0, 0, 0, 0, 0, 1, 1, 1, 0, 0, 0, 0, 1, 1, 1, 1, 0, 1]",-0.4588690153524042,0.010755394965536333,right
Cybercrime incidence rate,"[87, 89, 110, 107, 93, 83, 92, 122, 83, 94, 99, 104, 112, 105, 109, 90, 86, 96, 104, 107, 106, 108, 94, 99, 100, 105, 100, 120, 102, 98]","[0, 1, 1, 0, 0, 1, 0, 0, 1, 0, 1, 0, 0, 1, 0, 1, 1, 1, 1, 0, 1, 0, 1, 1, 0, 0, 0, 0, 0, 0]",-0.3975072532169057,0.029611181859535665,left
Cybercrime incidence rate,"[87, 89, 110, 107, 93, 83, 92, 122, 83, 94, 99, 104, 112, 105, 109, 90, 86, 96, 104, 107, 106, 108, 94, 99, 100, 105, 100, 120, 102, 98]","[0, 1, 1, 0, 0, 1, 0, 0, 1, 0, 1, 0, 0, 1, 0, 1, 1, 1, 1, 0, 1, 0, 1, 1, 0, 0, 0, 0, 0, 0]",-0.3975072532169057,0.029611181859535665,right
Income inequality (Gini coefficient),"[104, 115, 90, 99, 103, 92, 89, 104, 103, 99, 103, 105, 95, 109, 105, 90, 86, 101, 85, 105, 107, 91, 97, 95, 94, 98, 82, 92, 92, 94]","[1, 0, 1, 0, 0, 0, 1, 1, 0, 0, 0, 0, 0, 0, 0, 1, 1, 1, 0, 0, 0, 0, 1, 1, 0, 0, 1, 0, 1, 1]",-0.4035404550720825,0.027010575163278587,left
Income inequality (Gini coefficient),"[104, 115, 90, 99, 103, 92, 89, 104, 103, 99, 103, 105, 95, 109, 105, 90, 86, 101, 85, 105, 107, 91, 97, 95, 94, 98, 82, 92, 92, 94]","[1, 0, 1, 0, 0, 0, 1, 1, 0, 0, 0, 0, 0, 0, 0, 1, 1, 1, 0, 0, 0, 0, 1, 1, 0, 0, 1, 0, 1, 1]",-0.4035404550720825,0.027010575163278587,right
Energy poverty rate,"[103, 95, 96, 87, 103, 96, 99, 103, 120, 103, 98, 79, 104, 92, 111, 96, 101, 100, 98, 115, 103, 78, 118, 106, 116, 92, 121, 97, 87, 109]","[1, 1, 1, 1, 0, 1, 0, 1, 0, 1, 1, 1, 1, 1, 1, 0, 0, 0, 0, 0, 1, 1, 1, 1, 0, 1, 0, 0, 1, 0]",-0.4125512933201009,0.023475941134036074,left
Energy poverty rate,"[103, 95, 96, 87, 103, 96, 99, 103, 120, 103, 98, 79, 104, 92, 111, 96, 101, 100, 98, 115, 103, 78, 118, 106, 116, 92, 121, 97, 87, 109]","[1, 1, 1, 1, 0, 1, 0, 1, 0, 1, 1, 1, 1, 1, 1, 0, 0, 0, 0, 0, 1, 1, 1, 1, 0, 1, 0, 0, 1, 0]",-0.4125512933201009,0.023475941134036074,right
Access gap to reliable electricity,"[82, 97, 99, 98, 115, 87, 103, 82, 101, 79, 106, 81, 108, 97, 98, 103, 100, 95, 109, 106, 98, 86, 103, 99, 116, 100, 103, 99, 92, 102]","[1, 1, 1, 0, 1, 1, 0, 1, 0, 1, 0, 1, 0, 0, 1, 0, 1, 0, 1, 0, 1, 1, 1, 1, 0, 1, 0, 1, 0, 0]",-0.3942822142406663,0.031082633850529433,left
Access gap to reliable electricity,"[82, 97, 99, 98, 115, 87, 103, 82, 101, 79, 106, 81, 108, 97, 98, 103, 100, 95, 109, 106, 98, 86, 103, 99, 116, 100, 103, 99, 92, 102]","[1, 1, 1, 0, 1, 1, 0, 1, 0, 1, 0, 1, 0, 0, 1, 0, 1, 0, 1, 0, 1, 1, 1, 1, 0, 1, 0, 1, 0, 0]",-0.3942822142406663,0.031082633850529433,right
Student debt burden ratio,"[112, 97, 78, 110, 94, 107, 107, 100, 102, 97, 93, 113, 112, 103, 114, 89, 89, 99, 90, 89, 96, 108, 123, 105, 80, 92, 96, 105, 90, 95]","[1, 0, 1, 0, 0, 0, 0, 1, 1, 1, 1, 0, 0, 1, 0, 0, 0, 1, 1, 0, 1, 0, 0, 1, 1, 1, 0, 0, 1, 0]",-0.3639085733905798,0.04805411188295339,left
Student debt burden ratio,"[112, 97, 78, 110, 94, 107, 107, 100, 102, 97, 93, 113, 112, 103, 114, 89, 89, 99, 90, 89, 96, 108, 123, 105, 80, 92, 96, 105, 90, 95]","[1, 0, 1, 0, 0, 0, 0, 1, 1, 1, 1, 0, 0, 1, 0, 0, 0, 1, 1, 0, 1, 0, 0, 1, 1, 1, 0, 0, 1, 0]",-0.3639085733905798,0.04805411188295339,right
Mental health disorder prevalence,"[112, 104, 114, 116, 84, 113, 97, 106, 94, 95, 84, 93, 94, 104, 93, 98, 101, 85, 119, 109, 99, 99, 107, 91, 83, 107, 99, 87, 106, 89]","[0, 0, 1, 0, 1, 1, 1, 0, 1, 0, 1, 1, 1, 0, 1, 0, 0, 1, 0, 0, 0, 0, 1, 1, 0, 1, 0, 1, 0, 1]",-0.3928621812376939,0.03174906613461194,left
Mental health disorder prevalence,"[112, 104, 114, 116, 84, 113, 97, 106, 94, 95, 84, 93, 94, 104, 93, 98, 101, 85, 119, 109, 99, 99, 107, 91, 83, 107, 99, 87, 106, 89]","[0, 0, 1, 0, 1, 1, 1, 0, 1, 0, 1, 1, 1, 0, 1, 0, 0, 1, 0, 0, 0, 0, 1, 1, 0, 1, 0, 1, 0, 1]",-0.3928621812376939,0.03174906613461194,right
Access gap to affordable housing,"[93, 90, 117, 100, 108, 98, 107, 108, 111, 110, 101, 96, 94, 106, 104, 111, 104, 103, 95, 98, 100, 98, 96, 107, 92, 100, 99, 89, 109, 108]","[1, 1, 0, 1, 0, 1, 0, 0, 0, 0, 0, 0, 0, 0, 0, 0, 1, 0, 0, 0, 0, 1, 1, 1, 1, 1, 1, 1, 0, 1]",-0.4728864171319681,0.008314346187959417,left
Access gap to affordable housing,"[93, 90, 117, 100, 108, 98, 107, 108, 111, 110, 101, 96, 94, 106, 104, 111, 104, 103, 95, 98, 100, 98, 96, 107, 92, 100, 99, 89, 109, 108]","[1, 1, 0, 1, 0, 1, 0, 0, 0, 0, 0, 0, 0, 0, 0, 0, 1, 0, 0, 0, 0, 1, 1, 1, 1, 1, 1, 1, 0, 1]",-0.4728864171319681,0.008314346187959417,right
Chronic disease prevalence,"[113, 91, 99, 96, 113, 90, 99, 89, 103, 87, 100, 107, 101, 105, 106, 116, 95, 106, 110, 88, 107, 101, 70, 94, 92, 96, 95, 108, 86, 89]","[0, 1, 1, 1, 0, 0, 0, 1, 0, 1, 0, 0, 1, 0, 0, 1, 0, 1, 1, 1, 0, 0, 1, 1, 1, 1, 0, 0, 1, 1]",-0.4374052666793355,0.01564238283934272,left
Chronic disease prevalence,"[113, 91, 99, 96, 113, 90, 99, 89, 103, 87, 100, 107, 101, 105, 106, 116, 95, 106, 110, 88, 107, 101, 70, 94, 92, 96, 95, 108, 86, 89]","[0, 1, 1, 1, 0, 0, 0, 1, 0, 1, 0, 0, 1, 0, 0, 1, 0, 1, 1, 1, 0, 0, 1, 1, 1, 1, 0, 0, 1, 1]",-0.4374052666793355,0.01564238283934272,right
Informal employment rate,"[118, 118, 83, 90, 103, 92, 86, 98, 84, 105, 116, 101, 94, 103, 96, 102, 94, 120, 118, 92, 124, 110, 114, 76, 117, 98, 91, 110, 101, 108]","[1, 1, 1, 1, 0, 0, 1, 1, 1, 1, 0, 0, 1, 0, 1, 1, 1, 0, 1, 0, 0, 0, 0, 1, 1, 1, 1, 0, 1, 0]",-0.37491638092795565,0.04121242940033193,left
Informal employment rate,"[118, 118, 83, 90, 103, 92, 86, 98, 84, 105, 116, 101, 94, 103, 96, 102, 94, 120, 118, 92, 124, 110, 114, 76, 117, 98, 91, 110, 101, 108]","[1, 1, 1, 1, 0, 0, 1, 1, 1, 1, 0, 0, 1, 0, 1, 1, 1, 0, 1, 0, 0, 0, 0, 1, 1, 1, 1, 0, 1, 0]",-0.37491638092795565,0.04121242940033193,right
Food insecurity prevalence,"[99, 105, 104, 97, 97, 114, 94, 101, 102, 85, 99, 93, 96, 98, 102, 112, 106, 116, 99, 111, 88, 84, 105, 106, 107, 96, 92, 103, 96, 90]","[1, 0, 0, 0, 0, 0, 0, 0, 1, 1, 1, 0, 0, 1, 1, 1, 1, 0, 1, 0, 1, 1, 0, 0, 0, 1, 1, 0, 0, 1]",-0.39450520911782583,0.03097901887175232,left
Food insecurity prevalence,"[99, 105, 104, 97, 97, 114, 94, 101, 102, 85, 99, 93, 96, 98, 102, 112, 106, 116, 99, 111, 88, 84, 105, 106, 107, 96, 92, 103, 96, 90]","[1, 0, 0, 0, 0, 0, 0, 0, 1, 1, 1, 0, 0, 1, 1, 1, 1, 0, 1, 0, 1, 1, 0, 0, 0, 1, 1, 0, 0, 1]",-0.39450520911782583,0.03097901887175232,right
Greenhouse gas emissions per capita,"[99, 98, 96, 105, 92, 104, 95, 113, 88, 112, 99, 83, 103, 103, 107, 89, 91, 100, 94, 115, 97, 96, 113, 104, 101, 95, 97, 101, 102, 83]","[1, 0, 1, 0, 1, 1, 0, 0, 1, 0, 1, 1, 0, 0, 0, 1, 1, 1, 1, 0, 1, 1, 1, 1, 1, 0, 0, 0, 0, 1]",-0.47465450177195,0.008042688171442519,left
Greenhouse gas emissions per capita,"[99, 98, 96, 105, 92, 104, 95, 113, 88, 112, 99, 83, 103, 103, 107, 89, 91, 100, 94, 115, 97, 96, 113, 104, 101, 95, 97, 101, 102, 83]","[1, 0, 1, 0, 1, 1, 0, 0, 1, 0, 1, 1, 0, 0, 0, 1, 1, 1, 1, 0, 1, 1, 1, 1, 1, 0, 0, 0, 0, 1]",-0.47465450177195,0.008042688171442519,right
Job insecurity prevalence,"[79, 109, 97, 108, 99, 104, 95, 83, 95, 113, 98, 113, 93, 99, 107, 100, 99, 101, 97, 91, 89, 103, 110, 98, 82, 98, 84, 98, 89, 111]","[1, 0, 1, 1, 0, 1, 1, 1, 1, 0, 1, 1, 1, 1, 1, 1, 1, 0, 0, 1, 1, 1, 0, 1, 1, 1, 1, 0, 1, 0]",-0.4472606045450766,0.01320841251801848,left
Job insecurity prevalence,"[79, 109, 97, 108, 99, 104, 95, 83, 95, 113, 98, 113, 93, 99, 107, 100, 99, 101, 97, 91, 89, 103, 110, 98, 82, 98, 84, 98, 89, 111]","[1, 0, 1, 1, 0, 1, 1, 1, 1, 0, 1, 1, 1, 1, 1, 1, 1, 0, 0, 1, 1, 1, 0, 1, 1, 1, 1, 0, 1, 0]",-0.4472606045450766,0.01320841251801848,right
Homicide rate,"[101, 81, 100, 98, 92, 97, 106, 100, 107, 85, 94, 126, 101, 109, 81, 114, 103, 101, 90, 98, 96, 87, 102, 98, 102, 99, 97, 120, 90, 105]","[1, 1, 0, 1, 1, 1, 0, 0, 0, 0, 0, 0, 0, 0, 1, 0, 0, 0, 0, 1, 1, 1, 1, 1, 1, 0, 1, 0, 0, 1]",-0.37618414130242206,0.04047733450150227,left
Homicide rate,"[101, 81, 100, 98, 92, 97, 106, 100, 107, 85, 94, 126, 101, 109, 81, 114, 103, 101, 90, 98, 96, 87, 102, 98, 102, 99, 97, 120, 90, 105]","[1, 1, 0, 1, 1, 1, 0, 0, 0, 0, 0, 0, 0, 0, 1, 0, 0, 0, 0, 1, 1, 1, 1, 1, 1, 0, 1, 0, 0, 1]",-0.37618414130242206,0.04047733450150227,right
Misinformation prevalence,"[99, 105, 89, 115, 99, 116, 97, 108, 98, 94, 90, 111, 82, 113, 130, 111, 94, 98, 108, 92, 88, 98, 89, 94, 100, 99, 85, 106, 106, 112]","[1, 1, 0, 0, 0, 0, 1, 0, 0, 0, 1, 0, 1, 0, 0, 0, 1, 1, 1, 1, 0, 1, 1, 1, 0, 1, 1, 0, 0, 0]",-0.5178160229077436,0.003380531736301662,left
Misinformation prevalence,"[99, 105, 89, 115, 99, 116, 97, 108, 98, 94, 90, 111, 82, 113, 130, 111, 94, 98, 108, 92, 88, 98, 89, 94, 100, 99, 85, 106, 106, 112]","[1, 1, 0, 0, 0, 0, 1, 0, 0, 0, 1, 0, 1, 0, 0, 0, 1, 1, 1, 1, 0, 1, 1, 1, 0, 1, 1, 0, 0, 0]",-0.5178160229077436,0.003380531736301662,right
Voter turnout gap,"[106, 112, 113, 103, 95, 108, 106, 93, 95, 118, 115, 100, 94, 109, 98, 127, 98, 98, 108, 105, 103, 105, 88, 110, 94, 112, 120, 109, 102, 88]","[0, 1, 0, 1, 0, 0, 0, 1, 1, 0, 0, 1, 1, 0, 1, 0, 0, 0, 1, 1, 0, 1, 1, 1, 1, 0, 0, 1, 1, 1]",-0.4803442364084434,0.007218857439199406,left
Voter turnout gap,"[106, 112, 113, 103, 95, 108, 106, 93, 95, 118, 115, 100, 94, 109, 98, 127, 98, 98, 108, 105, 103, 105, 88, 110, 94, 112, 120, 109, 102, 88]","[0, 1, 0, 1, 0, 0, 0, 1, 1, 0, 0, 1, 1, 0, 1, 0, 0, 0, 1, 1, 0, 1, 1, 1, 1, 0, 0, 1, 1, 1]",-0.4803442364084434,0.007218857439199406,right
Student absenteeism rate,"[93, 105, 100, 107, 107, 86, 101, 97, 64, 98, 99, 123, 96, 90, 88, 110, 101, 78, 109, 90, 106, 89, 81, 97, 86, 106, 83, 97, 87, 91]","[1, 0, 0, 0, 0, 0, 1, 1, 1, 0, 1, 0, 1, 1, 0, 0, 0, 1, 0, 1, 0, 1, 0, 1, 1, 0, 1, 1, 1, 0]",-0.49778969954712093,0.0051239167915150775,left
Student absenteeism rate,"[93, 105, 100, 107, 107, 86, 101, 97, 64, 98, 99, 123, 96, 90, 88, 110, 101, 78, 109, 90, 106, 89, 81, 97, 86, 106, 83, 97, 87, 91]","[1, 0, 0, 0, 0, 0, 1, 1, 1, 0, 1, 0, 1, 1, 0, 0, 0, 1, 0, 1, 0, 1, 0, 1, 1, 0, 1, 1, 1, 0]",-0.49778969954712093,0.0051239167915150775,right
Infant mortality rate,"[109, 101, 100, 104, 125, 102, 93, 111, 98, 113, 82, 93, 100, 100, 122, 84, 99, 101, 92, 108, 124, 100, 88, 97, 116, 102, 95, 103, 112, 82]","[0, 1, 1, 0, 0, 1, 1, 1, 0, 0, 1, 1, 1, 1, 1, 0, 1, 1, 1, 0, 0, 1, 1, 1, 0, 1, 0, 1, 0, 1]",-0.42024947394738305,0.02076525113430508,left
Infant mortality rate,"[109, 101, 100, 104, 125, 102, 93, 111, 98, 113, 82, 93, 100, 100, 122, 84, 99, 101, 92, 108, 124, 100, 88, 97, 116, 102, 95, 103, 112, 82]","[0, 1, 1, 0, 0, 1, 1, 1, 0, 0, 1, 1, 1, 1, 1, 0, 1, 1, 1, 0, 0, 1, 1, 1, 0, 1, 0, 1, 0, 1]",-0.42024947394738305,0.02076525113430508,right
Maternal mortality rate,"[77, 99, 102, 118, 113, 82, 91, 84, 101, 98, 94, 107, 103, 98, 103, 92, 106, 104, 106, 108, 110, 117, 108, 95, 91, 93, 114, 97, 104, 120]","[0, 0, 0, 0, 0, 1, 1, 1, 1, 1, 1, 1, 0, 0, 1, 1, 0, 0, 0, 1, 0, 0, 0, 1, 1, 1, 0, 1, 0, 0]",-0.5193676044256551,0.0032699106726155275,left
Maternal mortality rate,"[77, 99, 102, 118, 113, 82, 91, 84, 101, 98, 94, 107, 103, 98, 103, 92, 106, 104, 106, 108, 110, 117, 108, 95, 91, 93, 114, 97, 104, 120]","[0, 0, 0, 0, 0, 1, 1, 1, 1, 1, 1, 1, 0, 0, 1, 1, 0, 0, 0, 1, 0, 0, 0, 1, 1, 1, 0, 1, 0, 0]",-0.5193676044256551,0.0032699106726155275,right
Social isolation prevalence,"[108, 115, 90, 125, 104, 94, 108, 91, 114, 119, 99, 106, 95, 100, 102, 106, 108, 90, 94, 119, 94, 97, 93, 90, 95, 106, 102, 117, 101, 98]","[0, 0, 1, 0, 1, 0, 1, 1, 0, 0, 0, 0, 1, 0, 1, 1, 1, 1, 1, 0, 1, 1, 1, 1, 0, 0, 1, 0, 1, 0]",-0.539981827777299,0.00207015364139715,left
Social isolation prevalence,"[108, 115, 90, 125, 104, 94, 108, 91, 114, 119, 99, 106, 95, 100, 102, 106, 108, 90, 94, 119, 94, 97, 93, 90, 95, 106, 102, 117, 101, 98]","[0, 0, 1, 0, 1, 0, 1, 1, 0, 0, 0, 0, 1, 0, 1, 1, 1, 1, 1, 0, 1, 1, 1, 1, 0, 0, 1, 0, 1, 0]",-0.539981827777299,0.00207015364139715,right
Domestic violence incidence rate,"[95, 89, 113, 91, 83, 102, 110, 109, 79, 117, 104, 79, 108, 113, 97, 110, 87, 111, 104, 99, 104, 108, 107, 117, 99, 110, 86, 88, 99, 99]","[0, 1, 0, 1, 1, 1, 1, 0, 1, 1, 0, 1, 1, 1, 1, 0, 1, 0, 0, 1, 0, 1, 0, 0, 0, 1, 1, 1, 0, 1]",-0.4073962544761003,0.025448375733705626,left
Domestic violence incidence rate,"[95, 89, 113, 91, 83, 102, 110, 109, 79, 117, 104, 79, 108, 113, 97, 110, 87, 111, 104, 99, 104, 108, 107, 117, 99, 110, 86, 88, 99, 99]","[0, 1, 0, 1, 1, 1, 1, 0, 1, 1, 0, 1, 1, 1, 1, 0, 1, 0, 0, 1, 0, 1, 0, 0, 0, 1, 1, 1, 0, 1]",-0.4073962544761003,0.025448375733705626,right
Substance abuse prevalence,"[96, 95, 101, 110, 103, 92, 99, 107, 88, 100, 107, 86, 86, 93, 89, 113, 82, 97, 97, 91, 119, 100, 94, 78, 101, 100, 101, 105, 99, 101]","[0, 1, 0, 0, 0, 0, 1, 0, 0, 0, 0, 1, 0, 0, 0, 0, 1, 1, 1, 0, 0, 1, 0, 1, 0, 0, 0, 0, 0, 0]",-0.40238158624963494,0.02749509000991701,left
Substance abuse prevalence,"[96, 95, 101, 110, 103, 92, 99, 107, 88, 100, 107, 86, 86, 93, 89, 113, 82, 97, 97, 91, 119, 100, 94, 78, 101, 100, 101, 105, 99, 101]","[0, 1, 0, 0, 0, 0, 1, 0, 0, 0, 0, 1, 0, 0, 0, 0, 1, 1, 1, 0, 0, 1, 0, 1, 0, 0, 0, 0, 0, 0]",-0.40238158624963494,0.02749509000991701,right
Healthcare access gap,"[107, 100, 106, 101, 101, 111, 113, 93, 108, 100, 83, 104, 108, 100, 104, 103, 109, 120, 111, 103, 107, 87, 103, 113, 84, 84, 107, 82, 90, 113]","[0, 0, 0, 0, 0, 1, 0, 1, 1, 0, 1, 0, 0, 1, 0, 0, 1, 1, 0, 0, 0, 1, 0, 0, 1, 1, 0, 1, 1, 1]",-0.40628098155768533,0.025892443254421804,left
Healthcare access gap,"[107, 100, 106, 101, 101, 111, 113, 93, 108, 100, 83, 104, 108, 100, 104, 103, 109, 120, 111, 103, 107, 87, 103, 113, 84, 84, 107, 82, 90, 113]","[0, 0, 0, 0, 0, 1, 0, 1, 1, 0, 1, 0, 0, 1, 0, 0, 1, 1, 0, 0, 0, 1, 0, 0, 1, 1, 0, 1, 1, 1]",-0.40628098155768533,0.025892443254421804,right
Obesity prevalence,"[95, 107, 106, 110, 97, 94, 109, 93, 94, 97, 98, 77, 102, 107, 103, 99, 100, 106, 86, 109, 107, 93, 115, 104, 89, 101, 92, 110, 99, 93]","[1, 0, 0, 0, 1, 0, 0, 1, 0, 1, 1, 1, 1, 1, 1, 0, 1, 0, 1, 0, 0, 0, 0, 1, 1, 0, 0, 0, 1, 1]",-0.455887618945823,0.011345586669414195,left
Obesity prevalence,"[95, 107, 106, 110, 97, 94, 109, 93, 94, 97, 98, 77, 102, 107, 103, 99, 100, 106, 86, 109, 107, 93, 115, 104, 89, 101, 92, 110, 99, 93]","[1, 0, 0, 0, 1, 0, 0, 1, 0, 1, 1, 1, 1, 1, 1, 0, 1, 0, 1, 0, 0, 0, 0, 1, 1, 0, 0, 0, 1, 1]",-0.455887618945823,0.011345586669414195,right
Energy poverty rate,"[122, 99, 91, 111, 111, 73, 102, 99, 91, 110, 93, 109, 102, 103, 104, 96, 103, 100, 88, 102, 104, 84, 108, 116, 106, 88, 88, 98, 99, 111]","[0, 0, 0, 0, 0, 1, 0, 0, 1, 0, 0, 0, 1, 0, 1, 0, 0, 0, 1, 0, 0, 0, 0, 0, 1, 1, 0, 0, 0, 0]",-0.392486203860832,0.03192743977781569,left
Energy poverty rate,"[122, 99, 91, 111, 111, 73, 102, 99, 91, 110, 93, 109, 102, 103, 104, 96, 103, 100, 88, 102, 104, 84, 108, 116, 106, 88, 88, 98, 99, 111]","[0, 0, 0, 0, 0, 1, 0, 0, 1, 0, 0, 0, 1, 0, 1, 0, 0, 0, 1, 0, 0, 0, 0, 0, 1, 1, 0, 0, 0, 0]",-0.392486203860832,0.03192743977781569,right
Public debt-to-GDP ratio,"[93, 91, 108, 105, 110, 86, 110, 96, 99, 107, 107, 105, 103, 86, 89, 107, 107, 110, 106, 87, 112, 95, 101, 104, 113, 113, 88, 86, 99, 108]","[1, 1, 0, 0, 1, 1, 0, 0, 0, 0, 0, 0, 0, 1, 0, 0, 0, 0, 0, 1, 1, 1, 0, 1, 0, 0, 1, 1, 0, 0]",-0.5696519842177696,0.0010168539505661502,left
Public debt-to-GDP ratio,"[93, 91, 108, 105, 110, 86, 110, 96, 99, 107, 107, 105, 103, 86, 89, 107, 107, 110, 106, 87, 112, 95, 101, 104, 113, 113, 88, 86, 99, 108]","[1, 1, 0, 0, 1, 1, 0, 0, 0, 0, 0, 0, 0, 1, 0, 0, 0, 0, 0, 1, 1, 1, 0, 1, 0, 0, 1, 1, 0, 0]",-0.5696519842177696,0.0010168539505661502,right
Housing cost burden rate,"[104, 115, 98, 93, 113, 100, 103, 99, 106, 84, 107, 91, 100, 121, 90, 101, 98, 107, 95, 97, 93, 96, 99, 99, 112, 96, 100, 111, 110, 85]","[0, 0, 1, 0, 0, 1, 0, 1, 1, 1, 1, 1, 0, 0, 1, 1, 1, 0, 0, 0, 1, 1, 0, 0, 0, 0, 1, 1, 0, 1]",-0.41064214486387546,0.024191267859068354,left
Housing cost burden rate,"[104, 115, 98, 93, 113, 100, 103, 99, 106, 84, 107, 91, 100, 121, 90, 101, 98, 107, 95, 97, 93, 96, 99, 99, 112, 96, 100, 111, 110, 85]","[0, 0, 1, 0, 0, 1, 0, 1, 1, 1, 1, 1, 0, 0, 1, 1, 1, 0, 0, 0, 1, 1, 0, 0, 0, 0, 1, 1, 0, 1]",-0.41064214486387546,0.024191267859068354,right
Gender pay gap,"[108, 92, 97, 96, 110, 104, 103, 103, 90, 114, 105, 101, 92, 99, 103, 87, 91, 112, 117, 101, 112, 87, 97, 114, 101, 92, 89, 90, 91, 109]","[0, 1, 0, 0, 0, 1, 1, 0, 1, 0, 1, 1, 1, 0, 0, 1, 0, 0, 0, 0, 0, 1, 1, 1, 1, 1, 1, 0, 1, 0]",-0.44240491479460364,0.014364789904124988,left
Gender pay gap,"[108, 92, 97, 96, 110, 104, 103, 103, 90, 114, 105, 101, 92, 99, 103, 87, 91, 112, 117, 101, 112, 87, 97, 114, 101, 92, 89, 90, 91, 109]","[0, 1, 0, 0, 0, 1, 1, 0, 1, 0, 1, 1, 1, 0, 0, 1, 0, 0, 0, 0, 0, 1, 1, 1, 1, 1, 1, 0, 1, 0]",-0.44240491479460364,0.014364789904124988,right
Police misconduct incident rate,"[101, 94, 91, 98, 109, 104, 107, 96, 101, 110, 106, 106, 81, 87, 106, 97, 108, 87, 91, 100, 86, 105, 93, 84, 99, 96, 118, 122, 111, 102]","[0, 0, 1, 0, 0, 1, 0, 1, 1, 0, 0, 0, 1, 1, 1, 1, 1, 1, 0, 1, 1, 1, 1, 1, 0, 1, 0, 0, 0, 0]",-0.5226971827092833,0.0030429930423831048,left
Police misconduct incident rate,"[101, 94, 91, 98, 109, 104, 107, 96, 101, 110, 106, 106, 81, 87, 106, 97, 108, 87, 91, 100, 86, 105, 93, 84, 99, 96, 118, 122, 111, 102]","[0, 0, 1, 0, 0, 1, 0, 1, 1, 0, 0, 0, 1, 1, 1, 1, 1, 1, 0, 1, 1, 1, 1, 1, 0, 1, 0, 0, 0, 0]",-0.5226971827092833,0.0030429930423831048,right
Social isolation prevalence,"[93, 106, 97, 99, 101, 91, 111, 96, 91, 101, 124, 89, 95, 110, 96, 95, 93, 102, 99, 111, 107, 101, 86, 104, 88, 100, 92, 112, 92, 108]","[1, 0, 0, 0, 0, 1, 0, 1, 1, 1, 0, 1, 1, 0, 1, 0, 1, 1, 1, 0, 1, 1, 1, 1, 1, 0, 0, 0, 1, 0]",-0.5559415587129438,0.0014238765543823505,left
Social isolation prevalence,"[93, 106, 97, 99, 101, 91, 111, 96, 91, 101, 124, 89, 95, 110, 96, 95, 93, 102, 99, 111, 107, 101, 86, 104, 88, 100, 92, 112, 92, 108]","[1, 0, 0, 0, 0, 1, 0, 1, 1, 1, 0, 1, 1, 0, 1, 0, 1, 1, 1, 0, 1, 1, 1, 1, 1, 0, 0, 0, 1, 0]",-0.5559415587129438,0.0014238765543823505,right
Public service delivery inefficiency,"[90, 98, 109, 99, 94, 105, 115, 89, 101, 97, 104, 94, 86, 112, 99, 92, 112, 99, 98, 91, 111, 111, 121, 97, 116, 97, 98, 94, 114, 112]","[0, 1, 0, 0, 1, 0, 0, 1, 1, 0, 1, 1, 0, 0, 1, 1, 0, 0, 1, 1, 0, 0, 0, 1, 0, 0, 1, 1, 0, 0]",-0.5485656139866254,0.0016966129436780859,left
Public service delivery inefficiency,"[90, 98, 109, 99, 94, 105, 115, 89, 101, 97, 104, 94, 86, 112, 99, 92, 112, 99, 98, 91, 111, 111, 121, 97, 116, 97, 98, 94, 114, 112]","[0, 1, 0, 0, 1, 0, 0, 1, 1, 0, 1, 1, 0, 0, 1, 1, 0, 0, 1, 1, 0, 0, 0, 1, 0, 0, 1, 1, 0, 0]",-0.5485656139866254,0.0016966129436780859,right
Education inequality index,"[105, 90, 95, 102, 110, 102, 91, 106, 90, 83, 113, 110, 103, 107, 91, 109, 114, 111, 86, 86, 110, 100, 111, 93, 118, 100, 104, 107, 99, 99]","[1, 1, 1, 1, 0, 0, 1, 0, 1, 0, 0, 0, 0, 0, 0, 1, 0, 1, 1, 1, 1, 1, 0, 1, 0, 1, 1, 0, 1, 1]",-0.4045009360966067,0.02661430267731898,left
Education inequality index,"[105, 90, 95, 102, 110, 102, 91, 106, 90, 83, 113, 110, 103, 107, 91, 109, 114, 111, 86, 86, 110, 100, 111, 93, 118, 100, 104, 107, 99, 99]","[1, 1, 1, 1, 0, 0, 1, 0, 1, 0, 0, 0, 0, 0, 0, 1, 0, 1, 1, 1, 1, 1, 0, 1, 0, 1, 1, 0, 1, 1]",-0.4045009360966067,0.02661430267731898,right
Wealth inequality ratio,"[115, 101, 94, 109, 92, 96, 95, 117, 88, 96, 106, 106, 119, 113, 103, 96, 87, 105, 88, 100, 118, 99, 94, 81, 101, 98, 103, 112, 93, 112]","[0, 1, 1, 0, 1, 1, 1, 1, 1, 1, 0, 0, 1, 0, 0, 0, 1, 0, 0, 0, 0, 1, 1, 1, 1, 0, 0, 0, 1, 1]",-0.3726380402152833,0.04256032562012183,left
Wealth inequality ratio,"[115, 101, 94, 109, 92, 96, 95, 117, 88, 96, 106, 106, 119, 113, 103, 96, 87, 105, 88, 100, 118, 99, 94, 81, 101, 98, 103, 112, 93, 112]","[0, 1, 1, 0, 1, 1, 1, 1, 1, 1, 0, 0, 1, 0, 0, 0, 1, 0, 0, 0, 0, 1, 1, 1, 1, 0, 0, 0, 1, 1]",-0.3726380402152833,0.04256032562012183,right
Corruption perception index (inverted),"[112, 84, 98, 113, 89, 103, 112, 103, 98, 95, 100, 90, 86, 111, 96, 87, 105, 105, 112, 104, 97, 115, 104, 102, 105, 93, 122, 85, 97, 107]","[0, 1, 1, 1, 1, 0, 1, 0, 0, 1, 1, 0, 1, 1, 1, 1, 1, 0, 0, 0, 1, 0, 1, 0, 0, 0, 0, 1, 0, 0]",-0.3682420679567753,0.04526048640891939,left
Corruption perception index (inverted),"[112, 84, 98, 113, 89, 103, 112, 103, 98, 95, 100, 90, 86, 111, 96, 87, 105, 105, 112, 104, 97, 115, 104, 102, 105, 93, 122, 85, 97, 107]","[0, 1, 1, 1, 1, 0, 1, 0, 0, 1, 1, 0, 1, 1, 1, 1, 1, 0, 0, 0, 1, 0, 1, 0, 0, 0, 0, 1, 0, 0]",-0.3682420679567753,0.04526048640891939,right
Urban congestion level,"[103, 114, 105, 102, 115, 102, 107, 108, 100, 114, 112, 77, 95, 110, 103, 120, 91, 90, 113, 109, 81, 96, 106, 105, 99, 102, 64, 99, 93, 102]","[1, 0, 1, 1, 0, 0, 1, 1, 1, 0, 0, 1, 0, 0, 1, 0, 0, 0, 0, 0, 1, 0, 0, 0, 0, 1, 1, 1, 1, 0]",-0.41161276800549057,0.023825392549555926,left
Urban congestion level,"[103, 114, 105, 102, 115, 102, 107, 108, 100, 114, 112, 77, 95, 110, 103, 120, 91, 90, 113, 109, 81, 96, 106, 105, 99, 102, 64, 99, 93, 102]","[1, 0, 1, 1, 0, 0, 1, 1, 1, 0, 0, 1, 0, 0, 1, 0, 0, 0, 0, 0, 1, 0, 0, 0, 0, 1, 1, 1, 1, 0]",-0.41161276800549057,0.023825392549555926,right
Disability employment gap,"[89, 97, 104, 89, 96, 105, 110, 107, 98, 91, 109, 102, 94, 120, 92, 100, 95, 94, 87, 96, 100, 109, 107, 109, 112, 94, 93, 101, 101, 104]","[1, 1, 1, 1, 0, 0, 0, 0, 0, 1, 1, 1, 1, 0, 1, 0, 0, 1, 1, 1, 0, 1, 1, 0, 0, 1, 0, 0, 1, 1]",-0.37750583435671287,0.03972218915295053,left
Disability employment gap,"[89, 97, 104, 89, 96, 105, 110, 107, 98, 91, 109, 102, 94, 120, 92, 100, 95, 94, 87, 96, 100, 109, 107, 109, 112, 94, 93, 101, 101, 104]","[1, 1, 1, 1, 0, 0, 0, 0, 0, 1, 1, 1, 1, 0, 1, 0, 0, 1, 1, 1, 0, 1, 1, 0, 0, 1, 0, 0, 1, 1]",-0.37750583435671287,0.03972218915295053,right
Judicial case backlog size,"[91, 85, 110, 112, 118, 107, 95, 101, 110, 102, 114, 96, 88, 105, 99, 96, 92, 87, 98, 111, 92, 94, 109, 107, 96, 109, 96, 110, 107, 101]","[1, 1, 0, 0, 0, 0, 1, 1, 0, 1, 1, 1, 1, 1, 0, 1, 0, 0, 1, 0, 0, 1, 0, 0, 1, 0, 1, 1, 0, 1]",-0.4029000409184363,0.02727745946396716,left
Judicial case backlog size,"[91, 85, 110, 112, 118, 107, 95, 101, 110, 102, 114, 96, 88, 105, 99, 96, 92, 87, 98, 111, 92, 94, 109, 107, 96, 109, 96, 110, 107, 101]","[1, 1, 0, 0, 0, 0, 1, 1, 0, 1, 1, 1, 1, 1, 0, 1, 0, 0, 1, 0, 0, 1, 0, 0, 1, 0, 1, 1, 0, 1]",-0.4029000409184363,0.02727745946396716,right
Accessibility barrier prevalence,"[113, 104, 98, 105, 108, 75, 108, 89, 97, 78, 115, 104, 112, 113, 101, 86, 101, 98, 86, 111, 110, 86, 117, 88, 85, 108, 104, 95, 104, 105]","[0, 0, 0, 0, 0, 1, 0, 1, 1, 1, 0, 0, 1, 1, 0, 1, 1, 0, 1, 0, 0, 1, 0, 1, 0, 0, 0, 0, 1, 0]",-0.5267873798584063,0.002782912541352305,left
Accessibility barrier prevalence,"[113, 104, 98, 105, 108, 75, 108, 89, 97, 78, 115, 104, 112, 113, 101, 86, 101, 98, 86, 111, 110, 86, 117, 88, 85, 108, 104, 95, 104, 105]","[0, 0, 0, 0, 0, 1, 0, 1, 1, 1, 0, 0, 1, 1, 0, 1, 1, 0, 1, 0, 0, 1, 0, 1, 0, 0, 0, 0, 1, 0]",-0.5267873798584063,0.002782912541352305,right
Gun-related death rate,"[105, 108, 91, 114, 122, 92, 108, 89, 100, 92, 103, 94, 82, 92, 97, 89, 74, 80, 96, 120, 95, 79, 117, 98, 86, 110, 96, 111, 101, 95]","[1, 0, 1, 0, 0, 0, 1, 0, 0, 1, 0, 0, 1, 1, 0, 1, 1, 0, 1, 0, 1, 1, 0, 0, 1, 0, 1, 0, 1, 1]",-0.4844861069407916,0.00666515951548836,left
Gun-related death rate,"[105, 108, 91, 114, 122, 92, 108, 89, 100, 92, 103, 94, 82, 92, 97, 89, 74, 80, 96, 120, 95, 79, 117, 98, 86, 110, 96, 111, 101, 95]","[1, 0, 1, 0, 0, 0, 1, 0, 0, 1, 0, 0, 1, 1, 0, 1, 1, 0, 1, 0, 1, 1, 0, 0, 1, 0, 1, 0, 1, 1]",-0.4844861069407916,0.00666515951548836,right
Incarceration rate,"[92, 102, 86, 105, 102, 115, 98, 117, 115, 102, 109, 97, 97, 106, 112, 108, 91, 92, 109, 112, 92, 101, 105, 98, 109, 101, 102, 114, 92, 107]","[0, 0, 0, 1, 0, 0, 1, 0, 0, 0, 0, 1, 1, 0, 0, 0, 0, 1, 0, 0, 1, 1, 1, 1, 0, 0, 0, 0, 1, 0]",-0.4550590826853783,0.011514343012457528,left
Incarceration rate,"[92, 102, 86, 105, 102, 115, 98, 117, 115, 102, 109, 97, 97, 106, 112, 108, 91, 92, 109, 112, 92, 101, 105, 98, 109, 101, 102, 114, 92, 107]","[0, 0, 0, 1, 0, 0, 1, 0, 0, 0, 0, 1, 1, 0, 0, 0, 0, 1, 0, 0, 1, 1, 1, 1, 0, 0, 0, 0, 1, 0]",-0.4550590826853783,0.011514343012457528,right
Healthcare cost burden ratio,"[86, 94, 110, 106, 88, 104, 84, 103, 105, 94, 98, 98, 108, 101, 86, 103, 92, 108, 92, 102, 105, 81, 102, 107, 101, 87, 89, 107, 99, 106]","[0, 0, 0, 0, 1, 0, 1, 0, 0, 1, 1, 1, 1, 0, 1, 0, 1, 1, 1, 1, 0, 1, 1, 0, 1, 1, 1, 1, 1, 0]",-0.4250556068416967,0.019207625049185502,left
Healthcare cost burden ratio,"[86, 94, 110, 106, 88, 104, 84, 103, 105, 94, 98, 98, 108, 101, 86, 103, 92, 108, 92, 102, 105, 81, 102, 107, 101, 87, 89, 107, 99, 106]","[0, 0, 0, 0, 1, 0, 1, 0, 0, 1, 1, 1, 1, 0, 1, 0, 1, 1, 1, 1, 0, 1, 1, 0, 1, 1, 1, 1, 1, 0]",-0.4250556068416967,0.019207625049185502,right
Drug overdose death rate,"[111, 98, 98, 99, 85, 100, 101, 97, 101, 110, 111, 90, 109, 99, 92, 80, 92, 101, 92, 113, 92, 97, 99, 113, 110, 103, 105, 107, 113, 109]","[0, 1, 0, 0, 1, 0, 0, 1, 1, 1, 0, 1, 1, 0, 1, 1, 1, 0, 1, 1, 1, 1, 1, 0, 0, 1, 0, 0, 0, 0]",-0.5044585199141893,0.004473477622402909,left
Drug overdose death rate,"[111, 98, 98, 99, 85, 100, 101, 97, 101, 110, 111, 90, 109, 99, 92, 80, 92, 101, 92, 113, 92, 97, 99, 113, 110, 103, 105, 107, 113, 109]","[0, 1, 0, 0, 1, 0, 0, 1, 1, 1, 0, 1, 1, 0, 1, 1, 1, 0, 1, 1, 1, 1, 1, 0, 0, 1, 0, 0, 0, 0]",-0.5044585199141893,0.004473477622402909,right
Chronic disease prevalence,"[96, 111, 93, 117, 102, 91, 107, 93, 100, 81, 102, 118, 106, 93, 100, 84, 98, 82, 114, 106, 101, 88, 77, 109, 106, 97, 99, 100, 121, 96]","[1, 0, 0, 0, 0, 0, 1, 1, 0, 1, 0, 0, 0, 1, 0, 1, 1, 1, 1, 0, 0, 0, 1, 0, 1, 0, 1, 1, 0, 1]",-0.423042753306332,0.019847801076329705,left
Chronic disease prevalence,"[96, 111, 93, 117, 102, 91, 107, 93, 100, 81, 102, 118, 106, 93, 100, 84, 98, 82, 114, 106, 101, 88, 77, 109, 106, 97, 99, 100, 121, 96]","[1, 0, 0, 0, 0, 0, 1, 1, 0, 1, 0, 0, 0, 1, 0, 1, 1, 1, 1, 0, 0, 0, 1, 0, 1, 0, 1, 1, 0, 1]",-0.423042753306332,0.019847801076329705,right
Wait times for medical services,"[105, 100, 106, 95, 102, 83, 96, 105, 111, 108, 82, 114, 88, 103, 123, 107, 101, 98, 96, 96, 87, 92, 100, 96, 92, 106, 125, 94, 109, 93]","[0, 1, 0, 1, 0, 1, 0, 1, 0, 0, 1, 0, 0, 0, 0, 0, 0, 1, 1, 0, 1, 0, 1, 1, 0, 0, 0, 1, 0, 0]",-0.47351413217536376,0.008217026316618713,left
Wait times for medical services,"[105, 100, 106, 95, 102, 83, 96, 105, 111, 108, 82, 114, 88, 103, 123, 107, 101, 98, 96, 96, 87, 92, 100, 96, 92, 106, 125, 94, 109, 93]","[0, 1, 0, 1, 0, 1, 0, 1, 0, 0, 1, 0, 0, 0, 0, 0, 0, 1, 1, 0, 1, 0, 1, 1, 0, 0, 0, 1, 0, 0]",-0.47351413217536376,0.008217026316618713,right
Foster care instability rate,"[105, 87, 106, 90, 105, 81, 106, 108, 95, 113, 100, 106, 89, 106, 90, 111, 101, 114, 111, 109, 100, 86, 117, 97, 91, 98, 102, 114, 99, 85]","[0, 1, 0, 0, 1, 1, 0, 1, 1, 0, 0, 1, 1, 1, 1, 0, 0, 0, 0, 0, 1, 1, 0, 0, 1, 0, 0, 0, 1, 1]",-0.567757862414502,0.0010661919100706484,left
Foster care instability rate,"[105, 87, 106, 90, 105, 81, 106, 108, 95, 113, 100, 106, 89, 106, 90, 111, 101, 114, 111, 109, 100, 86, 117, 97, 91, 98, 102, 114, 99, 85]","[0, 1, 0, 0, 1, 1, 0, 1, 1, 0, 0, 1, 1, 1, 1, 0, 0, 0, 0, 0, 1, 1, 0, 0, 1, 0, 0, 0, 1, 1]",-0.567757862414502,0.0010661919100706484,right
Social isolation prevalence,"[106, 83, 100, 96, 105, 96, 97, 92, 101, 96, 110, 98, 100, 125, 97, 110, 93, 100, 95, 99, 94, 116, 108, 89, 88, 102, 100, 96, 94, 111]","[0, 1, 1, 1, 0, 1, 0, 1, 0, 0, 0, 1, 1, 0, 1, 1, 1, 0, 1, 1, 1, 0, 1, 0, 0, 0, 1, 1, 1, 0]",-0.37301698461937566,0.042333727322817045,left
Social isolation prevalence,"[106, 83, 100, 96, 105, 96, 97, 92, 101, 96, 110, 98, 100, 125, 97, 110, 93, 100, 95, 99, 94, 116, 108, 89, 88, 102, 100, 96, 94, 111]","[0, 1, 1, 1, 0, 1, 0, 1, 0, 0, 0, 1, 1, 0, 1, 1, 1, 0, 1, 1, 1, 0, 1, 0, 0, 0, 1, 1, 1, 0]",-0.37301698461937566,0.042333727322817045,right
Hate speech prevalence,"[89, 105, 96, 106, 103, 91, 106, 102, 104, 102, 90, 76, 90, 108, 97, 83, 109, 97, 115, 102, 104, 97, 112, 89, 99, 93, 117, 104, 110, 93]","[0, 1, 1, 0, 1, 1, 1, 0, 1, 0, 1, 1, 1, 0, 0, 1, 0, 0, 0, 1, 0, 1, 1, 0, 1, 1, 0, 0, 0, 1]",-0.3888978091894705,0.03367104465726532,left
Hate speech prevalence,"[89, 105, 96, 106, 103, 91, 106, 102, 104, 102, 90, 76, 90, 108, 97, 83, 109, 97, 115, 102, 104, 97, 112, 89, 99, 93, 117, 104, 110, 93]","[0, 1, 1, 0, 1, 1, 1, 0, 1, 0, 1, 1, 1, 0, 0, 1, 0, 0, 0, 1, 0, 1, 1, 0, 1, 1, 0, 0, 0, 1]",-0.3888978091894705,0.03367104465726532,right
Child poverty rate,"[90, 101, 93, 109, 95, 98, 90, 94, 121, 98, 102, 105, 85, 109, 118, 97, 104, 104, 122, 97, 106, 101, 102, 90, 103, 87, 110, 101, 99, 106]","[1, 1, 1, 0, 0, 0, 1, 1, 0, 1, 1, 0, 1, 0, 0, 1, 1, 0, 0, 1, 1, 1, 0, 1, 1, 1, 1, 0, 0, 1]",-0.5139798963493802,0.0036679387343949146,left
Child poverty rate,"[90, 101, 93, 109, 95, 98, 90, 94, 121, 98, 102, 105, 85, 109, 118, 97, 104, 104, 122, 97, 106, 101, 102, 90, 103, 87, 110, 101, 99, 106]","[1, 1, 1, 0, 0, 0, 1, 1, 0, 1, 1, 0, 1, 0, 0, 1, 1, 0, 0, 1, 1, 1, 0, 1, 1, 1, 1, 0, 0, 1]",-0.5139798963493802,0.0036679387343949146,right
Digital divide (internet access gap),"[109, 96, 109, 101, 110, 113, 100, 121, 88, 106, 105, 108, 97, 72, 92, 92, 90, 103, 99, 72, 98, 95, 108, 98, 103, 103, 106, 96, 94, 94]","[0, 0, 1, 0, 0, 0, 0, 0, 1, 1, 1, 0, 1, 1, 0, 1, 1, 1, 0, 1, 0, 0, 0, 0, 0, 0, 0, 0, 1, 0]",-0.42847008573402035,0.018160700386007374,left
Digital divide (internet access gap),"[109, 96, 109, 101, 110, 113, 100, 121, 88, 106, 105, 108, 97, 72, 92, 92, 90, 103, 99, 72, 98, 95, 108, 98, 103, 103, 106, 96, 94, 94]","[0, 0, 1, 0, 0, 0, 0, 0, 1, 1, 1, 0, 1, 1, 0, 1, 1, 1, 0, 1, 0, 0, 0, 0, 0, 0, 0, 0, 1, 0]",-0.42847008573402035,0.018160700386007374,right
Suicide rate,"[110, 87, 97, 92, 102, 107, 105, 98, 92, 95, 96, 100, 86, 107, 95, 107, 100, 87, 86, 101, 98, 101, 101, 107, 89, 86, 83, 86, 89, 88]","[0, 1, 0, 0, 1, 0, 0, 1, 1, 0, 0, 0, 1, 0, 0, 0, 0, 1, 1, 1, 0, 0, 0, 0, 0, 1, 0, 1, 1, 0]",-0.48815481810702416,0.006205251950614926,left
Suicide rate,"[110, 87, 97, 92, 102, 107, 105, 98, 92, 95, 96, 100, 86, 107, 95, 107, 100, 87, 86, 101, 98, 101, 101, 107, 89, 86, 83, 86, 89, 88]","[0, 1, 0, 0, 1, 0, 0, 1, 1, 0, 0, 0, 1, 0, 0, 0, 0, 1, 1, 1, 0, 0, 0, 0, 0, 1, 0, 1, 1, 0]",-0.48815481810702416,0.006205251950614926,right
Pretrial detention rate,"[110, 92, 84, 100, 110, 84, 102, 76, 111, 95, 96, 90, 106, 93, 107, 104, 97, 89, 108, 91, 101, 94, 97, 95, 87, 95, 108, 81, 101, 99]","[0, 1, 0, 0, 0, 1, 0, 1, 1, 0, 0, 1, 0, 1, 0, 1, 0, 0, 0, 0, 1, 0, 1, 1, 1, 0, 0, 1, 0, 0]",-0.38019568992341835,0.038220240433384546,left
Pretrial detention rate,"[110, 92, 84, 100, 110, 84, 102, 76, 111, 95, 96, 90, 106, 93, 107, 104, 97, 89, 108, 91, 101, 94, 97, 95, 87, 95, 108, 81, 101, 99]","[0, 1, 0, 0, 0, 1, 0, 1, 1, 0, 0, 1, 0, 1, 0, 1, 0, 0, 0, 0, 1, 0, 1, 1, 1, 0, 0, 1, 0, 0]",-0.38019568992341835,0.038220240433384546,right
Social isolation prevalence,"[94, 92, 111, 103, 97, 80, 105, 88, 103, 82, 102, 102, 87, 95, 103, 95, 82, 98, 109, 98, 106, 115, 96, 88, 99, 92, 94, 98, 107, 79]","[1, 0, 0, 1, 1, 1, 0, 0, 0, 1, 0, 1, 0, 0, 0, 0, 1, 0, 0, 1, 0, 0, 0, 1, 0, 0, 0, 1, 0, 1]",-0.4596867833211098,0.010598093720012677,left
Social isolation prevalence,"[94, 92, 111, 103, 97, 80, 105, 88, 103, 82, 102, 102, 87, 95, 103, 95, 82, 98, 109, 98, 106, 115, 96, 88, 99, 92, 94, 98, 107, 79]","[1, 0, 0, 1, 1, 1, 0, 0, 0, 1, 0, 1, 0, 0, 0, 0, 1, 0, 0, 1, 0, 0, 0, 1, 0, 0, 0, 1, 0, 1]",-0.4596867833211098,0.010598093720012677,right
Bureaucratic delay time,"[117, 90, 90, 91, 91, 78, 114, 93, 113, 101, 120, 83, 86, 110, 99, 103, 101, 104, 103, 108, 111, 110, 103, 82, 96, 109, 89, 107, 112, 90]","[0, 1, 1, 1, 1, 0, 0, 1, 0, 0, 0, 1, 1, 0, 1, 0, 0, 0, 1, 0, 0, 0, 1, 0, 0, 1, 1, 1, 1, 1]",-0.3962267065327594,0.030188515576231492,left
Bureaucratic delay time,"[117, 90, 90, 91, 91, 78, 114, 93, 113, 101, 120, 83, 86, 110, 99, 103, 101, 104, 103, 108, 111, 110, 103, 82, 96, 109, 89, 107, 112, 90]","[0, 1, 1, 1, 1, 0, 0, 1, 0, 0, 0, 1, 1, 0, 1, 0, 0, 0, 1, 0, 0, 0, 1, 0, 0, 1, 1, 1, 1, 1]",-0.3962267065327594,0.030188515576231492,right
Access gap to early childhood education,"[91, 98, 111, 105, 98, 91, 88, 94, 99, 96, 113, 117, 100, 110, 91, 94, 89, 77, 88, 98, 93, 103, 91, 101, 108, 95, 92, 96, 92, 84]","[0, 1, 0, 0, 0, 1, 1, 0, 1, 1, 0, 0, 1, 0, 0, 1, 1, 1, 0, 1, 1, 0, 1, 1, 0, 1, 0, 0, 1, 1]",-0.4750062523731017,0.00798954844661241,left
Access gap to early childhood education,"[91, 98, 111, 105, 98, 91, 88, 94, 99, 96, 113, 117, 100, 110, 91, 94, 89, 77, 88, 98, 93, 103, 91, 101, 108, 95, 92, 96, 92, 84]","[0, 1, 0, 0, 0, 1, 1, 0, 1, 1, 0, 0, 1, 0, 0, 1, 1, 1, 0, 1, 1, 0, 1, 1, 0, 1, 0, 0, 1, 1]",-0.4750062523731017,0.00798954844661241,right
Underemployment rate,"[112, 110, 95, 94, 99, 111, 87, 100, 108, 78, 91, 101, 100, 81, 119, 109, 109, 102, 96, 111, 101, 105, 112, 99, 83, 108, 114, 95, 93, 102]","[0, 0, 1, 1, 0, 0, 1, 1, 1, 1, 1, 1, 0, 1, 1, 0, 0, 0, 0, 0, 0, 0, 0, 0, 1, 0, 0, 1, 0, 0]",-0.528248736811741,0.0026947588607933413,left
Underemployment rate,"[112, 110, 95, 94, 99, 111, 87, 100, 108, 78, 91, 101, 100, 81, 119, 109, 109, 102, 96, 111, 101, 105, 112, 99, 83, 108, 114, 95, 93, 102]","[0, 0, 1, 1, 0, 0, 1, 1, 1, 1, 1, 1, 0, 1, 1, 0, 0, 0, 0, 0, 0, 0, 0, 0, 1, 0, 0, 1, 0, 0]",-0.528248736811741,0.0026947588607933413,right
Access gap to eldercare services,"[90, 115, 94, 100, 94, 106, 96, 81, 104, 118, 81, 106, 95, 86, 101, 92, 93, 98, 99, 99, 93, 97, 109, 116, 99, 103, 105, 96, 100, 96]","[1, 0, 1, 0, 1, 1, 0, 1, 0, 0, 1, 0, 1, 0, 0, 1, 1, 1, 0, 1, 0, 1, 0, 0, 0, 1, 0, 0, 0, 1]",-0.4825824118306237,0.006914999539903715,left
Access gap to eldercare services,"[90, 115, 94, 100, 94, 106, 96, 81, 104, 118, 81, 106, 95, 86, 101, 92, 93, 98, 99, 99, 93, 97, 109, 116, 99, 103, 105, 96, 100, 96]","[1, 0, 1, 0, 1, 1, 0, 1, 0, 0, 1, 0, 1, 0, 0, 1, 1, 1, 0, 1, 0, 1, 0, 0, 0, 1, 0, 0, 0, 1]",-0.4825824118306237,0.006914999539903715,right
Violent crime rate,"[81, 90, 93, 94, 105, 93, 94, 93, 98, 105, 96, 104, 98, 93, 99, 84, 104, 97, 94, 93, 101, 100, 115, 117, 113, 114, 104, 98, 104, 99]","[1, 0, 1, 1, 0, 1, 1, 1, 0, 1, 1, 0, 0, 1, 1, 1, 1, 1, 0, 0, 0, 1, 0, 0, 0, 0, 1, 0, 0, 0]",-0.45250346393365337,0.012048184196182962,left
Violent crime rate,"[81, 90, 93, 94, 105, 93, 94, 93, 98, 105, 96, 104, 98, 93, 99, 84, 104, 97, 94, 93, 101, 100, 115, 117, 113, 114, 104, 98, 104, 99]","[1, 0, 1, 1, 0, 1, 1, 1, 0, 1, 1, 0, 0, 1, 1, 1, 1, 1, 0, 0, 0, 1, 0, 0, 0, 0, 1, 0, 0, 0]",-0.45250346393365337,0.012048184196182962,right
Misinformation prevalence,"[112, 107, 110, 103, 95, 102, 94, 89, 91, 104, 101, 91, 111, 94, 106, 94, 105, 85, 108, 100, 105, 117, 101, 96, 105, 105, 97, 108, 93, 101]","[0, 0, 1, 0, 0, 1, 1, 1, 1, 1, 1, 1, 0, 1, 0, 0, 1, 1, 0, 0, 0, 0, 1, 0, 1, 0, 0, 0, 0, 1]",-0.36563640592390806,0.04692428340406034,left
Misinformation prevalence,"[112, 107, 110, 103, 95, 102, 94, 89, 91, 104, 101, 91, 111, 94, 106, 94, 105, 85, 108, 100, 105, 117, 101, 96, 105, 105, 97, 108, 93, 101]","[0, 0, 1, 0, 0, 1, 1, 1, 1, 1, 1, 1, 0, 1, 0, 0, 1, 1, 0, 0, 0, 0, 1, 0, 1, 0, 0, 0, 0, 1]",-0.36563640592390806,0.04692428340406034,right
Political polarization index,"[107, 102, 98, 110, 99, 100, 115, 88, 103, 105, 92, 84, 90, 95, 106, 91, 90, 108, 110, 95, 98, 81, 100, 81, 103, 96, 85, 81, 100, 96]","[0, 0, 0, 0, 1, 0, 0, 0, 0, 0, 1, 1, 1, 0, 1, 0, 1, 0, 0, 1, 1, 1, 1, 1, 0, 1, 1, 0, 0, 1]",-0.47338138531739,0.008237526478520826,left
Political polarization index,"[107, 102, 98, 110, 99, 100, 115, 88, 103, 105, 92, 84, 90, 95, 106, 91, 90, 108, 110, 95, 98, 81, 100, 81, 103, 96, 85, 81, 100, 96]","[0, 0, 0, 0, 1, 0, 0, 0, 0, 0, 1, 1, 1, 0, 1, 0, 1, 0, 0, 1, 1, 1, 1, 1, 0, 1, 1, 0, 0, 1]",-0.47338138531739,0.008237526478520826,right
Foster care instability rate,"[110, 105, 115, 104, 86, 109, 115, 84, 113, 108, 104, 90, 101, 113, 97, 103, 88, 87, 96, 92, 88, 89, 95, 107, 104, 95, 96, 92, 96, 135]","[1, 1, 0, 0, 1, 1, 0, 1, 0, 0, 1, 1, 0, 1, 1, 0, 1, 1, 0, 0, 1, 1, 0, 1, 0, 1, 1, 1, 1, 0]",-0.45184604635514236,0.012188813853445762,left
Foster care instability rate,"[110, 105, 115, 104, 86, 109, 115, 84, 113, 108, 104, 90, 101, 113, 97, 103, 88, 87, 96, 92, 88, 89, 95, 107, 104, 95, 96, 92, 96, 135]","[1, 1, 0, 0, 1, 1, 0, 1, 0, 0, 1, 1, 0, 1, 1, 0, 1, 1, 0, 0, 1, 1, 0, 1, 0, 1, 1, 1, 1, 0]",-0.45184604635514236,0.012188813853445762,right
Gender pay gap,"[88, 110, 113, 101, 101, 98, 85, 102, 102, 98, 103, 95, 81, 110, 114, 97, 106, 98, 90, 111, 88, 85, 87, 101, 88, 115, 105, 93, 112, 101]","[1, 0, 1, 0, 1, 0, 1, 0, 1, 0, 1, 0, 1, 0, 0, 0, 1, 1, 0, 0, 1, 1, 0, 0, 1, 0, 0, 1, 0, 1]",-0.4045308822825664,0.02660202425607316,left
Gender pay gap,"[88, 110, 113, 101, 101, 98, 85, 102, 102, 98, 103, 95, 81, 110, 114, 97, 106, 98, 90, 111, 88, 85, 87, 101, 88, 115, 105, 93, 112, 101]","[1, 0, 1, 0, 1, 0, 1, 0, 1, 0, 1, 0, 1, 0, 0, 0, 1, 1, 0, 0, 1, 1, 0, 0, 1, 0, 0, 1, 0, 1]",-0.4045308822825664,0.02660202425607316,right
Child poverty rate,"[113, 98, 100, 66, 105, 100, 97, 109, 93, 109, 80, 107, 98, 95, 82, 106, 98, 113, 109, 93, 111, 97, 100, 111, 107, 96, 102, 92, 103, 103]","[0, 1, 1, 1, 0, 1, 1, 0, 1, 0, 1, 1, 1, 1, 1, 0, 1, 1, 0, 1, 1, 0, 1, 0, 0, 1, 1, 1, 1, 1]",-0.48609622993853574,0.006459871607346697,left
Child poverty rate,"[113, 98, 100, 66, 105, 100, 97, 109, 93, 109, 80, 107, 98, 95, 82, 106, 98, 113, 109, 93, 111, 97, 100, 111, 107, 96, 102, 92, 103, 103]","[0, 1, 1, 1, 0, 1, 1, 0, 1, 0, 1, 1, 1, 1, 1, 0, 1, 1, 0, 1, 1, 0, 1, 0, 0, 1, 1, 1, 1, 1]",-0.48609622993853574,0.006459871607346697,right
Access gap to clean drinking water,"[103, 99, 111, 106, 104, 93, 98, 105, 93, 97, 109, 98, 109, 95, 103, 99, 92, 94, 85, 90, 104, 93, 111, 108, 99, 107, 93, 119, 105, 95]","[0, 0, 1, 1, 1, 1, 1, 0, 1, 0, 0, 0, 0, 1, 0, 0, 1, 1, 1, 1, 1, 1, 0, 0, 1, 0, 1, 0, 1, 0]",-0.4805453656754651,0.0071910968563980715,left
Access gap to clean drinking water,"[103, 99, 111, 106, 104, 93, 98, 105, 93, 97, 109, 98, 109, 95, 103, 99, 92, 94, 85, 90, 104, 93, 111, 108, 99, 107, 93, 119, 105, 95]","[0, 0, 1, 1, 1, 1, 1, 0, 1, 0, 0, 0, 0, 1, 0, 0, 1, 1, 1, 1, 1, 1, 0, 0, 1, 0, 1, 0, 1, 0]",-0.4805453656754651,0.0071910968563980715,right
Cybercrime incidence rate,"[99, 86, 99, 102, 97, 91, 98, 106, 91, 116, 97, 85, 103, 98, 115, 119, 97, 97, 99, 105, 83, 112, 89, 95, 126, 104, 92, 111, 109, 106]","[0, 1, 1, 0, 1, 0, 1, 1, 1, 0, 0, 1, 1, 1, 0, 0, 1, 0, 0, 1, 1, 0, 1, 1, 1, 0, 1, 0, 0, 0]",-0.4236558503959986,0.01965097232740255,left
Cybercrime incidence rate,"[99, 86, 99, 102, 97, 91, 98, 106, 91, 116, 97, 85, 103, 98, 115, 119, 97, 97, 99, 105, 83, 112, 89, 95, 126, 104, 92, 111, 109, 106]","[0, 1, 1, 0, 1, 0, 1, 1, 1, 0, 0, 1, 1, 1, 0, 0, 1, 0, 0, 1, 1, 0, 1, 1, 1, 0, 1, 0, 0, 0]",-0.4236558503959986,0.01965097232740255,right
Drug overdose death rate,"[95, 81, 105, 85, 104, 101, 109, 107, 94, 95, 102, 95, 100, 93, 99, 89, 91, 101, 88, 114, 101, 92, 109, 120, 90, 111, 99, 101, 96, 104]","[1, 1, 0, 1, 0, 1, 0, 0, 1, 0, 1, 1, 1, 1, 1, 0, 1, 0, 0, 0, 1, 1, 0, 0, 1, 0, 1, 1, 1, 0]",-0.5338923690722065,0.0023765501409362387,left
Drug overdose death rate,"[95, 81, 105, 85, 104, 101, 109, 107, 94, 95, 102, 95, 100, 93, 99, 89, 91, 101, 88, 114, 101, 92, 109, 120, 90, 111, 99, 101, 96, 104]","[1, 1, 0, 1, 0, 1, 0, 0, 1, 0, 1, 1, 1, 1, 1, 0, 1, 0, 0, 0, 1, 1, 0, 0, 1, 0, 1, 1, 1, 0]",-0.5338923690722065,0.0023765501409362387,right
Public transport access gap,"[97, 94, 105, 96, 109, 91, 111, 104, 108, 88, 117, 85, 94, 108, 101, 103, 105, 99, 81, 98, 81, 93, 94, 103, 112, 111, 96, 87, 111, 119]","[0, 1, 0, 0, 0, 0, 1, 0, 0, 1, 0, 1, 0, 0, 0, 1, 0, 1, 1, 0, 1, 1, 0, 1, 0, 1, 1, 1, 0, 0]",-0.46071906971473053,0.010402292874757257,left
Public transport access gap,"[97, 94, 105, 96, 109, 91, 111, 104, 108, 88, 117, 85, 94, 108, 101, 103, 105, 99, 81, 98, 81, 93, 94, 103, 112, 111, 96, 87, 111, 119]","[0, 1, 0, 0, 0, 0, 1, 0, 0, 1, 0, 1, 0, 0, 0, 1, 0, 1, 1, 0, 1, 1, 0, 1, 0, 1, 1, 1, 0, 0]",-0.46071906971473053,0.010402292874757257,right
Waste generation per capita,"[102, 115, 75, 89, 107, 112, 74, 78, 106, 105, 110, 101, 98, 98, 93, 83, 112, 97, 110, 90, 111, 96, 102, 112, 102, 108, 112, 109, 110, 102]","[0, 0, 1, 0, 0, 1, 1, 1, 1, 0, 1, 1, 1, 1, 1, 1, 0, 0, 1, 1, 1, 1, 0, 0, 1, 0, 0, 0, 0, 0]",-0.4308404522677068,0.017462040080366458,left
Waste generation per capita,"[102, 115, 75, 89, 107, 112, 74, 78, 106, 105, 110, 101, 98, 98, 93, 83, 112, 97, 110, 90, 111, 96, 102, 112, 102, 108, 112, 109, 110, 102]","[0, 0, 1, 0, 0, 1, 1, 1, 1, 0, 1, 1, 1, 1, 1, 1, 0, 0, 1, 1, 1, 1, 0, 0, 1, 0, 0, 0, 0, 0]",-0.4308404522677068,0.017462040080366458,right
Access gap to legal representation,"[112, 111, 106, 119, 80, 86, 94, 99, 105, 90, 89, 101, 94, 85, 99, 116, 100, 109, 87, 114, 109, 107, 95, 101, 110, 117, 97, 99, 92, 103]","[0, 0, 1, 0, 1, 0, 0, 1, 1, 1, 1, 0, 0, 1, 1, 0, 1, 0, 1, 0, 1, 0, 1, 0, 0, 0, 1, 0, 0, 0]",-0.46412104987378655,0.009778400316337928,left
Access gap to legal representation,"[112, 111, 106, 119, 80, 86, 94, 99, 105, 90, 89, 101, 94, 85, 99, 116, 100, 109, 87, 114, 109, 107, 95, 101, 110, 117, 97, 99, 92, 103]","[0, 0, 1, 0, 1, 0, 0, 1, 1, 1, 1, 0, 0, 1, 1, 0, 1, 0, 1, 0, 1, 0, 1, 0, 0, 0, 1, 0, 0, 0]",-0.46412104987378655,0.009778400316337928,right
Housing cost burden rate,"[105, 111, 92, 106, 117, 100, 116, 114, 114, 96, 94, 112, 94, 99, 120, 81, 96, 115, 99, 108, 98, 98, 104, 89, 96, 105, 110, 108, 91, 95]","[0, 0, 1, 1, 1, 1, 0, 1, 0, 1, 1, 0, 1, 0, 0, 0, 0, 0, 1, 0, 1, 1, 1, 1, 1, 0, 1, 0, 1, 1]",-0.38246558180768586,0.036988589895228824,left
Housing cost burden rate,"[105, 111, 92, 106, 117, 100, 116, 114, 114, 96, 94, 112, 94, 99, 120, 81, 96, 115, 99, 108, 98, 98, 104, 89, 96, 105, 110, 108, 91, 95]","[0, 0, 1, 1, 1, 1, 0, 1, 0, 1, 1, 0, 1, 0, 0, 0, 0, 0, 1, 0, 1, 1, 1, 1, 1, 0, 1, 0, 1, 1]",-0.38246558180768586,0.036988589895228824,right
Homicide rate,"[100, 94, 98, 104, 103, 120, 87, 96, 103, 99, 95, 101, 100, 103, 102, 92, 77, 105, 90, 109, 99, 98, 92, 96, 91, 109, 112, 99, 111, 100]","[1, 0, 0, 0, 1, 0, 1, 1, 1, 1, 0, 1, 0, 1, 1, 0, 1, 0, 1, 0, 0, 0, 0, 1, 1, 0, 0, 0, 0, 0]",-0.37452534590010084,0.04144130957731679,left
Homicide rate,"[100, 94, 98, 104, 103, 120, 87, 96, 103, 99, 95, 101, 100, 103, 102, 92, 77, 105, 90, 109, 99, 98, 92, 96, 91, 109, 112, 99, 111, 100]","[1, 0, 0, 0, 1, 0, 1, 1, 1, 1, 0, 1, 0, 1, 1, 0, 1, 0, 1, 0, 0, 0, 0, 1, 1, 0, 0, 0, 0, 0]",-0.37452534590010084,0.04144130957731679,right
Healthcare access gap,"[103, 98, 120, 108, 74, 115, 101, 95, 102, 91, 110, 83, 88, 95, 108, 98, 99, 92, 92, 89, 103, 103, 105, 99, 109, 99, 104, 107, 94, 117]","[0, 1, 0, 0, 1, 0, 0, 1, 1, 0, 0, 0, 1, 0, 0, 0, 1, 1, 1, 1, 1, 1, 1, 1, 0, 0, 1, 0, 0, 0]",-0.3918172103717572,0.03224683465888673,left
Healthcare access gap,"[103, 98, 120, 108, 74, 115, 101, 95, 102, 91, 110, 83, 88, 95, 108, 98, 99, 92, 92, 89, 103, 103, 105, 99, 109, 99, 104, 107, 94, 117]","[0, 1, 0, 0, 1, 0, 0, 1, 1, 0, 0, 0, 1, 0, 0, 0, 1, 1, 1, 1, 1, 1, 1, 1, 0, 0, 1, 0, 0, 0]",-0.3918172103717572,0.03224683465888673,right
Public space safety concerns rate,"[100, 120, 110, 80, 109, 88, 88, 107, 91, 90, 99, 113, 107, 98, 98, 105, 82, 112, 103, 104, 102, 98, 111, 91, 95, 102, 91, 111, 112, 115]","[1, 0, 0, 0, 0, 1, 1, 0, 1, 0, 0, 0, 0, 1, 1, 0, 1, 0, 0, 0, 0, 0, 0, 1, 0, 1, 0, 0, 0, 0]",-0.5190974116569842,0.0032889472018205667,left
Public space safety concerns rate,"[100, 120, 110, 80, 109, 88, 88, 107, 91, 90, 99, 113, 107, 98, 98, 105, 82, 112, 103, 104, 102, 98, 111, 91, 95, 102, 91, 111, 112, 115]","[1, 0, 0, 0, 0, 1, 1, 0, 1, 0, 0, 0, 0, 1, 1, 0, 1, 0, 0, 0, 0, 0, 0, 1, 0, 1, 0, 0, 0, 0]",-0.5190974116569842,0.0032889472018205667,right
Underemployment rate,"[101, 82, 97, 103, 91, 95, 94, 95, 125, 117, 101, 83, 94, 75, 130, 97, 111, 93, 107, 97, 113, 97, 103, 100, 102, 94, 104, 73, 87, 94]","[0, 0, 0, 0, 0, 1, 0, 1, 0, 0, 0, 0, 0, 1, 0, 0, 1, 1, 0, 1, 0, 1, 0, 0, 0, 1, 0, 1, 1, 1]",-0.40404897761724096,0.026800175263479734,left
Underemployment rate,"[101, 82, 97, 103, 91, 95, 94, 95, 125, 117, 101, 83, 94, 75, 130, 97, 111, 93, 107, 97, 113, 97, 103, 100, 102, 94, 104, 73, 87, 94]","[0, 0, 0, 0, 0, 1, 0, 1, 0, 0, 0, 0, 0, 1, 0, 0, 1, 1, 0, 1, 0, 1, 0, 0, 0, 1, 0, 1, 1, 1]",-0.40404897761724096,0.026800175263479734,right
Access gap to eldercare services,"[89, 120, 109, 95, 89, 114, 93, 114, 88, 123, 97, 107, 96, 97, 93, 104, 90, 101, 98, 105, 77, 105, 117, 129, 95, 77, 89, 82, 93, 108]","[0, 1, 0, 1, 1, 0, 1, 0, 1, 0, 0, 0, 1, 1, 1, 1, 0, 1, 1, 0, 1, 1, 0, 0, 0, 1, 1, 1, 0, 0]",-0.48344805394828444,0.006800425239965864,left
Access gap to eldercare services,"[89, 120, 109, 95, 89, 114, 93, 114, 88, 123, 97, 107, 96, 97, 93, 104, 90, 101, 98, 105, 77, 105, 117, 129, 95, 77, 89, 82, 93, 108]","[0, 1, 0, 1, 1, 0, 1, 0, 1, 0, 0, 0, 1, 1, 1, 1, 0, 1, 1, 0, 1, 1, 0, 0, 0, 1, 1, 1, 0, 0]",-0.48344805394828444,0.006800425239965864,right
Long-term unemployment rate,"[96, 92, 110, 103, 96, 94, 112, 95, 114, 99, 105, 111, 107, 104, 101, 100, 99, 100, 104, 118, 95, 94, 105, 107, 107, 114, 99, 88, 97, 85]","[0, 1, 0, 1, 1, 1, 1, 1, 0, 1, 0, 0, 1, 1, 1, 0, 1, 0, 1, 0, 0, 1, 1, 0, 1, 0, 0, 1, 1, 1]",-0.4231279659338449,0.019820347502492876,left
Long-term unemployment rate,"[96, 92, 110, 103, 96, 94, 112, 95, 114, 99, 105, 111, 107, 104, 101, 100, 99, 100, 104, 118, 95, 94, 105, 107, 107, 114, 99, 88, 97, 85]","[0, 1, 0, 1, 1, 1, 1, 1, 0, 1, 0, 0, 1, 1, 1, 0, 1, 0, 1, 0, 0, 1, 1, 0, 1, 0, 0, 1, 1, 1]",-0.4231279659338449,0.019820347502492876,right
Youth unemployment rate,"[104, 103, 80, 95, 105, 100, 101, 99, 110, 110, 115, 95, 102, 94, 111, 89, 116, 108, 104, 99, 101, 88, 95, 116, 99, 92, 95, 99, 104, 103]","[0, 0, 1, 0, 1, 1, 1, 0, 0, 0, 0, 0, 0, 1, 0, 1, 0, 0, 1, 0, 1, 1, 1, 0, 1, 1, 1, 0, 1, 0]",-0.5485717260527343,0.0016963693766712566,left
Youth unemployment rate,"[104, 103, 80, 95, 105, 100, 101, 99, 110, 110, 115, 95, 102, 94, 111, 89, 116, 108, 104, 99, 101, 88, 95, 116, 99, 92, 95, 99, 104, 103]","[0, 0, 1, 0, 1, 1, 1, 0, 0, 0, 0, 0, 0, 1, 0, 1, 0, 0, 1, 0, 1, 1, 1, 0, 1, 1, 1, 0, 1, 0]",-0.5485717260527343,0.0016963693766712566,right
Greenhouse gas emissions per capita,"[98, 82, 109, 96, 95, 96, 97, 89, 105, 84, 109, 95, 97, 99, 109, 91, 78, 103, 104, 84, 97, 120, 94, 92, 113, 90, 72, 106, 121, 101]","[0, 1, 0, 1, 0, 1, 1, 1, 1, 1, 0, 0, 0, 0, 0, 0, 0, 1, 0, 0, 1, 0, 1, 1, 0, 0, 1, 0, 0, 0]",-0.38443479567656336,0.0359461430584349,left
Greenhouse gas emissions per capita,"[98, 82, 109, 96, 95, 96, 97, 89, 105, 84, 109, 95, 97, 99, 109, 91, 78, 103, 104, 84, 97, 120, 94, 92, 113, 90, 72, 106, 121, 101]","[0, 1, 0, 1, 0, 1, 1, 1, 1, 1, 0, 0, 0, 0, 0, 0, 0, 1, 0, 0, 1, 0, 1, 1, 0, 0, 1, 0, 0, 0]",-0.38443479567656336,0.0359461430584349,right
Racial income gap,"[105, 97, 108, 90, 115, 79, 108, 109, 105, 100, 106, 108, 113, 98, 98, 97, 103, 115, 94, 92, 87, 103, 118, 98, 98, 110, 100, 88, 99, 96]","[0, 0, 0, 1, 0, 1, 1, 1, 1, 1, 0, 1, 0, 1, 1, 0, 1, 0, 0, 1, 1, 1, 0, 0, 0, 0, 0, 1, 1, 1]",-0.4256417623142072,0.019024440954902987,left
Racial income gap,"[105, 97, 108, 90, 115, 79, 108, 109, 105, 100, 106, 108, 113, 98, 98, 97, 103, 115, 94, 92, 87, 103, 118, 98, 98, 110, 100, 88, 99, 96]","[0, 0, 0, 1, 0, 1, 1, 1, 1, 1, 0, 1, 0, 1, 1, 0, 1, 0, 0, 1, 1, 1, 0, 0, 0, 0, 0, 1, 1, 1]",-0.4256417623142072,0.019024440954902987,right
Water pollution level,"[92, 122, 95, 110, 102, 97, 108, 101, 113, 99, 108, 97, 86, 88, 107, 103, 92, 104, 119, 97, 96, 87, 119, 120, 103, 102, 103, 102, 76, 107]","[1, 0, 0, 1, 1, 0, 1, 1, 0, 0, 0, 1, 0, 1, 1, 0, 0, 0, 0, 1, 1, 1, 0, 0, 1, 1, 0, 0, 1, 0]",-0.3779326270898439,0.039480769905471086,left
Water pollution level,"[92, 122, 95, 110, 102, 97, 108, 101, 113, 99, 108, 97, 86, 88, 107, 103, 92, 104, 119, 97, 96, 87, 119, 120, 103, 102, 103, 102, 76, 107]","[1, 0, 0, 1, 1, 0, 1, 1, 0, 0, 0, 1, 0, 1, 1, 0, 0, 0, 0, 1, 1, 1, 0, 0, 1, 1, 0, 0, 1, 0]",-0.3779326270898439,0.039480769905471086,right
Human trafficking incidence rate,"[116, 90, 108, 84, 102, 112, 91, 99, 90, 107, 119, 102, 102, 115, 108, 101, 88, 95, 92, 110, 106, 104, 109, 95, 98, 108, 106, 115, 89, 118]","[0, 1, 0, 1, 1, 0, 1, 1, 0, 1, 0, 1, 0, 0, 1, 1, 1, 1, 0, 0, 1, 0, 0, 1, 0, 1, 1, 1, 1, 0]",-0.4113200665143816,0.023935245261190483,left
Human trafficking incidence rate,"[116, 90, 108, 84, 102, 112, 91, 99, 90, 107, 119, 102, 102, 115, 108, 101, 88, 95, 92, 110, 106, 104, 109, 95, 98, 108, 106, 115, 89, 118]","[0, 1, 0, 1, 1, 0, 1, 1, 0, 1, 0, 1, 0, 0, 1, 1, 1, 1, 0, 0, 1, 0, 0, 1, 0, 1, 1, 1, 1, 0]",-0.4113200665143816,0.023935245261190483,right
Infant mortality rate,"[99, 84, 95, 90, 84, 101, 74, 83, 104, 89, 102, 97, 99, 100, 104, 97, 94, 93, 114, 98, 100, 99, 99, 108, 110, 101, 86, 90, 89, 106]","[0, 1, 0, 1, 1, 0, 1, 1, 1, 0, 0, 1, 1, 0, 0, 1, 0, 0, 0, 0, 0, 1, 1, 0, 0, 1, 0, 1, 0, 0]",-0.39324064265177894,0.03157033023041894,left
Infant mortality rate,"[99, 84, 95, 90, 84, 101, 74, 83, 104, 89, 102, 97, 99, 100, 104, 97, 94, 93, 114, 98, 100, 99, 99, 108, 110, 101, 86, 90, 89, 106]","[0, 1, 0, 1, 1, 0, 1, 1, 1, 0, 0, 1, 1, 0, 0, 1, 0, 0, 0, 0, 0, 1, 1, 0, 0, 1, 0, 1, 0, 0]",-0.39324064265177894,0.03157033023041894,right
Greenhouse gas emissions per capita,"[94, 103, 100, 93, 88, 104, 105, 93, 110, 102, 87, 102, 109, 104, 101, 107, 97, 98, 102, 108, 98, 101, 94, 119, 81, 91, 99, 109, 89, 104]","[0, 1, 1, 0, 1, 0, 1, 1, 0, 0, 1, 1, 0, 0, 1, 0, 0, 1, 0, 0, 0, 0, 0, 0, 1, 1, 0, 0, 1, 1]",-0.4616914532187113,0.010220644127598493,left
Greenhouse gas emissions per capita,"[94, 103, 100, 93, 88, 104, 105, 93, 110, 102, 87, 102, 109, 104, 101, 107, 97, 98, 102, 108, 98, 101, 94, 119, 81, 91, 99, 109, 89, 104]","[0, 1, 1, 0, 1, 0, 1, 1, 0, 0, 1, 1, 0, 0, 1, 0, 0, 1, 0, 0, 0, 0, 0, 0, 1, 1, 0, 0, 1, 1]",-0.4616914532187113,0.010220644127598493,right
Social isolation prevalence,"[102, 98, 92, 111, 117, 99, 95, 107, 95, 97, 96, 91, 94, 105, 92, 109, 112, 112, 102, 89, 85, 101, 110, 99, 98, 94, 113, 77, 116, 82]","[0, 0, 0, 0, 0, 0, 1, 0, 0, 1, 1, 0, 1, 0, 1, 1, 0, 1, 0, 1, 1, 0, 0, 1, 0, 0, 0, 1, 0, 1]",-0.47355453758551114,0.008210795056802306,left
Social isolation prevalence,"[102, 98, 92, 111, 117, 99, 95, 107, 95, 97, 96, 91, 94, 105, 92, 109, 112, 112, 102, 89, 85, 101, 110, 99, 98, 94, 113, 77, 116, 82]","[0, 0, 0, 0, 0, 0, 1, 0, 0, 1, 1, 0, 1, 0, 1, 1, 0, 1, 0, 1, 1, 0, 0, 1, 0, 0, 0, 1, 0, 1]",-0.47355453758551114,0.008210795056802306,right
Deforestation rate,"[104, 96, 102, 97, 99, 87, 115, 99, 111, 108, 91, 99, 105, 109, 111, 91, 98, 87, 102, 110, 97, 100, 102, 99, 91, 110, 99, 77, 96, 85]","[0, 1, 1, 0, 0, 1, 1, 1, 1, 0, 1, 1, 0, 0, 0, 0, 1, 1, 0, 0, 1, 1, 0, 0, 1, 0, 0, 1, 1, 1]",-0.4385493430677633,0.015341998437333105,left
Deforestation rate,"[104, 96, 102, 97, 99, 87, 115, 99, 111, 108, 91, 99, 105, 109, 111, 91, 98, 87, 102, 110, 97, 100, 102, 99, 91, 110, 99, 77, 96, 85]","[0, 1, 1, 0, 0, 1, 1, 1, 1, 0, 1, 1, 0, 0, 0, 0, 1, 1, 0, 0, 1, 1, 0, 0, 1, 0, 0, 1, 1, 1]",-0.4385493430677633,0.015341998437333105,right
Racial incarceration disparity,"[105, 92, 93, 90, 99, 102, 107, 105, 108, 113, 96, 101, 101, 89, 92, 110, 83, 112, 100, 98, 99, 96, 97, 100, 101, 107, 90, 98, 107, 106]","[1, 1, 1, 1, 1, 0, 0, 0, 1, 0, 1, 0, 1, 1, 0, 0, 1, 0, 1, 1, 0, 0, 1, 0, 1, 1, 1, 1, 1, 1]",-0.3660910913795283,0.046630502805102815,left
Racial incarceration disparity,"[105, 92, 93, 90, 99, 102, 107, 105, 108, 113, 96, 101, 101, 89, 92, 110, 83, 112, 100, 98, 99, 96, 97, 100, 101, 107, 90, 98, 107, 106]","[1, 1, 1, 1, 1, 0, 0, 0, 1, 0, 1, 0, 1, 1, 0, 0, 1, 0, 1, 1, 0, 0, 1, 0, 1, 1, 1, 1, 1, 1]",-0.3660910913795283,0.046630502805102815,right
Judicial case backlog size,"[111, 104, 96, 95, 91, 87, 116, 105, 111, 100, 83, 88, 102, 107, 102, 111, 102, 111, 97, 116, 90, 104, 101, 101, 108, 85, 97, 103, 85, 88]","[1, 1, 0, 1, 1, 1, 0, 0, 1, 1, 1, 1, 0, 1, 0, 0, 1, 1, 1, 0, 1, 1, 1, 0, 0, 1, 0, 0, 1, 1]",-0.42965886915854185,0.017807473164556914,left
Judicial case backlog size,"[111, 104, 96, 95, 91, 87, 116, 105, 111, 100, 83, 88, 102, 107, 102, 111, 102, 111, 97, 116, 90, 104, 101, 101, 108, 85, 97, 103, 85, 88]","[1, 1, 0, 1, 1, 1, 0, 0, 1, 1, 1, 1, 0, 1, 0, 0, 1, 1, 1, 0, 1, 1, 1, 0, 0, 1, 0, 0, 1, 1]",-0.42965886915854185,0.017807473164556914,right
Child poverty rate,"[82, 101, 88, 103, 90, 90, 99, 107, 112, 102, 98, 84, 109, 113, 91, 81, 91, 105, 99, 107, 102, 95, 112, 99, 107, 100, 98, 114, 93, 97]","[1, 1, 1, 1, 0, 0, 0, 1, 0, 0, 1, 1, 0, 0, 1, 1, 1, 0, 0, 1, 0, 1, 0, 0, 0, 0, 0, 0, 1, 0]",-0.489755719267884,0.0060131885943121325,left
Child poverty rate,"[82, 101, 88, 103, 90, 90, 99, 107, 112, 102, 98, 84, 109, 113, 91, 81, 91, 105, 99, 107, 102, 95, 112, 99, 107, 100, 98, 114, 93, 97]","[1, 1, 1, 1, 0, 0, 0, 1, 0, 0, 1, 1, 0, 0, 1, 1, 1, 0, 0, 1, 0, 1, 0, 0, 0, 0, 0, 0, 1, 0]",-0.489755719267884,0.0060131885943121325,right
Digital divide (internet access gap),"[98, 90, 98, 124, 105, 105, 126, 99, 117, 112, 103, 114, 100, 112, 126, 97, 100, 120, 102, 84, 112, 89, 98, 118, 120, 103, 106, 106, 101, 124]","[0, 0, 1, 0, 1, 0, 0, 1, 0, 0, 0, 0, 1, 0, 0, 0, 1, 0, 0, 1, 0, 1, 1, 1, 0, 1, 0, 1, 1, 0]",-0.5038331550739322,0.004531306974408842,left
Digital divide (internet access gap),"[98, 90, 98, 124, 105, 105, 126, 99, 117, 112, 103, 114, 100, 112, 126, 97, 100, 120, 102, 84, 112, 89, 98, 118, 120, 103, 106, 106, 101, 124]","[0, 0, 1, 0, 1, 0, 0, 1, 0, 0, 0, 0, 1, 0, 0, 0, 1, 0, 0, 1, 0, 1, 1, 1, 0, 1, 0, 1, 1, 0]",-0.5038331550739322,0.004531306974408842,right
Racial incarceration disparity,"[105, 107, 88, 87, 103, 92, 109, 102, 117, 102, 82, 104, 103, 104, 97, 95, 101, 91, 115, 102, 96, 99, 99, 99, 101, 100, 96, 107, 110, 88]","[1, 0, 1, 1, 0, 0, 0, 1, 0, 1, 1, 0, 0, 0, 0, 1, 1, 1, 1, 1, 1, 0, 1, 0, 1, 1, 1, 0, 0, 1]",-0.4300317649533817,0.017697852380768,left
Racial incarceration disparity,"[105, 107, 88, 87, 103, 92, 109, 102, 117, 102, 82, 104, 103, 104, 97, 95, 101, 91, 115, 102, 96, 99, 99, 99, 101, 100, 96, 107, 110, 88]","[1, 0, 1, 1, 0, 0, 0, 1, 0, 1, 1, 0, 0, 0, 0, 1, 1, 1, 1, 1, 1, 0, 1, 0, 1, 1, 1, 0, 0, 1]",-0.4300317649533817,0.017697852380768,right
Preventable mortality rate,"[104, 97, 112, 102, 101, 109, 111, 116, 86, 106, 103, 92, 89, 86, 104, 97, 99, 88, 119, 97, 85, 84, 94, 100, 95, 105, 97, 121, 126, 100]","[0, 0, 0, 0, 0, 1, 0, 1, 1, 0, 1, 0, 1, 1, 1, 1, 1, 1, 0, 0, 1, 1, 1, 1, 1, 1, 0, 0, 0, 0]",-0.4558409359204421,0.011355039610209117,left
Preventable mortality rate,"[104, 97, 112, 102, 101, 109, 111, 116, 86, 106, 103, 92, 89, 86, 104, 97, 99, 88, 119, 97, 85, 84, 94, 100, 95, 105, 97, 121, 126, 100]","[0, 0, 0, 0, 0, 1, 0, 1, 1, 0, 1, 0, 1, 1, 1, 1, 1, 1, 0, 0, 1, 1, 1, 1, 1, 1, 0, 0, 0, 0]",-0.4558409359204421,0.011355039610209117,right
Education inequality index,"[124, 111, 103, 82, 102, 111, 101, 102, 112, 111, 99, 119, 100, 88, 102, 102, 77, 115, 100, 103, 94, 99, 101, 103, 104, 94, 106, 97, 103, 99]","[0, 1, 0, 1, 1, 0, 1, 0, 0, 0, 1, 0, 1, 1, 0, 0, 1, 0, 1, 1, 1, 0, 1, 0, 0, 1, 0, 0, 0, 1]",-0.5534625424890279,0.001510939684474476,left
Education inequality index,"[124, 111, 103, 82, 102, 111, 101, 102, 112, 111, 99, 119, 100, 88, 102, 102, 77, 115, 100, 103, 94, 99, 101, 103, 104, 94, 106, 97, 103, 99]","[0, 1, 0, 1, 1, 0, 1, 0, 0, 0, 1, 0, 1, 1, 0, 0, 1, 0, 1, 1, 1, 0, 1, 0, 0, 1, 0, 0, 0, 1]",-0.5534625424890279,0.001510939684474476,right
Racial income gap,"[106, 107, 94, 103, 98, 109, 113, 91, 100, 102, 100, 95, 97, 90, 83, 89, 89, 91, 83, 99, 107, 88, 113, 105, 92, 91, 99, 97, 105, 104]","[0, 1, 0, 0, 0, 0, 0, 1, 1, 1, 0, 1, 1, 1, 1, 0, 1, 1, 0, 1, 1, 1, 0, 0, 1, 1, 1, 1, 0, 0]",-0.39865129649467806,0.029103008922486406,left
Racial income gap,"[106, 107, 94, 103, 98, 109, 113, 91, 100, 102, 100, 95, 97, 90, 83, 89, 89, 91, 83, 99, 107, 88, 113, 105, 92, 91, 99, 97, 105, 104]","[0, 1, 0, 0, 0, 0, 0, 1, 1, 1, 0, 1, 1, 1, 1, 0, 1, 1, 0, 1, 1, 1, 0, 0, 1, 1, 1, 1, 0, 0]",-0.39865129649467806,0.029103008922486406,right
Greenhouse gas emissions per capita,"[105, 92, 108, 102, 108, 106, 99, 108, 92, 86, 97, 81, 110, 103, 87, 94, 119, 94, 98, 103, 87, 109, 95, 113, 101, 100, 97, 125, 113, 104]","[1, 1, 0, 1, 0, 0, 0, 1, 1, 1, 1, 1, 1, 0, 1, 0, 0, 0, 1, 1, 1, 1, 0, 0, 0, 1, 1, 0, 1, 0]",-0.3655497503497039,0.04698043972418002,left
Greenhouse gas emissions per capita,"[105, 92, 108, 102, 108, 106, 99, 108, 92, 86, 97, 81, 110, 103, 87, 94, 119, 94, 98, 103, 87, 109, 95, 113, 101, 100, 97, 125, 113, 104]","[1, 1, 0, 1, 0, 0, 0, 1, 1, 1, 1, 1, 1, 0, 1, 0, 0, 0, 1, 1, 1, 1, 0, 0, 0, 1, 1, 0, 1, 0]",-0.3655497503497039,0.04698043972418002,right
Public debt-to-GDP ratio,"[88, 103, 100, 102, 103, 112, 100, 91, 84, 93, 107, 95, 105, 96, 90, 97, 110, 94, 94, 91, 107, 99, 106, 106, 108, 104, 97, 115, 82, 93]","[1, 1, 0, 0, 1, 0, 1, 1, 1, 1, 1, 0, 0, 0, 0, 0, 0, 1, 1, 1, 0, 0, 0, 0, 1, 0, 0, 0, 1, 0]",-0.41543703186537106,0.02242769743881621,left
Public debt-to-GDP ratio,"[88, 103, 100, 102, 103, 112, 100, 91, 84, 93, 107, 95, 105, 96, 90, 97, 110, 94, 94, 91, 107, 99, 106, 106, 108, 104, 97, 115, 82, 93]","[1, 1, 0, 0, 1, 0, 1, 1, 1, 1, 1, 0, 0, 0, 0, 0, 0, 1, 1, 1, 0, 0, 0, 0, 1, 0, 0, 0, 1, 0]",-0.41543703186537106,0.02242769743881621,right
Literacy deficiency rate,"[106, 98, 94, 96, 93, 95, 106, 96, 101, 112, 103, 92, 97, 96, 85, 101, 96, 127, 96, 89, 109, 98, 93, 105, 119, 100, 115, 93, 92, 107]","[0, 1, 0, 1, 1, 1, 0, 0, 0, 0, 0, 1, 1, 0, 1, 1, 0, 0, 1, 1, 0, 1, 1, 0, 0, 0, 0, 0, 0, 1]",-0.47666993185145584,0.00774221872500448,left
Literacy deficiency rate,"[106, 98, 94, 96, 93, 95, 106, 96, 101, 112, 103, 92, 97, 96, 85, 101, 96, 127, 96, 89, 109, 98, 93, 105, 119, 100, 115, 93, 92, 107]","[0, 1, 0, 1, 1, 1, 0, 0, 0, 0, 0, 1, 1, 0, 1, 1, 0, 0, 1, 1, 0, 1, 1, 0, 0, 0, 0, 0, 0, 1]",-0.47666993185145584,0.00774221872500448,right
Healthcare access gap,"[107, 104, 93, 92, 102, 107, 104, 96, 89, 92, 98, 105, 110, 87, 87, 87, 96, 106, 103, 85, 85, 98, 102, 83, 127, 123, 108, 114, 82, 98]","[0, 0, 1, 1, 1, 1, 0, 0, 1, 1, 0, 1, 0, 1, 0, 1, 1, 1, 0, 1, 1, 1, 1, 1, 0, 1, 0, 0, 1, 0]",-0.4161719465037189,0.022166974100524855,left
Healthcare access gap,"[107, 104, 93, 92, 102, 107, 104, 96, 89, 92, 98, 105, 110, 87, 87, 87, 96, 106, 103, 85, 85, 98, 102, 83, 127, 123, 108, 114, 82, 98]","[0, 0, 1, 1, 1, 1, 0, 0, 1, 1, 0, 1, 0, 1, 0, 1, 1, 1, 0, 1, 1, 1, 1, 1, 0, 1, 0, 0, 1, 0]",-0.4161719465037189,0.022166974100524855,right
Youth unemployment rate,"[79, 102, 108, 101, 101, 107, 107, 87, 103, 85, 95, 118, 92, 112, 108, 99, 105, 104, 88, 93, 97, 98, 83, 91, 91, 93, 108, 103, 92, 85]","[1, 0, 1, 0, 1, 0, 0, 0, 0, 1, 1, 0, 1, 0, 0, 0, 0, 1, 0, 1, 1, 0, 1, 1, 1, 0, 0, 0, 1, 1]",-0.5284940260115676,0.0026802009639197923,left
Youth unemployment rate,"[79, 102, 108, 101, 101, 107, 107, 87, 103, 85, 95, 118, 92, 112, 108, 99, 105, 104, 88, 93, 97, 98, 83, 91, 91, 93, 108, 103, 92, 85]","[1, 0, 1, 0, 1, 0, 0, 0, 0, 1, 1, 0, 1, 0, 0, 0, 0, 1, 0, 1, 1, 0, 1, 1, 1, 0, 0, 0, 1, 1]",-0.5284940260115676,0.0026802009639197923,right
Gun-related death rate,"[82, 88, 84, 95, 109, 92, 99, 88, 86, 94, 94, 102, 101, 95, 105, 98, 123, 117, 83, 95, 85, 96, 91, 102, 94, 88, 96, 115, 100, 110]","[1, 1, 1, 1, 0, 1, 0, 0, 0, 0, 0, 1, 1, 1, 0, 0, 0, 0, 1, 1, 1, 0, 1, 1, 1, 1, 1, 0, 1, 0]",-0.49513872704162426,0.0054040304950172015,left
Gun-related death rate,"[82, 88, 84, 95, 109, 92, 99, 88, 86, 94, 94, 102, 101, 95, 105, 98, 123, 117, 83, 95, 85, 96, 91, 102, 94, 88, 96, 115, 100, 110]","[1, 1, 1, 1, 0, 1, 0, 0, 0, 0, 0, 1, 1, 1, 0, 0, 0, 0, 1, 1, 1, 0, 1, 1, 1, 1, 1, 0, 1, 0]",-0.49513872704162426,0.0054040304950172015,right
Incarceration rate,"[96, 97, 96, 101, 113, 97, 91, 116, 84, 86, 102, 105, 89, 108, 97, 100, 114, 104, 104, 100, 89, 107, 99, 110, 99, 111, 108, 116, 115, 103]","[1, 1, 1, 0, 0, 0, 1, 0, 1, 1, 0, 0, 1, 0, 0, 1, 0, 1, 0, 1, 1, 1, 0, 0, 0, 1, 1, 1, 0, 1]",-0.40760239512092206,0.025366982636665435,left
Incarceration rate,"[96, 97, 96, 101, 113, 97, 91, 116, 84, 86, 102, 105, 89, 108, 97, 100, 114, 104, 104, 100, 89, 107, 99, 110, 99, 111, 108, 116, 115, 103]","[1, 1, 1, 0, 0, 0, 1, 0, 1, 1, 0, 0, 1, 0, 0, 1, 0, 1, 0, 1, 1, 1, 0, 0, 0, 1, 1, 1, 0, 1]",-0.40760239512092206,0.025366982636665435,right
Recidivism rate,"[112, 103, 90, 103, 97, 101, 95, 101, 101, 110, 103, 96, 103, 97, 105, 87, 102, 115, 100, 85, 115, 101, 98, 94, 89, 87, 102, 99, 101, 103]","[0, 1, 1, 0, 0, 0, 1, 0, 1, 1, 0, 1, 1, 1, 0, 1, 1, 0, 1, 1, 0, 0, 0, 1, 1, 1, 0, 1, 1, 1]",-0.5030609381901071,0.004603597673206452,left
Recidivism rate,"[112, 103, 90, 103, 97, 101, 95, 101, 101, 110, 103, 96, 103, 97, 105, 87, 102, 115, 100, 85, 115, 101, 98, 94, 89, 87, 102, 99, 101, 103]","[0, 1, 1, 0, 0, 0, 1, 0, 1, 1, 0, 1, 1, 1, 0, 1, 1, 0, 1, 1, 0, 0, 0, 1, 1, 1, 0, 1, 1, 1]",-0.5030609381901071,0.004603597673206452,right
Air pollution (PM2.5 concentration),"[120, 86, 104, 107, 96, 92, 85, 91, 100, 95, 118, 85, 113, 127, 85, 100, 101, 89, 110, 81, 92, 104, 100, 109, 105, 87, 94, 102, 82, 89]","[1, 1, 1, 0, 0, 0, 1, 1, 0, 0, 0, 1, 0, 0, 1, 0, 1, 1, 0, 0, 1, 1, 0, 0, 1, 1, 1, 0, 1, 1]",-0.42281163749450124,0.019922419281941623,left
Air pollution (PM2.5 concentration),"[120, 86, 104, 107, 96, 92, 85, 91, 100, 95, 118, 85, 113, 127, 85, 100, 101, 89, 110, 81, 92, 104, 100, 109, 105, 87, 94, 102, 82, 89]","[1, 1, 1, 0, 0, 0, 1, 1, 0, 0, 0, 1, 0, 0, 1, 0, 1, 1, 0, 0, 1, 1, 0, 0, 1, 1, 1, 0, 1, 1]",-0.42281163749450124,0.019922419281941623,right
Job insecurity prevalence,"[105, 83, 108, 90, 120, 94, 103, 100, 103, 89, 91, 110, 105, 90, 102, 102, 80, 98, 101, 84, 117, 87, 95, 91, 91, 107, 105, 108, 103, 93]","[1, 1, 1, 1, 0, 1, 0, 0, 1, 1, 1, 0, 1, 1, 0, 1, 0, 0, 1, 1, 0, 1, 0, 1, 1, 0, 0, 0, 0, 0]",-0.42867977519311673,0.01809797706151466,left
Job insecurity prevalence,"[105, 83, 108, 90, 120, 94, 103, 100, 103, 89, 91, 110, 105, 90, 102, 102, 80, 98, 101, 84, 117, 87, 95, 91, 91, 107, 105, 108, 103, 93]","[1, 1, 1, 1, 0, 1, 0, 0, 1, 1, 1, 0, 1, 1, 0, 1, 0, 0, 1, 1, 0, 1, 0, 1, 1, 0, 0, 0, 0, 0]",-0.42867977519311673,0.01809797706151466,right
Access gap to reliable electricity,"[82, 86, 99, 109, 99, 94, 105, 97, 91, 105, 100, 102, 102, 123, 109, 106, 110, 99, 102, 90, 102, 101, 90, 99, 108, 109, 109, 91, 109, 93]","[1, 1, 1, 0, 1, 0, 0, 1, 0, 1, 0, 1, 1, 0, 0, 1, 0, 1, 1, 1, 0, 1, 1, 0, 1, 0, 1, 1, 0, 1]",-0.4131655984623575,0.023249494236384394,left
Access gap to reliable electricity,"[82, 86, 99, 109, 99, 94, 105, 97, 91, 105, 100, 102, 102, 123, 109, 106, 110, 99, 102, 90, 102, 101, 90, 99, 108, 109, 109, 91, 109, 93]","[1, 1, 1, 0, 1, 0, 0, 1, 0, 1, 0, 1, 1, 0, 0, 1, 0, 1, 1, 1, 0, 1, 1, 0, 1, 0, 1, 1, 0, 1]",-0.4131655984623575,0.023249494236384394,right
Public debt-to-GDP ratio,"[108, 102, 106, 86, 92, 110, 98, 88, 102, 86, 92, 107, 97, 100, 96, 113, 104, 121, 99, 98, 109, 120, 99, 105, 107, 93, 94, 83, 111, 102]","[0, 1, 0, 0, 1, 0, 0, 1, 1, 1, 1, 0, 1, 1, 0, 1, 0, 0, 1, 1, 1, 0, 0, 0, 1, 1, 0, 1, 0, 0]",-0.3788227719545693,0.03898103810329967,left
Public debt-to-GDP ratio,"[108, 102, 106, 86, 92, 110, 98, 88, 102, 86, 92, 107, 97, 100, 96, 113, 104, 121, 99, 98, 109, 120, 99, 105, 107, 93, 94, 83, 111, 102]","[0, 1, 0, 0, 1, 0, 0, 1, 1, 1, 1, 0, 1, 1, 0, 1, 0, 0, 1, 1, 1, 0, 0, 0, 1, 1, 0, 1, 0, 0]",-0.3788227719545693,0.03898103810329967,right
Domestic violence incidence rate,"[86, 134, 83, 86, 102, 121, 108, 112, 101, 110, 109, 101, 109, 116, 104, 82, 108, 104, 98, 89, 98, 108, 95, 96, 90, 82, 93, 95, 108, 97]","[1, 0, 1, 1, 1, 0, 1, 1, 0, 0, 0, 0, 1, 0, 1, 1, 0, 0, 0, 0, 0, 0, 0, 1, 1, 1, 1, 1, 0, 1]",-0.4921772864659964,0.005732290947462049,left
Domestic violence incidence rate,"[86, 134, 83, 86, 102, 121, 108, 112, 101, 110, 109, 101, 109, 116, 104, 82, 108, 104, 98, 89, 98, 108, 95, 96, 90, 82, 93, 95, 108, 97]","[1, 0, 1, 1, 1, 0, 1, 1, 0, 0, 0, 0, 1, 0, 1, 1, 0, 0, 0, 0, 0, 0, 0, 1, 1, 1, 1, 1, 0, 1]",-0.4921772864659964,0.005732290947462049,right
Education inequality index,"[103, 89, 99, 122, 106, 87, 95, 91, 99, 96, 96, 111, 112, 88, 112, 104, 102, 98, 111, 104, 108, 91, 108, 104, 83, 102, 112, 98, 85, 107]","[1, 1, 0, 0, 1, 1, 1, 1, 0, 1, 0, 0, 0, 1, 0, 1, 1, 0, 0, 0, 0, 1, 0, 0, 0, 1, 0, 1, 1, 0]",-0.5296648157521516,0.0026116460000831874,left
Education inequality index,"[103, 89, 99, 122, 106, 87, 95, 91, 99, 96, 96, 111, 112, 88, 112, 104, 102, 98, 111, 104, 108, 91, 108, 104, 83, 102, 112, 98, 85, 107]","[1, 1, 0, 0, 1, 1, 1, 1, 0, 1, 0, 0, 0, 1, 0, 1, 1, 0, 0, 0, 0, 1, 0, 0, 0, 1, 0, 1, 1, 0]",-0.5296648157521516,0.0026116460000831874,right
Disability employment gap,"[102, 107, 78, 76, 101, 112, 91, 97, 93, 102, 96, 105, 107, 92, 92, 110, 93, 112, 96, 98, 104, 87, 82, 92, 116, 115, 96, 92, 109, 87]","[1, 0, 1, 0, 1, 0, 1, 0, 1, 0, 0, 0, 0, 1, 1, 0, 1, 0, 1, 0, 0, 0, 1, 0, 0, 0, 1, 1, 0, 1]",-0.514858866810447,0.0036002965125097658,left
Disability employment gap,"[102, 107, 78, 76, 101, 112, 91, 97, 93, 102, 96, 105, 107, 92, 92, 110, 93, 112, 96, 98, 104, 87, 82, 92, 116, 115, 96, 92, 109, 87]","[1, 0, 1, 0, 1, 0, 1, 0, 1, 0, 0, 0, 0, 1, 1, 0, 1, 0, 1, 0, 0, 0, 1, 0, 0, 0, 1, 1, 0, 1]",-0.514858866810447,0.0036002965125097658,right
Access gap to legal representation,"[106, 104, 97, 102, 77, 96, 107, 95, 116, 100, 120, 93, 123, 94, 99, 105, 106, 99, 89, 108, 98, 105, 94, 110, 104, 94, 86, 115, 104, 115]","[0, 0, 1, 1, 1, 1, 0, 0, 0, 0, 0, 0, 0, 1, 1, 1, 0, 0, 1, 0, 0, 0, 1, 1, 0, 0, 1, 0, 0, 0]",-0.5111672929778881,0.003891770263377555,left
Access gap to legal representation,"[106, 104, 97, 102, 77, 96, 107, 95, 116, 100, 120, 93, 123, 94, 99, 105, 106, 99, 89, 108, 98, 105, 94, 110, 104, 94, 86, 115, 104, 115]","[0, 0, 1, 1, 1, 1, 0, 0, 0, 0, 0, 0, 0, 1, 1, 1, 0, 0, 1, 0, 0, 0, 1, 1, 0, 0, 1, 0, 0, 0]",-0.5111672929778881,0.003891770263377555,right
Recidivism rate,"[79, 111, 100, 110, 101, 116, 103, 93, 94, 98, 102, 97, 102, 92, 107, 82, 104, 97, 102, 87, 94, 106, 72, 97, 100, 92, 98, 91, 100, 82]","[1, 0, 0, 0, 0, 0, 0, 1, 0, 1, 1, 0, 1, 1, 0, 0, 1, 0, 1, 1, 0, 0, 1, 0, 1, 1, 1, 1, 0, 1]",-0.42273338119563875,0.0199477375340356,left
Recidivism rate,"[79, 111, 100, 110, 101, 116, 103, 93, 94, 98, 102, 97, 102, 92, 107, 82, 104, 97, 102, 87, 94, 106, 72, 97, 100, 92, 98, 91, 100, 82]","[1, 0, 0, 0, 0, 0, 0, 1, 0, 1, 1, 0, 1, 1, 0, 0, 1, 0, 1, 1, 0, 0, 1, 0, 1, 1, 1, 1, 0, 1]",-0.42273338119563875,0.0199477375340356,right
Gun-related death rate,"[92, 95, 99, 80, 112, 97, 101, 105, 92, 93, 87, 99, 97, 92, 99, 110, 87, 107, 106, 98, 95, 120, 101, 93, 108, 102, 104, 85, 109, 88]","[1, 1, 1, 1, 0, 1, 1, 0, 1, 0, 1, 0, 0, 1, 0, 0, 0, 0, 0, 0, 1, 0, 0, 1, 0, 1, 0, 0, 0, 1]",-0.5097665380848636,0.004007548300295587,left
Gun-related death rate,"[92, 95, 99, 80, 112, 97, 101, 105, 92, 93, 87, 99, 97, 92, 99, 110, 87, 107, 106, 98, 95, 120, 101, 93, 108, 102, 104, 85, 109, 88]","[1, 1, 1, 1, 0, 1, 1, 0, 1, 0, 1, 0, 0, 1, 0, 0, 0, 0, 0, 0, 1, 0, 0, 1, 0, 1, 0, 0, 0, 1]",-0.5097665380848636,0.004007548300295587,right
Job insecurity prevalence,"[98, 112, 108, 113, 118, 105, 93, 97, 108, 104, 95, 117, 101, 113, 119, 110, 104, 86, 97, 101, 101, 102, 106, 91, 98, 112, 82, 90, 102, 114]","[1, 0, 1, 1, 1, 0, 1, 1, 0, 1, 1, 0, 0, 0, 0, 0, 0, 1, 1, 1, 1, 0, 1, 1, 1, 0, 1, 1, 1, 0]",-0.5698679240797154,0.0010113579289576483,left
Job insecurity prevalence,"[98, 112, 108, 113, 118, 105, 93, 97, 108, 104, 95, 117, 101, 113, 119, 110, 104, 86, 97, 101, 101, 102, 106, 91, 98, 112, 82, 90, 102, 114]","[1, 0, 1, 1, 1, 0, 1, 1, 0, 1, 1, 0, 0, 0, 0, 0, 0, 1, 1, 1, 1, 0, 1, 1, 1, 0, 1, 1, 1, 0]",-0.5698679240797154,0.0010113579289576483,right
Inflation rate for essential goods,"[110, 97, 88, 111, 105, 108, 98, 103, 103, 107, 81, 87, 97, 103, 115, 96, 96, 97, 89, 93, 102, 127, 124, 95, 115, 125, 107, 98, 104, 94]","[0, 1, 1, 0, 0, 1, 1, 1, 1, 0, 1, 1, 0, 1, 1, 1, 1, 1, 0, 1, 0, 0, 0, 0, 0, 0, 0, 0, 0, 1]",-0.4764471512370542,0.00777495762549737,left
Inflation rate for essential goods,"[110, 97, 88, 111, 105, 108, 98, 103, 103, 107, 81, 87, 97, 103, 115, 96, 96, 97, 89, 93, 102, 127, 124, 95, 115, 125, 107, 98, 104, 94]","[0, 1, 1, 0, 0, 1, 1, 1, 1, 0, 1, 1, 0, 1, 1, 1, 1, 1, 0, 1, 0, 0, 0, 0, 0, 0, 0, 0, 0, 1]",-0.4764471512370542,0.00777495762549737,right
Gender-based violence rate,"[99, 106, 99, 109, 113, 92, 104, 94, 95, 93, 101, 103, 89, 90, 97, 99, 88, 103, 100, 110, 97, 98, 109, 103, 116, 129, 118, 96, 99, 116]","[1, 0, 1, 0, 0, 1, 0, 1, 0, 0, 1, 1, 1, 1, 0, 1, 1, 1, 1, 0, 1, 0, 1, 0, 0, 0, 0, 0, 1, 0]",-0.5021483429585083,0.004690299471982984,left
Gender-based violence rate,"[99, 106, 99, 109, 113, 92, 104, 94, 95, 93, 101, 103, 89, 90, 97, 99, 88, 103, 100, 110, 97, 98, 109, 103, 116, 129, 118, 96, 99, 116]","[1, 0, 1, 0, 0, 1, 0, 1, 0, 0, 1, 1, 1, 1, 0, 1, 1, 1, 1, 0, 1, 0, 1, 0, 0, 0, 0, 0, 1, 0]",-0.5021483429585083,0.004690299471982984,right
Energy poverty rate,"[90, 109, 93, 109, 97, 97, 95, 109, 89, 114, 98, 106, 94, 79, 83, 125, 97, 107, 104, 95, 100, 89, 104, 86, 100, 83, 92, 101, 103, 107]","[1, 0, 1, 0, 0, 0, 1, 0, 1, 0, 1, 0, 1, 1, 1, 1, 1, 0, 0, 0, 0, 1, 0, 0, 0, 1, 0, 0, 0, 1]",-0.3961970015548128,0.030202015715521446,left
Energy poverty rate,"[90, 109, 93, 109, 97, 97, 95, 109, 89, 114, 98, 106, 94, 79, 83, 125, 97, 107, 104, 95, 100, 89, 104, 86, 100, 83, 92, 101, 103, 107]","[1, 0, 1, 0, 0, 0, 1, 0, 1, 0, 1, 0, 1, 1, 1, 1, 1, 0, 0, 0, 0, 1, 0, 0, 0, 1, 0, 0, 0, 1]",-0.3961970015548128,0.030202015715521446,right
Access gap to early childhood education,"[114, 126, 92, 108, 90, 104, 100, 106, 101, 113, 95, 99, 110, 94, 96, 94, 103, 94, 103, 110, 97, 121, 104, 106, 105, 96, 102, 87, 95, 105]","[0, 0, 1, 0, 1, 1, 1, 1, 1, 1, 0, 1, 0, 0, 1, 1, 0, 1, 1, 1, 1, 0, 1, 1, 0, 0, 0, 1, 1, 1]",-0.3824404085241474,0.03700207167580233,left
Access gap to early childhood education,"[114, 126, 92, 108, 90, 104, 100, 106, 101, 113, 95, 99, 110, 94, 96, 94, 103, 94, 103, 110, 97, 121, 104, 106, 105, 96, 102, 87, 95, 105]","[0, 0, 1, 0, 1, 1, 1, 1, 1, 1, 0, 1, 0, 0, 1, 1, 0, 1, 1, 1, 1, 0, 1, 1, 0, 0, 0, 1, 1, 1]",-0.3824404085241474,0.03700207167580233,right
Public space safety concerns rate,"[102, 96, 85, 95, 96, 109, 100, 95, 113, 73, 97, 110, 115, 119, 92, 85, 100, 83, 97, 104, 92, 104, 98, 102, 94, 103, 108, 100, 92, 95]","[1, 1, 1, 1, 0, 0, 0, 1, 0, 0, 0, 0, 0, 0, 1, 1, 1, 1, 0, 1, 0, 0, 1, 1, 0, 0, 0, 0, 1, 1]",-0.3769215466005101,0.04005461490741858,left
Public space safety concerns rate,"[102, 96, 85, 95, 96, 109, 100, 95, 113, 73, 97, 110, 115, 119, 92, 85, 100, 83, 97, 104, 92, 104, 98, 102, 94, 103, 108, 100, 92, 95]","[1, 1, 1, 1, 0, 0, 0, 1, 0, 0, 0, 0, 0, 0, 1, 1, 1, 1, 0, 1, 0, 0, 1, 1, 0, 0, 0, 0, 1, 1]",-0.3769215466005101,0.04005461490741858,right
Eviction rate,"[105, 86, 97, 81, 99, 96, 91, 98, 99, 95, 94, 116, 95, 91, 96, 107, 96, 111, 86, 97, 92, 100, 103, 107, 103, 97, 109, 103, 83, 93]","[0, 1, 1, 1, 1, 1, 0, 1, 0, 1, 1, 0, 1, 1, 0, 0, 0, 0, 1, 1, 1, 0, 1, 0, 0, 0, 1, 0, 0, 0]",-0.36767661110929895,0.04561749520002602,left
Eviction rate,"[105, 86, 97, 81, 99, 96, 91, 98, 99, 95, 94, 116, 95, 91, 96, 107, 96, 111, 86, 97, 92, 100, 103, 107, 103, 97, 109, 103, 83, 93]","[0, 1, 1, 1, 1, 1, 0, 1, 0, 1, 1, 0, 1, 1, 0, 0, 0, 0, 1, 1, 1, 0, 1, 0, 0, 0, 1, 0, 0, 0]",-0.36767661110929895,0.04561749520002602,right
Domestic violence incidence rate,"[99, 98, 98, 91, 96, 104, 100, 101, 108, 86, 93, 91, 101, 103, 111, 99, 113, 114, 102, 100, 87, 97, 127, 99, 109, 94, 94, 81, 100, 101]","[0, 1, 1, 1, 1, 0, 0, 0, 0, 1, 1, 1, 1, 1, 0, 0, 0, 0, 0, 1, 1, 0, 0, 0, 1, 1, 0, 1, 0, 0]",-0.5234079171927735,0.002996352591632178,left
Domestic violence incidence rate,"[99, 98, 98, 91, 96, 104, 100, 101, 108, 86, 93, 91, 101, 103, 111, 99, 113, 114, 102, 100, 87, 97, 127, 99, 109, 94, 94, 81, 100, 101]","[0, 1, 1, 1, 1, 0, 0, 0, 0, 1, 1, 1, 1, 1, 0, 0, 0, 0, 0, 1, 1, 0, 0, 0, 1, 1, 0, 1, 0, 0]",-0.5234079171927735,0.002996352591632178,right
Underemployment rate,"[102, 90, 88, 92, 118, 101, 89, 98, 100, 113, 101, 115, 117, 93, 86, 105, 112, 99, 100, 81, 103, 96, 99, 110, 102, 103, 100, 98, 86, 88]","[1, 1, 1, 1, 0, 1, 0, 1, 0, 0, 1, 0, 0, 1, 1, 1, 0, 1, 0, 1, 0, 1, 0, 1, 0, 1, 0, 1, 1, 1]",-0.5309880469885284,0.0025359922900930415,left
Underemployment rate,"[102, 90, 88, 92, 118, 101, 89, 98, 100, 113, 101, 115, 117, 93, 86, 105, 112, 99, 100, 81, 103, 96, 99, 110, 102, 103, 100, 98, 86, 88]","[1, 1, 1, 1, 0, 1, 0, 1, 0, 0, 1, 0, 0, 1, 1, 1, 0, 1, 0, 1, 0, 1, 0, 1, 0, 1, 0, 1, 1, 1]",-0.5309880469885284,0.0025359922900930415,right
Access gap to clean drinking water,"[88, 96, 102, 103, 121, 95, 111, 91, 108, 103, 110, 85, 97, 90, 110, 88, 108, 76, 92, 96, 120, 106, 104, 111, 108, 98, 92, 91, 103, 110]","[0, 0, 0, 0, 0, 1, 0, 1, 0, 1, 0, 1, 1, 1, 0, 1, 0, 0, 0, 1, 0, 1, 1, 0, 1, 0, 1, 1, 0, 0]",-0.38831652006614714,0.03396060013728874,left
Access gap to clean drinking water,"[88, 96, 102, 103, 121, 95, 111, 91, 108, 103, 110, 85, 97, 90, 110, 88, 108, 76, 92, 96, 120, 106, 104, 111, 108, 98, 92, 91, 103, 110]","[0, 0, 0, 0, 0, 1, 0, 1, 0, 1, 0, 1, 1, 1, 0, 1, 0, 0, 0, 1, 0, 1, 1, 0, 1, 0, 1, 1, 0, 0]",-0.38831652006614714,0.03396060013728874,right
School dropout rate,"[81, 109, 95, 89, 100, 107, 116, 95, 84, 110, 110, 102, 110, 92, 103, 97, 101, 91, 105, 121, 81, 101, 98, 104, 87, 98, 116, 110, 88, 91]","[1, 0, 1, 1, 1, 1, 0, 1, 1, 1, 1, 1, 0, 1, 1, 0, 0, 1, 1, 0, 1, 1, 1, 0, 0, 0, 0, 0, 1, 0]",-0.4136692658668926,0.02306517043039987,left
School dropout rate,"[81, 109, 95, 89, 100, 107, 116, 95, 84, 110, 110, 102, 110, 92, 103, 97, 101, 91, 105, 121, 81, 101, 98, 104, 87, 98, 116, 110, 88, 91]","[1, 0, 1, 1, 1, 1, 0, 1, 1, 1, 1, 1, 0, 1, 1, 0, 0, 1, 1, 0, 1, 1, 1, 0, 0, 0, 0, 0, 1, 0]",-0.4136692658668926,0.02306517043039987,right
Obesity prevalence,"[107, 109, 95, 83, 77, 85, 87, 97, 112, 108, 104, 102, 110, 96, 110, 100, 114, 89, 89, 91, 94, 95, 98, 100, 91, 99, 98, 87, 108, 102]","[1, 0, 1, 1, 1, 1, 0, 0, 0, 0, 0, 0, 1, 1, 0, 0, 1, 1, 1, 1, 0, 0, 0, 1, 1, 1, 1, 1, 0, 0]",-0.39801808607387934,0.029383391136546894,left
Obesity prevalence,"[107, 109, 95, 83, 77, 85, 87, 97, 112, 108, 104, 102, 110, 96, 110, 100, 114, 89, 89, 91, 94, 95, 98, 100, 91, 99, 98, 87, 108, 102]","[1, 0, 1, 1, 1, 1, 0, 0, 0, 0, 0, 0, 1, 1, 0, 0, 1, 1, 1, 1, 0, 0, 0, 1, 1, 1, 1, 1, 0, 0]",-0.39801808607387934,0.029383391136546894,right
Access gap to childcare services,"[104, 103, 96, 89, 115, 88, 91, 100, 84, 101, 102, 99, 89, 102, 104, 103, 83, 105, 87, 86, 89, 97, 97, 95, 107, 108, 108, 111, 88, 109]","[0, 0, 0, 1, 0, 0, 0, 1, 1, 1, 0, 1, 1, 0, 0, 0, 1, 0, 1, 1, 1, 1, 1, 0, 0, 0, 0, 0, 0, 1]",-0.4949160475007791,0.005428143062177449,left
Access gap to childcare services,"[104, 103, 96, 89, 115, 88, 91, 100, 84, 101, 102, 99, 89, 102, 104, 103, 83, 105, 87, 86, 89, 97, 97, 95, 107, 108, 108, 111, 88, 109]","[0, 0, 0, 1, 0, 0, 0, 1, 1, 1, 0, 1, 1, 0, 0, 0, 1, 0, 1, 1, 1, 1, 1, 0, 0, 0, 0, 0, 0, 1]",-0.4949160475007791,0.005428143062177449,right
Traffic fatality rate,"[109, 95, 95, 107, 97, 116, 106, 68, 95, 111, 117, 101, 109, 84, 108, 96, 107, 87, 123, 101, 88, 115, 99, 96, 104, 93, 122, 90, 108, 93]","[0, 1, 1, 0, 1, 0, 1, 1, 0, 0, 1, 0, 1, 1, 0, 1, 0, 0, 0, 0, 1, 0, 1, 0, 1, 1, 0, 0, 0, 1]",-0.42160356208331473,0.02031623449934791,left
Traffic fatality rate,"[109, 95, 95, 107, 97, 116, 106, 68, 95, 111, 117, 101, 109, 84, 108, 96, 107, 87, 123, 101, 88, 115, 99, 96, 104, 93, 122, 90, 108, 93]","[0, 1, 1, 0, 1, 0, 1, 1, 0, 0, 1, 0, 1, 1, 0, 1, 0, 0, 0, 0, 1, 0, 1, 0, 1, 1, 0, 0, 0, 1]",-0.42160356208331473,0.02031623449934791,right
Community cohesion deficit,"[89, 102, 99, 113, 96, 109, 104, 93, 91, 105, 77, 97, 89, 104, 100, 111, 106, 94, 109, 86, 90, 86, 106, 117, 101, 97, 113, 93, 76, 98]","[1, 1, 0, 0, 0, 0, 0, 1, 0, 0, 1, 0, 0, 0, 1, 0, 1, 0, 0, 1, 0, 1, 1, 0, 0, 1, 0, 1, 1, 1]",-0.46490809964859886,0.00963863991479769,left
Community cohesion deficit,"[89, 102, 99, 113, 96, 109, 104, 93, 91, 105, 77, 97, 89, 104, 100, 111, 106, 94, 109, 86, 90, 86, 106, 117, 101, 97, 113, 93, 76, 98]","[1, 1, 0, 0, 0, 0, 0, 1, 0, 0, 1, 0, 0, 0, 1, 0, 1, 0, 0, 1, 0, 1, 1, 0, 0, 1, 0, 1, 1, 1]",-0.46490809964859886,0.00963863991479769,right
Student absenteeism rate,"[101, 107, 89, 89, 98, 108, 119, 96, 107, 61, 95, 95, 111, 101, 110, 105, 101, 107, 74, 100, 97, 94, 95, 77, 108, 99, 86, 103, 99, 101]","[0, 0, 1, 1, 0, 1, 0, 0, 0, 1, 0, 1, 0, 0, 0, 0, 1, 1, 1, 1, 1, 1, 1, 1, 0, 0, 1, 0, 0, 1]",-0.5306526358262352,0.002554987521748658,left
Student absenteeism rate,"[101, 107, 89, 89, 98, 108, 119, 96, 107, 61, 95, 95, 111, 101, 110, 105, 101, 107, 74, 100, 97, 94, 95, 77, 108, 99, 86, 103, 99, 101]","[0, 0, 1, 1, 0, 1, 0, 0, 0, 1, 0, 1, 0, 0, 0, 0, 1, 1, 1, 1, 1, 1, 1, 1, 0, 0, 1, 0, 0, 1]",-0.5306526358262352,0.002554987521748658,right
Informal employment rate,"[103, 103, 101, 79, 113, 115, 111, 86, 101, 116, 110, 104, 118, 89, 100, 106, 109, 99, 91, 111, 91, 100, 94, 91, 108, 82, 90, 118, 102, 88]","[0, 1, 0, 1, 0, 0, 0, 1, 1, 1, 0, 1, 0, 0, 0, 1, 0, 1, 0, 0, 0, 0, 0, 0, 0, 1, 1, 0, 0, 1]",-0.3658858593333321,0.04676292535501282,left
Informal employment rate,"[103, 103, 101, 79, 113, 115, 111, 86, 101, 116, 110, 104, 118, 89, 100, 106, 109, 99, 91, 111, 91, 100, 94, 91, 108, 82, 90, 118, 102, 88]","[0, 1, 0, 1, 0, 0, 0, 1, 1, 1, 0, 1, 0, 0, 0, 1, 0, 1, 0, 0, 0, 0, 0, 0, 0, 1, 1, 0, 0, 1]",-0.3658858593333321,0.04676292535501282,right
Access gap to reliable electricity,"[87, 101, 89, 114, 109, 105, 123, 112, 100, 93, 105, 83, 115, 113, 108, 96, 88, 107, 110, 91, 110, 99, 94, 95, 93, 110, 101, 125, 106, 97]","[1, 1, 1, 0, 1, 0, 0, 0, 1, 1, 1, 1, 0, 0, 0, 0, 1, 1, 1, 1, 0, 0, 1, 1, 0, 1, 0, 1, 1, 1]",-0.3751797467503684,0.04105884742287566,left
Access gap to reliable electricity,"[87, 101, 89, 114, 109, 105, 123, 112, 100, 93, 105, 83, 115, 113, 108, 96, 88, 107, 110, 91, 110, 99, 94, 95, 93, 110, 101, 125, 106, 97]","[1, 1, 1, 0, 1, 0, 0, 0, 1, 1, 1, 1, 0, 0, 0, 0, 1, 1, 1, 1, 0, 0, 1, 1, 0, 1, 0, 1, 1, 1]",-0.3751797467503684,0.04105884742287566,right
Human trafficking incidence rate,"[119, 105, 110, 96, 110, 99, 85, 102, 88, 103, 93, 101, 109, 101, 97, 81, 82, 98, 104, 102, 95, 92, 97, 108, 83, 97, 102, 104, 104, 112]","[0, 0, 0, 0, 0, 1, 0, 0, 1, 1, 1, 1, 0, 0, 0, 0, 1, 0, 0, 1, 1, 1, 0, 0, 1, 0, 0, 1, 0, 0]",-0.3842036054445411,0.036067288179482584,left
Human trafficking incidence rate,"[119, 105, 110, 96, 110, 99, 85, 102, 88, 103, 93, 101, 109, 101, 97, 81, 82, 98, 104, 102, 95, 92, 97, 108, 83, 97, 102, 104, 104, 112]","[0, 0, 0, 0, 0, 1, 0, 0, 1, 1, 1, 1, 0, 0, 0, 0, 1, 0, 0, 1, 1, 1, 0, 0, 1, 0, 0, 1, 0, 0]",-0.3842036054445411,0.036067288179482584,right
Digital divide (internet access gap),"[94, 111, 106, 113, 91, 107, 99, 120, 109, 112, 95, 92, 106, 116, 107, 104, 90, 100, 105, 96, 121, 95, 109, 102, 96, 108, 108, 103, 83, 100]","[1, 1, 1, 0, 1, 1, 0, 0, 0, 0, 1, 0, 0, 0, 0, 1, 1, 0, 1, 1, 0, 1, 0, 1, 1, 1, 1, 1, 1, 0]",-0.4649231622121107,0.009635981672458683,left
Digital divide (internet access gap),"[94, 111, 106, 113, 91, 107, 99, 120, 109, 112, 95, 92, 106, 116, 107, 104, 90, 100, 105, 96, 121, 95, 109, 102, 96, 108, 108, 103, 83, 100]","[1, 1, 1, 0, 1, 1, 0, 0, 0, 0, 1, 0, 0, 0, 0, 1, 1, 0, 1, 1, 0, 1, 0, 1, 1, 1, 1, 1, 1, 0]",-0.4649231622121107,0.009635981672458683,right
Student debt burden ratio,"[108, 90, 78, 97, 92, 95, 103, 102, 108, 96, 108, 91, 101, 95, 97, 102, 94, 97, 100, 103, 100, 113, 95, 75, 90, 99, 102, 101, 114, 94]","[1, 1, 1, 1, 1, 0, 1, 0, 0, 1, 0, 1, 0, 1, 1, 0, 1, 1, 0, 0, 1, 0, 1, 1, 0, 1, 0, 0, 0, 1]",-0.5208652159718637,0.0031661055988989736,left
Student debt burden ratio,"[108, 90, 78, 97, 92, 95, 103, 102, 108, 96, 108, 91, 101, 95, 97, 102, 94, 97, 100, 103, 100, 113, 95, 75, 90, 99, 102, 101, 114, 94]","[1, 1, 1, 1, 1, 0, 1, 0, 0, 1, 0, 1, 0, 1, 1, 0, 1, 1, 0, 0, 1, 0, 1, 1, 0, 1, 0, 0, 0, 1]",-0.5208652159718637,0.0031661055988989736,right
Voter turnout gap,"[96, 100, 96, 116, 104, 110, 116, 101, 99, 91, 102, 95, 111, 103, 91, 87, 118, 109, 97, 88, 91, 102, 99, 102, 112, 107, 90, 108, 101, 116]","[1, 1, 1, 0, 0, 1, 0, 0, 1, 0, 0, 1, 0, 0, 0, 1, 0, 0, 1, 1, 0, 0, 0, 1, 0, 0, 0, 0, 0, 0]",-0.39824103524139637,0.02928442107593441,left
Voter turnout gap,"[96, 100, 96, 116, 104, 110, 116, 101, 99, 91, 102, 95, 111, 103, 91, 87, 118, 109, 97, 88, 91, 102, 99, 102, 112, 107, 90, 108, 101, 116]","[1, 1, 1, 0, 0, 1, 0, 0, 1, 0, 0, 1, 0, 0, 0, 1, 0, 0, 1, 1, 0, 0, 0, 1, 0, 0, 0, 0, 0, 0]",-0.39824103524139637,0.02928442107593441,right
Traffic fatality rate,"[108, 114, 91, 98, 114, 102, 105, 108, 84, 97, 88, 102, 106, 94, 97, 101, 116, 98, 98, 96, 92, 94, 104, 93, 101, 115, 89, 91, 115, 103]","[0, 0, 1, 0, 1, 0, 0, 0, 1, 1, 1, 0, 0, 1, 0, 1, 0, 1, 1, 1, 1, 0, 0, 1, 0, 0, 1, 1, 1, 1]",-0.4919056555609506,0.00576323240183975,left
Traffic fatality rate,"[108, 114, 91, 98, 114, 102, 105, 108, 84, 97, 88, 102, 106, 94, 97, 101, 116, 98, 98, 96, 92, 94, 104, 93, 101, 115, 89, 91, 115, 103]","[0, 0, 1, 0, 1, 0, 0, 0, 1, 1, 1, 0, 0, 1, 0, 1, 0, 1, 1, 1, 1, 0, 0, 1, 0, 0, 1, 1, 1, 1]",-0.4919056555609506,0.00576323240183975,right
Tax evasion rate,"[114, 99, 93, 98, 96, 94, 118, 93, 119, 104, 107, 99, 104, 89, 102, 104, 113, 99, 83, 110, 108, 102, 93, 83, 103, 101, 100, 99, 98, 82]","[0, 0, 1, 0, 1, 0, 0, 1, 1, 1, 0, 1, 0, 1, 1, 1, 0, 0, 1, 1, 0, 0, 1, 1, 0, 1, 0, 0, 0, 1]",-0.3787850196658105,0.039002128827258474,left
Tax evasion rate,"[114, 99, 93, 98, 96, 94, 118, 93, 119, 104, 107, 99, 104, 89, 102, 104, 113, 99, 83, 110, 108, 102, 93, 83, 103, 101, 100, 99, 98, 82]","[0, 0, 1, 0, 1, 0, 0, 1, 1, 1, 0, 1, 0, 1, 1, 1, 0, 0, 1, 1, 0, 0, 1, 1, 0, 1, 0, 0, 0, 1]",-0.3787850196658105,0.039002128827258474,right
Greenhouse gas emissions per capita,"[87, 133, 112, 88, 100, 114, 90, 92, 111, 95, 103, 110, 114, 73, 100, 80, 100, 110, 88, 96, 114, 98, 93, 103, 104, 100, 87, 109, 109, 107]","[0, 1, 0, 1, 1, 1, 1, 1, 0, 1, 0, 0, 0, 1, 1, 1, 0, 0, 1, 1, 1, 1, 1, 0, 1, 0, 1, 0, 0, 0]",-0.3690022335506953,0.04478405637533641,left
Greenhouse gas emissions per capita,"[87, 133, 112, 88, 100, 114, 90, 92, 111, 95, 103, 110, 114, 73, 100, 80, 100, 110, 88, 96, 114, 98, 93, 103, 104, 100, 87, 109, 109, 107]","[0, 1, 0, 1, 1, 1, 1, 1, 0, 1, 0, 0, 0, 1, 1, 1, 0, 0, 1, 1, 1, 1, 1, 0, 1, 0, 1, 0, 0, 0]",-0.3690022335506953,0.04478405637533641,right
Access gap to clean drinking water,"[108, 90, 110, 88, 102, 112, 109, 117, 90, 106, 84, 97, 117, 106, 79, 100, 112, 99, 121, 107, 103, 116, 86, 99, 108, 109, 95, 106, 98, 105]","[0, 0, 0, 1, 1, 0, 1, 0, 1, 1, 1, 1, 0, 0, 1, 1, 0, 0, 0, 1, 0, 0, 1, 1, 1, 0, 0, 0, 0, 0]",-0.5146940373952505,0.0036128988906452162,left
Access gap to clean drinking water,"[108, 90, 110, 88, 102, 112, 109, 117, 90, 106, 84, 97, 117, 106, 79, 100, 112, 99, 121, 107, 103, 116, 86, 99, 108, 109, 95, 106, 98, 105]","[0, 0, 0, 1, 1, 0, 1, 0, 1, 1, 1, 1, 0, 0, 1, 1, 0, 0, 0, 1, 0, 0, 1, 1, 1, 0, 0, 0, 0, 0]",-0.5146940373952505,0.0036128988906452162,right
