index,domain,subject,topic,problem,solution,answers,answer_type,unit,is_multiple_answer,language,level
0,Electromagnetism,Classical Electromagnetism,Electrostatics,"For two coaxial cylindrical conductors with inner and outer radii $a$ and $b$, and length $l \gg b$, the space between them is filled with a dielectric material of permittivity $\varepsilon$ and conductivity $\sigma$. Calculate the capacitance between the inner and outer conductors.","Assume the potential difference between the inner and outer conductors is $V$. Inside the conductors, the electric field is $0$. From the boundary condition, the surface charge density on the conductors is given by

$$
\sigma_s = \varepsilon \frac{V}{a \ln (b / a)}
$$

The total charge on the inner conductor is

$$
Q = 2 \pi a l \sigma_s
$$

Therefore, the capacitance between the two conductors is

$$
C = \frac{Q}{V} = \frac{2 \pi \varepsilon l}{\ln (b / a)}
$$",\boxed{\frac{2 \pi \varepsilon l}{\ln (b / a)}},NV,\text{F},False,EN,Math Derivation
1,Electromagnetism,Classical Electromagnetism,Magstatics,"What is the average random velocity of electrons in a conductor: \(10^{2} \, \mathrm{cm/s}\), \(10^{4} \, \mathrm{cm/s}\), \(10^{6} \, \mathrm{cm/s}\), or \(10^{8} \, \mathrm{cm/s}\)?","\(10^{6} \, \mathrm{cm/s}\).",\boxed{10^{6}},NV,\mathrm{~cm/s},False,EN,Knowledge Recall
2,Electromagnetism,Classical Electromagnetism,Circuit Analysis,The transmission speed of high-frequency signals in a coaxial cable is determined by: (a) impedance.,The transmission speed is not primarily determined by impedance.,\boxed{No},MC,,False,EN,Knowledge Recall
3,Electromagnetism,Classical Electromagnetism,Electrostatics,"Given a spherically symmetric electric field $\boldsymbol{E}(r) = \frac{Q}{4 \pi \varepsilon r^{2}} \boldsymbol{e}_{r}$, use the definition of current density $j = \sigma \boldsymbol{E}$ to find the current density $j$ at any radius $r$ inside the sphere. The conductivity is $\sigma$, and the total charge is $Q$.","From $j = \sigma \boldsymbol{E}$, we obtain

\[  
j = \frac{\sigma Q}{4 \pi \varepsilon r^{2}} \boldsymbol{e}_{r}  
\]","\[
\boxed{\frac{\sigma Q}{4 \pi \varepsilon r^{2}} \boldsymbol{e}_{r}}
\]",EX,,False,EN,Laws Application
4,Electromagnetism,Classical Electromagnetism,Electrostatics,"Given the potential difference between two conductors \( V = \frac{I}{4 \pi \sigma}\left(\frac{1}{a} - \frac{1}{b}\right) \) and the current \( I \) passing through them, find the equivalent resistance \( R \) between the inner and outer spherical conductors.","Therefore, the resistance \( R \) is

\[  
R = \frac{V}{I} = \frac{1}{4 \pi \sigma}\left(\frac{1}{a} - \frac{1}{b}\right)  
\]","\[
\boxed{\frac{1}{4 \pi \sigma}\left(\frac{1}{a} - \frac{1}{b}\right)}
\]",NV,,False,EN,Laws Application
5,Electromagnetism,Classical Electromagnetism,Electrostatics,"A thin metallic spherical shell, with a radius of \( b \), carries a charge \( Q \). What is the electric field energy density at a distance \( r \) from the center of the sphere?","The electric field energy density \( \boldsymbol{w}_{\mathrm{e}}(r) \) is

\[
\boldsymbol{w}_{\mathrm{e}}(r)=\frac{1}{2} \varepsilon_{0} E^{2}=\frac{Q^{2}}{32 \pi^{2} \varepsilon_{0} r^{4}}
\]",\boxed{\frac{Q^{2}}{32 \pi^{2} \varepsilon_{0} r^{4}}},NV,,False,EN,Knowledge Recall
6,Electromagnetism,Classical Electromagnetism,Magstatics,"A uniformly wound insulated wire with 1200 turns is wrapped around an iron ring with a radius of \(10 \, \text{cm}\) and a cross-sectional area of \(12 \, \text{cm}^{2}\). There is an air gap on the ring with a width of \(1 \, \text{mm}\). The relative permeability of iron is 700, and it is assumed to be independent of the magnetic field strength, ignoring hysteresis effects. Calculate the self-inductance of the coil (with core).","\( L = \frac{B A N}{I} = 1.14 \, \text{H} \).",\boxed{1.14},NV,,False,EN,Laws Application
7,Electromagnetism,Classical Electromagnetism,Magstatics,"A cylindrical soft iron rod, with a length of \( L \) and a diameter of \( d \), is bent into a circle with a radius of \( R \). There is a narrow gap between its two ends, such that the gap spacing \( S \) is uniform across the rod's end face, and it is assumed \( S \ll d, d \ll R \). A coil with \( N \) turns is tightly wound around the iron rod, and a current \( I \) is passed through it. The relative permeability of the iron is \( \mu_{r} \). Neglecting edge effects, find the magnetic field strength \( B \) in the air gap.","Since \( S \ll d \ll R \), we can assume there is no magnetic flux leakage in the air gap, hence the magnetic field \( B \) in the gap is the same as in the rod. From

$$
\oint \boldsymbol{H} \cdot \mathrm{d} \boldsymbol{l} = N I
$$

we obtain

$$
B = \frac{\mu_{r} \mu_{0} N I}{2 \pi R + \left(\mu_{r} - 1\right) S}
$$",\boxed{\frac{\mu_{r} \mu_{0} N I}{2 \pi R + \left(\mu_{r} - 1\right) S}},EX,,False,EN,Laws Application
8,Electromagnetism,Classical Electromagnetism,Electrostatics,"Between two concentric metal spherical surfaces with radii $a$ and $b$, there is a potential difference $V$. What should the radius of the inner sphere be to minimize the electric field near this surface?","Assuming the inner sphere carries a charge $Q$, then in the region $a<r<b$, the electric field is

$$
\boldsymbol{E}(r)=\frac{Q}{4 \pi \varepsilon_{0} r^{2}} \boldsymbol{e}_{r}
$$

According to the problem statement

$$
V=\int_{a}^{b} \boldsymbol{E}(r) \cdot \mathrm{d}\boldsymbol{r}=\int_{a}^{b} \frac{Q}{4 \pi \varepsilon_{0}} \frac{1}{r^{2}} \mathrm{~d}r=\frac{Q}{4 \pi \varepsilon_{0}}\left(\frac{1}{a}-\frac{1}{b}\right)
$$

Thus, we have

$$
Q=\frac{4 \pi \varepsilon_{0} V}{\frac{1}{a}-\frac{1}{b}}
$$

So

$$
\boldsymbol{E}(r)=\frac{V}{r^{2}\left(\frac{1}{a}-\frac{1}{b}\right)}
$$

Therefore

$$
\boldsymbol{E}(a)=\frac{V}{a^{2}\left(\frac{1}{a}-\frac{1}{b}\right)}=\frac{V b}{a b-a^{2}}
$$

When $\frac{\mathrm{d} E(a)}{\mathrm{d} a}=0$, and when $a=\frac{b}{2}$, $E(a)$ is minimized, and its value is

$$
\boldsymbol{E}_{\min}(a)=\frac{4 V}{b}
$$",\boxed{\frac{b}{2}},NV,,False,EN,Math Derivation
9,Electromagnetism,Classical Electromagnetism,Electrostatics,"For a conducting spherical shell in electrostatic equilibrium with inner and outer radii of $a$ and $b$, respectively, and a point charge $q$ located at its center, find the electric field $\boldsymbol{E}(r)$ within the range of $r < a$.","In this situation, by applying Gauss's law, it is known that when $r < a$, the electric field is:

$$
\boldsymbol{E}(r) = \frac{q}{4 \pi \varepsilon_{0} r^{2}} \boldsymbol{e}_{r}
$$","\[
\boxed{\frac{q}{4 \pi \varepsilon_{0} r^{2}} \boldsymbol{e}_{r}}
\]",EX,,False,EN,Laws Application
10,Electromagnetism,Classical Electromagnetism,Electrostatics,A thin metallic spherical shell with radius $b$ carries a charge $Q$. What is the total energy of the electric field?,"The total energy of the electric field is

$$
W_{\mathrm{e}}=\frac{1}{2} V(b) Q=\frac{Q^{2}}{8 \pi \varepsilon_{0} b}
$$

or obtained through integration as

$$
W_{\mathrm{e}}=\int_{r>b} w_{\mathrm{e}}(r) \mathrm{d}V=\int_{b}^{\infty} \frac{Q^{2}}{32 \pi^{2} \varepsilon_{0}} \frac{1}{r^{4}} \cdot 4 \pi r^{2} \mathrm{~d}r=\frac{Q^{2}}{8 \pi \varepsilon_{0} b}
$$",\boxed{\frac{Q^{2}}{8 \pi \varepsilon_{0} b}},NV,,False,EN,Math Derivation
11,Electromagnetism,Classical Electromagnetism,Electrostatics,"A point charge of magnitude \( q = 2 \, \mu \mathrm{C} \) is placed at a distance \( a = 10 \, \mathrm{cm} \) from an infinite grounded conducting plane. Find the force exerted on charge \( q \).","The force on \( +q \) is given by

\[
F = \frac{1}{4 \pi \varepsilon_{0}} \frac{q^{2}}{(2a)^{2}} = 9 \times 10^{9} \times \frac{\left(2 \times 10^{-6}\right)^{2}}{0.2^{2}} = 0.9 \, \mathrm{N}
\]

In this expression, \(\varepsilon_{0} = \frac{1}{4 \pi \times 9 \times 10^{9}} \, \mathrm{C}^{2} / (\mathrm{N} \cdot \mathrm{m}^{2})\) is used.",\boxed{0.9},NV,,False,EN,Laws Application
12,Electromagnetism,Classical Electromagnetism,Magstatics,"A capacitor, composed of two circular plates with a radius \( R \) and a separation \( d \ll R \), is filled with a dielectric with a relative permittivity \( K_{e} \). A time-varying voltage \( V = V_{0} \cos \omega t \) is applied across the capacitor. As a function of the distance from the axis of the circular plates, determine the magnitude and direction of the magnetic field.",(b) \(\boldsymbol{B} = \frac{K_{e} \varepsilon_{0} \mu_{0} \omega V_{0}}{2 d} r \sin \omega t \boldsymbol{e}_{\theta}\).,\boxed{\boldsymbol{B}=\frac{K_{e} \varepsilon_{0} \mu_{0} \omega V_{0}}{2 d} r \sin \omega t \boldsymbol{e}_{\theta}},EX,\text{T},False,EN,Math Derivation
13,Electromagnetism,Classical Electromagnetism,Electrostatics,Determine what kind of charge distribution can produce a potential distribution of the form $\frac{A}{r} \mathrm{e}^{-\mu r}$ (where $A$ is a constant).,"Since $\nabla^{2} \varphi=\frac{\rho}{\varepsilon_{0}}$, in spherical coordinates when $r \neq 0$,

$$
\nabla^{2} \varphi=\frac{1}{r^{2}} \cdot \frac{\partial}{\partial r}\left(r^{2} \frac{\partial \varphi}{\partial r}\right)+\frac{1}{r^{2} \sin \theta} \cdot \frac{\partial}{\partial \theta}\left(\sin \theta \frac{\partial \varphi}{\partial \theta}\right)+\frac{1}{r^{2} \sin^{2} \theta} \cdot \frac{\partial^{2} \varphi}{\partial \varphi^{2}}
$$

Given $\varphi=\frac{A}{r} \mathrm{e}^{-\mu r}$, substitute it into the equation above:

$$
\begin{aligned}
\nabla^{2} \varphi & =\frac{1}{r^{2}} \cdot \frac{\partial}{\partial r}\left[r^{2} \frac{\partial}{\partial r}\left(\frac{A}{r} \mathrm{e}^{-\mu r}\right)\right]+0 \\
& =\frac{1}{r^{2}} \cdot \frac{\partial}{\partial r}\left[r^{2}\left(-\frac{A}{r^{2}} \mathrm{e}^{-\mu r}-\frac{A \mu}{r} \mathrm{e}^{-\mu r}\right)\right] \\
& =\frac{\mu^{2} A}{r} \mathrm{e}^{-\mu r}
\end{aligned}
$$

From the Poisson's equation for electrostatic fields:

$$
\nabla^{2} \varphi=-\frac{\rho}{\varepsilon_{0}}
$$

we obtain

$$
\rho=-\frac{\mu^{2} A \varepsilon_{0}}{r} \mathrm{e}^{-\mu r}
$$",\boxed{-\frac{\mu^{2} A \varepsilon_{0}}{r} \mathrm{e}^{-\mu r}},EX,,False,EN,Laws Application
14,Electromagnetism,Classical Electromagnetism,Electrostatics,"A solid conducting sphere with a radius of $r_{1}$ carries a charge of $+Q$ and is surrounded by a hollow conducting sphere with inner and outer radii of $r_{2}$ and $r_{3}$, respectively. Express the electric field outside the outer sphere using Gauss's law.","Due to electrostatic equilibrium, the inner surface of the hollow conducting sphere carries a total charge of $-Q$, and the outer surface carries a total charge of $+Q$. Gauss's law is expressed as $\oint_{S} \boldsymbol{E} \cdot \mathrm{~d} S=\frac{Q_{\text {total }}}{\varepsilon_{0}}$, where $Q_{\text {total }}$ is the algebraic sum of all charges enclosed by the closed surface $S$. Therefore, we have:

$$
\boldsymbol{E}(\boldsymbol{r})=\frac{Q}{4 \pi \varepsilon_{0} r^{2}} \boldsymbol{e}_{r}, \quad r>r_{3}
$$","\boxed{\boldsymbol{E}(\boldsymbol{r})=\frac{Q}{4 \pi \varepsilon_{0} r^{2}} \boldsymbol{e}_{r}, (r_{3}, \infty)}","EX, IN",,True,EN,Laws Application
15,Electromagnetism,Classical Electromagnetism,Electrostatics,"For a steady electric current obeying Ohm's law, use Gauss's theorem and spherical symmetry to determine the electric field $\boldsymbol{E}(r)$ between two concentric spherical conductors, where the inner sphere has a radius of $a$ and the outer sphere has a radius of $b \ (a<b)$. The total charge $Q$ is uniformly distributed on the surface of the inner sphere, and the material between the two conductors has a conductivity of $\sigma$. Please explain each assumption in detail.","Assume there is a small hole on the outer sphere through which an insulating wire delivers a current $I$ to the center of the inner sphere. Assume that the method of collecting current on the outer sphere does not alter the spherical symmetry of the current distribution between the spheres. Neglect the effects of the small hole, and use the spherical coordinate system $(r, \theta, \varphi)$. Given that the total charge $Q$ is uniformly distributed on the surface of the inner sphere, it is easy to derive from Gauss's theorem and spherical symmetry that

\[  
\boldsymbol{E}(r) = \frac{Q}{4 \pi \varepsilon r^{2}} \boldsymbol{e}_{r}  
\]",\boxed{\frac{Q}{4 \pi \varepsilon r^{2}}},EX,,False,EN,Laws Application
16,Electromagnetism,Classical Electromagnetism,Circuit Analysis,Can the frequency response of a single-pole low-pass filter (RC circuit) be ideally compensated by an LC filter?,"The answer is no. Although an LC filter can adjust the frequency response under certain conditions, it cannot fully compensate for the response characteristics of a single-pole low-pass filter.",\boxed{No},TF,,False,EN,Practical Application
17,Electromagnetism,Classical Electromagnetism,Circuit Analysis,"A resonant circuit is composed of a parallel plate capacitor and an inductor with $N$ turns of the coil. If all the linear dimensions of the capacitor and the inductor are reduced to $1/10$ of their original values while keeping the number of turns constant, by what factor does the capacitance change?","The capacitance $C \propto \frac{S}{d}$, so $C_{\mathrm{f}}=\frac{1}{10} C_{\mathrm{i}}$.",\boxed{\frac{1}{10}},NV,,False,EN,Laws Application
18,Electromagnetism,Classical Electromagnetism,Circuit Analysis,Consider that you need to measure the impedance of a coaxial cable. Can you use the property of terminal reflection for this purpose? Is this method feasible?,"When the terminal is matched, there is no reflection. This method can be used to measure the impedance of a coaxial cable; therefore, this method is correct.",\boxed{Yes},TF,,False,EN,Practical Application
19,Electromagnetism,Classical Electromagnetism,Electrostatics,"Given the electric field $\boldsymbol{E} = \frac{I}{4 \pi \sigma r^{2}} \boldsymbol{e}_{r}$, calculate the potential difference $V$ between two spherical conductors, where the inner sphere has a radius of $a$ and the outer sphere has a radius of $b$.","The potential difference $V$ between the two conductors is

\[
V = \int_{a}^{b} \boldsymbol{E} \cdot \mathrm{d} \boldsymbol{r} = \int_{a}^{b} \frac{I}{4 \pi \sigma r^{2}} \mathrm{d} r = \frac{I}{4 \pi \sigma}\left(\frac{1}{a} - \frac{1}{b}\right)
\]",\boxed{\frac{I}{4 \pi \sigma}\left(\frac{1}{a} - \frac{1}{b}\right)},EX,,False,EN,Math Derivation
20,Electromagnetism,Classical Electromagnetism,Electrostatics,"A hydrogen atom is composed of a nucleus and an electron cloud, where the charge density distribution of the electron cloud is given by $\rho(r) = -\frac{q_{0}}{a^{3}} e^{-\frac{2}{a} r}$. Here, $q_{0}$ is the nuclear charge and $a$ is the Bohr radius. Calculate the charge element at a distance $r$ from the center.","Use spherical coordinates. The charge element at a distance $r$ from the center is

\[
\mathrm{d} q = \rho(r) \mathrm{d} v = -\frac{q_{0}}{a^{3}} e^{-\frac{2}{a} r} r^{2} \sin \theta \, \mathrm{d} r \, \mathrm{d} \theta \, \mathrm{d} \phi \tag{1}
\]","\boxed{-\frac{q_{0}}{a^{3}} e^{-\frac{2}{a} r} r^{2} \sin \theta \, \mathrm{d} r \, \mathrm{d} \theta \, \mathrm{d} \phi}",EX,,True,EN,Math Derivation
21,Electromagnetism,Classical Electromagnetism,Electrostatics,A soap bubble with a radius of 1 cm is known to have a potential of 100 V. Find the charge $Q$ on the soap bubble.,"Let the charge on the soap bubble be $Q$. The formula gives:

$$
\frac{Q}{4 \pi \varepsilon_{0} r} = V
$$

When $r = r_{1} = 1 \,\text{cm}$, $V = V_{1} = 100 \,\text{V}$, thus 

$$
Q = 4 \pi \varepsilon_{0} r_{1} V_{1} = 4 \pi \times 8.85 \times 10^{-12} \,\text{(F/m)} \times 0.01 \,\text{(m)} \times 100 \,\text{(V)}
$$

Calculating gives:

$$
Q = 1.11 \times 10^{-11} \,\text{(C)}
$$",\boxed{1.11 \times 10^{-11}},NV,\text{C},False,EN,Laws Application
22,Electromagnetism,Classical Electromagnetism,Magstatics,"At the initial moment, a small circular loop with radius \( r_{1} \) is coplanar and concentric with a larger circular loop with radius \( r_{2} \) \((r_{2} \gg r_{1})\). A steady current \( I \) flows through the larger loop. The small loop rotates with a uniform angular velocity \( \omega \) about one of its diameters. Assume the resistance of the small loop is \( R \). Find the induced current in the small loop.","The current \( I \) in the larger loop generates a magnetic field at its center with magnitude \( B = \frac{\mu_{0} I}{2 r_{2}} \), which is perpendicular to the plane of the loop. Since \( r_{2} \gg r_{1} \), the small loop can be considered to be in a uniform magnetic field. The magnetic flux through the small loop is

\[
\Phi = B \pi r_{1}^{2} \cos \omega t
\]

The induced electromotive force (EMF) in the small loop is

\[
\varepsilon_{i} = -\frac{\mathrm{d} \Phi}{\mathrm{d} t} = B \pi r_{1}^{2} \omega \sin \omega t = \frac{\mu_{0} \pi \omega I r_{1}^{2} \sin \omega t}{2 r_{2}}
\]

Hence, the induced current in the small loop is

\[
i_{i} = \frac{\varepsilon_{i}}{R} = \frac{\mu_{0} \pi \omega I r_{1}^{2} \sin \omega t}{2 r_{2} R}
\]",\[\boxed{\frac{\mu_{0} \pi \omega I r_{1}^{2} \sin \omega t}{2 r_{2} R}}\],EX,,False,EN,Laws Application
23,Electromagnetism,Classical Electromagnetism,Magstatics,"There is a closely wound detection coil with a cross-sectional area of \(4 \ \mathrm{cm}^{2}\), 160 turns, and a resistance of \(50 \ \Omega\). The coil is connected to a ballistic galvanometer with an internal resistance of \(30 \ \Omega\). When the coil is quickly rotated from a position parallel to (the normal to the section) a uniform magnetic field to a perpendicular position, the galvanometer reads \(4 \times 10^{-5} \ \mathrm{C}\). What is the magnetic flux of the magnetic field?","During a short time \(\Delta t\), the coil moves from a position parallel to the magnetic field to a perpendicular one, and because \(\Delta t\) is very short, we have:

\[
\varepsilon = \frac{\Delta \phi}{\Delta t} = i(R+r)
\]

Since \(q = i \Delta t\), the total change in magnetic flux is:

\[
\Delta \phi = q(R+r) = B A N
\]

Thus, the magnetic flux density is:

\[
\begin{aligned}
B & = \frac{(R+r) q}{A N} = \frac{(50+30) \times \left(4 \times 10^{-5}\right)}{4 \times 10^{-4} \times 160} \\
& = 0.05 \ (\mathrm{T})
\end{aligned}
\]",\boxed{0.05},NV,\mathrm{T},False,EN,Laws Application
24,Electromagnetism,Classical Electromagnetism,Circuit Analysis,"Four capacitors of $1 \, \mu \mathrm{F}$ each are connected in parallel and charged to 200 V. Calculate the total capacitance and the energy stored in the capacitors.","Total capacitance

$$
C = 4 \times 1 = 4 \, (\mu \mathrm{F})
$$

Energy stored in capacitors

$$
E = \frac{1}{2} C V^{2} = \frac{1}{2} \times 4 \times 10^{-6} \times 200^{2} = 0.08 \, (\mathrm{J})
$$","\boxed{4, 0.08}","NV, NV","\mu \mathrm{F}, \mathrm{J}",True,EN,Knowledge Recall
25,Electromagnetism,Classical Electromagnetism,Magstatics,"Two coaxial coils with radii $a$ and $b$ are separated by a distance $x$, carrying currents $i_{a}$ and $i_{b}$ respectively. Assume $a \gg b$. Calculate the mutual inductance between these two coils.","Referring to Problem 2.54, the mutual inductance between the two coils is given by

$$
M_{12}=\frac{\pi \mu_{0} a^{2} b^{2}}{2\left(a^{2}+x^{2}\right)^{3 / 2}}
$$","\[
\boxed{\frac{\pi \mu_{0} a^{2} b^{2}}{2\left(a^{2}+x^{2}\right)^{3/2}}}
\]",NV,,False,EN,Knowledge Recall
26,Electromagnetism,Classical Electromagnetism,Circuit Analysis,Consider that you need to measure the impedance of a coaxial cable. Is it feasible to do so by measuring the attenuation of the signal in the cable?,"Measuring the attenuation of the signal can provide some information about the coaxial cable, but it is not the most effective method for directly measuring impedance. Therefore, this method is generally not used to measure impedance.",\boxed{No},TF,,False,EN,Knowledge Recall
27,Electromagnetism,Classical Electromagnetism,Electrostatics,"For a conducting spherical shell with inner and outer radii of $a$ and $b$, respectively, that is in a state of electrostatic equilibrium and has a point charge $q$ at its center, find the electric field $\boldsymbol{E}$ in the region $a < r < b$.","The electric field within the conducting material is zero; therefore, in the region $a < r < b$, we have:

$$
\boldsymbol{E} = 0
$$",\boxed{0},NV,,False,EN,Laws Application
28,Electromagnetism,Classical Electromagnetism,Electrostatics,"A capacitor is composed of two concentric spherical conducting shells with radii $a$ and $b$ $(a > b)$. The outer shell is grounded, and the inner shell carries a charge $Q$. Find the electric field in the region between the shells, where $b < r < a$.","In the region $b < r < a$, the electric field is given by

$$
\boldsymbol{E} = \frac{Q}{4 \pi \varepsilon_{0} r^{2}} \boldsymbol{e}_{r}
$$",\boxed{\frac{Q}{4 \pi \varepsilon_{0} r^{2}} \boldsymbol{e}_{r}},EX,,False,EN,Laws Application
29,Electromagnetism,Classical Electromagnetism,Electrostatics,"For a conducting spherical shell with inner and outer radii of $a$ and $b$ respectively, in electrostatic equilibrium with a point charge $q$ at its center, find the total charge on the inner surface.","In electrostatic equilibrium, the total charge on the inner surface of the conductor should be $-q$.",\boxed{-q},NV,,False,EN,Laws Application
30,Electromagnetism,Classical Electromagnetism,Electrostatics,"A point charge of magnitude \( q = 2 \, \mu \mathrm{C} \) is placed at a distance \( a = 10 \, \mathrm{cm} \) from an infinitely large grounded conducting plane. Find the total induced charge on the surface of the conductor.","Using the method of image charges, the image charge is located in a symmetric position relative to \( q \), with the magnitude \(-q\). Therefore, the total induced charge on the surface of the conductor is \(-q\).",\boxed{-2},NV,\mu \mathrm{C},False,EN,Laws Application
31,Electromagnetism,Classical Electromagnetism,Magstatics,"An iron ring with a radius of \(10 \, \text{cm}\) and a cross-sectional area of \(12 \, \text{cm}^{2}\) is uniformly wound with 1200 turns of insulated wire. The ring has an air gap with a width of \(1 \, \text{mm}\). The relative permeability of the iron is 700 and is assumed to be independent of the magnetic field strength. Ignore hysteresis effects. Determine the magnetic field in the air gap when a current of \(1 \, \text{A}\) flows through the coil.","\( B = \frac{\mu_{0} N I}{\frac{2 \pi R - d}{\mu_{r}} + d} = 0.795 \, \text{T} \).",\boxed{0.795},NV,\text{T},False,EN,Laws Application
32,Electromagnetism,Classical Electromagnetism,Electrostatics,"Between concentric conducting spheres with radii $a$ and $b$ ($a<b$), there is a non-uniform dielectric with a dielectric constant 

$$
\varepsilon = \frac{\varepsilon_{0}}{1+K r}
$$

($\varepsilon_{0}$ and $K$ are constants). $r$ is the radial coordinate. The electric displacement vector $\boldsymbol{D}(r) = \varepsilon \boldsymbol{E}(r)$. There is charge $Q$ on the inner surface, while the outer surface is grounded. Calculate $\boldsymbol{D}$ in the region $a<r<b$.","(a) Gauss's theorem and spherical symmetry give

$$
\boldsymbol{D} = \frac{Q}{4 \pi r^{2}} \boldsymbol{e}_{r}, \quad a<r<b
$$",\boxed{\frac{Q}{4 \pi r^{2}} \boldsymbol{e}_{r}},EX,,False,EN,Laws Application
33,Electromagnetism,Classical Electromagnetism,Electrostatics,A thin metallic spherical shell with radius $b$ carries a charge $Q$. What is its capacitance?,"Establish a spherical coordinate system $(r, \theta, \varphi)$. The electric field in the space outside the spherical shell is 

$$
\boldsymbol{E}(r)=\frac{Q}{4 \pi \varepsilon_{0} r^{2}} \boldsymbol{e}_{r}
$$

Assuming the electric potential at infinity is 0, the potential at radius $r$ is 

$$
V(r)=\int_{r}^{\infty} \frac{Q}{4 \pi \varepsilon_{0} r^{2}} \mathrm{~d} r=\frac{Q}{4 \pi \varepsilon_{0}} \cdot \frac{1}{r}
$$

Thus, the capacitance is 

$$
C=\frac{Q}{V(b)}=4 \pi \varepsilon_{0} b
$$",\boxed{4 \pi \varepsilon_{0} b},EX,,False,EN,Knowledge Recall
34,Electromagnetism,Classical Electromagnetism,Electrostatics,"Two conductors are embedded in a medium with conductivity $10^{-4} \, \Omega^{-1} \text{m}^{-1}$ and dielectric constant $\varepsilon = 80 \varepsilon_{0}$. The resistance between the conductors is $10^{5} \, \Omega$. Assume the two conductors carry free charges $Q$ and $-Q$, respectively. Take a closed Gaussian surface enclosing the conductor charged with $Q$ (but not enclosing the other conductor) and calculate the current $I$ between the conductors.","$I = \oint \boldsymbol{j} \cdot \mathrm{d} \boldsymbol{S} = \oint \sigma \boldsymbol{E} \cdot \mathrm{d} \boldsymbol{S} = \sigma \oint \boldsymbol{E} \cdot \mathrm{d} \boldsymbol{S} = \sigma \frac{Q}{\varepsilon}$

Thus, $I = \frac{\sigma Q}{\varepsilon}$.",\boxed{\frac{\sigma Q}{\varepsilon}},EX,,False,EN,Laws Application
35,Electromagnetism,Classical Electromagnetism,Magstatics,Is the Hall effect related to the rotation of the plane of polarization when polarized light passes through a transparent solid?,The answer is no.,\boxed{No},TF,,False,EN,Knowledge Recall
36,Electromagnetism,Classical Electromagnetism,Electrostatics,"For a conductor spherical shell in electrostatic equilibrium with inner and outer radii $a$ and $b$ respectively, with a point charge $q$ at its center, and a uniform charge density $\sigma$ on its outer surface, find the electric field $\boldsymbol{E}(r)$ in the region where $r > b$.","In the region where $r > b$, the electric field is determined by the contribution of the uniformly distributed charge on the outer surface:

$$
\boldsymbol{E}(r) = \frac{1}{4 \pi \varepsilon_{0}} \cdot \frac{4 \pi b^{2} \sigma}{r^{2}} \boldsymbol{e}_{r} = \frac{\sigma b^{2}}{\varepsilon_{0} r^{2}} \boldsymbol{e}_{r}
$$",\boxed{\frac{\sigma b^{2}}{\varepsilon_{0} r^{2}} \boldsymbol{e}_{r}},EX,,False,EN,Laws Application
37,Electromagnetism,Classical Electromagnetism,Electrostatics,In which of the following situations does Gauss's theorem not apply: (b) When the inverse square law does not hold accurately.,"The answer is (b). Gauss's theorem is based on the inverse square law, and if the inverse square law does not hold accurately, then Gauss's theorem will not be applicable.",\boxed{b},MC,,False,EN,Laws Application
38,Electromagnetism,Classical Electromagnetism,Magstatics,"The charge $Q$ is uniformly distributed on a spherical surface with a radius of $r_0$, and both the inside and outside of the sphere are vacuum. Calculate the electric force per unit area on the spherical surface. For $Q=1 \mathrm{C}$, $r_0=1 \mathrm{cm}$, provide a numerical answer.","The surface charge density $\sigma = \frac{Q}{4 \pi r_0^2}$. The electric field outside the sphere is

$$
\boldsymbol{E} = \frac{Q}{4 \pi \varepsilon_0 r^2} \boldsymbol{e}_r.
$$

The electric force per unit area on the external surface of the sphere is

$$
\boldsymbol{f} = \left.\frac{\sigma \boldsymbol{E}}{2}\right|_{r=r_0} = \frac{Q^2}{32 \pi^2 \varepsilon_0 r_0^4} \boldsymbol{e}_r.
$$

Substituting the values gives

$$
f = 3.6 \times 10^{16} \, \mathrm{N/m^2}.
$$",\boxed{3.6 \times 10^{16}},NV,\mathrm{N/m^2},False,EN,Laws Application
39,Electromagnetism,Classical Electromagnetism,Magstatics,A long non-magnetic cylindrical conductor with an inner radius of \(a\) and an outer radius of \(b\) carries a steady current \(I\). Determine the magnetic field in the cavity region \((r<a)\).,"Refer to Problem 2.1 and establish a cylindrical coordinate system. The current density in the conductor is

$$
j = \frac{I}{\pi(b^2 - a^2)}
$$

Using axial symmetry and Ampère's circuital law, it is not difficult to obtain: \\
(a) \(\boldsymbol{B} = 0, \quad (r<a)\).",\boxed{\boldsymbol{B} = 0},EQ,,False,EN,Laws Application
40,Electromagnetism,Classical Electromagnetism,Electrostatics,A perfectly conducting sphere is placed in a uniform electric field $\boldsymbol{E}_{0}$ directed along the $z$-axis. What is the induced electric dipole moment of the sphere?,"Suppose an electric dipole $\boldsymbol{P} = P \boldsymbol{e}_{r}$ is placed at the origin of the coordinate system. The potential it generates at position $\boldsymbol{r}$ is given by

\begin{equation*}
\varphi = -\frac{1}{4 \pi \varepsilon_{0}} \boldsymbol{P} \cdot \nabla \frac{1}{r} = \frac{P \cos \theta}{4 \pi \varepsilon_{0} r^{2}} \tag{3}
\end{equation*}

Comparing equation (3) with the second term of equation (2), the second term of equation (2) corresponds to the contribution from a dipole

$$
\boldsymbol{P} = 4 \pi \varepsilon_{0} a^{3} \boldsymbol{E}_{0}
$$

which represents the induced electric dipole moment of the sphere.",\boxed{4 \pi \varepsilon_{0} a^{3} \boldsymbol{E}_{0}},EX,,False,EN,
41,Electromagnetism,Classical Electromagnetism,Circuit Analysis,"When a capacitor discharges, the initial charge decreases exponentially over time. Which situation does this description correspond to?","The answer is (b). When a capacitor discharges, its charge decreases exponentially over time.",\boxed{B},MC,,False,EN,Knowledge Recall
42,Electromagnetism,Classical Electromagnetism,Electrostatics,A parallel plate capacitor is charged to a voltage \( V \) and then disconnected from the charging circuit. The initial distance between the plates is \( d \). How much work is required to change the plate spacing from \( d \) to \( d^{\prime} \neq d \)? Assume that the radius of the plates' circumference \( r \gg d \) and ignore edge effects.,"The capacitance of a parallel plate capacitor is \( C=\frac{\varepsilon_{0} S}{d} \), and the stored energy is \( W_{\mathrm{e}}=\frac{1}{2} C V^{2} \). As the charge on the plates remains constant when changing the plate distance, we have

$$
V^{\prime}=\frac{C}{C^{\prime}} V
$$

$$
W_{\mathrm{e}}^{\prime}=\frac{1}{2} C^{\prime}\left(\frac{C}{C^{\prime}} V\right)^{2}=\frac{1}{2} \cdot \frac{C^{2}}{C^{\prime}} V^{2}
$$

Thus, the change in the capacitor's stored energy is

$$
\Delta W_{\mathrm{e}}=W_{\mathrm{e}}^{\prime}-W_{\mathrm{e}}=\frac{1}{2} C V^{2}\left(\frac{C}{C^{\prime}}-1\right)=\frac{1}{2} C V^{2}\left(\frac{d^{\prime}}{d}-1\right)
$$

Therefore, the work required to change the distance from \( d \) to \( d^{\prime} \) is \(\frac{\pi \varepsilon_{0} r^{2}\left(d^{\prime}-d\right) V^{2}}{2 d^{2}}\).",\boxed{\frac{\pi \varepsilon_{0} r^{2}\left(d^{\prime}-d\right) V^{2}}{2 d^{2}}},NV,,False,EN,Math Derivation
43,Electromagnetism,Classical Electromagnetism,Magstatics,"Charge $Q$ is uniformly distributed on the surface of a sphere with radius $r_0$, with vacuum both inside and outside the sphere. Calculate the electrostatic energy of the entire space.","$W=\int \frac{1}{2} \varepsilon_0 E^2 \, \mathrm{d}V = \frac{Q^2}{8 \pi \varepsilon_0 r_0}$.",\boxed{\frac{Q^2}{8 \pi \varepsilon_0 r_0}},NV,,False,EN,Laws Application
44,Electromagnetism,Classical Electromagnetism,Magstatics,"A point particle with mass \(m\) and magnetic dipole moment \(\boldsymbol{M}\) performs circular motion of radius \(R\) around a fixed magnetic dipole (located at the center). The fixed dipole moment \(\boldsymbol{M}_{0}\) is antiparallel to \(\boldsymbol{M}\) and both are perpendicular to the orbital plane. ""Is it stable against small perturbations?"" Explain (consider only planar motion).","For deviations from the circular orbit within the plane, the potential energy of the orbital particle is

\[
U(r) = -\frac{\mu_{0} M M_{0}}{4 \pi r^{3}} + \frac{L^{2}}{2 m r^{2}}
\]

where \(L\) is the conserved angular momentum. The first term \(-\frac{\mu_{0} M M_{0}}{4 \pi r^{3}}\) represents the potential energy of \(\boldsymbol{M}\) on a circular orbit of radius \(r\) in the magnetic field \(\boldsymbol{B}\). The total energy of the particle is

\[
E = \frac{1}{2} m\left(\frac{\mathrm{d} r}{\mathrm{~d} t}\right)^{2} + U(r)
\]

Since \(\left(\frac{\mathrm{d} U}{\mathrm{~d} r}\right)_{r=R} = 0\) and \(\left(\frac{\mathrm{d}^{2} U}{\mathrm{~d} r^{2}}\right)_{r=R} < 0\), \(U(R)\) is at a peak, thus the orbit is unstable.",\boxed{No},TF,,False,EN,Laws Application
45,Electromagnetism,Classical Electromagnetism,Electrostatics,A conductor sphere with radius \( a \) and charge \( q \) is placed in a uniform electric field \(\boldsymbol{E}_{0}\). Determine the induced dipole moment of the sphere.,"The field in this problem is the superposition of three fields: the uniform electric field \(\boldsymbol{E}_{0}\), the dipole field induced by the conductor sphere, and the field generated by an isolated conductor sphere with charge \( q \).

The third term in \(\phi_{2}\) can be considered as the electric potential produced outside the sphere by a dipole \(\boldsymbol{P}=4 \pi \varepsilon_{0} a^{3} \boldsymbol{E}_{0}\) located at the center of the sphere.",\boxed{4 \pi \varepsilon_{0} a^{3} \boldsymbol{E}_{0}},EX,,False,EN,Laws Application
46,Electromagnetism,Classical Electromagnetism,Magstatics,A long non-magnetic cylindrical conductor with an inner radius of \(a\) and an outer radius of \(b\) carries a steady current \(I\). Derive the magnetic field inside the conductor \((a<r<b)\).,"Refer to Problem 2.1 and establish a cylindrical coordinate system. The current density inside the conductor is

\[ 
j = \frac{I}{\pi(b^2 - a^2)} 
\]

The current intensity through a circular section with radius \(r\) \((a<r<b)\) is

\[
I(r) = \pi(r^2 - a^2)j = \frac{I(r^2 - a^2)}{b^2 - a^2} 
\]

Using the symmetry of the axis and Ampere's circuital theorem, it is straightforward to obtain: 
\[ 
(b) \quad \boldsymbol{B}(r) = \frac{\mu_0 I}{2\pi r} \cdot \frac{r^2 - a^2}{b^2 - a^2} \boldsymbol{e}_{\theta}, \quad (a<r<b).
\]",\(\boxed{\boldsymbol{B}(r) = \frac{\mu_0 I}{2\pi r} \cdot \frac{r^2 - a^2}{b^2 - a^2} \boldsymbol{e}_{\theta}}\),EX,,False,EN,Laws Application
47,Electromagnetism,Classical Electromagnetism,Electrostatics,"Given a parallel plate capacitor with a plate area of \(0.2 \, \mathrm{m}^{2}\) and a gap of \(1 \, \mathrm{cm}\), it is charged to \(1000 \, \mathrm{V}\) and then disconnected from the power supply. If the gap between the plates is doubled, what is the final voltage of the capacitor?","Since the charge \(Q\) remains constant, the final voltage is determined by:

\[
\begin{aligned}
& C U = C^{\prime} U^{\prime} \\
& U^{\prime} = 2 U = 2000 \, \mathrm{V}
\end{aligned}
\]",\boxed{2000},NV,\mathrm{V},False,EN,
48,Electromagnetism,Classical Electromagnetism,Magstatics,"In a copper wire carrying a current of 10 A with a transverse width of 1 mm, which of the following values is the drift velocity of the electrons: $10^{-5} \ \mathrm{cm/s}$, $10^{-2} \ \mathrm{cm/s}$, $10^{3} \ \mathrm{cm/s}$, $10^{5} \ \mathrm{cm/s}$?",The answer is $10^{-2} \ \mathrm{cm/s}$.,\boxed{10^{-2}},MC,\mathrm{cm/s},False,EN,Laws Application
49,Electromagnetism,Classical Electromagnetism,Electrostatics,"A very long hollow metal cylinder has inner and outer radii \( r_{0} \) and \( r_{0} + \Delta r \left(\Delta r \ll r_{0}\right) \), respectively, and is uniformly filled with charge of density \( \rho_{0} \). What is the electric field at a location \( r < r_{0} \)?","Using cylindrical coordinates \( (r, \theta, z) \) and taking \( z \) as the central axis of the system, the electric field can be determined from Gauss's law as follows:

\[
r < r_{0}, \quad \boldsymbol{E}_{1}(r) = \frac{\rho_{0} r}{2 \varepsilon_{0}} \boldsymbol{e}_{r}
\]",\boxed{\frac{\rho_{0} r}{2 \varepsilon_{0}} \boldsymbol{e}_{r}},EX,,False,EN,
50,Electromagnetism,Classical Electromagnetism,Electrostatics,"A spherical spacecraft (with a radius of \(20 \, \text{m}\)) approaches a roughly spherical iron asteroid with a radius of \(100 \, \text{m}\). Suppose the spacecraft carries a charge \(Q=10^{-6} \, \text{C}\) due to fuel combustion. Additionally, assume the asteroid is a good conductor. Considering the above situation, what is the change in electrostatic potential energy of the system after connection?","Before connection, the electrostatic potential energy of the asteroid is 0, so the electrostatic energy of the system is

\[
W=\frac{1}{2} Q U=\frac{10^{-12}}{8 \pi \varepsilon_{0} \times 20} \, (\text{J})
\]

After connection, the electrostatic potential energy of the spacecraft is

\[
W_{1}=\frac{10^{-12}}{8 \pi \varepsilon_{0} \times 20 \times 36} \, (\text{J})
\]

The asteroid's electrostatic potential energy is

\[
W_{2}=\frac{25 \times 10^{-12}}{8 \pi \varepsilon_{0} \times 100 \times 36} \, (\text{J})
\]

The total electrostatic potential energy is

\[
W^{\prime}=W_{1}+W_{2}=\frac{10^{-12}}{8 \pi \varepsilon_{0} \times 20 \times 6} \, (\text{J})
\]

After they are connected, the electrostatic energy decreases, and the reduction in the system's electrostatic potential energy is

\[
\delta W=W^{\prime}-W=-1.9 \times 10^{-4} \, (\text{J})
\]",\boxed{-1.9 \times 10^{-4}},NV,,False,EN,Laws Application
51,Electromagnetism,Classical Electromagnetism,Electrostatics,"Outside a spherical conductor with radius \( a \), there is a positive charge \( q \), located at a distance \( r > a \) from the center of the sphere. How much charge should be given to the sphere so that the surface charge density on the sphere is positive everywhere?","Set up a Cartesian coordinate system with the origin at the center of the sphere and the line connecting the sphere's center to the point charge \( q \) as the \( z \)-axis. The influence of the spherical conductor's surface can be replaced by a point charge \(-\frac{a}{r}q\) at the point \( \left(0, 0, \frac{a^2}{r}\right) \) and a point charge \(\frac{a}{r}q\) at the sphere's center \((0,0,0)\). Consequently, the electric field \(\boldsymbol{E}\) at the point \(\left(0,0,a^{+}\right)\) is

\[
\begin{aligned}
\boldsymbol{E} & = \frac{1}{4 \pi \varepsilon_{0}} \left[ \frac{\frac{a}{r} q}{a^2} - \frac{q}{(r-a)^2} - \frac{\frac{a}{r} q}{\left(a - \frac{a^2}{r}\right)^2} \right] \boldsymbol{e}_{z} \\
& = \frac{1}{4 \pi \varepsilon_{0}} \left[ \frac{q}{ar} - \frac{q}{(r-a)^2} - \frac{\frac{r}{a}q}{(r-a)^2} \right] \boldsymbol{e}_{z}
\end{aligned}
\]

Evidently, at \((0,0,a)\), the greatest negative induced surface charge density occurs. From the above equation, it is given by

\[
\sigma_{e} = \varepsilon_{0} E_{n} = \frac{q}{4 \pi} \left[ \frac{1}{ar} - \frac{1}{(r-a)^2} - \frac{r/a}{(r-a)^2} \right]
\]

If the charge given to the sphere is \( Q \), it is uniformly distributed on the sphere's surface (which already has an induced charge distribution). To ensure that \(\sigma_{e}\) is positive everywhere, we must have

\[
\begin{aligned}
Q > -\sigma \cdot 4 \pi a^2 & = a^2 q \left[ \left(1 + \frac{r}{a}\right) \cdot \frac{1}{(r-a)^2} - \frac{1}{ar} \right] \\
& = \frac{a^2(3r-a)}{r(r-a)^2} q
\end{aligned}
\]",\boxed{\frac{a^{2}(3 r-a)}{r(r-a)^{2}} q},EX,,False,EN,Laws Application
52,Electromagnetism,Classical Electromagnetism,Electrostatics,"A solid conducting sphere with radius $r_{1}$ carries a charge $+Q$ and is surrounded by a hollow conducting sphere with inner and outer radii $r_{2}$ and $r_{3}$, respectively. Use Gauss's law to express the electric field between the two spheres.","By electrostatic equilibrium, the inner surface of the hollow conducting sphere carries a total charge of $-Q$, and the outer surface carries a total charge of $+Q$. Gauss's law is given by $\oint_{S} \boldsymbol{E} \cdot \mathrm{~d} S=\frac{Q_{\text{enc}}}{\varepsilon_{0}}$, where $Q_{\text{enc}}$ is the algebraic sum of all the charges enclosed by the closed surface $S$. Therefore, we have:

$$
\boldsymbol{E}(\boldsymbol{r})=\frac{Q}{4 \pi \varepsilon_{0} r^{2}} \boldsymbol{e}_{r}, \quad r_{2}>r>r_{1}
$$","\boxed{\boldsymbol{E}(\boldsymbol{r})=\frac{Q}{4 \pi \varepsilon_{0} r^{2}} \boldsymbol{e}_{r}, (r_{1}, r_{2})}","EX, IN","\text{N/C}, \text{m}",True,EN,Laws Application
53,Electromagnetism,Classical Electromagnetism,Electrostatics,"Between two concentric spherical conductors with radii $a$ and $b \ (a<b)$, the total current $I$ flowing from the inner sphere to the outer sphere satisfies $\oint j \cdot \mathrm{d} s = I$. Find the expression for the current $I$ given the current density $j = \frac{\sigma Q}{4 \pi \varepsilon r^{2}} \boldsymbol{e}_{r}$.","Since $\oint j \cdot \mathrm{d} s = I$, we have

\[  
\frac{\sigma Q}{4 \pi \varepsilon r^{2}} 4 \pi r^{2} = I  
\]",\boxed{\frac{\sigma Q}{\varepsilon}},NV,,False,EN,Laws Application
54,Electromagnetism,Classical Electromagnetism,Magstatics,"In a vacuum, there is a uniform cylindrical coil with a radius of $r_1=1 \mathrm{~m}$, a length of $l_1=1 \mathrm{~m}$, and $N_1 = 100$ turns. Coaxially placed at its center is a smaller coil with a radius of $r_2=10 \mathrm{~cm}$, a length of $l_2=10 \mathrm{~cm}$, and $N_2 = 10$ turns. Calculate the mutual inductance of these two coils.","Assume the outer coil carries a current $I_{1}$, producing a magnetic induction at the middle of the coil:

$$
B_{1}=\mu_{0} \frac{N_{1} I_{1}}{l_{1}}
$$

Given that the inner coil's $r_{2} \ll r_{1}$ and $l_{2} \ll l_{1}$, we can consider the magnetic field $B_{1}$ to be uniform across the inner coil, thereby obtaining the magnetic flux through the coil as:

$$
\Psi_{12}=N_{2} B_{1} S_{2}=\mu_{0} \frac{N_{1} N_{2} I_{1}}{l_{1}} \pi r_{2}^{2}
$$

Therefore, the mutual inductance of the two coils is:

$$
M=\frac{\Psi_{12}}{I_{1}}=\mu_{0} \frac{N_{1} N_{2}}{l_{1}} \pi r_{2}^{2} \approx 39.5 \, \mu \mathrm{H}
$$",\boxed{39.5},NV,\mu \mathrm{H},False,EN,Laws Application
55,Electromagnetism,Classical Electromagnetism,Electrostatics,"In a vacuum, a point charge \( q \) is located at a distance \( x \) from the surface of a semi-infinite dielectric with a relative permittivity \( K \). Find the distribution of bound surface charge density \( \sigma_{p}(r) \) on the dielectric surface.","Consider the surface of the semi-infinite dielectric as the plane \( z=0 \), and let the \( z \)-axis pass through the point charge, establishing a cylindrical coordinate system \( (z, r, \theta) \). The position of the point charge \( q \) is at \( z=x \). On the side above the interface \( \left(z=0_{+}\right) \), the normal component of the electric field is

\[
E_{z 1}(r) = -\frac{q x}{4 \pi \varepsilon_{0} \left(r^2 + x^2\right)^{3/2}} + \frac{\sigma_{p}(r)}{2 \varepsilon_{0}}
\]

On the side below the interface \( \left(z=0_{-}\right) \), the normal component of the electric field is

\[
E_{z 2}(r) = -\frac{q x}{4 \pi \varepsilon_{0} \left(r^2 + x^2\right)^{3/2}} - \frac{\sigma_{p}(r)}{2 \varepsilon_{0}}
\]

At the plane \( z=0 \), the boundary condition for the normal component of the electric displacement vector is given by

\[
\varepsilon_{0} E_{z 1}(r) = \varepsilon_{0} K E_{z 2}(r)
\]

Hence, we obtain

\[
\sigma_{p}(r) = \frac{(1-K) q x}{2 \pi (1+K) \left(r^2 + x^2\right)^{3/2}}
\]",\boxed{\frac{(1-K) q x}{2 \pi (1+K) \left(r^2 + x^2\right)^{3/2}}},EX,,False,EN,Math Derivation
56,Electromagnetism,Classical Electromagnetism,Electrostatics,"A cylindrical capacitor has an inner conductor with a radius of \( r_{1} \) and an outer conductor with a radius of \( r_{2} \). The outer conductor is grounded, while the inner conductor is charged, resulting in a positive potential \( V_{0} \). Find the electric field at \( r \) where \( r_{1} < r < r_{2} \).","Refer to Problem 1.35, we obtain

$$
\boldsymbol{E}(r) = \frac{V_{0}}{\ln \left(r_{2} / r_{1}\right)} \cdot \frac{1}{r}, \quad r_{1}<r<r_{2}
$$",\boxed{\boldsymbol{E}(r) = \frac{V_{0}}{\ln \left(r_{2} / r_{1}\right)} \cdot \frac{1}{r}},EQ,,False,EN,Laws Application
57,Electromagnetism,Classical Electromagnetism,Electrostatics,"On the surface $S$, there is an ideal dipole layer with dipole moment per unit area $\tau$. The electric potential at a point $P$ in space due to this dipole layer is given by

$$
\phi_{P} = \frac{1}{4 \pi \varepsilon_{0}} \int \frac{\boldsymbol{\tau} \cdot \boldsymbol{r}}{r^{3}} \, \mathrm{d} S
$$

where $r$ is the position vector from the surface element $\mathrm{d} S$ to the point $P$. In the $xy$ plane, there is an infinite dipole layer with a uniform dipole moment density $\tau = \tau e_{z}$. Determine the discontinuity of $\phi$ across this plane and calculate the jump value.","By symmetry, the potential at point $P$ can only depend on its $z$ coordinate. Setting up a cylindrical coordinate system $(R, \theta, z)$, we can assume $P$ is on the $z$-axis, thus

$$
\phi_{P} = \frac{1}{4 \pi \varepsilon_{0}} \int \frac{\tau \cdot r}{r^{3}} \, \mathrm{d} S = \frac{1}{4 \pi \varepsilon_{0}} \int \frac{\tau z}{r^{3}} \, \mathrm{d} S
$$

Since $r^{2} = R^{2} + z^{2}$ and $\mathrm{d} S = 2 \pi R \, \mathrm{d} R$, we have

$$
\phi_{P} = \frac{2 \pi \tau z}{4 \pi \varepsilon_{0}} \int_{0}^{\infty} \frac{R \, \mathrm{d} R}{\sqrt{\left(R^{2} + z^{2}\right)^{3}}} = \begin{cases} \frac{\tau}{2 \varepsilon_{0}}, & z>0 \\ -\frac{\tau}{2 \varepsilon_{0}}, & z<0 \end{cases}
$$

Therefore, on the $z=0$ plane, which is the $xy$ plane, the potential is discontinuous, with a jump value

$$
\Delta \phi = \frac{\tau}{2 \varepsilon_{0}} - \left(-\frac{\tau}{2 \varepsilon_{0}}\right) = \frac{\tau}{\varepsilon_{0}}
$$","\\
\boxed{\frac{\tau}{\varepsilon_{0}}}",NV,,False,EN,Math Derivation
58,Electromagnetism,Classical Electromagnetism,Electrostatics,"Two conductors are embedded within a medium with a conductivity of $10^{-4} \, \Omega^{-1} \text{m}^{-1}$ and a dielectric constant of $\varepsilon = 80 \varepsilon_{0}$. The resistance between the conductors is $10^{5} \, \Omega$. Assume the two conductors carry free charges $Q, -Q$ respectively. If the potential difference between the conductors is $V$, calculate the capacitance $C$ between the conductors using the resistance $R$.","$V = I R = \frac{\sigma Q}{\varepsilon} R$

Therefore,

$C = \frac{Q}{V} = \frac{\varepsilon}{\sigma R}$

That is,

$C = \frac{80 \times 8.85 \times 10^{-12}}{10^{-4} \times 10^{5}} = 7.08 \times 10^{-11} \, \mathrm{F}$",\boxed{7.08 \times 10^{-11}},NV,\mathrm{F},False,EN,Practical Application
59,Electromagnetism,Classical Electromagnetism,Electrostatics,"A hydrogen atom is composed of a nucleus and an electron cloud, where the charge density distribution of the electron cloud is given by $\rho(r) = -\frac{q_{0}}{a^{3}} e^{-\frac{2}{a} r}$, with $q_{0}$ being the nuclear charge and $a$ being the Bohr radius. Determine the interaction energy between the hydrogen atom's nucleus and the electron cloud.","The interaction energy is given by

\[
\begin{align*}
W & = \int \varphi(r) \, \mathrm{d} q = \int \varphi(\boldsymbol{r}) \rho(r) \, \mathrm{d} v \\
& = -\frac{q_{0}^{2}}{4 \pi \varepsilon_{0} a^{3}} \int \frac{1}{r} e^{-\frac{2}{a} r} r^{2} \sin \theta \, \mathrm{d} r \, \mathrm{d} \theta \, \mathrm{d} \phi \tag{2} \\
& = -\frac{q_{0}^{2}}{\varepsilon_{0} a^{3}} \int_{0}^{\infty} r e^{-\frac{2}{a} r} \, \mathrm{d} r = -\frac{q_{0}^{2}}{\varepsilon_{0} a}
\end{align*}
\]",\boxed{-\frac{q_{0}^{2}}{\varepsilon_{0} a}},EX,,False,EN,Math Derivation
60,Electromagnetism,Classical Electromagnetism,Electrostatics,"For the polarization vector $\boldsymbol{P}$ and the electric field intensity $\boldsymbol{E}$, in the equation $\boldsymbol{P} = \boldsymbol{\alpha} \boldsymbol{E}$, $\alpha$ is generally: (a) a scalar; (b) a vector; (c) a tensor.",The answer is (c).,\boxed{C},MC,,False,EN,Knowledge Recall
61,Electromagnetism,Classical Electromagnetism,Electrostatics,"On the plane at \( z=0 \), there is a surface charge density distribution \(\sigma = \sigma_{0} \sin \alpha x \sin \beta y\), where \(\sigma_{0}, \alpha, \beta\) are constants. Find the potential distribution in the region \( z>0 \).","This problem can be solved using the method of separation of variables. According to the problem statement, the boundary value problem is

\[
\Delta \varphi_{1}(x, y, z) = 0, \quad z > 0
\]

Assume the form of the solution in the region \( z>0 \) as

\[
\varphi(x, y, z) = X(x) Y(y) Z(z)
\]

Substituting into the equation, we get

\[
\begin{align*}
\frac{\mathrm{d}^{2} X}{\mathrm{~d} x^{2}} + \alpha^{2} X = 0 \\
\frac{\mathrm{~d}^{2} Y}{\mathrm{~d} y^{2}} + \beta^{2} Y = 0\\
\frac{\mathrm{~d}^{2} Z}{\mathrm{~d} z^{2}} - \lambda^{2} Z = 0, \quad \lambda^{2} = \alpha^{2} + \beta^{2}
\end{align*}
\]

Taking into account the boundedness of the potential at infinity from the equations, the solution form in the region \( z > 0 \) is found to be

\[
\varphi_{1} = A \sin \alpha x \sin \beta y \mathrm{e}^{-\lambda z}, \quad z > 0
\]

From this expression, the constant \( A \) can be determined, \( A = \frac{\sigma_{0}}{2 \lambda \varepsilon_{0}} \). Therefore, the potential in the region \( z > 0 \) is

\[
\varphi(x, y, z) = \frac{\sigma_{0}}{2 \lambda \varepsilon_{0}} \sin \alpha x \sin \beta y \mathrm{e}^{-\lambda z}, \quad z > 0
\]","\boxed{\varphi(x, y, z) = \frac{\sigma_{0}}{2 \lambda \varepsilon_{0}} \sin \alpha x \sin \beta y \mathrm{e}^{-\lambda z}, \quad z > 0}",EX,,True,EN,Math Derivation
62,Electromagnetism,Classical Electromagnetism,Circuit Analysis,"A resonance circuit is comprised of a parallel plate capacitor and an inductor with $N$ turns of coil. If all linear dimensions of the capacitor and the inductor are reduced to $1/10$ of their original size, and the number of turns of the coil remains unchanged, by what factor does the inductance change?","The inductance $L \propto \frac{N^{2} S}{l}$, therefore $L_{\mathrm{f}}=\frac{1}{10} L_{\mathrm{i}}$.",\boxed{\frac{1}{10}},NV,,False,EN,Practical Application
63,Electromagnetism,Classical Electromagnetism,Electrostatics,"An insulating soap bubble carries a charge of \( Q = 1.11 \times 10^{-11} \,\text{(C)} \). When it shrinks from a radius of 1 cm to a droplet with a radius of 1 mm, what is the change in its electrostatic energy?","When the radius changes from \( r_{1} \) to \( r_{2} = 1 \mathrm{~mm} \), the change in electric energy is

$$
\begin{aligned}
\Delta w & = \frac{Q^{2}}{8 \pi \varepsilon_{0} r_{2}} - \frac{Q^{2}}{8 \pi \varepsilon_{0} r_{1}} = 2 \pi \varepsilon_{0}\left(r_{1} V_{1}\right)^{2}\left(\frac{1}{r_{2}} - \frac{1}{r_{1}}\right) \\
& = 2 \pi \times 8.85 \times 10^{-12} \,\text{(F/m)} \times \left(10^{-2} \,\text{(m)} \times 100 \,\text{(V)}\right)^{2} \times \left(\frac{1}{10^{-3} \,\text{(m)}} - \frac{1}{10^{-2} \,\text{(m)}}\right) \\
& = 5 \times 10^{-8} \,\text{(J)}
\end{aligned}
$$",\boxed{5 \times 10^{-8}},NV,\text{J},False,EN,Laws Application
64,Electromagnetism,Classical Electromagnetism,Electrostatics,"In a vacuum, a point charge \( q \) is located at a distance \( x \) from the surface of a semi-infinite dielectric with a relative permittivity of \( K \). Calculate the value of the electric field \( E \) at the point \( (0,0, x) \).","The electric field from the charge distribution at point \( (0,0, x) \) has only a perpendicular component, which is given by

\[
E = \int \frac{\sigma_{p}(r) x \, \mathrm{d} s}{4 \pi \varepsilon_{0} \left(r^2 + x^2\right)^{3/2}} = \frac{(1-K) q x^2}{4 \pi (1+K) \varepsilon_{0}} \int_{0}^{\infty} \frac{r \, \mathrm{d} r}{\left(r^2 + x^2\right)^3}
\]

\[
= \frac{(1-K) q}{16 \pi (1+K) \varepsilon_{0} x^2}
\]",\boxed{\frac{(1-K) q}{16 \pi (1+K) \varepsilon_{0} x^2}},NV,,False,EN,Math Derivation
65,Electromagnetism,Classical Electromagnetism,Electrostatics,"For a sphere centered at the origin, a point charge \( q \) is placed at its center. Find the external potential distribution of the sphere, given that the potential distribution on the sphere's surface is \( \Phi = V_{0} \cos \theta \).","Let the radius of the sphere be \( R \). The equation for the potential is

$$
\nabla^{2} \Phi = 0, \quad r > R
$$

Using the method of separation of variables, the solution takes the form

$$
\Phi = \sum_{n=0}^{\infty} \frac{B_{n}}{r^{n+1}} P_{n}(\cos \theta), \quad r > R
$$

Here, the boundary condition at \( r \rightarrow \infty \) has been used, and from the boundary condition at \( r = R \), where \( \Phi = V_{0} \cos \theta \), we finally obtain

$$
\Phi = \frac{V_{0} R^{2}}{r^{2}} \cos \theta, \quad r > R
$$",\boxed{\frac{V_0 R^2}{r^2} \cos \theta},EX,,False,EN,Math Derivation
66,Electromagnetism,Classical Electromagnetism,Electrostatics,"A capacitor is composed of two concentric spherical conducting shells with radii $a$ and $b$ $(a > b)$. The outer shell is grounded, and the inner shell has a charge $Q$. It is known that the electric field in the region $b < r < a$ is $\boldsymbol{E} = \frac{Q}{4 \pi \varepsilon_{0} r^{2}} \boldsymbol{e}_{r}$. Find the energy of the electric field in the capacitor.","Thus, the energy of the electric field is

$$
W = \int_{b}^{a} \frac{1}{2} \varepsilon_{0} \left(\frac{Q}{4 \pi \varepsilon_{0} r^{2}}\right)^{2} 4 \pi r^{2} \, \mathrm{d}r = \frac{Q^{2}}{8 \pi \varepsilon_{0}} \left(\frac{1}{b} - \frac{1}{a}\right)
$$",\boxed{\frac{Q^{2}}{8 \pi \varepsilon_{0}} \left(\frac{1}{b} - \frac{1}{a}\right)},NV,,False,EN,Laws Application
67,Electromagnetism,Classical Electromagnetism,Electrostatics,"A cylindrical capacitor has an inner conductor with a radius of $r_{1}$ and an outer conductor with a radius of $r_{2}$. The outer conductor is grounded, and the inner conductor is charged, resulting in a positive potential of $V_{0}$. Find the potential at a radius $r$.","$$
V(r) = V_{0} - \int_{r_{1}}^{r} \boldsymbol{E} \cdot \mathrm{d}r = \frac{V_{0} \ln \left(r_{2} / r\right)}{\ln \left(r_{2} / r_{1}\right)}
$$","\[
\boxed{\frac{V_{0} \ln \left(r_{2} / r\right)}{\ln \left(r_{2} / r_{1}\right)}}
\]",EX,,False,EN,Math Derivation
68,Electromagnetism,Classical Electromagnetism,Electrostatics,"A coaxial cable separated by air has an inner conductor with a diameter of \(0.5 \, \text{cm}\) and an outer conductor with a diameter of \(1.5 \, \text{cm}\). If there is an electric potential difference of \(8000 \, \text{V}\) between the inner conductor and the grounded outer conductor, what is the electric field intensity at a distance of \(r=1 \, \text{cm}\) from the axis?","When \(r=1 \, \text{cm}\), it is outside the cable, so the electric field intensity is

\[
E = 0
\]",\boxed{0},NV,,False,EN,Laws Application
69,Electromagnetism,Classical Electromagnetism,Electrostatics,"In a vacuum, a point charge \( q \) is positioned at a distance \( x \) from the surface of a semi-infinite dielectric material with a relative permittivity \( K \). Determine the force \( F \) experienced by the point charge.","Therefore, the force experienced by the point charge is

\[
F = q E = \frac{(1-K) q^2}{16 \pi (1+K) \varepsilon_{0} x^2}
\]","\[
\boxed{\frac{(1-K) q^2}{16 \pi (1+K) \varepsilon_{0} x^2}}
\]",EX,,False,EN,Math Derivation
71,Electromagnetism,Classical Electromagnetism,Magstatics,"A long solenoid has a number of turns per unit length denoted as $n$. If the current increases uniformly with time, i.e., $i=K t$, consider a cylinder of length $l$, with a radius equal to the solenoid's radius and coaxial with the solenoid. Calculate the energy flowing into this cylinder per unit time. Prove that it equals $\frac{\mathrm{d}}{\mathrm{d} t}\left(\frac{1}{2} L i^{2}\right)$, where $L$ is the inductance per unit length of the solenoid.","(c) According to the electric field $\boldsymbol{E}$ and the magnetic field $\boldsymbol{H}$, the energy flow density is:

$$
\boldsymbol{S}=\boldsymbol{E} \times \boldsymbol{H}=-\frac{\mu_{0} n^{2} K^{2}}{2} r t \boldsymbol{e}_{r}
$$

Thus, the energy flowing into the cylinder per unit time along the direction of $\boldsymbol{e}_{r}$ is:

$$
\frac{\mathrm{d} W}{\mathrm{d} t}=2 \pi r l S=\mu_{0} V n^{2} K^{2} t
$$

where $V$ is the volume of the cylinder. Because the inductance per unit length of the solenoid is:

$$
L=\mu_{0} V n^{2}
$$

it immediately follows that:

$$
\frac{\mathrm{d}}{\mathrm{d} t}\left(\frac{1}{2} L i^{2}\right)=\mu_{0} V n^{2} K^{2} t=\frac{\mathrm{d} W}{\mathrm{d} t}
$$",\boxed{\frac{\mathrm{d}}{\mathrm{d} t}\left(\frac{1}{2} L i^{2}\right) = \frac{\mathrm{d} W}{\mathrm{d} t}},EQ,\frac{\mathrm{J}}{\mathrm{s}},False,EN,Math Derivation
72,Electromagnetism,Classical Electromagnetism,Circuit Analysis,Does a discharging capacitor necessarily require an inductor?,"The answer is (b), no. A capacitor can discharge through different network configurations and does not necessarily require an inductor.",\boxed{B},MC,,False,EN,Knowledge Recall
73,Electromagnetism,Classical Electromagnetism,Circuit Analysis,The mutual interaction force between two coils carrying currents \( i_{1} \) and \( i_{2} \) in the \( x \)-direction is expressed by the mutual inductance \( M \) as (a) \(\frac{\mathrm{d} i_{2}}{\mathrm{~d} x} = i_{1} M\).,The answer is (b).,\boxed{b},MC,,False,EN,
74,Electromagnetism,Classical Electromagnetism,Circuit Analysis,"A coaxial transmission line has a characteristic impedance of \(100 \, \Omega\), and a wave travels along the transmission line at a speed of \(2.5 \times 10^{8} \, \text{m/s}\). A voltage pulse with an amplitude of \(15 \, \text{V}\) and a duration of \(10^{-8} \, \text{s}\) is propagating along the cable. Determine the pulse current.","The pulse current

\[
I_{0} = \frac{V}{Z_{\mathrm{c}}} = \frac{15}{100} = 0.15 \, (\text{A})
\]",\boxed{0.15},NV,\text{A},False,EN,Knowledge Recall
76,Electromagnetism,Classical Electromagnetism,Circuit Analysis,"The initial temperature of the copper wire is $25^{\circ} \mathrm{C}$. Given that the melting point of copper is $1356 \, (^{\circ} \mathrm{C})$ and the specific heat capacity is $0.091 \, (\mathrm{cal} / \mathrm{g} \cdot { }^{\circ} \mathrm{C})$. Calculate the amount of heat required to melt the copper wire, and determine whether this amount of heat is less than the capacitor's stored energy of $0.08 \, (\mathrm{J})$.","If the copper wire is initially at room temperature $\left(t = 25^{\circ} \mathrm{C}\right)$, the heat required to melt it is

$$
\begin{aligned}
& Q = c m \Delta t = 0.091 \times 0.225 \times 10^{-3} \times (1356 - 25) \\
& = 0.027 \, (\mathrm{cal}) = 0.11 \, (\mathrm{J}) \\
& Q > E
\end{aligned}
$$

Therefore, the copper wire will not melt.",\boxed{No},TF,,False,EN,Practical Application
77,Electromagnetism,Classical Electromagnetism,Magstatics,"Assuming the conservation of magnetic charge, derive the relation between the magnetic charge current density $\boldsymbol{J}_{\mathrm{m}}$ and the magnetic charge density $\rho_{\mathrm{m}}$.","The conservation of magnetic charge is mathematically expressed as

$$
\frac{\partial}{\partial t} \int_{V} \rho_{\mathrm{m}} \, \mathrm{d} V=-\oint_{S} \boldsymbol{J}_{\mathrm{m}} \cdot \mathrm{d} \boldsymbol{S}=-\int_{V} \nabla \cdot \boldsymbol{J}_{\mathrm{m}} \, \mathrm{d} V
$$

Due to the arbitrariness of $V$, we obtain $\frac{\partial \rho_{\mathrm{m}}}{\partial t}+\nabla \cdot \boldsymbol{J}_{\mathrm{m}}=0$.",\boxed{\frac{\partial \rho_{\mathrm{m}}}{\partial t}+\nabla \cdot \boldsymbol{J}_{\mathrm{m}}=0},EQ,,False,EN,Math Derivation
78,Electromagnetism,Classical Electromagnetism,Circuit Analysis,"A solenoid is used to create a magnetic field in a large space, with the following dimensions: a length of 2 m, a radius of 0.1 m, and 1000 turns (neglecting edge effects). What is the magnetic field along the axis of the solenoid when a current of 2000 A passes through it (unit: $\mathrm{Wb} / \mathrm{m}^{2}$)?","$$
\begin{aligned}
B & = \frac{\mu_{0} N I}{l} = \frac{4 \pi \times 10^{-7} \times 1000 \times 2000}{2} \\
& = 1.26 \, (\mathrm{Wb} / \mathrm{m}^{2})
\end{aligned}
$$",\boxed{1.26},NV,,False,EN,Laws Application
79,Electromagnetism,Classical Electromagnetism,Circuit Analysis,"A high-quality copper wire is 5 mm long, with a resistance of \(4 \, \Omega/\mathrm{m}\), and a mass of \(0.045 \, \mathrm{g}/\mathrm{m}\). What are its resistance and mass?","Resistance of the copper wire

\[
R = 4 \times 5 \times 10^{-3} = 0.02 \, (\Omega)
\]

Mass of the copper wire

\[
m = 0.045 \times 5 \times 10^{-3} = 0.225 \, (\mathrm{mg})
\]","\boxed{0.02, 0.225}","NV, NV","\Omega, \mathrm{mg}",True,EN,Knowledge Recall
80,Electromagnetism,Classical Electromagnetism,Magstatics,"A copper coin stands on its edge as a pivot point in a vertical magnetic field of $B = 2 \, \mathrm{T}$. A slight push is given to make it fall, estimate the time it takes to fall (Hint: The electrical conductivity of copper is $6 \times 10^{5} \, \Omega^{-1} \cdot \mathrm{m}^{-1}$, and its density is $9 \, \mathrm{g/cm^{3}}$). Consider that copper is a good conductor, and its potential energy is mainly converted into thermal energy during the fall. Assume that the magnetic torque and gravitational torque are balanced at all times during the fall. Let the radius of the copper coin be $r_{0}$, the thickness be $h$, and $\theta$ be the angle between the coin surface and the vertical axis, with the toppling angle being $\theta_{0}$.

(2) Calculate the gravitational torque $\tau_{\mathrm{g}}$ for the entire copper coin.","The gravitational torque is

$$
\tau_{\mathrm{g}} = m g r_{0} \sin \theta = \pi r_{0}^{3} \rho h g \sin \theta
$$",\boxed{\pi r_{0}^{3} \rho h g \sin \theta},EX,\mathrm{N} \cdot \mathrm{m},False,EN,Laws Application
81,Electromagnetism,Classical Electromagnetism,Magstatics,"Charge $Q$ is uniformly distributed on the surface of a sphere with radius $r_0$, and both the inside and outside of the sphere are vacuum. The sphere rotates around one of its diameters with angular velocity $\omega$. Calculate the magnetic field at the center of the sphere.","Refer to Problem 2.42, the magnetic field at the center of the sphere is

$$
\boldsymbol{B} = \frac{\mu_0 Q \omega}{6 \pi r_0} \boldsymbol{e}_z
$$",\boxed{\frac{\mu_0 Q \omega}{6 \pi r_0} \boldsymbol{e}_z},EX,,False,EN,Laws Application
82,Electromagnetism,Classical Electromagnetism,Magstatics,A uniform isotropic magnetic medium sphere with radius $a$ and permeability $\mu$ is placed in a uniform magnetic field $\boldsymbol{B}_{0}$. Determine the magnetic field outside the medium sphere.,"The magnetic field induced by the magnetization of the medium outside the sphere is

\[
\boldsymbol{H}_{\mathrm{out}}^{\prime} = -\frac{a^{3}}{3} \boldsymbol{M} \cdot \nabla \frac{\boldsymbol{r}}{r^{3}} = \frac{\mu-\mu_{0}}{\mu+2 \mu_{0}} a^{3} \left( \boldsymbol{H}_{0} \cdot \nabla \right) \frac{\boldsymbol{r}}{r^{3}} \tag{4}
\]

The magnetic field strength outside the sphere is $\boldsymbol{H}_{\mathrm{out}}=\boldsymbol{H}_{0}+\boldsymbol{H}_{\mathrm{out}}^{\prime}$, and the magnetic induction is $\boldsymbol{B}_{\mathrm{out}}=\mu_{0} \boldsymbol{H}_{\mathrm{out}}$. Thus, the final result is

\[
\boldsymbol{B} = \boldsymbol{B}_{0} - \frac{\mu-\mu_{0}}{\mu+2 \mu_{0}} a^{3} \left( \boldsymbol{B}_{0} \cdot \nabla \right) \frac{\boldsymbol{r}}{r^{3}} \quad \text{for} \quad |\boldsymbol{r}| > a
\]",\boxed{\boldsymbol{B}=\boldsymbol{B}_{0}-\frac{\mu-\mu_{0}}{\mu+2 \mu_{0}} a^{3}\left(\boldsymbol{B}_{0} \cdot \nabla\right) \frac{\boldsymbol{r}}{r^{3}} \quad \text{for} \quad |\boldsymbol{r}|>a},EX,,False,EN,Math Derivation
83,Electromagnetism,Classical Electromagnetism,Electrostatics,"On the plane at \( z = 0 \), there is a surface charge density distribution given by \( \sigma = \sigma_{0} \sin(\alpha x) \sin(\beta y) \), where \( \sigma_{0}, \alpha, \beta \) are constants. Determine the electric potential distribution in the region \( z < 0 \).","This problem can be solved using the method of separation of variables. According to the problem, the boundary value problem is given by

\[
\Delta \varphi_{2}(x, y, z) = 0, \quad z < 0
\]

Assume the solution in the region \( z < 0 \) has the form

\[
\varphi(x, y, z) = X(x) Y(y) Z(z)
\]

Substituting into the equation gives

\[
\begin{align*}
\frac{\mathrm{d}^{2} X}{\mathrm{~d} x^{2}} + \alpha^{2} X = 0 \\
\frac{\mathrm{~d}^{2} Y}{\mathrm{~d} y^{2}} + \beta^{2} Y = 0\\
\frac{\mathrm{~d}^{2} Z}{\mathrm{~d} z^{2}} - \lambda^{2} Z = 0, \quad \lambda^{2} = \alpha^{2} + \beta^{2}
\end{align*}
\]

From these equations, considering the boundedness of the potential at infinity, the solution for the region \( z < 0 \) is found to be

\[
\varphi_{2} = A \sin(\alpha x) \sin(\beta y) \mathrm{e}^{\lambda z}, \quad z < 0
\]

The constant \( A \) can be determined as \( A = \frac{\sigma_{0}}{2 \lambda \varepsilon_{0}} \). Therefore, the potential in the region \( z < 0 \) is

\[
\varphi(x, y, z) = \frac{\sigma_{0}}{2 \lambda \varepsilon_{0}} \sin(\alpha x) \sin(\beta y) \mathrm{e}^{\lambda z}, \quad z < 0
\]","\boxed{\varphi(x, y, z) = \frac{\sigma_{0}}{2 \lambda \varepsilon_{0}} \sin \alpha x \sin \beta y \mathrm{e}^{\lambda z}, \quad z < 0}",EX,,True,EN,Math Derivation
84,Electromagnetism,Classical Electromagnetism,Electrostatics,"A pair of concentric metal spheres with radii $a$ and $b$ $(a < b)$ is filled with a medium of conductivity $\sigma$. At time $t=0$, the inner sphere suddenly acquires a total charge $q$. Calculate the current in the medium.","Using Ohm's law $\boldsymbol{j} = \sigma \boldsymbol{E}$. At $t=0$, since the inner sphere is charged with $q$, the electric field within the medium of the sphere is

$$
E_{0} = \frac{q}{4 \pi \varepsilon r^{2}}
$$

directed radially. Let $q(t)$ be the charge on the inner sphere at time $t$, then the electric field at time $t$ is

\[
E(t) = \frac{q(t)}{4 \pi \varepsilon r^{2}} \tag{1}
\]

The unknown $q(t)$ can be determined by the conservation of charge. To do this, consider the spherical surface with radius $r$ surrounding the inner sphere:

The solution to the differential equation is

\[
-\frac{\mathrm{d}}{\mathrm{~d} t} q(t) = 4 \pi r^{2} \sigma E(t) = \frac{\sigma}{\varepsilon} q(t) \tag{2}
\]

Substituting equation (2) into equation (1) gives

$$
q(t) = q \mathrm{e}^{-\frac{\sigma}{\varepsilon} t}
$$

$$
E(t, r) = \frac{q}{4 \pi \varepsilon r^{2}} \mathrm{e}^{-\frac{\sigma}{\varepsilon} t}
$$

Therefore, at radius $r$, the current density is

$$
j(t, r) = \frac{\sigma q}{4 \pi \varepsilon r^{2}} \mathrm{e}^{-\frac{\sigma}{\varepsilon} t}
$$

The total current is

$$
I(t) = 4 \pi r^{2} j(t, r) = \frac{\sigma q}{\varepsilon} \mathrm{e}^{-\frac{\sigma}{\varepsilon} t}
$$","\[
\boxed{\frac{\sigma q}{\varepsilon} \mathrm{e}^{-\frac{\sigma}{\varepsilon} t}}
\]",EX,,False,EN,Math Derivation
85,Electromagnetism,Classical Electromagnetism,Circuit Analysis,"The transmission speed of high-frequency signals in a coaxial cable is determined by: (b) $\frac{1}{\sqrt{LC}}$, where $L$ and $C$ are the distributed inductance and capacitance, respectively.","The answer is (b). The transmission speed of high-frequency signals in a coaxial cable is primarily determined by $\frac{1}{\sqrt{LC}}$, where $L$ is the inductance and $C$ is the capacitance.",\boxed{b},MC,,False,EN,Knowledge Recall
86,Electromagnetism,Classical Electromagnetism,Magstatics,"A long coaxial cable consists of a solid cylindrical conductor with a radius of $R_{1}$ and an outer cylindrical conductor shell with a radius of $R_{2}$. One end of the conductors is connected to a resistor, while the other end is connected to a battery. Thus, a current $i$ flows through the conductors, and there is a potential difference $V$ between the conductors. Neglect the resistance of the cable itself.  
(b) Find the magnetic and electric energy per unit length between the two conductors.","(b) The magnetic energy density is given by $w_{m} = \frac{B^{2}}{2 \mu_{0}} = \frac{\mu_{0}}{2}\left(\frac{i}{2 \pi r}\right)^{2}$. Hence, the magnetic energy per unit length is

$$
\begin{aligned}
\frac{\mathrm{d} w_{m}}{\mathrm{~d} z} &= \int w_{m} \mathrm{~d} s = \int_{R_{1}}^{R_{2}} \frac{\mu_{0}}{2} \left(\frac{i}{2 \pi r}\right)^{2} \cdot 2 \pi r \mathrm{~d} r \\
&= \frac{\mu_{0} i^{2}}{4 \pi} \ln \frac{R_{2}}{R_{1}}
\end{aligned}
$$

The electric energy density is given by $w_{e} = \frac{\varepsilon_{0} E^{2}}{2} = \frac{\varepsilon_{0}}{2}\left(\frac{V}{r \ln \frac{R_{2}}{R_{1}}}\right)^{2}$. Hence, the electric energy per unit length is

$$
\frac{\mathrm{d} w_{e}}{\mathrm{~d} z} = \int w_{e} \mathrm{~d} s = \frac{\pi \varepsilon_{0} V^{2}}{\ln \frac{R_{2}}{R_{1}}}
$$","\boxed{\frac{\mu_{0} i^{2}}{4 \pi} \ln \frac{R_{2}}{R_{1}}, \frac{\pi \varepsilon_{0} V^{2}}{\ln \frac{R_{2}}{R_{1}}}}","EX, EX","\text{J/m}, \text{J/m}",True,EN,Math Derivation
87,Electromagnetism,Classical Electromagnetism,Electrostatics,"A parallel plate capacitor is given, with a plate area of $0.2 \, \mathrm{m}^{2}$ and a gap of $1 \, \mathrm{cm}$. It is charged to $1000 \, \mathrm{V}$ and then disconnected from the power source. How much work is required to double the gap between the plates? The capacitance of the capacitor is $C=\frac{\varepsilon_{0} A}{d}$, where $\varepsilon_{0}=8.9 \times 10^{-12} \, \mathrm{C}^{2} /\left(\mathrm{N} \cdot \mathrm{m}^{2}\right)$.","When the distance between the plates of the capacitor is doubled, the capacitor's capacitance becomes $C^{\prime}=\frac{C}{2}$, where $C=\frac{\varepsilon_{0} A}{d}$ is the original capacitance before the gap is increased. When the capacitor is charged to $U=1000 \, \mathrm{V}$, the charge on the capacitor is $Q=C U$. As the gap is widened, the charge $Q$ remains unchanged. The change in stored energy of the capacitor during the process of widening the gap is given by

$$
\begin{aligned}
\Delta W & =\frac{1}{2} \cdot \frac{Q^{2}}{C^{\prime}}-\frac{1}{2} \cdot \frac{Q^{2}}{C}=\frac{1}{2} \cdot \frac{Q^{2}}{C}=\frac{1}{2} C U^{2} \\
& =\frac{\varepsilon_{0} A U^{2}}{2 d}=\frac{8.9 \times 10^{-12} \times 0.2 \times\left(10^{3}\right)^{2}}{2 \times 0.01} \\
& =8.9 \times 10^{-5} \, \mathrm{J}
\end{aligned}
$$

$\Delta W$ is the work required to double the gap between the plates.",\boxed{8.9 \times 10^{-5}},NV,\mathrm{J},False,EN,Practical Application
88,Electromagnetism,Classical Electromagnetism,Electrostatics,"A static charge is distributed within a spherical shell with an inner radius of $R_{1}$ and an outer radius of $R_{2}$. The charge density within the shell is given by $\rho = a + b r$, where $r$ is the distance from the center to the observation point, and there are no other charge distributions elsewhere in space. For points in the space where $r < R_{1}$, find the expressions for electric potential and energy density. Assume the potential at a point where $r$ tends towards infinity is taken as the reference point of zero potential.","Since $\varphi(\infty) = 0$, we have

\[
\begin{aligned}
\varphi(r) & = \int_{r}^{\infty} \boldsymbol{E} \cdot \mathrm{d} \boldsymbol{l} = \left[\int_{r}^{R_{1}}+\int_{R_{1}}^{R_{2}}+\int_{R_{2}}^{\infty} \boldsymbol{E} \cdot \mathrm{d} \boldsymbol{r}\right] \\
& = \frac{1}{\varepsilon_{0}}\left[\frac{a}{2}\left(R_{2}^{2}-R_{1}^{2}\right)+\frac{b}{3}\left(R_{2}^{3}-R_{1}^{3}\right)\right]
\end{aligned}
\]

Since $E_{1}=0$ when $r < R_{1}$, the energy density at $r < R_{1}$ is

\[ 
w = \frac{\varepsilon_{0}}{2} E_{1}^{2} = 0 
\]","\boxed{\frac{1}{\varepsilon_{0}}\left[\frac{a}{2}\left(R_{2}^{2}-R_{1}^{2}\right)+\frac{b}{3}\left(R_{2}^{3}-R_{1}^{3}\right)\right], 0}","NV, NV",,True,EN,Laws Application
89,Electromagnetism,Classical Electromagnetism,Magstatics,"A long cylindrical dielectric with radius \(a\) is permanently polarized such that the direction of the polarization vector at every point is radially outward. The magnitude of the polarization is proportional to the distance from the axis, given by \(\boldsymbol{P}=P_{0} \boldsymbol{r} / 2\). Find the charge density within this dielectric.","Using cylindrical coordinates, we have \(P_{r}=P_{0} r / 2\), hence the bound charge density is

\[
\rho=-\nabla \cdot \boldsymbol{P}=-\frac{1}{r} \cdot \frac{\partial}{\partial r}\left(r \frac{P_{0} r}{2}\right)=-P_{0}
\]",\boxed{-P_{0}},NV,,False,EN,Math Derivation
90,Electromagnetism,Classical Electromagnetism,Magstatics,A charged particle moving with non-relativistic speed $v_{0}$ enters a uniform static magnetic field $\boldsymbol{B}$ at an angle $\alpha$. What condition must $v_{0}$ meet for the particle's radiation to be primarily of a certain multipole radiation?,"The cyclotron radiation of a non-relativistic charged particle in a magnetic field is not strictly dipole radiation, and the frequency is not merely $\omega_{0}=\frac{q B}{m_{0}}$; in fact, it also contains weak radiation at higher harmonics such as $2 \omega_{0}, 3 \omega_{0}, \cdots$. However, when $v_{0} \ll c$ is satisfied, the cyclotron radiation mainly consists of dipole radiation components, and other higher multipole radiations can be ignored.",\boxed{v_{0} \ll c},EX,,False,EN,Knowledge Recall
91,Electromagnetism,Classical Electromagnetism,Magstatics,"A long cylindrical iron core made up of thin layers has a radius of \(0.1 \, \text{m}\) and is uniformly wound with wire. The coil inside the iron core induces a uniform magnetic flux density \(B(t)=\frac{1}{\pi} \sin (400t) \, \text{Wb/m}^2\). Find the voltage across each turn of the wire.","The voltage applied to each turn must be able to counteract the induced electromotive force on that turn. Therefore, the voltage is

$$
\begin{aligned}
V & = -\varepsilon = \frac{\mathrm{d} \phi}{\mathrm{d}t} = \pi R^2 \frac{\mathrm{d}B}{\mathrm{d}t} \\
& = 400 R^2 \cos (400 t) \\
& = 4 \cos (400 t) \, (\text{V})
\end{aligned}
$$",\boxed{4 \cos (400 t)},EX,\text{V},False,EN,Laws Application
92,Electromagnetism,Classical Electromagnetism,Circuit Analysis,"There are $n$ batteries, each with an internal resistance $R_{\mathrm{i}}$ and an output voltage $V$. These batteries are divided into several groups, each consisting of $k$ cells connected in series. The $n / k$ groups are then connected in parallel to the load $R$. What value of $k$ results in the maximum power on the load $R$?","The total voltage of each group is $kV$, and the internal resistance is $kR_{\mathrm{i}}$. After parallel connection, the total voltage of the $n / k$ groups remains $kV$, and the total internal resistance is $\frac{kR_{\mathrm{i}}}{n/k} = \frac{k^2 R_{\mathrm{i}}}{n}$. The power on the load is maximized when the internal resistance matches the load. At this point, $R = \frac{k^2 R_{\mathrm{i}}}{n}$, hence $k = \sqrt{\frac{nR}{R_{\mathrm{i}}}}$.",\boxed{\sqrt{\frac{nR}{R_{\mathrm{i}}}}},NV,,False,EN,Math Derivation
93,Electromagnetism,Classical Electromagnetism,Circuit Analysis,"A solenoid is used to generate a magnetic field in a large space, with the following dimensions: length 2 m, radius 0.1 m, and 1000 turns (ignoring edge effects). What is the energy stored in the solenoid when a current of 2000 A flows through it?","$$
W_{\mathrm{m}} = \frac{L}{2} I^{2} = \frac{1.97 \times 10^{-2} \times 2000^{2}}{2} = 3.94 \times 10^{4} \, (\mathrm{J})
$$",\boxed{3.94 \times 10^{4}},NV,\text{J},False,EN,Laws Application
94,Electromagnetism,Classical Electromagnetism,Electrostatics,A conducting sphere with a radius \( a \) and charge \( q \) is placed in a uniform electric field \(\boldsymbol{E}_{0}\). Write the electric potential at all points inside and outside the sphere.,"The field in this problem is composed of three superimposed fields: the uniform electric field \(\boldsymbol{E}_{0}\), the dipole field of the induced conductor sphere, and the field generated by an isolated charged conducting sphere with charge \( q \).

Let the potential inside the sphere be \(\phi_{1}\) and outside the sphere be \(\phi_{2}\). Then,

\[
\nabla^{2} \phi_{1}=\nabla^{2} \phi_{2}=0
\]

Since there is no electric field inside the sphere, \(\phi_{1}=\phi_{0}\) (a constant). Boundary conditions: When \( r=a \), \(\phi_{1}=\phi_{2}\); when \( r \rightarrow \infty \), \(\phi_{2}=-E_{0} r P_{1}(\cos \theta)\). Let

\[
\phi_{2}=\sum_{n}\left(a_{n} r^{n}+\frac{b_{n}}{r^{n+1}}\right) P_{n}(\cos \theta)
\]

By substituting the boundary conditions, we obtain

\[
\begin{array}{ll}
a_{1}=-E_{0}, \quad b_{0}=a \phi_{0}, \quad & b_{1}=E_{0} a^{3} \\
a_{n}=0 \quad(n \neq 1), \quad b_{n}=0 \quad(n \neq 0,1)
\end{array}
\]

Using

\[
-\varepsilon_{0} \oint_{\text{sphere}} \frac{\partial \phi_{0}}{\partial r} r^{2} \mathrm{~d} \Omega=q
\]

we find \(\phi_{0}=q / 4 \pi \varepsilon_{0} a\), thus the potentials inside and outside the sphere are

\[
\begin{aligned}
& \phi_{1}=\frac{q}{4 \pi \varepsilon_{0} a}, \quad r<a \\
& \phi_{2}=-E_{0} r \cos \theta+\frac{q}{4 \pi \varepsilon_{0} r}+\frac{E_{0} a^{3}}{r^{2}} \cos \theta, \quad r>a
\end{aligned}
\]

The third term in \(\phi_{2}\) can be regarded as the electric potential produced outside the sphere by a dipole \(\boldsymbol{P}=4 \pi \varepsilon_{0} a^{3} \boldsymbol{E}_{0}\) located at the center of the sphere.","\boxed{\phi_{1}=\frac{q}{4 \pi \varepsilon_{0} a}, \phi_{2}=-E_{0} r \cos \theta+\frac{q}{4 \pi \varepsilon_{0} r}+\frac{E_{0} a^{3}}{r^{2}} \cos \theta}","EX, EX",,True,EN,Math Derivation
97,Electromagnetism,Classical Electromagnetism,Circuit Analysis,Consider if you need to measure the impedance of a coaxial cable. Can it be measured directly using an ohmmeter?,"Using an ohmmeter to directly measure the impedance of a coaxial cable is not accurate because the ohmmeter measures direct current (DC) resistance, while the characteristic impedance of a coaxial cable is an alternating current (AC) parameter. Therefore, this method is not recommended.",\boxed{No},TF,,False,EN,Knowledge Recall
98,Electromagnetism,Classical Electromagnetism,Magstatics,"A point particle with mass \(m\) and magnetic dipole moment \(\boldsymbol{M}\) undergoes circular motion of radius \(R\) around a fixed magnetic dipole (located at the center). The magnetic moment \(\boldsymbol{M}_{0}\) of the fixed dipole is antiparallel to \(\boldsymbol{M}\), and both are perpendicular to the plane of the orbit. Calculate the speed \(v\) of the orbiting magnetic dipole.","The magnetic field generated by the magnetic dipole \(\boldsymbol{M}_{0}\) at the center is

\[
\boldsymbol{B} = \frac{\mu_{0}}{4 \pi} \left(\frac{3\left(\boldsymbol{M}_{0} \cdot \boldsymbol{r}\right) \boldsymbol{r}}{r^{5}} - \frac{\boldsymbol{M}_{0}}{r^{3}}\right)
\]

Thus, the force on the particle undergoing circular motion is

\[
\boldsymbol{F} = \left.\nabla(\boldsymbol{M} \cdot \boldsymbol{B})\right|_{r=R}
\]

Note that \(\boldsymbol{M} \cdot \boldsymbol{M}_{0} = -\boldsymbol{M} M_{0}\) and \(\boldsymbol{M}_{0} \cdot \boldsymbol{r} = \boldsymbol{M} \cdot \boldsymbol{r} = 0\). Therefore, this force

\[
\boldsymbol{F} = -\frac{3 \mu_{0} M M_{0}}{4 \pi R^{4}} \boldsymbol{e}_{\mathrm{r}}
\]

is an attractive force, which ensures the particle undergoes circular motion. Thus, it should balance the centripetal force, giving

\[
m \frac{v^{2}}{R} = \frac{3 \mu_{0} M M_{0}}{4 \pi R^{4}}
\]

The speed of the particle is therefore

\[
v = \sqrt{\frac{3 \mu_{0} M M_{0}}{4 \pi m R^{3}}}
\]",\(\boxed{\sqrt{\frac{3 \mu_{0} M M_{0}}{4 \pi m R^{3}}}}\),NV,,False,EN,Laws Application
99,Electromagnetism,Classical Electromagnetism,Magstatics,"A magnetic field can suppress the current in a diode. Imagine a uniform magnetic field \(\boldsymbol{B}=\left(0,0, B_{0}\right)\) between two infinite conductive plates in the \(yz\) plane. The negative electrode plate is located at \(x=0\), and the positive electrode plate is at \(x=d\). The positive electrode plate is at a positive potential \(V_{0}\). An electron beam starts with zero initial velocity from the negative electrode plate, and the electron density creates a non-uniform electric field \(\boldsymbol{E}=\left(-\frac{\partial \phi}{\partial x}, 0,0\right)\) between the plates. Under steady-state conditions, which quantities describing the motion of electrons are constants of motion?","Neglecting gravity, the equations of motion for the electrons are

\[
\begin{align*}
& m \frac{\mathrm{d} v_{x}}{\mathrm{d} t}=-e\left(-\frac{\partial \phi}{\partial x}+v_{y} B_{0}\right) \tag{1}\\
& m \frac{\mathrm{d} v_{y}}{\mathrm{d} t}=e v_{x} B_{0} \tag{2}\\
& m \frac{\mathrm{d} v_{z}}{\mathrm{d} t}=0 \tag{3}
\end{align*}
\]

From equation (3), we obtain

\[
\begin{gathered}
v_{z}(t)=v_{z}(t=0)=0 \\
z(t)=z(t=0)=\text{constant}
\end{gathered}
\]

Thus, the coordinate and velocity of the electrons in the \(z\) direction are constants of motion.","\boxed{v_{z}, z}","EX, EX","\text{None}, \text{None}",True,EN,Laws Application
100,Electromagnetism,Classical Electromagnetism,Electrostatics,"An insulating conductor sphere with radius \(a\) is located at a distance \(z\) from an infinite conducting plane, where \(z \gg a\). Determine the first-order term of the capacitance between the sphere and the plane.","For the first-order term, the conducting plane can be considered to be at an infinite distance from the conductor sphere. The capacitance of the entire system is then equivalent to the capacitance of an isolated conducting sphere with radius \(a\), which is given by

\[ C = 4 \pi \varepsilon_{0} a \]",\boxed{4 \pi \varepsilon_{0} a},NV,,False,EN,Knowledge Recall
101,Electromagnetism,Classical Electromagnetism,Circuit Analysis,"A solenoid is used to generate a magnetic field in a large space, with the following dimensions: length 2 m, radius 0.1 m, and 1000 turns (ignoring edge effects). Calculate the inductance of the solenoid in henries (H).","Assume the current flowing through the solenoid is \( I \), then the magnetic field \( B \) inside the solenoid is given by \( B = \mu_{0} n I = \mu_{0} \frac{N I}{l} \). The total magnetic flux linkage \( \psi \) is \( N B S = N \frac{\mu_{0} N I}{l} \cdot \pi r^{2} = \frac{I \mu_{0} N^{2} \pi r^{2}}{l} \). Hence, the inductance \( L \) is

$$
\begin{aligned}
L & = \frac{\psi}{I} = \frac{\mu_{0} N^{2} \pi r^{2}}{l} = \frac{4 \pi \times 10^{-7} \times 1000^{2} \times \pi \times 0.1^{2}}{2} \\
& = 1.97 \times 10^{-2} \, (\mathrm{H})
\end{aligned}
$$",\boxed{1.97 \times 10^{-2}},NV,\mathrm{H},False,EN,Knowledge Recall
102,Electromagnetism,Classical Electromagnetism,Circuit Analysis,"A resonant circuit consists of a parallel plate capacitor and an inductor with $N$ turns. If all the linear dimensions of the capacitor and inductor are reduced to $1/10$ of their original size while the number of turns in the coil remains unchanged, by what factor does the resonant frequency of the resonant circuit change?","The resonant frequency $\omega \propto \frac{1}{\sqrt{L C}}$, therefore $\omega_{\mathrm{f}}=10\omega_{\mathrm{i}}$.",\boxed{10},NV,,False,EN,Laws Application
103,Electromagnetism,Classical Electromagnetism,Circuit Analysis,"If \( L = \) inductance and \( R = \) resistance, what is the unit of \(\frac{L}{R}\)?

(a) s. (b) \(\mathrm{s}^{-1}\). (c) A.",The answer is (a).,\boxed{a},MC,,False,EN,Knowledge Recall
104,Electromagnetism,Classical Electromagnetism,Electrostatics,"A spherical spacecraft (with a radius of \(20 \, \text{m}\)) approaches a metal asteroid, which is roughly spherical with a radius of \(100 \, \text{m}\). Assume the spacecraft carries a charge of \(Q=10^{-6} \, \text{C}\) due to burning fuel, and the asteroid is a good conductor. Considering the above situation, if the crew intends to connect the spacecraft to the asteroid with a cable at a distance \(R \gg 100 \, \text{m}\) from the asteroid, what will be the charge on it after connecting?","When the spacecraft is connected to the asteroid with a wire, the spacecraft and the asteroid become equipotential bodies. Let them carry charges \(Q_{1}\) and \(Q_{2}\) respectively, assuming the potential at infinity is 0. The potential of the spacecraft is

\[
U_{1}=\frac{Q_{1}}{4 \pi \varepsilon_{0}} \cdot \frac{1}{20}
\]

The potential of the asteroid is

\[
U_{2}=\frac{Q_{2}}{4 \pi \varepsilon_{0}} \cdot \frac{1}{100}
\]

Since \(U_{1}=U_{2}\), we have \(5 Q_{1}=Q_{2}\), and from the problem statement \(Q_{1}+Q_{2}=Q=10^{-6} \, \text{C}\), we find

\[
Q_{1}=\frac{1}{6} \times 10^{-6} \, \text{C}, \quad Q_{2}=\frac{5}{6} \times 10^{-6} \, \text{C}
\]","\boxed{\frac{1}{6} \times 10^{-6}, \frac{5}{6} \times 10^{-6}}","NV, NV","\text{C}, \text{C}",True,EN,Laws Application
106,Electromagnetism,Classical Electromagnetism,Magstatics,"A long solenoid has a number of turns per unit length of $n$. If the current increases uniformly with time, i.e., $i = Kt$, determine the magnetic field inside the solenoid at time $t$ (neglecting any retardation effects).",(a) $\boldsymbol{B} = \mu_{0} n K t \boldsymbol{e}_{z}$.,\boxed{\mu_{0} n K t},EX,,False,EN,
107,Electromagnetism,Classical Electromagnetism,Electrostatics,A uniformly charged sphere with radius $R$ has a total charge of $Q$. Find the electric potential at all points in space.,"Using the formula

$$
\phi(p) = \int_{p}^{\infty} E \cdot \mathrm{d} l
$$

we have

$$
\begin{aligned}
\phi_{1}(r) & = \int_{r}^{R} \boldsymbol{E}_{1} \cdot \mathrm{d} r + \int_{R}^{\infty} \boldsymbol{E}_{2} \cdot \mathrm{d} r \\
& = \int_{r}^{R} \frac{Q r \mathrm{d} r}{4 \pi \varepsilon_{0} R^{3}} + \int_{R}^{\infty} \frac{Q \, \mathrm{d} r}{4 \pi \varepsilon_{0} r^{2}} \\
& = \frac{Q}{8 \pi \varepsilon_{0} R}\left(3 - \frac{r^{2}}{R^{2}}\right), \quad r \leq R \\
\phi_{2}(r) & = \int_{r}^{\infty} E_{2} \cdot \mathrm{d} r = \frac{Q}{4 \pi \varepsilon_{0} r}, \quad r \geq R
\end{aligned}
$$","\boxed{\phi_{1}(r) = \frac{Q}{8 \pi \varepsilon_{0} R}\left(3 - \frac{r^{2}}{R^{2}}\right), \phi_{2}(r) = \frac{Q}{4 \pi \varepsilon_{0} r}}","EQ, EQ","\text{V}, \text{V}",True,EN,Laws Application
108,Electromagnetism,Classical Electromagnetism,Circuit Analysis,"A solenoid is uniformly wound with 100 turns of wire, with a length of 10 cm and a diameter of 2 cm. Find the self-inductance of the coil $\left(\mu_{0}=4 \pi \times 10^{-7} \mathrm{\,T\,m/A}\right)$.","Ignoring edge effects, assume the magnetic field inside the solenoid is uniform throughout. From the equation $\oint \boldsymbol{B} \cdot \mathrm{d} \boldsymbol{l}=\mu_{0} I$, the magnetic field inside the solenoid is $B=\mu_{0} n I$, where $n=\frac{N}{l}$ is the turn density of the coil. Thus, the total magnetic flux linkage is  
$$  
\psi = N B A, \quad A = \pi \times 10^{-4} \mathrm{\,m}^{2}  
$$  
  
The inductance is given by  
$$  
L = \frac{\psi}{I} = \frac{N A \mu_{0} N I}{l} = \frac{N^{2} \mu_{0} A}{l}  
$$  
  
Therefore,  
$$  
L = \frac{100^{2} \times 4 \pi \times 10^{-7} \times \pi \times 10^{-4}}{0.1} = 3.95 \times 10^{-5} \mathrm{\,H}  
$$",\boxed{3.95 \times 10^{-5}},NV,\mathrm{H},False,EN,Laws Application
109,Electromagnetism,Classical Electromagnetism,Circuit Analysis,"A coaxial transmission line has a characteristic impedance of \(100 \, \Omega\). A wave propagates along the transmission line at a speed of \(2.5 \times 10^{8} \, \text{m/s}\). Calculate the capacitance and inductance per meter.","Given that \(v=\sqrt{1 / LC}\) and \(Z_{\mathrm{c}}=\sqrt{L / C}\), we can deduce:

\[
\begin{aligned}
C &= \frac{1}{v Z_{\mathrm{c}}} = \frac{1}{2.5 \times 10^{8} \times 100} = 4 \times 10^{-11}\,(\text{F/m}) = 40\,(\text{pF/m}) \\
L &= \frac{Z_{\mathrm{c}}}{v} = \frac{100}{2.5 \times 10^{8}} = 4 \times 10^{-7}\,(\text{H/m})
\end{aligned}
\]","\boxed{40, 4 \times 10^{-7}}","NV, NV","\text{pF/m}, \text{H/m}",True,EN,Laws Application
110,Electromagnetism,Classical Electromagnetism,Electrostatics,"A pair of concentric metal spheres with radii $a$, $b$ $(a < b)$ is filled with a medium of conductivity $\sigma$. At $t=0$, the inner sphere suddenly acquires a total charge $q$. Calculate the Joule heat produced by this current and prove that it is equal to the decrease in electrostatic energy due to the redistribution of charge.","The Joule heat loss per unit volume in the medium is

$$
w(t, r) = \sigma E^{2} = \frac{\sigma q^{2}}{16 \pi^{2} \varepsilon^{2} r^{4}} \mathrm{e}^{-\frac{2 \sigma}{\varepsilon} t}
$$

The total Joule heat loss is

$$
\begin{aligned}
W & = \int_{0}^{+\infty} \mathrm{d} t \int_{a}^{b} \mathrm{~d} r \cdot 4 \pi r^{2} w(t, r) \\
& = \frac{q^{2}}{8 \pi \varepsilon}\left(\frac{1}{a} - \frac{1}{b}\right)
\end{aligned}
$$

Moreover, the electrostatic energy in the medium before discharge is

$$
W_{0} = \int_{a}^{b} \mathrm{~d} r \cdot 4 \pi r^{2} \cdot \frac{\varepsilon E_{0}^{2}}{2} = \frac{q^{2}}{8 \pi \varepsilon}\left(\frac{1}{a} - \frac{1}{b}\right)
$$

Thus, $W = W_{0}$. \\

Alternate Solution 1: At $t=0$, the electrostatic energy of the charged system is

$$
\begin{aligned}
W_{\mathrm{e}} & = \frac{1}{2} q V = \frac{1}{2} q\left(\int_{a}^{b} \boldsymbol{E}_{1} \cdot \mathrm{~d} \boldsymbol{r} + \int_{b}^{\infty} E_{2} \cdot \mathrm{~d} \boldsymbol{r}\right) \\
& = \frac{q}{2}\left[\frac{q}{4 \pi \varepsilon}\left(\frac{1}{a} - \frac{1}{b}\right) + \frac{q}{4 \pi \varepsilon_0} \cdot \frac{1}{b}\right] \\
& = \frac{q^{2}}{8 \pi \varepsilon}\left(\frac{1}{a} - \frac{1}{b}\right) + \frac{q^{2}}{8 \pi \varepsilon_0 b}
\end{aligned}
$$

At $t = \infty$, the electrostatic energy of the system is

$$
W_{\mathrm{e}}^{\prime} = \frac{1}{2} q V^{\prime} = \frac{q^{2}}{8 \pi \varepsilon_0 b}
$$

The change in electrostatic energy of the system is

$$
\Delta W = W_{\mathrm{e}}^{\prime} - W_{\mathrm{e}} = -\frac{q^{2}}{8 \pi \varepsilon}\left(\frac{1}{a} - \frac{1}{b}\right)
$$

This reduced part of the electrostatic energy is entirely converted into Joule heat loss. \\

Alternate Solution 2: At $t=0$, the energy of the electric field inside the medium is

$$
\begin{aligned}
W & = \frac{1}{2} \int \boldsymbol{D} \cdot \boldsymbol{E} \mathrm{~d} V = \frac{1}{2} \varepsilon \int E^{2} 4 \pi r^{2} \mathrm{~d} r \\
& = \frac{q^{2}}{8 \pi \varepsilon}\left(\frac{1}{a} - \frac{1}{b}\right)
\end{aligned}
$$

This part of the electric field energy is entirely converted into Joule heat loss.",\boxed{\frac{q^{2}}{8 \pi \varepsilon}\left(\frac{1}{a} - \frac{1}{b}\right)},NV,,False,EN,Math Derivation
111,Electromagnetism,Classical Electromagnetism,Circuit Analysis,"Two inductors, $L_{1}$ and $L_{2}$, are connected in parallel at a great distance from each other. What is the total inductance of the two?

(a) $L_{1}+L_{2}$.

(b) $\frac{L_{1} L_{2}}{L_{1}+L_{2}}$.

(c) $\left(L_{1}+L_{2}\right) \frac{L_{1}}{L_{2}}$.",The answer is (b).,\boxed{\frac{L_{1} L_{2}}{L_{1}+L_{2}}},EX,,False,EN,
113,Electromagnetism,Classical Electromagnetism,Magstatics,"Given a completely conductive rectangular metal loop with side lengths $a$ and $b$, mass $M$, and self-inductance $L$. It enters a uniform magnetic field $B_0$ from a region where the magnetic field is zero, with an initial velocity $v_0$ in the plane of the loop along the direction of the longer side. The direction of $B_0$ is perpendicular to the plane of the rectangle. Assume $b > a$. Determine the velocity $v(t)$ of the rectangular loop as a function of time, and find the distance $S(t)$ the loop moves.","Combining the two differential equations, we have

$$
\frac{\mathrm{d}^{2} v}{\mathrm{d} t^{2}} + \omega^{2} v = 0
$$

where

$$
\omega^{2} = \frac{B_{0}^{2} a^{2}}{M L}
$$

Solving for the velocity of the loop, we get

$$
v = C_{1} \sin \omega t + C_{2} \cos \omega t
$$

At $t = 0$, $v = v_{0}$, hence $C_{2} = v_{0}$, and because at $t = 0$, the current $I = 0$, so $C_{1} = 0$. Thus, we have

$$
v = v_{0} \cos \omega t, \quad \omega = \frac{B_{0} a}{\sqrt{M L}}
$$

Therefore, the distance moved by the loop (with $S = 0$ at $t = 0$) is

$$
S = \frac{v_{0}}{\omega} \sin \omega t
$$","\boxed{v(t) = v_{0} \cos \left( \frac{B_{0} a}{\sqrt{M L}} t \right), S(t) = \frac{v_{0}}{\frac{B_{0} a}{\sqrt{M L}}} \sin \left( \frac{B_{0} a}{\sqrt{M L}} t \right)}","EX, EX",,True,EN,Math Derivation
114,Electromagnetism,Classical Electromagnetism,Electrostatics,"A capacitor is composed of two concentric spherical conducting shells with radii $a$ and $b$ $(a > b)$. The outer shell is grounded, and the inner shell carries a charge $Q$. Determine the potential difference of the concentric spherical conducting shell capacitor with charge $Q$.","The potential difference of a concentric spherical conducting shell capacitor with charge $Q$ is

$$
V_{ba} = \int_{b}^{a} \boldsymbol{E} \cdot \mathrm{d} \boldsymbol{r} = \int_{b}^{a} \frac{Q}{4 \pi \varepsilon_{0} r^{2}} \, \mathrm{d}r = \frac{Q}{4 \pi \varepsilon_{0}} \left(\frac{1}{b} - \frac{1}{a}\right)
$$","\[
\boxed{\frac{Q}{4 \pi \varepsilon_{0}} \left(\frac{1}{b} - \frac{1}{a}\right)}
\]",EX,,False,EN,Laws Application
115,Electromagnetism,Classical Electromagnetism,Electrostatics,"On the surface \( S \), there is an ideal dipole layer with a dipole moment per unit area of \( \tau \). The electric potential at a point \( P \) due to this dipole layer is given by

\[
\phi_{P} = \frac{1}{4 \pi \varepsilon_{0}} \int \frac{\boldsymbol{\tau} \cdot \boldsymbol{r}}{r^{3}} \, \mathrm{d} S
\]

where \( r \) is the position vector from the element \( \mathrm{d} S \) to point \( P \). A positive point charge \( q \) is located at the center of a sphere with radius \( a \). On the surface of the sphere, there is a uniform dipole layer \( \tau \) and a uniform surface charge density \( \sigma \). Find the values of \( \tau \) and \( \sigma \) that ensure the potential inside the sphere is due to charge \( q \), and the potential outside the sphere is zero (you may use any knowledge you have about the potential of surface charges).","According to the problem, when \( r > a \), \( \phi = 0 \), hence \( \boldsymbol{E} = 0 \). By Gauss's theorem, \( \oint \boldsymbol{E} \cdot \mathrm{d} \boldsymbol{S} = \frac{Q}{\varepsilon_{0}} \), which gives \( \sigma \cdot 4 \pi a^{2} + q = 0 \). Therefore,

\[
\sigma = -\frac{q}{4 \pi a^{2}}
\]

Thus, if the potential at infinity is set to zero, then the potential outside the sphere is zero everywhere. The potential inside the sphere \(\phi = \frac{q}{4 \pi \varepsilon_{0} r} \). When \( r = a \), \(\phi = \frac{q}{4 \pi \varepsilon_{0} a} \), so the jump in potential across the sphere surface is \(\Delta \phi = -\frac{q}{4 \pi \varepsilon_{0} a}\). Therefore,

\[
\frac{\tau}{\varepsilon_{0}} = -\frac{q}{4 \pi \varepsilon_{0} a}
\]

\[
\tau = -\frac{q}{4 \pi a} \boldsymbol{e}_{r}
\]","\boxed{\sigma = -\frac{q}{4 \pi a^{2}}, \tau = -\frac{q}{4 \pi a} \boldsymbol{e}_{r}}",EQ,"None, None",True,EN,Math Derivation
116,Electromagnetism,Classical Electromagnetism,Magstatics,"A constant force is applied to a sliding conductor with mass \( m \). The conductor starts from rest and moves within a uniform magnetic field \( B \). Assume there is no sliding friction and the self-inductance of the loop can be ignored. Calculate the current through the resistor \( R \) as a function of time, and determine the direction of the current.","The current \( i(t) = \frac{B l v(t)}{R} \), thus

\[
i(t) = \frac{F}{B l}\left[1 - \exp \left(-\frac{B^2 l^2}{m R} t\right)\right]
\]",\boxed{\frac{F}{B l}\left[1 - \exp \left(-\frac{B^2 l^2}{m R} t\right)\right]},EX,,False,EN,Math Derivation
117,Electromagnetism,Classical Electromagnetism,Electrostatics,"Between the concentric conducting spheres of radii \(a, b (a<b)\), there is a non-uniform dielectric with dielectric constant 

\[
\varepsilon = \frac{\varepsilon_{0}}{1+K r}
\]

where \(\varepsilon_{0}\) and \(K\) are constants. \(r\) is the radial coordinate. The electric displacement vector is \(\boldsymbol{D}(r) = \varepsilon \boldsymbol{E}(r)\). There is a charge \(Q\) on the inner surface, and the outer surface is grounded. Calculate the capacitance of the system.","(b) The electric field strength is

\[
\boldsymbol{E} = \frac{Q}{4 \pi \varepsilon_{0} r^{2}}(1+K r) \boldsymbol{e}_{r}, \quad a<r<b
\]

Therefore, the potential difference between the inner and outer spheres is

\[
V = \int_{a}^{b} \boldsymbol{E} \cdot \mathrm{d} \boldsymbol{r} = \frac{Q}{4 \pi \varepsilon_{0}}\left(\frac{1}{a}-\frac{1}{b}+K \ln \frac{b}{a}\right)
\]

Thus, the capacitance is

\[
C = \frac{Q}{V} = \frac{4 \pi \varepsilon_{0} a b}{(b-a)+a b K \ln \left(b / a\right)}
\]",\[\boxed{\frac{4 \pi \varepsilon_{0} a b}{(b-a)+a b K \ln \left(b / a\right)}}\],NV,,False,EN,Math Derivation
118,Electromagnetism,Classical Electromagnetism,Magstatics,"In an electric field $\boldsymbol{E}=A \mathrm{e}^{-t / \tau} \boldsymbol{e}_{x}$ and where the magnetic field on the $x$-axis is zero, a particle with a mass $m$ and charge $q$ moves along the $x$-axis. Determine if $\frac{1}{2} m v^{2} - q x A \mathrm{e}^{-t / \tau}$ is a constant, and briefly explain why.","$\frac{1}{2} m v^{2} - q x A \mathrm{e}^{-t / \tau}$ is not a constant. In fact,

$$
\frac{1}{2} m v^{2} - q x A \mathrm{e}^{-t / \tau}=\frac{1}{2} m\left[\frac{q A \tau}{m}\left(1-\mathrm{e}^{-t / \tau}\right)\right]^{2}-q A \frac{q A \tau}{m}\left(t-\tau+\tau \mathrm{e}^{-t / \tau}\right) \mathrm{e}^{-\frac{t}{\tau}}
$$

Clearly, $\frac{\mathrm{d}}{\mathrm{d} t}\left(\frac{1}{2} m v^{2} - q x A \mathrm{e}^{-t / \tau}\right) \neq 0$.",\boxed{No},TF,,False,EN,Laws Application
120,Electromagnetism,Classical Electromagnetism,Electrostatics,"Between two concentric conducting spheres with radii $a$ and $b\ (a<b)$, there is a non-uniform dielectric medium with a dielectric constant given by 

$$
\varepsilon = \frac{\varepsilon_{0}}{1+K r}
$$

where $\varepsilon_{0}$ and $K$ are constants. Here, $r$ is the radial coordinate. The electric displacement vector is $\boldsymbol{D}(r) = \varepsilon \boldsymbol{E}(r)$. The inner surface has a charge $Q$ while the outer surface is grounded. Calculate the polarization charge density for $a<r<b$.","(c) Polarization intensity

$$
\boldsymbol{P} = \left(\varepsilon - \varepsilon_{0}\right) \boldsymbol{E} = -\frac{Q K}{4 \pi r} \boldsymbol{e}_{r}
$$

Therefore, the volume polarization density for $a<r<b$ is

$$
\rho_{P} = -\nabla \cdot \boldsymbol{P} = \frac{Q K}{4 \pi r^{2}}
$$",\boxed{\frac{Q K}{4 \pi r^{2}}},EX,,False,EN,Math Derivation
121,Electromagnetism,Classical Electromagnetism,Magstatics,"An infinitely long cylindrical body with radius $R$ is made of a permanently polarized dielectric. The polarization intensity $\boldsymbol{p}$ at any point is proportional to the radial vector $\boldsymbol{r}$, that is, $\boldsymbol{p} = a \boldsymbol{r}$, where $a$ is a positive constant. The cylinder rotates around its axis with angular velocity $\omega$, and $\omega R \ll c$, so this is a non-relativistic problem. (a) Find the electric field $\boldsymbol{E}$ at a radius $r$ inside and outside the cylinder.","(a) Let's set the axis of the cylinder as the $z$ axis and establish a cylindrical coordinate system $(r, \theta, z)$. The angular velocity of the cylinder is $\boldsymbol{\omega} = \omega \boldsymbol{e}_{z}$, and the volume charge density inside the cylinder is

$$
\rho = -\nabla \cdot \boldsymbol{p} = -\nabla \cdot (a \boldsymbol{r}) = -2a
$$

The surface charge density on the cylinder is

$$
\sigma = \boldsymbol{n} \cdot \boldsymbol{p} = \left. \boldsymbol{e}_{r} \cdot (a r) \right|_{r=R} = aR
$$

It is easy to verify that the net charge on the cylinder is zero. From $\oint \boldsymbol{E} \cdot \mathrm{d} s = Q / \varepsilon_{0}$ and by axial symmetry, it is easy to obtain

$$
\boldsymbol{E} = \left\{ \begin{array}{cc}
-\frac{a r}{\varepsilon_{0}} \boldsymbol{e}_{r}, & r < R \\
0, & r > R
\end{array} \right.
$$","\boxed{-\frac{a r}{\varepsilon_{0}} \boldsymbol{e}_{r}, 0}","EX, NV","\text{V/m}, \text{None}",True,EN,Laws Application
122,Electromagnetism,Classical Electromagnetism,Magstatics,"A charged particle moving at a non-relativistic speed \( v_{0} \) is injected into a uniform static magnetic field \( \boldsymbol{B} \) at an angle \( \alpha \). Additionally, a uniform static electric field \( \boldsymbol{E} \) parallel to \( \boldsymbol{B} \) is applied. The question is: How large must \( \boldsymbol{E} \) be for the radiation power to increase to twice its value when there is no electric field?","When a uniform electric field is applied and \( \boldsymbol{E} \parallel \boldsymbol{B} \), the equation of motion for the particle becomes

\[
m_{0} \dot{\boldsymbol{v}} = q\left(\boldsymbol{v}_{0} \times \boldsymbol{B}\right) + q \boldsymbol{E}
\]

or

\[
\dot{\boldsymbol{v}} = \dot{\boldsymbol{v}}_{\perp} + \dot{\boldsymbol{v}}_{\parallel} = \frac{q}{m_{0}}\left(\boldsymbol{v}_{0} \times \boldsymbol{B}\right) + \frac{q}{m_{0}} \boldsymbol{E} \tag{4}
\]

where \( \dot{\boldsymbol{v}}_{\perp} \) and \( \dot{\boldsymbol{v}}_{\parallel} \) represent the components of the particle's acceleration that are perpendicular and parallel to the external field, respectively. From equation (1), we see that to double the radiation power, it is only necessary for \( \dot{v}^{2} \) to increase to twice its original value. From equation (4), we find

\[
\dot{\boldsymbol{v}}^{2} = \dot{\boldsymbol{v}}_{\perp}^{2} + \dot{\boldsymbol{v}}_{\parallel}^{2} = \frac{q^{2}}{m_{0}^{2}} v_{0}^{2} B^{2} \sin^{2} \alpha + \frac{q^{2}}{m_{0}^{2}} E^{2} \tag{5}
\]

To satisfy the condition \( \dot{v}^{2} = 2 \dot{v}_{0}^{2} \), the requirement is

\[
E = v_{0} B \sin \alpha
\]",\boxed{v_{0} B \sin \alpha},EX,,False,EN,
126,Electromagnetism,Classical Electromagnetism,Magstatics,"A particle with mass $m$ and charge $q$ moves along the $x$-axis, and the electric field is given by $\boldsymbol{E}=A e^{-t / \tau} \boldsymbol{e}_{x}$, where $A$ and $\tau$ are constants. The magnetic field on the $x$-axis is zero. Given that $x(0)=\dot{x}(0)=0$, find $x(t)$.","The magnetic force $\boldsymbol{F}_{\mathrm{m}}=q \boldsymbol{v} \times \boldsymbol{B}$ is perpendicular to $\boldsymbol{v}$, and since the particle is constrained to move in the $x$-axis direction, $\boldsymbol{F}_{\mathrm{m}} \perp \boldsymbol{e}_{x}$, therefore we have:

$$
\begin{aligned}
& m \ddot{x}=q E=q A e^{-t / \tau} \\
& m \, \mathrm{d} v=q A e^{-t / \tau} \, \mathrm{d} t
\end{aligned}
$$

Note that $v(0)=0$, hence $m v=-q A \tau e^{-t / \tau}+q A \tau$.

$$
\mathrm{d} x=q A \tau\left(1-e^{-t / \tau}\right) \frac{\mathrm{d} t}{m}
$$

Note that $x(0)=0$, therefore

$$
\begin{aligned}
x(t) & =q A \tau \frac{t}{m}+\frac{q A \tau^{2}}{m} e^{-t / \tau}-\frac{q A \tau^{2}}{m} \\
& =\frac{q A \tau}{m}\left(t+\tau e^{-t / \tau}-\tau\right) \\
& =\frac{q A \tau}{m}\left[(t-\tau)+\tau e^{-t / \tau}\right]
\end{aligned}
$$",\boxed{\frac{q A \tau}{m}\left[(t-\tau)+\tau \mathrm{e}^{-t / \tau}\right]},EX,,False,EN,Laws Application
128,Electromagnetism,Classical Electromagnetism,Electrostatics,"A coaxial cable separated by air has an inner conductor diameter of \(0.5 \, \text{cm}\) and an outer conductor diameter of \(1.5 \, \text{cm}\). When there is a potential difference of \(8000 \, \text{V}\) between the inner conductor and the outer conductor, which is grounded, what is the charge per unit length on the inner conductor?","Let the linear charge density of the inner conductor be \(\lambda\). The electric field strength at any point within the cable is given by

\[
E = \frac{\lambda}{2 \pi \varepsilon_{0} r}
\]

Therefore, the potential difference between the inner and outer conductors should be

\[
V = \int_{\frac{a}{2}}^{\frac{b}{2}} E \, \mathrm{d} r = \frac{\lambda}{2 \pi \varepsilon_{0}} \ln \left( \frac{b}{a} \right)
\]

where \(b = 1.5 \, \text{cm}\), \(a = 0.5 \, \text{cm}\). Thus, we have

\[
\begin{aligned}
\lambda & = \frac{2 \pi \varepsilon_{0} V}{\ln \left( \frac{b}{a} \right)} = \frac{2 \pi \times 8.9 \times 10^{-12} \times 8000}{\ln \left( \frac{1.5}{0.5} \right)} \\
& \approx 4.05 \times 10^{-7} \, \text{C/m}
\end{aligned}
\]",\boxed{4.05 \times 10^{-7}},NV,\text{C/m},False,EN,Laws Application
132,Electromagnetism,Classical Electromagnetism,Magstatics,"In the coordinate system \( S \), there is a uniform electromagnetic field:
\[
\boldsymbol{E} = 3 A \hat{x}, \quad \boldsymbol{B} = 5 A \hat{z}
\]
An ion with rest mass \( m_0 \) and charge \( q \) is released from rest at the point \( (0, b, 0) \). Find the equation of motion for the \( z \)-coordinate.","By integrating the \( z \)-component of the Lorentz force formula \( m \ddot{\boldsymbol{v}} = q(\boldsymbol{E} + \dot{\boldsymbol{v}} \times \boldsymbol{B}) \), and noting that \(\left.z\right|_{t=0}=0,\left.\dot{z}\right|_{t=0}=0\), we have:

\[
m_{0} \ddot{z} = 0 \tag{3}
\]
Therefore, upon integration, we obtain:

\[
z = 0
\]",\boxed{z = 0},EQ,,False,EN,Laws Application
134,Electromagnetism,Classical Electromagnetism,Magstatics,"A particle is moving on a circular orbit, with known charge, mass, and angular momentum denoted as $q, m, L$. What distribution of magnetic charge can produce the same field at a distance?","A magnetic charge dipole layer can produce the same field (at a distance). Let the magnetic dipole moment be $\boldsymbol{p}_{\mathrm{m}}$, then the potential at a distance is

$$
\varphi_{\mathrm{m}} = \frac{1}{4 \pi} \cdot \frac{\boldsymbol{p}_{\mathrm{m}} \cdot \boldsymbol{R}}{R^{3}}
$$

Therefore,

$$
\boldsymbol{B} = \mu_{0} \boldsymbol{H} = -\mu_{0} \nabla \varphi_{\mathrm{m}} = -\frac{\mu_{0}}{4 \pi} \nabla \frac{\boldsymbol{p}_{\mathrm{m}} \cdot \boldsymbol{R}}{R^{3}} = -\frac{\mu_{0}}{4 \pi} \left(\boldsymbol{p}_{\mathrm{m}} \cdot \nabla\right) \frac{\boldsymbol{R}}{R^{3}}
$$

When $\boldsymbol{p}_{\mathrm{m}} = \frac{q L}{2 m} \boldsymbol{e}_{z}$, $\boldsymbol{B} = \frac{\mu_{0} q L}{8 \pi m}\left(\frac{3 \cos \theta}{R^{3}} \boldsymbol{e}_{R} - \frac{\boldsymbol{e}_{z}}{R^{3}}\right)$, which is the same as the aforementioned result.",\boxed{\boldsymbol{p}_{\mathrm{m}} = \frac{q L}{2 m} \boldsymbol{e}_{z}},EX,,False,EN,Math Derivation
135,Electromagnetism,Classical Electromagnetism,Magstatics,"(c) Calculate the radiation pressure on a mirror 1 m away from a 70 W light bulb, assuming the light rays are incident perpendicularly.","Since mirror reflection is total reflection, the radiation pressure \( P \) is twice the energy density of the electromagnetic field.

\[ 
P = \frac{2W}{4\pi d^{2} c} = \frac{70}{2 \pi \times 1^{2} \times 3 \times 10^{8}} = 3.7 \times 10^{-8} \, \mathrm{N/m}^{2} 
\]",\boxed{3.7 \times 10^{-8}},NV,\mathrm{N/m}^{2},False,EN,Laws Application
137,Electromagnetism,Classical Electromagnetism,Electrostatics,"A capacitor is constructed with two coaxial metal cylinders, with the radius of the outer cylinder being \(1 \, \text{cm}\). To maximize the energy stored in the capacitor without causing a breakdown in the air dielectric, how should the radius of the inner conductor be selected?","The energy stored per unit length of the capacitor is given by

\[
\begin{aligned}
W &= \frac{1}{2} \tau u = \pi \varepsilon_{0} E_{\text{b}}^{2} R_{1}^{2} \ln \frac{R_{2}}{R_{1}}, \\
\frac{\mathrm{d} W}{\mathrm{~d} R_{1}} &= \pi \varepsilon_{0} E_{\text{b}}^{2}\left[2 R_{1} \ln \frac{R_{2}}{R_{1}} + R_{1}^{2} \frac{1}{R_{2}}\left(-\frac{R_{2}}{R_{1}^{2}}\right)\right] = \pi \varepsilon_{0} E_{\text{b}}^{2} R_{1}\left(2 \ln \frac{R_{2}}{R_{1}} - 1\right).
\end{aligned}
\]

To maximize the stored energy \(W\), we set \(\frac{\mathrm{d} W}{\mathrm{~d} R_{1}} = 0\), which implies that \(2 \ln \frac{R_{2}}{R_{1}} = 1\), or equivalently, \(R_{1} = \frac{R_{2}}{\sqrt{e}}\). At this point, the potential difference is 

\[
u = \frac{1}{2 \sqrt{e}} R_{2} E_{\text{b}}.
\]",\boxed{R_1 = \frac{R_2}{\sqrt{e}}},EQ,,False,EN,Math Derivation
142,Electromagnetism,Classical Electromagnetism,Magstatics,"A low-speed electron is introduced into mutually perpendicular electric and magnetic fields, namely $\boldsymbol{E}=E \mathbf{e}_{x}, \boldsymbol{B}=B \mathbf{e}_{z}$. Under what condition does the electron maintain constant velocity?","For the electron to maintain constant velocity, the net force acting on the electron must be zero, i.e.,

$$
\boldsymbol{F}_{\mathrm{B}}=-\boldsymbol{F}_{\mathrm{E}}=-e E \mathbf{e}_{x}
$$

However, $\boldsymbol{F}_{\mathrm{B}}=-e \mathbf{v} \times \mathbf{B}=-e B v \times \mathbf{e}_{z}$, thus it is immediately known that

\begin{equation*}
\mathbf{v}=-\left(\frac{E}{B}\right) \mathbf{e}_{y} \tag{1}
\end{equation*}",\boxed{\mathbf{v}=-\left(\frac{E}{B}\right) \mathbf{e}_{y}},EX,,False,EN,Laws Application
143,Electromagnetism,Classical Electromagnetism,Electrostatics,"Calculate the total electric charge of a circular disk with radius $a$, given that the surface charge density is $\sigma = k r$, where $k$ is a constant.","The total charge of the disk is

\[
Q=\int \sigma \, \mathrm{d}s=\int_{0}^{a} k r \cdot 2 \pi r \, \mathrm{d}r=\frac{2}{3} \pi k a^{3} \tag{1}
\]",\boxed{\frac{2}{3} \pi k a^{3}},NV,,False,EN,Math Derivation
146,Electromagnetism,Classical Electromagnetism,Electrostatics,"In a vacuum, there are two point charges with the same type of charge, with masses $m_{1}$ and $m_{2}$, and charges $q_{1}$ and $q_{2}$, respectively. Initially, both point charges are stationary and separated by a distance $a$. Determine the electrostatic energy and kinetic energy of the system at time $t$.","The electrostatic potential energy of the system composed of two point charges separated by a distance $r$ is

$$
W_{\mathrm{p}} = \frac{q_{1} q_{2}}{4 \pi \varepsilon_{0} r(t)}
$$

At this time, the kinetic energy of the system is

$$
W_{\mathrm{m}} = \frac{1}{2} m \dot{r}^{2}(t) = \frac{q_{1} q_{2}}{4 \pi \varepsilon_{0}}\left(\frac{1}{a}-\frac{1}{r(t)}\right)
$$

Therefore,

$$
W_{\mathrm{m}} + W_{\mathrm{p}} = \frac{q_{1} q_{2}}{4 \pi \varepsilon_{0} a}
$$

This equals the electrostatic energy at the initial moment, satisfying the conservation of energy.","\boxed{\frac{q_{1} q_{2}}{4 \pi \varepsilon_{0} r(t)}, \frac{q_{1} q_{2}}{4 \pi \varepsilon_{0}}\left(\frac{1}{a}-\frac{1}{r(t)}\right)}","EX, EX","\text{J}, \text{J}",True,EN,Laws Application
147,Electromagnetism,Classical Electromagnetism,Magstatics,A constant force acts on a sliding conductor of mass \( m \). The conductor starts from rest and moves in a region with a uniform magnetic field \( B \). Assume there is no sliding friction and that the self-inductance of the loop can be ignored. Calculate the velocity of the conductor as a function of time.,"The moving conductor cuts the magnetic lines in the uniform magnetic field, inducing an electromotive force \(\varepsilon = B l v\), where \( l \) is the length of the conductor in the magnetic field and \( v \) is its velocity. The equation of motion for the conductor is

\[
m \frac{\mathrm{d} v}{\mathrm{d} t} = F - \frac{B^2 l^2}{R} v
\]

The solution to this equation is

\[
v(t) = \frac{R F}{B^2 l^2} + C \exp \left(-\frac{B^2 l^2}{m R} t\right)
\]

When \( t=0 \), \( v=0 \), we find \( C = -\frac{R F}{B^2 l^2} \), leading to the final result

\[
v(t) = \frac{F R}{B^2 l^2}\left[1 - \exp \left(-\frac{B^2 l^2}{m R} t\right)\right]
\]",\boxed{v(t) = \frac{F R}{B^2 l^2}\left[1 - \exp \left(-\frac{B^2 l^2}{m R} t\right)\right]},EQ,,False,EN,Math Derivation
149,Electromagnetism,Classical Electromagnetism,Electrostatics,"There is a grounded ideal conducting sphere with a radius of \( a \), and a point charge \( q \) is located at a distance \( s \) from its center. (b) If the vacuum outside the sphere is replaced with a dielectric with a permittivity of \( \varepsilon \), calculate the electrostatic potential at any point \(\boldsymbol{r}\) outside the sphere.","(b) When the exterior of the sphere is a dielectric with permittivity \( \varepsilon \), it is apparent that we simply replace \( \varepsilon_{0} \) with \( \varepsilon \) from part (a) to obtain:

\[
\phi(r)=\frac{q}{4 \pi \varepsilon}\left[\frac{1}{|r-s|}-\frac{a / s}{\left|r-\frac{a^{2}}{s^{2}} s\right|}\right]
\]",\boxed{\phi(r) = \frac{q}{4 \pi \varepsilon} \left[ \frac{1}{|r-s|} - \frac{a/s}{\left| r - \frac{a^2}{s^2}s \right|} \right]},EX,,False,EN,Laws Application
151,Electromagnetism,Classical Electromagnetism,Circuit Analysis,"There are $n$ batteries, each with an internal resistance $R_i$ and an output voltage $V$. These batteries are divided into several groups, with $k$ cells connected in series per group. $\frac{n}{k}$ groups are connected in parallel to a load $R$. What is the maximum power output?","The maximum power output is

$$
P_{\max} = \left(\frac{kV}{2R}\right)^2 R = \frac{k^2 V^2}{4R} = \frac{nV^2}{4R_i}
$$",\boxed{\frac{nV^2}{4R_{\mathrm{i}}}},NV,,False,EN,Math Derivation
152,Electromagnetism,Classical Electromagnetism,Magstatics,"There is a bent magnet with poles located at $x = \pm x_{0}$. It generates a magnetic field on the midplane that only depends on $z$, i.e., $B_{x} = B_{x}(z)$, where the origin of the coordinates is taken at the center of the gap between the poles. If a particle with charge $e$ and momentum $p$ is incident along the $z$-axis in the midplane, derive the integral expressions for the deflection angle $\theta$ and displacement $y$ (within the range of the magnet) as functions of $z$ (without calculating the integrals).","When a charged particle moves in a magnetic field, its kinetic energy should be conserved, so the magnitude of its velocity remains constant. Let the deflection angle be $\theta$, then

$$
v_{y} = v \sin \theta, \quad v_{z} = v \cos \theta
$$

Therefore, the equation of motion for the particle in the $y$ direction is

$$
m \frac{\mathrm{d} v_{y}}{\mathrm{d} t} = e B_{x} v_{z}
$$

which implies

$$
\begin{gathered}
m v \frac{\mathrm{d}}{\mathrm{d} t}(\sin \theta) = e B_{x} v \cos \theta \\
\mathrm{d} \theta = \frac{e B_{x}}{m} \mathrm{d} t = \frac{e B_{x}}{m} \cdot \frac{\mathrm{d} z}{v \cos \theta}, \quad \cos \theta \mathrm{d} \theta = \frac{e}{p} B_{x} \mathrm{d} z
\end{gathered}
$$

Let us assume that at the initial moment, the particle is located at the origin of the coordinates, with velocity along the positive $z$-axis, so

$$
\left.\theta(z)\right|_{z=0} = 0
$$

Thus,

$$
\int_{0}^{\theta} \cos \theta \mathrm{d} \theta = \frac{e}{p} \int_{0}^{z} B_{x} \mathrm{d} z^{\prime}
$$

and

$$
\theta = \arcsin \left[\frac{e}{p} \int_{0}^{z} B_{x} \mathrm{d} z\right]
$$

Furthermore, we can determine the displacement $y$ as

$$
\begin{aligned}
y & = \int_{0}^{t} v_{y} \mathrm{d} t^{\prime} = \int_{0}^{z} v \sin \theta \frac{\mathrm{d} z^{\prime}}{v \cos \theta} \\
& = \int_{0}^{z} \tan \theta \mathrm{d} z = \int_{0}^{z} \frac{\frac{e}{p} \int_{0}^{z^{\prime}} B_{x}\left(z^{\prime \prime}\right) \mathrm{d} z^{\prime \prime}}{\left[1-\left(\frac{e}{p} \int_{0}^{z^{\prime}} B_{x}\left(z^{\prime \prime}\right) \mathrm{d} z^{\prime \prime}\right)^{2}\right]^{1 / 2}} \mathrm{d} z^{\prime}
\end{aligned}
$$","\boxed{\theta = \arcsin \left[\frac{e}{p} \int_{0}^{z} B_{x} \mathrm{~d} z\right], y = \int_{0}^{z} \frac{\frac{e}{p} \int_{0}^{z^{\prime}} B_{x}\left(z^{\prime \prime}\right) \mathrm{d} z^{\prime \prime}}{\left[1-\left(\frac{e}{p} \int_{0}^{z^{\prime}} B_{x}\left(z^{\prime \prime}\right) \mathrm{d} z^{\prime \prime}\right)^{2}\right]^{1 / 2}} \mathrm{~d} z^{\prime}}",EQ,"None, \mathrm{m}",True,EN,Laws Application
153,Electromagnetism,Classical Electromagnetism,Electrostatics,"In a vacuum, a point charge \( q \) is at a distance \( x \) from the surface of a semi-infinite dielectric with a relative permittivity \( K \). Find the potential energy \( W_{\mathrm{e}} \) of the point charge \( q \).","The potential energy \( W_{\mathrm{e}} \) of the point charge \( q \) is equal to the work done by an external force to move it from infinity to the position \( x \), which is

\[
W_{\mathrm{e}} = -\int_{\infty}^{x} F \, \mathrm{d} x^{\prime} = -\int_{\infty}^{x} \frac{(1-K) q^2}{16 \pi (1+K) \varepsilon_{0} x^{\prime 2}} \, \mathrm{d} x^{\prime}
\]

\[
= \frac{(1-K) q^2}{16 \pi (1+K) \varepsilon_{0} x}
\]","\[
\boxed{\frac{(1-K) q^2}{16 \pi (1+K) \varepsilon_{0} x}}
\]",EX,,False,EN,Math Derivation
155,Electromagnetism,Classical Electromagnetism,Electrostatics,"A cylindrical capacitor of length \(L\) consists of an inner conductive wire with radius \(a\) and an outer conductive thin shell with radius \(b\), with a dielectric of dielectric constant \(\varepsilon\) filling the space between them. When this capacitor is charged to a quantity \(Q\), determine the relationship of the electric field intensity as a function of the radial position.","Let the linear charge density of the inner wire be \(\lambda\). Using cylindrical coordinates \((z, r, \theta)\), from Gauss's theorem, the electric field inside the capacitor is given by

\[
\boldsymbol{E}=\frac{\lambda}{2 \pi \varepsilon r} \boldsymbol{e}_{r}=\frac{Q}{2 \pi \varepsilon L r} \boldsymbol{e}_{r}
\]",\boxed{\frac{Q}{2 \pi \varepsilon L r} \boldsymbol{e}_{r}},EX,,False,EN,Laws Application
156,Electromagnetism,Classical Electromagnetism,Magstatics,"A magnetic field can suppress the current in a diode. Consider a uniform magnetic field \(\boldsymbol{B}=(0,0,B_{0})\) between two infinite conducting plates in the \(yz\)-plane. The negative plate is located at \(x=0\), and the positive plate is at \(x=d\). The positive plate is at a positive potential \(V_{0}\). An electron beam starts with zero initial velocity from the negative plate, and the electron density creates a non-uniform electric field between the plates \(\boldsymbol{E}=\left(-\frac{\partial \phi}{\partial x},0,0\right)\). What should be the magnitude of the applied magnetic field so that the electrons return before reaching the positive plate?","Neglecting gravity, the equations of motion for the electrons are

\[
\begin{align*}
& m \frac{\mathrm{d} v_{x}}{\mathrm{d} t}=-e\left(-\frac{\partial \phi}{\partial x}+v_{y} B_{0}\right) \tag{1}\\
& m \frac{\mathrm{d} v_{y}}{\mathrm{d} t}=e v_{x} B_{0} \tag{2}\\
& m \frac{\mathrm{d} v_{z}}{\mathrm{d} t}=0 \tag{3}
\end{align*}
\]

During the motion of the electrons, the work done by the electric field is

\[
W=\int_{0}^{d}-e \cdot\left(-\frac{\partial \phi}{\partial x}\right) \mathrm{d} x=e V_{0}
\]

The magnetic force does no work. Assuming the speed of the electron when it reaches the positive plate is \(v_{f}=v_{f x} \boldsymbol{i}+v_{f y} \boldsymbol{j}\), the kinetic energy obtained by the electron should be equal to the work done by the electric field, yielding

\[
\begin{aligned}
& \frac{1}{2} m v_{f}^{2}=e V_{0} \\
& v_{f}=\sqrt{\frac{2 e V_{0}}{m}}
\end{aligned}
\]

To prevent the electron from reaching the positive plate, we require

\[
v_{f x}=0, \quad v_{f y}=\sqrt{\frac{2 e V_{0}}{m}}
\]

Writing equation (2) as

\[
m \frac{\mathrm{d} v_{y}}{\mathrm{d} t}=e B_{0} \frac{\mathrm{d} x}{\mathrm{d} t}
\]

Integrating both sides, noting that at \(t=0\), \(v_{y}=0, x=0\), gives

\[
m \sqrt{\frac{2 e V_{0}}{m}}=e B_{0} d
\]

Thus, we obtain

\[
B_{0}=\sqrt{\frac{2 m V_{0}}{e d^{2}}}
\]

Therefore, the magnetic field must be greater than \(\sqrt{\frac{2 m V_{0}}{e d^{2}}}\) for the electrons to return before reaching the positive plate.",\boxed{\sqrt{\frac{2 m V_{0}}{e d^{2}}}},EX,,False,EN,Math Derivation
157,Electromagnetism,Classical Electromagnetism,Magstatics,"Given that the magnetic field distribution in cylindrical coordinates is $B_{z} = B_{0} \left(1 + \alpha r^{2} + \beta z^{2}\right)$, where $B_{0}$, $\alpha$, and $\beta$ are constants. It is known that on the axis $(r=0)$, $B_{r} = B_{\phi} = 0$, and $B_{\phi} \equiv 0$. Determine the radial component $B_{r}$ of the magnetic field $B$ inside the cylinder.","Let us take cylindrical coordinates $(r, \phi, z)$. Using the axis of the cylinder as the axis, we consider a small cylindrical surface with height $\mathrm{d} z$ and radius $r$ as the Gaussian surface. According to Gauss's law for magnetism, we have

$$
\begin{aligned}
0 &= \oint_{S} \boldsymbol{B} \cdot \mathrm{~d} \boldsymbol{S} = \int_{0}^{r} B_{z}(r, z+\mathrm{d} z) 2 \pi r \mathrm{~d} r - \int_{0}^{r} B_{z}(r, z) 2 \pi r \mathrm{~d} r + 2 \pi r \mathrm{~d} z \cdot B_{r}(r, z) \\
&= \int \frac{\partial B_{z}(r, z)}{\partial z} 2 \pi r \mathrm{~d} r \mathrm{~d} z + 2 \pi r \mathrm{~d} z \cdot B_{r}(r, z) \\
&= 2 \beta B_{0} z \pi r^{2} \mathrm{~d} z + 2 \pi r \mathrm{~d} z \cdot B_{r}(r, z)
\end{aligned}
$$

From the above equation, we find that the radial component of the magnetic field inside the cylinder is

$$
B_{r}(r, z) = -\frac{r}{2} \cdot \frac{\partial B_{z}(r, z)}{\partial z} = -\beta B_{0} r z
$$

It is independent of $\phi$. Of course, it can also be obtained using the differential form of Gauss's law for magnetism.",\boxed{-\beta B_{0} r z},EX,,False,EN,
158,Electromagnetism,Classical Electromagnetism,Electrostatics,"A parallel plate capacitor made of ideal conductors is filled with two layers of dielectric materials between the plates. Their thicknesses are \(d_{1}\) and \(d_{2}\), and their permittivities and conductivities are \(\varepsilon_{1}, \sigma_{1}\) and \(\varepsilon_{2}, \sigma_{2}\), respectively. A potential \(V\) is applied across this capacitor. Assuming edge effects are neglected, find the current through the capacitor.","(b) The current density through the capacitor is

$$
J = \sigma_{1} E_{1} = \frac{\sigma_{1} \sigma_{2} V}{d_{1} \sigma_{2} + d_{2} \sigma_{1}}
$$

The direction is also perpendicular to the plates.",\boxed{\frac{\sigma_{1} \sigma_{2} V}{d_{1} \sigma_{2} + d_{2} \sigma_{1}}},EX,,False,EN,Math Derivation
160,Electromagnetism,Classical Electromagnetism,Electrostatics,"Two uniformly infinite large thin plates are perpendicular to each other, with charge densities of $+\sigma$ and $-\sigma$. Determine the magnitude and direction of the electric field at each point in space due to one infinite charged plate.","For an infinite charged plate, the magnitude of the electric field at each point in space is

$$
E = \frac{\sigma}{2 \varepsilon_{0}}
$$

The direction is perpendicular to the surface of the plate.",\boxed{\frac{\sigma}{2 \varepsilon_{0}}},NV,,False,EN,
161,Electromagnetism,Classical Electromagnetism,Electrostatics,"A capacitor is composed of two concentric spherical conducting shells with radii $a$ and $b$ $(a > b)$. The outer shell is grounded, and the inner shell carries a charge $Q$. The outer shell is contracted from radius $a$ to $a^{\prime}$. Find the work done by the electric field.","When the spherical surface contracts from $r = a$ to $r = a^{\prime}$, the work done by the electric field, denoted as $A$, equals the decrease in electric energy:

$$
A = W_{a} - W_{a^{\prime}} = \frac{Q^{2}}{8 \pi \varepsilon_{0}} \left(-\frac{1}{a} + \frac{1}{a^{\prime}}\right) = \frac{Q^{2}(a - a^{\prime})}{8 \pi \varepsilon_{0} a a^{\prime}}
$$",\boxed{\frac{Q^{2}(a - a^{\prime})}{8 \pi \varepsilon_{0} a a^{\prime}}},NV,,False,EN,Practical Application
163,Electromagnetism,Classical Electromagnetism,Electrostatics,"A capacitor is composed of two concentric metal spheres with radii $a$ and $d$ for the inner and outer spheres, respectively. The region $a < r < b$ is filled with a dielectric with a relative permittivity $K_{1}$, the region $b < r < c$ is a vacuum, and the outermost region $c < r < d$ is filled with a dielectric with a relative permittivity $K_{2}$. The inner sphere is charged to a potential $V$ relative to the grounded outer sphere. Calculate the functional relationship between the electric field intensity and the distance $r$ from the center of the sphere in the regions $a < r < b$, $b < r < c$, and $c < r < d$.","Applying Gauss's law and spherical symmetry, we obtain

$$
\begin{array}{rlrl}
\boldsymbol{E} & =\frac{Q}{4 \pi K_{1} \varepsilon_{0} r^{2}} \boldsymbol{e}_{r}, & & a<r<b \\
\boldsymbol{E} & =\frac{Q}{4 \pi \varepsilon_{0} r^{2}} \boldsymbol{e}_{r}, & & b<r<c \\
\boldsymbol{E} & =\frac{Q}{4 \pi \varepsilon_{0} K_{2} r^{2}} \boldsymbol{e}_{r}, & & c<r<d
\end{array}
$$","\boxed{\boldsymbol{E} =\frac{Q}{4 \pi K_{1} \varepsilon_{0} r^{2}} \boldsymbol{e}_{r}, \boldsymbol{E} =\frac{Q}{4 \pi \varepsilon_{0} r^{2}} \boldsymbol{e}_{r}, \boldsymbol{E} =\frac{Q}{4 \pi \varepsilon_{0} K_{2} r^{2}} \boldsymbol{e}_{r}}","EX, EX, EX","\text{N/C}, \text{N/C}, \text{N/C}",True,EN,Laws Application
165,Electromagnetism,Classical Electromagnetism,Circuit Analysis,"A coaxial transmission line has a characteristic impedance of \(100 \, \Omega\), and a wave propagates along the transmission line at a speed of \(2.5 \times 10^{8} \, \text{m/s}\). A voltage pulse with an amplitude of \(15 \, \text{V}\) and a duration of \(10^{-8} \, \text{s}\) is propagating on the cable. Calculate the energy carried by the pulse.","The energy carried by the pulse is distributed as electric field energy and magnetic field energy along the transmission line. The length of the distribution is

\[
l = v t = 2.5 \times 10^{8} \times 10^{-8} = 2.5 \, \text{m}
\]

Therefore,

\[
\begin{aligned}
W_{\mathrm{c}} &= \frac{1}{2}(C l) \cdot V^{2} = \frac{1}{2}\left(4 \times 10^{-11} \times 2.5\right) \times 15^{2} = 1.125 \times 10^{-8} \, \text{J} \\
W_{\mathrm{m}} &= \frac{1}{2}(L l) I^{2} = \frac{1}{2} \times 4 \times 10^{-7} \times 2.5 \times 0.15^{2} = 1.125 \times 10^{-8} \, \text{J}
\end{aligned}
\]",\boxed{2.25 \times 10^{-8}},NV,J,False,EN,Practical Application
168,Electromagnetism,Classical Electromagnetism,Electrostatics,"A cylindrical capacitor of length \(L\) is composed of an inner conductor wire with radius \(a\) and an outer conducting thin shell with radius \(b\), filled with a dielectric of permittivity \(\varepsilon\). Determine the capacitance of this capacitor.","The potential difference between the inner and outer conductors is

\[
V=\int_{a}^{b} \boldsymbol{E} \cdot \mathrm{d} \boldsymbol{r}=\frac{\lambda}{2 \pi \varepsilon} \ln \left(\frac{b}{a}\right)
\]

Therefore, the capacitance is

\[
C=\frac{\lambda L}{V}=\frac{2 \pi \varepsilon L}{\ln (b / a)}
\]","\[
\boxed{\frac{2 \pi \varepsilon L}{\ln (b / a)}}
\]",NV,,False,EN,Laws Application
169,Electromagnetism,Classical Electromagnetism,Magstatics,A toroidal iron core with a square cross-section has a permeability of $\mu$ and is wound with $N$ turns of a coil carrying current $I$. Find the magnitude of the magnetic field intensity $H$ inside the magnet.,"From Ampere's circuital law

$$
\oint \boldsymbol{H} \cdot \mathrm{d} \boldsymbol{l} = N I
$$

we obtain the magnetic field

$$
H = \frac{N I}{2 \pi r}
$$

where $r$ is the distance from the central axis.",\boxed{\frac{N I}{2 \pi r}},EX,,False,EN,Laws Application
170,Electromagnetism,Classical Electromagnetism,Electrostatics,"A parallel plate capacitor made of an ideal conductor is filled with two layers of dielectric materials between the plates. The thicknesses of these layers are \( d_{1} \) and \( d_{2} \), and their permittivity and conductivity are \( \varepsilon_{1}, \sigma_{1} \) and \( \varepsilon_{2}, \sigma_{2} \), respectively. A potential difference \( V \) is applied across this capacitor. Assuming edge effects are negligible, find the electric fields in the two dielectric materials.","(a) When ignoring edge effects, the electric fields \( E_{1}, E_{2} \) in dielectrics 1 and 2 within the parallel plates are uniform and perpendicular to the plate surfaces, hence:

\[
V = E_{1} d_{1} + E_{2} d_{2} \tag{1}
\]

Since the current through dielectrics 1 and 2 must be equal, we have:

\[
\sigma_{1} E_{1} = \sigma_{2} E_{2} \tag{2}
\]

By solving equations (1) and (2) simultaneously, we obtain:

\[
E_{1} = \frac{V \sigma_{2}}{d_{1} \sigma_{2} + d_{2} \sigma_{1}}, \quad E_{2} = \frac{V \sigma_{1}}{d_{1} \sigma_{2} + d_{2} \sigma_{1}}
\]","\boxed{E_{1} = \frac{V \sigma_{2}}{d_{1} \sigma_{2} + d_{2} \sigma_{1}}, E_{2} = \frac{V \sigma_{1}}{d_{1} \sigma_{2} + d_{2} \sigma_{1}}}",EX,,True,EN,Laws Application
172,Electromagnetism,Classical Electromagnetism,Electrostatics,"In the plane at \( z=0 \), a system composed of two thin metallic wires has a capacitance \( C \). The system carries point charges \( +Q \) and \( -Q \), and the half-space \( z<0 \) is filled with a dielectric having a permittivity \( \varepsilon \). It is known that the electric field \( E^{\prime} = \frac{2 \varepsilon_{0} \boldsymbol{E}}{\varepsilon+\varepsilon_{0}} \). Find the new capacitance \( C' \) after adding the dielectric.","To calculate the potential difference between the two conductors, choose any path \( L \) connecting the two wires. Then, before and after filling with the dielectric, we have

$$
\begin{aligned}
V & = \int_{L} \boldsymbol{E} \cdot \mathrm{d} \boldsymbol{l} \\
V^{\prime} & = \int_{L} \boldsymbol{E}^{\prime} \cdot \mathrm{d} l = K \int_{L} \boldsymbol{E} \cdot \mathrm{d} l = K V
\end{aligned}
$$

Thus, the capacitance after adding the dielectric is

$$
C^{\prime} = \frac{Q}{V^{\prime}} = \frac{Q}{K V} = \frac{\varepsilon+\varepsilon_{0}}{2 \varepsilon_{0}} C
$$",\boxed{\frac{\varepsilon+\varepsilon_{0}}{2 \varepsilon_{0}} C},EX,,False,EN,Laws Application
173,Electromagnetism,Classical Electromagnetism,Magstatics,"An electromagnetic eddy current brake consists of a disk with conductivity $\sigma$ and thickness $t$, rotating with an angular velocity $\omega$ about an axis through its center. A magnetic field $\boldsymbol{B}$ with coverage area $a^{2}$ is perpendicular to the disk. If the area $a^{2}$ is at a distance $r$ from the axis, find the approximate expression for the torque that slows down the disk.","The torque that slows down the disk is given by

$$
\boldsymbol{\tau} = \boldsymbol{r} \times \boldsymbol{F} = \boldsymbol{r} \times (I a \times B) = -(r a B)^{2} \omega \sigma t e_{z}
$$",\boxed{-(r a B)^{2} \omega \sigma t e_{z}},EX,,False,EN,Math Derivation
174,Electromagnetism,Classical Electromagnetism,Magstatics,"A long cylindrical iron core composed of thin layers, with a radius of \(0.1 \, \text{m}\), is uniformly wound with wire. The coil induces a uniform magnetic flux density inside the iron core of \(B(t)=\frac{1}{\pi} \sin (400t) \, \text{Wb/m}^2\). For \(r>0.1 \, \text{m}\), find the vector potential \(A(r)\) produced by the iron core.","Consider a circular path with the axis of the iron core as the axis and radius \(r (r>0.1 \, \text{m})\). Due to symmetry, \(A(r)\) is equal everywhere on this circle and directed tangentially (in the same direction as the current). From \(\nabla \times \mathbf{A} = \mathbf{B}\), we have

$$
\oint_{c} \mathbf{A} \cdot \mathrm{d} \mathbf{l} = \int_{S} \mathbf{B} \cdot \mathrm{d} \mathbf{S}
$$

For a long solenoid, outside the core \((r>0.1 \, \text{m})\), \(B = 0\), therefore

$$
\int_{S} \mathbf{B} \cdot \mathrm{d} \mathbf{S} = B \cdot \pi R^2 = 0.01 \sin 400 t
$$

and

$$
\begin{aligned}
& 2 \pi r A(t, r) = 0.01 \sin (400 t) \\
& A(t, r) = \frac{1}{200 \pi r} \sin (400 t) \, (\text{Wb/m})
\end{aligned}
$$","\boxed{A(t, r) = \frac{1}{200 \pi r} \sin (400 t)}",EX,,False,EN,Math Derivation
176,Electromagnetism,Classical Electromagnetism,Magstatics,"A relatively long air-core solenoid has a radius of \( b \) and \( n \) turns per meter, carrying a current \( i = i_{0} \sin \omega t \).  
(a) Write the expression for the magnetic field \(\boldsymbol{B}\) inside the solenoid as a function of time.","(a) Inside the solenoid, the magnetic field \(\boldsymbol{B}\) is uniform everywhere and points axially

\[
\boldsymbol{B}(t) = \mu_{0} n i(t) \boldsymbol{e}_{z} = \mu_{0} n i_{0} \sin \omega t \boldsymbol{e}_{z}
\]",\(\boxed{\boldsymbol{B}(t) = \mu_{0} n i_{0} \sin \omega t \boldsymbol{e}_{z}}\),EX,,False,EN,Knowledge Recall
179,Electromagnetism,Classical Electromagnetism,Magstatics,"Assuming the existence of magnetic charges, the relationship between them and the magnetic field is given by $\nabla \cdot \boldsymbol{B}=\mu_{0} \rho_{\mathrm{m}}$. Using the divergence theorem, find the magnetic field of a point magnetic charge at the origin.","From $\nabla \cdot \boldsymbol{B}=\mu_{0} \rho_{\mathrm{m}}$, by choosing a spherical surface $S$ with radius $r$, the following integral gives

$$
\begin{aligned}
& \int_{V} \nabla \cdot \boldsymbol{B} \, \mathrm{d} V=\oint_{S} \boldsymbol{B} \cdot \mathrm{d} \boldsymbol{S}=4 \pi r^{2} B(r)=\mu_{0} q_{\mathrm{m}} \\
& \boldsymbol{B}(r)=\frac{\mu_{0} q_{\mathrm{m}}}{4 \pi r^{2}} \boldsymbol{e}_{\mathrm{r}}
\end{aligned}
$$",\boxed{\boldsymbol{B}(r)=\frac{\mu_{0} q_{\mathrm{m}}}{4 \pi r^{2}} \boldsymbol{e}_{\mathrm{r}}},EX,,False,EN,Laws Application
180,Electromagnetism,Classical Electromagnetism,Magstatics,"Assume the Earth's magnetic field is generated by a small current loop at the Earth's center. It is known that the magnetic field near the poles is $0.8 \times 10^{-4} \mathrm{~T}$, the Earth's radius is $R = 6 \times 10^{6} \mathrm{~m}$, and $\mu_{0} = 4 \pi \times 10^{-7} \mathrm{H} / \mathrm{m}$. Use the Biot-Savart law to determine the magnetic moment of the small current loop.","The Biot-Savart law is given by
$$
\boldsymbol{B} = \frac{\mu_{0}}{4 \pi} \oint \frac{I \mathrm{~d} \boldsymbol{l} \times \boldsymbol{r}}{r^{3}} = \int \mathrm{d} \boldsymbol{B}
$$

Near the poles, $\boldsymbol{B} = B e_{z}$, assuming the small current loop radius is $a$, and according to diagram 2.14 we have

$$
\mathrm{d} B_{z} = \mathrm{d} B \frac{a}{r}
$$

Since $r \gg a$, $r = \sqrt{z^{2} + a^{2}} \sim z$, we have

$$
B_{z} = \frac{\mu_{0} I}{4 \pi} \cdot \frac{a}{z^{3}} \oint \mathrm{~d} l = \frac{\mu_{0} I s}{2 \pi z^{3}}
$$

where $s = \pi a^{2}$ is the area enclosed by the small loop. The magnetic moment of the small current loop is

$$
m = I s e_{z}
$$

Therefore,

$$
<image 1>
$$

Diagram 2.14

$$
m = \frac{2 \pi B_{z} z^{3}}{\mu_{0}}
$$

Substituting $z = R = 6 \times 10^{6} \mathrm{~m}$, $B_{z} = 0.8 \times 10^{-4} \mathrm{~T}$, we get

$$
m \approx 8.64 \times 10^{22} \left(\mathrm{~A} \cdot \mathrm{~m}^{2}\right)
$$",\boxed{8.64 \times 10^{22}},NV,\mathrm{A \cdot m^2},False,EN,Laws Application
181,Electromagnetism,Classical Electromagnetism,Magstatics,"A long, thin wire carries a current $I$, and at a distance $d$ from it, there is an iron block with infinite permeability. Assuming a mirror image current of $I$, find the magnetic field vector $\boldsymbol{B}$ produced by this mirror image current at the position of the wire.","The magnetic field of $I^{\prime}$ at point $Z$ is

$$
\boldsymbol{B} = \frac{\mu_{0} I^{\prime}}{4 \pi d} \boldsymbol{e}_{z} = \frac{\mu_{0} I}{4 \pi d} \boldsymbol{e}_{z}.
$$",\boxed{\frac{\mu_{0} I}{4 \pi d} \boldsymbol{e}_{z}},EX,,False,EN,Laws Application
182,Electromagnetism,Classical Electromagnetism,Electrostatics,a) A ring with radius $R$ has a uniformly distributed total charge of $+Q$. Calculate the electric field and potential at the center of the ring.,"As shown in diagram 1.8, the $z$-axis is the axis of the ring. Therefore, the electric field and potential at the center of the ring are

$$
\boldsymbol{E} = 0, \quad \varphi = \frac{Q}{4 \pi \varepsilon_{0} R}
$$","\boxed{0, \frac{Q}{4 \pi \varepsilon_{0} R}}","NV, NV","\text{None}, \text{V}",True,EN,Knowledge Recall
183,Electromagnetism,Classical Electromagnetism,Electrostatics,"Assume that it is discovered experimentally that the force between two point charges does not follow Coulomb's law, but instead is given by

$$
\boldsymbol{F}_{12}=\frac{q_{1} q_{2}}{4 \pi \varepsilon_{0}} \cdot \frac{\left(1-\sqrt{\alpha r_{12}}\right)}{r_{12}^{2}} \boldsymbol{e}_{r}
$$

where $\alpha$ is a constant. Calculate the surface integral $\oint \boldsymbol{E} \cdot \mathrm{d} \boldsymbol{S}$ over a spherical surface centered on a point charge with radius $r_{1}$, and compare the result with that obtained using Coulomb's law.","For a spherical surface $S$ centered on a point charge $q$ with radius $r_{1}$, where $\mathrm{d} S=\mathrm{d} S \boldsymbol{e}_{r}$, we have

$$
\begin{aligned}
\oint_{S} \boldsymbol{E} \cdot \mathrm{d} \boldsymbol{S} & =\oint_{S} \frac{q}{4 \pi \varepsilon_{0}} \cdot \frac{1}{r_{1}^{2}}\left(1-\sqrt{\alpha r_{1}}\right) \mathrm{d} S \\
& =\frac{q}{\varepsilon_{0}}\left(1-\sqrt{\alpha r_{1}}\right)
\end{aligned}
$$

By Coulomb's law and Gauss's theorem, we have

$$
\oint_{S} \boldsymbol{E} \cdot \mathrm{d} \boldsymbol{S}=\frac{q}{\varepsilon_{0}}
$$

The difference between the two results is $\frac{q}{\varepsilon_{0}} \sqrt{\alpha r_{1}}$.","\boxed{\frac{q}{\varepsilon_{0}}\left(1-\sqrt{\alpha r_{1}}\right), \frac{q}{\varepsilon_{0}}, \frac{q}{\varepsilon_{0}} \sqrt{\alpha r_{1}}}","EX, EX, EX","\text{C/m}^2, \text{C/m}^2, \text{C/m}^2",True,EN,Math Derivation
184,Electromagnetism,Classical Electromagnetism,Electrostatics,"A parallel plate capacitor with a capacitance \(C\) separated by air is connected in series with a resistor \(R\) and an AC power supply with frequency \(\omega\). The voltage drop across \(R\) is \(V_{R}\). Now, if the capacitor is half-filled with a dielectric material with a dielectric constant \(\varepsilon\) and the rest of the circuit remains unchanged, the voltage drop across \(R\) becomes \(2 V_{R}\). Neglecting edge effects, find the dielectric constant \(\varepsilon\).","After filling half of the capacitor with the dielectric material, the capacitance of the capacitor becomes

\[
C^{\prime} = \frac{C}{2} + \frac{\varepsilon C}{2 \varepsilon_{0}} = \frac{\left(1+\frac{\varepsilon}{\varepsilon_{0}}\right)}{2} C
\]

According to the problem, the following equation should hold

\[
\left|\frac{R}{R+\frac{1}{\mathrm{j} \omega C^{\prime}}}\right| = 2\left|\frac{R}{R+\frac{1}{\mathrm{j} \omega C}}\right|
\]

where \(j=\sqrt{-1}\). Therefore, we obtain

\[
4 R^{2} + \frac{16}{\omega^{2} C^{2}\left(1+\frac{\varepsilon}{\varepsilon_{0}}\right)^{2}} = R^{2} + \frac{1}{\omega^{2} C^{2}}
\]

Solving this, we find

\[
\varepsilon = \left(\frac{4}{\sqrt{1-3 R^{2} C^{2} \omega^{2}}}-1\right) \varepsilon_{0}
\]","\[
\boxed{\varepsilon=\left(\frac{4}{\sqrt{1-3 R^{2} C^{2} \omega^{2}}}-1\right)}
\]",EQ,,False,EN,Math Derivation
185,Electromagnetism,Classical Electromagnetism,Electrostatics,"An electric dipole with a dipole moment $\boldsymbol{P}$ is assumed to be fixed along the $z$-axis at $z_0$, and its orientation forms an angle $\theta$ with the $z$-axis. (i.e., $\boldsymbol{P} \cdot \boldsymbol{e}_z = |\boldsymbol{P}| \cos \theta$). Consider that the $xy$ plane is a conductor with zero electric potential. Find the induced charge density on the surface of the conductor.","The induced charge density on the surface of the conductor is

$$
\sigma = -\left. \varepsilon_0 \frac{\partial \varphi}{\partial z} \right|_{z=0} = \frac{-P \cos \theta}{2 \pi \left(x^2 + y^2 + z_0^2\right)^{3/2}} + \frac{3 P z_0 \left(-x \sin \theta + z_0 \cos \theta\right)}{2 \pi \left(x^2 + y^2 + z_0^2\right)^{5/2}}
$$",\boxed{\sigma = \frac{-P \cos \theta}{2 \pi \left(x^2 + y^2 + z_0^2\right)^{3/2}} + \frac{3 P z_0 \left(-x \sin \theta + z_0 \cos \theta\right)}{2 \pi \left(x^2 + y^2 + z_0^2\right)^{5/2}}},EX,\text{C/m}^2,False,EN,Math Derivation
186,Electromagnetism,Classical Electromagnetism,Magstatics,"Assume there is a magnetic field on the axis of a right circular cylinder given by

$$
\boldsymbol{B} = B_{0} \left(1 + v z^{2}\right) \boldsymbol{e}_{z}
$$

In the cylinder, the $\theta$ component of $B$ is zero. Calculate the radial component of the magnetic field $B_{r}(r, z)$ near the axis.","Consider a small cylindrical surface of height $\mathrm{d} z$ and radius $r$ as the Gaussian surface $S$. By $\oint \boldsymbol{B} \cdot \mathrm{d} \boldsymbol{S} = 0$ and since $r$ is very small, we have $B_{z}(r, z) \approx B_{z}(0, z)$, hence

$$
\left[B_{z}(0, z + \mathrm{d} z) - B_{z}(0, z)\right] \pi r^{2} + B_{r}(r, z) \cdot 2 \pi r \cdot \mathrm{d} z = 0
$$

Therefore,

$$
-\frac{\partial B_{z}(0, z)}{\partial z} \cdot \mathrm{d} z \cdot \pi r^{2} = B_{r}(r, z) \cdot 2 \pi r \cdot \mathrm{d} z
$$

So

$$
\begin{aligned}
B_{r}(r, z) &= -\frac{r}{2} \cdot \frac{\partial B_{z}(0, z)}{\partial z} = -\frac{r}{2} \cdot \frac{\mathrm{d}}{\mathrm{d} z}\left[B_{0} \left(1 + v z^{2}\right)\right] \\
&= -v B_{0} r z
\end{aligned}
$$",\boxed{-v B_{0} r z},EX,,False,EN,Laws Application
187,Electromagnetism,Classical Electromagnetism,Electrostatics,"Assume from experiments that the force between two point charges does not follow Coulomb's law but is given by

$$
\boldsymbol{F}_{12}=\frac{q_{1} q_{2}}{4 \pi \varepsilon_{0}} \cdot \frac{\left(1-\sqrt{\alpha r_{12}}\right)}{r_{12}^{2}} \boldsymbol{e}_{r}
$$

where $\alpha$ is a constant. Write the expression for the electric field $\boldsymbol{E}$ around a point charge $q$.","The electric field around a point charge is

$$
\boldsymbol{E}(r)=\frac{q}{4 \pi \varepsilon_{0}} \cdot \frac{1}{r^{2}}(1-\sqrt{\alpha r}) \boldsymbol{e}_{r}
$$

where $r$ is the distance from the point in space to the point charge $q$; $\boldsymbol{e}_{r}$ is the unit vector pointing from $q$ to the point in space.",\boxed{\boldsymbol{E}(r)=\frac{q}{4 \pi \varepsilon_{0}} \cdot \frac{1}{r^{2}}(1-\sqrt{\alpha r}) \boldsymbol{e}_{r}},EX,,False,EN,Laws Application
188,Electromagnetism,Classical Electromagnetism,Electrostatics,A total charge of \(q\) is uniformly distributed over the surface of a disk with radius \(a\). Determine the potential at any point on the axis of symmetry due to the axisymmetric charge distribution.,"The coordinate system is chosen as shown in Figure 1.9 of the problem. On the disk surface, consider a ring with radius from \(r\) to \(r+\mathrm{d} r\). The potential at the point \((0,0, z)\) due to this ring is

\[
\mathrm{d} \varphi=\frac{1}{4 \pi \varepsilon_{0}} \cdot \frac{q}{\pi a^{2}} \cdot \frac{2 \pi r \mathrm{~d} r}{\sqrt{r^{2}+z^{2}}}
\]

Integrating over \(r\), we obtain the potential at this point due to the entire disk as

\[
\begin{aligned}
\varphi(z) & =\int_{0}^{a} \frac{q}{2 \pi \varepsilon_{0} a^{2}} \cdot \frac{r \mathrm{~d} r}{\sqrt{r^{2}+z^{2}}} \\
& =\frac{q}{2 \pi \varepsilon_{0} a^{2}}\left(\sqrt{a^{2}+z^{2}}-|z|\right)
\end{aligned}
\]","\[
\boxed{\frac{q}{2 \pi \varepsilon_{0} a^{2}}\left(\sqrt{a^{2}+z^{2}}-|z|\right)}
\]",EX,,False,EN,Math Derivation
189,Electromagnetism,Classical Electromagnetism,Electrostatics,"Find the series expansion of $\Phi(x)$ when $x>a$, assuming a distribution of static charges along the one-dimensional $x$-axis within the gap $-a \leq x' \leq a$. The charge density is $\rho(x')$ for $\left|x'\right| \leq a$ and equals 0 for $\left|x'\right|>a$.","When $x>a$ and $x>x'>-a$, we have

$$
\frac{1}{\left|x-x'\right|}=\frac{1}{x}+\frac{x'}{x^2}+\frac{x'^2}{x^3}+\ldots
$$

Therefore, the series expansion of $\Phi(x)$ is

$$
\Phi(x)=\frac{1}{4\pi \varepsilon_{0}}\left[\int_{-a}^{a} \frac{\rho(x')}{x} \,\mathrm{d} x' + \int_{-a}^{a} \frac{\rho(x') x'}{x^2} \,\mathrm{d} x' + \int_{-a}^{a} \frac{\rho(x') x'^2}{x^3} \,\mathrm{d} x' + \ldots\right]
$$","\boxed{\Phi(x)=\frac{1}{4\pi \varepsilon_{0}}\left[\int_{-a}^{a} \frac{\rho(x')}{x} \,\mathrm{d} x' + \int_{-a}^{a} \frac{\rho(x') x'}{x^2} \,\mathrm{d} x' + \int_{-a}^{a} \frac{\rho(x') x'^2}{x^3} \,\mathrm{d} x' + \ldots\right]}",EQ,,False,EN,Math Derivation
190,Electromagnetism,Classical Electromagnetism,Electrostatics,"Assume that it is discovered from an experiment that the force between two point charges does not follow the form of Coulomb's law, but is instead given by

$$
\boldsymbol{F}_{12}=\frac{q_{1} q_{2}}{4 \pi \varepsilon_{0}} \cdot \frac{\left(1-\sqrt{\alpha r_{12}}\right)}{r_{12}^{2}} \boldsymbol{e}_{r}
$$

where $\alpha$ is a constant. Choose a closed integral path around the point and compute the line integral $\oint \boldsymbol{E} \cdot \mathrm{d} \boldsymbol{l}$ and compare the result with Coulomb's law.","As shown in figure 1.2 of the problem, for the closed path $L$

$$
\mathrm{d} l \cdot \boldsymbol{e}_{r}=\mathrm{d} l \cos \theta=\mathrm{d} r
$$

then

$$
\begin{aligned}
\oint_{L} \boldsymbol{E} \cdot \mathrm{d} l & =\oint \frac{q}{4 \pi \varepsilon_{0}} \cdot \frac{1}{r^{2}}(1-\sqrt{\alpha r}) \mathrm{d} r \\
& =\frac{q}{4 \pi \varepsilon_{0}}\left[-\oint_{L} \mathrm{d}\left(\frac{1}{r}\right)+2 \sqrt{\alpha} \oint_{L} \mathrm{d}\left(\frac{1}{\sqrt{r}}\right)\right]=0
\end{aligned}
$$

From Coulomb's law $\boldsymbol{F}_{12}=\frac{q_{1} q_{2}}{4 \pi \varepsilon_{0} r^{2}} \boldsymbol{e}_{r_{12}}$, the electric field of a point charge is

It is clear that

$$
\boldsymbol{E}(r)=\frac{q}{4 \pi \varepsilon_{0} r^{2}} \boldsymbol{e}_{r}
$$

$$
\oint_{L} \boldsymbol{E} \cdot \mathrm{d} l=0
$$

which is the same as the result obtained for this problem.",\boxed{0},NV,,False,EN,Laws Application
191,Electromagnetism,Classical Electromagnetism,Circuit Analysis,"A closed circular coil is placed between the poles of an electromagnet, with its plane parallel to the surface of the poles. The coil has a radius of \( a \), a total resistance of \( R \), and self-inductance \( L \). If the magnet is turned on, it produces a uniform magnetic field \(\boldsymbol{B}\) (passing through the plane of the coil). What is the amount of charge that flows through any point on the coil?","As the magnetic flux through the coil changes, an electromotive force \(\varepsilon\) is induced in the coil, causing an induced current \(i\), and there is also a self-inductance electromotive force \(L \frac{\mathrm{d} i}{\mathrm{d} t}\). Thus,

\[
\varepsilon + iR + L \frac{\mathrm{d} i}{\mathrm{d} t} = 0
\]

which gives

\[
\varepsilon \mathrm{d} t + iR \mathrm{d} t + L \mathrm{d} i = 0
\]

Therefore, \(\varepsilon = -\frac{\mathrm{d} \phi}{\mathrm{d} t}\), \(i = \frac{\mathrm{d} q}{\mathrm{d} t}\), \(i(\infty) = 0\), \(i(0) = 0\). Integrating with respect to \(t\) from 0 to \(\infty\), we have

\[
\begin{gathered}
-\Delta \phi + Rq = 0 \\
q = \frac{\Delta \phi}{R} = \frac{B \pi a^{2}}{R}
\end{gathered}
\]

The presence of \(L\) does not affect \(q\); it merely slows down the change in \(i\).",\boxed{\frac{B \pi a^{2}}{R}},NV,,False,EN,Practical Application
193,Electromagnetism,Classical Electromagnetism,Magstatics,"A uniformly magnetized iron sphere, with a radius of $R$, is suspended by an insulating wire from the top plate of a vacuum metal chamber. The north pole of the magnetized sphere faces upward, and the south pole faces downward. The sphere is charged, and its potential relative to the chamber walls is $3000 \, \text{V}$. Does this static system have angular momentum?","Select a coordinate system as shown in Figure 2.101 of the problem.

(a) This system has angular momentum.",\boxed{Yes},TF,,False,EN,Laws Application
196,Electromagnetism,Classical Electromagnetism,Circuit Analysis,"A solenoid is used to create a magnetic field over a large space, with the dimensions as follows: length 2 m, radius 0.1 m, and 1000 turns (neglecting the edge effects). The total resistance of the solenoid is $0.1 \, \Omega$. When the two ends of the solenoid are connected to a 20 V power supply, derive the transient current $i(t)$. What is the time constant of the circuit?","When $\varepsilon = i R + L \frac{\mathrm{d} i}{\mathrm{d} t}$, we have

$$
i = i(0)\left(1 - \mathrm{e}^{-t / \tau}\right) = \frac{\varepsilon}{R}\left(1 - \mathrm{e}^{-t / \tau}\right)
$$

where $\tau = \frac{L}{R} = 0.197 \, \mathrm{s}$ is the time constant of the circuit. Given $\varepsilon = 20 \, \mathrm{V}, R = 0.1 \, \Omega, L = 1.97 \times 10^{-2} \, \mathrm{H}$, we obtain

$$
i(t) = 200\left(1 - \mathrm{e}^{-5 t}\right) \, (\mathrm{A})
$$",\boxed{0.197},NV,\mathrm{s},False,EN,Practical Application
199,Electromagnetism,Classical Electromagnetism,Magstatics,"A long cylindrical dielectric with radius \(a\) is permanently polarized. The polarization vector at each point is directed radially outward, and the magnitude of the polarization is proportional to the distance from that point to the axis, that is, \(\boldsymbol{P}=P_{0} \boldsymbol{r} / 2\). If the cylinder rotates around its axis at a constant angular velocity \(\omega\) while maintaining its polarization \(\boldsymbol{P}\) unchanged, find the magnetic induction at a point on the axis far from the ends of the cylinder.","\(\boldsymbol{\omega}=\omega \boldsymbol{e}_{z}\), for the point within the cylinder \(r=r \boldsymbol{e}_{r}+z \boldsymbol{e}_{z}\), the volumetric current density is

\[
\boldsymbol{j}(r)=\rho \boldsymbol{v}=\rho \boldsymbol{\omega} \times \boldsymbol{r}=-P_{0} \omega \boldsymbol{e}_{z} \times\left(r \boldsymbol{e}_{r}+z \boldsymbol{e}_{z}\right)=-P_{0} \omega r \boldsymbol{e}_{\theta}
\]

On the other hand, there is a surface charge distribution on the cylinder's side with density \(\sigma=\boldsymbol{n} \cdot \boldsymbol{P}=\left.\boldsymbol{e}_{r} \cdot \frac{P_{0} r}{2}\right|_{r=a}=\frac{P_{0} a}{2}\), which results in a surface current density

\[
\boldsymbol{\alpha}=\sigma \boldsymbol{v}=\frac{P_{0}}{2} \omega a^{2} \boldsymbol{e}_{\theta}
\]

Since the cylinder is very long, when calculating the magnetic field at a point on the axis far from the ends, this point can be considered as the origin, and the cylinder can be treated as infinitely long. Thus, the magnetic induction at the origin is

\[
B=\frac{\mu_{0}}{4 \pi}\left(\int_{V} \frac{\boldsymbol{j}\left(\boldsymbol{r}^{\prime}\right) \times \boldsymbol{r}^{\prime}}{r^{\prime 3}} \mathrm{~d} V^{\prime}+\int_{S} \frac{\boldsymbol{\alpha}\left(\boldsymbol{r}^{\prime}\right) \times \boldsymbol{r}^{\prime}}{r^{\prime 3}} \mathrm{~d} s^{\prime}\right)
\]

\(V, S\) represent the volume and the side area of the cylinder, respectively. Clearly, \(r=\left|r^{\prime}\right|\).

\[
\begin{aligned}
\int_{V} \frac{\boldsymbol{j}\left(r^{\prime}\right) \times \boldsymbol{r}^{\prime}}{r^{\prime 3}} \mathrm{~d} V^{\prime} & =\int_{V} \frac{-P_{0} \omega r \boldsymbol{e}_{\theta} \times\left(-r^{\prime} \boldsymbol{e}_{r}-z \boldsymbol{e}_{z}\right)}{\left(r^{2}+z^{2}\right)^{3 / 2}} \cdot r \mathrm{~d} r \mathrm{~d} \theta \mathrm{~d} z \\
& =-P_{0} \omega\left[\int_{V} \frac{r^{3} \mathrm{~d} r \mathrm{~d} \theta \mathrm{~d} z}{\left(r^{2}+z^{2}\right)^{3 / 2}} \boldsymbol{e}_{z}-\int_{V} \frac{z r^{2} \mathrm{~d} r \mathrm{~d} \theta \mathrm{~d} z}{\left(r^{2}+z^{2}\right)^{3 / 2}} \boldsymbol{e}_{r}\right]
\end{aligned}
\]

Due to symmetry, the second term of the integral is zero. Substituting for the first term,

\[
z=r \tan \beta
\]

it is obtained

\[
\begin{aligned}
\int_{V} \frac{\boldsymbol{j}\left(r^{\prime}\right) \times \boldsymbol{r}^{\prime}}{r^{\prime 3}} \mathrm{~d} V^{\prime} & =-P_{0} \omega \int_{0}^{2 \pi} \mathrm{~d} \theta \int_{0}^{a} r \mathrm{~d} r \int_{-\frac{\pi}{2}}^{\frac{\pi}{2}} \cos \beta \mathrm{~d} \beta \boldsymbol{e}_{z} \\
& =-2 \pi P_{0} \omega a^{2} \boldsymbol{e}_{z}
\end{aligned}
\]

Similarly, for the surface integral,

\[
\begin{aligned}
& \int \frac{\boldsymbol{\alpha}\left(\boldsymbol{r}^{\prime}\right) \times \boldsymbol{r}^{\prime}}{r^{\prime 3}} \mathrm{~d} s^{\prime}=\int_{S}^{\frac{P_{0}}{2} \omega a^{2} \boldsymbol{e}_{\theta} \times\left(-a \boldsymbol{e}_{r}-z \boldsymbol{e}_{z}\right)} \\
&\left(a^{2}+z^{2}\right)^{3 / 2} \\
& \mathrm{~d} s \\
&=\frac{P_{0}}{2} \omega a^{4} \int_{S} \frac{\mathrm{~d} \theta \mathrm{~d} z}{\left(a^{2}+z^{2}\right)^{3 / 2}} \boldsymbol{e}_{z} \\
&=2 \pi P_{0} \omega a^{2} \boldsymbol{e}_{z}
\end{aligned}
\]

Thus, the magnetic induction at a point on the cylinder axis far from the ends is \(\boldsymbol{B}=0\).

Alternatively, when the cylinder rotates at a constant angular velocity about its axis, it can be regarded as an infinitely long solenoid. Thus, the magnetic field at the origin is the sum of the magnetic fields generated by the volumetric current and the surface current.

The magnetic field produced by the volumetric current within the cylinder is

\[
\begin{aligned}
\boldsymbol{B}_{1} & =\mu_{0} \int_{0}^{a} \rho \omega r \mathrm{~d} r \boldsymbol{e}_{z}=-\mu_{0} P_{0} \omega \int_{0}^{a} r \mathrm{~d} r \boldsymbol{e}_{z} \\
& =-\frac{\mu_{0} P_{0} \omega a^{2}}{2} \boldsymbol{e}_{z}
\end{aligned}
\]

The magnetic field produced by the surface current is

\[
\boldsymbol{B}_{2}=\mu_{0} \alpha \boldsymbol{e}_{z}=\frac{\mu_{0} P_{0} \omega a^{2}}{2} \boldsymbol{e}_{z}
\]

Therefore,

\[
B=B_{1}+B_{2}=0
\]

Thus, the magnetic induction at a point on the cylinder axis far from the ends is \(\boldsymbol{B}=0\).",\boxed{0},NV,,False,EN,Math Derivation
201,Electromagnetism,Classical Electromagnetism,Magstatics,"An infinitely long metallic wire is placed along the $z$-axis (i.e., at $x=0, y=0$) and carries a current $i$ flowing in the $+z$ direction. A beam of hydrogen atoms is injected with velocity $\boldsymbol{v} = v_{0} \boldsymbol{e}_{z}$ from the position $x=0, y=b, z=0$. These hydrogen atoms are all polarized such that their magnetic moments are in the $x$ direction, i.e., $\boldsymbol{\mu} = \mu_{\mathrm{H}} \boldsymbol{e}_{x}$. Determine the force and torque on the hydrogen atoms caused by the magnetic field produced by the metallic wire.","Since the hydrogen atoms move in the $yz$ plane, the magnetic field produced by the infinitely long current-carrying wire in this plane is

$$
\boldsymbol{B} = -\frac{\mu_{0} i}{2 \pi y} \boldsymbol{e}_{x}
$$

When $\boldsymbol{\mu} = \mu_{\mathrm{H}} \boldsymbol{e}_{x}$, the energy of the hydrogen atoms in the external field $\boldsymbol{B}$ is

$$
W = \boldsymbol{\mu} \cdot \boldsymbol{B} = -\frac{\mu_{0} \mu_{\mathrm{H}} i}{2 \pi y}
$$

Thus, the force on the hydrogen atoms is

$$
\boldsymbol{F} = \nabla W\big|_{y=b} = \frac{\mu_{0} \mu_{\mathrm{H}} i}{2 \pi b^{2}} \boldsymbol{e}_{y}
$$

The torque on the hydrogen atoms is

$$
\boldsymbol{L} = \boldsymbol{\mu} \times \boldsymbol{B} = 0
$$","\boxed{\frac{\mu_{0} \mu_{\mathrm{H}} i}{2 \pi b^{2}} \boldsymbol{e}_{y}, 0}","EX, NV","\text{N}, None",True,EN,Laws Application
202,Electromagnetism,Classical Electromagnetism,Electrostatics,"Calculate the capacitance \( C \) of a spherical capacitor with inner radius \( R_{1} \) and outer radius \( R_{2} \). The region between \( R_{1} < R < R_{2} \) is filled with a dielectric material whose dielectric constant varies according to the following expression:

\[
\varepsilon = \varepsilon_{0} + \varepsilon_{1} \cos^2 \theta
\]

where \( \theta \) is the polar angle.

The potential difference between the plates is:

\[
V = \int_{R_{1}}^{R_{2}} \boldsymbol{E} \cdot \mathrm{d} \boldsymbol{R} = \frac{3 Q (R_{2} - R_{1})}{4 \pi (3 \varepsilon_{0} + \varepsilon_{1}) R_{1} R_{2}} = \frac{Q}{C}
\]","From the electric field strength \( E \), the potential difference between the plates is given by:

\[
C = \frac{4 \pi (3 \varepsilon_{0} + \varepsilon_{1}) R_{1} R_{2}}{3 (R_{2} - R_{1})}
\]",\boxed{\frac{4 \pi (3 \varepsilon_{0} + \varepsilon_{1}) R_{1} R_{2}}{3 (R_{2} - R_{1})}},NV,,False,EN,Laws Application
203,Electromagnetism,Classical Electromagnetism,Electrostatics,"Two point charges with the same electric charge are separated by a distance of $2b$. A grounded conducting sphere with a radius of $a$ is placed between them. Using the method of images, the magnitude of the image charge is $q^{\prime} = -q \frac{a}{b}$, and they are located on either side of the center of the sphere with a distance $b^{\prime} = \frac{a^{2}}{b}$ from the center. For each given point charge $+q$, find the conditions under which the interaction forces between the charges cancel each other out.","For each given point charge $+q$, in addition to experiencing repulsion from the other $+q$ charge, it is also subjected to the attractive forces from the two image charges. To make these forces cancel each other out, the condition required is:

$$
\frac{q^{2}}{4b^{2}} = \frac{q^{2} \frac{a}{b}}{\left(b - \frac{a^{2}}{b}\right)^{2}} + \frac{q^{2} \frac{a}{b}}{\left(b + \frac{a^{2}}{b}\right)^{2}}
$$",\boxed{},NV,,False,EN,Math Derivation
206,Electromagnetism,Classical Electromagnetism,Magstatics,"A long cylindrical body with radius \( R \) and length \( l \) (\( R \ll l \)), mass \( m \), is uniformly distributed in both mass and charge, with a volume charge density of \( +\rho \). The cylinder rotates around its symmetry axis, the \( z \)-axis, at an angular velocity \( \omega \) (\( \omega R \ll c \), where \( c \) is the speed of light). Ignoring edge effects, determine the electric field intensity inside and outside the cylinder.","The charge within the cylinder generates an electric field in space, and since the charged cylinder is rotating, there is an associated current distribution that induces a magnetic field. Due to the uniform angular velocity rotation of the cylinder, the magnetic field and electric field are static fields and do not couple. We establish a cylindrical coordinate system \((r, \theta, z)\) with the cylinder's axis as the \( z \)-axis. By applying symmetry and Gauss's law, the electric field can be obtained as follows:

\[
\boldsymbol{E}=\left\{\begin{array}{cl}
\frac{\rho}{2 \varepsilon_{0}} \boldsymbol{r}, & |\boldsymbol{r}|<R \tag{1}\\
\frac{\rho}{2 \varepsilon_{0}} \cdot \frac{R^{2}}{r} \boldsymbol{e}_{r}, & |\boldsymbol{r}|>R
\end{array}\right.
\]","\[
\boxed{\frac{\rho}{2 \varepsilon_{0}} \boldsymbol{r}, \frac{\rho}{2 \varepsilon_{0}} \cdot \frac{R^{2}}{r} \boldsymbol{e}_{r}}
\]","EX, EX",,False,EN,Laws Application
207,Electromagnetism,Classical Electromagnetism,Magstatics,A cylindrical conductor with a permeability of $\mu$ carries a uniform and steady current. The radius of the conductor is $R$. Find the magnetic field $\boldsymbol{B}$ and the magnetic field intensity $\boldsymbol{H}$ outside the conductor ($r>R$).,"Establish a cylindrical coordinate system with the $z$-axis as the central axis of the conductor, and the positive $z$ direction as the direction of the current flow, as shown in Figure 2.1 of the problem. Because the current is uniform, the current density is

$$
j=\frac{I}{\pi R^{2}} \mathbf{e}_{z}
$$

Let $r$ be the distance from a point in space to the central axis of the conductor. According to Ampère's circuital law,

$$
\oint_{L} \boldsymbol{H} \cdot \mathrm{d} \boldsymbol{l}=I(r)
$$

where $L$ is a circle of radius $r$ centered on the $z$-axis.\\
When $r>R$, $I(r)=I$, therefore

$$
\begin{gathered}
2 \pi r H=I \\
\boldsymbol{H}(r)=\frac{I}{2 \pi r} \mathbf{e}_{\theta}, \quad \boldsymbol{B}(r)=\frac{\mu_{0} I}{2 \pi r} \mathbf{e}_{\theta}, \quad r>R
\end{gathered}
$$","\boxed{\boldsymbol{B}(r)=\frac{\mu_{0} I}{2 \pi r} \mathbf{e}_{\theta}, \boldsymbol{H}(r)=\frac{I}{2 \pi r} \mathbf{e}_{\theta}}","EX, EX","\text{T}, \text{A/m}",True,EN,Laws Application
211,Electromagnetism,Classical Electromagnetism,Electrostatics,"A long conducting cylindrical tube with length $L$ and radius $R$ has a surface charge distribution given by $\sigma = \sigma_{1} \sin 2 \theta + \sigma_{2} \cos \theta$, where $\sigma_{1}$ and $\sigma_{2}$ are constants. Neglecting end effects, find the total charge $Q$ on the cylindrical surface and describe the boundary conditions for the electric potential when the cylinder divides space into two regions: the inner region $(r < R)$ and the outer region $(r > R)$.","As shown in Figure 1.43 in the problem, use the cylindrical coordinate system with the cylinder axis as the $z$-axis. The total charge on the cylindrical surface is
$$
Q = \int \sigma \, \mathrm{d}s = L R \int (\sigma_{1} \sin 2 \theta + \sigma_{2} \cos \theta) \, \mathrm{d}\theta = 0
$$

The cylindrical surface divides space into an inner region $(r < R)$ and an outer region $(r > R)$. Since the total charge on the cylindrical surface is zero, the boundary conditions are
$$
\text{As } r \rightarrow \infty, \varphi_{2} \rightarrow 0; \quad \text{as } r \rightarrow 0, \varphi_{1} \rightarrow \text{finite}
$$",\boxed{Q = 0},EQ,,False,EN,Laws Application
213,Electromagnetism,Classical Electromagnetism,Magstatics,"An electromagnetic eddy current brake consists of a disk with conductivity $\sigma$ and thickness $t$, rotating about an axis through its center with an angular velocity $\omega$. There is a magnetic field $\boldsymbol{B}$ with a coverage area of $a^2$ that is perpendicular to the disk. If the area $a^2$ is located at a distance $r$ from the axis, determine the magnitude of the motional electromotive force $\varepsilon$ in this configuration.","As the disk rotates about the axis, a motional electromotive force is generated in the area $a^2$ covered by the magnetic field $\boldsymbol{B}$. The magnitude of this electromotive force is given by

$$
\varepsilon = \int_{r}^{r+a} \boldsymbol{v} \times \boldsymbol{B} \cdot \mathrm{d} \boldsymbol{l} = r \omega B a
$$",\boxed{r \omega B a},EX,,False,EN,Laws Application
216,Electromagnetism,Classical Electromagnetism,Electrostatics,"In early electrostatic accelerators, to increase the accelerating voltage, the accelerator was placed inside a grounded pressure-resistant vessel filled with high-pressure gas. The radius of the vessel is $R$, and the breakdown electric field strength of the high-pressure gas is considered to be $E_0$. If the inner spherical surface is a high-voltage electrode, and the outer spherical surface is a concentric spherical steel vessel, it is necessary to determine the radius $r_0$ of the high-voltage electrode so that the voltage reaches its maximum.","The presence of the breakdown electric field strength of the high-pressure gas limits the increase of the accelerating voltage. For a given radius $r_0$ of the high-voltage electrode, the accelerating voltage should be at its highest when the breakdown field strength is reached in some part of the high-pressure gas. Because the radius $R$ of the steel vessel and the breakdown field strength $E_0$ of the high-pressure gas are fixed, the maximum accelerating voltage is a function of $r_0$. Therefore, adjusting the size of $r_0$ can make the accelerating voltage as high as possible. Assume the steel spherical surface of the high-voltage electrode carries a charge $Q$, with a gas dielectric constant of $k$, then the electric field distribution is given by

$$
E(r) = \frac{Q}{4 \pi k \varepsilon_0 r^2}
$$

where $r$ is the distance from the center of the sphere to the field point. From the above equation, it can be seen that near the high-voltage electrode, i.e., at $r = r_0$, the electric field strength is at its maximum. As the charge accumulates on the high-voltage electrode due to charging, the voltage continuously rises, and the field strength increases to a certain extent which would cause the gas near the high-voltage electrode to undergo electrical breakdown first.

The voltage between the high-voltage electrode and the steel spherical shell is

$$
V = \int_{r_0}^{R} E(r) \, \mathrm{d} r = \frac{Q}{4 \pi k \varepsilon_0} \left(\frac{1}{r_0} - \frac{1}{R}\right) = E(r_0) r_0^2 \left(\frac{1}{r_0} - \frac{1}{R}\right)
$$

When the electric field strength at $r = r_0$, $E(r_0)$, reaches the breakdown field strength $E_0$, $V$ reaches its maximum,

$$
V_0 = E_0 r_0^2 \left(\frac{1}{r_0} - \frac{1}{R}\right) = \frac{E_0}{R} \left[-\left(r_0 - \frac{R}{2}\right)^2 + \frac{R^2}{4}\right]
$$

By finding the extremum of the above expression, it is determined that when $r_0 = \frac{R}{2}$, $V_0$ reaches its maximum value,

$$
V_{0,\max} = \frac{R}{4} E_0
$$",\boxed{r_0 = \frac{R}{2}},EQ,,False,EN,Math Derivation
217,Electromagnetism,Classical Electromagnetism,Magstatics,"Place a magnetic dipole with a magnetic moment $m$ in a magnetic lens, where the field components of the magnetic lens are given by $B_{x} = \alpha(x^{2} - y^{2})$, $B_{y} = -2\alpha xy$, $B_{z} = 0$. The $z$ direction is the axis of the lens, and $\alpha$ is a constant (this is referred to as a sextupole lens field). Find the components of the force acting on the dipole.","In an external magnetic field, the force on a magnetic dipole is given by $\boldsymbol{F} = (\boldsymbol{m} \cdot \nabla) \boldsymbol{B}$. Written in terms of components, we have:

$$
\begin{aligned}
F_{x} &= 2\alpha \boldsymbol{m} \cdot (x \boldsymbol{e}_{x} - y \boldsymbol{e}_{y}), \\
F_{y} &= -2\alpha \boldsymbol{m} \cdot (y \boldsymbol{e}_{x} + x \boldsymbol{e}_{y}), \\
F_{z} &= 0.
\end{aligned}
$$","\boxed{F_{x} = 2\alpha \boldsymbol{m} \cdot (x \boldsymbol{e}_{x} - y \boldsymbol{e}_{y}), F_{y} = -2\alpha \boldsymbol{m} \cdot (y \boldsymbol{e}_{x} + x \boldsymbol{e}_{y}), F_{z} = 0}",EQ,"None, None, None",True,EN,Laws Application
218,Electromagnetism,Classical Electromagnetism,Electrostatics,"A spherical capacitor consists of three very thin concentric conductive shells, with radii $a$, $b$, and $d$ $(a < b < d)$. An insulating wire connects the inner and outer spheres through a small hole in the middle shell, neglecting the edge effects of the hole. Find the capacitance of this system.","Assume the inner shell carries a charge $Q_{1}$, and the outer shell carries a total charge of $-Q_{2}$. Then the inner surface of the middle shell should have a charge of $-Q_{1}$, and the outer surface should have a charge of $+Q_{2}$ (with $Q_{1}, Q_{2} > 0$). The electric field distribution is as follows:

$$
\begin{array}{ll}
\boldsymbol{E}=\frac{Q_{1}}{4 \pi \varepsilon_{0} r^{2}}, & a < r < b \\
\boldsymbol{E}=\frac{Q_{2}}{4 \pi \varepsilon_{0} r^{2}}, & b < r < d \\
\boldsymbol{E}=0, & r < a, r > d
\end{array}
$$

The potential formula is:

$$
\varphi(p)=\int_{p}^{\infty} \boldsymbol{E} \cdot \mathrm{d}\boldsymbol{r}
$$

Choose $\varphi(\infty)=0$, then we find:

$$
\begin{aligned}
& \varphi(d)=0, \\
& \varphi(b)=\frac{Q_{2}}{4 \pi \varepsilon_{0}}\left(\frac{1}{b}-\frac{1}{d}\right).
\end{aligned}
$$

According to the problem, the potential of the inner and outer shells should be equal, so:

$$
\varphi(a)=\frac{Q_{1}}{4 \pi \varepsilon_{0}}\left(\frac{1}{a}-\frac{1}{b}\right)+\frac{Q_{2}}{4 \pi \varepsilon_{0}}\left(\frac{1}{b}-\frac{1}{d}\right)=0.
$$

This gives:

$$
Q_{1}\left(\frac{1}{a}-\frac{1}{b}\right)=-Q_{2}\left(\frac{1}{b}-\frac{1}{d}\right)
$$

The potential difference between the shells is:

$$
\begin{aligned}
& V_{a b}=\varphi(a)-\varphi(b)=-\varphi(b) \\
& V_{b d}=\varphi(d)-\varphi(b)=-\varphi(b)
\end{aligned}
$$

Thus, the capacitance between the inner shell and the inner surface of the middle shell is:

$$
C_{a b}=\frac{Q_{1}}{V_{a b}}=-\frac{Q_{1}}{\varphi(b)}
$$

The capacitance between the outer surface of the middle shell and the outer shell is:

$$
C_{b d}=\frac{Q_{2}}{V_{b d}}=\frac{Q_{2}}{\varphi(b)}
$$

The capacitance of the entire system can be considered as $C_{a b}$ in series with $C_{b d}$:

$$
\begin{aligned}
C & =\left(\frac{1}{C_{a b}}+\frac{1}{C_{b d}}\right)^{-1}=\frac{1}{\varphi(b)}\left(\frac{1}{Q_{2}}-\frac{1}{Q_{1}}\right)^{-1} \\
& =\frac{4 \pi \varepsilon_{0} a d}{d-a}
\end{aligned}
$$",\boxed{\frac{4 \pi \varepsilon_{0} a d}{d-a}},NV,,False,EN,Math Derivation
222,Electromagnetism,Classical Electromagnetism,Magstatics,"A circular coil with a radius $r$, mass $m$ (in kilograms), and carrying current $I$ (in amperes) is oriented such that its axis is perpendicular to an infinite conductor plane. It can move freely in the vertical direction. The instantaneous height is $x$ (in meters). It is currently moving with a velocity $v$ ($v \ll c$) in the $y$ direction. What is the boundary condition for the magnetic field $B$ on the conductor plane?","On the conductor plane, the normal component of the magnetic field $\boldsymbol{B}$ is continuous, meaning it is zero, $B_{n} = 0$.",\boxed{B_{n} = 0},EQ,,False,EN,Laws Application
224,Electromagnetism,Classical Electromagnetism,Electrostatics,"Above the grounded conducting plane at \( z=0 \), there are two point charges \( +q \) and \( -q \) located at positions \( (x, y, z) = (a, 0, a) \) and \( (-a, 0, a) \) respectively. (c) Find the surface charge density at the point \( (a, 0, 0) \).","(c) The charge system shown in Figure 1.91 produces an electric field at the point \( \left(a, 0, 0^{+}\right) \). It is evident that the combined electric field generated by the \( +q \) charge at \( (a, 0, a) \) and the \( -q \) charge at \( (a, 0, -a) \) is given by

\[
\boldsymbol{E}_{1} = -\frac{2q}{4 \pi \varepsilon_{0} a^{2}} \boldsymbol{e}_{z}
\]

The electric fields \( \boldsymbol{E}_{2} \) produced by the \( -q \) charge at \( (-a, 0, a) \) and \( \boldsymbol{E}_{3} \) produced by the \( +q \) charge at \( (-a, 0, -a) \) both have magnitudes of

\[
E_{2} = E_{3} = \frac{q}{4 \pi \varepsilon_{0} (\sqrt{5} a)^{2}}
\]

From Figure 1.91, we know their combined electric field is

\[
\boldsymbol{E}_{4} = \frac{2}{\sqrt{5}} E_{2} \boldsymbol{e}_{z} = \frac{2q}{4 \pi \varepsilon_{0} a^{2}} \cdot \frac{1}{5\sqrt{5}} \boldsymbol{e}_{z}
\]

Thus, the total electric field at \( \left(a, 0, 0^{+}\right) \) is

\[
\boldsymbol{E} = \boldsymbol{E}_{1} + \boldsymbol{E}_{4} = \frac{q}{2 \pi \varepsilon_{0} a^{2}} \left(\frac{1}{5\sqrt{5}} - 1\right) \boldsymbol{e}_{z}
\]

Since the electric field inside a conductor is 0, the surface charge density at this point is

\[
\sigma = \varepsilon_{0} E = \frac{q}{2 \pi a^{2}} \left(\frac{1}{5\sqrt{5}} - 1\right)
\]",\boxed{\frac{q}{2 \pi a^{2}} \left(\frac{1}{5\sqrt{5}} - 1\right)},NV,,False,EN,Laws Application
226,Electromagnetism,Classical Electromagnetism,Magstatics,"A metal block with no net charge is a rectangular prism with side lengths $a, b, c$. The metal block moves at a velocity $v$ in a magnetic field of strength $\boldsymbol{H}$. What is the charge density inside and on the surface of the metal body?","There is no charge distribution inside the metal body (since $\nabla \cdot \boldsymbol{E} = 0$). Ignoring edge effects, i.e., assuming $c \ll a, b$, it is known that the free charge density on the surface formed by $a$ and $b$ is $\sigma = \pm \varepsilon_{0} E = \pm \varepsilon_{0} \mu_{0} v H$. Symbols are as indicated in the problem.",\boxed{\pm \varepsilon_{0} \mu_{0} v H},EX,,False,EN,Practical Application
227,Electromagnetism,Classical Electromagnetism,Magstatics,A uniformly magnetized sphere with radius \( a \) has a magnetization of \(\boldsymbol{M}\). Find the magnetic field inside the sphere.,"Using the concept of equivalent magnetic charges, imagine that there are positive and negative magnetic charges within the magnetic molecules, similar to the situation with electrons, where the centers of positive and negative charges coincide when unpolarized, and polarization occurs through the separation of these centers. Let the displacement between the two types of magnetic charges in each molecule be \(\delta\), the molecular ""magnetic charge"" be \(q_{m}\), and the molecular number density be \(n\). The magnetic dipole moment in the volume element \(\delta V\) is then

\[
\delta m = \sum_{i} m_{i} = \frac{1}{\mu_{0}} n \delta V \cdot q_{m} \delta l 
\]

Therefore, the magnetization is

\[
\boldsymbol{M} = \frac{\delta \boldsymbol{m}}{\delta V} = \frac{1}{\mu_{0}} q_{m} n \delta \boldsymbol{l} 
\]

Similar to the electron case, the uniform magnetization of the sphere is equivalent to a displacement of two uniform spheres with opposite magnetic charges. By applying the principle of superposition of magnetic fields, the magnetic field intensity inside the sphere is

\[
\boldsymbol{H} = -\frac{1}{3 \mu_{0}} q_{m} n \delta l, \quad |\boldsymbol{r}| < a
\]

Expressing the above equation in terms of \(\boldsymbol{M}\) gives

\[
\boldsymbol{H} = -\frac{1}{3} \boldsymbol{M}, \quad |r| < a
\]

And the magnetic flux density \(\boldsymbol{B} = \mu_{0}(\boldsymbol{H} + \boldsymbol{M})\) is

\[
\boldsymbol{B} = \frac{2 \mu_{0}}{3} \boldsymbol{M}, \quad |\boldsymbol{r}| < a
\]

We note that the magnetic field inside the sphere is uniform.",\boxed{\boldsymbol{B} = \frac{2 }{3} \boldsymbol{M}},EQ,\mu_{0},False,EN,Math Derivation
228,Electromagnetism,Classical Electromagnetism,Magstatics,"The plates of a parallel plate capacitor have a radius \( R \) and are separated by a distance \( d \ll R \). The potential difference between the plates is \( V = V_{0} \sin \omega t \). Assume the electric field between the plates is uniform, and ignore edge effects and radiation. Determine the magnitude and direction of the magnetic induction \(\boldsymbol{B}\) at point \( p \), which is located at a distance \( r\ (r<R) \) from the capacitor's axis.","Referring to Problem 2.16, the magnetic induction at point \( p \) is given by  
\[  
\boldsymbol{B}(r, t) = \frac{\varepsilon_{0} \mu_{0} V_{0} \omega r}{2 d} \cos \omega t \, \mathbf{e}_{\theta}  
\]","\boxed{\frac{\varepsilon_{0} \mu_{0} V_{0} \omega r}{2 d} \cos \omega t \, \mathbf{e}_{\theta}}",EX,,True,EN,Math Derivation
229,Electromagnetism,Classical Electromagnetism,Electrostatics,Consider two dipoles \(P_{1}\) and \(P_{2}\) separated by a distance \(d\). Determine the electrostatic interaction force between them when they are oriented arbitrarily.,"Referring to the illustration in Figure 1.111, the vector \(\boldsymbol{r}\) points from \(\boldsymbol{P}_{1}\) to \(\boldsymbol{P}_{2}\). Treat the electric field produced by \(\boldsymbol{P}_{1}\) as an external field, with the electric field intensity at \(P_{2}\) given by

\[
\boldsymbol{E}_{e} = \frac{3\left(\boldsymbol{P}_{1} \cdot \boldsymbol{r}\right) \boldsymbol{r} - r^{2} \boldsymbol{P}_{1}}{4 \pi \varepsilon_{0} r^{5}}
\]

Therefore, the interaction force between \(\boldsymbol{P}_{1}\) and \(\boldsymbol{P}_{2}\) is

\[
\begin{aligned}
\boldsymbol{F} & = \boldsymbol{P}_{2} \cdot \nabla \boldsymbol{E}_{e} \\
& = \frac{3}{4 \pi \varepsilon_{0} r^{7}}\left\{r^{2}\left[\left(\boldsymbol{P}_{1} \cdot \boldsymbol{P}_{2}\right) \boldsymbol{r} + \left(\boldsymbol{P}_{1} \cdot \boldsymbol{r}\right) \boldsymbol{P}_{2} + \left(\boldsymbol{P}_{2} \cdot \boldsymbol{r}\right) \boldsymbol{P}_{1}\right] - 5\left(\boldsymbol{P}_{1} \cdot \boldsymbol{r}\right)\left(\boldsymbol{P}_{2} \cdot \boldsymbol{r}\right) \boldsymbol{r}\right\}
\end{aligned}
\]",\boxed{\boldsymbol{F} = \frac{3}{4 \pi \varepsilon_{0} r^{7}}\left\{r^{2}\left[\left(\boldsymbol{P}_{1} \cdot \boldsymbol{P}_{2}\right) \boldsymbol{r} + \left(\boldsymbol{P}_{1} \cdot \boldsymbol{r}\right) \boldsymbol{P}_{2} + \left(\boldsymbol{P}_{2} \cdot \boldsymbol{r}\right) \boldsymbol{P}_{1}\right] - 5\left(\boldsymbol{P}_{1} \cdot \boldsymbol{r}\right)\left(\boldsymbol{P}_{2} \cdot \boldsymbol{r}\right) \boldsymbol{r}\right\}},EQ,\text{N},False,EN,Math Derivation
231,Electromagnetism,Classical Electromagnetism,Magstatics,"The resistance of an equilateral triangle coil is \(R\), with side length \(a\). It rotates with a constant angular speed \(\omega\) around the side \(AD\), and the uniform magnetic field \(B\) is perpendicular to the axis of rotation \(AD\). Determine the induced current in the coil.","As the coil rotates about the axis, it generates motional electromotive force (emf). As shown in figure 2.67, consider a small line element \(\mathrm{d} l\) on side \(AC\), which is at a distance \(l\) from point \(A\). The rotational speed of the line element is:

\[
v = \omega \times l \sin 60^{\circ}
\]

Therefore, the motional emf generated on side \(AC\) is:

\[
\begin{aligned}
\varepsilon_{AC} & = \int_{A}^{C}(\boldsymbol{v} \times \boldsymbol{B}) \cdot \mathrm{d} l = \int_{0}^{a} \omega l \sin 60^{\circ} \sin \theta \cdot B \cos 60^{\circ} \cdot \mathrm{d} l \\
& = \frac{\sqrt{3}}{8} B a^{2} \omega \sin \theta
\end{aligned}
\]

Similarly, the motional emf generated on side \(CD\) is:

\[
\varepsilon_{CD} = \int_{C}^{D} \omega(a-l) \sin 60^{\circ} \sin \theta B \cos 60^{\circ} \cdot \mathrm{d} l = \frac{\sqrt{3}}{8} B a^{2} \omega \sin \theta
\]

The total motional emf generated by the triangular coil is:

\[
\varepsilon = \varepsilon_{AC} + \varepsilon_{CD} = \frac{\sqrt{3}}{4} B a^{2} \omega \sin \theta
\]

The induced current in the coil is:

\[
I = \frac{\varepsilon}{R} = \frac{\sqrt{3}}{4 R} B a^{2} \omega \sin \theta
\]

Defining the clockwise direction as positive for the loop, according to Faraday's law of electromagnetic induction:

\[
\varepsilon = -\frac{\mathrm{d} \phi}{\mathrm{d} t} = -\frac{\mathrm{d} B S \cos \omega t}{\mathrm{d} t} = \frac{\sqrt{3}}{4} B a^{2} \omega \sin \theta
\]

Since:

\[
\varepsilon > 0
\]

the direction of both the motional emf and the induced current is clockwise.",\boxed{\frac{\sqrt{3}}{4 R} B a^{2} \omega \sin \theta},EX,,False,EN,Math Derivation
232,Electromagnetism,Classical Electromagnetism,Electrostatics,"An insulating long cylinder with a radius of $r_{0}$ has a layer of electrons distributed over its surface, which can move freely on the surface and initially have a uniform surface density of $\rho_{0}$. The cylinder is placed in a uniform external electric field with a direction perpendicular to the cylinder's axis and a magnitude of $E_{a}$. Analyze the relationship between the surface charge density $\rho(\theta)$ on the cylinder and $E_{a}$. In the analysis, the polarization of the insulating cylinder can be neglected.

Find the $\rho(\theta)$ for the case of a conductor cylinder and indicate the applicable range of solutions when considering the insulating cylinder situation in this problem.","Consider a cylindrical coordinate system $(r, \theta, z)$, with the $z$ axis along the cylinder's axis, and $\theta=0$ corresponds to the direction of the external electric field. Let the potentials inside and outside the cylinder be $\varphi_{\mathrm{I}}$ and $\varphi_{\mathrm{II}}$, which are independent of $z$, and satisfy Laplace's equation $\nabla^{2} \varphi_{\mathrm{I}} = \nabla^{2} \varphi_{\mathrm{II}} = 0$. The boundary conditions are

$$
\varphi_{\mathrm{I}} = \varphi_{\mathrm{II}} \big|_{r=r_{0}}, \quad \left(\frac{\partial \varphi_{\mathrm{I}}}{\partial \theta}\right) = \left(\frac{\partial \varphi_{\mathrm{II}}}{\partial \theta}\right)\big|_{r=r_{0}}
$$

$\varphi_{\mathrm{I}}$ is finite as $r \rightarrow 0$

$$
\left.\varphi_{\mathrm{II}}\right|_{r \rightarrow \infty} \rightarrow -E_{a} r \cos \theta - \frac{r_{0} \rho_{0}}{\varepsilon_{0}} \ln r
$$

Additionally, noting that electrons can freely move on the cylinder's surface, the surface $E_\theta = 0$. Choose

$$
\varphi_{\mathrm{I}} = A_{1} + B_{1} \ln r + C_{1} r \cos \theta + \frac{D_{1}}{r} \cos \theta, \quad \varphi_{\mathrm{II}} = A_{2} + B_{2} \ln r + C_{2} r \cos \theta + \frac{D_{2}}{r} \cos \theta
$$

From the above boundary conditions, we find

$$
B_{1} = D_{1} = 0, \quad C_{2} = -E_{a}, \quad B_{2} = -\frac{\rho_{0} r_{0}}{\varepsilon_{0}}
$$

and

$$
\begin{aligned}
A_{1} + C_{1} r_{0} \cos \theta &= A_{2} + B_{2} \ln r_{0} - E_{a} r_{0} \cos \theta + \frac{D_{2}}{r_{0}} \cos \theta \\
C_{1} \sin \theta &= E_{a} \sin \theta - \frac{D_{2}}{r_{0}^{2}} \sin \theta = 0
\end{aligned}
$$

which gives

$$
C_{1} = 0, \quad D_{2} = E_{a} r_{0}^{2}
$$

Assume $A_{2} = 0$, hence

$$
A_{1} = B_{2} \ln r_{0} = -\frac{\rho_{0} r_{0} \ln r_{0}}{\varepsilon_{0}}
$$

Finally, we obtain

$$
\begin{aligned}
\varphi_{\mathrm{I}} &= -\frac{\rho_{0} r_{0} \ln r_{0}}{\varepsilon_{0}}, \quad E_{\mathrm{I}} = 0 \\
\varphi_{\mathrm{II}} &= -\frac{\rho_{0} r_{0} \ln r}{\varepsilon_{0}} - E_{a} r \cos \theta + \frac{E_{a} r_{0}^{2}}{r} \cos \theta
\end{aligned}
$$

$$
\begin{aligned}
\boldsymbol{E}_{\mathrm{II}} &= \left(\frac{\rho_{0} r_{0}}{\varepsilon_{0} r} + E_{a} \cos \theta + \frac{E_{a} r_{0}^{2}}{r^{2}} \cos \theta\right) \boldsymbol{e}_{r} - E_{a}\left(1 - \frac{r_{0}^{2}}{r^{2}}\right) \sin \theta \boldsymbol{e}_{\theta} \\
\rho(\theta) &= -\varepsilon_{0} \left.\frac{\partial \varphi_{\mathrm{II}}}{\partial r}\right|_{r=r_{0}} = \rho_{0} + 2 \varepsilon_{0} E_{a} \cos \theta
\end{aligned}
$$

To ensure the solution for a conductor applies to the insulating cylinder case in this problem, it must be that $\left|E_{a}\right| \leq \left|\frac{\rho_{0}}{2 \varepsilon_{0}}\right|$, to ensure that the surface charge density on the insulating cylinder remains negative everywhere.",\boxed{\rho(\theta) = \rho_{0} + 2 \varepsilon_{0} E_{a} \cos \theta},EQ,,False,EN,Math Derivation
233,Electromagnetism,Classical Electromagnetism,Magstatics,"A disc with radius $R$ is uniformly charged with a total charge $Q$. When the disc is not rotating, calculate the current at the edge required to produce the same magnetic field that is generated when the disc is rotating about its center. (Assume this current flows along the edge of the disc.)","When the disc is not rotating, the magnetic field intensity at the center produced by the current at the edge is given by

$$
\boldsymbol{B} = \frac{\mu_{0} I}{2 R} \boldsymbol{e}_{z}
$$

Therefore, the current at the edge is

$$
I = \frac{2 R B}{\mu_{0}} = \frac{\omega Q}{\pi}
$$",\boxed{\frac{\omega Q}{\pi}},EX,,False,EN,Laws Application
234,Electromagnetism,Classical Electromagnetism,Circuit Analysis,"A circuit consists of a coil with 10,000 turns, a radius of 20 cm, and a cross-sectional area of \(5 \, \mathrm{cm}^{2}\). It contains an iron core with a relative permeability of 1000 and has an impedance of \(10 \, \Omega\). Find the time required for the current to decay to \(\mathrm{e}^{-1}\) of its initial value when the coil is suddenly short-circuited.","The equivalent circuit is shown in Figure 3.35 of the problem, giving us

$$
<image 1>
$$

Figure 3.35

$$
\begin{aligned}
& V = I R + L \frac{\mathrm{d} I}{\mathrm{d} t} \\
& V|_{t=0} = V_{0}
\end{aligned}
$$

$$
\begin{aligned}
& V|_{t>0} = 0 \\
& I = I_{0} \mathrm{e}^{-t / \tau} = \frac{V_{0}}{R} \mathrm{e}^{-t / \tau}
\end{aligned}
$$

where \(\tau=\frac{L}{R}\).

When \(I = I_{0} \mathrm{e}^{-1}\), then \(t = \tau\). Since

$$
\begin{aligned}
L & = \mu \mu_{0} \frac{N^{2} A}{2 \pi R} \\
  & = \frac{10^{4 \times 2} \times 4 \pi \times 10^{-7} \times 10^{3} \times 5 \times 10^{-4}}{2 \pi \times 20 \times 10^{-2}} = 50 \, (\mathrm{H})
\end{aligned}
$$

Therefore,

$$
t = \frac{L}{R} = \frac{50}{10} = 5 \, (\mathrm{s})
$$",\boxed{5},NV,\mathrm{s},False,EN,Laws Application
235,Electromagnetism,Classical Electromagnetism,Circuit Analysis,"A network consists of two loops and three branches. The first branch comprises a battery (with electromotive force $\varepsilon$ and internal resistance $R_{1}$) and a switch S. The second branch contains a resistor $R_{2}$ and a capacitor $C$. The third branch has a resistor $R_{3}$. At time $t=0$, the switch is closed. Calculate the relationship of the charge on the capacitor $C$ with time.","Let the currents through the three branches be $I, I_{1}, I_{2}$, and the charge on the capacitor be $q$. Then we have:

$$
\begin{aligned}
& \varepsilon = I R_{1} + I_{1} R_{3}, \\
& \varepsilon = I R_{1} + I_{2} R_{2} + \frac{q}{C}, \\
& \frac{\mathrm{d} q}{\mathrm{d} t} = I_{2}, \\
& I = I_{1} + I_{2}.
\end{aligned}
$$

By combining the equations above, we obtain

$$
\frac{\mathrm{d} q}{\mathrm{d} t} = -A q + B,
$$

where

$$
\begin{aligned}
A & = \frac{R_{1} + R_{2}}{\left(R_{1} R_{2} + R_{2} R_{3} + R_{3} R_{1}\right) C}, \\
B & = \frac{\varepsilon R_{3}}{R_{1} R_{2} + R_{2} R_{3} + R_{3} R_{1}}.
\end{aligned}
$$

Solving the equation gives

$$
q = d \mathrm{e}^{-A t} + \frac{B}{A}, \quad d \text{ is determined by the initial conditions}.
$$

If $q(0) = 0$, then

$$
d = -\frac{B}{A}.
$$

Therefore,

$$
\begin{aligned}
q & = \frac{B}{A} \left(1 - \mathrm{e}^{-A t}\right) \\
& = \frac{\varepsilon R_{3}}{R_{1} + R_{2}} \left\{1 - \exp \left[-\frac{R_{1} + R_{2}}{\left(R_{1} R_{2} + R_{2} R_{3} + R_{3} R_{1}\right) C} t\right]\right\}.
\end{aligned}
$$",\boxed{\frac{\varepsilon R_{3}}{R_{1} + R_{2}} \left\{1 - \exp \left[-\frac{R_{1} + R_{2}}{\left(R_{1} R_{2} + R_{2} R_{3} + R_{3} R_{1}\right) C} t\right]\right\}},EX,,False,EN,Math Derivation
236,Electromagnetism,Classical Electromagnetism,Electrostatics,"Two equal charges, \(+Q\), are separated by a distance of \(2d\). A grounded conducting sphere is placed between them. If the total force on these two charges is zero, what is the radius of the sphere?",\(r_{0} \approx d / 8\).,\boxed{\frac{d}{8}},NV,,False,EN,Laws Application
239,Electromagnetism,Classical Electromagnetism,Electrostatics,"For two coaxial cylindrical conductors with inner and outer radii of $a$ and $b$, and length $l \gg b$, filled with a medium of dielectric constant $\varepsilon$ and conductivity $\sigma$, calculate the resistance between the inner and outer conductors.","Assume the potential difference between the inner and outer conductors is $V$. Then, the electric field between the conductors is given by

$$
E(r) = \frac{V}{r \ln (b / a)} e_{r}
$$

From Ohm's law,

$$
J = \sigma \boldsymbol{E}
$$

The current density is

$$
I = 2 \pi r l J = \frac{2 \pi \sigma l V}{\ln (b / a)}
$$

Therefore, the resistance between the inner and outer conductors is

$$
R = \frac{V}{I} = \frac{\ln (b / a)}{2 \pi l \sigma}
$$",\[ \boxed{\frac{\ln (b / a)}{2 \pi l \sigma}} \],NV,,False,EN,Laws Application
240,Electromagnetism,Classical Electromagnetism,Electrostatics,"A capacitor is formed by two coaxial metal cylinders, with the outer cylinder having a radius of \(1 \, \text{cm}\). Calculate the maximum potential difference under the condition described in (b), given that the breakdown field strength of air is \(3 \times 10^{6} \, \text{V/m}\).","Under condition (b),

\[
u_{\max} = \frac{1}{2 \sqrt{e}} R_{2} E_{\text{b}} = \frac{0.01 \times 3 \times 10^{6}}{2 \sqrt{e}} = 9.2 \times 10^{3} \, \text{V}
\]",\boxed{9.2 \times 10^{3}},NV,,False,EN,Practical Application
241,Electromagnetism,Classical Electromagnetism,Magstatics,A charged particle moving with a non-relativistic speed \( v_{0} \) enters a uniform static magnetic field \(\boldsymbol{B}\) at an inclination angle \(\alpha\). What is the radiation power of the particle?,"It is known that for a non-relativistic particle with \( v \ll c \), the synchrotron radiation in an external magnetic field can be approximated as dipole radiation, with power given by

\[
P = \frac{q^{2} \dot{v}^{2}}{6 \pi \varepsilon_{0} c^{3}} \tag{1}
\]

From the Lorentz force formula, the Newton's equation for the particle in the magnetic field \(\boldsymbol{B}\) is

\[
m_{0} \dot{v}_{0} = q\left(v_{0} \times \boldsymbol{B}\right)
\]

Thus,

\[
\dot{v}_{0}^{2} = \frac{q^{2}}{m_{0}^{2}} v_{0}^{2} B^{2} \sin^{2} \alpha \tag{2}
\]

Therefore, the radiation power is

\[
P = \frac{q^{4}}{6 \pi \varepsilon_{0} m_{0}^{2} c^{3}} B^{2} v_{0}^{2} \sin^{2} \alpha \tag{3}
\]","\[
\boxed{\frac{q^{4}}{6 \pi \varepsilon_{0} m_{0}^{2} c^{3}} B^{2} v_{0}^{2} \sin ^{2} \alpha}
\]",EX,,False,EN,Math Derivation
243,Electromagnetism,Classical Electromagnetism,Electrostatics,"An insulating conductor sphere with a radius of \(a\) is located at a distance \(z\) from the center of the sphere to an infinitely large conducting plane, with the condition \(z \gg a\). When the capacitance is expanded in a power series of \(a/z\), find the first non-zero correction to the first-order term.","To find the first-order correction, assume that the electric field in space is generated by a point charge \(Q\) at the center of the sphere and its image charge \(-Q\) induced on the conducting plane. Along the line from the sphere center to the conducting plane, the magnitude of this electric field is

\[ E = \frac{Q}{4 \pi \varepsilon_{0} (z-h)^{2}} - \frac{Q}{4 \pi \varepsilon_{0} (z+h)^{2}} \]

where \(h\) is the distance of the point from the plane.

\[
\begin{aligned}
V & = \int_{0}^{z-a} E \, \mathrm{d}h = \left. \frac{Q}{4 \pi \varepsilon_{0} (z-h)} \right|_{0}^{z-a} - \left. \frac{Q}{4 \pi \varepsilon_{0} (z+h)} \right|_{0}^{z-a} \\
  & = \frac{Q}{4 \pi \varepsilon_{0} a} \left[ 1 - \frac{a}{2z-a} \right] \approx \frac{Q}{4 \pi \varepsilon_{0} a} \left( 1 - \frac{a}{2z} \right)
\end{aligned}
\]

Thus,

\[ C = \frac{Q}{V} \approx 4 \pi \varepsilon_{0} a \left( 1 + \frac{a}{2z} \right) \]

So the first-order correction term is \(2 \pi \varepsilon_{0} \frac{a^{2}}{z}\).",\boxed{2 \pi \varepsilon_{0} \frac{a^{2}}{z}},EX,,False,EN,Math Derivation
244,Electromagnetism,Classical Electromagnetism,Electrostatics,"A solid conducting sphere with a radius of $r_{1}$ carries a charge of $+Q$ and is surrounded by a hollow conducting sphere with inner and outer radii of $r_{2}$ and $r_{3}$, respectively. Determine the expression for the potential of the inner sphere without integrating.","The potential formula is given by:
$$
\varphi(p) = \int_{p}^{\infty} \boldsymbol{E} \cdot \mathrm{d} \boldsymbol{l}
$$

Therefore, the expression for the potential of the inner sphere is:
$$
\varphi\left(r_{1}\right) = \int_{r_{1}}^{r_{2}} \frac{Q}{4 \pi \varepsilon_{0} r^{2}} \mathrm{~d} r + \int_{r_{3}}^{\infty} \frac{Q}{4 \pi \varepsilon_{0} r^{2}} \mathrm{~d} r
$$",\boxed{\frac{Q}{4 \pi \varepsilon_{0} r_{1}}},NV,\text{V},False,EN,Laws Application
245,Electromagnetism,Classical Electromagnetism,Electrostatics,"Given two concentric metallic spherical shells with inner and outer radii of \(a, b \, (b > a)\), the space between them is filled with a material whose conductivity \(\sigma\) varies with the external electric field: \(\sigma = K E\), where \(K\) is a constant. The two shells are maintained at a constant voltage \(V\). Calculate the current between the two shells.","The current is given by

$$
I = j \cdot S = \sigma E \cdot S = K E^{2} \cdot S = K E^{2} \cdot 4 \pi r^{2}
$$

Thus, the electric field is

$$
E = \frac{\sqrt{\frac{I}{4 \pi K}}}{r}
$$

The potential is

$$
V = -\int_{b}^{a} E \cdot \mathrm{d}r = -\int_{b}^{a} \sqrt{\frac{I}{4 \pi K}} \frac{1}{r} \mathrm{d}r = \sqrt{\frac{I}{4 \pi K}} \ln \left(\frac{b}{a}\right)
$$

Therefore,

$$
I = \frac{4 \pi K V^{2}}{\ln \left(\frac{b}{a}\right)}
$$",\boxed{\frac{4 \pi K V^{2}}{\ln \left(\frac{b}{a}\right)}},NV,,False,EN,Math Derivation
246,Electromagnetism,Classical Electromagnetism,Circuit Analysis,"A ""black box"" with two terminals contains a lossless inductor \(L\), a lossless capacitor \(C\), and a resistor \(R\). The box is connected to a 1.5 V battery and the current flowing through it is 1.5 mA. What is the value of the resistor \(R\)?","Under direct current (DC) conditions, given a 1.5 V battery and a current of 1.5 mA, the resistance can be determined using Ohm's Law \(R = \frac{V}{I}\):

\[
R = \frac{1.5}{1.5 \times 10^{-3}} = 1 \, (\mathrm{k} \Omega)
\]",\boxed{1},NV,\mathrm{k}\Omega,False,EN,Laws Application
248,Electromagnetism,Classical Electromagnetism,Electrostatics,"A capacitor is constructed from two coaxial metal cylinders, with the radius of the outer cylinder being \(1 \, \text{cm}\). Calculate the maximum potential difference under the condition (a) when the breakdown electric field strength of air is \(3 \times 10^{6} \, \text{V/m}\).","In case (a),

\[
u_{\max} = \frac{R_{2}}{e} E_{\text{b}} = \frac{0.01}{e} \times 3 \times 10^{6} = 1.1 \times 10^{4} \, \text{V}
\]",\boxed{1.1 \times 10^{4}},NV,,False,EN,Laws Application
253,Electromagnetism,Classical Electromagnetism,Magstatics,"A charge $Q$ is uniformly distributed on the outer surface of an insulating long cylinder with a radius $R$ and length $L (L \gg R)$. The external field is now removed, and the cylinder is set to rotate with an angular velocity $\omega(t) = \omega_{0}\left(1 - t / t_{0}\right)$. A single-turn coil with a radius of $2R$ and resistance $\rho$ is placed around the cylinder. What is the induced current in the coil? What is the direction of the current?","The magnetic flux through the single-turn coil shown in figure 2.77 (b) is

$$
\phi = \pi R^{2} B = \frac{\mu_{0} Q \omega R^{2}}{2 L}
$$

Therefore, the induced electromotive force (emf) is

$$
\varepsilon = -\frac{\mathrm{d} \phi}{\mathrm{~d} t} = \frac{\mu_{0} Q R^{2}}{2 L} \left(-\frac{\mathrm{d} \omega}{\mathrm{~d} t}\right) = \frac{\mu_{0} Q R^{2} \omega_{0}}{2 L t_{0}}
$$

Thus, the induced current $i$ is

$$
i = \frac{\varepsilon}{\rho} = \frac{\mu_{0} Q R^{2} \omega_{0}}{2 \rho L t_{0}}
$$

The direction of $i$ is consistent with the direction of rotation.",\boxed{\frac{\mu_{0} Q R^{2} \omega_{0}}{2 \rho L t_{0}}},EX,,False,EN,Laws Application
255,Electromagnetism,Classical Electromagnetism,Magstatics,"A particle with charge \( q \) moves with velocity \( v \) parallel to a uniformly charged wire. The line charge density of the wire is \( \lambda \), and it carries a conduction current \( I \). Determine the resultant force of the electric and magnetic forces on the particle at a distance \( \gamma \) from the wire.","The force on the charge is given by

\[
\begin{aligned}
\boldsymbol{F} &= \boldsymbol{F}_{\mathrm{e}} + \boldsymbol{F}_{\mathrm{m}} = q \boldsymbol{E} + q v \boldsymbol{B} \\
&= \frac{q \lambda}{2 \pi \varepsilon_{0} r} \boldsymbol{e}_{\mathrm{r}} + \frac{q \mu_{0} I}{2 \pi r} v (-\boldsymbol{e}_{\mathrm{r}})
\end{aligned}
\]",\boxed{\frac{q \lambda}{2 \pi \varepsilon_{0} r} - \frac{q \mu_{0} I}{2 \pi r} v},EX,,False,EN,Laws Application
256,Electromagnetism,Classical Electromagnetism,Magstatics,"There is a semi-infinite solenoid with a radius \( R \), turn density \( n \) per unit length, carrying a current \( I \). Derive the expression for the magnetic field \( B(z_{0}) \) at any point \( z_{0} \) on the axis of the solenoid.","First, calculate the magnetic field on the axis of the solenoid. As per the figure 2.5(a), the magnetic field \( \boldsymbol{B}(z_{0}) \) at a point \( z_{0} \) on the axis is given by

\[
B(z_{0}) = \frac{\mu_{0}}{4 \pi} \int_{0}^{\infty} \frac{2 \pi R^{2} n I \mathrm{~d} z}{\left[R^{2}+(z-z_{0})^{2}\right]^{3/2}}
\]

Let

\[
z-z_{0} = R \tan \theta
\]

Then

\[
\mathrm{d} z = R \sec^2 \theta \mathrm{~d} \theta
\]

Therefore

\[
\begin{aligned}
B(z_{0}) &= \frac{\mu_{0}}{4 \pi} \int_{-\theta_{0}}^{\frac{\pi}{2}} \frac{2 \pi R^{2} n I R \sec^2 \theta \mathrm{~d} \theta}{R^3 \sec^3 \theta} \\
&= \frac{\mu_{0}}{4 \pi} \int_{-\theta_{0}}^{\frac{\pi}{2}} 2 \pi n I \cos \theta \mathrm{~d} \theta = \left.\frac{\mu_{0}}{4 \pi} \cdot 2 \pi n I \sin \theta\right|_{-\theta_{0}}^{\frac{\pi}{2}}
\end{aligned}
\]

And

\[
R \tan \theta_{0} = z_{0}, \quad \sin^2 \theta_{0} = \frac{1}{\cot^2 \theta_{0}+1} = \frac{1}{\left(\frac{R}{z_{0}}\right)^2 + 1} = \frac{z_{0}^2}{R^2 + z_{0}^2}
\]

Thus \(\sin \theta_{0} = \frac{z_{0}}{\sqrt{R^2 + z_{0}^2}}\), so we have

\[
B(z_{0}) = \frac{1}{2} \mu_{0} n I \left(1 + \frac{z_{0}}{\sqrt{R^2 + z_{0}^2}}\right)
\]",\boxed{\frac{1}{2} \mu_{0} n I\left(1+\frac{z_{0}}{\sqrt{R^{2}+z_{0}^{2}}}\right)},EX,,False,EN,Math Derivation
259,Electromagnetism,Classical Electromagnetism,Magstatics,"(a) In a uniform magnetic field $B$, a long dielectric rod rotates around its axis with an angular velocity $\omega$, with its axis parallel to the magnetic field. Calculate the electric polarization vector $\boldsymbol{P}$ and the surface and volume bound charge densities.","The electromagnetic constitutive equation in a moving medium is given by

$$
\boldsymbol{D} = k \varepsilon_{0} \boldsymbol{E} + \varepsilon_{0}(k-1) \boldsymbol{v} \times \boldsymbol{B}
$$

where $\boldsymbol{v} \times \boldsymbol{B} = (\boldsymbol{\omega} \times \boldsymbol{r}) \times \boldsymbol{B} = \omega B r$, and $k$ is the relative permittivity. Due to axial symmetry, it is known that $\boldsymbol{D}$ and $\boldsymbol{E}$ are functions only of $r$, and have only radial components. By Gauss's theorem

$$
\oint \boldsymbol{D} \cdot \mathrm{d} \boldsymbol{S} = 0
$$

we have $\boldsymbol{D} = 0$, and since $\boldsymbol{D} = \varepsilon_{0} \boldsymbol{E} + \boldsymbol{P}$, it follows that $\boldsymbol{P} = -\varepsilon_{0} \boldsymbol{E} = \varepsilon_{0}(1 - 1 / k) \omega B \boldsymbol{r}$. From $\boldsymbol{P}$, the volume bound charge density can be determined as

$$
\rho^{\prime} = -\nabla \cdot \boldsymbol{P} = -\frac{1}{r} \cdot \frac{\partial}{\partial r}(r P) = -2 \varepsilon_{0}(1 - 1 / k) \omega B
$$

The surface bound charge density on the cylindrical surface $(r = a)$ is

$$
\sigma^{\prime} = P_{r} = \varepsilon_{0}(1 - 1 / k) \omega B a
$$","\boxed{\boldsymbol{P} = \varepsilon_{0}(1-1/k) \omega B \boldsymbol{r}, \rho^{\prime}=-2 \varepsilon_{0}(1-1/k) \omega B, \sigma^{\prime}=\varepsilon_{0}(1-1/k) \omega B a}","EQ, EX, EX","\text{C/m}, \text{C/m}^3, \text{C/m}^2",True,EN,Laws Application
260,Electromagnetism,Classical Electromagnetism,Magstatics,A disk with radius $R$ is uniformly charged with a charge $Q$. The disk rotates with an angular velocity $\omega$ around an axis that passes through the center and is perpendicular to the plane of the disk. Calculate the magnetic field strength at the center of the disk.,"Establish a coordinate system as per the problem statement. The uniformly charged disk can be considered as consisting of many charged ring elements. When the disk rotates with an angular velocity $\omega$, these charged ring elements form a current. The current of a ring element is given by

$$
\mathrm{d} I = \frac{Q}{\pi R^{2}} \omega r \, \mathrm{d} r
$$

The magnetic field strength produced at the center of the disk by this element is

$$
\mathrm{d} \boldsymbol{B} = \frac{\mu_{0}}{2R} \mathrm{d} I \, \boldsymbol{e}_{z}
$$

Since the direction of $\mathrm{d} \boldsymbol{B}$ produced by each ring element at the center of the disk is the same, the magnetic field strength at the center of the disk is

$$
\boldsymbol{B} = \int \mathrm{d} \boldsymbol{B} = \frac{\mu_{0} \omega Q}{2 \pi R^{2}} \int_{0}^{R} \mathrm{d} r \, \boldsymbol{e}_{z} = \frac{\mu_{0} \omega Q}{2 \pi R} \boldsymbol{e}_{z}
$$",\boxed{\frac{\mu_{0} \omega Q}{2 \pi R} \boldsymbol{e}_{z}},EX,,False,EN,Math Derivation
261,Electromagnetism,Classical Electromagnetism,Electrostatics,A uniformly charged sphere with radius $R$ has a total charge of $Q$. Determine the electric field at various points in space.,"The volume charge density of the sphere is

$$
\rho = \frac{Q}{\frac{4}{3} \pi R^{3}}
$$

Choose a Gaussian surface as a concentric sphere with the original sphere, with radius $r$. Due to symmetry, the magnitude of the electric field at all points on this surface is equal, and its direction is radial. According to Gauss's law,

$$
\oint_{S} \boldsymbol{E} \cdot \mathrm{d} \boldsymbol{S} = \frac{1}{\varepsilon_{0}} \int \rho \, \mathrm{d} V
$$

we immediately obtain

$$
\begin{aligned}
& E_{1} = \frac{Q r}{4 \pi \varepsilon_{0} R^{3}}, \quad r \leq R \\
& E_{2} = \frac{Q}{4 \pi \varepsilon_{0} r^{2}}, \quad r > R
\end{aligned}
$$","\boxed{E_1 = \frac{Q r}{4 \pi \varepsilon_{0} R^{3}}, E_2 = \frac{Q}{4 \pi \varepsilon_{0} r^{2}}}","EQ, EQ","None, None",True,EN,Laws Application
262,Electromagnetism,Classical Electromagnetism,Electrostatics,"On the boundary \( r=R \) of a spherical shell with radius \( R \), the boundary condition of the electric potential function is:

\[
\left.\phi\right|_{r=R}=f(\theta)= 
\begin{cases}
\phi_{0}, & \text{for } 0 \leqslant \theta < \frac{\pi}{2} \\
0, & \text{for } \frac{\pi}{2} < \theta \leqslant \pi
\end{cases}
\]

Expand \( f(\theta) \) in terms of Legendre polynomials, considering terms up to \( l=3 \). Determine the coefficients \( B_{l} \) of the Legendre polynomials.","On the boundary \( r=R \) of the spherical shell, we have the condition:

\[
\left.\phi\right|_{r=R}=f(\theta)= 
\begin{cases}
\phi_{0}, & \text{for } 0 \leqslant \theta < \frac{\pi}{2} \\
0, & \text{for } \frac{\pi}{2} < \theta \leqslant \pi
\end{cases}
\]

Expanding \( f(\theta) \) in terms of Legendre polynomials and considering terms up to \( l=3 \):

\[
f(\theta) \approx \sum_{l=0}^{3} B_{l} P_{l}(\cos \theta)
\]

where

\[
\begin{aligned}
B_{l} & =\frac{2l+1}{2} \int_{0}^{\pi} f(\theta) P_{l}(\cos \theta) \sin \theta \, \mathrm{d} \theta \\
& =\frac{(2l+1) \phi_{0}}{2} \int_{0}^{1} P_{l}(x) \, \mathrm{d}x
\end{aligned}
\]

Based on the expressions from the problem for \( P_{0}(x) \sim P_{3}(x) \), we find:

\[
\begin{aligned}
& \int_{0}^{1} P_{0}(x) \, \mathrm{d}x=1 \\
& \int_{0}^{1} P_{1}(x) \, \mathrm{d}x=\frac{1}{2} \\
& \int_{0}^{1} P_{2}(x) \, \mathrm{d}x=0 \\
& \int_{0}^{1} P_{3}(x) \, \mathrm{d}x=-\frac{1}{8}
\end{aligned}
\]

Thus:

\[
\begin{aligned}
B_{0} & =\frac{1}{2} \phi_{0}, & B_{1}=\frac{3}{4} \phi_{0}, \\
B_{2} & =0, & B_{3}=-\frac{7}{16} \phi_{0}
\end{aligned}
\]","\boxed{\frac{1}{2}, \frac{3}{4}, 0, -\frac{7}{16}}",NV,,True,EN,Math Derivation
264,Electromagnetism,Classical Electromagnetism,Magstatics,"In the experiment using the Thomson apparatus to measure the charge-to-mass ratio $e/m$ of an electron, it was found that when the accelerating voltage is sufficiently large, the ratio $e/m$ is only half of its accepted value. Let $e/m_{0} = 1.8 \times 10^{11} \, \mathrm{C} / \mathrm{kg}$. What is the corresponding accelerating voltage when the measured $e/m$ is only half of its accepted value? Let $c = 3 \times 10^{8} \, \mathrm{m} / \mathrm{s}$.","When the accelerating voltage is very large, relativistic effects must be considered. By conservation of energy, we have

$$
e V_{1} + m_{0} c^{2} = m c^{2}
$$

Thus,

$$
V_{1} = \left(\frac{m}{e} - \frac{m_{0}}{e}\right) c^{2}
$$

Because

$$
\frac{e}{m} = \frac{1}{2} \times \frac{e}{m_{0}}
$$

Therefore,

$$
V_{1} = \frac{m_{0} c^{2}}{e} = \frac{9 \times 10^{16}}{1.8 \times 10^{11}} = 5 \times 10^{5} \, (\mathrm{V})
$$",\boxed{5 \times 10^{5}},NV,\mathrm{V},False,EN,Practical Application
265,Electromagnetism,Classical Electromagnetism,Circuit Analysis,"A pulse generator with negligible internal resistance emits a pulse

\[ v_{\mathrm{in}} = \left\{ \begin{array}{ll} 1, & 0 \leq t < 5 \, \mu \mathrm{s} \\ 0, & t < 0, \, t > 5 \, \mu \mathrm{s} \end{array} \right. \]

through a coaxial cable with a characteristic impedance of \(20 \, \Omega\) (lossless). The cable length is equivalent to a delay of \(1 \, \mu \mathrm{s}\), and the other end of the cable is open-circuited. Calculate the terminal reflection coefficient \(K_{\text{terminal}}\).","The cable's internal resistance \(Z_{\mathrm{c}} = 20 \, \Omega\), and the load resistance \(Z_{\mathrm{L}} = \infty\).

The terminal reflection coefficient is given by

\[ K_{\text{terminal}} = \frac{Z_{\mathrm{L}} - Z_{\mathrm{c}}}{Z_{\mathrm{L}} + Z_{\mathrm{c}}} = 1 \]",\boxed{1},NV,,False,EN,Knowledge Recall
268,Electromagnetism,Classical Electromagnetism,Electrostatics,"A conductor sphere with radius $R$ and charge $Q$ is surrounded by a uniform medium with a dielectric constant $\varepsilon$. There is a point charge $q$ located at a distance $a$ from the center of the sphere, where $a > R$. Find the force experienced by the point charge $q$.","The force experienced by the point charge $q$ is

\[
F = -\frac{\mathrm{d} W}{\mathrm{~d} a}=-\frac{1}{4 \pi \varepsilon}\left[\frac{Q q}{a^{2}} - \frac{q^{2} R^{3}\left(2a^{2} - R^{2}\right)}{a^{3}\left(a^{2}-R^{2}\right)^{2}}\right] \tag{3}
\]","\[
\boxed{-\frac{1}{4 \pi}\left[\frac{Q q}{a^{2}} - \frac{q^{2} R^{3}\left(2a^{2} - R^{2}\right)}{a^{3}\left(a^{2}-R^{2}\right)^{2}}\right]}
\]",EX,,False,EN,Math Derivation
272,Electromagnetism,Classical Electromagnetism,Magstatics,"Assume on the axis of a right circular cylinder, the magnetic field is given by

$$
\boldsymbol{B} = B_{0} \left(1 + v z^{2}\right) \boldsymbol{e}_{z}
$$

within the cylinder, the $\theta$ component of $B$ is zero. If the above magnetic field is valid for all radii $r$, what is the current density $\boldsymbol{j}(r, z)$ inside the cylinder?","According to the problem, everywhere:

$$
\begin{aligned}
B_{r}(r, z) &= -v B_{0} r z \\
B_{z}(r, z) &= B_{0} \left(1 + v z^{2}\right) \boldsymbol{e}_{z}
\end{aligned}
$$

Using $\boldsymbol{j} = \frac{1}{\mu_{0}} \nabla \times \boldsymbol{B}$, noting $B_{\theta} = 0, \frac{\partial B_{r}}{\partial \theta} = \frac{\partial B_{z}}{\partial \theta} = 0$, we have:

$$
\begin{aligned}
\boldsymbol{j}(r, z) &= \frac{1}{\mu_{0}}\left[\frac{\partial B_{r}}{\partial z} - \frac{\partial B_{z}}{\partial r}\right] \boldsymbol{e}_{\theta} = \frac{1}{\mu_{0}} \cdot \frac{\partial B_{r}}{\partial z} \boldsymbol{e}_{\theta} \\
&= -\frac{1}{\mu_{0}} v B_{0} r \boldsymbol{e}_{\theta}
\end{aligned}
$$",\boxed{-\frac{1}{\mu_{0}} v B_{0} r \boldsymbol{e}_{\theta}},EX,,False,EN,Laws Application
274,Electromagnetism,Classical Electromagnetism,Magstatics,"A thin spherical shell with a charge of $+q$ uniformly distributed on its surface is restored by returning the removed section to the sphere, causing the sphere to rotate around the $z$-axis at a constant angular velocity $\omega = \omega_0$. Calculate the line integral of the electric field along the $z$-axis from $-\infty$ to $+\infty$.","By symmetry, we know that $\int_{-\infty}^{\infty} E \, \mathrm{d}z = 0$.",\boxed{0},NV,,False,EN,Laws Application
275,Electromagnetism,Classical Electromagnetism,Electrostatics,"Assume that from experiments it has been discovered that the force between two point charges does not follow Coulomb's law, but instead follows the equation

$$
\boldsymbol{F}_{12}=\frac{q_{1} q_{2}}{4 \pi \varepsilon_{0}} \cdot \frac{\left(1-\sqrt{\alpha r_{12}}\right)}{r_{12}^{2}} \boldsymbol{e}_{r}
$$

In this equation, $\alpha$ is a constant. Consider $r_{1}+\Delta$ (where $\Delta$ is a small quantity) as the radius, and repeat (c) to find $\nabla \cdot \boldsymbol{E}$ at a distance $r_{1}$ from the point charge and compare the result with that obtained from Coulomb's law.","By utilizing the result in (c), at $r_{1}+\Delta$, we have

$$
\oint_{S} \boldsymbol{E} \cdot \mathrm{d} \boldsymbol{S}=\frac{q}{\varepsilon_{0}}\left(1-\sqrt{\alpha\left(r_{1}+\Delta\right)}\right)
$$

Taking $r=r_{1}$ and $r=r_{1}+\Delta$ as the radii of the two spherical surfaces forming the closed surface $S^{\prime}$, which encloses a volume $V^{\prime}$, we apply Gauss's theorem:

$$
\oint_{S^{\prime}} \boldsymbol{E} \cdot \mathrm{d} \boldsymbol{S}=\int_{V^{\prime}} \nabla \cdot \boldsymbol{E} \mathrm{d} V
$$

Since $\Delta$ is small, the above equation can be rewritten as

$$
\frac{q}{\varepsilon_{0}}\left[-\sqrt{\alpha\left(r_{1}+\Delta\right)}+\sqrt{\alpha r_{1}}\right]=\left.\frac{4 \pi}{3}\left[\left(r_{1}+\Delta\right)^{3}-r_{1}^{3}\right](\nabla \cdot \boldsymbol{E})\right|_{r=r_{1}}
$$

Given that $\frac{\Delta}{r_{1}} \ll 1$, we can approximate:

$$
\left(1+\frac{\Delta}{r_{1}}\right)^{n}=1+n \frac{\Delta}{r_{1}}
$$

Thus, we have

$$
\nabla \cdot \boldsymbol{E}\left(r=r_{1}\right)=-\frac{\sqrt{\alpha q}}{8 \pi \varepsilon_{0} r_{1}^{5 / 2}}
$$

According to Coulomb's law, the divergence of the electric field induced by a point charge $q$ is given by

$$
\left.\nabla \cdot \boldsymbol{E}(r=r_{1})\right|_{\text{Coulomb's law}}=\frac{q}{\varepsilon_{0}} \delta(r)
$$","\boxed{-\frac{\sqrt{\alpha q}}{8 \pi \varepsilon_{0} r_{1}^{5 / 2}}, \frac{q}{\varepsilon_{0}} \delta(r)}","EX, EX",,True,EN,Math Derivation
280,Electromagnetism,Classical Electromagnetism,Electrostatics,A conductor sphere with a radius of \( R \) and charge \( Q \) is surrounded by a uniform medium with a dielectric constant \( \varepsilon \). There is a point charge \( q \) located at a distance \( a \) (where \( a > R \)) from the center of the sphere. Determine the interaction energy between them.,"The interaction energy is

\[
W = \varphi_{Q} q + \frac{1}{2} \varphi_{q^{\prime} q^{\prime \prime}} q = \frac{1}{4 \pi \varepsilon}\left[\frac{Q q}{a}-\frac{q^{2} R^{3}}{a^{2}\left(a^{2}-R^{2}\right)}\right] \tag{2}
\]","\[
\boxed{\frac{1}{4 \pi \varepsilon}\left[\frac{Q q}{a}-\frac{q^{2} R^{3}}{a^{2}\left(a^{2}-R^{2}\right)}\right]}
\]",EX,,False,EN,Laws Application
282,Electromagnetism,Classical Electromagnetism,Electrostatics,"A stationary charge is distributed within a spherical shell with an inner radius of \( R_{1} \) and an outer radius of \( R_{2} \). The charge density within the shell is given by \( \rho = a + b r \), where \( r \) is the distance from the center to the observation point, and there are no charges elsewhere in space. Derive the expression for the electric field as a function of \( r \) in various regions of space.","Since \( \rho \) is solely a function of \( r \), we can, by symmetry, choose a Gaussian surface \( S \) as a concentric sphere with radius \( r \). According to Gauss's theorem:

\[
\oint_{S} \boldsymbol{E} \cdot \mathrm{~d} \boldsymbol{S} = \frac{1}{\varepsilon_{0}} \int \rho(r) r^{2} \mathrm{~d} r
\]

we obtain:
- When \( r < R_{1} \), \( E_{1} = 0 \).
- When \( R_{1} < r < R_{2} \),

\[
4 \pi r^{2} E_{2} = \frac{4 \pi}{\varepsilon_{0}} \int_{R_{1}}^{r} \left(a + b r^{\prime}\right) r^{\prime 2} \mathrm{~d} r^{\prime}
\]

Thus,

\[
E_{2} = \frac{1}{\varepsilon_{0} r^{3}} \left[\frac{a}{3} \left(r^{3} - R_{1}^{3}\right) + \frac{b}{4} \left(r^{4} - R_{1}^{4}\right)\right] \hat{\boldsymbol{r}}
\]

- When \( r > R_{2} \),

\[
4 \pi r^{2} E_{3} = \frac{4 \pi}{\varepsilon_{0}} \int_{R_{1}}^{R_{2}} \left(a + b r^{\prime}\right) r^{\prime 2} \mathrm{~d} r^{\prime}
\]

\[
E_{3} = \frac{1}{\varepsilon_{0} r^{3}} \left[\frac{a}{3} \left(R_{2}^{3} - R_{1}^{3}\right) + \frac{b}{4} \left(R_{2}^{4} - R_{1}^{4}\right)\right] \hat{\boldsymbol{r}}
\]","\boxed{E_{1}=0, E_{2}=\frac{1}{\varepsilon_{0} r^{3}}\left[\frac{a}{3}\left(r^{3}-R_{1}^{3}\right)+\frac{b}{4}\left(r^{4}-R_{1}^{4}\right)\right], E_{3}=\frac{1}{\varepsilon_{0} r^{3}}\left[\frac{a}{3}\left(R_{2}^{3}-R_{1}^{3}\right)+\frac{b}{4}\left(R_{2}^{4}-R_{1}^{4}\right)\right]}",EX,"\text{None}, \hat{\boldsymbol{r}}, \hat{\boldsymbol{r}}",True,EN,Math Derivation
283,Electromagnetism,Classical Electromagnetism,Electrostatics,A uniformly polarized dielectric sphere with a radius of $a$ has a polarization strength of $\boldsymbol{P}$. Determine the electric field inside the dielectric sphere.,"Consider the microscopic view of dielectric polarization. There are two microscopic mechanisms for polarization: one is the orientation polarization of polar molecules' intrinsic dipole moments; the other is the electronic displacement polarization of non-polar molecules. Let us consider the latter mechanism. Assume that due to electronic displacement, the displacements of the positive and negative charge centers within the dielectric molecule are separated by a distance $\delta l$. As it is uniformly polarized, this amount is the same for each molecule.

Let the number density of molecules be $n$, then the electric dipole moment within a volume element $\delta V$ is given by
$$
\delta p = \sum_{i} p_{i} = n \delta V \cdot e \delta l
$$

Thus, the polarization strength is
\begin{equation*}
\boldsymbol{P} = \frac{\delta \boldsymbol{p}}{\delta V} = e n \delta \boldsymbol{l} \tag{1}
\end{equation*}

According to the polarization model adopted, the polarization is analogous to a slight displacement $\delta l$ between the positive and negative charge centers of each neutral molecule. For uniform polarization of the uniformly polarized dielectric sphere, we can imagine this as an overall displacement $\delta l$ between two oppositely charged homogenous spheres that were originally concentric. By the superposition principle of electrostatic fields, the electric field induced inside the dielectric sphere is the superposition of the electric fields of these two charged spheres. Taking the center of the negative charged sphere as the origin, the center of the positive charged sphere would be at $\delta l$. By using Gauss's law and spherical symmetry, the electric field strengths induced by the two uniformly charged spheres can be easily determined as follows:
\[
\boldsymbol{E}^{(-)} = -\frac{1}{3 \varepsilon_{0}} e n \boldsymbol{r}, \quad |\boldsymbol{r}| < a
\]

\[
\boldsymbol{E}^{(+)} = \frac{1}{3 \varepsilon_{0}} e n \boldsymbol{r}^{\prime}, \quad \left|\boldsymbol{r}^{\prime}\right| < a
\]

where $\boldsymbol{r}^{\prime} = \boldsymbol{r} - \boldsymbol{\delta l}$.

According to the superposition principle of electrostatic fields, the electric field inside the dielectric sphere is
\[
\boldsymbol{E} = \boldsymbol{E}^{(-)} + \boldsymbol{E}^{(+)} = -\frac{1}{3 \varepsilon_{0}} e n \delta l, \quad |r| < a
\]

By substituting Equation (1) into the above expression, we express it in terms of $\boldsymbol{P}$ as follows:
\[
\boldsymbol{E} = -\frac{1}{3 \varepsilon_{0}} \boldsymbol{P}, \quad |\boldsymbol{r}| < a
\]","\boxed{\boldsymbol{E} = -\frac{1}{3} \boldsymbol{P}, |\boldsymbol{r}| < a}","EQ, IN",,True,EN,
285,Electromagnetism,Classical Electromagnetism,Electrostatics,"A straight wire with radius \(a\) carries a linear charge density \(\lambda\). An infinite metal plate is placed at a distance \(b \, (b \gg a)\) in front of this wire, and a second infinitely long straight wire with a charge density of \(-\lambda\) is positioned. Calculate the capacitance per unit length for the system formed between the original wire and the metal plate.","The potential difference between the two wires is given by

\[
V = \varphi(a) - \varphi(2b-a) = \frac{\lambda}{\varepsilon_{0} \pi} \ln \left(\frac{2b-a}{a}\right) \approx \frac{\lambda}{\pi \varepsilon_{0}} \ln \frac{2b}{a}
\]

Therefore, the capacitance per unit length is

\[
C = \frac{\lambda}{V} = \frac{\varepsilon_{0} \pi}{\ln \frac{2b}{a}}
\]","\[
\boxed{\frac{\varepsilon_{0} \pi}{\ln \frac{2b}{a}}}
\]",NV,,False,EN,Laws Application
287,Electromagnetism,Classical Electromagnetism,Electrostatics,"A very long hollow metallic cylinder, with inner and outer radii \( r_{0} \) and \( r_{0}+\Delta r \) \((\Delta r \ll r_{0})\), is uniformly filled with a charge density of \( \rho_{0} \). What is the surface charge density on the inner and outer surfaces of the cylinder? Assume there is no net charge on the metallic cylinder.","The surface charge on the surfaces at \( r=r_{0} \) and \( r=r_{0}+\Delta r \) is as follows:

\[
\begin{gathered}
\sigma\left(r_{0}\right)=\varepsilon_{0}\left[E_{2}\left(r_{0}\right)-E_{1}\left(r_{0}\right)\right] \\
\quad=\varepsilon_{0}\left[0-\frac{\rho_{0} r_{0}}{2 \varepsilon_{0}}\right]=-\frac{\rho_{0} r_{0}}{2}
\end{gathered}
\]

\[
\begin{gathered}
\sigma\left(r_{0}+\Delta r\right)=\varepsilon_{0} E_{2}\left(r_{0}+\Delta r\right) \\
=\frac{\rho_{0} r_{0}^{2}}{2\left(r_{0}+\Delta r\right)}
\end{gathered}
\]","\boxed{-\frac{\rho_{0} r_{0}}{2}, \frac{\rho_{0} r_{0}^{2}}{2}}","NV, NV","\mathrm{C/m^2}, \mathrm{C/m^2}",True,EN,Math Derivation
288,Electromagnetism,Classical Electromagnetism,Electrostatics,"A long coaxial cylindrical capacitor is composed of inner and outer conductors with radii $a$ and $b$. The space between them is filled with a dielectric material where the relative permittivity is $K(r)$, which varies with the distance $r$ from the axis. The capacitor is charged to have a voltage $V$, and it is required to calculate the electric field $E(r)$ under the condition that the energy density within the capacitor remains constant.","The potential difference of the capacitor is given by

$$
V = \int_{a}^{b} E \, \mathrm{d} r = \frac{\lambda}{4 \pi \varepsilon_{0} K}(b^{2} - a^{2})
$$

Therefore,

$$
\lambda = \frac{4 \pi \varepsilon_{0} K V}{b^{2} - a^{2}}
$$

Thus, the electric field is

$$
\boldsymbol{E}(r) = \frac{2 r V}{b^{2} - a^{2}}
$$",\boxed{\boldsymbol{E}(r) = \frac{2 r V}{b^{2} - a^{2}}},EX,,False,EN,Math Derivation
289,Electromagnetism,Classical Electromagnetism,Magstatics,"A thin spherical shell with radius \( R \) carries a uniform surface charge density \( \sigma \). The shell rotates about a diameter with a constant angular velocity \( \omega \). Demonstrate that the magnetic field under these conditions is a uniform field inside the shell and a dipole field outside the shell. Also, calculate the magnitude of the magnetic field.","Referring to Problem 2.39, the magnetic fields inside and outside the sphere are given by

\[
\begin{array}{lr}
\boldsymbol{B}_{1}=\frac{2}{3} \mu_{0} \sigma \omega R \boldsymbol{e}_{z}, & r \leqslant R \\
\boldsymbol{B}_{2}=\frac{\mu_{0}}{3} \sigma R^{3}\left(\frac{3(\boldsymbol{\omega} \cdot \boldsymbol{r}) \boldsymbol{r}}{r^{5}}-\frac{\boldsymbol{\omega}}{r^{3}}\right), & r>R  \tag{5}
\end{array}
\]

From equation (5), it is apparent that the magnitude of the magnetic field inside the sphere is

\begin{equation*}
B_{1}=\frac{2}{3} \mu_{0} \sigma \omega R \tag{6}
\end{equation*}

which is a constant, hence it represents a uniform field. Additionally, as the magnetic field formula for a dipole with magnetic moment \(\boldsymbol{m}\) is \(\frac{\mu_{0}}{4 \pi}\left[\frac{3(\boldsymbol{m} \cdot \boldsymbol{r}) \boldsymbol{r}}{r^{5}}-\frac{\boldsymbol{m}}{r^{3}}\right]\), it follows from equation (5) that the magnetic field outside the sphere corresponds to that of a magnetic dipole with

\begin{equation*}
m=\frac{4 \pi}{3} \sigma R^{4} \omega e_{z} \tag{7}
\end{equation*}

Using \( e_{z}=\cos \theta e_{r}-\sin \theta e_{\theta} \), rewrite equation (5) as

\begin{align*}
& \boldsymbol{B}_{1}=\frac{2}{3} \mu_{0} \sigma \omega R\left(\cos \theta \boldsymbol{e}_{r}-\sin \theta \boldsymbol{e}_{\theta}\right)  \tag{8}\\
& \boldsymbol{B}_{2}=\frac{\mu_{0} \sigma \omega R^{4}}{3 r^{3}}\left(2 \cos \theta \boldsymbol{e}_{r}+\sin \theta \boldsymbol{e}_{\theta}\right) \tag{9}
\end{align*}

It is evident that equations (8) and (9) satisfy the boundary conditions given by equations (1) and (3).",\boxed{\frac{2}{3} \mu_{0} \sigma \omega R},EX,,False,EN,Math Derivation
290,Electromagnetism,Classical Electromagnetism,Electrostatics,A perfectly conducting sphere is placed in a uniform electric field $\boldsymbol{E}_{0}$ directed along the $z$-axis. What is the surface charge density on the sphere?,"The boundary conditions at the surface of the conductor are:

\begin{align*}
& \varphi=\text{constant} \\
& \varepsilon_{0} \frac{\partial \varphi}{\partial r}=-\sigma \tag{1}
\end{align*}

where $\varphi$ is the electric potential outside the sphere, and $\sigma$ is the surface charge density on the sphere. Referencing question 1.74, using the method of separation of variables, we can solve to find:

\begin{equation*}
\varphi=-E_{0} r \cos \theta+\frac{E_{0} a^{3}}{r^{2}} \cos \theta \tag{2}
\end{equation*}

where $a$ is the radius of the conducting sphere. Thus, from equation (1), we obtain:

$$
\sigma=3 \varepsilon_{0} E_{0} \cos \theta
$$",\boxed{3 \varepsilon_{0} E_{0} \cos \theta},EX,,False,EN,Math Derivation
291,Electromagnetism,Classical Electromagnetism,Electrostatics,"A very long hollow metal cylinder, with inner and outer radii \( r_{0} \) and \( r_{0}+\Delta r \left(\Delta r \ll r_{0}\right) \), is uniformly filled with charge of density \( \rho_{0} \). What is the electric field at \( r>r_{0}+\Delta r \)?","Using cylindrical coordinates \( (r, \theta, z) \) and taking \( z \) as the central axis of the system, according to Gauss's law, the electric field at each region can be determined as follows:

\[
r>r_{0}+\Delta r, \quad \boldsymbol{E}_{2}(r)=\frac{\rho_{0} r_{0}^{2}}{2 r \varepsilon_{0}} \boldsymbol{e}_{r}
\]",\(\boxed{\frac{\rho_{0} r_{0}^{2}}{2 r \varepsilon_{0}}}\),EX,,False,EN,Laws Application
292,Electromagnetism,Classical Electromagnetism,Magstatics,"Given the magnetic field distribution in cylindrical coordinates as $B_{z} = B_{0} \left(1 + \alpha r^{2} + \beta z^{2}\right)$, where $B_{0}$, $\alpha$, and $\beta$ are constants, and it satisfies $B_{r} = B_{\phi} = 0$ on the axis $(r=0)$ while $B_{\phi} \equiv 0$. Please determine the current density $\boldsymbol{j}$ within the cylinder.","From the previously determined magnetic field distribution, we can obtain the current density distribution within the cylinder using the differential form of Ampère's circuital law as follows:

$$
\begin{aligned}
\boldsymbol{j} &= \frac{1}{\mu_{0}} \nabla \times \boldsymbol{B} = \frac{1}{\mu_{0}} \left[\frac{\partial B_{r}}{\partial z} - \frac{\partial B_{z}}{\partial r}\right] \boldsymbol{e}_{\phi} \\
&= -\frac{1}{\mu_{0}} B_{0}(\beta + 2 \alpha) \boldsymbol{e}_{\phi}
\end{aligned}
$$

Here, $\boldsymbol{e}_{\phi}$ is the angular unit vector in cylindrical coordinates. From the above result, we know that the current density vector $\boldsymbol{j}$ is directed azimuthally.",\boxed{-\frac{1}{\mu_{0}} B_{0}(\beta + 2 \alpha) \boldsymbol{e}_{\phi}},EX,,False,EN,Laws Application
294,Electromagnetism,Classical Electromagnetism,Electrostatics,A charge is in a condition of stable equilibrium when: neither of the above.,"The answer is (c), because pure electrostatic force alone cannot maintain a charge in stable equilibrium, whereas mechanical forces can provide the constraint for mechanical equilibrium.",\boxed{C},MC,,False,EN,Laws Application
297,Electromagnetism,Classical Electromagnetism,Magstatics,"A long solenoid has a number of turns per unit length equal to \( n \). If the current increases uniformly with time, i.e., \( i = K t \), find the electric field within the solenoid.","(b) According to Maxwell's equations:

\[
\nabla \times \boldsymbol{E} = -\frac{\partial \boldsymbol{B}}{\partial t}, \quad \frac{1}{r}\left[\frac{\partial}{\partial r}\left(r \boldsymbol{E}_{\theta}\right) - \frac{\partial \boldsymbol{E}_{r}}{\partial \theta}\right] = -\mu_{0} n K
\]

Therefore, the electric field within the solenoid is:

\[
\boldsymbol{E} = -\frac{\mu_{0} n K r}{2} \boldsymbol{e}_{\theta}
\]","\[
\boxed{-\frac{\mu_{0} n K r}{2} \boldsymbol{e}_{\theta}}
\]",EX,,False,EN,Laws Application
298,Electromagnetism,Classical Electromagnetism,Electrostatics,"A point charge of magnitude \( q = 2 \, \mu \mathrm{C} \) is placed at a distance \( a = 10 \, \mathrm{cm} \) from an infinite grounded conducting plane. Calculate the work required to slowly move \( q \) to infinity.","The work required to move \( q \) to infinity is given by

\[
\begin{aligned}
W & = \int_{a}^{\infty} F \, \mathrm{d} r = \int_{a}^{\infty} \frac{1}{4 \pi \varepsilon_{0}} \frac{q^{2}}{(2r)^{2}} \, \mathrm{d} r = \frac{q^{2}}{16 \pi \varepsilon_{0} a} \\
& = 0.09 \, \mathrm{J}
\end{aligned}
\]",\boxed{0.09},NV,,False,EN,Laws Application
300,Electromagnetism,Classical Electromagnetism,Electrostatics,"Given a grounded metallic spherical shell with inner radius \( R_1 \) and outer radius \( R_2 \), filled with a uniform volume charge density \( \rho \), find the potential at the center point.","Consider a spherical surface for \( r (< R_1) \), using Gauss's theorem, we obtain

\[
\boldsymbol{E} = \frac{r}{3} \cdot \frac{\rho}{\varepsilon_{0}} \boldsymbol{e}_{r}
\]

Since the spherical shell is grounded, we have \( \varphi(R_1) = 0 \) and \( E = 0 \) for \( r > R_2 \), thus

\[
\varphi(r) = \int_{r}^{R_1} E \, \mathrm{d} r = \frac{\rho}{6 \varepsilon_{0}} \left(R_1^2 - r^2\right)
\]

The potential at the center point is

\[
\varphi(0) = \frac{1}{6 \varepsilon_{0}} \rho R_1^2
\]","\[
\boxed{\frac{\rho R_{1}^{2}}{6 \varepsilon_{0}}}
\]",NV,,False,EN,Laws Application
301,Electromagnetism,Classical Electromagnetism,Electrostatics,"A capacitor is composed of two concentric metallic spheres, with radii of the inner and outer spheres being $a$ and $d$, respectively. The region $a < r < b$ is filled with a dielectric medium having a relative permittivity of $K_{1}$, the region $b < r < c$ is a vacuum, and the outermost region $c < r < d$ is filled with a dielectric medium having a relative permittivity of $K_{2}$. The inner sphere is charged to a potential $V$ with respect to the grounded outer sphere. Calculate the capacitance of the capacitor.","$V = \int_{a}^{d} E \cdot \mathrm{~d} \boldsymbol{r} = \frac{Q}{4 \pi \varepsilon_{0}}\left[\left(\frac{1}{a}-\frac{1}{b}\right) \frac{1}{K_{1}}+\left(\frac{1}{b}-\frac{1}{c}\right)+\left(\frac{1}{c}-\frac{1}{d}\right) \frac{1}{K_{2}}\right]$. Therefore, the charge on the inner sphere is

$$
Q = \frac{4 \pi \varepsilon_{0} K_{1} K_{2} a b c d V}{K_{1} a b(d-c)+K_{1} K_{2} a d(c-b)+K_{2} c d(b-a)}
$$

The capacitance is

$$
C = \frac{Q}{V}=\frac{4 \pi \varepsilon_{0} K_{1} K_{2} a b c d}{K_{1} a b(d-c)+K_{1} K_{2} a d(c-b)+K_{2} c d(b-a)}
$$","\[
\boxed{\frac{4 \pi \varepsilon_{0} K_{1} K_{2} a b c d}{K_{1} a b(d-c)+K_{1} K_{2} a d(c-b)+K_{2} c d(b-a)}}
\]",NV,,False,EN,Math Derivation
303,Electromagnetism,Classical Electromagnetism,Circuit Analysis,"An AC generator with a resistance of \(10 \, \Omega\) and zero reactance is coupled to a \(1000 \, \Omega\) load through an ideal transformer. What should be the turns ratio of the transformer to deliver the maximum power to the load?",The answer is (a).,\boxed{a},MC,,False,EN,Laws Application
304,Electromagnetism,Classical Electromagnetism,Circuit Analysis,A 100-turn secondary coil is also wound around the middle of this solenoid. What is the mutual inductance?,"The total magnetic flux linkage through the secondary coil caused by this current is $\psi^{\prime}=N^{\prime} \phi$. The mutual inductance is given by
$$
M=\frac{\psi^{\prime}}{I}=\frac{N N^{\prime} \mu_{0} S}{l}=2.513 \times 10^{-5} \, (\mathrm{H})
$$",\boxed{2.513 \times 10^{-5}},NV,,False,EN,Knowledge Recall
305,Electromagnetism,Classical Electromagnetism,Magstatics,"An isolated conductor is charged to a potential \( V \), and the sphere rotates about one of its diameters with an angular velocity \( \omega \). Find the magnetic field \(\boldsymbol{B}\) at the center of the sphere.","Referring to Problem 2.42, the magnetic field at the center of the sphere is 

\[
\boldsymbol{B} = \frac{\mu_{0} \omega Q}{6 \pi R} \boldsymbol{e}_{z}
\]

where \( Q \) is the total charge of the sphere and \( R \) is the radius of the sphere, given by

\[
V = \frac{Q}{4 \pi \varepsilon_{0} R}
\]

which yields \( Q = 4 \pi \varepsilon_{0} R V\). Therefore, the final result is

\[
\boldsymbol{B} = \frac{2}{3} \varepsilon_{0} \mu_{0} \omega V
\]",\boxed{\frac{2}{3} \varepsilon_{0} \mu_{0} \omega V},EX,,False,EN,Laws Application
307,Electromagnetism,Classical Electromagnetism,Circuit Analysis,"A steady current of 1 A flows into a secondary coil, and the solenoid is connected to a load of $10^{3} \Omega$. If the aforementioned steady current suddenly stops, how much charge flows through the resistor?","The magnetic flux linkage through the solenoid due to the current $I=1 \, \mathrm{A}$ in the secondary coil is $\psi^{\prime}=M I$. When the current $I$ stops, there will be both mutual inductance electromotive force and self-inductance electromotive force on the solenoid. According to Kirchhoff's law, we have:
$$
-\frac{\mathrm{d} \psi^{\prime}}{\mathrm{d} t}=R i+L \frac{\mathrm{d} i}{\mathrm{d} t}, \quad -\mathrm{d} \psi^{\prime}=R i \mathrm{d} t+L \mathrm{d} i=R \mathrm{d} q+L \mathrm{d} i
$$
Integrating gives:
$$
M I=R q
$$

Thus,
$$
\begin{aligned}
q & =\frac{M I}{R} \\
& =\frac{2.513 \times 10^{-5} \times 1}{10^{3}} \\
& =2.513 \times 10^{-8} \, (\mathrm{C})
\end{aligned}
$$",\boxed{2.513 \times 10^{-8}},NV,,False,EN,Laws Application
308,Electromagnetism,Classical Electromagnetism,Electrostatics,Consider a thin insulating charged circular disk with a radius of $R$ and a surface charge density of $\sigma$. A point charge $+Q$ is placed on the symmetry axis of the disk at a distance $z$ from the disk. Find the force acting on the charge $Q$.,"Assume the point charge $Q$ is located at $(0,0, z)$ on the symmetry axis, then the electric field of the disk at this point is

$$
E = -\frac{\sigma}{2 \varepsilon_{0}} \left( \frac{z}{\sqrt{R^{2} + z^{2}}} - 1 \right)
$$

Thus, the force on the point charge is

$$
F = Q E = \frac{\sigma Q}{2 \varepsilon_{0}} \left(1 - \frac{z}{\sqrt{R^{2} + z^{2}}} \right)
$$

The direction of the force is along the symmetry axis of the disk.",\boxed{\frac{\sigma Q}{2 \varepsilon_{0}} \left(1 - \frac{z}{\sqrt{R^{2} + z^{2}}} \right)},EX,,False,EN,Math Derivation
309,Electromagnetism,Classical Electromagnetism,Magstatics,"A long coaxial cable consists of a solid cylindrical conductor with radius $R_{1}$ and an outer cylindrical conductor shell with radius $R_{2}$. One end of the conductors is connected to a resistor, and the other end is connected to a battery. This setup results in a current $i$ flowing through the conductors and a voltage difference $V$ between them. Ignore the resistance of the cable itself.  
(a) Determine the magnetic field $\boldsymbol{B}$ and the electric field $\boldsymbol{E}$ in the region where $R_{2} > r > R_{1}$.","(a) Using cylindrical coordinates $(r, \theta, z)$ with the $z$-axis aligned with the axis of the cable and the positive $z$ direction corresponding to the direction of the current in the inner conductor, we apply $\oint \boldsymbol{B} \cdot \mathrm{d} \boldsymbol{l} = \mu_{0} i$ and consider the axial symmetry to find

$$
\boldsymbol{B} = \frac{\mu_{0} i}{2 \pi r} \boldsymbol{e}_{\theta}
$$

Using $\oint \boldsymbol{E} \cdot \mathrm{d} \boldsymbol{s} = \frac{Q}{\varepsilon_{0}}$ and considering the axial symmetry, we find

$$
\boldsymbol{E} = \frac{\lambda}{2 \pi \varepsilon_{0} r} \boldsymbol{e}_{r}
$$

Given the voltage $V$ between the conductors, we can determine $\lambda = \frac{2 \pi \varepsilon_{0} V}{\ln \frac{R_{2}}{R_{1}}}$, therefore

$$
\boldsymbol{E} = \frac{V}{r \ln \frac{R_{2}}{R_{1}}} \boldsymbol{e}_{r}
$$","\boxed{\boldsymbol{B} = \frac{\mu_{0} i}{2 \pi r} \boldsymbol{e}_{\theta}, \boldsymbol{E} = \frac{V}{r \ln \frac{R_{2}}{R_{1}}} \boldsymbol{e}_{r}}",EX,,True,EN,Laws Application
310,Electromagnetism,Classical Electromagnetism,Magstatics,"A long non-magnetic cylindrical conductor, with an inner radius of \( a \) and an outer radius of \( b \), carries a steady current \( I \). Find the magnetic field outside the conductor \((r > b)\).","Referring to Problem 2.1, establish a cylindrical coordinate system. The current density in the conductor is

\[
j = \frac{I}{\pi(b^2 - a^2)}
\]

Using axial symmetry and Ampere's circuital theorem, we can easily find: \\
(c) \(\boldsymbol{B}(r) = \frac{\mu_0 I}{2\pi r} \boldsymbol{e}_{\theta}, \quad (r > b)\).",\boxed{\boldsymbol{B}(r) = \frac{\mu_0 I}{2\pi r} \boldsymbol{e}_{\theta}},EX,,False,EN,Laws Application
312,Electromagnetism,Classical Electromagnetism,Magstatics,A magnetic needle in the Earth's magnetic field will experience a torque.,The answer is (c).,\boxed{C},MC,,False,EN,Knowledge Recall
314,Electromagnetism,Classical Electromagnetism,Circuit Analysis,"The impedance of a coaxial transmission line is \(50 \, \Omega\), which suddenly changes to \(100 \, \Omega\) at a certain point. What is the polarity of the returned pulse relative to the initial positive pulse? (a) Zero. (b) Positive. (c) Negative.",The answer is (b).,\boxed{b},MC,,False,EN,Laws Application
317,Electromagnetism,Classical Electromagnetism,Electrostatics,"Two large conductive plates, each with an area of \( A \), are separated by a distance \( d \). The space between the plates is filled with an anisotropic uniform dielectric. The dielectric tensor \( \varepsilon_{ij} \) defines the relationship between the electric displacement vector \(\boldsymbol{D}\) and the electric field \(\boldsymbol{E}\) as \(D_{i}=\sum_{j=1}^{3} \varepsilon_{ij} E_{j}\). The principal axes of the dielectric constant tensor are: Axis 1 (eigenvalue \(\varepsilon_{1}\)) is at an angle \(\theta\) relative to the horizontal direction in the paper plane; Axis 2 (eigenvalue \(\varepsilon_{2}\)) is at an angle \(\frac{\pi}{2}-\theta\) to the horizontal direction in the paper plane; Axis 3 (eigenvalue \(\varepsilon_{3}\)) is perpendicular to the paper plane. Assume the conductive plates are sufficiently large so that edge effects can be ignored. Calculate how the capacitance of the system depends on \( A, d, \varepsilon_{i} \), and \(\theta\).","The potential difference between the left and right plates is

\[
V=\int E_{n} \mathrm{~d} x=\frac{Q_{F} d}{A\left(\varepsilon_{1} \cos ^{2} \theta+\varepsilon_{2} \sin ^{2} \theta\right)}
\]

Thus, the capacitance of the system is

\[
C=\frac{Q_{F}}{V}=\frac{A\left(\varepsilon_{1} \cos ^{2} \theta+\varepsilon_{2} \sin ^{2} \theta\right)}{d}
\]",\boxed{\frac{A\left(\varepsilon_{1} \cos ^{2} \theta+\varepsilon_{2} \sin ^{2} \theta\right)}{d}},EX,,False,EN,Math Derivation
319,Electromagnetism,Classical Electromagnetism,Electrostatics,"There is a negative charge \(-q\) located outside a spherical conductor of radius \(a\), at a distance \(r > a\) from the center of the sphere. How much charge should be given to the sphere to ensure that the surface charge density on the sphere is positive everywhere?","At the point \((0,0,-a^{-})\), the electric field strength is

\[
\boldsymbol{E} = -\frac{q}{4 \pi \varepsilon_{0}}\left[\frac{1}{r a}+\frac{1}{(r+a)^{2}}-\frac{r / a}{(r+a)^{2}}\right] \boldsymbol{e}_{z}
\]

If \(q \rightarrow -q\), then at \((0,0,-a)\) there is the largest negative induced surface charge density. From above, the required \(Q\) is

\[
\begin{aligned}
Q & > -\sigma \cdot 4 \pi a^{2} = -\varepsilon_{0} \cdot 4 \pi a^{2}\left(\frac{-q}{4 \pi \varepsilon_{0}}\right) \cdot\left[\frac{1}{r a}+\frac{1}{(r+a)^{2}}-\frac{r / a}{(r+a)^{2}}\right] \\
& = q\left[\frac{a}{r}+\frac{a^{2}}{(r+a)^{2}}-\frac{a r}{(r+a)^{2}}\right] = \frac{q a^{2}(3 r+a)}{r(r+a)^{2}}
\end{aligned}
\]",\boxed{\frac{q a^{2}(3 r+a)}{r(r+a)^{2}}},NV,,False,EN,Math Derivation
320,Electromagnetism,Classical Electromagnetism,Electrostatics,"Between two concentric conductive spheres with radii $a$ and $b$ ($a<b$), there is a non-uniform dielectric with a dielectric constant

$$
\varepsilon = \frac{\varepsilon_{0}}{1+K r}
$$

where $\varepsilon_{0}$ and $K$ are constants, and $r$ is the radial coordinate. The electric displacement vector is $\boldsymbol{D}(r) = \varepsilon \boldsymbol{E}(r)$. The inner surface has a charge $Q$, while the outer surface is grounded. Calculate the surface polarization charge density at $r=a$ and $r=b$.","(d)

$$
\begin{aligned}
& \sigma_{P} = \frac{Q K}{4 \pi a}, \quad r = a \\
& \sigma_{P} = -\frac{Q K}{4 \pi b}, \quad r = b
\end{aligned}
$$","\boxed{\frac{Q K}{4 \pi a}, -\frac{Q K}{4 \pi b}}","NV, NV","\text{None}, \text{None}",True,EN,Math Derivation
321,Electromagnetism,Classical Electromagnetism,Electrostatics,What is the work required to move a particle with charge \( q \) from infinity to the center of a hollow conductive spherical shell with radius \( R \) and thickness \( t \) (the charge is moved through a small hole in the shell)?,"The work done by an external force should equal the change in the electric field energy of the entire system.

The electrostatic field induced by the point charge \( q \) is given by \( E = \frac{q}{4 \pi \varepsilon_{0} r^2} \), where \( r \) is the distance from \( q \) to any point in space. When the point charge is at infinity, the energy of the field throughout the entire space is

\[
W_1 = \int_{\infty} \frac{\varepsilon_{0}}{2} E^2 \, \mathrm{d} V
\]

At this time, the conductive spherical shell is infinitely far from charge \( q \), so the energy at the conductor is approaching 0.

When the point charge \( q \) is moved to the center of the sphere, the electric field inside the conductor is zero, thus the energy of the electric field throughout the entire space is

\[
W_2 = \int_{\text{entire space}} \frac{\varepsilon_{0}}{2} E^2 \, \mathrm{d} V \equiv \int_{\infty} \frac{\varepsilon_{0}}{2} E^2 \, \mathrm{d} V - \int_{\text{inside the shell}} \frac{\varepsilon_{0}}{2} E^2 \, \mathrm{d} V
\]

Thus, the change in energy is

\[
\begin{aligned}
\Delta W & = W_2 - W_1 = -4 \pi \int_{R}^{R+t} \frac{\varepsilon_{0}}{2} E^2 r^2 \, \mathrm{d} r \\
& = -\frac{q^2}{8 \pi \varepsilon_{0}} \int_{R}^{R+t} \frac{\mathrm{d} r}{r^2} = \frac{q^2}{8 \pi \varepsilon_{0}}\left(\frac{1}{R+t} - \frac{1}{R}\right)
\end{aligned}
\]

This means that the electric energy of the system decreases, and \(\Delta W\) is the numerical value of the negative work done by the external force.",\boxed{\frac{q^2}{8 \pi \varepsilon_{0}}\left(\frac{1}{R+t} - \frac{1}{R}\right)},EX,,False,EN,Math Derivation
322,Electromagnetism,Classical Electromagnetism,Circuit Analysis,The mutual force in the x-direction between two coils carrying currents $i_{1}$ and $i_{2}$ is expressed in terms of mutual inductance $M$ as (b) $i_{1} i_{2}=\frac{\mathrm{d} M}{\mathrm{~d} x}$.,The answer is (b).,\boxed{b},MC,,False,EN,Laws Application
324,Electromagnetism,Classical Electromagnetism,Electrostatics,"For a sphere centered at the origin, a point charge $q$ is placed at its center. Determine the potential distribution inside the sphere, where the potential distribution on the surface of the sphere is given by $\Phi = V_{0} \cos \theta$.","Let the radius of the sphere be $R$. The potential equation is

$$
\nabla^{2} \Phi = -\frac{q}{\varepsilon_{0}} \delta(r), \quad r < R
$$

Using the method of separation of variables, the solution is of the form

$$
\Phi = \frac{q}{4 \pi \varepsilon_{0} r} + \sum_{n=0}^{\infty} A_{n} r^{n} P_{n}(\cos \theta), \quad r < R
$$

Here, the boundary condition at $r = 0$ has been used. Applying the boundary condition at $r = R$ where $\Phi = V_{0} \cos \theta$, the final result is

$$
\Phi = \frac{q}{4 \pi \varepsilon_{0} r} - \frac{q}{4 \pi \varepsilon_{0} R} + \frac{V_{0} \cos \theta}{R} r, \quad r < R
$$",\boxed{\Phi = \frac{q}{4 \pi \varepsilon_{0}} \left( \frac{1}{r} - \frac{1}{R} \right) + \frac{V_{0} \cos \theta}{R} r},EQ,,False,EN,Math Derivation
325,Electromagnetism,Classical Electromagnetism,Magstatics,"There is a long cylindrical iron core composed of thin layers with a radius of \(0.1 \, \text{m}\), uniformly wound with wire. The coil generates a uniform magnetic flux density inside the iron core given by \(B(t) = \frac{1}{\pi} \sin(400t) \, \text{Wb/m}^2\). For \(r < 0.1 \, \text{m}\), find the vector potential \(A(t, r)\) produced by the iron core.","When \(r < 0.1 \, \text{m}\), since

$$
2 \pi r A(t, r) = \pi r^2 B = \pi r^2 \cdot \frac{1}{\pi} \sin(400 t),
$$

therefore

$$
A(t, r) = \frac{r}{2} \sin(400 t) \, (\text{Wb/m}).
$$","\boxed{A(t, r) = \frac{r}{2} \sin (400 t)}",EQ,\text{Wb/m},False,EN,Practical Application
326,Electromagnetism,Classical Electromagnetism,Electrostatics,"An electric dipole with dipole moment $\boldsymbol{P}$ is assumed to be fixed along the $z$-axis at position $z_0$, and its orientation forms an angle $\theta$ with the $z$-axis (i.e., $\boldsymbol{P} \cdot \boldsymbol{e}_z = |\boldsymbol{P}| \cos \theta$). Suppose the $xy$ plane is a conductor with zero potential. Determine the electric potential at the point in space $\boldsymbol{r}(x, y, z)$.","As shown in Figure 1.103, the electric dipole is

$$
\boldsymbol{P} = P(\sin \theta, 0, \cos \theta)
$$

$$
<image 1>
$$

The image dipole is

$$
\boldsymbol{P}' = P(-\sin \theta, 0, \cos \theta)
$$

For the region $z > 0$, the electric potential at the point in space $\boldsymbol{r}(x, y, z)$ is

$$
\varphi(\boldsymbol{r}) = \frac{1}{4 \pi \varepsilon_0} \left[ \frac{P\left[x \sin \theta + \left(z - z_0\right) \cos \theta\right]}{\left[x^2 + y^2 + \left(z - z_0\right)^2\right]^{3/2}} + \frac{P\left[-x \sin \theta + \left(z + z_0\right) \cos \theta\right]}{\left[x^2 + y^2 + \left(z + z_0\right)^2\right]^{3/2}} \right]
$$",\boxed{\varphi(\boldsymbol{r}) = \frac{1}{4 \pi \varepsilon_0} \left[ \frac{P\left[x \sin \theta + \left(z - z_0\right) \cos \theta\right]}{\left[x^2 + y^2 + \left(z - z_0\right)^2\right]^{3/2}} + \frac{P\left[-x \sin \theta + \left(z + z_0\right) \cos \theta\right]}{\left[x^2 + y^2 + \left(z + z_0\right)^2\right]^{3/2}} \right]},EX,\text{V},False,EN,Laws Application
327,Electromagnetism,Classical Electromagnetism,Magstatics,"At the initial moment, a small circular loop with a radius of \( r_{1} \) is coplanar and concentric with a large circular loop of radius \( r_{2} \left( r_{2} \gg r_{1} \right) \). A steady current \( I \) flows through the large loop. The small loop rotates uniformly at an angular velocity \( \omega \) around one of its diameters. Assume the resistance of the small loop is \( R \). Find the external torque required to make the small loop rotate at a constant angular speed.","The magnetic torque experienced by the rotating small loop is given by

\[
\begin{aligned}
\tau & = |\boldsymbol{m} \times \boldsymbol{B}| = \pi r_{1}^{2} i B \sin \omega t = \pi r_{1}^{2} i \cdot \frac{\mu_{0} I}{2 r_{2}} \sin \omega t \\
& = \frac{\mu_{0}^{2} \pi^{2} I^{2} \omega r_{1}^{4} \sin^{2} \omega t}{4 R r_{2}^{2}}
\end{aligned}
\]

where \(\boldsymbol{m}\) is the magnetic moment of the small loop. For the small loop to rotate uniformly, the external torque \(\boldsymbol{\tau}_{\text{ext}}\) must balance the magnetic torque \(\boldsymbol{\tau}\), i.e., \(\boldsymbol{\tau}_{\text{ext}} = \boldsymbol{\tau}\).",\boxed{\frac{\mu_{0}^{2} \pi^{2} I^{2} \omega r_{1}^{4} \sin^{2} \omega t}{4 R r_{2}^{2}}},EX,,False,EN,Math Derivation
328,Electromagnetism,Classical Electromagnetism,Magstatics,"In the coordinate system \( S \), there is a uniform electromagnetic field
\[
\boldsymbol{E}=3 A \hat{x}, \quad \boldsymbol{B}=5 A \hat{z}
\]
An ion with a rest mass \( m_0 \) and charge \( q \) is released from rest at the point \( (0, b, 0) \). Find the expression for the velocity component in the \( y \)-direction.","Integrating the \( y \)-component of the Lorentz force equation \( m \ddot{\boldsymbol{v}} = q(\boldsymbol{E} + \dot{\boldsymbol{v}} \times \boldsymbol{B}) \), considering \(\left.x\right|_{t=0}=0,\left.\dot{y}\right|_{t=0}=0\), gives

\[
m_{0} \ddot{y} = -5 A q \dot{x}  \tag{2}
\]

Integrating equation (2), we obtain

\[
\dot{y} = -\frac{5 A q}{m_{0}} x \tag{4}
\]",\boxed{\dot{y} = -\frac{5 A q}{m_{0}} x},EX,,False,EN,Math Derivation
329,Electromagnetism,Classical Electromagnetism,Electrostatics,An electric dipole with a dipole moment $\boldsymbol{p}$ is located at the center of a grounded conducting spherical cavity with radius $R$. The space outside the sphere is a vacuum. Determine the charge distribution on the inner surface of the conductive spherical cavity.,"As shown in Diagram 1.100, let's take $\boldsymbol{p}$ along the $z$-axis and set $p = q l, (l \ll R)$. The magnitude and position of the image charges of charges $q$ and $-q$ are $q_{+}^{\prime} = -\frac{2 q R}{l}, a_{+}^{\prime} = \frac{2 R^{2}}{l}$ and $q_{-}^{\prime} = \frac{2 q R}{l}, a_{-}^{\prime} = -\frac{2 R^{2}}{l}$, respectively. The potential at any point inside the sphere is

\[
\varphi = \frac{1}{4 \pi \varepsilon_{0}}\left(\frac{q}{\left|\boldsymbol{r} - \frac{1}{2} \boldsymbol{l}\right|} - \frac{q}{\left|\boldsymbol{r}+\frac{1}{2} \boldsymbol{l}\right|} + \frac{q_{+}^{\prime}}{\left|\boldsymbol{r}-\boldsymbol{a}_{+}^{\prime}\right|} + \frac{q_{-}^{\prime}}{\left|\boldsymbol{r}-\boldsymbol{a}_{-}^{\prime}\right|}\right)
\]

Considering $l / R \ll 1$ and knowing the potential on the sphere's surface is zero, we finally obtain

\[
\varphi = \frac{1}{4 \pi \varepsilon_{0}}\left(\frac{q l}{R^{3}} r \cos \theta - \frac{q l}{r^{2}} \cos \theta\right) = \frac{\boldsymbol{p} \cdot \boldsymbol{r}}{4 \pi \varepsilon_{0} R^{3}}\left(1-\frac{R^{3}}{r^{3}}\right)
\]

The charge distribution on the inner surface of the cavity is

\[
\sigma(R, \theta) = -\left.\varepsilon_{0} \frac{\partial \varphi}{\partial r}\right|_{r=R} = -\frac{3|\boldsymbol{p}| \cos \theta}{4 \pi R^{3}}
\]

$$
<image 1>
$$
\end{center}","\(\boxed{\sigma(R, \theta) = -\frac{3|\boldsymbol{p}| \cos \theta}{4 \pi R^{3}}}\)",EX,,False,EN,Math Derivation
331,Electromagnetism,Classical Electromagnetism,Circuit Analysis,The mutual force in the x-direction between two coils carrying currents $i_{1}$ and $i_{2}$ is represented by the mutual inductance $M$ as (c) $i_{1} i_{2} = \frac{\mathrm{d}^{2} M}{\mathrm{~d} x^{2}}$.,The answer is (b).,\boxed{b},MC,,False,EN,Laws Application
332,Electromagnetism,Classical Electromagnetism,Magstatics,"The capacitor, consisting of two circular plates with a radius of \( R \) and a spacing of \( d \ll R \), is filled with a dielectric material with a relative permittivity \( K_{e} \). The capacitor is subjected to a time-varying voltage \( V=V_{0} \cos \omega t \). Calculate the electric flux entering through the side of the capacitor.","(c) The energy flow density at \( r=R \) is given by
\[
\boldsymbol{S}=\left.\frac{1}{\mu_{0}}(\boldsymbol{E} \times \boldsymbol{B})\right|_{r=R} = -\frac{K_{e} \varepsilon_{0} \omega V_{0}^{2} R}{2 d^{2}} \sin \omega t \cos \omega t \boldsymbol{e}_{r}
\]
Hence, the electric flux through the side of the capacitor (considered as the lateral surface of a cylinder with height \( d \) and radius \( R \)) is
\[
\Phi = 2 \pi R d S = \frac{\pi K_{e} \varepsilon_{0} \omega V_{0}^{2} R^{2} \sin 2 \omega t}{2 d}
\]","\[
\boxed{\frac{\pi K_{e} \varepsilon_{0} \omega V_{0}^{2} R^{2} \sin 2 \omega t}{2 d}}
\]",NV,,False,EN,Practical Application
334,Electromagnetism,Classical Electromagnetism,Magstatics,"There are two coaxial coils with radii $a$ and $b$, separated by a distance $x$, carrying currents $i_{a}$ and $i_{b}$, respectively. Assume $a \gg b$. Calculate the interaction force between the two coils.","Consider the small coil with radius $b$ as a dipole, with its magnetic moment given by $m_{b}=\pi b^{2} i_{b}$. Therefore, the force on the small coil is

$$
F=m_{b}\left|\frac{\partial B_{a}}{\partial x}\right|=\frac{\pi \mu_{0} a^{2} b^{2} i_{a} i_{b}}{2} \frac{3 x}{\left(a^{2}+x^{2}\right)^{5 / 2}}
$$

If the currents in the two coils are in the same direction, the force is attractive; otherwise, it is repulsive.",\boxed{\frac{\pi \mu_{0} a^{2} b^{2} i_{a} i_{b}}{2} \frac{3 x}{\left(a^{2}+x^{2}\right)^{5 / 2}}},NV,,False,EN,Math Derivation
335,Electromagnetism,Classical Electromagnetism,Electrostatics,"A long hollow metal cylinder with inner and outer radii of \( r_{0} \) and \( r_{0}+\Delta r \left(\Delta r \ll r_{0}\right) \), is uniformly filled with charge of density \( \rho_{0} \). What is the electric field at a location where \( r_{0}+\Delta r>r>r_{0} \)?","Using a cylindrical coordinate system \( (r, \theta, z) \), with \( z \) as the central axis of the system, and applying Gauss's theorem, we can find the field strength in the following region:

\[
r_{0}<r<r_{0}+\Delta r, \quad \boldsymbol{E}_{3}(r)=0
\]",\boxed{0},NV,,False,EN,Laws Application
336,Electromagnetism,Classical Electromagnetism,Electrostatics,"A conductor can be charged by repeatedly contacting a metal plate, and each time the metal plate is touched by the conductor, it is recharged with charge $Q_{0}$. If the charge on the conductor after the first contact with the metal plate is $q$, what is the charge on the conductor in the end?","Let the capacitances of the metal plate and the conductor be $C_{1}$ and $C_{2}$, respectively. When the metal plate is charged with $Q$, its potential is $U^{*}$. Thus, we have $Q = C_{1} U^{*}$. After the metal plate is in contact with the conductor, the charge moves to the conductor of lower potential, and upon reaching equilibrium, the charge on the conductor is $q$. By the conservation of charge, the remaining charge on the metal plate is $Q-q$. The potentials of the metal plate and the conductor are given by

$$
U_{1} = \frac{Q-q}{C_{1}}, \quad U_{2} = \frac{q}{C_{2}}
$$

With the condition $U_{1} = U_{2} < U^{*}$.

After removing the conductor, the metal plate is recharged to $Q$, with a potential of $U^{*}$, where $U^{*} > U_{2}$. Thus, when the conductor contacts the metal plate again, the charge on the plate continues to move to the conductor. Once the conductor is removed, the metal plate is recharged to $Q$, and the process repeats. The charge on the conductor continues to increase until it reaches a value $q^{*}$, such that its potential equals the potential of the metal plate charged to $Q$, $U^{*}$. Therefore, the final charge on the conductor is

$$
\begin{aligned}
q^{*} &= C_{2} U^{*} = C_{2} \frac{Q}{C_{1}} \\
&= Q \frac{\frac{q}{U_{2}}}{\frac{Q-q}{U_{1}}} = \frac{Q q}{Q-q}
\end{aligned}
$$",\boxed{\frac{Q q}{Q-q}},EX,,False,EN,Math Derivation
339,Electromagnetism,Classical Electromagnetism,Magstatics,"There is a curved magnet with poles located at $x= \pm x_{0}$. It produces a magnetic field on the central plane that depends only on $z$, i.e., $B_{x}=B_{x}(z)$, with the origin of the coordinates set at the center of the gap between the poles. What other component of the magnetic field must exist outside the central plane?","Since there is no current between the poles, $\nabla \times B=0$. This implies

$$
\frac{\partial B_{x}}{\partial z}-\frac{\partial B_{z}}{\partial x}=0
$$

Thus, there must exist a $B_{z}$ component outside the central plane.",\boxed{B_{z}},EX,,False,EN,Laws Application
341,Electromagnetism,Classical Electromagnetism,Electrostatics,"A straight wire with radius $a$ carries a linear charge density $\lambda$, and the electric potential at a distance $r$ from the wire is given by $\frac{\lambda}{2 \pi \varepsilon_{0}} \ln \frac{1}{r} + \text{constant}$. Suppose in a system composed of the wire and an infinitely large metal plate, to ensure the potential of the metal plate is 0, an infinitely long straight wire with a charge density of $-\lambda$ is placed symmetrically on the other side of the metal plate. Find the potential difference between the two wires.","Assume that the potential at a point between the two wires, at a distance $r$ from the original wire (and at a distance $2b-r$ from the image wire), is $\varphi(r)$. According to the problem statement, we have

$$
\varphi(r) = \frac{\lambda}{2 \pi \varepsilon_{0}} \ln \frac{1}{r} - \frac{\lambda}{2 \pi \varepsilon_{0}} \ln \frac{1}{2b-r}
$$

The potential difference between the two wires should be

$$
V = \varphi(a) - \varphi(2b-a) = \frac{\lambda}{\varepsilon_{0} \pi} \ln \left(\frac{2b-a}{a}\right) \approx \frac{\lambda}{\pi \varepsilon_{0}} \ln \frac{2b}{a}
$$",\boxed{\frac{\lambda}{\pi \varepsilon_{0}} \ln \frac{2b}{a}},NV,,False,EN,Math Derivation
342,Electromagnetism,Classical Electromagnetism,Electrostatics,"In a three-dimensional space, the region where \( z > 0 \) is filled with a linear dielectric with a dielectric constant of \( \varepsilon_{1} \), and the region where \( z < 0 \) is filled with a medium of dielectric constant \( \varepsilon_{2} \). A charge \(-q\) is fixed at the point \( (x, y, z) = (0,0,a) \), and a charge \( q \) is at the point \( (0,0,-a) \). What magnitude of force is required to keep the charge \(-q\) stationary?","When both \( q_{1} \) and \( q_{2} \) are present, the force on \( q_{1} \) should be the combined effect of \( q_{1}^{\prime} \), \( q_{2}^{\prime\prime} \), and \( q_{2} \):

$$
\begin{aligned}
F & = \frac{q_{1}}{4 \pi} \left[ \frac{q_{2}}{\varepsilon_{2} (2a)^{2}} + \frac{q_{1}^{\prime}}{\varepsilon_{0} (2a)^{2}} + \frac{q_{2}^{\prime\prime}}{\varepsilon_{0} (2a)^{2}} \right] \\
& = \frac{1}{16 \pi a^{2}} \left[ \frac{\varepsilon_{1}}{\varepsilon_{1}} \cdot \frac{\varepsilon_{1}-\varepsilon_{2}}{\varepsilon_{1}+\varepsilon_{2}} q_{1}^{2} + \frac{1}{\varepsilon_{2}} \left( 1 + \frac{\varepsilon_{2}-\varepsilon_{1}}{\varepsilon_{2}+\varepsilon_{1}} \right) q_{1} q_{2} \right]
\end{aligned}
$$

Returning to this problem, for \( q_{1} = -q \) and \( q_{2} = +q \), we have:

$$
F = \frac{1}{16 \pi a^{2}} \left[ \frac{\varepsilon_{1}}{\varepsilon_{1}} \cdot \frac{\varepsilon_{1}-\varepsilon_{2}}{\varepsilon_{1}+\varepsilon_{2}} q^{2} - \frac{2}{\varepsilon_{1}+\varepsilon_{2}} q^{2} \right] = -\frac{q^{2}}{16 \pi a^{2} \varepsilon_{1}}
$$

Therefore, to keep \(-q\) stationary, a force of \(-F\) must be applied to it.",\boxed{\frac{q^{2}}{16 \pi a^{2} \varepsilon_{1}}},NV,,False,EN,Laws Application
343,Electromagnetism,Classical Electromagnetism,Electrostatics,"In a three-dimensional space with the region $z>0$ filled with a linear dielectric medium with dielectric constant $\varepsilon_{1}$, and the region $z<0$ filled with a medium of $\varepsilon_{2}$. Suppose there is a point charge $q_{1}$ located at the point $(0,0,a)$. Using the method of images, determine the image charges $q_{1}^{\prime}$ and $q_{1}^{\prime \prime}$ for this configuration.","We consider a point charge $q_{1}$ located at $(0,0,a)$. Using the method of images, its image charges are $q_{1}^{\prime}$ located at $(0,0,-a)$, and $q_{1}^{\prime \prime}$ located at $(0,0,a)$. Note that the potential fields in each region are excited by the charge $q_{1}$ and polarization charges (including those around $q_{1}$ and on the interface). Therefore, the potentials in the two regions are given by:

$$
\begin{array}{ll}
\varphi_{1}=\frac{q_{1}}{4 \pi \varepsilon_{1} r_{1}} + \frac{q_{1}^{\prime}}{4 \pi \varepsilon_{0} r_{2}}, & z>0 \\
\varphi_{2}=\frac{q_{1}}{4 \pi \varepsilon_{1} r_{1}} + \frac{q_{1}^{\prime \prime}}{4 \pi \varepsilon_{0} r_{1}}, & z<0
\end{array}
$$

where

$$
r_{1}=\sqrt{x^{2}+y^{2}+(z-a)^{2}}, \quad r_{2}=\sqrt{x^{2}+y^{2}+(z+a)^{2}}
$$

Using the boundary conditions

$$
\varphi_{1}=\varphi_{2}, \quad \varepsilon_{1} \frac{\partial \varphi_{1}}{\partial z} = \varepsilon_{2} \frac{\partial \varphi_{2}}{\partial z}, \quad z=0
$$

we obtain

$$
q_{1}^{\prime}=\frac{\varepsilon_{2}}{\varepsilon_{1}} \cdot \frac{\varepsilon_{1}-\varepsilon_{2}}{\varepsilon_{1}+\varepsilon_{2}} q_{1}, \quad q_{1}^{\prime \prime}=q_{1}
$$","\boxed{q_{1}^{\prime}=\frac{\varepsilon_{2}}{\varepsilon_{1}} \cdot \frac{\varepsilon_{1}-\varepsilon_{2}}{\varepsilon_{1}+\varepsilon_{2}} q_{1}, q_{1}^{\prime \prime}=q_{1}}","EX, EX","None, None",True,EN,Math Derivation
344,Electromagnetism,Classical Electromagnetism,Magstatics,"There is a long cylindrical iron core made of thin layers, with a radius of \(0.1 \, \text{m}\), uniformly wound with wire. The coil inside the iron core generates a uniform magnetic flux density \(B(t)=\frac{1}{\pi} \sin (400t) \, \text{Wb/m}^2\). Find the magnetic field \(B(t, r)\) produced by the iron core for \(r>0.1 \, \text{m}\).","For \(r>0.1 \, \text{m}\), the magnetic field produced by the iron core is zero. (Of course, more precisely, outside the coil there is a very small magnetic field tangent to the circle drawn in part (b), with magnitude \(\frac{\mu_{0} I}{2 \pi r}\), where \(I\) is the component of the current strength in the coil that is parallel to the axis of the iron core. This is usually very small and can be neglected.)",\boxed{0},NV,,False,EN,Laws Application
345,Electromagnetism,Classical Electromagnetism,Magstatics,"At the initial moment, a small circular loop with a radius of \( r_{1} \) and a large circular loop with a radius of \( r_{2} \left( r_{2} \gg r_{1} \right) \) are coplanar and concentric. A steady current \( I \) flows through the large loop. The small loop rotates uniformly with an angular velocity \( \omega \) about one of its diameters. Assume the resistance of the small loop is \( R \). Find the induced electromotive force (emf) in the large loop.","The mutual inductance between the two loops is calculated as \( M = \frac{\mu_{0} \pi r_{1}^{2} \cos \omega t}{2 r_{2}} \). Thus, the induced electromotive force in the large loop is

\[
\varepsilon_{i}(2) = -\frac{\mathrm{d}}{\mathrm{d} t}(Mi) = -\frac{\mu_{0}^{2} \pi^{2} r_{1}^{4} \omega^{2} I \cos 2 \omega t}{4 r_{2}^{2} R}
\]

The induced electromotive force in the large loop is caused by the change in current in the small loop, consistent with the calculation through the mutual inductance coefficient.",\boxed{-\frac{\mu_{0}^{2} \pi^{2} r_{1}^{4} \omega^{2} I \cos 2 \omega t}{4 r_{2}^{2} R}},NV,,False,EN,Math Derivation
346,Electromagnetism,Classical Electromagnetism,Magstatics,"An isolated conductor is charged to a potential \( V \), and the sphere rotates about its diameter with an angular velocity \( \omega \). Find the magnetic moment of the rotating sphere.","Referring to problem 2.39, the magnetic moment of the sphere is

\[
m = \frac{4 \pi}{3} R^{4} \sigma \omega \boldsymbol{e}_{z}
\]

\(\sigma\) is the surface charge density, given by

\[
\sigma = \frac{Q}{4 \pi R^{2}} = \frac{\varepsilon_{0} V}{R}
\]

Thus, finally, we obtain

\[
m = \frac{4}{3} \pi \varepsilon_{0} R^{3} \omega V \boldsymbol{e}_{z}
\]",\boxed{\frac{4}{3} \pi \varepsilon_{0} R^{3} \omega V \boldsymbol{e}_{z}},EX,,False,EN,Laws Application
347,Electromagnetism,Classical Electromagnetism,Magstatics,"In the coordinate system \( S \), there is a uniform electromagnetic field
\[
\boldsymbol{E}=3 A \hat{x}, \quad \boldsymbol{B}=5 A \hat{z}
\]
An ion with a rest mass \( m_0 \) and charge \( q \) is released from rest at the point \( (0, b, 0) \). Find the time needed for the ion to return to the \( y \)-axis.","Substitute \( \dot{y} = -\frac{5 A q}{m_{0}} x \) into the Lorentz force formula for the \( x \)-component \( m \ddot{\boldsymbol{v}} = q(\boldsymbol{E} + \dot{\boldsymbol{v}} \times \boldsymbol{B}) \):

\[
m_{0} \ddot{x} = 3 A q + 5 A q \dot{y}  \tag{1}
\]

We have

\[
\ddot{x} + \left(\frac{5 A q}{m_{0}}\right)^{2}\left(x - \frac{3 m_{0}}{25 A q}\right) = 0
\]

Since \(\left.\dot{x}\right|_{t=0}=0\), the solution is

\[
x = \frac{3 m_{0}}{25 A q}(1 - \cos \omega t), \quad \omega = \frac{5 A q}{m_{0}}
\]

It is evident that when \(t = \frac{2 n \pi}{\omega}\), \(x = 0\). Choosing \(n=1\), we get

\[
t = \frac{2 \pi}{\omega} = \frac{2 \pi m_{0}}{5 A q}
\]

This is the time required for the ion to return to the \( y \)-axis.","\[
\boxed{\frac{2 \pi m_{0}}{5 A q}}
\]",NV,,False,EN,Math Derivation
348,Electromagnetism,Classical Electromagnetism,Magstatics,"A particle is moving in a circular orbit, with its charge, mass, and angular momentum given as $q, m, L$. Taking the axis of symmetry of the circle as the $z$-axis, with the origin at the center of symmetry, set up a coordinate system. Find the steady component of the magnetic field at a distance much larger than the size of the circle.","Let the charge, mass, and angular momentum of the particle be $q, m, L$ respectively. Since the problem asks for the steady component of the field, the excitation source can be treated as a steady current loop. The vector potential is

$$
\begin{aligned}
\boldsymbol{A}(\boldsymbol{R}) & =\frac{\mu_{0}}{4 \pi} \int \frac{J\left(r^{\prime}\right)}{r} \mathrm{~d} V^{\prime} \\
& =\frac{\mu_{0}}{4 \pi} \int J\left(r^{\prime}\right)\left(\frac{1}{R}-\boldsymbol{r}^{\prime} \cdot \nabla \frac{1}{R}\right) \mathrm{d} V^{\prime}
\end{aligned}
$$

$$
\begin{aligned}
& = \frac{\mu_{0}}{4 \pi} \left(\frac{I}{2} \oint \boldsymbol{r}^{\prime} \cdot \mathrm{d} \boldsymbol{r}^{\prime}\right) \times \frac{\boldsymbol{R}}{R^{3}} \\
& = \frac{\mu_{0}}{4 \pi} I \cdot \pi r^{2} \boldsymbol{e}_{z} \times \frac{\boldsymbol{R}}{R^{3}} = \frac{\mu_{0} q}{8 \pi m} \boldsymbol{L} \times \frac{\boldsymbol{R}}{R^{3}}
\end{aligned}
$$

$R$ is the position vector of the observation point from the origin. From $B=\nabla \times \boldsymbol{A}$, we get

$$
\begin{aligned}
\boldsymbol{B} & = \frac{\mu_{0} q}{8 \pi m} \nabla \times \left(\boldsymbol{L} \times \frac{\boldsymbol{R}}{R^{3}}\right) = -\frac{\mu_{0} q}{8 \pi m}(\boldsymbol{L} \cdot \nabla) \frac{\boldsymbol{R}}{R^{3}} \\
& = \frac{\mu_{0} q L}{8 \pi m}\left(\frac{3 \cos \theta}{R^{3}} \boldsymbol{e}_{R} - \frac{\boldsymbol{e}_{z}}{R^{3}}\right) = \frac{\mu_{0} q L}{8 \pi m R^{3}}\left(3 \cos \theta \boldsymbol{e}_{R} - \boldsymbol{e}_{z}\right)
\end{aligned}
$$","\[
\boxed{\frac{\mu_{0} q L}{8 \pi m R^{3}}\left(3 \cos \theta \boldsymbol{e}_{R} - \boldsymbol{e}_{z}\right)}
\]",EX,,False,EN,Math Derivation
350,Electromagnetism,Classical Electromagnetism,Electrostatics,"A capacitor is composed of two concentric metal spheres with radii $a$ and $d$ for the inner and outer spheres, respectively. The region $a < r < b$ is filled with a dielectric with relative permittivity $K_{1}$, the region $b < r < c$ is vacuum, and the outermost region $c < r < d$ is filled with a dielectric with relative permittivity $K_{2}$. The inner sphere is charged to a potential $V$ relative to the grounded outer sphere. Calculate the polarization charge at $r = a, r = b, r = c$, and $r = d$.","From the formula $\sigma_{P} = \boldsymbol{n} \cdot\left(\boldsymbol{P}_{1}-\boldsymbol{P}_{2}\right)$ we have

$$
\boldsymbol{P} = \varepsilon_{0}(K-1) \boldsymbol{E}
$$

The polarization charge density can be obtained as follows:
At $r=a$

$$
\sigma_{P} = \frac{Q}{4 \pi a^{2}} \cdot \frac{1-K_{1}}{K_{1}}
$$

At $r=b$

$$
\sigma_{P} = \frac{Q}{4 \pi b^{2}} \cdot \frac{K_{1}-1}{K_{1}}
$$

At $r=c$

$$
\sigma_{P} = \frac{Q}{4 \pi c^{2}} \cdot \frac{1-K_{2}}{K_{2}}
$$

At $r=d$

$$
\sigma_{P} = \frac{Q}{4 \pi d^{2}} \cdot \frac{K_{2}-1}{K_{2}}
$$","\boxed{\frac{Q}{4 \pi a^{2}} \cdot \frac{1-K_{1}}{K_{1}}, \frac{Q}{4 \pi b^{2}} \cdot \frac{K_{1}-1}{K_{1}}, \frac{Q}{4 \pi c^{2}} \cdot \frac{1-K_{2}}{K_{2}}, \frac{Q}{4 \pi d^{2}} \cdot \frac{K_{2}-1}{K_{2}}}","EX, EX, EX, EX","\text{C/m}^2, \text{C/m}^2, \text{C/m}^2, \text{C/m}^2",True,EN,Laws Application
352,Electromagnetism,Classical Electromagnetism,Electrostatics,"A capacitor consists of two concentric spherical conducting shells with radii $a, b$ $(a > b)$. The outer shell is grounded, and the inner shell carries a charge $Q$. Find the electrostatic energy of the capacitor and calculate the change in the electrostatic energy when the outer shell is shrunk to $a^{\prime}$.","The electrostatic energy of the capacitor is

$$
W = \frac{1}{2} Q V = \frac{Q^{2}}{8 \pi \varepsilon_{0}} \left(\frac{1}{b} - \frac{1}{a}\right)
$$

Therefore,

$$
\Delta W = \frac{Q^{2}}{8 \pi \varepsilon_{0}} \left(\frac{1}{a^{\prime}} - \frac{1}{a}\right)
$$","\boxed{\frac{Q^{2}}{8 \pi \varepsilon_{0}} \left(\frac{1}{b} - \frac{1}{a}\right), \frac{Q^{2}}{8 \pi \varepsilon_{0}} \left(\frac{1}{a^{\prime}} - \frac{1}{a}\right)}","EX, EX","\text{J}, \text{J}",True,EN,Math Derivation
354,Electromagnetism,Classical Electromagnetism,Electrostatics,"For a circular disk with radius $a$, it is known that its charge is $Q$, and its axially symmetric electric quadrupole moment has been previously determined. Find the electric potential distribution of this charged body at a distant point.","The potential at a distant point is

\[
\begin{align*}
\varphi & \approx \varphi^{(0)}+\varphi^{(2)}=\frac{1}{4 \pi \varepsilon_{0}} \cdot \frac{Q}{R}+\frac{1}{24 \pi \varepsilon_{0}} \sum D_{ij} \frac{\partial^{2}}{\partial x_{i} \partial x_{j}} \cdot \frac{1}{R} \\
& =\frac{k a^{3}}{6 \varepsilon_{0} R}+\frac{k a^{5}}{40 \varepsilon_{0} R^{3}}\left(1-3 \cos^{2} \theta\right) \tag{3}
\end{align*}
\]",\boxed{\frac{k a^{3}}{6 \varepsilon_{0} R}+\frac{k a^{5}}{40 \varepsilon_{0} R^{3}}\left(1-3 \cos^{2} \theta\right)},EX,,False,EN,Math Derivation
356,Electromagnetism,Classical Electromagnetism,Electrostatics,"Two equal charges \(+Q\) are separated by a distance \(2d\), and there is a sphere with the same diameter as in (a) possessing a potential \(V\). What is the force on each charge?","When the conducting sphere has a potential \(V\), the external potential of the sphere increases by

\[ 
\phi = \frac{V r_{0}}{r} \approx \frac{V d}{8 r}, 
\]

where \(r\) is the distance from the point in space to the center of the sphere. This results in an additional electric field

\[ 
\boldsymbol{E} = -\nabla \phi = \frac{V d}{8 r^{2}} \boldsymbol{e}_{r}. 
\]

Hence, the force on each charge \(+Q\) is

\[ 
F = Q E = \frac{Q V}{8 d}. 
\]

The direction of the force is outward along the line from the center of the sphere to the charge.",\boxed{\frac{Q V}{8 d}},NV,,False,EN,Laws Application
357,Electromagnetism,Classical Electromagnetism,Magstatics,"A beam of ultra-relativistic electrons with energy $\gamma$ travels with an initial velocity of $\left(0,0, v_{z}\right)$ through a wiggler. A laser beam is incident such that the electrons are simultaneously subject to an optical field, where the electric field of the optical field is given by $\boldsymbol{E}_{\mathrm{s}}(z, t) = E_{\mathrm{s}} e^{i(k z-\omega t)} \hat{\boldsymbol{x}}$. Verify the correctness of using the vector potential in the Coulomb gauge and calculate $\boldsymbol{\beta} \times \boldsymbol{B}$.","The electric and magnetic fields satisfy

$$
\begin{aligned}
& \boldsymbol{E}_{\mathrm{s}}=-\frac{\partial \boldsymbol{A}_{\mathrm{s}}}{\partial t}-\nabla \phi \\
& \boldsymbol{B}=\nabla \times\left(\boldsymbol{A}_{\mathrm{u}}+\boldsymbol{A}_{\mathrm{s}}\right)
\end{aligned}
$$

where $A_{u}$ and $\boldsymbol{A}_{\mathrm{s}}$ are the vector potentials for the magnetic field and the external optical field, respectively. For the optical field, the Coulomb gauge can be applied so that the vector potential is $\boldsymbol{A}_{\mathrm{s}}$ with the scalar potential set to 0, thus the corresponding electric field is

$$
\boldsymbol{E}_{\mathrm{s}}=-\frac{\partial \boldsymbol{A}_{\mathrm{s}}}{\partial t}
$$

Therefore,

$$
\begin{aligned}
\boldsymbol{\beta} \times \boldsymbol{B} & \approx \beta_{z} \hat{z} \times\left[\nabla \times\left(\boldsymbol{A}_{\mathrm{u}}+\boldsymbol{A}_{\mathrm{s}}\right)\right] \\
& =\beta_{z} \hat{z} \times\left[\left(\frac{\partial A_{u}}{\partial z} \hat{\boldsymbol{y}}-\frac{\partial A_{u}}{\partial y} \hat{z}\right)+\left(\frac{\partial A_{s}}{\partial z} \hat{\boldsymbol{y}}-\frac{\partial A_{\mathrm{s}}}{\partial y} \hat{z}\right)\right]
\end{aligned}
$$

Since $A_{\mathrm{u}}, A_{\mathrm{s}}$ do not explicitly depend on $y$, we have

$$
\boldsymbol{\beta} \times \boldsymbol{B} \approx \beta_{z} \hat{z} \times \hat{\boldsymbol{y}}\left(\frac{\partial A_{\mathrm{u}}}{\partial z}+\frac{\partial A_{\mathrm{s}}}{\partial z}\right)=-\beta_{z}\left(\frac{\partial A_{u}}{\partial z}+\frac{\partial A_{\mathrm{s}}}{\partial z}\right) \hat{\boldsymbol{x}}
$$",\boxed{-\beta_{z}\left(\frac{\partial A_{u}}{\partial z}+\frac{\partial A_{\mathrm{s}}}{\partial z}\right) \hat{\boldsymbol{x}}},EX,,False,EN,Laws Application
358,Electromagnetism,Classical Electromagnetism,Electrostatics,"When a spherical insulator with radius \(a\) carries a charge \(Q\), and its center is at a distance \(z\) from an infinitely large conducting plane, determine the first-order term of the force between it and the conducting plane. How much energy is required to completely separate the sphere and the plane?","When the sphere carries a charge \(Q\), the first-order term of the force between it and the conducting plane is equivalent to the gravitational force between two point charges \(Q\) and \(-Q\) separated by a distance of \(2z\):

\[ F = \frac{Q^{2}}{16 \pi \varepsilon_{0} z^{2}} \]

The work done to move the sphere from \(z\) to infinity is

\[ 
W_{1} = \int_{z}^{\infty} F \, \mathrm{d}z = \int_{z}^{\infty} \frac{Q^{2}}{16 \pi \varepsilon_{0} z^{2}} \, \mathrm{d}z = \frac{Q^{2}}{16 \pi \varepsilon_{0} z} 
\]","\boxed{\frac{Q^{2}}{16 \pi \varepsilon_{0} z^{2}}, \frac{Q^{2}}{16 \pi \varepsilon_{0} z}}","EX, EX","\text{N} , \text{J}",True,EN,Laws Application
359,Electromagnetism,Classical Electromagnetism,Electrostatics,"In a dust precipitator, there is a long wire with a radius of $R$ and a linear charge density of $\lambda$ Coulombs per meter $(\mathrm{C} / \mathrm{m})$. There is also dust with no net charge, a dielectric constant of $\varepsilon$, and a radius of $a$. Assuming $a \ll R$, find: the expression for the external electric field produced by the long wire at a distance $r$ from the wire, and the energy after the polarization of the dust.","Outside the wire, there is a symmetric two-dimensional radial field, therefore

$$
\boldsymbol{E}_{\text{ext}}=\frac{\lambda}{2 \pi \varepsilon_{0} r} \boldsymbol{e}_{r}
$$

where $\lambda$ is the line charge density. Substituting into the equation, we get

$$
W=-\frac{\left(\varepsilon-\varepsilon_{0}\right) a^{3} \lambda^{2}}{2 \pi \varepsilon_{0}^{2}\left(\varepsilon+2 \varepsilon_{0}\right) r^{2}}
$$","\boxed{\frac{\lambda}{2 \pi \varepsilon_{0} r}, -\frac{\left(\varepsilon-\varepsilon_{0}\right) a^{3} \lambda^{2}}{2 \pi \varepsilon_{0}^{2}\left(\varepsilon+2 \varepsilon_{0}\right) r^{2}}}","EX, NV","\mathrm{N/C}, \mathrm{J}",True,EN,Math Derivation
360,Electromagnetism,Classical Electromagnetism,Circuit Analysis,"In a circuit consisting of a capacitor and an inductor connected in series, which can function as an oscillator, please determine if the following options are valid: (a) The conductor always has resistance. (b) There is a phase difference between the current and voltage. (c) The current and voltage have the same phase.",The answer is (b).,\boxed{b},MC,,False,EN,Knowledge Recall
361,Electromagnetism,Classical Electromagnetism,Magstatics,"Inside a sphere with radius \( R \), if a uniform magnetic field \(\boldsymbol{B}\) is to be generated, calculate the required surface current distribution \(\boldsymbol{K}_{s}\).","By analogy with a uniformly polarized sphere, it is known that a uniformly magnetized sphere has a uniform magnetic field inside it. Let the magnetization be \(\boldsymbol{M}\), then the surface current distribution is \(\boldsymbol{K}_{s} = -\boldsymbol{n} \times \boldsymbol{M}\). Without loss of generality, let \(\boldsymbol{M} = M \boldsymbol{e}_{z}\). Using spherical coordinates, we have

\[
\boldsymbol{e}_{z} = \cos \theta \boldsymbol{e}_{r} - \sin \theta \boldsymbol{e}_{\theta} \quad (\boldsymbol{n} = \boldsymbol{e}_{r})
\]

Therefore,

\[
\boldsymbol{K}_{s} = -\boldsymbol{e}_{r} \times M\left(\cos \theta \boldsymbol{e}_{r} - \sin \theta \boldsymbol{e}_{\theta}\right) = M \sin \theta \boldsymbol{e}_{\varphi}
\]

Additionally, from the magnetic scalar potential method, it is easy to see that the magnetic field inside the sphere \(\boldsymbol{B} = \frac{2 \mu_{0}}{3} M\) (refer to problem 2.40). Therefore,

\[
\boldsymbol{K}_{s} = \frac{3 \boldsymbol{B}}{2 \mu_{0}} \sin \theta \boldsymbol{e}_{\varphi}
\]",\boxed{\frac{3 \boldsymbol{B}}{2 \mu_{0}} \sin \theta \boldsymbol{e}_{\varphi}},EX,,False,EN,Math Derivation
362,Electromagnetism,Classical Electromagnetism,Magstatics,"A beam of extremely relativistic electrons with energy $\gamma$ travels with an initial velocity $\left(0,0,v_{z}\right)$ through a wiggler, and a laser beam is incident, causing the electrons to also be affected by the light field. The electric field of the light field is $\boldsymbol{E}_{\mathrm{s}}(z, t) = E_{\mathrm{s}} e^{i(k z-\omega t)} \hat{\boldsymbol{x}}$. Determine how the velocity of the electrons in the $\hat{\boldsymbol{x}}$ direction changes as the electrons travel a distance $z$ in the wiggler.","Integrating the above expression and assuming that $\gamma \beta_{z}$ remains approximately constant, we have

$$
\gamma \beta_{x}=\frac{e}{m}\left[\int_{0}^{t}\left(\frac{\partial}{\partial t}+c \beta_{z} \frac{\partial}{\partial z}\right) A_{s} \mathrm{~d} t+\int_{0}^{t} c \beta_{z} \frac{\partial A_{u}}{\partial z} \mathrm{~d} t\right]
$$

and

$$
\mathrm{d} A_{\mathrm{s}}=\frac{\partial A_{\mathrm{s}}}{\partial z} \mathrm{~d} z+\frac{\partial A_{\mathrm{s}}}{\partial t} \mathrm{~d} t=\left(c \beta_{z} \frac{\partial A_{\mathrm{s}}}{\partial z}+\frac{\partial A_{\mathrm{s}}}{\partial t}\right) \mathrm{d} t
$$

Therefore,

$$
\gamma \beta_{x}=\frac{e}{m}\left(\int_{0}^{t} \mathrm{~d} A_{\mathrm{s}}+\int_{0}^{t} \mathrm{~d} A_{\mathrm{u}}\right)
$$

Introducing the position $z=c \beta_{z} t$ of the electron at time $t$, we obtain

$$
\beta_{x}=\frac{e}{m \gamma}\left[A_{s}(z, t)+A_{u}(z)\right]
$$","\boxed{\beta_{x}=\frac{e}{m \gamma}\left[A_{s}(z, t)+A_{u}(z)\right]}",EQ,,False,EN,Math Derivation
364,Electromagnetism,Classical Electromagnetism,Electrostatics,"A conductor sphere with a radius of $R$ and a charge of $Q$ is surrounded by a uniform medium with a dielectric constant $\varepsilon$. Within the medium, at a distance $a\ (a > R)$ from the center of the sphere, there is a point charge $q$. Find the electric potential at the position of $q$.","First, find the electric potential at the position of charge $q$, which is created by the charge $Q$ and the image charge of $q$. The image charge of $q$ is located at $R^{2} / a$, with a magnitude of $q^{\prime} = -q R / a$, and there is another image charge $q^{\prime \prime} = q R / a$ placed at the center of the sphere. The potentials caused by these charges at the position of point charge $q$ are respectively

\[
\varphi_{Q} = \frac{1}{4 \pi \varepsilon} \cdot \frac{Q}{a}, \quad \varphi_{q^{\prime} q^{\prime \prime}} = \frac{q R}{4 \pi \varepsilon a}\left(\frac{1}{a}-\frac{1}{a-\frac{R^{2}}{a}}\right) \tag{1}
\]",\boxed{\frac{1}{4 \pi \varepsilon} \cdot \frac{Q}{a} + \frac{q R}{4 \pi \varepsilon a}\left(\frac{1}{a}-\frac{1}{a-\frac{R^{2}}{a}}\right)},EX,\text{V},False,EN,Laws Application
365,Electromagnetism,Classical Electromagnetism,Electrostatics,"For the aforementioned cylindrical capacitor, the voltage is maintained at $V_{0}$ constant. Using the change in capacitance, find the upward force $F$ experienced by the dielectric.","The upward force experienced by the dielectric is:

$$
F = \frac{V_{0}^{2}}{2} \cdot \frac{\mathrm{d}C}{\mathrm{d}x} = \frac{\pi \left(\varepsilon - \varepsilon_{0}\right) V_{0}^{2}}{\ln \frac{b}{a}}
$$",\boxed{\frac{\pi \left(\varepsilon - \varepsilon_{0}\right) V_{0}^{2}}{\ln \frac{b}{a}}},NV,,False,EN,Practical Application
367,Electromagnetism,Classical Electromagnetism,Electrostatics,"A static charge distribution produces the following radial electric field

$$
\mathbf{E} = A \frac{\mathrm{e}^{-br}}{r} \mathbf{e}_{r}
$$

where $A$ and $b$ are constants. Find the total charge $Q$.","The total charge is

$$
Q = \varepsilon_{0} \oint_{r \rightarrow \infty} \mathbf{E} \cdot \mathrm{d} \mathbf{S} = \lim_{r \rightarrow \infty} \varepsilon_{0} A r \mathrm{e}^{-br} \cdot 4 \pi = 0
$$

or

$$
\begin{aligned}
Q & = \int \rho(r) \mathrm{d}V \\
& = \int_{0}^{\infty} -\frac{\varepsilon_{0} Ab}{r^{2}} \mathrm{e}^{-br} \cdot 4 \pi r^{2} \mathrm{d}r + 4 \pi \varepsilon_{0} A = 0
\end{aligned}
$$

$$
<image 1>
$$",\boxed{0},NV,,False,EN,Math Derivation
368,Electromagnetism,Classical Electromagnetism,Circuit Analysis,"Two circuits each have a solenoid of length \( l \), radius \( \rho(\rho \ll l) \) with \( N \) turns. The two solenoids are on the same axis and are separated by a distance \( d(d \gg l) \). Inductive effects unrelated to the solenoids are neglected. Calculate the self-inductance and mutual inductance of the circuit, specifying the appropriate units.","Since \( l \gg \rho \), the magnetic field inside the solenoid is

\[ 
B=\mu_{0} \frac{N I}{l} 
\]

Along the axis, the total magnetic flux linkage is

\[ 
\Psi=N B S=N \cdot \mu_{0} \frac{N I}{l} \cdot \pi \rho^{2}=\frac{\mu_{0} N^{2} I \pi \rho^{2}}{l} 
\]

Therefore, the self-inductance is

\[ 
L=\frac{\Psi}{I}=\frac{\pi \mu_{0} N^{2} \rho^{2}}{l} 
\]

When \( d \gg l \), the field of one solenoid (carrying current \( I \)) at the location of the other solenoid is approximately the field of a magnetic dipole. Since the two solenoids are coaxial, the magnetic field \( B_{\mathrm{M}} \) is given by

\[ 
B_{\mathrm{M}}=\frac{\mu_{0}}{4 \pi} \cdot \frac{2 m}{d^{3}} 
\]

where

\[
\begin{aligned}
m & =N I \pi \rho^{2}, \\
B_{\mathrm{M}} & =\frac{\mu_{0} N I \rho^{2}}{2 d^{3}}, \\
\Psi_{\mathrm{M}} & =N B_{\mathrm{M}} S=N \frac{\mu_{0} N I \rho^{2}}{2 d^{3}} \pi \rho^{2}=\frac{\mu_{0} N^{2} \rho^{2} \pi \rho^{2} I}{2 d^{3}}.
\end{aligned}
\]

The mutual inductance is

\[ 
M=\frac{\Psi_{\mathrm{M}}}{I}=\frac{\pi \mu_{0} N^{2} \rho^{4}}{2 d^{3}} 
\]

Here, using the International System of Units, the units for \( L \) and \( M \) are both henries (H).","\[
\boxed{\frac{\pi \mu_{0} N^{2} \rho^{2}}{l}, \frac{\pi \mu_{0} N^{2} \rho^{4}}{2 d^{3}}}
\]","EX, EX",,False,EN,Laws Application
369,Electromagnetism,Classical Electromagnetism,Magstatics,A dilute suspension of an anisotropic diamagnetic cylindrical particle is placed in a uniform magnetic field \( H \). The particles are aligned along their long axis parallel to the magnetic field. The particle is cylindrically symmetric with a susceptibility tensor \(\chi_{x} = \chi_{y} < \chi_{z} < 0\). Assume the susceptibility of the suspension can be neglected. What is the torque acting on the particle when its \( z \)-axis initially makes an angle \(\theta\) with the magnetic field?,"The torque \(\tau\) acting on the particle is given by

$$
\begin{aligned}
\tau &= -\frac{\partial E}{\partial \theta} = -\frac{V}{\mu_{0}}\left[\chi_{x} \cdot 2 \sin \theta \cos \theta + \chi_{z} \cdot 2 \cos \theta (-\sin \theta)\right] B^{2} \\
&= \frac{B^{2} V}{\mu_{0}}\left(\chi_{z} - \chi_{x}\right) \sin 2\theta
\end{aligned}
$$",\boxed{\frac{B^{2} V}{\mu_{0}}(\chi_{z} - \chi_{x}) \sin 2\theta},EX,,False,EN,Laws Application
370,Electromagnetism,Classical Electromagnetism,Electrostatics,"A cylindrical capacitor has an inner conductor with a radius of \( r_{1} \) and an outer conductor with a radius of \( r_{2} \). The outer conductor is grounded, and the inner conductor is charged to a positive potential \( V_{0} \). If a small negative charge \( Q \) moves from position \( r \) to position \( r_{1} \), determine the reduction in the charge of the inner conductor.","The change in the charge of the inner conductor, \(\Delta Q = Q_{1} - Q_{2}\), where \( Q_{1} = C V_{0} \). When the negative charge \( Q \) moves from \( r \) to \( r_{1} \), the work done by the electric field is \( Q(V_{0} - V) \), which is also the reduction in the electrostatic energy of the capacitor, given by

\[
\frac{Q_{1}^{2}}{2 C} - \frac{Q_{2}^{2}}{2 C} = Q(V_{0} - V)
\]

Since \( Q \) is very small, we approximate 

\[
Q_{1} + Q_{2} \approx 2 Q_{1}
\]

Thus,

\[
\frac{2 Q_{1}}{2 C} \Delta Q = Q(V_{0} - V)
\]

This gives

\[
\Delta Q = \frac{Q}{V_{0}}(V_{0} - V) = \frac{Q \ln (r / r_{1})}{\ln (r_{2} / r_{1})}
\]","\[
\boxed{\frac{Q \ln \left(r / r_{1}\right)}{\ln \left(r_{2} / r_{1}\right)}}
\]",NV,,False,EN,Math Derivation
371,Electromagnetism,Classical Electromagnetism,Magstatics,"An electromagnetic eddy current brake consists of a disc with electrical conductivity $\sigma$ and thickness $t$, which rotates around an axis through its center at an angular velocity $\omega$. There is a magnetic field $\boldsymbol{B}$ with a coverage area of $a^{2}$ perpendicular to the disc. The area $a^{2}$ is located at a distance $r$ from the axis. Determine the magnitude of the eddy current $I$ generated under this configuration.","An eddy current is generated in the disc, with a magnitude given by

$$
I = \frac{\varepsilon}{R} = \frac{r \omega B a}{\frac{a}{\sigma a t}} = r \omega B a \sigma t
$$",\boxed{r \omega B a \sigma t},EX,,False,EN,Math Derivation
372,Electromagnetism,Classical Electromagnetism,Electrostatics,"Given a conducting spherical shell with inner and outer radii \( r_{1} \) and \( r_{2} \), a point charge \( q \) is placed inside it. Determine the electric force acting on this charge. The spherical shell is isolated and uncharged.","Using the method of image charges. Let the distance from the charge \( q \) to the center of the sphere be \( a \). The image charge is \( q' = -\frac{r_{1}}{a} q \), and \( q' \) is located at \( b = \frac{r_{1}^{2}}{a} \) (as shown in figure 1.102). Since the conducting spherical shell is isolated and uncharged, it forms an equipotential body with potential \( \varphi = \varphi_{0} \). Therefore, the electric field inside the cavity \(\left(r<r_{1}\right)\) should be equal to the electric field produced by \( q \) and \( q' \).

The force on charge \( q \) can equivalently be determined by the force due to \( q' \), which is

$$
\begin{aligned}
F & = \frac{q q'}{4 \pi \varepsilon_{0} (b-a)^{2}} = -\frac{\frac{r_{1}}{a} q^{2}}{4 \pi \varepsilon_{0} \left(\frac{r_{1}^{2}}{a} - a\right)^{2}} \\
& = -\frac{a r_{1} q^{2}}{4 \pi \varepsilon_{0} \left(r_{1}^{2} - a^{2}\right)^{2}}
\end{aligned}
$$",\[\boxed{-\frac{a r_{1} q^{2}}{4 \pi \varepsilon_{0} \left( r_{1}^{2} - a^{2} \right)^{2}}}\],NV,,False,EN,Math Derivation
373,Electromagnetism,Classical Electromagnetism,Magstatics,"A device consists of a long conductor rod with a radius of $r_{1}$, which is coaxially surrounded by a conducting cylinder with a radius of $r_{2}$. A uniformly distributed but time-varying current $I$ flows through the conductor rod, while an equal current flows through the outer conducting cylinder. Analyze this device and determine the magnitude and direction of the electric field strength $\boldsymbol{E}$ for any arbitrary $r$.","According to Maxwell's equation $\nabla \times \boldsymbol{E} = -\frac{\partial \boldsymbol{B}}{\partial t}$, similar to the solution in part (b), the electric field direction is along the $z$ direction, i.e., $E_{\phi} = 0, E_{\rho} = 0$. For the region $r_1 < r < r_2$, we have

$$
\begin{array}{ll}
E_{z}(r) = E_{0} - \frac{\mu_{0} r^{2}}{4 \pi r_{1}^{2}} \cdot \frac{\mathrm{d} I}{\mathrm{d} t}, & 0 < r < r_{1} \\
E_{z}(r) = E_{0} - \frac{\mu_{0}}{2 \pi}\left(\frac{1}{2}+\ln \frac{r}{r_{1}}\right) \frac{\mathrm{d} I}{\mathrm{d} t}, & r_{1} < r < r_{2} \\
E_{z}(r) = E_{0} - \frac{\mu_{0}}{2 \pi}\left(\frac{1}{2}+\ln \frac{r_{2}}{r_{1}}\right) \frac{\mathrm{d} I}{\mathrm{d} t}, & r > r_{2}
\end{array}
$$

where $E_{0}$ is the electric field strength in the $z$ direction at $r = 0$.","\boxed{E_{z}(r) = E_{0} - \frac{\mu_{0} r^{2}}{4 \pi r_{1}^{2}} \cdot \frac{\mathrm{d} I}{\mathrm{d} t}, E_{z}(r) = E_{0} - \frac{\mu_{0}}{2 \pi}\left(\frac{1}{2}+\ln \frac{r}{r_{1}}\right) \frac{\mathrm{d} I}{\mathrm{d} t}, E_{z}(r) = E_{0} - \frac{\mu_{0}}{2 \pi}\left(\frac{1}{2}+\ln \frac{r_{2}}{r_{1}}\right) \frac{\mathrm{d} I}{\mathrm{d} t}}","EX, EX, NV","None, None, None",True,EN,Laws Application
374,Electromagnetism,Classical Electromagnetism,Circuit Analysis,"In the circuit shown in Figure 3.29, $\omega, R_{1}, R_{2}, L$ are fixed, and $C$ and $M$ (the mutual inductance between two equal inductances $L$) can be varied. Calculate the maximum power consumption on $R_{2}$. If necessary, it can be assumed that $R_{2} > R_{1}$ and $\omega L / R_{2} > 10$.","Because $P_{2} = \frac{1}{2} \left|\dot{I}_{2}\right|^{2} R_{2}$, when $\left|\dot{I}_{2}\right|$ reaches its maximum value, the power consumed on $R_{2}$ is also maximized.

When $M = \sqrt{\frac{R_{1} R_{2}}{\omega^{2}} + \frac{R_{1}}{R_{2}} L^{2}}, C = \frac{R_{2}}{\omega^{2} L \left(R_{1} + R_{2}\right)}$, then

$$
P_{2} = \frac{V_{0}^{2}}{8 R_{1} \left(1 + \frac{\omega^{2} L^{2}}{R_{2}^{2}}\right)}.
$$

Assuming $\omega L / R_{2} > 10$, we obtain

$$
P_{2} = \frac{V_{0}^{2} R_{2}^{2}}{8 \omega^{2} L^{2} R_{1}}.
$$

This is the maximum power consumption.",\boxed{\frac{V_{0}^{2} R_{2}^{2}}{8 \omega^{2} L^{2} R_{1}}},NV,,False,EN,Math Derivation
375,Electromagnetism,Classical Electromagnetism,Magstatics,"As shown in figure 2.28, a parallel plate capacitor is composed of two circular plates with radius $r$, with a very small gap $d$ $(d \ll r)$ between them. The plates are charged with $+Q_{0}$ and $-Q_{0}$ respectively. At time $t=0$, a thin straight wire with resistance $R$ is used to connect the centers of the two plates. Assume that the resistance $R$ is very large, thus at any moment, the electric field between the plates remains uniform, and the inductance can be ignored. Calculate the total current through a circular ring of radius $\rho(\rho<r)$ on any of the plates, expressed as a function of time.","Since the charge is uniformly distributed, the total charge outside the ring with radius $\rho$ is

$$
q = \frac{Q}{r^{2}}(r^{2} - \rho^{2}) = \frac{Q_{0}(r^{2} - \rho^{2})}{r^{2}} \mathrm{e}^{-t / R C}
$$

Therefore, the current flowing into the ring with radius $\rho$ is

$$
i = -\frac{\mathrm{d} q}{\mathrm{d} t} = \frac{Q_{0}(r^{2} - \rho^{2})}{r^{2} R C} \mathrm{e}^{-t / R C}
$$

And the displacement current is

$$
j_{d} = \frac{\partial D}{\partial t} = \frac{1}{S} \cdot \frac{\partial Q}{\partial t} = -\frac{1}{\pi r^{2}} \cdot \frac{1}{R C} Q_{0} \mathrm{e}^{-t / R C}
$$",\boxed{\frac{Q_{0}(r^{2} - \rho^{2})}{r^{2} R C} \mathrm{e}^{-t / R C}},EX,,False,EN,Knowledge Recall
377,Electromagnetism,Classical Electromagnetism,Electrostatics,"Two uniformly infinite thin plates are perpendicular to each other, with surface charge densities of $+\sigma$ and $-\sigma$. Find the magnitude and direction of the superimposed electric field at various points in space, due to the two perpendicular thin plates carrying charges of $\pm \sigma$.","For this problem, where the two perpendicular thin plates carry charges of $\pm \sigma$, the superimposed electric field should be

$$
E = \frac{\sqrt{2} \sigma}{2 \varepsilon_{0}}
$$

The direction is as shown in Figure 1.4 in the problem statement.","\[
\boxed{\frac{\sqrt{2} \sigma}{2 \varepsilon_{0}}}
\]",NV,,False,EN,Laws Application
378,Electromagnetism,Classical Electromagnetism,Electrostatics,"For a cylindrical capacitor with dielectric material inserted, the upward force balances with the gravitational force of the dielectric. Find the equilibrium height $h$ of the liquid column.","When the upward force balances with the gravitational force:

$$
\frac{\pi \left(\varepsilon - \varepsilon_{0}\right) V_{0}^{2}}{\ln \frac{b}{a}} = \rho g \cdot \pi \left(b^{2} - a^{2}\right) h
$$

The equilibrium height of the liquid column is obtained as:

$$
h = \frac{\left(\varepsilon - \varepsilon_{0}\right) V_{0}^{2}}{\rho g \left(b^{2} - a^{2}\right) \ln \frac{b}{a}}
$$",\boxed{h = \frac{\left(\varepsilon - \varepsilon_{0}\right) V_{0}^{2}}{\rho g \left(b^{2} - a^{2}\right) \ln \frac{b}{a}}},EQ,,False,EN,Math Derivation
379,Electromagnetism,Classical Electromagnetism,Electrostatics,"There is an ideally grounded conducting sphere with a radius of \( a \), and a point charge \( q \) is located at a radial distance \( s \) from its center. (a) If the space outside the sphere is a vacuum, calculate the electrostatic potential at any point \(\boldsymbol{r}\) outside the sphere, assuming the potential of the earth is zero.","Use the method of images. (a) As shown in figure 1.94, the image charge \( q^{\prime} \) is located on the line connecting \( O \) and \( q \), at a distance \( s^{\prime} \) from the center of the sphere. Let \( n=\frac{r}{r} \) and \( n^{\prime}=\frac{s}{s} \), then the potential at \( r \) is given by

\[
\begin{aligned}
\phi(r) & =\frac{1}{4 \pi \varepsilon_{0}}\left[\frac{q}{|r-s|}+\frac{q^{\prime}}{\left|r-s^{\prime}\right|}\right] \\
& =\frac{1}{4 \pi \varepsilon_{0}}\left[\frac{q}{\left|m-s n^{\prime}\right|}+\frac{q^{\prime}}{\left|m-s^{\prime} n^{\prime}\right|}\right]
\end{aligned}
\]

$$
<image 1>
$$

Figure 1.94

The boundary condition requires \( \phi(r=a)=0 \), and when

\[
q^{\prime}=-\frac{a}{s} q, \quad s^{\prime}=\frac{a^{2}}{s}
\]

the boundary condition can be satisfied. According to the uniqueness theorem of electrostatics, the electrostatic potential at any point in the vacuum outside the sphere is

\[
\phi(r)=\frac{q}{4 \pi \varepsilon_{0}}\left[\frac{1}{|r-s|}-\frac{a / s}{\left|r-\frac{a^{2}}{s^{2}} s\right|}\right]
\]",\boxed{\phi(r)=\frac{q}{4 \pi \varepsilon_{0}}\left[\frac{1}{|r-s|}-\frac{a / s}{\left|r-\frac{a^{2}}{s^{2}} s\right|}\right]},EX,,False,EN,Math Derivation
380,Electromagnetism,Classical Electromagnetism,Magstatics,"Consider three coplanar, infinitely long wires with equal spacing \(d\), each carrying a current \(I\) in the same direction, and assume the radius of the wires approaches zero. Identify two spatial positions where the magnetic field is zero.","Since the three wires are coplanar, it is evident that the points where the magnetic field is zero should be on this plane. Let's denote the distance from this point to the middle wire as \(x\); then the distances to the other two wires would be \(d \pm x\). According to Ampère's circuital law, we have the following equation:

\[
\frac{\mu_{0} I}{2 \pi (d-x)} = \frac{\mu_{0} I}{2 \pi x} + \frac{\mu_{0} I}{2 \pi (d+x)}
\]

The solution to this equation is

\[
x = \pm \frac{d}{\sqrt{3}}
\]

This means that the points where the magnetic field is zero are located between the middle wire and the other two wires, at a distance of \(\frac{d}{\sqrt{3}}\) from the middle wire.",\boxed{\pm \frac{d}{\sqrt{3}}},NV,,False,EN,Laws Application
382,Electromagnetism,Classical Electromagnetism,Electrostatics,"Based on the calculated coefficients, write the expressions for the electric potential $\varphi_{1}$ and $\varphi_{2}$ in the inner and outer regions.","Finally, the electric potentials inside and outside the cylinder are obtained as:
\begin{align*}
& \varphi_{1} = \frac{\sigma_{2}}{2 \varepsilon_{0}} r \cos \theta + \frac{\sigma_{1}}{4 \varepsilon_{0} R} r^{2} \sin 2 \theta \\
& \varphi_{2} = \frac{\sigma_{2} R^{2}}{2 \varepsilon_{0} r} \cos \theta + \frac{\sigma_{1} R^{3}}{4 \varepsilon_{0} r^{2}} \sin 2 \theta
\end{align*}","\boxed{\varphi_{1} = \frac{\sigma_{2}}{2 \varepsilon_{0}} r \cos \theta + \frac{\sigma_{1}}{4 \varepsilon_{0} R} r^{2} \sin 2 \theta, \varphi_{2} = \frac{\sigma_{2} R^{2}}{2 \varepsilon_{0} r} \cos \theta + \frac{\sigma_{1} R^{3}}{4 \varepsilon_{0} r^{2}} \sin 2 \theta}",EX,"None, None",True,EN,Math Derivation
383,Electromagnetism,Classical Electromagnetism,Electrostatics,"When a cloud passes over a certain location on Earth, the electric field recorded at the Earth's surface is \( E = 100 \, \mathrm{V/m} \). The bottom of the cloud is at a distance \( d = 300 \, \mathrm{m} \) from the Earth's surface, and the top of the cloud is \( d = 300 \, \mathrm{m} \) higher than the bottom. Assume the cloud is electrically neutral, but it has a charge \( +q \) at the top and a charge \( -q \) at the bottom. Calculate the external force acting on the cloud (both direction and magnitude). Assume there are no other charges in the atmosphere except those within the cloud.","The external force acting on the cloud is the electrostatic force between the image charges and the charges in the cloud

$$
\begin{aligned}
F & = \frac{q^{2}}{4 \pi \varepsilon_{0}} \left[-\frac{1}{(2d)^{2}} + \frac{1}{(3d)^{2}} + \frac{1}{(3d)^{2}} - \frac{1}{(4d)^{2}}\right] \\
& = \frac{q^{2}}{4 \pi \varepsilon_{0} d^{2}} \left[\frac{2}{9} - \frac{1}{4} - \frac{1}{16}\right] = -4.05 \times 10^{-3} \, \mathrm{N}
\end{aligned}
$$

This force is an attractive force, as shown in Figure 1.93 in the original problem.",\boxed{-4.05 \times 10^{-3}},NV,\mathrm{N},False,EN,Laws Application
384,Electromagnetism,Classical Electromagnetism,Electrostatics,"A conducting sphere with a total charge \(Q\) has the charge distributed on its surface, with a surface charge density of \(\sigma = \frac{Q}{4 \pi R^{2}}\), where \(R\) is the radius of the sphere. If the conducting sphere is cut into two halves, determine the force required to keep these two hemispheres together.","For the conducting sphere, the charge is distributed on the surface, with a surface charge density of \(\sigma = \frac{Q}{4 \pi R^{2}}\), where \(R\) is the radius of the sphere.

According to Problem 1.19, the force acting on the surface element \(\mathrm{d} \boldsymbol{S}\) of the conducting sphere is given by

\[
\mathrm{d} \boldsymbol{F} = \frac{\sigma^{2}}{2 \varepsilon_{0}} \mathrm{~d} \boldsymbol{S}
\]

Establish a coordinate system as shown in Figure 1.49 of the problem, where the plane dividing the two halves after the sphere is cut is the \(xOz\) plane. Since the repulsive force between the two hemispheres is perpendicular to the dividing plane, the direction of the net force on the right hemisphere should be along the \(y\)-axis, and the magnitude of this net force is

\[
F = \int \mathrm{d}F \sin \theta \sin \varphi = \frac{\sigma^{2}}{2 \varepsilon_{0}} R^{2} \int_{0}^{\pi} \sin^{2} \theta \mathrm{~d}\theta \cdot \int_{0}^{\pi} \sin \varphi \mathrm{d}\varphi
\]

Thus,

\[
F = \frac{\pi \sigma^{2} R^{2}}{2 \varepsilon_{0}} = \frac{Q^{2}}{32 \pi \varepsilon_{0} R^{2}}
\]

Evidently, to keep the two hemispheres together, a force of this magnitude must be applied.
$$
<image 1>
$$",\boxed{\frac{Q^{2}}{32 \pi \varepsilon_{0} R^{2}}},NV,,False,EN,
385,Electromagnetism,Classical Electromagnetism,Electrostatics,"Assume it can be proven that the electric field inside a dielectric sphere placed between large parallel plate capacitors is uniform and denoted as $\boldsymbol{E}_{0}$ (with fixed magnitude and direction). If the radius of the sphere is $R$ and the relative permittivity is $K_{e} = \varepsilon / \varepsilon_{0}$, determine the surface bound charge density at a point $P$ on the outer surface of the sphere.","The surface bound charge density at point $P$ is given by

$$
\sigma_{P} = \boldsymbol{P} \cdot \boldsymbol{e}_{r}
$$

where $\boldsymbol{P}$ is the polarization of the dielectric sphere. Since $\boldsymbol{P} = (\varepsilon - \varepsilon_{0}) \boldsymbol{E}_{0}$, we have

$$
\sigma_{P} = (\varepsilon - \varepsilon_{0}) E_{0} \cos \theta = \varepsilon_{0} (K_{e} - 1) E_{0} \cos \theta
$$",\boxed{\varepsilon_{0} (K_{e} - 1) E_{0} \cos \theta},EX,,False,EN,Laws Application
390,Electromagnetism,Classical Electromagnetism,Electrostatics,"A long conductive cylinder is split into two halves along its axis, with one half maintained at a potential of \( V_{0} \) and the other at 0. The net electrostatic charge in the entire system is zero. (a) Calculate the potential distribution in space.","Using the conformal mapping of complex variables, transform \( |z|=a \) to the x-axis \( u=\mathrm{i} \frac{z-a}{z+a} \). The potential distribution in space is given by:

$$
\begin{aligned}
V & =\frac{V_{0}}{\pi} \operatorname{Im}\left\{\ln \left[\mathrm{i} \frac{z-a}{z+a}\right]\right\} \\
& =\frac{V_{0}}{\pi} \operatorname{Im}\left\{\ln \left[\mathrm{i} \frac{r \cos \theta-a+\mathrm{i} r \sin \theta}{r \cos \theta+a+\mathrm{i} r \sin \theta}\right]\right\} \\
& =\frac{V_{0}}{\pi} \operatorname{Im}\left\{\ln \left[\mathrm{i} \frac{r^{2}-a^{2}+2 \mathrm{i} a r \sin \theta}{(r \cos \theta+a)^{2}+r^{2} \sin^{2} \theta}\right]\right\} \\
& =\frac{V_{0}}{\pi}\left[\frac{\pi}{2}+\arctan \frac{2 a r \sin \theta}{\left|r^{2}-a^{2}\right|}\right]
\end{aligned}
$$

$$
<image 1>
$$",\boxed{\frac{V_{0}}{\pi}\left[\frac{\pi}{2}+\arctan \frac{2a r \sin \theta}{\left|r^{2}-a^{2}\right|}\right]},EX,,False,EN,Math Derivation
393,Electromagnetism,Classical Electromagnetism,Magstatics,"A perfectly conductive rectangular metal wire frame has side lengths $a$ and $b$, a mass $M$, and self-inductance $L$. It moves with an initial velocity $v_{0}$ within the plane of the frame, entering a uniform magnetic field $B_{0}$ from a region where the magnetic field is zero. The direction of $B_{0}$ is perpendicular to the plane of the rectangle. Assuming $b > a$, derive the differential equation for the induced current $I$ in the rectangular wire frame.","$I$ is the induced current in the rectangular metal wire. The differential equation for $I$ is

$$
L \frac{\mathrm{d} I}{\mathrm{d} t} = B_{0} a v
$$","\[
\boxed{L \frac{\mathrm{d} I}{\mathrm{d} t} = B_{0} a v}
\]",EQ,,False,EN,Laws Application
394,Electromagnetism,Classical Electromagnetism,Electrostatics,"Let point charges \( q_{1} \) and \( -q_{2} \) be separated by a distance \( h \), and in this system, the potential on the spherical surface is constant (equipotential surface). Prove that \( \left.\frac{\partial \varphi}{\partial \theta}\right|_{\text{surface}}=0 \). From this, calculate the relationship between the positions of the charges.","Since the spherical surface is an equipotential surface, we have \( \left.\frac{\partial \varphi}{\partial \theta}\right|_{\text{surface}}=0 \). From this, we obtain:

\[
\frac{q_{1} z_{1}}{\sqrt{R^{2} + z_{1}^{2} - 2 R z_{1} \cos \theta}} = \frac{q_{2} z_{2}}{\sqrt{R^{2} + z_{2}^{2} - 2 R z_{2} \cos \theta}} 
\]",\boxed{\frac{q_{1} z_{1}}{\sqrt{R^{2} + z_{1}^{2} - 2 R z_{1} \cos \theta}} = \frac{q_{2} z_{2}}{\sqrt{R^{2} + z_{2}^{2} - 2 R z_{2} \cos \theta}}},EQ,,False,EN,Math Derivation
395,Electromagnetism,Classical Electromagnetism,Circuit Analysis,"Calculate the equivalent voltage across the entire circuit for two capacitors, $1.5 \, \mu \mathrm{F}$ and $1 \, \mu \mathrm{F}$, connected in parallel.","The voltage across the two capacitors is

$$
V=\left|\frac{(1.5 \parallel 1)}{1.4+(1.5 \parallel 1)} \times 4 - 2\right|=0.8 \, \mathrm{V}
$$",\boxed{0.8},NV,\mathrm{V},False,EN,Practical Application
397,Electromagnetism,Classical Electromagnetism,Electrostatics,"An uncharged conducting sphere with a radius of \( R \) is floating on a liquid. Its mass is \( m \); the dielectric constant of the liquid is \( \varepsilon \), and its density is \( \tau \). The conductor has \( 3/4 \) of its volume submerged in the liquid. Determine the mass of the conducting sphere.","From the given conditions, the mass of the sphere is found to be
\[
m = \frac{3}{4} \pi \tau R^{3} \tag{1}
\]",\boxed{\frac{3}{4} \pi \tau R^{3}},NV,,False,EN,Laws Application
399,Electromagnetism,Classical Electromagnetism,Circuit Analysis,"Consider the following situation: A current with angular frequency \(\omega\) is carried on a single-wire telegraph transmission line, with the earth serving as the ground return and considered a good conductor. If the resistance per unit length of the wire is \(r\), the self-inductance is \(l\), and the capacitance to the ground is \(C\). Determine the spatial variation relation of the current \(i(t, x)\) at a distance \(x\) from the starting point of the transmission line.","Taking the starting point of the line as the coordinate origin and the transmission direction as the \(+x\) direction, and assuming the voltage amplitude at the starting point is \(V_{0}\). According to Kirchhoff's law, on the section from \(x\) to \(x+\mathrm{d}x\), we have
\[
i(t, x) = i(t, x+\mathrm{d}x) + C \mathrm{d}x \frac{\partial u(t, x)}{\partial t}
\]

From this, we obtain the equation
\[
\frac{-\partial i}{\partial x} = C \frac{\partial u}{\partial t}
\]

Seek the solution of \(\mathrm{e}^{-\mathrm{j}(\omega t-Kx)}\) and substitute it into this equation, yielding
\[
-\mathrm{j} K i = -\mathrm{j} \omega C u
\]

The expression for the current \(i(t, x)\) is
\[
i = \frac{\omega C}{K} u \approx \sqrt{\frac{C}{l}} V_{0} \exp [-\mathrm{j} \omega(t - \sqrt{l C} x)] \exp \left(-\frac{r}{2} \sqrt{\frac{C}{l}} x\right)
\]",\boxed{i = \sqrt{\frac{C}{l}} V_{0} \exp [-\mathrm{j} \omega(t - \sqrt{l C} x)] \exp \left(-\frac{r}{2} \sqrt{\frac{C}{l}} x\right)},EX,,False,EN,Math Derivation
401,Electromagnetism,Classical Electromagnetism,Electrostatics,The Earth's atmosphere acts as an electrical conductor because it contains free charge carriers ionized by cosmic rays. Given that the free charge density is constant with respect to time and space and is independent of the horizontal position. Find the solution to equation (a).,"Integrating equation (1), we get

\[
\boldsymbol{E} = -\frac{\partial \varphi}{\partial z} \boldsymbol{e}_{z} = \left(\frac{\rho_{f}}{\varepsilon_{0}} z - \boldsymbol{C}\right) \boldsymbol{e}_{z}
\]

And from equations (2) and (3), we have

\[
C = -E_{0}, \quad \rho_{f} = -\frac{\varepsilon_{0} E_{0}}{z_{c}}
\]

$$
<image 1>
$$

Diagram 1.123

Therefore, we can obtain

\[
\boldsymbol{E} = \left(-\frac{E_{0}}{z_{c}} z + E_{0}\right) \boldsymbol{e}_{z} 
\]

\[
\approx \left(-\frac{z}{3} + 100\right) \boldsymbol{e}_{z} \, \mathrm{V/m}
\]

The unit of \( z \) is km.",\boxed{\boldsymbol{E} \approx \left(-\frac{z}{3} + 100\right) \boldsymbol{e}_{z}},EX,\mathrm{V/m},False,EN,Math Derivation
402,Electromagnetism,Classical Electromagnetism,Circuit Analysis,"In the circuit shown in Figure 3.29, $\omega, R_{1}, R_{2}, L$ are fixed, while $C$ and $M$ (the mutual inductance between two equal inductances $L$) can be varied. Calculate the values of $M$ and $C$ when the power consumed by $R_{2}$ is maximized. If necessary, assume $R_{2} > R_{1}$, $\omega L / R_{2} > 10$.","Assuming the direction of the currents in the primary and secondary coils as shown in the figure, the circuit yields the following equations:

$$
\begin{aligned}
& \dot{V}_{0} = R_{1} \dot{I}_{1} + \dot{I}_{1} \left(\frac{1}{j \omega C} + j \omega L \right) + j \omega M \dot{I}_{2}, \\
& 0 = \dot{I}_{2} R_{2} + j \omega L \dot{I}_{2} + j \omega M \dot{I}_{1}.
\end{aligned}
$$

By simultaneously solving these, we get:

$$
\dot{I}_{2} = \frac{j \omega M C V_{0}}{C \left[\omega^{2} \left(L^{2} - M^{2} \right) - R_{1} R_{2}\right] - L + j \left[\frac{R_{2}}{\omega} - \omega L C \left(R_{1} + R_{2}\right)\right]}.
$$

Since the numerator of $\left|\dot{I}_{2}\right|$ is constant, and the denominator is the square root of the sum of squares of two terms, $\left|\dot{I}_{2}\right|$ is maximized when both square terms in the denominator are minimized simultaneously.

$$
\begin{aligned}
& \left\{\frac{1}{M C} \left[\frac{R_{2}}{\omega} - \omega L C \left(R_{1} + R_{2}\right)\right]\right\}^{2} \text{ can take a minimum of } 0, \text{ at which point } \\
& \qquad C = \frac{R_{2}}{\omega^{2} L \left(R_{1} + R_{2}\right)}, \quad \left|\dot{I}_{2}\right| = \frac{\omega V_{0}}{\omega^{2} M + \frac{R_{1} R_{2} + R_{1} \omega^{2} L^{2} / R_{2}}{M}}.
\end{aligned}
$$

Since

$$
\omega^{2} M + \frac{R_{1} R_{2} + R_{1} \omega^{2} L^{2} / R_{2}}{M} > 2 \sqrt{\omega^{2} R_{1} R_{2} + \frac{\omega^{4} L^{2} R_{1}}{R_{2}}}
$$

The equality holds when $\omega^{2} M = \frac{R_{1} R_{2} + R_{1} \omega^{2} L^{2} / R_{2}}{M}$. Thus, when $M = \sqrt{\frac{R_{1} R_{2}}{\omega^{2}} + \frac{R_{1}}{R_{2}} L^{2}}$ and $C = \frac{R_{2}}{\omega^{2} L \left(R_{1} + R_{2}\right)}$, the power consumed by $R_{2}$ is maximized.","\boxed{\sqrt{\frac{R_{1} R_{2}}{\omega^{2}} + \frac{R_{1}}{R_{2}} L^{2}}, \frac{R_{2}}{\omega^{2} L \left(R_{1} + R_{2}\right)}}","EX, EX","\text{H}, \text{F}",True,EN,Practical Application
404,Electromagnetism,Classical Electromagnetism,Electrostatics,"Assume that the potential between two point charges \( q_{1} \) and \( q_{2} \) is not the Coulomb potential \( A q_{1} q_{2} / r \), but instead the Yukawa potential \( A q_{1} q_{2} \mathrm{e}^{-K r} / r \), where \( A \) and \( K \) are constants, and \( K=0^{+} \). Under this condition, determine how the Poisson equation for electrostatic potential would be modified.","If the interaction potential between point charges \( q_{1} \) and \( q_{2} \) is the Yukawa potential \( A q_{1} q_{2} \mathrm{e}^{-K r} / r \) instead of the Coulomb potential, then the Poisson equation for electrostatic potential becomes
$$
\nabla^{2} \phi + K^{2} \phi = 4 \pi A \rho
$$
where \(\rho\) is the charge density.",\boxed{\nabla^{2} \phi + K^{2} \phi = 4 \pi A \rho},EQ,,False,EN,Laws Application
405,Electromagnetism,Classical Electromagnetism,Circuit Analysis,The volt-ampere characteristics between two output terminals are equivalent to those of a battery with an electromotive force $\varepsilon_{0}$ and internal resistance $r$. Find the internal resistance $r$ of this battery.,"Using Thevenin's equivalent theorem, we have

$$
r = \frac{6 \times 24}{6+24} = 4.8 \, (\Omega)
$$",\boxed{4.8},NV,\Omega,False,EN,Laws Application
409,Electromagnetism,Classical Electromagnetism,Magstatics,"Design a magnet (using the minimum amount of copper) to generate a magnetic field of 0.1 T in its cross-sectional area. Assume the permeability of the iron core is very high. Calculate the required mass of copper. It is known that the resistivity of copper is \(2 \times 10^{-6} \, \Omega \cdot \mathrm{cm}\), its density is \(8 \, \mathrm{g/cm}^3\), and the maximum allowable current density is \(1000 \, \mathrm{A/cm}^2\).","Let \(d\) be the density of copper, then the required mass of copper is

$$
m = 2N(a+b)S = 2(a+b)\frac{B}{j\mu_0}xd = 3.8\, (\mathrm{kg})
$$",\boxed{3.8},NV,\mathrm{kg},False,EN,Practical Application
410,Electromagnetism,Classical Electromagnetism,Magstatics,"A charged metal sphere with a mass of \(5 \, \text{kg}\) and a radius of \(10 \, \text{cm}\) is moving in a vacuum at a speed of \(2400 \, \text{m/s}\). In a spatial region of \(1 \, \text{m} \times 1 \, \text{m} \times 100 \, \text{m}\), you can use an electric field or a magnetic field to change the direction of the sphere's motion. If the maximum electric field on the surface of the metal sphere (created by the charge on the sphere) is \(10 \, \text{kV/cm}\), find the relationship between the transverse velocity of the metal sphere after traveling a path of 100 m and the external field.","The maximum electric field on the surface of the metal sphere is \(E_{0} = 10 \, \text{kV/cm}\). This limits the maximum charge \(Q_{\text{m}}\) the sphere can carry, as well as the maximum value of the external field \((E \text{ or } B)\). For the case where the external field is electric, the surface charge density distribution on the metal sphere is

\[
\sigma = \sigma_{0} + \sigma_{1} \cos \theta, \quad \sigma_{1} = 3 E \varepsilon_{0}
\]

At \(\theta = 0\), the maximum electric field on the surface of the metal sphere is \(E_{0}\)

\[
E_{0} = \frac{\sigma_{0} + \sigma_{1}}{\varepsilon_{0}} = \frac{\sigma_{0}}{\varepsilon_{0}} + 3 E
\]

From this, the total charge carried by the metal sphere is found as

\[
Q = 4 \pi r^{2} \sigma_{0} = 4 \pi \varepsilon_{0} r^{2}(E_{0} - 3 E), \quad E < \frac{1}{3} E_{0}
\]

The time it takes for the metal sphere to complete the path is \(\Delta t = \frac{l}{v_{0}}\), and the transverse acceleration (assuming \(E = E_{\perp}\)) is \(\frac{Q E}{m}\). Therefore, the transverse velocity is

\[
v_{\perp} = \frac{Q E}{m} \Delta t = \frac{4 \pi \varepsilon_{0} r^{2} (E_{0} - 3 E) \cdot E l}{m v_{0}}, \quad E < \frac{1}{3} E_{0}
\]

For the case where the external field is magnetic, simply replace \(E\) with \(v_{0} B\) in the above expression, resulting in

\[
v_{\perp} = \frac{4 \pi \varepsilon_{0} r^{2} (E_{0} - 3 v_{0} B) B l}{m}, \quad B < \frac{E_{0}}{3 v_{0}}
\]

When \(E \geq \frac{1}{3} E_{0}\) or \(B > \frac{E_{0}}{3 v_{0}}\), the charge on the metal sphere is zero, and the transverse velocity is also zero. Finally, the transverse velocity reaches its maximum value when \(E = \frac{E_{0}}{9}\) or \(B = \frac{E_{0}}{9 v_{0}}\), as shown by the transverse velocity formula

\[
v_{\perp m} = \frac{8 \pi \varepsilon_{0} r^{2} E_{0}^{2} l}{27 m v_{0}} = \frac{8 \pi \times \frac{10^{-9}}{4 \pi \times 9} \times 0.1^{2} \times 10^{6 \times 2} \times 100}{27 \times 5 \times 2400} = 6.86 \times 10^{-4} \, \text{m/s}
\]

Thus, the transverse displacement of the metal sphere is

\[
v_{\perp m} \Delta t = \frac{v_{\perp m} l}{v_{0}} = \frac{6.86 \times 10^{-4} \times 100}{2400} = 2.86 \times 10^{-5} \, \text{m}
\]

It can be seen that the above transverse displacement is negligible compared to the transverse dimension of the space \((1 \, \text{m})\).",\boxed{6.86 \times 10^{-4}},NV,\text{m/s},False,EN,Math Derivation
411,Electromagnetism,Classical Electromagnetism,Magstatics,"A metal block with no net charge is a rectangular prism with side lengths of \(a, b, c\). The block moves at velocity \(v\) in a magnetic field of strength \(\boldsymbol{H}\). What is the electric field strength within the block?","At equilibrium, the free electrons in the metal block experience no force. That is, \(-e \boldsymbol{E} - e v \times \boldsymbol{B} = 0\). Thus, \(\boldsymbol{E} = -v \times \boldsymbol{B} = -\mu_{0} v H \boldsymbol{e}_{y}\).",\boxed{-\mu_{0} v H \boldsymbol{e}_{y}},EX,,False,EN,Laws Application
413,Electromagnetism,Classical Electromagnetism,Magstatics,"Given a very long coaxial cable consisting of a solid cylindrical conductor with a radius of \( R_{1} \) and an outer cylindrical conductor shell with a radius of \( R_{2} \). One end of the space between the conductors is connected to a resistor, and the other end to a battery. This setup allows a current \( i \) to flow through the conductors, creating a potential difference \( V \) between them. Ignore the cable's intrinsic resistance.
(c) Assuming the magnetic field inside the inner conductor is negligible, find the inductance \( L \) and capacitance \( C \) per unit length.","(c) Using the formula \(\frac{\mathrm{d} w_{m}}{\mathrm{~d} z} = \frac{1}{2}\left(\frac{\mathrm{d} L}{\mathrm{~d} z}\right) i^{2}\), the inductance per unit length is given by

\[
\frac{\mathrm{d} L}{\mathrm{~d} z} = \frac{\mu_{0}}{2 \pi} \ln \frac{R_{2}}{R_{1}}
\]

Using the formula \(\frac{\mathrm{d} w_{e}}{\mathrm{~d} z} = \frac{1}{2}\left(\frac{\mathrm{d} C}{\mathrm{~d} z}\right) V^{2}\), the capacitance per unit length is given by

\[
\frac{\mathrm{d} C}{\mathrm{~d} z} = \frac{2 \pi \varepsilon_{0}}{\ln \frac{R_{2}}{R_{1}}}
\]","\boxed{\frac{\mu_{0}}{2 \pi} \ln \frac{R_{2}}{R_{1}}, \frac{2 \pi \varepsilon_{0}}{\ln \frac{R_{2}}{R_{1}}}}","EX, EX","\text{H/m}, \text{F/m}",True,EN,Math Derivation
416,Electromagnetism,Classical Electromagnetism,Magstatics,"A beam of extremely relativistic electrons with energy $\gamma$ moves with an initial velocity $\left(0,0, v_{z}\right)$ through a wiggler, and a laser beam incident on it causes the electrons to be subjected to the optical field. The electric field of the optical field is given by $\boldsymbol{E}_{\mathrm{s}}(z, t) = E_{\mathrm{s}} e^{i(k z-\omega t)} \hat{\boldsymbol{x}}$. Determine the change in momentum of the electrons in the $\hat{\boldsymbol{x}}$ direction.","Since the change in electron momentum $\boldsymbol{P}$ satisfies $\mathrm{d} \boldsymbol{P}=\boldsymbol{F} \mathrm{d} t$, we have

$$
\mathrm{d}(m \gamma \boldsymbol{\beta})=\left[-e \boldsymbol{E}_{\mathrm{s}}-\boldsymbol{\beta} \times \boldsymbol{B} c e\right] \mathrm{d} t
$$

$$
\mathrm{d}(\gamma \boldsymbol{\beta})=\frac{e}{m}\left[-\boldsymbol{E}_{\mathrm{s}}-\boldsymbol{\beta} \times \boldsymbol{B} c\right] \mathrm{d} t
$$",\boxed{\gamma \Delta \beta_x},EX,,False,EN,Laws Application
418,Electromagnetism,Classical Electromagnetism,Magstatics,"An annular iron core has a square cross-section, with a permeability of $\mu$, wound with a coil of $N$ turns carrying a current $I$. Given the magnetic field strength $H$, find the value of the magnetization $M$ inside the magnet.","The relationship between magnetization $M$ and the magnetic field $H$ is

$$
M = \frac{B}{\mu_{0}} - H = \frac{\mu H}{\mu_{0}} - H = \frac{\mu - 1}{\mu_{0}} \cdot \frac{N I}{2 \pi r}
$$",\boxed{\frac{\mu - 1}{\mu_{0}} \cdot \frac{N I}{2 \pi r}},EX,,False,EN,Math Derivation
419,Electromagnetism,Classical Electromagnetism,Electrostatics,"Calculate the electric field intensity $E$ of a spherical capacitor with an inner diameter $R_{1}$ and an outer diameter $R_{2}$. The region between $R_{1} < R < R_{2}$ is filled with a dielectric whose permittivity varies according to the following formula:

$$
\varepsilon = \varepsilon_{0} + \varepsilon_{1} \cos^2 \theta
$$

where $\theta$ is the polar angle.","As shown in Figure 1.76 of the problem, the electrostatic potential $\psi(r)$ is only a function of the radius. Since $\psi(R, \theta, \psi) = V_{1}$ is independent of $\theta$ and $\psi$, and this function is continuous in the dielectric, it must also be independent of $\theta$ and $\psi$. Thus, the electric field on the spherical surface at radius $R$ is radial, and its magnitude is constant over the entire surface. Applying Gauss's theorem to a sphere of radius $R$ for $R_{1} < R < R_{2}$, we obtain:

$$
\begin{aligned}
\oint_{(S)} D \cdot \mathrm{d} \boldsymbol{S} & = Q = \int_{0}^{\pi} 2\pi R \sin \theta R E (\varepsilon_{0} + \varepsilon_{1} \cos^2 \theta) \mathrm{d} \theta \\
& = -2 \pi R^{2} E \int_{+1}^{-1} (\varepsilon_{0} + \varepsilon_{1} \cos^2 \theta) \mathrm{d} (\cos \theta) \\
& = \frac{4 \pi R^{2}}{3} E (3 \varepsilon_{0} + \varepsilon_{1})
\end{aligned}
$$

From this, we find:

$$
E = \frac{3 Q}{4 \pi (3 \varepsilon_{0} + \varepsilon_{1}) R^{2}}
$$",\boxed{E = \frac{3 Q}{4 \pi (3 \varepsilon_{0} + \varepsilon_{1}) R^{2}}},EQ,,False,EN,Math Derivation
420,Electromagnetism,Classical Electromagnetism,Magstatics,"A thin spherical shell with a charge of $+q$, uniformly distributed over its surface, is rotated about the $z$-axis with a constant angular velocity $\omega = \omega_0$. Calculate the line integral of the magnetic field along the path from $-\infty$ to $+\infty$ on the $z$-axis.","According to Ampère's Law

$$
\oint \boldsymbol{B} \cdot \mathrm{d} \boldsymbol{l} = \int_{-\infty}^{\infty} B \, \mathrm{d}z = \mu_0 I
$$

where the current

$$
I = \frac{q \omega_0}{2 \pi}
$$

Therefore, we have

$$
\int_{-\infty}^{\infty} B \, \mathrm{d}z = \frac{q \mu_0 \omega_0}{2 \pi}
$$",\boxed{\frac{q \mu_0 \omega_0}{2 \pi}},NV,,False,EN,Laws Application
422,Electromagnetism,Classical Electromagnetism,Magstatics,"A plane wave is normally incident on an ideal conductor (superconductor). Determine the relationship between the reflected wave fields $\boldsymbol{E}$ and $\boldsymbol{B}$, and the surface charge density and surface current density with respect to the incident wave fields.","The incident wave's electromagnetic fields are $\boldsymbol{E}_{0}$ and $\boldsymbol{B}_{0}$, while the reflected wave's fields are $\boldsymbol{E}^{\prime}$ and $\boldsymbol{B}^{\prime}$. From the boundary condition $\boldsymbol{n} \times\left(\boldsymbol{E}_{2}-\boldsymbol{E}_{1}\right)=0$, it is straightforward to derive $\boldsymbol{E}^{\prime}+\boldsymbol{E}_{0}=0$, which implies $\boldsymbol{E}^{\prime}=-\boldsymbol{E}_{0}$. Thus,

$$
B^{\prime}=\frac{1}{\omega} \boldsymbol{k}^{\prime} \times \boldsymbol{E}^{\prime}=\frac{1}{\omega}\left(-k_{0}\right) \times\left(-E_{0}\right)=B_{0}
$$

The surface charge density on the conductor is $\sigma=0$.\\
For the surface current density,

$$
\begin{aligned}
\boldsymbol{i} & =\boldsymbol{n} \times\left(\boldsymbol{H}^{\prime}+\boldsymbol{H}_{0}\right)=2 \boldsymbol{n} \times \boldsymbol{H}_{0} \\
& =-2\left(\boldsymbol{k}_{0} \times \boldsymbol{H}\right) / k_{0} \\
& =2 \varepsilon_{0} \omega_{0} \boldsymbol{E}_{0} / k_{0}=2 \varepsilon_{0} c \boldsymbol{E}_{0}
\end{aligned}
$$

where $\boldsymbol{E}_{0}$ is evaluated at the surface of the conductor.","\boxed{\boldsymbol{E}^{\prime}=-\boldsymbol{E}_{0}, \boldsymbol{B}^{\prime}=\boldsymbol{B}_{0}, \sigma=0, \boldsymbol{i}=2 \varepsilon_{0} c \boldsymbol{E}_{0}}",EX,"None, None, None, \text{A/m}",True,EN,Laws Application
426,Electromagnetism,Classical Electromagnetism,Electrostatics,"Two large conductive plates, each with an area of \(A\), are separated by a distance \(d\). Between the two plates is filled with an anisotropic uniform dielectric. The dielectric constant tensor \(\varepsilon_{ij}\) relates the electric displacement vector \(\boldsymbol{D}\) to the electric field \(\boldsymbol{E}\) via the relationship \(D_{i}=\sum_{j=1}^{3} \varepsilon_{ij} E_{j}\). The principal axes of the dielectric constant tensor are: axis 1 (eigenvalue \(\varepsilon_{1}\)) makes an angle \(\theta\) with the horizontal direction on the plane; axis 2 (eigenvalue \(\varepsilon_{2}\)) is at an angle \(\frac{\pi}{2}-\theta\) with the horizontal direction on the plane; and axis 3 (eigenvalue \(\varepsilon_{3}\)) is perpendicular to the plane. Assume the conductive plates are large enough so edge effects can be ignored. If the left and right plates are uniformly distributed with free charges \(+Q_{F}\) and \(-Q_{F}\) as shown in figure 1.67, determine the horizontal and vertical components of \(\boldsymbol{D}\) and \(\boldsymbol{E}\) inside the dielectric.","Let the normal vector of the left conductive plate be \(\boldsymbol{n}\). Inside the conductive plate \(\boldsymbol{E}=0\), and due to the tangential continuity of \(\boldsymbol{E}\), the tangential component of the electric field inside the dielectric is also 0, hence the electric field inside the dielectric is

\[
\boldsymbol{E}=E \boldsymbol{n}
\]

Decompose \(\boldsymbol{E}\) into the principal axes of this problem:

\[
E_{1}=E \cos \theta, \quad E_{2}=E \sin \theta, \quad E_{3}=0 \tag{1}
\]

In the coordinate system \((\hat{e}_{1}, \hat{e}_{2}, \hat{e}_{3})\), the tensor \(\varepsilon_{ij}\) is a diagonal matrix:

\[
\left[\begin{array}{ccc}
\varepsilon_{1} & 0 & 0 \\
0 & \varepsilon_{2} & 0 \\
0 & 0 & \varepsilon_{3}
\end{array}\right]
\]

Thus, in the coordinate system \((\hat{e}_{1}, \hat{e}_{2}, \hat{e}_{3})\), the electric displacement vector inside the capacitor as shown in figure 1.67 is

\[
D_{1}=\varepsilon_{1} E_{1}=\varepsilon_{1} E \cos \theta, \quad D_{2}=\varepsilon_{2} E \sin \theta, \quad D_{3}=0 \tag{2}
\]

Let \(\boldsymbol{t}\) and \(\boldsymbol{n}\) represent the vertical and horizontal directions, respectively. Then the normal boundary condition at the left electrode surface is given by

\[
D_{n}=\sigma_{f}=Q_{F} / A
\]

This implies the normal component of the electric displacement vector is constant, resulting in

\[
D_{1} \cos \theta+D_{2} \sin \theta=D=\frac{Q_{F}}{A} \tag{3}
\]

Combining equations (2) and (3), we get

\[
E=\frac{Q_{F}}{A\left(\varepsilon_{1} \cos ^{2} \theta+\varepsilon_{2} \sin ^{2} \theta\right)}
\]

Therefore, the horizontal and vertical components of \(\boldsymbol{E}\) and \(\boldsymbol{D}\) are

\[
E_{n}=E=\frac{Q_{F}}{A\left(\varepsilon_{1} \cos ^{2} \theta+\varepsilon_{2} \sin ^{2} \theta\right)}, \quad D_{n}=\frac{Q_{F}}{A} \tag{4}
\]

\[
E_{t}=0, \quad D_{t}=D_{1} \sin \theta-D_{2} \cos \theta=\frac{Q_{F}\left(\varepsilon_{1}-\varepsilon_{2}\right) \sin \theta \cos \theta}{A\left(\varepsilon_{1} \cos ^{2} \theta+\varepsilon_{2} \sin ^{2} \theta\right)} \tag{5}
\]","\boxed{E_{n}=\frac{Q_{F}}{A\left(\varepsilon_{1} \cos ^{2} \theta+\varepsilon_{2} \sin ^{2} \theta\right)}, D_{n}=\frac{Q_{F}}{A}, E_{t}=0, D_{t}=\frac{Q_{F}\left(\varepsilon_{1}-\varepsilon_{2}\right) \sin \theta \cos \theta}{A\left(\varepsilon_{1} \cos ^{2} \theta+\varepsilon_{2} \sin ^{2} \theta\right)}}","EQ, NV, NV, EX","None, \frac{\text{C}}{\text{m}^2}, None, \frac{\text{C}}{\text{m}^2}",True,EN,Math Derivation
427,Electromagnetism,Classical Electromagnetism,Magstatics,"A copper coin is standing upright on its edge in a vertical magnetic field \( B = 2 \, \mathrm{T} \). It is given a slight push to make it fall, estimate the time required for it to topple (Hint: The electrical conductivity of copper is \( 6 \times 10^{5} \, \Omega^{-1} \cdot \mathrm{m}^{-1} \), density is \( 9 \, \mathrm{g/cm^{3}} \)). Consider copper as a good conductor, such that its potential energy during the fall mainly converts into thermal energy. Assume throughout the fall, the magnetic torque and gravitational torque are continuously balanced. Denote the radius of the copper coin as \( r_{0} \), thickness as \( h \), and \(\theta\) as the angle between the surface of the coin and the vertical axis, with the tipping angle being \(\theta_{0}\).

(1) Calculate the magnetic torque \(\tau_{\mathrm{m}}\) of the entire copper coin.","Denote the radius of the copper coin as \( r_{0} \), and \(\theta\) as the angle between the surface of the coin and the vertical axis. Consider a circular ring at \( r \rightarrow r+\mathrm{d} r\), the magnetic flux through this circular ring is \(\phi(\theta) = \pi r^{2} B \sin\theta \), and the induced electromotive force on the ring is

$$
\varepsilon = \left|\frac{\mathrm{d} \phi}{\mathrm{~d} t}\right| = \pi r^{2} B \cos \theta \dot{\theta}, \quad \dot{\theta} = \frac{\mathrm{d} \theta}{\mathrm{~d} t}
$$

The induced current is

$$
\mathrm{d} i = \frac{\varepsilon}{\mathrm{d} R} = \frac{\pi r^{2} B \cos \theta \dot{\theta}}{\mathrm{~d} R}
$$

where \(\mathrm{d} R\) is the electrical resistance of this circular ring. Denoting \( h \) as the thickness of the coin, we have

$$
\mathrm{d} R = \frac{2 \pi r}{\sigma h \mathrm{~d} r}
$$

Hence,

$$
\mathrm{d} i = \frac{B r \cos \theta \dot{\theta} \sigma h \mathrm{~d} r}{2}
$$

The magnetic moment of this ring is

$$
\mathrm{d} m = \pi r^{2} \mathrm{~d} i = \frac{\pi r^{3} B \cos \theta \dot{\theta} \sigma h \mathrm{~d} r}{2}
$$

The magnetic torque is

$$
\mathrm{d} \tau_{\mathrm{m}} = |\mathrm{d} \boldsymbol{m} \times \boldsymbol{B}| = \frac{\pi r^{3} B^{2} \cos^{2} \theta \dot{\theta} \sigma h \mathrm{~d} r}{2}
$$

Given the radius of the copper coin as \( r_{0} \), the total magnetic torque experienced by the entire coin is

$$
\tau_{\mathrm{m}} = \int \mathrm{d} \tau_{\mathrm{m}} = \int_{0}^{r_{0}} \frac{\pi B^{2} \cos^{2} \theta \dot{\theta} \sigma h}{2} r^{3} \mathrm{~d} r = \frac{\pi r_{0}^{4} B^{2} \cos^{2} \theta \dot{\theta} \sigma h}{8}
$$",\boxed{\frac{\pi r_{0}^{4} B^{2} \cos^{2} \theta \dot{\theta} \sigma h}{8}},EX,,False,EN,Math Derivation
428,Electromagnetism,Classical Electromagnetism,Electrostatics,"A stationary charge $Q$ is uniformly distributed on the surface of a sphere with radius $r$. Determine the surface charge density $\sigma$, and calculate the electric field $\boldsymbol{E}_{1 P}$ at a point $P$ inside the sphere near the surface element $\mathrm{d} S$, due to the charge $\mathrm{d} q$ on the surface element.","The surface charge density is

$$
\sigma=\frac{Q}{4 \pi r^{2}}
$$

As shown in Figure 1.19, at a point $P$ inside the sphere near the surface element $\mathrm{d} S$, the electric field $\boldsymbol{E}_{1 P}$ at $P$ due to the charge $\mathrm{d} q$ on the surface element is

$$
\boldsymbol{E}_{1 P}=-\frac{\sigma}{2 \varepsilon_{0}} \boldsymbol{n}
$$

Here, $\boldsymbol{n}$ is the normal to the surface element $\mathrm{d} \boldsymbol{S}$.","\boxed{\sigma=\frac{Q}{4 \pi r^{2}}, \boldsymbol{E}_{1 P}=-\frac{\sigma}{2 \varepsilon_{0}} \boldsymbol{n}}","EQ, EX","\text{C/m}^2, \text{N/C}",True,EN,Knowledge Recall
429,Electromagnetism,Classical Electromagnetism,Magstatics,"A dilute suspension of a paramagnetic anisotropic cylindrical particle is placed in a uniform magnetic field \( H \). The particles are oriented with their long axes parallel to the magnetic field. The particles are cylindrically symmetric with a susceptibility tensor of \( \chi_{x} = \chi_{y} < \chi_{z} < 0 \). It is assumed that the susceptibility of the suspension is negligible. Initially, the \( z \) axis of the particle forms an angle \( \theta \) with the magnetic field. What is the aligning energy?","In the particle's coordinate system \( xyz \), the magnetic field \( \boldsymbol{B} \) is given as

$$
\boldsymbol{B} = B \sin \theta \cos \varphi \, \boldsymbol{e}_{x} + B \sin \theta \sin \varphi \, \boldsymbol{e}_{y} + B \cos \theta \, \boldsymbol{e}_{z}
$$

When \( \left|\chi_{x}\right|, \left|\chi_{y}\right|, \left|\chi_{z}\right| \) are much less than 1 (which is generally the case), the magnetic field inside the particle (i.e., the small cylinder) can also be considered as \( \boldsymbol{B} \). The magnetization intensity is given by

$$
\boldsymbol{M} = \boldsymbol{\chi} \cdot \boldsymbol{H} = \boldsymbol{\chi} \cdot \frac{\boldsymbol{B}}{\mu_{0}}
$$

Assuming the volume of the small cylinder is \( V \), the aligning energy is calculated as

$$
\begin{aligned}
E &= \boldsymbol{M} \cdot \boldsymbol{B} = \boldsymbol{B} \cdot \left(\boldsymbol{\chi} \cdot \frac{\boldsymbol{B}}{\mu_{0}} V\right) \\
&= \frac{V}{\mu_{0}}\left(B_{x}, \quad B_{y}, \quad B_{z}\right)\left(\begin{array}{ccc}
\chi_{x} & & \\
& \chi_{y} & \\
& & \chi_{z}
\end{array}\right)\left(\begin{array}{c}
B_{x} \\
B_{y} \\
B_{z}
\end{array}\right) \\
&= \frac{V}{\mu_{0}}\left(\chi_{x} B_{x}^{2} + \chi_{y} B_{y}^{2} + \chi_{z} B_{z}^{2}\right) \\
&= \frac{V}{\mu_{0}}\left[\chi_{x}\left(B_{x}^{2} + B_{y}^{2}\right) + \chi_{z} B_{z}^{2}\right] \\
&= \frac{V}{\mu_{0}}\left(\chi_{x} B^{2} \sin^{2} \theta + \chi_{z} B^{2} \cos^{2} \theta\right)
\end{aligned}
$$",\boxed{\frac{V}{\mu_{0}}\left(\chi_{x} B^{2} \sin^{2} \theta + \chi_{z} B^{2} \cos^{2} \theta\right)},EX,,False,EN,Math Derivation
430,Electromagnetism,Classical Electromagnetism,Circuit Analysis,"Two circuits each have a solenoid with a length \( l \) and a radius \( \rho(\rho \ll l) \) with \( N \) turns. The two solenoids are aligned on the same axis and are separated by a distance \( d(d \gg l) \). Inductive effects unrelated to the solenoid can be disregarded. Using the values of \( L \) and \( M \) obtained in (a), calculate the current value and phase in the second circuit when an alternating electromotive force with an amplitude of \( V \) and an angular frequency of \( \omega \) is applied to the first circuit, assuming \( \omega \) is not too large.","Let the electromotive force be \(\varepsilon = V \cos \omega t = \operatorname{Re}\left(V \mathrm{e}^{\mathrm{j} \omega t}\right)\). We’ll use complex numbers for the calculations. For the first circuit, we have:

\[ 
L \frac{\mathrm{d} \dot{I}_{1}}{\mathrm{d} t} + M \frac{\mathrm{d} \dot{I}_{2}}{\mathrm{d} t} + \dot{I}_{1} R = V 
\]

For the second circuit, we have \( L \frac{\mathrm{d} \dot{I}_{2}}{\mathrm{d} t} + M \frac{\mathrm{d} \dot{I}_{1}}{\mathrm{d} t} + \dot{I}_{2} R = 0 \). Replace \(\frac{\mathrm{d}}{\mathrm{d} t}\) with \(\mathrm{j} \omega\). The above two equations become:

\[
\mathrm{j} \omega L \dot{I}_{1} + \mathrm{j} \omega M \dot{I}_{2} + \dot{I}_{1} R = V \tag{1}
\]

and

\[
\mathrm{j} \omega L \dot{I}_{2} + \mathrm{j} \omega M \dot{I}_{1} + \dot{I}_{2} R = 0 \tag{2}
\]

Adding equations (1) and (2) gives:

\[ 
\mathrm{j} \omega L(\dot{I}_{1} + \dot{I}_{2}) + \mathrm{j} \omega M(\dot{I}_{1} + \dot{I}_{2}) + R(\dot{I}_{1} + \dot{I}_{2}) = V 
\]

Subtracting equation (2) from equation (1) gives:

\[ 
\mathrm{j} \omega L(\dot{I}_{1} - \dot{I}_{2}) - \mathrm{j} \omega M(\dot{I}_{1} - \dot{I}_{2}) + R(\dot{I}_{1} - \dot{I}_{2}) = V 
\]

Thus,

\[
\dot{I}_{1} + \dot{I}_{2} = \frac{V}{\mathrm{j} \omega(L+M) + R}, \quad \dot{I}_{1} - \dot{I}_{2} = \frac{V}{\mathrm{j} \omega(L-M) + R}
\]

So,

\[
\begin{aligned}
\dot{I}_{2} & = \frac{1}{2} \left[\frac{V}{\mathrm{j} \omega(L+M) + R} - \frac{V}{\mathrm{j} \omega(L-M) + R}\right] \\
& = \frac{1}{2} V \cdot \frac{-2 \mathrm{j} \omega M}{[\mathrm{j} \omega(L+M) + R] \cdot[\mathrm{j} \omega(L-M) + R]} \\
& = \frac{-\mathrm{j} \omega M V}{R^{2} - \omega^{2}(L^{2} - M^{2}) + 2 \mathrm{j} \omega L R}
\end{aligned}
\]

If \( I_{2} = I_{20} \cos (\omega t + \varphi_{0}) \), from the above we know:

\[
\begin{aligned}
I_{20} & = \frac{\omega M V}{\sqrt{\left[R^{2} - \omega^{2}(L^{2} - M^{2})\right]^{2} + 4 \omega^{2} L^{2} R^{2}}}, \\
\varphi_{0} & = \pi - \arctan \frac{2 \omega L R}{R^{2} - \omega^{2}(L^{2} - M^{2})}.
\end{aligned}
\]

Substituting specific values, noting that \( L \gg M \), we get:

\[
\begin{aligned}
I_{20} & \approx \frac{\omega M V}{R^{2} + 2 \omega^{2} L^{2}} = \frac{\mu_{0} \pi N^{2} \rho^{4} \omega V l^{2}}{2 d^{3}\left[R^{2} l^{2} + 2 \omega^{2} \mu_{0}^{2} \pi^{2} N^{4} \rho^{4}\right]}, \\
\varphi_{0} & \approx \pi - \arctan \frac{2 \omega L R}{R^{2} - \omega^{2} L^{2}} \\
& = \pi - \arctan \frac{2 \mu_{0} \pi \omega R N^{2} \rho^{2} l}{R^{2} l^{2} - \omega^{2} \mu_{0}^{2} \pi^{2} N^{4} \rho^{4}}.
\end{aligned}
\]","\boxed{I_{20} \approx \frac{\mu_{0} \pi N^{2} \rho^{4} \omega V l^{2}}{2 d^{3}\left[R^{2} l^{2}+2 \omega^{2} \mu_{0}^{2} \pi^{2} N^{4} \rho^{4}\right]}, \, \varphi_{0} \approx \pi-\arctan \frac{2 \mu_{0} \pi \omega R N^{2} \rho^{2} l}{R^{2} l^{2}-\omega^{2} \mu_{0}^{2} \pi^{2} N^{4} \rho^{4}}}","EX, EX",,True,EN,Math Derivation
432,Electromagnetism,Classical Electromagnetism,Magstatics,"A completely conductive rectangular metal wire frame has side lengths $a$ and $b$, with a mass $M$ and a self-inductance $L$. It enters a uniform magnetic field $B_0$ from an area where the magnetic field is zero, with an initial velocity $v_0$ in the plane of the wire frame along the longer side. The direction of $B_0$ is perpendicular to the plane of the rectangle. Assuming $b > a$, determine the equation of motion of the wire frame.","Assuming $b > a$, the wire frame moves along the $b$ side. The equation of motion is

$$
M \frac{\mathrm{d} v}{\mathrm{d} t} = -B_{0} a I
$$",\boxed{M \frac{\mathrm{d} v}{\mathrm{d} t} = -B_{0} a I},EQ,,False,EN,Laws Application
434,Electromagnetism,Classical Electromagnetism,Electrostatics,"Two parallel plate electrodes are separated by a distance \( d \), with electric potentials of 0 and \( V_{0} \) respectively. Neglecting collisions, use the potential to solve for the steady-state current density between these electrodes.","Given that at \( x=0 \), \( V=0 \), and at \( x=d \), \( V=V_{0} \), integrating equation (5) yields:

\[
\frac{4}{3} V_{0}^{\frac{3}{4}} = 2 A^{\frac{1}{2}} d = 2\left(\frac{j_{0}}{\varepsilon_{0}} \sqrt{\frac{m}{2 e}}\right)^{\frac{1}{2}} d \tag{6}
\]

From equation (6), the current density can be calculated as:

\[
\boldsymbol{j} = -j_{0} \boldsymbol{e}_{x} = -\frac{4 \varepsilon_{0} V_{0}}{9 d^{2}} \sqrt{\frac{2 e V_{0}}{m}} \boldsymbol{e}_{x}
\]","\[
\boxed{-\frac{4 \varepsilon_{0} V_{0}}{9 d^{2}} \sqrt{\frac{2 e V_{0}}{m}} \boldsymbol{e}_{x}}
\]",EX,,False,EN,Math Derivation
435,Electromagnetism,Classical Electromagnetism,Electrostatics,"On the plane \( z=0 \), a system made up of two thin metal wires has a capacitance \( C \). The system carries point charges \( +Q \) and \( -Q \). Now, with the plane \( z=0 \) as the boundary, the lower half-space is filled with a dielectric having a dielectric constant \( \varepsilon \). Find the electric field \( E^{\prime} \) of the system and the unknown constant \( K \).","From Equation (1) we have

\[
\int_{S_{1}} \boldsymbol{E} \cdot \mathrm{d} \boldsymbol{S} = \int_{S_{2}} \boldsymbol{E} \cdot \mathrm{d} \boldsymbol{S} = \frac{\boldsymbol{Q}}{2 \varepsilon_{0}} \tag{3}
\]

Combining Equation (2) and Equation (3), we get

\[
\frac{\left(\varepsilon_{0}+\varepsilon\right) K}{2 \varepsilon_{0}} Q = Q
\]

Thus, we find

\[
K = \frac{2 \varepsilon_{0}}{\varepsilon_{0}+\varepsilon}, \quad \boldsymbol{E}^{\prime} = \frac{2 \varepsilon_{0} \boldsymbol{E}}{\varepsilon+\varepsilon_{0}}
\]","\boxed{K = \frac{2 \varepsilon_{0}}{\varepsilon_{0}+\varepsilon}, \boldsymbol{E}^{\prime} = \frac{2 \varepsilon_{0} \boldsymbol{E}}{\varepsilon+\varepsilon_{0}}}","EQ, EX","None, None",True,EN,Laws Application
436,Electromagnetism,Classical Electromagnetism,Circuit Analysis,"Assume blood cells are spherical and have infinite impedance. Given the size of the cell \( V \), the conductivity of the plasma \( \rho \), and the radius of the tube \( b \), derive the analytical expression for the change in resistance.","(b) Since cells pass through the narrow tube one by one, at any given time there is only one cell in the tube. Therefore, we only need to consider the change in resistance over the length corresponding to the cell's presence. Before the cell enters, the resistance of this segment of plasma is

\[
R_{1}=\rho \cdot \frac{2 r}{\pi b^{2}}
\]

where \( r \) is the radius of the cell. After the cell enters, the resistance is

\[
R_{2}=2 \int_{0}^{r} \frac{\rho}{\pi b^{2}-\pi\left(r^{2}-z^{2}\right)} \mathrm{d} z=\frac{2 \rho}{\pi} \int_{0}^{r} \frac{\mathrm{~d} z}{\left(b^{2}-r^{2}\right)+z^{2}}=\frac{2 \rho}{\pi \sqrt{b^{2}-r^{2}}} \arctan \frac{r}{\sqrt{b^{2}-r^{2}}}
\]

Thus, the change in resistance

\[
\begin{aligned}
\Delta R & =R_{1}-R_{2}=\rho \cdot \frac{2 r}{\pi b^{2}}-\frac{2 \rho}{\pi \sqrt{b^{2}-r^{2}}} \arctan \frac{r}{\sqrt{b^{2}-r^{2}}} \\
& =\frac{2 \rho}{\pi}\left(\frac{r}{b^{2}}-\frac{1}{\sqrt{b^{2}-r^{2}}} \arctan \frac{r}{\sqrt{b^{2}-r^{2}}}\right) \\
& =\frac{2 \rho}{\pi}\left[\frac{1}{b^{2}}\left(\frac{3 V}{4 \pi}\right)^{1 / 3}-\frac{1}{\sqrt{b^{2}-\left(\frac{3 V}{4 \pi}\right)^{2 / 3}}} \arctan \frac{\left(\frac{3 V}{4 \pi}\right)^{1 / 3}}{\sqrt{b^{2}-\left(\frac{3 V}{4 \pi}\right)^{2 / 3}}}\right]
\end{aligned}
\]",\boxed{\Delta R = \frac{2 \rho}{\pi}\left[\frac{1}{b^{2}}\left(\frac{3 V}{4 \pi}\right)^{1 / 3}-\frac{1}{\sqrt{b^{2}-\left(\frac{3 V}{4 \pi}\right)^{2 / 3}}} \arctan \frac{\left(\frac{3 V}{4 \pi}\right)^{1 / 3}}{\sqrt{b^{2}-\left(\frac{3 V}{4 \pi}\right)^{2 / 3}}}\right]},EX,,False,EN,Math Derivation
438,Electromagnetism,Classical Electromagnetism,Magstatics,"Two identical and coaxial superconducting circular coils I and II, each with a radius of \( R \) and self-inductance \( L \), are positioned on a horizontal plane and are very far apart from each other. Each coil carries a current \( j \) in a counterclockwise direction as viewed from above. Now, coil II is moved vertically along its axis by a distance \( R \) and is rotated by an angle of \( \frac{\pi}{2} \) along one of its diameters. Determine the current in each coil at this configuration.","By symmetry, the magnetic field induced by the current in coil I results in zero magnetic flux through coil II, thus the mutual inductance between the two coils is zero in this configuration. Therefore, using  

\[
\Phi_{1}=L j=L j_{2, \mathrm{I}}, \quad \Phi_{2}=L j=L j_{2, \mathrm{II}}
\]  

we find that the current in both coils I and II is \( j_{2, \mathrm{I}}=j_{2, \mathrm{II}}=j \).","\boxed{j, j}",NV,,True,EN,Laws Application
439,Electromagnetism,Classical Electromagnetism,Electrostatics,"Inside a conducting spherical shell with inner and outer radii \( r_{1}, r_{2} \), the conductor is isolated and uncharged. Find the electric potential on the inner surface of the conducting shell.","For the region \( r > r_{2} \), the electric potential is \(\varphi_{\text{external}} = \frac{q}{4 \pi \varepsilon_{0} r}\). When \( r = r_{2} \), the electric potential of the conducting sphere is given by

$$
\varphi_{\text{sphere}} = \frac{q}{4 \pi \varepsilon_{0} r_{2}}
$$

Since the conducting sphere is an equipotential body, the electric potential on the inner surface of the conducting shell is \(\frac{q}{4 \pi \varepsilon_{0} r_{2}}\).",\boxed{\frac{q}{4 \pi \varepsilon_{0} r_{2}}},EX,,False,EN,Laws Application
440,Electromagnetism,Classical Electromagnetism,Electrostatics,"Determine the electric potential in the external space, and summarize the expression as:

\[
\phi \approx \sum_{l=0}^{3} B_{l}\left(\frac{R}{r}\right)^{l+1} P_{l}(\cos \theta)
\]

where the values of \(B_{l}\) have been calculated, using boundary condition matching to find \(A_{l}\). Establish the final expression for the potential using the given Legendre polynomials.","Thus, at

\[
\left.\phi\right|_{r=R} \approx \sum_{l=0}^{3} \frac{A_{l}}{R^{l+1}} P_{l} = \sum_{l=0}^{3} B_{l} P_{l}
\]

Therefore,

\[
A_{l}=R^{l+1} B_{l}
\]

The final result is:

\[
\begin{aligned}
\phi & \approx \sum_{l=0}^{3} B_{l}\left(\frac{R}{r}\right)^{l+1} P_{l}(\cos \theta) \\
& =\phi_{0}\left\{\frac{R}{2r}+\frac{3}{4}\left(\frac{R}{r}\right)^{2} \cos \theta-\frac{7}{32}\left(\frac{R}{r}\right)^{4}\left(5 \cos^{2} \theta-3\right) \cos \theta \right\}
\end{aligned}
\]",\boxed{\phi_{0}\left\{\frac{R}{2r}+\frac{3}{4}\left(\frac{R}{r}\right)^{2} \cos \theta-\frac{7}{32}\left(\frac{R}{r}\right)^{4}\left(5 \cos^{2} \theta-3\right) \cos \theta \right\}},EX,,False,EN,Math Derivation
441,Electromagnetism,Classical Electromagnetism,Magstatics,A cylindrical conductor with a permeability of $\mu$ carries a uniform steady current. The radius of the conductor is $R$. Determine the magnetic field $\boldsymbol{B}$ and the magnetic field intensity $\boldsymbol{H}$ inside the conductor ($r<R$).,"Establish a cylindrical coordinate system with the $z$-axis as the central axis of the conductor and the $+z$ direction as the direction of current flow, as shown in figure 2.1 of the problem statement. Since the current is uniform, the current density is

$$
j=\frac{I}{\pi R^{2}} \mathbf{e}_{z}
$$

Let the distance from a point in space to the central axis of the conductor be $r$. Ampere's circuital law gives

$$
\oint_{L} \boldsymbol{H} \cdot \mathrm{d} \boldsymbol{l}=I(r)
$$

where $L$ is a loop of radius $r$ centered on the $z$-axis.\\
When $r<R$

$$
I(r)=\pi r^{2} j=\frac{I r^{2}}{R^{2}}
$$

Thus, we have

$$
\boldsymbol{H}(r)=\frac{I r}{2 \pi R^{2}} \mathbf{e}_{\theta}, \quad \boldsymbol{B}(r)=\frac{\mu I r}{2 \pi R^{2}} \mathbf{e}_{\theta}, \quad r<R
$$","\boxed{\boldsymbol{H}(r) = \frac{I r}{2 \pi R^{2}} \mathbf{e}_{\theta}, \boldsymbol{B}(r) = \frac{I r}{2 \pi R^{2}} \mathbf{e}_{\theta}}",EQ,"\text{A/m}, \text{T}",True,EN,Laws Application
442,Electromagnetism,Classical Electromagnetism,Electrostatics,"A non-charged conducting sphere of radius $R$ is floating on a liquid, with its mass being $m$; the dielectric constant of the liquid is $\varepsilon$, and the density is $\tau$. The conductor is submerged in the liquid with 3/4 of its volume. To make the conducting sphere submerged in the liquid with half of its volume, determine the electric potential $\phi_{0}$ that must be applied to the conducting sphere.","From the balance of forces, we have
\[
\frac{1}{2} \phi_{0}^{2} \left(\varepsilon - \varepsilon_{0}\right) - m g + \frac{2}{3} \pi R^{3} \tau g = 0 \tag{7}
\]

Solving, we find the electric potential applied to the sphere
\[
\phi_{0} = \sqrt{\frac{2}{3} \cdot \frac{\tau R^{3} g}{\varepsilon - \varepsilon_{0}}} \tag{8}
\]","\[
\boxed{\sqrt{\frac{2}{3} \cdot \frac{\tau R^{3} g}{\varepsilon - \varepsilon_{0}}}}
\]",NV,,False,EN,Laws Application
443,Electromagnetism,Classical Electromagnetism,Electrostatics,"A sphere with radius $a$ has a uniformly distributed bound charge on its surface with a total charge of $Q$. The sphere is surrounded by a uniform fluid dielectric. The dielectric constant $\varepsilon$ of the fluid is constant, and the free charge density in the fluid is given by

$$
\rho(\boldsymbol{r})=-k V(\boldsymbol{r})
$$

where $k$ is a constant, and $V(\boldsymbol{r})$ is the potential at point $r$ relative to infinity. Calculate the pressure in the dielectric as a function of $\boldsymbol{r}$.","Since the fluid is stable, we have

\[
p \boldsymbol{n} + \boldsymbol{n} \cdot \boldsymbol{T} = \text{constant}
\]

where $\boldsymbol{n} = \boldsymbol{e}_r$, and $\boldsymbol{T}$ is the Maxwell stress tensor. If the fluid is at rest, this constant equals 0, thus

\[
p \boldsymbol{e}_r = -\boldsymbol{e}_r \cdot \boldsymbol{T}
\]

When $\varepsilon$ is constant, we have

\[
\boldsymbol{T} = \boldsymbol{D E} - \frac{1}{2}(\boldsymbol{D} \cdot \boldsymbol{E}) \boldsymbol{I} = \frac{\varepsilon}{2} \begin{pmatrix} (\nabla V)^{2} & 0 & 0 \\ 0 & 0 & 0 \\ 0 & 0 & 0 \end{pmatrix}
\]

Thus, the pressure is

\[
p = -\frac{\varepsilon}{2}(\nabla V)^{2} = -\frac{\varepsilon}{2} \frac{(1+\alpha r)^{2}}{r^{2}} V^{2}(r) \tag{4}
\]",\boxed{-\frac{\varepsilon}{2} \frac{(1+\alpha r)^{2}}{r^{2}} V^{2}(r)},EX,,False,EN,Math Derivation
444,Electromagnetism,Classical Electromagnetism,Magstatics,A thin spherical shell with radius $R$ carries a $+q$ charge uniformly distributed over its surface. A small circular section of charge with radius $r \ll R$ is removed from the sphere's surface. Find the electric field inside and outside the sphere at the location of the hole.,"Before removing the small circular section of charge, the electric field inside the sphere is 0, and the electric field outside the sphere is $E = \frac{q}{4 \pi \varepsilon_0 R^2}$. The electric field due to the removed circular section is

$$
\frac{\sigma}{2 \varepsilon_0} = \frac{q}{8 \pi \varepsilon_0 R^2}
$$

Therefore, after removing the small circular section, the magnitude of the electric field both inside and outside the sphere at the location of the hole is $\frac{q}{8 \pi \varepsilon_0 R^2}$.",\boxed{\frac{q}{8 \pi \varepsilon_0 R^2}},NV,,False,EN,Laws Application
446,Electromagnetism,Classical Electromagnetism,Electrostatics,An electric dipole with a dipole moment \(\boldsymbol{p}\) is located at the center of a grounded conductive spherical cavity with a radius \(R\). The space outside the sphere is a vacuum. Find the electric field inside the spherical cavity.,"As shown in Figure 1.100 of the problem, the potential has been determined to be

\[
\varphi = \frac{\boldsymbol{p} \cdot \boldsymbol{r}}{4 \pi \varepsilon_{0} R^{3}}\left(1-\frac{R^{3}}{r^{3}}\right)
\]

The electric field inside the spherical cavity is

\[
\boldsymbol{E} = -\nabla \varphi = -\frac{|\boldsymbol{p}| \cos \theta}{4 \pi R^{3}}\left(1+\frac{R^{3}}{r^{3}}\right) \boldsymbol{e}_{r} + \frac{|\boldsymbol{p}| \sin \theta}{4 \pi R^{3}}\left(1-\frac{R^{3}}{r^{3}}\right) \boldsymbol{e}_{\theta}
\]",\boxed{-\frac{|\boldsymbol{p}| \cos \theta}{4 \pi R^{3}}\left(1+\frac{R^{3}}{r^{3}}\right) \boldsymbol{e}_{r} + \frac{|\boldsymbol{p}| \sin \theta}{4 \pi R^{3}}\left(1-\frac{R^{3}}{r^{3}}\right) \boldsymbol{e}_{\theta}},EX,,False,EN,Laws Application
450,Electromagnetism,Classical Electromagnetism,Circuit Analysis,"Switch the position of S to B (the open position). Find the magnitude and direction of the currents in \( R_1, R_2, \) and \( R_3 \) immediately after the switch is moved to point B.","After a few seconds, it can be assumed that \( \mathrm{e}^{-0.34 t} \approx 0 \), so immediately after the switch is moved to point B, we have

\[
\begin{array}{ll}
i_{1}(0) = 0 & \\
i_{2}(0) = 0.47 \, \text{A}, & \text{direction upwards} \\
i_{3}(0) = 0.47 \, \text{A}, & \text{direction downwards}
\end{array}
\]

The above uses the principle that ""the current through an inductor cannot change instantaneously.""","\boxed{i_1(0) = 0, i_2(0) = 0.47, i_3(0) = 0.47}",EQ,"None, \text{A}, \text{A}",True,EN,Laws Application
451,Electromagnetism,Classical Electromagnetism,Circuit Analysis,The voltage-current characteristics at two output terminals are equivalent to a battery with an electromotive force of $\varepsilon_{0}$ and an internal resistance of $r$. Find the short-circuit current of this battery.,"Short-circuit current

$$
I = \frac{\varepsilon_{0}}{r} = \frac{3}{4.8} = 0.625 \, (\mathrm{A})
$$",\boxed{0.625},NV,\mathrm{A},False,EN,Knowledge Recall
452,Electromagnetism,Classical Electromagnetism,Electrostatics,"On the surface of a disk with radius \(a\), there is a uniformly distributed charge with a total amount of \(q\). The electric potential at any point on the axis of symmetry is given by \(\varphi(z) = \frac{q}{2 \pi \varepsilon_{0} a^{2}}\left(\sqrt{a^{2}+z^{2}}-|z|\right)\). Find the expression for the electric potential at any point \(r\) \((r > a)\) in space, and express this in terms of angular harmonic functions.","In the region where \(r > a\), \(\nabla^{2} \varphi=0\), the solution is

\[
\varphi(r, \theta)=\sum_{n=0}^{\infty}\left(a_{n} r^{n}+\frac{b_{n}}{r^{n+1}}\right) P_{n}(\cos \theta)
\]

As \(r \rightarrow \infty\), \(\varphi \rightarrow 0\), hence \(a_{n}=0\).

For the upper half-space \(z>0\), on the axis, \(\varphi=\varphi(r, 0)\), since \(P_{n}(1)=1\), we have

\[
\varphi(r, 0)=\sum_{n=0}^{\infty} \frac{b_{n}}{r^{n+1}}
\]

For the lower half-space \(z<0\), on the axis, \(\varphi=\varphi(r, \pi)\), since \(P_{n}(-1)=(-1)^{n}\), we have

\[
\varphi(r, \pi)=\sum_{n=0}^{\infty}(-1)^{n} \frac{b_{n}}{r^{n+1}}
\]

Substituting the result of (a), on the axis where \(|z|=r, z>0\), we have

\[
\sum_{n=0}^{\infty} \frac{b_{n}}{r^{n+1}}=\frac{2 q}{4 \pi \varepsilon_{0} a^{2}}\left(\sqrt{a^{2}+r^{2}}-r\right)=\frac{q r}{2 \pi \varepsilon_{0} a^{2}}\left(\sqrt{1+\frac{a^{2}}{r^{2}}}-1\right)
\]

And

\[
\left(1+\frac{a^{2}}{r^{2}}\right)^{\frac{1}{2}}=1+\frac{1}{2}\left(\frac{a^{2}}{r^{2}}\right)+\frac{\frac{1}{2}\left(\frac{1}{2}-1\right)}{2!}\left(\frac{a^{2}}{r^{2}}\right)^{2}+\cdots+\frac{\frac{1}{2}\left(\frac{1}{2}-1\right) \cdots\left(\frac{1}{2}-n+1\right)}{n!}\left(\frac{a^{2}}{r^{2}}\right)^{n}
\]

Thus

\[
\sum_{n=0}^{\infty} \frac{b_{n}}{r^{n+1}}=\frac{q r}{2 \pi \varepsilon_{0} a^{2}} \sum_{n=1}^{\infty} \frac{\frac{1}{2}\left(\frac{1}{2}-1\right) \cdots\left(\frac{1}{2}-n+1\right)}{n!}\left(\frac{a^{2}}{r^{2}}\right)^{n}
\]

By comparing the coefficients of each power of \(r\), we find

\[
\begin{aligned}
& b_{2 n-1}=0 \\
& b_{2 n-2}=\frac{q}{2 \pi \varepsilon_{0} a^{2}} \cdot \frac{\frac{1}{2}\left(\frac{1}{2}-1\right) \cdots\left(\frac{1}{2}-n+1\right)}{n!} a^{2 n}
\end{aligned}
\]

Therefore, the electric potential at any point \(r\) in the region \(z>0\) is

\[
\varphi(r)=\frac{q}{2 \pi \varepsilon_{0} a} \sum_{n=1}^{\infty} \frac{\frac{1}{2}\left(\frac{1}{2}-1\right) \ldots\left(\frac{1}{2}-n+1\right)}{n!} \times\left(\frac{a}{r}\right)^{2 n-1} P_{2 n-2}(\cos \theta), \quad z>0
\]

For the region \(z<0\), doing a similar treatment, since \((-1)^{2 n-2}=1\), we have

\[
\varphi(r)=\frac{q}{2 \pi \varepsilon_{0} a} \sum_{n=1}^{\infty} \frac{\frac{1}{2}\left(\frac{1}{2}-1\right) \ldots\left(\frac{1}{2}-n+1\right)}{n!} \times\left(\frac{a}{r}\right)^{2 n-1} P_{2 n-2}(\cos \theta), \quad z<0
\]

Thus, the expression for \(\varphi(r)\) in the entire space is the same and is in the form of a Legendre polynomial.",\boxed{\varphi(r)=\frac{q}{2 \pi \varepsilon_{0} a} \sum_{n=1}^{\infty} \frac{\frac{1}{2}\left(\frac{1}{2}-1\right) \ldots\left(\frac{1}{2}-n+1\right)}{n!} \times\left(\frac{a}{r}\right)^{2 n-1} P_{2 n-2}(\cos \theta)},EX,,False,EN,Math Derivation
453,Electromagnetism,Classical Electromagnetism,Electrostatics,"A spherical capacitor is composed of three very thin concentric conducting shells with radii $a, b,$ and $d$ ($a < b < d$). An insulating wire connects the inner and outer spheres through a small hole in the middle shell, ignoring the edge effects of the hole. If an arbitrary static charge $Q_{B}$ is placed on the middle shell, determine how this charge will be distributed on the inner and outer surfaces of the middle shell.","When the middle shell has a total static charge $Q_{B}$,

$$
Q_{B} = Q_{2} - Q_{1}
$$

we obtain

$$
\begin{aligned}
& Q_{1} = -\frac{a(d-b)}{b(d-a)} Q_{B} \\
& Q_{2} = \frac{d(b-a)}{b(d-a)} Q_{B}
\end{aligned}
$$

This means that the inner surface of the middle shell carries a total charge of $\frac{a(d-b)}{b(d-a)} Q_{B}$, and the outer surface carries a total charge of

$$
\frac{d(b-a)}{b(d-a)} Q_{B}.
$$","\boxed{\frac{a(d-b)}{b(d-a)} Q_{B}, \frac{d(b-a)}{b(d-a)} Q_{B}}","NV, NV","None, None",True,EN,Math Derivation
455,Electromagnetism,Classical Electromagnetism,Electrostatics,"In the plane at $z=0$, a system composed of two thin metal wires has a capacitance of $C$. If the half-space in $z<0$ is filled with a dielectric with dielectric constant $\varepsilon$, what is the new capacitance value?","As shown in Figure 1.61, before introducing the dielectric, one wire carries a positive charge $+Q$ and the other a negative charge $-Q$. The potential difference between them is $V$, so the capacitance of the system is $C=Q/V$. At this time, the electric field in space is $\boldsymbol{E}$. After introducing the dielectric with $\varepsilon$ into the lower half-space, the electric field is denoted as $E^{\prime}$, related to the original field by $E^{\prime}=\boldsymbol{K} \boldsymbol{E}$, where $K$ is a constant to be determined.

$$
<image 1>
$$

Figure 1.61\\
Take the $z=0$ plane as the boundary, and consider a short cylinder with the area enclosed by the wire carrying $+Q$ as the central cross-section. The top surface $S_{1}$ of the cylinder is in the space where $z>0$, and the bottom surface $S_{2}$ is in the space where $z<0$. Due to the continuity of the tangential components of the electric field at the boundary, when applying Gauss's theorem to the surface area $S$ of the short cylinder, the contribution of the tangential component of the electric field equals zero, i.e.,

\begin{equation*}
\oint_{S} \boldsymbol{D} \cdot \mathrm{d} \boldsymbol{S}=\varepsilon_{0} \int_{S_{1}} \boldsymbol{E} \cdot \mathrm{d} \boldsymbol{S}+\varepsilon_{0} \int_{S_{2}} \boldsymbol{E} \cdot \mathrm{d} \boldsymbol{S} = \boldsymbol{Q} \tag{1}
\end{equation*}

and

\begin{equation*}
\oint_{S} \boldsymbol{D}^{\prime} \cdot \mathrm{d} \boldsymbol{S}=\varepsilon_{0} \int_{S_{1}} \boldsymbol{E}^{\prime} \cdot \mathrm{d} \boldsymbol{S}+\varepsilon \int_{S_{2}} \boldsymbol{E}^{\prime} \cdot \mathrm{d} \boldsymbol{S} = \boldsymbol{Q} \tag{2}
\end{equation*}",\boxed{C \cdot \frac{\varepsilon + \varepsilon_{0}}{2 \varepsilon_{0}}},EX,,False,EN,Math Derivation
456,Electromagnetism,Classical Electromagnetism,Electrostatics,"When a cloud passes over a certain location on Earth, the electric field recorded on the Earth's surface is $E=100 \mathrm{~V/m}$. The bottom of the cloud is $d=300 \mathrm{~m}$ above the Earth's surface, and the top of the cloud is also $d=300 \mathrm{~m}$ above the bottom. Assume the cloud is electrically neutral, but there is a charge $+q$ at the top and a charge $-q$ at the bottom. Determine the magnitude of the charge $q$. Assume there are no other charges in the atmosphere besides those on the cloud.","Using the method of image charges, as illustrated in Figure 1.93, the electric field at point $O$ on the Earth's surface is given by

$$
E=2 \cdot \frac{1}{4 \pi \varepsilon_{0}} \cdot \frac{q}{d^{2}}-2 \cdot \frac{1}{4 \pi \varepsilon_{0}} \cdot \frac{q}{(2d)^{2}}
$$

Thus, we find

$$
q=\frac{8 \pi \varepsilon_{0} d^{2} E}{3} = 6.7 \times 10^{-4} \, \mathrm{C}
$$",\boxed{6.7 \times 10^{-4}},NV,,False,EN,Practical Application
458,Electromagnetism,Classical Electromagnetism,Electrostatics,"A non-charged conducting sphere with a radius $R$ floats on a liquid, and its mass is $m$; the dielectric constant of the liquid is $\varepsilon$, and its density is $\tau$. To have half of the sphere's volume submerged in the liquid, find the electrostatic stress tensors on the upper and lower surfaces of the sphere.","The stress tensors of the electrostatic field on the upper and lower surfaces of the sphere are respectively
\[
\boldsymbol{T}_{1} = -\varepsilon_{0} \boldsymbol{E} \boldsymbol{E} + \frac{1}{2} \varepsilon_{0} E^{2} \boldsymbol{I}, \quad \boldsymbol{T}_{2} = -\varepsilon \boldsymbol{E}^{\prime} \boldsymbol{E}^{\prime} + \frac{1}{2} \varepsilon E^{\prime 2} \boldsymbol{I} \tag{3}
\]","\boxed{-\varepsilon_{0} \boldsymbol{E} \boldsymbol{E} + \frac{1}{2} \varepsilon_{0} E^{2} \boldsymbol{I}, -\varepsilon \boldsymbol{E}^{\prime} \boldsymbol{E}^{\prime} + \frac{1}{2} \varepsilon E^{\prime 2} \boldsymbol{I}}","EX, EX",,True,EN,Laws Application
459,Electromagnetism,Classical Electromagnetism,Magstatics,"Two charges, \( +q \) and \( -q \), are moved from infinity to a distance \( d \) from the surface of a conductor, separated by a distance \( r \). Determine the magnitude and sign of the work done by the external force during this process.","The work done by the external force can be divided into three parts.

1) The work done by the external force to move the point charge \( q \) from infinity to a distance \( d \) from the conductor plane. When \( q \) is at a distance \( z \) from the conductor plane, the force is \( F = -\frac{q^{2}}{4 \pi \varepsilon_{0}(2 z)^{2}} \). Thus, the external force does negative work:

\[ 
A_{1} = -\int_{\infty}^{d} F \, \mathrm{d}z = -\frac{q^{2}}{16 \pi \varepsilon_{0} d} 
\]

2) The work done by the external force to move the point charge \( -q \) from infinity to a distance \( d \) from the conductor plane, but far away from the already moved \( q \). In this case, the work done is the same as before:

\[ 
A_{2} = A_{1} = -\frac{q^{2}}{16 \pi \varepsilon_{0} d} 
\]

3) The work done by the external force to move the point charge \( -q \) parallel to the conductor plane to a distance \( r \) from \( q \). During this process, when \( -q \) is at a distance \( x \) from \( +q \), the horizontal force on \( -q \) is:

\[ 
F = -\frac{q^{2}}{4 \pi \varepsilon_{0} x^{2}} + \frac{q^{2} x}{4 \pi \varepsilon_{0}\left(x^{2}+4 d^{2}\right)^{3 / 2}} 
\]

Thus, the work done by the external force is:

\[ 
\begin{aligned} 
A_{3} & = -\int_{\infty}^{r} F \, \mathrm{d}x = \int_{\infty}^{r} \frac{q^{2}}{4 \pi \varepsilon_{0} x^{2}} \, \mathrm{d}x - \int_{\infty}^{r} \frac{q^{2} x}{4 \pi \varepsilon_{0}\left(x^{2}+4 d^{2}\right)^{3 / 2}} \, \mathrm{d}x \\
& = -\frac{q^{2}}{4 \pi \varepsilon_{0} r} + \frac{q^{2}}{4 \pi \varepsilon_{0}\left(r^{2}+4 d^{2}\right)^{1 / 2}} 
\end{aligned} 
\]

The total work done by the external force is:

\[ 
A = A_{1} + A_{2} + A_{3} = -\frac{q^{2}}{4 \pi \varepsilon_{0}}\left[\frac{1}{r} + \frac{1}{2 d} - \frac{1}{\left(r^{2} + 4 d^{2}\right)^{1/2}}\right] 
\]

Alternatively, using the method of image charges, the potential at the position of \( q \) is:

\[ 
\varphi_{1} = \frac{q}{4 \pi \varepsilon_{0}}\left(-\frac{1}{r} - \frac{1}{2 d} + \frac{1}{\sqrt{r^{2} + 4 d^{2}}}\right) 
\]

The potential at the position of \( -q \) is:

\[ 
\varphi_{2} = \frac{q}{4 \pi \varepsilon_{0}}\left(\frac{1}{r} + \frac{1}{2 d} - \frac{1}{\sqrt{r^{2} + 4 d^{2}}}\right) 
\]

Thus, the electrostatic energy is:

\[ 
W_{\mathrm{e}} = \frac{1}{2} q \varphi_{1} + \frac{1}{2}(-q) \varphi_{2} = q \varphi_{1} = \frac{q^{2}}{4 \pi \varepsilon_{0}}\left(-\frac{1}{r} - \frac{1}{2 d} + \frac{1}{\sqrt{r^{2} + 4 d^{2}}}\right) 
\]

The work done by the external force is:

\[ 
W = W_{\mathrm{e}} = -\frac{q^{2}}{4 \pi \varepsilon_{0}}\left(\frac{1}{r} + \frac{1}{2 d} - \frac{1}{\sqrt{r^{2} + 4 d^{2}}}\right) 
\]

The formula for the electrostatic energy above derives from \( W_{\mathrm{e}} = \frac{1}{2} \int \rho \varphi \, \mathrm{d} \tau \), assuming the potential on the conductor surface is zero.","\[
\boxed{-\frac{q^{2}}{4 \pi \varepsilon_{0}}\left(\frac{1}{r}+\frac{1}{2 d}-\frac{1}{\sqrt{r^{2}+4 d^{2}}}\right)}
\]",NV,,False,EN,Math Derivation
460,Electromagnetism,Classical Electromagnetism,Circuit Analysis,"Calculate the energy stored in a $3 \, \mu \mathrm{F}$ capacitor.","The energy stored in a $3 \, \mu \mathrm{F}$ capacitor is

$$
\frac{1}{2} C V^{2}=\frac{1}{2} \times 3 \times 10^{-6} \times 0.53^{2} = 0.42 \times 10^{-6} \, \mathrm{J}
$$",\boxed{0.42 \times 10^{-6}},NV,\mathrm{J},False,EN,
461,Electromagnetism,Classical Electromagnetism,Magstatics,"Charge \(Q\) is uniformly distributed on the outer surface of an insulating long cylinder with a radius \(R\) and a length \(L(L \gg R)\). Now, with the external field removed, the cylinder rotates with an angular velocity \(\omega(t)=\omega_{0}\left(1-t / t_{0}\right)\). If a single-turn coil is placed through the cylinder to replace the coil in (c), and the rotational speed of the cylinder decreases according to the aforementioned regulation, what will be the current in the coil?","For the diagram 2.77(c), the magnetic flux \(\phi\) passing through the coil is zero, so there is no induced current in the coil.",\boxed{0},NV,,False,EN,Laws Application
462,Electromagnetism,Classical Electromagnetism,Magstatics,"A long thin wire carries a current $I$ and is located at a distance $d$ from a semi-infinite iron block. Assume the permeability of the iron block is infinite. Suppose the magnitude of the image current inside the iron block is $I^{\prime}$, located at $x=-d$. Determine the magnitude and direction of $I^{\prime}$.","We solve this using the method of images. Let the image current be $I^{\prime}$, located at $x=-d$, with its direction opposite to that of $I$. Its magnitude is given by

$$
I^{\prime}=\frac{\mu-\mu_{0}}{\mu+\mu_{0}} I.
$$

Since $\mu \rightarrow \infty$, it follows that $I^{\prime}=I$.",\boxed{I},NV,,False,EN,Laws Application
463,Electromagnetism,Classical Electromagnetism,Electrostatics,"A cylindrical capacitor is composed of a metal rod with a radius of \( a \) and a long conductive cylindrical shell with an inner radius of \( b \). One end of the system is immersed in a liquid with a dielectric constant \( \varepsilon \) and density \( \rho \). A voltage \( V_{0} \) is applied across the capacitor. Assume the cylinder has a length \( l \), the immersed portion with the dielectric has a length \( x \), and there is no conduction current in the liquid. Neglect edge effects and determine the capacitance \( C \) of the capacitor.","The capacitance of the capacitor can be expressed as:

$$
C = \frac{2 \pi \left[\left(\varepsilon - \varepsilon_{0}\right) x + \varepsilon_{0} l\right]}{\ln(b / a)}
$$",\boxed{\frac{2 \pi \left[\left(\varepsilon - \varepsilon_{0}\right) x + \varepsilon_{0} l\right]}{\ln(b / a)}},NV,,False,EN,Practical Application
464,Electromagnetism,Classical Electromagnetism,Magstatics,"Two infinitely long straight wires, separated by a distance $d$, carry equal but opposite currents $I$, with the current increasing at a rate of $\frac{\mathrm{d}I}{\mathrm{d}t}$. A square loop with side length $d$ is located in the plane of the wires and at a distance $d$ from one of the wires. Find the induced electromotive force (emf) in the loop.","The magnetic field produced by an infinitely long straight wire carrying current $I$ at a distance $r$ from the wire is

$$
B_{0} = \frac{\mu_{0} I}{2 \pi r}
$$

Thus, the magnetic flux through the loop from the wire further from the loop is

$$
\Phi_{1} = \int_{2d}^{3d} \frac{\mu_{0} I}{2 \pi r} \mathrm{d} r = \frac{\mu_{0} I d}{2 \pi} \ln \frac{3}{2}
$$

with the direction into the page. The magnetic flux through the loop from the wire closer to the loop is

$$
\Phi_{2} = \int_{d}^{2d} \frac{\mu_{0} I}{2 \pi r} \mathrm{d} r = \frac{\mu_{0} I d}{2 \pi} \ln 2
$$

with the direction out of the page. Therefore, the total magnetic flux $\Phi = \Phi_{2} - \Phi_{1} = \frac{\mu_{0} I d}{2 \pi} \ln \frac{4}{3}$, directed out of the page. The induced electromotive force is

$$
\varepsilon = -\frac{\mathrm{d} \Phi}{\mathrm{d} t} = -\frac{\mu_{0} d}{2 \pi} \ln \frac{4}{3} \cdot \frac{\mathrm{d} I}{\mathrm{d} t}
$$",\boxed{-\frac{\mu_{0} d}{2 \pi} \ln \frac{4}{3} \cdot \frac{\mathrm{d} I}{\mathrm{d}t}},EX,,False,EN,Laws Application
466,Electromagnetism,Classical Electromagnetism,Circuit Analysis,"A high-gain, differential-input operational amplifier is configured with negative feedback, where the open-loop gain \(A\) can be considered ""infinite,"" and its output resistance can be ignored. If a sinusoidal voltage with input frequency \(\omega\) is applied across terminals \((\mathrm{J}_{1}, \mathrm{~J}_{2})\), determine the input impedance between the two points.","If a sinusoidal voltage with frequency \(\omega\) is applied across \(\mathrm{J}_{1}, \mathrm{~J}_{2}\), then the input impedance between the two points is

\[
R+\frac{1}{\mathrm{j} \omega C_{\mathrm{f}}}.
\]",\boxed{R+\frac{1}{\mathrm{j} \omega C_{\mathrm{f}}}},EX,,False,EN,Laws Application
467,Electromagnetism,Classical Electromagnetism,Electrostatics,"Determine the electric potential $\phi_{f}(x, 0, 0)$ at a field point on the $x$-axis from the electric field.","From Equation (8), the electric potential at a field point on the $x$-axis is given by

\[
\phi_{f}(x, 0, 0) = \int_{x}^{\infty} E_{f}(x, 0, 0) \, \mathrm{d}x = \frac{\sigma_{0} f^{2}}{2 \varepsilon_{0}} \int_{x}^{\infty} \frac{\mathrm{d}x}{f^{2} + x^{2}} = \left. \frac{\sigma_{0} f}{2 \varepsilon_{0}} \arctan \frac{x}{f} \right|_{x}^{\infty} \tag{11}
\]

\[
= \frac{\sigma_{0} f}{2 \varepsilon_{0}} \left( \frac{\pi}{2} - \arctan \frac{x}{f} \right) = \frac{Q^{\prime}}{4 \pi \varepsilon_{0} f} \left( \frac{\pi}{2} - \arctan \frac{x}{f} \right)
\]",\boxed{\frac{Q^{\prime}}{4 \pi \varepsilon_{0} f}\left(\frac{\pi}{2}-\arctan \frac{x}{f}\right)},EX,,False,EN,Math Derivation
468,Electromagnetism,Classical Electromagnetism,Electrostatics,"In an equipotential surface formed by a flattened rotating ellipsoid, it is assumed that the electrostatic field charge is only distributed on the degenerate ellipsoid, which is a circular surface. Determine the total charge $Q^{\prime}$ on this circular surface.","The total charge on the circular surface is

\[
Q^{\prime} = \int_{0}^{f} 2 \pi \sigma(r) r \mathrm{~d} r = 2 \lambda k \int_{0}^{f} \frac{r \mathrm{~d} r}{\sqrt{1-\frac{r^{2}}{f^{2}}}} = 2 \lambda k f^{2} = 2 \pi f^{2} \sigma_{0} \tag{7}
\]

Hence, $k = Q^{\prime} /\left(2 \lambda f^{2}\right)$.",\boxed{2 \pi f^{2} \sigma_{0}},NV,,False,EN,Math Derivation
469,Electromagnetism,Classical Electromagnetism,Magstatics,"Charge $Q$ is uniformly distributed on the outer surface of an insulating long cylinder with a radius $R$ and length $L(L \gg R)$. Remove any external fields, and let the cylinder rotate at an angular velocity $\omega$. Determine the magnitude and direction of the magnetic field inside the cylinder.","Removing any external fields, the cylinder rotates at an angular velocity $\omega$, resulting in a surface current density of

$$
i = \frac{Q}{2 \pi R L} \cdot \omega R = \frac{Q \omega}{2 \pi L}
$$

According to Ampere's circuital law, the magnetic field inside the cylinder is

$$
\boldsymbol{B} = \frac{\mu_{0} Q \omega}{2 \pi L} \boldsymbol{e}_{z}
$$",\boxed{\frac{\mu_{0} Q \omega}{2 \pi L} \boldsymbol{e}_{z}},EX,,False,EN,Laws Application
471,Electromagnetism,Classical Electromagnetism,Circuit Analysis,"Under the above conditions, what are the values of the inductance \(L\) and capacitance \(C\)?","At resonance,

\[
LC=\frac{1}{\omega_{0}^{2}}
\]

When \(f=60 \, \mathrm{Hz}\), the effective impedance \(Z = \frac{u}{i}=\frac{1.0 \, \mathrm{V}}{0.01 \, \mathrm{A}}=100 \, \Omega\), and

\[
\begin{aligned}
& \dot{Z} = \frac{1}{\frac{1}{R}+\frac{1}{\mathrm{j}\left(\omega L-\frac{1}{\omega C}\right)}} = \frac{1}{\frac{1}{R}+\frac{1}{\mathrm{j} \omega L\left(1-\frac{\omega_{0}^{2}}{\omega^{2}}\right)}} \\
& L = \left[\frac{1}{\frac{1}{Z^{2}}-\frac{1}{R^{2}}} \cdot \frac{1}{\omega^{2}\left(1-\frac{\omega_{0}^{2}}{\omega^{2}}\right)^{2}}\right]^{-1/2}
\end{aligned}
\]

Because

\[
\left| Z \right| \approx \frac{1}{10} R, \quad \frac{\omega_{0}}{\omega}=\frac{1000}{60}>10
\]

Therefore,

\[
\begin{aligned}
& L \approx \frac{\omega}{\omega_{0}^{2}}|Z| = \frac{60 \times 2 \pi}{(1000 \times 2 \pi)^{2}} \times 100 = 0.95 \, (\mathrm{mH}) \\
& C=\frac{1}{L \omega_{0}^{2}} = \frac{1}{\omega |Z|} = \frac{1}{60 \times 2 \pi \times 100} \approx 27 \, (\mu \mathrm{F})
\end{aligned}
\]","\boxed{L = 0.95, C = 27}",EQ,"\mathrm{mH}, \mu \mathrm{F}",True,EN,Math Derivation
472,Electromagnetism,Classical Electromagnetism,Magstatics,A uniformly magnetized spherical medium with a radius of \( a \) has a magnetization intensity of \( \boldsymbol{M} \). Find the magnetic field outside the spherical medium.,"Using the concept of equivalent magnetic charges, imagine the molecules of the magnetic medium contain positive and negative magnetic charges, similar to electrons. When unpolarized, the centers of positive and negative magnetic charges coincide. Polarization occurs through the separation of the centers of positive and negative charges within its molecules. Let the separation displacement be \( \delta \) for each molecule, the molecular ""magnetic charge"" be \( q_{m} \), and the density of molecules be \( n \). The magnetic dipole moment in a volume element \( \delta V \) is given by

\[
\delta m = \sum_{i} m_{i} = \frac{1}{\mu_{0}} n \delta V \cdot q_{m} \delta l 
\]

Thus, the magnetization intensity is

\[
\boldsymbol{M} = \frac{\delta \boldsymbol{m}}{\delta V} = \frac{1}{\mu_{0}} q_{m} n \delta \boldsymbol{l} 
\]

Similar to the electron case, uniform magnetization of the spherical medium is equivalent to the displacement of two spheres with opposite magnetic charges. According to the principle of superposition of magnetic fields, the magnetic field strength outside the sphere is

\[
\boldsymbol{H} = -\frac{a^{3}}{3 \mu_{0}} q_{m} n \delta l \cdot \nabla \frac{\boldsymbol{r}}{r^{3}}, \quad |\boldsymbol{r}| > a
\]

Expressing the above in terms of \( \boldsymbol{M} \),

\[
\boldsymbol{H} = -\frac{a^{3}}{3} \boldsymbol{M} \cdot \nabla \frac{r}{r^{3}}, \quad |r| > a
\]

The magnetic induction \( \boldsymbol{B} = \mu_{0}(\boldsymbol{H} + \boldsymbol{M}) \) is

\[
\boldsymbol{B} = -\frac{\mu_{0} a^{3}}{3} \boldsymbol{M} \cdot \nabla \frac{\boldsymbol{r}}{r^{3}}, \quad |\boldsymbol{r}| > a
\]

The magnetic field outside the sphere is equivalent to that of a dipole \( \boldsymbol{M} \) located at the origin.","\boxed{\boldsymbol{B} = -\frac{\mu_{0} a^{3}}{3} \boldsymbol{M} \cdot \nabla \frac{\boldsymbol{r}}{r^{3}}, \, (a, \infty)}","EQ, IN",,True,EN,Math Derivation
474,Electromagnetism,Classical Electromagnetism,Electrostatics,A uniformly polarized dielectric sphere with a radius of $a$ has a polarization intensity of $\boldsymbol{P}$. Find the electric field outside the dielectric sphere.,"Let's consider the microscopic image of the polarization of the dielectric material. The polarization of a dielectric has two microscopic mechanisms: one is the orientation polarization of polar molecules' inherent dipoles, and the other is the electronic displacement polarization of non-polar molecules. Let us adopt the latter microscopic image of polarization. Assume that due to electronic displacement, a dielectric molecule experiences a displacement $\delta l$ between the centers of positive and negative charges. Since the polarization is uniform, this displacement is the same for every molecule.

Let the number density of molecules be $n$, then the electric dipole moment within a volume element $\delta V$ is
$$
\delta p = \sum_{i} p_{i} = n \delta V \cdot e \delta l
$$

Hence, the polarization intensity is
\begin{equation*}
\boldsymbol{P} = \frac{\delta \boldsymbol{p}}{\delta V} = e n \delta \boldsymbol{l} \tag{1}
\end{equation*}

According to the adopted polarization image, the polarization is equivalent to a small displacement $\delta l$ separating the positive and negative centers of every neutral molecule. For the uniform polarization of the dielectric sphere, we can imagine this as the overall displacement $\delta l$ of two initially coincident oppositely charged uniformly charged spheres. According to the superposition principle of the electrostatic field, the electric field induced by the dielectric sphere is the superposition of the electric fields of these two charged spheres. If the center of the negative sphere is taken as the origin, then the center of the positive sphere is at $\delta l$. Using Gauss's theorem and spherical symmetry, the electric fields induced by the two uniformly charged spheres can be easily derived, with the electric field intensity given by
\[
\boldsymbol{E}^{(-)} = -\frac{1}{3 \varepsilon_{0}} e n \frac{a^{3}}{r^{3}} \boldsymbol{r}, \quad |\boldsymbol{r}| > a 
\]

\[
\boldsymbol{E}^{(+)} = \frac{1}{3 \varepsilon_{0}} e n \frac{a^{3}}{r^{3}} \boldsymbol{r}, \quad \left|\boldsymbol{r}^{\prime}\right| > a 
\]

where $\boldsymbol{r}^{\prime} = \boldsymbol{r} - \boldsymbol{\delta l}$.

According to the superposition principle of the electrostatic field, the electric field outside the dielectric sphere is
\[
\boldsymbol{E} = \boldsymbol{E}^{(-)} + \boldsymbol{E}^{(+)} = -\frac{a^{3}}{3 \varepsilon_{0}} e n \delta l \cdot \nabla \frac{\boldsymbol{r}}{r^{3}}, \quad |r| > a
\]

Substituting Equation (1) into the above expression to represent it in terms of $\boldsymbol{P}$:
\[
\boldsymbol{E} = -\frac{a^{3}}{3 \varepsilon_{0}} \boldsymbol{P} \cdot \nabla \frac{\boldsymbol{r}}{r^{3}} = -\frac{\boldsymbol{P}_{t}}{4 \pi \varepsilon_{0}} \cdot \nabla \frac{\boldsymbol{r}}{r^{3}}, \quad |\boldsymbol{r}| > a
\]","\boxed{\boldsymbol{E} = -\frac{\boldsymbol{P}_{t}}{4 \pi \varepsilon_{0}} \cdot \nabla \frac{\boldsymbol{r}}{r^{3}}, |\boldsymbol{r}| > a}","EQ, IN",,True,EN,Math Derivation
478,Electromagnetism,Classical Electromagnetism,Magstatics,"There is a high-energy particle beam, with each particle having momentum $\boldsymbol{P}$ parallel to the axis of a cylinder and a positive charge $q$, striking one end of the cylinder from the left. Prove that after passing through the cylinder, the particle beam focuses at a point, and calculate the focal length (assuming the length of the cylinder is much shorter than the focal length, making a ""thin lens"" approximation. Neglect the deceleration and scattering of the particle beam by the material of the cylinder itself).","Consider a particle in the beam at a distance $r (r \ll R)$ from the axis of the cylinder. The magnetic force acting on it is

$$
\boldsymbol{F} = q \boldsymbol{V} \times \boldsymbol{B} = q\left(\boldsymbol{V}_{\|} + \boldsymbol{V}_{\perp}\right) \times \boldsymbol{B} = q\left(-V_{\|} \boldsymbol{B} \boldsymbol{e}_{\mathrm{r}} + V_{\perp} B \boldsymbol{e}_{z}\right)
$$

When this particle moves a distance $\mathrm{d} z$ within the cylinder, the change in transverse momentum is

$$
\mathrm{d} \boldsymbol{P}_{\perp} = \boldsymbol{F}_{\perp} \mathrm{d} t = -q V_{\|} B(r) \mathrm{d} t \boldsymbol{e}_{\mathrm{r}} = -q V_{\|} B(r) \frac{\mathrm{d} z}{V_{\|}} \boldsymbol{e}_{\mathrm{r}} = -q B \mathrm{~d} z \boldsymbol{e}_{\mathrm{r}}
$$

Hence, the transverse motion of the particle is subject to a ""focusing force."" Given the condition that the cylinder length is much shorter than the focal length, it can be assumed that the particle undergoes very small transverse displacement while moving through the cylinder and only acquires transverse velocity (momentum). This transverse momentum is:

$$
P_{\perp} = P_{\mathrm{r}} = \int_{0}^{L} \mathrm{~d} P_{\perp} = \int_{0}^{L} q B \mathrm{~d} z
$$

In the above integral, since the transverse displacement of the particle is very small, $B = B(r)$ is considered constant, therefore:

$$
P_{\mathrm{r}} = q B L = \frac{\mu_{0} q I L r}{2 \pi R^{2}}
$$

This is proportional to $r$. When the particle exits the cylinder and reaches the axis position, the displacement along the axial direction is:

$$
\begin{aligned}
f & = V_{\|} \tau = V_{\|} \frac{r}{V_{\perp}} = \frac{P_{\|}}{P_{\perp}} r \approx \frac{P}{P_{\perp}} r \\
& = \frac{P_{\mathrm{r}}}{\frac{\mu_{0} q I L r}{2 \pi R^{2}}} = \frac{2 \pi P R^{2}}{\mu_{0} q I L}
\end{aligned}
$$

$f$ is independent of $r$, indicating that all particles in the beam focus at a point after passing through the cylinder. Thus the required focal length is:

$$
f = \frac{2 \pi P R^{2}}{\mu_{0} q I L}
$$",\boxed{f = \frac{2 \pi P R^{2}}{\mu_{0} q I L}},EQ,,False,EN,Math Derivation
481,Electromagnetism,Classical Electromagnetism,Magstatics,"A dielectric thin spherical shell, with a radius of $R$, rotates around one of its diameters at an angular velocity $\omega$, and the surface of the sphere has a uniform surface charge density $\sigma$. Assume the mass of the spherical shell can be neglected. If a constant torque $N$ is applied parallel to $\omega$, how long will it take for the spherical shell to stop rotating?","When no constant torque $\boldsymbol{N}$ is applied, the total magnetic energy of the system is 

$$
\begin{aligned}
W_{\mathrm{m}} & = \int_{\infty} \frac{B^{2}}{2 \mu_{0}} \, dV = \int_{\text{inside sphere}} \frac{B^{2}}{2 \mu_{0}} \, dV + \int_{\text{outside sphere}} \frac{B^{2}}{2 \mu_{0}} \, dV \\
& = \frac{1}{2 \mu_{0}} \left(\frac{2}{3} \mu_{0} \sigma R \omega\right)^{2} \frac{4}{3} \pi R^{3} + \frac{1}{2 \mu_{0}} \left(\frac{\mu_{0}}{3} R^{4} \sigma \omega\right)^{2} \int_{\text{outside sphere}} \frac{\left(1 + 3 \cos^{2} \theta\right)}{r^{6}} \, dV
\end{aligned}
$$

Also

$$
\int_{\text{outside sphere}}\left(\frac{1 + 3 \cos^{2} \theta}{r^{6}}\right) \, dV = \int_{R}^{\infty} dr \int_{0}^{\pi} d\theta \int_{0}^{2\pi} d\varphi \frac{\left(1 + 3 \cos^{2} \theta\right)}{r^{4}} \sin \theta = \frac{4\pi}{3R^{4}}
$$

Hence

$$
W_{\mathrm{m}} = \frac{4\pi}{9} \mu_{0} \sigma^{2} \omega^{2} R^{5}
$$

Assuming that under the influence of constant torque $\boldsymbol{N}$, the spherical shell stops rotating after time $t$, and by conservation of energy:

$$
\frac{dW_{\mathrm{m}}}{dt} = N \omega, \quad N \text{ is a constant}
$$

We obtain

$$
t = \frac{W_{\mathrm{m}}}{N \omega} = \frac{4\pi \mu_{0} \sigma^{2} \omega R^{5}}{9N}
$$","\[
\boxed{\frac{4\pi \mu_{0} \sigma^{2} \omega R^{5}}{9N}}
\]",EX,,False,EN,Math Derivation
482,Electromagnetism,Classical Electromagnetism,Circuit Analysis,"What is the deflection angle of a meson with a momentum of $100 \mathrm{GeV}/\mathrm{C}$ as it passes through a 2 m long ""horn"" magnetic field at a radius of 15 cm?","(e)
$$
P = \frac{m_{0} v}{\sqrt{1-\frac{v^{2}}{c^{2}}}} = 100 \, \mathrm{GeV}/c
$$

Therefore,
$$
\frac{m_{0} v c}{\sqrt{1-\frac{v^{2}}{c^{2}}}} = 10^{11} \, \mathrm{eV} \gg m_{0} c^{2} = 1.4 \times 10^{8} \, \mathrm{eV}
$$

So,
$$
v \approx c
$$

Deflection force:
$$
\begin{aligned}
F &= e B v = 1.6 \times 10^{-19} \times 0.4 \times 3 \times 10^{8} \\
&= 1.9 \times 10^{-11} \, \mathrm{N}
\end{aligned}
$$

Deflection distance:
$$
\begin{aligned}
x &= \frac{1}{2} a t^{2} = \frac{1}{2} \cdot \frac{F}{m} \left( \frac{l}{c} \right)^{2} \\
&= \frac{1}{2} \times \frac{1.9 \times 10^{-11}}{100 \times 10^{9} \times 1.6 \times 10^{-19} / c^{2}} \times \frac{4}{c^{2}} = 0.0024 \, \mathrm{m}
\end{aligned}
$$

Deflection angle:
$$
\theta = \arctan \left( \frac{0.0024}{2} \right) = 0.069^{\circ}
$$",\boxed{0.069},NV,^\circ,False,EN,Laws Application
484,Electromagnetism,Classical Electromagnetism,Electrostatics,"A capacitor is composed of two parallel plates separated by a distance $d$, and it is vertically immersed in a dielectric fluid with a relative permittivity $k$ and density $\rho$. Find the height to which the liquid rises when the capacitor is disconnected from the battery, maintaining a charge $Q$. Provide a detailed explanation of the physical mechanism of this phenomenon and demonstrate how it is used in calculations (ignore surface tension and edge effects).","Once the capacitor is charged, it tends to attract the dielectric. When the electrostatic force balances with the gravitational force of the dielectric fluid itself, the fluid stops rising. As depicted in Figure 1.117 of the problem, let $b$ be the width of the plates, $a$ the height of the plates, and $x$ the height of the capacitor immersed in the fluid. The fluid within the capacitor rises above the liquid level by a height $h$. The capacitance of the capacitor is given by

$$
\begin{aligned}
C & =\varepsilon_{0} k \frac{x b}{d}+\varepsilon_{0} \frac{(a-x) b}{d} \\
& =\frac{\varepsilon_{0} b}{d}[(k-1) x+a]
\end{aligned}
$$

The charge $Q$ remains constant. Referencing Problem 1.64(b), the force is calculated as

$$
F=\frac{Q^{2}}{2 C^{2}} \cdot \frac{\mathrm{d} C}{\mathrm{d} x}=\frac{Q^{2}(k-1)}{2 \varepsilon_{0} b[(k-1) x+a]^{2}}
$$

The equilibrium height to which the liquid surface rises is

$$
h=\frac{(k-1) Q^{2}}{2 \rho g \varepsilon_{0} b^{2}[(k-1) x+a]^{2}}
$$",\boxed{\frac{(k-1) Q^{2}}{2 \rho g \varepsilon_{0} b^{2}[(k-1) x+a]^{2}}},EX,,False,EN,Math Derivation
485,Electromagnetism,Classical Electromagnetism,Magstatics,"(a) Assume isolated magnetic charges (magnetic monopoles) exist. In a vacuum, write down Maxwell's equations including magnetic charge density $\rho_{\mathrm{m}}$ and magnetic current density $j_{\mathrm{m}}$.","(a) Refer to the analysis in Problem 2.118. Maxwell's equations in a vacuum with charge density $\rho$, current density $\boldsymbol{j}$, magnetic charge density $\rho_{\mathrm{m}}$, and magnetic current density $\boldsymbol{j}_{\mathrm{m}}$ are:

\[
\begin{align*}
& \nabla \cdot \boldsymbol{D} = \rho, \quad \nabla \cdot \boldsymbol{B} = \rho_{\mathrm{m}}, \\
& \nabla \times \boldsymbol{E} = -\frac{\partial \boldsymbol{B}}{\partial t} - \boldsymbol{j}_{\mathrm{m}}, \tag{1} \\
& \nabla \times \boldsymbol{H} = \frac{\partial \boldsymbol{D}}{\partial t} + \boldsymbol{j}.
\end{align*}
\]","\boxed{\nabla \cdot \boldsymbol{D} = \rho, \nabla \cdot \boldsymbol{B} = \rho_{\mathrm{m}}, \nabla \times \boldsymbol{E} = -\frac{\partial \boldsymbol{B}}{\partial t} - \boldsymbol{j}_{\mathrm{m}}, \nabla \times \boldsymbol{H} = \frac{\partial \boldsymbol{D}}{\partial t} + \boldsymbol{j}}",EQ,"None, None, None, None",True,EN,Laws Application
486,Electromagnetism,Classical Electromagnetism,Magstatics,"A long cylindrical rod with a radius of $R$ and length $l$ $(R \ll l)$ has a mass $m$, with both mass and charge uniformly distributed. The volume charge density is $+\rho$. The cylinder rotates around its symmetrical axis, the $z$-axis, with an angular velocity $\omega$ ($\omega R \ll c$, where $c$ is the speed of light). Neglecting edge effects, find the magnetic induction inside and outside the cylinder.","When the cylinder rotates around its symmetrical axis, the $z$-axis, the volume current density is:

Using the formula for the magnetic field of an infinitely long solenoid, we find that for $r > R$, $B = 0$; and for $r < R$:

\[
B(r) = \int_{r}^{R} \mu_{0} j \mathrm{~d} r = \int_{r}^{R} \mu_{0} \rho \omega r \mathrm{~d} r = \mu_{0} \rho \omega \int_{r}^{R} r \mathrm{~d} r
= \frac{1}{2} \mu_{0} \rho \omega \left(R^{2}-r^{2}\right)
\]

The direction of $\boldsymbol{B}$ is along the axial direction and is consistent with the direction of $\boldsymbol{\omega}$.","\boxed{r>R: B=0, r<R: B(r) = \frac{1}{2} \rho \omega \left(R^{2}-r^{2}\right)}",EQ,"None, \mu_{0}",True,EN,Math Derivation
487,Electromagnetism,Classical Electromagnetism,Electrostatics,"A garden rubber hose is balanced and suspended between a long iron nail and an opened soda can. These three objects maintain coaxial alignment and are independent of each other. Assume that the relative permittivity of the hose is $\varepsilon_{r}$, the length of the iron nail is $l$, and the radii of the iron nail, the inner and outer radii of the rubber hose, and the radius of the soda can are $r_{1}$, $r_{2}$, $r_{3}$, and $r_{4}$ respectively. Determine the force on the hose and its direction under the condition that the iron nail carries a charge $Q_{\mathrm{N}}$, while the soda can is uncharged.","If the iron nail carries a charge $Q_{\mathrm{N}}$, then at position $r$ inside the hose, the electric field strength is

$$
\boldsymbol{E}_{2}(r)=\frac{Q_{\mathrm{N}}}{2 \pi \varepsilon_{0} \varepsilon_{r} r \cdot l} \hat{r}
$$

The polarization intensity is

$$
\boldsymbol{P}_{2}(r)=\frac{\left(\varepsilon_{r}-1\right) Q_{\mathrm{N}}}{2 \pi \varepsilon_{r} r \cdot l} \hat{r}
$$

At position $r$ inside the hose, the electric field strength is

$$
\boldsymbol{E}_{1}(r)=\frac{Q_{\mathrm{N}}}{2 \pi \varepsilon_{0} r \cdot l} \hat{r}
$$

The polarization intensity $\boldsymbol{P}_{1}=0$. Therefore, the polarization charge surface density on the inner surface of the hose is

$$
\sigma_{\mathrm{in}}^{\prime}=-\boldsymbol{P}_{2} \cdot \boldsymbol{n}=-\frac{\left(\varepsilon_{r}-1\right) Q_{\mathrm{N}}}{2 \pi \varepsilon_{\mathrm{r}} r_{2} l}
$$

Hence, the inward pressure per unit area on the inner surface of the hose is

$$
\boldsymbol{F}_{1}=\sigma_{\mathrm{in}}^{\prime} \cdot \frac{Q_{\mathrm{N}}}{2 \pi \varepsilon_{0} r_{2} l} \hat{r}=-\frac{\left(\varepsilon_{r}-1\right) Q_{N}^{2}}{4 \pi^{2} \varepsilon_{0} \varepsilon_{r}^{2} r_{2}^{2} l^{2}} \hat{r}
$$

Similarly, the outward pressure per unit area on the outer surface of the hose can be found as

$$
F_{2}=\frac{Q_{\mathrm{N}}^{2}\left(\varepsilon_{r}-1\right)}{4 \pi^{2} \varepsilon_{0} \varepsilon_{r}^{2} r_{3}^{2} l^{2}} \hat{r}
$$

Thus, the total inward force on the hose is

$$
\boldsymbol{F}_{\mathrm{tot}}=-\frac{Q_{\mathrm{N}}^{2}\left(\varepsilon_{r}-1\right)}{4 \pi^{2} \varepsilon_{0} \varepsilon_{r}^{2} l^{2}}\left(\frac{1}{r_{2}^{2}}-\frac{1}{r_{3}^{2}}\right) \hat{r}
$$",\boxed{-\frac{Q_{\mathrm{N}}^{2}\left(\varepsilon_{r}-1\right)}{4 \pi^{2} \varepsilon_{0} \varepsilon_{r}^{2} l^{2}}\left(\frac{1}{r_{2}^{2}}-\frac{1}{r_{3}^{2}}\right) \hat{r}},EX,,False,EN,Laws Application
488,Electromagnetism,Classical Electromagnetism,Magstatics,"A thin spherical shell with a charge of $+q$ is uniformly distributed over the surface of the sphere. If the angular velocity of the sphere increases with time: $\omega = \omega_0 + kt$, calculate the line integral of the electric field around the path $p$ located at the center of the sphere. Assume that $p$ encloses a plane with its normal in the $+z$ direction, and the radius of $p$, $r_p \ll R$.","The elemental current on any circular strip of the sphere is given by

$$
\mathrm{d}I = \frac{\omega}{2 \pi} \mathrm{d}q = \frac{q \omega}{4 \pi} \sin \theta \, \mathrm{d} \theta
$$

According to Biot-Savart's law, the magnetic field at the center $O$ of the sphere due to $\mathrm{d}I$ is

$$
\mathrm{d} \boldsymbol{B} = \frac{\mu_0}{2} \cdot \frac{(R \sin \theta)^2 \mathrm{d}I}{\left[(R \sin \theta)^2 + (R \cos \theta)^2\right]^{\frac{3}{2}}} \boldsymbol{e}_z = \frac{\mu_0 q \omega}{8 \pi^2 R^2} \sin^3 \theta \, \mathrm{d} \theta \boldsymbol{e}_\theta, \quad |\boldsymbol{r}| = R
$$

The total magnetic field at the center of the sphere is

$$
\boldsymbol{B} = \int \mathrm{d} \boldsymbol{B} = \frac{\mu_0 q \omega}{8 \pi R^2} \int_0^\pi \sin^3 \theta \, \mathrm{d} \theta \boldsymbol{e}_z = \frac{\mu_0 \omega q}{6 \pi R} \boldsymbol{e}_z
$$

The magnetic flux through the area enclosed by path $p$ is

$$
\phi = \pi r_p^2 B = \frac{\mu_0 r_p^2 \omega q}{6 R} = \frac{\mu_0 q r_p^2 (\omega_0 + kt)}{6 R}
$$

Therefore, the final result is

$$
\oint_p \boldsymbol{E} \cdot \mathrm{d} \boldsymbol{l} = -\frac{\mathrm{d} \phi}{\mathrm{d} t} = -\frac{\mu_0 k r_p^2 q}{6 R}
$$",\boxed{-\frac{\mu_0 k r_p^2 q}{6 R}},NV,,False,EN,Laws Application
491,Electromagnetism,Classical Electromagnetism,Electrostatics,"When \(\boldsymbol{P}_{1}\) is parallel to the line connecting the two dipoles, determine the direction of \(P_{2}\) when the gravitational force between the two dipoles is at a maximum value.","When \(\boldsymbol{P}_{1} \parallel \boldsymbol{r}\), let \(\boldsymbol{P}_{2} \cdot \boldsymbol{r} = P_{2} r \cos \theta\). It is clear that \(\boldsymbol{P}_{1} \cdot \boldsymbol{P}_{2} = P_{1} P_{2} \cos \theta\), so the interaction force between \(\boldsymbol{P}_{1}\) and \(\boldsymbol{P}_{2}\) is given by

\[
\boldsymbol{F} = \frac{3}{4 \pi \varepsilon_{0} r^{5}} \left\{-3 P_{1} P_{2} \cos \theta + P_{1} r_{2}\right\}
\]

It is evident that when \(\theta = 0^{\circ}\), the force \(\boldsymbol{F}\) reaches its maximum value, which means that at this point \(\boldsymbol{P}_{2}\) is also parallel to \(\boldsymbol{r}\). The maximum value is

\[
\boldsymbol{F}_{\max} = -\frac{3 P_{1} P_{2}}{2 \pi \varepsilon_{0} r^{5}}
\]

The negative sign indicates an attractive force.",\boxed{\boldsymbol{P}_{2} \parallel \boldsymbol{r}},EX,,False,EN,Math Derivation
492,Electromagnetism,Classical Electromagnetism,Magstatics,"A magnetic dipole with a very small line dimension is located on the $z$-axis, with an inherent magnetic moment $\boldsymbol{m} = m \mathbf{e}_{x}$, moving with a velocity $V$ along the negative direction of the $z$-axis. There is also a thin conductive circular loop centered at the origin $O$, with a radius of $b$ and resistance $R$, fixed on a plane perpendicular to the $x$-axis. The separation between the magnetic dipole and the loop is $a$. Disregarding the self-inductance of the conductive loop, determine the resistance experienced by the magnetic dipole.","The magnetic dipole generates a magnetic field in space, causing a certain magnetic flux in the conductive loop. This magnetic flux's magnitude depends on the relative position of the magnetic dipole and the loop. Consequently, when the magnetic dipole moves toward the conductive loop, the changing magnetic flux in the loop induces an electromotive force, resulting in an induced current. This induced current generates a magnetic field, which in turn exerts a force on the magnetic dipole, forming the resistance experienced by the dipole.

Using cylindrical coordinates $(\rho, \theta, z)$, any point on the plane of the loop is at position $P = \rho \mathbf{e}_{\rho}$, and the vector from $\boldsymbol{m}$ to $P$ is $\mathbf{r} = \rho \mathbf{e}_{\rho} - z \mathbf{e}_{z}$. The magnetic induction intensity at point $P$ induced by the magnetic dipole is given by:

$$
\boldsymbol{B} = \frac{\mu_{0}}{4 \pi} (\boldsymbol{m} \cdot \nabla) \frac{\mathbf{r}}{r^{3}} = \frac{\mu_{0}}{4 \pi} \left[ \frac{3(\boldsymbol{m} \cdot \mathbf{r}) \mathbf{r}}{r^{5}} - \frac{\boldsymbol{m}}{r^{3}} \right], \quad \boldsymbol{m} = m \mathbf{e}_{x}
$$

Since $\mathrm{d} \mathbf{S} = \rho \mathrm{d} \rho \mathrm{d} \theta \mathbf{e}_{z}$, the magnetic flux within the conductive loop is:

$$
\Phi = \frac{\mu_{0}}{4 \pi} \int \left[ \frac{3(\boldsymbol{m} \cdot \mathbf{r}) (\mathbf{r} \cdot \mathbf{e}_{z})}{r^{5}} - \frac{\boldsymbol{m} \cdot \mathbf{e}_{z}}{r^{3}} \right] \rho \mathrm{d} \rho \mathrm{d} \theta
$$

$$
\begin{aligned}
& = \frac{\mu_{0}}{4 \pi} \cdot 2 \pi \int_{0}^{b} \left[ -\frac{3 m z^{2}}{(\rho^{2}+z^{2})^{5/2}} + \frac{m}{(\rho^{2}+z^{2})^{3/2}} \right] \rho \mathrm{d} \rho \\
& = -\frac{\mu_{0} m}{2} \cdot \frac{b^{2}}{(a^{2}+b^{2})^{3/2}}
\end{aligned}
$$",\boxed{-\frac{\mu_{0} m}{2} \cdot \frac{b^{2}}{\left(a^{2}+b^{2}\right)^{3 / 2}}},EX,,False,EN,Math Derivation
493,Electromagnetism,Classical Electromagnetism,Circuit Analysis,"Given the transfer function of the network $H(s) = \frac{1 / 2 \tau}{s+1 / \tau}$, assume the input is $e_{\mathrm{i}}(t)=4 \cos (\omega t)~\text{V}$, where the angular frequency $\omega=1500~\text{rad/s}$. Find the open-circuit output voltage $e_{0}(t)$.","For the new input $e_{\mathrm{i}}(t)=4 \cos (\omega t)$, its Laplace transform is

$$
E_{\mathrm{i}}(s)=\frac{4 s}{\omega^{2}+s^{2}}
$$

Therefore, the output is

$$
\begin{aligned}
E_{\mathrm{o}}(s) & =E_{\mathrm{i}}(s) \cdot H(s)=\frac{4 s}{\omega^{2}+s^{2}} \cdot \frac{\frac{1}{2 \tau}}{s+\frac{1}{\tau}} \\
& =\frac{2}{\tau}\left[\frac{1}{s+\frac{1}{\tau}} \cdot \frac{-\frac{1}{\tau}}{\omega^{2}+\left(\frac{1}{\tau}\right)^{2}}+\frac{\frac{1}{2}}{s-\mathrm{i} \omega} \cdot \frac{1}{\mathrm{i} \omega+\frac{1}{\tau}}+\frac{\frac{1}{2}}{s+\mathrm{i} \omega} \cdot \frac{1}{\mathrm{i} \omega+\frac{1}{\tau}}\right]
\end{aligned}
$$

Where $\omega \tau=1.2 \times 1500 = 1.8$. Find the inverse transform of $E_{\mathrm{o}}(s)$, which is the time-domain solution

$$
\begin{aligned}
e_{\mathrm{o}}(t) & =\frac{2}{\tau}\left[\frac{-\frac{1}{\tau}}{\omega^{2}+\left(\frac{1}{\tau}\right)^{2}} e^{-t / \tau}+\frac{\frac{1}{\tau} \cos (\omega t)+\omega \sin (\omega t)}{\omega^{2}+\left(\frac{1}{\tau}\right)^{2}}\right] \\
& \approx -e^{-t / \tau} + \cos (\omega t) + \sin (\omega t)
\end{aligned}
$$",\boxed{-e^{-t / \tau} + \cos (\omega t) + \sin (\omega t)},EX,,False,EN,Math Derivation
494,Electromagnetism,Classical Electromagnetism,Electrostatics,A grounded conducting sphere with a radius of $a$ is placed in a uniform electrostatic field $\boldsymbol{E}_0$. The sphere will be subjected to a tension that divides it into two halves along the direction of the electric field. Determine the magnitude of this tension. Consider the superposition of the electric field and polarization phenomena.,"As shown in Figure 1.50 of the problem, let $\boldsymbol{E}_0$ be directed along the $e_z$ direction. Since the conductor can be considered as a medium with an infinite dielectric constant, the electric field in space is the superposition of the original uniform electrostatic field and the field induced by the polarized charges of the conductor. The conducting sphere is uniformly polarized, with a polarization intensity of $\boldsymbol{P}$. Therefore, the electric field inside and outside the conducting sphere can be expressed as:

\[
\boldsymbol{E}_{\mathrm{i}} = \boldsymbol{E}_0 - \frac{1}{3 \varepsilon_0} \boldsymbol{P} \tag{1}
\]
\[
\boldsymbol{E}_{\mathrm{o}} = \boldsymbol{E}_0 - \frac{4 \pi}{3} a^3 \boldsymbol{P} \cdot \nabla \frac{\boldsymbol{r}}{4 \pi \varepsilon_0 r^3} \tag{2}
\]

In equilibrium, the electric field inside the conductor is zero, so equation (1) gives $\boldsymbol{P} = 3 \varepsilon_0 \boldsymbol{E}_0$. Thus, the electric field strength outside the conducting sphere is given by:

\[
\boldsymbol{E}_{\mathrm{o}} = \boldsymbol{E}_0 - \frac{4 \pi}{3} a^3 \boldsymbol{P} \cdot \nabla \frac{\boldsymbol{r}}{r^3} = \boldsymbol{E}_0 - a^3 \boldsymbol{E}_0 \cdot \nabla \frac{\boldsymbol{r}}{r^3}
= \left(1 + \frac{2 a^3}{r^3}\right) E_0 \cos \theta \boldsymbol{e}_r - \left(1 - \frac{a^3}{r^3}\right) E_0 \cos \theta \boldsymbol{e}_\theta \tag{3}
\]

Consider a small surface element on the conductor's surface, where the surface charge density at that point is:

\[
\sigma = \varepsilon_0 \boldsymbol{e}_r \cdot \left(\boldsymbol{E}_{\mathrm{o}} - \boldsymbol{E}_{\mathrm{i}}\right) = 3 \varepsilon_0 E_0 \cos \theta \tag{4}
\]

The electric field induced nearby by the surface charge on the surface element is:

\[
\boldsymbol{E}_{\mathrm{o}}' = \frac{\sigma}{2 \varepsilon_0} \boldsymbol{e}_r = \frac{3}{2} E_0 \boldsymbol{e}_r, \quad \boldsymbol{E}_{\mathrm{i}}' = -\frac{3}{2} E_0 \boldsymbol{e}_r \tag{5}
\]

Thus, the electric field strength sensed by the surface element is:

\[
\boldsymbol{E} = \left.\boldsymbol{E}_{\mathrm{o}}\right|_{r = a} - \boldsymbol{E}_{\mathrm{o}}' = -\frac{3}{2} E_0 \boldsymbol{e}_r \tag{6}
\]

The electric force per unit area on the surface element is:

\[
\boldsymbol{f} = \sigma \boldsymbol{E} = \frac{9}{2} \varepsilon_0 E_0^2 \cos^2 \theta \boldsymbol{e}_r \tag{7}
\]

By symmetry, the resultant force on the right hemisphere of the sphere is in the $e_z$ direction, with a magnitude of:

\[
F_{\mathrm{r}} = \iint \boldsymbol{f} \cdot \boldsymbol{e}_z \,\mathrm{d}s = \frac{9}{2} \varepsilon_0 \pi a^2 E_0^2
\]

Similarly, the magnitude of the resultant force on the left hemisphere is $F_{l} = -\frac{9}{2} \varepsilon_0 \pi a^2 E_0^2$, where the negative sign indicates the force is in the opposite direction of $\boldsymbol{e}_z$.",\boxed{\frac{9}{2} \varepsilon_0 \pi a^2 E_0^2},NV,,False,EN,Laws Application
495,Electromagnetism,Classical Electromagnetism,Magstatics,"(c) Assume the coil is made of superconducting material, so its resistance is zero, and only its inductance \( L \) limits the induced current in the coil. Suppose there is initially no current in the coil; calculate the current in the coil after the monopole completes \( N \) turns.","(c) Disregarding resistance, \( R = 0 \), but considering the inductance \( L \), we have \( \varepsilon = -L \frac{\mathrm{d} I}{\mathrm{d} t} \). Equation (6) yields

\[
-L \frac{\mathrm{d} I}{\mathrm{d} t} = N n \frac{\mathrm{d} q_{\mathrm{m}}}{\mathrm{d} t}.
\]

Integrating this, we obtain

\[
I = -\frac{N n q_{\mathrm{m}}}{L}. \tag{9}
\]",\boxed{-\frac{N n q_{\mathrm{m}}}{L}},EX,,False,EN,Math Derivation
499,Electromagnetism,Classical Electromagnetism,Electrostatics,"Above the grounded conductor plane at $z=0$, there are two point charges located at $(x, y, z) = (a, 0, a)$ and $(-a, 0, a)$, with charges $+q$ and $-q$, respectively. (a) Find the total force acting on the $+q$ charge.","(a) Using the method of images, the image charges would be $+q$ at $(-a, 0, -a)$ and $-q$ at $(a, 0, -a)$, as shown in Figure 1.91 of the problem. Therefore, the total force acting on the $+q$ charge at $(a, 0, a)$ is

$$
\begin{aligned}
\boldsymbol{F} & = \frac{q^{2}}{4 \pi \varepsilon_{0}} \left[-\frac{1}{(2a)^{2}} \boldsymbol{e}_{x} - \frac{1}{(2a)^{2}} \boldsymbol{e}_{z} + \frac{1}{(2\sqrt{2}a)^{2}} \left(\frac{1}{\sqrt{2}} \boldsymbol{e}_{x} + \frac{1}{\sqrt{2}} \boldsymbol{e}_{z}\right) \right] \\
& = \frac{q^{2}}{4 \pi \varepsilon_{0} a^{2}} \left[\left(-\frac{1}{4} + \frac{1}{8\sqrt{2}}\right) \boldsymbol{e}_{x} + \left(-\frac{1}{4} + \frac{1}{8\sqrt{2}}\right) \boldsymbol{e}_{z}\right]
\end{aligned}
$$

Hence, the magnitude of the force is

$$
F = \frac{(2\sqrt{2} - 1) q^{2}}{32 \pi \varepsilon_{0} a^{2}}
$$

The direction of the force is in the $xz$ plane along a line making a $45^{\circ}$ angle with the $x$-axis, pointing towards the origin.

$$
<image 1>
$$","\[
\boxed{\frac{(2\sqrt{2} - 1) q^{2}}{32 \pi \varepsilon_{0} a^{2}}}
\]",NV,,False,EN,Laws Application
500,Electromagnetism,Classical Electromagnetism,Magstatics,"A long thin wire carries a current \( I \), and is at a distance \( d \) from a semi-infinite iron block. Assume the permeability of the iron block is infinite. It is known that the magnetic field vector per unit length of the wire is \(\boldsymbol{B} = \frac{\mu_{0} I}{4 \pi d} \boldsymbol{e}_{z}\). Find the magnitude and direction of the force per unit length acting on the wire.","Therefore, the force per unit length acting on the wire carrying the current \( I \) is

\[
\dot{\boldsymbol{F}}=I B \boldsymbol{e}_{y} \times \boldsymbol{e}_{z}=\frac{\mu_{0} I^{2}}{4 \pi d} \boldsymbol{e}_{x}.
\]",\boxed{\frac{\mu_{0} I^{2}}{4 \pi d} \boldsymbol{e}_{x}},NV,,False,EN,Laws Application
502,Electromagnetism,Classical Electromagnetism,Magstatics,"Consider a square metallic wire frame, with each side of length $l$, located in the $xy$ plane. A particle with a charge $q$ is in the $xz$ plane and is at a distance $z_{0}$ from the $xy$ plane. The particle moves at a constant speed $v \ll c$ (assuming the particle moves along the positive $x$ direction). At $t=0$, the particle passes through the $z$ axis. Find the electromagnetic field equations generated by the particle under the above conditions.","When $v \ll c$, the electromagnetic field generated by the particle is

$$
\boldsymbol{E}(\boldsymbol{r}, t) = \frac{q}{4 \pi \varepsilon_{0} r^{3}} [(x-v t) \boldsymbol{i} + y \boldsymbol{j} + z \boldsymbol{k}]
$$

$$
\boldsymbol{B}(\boldsymbol{r}, t) = \frac{\boldsymbol{v}}{c^{2}} \times \boldsymbol{E} = \frac{\mu_{0} q v}{4 \pi r^{3}}(-z \boldsymbol{j} + y \boldsymbol{k})
$$

where

$$
r = [(x-v t)^{2} + y^{2} + (z-z_{0})^{2}]^{\frac{1}{2}}
$$","\boxed{\boldsymbol{E}(\boldsymbol{r}, t) = \frac{q}{4 \pi \varepsilon_{0} r^{3}} [(x-v t) \boldsymbol{i} + y \boldsymbol{j} + z \boldsymbol{k}], \boldsymbol{B}(\boldsymbol{r}, t) = \frac{\mu_{0} q v}{4 \pi r^{3}}(-z \boldsymbol{j} + y \boldsymbol{k})}",EQ,"\text{N/C}, \text{T}",True,EN,Laws Application
505,Electromagnetism,Classical Electromagnetism,Circuit Analysis,"Calculate the open-loop gain \( A_{0} = V_{0} / V \). Assume \( A_{0} \) is very large and negative. The input impedance of \( A_{0} \) is much greater than \( R_{1} \) and \( R_{2} \), and the output impedance is much smaller than \( R_{1} \) and \( R_{2} \).","Since \( A_{0} \) is very large, and the input impedance is much greater than \( R_{1} \) and \( R_{2} \), while the output impedance is much smaller than \( R_{1} \) and \( R_{2} \), it can be considered an ideal operational amplifier. We have

\[
A_{0} = \frac{V_{0}}{V}
\]",\boxed{A_{0} = \frac{V_{0}}{V}},EQ,,False,EN,Knowledge Recall
509,Electromagnetism,Classical Electromagnetism,Magstatics,"A circular loop with a radius of \( R \) carries a current \( i \) in electromagnetic units. At its center, there is a paramagnetic sphere with a magnetic permeability \( \mu \) and a radius \( a \, (a \ll R) \). Determine the magnetic dipole moment of the sphere generated by the magnetic field due to the current.","Take the center of the circular loop as the origin, and its axis as the \( z \)-axis. The magnetic field generated by the current \( i \) at the origin is

\[
\boldsymbol{B}_{0} = \frac{\mu_{0} i}{2 R} \boldsymbol{e}_{z}
\]

Since the radius of the sphere \( a \ll R \), the sphere can be considered to be in a uniform magnetic field \( B_{0} \). Introducing magnetic scalar potential to solve the problem, let the potential outside the sphere be \( \varphi_{1} \) and inside the sphere be \( \varphi_{2} \). Their equations and boundary conditions are \(\nabla^{2} \varphi_{1}=\nabla^{2} \varphi_{2}=0\), as \( r \rightarrow \infty, \varphi_{1} \approx \varphi_{0} = -\frac{B_{0}}{\mu_{0}} r \cos \theta \), \( \varphi_{2} \) is finite when \( r \rightarrow 0 \). At \( r=a \), \(\varphi_{1} = \varphi_{2}\) and \(\mu_{0} \frac{\partial \varphi_{1}}{\partial r} = \mu \frac{\partial \varphi_{2}}{\partial r}\). By using the method of separation of variables, we can derive

\[
\varphi_{2} = -\frac{3 B_{0}}{\mu + 2 \mu_{0}} r \cos \theta
\]

The magnetic field inside the sphere is

\[
\boldsymbol{B} = -\mu \nabla \varphi_{2} = \frac{3 \mu}{\mu + 2 \mu_{0}} \boldsymbol{B}_{0}
\]

Thus, the magnetization of the sphere is

\[
\begin{aligned}
\boldsymbol{M} & = \left(\frac{1}{\mu_{0}} - \frac{1}{\mu}\right) \boldsymbol{B} \\
& = \frac{3\left(\mu - \mu_{0}\right)}{\mu_{0}\left(\mu + 2 \mu_{0}\right)} \boldsymbol{B}_{0} \\
& = \frac{3\left(\mu - \mu_{0}\right) i}{2\left(\mu + 2 \mu_{0}\right) R} \boldsymbol{e}_{z}
\end{aligned}
\]

Therefore, the magnetic dipole moment of the sphere is

\[
\boldsymbol{m} = \frac{4}{3} \pi a^{3} \boldsymbol{M} = \frac{2\left(\mu - \mu_{0}\right) \pi a^{3} i}{\mu + 2 \mu_{0}} \boldsymbol{e}_{z}
\]",\boxed{\frac{2\left(\mu-\mu_{0}\right) \pi a^{3} i}{\mu+2 \mu_{0}} \boldsymbol{e}_{z}},EX,,False,EN,Math Derivation
511,Electromagnetism,Classical Electromagnetism,Magstatics,"There is a circular coil with a radius \( R \) carrying a current \( i \) in electromagnetic units. At its center is placed a paramagnetic sphere with a magnetic permeability \( \mu \) and a radius \( a \, (a \ll R) \). Determine the force per unit area experienced by the sphere.","The surface current density on the sphere is

\[
\boldsymbol{\alpha}_{\mathrm{M}} = \boldsymbol{M} \times \boldsymbol{n} = \frac{3(\mu-\mu_{0}) i}{2(\mu+2 \mu_{0}) R} \sin \theta \, \boldsymbol{e}_{\varphi}
\]

Therefore, the force per unit area on the surface of the sphere is

\[
\begin{aligned}
\boldsymbol{f} & = \boldsymbol{\alpha}_{\mathrm{M}} \times \boldsymbol{B}_{0} = \frac{3(\mu-\mu_{0}) i}{2(\mu+2 \mu_{0}) R} \sin \theta \cdot \frac{\mu_{0} i}{2 R} \left(\boldsymbol{e}_{\varphi} \times \boldsymbol{e}_{z}\right) \\
& = \frac{3 \mu_{0} (\mu-\mu_{0}) i^{2}}{4(\mu+2 \mu_{0}) R^{2}} \sin \theta \left(\cos \theta \, \boldsymbol{e}_{\theta} + \sin \theta \, \boldsymbol{e}_{\mathrm{r}}\right)
\end{aligned}
\]",\boxed{\frac{3 \mu_{0}\left(\mu-\mu_{0}\right) i^{2}}{4\left(\mu+2 \mu_{0}\right) R^{2}} \sin \theta\left(\cos \theta \boldsymbol{e}_{\theta}+\sin \theta \boldsymbol{e}_{\mathrm{r}}\right)},EX,,False,EN,Math Derivation
512,Electromagnetism,Classical Electromagnetism,Electrostatics,"(a) Determine the electric potential generated by a dipole of magnitude \( d \), located at a distance \( L \) from the center of a grounded conducting sphere. The sphere has a radius of \( a \), and it's assumed that the axis of the dipole passes through the center of the sphere.","(a) Set the center of the sphere as the origin, with the system's axis of symmetry as the \( z \) axis, so \(\boldsymbol{P} = d \boldsymbol{e}_{z}\). The method of images is applied to find the electric potential for this problem. To determine the image of \(\boldsymbol{P}\), consider \(\boldsymbol{P}\) as consisting of two point charges, \( q \) and \(-q\), separated by a distance of \(2l\). For these charges, we have

\[
d = \lim_{l \rightarrow 0} 2 q l
\]

As shown in Figure 1.107(a), the coordinates for \( q \) and \(-q\) are:

\[
q: z = L + l, \quad -q: z = L - l
\]

To keep the sphere as an equipotential surface, the image charges \( q_1 \) and \( q_2 \) for \( q \) and \(-q\) have the size and position as follows (refer to Figure 1.107(a)).

\[
<image 1>
\]

\[
<image 2>
\]

\[
q_{1} = -\frac{a}{L+l} q, \text{ located at } \left(0, 0, \frac{a^{2}}{L+l}\right), \quad q_{2} = \frac{a}{L-l} q, \text{ located at } \left(0, 0, \frac{a^{2}}{L-l}\right). \text{ Since } L \gg l, \text{ expand }
\]

\[
\frac{1}{L \pm l} \approx \frac{1}{L} \mp \frac{l}{L^{2}}
\]

Thus,

\[
\begin{array}{ll}
q_{1} = -\frac{a}{L} q + \frac{a d}{2 L^{2}}, & \text{ position becomes } \left(0, 0, \frac{a^{2}}{L} - \frac{a^{2} l}{L^{2}}\right) \\
q_{2} = \frac{a}{L} q + \frac{a d}{2 L^{2}}, & \text{ position becomes } \left(0, 0, \frac{a^{2}}{L} + \frac{a^{2} l}{L^{2}}\right)
\end{array}
\]

where we used \(d = 2 q l\). This can thus be replaced by an image dipole

\[
\boldsymbol{P}' = \frac{a}{L} q \cdot \frac{2 a^{2} l}{L^{2}} \boldsymbol{e}_{z} = \frac{a^{3}}{L^{3}} \boldsymbol{P}
\]

and an image charge \( q' = \frac{a d}{L^{2}} \) to simulate the effect of the image charges \( q_1 \) and \( q_2 \), with \( P', q' \) located at \( r'\left(0, 0, \frac{a^{2}}{L}\right) \) (refer to Figure 1.107(b)). Thus, the electric potential at a point \( \boldsymbol{r} \) outside the sphere would be the sum of the potentials produced by \(\boldsymbol{P}, \boldsymbol{P}', q'\), which is:

\[
\begin{aligned}
\varphi(\boldsymbol{r}) = & \frac{1}{4 \pi \varepsilon_{0}}\left[\frac{\boldsymbol{q}'}{\left|\boldsymbol{r}-\boldsymbol{r}'\right|}+\frac{\boldsymbol{P}' \cdot\left(\boldsymbol{r}-\boldsymbol{r}'\right)}{\left|\boldsymbol{r}-\boldsymbol{r}'\right|^{3}}+\frac{\boldsymbol{P} \cdot\left(\boldsymbol{r}-L \boldsymbol{e}_{z}\right)}{\left|\boldsymbol{r}-L \boldsymbol{e}_{z}\right|^{3}}\right] \\
= & \frac{1}{4 \pi \varepsilon_{0}}\left[\frac{a d}{L^{2}\left(r^{2}-\frac{2 a^{2} r}{L} \cos \theta+\frac{a^{4}}{L^{2}}\right)^{1 / 2}}+\frac{a^{3} d\left(r \cos \theta-\frac{a^{2}}{L}\right)}{L^{3}\left(r^{2}-\frac{a^{2} r}{L} \cos \theta+\frac{a^{4}}{L^{2}}\right)^{3 / 2}}\right] \\
& +\frac{d(r \cos \theta - L)}{\left(r^{2} - 2 r L \cos \theta + L^{2}\right)^{3 / 2}}
\end{aligned}
\]",\boxed{\frac{1}{4 \pi \varepsilon_{0}}\left[\frac{a d}{L^{2}\left(r^{2}-\frac{2 a^{2} r}{L} \cos \theta+\frac{a^{4}}{L^{2}}\right)^{1 / 2}}+\frac{a^{3} d\left(r \cos \theta-\frac{a^{2}}{L}\right)}{L^{3}\left(r^{2}-\frac{a^{2} r}{L} \cos \theta+\frac{a^{4}}{L^{2}}\right)^{3 / 2}}\right] +\frac{d(r \cos \theta-L)}{\left(r^{2}-2 r L \cos \theta+L^{2}\right)^{3 / 2}}},EX,,False,EN,Math Derivation
514,Electromagnetism,Classical Electromagnetism,Electrostatics,"For the electric field \( E_{l} \) of a family of long confocal rotating ellipsoidal surfaces, find the electric field \( E_{l}(x, 0,0) \) at any point on the \( x \)-axis, \((x, 0,0)\).","For the electric field \( E_{l} \) of a family of long confocal rotating ellipsoidal surfaces, from equation (2), we have

\[
E_{l}(x, 0,0) = \frac{\lambda}{4 \pi \varepsilon_{0}}\left(\frac{x}{x^{2}+f^{2}-f\left[x^{2}+f^{2}\right]^{\frac{1}{2}}}-\frac{x}{x^{2}+f^{2}+f\left[x^{2}+f^{2}\right]^{\frac{1}{2}}}\right)  \tag{9}
\]
\[
= \frac{\lambda}{2 \pi \varepsilon_{0}} \cdot \frac{f}{x \sqrt{x^{2}+f^{2}}}
\]",\boxed{\frac{\lambda}{2 \pi \varepsilon_{0}} \cdot \frac{f}{x \sqrt{x^{2}+f^{2}}}},EX,,False,EN,Laws Application
515,Electromagnetism,Classical Electromagnetism,Magstatics,"A DC electromagnet is composed of a coil with $N$ turns tightly wound around a yoke made of tire material. A thin plate-shaped piece is cut from the yoke to form an air gap. The yoke has radii $a$ and $b$, and the gap width is $W$. The magnetic permeability of the iron is $\mu$, which is very large and constant. The coil is wound using a wire of radius $r$ and resistivity $\rho$. A voltage $V$ is applied across the electromagnet. Assume $b/a \gg 1$ and $a/r \gg 1$. Derive the steady magnetic field in the gap.","(a) In steady state, from $\nabla \cdot \boldsymbol{B} = 0$ and the fact that the yoke has an equal cross-section everywhere, it is known that $B$ is constant in the yoke. From $\oint \boldsymbol{H} \cdot \mathrm{d} \boldsymbol{l} = NI$, we obtain

$$
\frac{B}{\mu}(2 \pi b - W) + \frac{B}{\mu_{0}} W = NI
$$

Thus,

$$
B = \frac{NI\mu_{0}\mu}{\mu_{0}(2 \pi b-W)+\mu W} \approx \frac{NI\mu_{0}\mu}{\mu_{0} 2 \pi b + \mu W}
$$

Furthermore, we have

$$
I = \frac{V}{R} = \frac{V}{\rho \frac{N 2 \pi a}{\pi r^{2}}} = \frac{V r^{2}}{2 a \rho N}
$$

Therefore, the steady magnetic field in the gap is

$$
B = \frac{\mu \mu_{0} V r^{2}}{2 a \rho\left(2 \pi b \mu_{0} + W \mu\right)}
$$","\[
\boxed{\frac{\mu \mu_{0} V r^{2}}{2 a \rho\left(2 \pi b \mu_{0} + W \mu\right)}}
\]",EX,,False,EN,Math Derivation
518,Electromagnetism,Classical Electromagnetism,Magstatics,"A particle with charge \( q \) moves with a velocity \( v \) parallel to a uniformly charged wire. The linear charge density of the wire is \( \lambda \), and it carries a conducting current \( I \). What velocity must the particle move to remain on a straight line that is parallel to the wire at a distance \( \gamma \)?","According to the problem, for the particle to continue moving along the \( z \) direction, the radial force must be zero, i.e.:

\[
\frac{q \lambda}{2 \pi \varepsilon_{0} r} - \frac{q \mu_{0} I}{2 \pi r} v = 0
\]

Therefore, the particle moves with a velocity:

\[
v = \frac{\lambda}{\varepsilon_{0} \mu_{0} I} = \frac{\lambda c^{2}}{I}
\]",\(\boxed{\frac{\lambda c^{2}}{I}}\),EX,,False,EN,Math Derivation
519,Electromagnetism,Classical Electromagnetism,Circuit Analysis,"A pulse generator with negligible internal resistance emits a pulse

\[ v_{\mathrm{in}} = \left\{ \begin{array}{ll} 1, & 0 \leq t < 5 \, \mu \mathrm{s} \\ 0, & t < 0, \, t > 5 \, \mu \mathrm{s} \end{array} \right. \]

through a lossless coaxial cable with a characteristic impedance of \(20 \, \Omega\). The cable length is equivalent to a delay of \(1 \, \mu \mathrm{s}\). Calculate the input reflection coefficient \(K_{\text{input}}\).","The characteristic impedance of the cable \(Z_{\mathrm{c}} = 20 \, \Omega\), and the internal resistance of the generator \(Z_{\mathrm{s}} = 0\).

\section*{Input Reflection Coefficient}
\[ K_{\text{input}} = \frac{Z_{\mathrm{s}} - Z_{\mathrm{c}}}{Z_{\mathrm{s}} + Z_{\mathrm{c}}} = -1 \]",\boxed{-1},NV,,False,EN,Knowledge Recall
522,Electromagnetism,Classical Electromagnetism,Magstatics,"A closed coil with $N$ turns, a radius of $a$, resistance $R$, and self-inductance $L$, is rotating around a diameter perpendicular to a uniform magnetic field $B$ with a constant angular velocity $\omega$. Determine the relationship between the current in the coil and the angle $\theta$, where $\theta(t)=\omega t$ is the angle between the normal to the plane of the coil and the magnetic field $\boldsymbol{B}$.","Choose $t=0$ as the starting time, when the normal to the coil’s plane $n_{0}$ is parallel to the external magnetic field $B$. At time $t$, the normal of the coil’s plane is $\boldsymbol{n}$, thus we have

$$
\boldsymbol{n} \cdot \boldsymbol{B} = B \cos \theta, \quad |\boldsymbol{n} \times \boldsymbol{B}| = B \sin \theta
$$

as shown in the diagram 2.78. The induced electromotive force (emf) in the coil is

$$
\begin{aligned}
\varepsilon & = -\frac{\mathrm{d}}{\mathrm{d} t} \int \boldsymbol{B} \cdot \boldsymbol{n} \, \mathrm{d} s \\
& = \pi a^{2} N B \omega \sin \omega t
\end{aligned}
$$

And the circuit equation is

$$
L \frac{\mathrm{d} I}{\mathrm{d} t} + I R = \varepsilon
$$

Therefore, the current in the coil is given by

$$
I(t) = \frac{\pi a^{2} N B \omega}{\sqrt{R^{2} + L^{2} \omega^{2}}} \sin (\omega t - \varphi)
$$

where $\tan \varphi = \frac{L \omega}{R}$.",\boxed{I(t) = \frac{\pi a^{2} N B \omega}{\sqrt{R^{2} + L^{2} \omega^{2}}} \sin (\omega t - \varphi)},EX,,False,EN,Math Derivation
525,Electromagnetism,Classical Electromagnetism,Electrostatics,"Given a charge distribution $\sigma(r)$, find the electric field $E_{f}(x, 0,0)$ at any point $(x, 0,0)$ on the x-axis.","\begin{align*}
E_{f}(x, 0,0) & =\int_{0}^{f} \frac{x r \sigma(r) \mathrm{d} r}{2 \varepsilon_{0}\left(r^{2}+x^{2}\right)^{\frac{3}{2}}}=\frac{x \sigma_{0}}{2 \varepsilon_{0}} \int_{0}^{f} \frac{r \mathrm{~d} r}{\left(r^{2}+x^{2}\right)^{\frac{3}{2}} \sqrt{1-\frac{r^{2}}{f^{2}}}} \\
& =\frac{x \sigma_{0} f}{4 \varepsilon_{0}} \int_{x^{2}}^{f^{2}+x^{2}} \frac{\mathrm{~d} t}{t \sqrt{-t^{2}+\left(f^{2}+x^{2}\right) t}}  \tag{8}\\
& =\frac{\sigma_{0}}{2 \varepsilon_{0}} \cdot \frac{f^{2}}{f^{2}+x^{2}}=\frac{Q^{\prime}}{4 \pi \varepsilon_{0}\left(f^{2}+x^{2}\right)}
\end{align*}",\boxed{\frac{Q^{\prime}}{4 \pi \varepsilon_{0}\left(f^{2}+x^{2}\right)}},EX,,False,EN,Math Derivation
526,Electromagnetism,Classical Electromagnetism,Circuit Analysis,"A high-gain, differential-input operational amplifier is connected in a negative feedback configuration. Its output resistance can be ignored, and the open-loop gain \(A\) can be considered ""infinite"". The amplifier saturates when \(V_{\text{out}}\) reaches \(\pm 10 \mathrm{~V}\). Write the ideal operational expression for \(V_{\text{out}}(t)\) in terms of \(V_{\text{in}}(t)\).","This is an ideal operational amplifier configured as an inverting integrator

\[
V_{\text{out}} = -\frac{1}{C_{\mathrm{f}}} \int_{0}^{t} \frac{V_{\text{in}}}{R} \mathrm{~d} t + V_{0}(0), \quad \left|V_{\text{out}}\right| < 10 \mathrm{~V}
\]

If the initial condition is \(V_{0}(0)=0\), then

\[
V_{\text{out}} = -\frac{1}{C_{\mathrm{f}}} \int_{0}^{t} \frac{V_{\text{in}}}{R} \mathrm{~d} t.
\]","\boxed{V_{\text{out}} = -\frac{1}{C_{\mathrm{f}}} \int_{0}^{t} \frac{V_{\text{in}}}{R} \, \mathrm{d} t}",EQ,,True,EN,Laws Application
527,Electromagnetism,Classical Electromagnetism,Magstatics,"A wiggler is a fundamental component in a free-electron laser device, featuring a magnet structure with a periodic magnetic field given by $\boldsymbol{B} = \left(0, B_{0} \cos k_{\mathrm{u}} z, 0\right)$, where the magnetic field period is $\lambda_{\mathrm{u}} = 2 \pi / k_{\mathrm{u}}$. A beam of extremely relativistic electrons with energy $\gamma$ enters the device with an initial velocity of $(0,0,v_{z})$. Taking the distance $z$ that the electrons travel into the wiggler as the variable, determine how the velocity $v_{x}$ of the electrons changes with $z$.","Using the Lorentz force formula:

$$
\boldsymbol{F} = -e \boldsymbol{V} \times \boldsymbol{B} = m \gamma \frac{\mathrm{d} \boldsymbol{V}}{\mathrm{d} t}
$$

We have:

$$
\boldsymbol{V} \times \boldsymbol{B} = -v_{z} B_{0} \cos \left(k_{\mathrm{u}} z\right) \hat{\boldsymbol{x}} + v_{z} B_{0} \cos \left(k_{\mathrm{u}} z\right) \hat{z}
$$

Thus,

\begin{align*}
& \dot{v}_{x} = \frac{e}{m \gamma} v_{z} B_{0} \cos \left(k_{\mathrm{u}} z\right) \\
\end{align*}

Since $v_{x}$ satisfies:

$$
\frac{\mathrm{d} v_{x}}{\mathrm{~d} t} = \frac{\mathrm{d} v_{x}}{\mathrm{~d} z} v_{z}
$$

Substituting into the above equation, we get:

$$
\frac{\mathrm{d} v_{x}}{\mathrm{~d} z} = \frac{e}{m \gamma} B_{0} \cos \left(k_{\mathrm{u}} z\right)
$$

Therefore, $v_{x}$ can be expressed as:

$$
v_{x} = \frac{e B_{0}}{m \gamma k_{\mathrm{u}}} \sin \left(k_{\mathrm{u}} z\right) = \frac{\sqrt{2} a_{\mathrm{u}} c}{\gamma} \sin \left(k_{\mathrm{u}} z\right)
$$

where

$$
a_{\mathrm{u}} = \frac{e B_{0}}{\sqrt{2} m c k_{\mathrm{u}}}
$$",\boxed{v_{x} = \frac{\sqrt{2} a_{\mathrm{u}} c}{\gamma} \sin \left(k_{\mathrm{u}} z\right)},EQ,,False,EN,Math Derivation
529,Electromagnetism,Classical Electromagnetism,Magstatics,A disk of radius \( R \) is uniformly charged with charge \( Q \). A magnetic field \( \boldsymbol{B} \) exists that is perpendicular to the axis of the disk. The disk rotates about an axis through its center and perpendicular to its plane with angular velocity \( \omega \). Find the torque experienced by the disk.,"Consider the magnetic moment produced by the current of a circular strip

$$
\mathrm{d} m = \frac{Q}{\pi R^{2}} \omega r \, \mathrm{d} r \cdot \pi r^{2} = \frac{Q \omega}{R^{2}} r^{3} \, \mathrm{d} r \, e_{z}
$$

The total magnetic moment is

$$
\boldsymbol{m} = \int_{0}^{R} \frac{Q \omega}{R^{2}} r^{3} \, \mathrm{d} r \, e_{z} = \frac{1}{4} Q \omega R^{2} \, e_{z}
$$

Therefore, the torque experienced by the disk is

$$
\tau = \boldsymbol{m} \times \boldsymbol{B} = -\frac{1}{4} Q \omega B R^{2} \, \boldsymbol{e}_{x}
$$","\[
\boxed{-\frac{1}{4} Q \omega B R^{2} \, \boldsymbol{e}_{x}}
\]",EX,,False,EN,Laws Application
530,Electromagnetism,Classical Electromagnetism,Magstatics,"A long solenoid with a radius of \(b\) has an axial magnetic field \(\boldsymbol{B}=\begin{cases} B_{0} \boldsymbol{e}_{z}, & r<b \\ 0, & r>b \end{cases}\). A particle with charge \(q\) is emitted at a speed \(v\) perpendicular to the central rod with a radius of \(a\). For \(r>b\), determine the angular momentum of the particle with respect to the solenoid axis.","Because \(v\) is very large, it can be assumed that the path deflection of the particle during emission is very small. Let the transverse velocity produced be \(\boldsymbol{v}_{\perp}\), then
\[
m \frac{\mathrm{d} v_{\perp}}{\mathrm{d} t}=q \boldsymbol{v} \times \boldsymbol{B}
\]

When \(a<r<b\)
\[
\mathrm{d} v_{\perp}=\frac{q}{m} B_{0} v \mathrm{~d} t=\frac{q}{m} B_{0} \mathrm{~d} r
\]

is
\[
v_{\perp}(b)=\int_{a}^{b} \frac{q}{m} B_{0} \mathrm{~d} r=\frac{q}{m} B_{0}(b-a)
\]

Thus, the magnitude of the particle's angular momentum is
\[
\left|r \times m v_{\perp}(b)\right|_{r=b}=m b v_{\perp}(b)=q B_{0} b(b-a)
\]

Considering the direction of the angular momentum should be \(-\boldsymbol{e}_{z}\), the particle's angular momentum is finally
\[
J_{\mathrm{p}}=-q B_{0} b(b-a) \boldsymbol{e}_{z}
\]",\boxed{-q B_{0} b(b-a)},EX,,False,EN,Laws Application
532,Electromagnetism,Classical Electromagnetism,Circuit Analysis,"A network contains two loops and three branches. The first branch is a battery (electromotive force $\varepsilon$, internal resistance $R_{1}$) with a switch S. The second branch is a resistor $R_{2}$ with a capacitor $C$, and the third branch is a resistor $R_{3}$. Given that the capacitor $C$ initially has a charge of $Q_{0}$, calculate the time-dependent charge on the capacitor $C$.","Suppose the currents through the three branches are $I, I_{1}, I_{2}$, and the charge on $C$ is $q$, then we have

$$
\begin{aligned}
& \varepsilon = I R_{1} + I_{1} R_{3}, \\
& \varepsilon = I R_{1} + I_{2} R_{2} + \frac{q}{C}, \\
& \frac{\mathrm{d} q}{\mathrm{d} t} = I_{2}, \\
& I = I_{1} + I_{2}.
\end{aligned}
$$

By solving these equations, we obtain

$$
\frac{\mathrm{d} q}{\mathrm{d} t} = -A q + B,
$$

where

$$
\begin{aligned}
A & = \frac{R_{1} + R_{2}}{\left(R_{1} R_{2} + R_{2} R_{3} + R_{3} R_{1}\right) C}, \\
B & = \frac{\varepsilon R_{3}}{R_{1} R_{2} + R_{2} R_{3} + R_{3} R_{1}}.
\end{aligned}
$$

Solving the equation, we get

$$
q = d \mathrm{e}^{-A t} + \frac{B}{A}, \quad d \text{ is determined by the initial condition}.
$$

If $q(0) = Q_{0}$, then

$$
d = Q_{0} - \frac{B}{A}.
$$

Therefore,

$$
\begin{aligned}
q & = \frac{B}{A} + \left(Q_{0} - \frac{B}{A}\right) \mathrm{e}^{-A t} \\
& = \frac{\varepsilon R_{3}}{R_{1} + R_{2}} + \left(Q_{0} - \frac{\varepsilon R_{3}}{R_{1} + R_{2}}\right) \exp \left[-\frac{R_{1} + R_{2}}{\left(R_{1} R_{2} + R_{2} R_{3} + R_{3} R_{1}\right) C} t\right].
\end{aligned}
$$",\boxed{\frac{\varepsilon R_{3}}{R_{1} + R_{2}} + \left(Q_{0} - \frac{\varepsilon R_{3}}{R_{1} + R_{2}}\right) \exp \left[-\frac{R_{1} + R_{2}}{\left(R_{1} R_{2} + R_{2} R_{3} + R_{3} R_{1}\right) C} t\right]},EX,,False,EN,Math Derivation
537,Electromagnetism,Classical Electromagnetism,Magstatics,"In the magnetic field \( B = B_{0} x \mathrm{e}^{\alpha t} e_{z} \), there is a metal wire bent at an angle \(\varphi\) in the form \( AOC \). The wire \( MN \) begins sliding along the metal line from \( x = 0 \) at \( t = 0 \) with a constant speed \( V \). The direction of \( V \) is parallel to \( OC \) and perpendicular to \( MN \). It is also known that there is no contact resistance between the metal line \( AOC \) and the wire \( MN \), and the resistance per unit length of both is a constant, equal to \(\rho\). Find the induced current \( I \) in the loop at any time \( t(>0) \).","According to Ohm's law, the induced current in the loop is

\[
I = \frac{\varepsilon}{R} = -\frac{B_{0} \sin \varphi v^{2}\left(3 t + \alpha t^{2}\right)}{3 \rho(1 + \sin \varphi + \cos \varphi)} \mathrm{e}^{\alpha t} \tag{4}
\]",\boxed{-\frac{B_{0} \sin \varphi v^{2}\left(3 t+\alpha t^{2}\right)}{3 \rho(1+\sin \varphi+\cos \varphi)} \mathrm{e}^{\alpha t}},EX,,False,EN,Laws Application
538,Electromagnetism,Classical Electromagnetism,Electrostatics,"A long conductive cylinder is split into two halves along its axis, with the potentials maintained at $V_{0}$ and 0, respectively. The total static charge in the system is zero. (c) Calculate the electric field for $r \ll a$.","When $r \ll a$,

$$
\begin{aligned}
V & \approx \frac{V_{0}}{\pi}\left(\frac{\pi}{2}+\frac{2 r \sin \theta}{a}\right) \\
& =\frac{V_{0}}{2}+\frac{2 V_{0} r \sin \theta}{\pi a}
\end{aligned}
$$

Thus, we have

$$
\begin{aligned}
E_{r} & =-\frac{\partial V}{\partial r}=-\frac{2 V_{0} \sin \theta}{\pi a} \\
E_{\theta} & =-\frac{1}{r} \frac{\partial V}{\partial \theta}=-\frac{2 V_{0}}{\pi a} \cos \theta
\end{aligned}
$$","\boxed{E_r = -\frac{2 V_0 \sin \theta}{\pi a}, E_{\theta} = -\frac{2 V_0}{\pi a} \cos \theta}",EX,"\text{None, None}",True,EN,Math Derivation
540,Electromagnetism,Classical Electromagnetism,Electrostatics,"Find the capacitance of a conductor shaped like an oblate spheroid. The equation for the rotating ellipsoid is given by

$$
\frac{x^{2}}{b^{2}}+\frac{y^{2}+z^{2}}{a^{2}}=1
$$

where the constants \(a\) and \(b\) satisfy \(a > b, a^{2} = b^{2} + f^{2}\). The equipotential surfaces involved are a family of elongated confocal ellipsoids of revolution. To determine the proportionality factor \(\Lambda(b)\), it is assumed that the static electric field charge is only distributed on the degenerate ellipsoid, which is the circular surface, resulting in the surface charge density on the circle \(\sigma(r)\).","Equation (4) contains an unknown function \(\Lambda(b)\). First, consider its behavior as \(b \rightarrow 0\). According to Gauss's law, the electric field near an infinitely long uniformly charged line is \(E \propto \frac{1}{r}\), where as \(r \rightarrow 0, E \rightarrow \infty\). We expect that the above \(E_{l}\) tends towards \(\infty\) as \(1/b\) when \(b\) approaches 0. For a finite solution, \(\lim_{b \rightarrow 0} \Lambda(b) / b\) should be finite, denoted as \(k\). Substituting this and equation (5) into equation (4), a finite solution can be obtained. Using the method of finding limits, the expression for the charge density \(\sigma_{1}(0, z)\) can be derived as \(\sigma_{1}(0, z)= \frac{\lambda k}{\pi \sqrt{1-z^{2} / f^{2}}} \). Thus, due to rotational symmetry, the surface charge density on the circle is \(\sigma(r)=\left.\sigma_{1}(0, z)\right|_{z=r}\), which gives

\begin{equation*}
\sigma(r)=\frac{\lambda k}{\pi} \cdot \frac{1}{\sqrt{1-\frac{r^{2}}{f^{2}}}}=\frac{\sigma_{0}}{\sqrt{1-\frac{r^{2}}{f^{2}}}} \tag{6}
\end{equation*}",\boxed{\frac{\sigma_{0}}{\sqrt{1-\frac{r^{2}}{f^{2}}}}},EX,,False,EN,Math Derivation
541,Electromagnetism,Classical Electromagnetism,Electrostatics,A sphere with a radius of \( a \) made of a uniform isotropic dielectric medium has a dielectric constant \( \varepsilon \). It is placed in a uniform electric field \( \boldsymbol{E}_{0} \). Find the electric field inside the dielectric sphere.,"Let's take cylindrical coordinates, setting the center of the sphere as the origin, and align the polar axis (\( z \)-axis) with \( \boldsymbol{E}_{0} \), as shown in Figure 1.74 in the problem. Assume the electric potential inside the sphere is \( \varphi_{1} \). By solving through the method of separation of variables and considering axial symmetry, \( \varphi_{1} \) is given as follows:

\[
\varphi_{1}=\sum_{n}\left(A_{n} r^{n}+\frac{B_{n}}{r^{n+1}}\right) P_{n}(\cos \theta)  \tag{1}
\]

where \( P_{n}(\cos \theta) \) represents the Legendre polynomial, and the boundary condition is:

\[
\left.\varphi_{1}\right|_{r \rightarrow 0} \text{ is finite }  \tag{i}
\]

From condition (i), we obtain \( B_{n}=0 \). Substitute equation (1) into the following boundary conditions:

\[
\varphi_{1}=\left.\varphi_{2}\right|_{r=a}, \quad \varepsilon \frac{\partial \varphi_{1}}{\partial r}=\left.\varepsilon_{0} \frac{\partial \varphi_{2}}{\partial r}\right|_{r=a} \tag{iii}
\]

yielding

\[
A_{1}=-\frac{3 \varepsilon_{0}}{\varepsilon+2 \varepsilon_{0}} \boldsymbol{E}_{0}, \quad A_{n}=0(n \neq 1)
\]

Finally, the electric potential inside the sphere is

\[
\varphi_{1}=-\frac{3 \varepsilon_{0}}{\varepsilon+2 \varepsilon_{0}} E_{0} r \cos \theta  \tag{3}
\]

Therefore, the electric field inside the sphere is:

\[
\boldsymbol{E}_{1}=-\nabla \varphi_{1}=\frac{3 \varepsilon_{0}}{\varepsilon+2 \varepsilon_{0}} \boldsymbol{E}_{0}, \quad |\boldsymbol{r}| < a
\]",\boxed{\frac{3 \varepsilon_{0}}{\varepsilon+2 \varepsilon_{0}} \boldsymbol{E}_{0}},EX,,False,EN,Laws Application
543,Electromagnetism,Classical Electromagnetism,Electrostatics,"An electric dipole with a fixed length has a mass point with mass $m$ at each end. One end has a positive charge $+Q_{2}$, and the other end has a negative charge $-Q_{2}$. It revolves around a fixed point charge $+Q_{1}$ in orbital motion (the two poles of the dipole are constrained within the orbital plane). The dipole moves in a circular orbit around $Q_{1}$, with $\dot{r} \approx \ddot{r} \approx \ddot{\theta} \approx 0$, and $\alpha \ll 1$. Determine the period of small oscillations in the $\alpha$ coordinate.","Since $\dot{r} \approx \ddot{r} \approx 0$, $r$ is a constant. Also, given $\ddot{\theta}=0$ and $\alpha \ll 1$, implying $\sin \alpha \approx \alpha$, we have

$$
2 m R^{2} \ddot{\alpha}+\frac{Q_{1} Q_{2}}{4 \pi \varepsilon_{0}} \cdot \frac{2 R \alpha}{r^{2}}=0
$$

Thus, we obtain

$$
\omega=\sqrt{\frac{Q_{1} Q_{2}}{4 \pi \varepsilon_{0}} \cdot \frac{1}{m R r^{2}}}
$$

The period of small oscillations is

$$
T=\frac{2 \pi}{\omega}=2 \pi \sqrt{\frac{4 \pi \varepsilon_{0}}{Q_{1} Q_{2}} \cdot m R r^{2}}
$$",\boxed{2 \pi \sqrt{\frac{4 \pi \varepsilon_{0}}{Q_{1} Q_{2}} \cdot m R r^{2}}},NV,\text{s},False,EN,Math Derivation
544,Electromagnetism,Classical Electromagnetism,Electrostatics,A grounded conducting sphere with a radius of \(a\) is placed in a uniform electrostatic field \(\boldsymbol{E}_0\). The sphere will experience a tension that divides it in half along the direction of the electric field. Determine the magnitude of this tension using the method of electric potential.,"Using cylindrical coordinates, place the center of the sphere at the origin of the coordinate system and align the polar axis (\(z\) axis) with the direction of \(\boldsymbol{E}_0\), as shown in the diagram 1.50. The electric potential of the conducting sphere is 0. Assume the external potential of the sphere is \(\varphi\). Solve using the separation of variables method, considering axial symmetry, \(\varphi\) is given as  

\[
\varphi = \sum_{n} \left(A_n r^n + \frac{B_n}{r^{n+1}}\right) P_n(\cos \theta) \tag{8}
\]

where \(P_n(\cos \theta)\) are Legendre polynomials, and the boundary conditions are  
(i) \(\left.\varphi\right|_{r = a} = 0\),  
(ii) \(-\left.\oint \frac{\partial \varphi}{\partial r} \,\mathrm{d}^2 \Omega\right|_{r = a} = 0\),  
(iii) \(\left.\varphi\right|_{r \rightarrow \infty} = -r E_0 \cos \theta = -r E_0 P_1(\cos \theta)\)  

From condition (iii), we have  

\[ 
A_1 = -E_0, \quad A_n = 0, \quad n > 1 
\]

From condition (i), we get  

\[ 
\begin{aligned}
& B_n = A_n = 0, \quad n > 1, \quad B_0 = r A_0 \\
& B_1 = -a^3 A_1 = -a^3 E_0
\end{aligned}
\]

Combining with condition (ii), we find \(A_0 = B_0 = 0\). Thus, the external potential of the sphere is  

\[
\varphi = -E_0 \left(r - \frac{a^3}{r^2}\right) \cos \theta \tag{9}
\]

Therefore, using \(\boldsymbol{E} = -\nabla \varphi\), the electric field distribution inside and outside the sphere is  

\[
\boldsymbol{E}_o = \left(1 + \frac{2 a^3}{r^3}\right) E_0 \cos \theta \boldsymbol{e}_r - \left(1 - \frac{a^3}{r^3}\right) E_0 \sin \theta \boldsymbol{e}_\theta, \quad \boldsymbol{E}_{\mathrm{i}} = 0 \tag{10}
\]

The stress tensor of the electrostatic field is  

\[
\overrightarrow{\boldsymbol{T}} = \varepsilon_0 \boldsymbol{E} \boldsymbol{E} - \frac{1}{2} \varepsilon_0 E^2 \overrightarrow{\boldsymbol{I}}
\]

The force per unit area on the sphere's surface is  

\[
\boldsymbol{f} = \boldsymbol{e}_r \cdot \boldsymbol{T} = \varepsilon_0 E_r \boldsymbol{E} - \frac{1}{2} \varepsilon_0 E^2 \boldsymbol{e}_r = \frac{9}{2} \varepsilon_0 E_0^2 \cos^2 \theta \boldsymbol{e}_r
\]

Due to symmetry, the resultant force on the right hemisphere is along the \(e_z\) direction, with a magnitude of  

\[
F_r = \iint \boldsymbol{f} \cdot \boldsymbol{e}_z \,\mathrm{d}s = \frac{9}{2} \varepsilon_0 \pi a^2 E_0^2
\]

Similarly, the magnitude of the resultant force on the left hemisphere is  

\[
F_l = -\frac{9}{2} \varepsilon_0 \pi a^2 E_0^2
\]

Here, the negative sign indicates the force is in the opposite direction of \(e_z\). Thus, the tension that divides the sphere in half is \(\frac{9}{2} \varepsilon_0 \pi a^2 E_0^2\).","\[
\boxed{\frac{9}{2} \varepsilon_0 \pi a^2 E_0^2}
\]",EX,,False,EN,Math Derivation
547,Electromagnetism,Classical Electromagnetism,Magstatics,"A magnetic dipole with a very small line degree is located on the $z$ axis, with an intrinsic magnetic moment of $\boldsymbol{m}=m \mathbf{e}_{x}$, and it moves at a rate $V$ along the negative direction of the $z$ axis. There is also a thin conductive circular loop with its center at the origin $O$, a radius of $b$, and a resistance of $R$, fixed in a plane perpendicular to the $x$ axis. The magnetic dipole and the loop are separated by a distance $a$. Consider the induced electromotive force and induced current within the conductive loop.","The induced electromotive force and induced current in the loop are

$$
\begin{aligned}
\varepsilon & =-\frac{\mathrm{d} \Phi}{\mathrm{~d} t}=-\frac{\mathrm{d} \Phi}{\mathrm{~d} a} \cdot \frac{\mathrm{~d} a}{\mathrm{~d} t}=-V \frac{\mathrm{~d} \Phi}{\mathrm{~d} a} \\
& =-\frac{3 \mu_{0} a b^{2} m V}{2\left(a^{2}+b^{2}\right)^{5 / 2}} \\
I & =\frac{|\varepsilon|}{R}=\frac{3 \mu_{0} a b^{2} m V}{2 R\left(a^{2}+b^{2}\right)^{5 / 2}}
\end{aligned}
$$","\boxed{-\frac{3 \mu_{0} a b^{2} m V}{2\left(a^{2}+b^{2}\right)^{5 / 2}}, \frac{3 \mu_{0} a b^{2} m V}{2\left(a^{2}+b^{2}\right)^{5 / 2}R}}","EX, EX",,True,EN,Laws Application
548,Electromagnetism,Classical Electromagnetism,Magstatics,"Consider an electron moving in a time-dependent axially symmetric magnetic field, where the magnetic field satisfies $B_{\theta}=0$. The Lagrangian function is given by

$$
L = -mc^{2}\left(1-\frac{v^{2}}{c^{2}}\right)^{1/2} + e \boldsymbol{V} \cdot \boldsymbol{A}, \quad \boldsymbol{B} = \nabla \times \boldsymbol{A}.
$$

Assume the magnetic field is in the form $B_{z} = B_{0}\left(\frac{r_{0}}{r}\right)^{n}$, where $B_{z}$ is the instantaneous value of the field on the equilibrium orbit $r = r_{0}$; the $z$-axis is the symmetry axis, $n$ is a positive number, and $B(r, z, t) = B(r, z) T(t)$. Assume the change of the external field with time is very small over the time required for one rotation. Prove that the sum of the squares of the radial and vertical oscillation frequencies equals the square of the cyclotron frequency of a particle on the equilibrium orbit.","(b) The above equation has a bound sinusoidal solution only when $n<1$. In this case, the radial frequency $\omega_{r}$ is given by

\begin{equation*}
\omega_{r} = \frac{\omega^{2}(1-n) \varepsilon}{1 + r_{0}^{2} \omega^{2}/c^{2}} \tag{9}
\end{equation*}

For small oscillations in the $z$ direction, one can write the equation for $z$ based on the Lagrangian:

$$
\frac{\mathrm{d}(m \dot{z})}{\mathrm{d} t} = e r \dot{\theta} \frac{\partial A_{\theta}}{\partial z}
$$

resulting in

\begin{equation*}
m \ddot{z}\left(1 + \frac{r_{0}^{2} \omega^{2}}{c^{2}}\right)^{1/2} = -\frac{e}{c} B_{r}(z) r_{0} \dot{\theta} \tag{10}
\end{equation*}

To determine $B_{r}(z)$, note that near the orbit

$$
(\nabla \times \boldsymbol{B})_{\theta} = \frac{\partial B_{r}}{\partial z} - \frac{\partial B_{z}}{\partial r} = 0
$$

Thus,

$$
\frac{\partial B_{r}}{\partial z} = \frac{\partial B_{z}}{\partial r} = -\frac{n B_{0}}{r_{0}}
$$

With $z=0, B_{r}=0$, it follows that $B_{r} = -\frac{n B_{0} z}{r_{0}}$. Substituting this into equation (10) yields

$$
\ddot{z} + \frac{n z \omega^{2}}{1 + r_{0}^{2} \omega^{2}/c^{2}} = 0
$$

Thus,

$$
\omega_{z}^{2} = \frac{n \omega^{2}}{1 + r_{0}^{2} \omega^{2}/c^{2}}, \quad \omega_{z}^{2} + \omega_{r}^{2} = \dot{\theta}^{2}
$$",\boxed{\omega_{z}^{2} + \omega_{r}^{2} = \dot{\theta}^{2}},EQ,,False,EN,Math Derivation
549,Electromagnetism,Classical Electromagnetism,Magstatics,"There is a semi-infinite solenoid with a radius \( R \), turns per unit length \( n \), and carrying a current \( I \). Determine the expression for the radial component of the magnetic field \( B_{\mathrm{r}}(0) \) near the end of the solenoid, along the axis where \( r \ll R \) and \( z=0 \).","To find \(\boldsymbol{B}_{\mathrm{r}}\), the radial component of the magnetic field, apply Gauss's theorem. Consider a small cylindrical Gaussian surface of height \(\mathrm{d} z_{0}\) and radius \( r \), as shown in the problem diagram 2.5(b). According to the equation \(\oint \boldsymbol{B} \cdot \mathrm{d} \boldsymbol{S}=0\), we have:

\[
\left[B_{z}\left(z_{0}+\mathrm{d} z\right)-B_{z}\left(z_{0}\right)\right] \cdot \pi r^{2}=B_{\mathrm{r}}\left(z_{0}\right) 2 \pi r \mathrm{~d} z_{0}
\]

Since \( r \ll R \), it can be assumed that \( B_{z}\left(z_{0}\right)=B\left(z_{0}\right) \). Thus, from the above equation, we derive:

\[
\frac{\mathrm{d} B\left(z_{0}\right)}{\mathrm{d} z_{0}} \pi r^{2}=B_{\mathrm{r}}\left(z_{0}\right) \cdot 2 \pi r
\]

Therefore, we have:

\[
B_{\mathrm{r}}\left(z_{0}\right)=\frac{r}{2} \cdot \frac{\mathrm{~d} B\left(z_{0}\right)}{\mathrm{d} z_{0}}=\frac{\mu_{0} n I r R^{2}}{4\left(R^{2}+z_{0}^{2}\right)^{3 / 2}}
\]

At the end of the solenoid, \( z_{0}=0 \), the radial component of the magnetic field is:

\[
B_{\mathrm{r}}(0)=\frac{\mu_{0} n I r}{4 R}
\]",\boxed{\frac{\mu_{0} n I r}{4 R}},EX,,False,EN,Math Derivation
550,Electromagnetism,Classical Electromagnetism,Magstatics,"As a model describing the electrodynamic properties of a pulsar, we consider a rigid sphere of radius $R$, rotating around a fixed axis with angular velocity $\omega$. The sphere has a net charge of 0, and the magnetic field in the vacuum region outside the pulsar is generated by a magnetic dipole moment $\boldsymbol{m}$, which is parallel to the sphere's axis of rotation. Find the electrostatic potential at various points near the surface outside the pulsar. It is known that inside the pulsar $\boldsymbol{E}=-\boldsymbol{v} \times \boldsymbol{B}$, and at the surface at angle $\theta$, $E_{\theta}=\frac{-\mu_{0} m \omega \sin \theta \cos \theta}{2 \pi R^{2}}$, where $\theta$ is the angle relative to the rotation axis.","From the above $E_{\theta}$ formula, it is easy to deduce that the induced voltage difference between the latitude $\alpha=\frac{\pi}{2}-\theta$ and the equator $(\alpha=0)$ is

$$
\begin{aligned}
\Delta V & =V_{\alpha}-V_{\text{equator}}=\int_{\theta}^{\frac{\pi}{2}} E_{\theta} R \mathrm{~d} \theta \\
& =\int_{\frac{\pi}{2}}^{\theta} \frac{\mu_{0} m \omega \sin \theta \mathrm{~d}(\sin \theta)}{2 \pi R}=\left.\frac{\mu_{0} m \omega \sin ^{2} \theta}{4 \pi R}\right|_{\frac{\pi}{2}} ^{\theta}
\end{aligned}
$$

$$
=\frac{\mu_{0} m \omega}{4 \pi R}\left(\cos ^{2} \alpha-1\right)=\frac{B_{\mathrm{p}} \omega R^{2}}{2}\left(\cos ^{2} \alpha-1\right)
$$

Here, $B_{\mathrm{p}}=\frac{\mu_{0} m}{2 \pi R^{3}}$, which is the magnetic dipole field at the pole.",\boxed{\frac{B_{\mathrm{p}} \omega R^{2}}{2}\left(\cos ^{2} \alpha-1\right)},EX,,False,EN,Math Derivation
554,Electromagnetism,Classical Electromagnetism,Electrostatics,"b) Find the capacitance of a prolate spheroidal conductor. Given that the equation of the spheroidal surface is \(\frac{x^{2}+y^{2}}{b^{2}}+\frac{z^{2}}{a^{2}}=1\), where the constants \(a, b\) satisfy \(a>b\) and \(a^{2}=b^{2}+f^{2}\).","For the prolate spheroidal conductor in this problem, the focal distance is \(f=\sqrt{a^{2}-b^{2}}\). Assume its surface carries a charge \(Q\), then the boundary value problem for the electric field outside the conductor is

\[
\left\{\begin{array}{l}
-\varepsilon_{0} \oint_{S} \frac{\partial U}{\partial n}=Q \\
U_{S}=\text{const}
\end{array}\right.
\]

Assume a uniform line charge density \(\lambda=Q/2f\) is distributed along the major axis of the spheroid between \((-f, f)\), and let the potential due to this charge distribution be \(U_{l}\). According to the above result, \(U_{l}\) is an equipotential on this spheroidal surface, and

\[
-\varepsilon_{0} \oint_{S} \frac{\partial U}{\partial n}=Q
\]

By the uniqueness theorem of electrostatics, the electric field outside the conductor spheroid is the same as the solution given by the assumed charge distribution. Therefore,

\[
U_{S}=U_{l}=U_{l}(b, 0,0)=\frac{\lambda}{4 \pi \varepsilon_{0}} \ln \frac{a+f}{a-f}=\frac{Q}{8 \pi \varepsilon_{0} f} \ln \frac{a+f}{a-f}
\]

Thus we have

\[
C=\frac{Q}{U_{S}}=\frac{8 \pi \varepsilon_{0} f}{\ln \frac{a+f}{a-f}}=\frac{8 \pi \varepsilon_{0} \sqrt{a^{2}-b^{2}}}{\ln \left(a+\sqrt{a^{2}-b^{2}}\right)-\ln \left(a-\sqrt{a^{2}-b^{2}}\right)}
\]

Appendix (another proof regarding the equipotential surface of a prolate spheroid) As in Figure 1.52(b), let \(P\) be any point outside the uniformly charged line segment \(AB\). Suppose the distance from \(P\) to \(AB\) is \(h\), and draw an arc with center \(P\) and radius \(h\), intersecting \(PA, PB\) at points \(C, D\) respectively. Take a differential segment \(\mathrm{d} l\) at angle \(\theta\) on \(AB\)

\[
\mathrm{d} l=\mathrm{d}(h \cot \theta)=h \csc ^{2} \theta \, \mathrm{d} \theta, \quad r_{\theta}=h \csc \theta
\]

Then the electric field produced by the differential segment \(\mathrm{d} l\) on \(AB\) is

\[
\mathrm{d} \boldsymbol{E}=\frac{\lambda \,\mathrm{d} l}{4 \pi \varepsilon_{0} r_{\theta}^{2}} \boldsymbol{e}_{r}=\frac{\lambda \,\mathrm{d} \theta}{4 \pi \varepsilon_{0} h} \boldsymbol{e}_{r}
\]

It is evident that \(\mathrm{d} \boldsymbol{E}\) is equivalent to the arc segment produced by the arc \(\wideparen{CD}\) within the range of \(\mathrm{d} \theta\) with the charge line density still being \(\lambda\). Hence, the electric field at point \(P\) from the uniformly charged line segment \(AB\) is equivalent to that produced by the arc \(\wideparen{CD}\) with a charge line density of \(\lambda\). Thus, due to symmetry, the electric field at point \(P\) must be along the bisector of the angle between \(PA\) and \(PB\). Additionally, by the properties of the ellipse, the normal at point \(P\) on the ellipse bisects the angle between the focal radii. Furthermore, due to the uniqueness of equipotential surfaces (only one equipotential surface passes through a point in an electrostatic field), the equipotential surface outside \(AB\) must be a prolate spheroidal surface with foci at \(A\) and \(B\).","\[
\boxed{\frac{8 \pi \varepsilon_{0} \sqrt{a^{2}-b^{2}}}{\ln \left(a+\sqrt{a^{2}-b^{2}}\right)-\ln \left(a-\sqrt{a^{2}-b^{2}}\right)}}
\]",EX,,False,EN,Math Derivation
555,Electromagnetism,Classical Electromagnetism,Electrostatics,"A long conductive cylinder is split into two halves along its axis, with one half maintaining a potential of $V_{0}$ and the other at 0. The total charge in the system is zero. (b) Calculate the electric field for $r \gg a$.","For $r \gg a$:

$$
\begin{aligned}
V & \approx \frac{V_{0}}{\pi}\left(\frac{\pi}{2}+\frac{2 a \sin \theta}{r}\right) \\
& =\frac{V_{0}}{2}+\frac{2 V_{0} a \sin \theta}{\pi r}
\end{aligned}
$$

Thus,

$$
\begin{aligned}
E_{r} & =-\frac{\partial V}{\partial r}=\frac{2 V_{0} a \sin \theta}{\pi r^{2}} \\
E_{\theta} & =-\frac{1}{r} \cdot \frac{\partial V}{\partial \theta}=-\frac{2 V_{0} a}{\pi r^{2}} \cos \theta
\end{aligned}
$$","\boxed{E_{r} = \frac{2 V_{0} a \sin \theta}{\pi r^{2}}, E_{\theta} = -\frac{2 V_{0} a}{\pi r^{2}} \cos \theta}",EX,"\text{None, None}",True,EN,Math Derivation
557,Electromagnetism,Classical Electromagnetism,Magstatics,"(b) Alvarez and his colleagues aimed to search for magnetic monopoles within objects by making material fragments pass through a coil with $n$ turns repeatedly. If the coil has a resistance $R$ and assuming the movement of the magnetic charge is slow enough to make its inductive effect negligible, calculate how much charge $Q$ passes through the coil after the monopole $q_{\mathrm{m}}$ circles $N$ times.","(b) As shown in the problem's Figure 2.119, consider an arbitrary loop $l$ around the area $S$ in a coil with $n$ turns. According to Maxwell's equations, we have:

\[
\oint_{L} \boldsymbol{E} \cdot \mathrm{d} \boldsymbol{l} = \int_{S} \nabla \times \boldsymbol{E} \cdot \mathrm{d} \boldsymbol{S} = -\frac{\partial}{\partial t} \int_{S} \boldsymbol{B} \cdot \mathrm{d} \boldsymbol{S} - \int_{S} \boldsymbol{j}_{\mathrm{m}} \cdot \mathrm{d} \boldsymbol{S}. \tag{2}
\]

Let $I_{\mathrm{m}}$ be the magnetic current in the coil, then:

\[
I_{\mathrm{m}} = \int_{S} \boldsymbol{j}_{\mathrm{m}} \cdot \mathrm{d} \boldsymbol{S}. \tag{3}
\]

Let $V$ be the potential of the coil, $I$ be the current through it, and $R$ be its resistance, then:

\[
\oint_{l} \boldsymbol{E} \cdot \mathrm{d} l = V = I R. \tag{4}
\]

And $\phi = \int \boldsymbol{B} \cdot \mathrm{d} \boldsymbol{S}$ is the magnetic flux through this coil, thus the induced electromotive force in the coil is:

\[
\varepsilon = -\frac{\partial \phi}{\partial t}. \tag{5}
\]

This leads to the following relation:

\[
I R = \varepsilon - I_{\mathrm{m}}. \tag{6}
\]

When ignoring inductance, $\varepsilon = 0$, we have:

\[
I R = -I_{\mathrm{m}}. \tag{7}
\]

Since $I = \frac{\mathrm{d} Q}{\mathrm{d} t}$ and $I_{\mathrm{m}} = \frac{\mathrm{d} q_{\mathrm{m}}}{\mathrm{d} t}$, equation (7) becomes:

\[
R \frac{\mathrm{d} Q}{\mathrm{d} t} = -\frac{\mathrm{d} q_{\mathrm{m}}}{\mathrm{d} t}.
\]

Integrating it gives:

\[
Q = -\frac{q_{\mathrm{m}}}{R}.
\]

Considering $q_{\mathrm{m}}$ passes $N$ times through a coil with $n$ turns, the total charge produced in the coil with $n$ turns is:

\[
Q = -\frac{N n q_{\mathrm{m}}}{R}. \tag{8}
\]",\boxed{-\frac{N n q_{\mathrm{m}}}{R}},EX,,False,EN,Math Derivation
558,Electromagnetism,Classical Electromagnetism,Magstatics,"A long hollow cylindrical body is made from iron with a permeability of $\mu$. It is placed in a uniform magnetic field $\boldsymbol{B}_{0}$ perpendicular to the axis. Assume that $\boldsymbol{B}_{0}$ is sufficiently small so that the iron is unsaturated, with $\mu$ considered constant. Given that the outer and inner radii of the cylinder are $a$ and $b$ respectively, find the magnetic field inside the cylinder.

Hint: In cylindrical coordinates, we have

$$
\nabla^{2} \equiv \frac{1}{r} \cdot \frac{\partial}{\partial r}\left(r \frac{\partial}{\partial r}\right) + \frac{1}{r^{2}} \cdot \frac{\partial^{2}}{\partial \theta^{2}} + \frac{\partial^{2}}{\partial z^{2}}
$$","Introduce the magnetic scalar potential $\phi$, where $\boldsymbol{H} = -\nabla \phi$. Since there is no free current in this problem, $\nabla^{2} \phi = 0$, which in cylindrical coordinates becomes

\begin{equation*}
\left\{\frac{1}{r} \cdot \frac{\partial}{\partial r}\left(r \frac{\partial}{\partial r}\right) + \frac{1}{r^{2}} \cdot \frac{\partial^{2}}{\partial \theta^{2}}\right\} \phi = 0 \tag{1}
\end{equation*}

Due to axial symmetry, $\frac{\partial^{2} \phi}{\partial z^{2}} = 0$. We can set

$$
\phi(r, \theta) = R(r) S(\theta)
$$

yielding

$$
\frac{1}{R}\left(r^{2} \frac{\mathrm{d}^{2} R}{\mathrm{d} r^{2}} + r \frac{\mathrm{d} R}{\mathrm{d} r}\right) = -\frac{1}{S} \cdot \frac{\mathrm{d}^{2} S}{\mathrm{d} \theta^{2}} = m^{2} = \text{constant}
$$

Thus, the general solution of equation (1) is

\begin{equation*}
\phi = \sum_{m=1}^{\infty}\left(c_{m} r^{m} + d_{m} r^{-m}\right)\left(g_{m} \cos m \theta + h_{m} \sin m \theta\right) \tag{2}
\end{equation*}

In this problem, since $\phi(r, \theta) = \phi(r, -\theta)$, the sine terms are not included in equation (2). Divide the space inside and outside the cylinder into three parts as shown in the diagram. The general solution $\phi$ for each part is of the form

\begin{equation*}
\phi_{i} = \sum_{m=1}^{\infty}\left(c_{i m} r^{m} + d_{i m}\right) \cos m \theta, \quad i=1, 2, 3 \tag{3}
\end{equation*}

For the external region of the cylinder, as $r \rightarrow \infty$, $\phi_{3} = -H_{0} r \cos \theta$, $\mu_{0} H = B_{0}$. From equation (3) we have

$$
c_{31} = -\frac{B_{0}}{\mu_{0}}, \quad c_{3 m} = d_{3 m} = 0, \quad m \neq 1
$$

Hence

\begin{equation*}
\phi_{3} = -\left(\frac{B_{0}}{\mu_{0}} r - \frac{d_{31}}{r}\right) \cos \theta \tag{4}
\end{equation*}

From the boundary conditions at $r = a, b$, we have

\begin{gather*}
\mu_{0} \frac{\partial \phi_{3}}{\partial r} = \left.\mu \frac{\partial \phi_{2}}{\partial r}\right|_{r=a}  \tag{5}\\
\mu_{0} \frac{\partial \phi_{1}}{\partial r} = \left.\mu \frac{\partial \phi_{2}}{\partial r}\right|_{r=b} \\
\frac{\partial \phi_{3}}{\partial \theta} = \left.\frac{\partial \phi_{2}}{\partial \theta}\right|_{r=a}, \quad \frac{\partial \phi_{1}}{\partial \theta} = \left.\frac{\partial \phi_{2}}{\partial \theta}\right|_{r=b} \tag{6}
\end{gather*}

Combining equations (3) and (6), we obtain a system of equations

\[
\left\{\begin{array}{l}
B_{0} + \frac{\mu_{0} d_{31}}{a^{2}} = \mu\left(-c_{21} + \frac{d_{21}}{a^{2}}\right)  \tag{7}\\
-B_{0} + \frac{d_{31}}{a^{2}} = \mu_{0}\left(c_{21} + \frac{d_{21}}{a^{2}}\right) \\
\mu\left(c_{21} - \frac{d_{21}}{b^{2}}\right) = \mu_{0} c_{11} \\
c_{21} + \frac{d_{21}}{b^{2}} = c_{11}
\end{array}\right.
\]

Additionally, since $\phi_{1}$ must be finite at $r = 0$, we have

\begin{equation*}
d_{11} = 0 \tag{8}
\end{equation*}

The magnetic scalar potential inside the cylinder is fully determined by $c_{11}$. Solving equation (7) gives

\begin{equation*}
c_{11} = -\frac{4 \mu a^{2} B_{0}}{a^{2}\left(\mu + \mu_{0}\right)^{2} - \left(\mu - \mu_{0}\right) b^{2}} \tag{9}
\end{equation*}

Thus

$$
\phi_{1} = c_{11} r \cos \theta
$$

The magnetic field is

\begin{align*}
\boldsymbol{H}_{1} & = -\nabla \phi_{1} = -\frac{\partial \phi_{1}}{\partial r} \boldsymbol{e}_{r} - \frac{1}{r} \cdot \frac{\partial \phi_{1}}{\partial \theta} \boldsymbol{e}_{\theta} \\
& = -c_{11}\left(\cos \theta \boldsymbol{e}_{r} - \sin \theta \boldsymbol{e}_{\theta}\right) \\
& = -c_{11} \boldsymbol{e}_{z}  \tag{10}\\
& = \frac{4 \mu a^{2}}{a^{2}\left(\mu + \mu_{0}\right)^{2} - \left(\mu - \mu_{0}\right) b^{2}} \boldsymbol{B}_{0}
\end{align*}

When $\mu \gg \mu_{0}$, we have

\begin{equation*}
H_{1} \approx \frac{4}{\mu} \cdot \frac{B_{0}}{1 - \left(\frac{b}{a}\right)^{2}} \tag{11}
\end{equation*}

The larger the $\mu$, the stronger the magnetic shielding effect.",\boxed{\boldsymbol{H}_{1} = \frac{4 \mu a^{2}}{a^{2}\left(\mu + \mu_{0}\right)^{2} - \left(\mu - \mu_{0}\right) b^{2}} \boldsymbol{B}_{0}},EX,,False,EN,Math Derivation
559,Electromagnetism,Classical Electromagnetism,Electrostatics,"Above the grounded conductor plane at $z=0$, there are two point charges $+q$ and $-q$ located at $(x, y, z) = (a, 0, a)$ and $(-a, 0, a)$, respectively. (b) To obtain such a charge system, find the work done against the electrostatic force.","(b) We can imagine moving the charges $+q$ and $-q$ along the following paths:

$$
\begin{array}{ll}
L_{1}: z = x, & y = 0 \\
L_{2}: z = -x, & y = 0
\end{array}
$$

starting from infinity to the points $(a, 0, a)$ and $(-a, 0, a)$, respectively, to achieve the charge system described in the problem. Assuming that $+q$ and $-q$ reach the points $(l, 0, l)$ and $(-l, 0, l)$ along the paths $L_{1}$ and $L_{2}$, we find, using part (a), that the magnitude of the electrostatic force experienced by them is $\frac{(2\sqrt{2} - 1) q^{2}}{32 \pi \varepsilon_{0} l^{2}}$. Since the direction of the electrostatic force is parallel to the path direction, the work done by the external force is:

$$
W = -2 \int_{\infty}^{a} F \mathrm{~d} l = 2 \int_{a}^{\infty} \frac{(2\sqrt{2} - 1) q^{2}}{32 \pi \varepsilon_{0} l^{2}} \mathrm{~d} l = \frac{(2\sqrt{2} - 1) q^{2}}{16 \pi \varepsilon_{0} a}
$$

$$
<image 1>
$$",\boxed{\frac{(2\sqrt{2} - 1) q^{2}}{16 \pi \varepsilon_{0} a}},EX,,False,EN,Practical Application
560,Electromagnetism,Classical Electromagnetism,Magstatics,"An undulator is a fundamental device in free-electron laser systems, featuring a magnet structure with a periodic magnetic field described by $\boldsymbol{B} = \left(0, B_{0} \cos k_{\mathrm{u}} z, 0\right)$, where the magnetic field period is $\lambda_{\mathrm{u}} = 2 \pi / k_{\mathrm{u}}$. An extremely relativistic electron with energy $\gamma$ enters the device with an initial velocity of $(0,0, v_{z})$. Using the distance $z$ the electron travels into the undulator as a variable, find how the electron's velocity $v_{z}$ changes with $z$.","Using the Lorentz force formula

$$
\boldsymbol{F} = -e \boldsymbol{V} \times \boldsymbol{B} = m \gamma \frac{\mathrm{d} \boldsymbol{V}}{\mathrm{d} t}
$$

and

$$
\boldsymbol{V} \times \boldsymbol{B} = -v_{z} B_{0} \cos \left(k_{\mathrm{u}} z\right) \hat{\boldsymbol{x}} + v_{z} B_{0} \cos \left(k_{\mathrm{u}} z\right) \hat{z}
$$

So,

\begin{align*}
& \dot{v}_{z} = -\frac{e}{m \gamma} v_{x} B_{0} \cos \left(k_{\mathrm{u}} z\right)
\end{align*}

Considering that

$$
\gamma = \frac{1}{\sqrt{1-\beta_{\perp}^{2}-\beta_{z}^{2}}}
$$

Thus,

$$
\beta_{z} = \sqrt{1-\beta_{\perp}^{2}-\frac{1}{\gamma^{2}}} \approx 1-\frac{1}{2}\left(\beta_{\perp}^{2}+\frac{1}{\gamma^{2}}\right)
$$

Given that

$$
\beta_{\perp}^{2} = \beta_{x}^{2} = \frac{2 a_{\mathrm{u}}^{2}}{\gamma^{2}} \sin ^{2}\left(k_{\mathrm{u}} z\right)
$$

Therefore,

$$
\beta_{z} = 1 - \frac{1}{2 \gamma^{2}} \left[1 + 2 a_{\mathrm{u}}^{2} \sin ^{2}\left(k_{\mathrm{u}} z\right)\right] = 1 - \frac{1}{2 \gamma^{2}} \left[1 + a_{\mathrm{u}}^{2} - a_{\mathrm{u}}^{2} \cos \left(2 k_{\mathrm{u}} z\right)\right]
$$

Thus,

$$
\beta_{z} = 1 - \frac{1 + a_{\mathrm{u}}^{2}}{2 \gamma^{2}} + \frac{a_{\mathrm{u}}^{2}}{2 \gamma^{2}} \cos \left(2 k_{\mathrm{u}} z\right)
$$",\boxed{\beta_{z} = 1 - \frac{1 + a_{\mathrm{u}}^{2}}{2 \gamma^{2}} + \frac{a_{\mathrm{u}}^{2}}{2 \gamma^{2}} \cos \left(2 k_{\mathrm{u}} z\right)},EQ,,False,EN,Math Derivation
565,Electromagnetism,Classical Electromagnetism,Magstatics,"A magnetic dipole with negligible size is located on the $z$-axis, with an inherent magnetic moment of $\boldsymbol{m}=m \mathbf{e}_{x}$, and moves in the negative direction of the $z$-axis at a speed $V$. There is also a thin conductive circular ring, centered at the origin $O$, with a radius $b$ and resistance $R$, fixed on a plane perpendicular to the $x$-axis. The magnetic dipole and the coil are separated by a distance $a$. From the perspective of energy, calculate the resistance experienced by the magnetic dipole.","From the energy perspective, the resistance experienced by the moving magnetic dipole results in kinetic energy being transformed into Joule heat losses within the wire coil. From this relationship, the resistance on the moving magnetic dipole can be determined.

Consider the magnetic dipole as two magnetic charges $q_{\mathrm{m}}, -q_{\mathrm{m}}$ separated by a distance $l$. The total magnetic flux generated by the dipole within the circular ring is

$$
\begin{aligned}
\Phi_{\mathrm{m}} & =\frac{\mu_{0} q_{\mathrm{m}} \cdot 2 \pi R_{1}^{2}(1-\cos \theta_{1})}{4 \pi R_{1}^{2}}-\frac{\mu_{0} q_{\mathrm{m}} \cdot 2 \pi R_{2}^{2}(1-\cos \theta_{2})}{4 \pi R_{2}^{2}} \\
& =\frac{\mu_{0} q_{\mathrm{m}}}{2}(\cos \theta_{2}-\cos \theta_{1})
\end{aligned}
$$

$$
\begin{aligned}
& =\frac{\mu_{0} q_{\mathrm{m}}}{2}\left\{\frac{-a+\frac{l}{2}}{\left[\left(-a+\frac{l}{2}\right)^{2}+b^{2}\right]^{1 / 2}}-\frac{-a-\frac{l}{2}}{\left[\left(-a-\frac{l}{2}\right)^{2}+b^{2}\right]^{1 / 2}}\right\} \\
& \xlongequal{-a \gg l} \frac{\mu_{0} q_{\mathrm{m}}}{2} \cdot \frac{b^{2} l}{\left(a^{2}+b^{2}\right)^{3 / 2}} \\
& =-\frac{\mu_{0} m}{2} \cdot \frac{b^{2}}{\left(a^{2}+b^{2}\right)^{3 / 2}}
\end{aligned}
$$

This result is consistent with the result obtained using the method of calculating magnetic flux in the first solution. Therefore, the induced electromotive force in the conductive ring is

$$
\varepsilon=-\frac{\mathrm{d} \Phi_{\mathrm{m}}}{\mathrm{~d} t}=-\frac{\partial \Phi}{\partial a} \cdot \frac{\partial a}{\partial t}=-V \frac{\partial \Phi}{\partial a}=-\frac{3 \mu_{0} m a V b^{2}}{2\left(a^{2}+b^{2}\right)^{5 / 2}}
$$

Thus, the power consumed by the conductive ring is

$$
P=\frac{\varepsilon^{2}}{R}=\frac{9 \mu_{0}^{2} a^{2} b^{4} m^{2} V^{2}}{4\left(a^{2}+b^{2}\right)^{5} R}
$$

This power is equivalent to the power loss of the magnetic dipole $P_{1}=FV$. Therefore, the resistance experienced by the magnetic dipole is

$$
F=\frac{P}{V}=\frac{9 \mu_{0}^{2} a^{2} b^{4} m^{2}}{4\left(a^{2}+b^{2}\right)^{5} R} V
$$

The direction of this force is along the positive $z$-axis (opposite to the direction of motion of the magnetic dipole).",\boxed{F=\frac{9 \mu_{0}^{2} a^{2} b^{4} m^{2}}{4(a^{2}+b^{2})^{5} R} V},EX,,False,EN,Math Derivation
567,Electromagnetism,Classical Electromagnetism,Magstatics,"A direct current electromagnet is composed of a coil with $N$ turns tightly wound around an iron yoke on a tire, from which a thin plate is cut to form an air gap. The radii of the yoke are $a$ and $b$, with a gap of width $W$. The magnetic permeability of the iron is $\mu$, and $\mu$ is very large and constant. The coil is wound from wire with a radius of $r$ and resistivity $\rho$. A voltage $V$ is applied across the ends of the magnet. Assume $b/a \gg 1$ and $a/r \gg 1$. Derive the power loss in the coil in the steady state.","(b) The power loss in the coil in the steady state

$$
P = IV = \frac{V^{2} r^{2}}{2 a \rho N}
$$",\boxed{\frac{V^{2} r^{2}}{2 a \rho N}},EX,,False,EN,Math Derivation
570,Electromagnetism,Classical Electromagnetism,Electrostatics,"To further increase the acceleration voltage, an additional concentric spherical electrode, known as the intermediate electrode, with radius $r_1$, is inserted between the high-voltage electrode and the outer grounded pressure-resistant container (with radius $R$). The design requires maintaining a certain proportional relationship between the voltage on the intermediate electrode and the voltage on the high-voltage electrode to achieve the maximum possible acceleration voltage. Calculate this proportionality factor.","In the absence of an intermediate electrode, if a breakdown occurs, it only reaches the breakdown field strength $E_0$ near the high-voltage electrode, and everywhere else is less than $E_0$. By adding some intermediate electrodes and appropriately distributing the voltage, it is possible to increase the electric field strength at the intermediate electrode to also reach the breakdown field strength $E_0$. This can effectively increase the acceleration voltage. The design should consider making the electric field strength near the outer surface of the intermediate electrode equal to the electric field strength near the high-voltage electrode. This way, as the voltage on the high-voltage electrode increases and the electric field strength at all points increases accordingly, if the gas breaks down, it will do so simultaneously at both locations, thus maximizing the acceleration voltage. A solution similar to approach (a) easily shows that the electric field strength $E(r_1)$ near the outer surface of the intermediate electrode and the electric field strength $E(r_0)$ near the high-voltage electrode satisfy the following relationship:

$$
\begin{aligned}
& E(r_0) = \frac{V_0 - V_1}{r_0^2 \left(\frac{1}{r_0} - \frac{1}{r_1}\right)} \\
& E(r_1) = \frac{V_1 - 0}{r_1^2 \left(\frac{1}{r_0} - \frac{1}{R}\right)}
\end{aligned}
$$

Setting $E(r_0) = E(r_1)$, we can solve to find:

$$
\frac{V_1}{V_0} = \frac{1}{1 + \frac{r_0}{r_1} \left(1 - \frac{r_0}{r_1}\right) / \left(1 - \frac{r_1}{R}\right)}
$$

$$
<image 1>
$$
\end{center}",\boxed{\frac{1}{1 + \frac{r_0}{r_1} \left(1 - \frac{r_0}{r_1}\right) / \left(1 - \frac{r_1}{R}\right)}},EX,,False,EN,Math Derivation
572,Electromagnetism,Classical Electromagnetism,Magstatics,A dielectric thin spherical shell with a radius of $R$ rotates around a diameter with an angular velocity $\omega$. A uniform surface charge $\sigma$ is distributed on the sphere. Assume the mass of the spherical shell is negligible. Find the magnetic field inside and outside the rotating spherical shell.,"Take the spherical coordinate system with the rotation axis as the $z$-axis. The surface current density on the spherical shell is given by

$$
\alpha = R \sigma \omega \sin \theta e_{\varphi}
$$

or expressed as an equivalent volume current

$$
J = \alpha \delta(r-R)
$$

Thus, the magnetic moment of the sphere is

$$
\begin{aligned}
\boldsymbol{m} & = \frac{1}{2} \int_{\text{sphere volume}} \boldsymbol{r} \times J \, dV = \pi R^{4} \sigma \omega \int_{0}^{\pi} \sin^{3} \theta \, d\theta \, e_{z} \\
& = \frac{4 \pi}{3} R^{4} \sigma \omega e_{z}
\end{aligned}
$$

The magnetization of the sphere is

$$
M = \frac{m}{\frac{4}{3} \pi R^{3}} = \sigma \omega e_{z}
$$

Since there is no free current inside or outside the sphere, we use the scalar magnetic potential method

$$
\nabla^{2} \varphi_{1} = \nabla^{2} \varphi_{2} = 0
$$

The boundary conditions are $\varphi_{1}$ is finite at the origin, and $\varphi_{2}$ tends to 0 at infinity, and on the sphere surface,

$$
\varphi_{1} = \varphi_{2}\big|_{r=R}, \quad \frac{\partial \varphi_{2}}{\partial r} - \frac{\partial \varphi_{1}}{\partial r}\big|_{r=R} = -\sigma R \omega \cos \theta
$$

Using the method of separation of variables,

$$
\begin{aligned}
\varphi_{1} & = \sum_{n} a_{n} r^{n} P_{n}(\cos \theta) \\
\varphi_{2} & = \sum_{n} \frac{b_{n}}{r^{n+1}} P_{n}(\cos \theta)
\end{aligned}
$$

Substituting in the boundary conditions gives

$$
a_{1} = \frac{\sigma R \omega}{3}, \quad b_{1} = \frac{\sigma R^{3} \omega}{3}
$$

All other coefficients are zero, yielding the scalar magnetic potentials as

$$
\varphi_{1} = \frac{1}{3} \sigma R \boldsymbol{\omega} \cdot \boldsymbol{r}, \quad \varphi_{2} = \frac{1}{3} \sigma R^{3} \boldsymbol{\omega} \cdot \frac{\boldsymbol{r}}{\boldsymbol{r}^{3}}
$$

Finally, the magnetic fields inside and outside the sphere are

$$
\begin{aligned}
\boldsymbol{H}_{1} & = -\nabla \varphi_{1} = -\frac{1}{3} \sigma R \omega \boldsymbol{e}_{z} \\
\boldsymbol{B}_{1} & = \mu_{0}\left(\boldsymbol{H}_{1} + \boldsymbol{M}\right) = \frac{2}{3} \mu_{0} \sigma R \omega \boldsymbol{e}_{z}, \quad r \leqslant R \\
\boldsymbol{B}_{2} & = \mu_{0} \boldsymbol{H}_{2} = -\nabla \varphi_{2} = \frac{\mu_{0}}{3} \sigma R^{3}\left(\frac{3(\boldsymbol{\omega} \cdot \boldsymbol{r}) \boldsymbol{r}}{r^{5}} - \frac{\boldsymbol{\omega}}{r^{3}}\right) \\
& = \frac{\mu_{0}}{3} \cdot \frac{R^{4}}{r^{3}} \sigma \omega\left(3 \cos \theta \boldsymbol{e}_{r} - \boldsymbol{e}_{z}\right), \quad r > R
\end{aligned}
$$","\boxed{\boldsymbol{B}_{1} = \frac{2}{3} \sigma R \omega \boldsymbol{e}_{z}, \quad \boldsymbol{B}_{2} = \frac{1}{3} \cdot \frac{R^{4}}{r^{3}} \sigma \omega\left(3 \cos \theta \boldsymbol{e}_{r} - \boldsymbol{e}_{z}\right)}",EX,"\mu_{0}, \mu_{0}",True,EN,Math Derivation
573,Electromagnetism,Classical Electromagnetism,Magstatics,"A direct current electromagnet consists of a coil with \( N \) turns tightly wound around a yoke shaped like a car tire. A thin plate is cut from the yoke, forming an air gap. The yoke has radii \( a \) and \( b \), and the gap width is \( W \). The permeability of the iron is \( \mu \), which is very large and constant. The coil is wound with a wire of radius \( r \) and resistivity \( \rho \). A voltage \( V \) is applied across the ends of the magnet. Assume \( b/a \gg 1 \) and \( a/r \gg 1 \). Derive the time constant for the change in current within the coil as the voltage \( V \) changes.","(c) Self-inductance of the coil

\[
L = \frac{N B \pi a^{2}}{I} = \frac{N^{2} \mu_{0} \mu \pi a^{2}}{\mu_{0} 2 \pi b + \mu W}
\]

Thus, the time constant is

\[
\begin{aligned}
\tau & = \frac{L}{R} = \frac{\frac{N^{2} \mu_{0} \mu \pi a^{2}}{\mu_{0} 2 \pi b + \mu W}}{\frac{\rho N 2 \pi a}{\pi r^{2}}} \\
& = \frac{N \mu_{0} \mu a \pi r^{2}}{2 \rho\left(\mu_{0} 2 \pi b + \mu W\right)}
\end{aligned}
\]","Final Answer:  
\[\boxed{\frac{N \mu_{0} \mu a \pi r^{2}}{2 \rho\left(\mu_{0} 2 \pi b + \mu W\right)}}\]",EX,,False,EN,Math Derivation
