index,domain,subject,topic,problem,solution,answers,answer_type,unit,is_multiple_answer,language,level
70,Electromagnetism,Electrodynamics,Propagation and Radiation of Electromagnetic Waves,How would you eliminate the influence on a measuring instrument when subjected to a low-frequency electric field?,"(b) Cover the instrument with a shell of a good conductor or a metal mesh, as the penetration depth of the low-frequency electric field is about 1 cm; therefore, the conductor shell should be slightly thicker.",\boxed{B},MC,,False,EN,
75,Electromagnetism,Electrodynamics,Propagation and Radiation of Electromagnetic Waves,"A hollow solenoid is 0.5 meters long with a cross-sectional area of 1 cm and has 1000 turns. Ignoring edge effects, what is its self-inductance?","In a conductor, \(\boldsymbol{j} = \sigma \boldsymbol{E}, \rho = 0\), so the Maxwell's equations are

$$
\begin{aligned}
& \nabla \times \boldsymbol{E} = -\frac{\partial \boldsymbol{B}}{\partial t}, \quad \nabla \times \boldsymbol{H} = \frac{\partial \boldsymbol{D}}{\partial t} + \boldsymbol{j} \\
& \nabla \cdot \boldsymbol{D} = \nabla \cdot \boldsymbol{B} = 0 \\
& \boldsymbol{D} = \varepsilon \boldsymbol{E}, \quad \boldsymbol{B} = \mu \boldsymbol{H}
\end{aligned}
$$

For steady-state electromagnetic waves

$$
\boldsymbol{E}(\boldsymbol{x}, t) = \boldsymbol{E}(\boldsymbol{x}) e^{-i \omega t}, \quad \boldsymbol{B}(\boldsymbol{x}, t) = \boldsymbol{B}(\boldsymbol{x}) e^{-i \omega t}
$$

From Maxwell's equations, we obtain

\begin{gather*}
\left\{
\begin{array}{l}
\nabla \times \boldsymbol{E}(\boldsymbol{x}) = i \omega \mu \boldsymbol{H}(\boldsymbol{x}) \\
\nabla \times \boldsymbol{H}(\boldsymbol{x}) = -i \omega \varepsilon \boldsymbol{E}(\boldsymbol{x}) + \sigma \boldsymbol{E}(\boldsymbol{x}) \\
\nabla \cdot \boldsymbol{E}(\boldsymbol{x}) = \nabla \cdot \boldsymbol{B}(\boldsymbol{x}) = 0
\end{array}
\right.  \tag{1}\\
\begin{aligned}
\nabla \times (\nabla \times \boldsymbol{E}) = \nabla (\nabla \cdot \boldsymbol{E}) - \nabla^2 \boldsymbol{E} = -\nabla^2 \boldsymbol{E} \\
= i \omega \mu \nabla \times \boldsymbol{H} = (\omega^2 \varepsilon \mu + i \omega \mu \sigma) \boldsymbol{E}
\end{aligned}
\end{gather*}

Let

\begin{equation*}
k^{\prime 2} = \omega^2 \mu \varepsilon^{\prime}, \quad \varepsilon^{\prime} = \varepsilon + i \frac{\sigma}{\omega} \tag{2}
\end{equation*}

Then

\begin{equation*}
\nabla^2 \boldsymbol{E}(\boldsymbol{x}) + k^{\prime 2} \boldsymbol{E}(\boldsymbol{x}) = 0 \tag{3}
\end{equation*}

This is the Helmholtz equation, and a plane wave is one of its solutions:

$$
\boldsymbol{E}(\boldsymbol{x}) = \boldsymbol{E}_{0} e^{i \boldsymbol{k}^{\prime} \cdot \boldsymbol{x}}
$$

where \(\boldsymbol{k}^{\prime}\) is the complex wave vector. Let \(\boldsymbol{k}^{\prime} = \boldsymbol{\beta} + i \boldsymbol{\alpha}\), then

$$
\begin{aligned}
& \beta^2 - \alpha^2 = \omega^2 \mu \varepsilon \\
& \boldsymbol{\beta} \cdot \boldsymbol{\alpha} = \frac{1}{2} \omega \mu \sigma
\end{aligned}
$$

For the problem, the incident wave \( E = E_{y0} e^{i(kz - \omega t)} \), and

$$
\boldsymbol{k} = k \boldsymbol{e}_{z}, \quad \boldsymbol{E}_{0} = \boldsymbol{E}_{y0} \boldsymbol{e}_{y}, \quad \boldsymbol{B}_{0} = \boldsymbol{B}_{x0} \boldsymbol{e}_{x}
$$

Assume the transmitted wave in the semi-infinite medium is \(\boldsymbol{E}^{\prime \prime}, \boldsymbol{B}^{\prime \prime}\), then

$$
\begin{aligned}
\boldsymbol{E}^{\prime \prime} = \boldsymbol{E}_{0}^{\prime \prime} e^{i(k^{\prime} \cdot z - \omega t)}, \quad \boldsymbol{B}^{\prime \prime} = \boldsymbol{B}_{0}^{\prime \prime} e^{i(k^{\prime} \cdot z - \omega t)}
\end{aligned}
$$

At the boundary, to ensure boundary conditions apply at every point on the surface, we must have

$$
\boldsymbol{k} \cdot \boldsymbol{x} = \left.\boldsymbol{k}^{\prime} \cdot \boldsymbol{x}\right|_{z=0}
$$

From which we deduce

$$
\begin{aligned}
& \alpha_{x} = \alpha_{y} = \beta_{x} = \beta_{y} = 0 \\
& \boldsymbol{k}^{\prime} = k^{\prime} \boldsymbol{e}_{z} \\
& k^{\prime} = \beta + i \alpha
\end{aligned}
$$

The \(\beta\), \(\alpha\) satisfy the set of equations

$$
\begin{aligned}
& \beta^2 - \alpha^2 = \omega^2 \mu \varepsilon \\
& \beta \alpha = \frac{1}{2} \omega \mu \sigma
\end{aligned}
$$

The solutions are

\begin{align*}
& \beta = \omega \sqrt{\mu \varepsilon} \left[\frac{1}{2} \left( 1 + \sqrt{1 + \frac{\sigma^2}{\varepsilon^2 \omega^2}} \right)\right]^{1/2}  \tag{4}\\
& \alpha = \omega \sqrt{\mu \varepsilon} \left[\frac{1}{2} \left(-1 + \sqrt{1 + \frac{\sigma^2}{\varepsilon^2 \omega^2}} \right)\right]^{1/2} \tag{5}
\end{align*}

Next, use boundary conditions to find the amplitude of the transmitted wave. Let the amplitude of the reflected wave be \(\boldsymbol{E}_{0}^{\prime}, \boldsymbol{H}_{0}^{\prime}\). Due to the transverse nature of plane waves and the continuity of the normal component of \(\boldsymbol{E}\) and the tangential component of \(\boldsymbol{H}\) at the boundary, one deduces that the electric field of the reflected and refracted waves only has a \(y\) component, and the magnetic field only has an \(x\) component, satisfying

\begin{align*}
& E_{y0} + E_{y0}^{\prime} = E_{y0}^{\prime \prime}  \tag{6}\\
& E_{x0} + E_{x0}^{\prime} = E_{x0}^{\prime \prime} \tag{7}
\end{align*}

For the incident and reflected waves, \(H_{x0} = \sqrt{\frac{\varepsilon_{0}}{\mu_{0}}} E_{y0}, H_{x0}^{\prime} = \sqrt{\frac{\varepsilon_{0}}{\mu_{0}}} E_{y0}^{\prime}\). From equation (1), \(H_{x0}^{\prime \prime} = \frac{k^{\prime}}{\omega \mu} E_{y0}^{\prime \prime}\), thus equation (7) becomes

\begin{equation*}
\sqrt{\frac{\varepsilon_{0}}{\mu_{0}}}(E_{y0} - E_{y0}^{\prime}) = \frac{k^{\prime}}{\omega \mu} E_{y0}^{\prime \prime} \tag{8}
\end{equation*}

Solving equations (6) and (8) together gives

\begin{equation*}
E_{y0}^{\prime \prime} = \frac{2 E_{y0}}{1 + \sqrt{\frac{\mu_{0}}{\varepsilon_{0}}} \cdot \frac{k^{\prime}}{\omega \mu}} \tag{9}
\end{equation*}

When \(\sigma\) is large and real, and \(\omega\) is low frequency, we have

$$
\frac{\sigma}{\varepsilon \omega} \gg 1, \quad \sqrt{1 + \frac{\sigma^2}{\varepsilon^2 \omega^2}} \pm 1 \approx \frac{\sigma}{\varepsilon \omega}
$$

Thus

\begin{equation*}
\beta = \alpha \approx \sqrt{\frac{\omega \mu \sigma}{2}} \tag{10}
\end{equation*}

Therefore,

\begin{align*}
& k^{\prime} = \sqrt{\frac{\omega \mu \sigma}{2}}(1+i) \\
& E_{y0}^{\prime \prime} = \frac{2 E_{y0}}{\left(1 + \sqrt{\frac{\mu_{0} \sigma}{2 \varepsilon_{0} \omega \mu}} + i \sqrt{\frac{\mu_{0} \sigma}{2 \varepsilon_{0} \omega \mu}}\right)} \tag{11}
\end{align*}

The electric field in the metal is therefore

\begin{equation*}
E^{\prime \prime} = E_{y0}^{\prime \prime} e^{-\alpha z} e^{i(\beta z - \omega t)} e_{y} \tag{12}
\end{equation*}",\boxed{2.513 \times 10^{-4}},NV,\mathrm{H},False,EN,Laws Application
95,Electromagnetism,Electrodynamics,Propagation and Radiation of Electromagnetic Waves,A condition for the angular distribution of radiation from an antenna to exhibit dipole radiation characteristics is: (a) the wavelength is much longer compared to the antenna. Please explain the reason in this scenario.,The answer is (a).,\boxed{a},MC,,False,EN,Knowledge Recall
96,Electromagnetism,Electrodynamics,Propagation and Radiation of Electromagnetic Waves,The condition for a charge to emit radiation is: (b) Being accelerated.,The answer is (b).,\boxed{b},MC,,False,EN,Knowledge Recall
105,Electromagnetism,Electrodynamics,Propagation and Radiation of Electromagnetic Waves,How would you eliminate the effects on a measuring instrument when it is influenced by a high-frequency magnetic field?,"(c) Enclose the instrument with a ferromagnetic material. If conditions allow, it is even better to use a superconductor shell.",\boxed{C},MC,,False,EN,Laws Application
112,Electromagnetism,Electrodynamics,Propagation and Radiation of Electromagnetic Waves,"What is the penetration depth of a plane electromagnetic wave in a good conductor? Express it in terms of conductivity $\sigma$, permeability $\mu$, and frequency $\omega$.","Consider a plane electromagnetic wave incident perpendicularly from a vacuum into a conductor. The electromagnetic wave in the conductor is given by:

$$
\boldsymbol{E} = \boldsymbol{E}_{\mathrm{p}} \mathrm{e}^{-\alpha x} \mathrm{e}^{\mathrm{i}(\beta z - \omega t)}
$$

where the complex wave vector is:

$$
\boldsymbol{k} = (\beta + \mathrm{i} \alpha) \boldsymbol{e}_{z}
$$

and is given by the boundary relations:

$$
\begin{aligned}
& \beta^{2} - \alpha^{2} = \omega^{2} \mu \varepsilon \\
& \alpha \beta = \frac{1}{2} \omega \mu \sigma
\end{aligned}
$$

For a good conductor, where $\frac{\sigma}{\varepsilon \omega} \gg 1$, we find:

$$
\alpha = \beta = \sqrt{\frac{\omega \mu \sigma}{2}}
$$

According to the definition of penetration depth, which is the propagation distance at which the wave amplitude decreases to $1/e$ of its original value, we obtain:

$$
\delta = \frac{1}{\alpha} = \sqrt{\frac{2}{\omega \mu \sigma}}
$$",\boxed{\sqrt{\frac{2}{\omega \mu \sigma}}},EX,,False,EN,Math Derivation
119,Electromagnetism,Electrodynamics,Interaction of Electromagnetic Fields with Matter,A pulsar emits a broadband electromagnetic pulse with a width of 1 ms. This pulse then travels through 1000 light-years \((10^{19} \text{ m})\) of interstellar space to reach a radio astronomy observatory on Earth. What should be the minimum bandwidth of the radio telescope receiver so that the received pulse waveform does not undergo significant distortion?,"From the uncertainty principle,

\[
\Delta \omega \Delta t \approx 1
\]

we can derive that the minimum bandwidth of the receiver should be

\[
\Delta \omega \sim \frac{1}{\Delta t} = 1000 \text{ (Hz)}
\]",\boxed{1000},NV,\mathrm{Hz},False,EN,Practical Application
123,Electromagnetism,Electrodynamics,Relativistic Electrodynamics,"A particle with mass \(m\) and charge \(e\) is accelerated by a uniform electric field \(E\) for a duration of time \(t\), causing its speed to become comparable to the speed of light. What is the momentum of the particle at the end of the acceleration?","Assuming the electric field is \(E\), the momentum gained by the particle at the end of the acceleration is \(eEt\).",\boxed{eEt},EX,,False,EN,Laws Application
124,Electromagnetism,Electrodynamics,Propagation and Radiation of Electromagnetic Waves,"Consider a possible solution to the Maxwell's equations

$$
\begin{aligned}
& \boldsymbol{A}(\boldsymbol{x}, t)=\boldsymbol{A}_{0} e^{i(\boldsymbol{k} \cdot \boldsymbol{x}-\omega t)} \\
& \phi(x, t)=0
\end{aligned}
$$

where $\boldsymbol{A}$ and $\phi$ are the vector potential and scalar potential, respectively. Let $\boldsymbol{A}_{0}, \boldsymbol{k}, \omega$ be constants, find the constraints on $\boldsymbol{A}_{0}, \boldsymbol{k}, \omega$ according to the Maxwell equation $\nabla \cdot \boldsymbol{E}=0$.","From the problem statement, we obtain the expressions for $\boldsymbol{B}$ and $\boldsymbol{E}$

$$
\begin{aligned}
& \boldsymbol{B}=\nabla \times \boldsymbol{A}=i \boldsymbol{k} \times \boldsymbol{A}_{0} e^{i(\boldsymbol{k} \cdot \boldsymbol{x}-\omega t)} \\
& \boldsymbol{E}=-\frac{\partial \boldsymbol{A}}{\partial t}=i \omega \boldsymbol{A}_{0} e^{i(\boldsymbol{k} \cdot \boldsymbol{x}-\omega t)}
\end{aligned}
$$

(c) From $\nabla \cdot \boldsymbol{E}=0$, we obtain $\boldsymbol{k} \cdot \boldsymbol{A}_{0}=0$.",\boxed{\boldsymbol{k} \cdot \boldsymbol{A}_{0}=0},EQ,,False,EN,Laws Application
125,Electromagnetism,Electrodynamics,Propagation and Radiation of Electromagnetic Waves,How is the law of conservation of charge expressed in terms of $\rho_{\omega}$ and $\boldsymbol{J}_{\omega}$?,"The law of conservation of charge is expressed as $\frac{\partial \rho}{\partial t}+\nabla \cdot \boldsymbol{J}=0$, that is,

$$
\begin{gathered}
\frac{\partial}{\partial t} \int_{-\infty}^{\infty} \rho_{\omega}(r) \mathrm{e}^{-\mathrm{i} \omega t} \mathrm{~d} \omega+\nabla \cdot \int_{-\infty}^{\infty} \boldsymbol{J}_{\omega}(r) \mathrm{e}^{-\mathrm{i} \omega t} \mathrm{~d} \omega=0 \\
\int_{-\infty}^{\infty}\left[-\mathrm{i} \omega \rho_{\omega}(r)+\nabla \cdot \boldsymbol{J}_{\omega}(r)\right] \mathrm{e}^{-\mathrm{i} \omega t} \mathrm{~d} \omega=0
\end{gathered}
$$

Thus,

$$
\nabla \cdot \boldsymbol{J}_{\omega}-\mathrm{i} \omega \rho_{\omega}=0
$$",\boxed{\nabla \cdot \boldsymbol{J}_{\omega}-\mathrm{i} \omega \rho_{\omega}=0},EQ,,False,EN,Laws Application
127,Electromagnetism,Electrodynamics,Propagation and Radiation of Electromagnetic Waves,"An electromagnetic wave in a vacuum has an electric field given by

$$
\begin{aligned}
& E_{x}=0 \\
& E_{y}=30 \cos \left(2 \pi \times 10^{8} t-\frac{2 \pi}{3} x\right) \\
& E_{z}=0
\end{aligned}
$$

The unit of \( E \) is \(\mathrm{V/m}\), the unit of \( t \) is \(\mathrm{s}\), and the unit of \( x \) is \(\mathrm{m}\). Find: The direction of the magnetic field.","Since \(\boldsymbol{E}\), \(\boldsymbol{B}\), and \(\boldsymbol{k}\) form a right-handed orthogonal coordinate system, the magnetic field is in the \( z \)-direction.",\boxed{z},NV,,False,EN,Laws Application
129,Electromagnetism,Electrodynamics,Propagation and Radiation of Electromagnetic Waves,"Determine the boundary conditions that the magnetic field \(\boldsymbol{H}\) satisfies at the waveguide walls \(x=0, a\) and \(y=0, b\).","From \(\boldsymbol{n} \cdot \boldsymbol{B}=0\), we have:
\[
\begin{array}{ll}
\text{At the } x=0, a \text{ surfaces,} & H_{x}=0 \\
\text{At the } y=0, b \text{ surfaces,} & H_{y}=0 \tag{5}
\end{array}
\]

Applying equation (3) to the boundary surfaces, and considering \(\boldsymbol{n} \times \boldsymbol{E}=0\), we have:
\[
\begin{array}{lll}
\text{At the } x=0, a \text{ surfaces,} & \frac{\partial H_{z}}{\partial x}=0, & \frac{\partial H_{y}}{\partial x}=\frac{\partial H_{x}}{\partial y} \\
\text{At the } y=0, b \text{ surfaces,} & \frac{\partial H_{z}}{\partial y}=0, & \frac{\partial H_{y}}{\partial x}=\frac{\partial H_{x}}{\partial y} \tag{6}
\end{array}
\]","\boxed{H_{x}=0, H_{y}=0, \frac{\partial H_{z}}{\partial x}=0, \frac{\partial H_{z}}{\partial y}=0}","EQ, EQ, EQ, EQ","None, None, None, None",True,EN,Laws Application
130,Electromagnetism,Electrodynamics,Relativistic Electrodynamics,"Assume a non-relativistic charged particle in a cyclotron experiences significant radiation energy loss. Analyze this situation for a particle with known mass, charge, and initial kinetic energy, given that the particle initially undergoes circular motion in a uniform magnetic field within the accelerator. Express the particle's kinetic energy as a function of time.","Let the mass of the particle be $m$, charge be $q$, and its kinetic energy at time $t$ be $E$. Since the particle is non-relativistic, the radiation loss per revolution is much smaller than its kinetic energy, even for an electron. Thus, we can assume that at time $t$, the particle still undergoes circular motion with radius $R$, and its radiation power is

$$
P = \frac{q^{2}}{6 \pi \varepsilon_{0} c^{3}} v^{2}
$$

For a charged particle undergoing circular motion in a uniform magnetic field $B$, the equation of motion is

$$
m \frac{v^{2}}{R} = q v B
$$

The non-relativistic kinetic energy of the particle is $T = \frac{1}{2} m v^{2}$, hence

$$
P = \frac{q^{4} B^{2} T}{3 \pi \varepsilon_{0} m^{3} c^{3}}
$$

Since the magnetic force does no work on the particle, $P$ equals the rate of decrease of the particle's kinetic energy, or

$$
-\frac{\mathrm{d} T}{\mathrm{~d} t} = \frac{q^{4} B^{2} T}{3 \pi \varepsilon_{0} m^{3} c^{3}}
$$

Assuming the initial kinetic energy is $T_{0}$, the above equation gives

$$
T = T_{0} e^{-\frac{q^{4} B^{2}}{3 \pi \varepsilon_{0} m^{3} c^{3}} t}
$$",\boxed{T = T_{0} e^{-\frac{q^{4} B^{2}}{3 \pi \varepsilon_{0} m^{3} c^{3}} t}},EX,,False,EN,Math Derivation
131,Electromagnetism,Electrodynamics,Interaction of Electromagnetic Fields with Matter,"A pulsar emits a broadband electromagnetic radiation pulse with a width of 1 ms, which then travels through 1000 light-years $\left(10^{19} \mathrm{~m}\right)$ of interstellar space to reach a radio astronomy observatory on Earth. Suppose the interstellar medium contains a low-density plasma with a frequency $\omega_{\mathrm{P}}=5000 \mathrm{rad/s}$. Calculate the difference in the arrival time of the pulse measured by two radio telescopes operating at frequencies of 400 MHz and 1000 MHz, respectively. The dispersion relation of the plasma is given as $\omega^{2}=k^{2} c^{2}+\omega_{\mathrm{P}}^{2}$.","From Problem 7.10, the group velocity of the electromagnetic wave is

$$
v_{\mathrm{g}}=\frac{\partial \omega}{\partial k}=c \sqrt{1-\omega_{\mathrm{P}}^{2} / \omega^{2}}
$$

For the two radio telescopes with operating frequencies $\omega_{1}=400 \mathrm{MHz}, \omega_{2}=1000 \mathrm{MHz}$ and the interstellar distance $L=10^{19} \mathrm{~m}$, the time difference measured by the two telescopes is given by

$$
\begin{aligned}
\Delta t & =\frac{L}{v_{\mathrm{g} 1}}-\frac{L}{v_{\mathrm{g} 2}}=\frac{L}{c}\left[\left(1-\frac{\omega_{\mathrm{P}}^{2}}{\omega_{1}^{2}}\right)^{-\frac{1}{2}}-\left(1-\frac{\omega_{\mathrm{P}}^{2}}{\omega_{2}^{2}}\right)^{-\frac{1}{2}}\right] \\
& \approx 0.055(\mathrm{~s})
\end{aligned}
$$",\boxed{0.055},NV,,False,EN,Practical Application
133,Electromagnetism,Electrodynamics,Propagation and Radiation of Electromagnetic Waves,"A beam of electromagnetic waves with an angular frequency \(\omega\) passes through a medium with a free electron density of \(n_{e}\). Determine the current density induced by the electric field \(\boldsymbol{E}\), assuming the interactions between electrons are neglected.","The equation of motion for the electron is

\[
m_{e} \frac{\mathrm{d} V_{e}}{\mathrm{~d} t} = -e \boldsymbol{E} \tag{1}
\]

In this equation, because \(v \ll c\), the effect of the magnetic field on the electron is ignored. The solution to equation (1) is

\[
V_{e} = -\mathrm{i} \frac{e}{m_{e} \omega} \boldsymbol{E}
\]

Thus, the current density is

\[
\boldsymbol{j} = -n_{e} e \boldsymbol{V}_{e} = \mathrm{i} \frac{n_{e} e^{2} \boldsymbol{E}}{m_{e} \omega} \tag{2}
\]",\boxed{\mathrm{i} \frac{n_{e} e^{2} \boldsymbol{E}}{m_{e} \omega}},EX,,False,EN,Math Derivation
136,Electromagnetism,Electrodynamics,Interaction of Electromagnetic Fields with Matter,"What is the aforementioned depth (in meters) when \( n_{0}=10^{20} \, \mathrm{m}^{-3} \)?","When \( n_{0}=10^{20} \, \mathrm{m}^{-3} \), we have

\[
\omega_{\mathrm{P}}=\left[\frac{10^{20} \times (1.6 \times 10^{-19})^{2}}{9.1 \times 10^{-31} \times 8.85 \times 10^{-12}}\right]^{\frac{1}{2}} \approx 5.64 \times 10^{11} \, \mathrm{Hz}
\]

Therefore, the penetration depth is

\[
\delta=\frac{3 \times 10^{8}}{5.64 \times 10^{11}} \approx 5.3 \times 10^{-4} \, \mathrm{m}
\]",\boxed{5.3 \times 10^{-4}},NV,,False,EN,Laws Application
138,Electromagnetism,Electrodynamics,Propagation and Radiation of Electromagnetic Waves,"Given a plane electromagnetic wave with frequency $\omega$ and wave number $k$, propagating in the $+z$ direction. For $z<0$, the material is air ($\varepsilon=\varepsilon_{0}, \sigma=0$), assuming the permeability of air and the medium are the same, $\mu=\mu_{0}$. Determine the limit values of $k$ under the conditions of a good conductor and a poor conductor.","(b) For a good conductor, $\frac{\sigma}{\varepsilon \omega} \gg 1$, we have

$$
\beta = \alpha \approx \sqrt{\frac{\omega \mu_{0} \sigma}{2}}.
$$

For a poor conductor, $\frac{\sigma}{\varepsilon \omega} \ll 1$, we have

$$
\beta \approx \omega \sqrt{\mu_{0} \varepsilon}, \quad \alpha \approx \frac{\sigma}{2} \sqrt{\frac{\mu_{0}}{\varepsilon}}.
$$","\boxed{\sqrt{\frac{\omega \mu_{0} \sigma}{2}}, \omega \sqrt{\mu_{0} \varepsilon}, \frac{\sigma}{2} \sqrt{\frac{\mu_{0}}{\varepsilon}}}","EX, EX, EX","\mathrm{m}^{-1}, \mathrm{m}^{-1}, \mathrm{s}^{-1}",True,EN,Math Derivation
139,Electromagnetism,Electrodynamics,Propagation and Radiation of Electromagnetic Waves,"The electric field of an electromagnetic wave in a vacuum is given by

$$
\begin{aligned}
& E_{x}=0 \\
& E_{y}=30 \cos \left(2 \pi \times 10^{8} t-\frac{2 \pi}{3} x\right) \\
& E_{z}=0
\end{aligned}
$$

The unit of $E$ is $\mathrm{V/m}$, the unit of $t$ is $\mathrm{s}$, and the unit of $x$ is $\mathrm{m}$. Find the frequency $f$.","Solution

$$
k=\frac{2 \pi}{3} \mathrm{~m}^{-1}, \quad \omega=2 \pi \times 10^{8} \mathrm{~s}^{-1}
$$

$$
f=\frac{\omega}{2 \pi}=10^{8} \mathrm{~Hz}
$$",\boxed{10^8},NV,\text{Hz},False,EN,Knowledge Recall
140,Electromagnetism,Electrodynamics,Relativistic Electrodynamics,"A classical hydrogen atom, at time \( t=0 \), has an electron in the first Bohr orbit. Radiation causes the orbit radius of the electron to decay from \( a_0 \) to \( 0 \). It is known that

\[
\frac{\mathrm{d} r}{\mathrm{~d} t}=-\frac{e^{4}}{12 \pi^{2} \varepsilon_{0}^{2} c^{3} m^{2}} \cdot \frac{1}{r^{2}}
\]

Derive the expression for the time required for the orbit radius to decay to zero due to radiation.","We have

\[
\mathrm{d} t=-\frac{12 \pi^{2} \varepsilon_{0}^{2} c^{3} m^{2} r^{2}}{e^{4}} \mathrm{~d} r
\]

Thus, the decay lifetime is

\[
\tau=\int \mathrm{d} t=-\int_{a_{0}}^{0} \frac{12 \pi^{2} \varepsilon_{0}^{2} c^{3} m^{2} r^{2}}{e^{4}} \mathrm{~d} r=\frac{4 \pi^{2} \varepsilon_{0}^{2} c^{3} m^{2} a_{0}^{3}}{e^{4}}
\]

where \( a_{0}=\hbar^{2} / m e^{2} \) is the first Bohr radius.",\boxed{\frac{4 \pi^{2} \varepsilon_{0}^{2} c^{3} m^{2} a_{0}^{3}}{e^{4}}},NV,,False,EN,Math Derivation
141,Electromagnetism,Electrodynamics,Interaction of Electromagnetic Fields with Matter,"The dispersion relation of electromagnetic waves in a plasma is given by

$$
\omega^{2}(k)=\omega_{\mathrm{P}}^{2}+c^{2} k^{2}
$$

where $\omega_{\mathrm{P}}$ is the plasma frequency

$$
\omega_{\mathrm{pe}}^{2}=\frac{N e^{2}}{\varepsilon_{0} m}
$$

Given that $m$ is the electron mass, $e$ is the electron charge, and $N$ is the electron density. For $\omega > \omega_{\mathrm{P}}$, calculate the propagation speed of the signal in the plasma.","(c) The signal propagation speed is the group velocity

$$
v_{\mathrm{g}}=\frac{\mathrm{d} \omega}{\mathrm{~d} k} = \frac{c^{2} k}{\omega} = c\left(1 - \frac{\omega_{\mathrm{P}}^{2}}{\omega^{2}}\right)^{\frac{1}{2}}
$$

For $\omega > \omega_{\mathrm{P}}$, it is evident that $v_{\mathrm{g}} < c$.",\boxed{c\left(1 - \frac{\omega_{\mathrm{P}}^{2}}{\omega^{2}}\right)^{\frac{1}{2}}},EX,,False,EN,Math Derivation
144,Electromagnetism,Electrodynamics,Interaction of Electromagnetic Fields with Matter,"Derive the expression for the penetration depth of a plane electromagnetic wave with extremely low frequency entering a plasma (where electrons can move freely). Express the result using the electron number density \( n_{0} \), charge \( e \), and mass \( m \). What does extremely low frequency mean in this context?","In a plasma, the dispersion relation is

\[
k^{2}=\frac{\omega^{2}}{c^{2}}\left(1-\frac{\omega_{\mathrm{P}}^{2}}{\omega^{2}}\right)
\]

where \(\omega_{\mathrm{P}}^{2}=\frac{n_{0} e^{2}}{m \varepsilon_{0}}\) is the plasma frequency. Extremely low frequency refers to the frequency of the incident electromagnetic wave \(\omega \ll \omega_{\mathrm{P}}\). In this case, \(k^{2}\) becomes a negative number, meaning the wave number \(k\) is an imaginary number. Let \(k=\mathrm{i} \kappa\), then \(\kappa=\frac{\omega}{c} \sqrt{\frac{\omega_{\mathrm{P}}^{2}}{\omega^{2}}-1}\). Therefore, \(\mathrm{e}^{\mathrm{i} k z}=\mathrm{e}^{-\kappa z}\).

The wave decays exponentially in the plasma, and the penetration depth is defined as

\[
\delta=\frac{1}{\kappa}=\frac{c}{\sqrt{\omega_{\mathrm{P}}^{2}-\omega^{2}}} \approx \frac{c}{\omega_{\mathrm{P}}}
\]","\boxed{\frac{c}{\omega_{\mathrm{P}}}, (\omega, \omega_{\mathrm{P}})}","EX, IN","\text{None}, \text{None}",True,EN,Math Derivation
145,Electromagnetism,Electrodynamics,Interaction of Electromagnetic Fields with Matter,"Given a beam of linearly polarized electromagnetic waves with a wavelength of $\lambda$ being scattered by a small dielectric cylinder with a dielectric constant $K$, radius $b$, and height $h$. It is known that $b \ll h \ll \lambda$, with the cylinder's axis perpendicular to the wave vector of the incident wave, and the electric field direction of the incident wave parallel to the cylinder's axis. Determine the electric dipole moment $\boldsymbol{P}$ of the small cylinder.","Since $b \ll h \ll \lambda$, the small dielectric cylinder can be regarded as a small electric dipole with an electric dipole moment $\boldsymbol{P}$ for the exterior field of the electromagnetic wave, and the electric field generated by $\boldsymbol{P}$ in space is much smaller than the electric field of the incident electromagnetic wave. At the boundary surface of the cylinder's side, due to the continuity of the tangential component of the electric field, the internal electric field of the cylinder can be approximately considered equal to the incident electric field $\boldsymbol{E}=E_{0} \mathrm{e}^{\mathrm{i}(\boldsymbol{k} \cdot \boldsymbol{r} - \omega t)} \boldsymbol{e}_{2}$. By choosing the location of the small electric dipole as the origin of the coordinate system, the electric dipole moment of the small cylinder can be found as

$$
\boldsymbol{P}=\pi b^{2} h \varepsilon_{0}(K-1) E_{0} \mathrm{e}^{-\mathrm{i} \omega t} \boldsymbol{e}_{z}
$$

where the axial direction of the cylinder is chosen as the $z$-axis.","\[
\boxed{\boldsymbol{P} = \pi b^{2} h \varepsilon_{0}(K-1) E_{0} \mathrm{e}^{-\mathrm{i} \omega t} \boldsymbol{e}_{z}}
\]",EQ,,False,EN,Laws Application
148,Electromagnetism,Electrodynamics,Relativistic Electrodynamics,"An electron beam is cylindrical, with a radius of $a$ and a uniform charge density of $\rho_{0}$. Find the repulsive force experienced by the electrons located at a distance $r<a$ from the axis.","Establish a cylindrical coordinate system with the beam's axis of symmetry as the $z$-axis. From Gauss's theorem and axial symmetry, it is easy to determine that the electric field $\boldsymbol{E}$ at a distance $r$ from the axis is

$$
\boldsymbol{E}(r) = \frac{\rho_{0} r}{2 \varepsilon_{0}} \boldsymbol{e}_{r}, \quad r < a
$$

The force on an electron is

$$
\boldsymbol{F} = -e \boldsymbol{E} = -\frac{e \rho_{0} r}{2 \varepsilon_{0}} \boldsymbol{e}_{r}, \quad \rho_{0} < 0 \text{ indicates a repulsive force }
$$",\boxed{-\frac{e \rho_{0} r}{2 \varepsilon_{0}} \boldsymbol{e}_{r}},EX,,False,EN,Laws Application
150,Electromagnetism,Electrodynamics,Propagation and Radiation of Electromagnetic Waves,"An electromagnetic wave in a vacuum has an electric field given by

$$
\begin{aligned}
& E_{x}=0 \\
& E_{y}=30 \cos \left(2 \pi \times 10^{8} t-\frac{2 \pi}{3} x\right) \\
& E_{z}=0
\end{aligned}
$$

The unit of $E$ is $\mathrm{V/m}$, $t$ is in seconds, and $x$ is in meters. Find the wavelength $\lambda$.","Solution

$$
k=\frac{2 \pi}{3} \mathrm{~m}^{-1}
$$

$$
\lambda=\frac{2 \pi}{k}=3 \mathrm{~m}
$$",\boxed{3},NV,\mathrm{m},False,EN,Knowledge Recall
154,Electromagnetism,Electrodynamics,Propagation and Radiation of Electromagnetic Waves,"Consider a potential solution to the Maxwell's equations

$$
\begin{aligned}
& \boldsymbol{A}(\boldsymbol{x}, t)=\boldsymbol{A}_{0} e^{i(\boldsymbol{k} \cdot \boldsymbol{x}-\omega t)} \\
& \phi(x, t)=0
\end{aligned}
$$

where $\boldsymbol{A}$ and $\phi$ are the vector potential and scalar potential, respectively. Let $\boldsymbol{A}_{0}, \boldsymbol{k}, \omega$ be constants. According to the Maxwell's equation $\nabla \times \boldsymbol{B}-\varepsilon_{0} \mu_{0} \frac{\partial \boldsymbol{E}}{\partial t}=0$, find the constraints on $\boldsymbol{A}_{0}, \boldsymbol{k}, \omega$.","From the problem statement, we obtain the expressions for $\boldsymbol{B}$ and $\boldsymbol{E}$

$$
\begin{aligned}
& \boldsymbol{B}=\nabla \times \boldsymbol{A}=i \boldsymbol{k} \times \boldsymbol{A}_{0} e^{i(\boldsymbol{k} \cdot \boldsymbol{x}-\omega t)} \\
& \boldsymbol{E}=-\frac{\partial \boldsymbol{A}}{\partial t}=i \omega \boldsymbol{A}_{0} e^{i(\boldsymbol{k} \cdot \boldsymbol{x}-\omega t)}
\end{aligned}
$$

From $\nabla \times \boldsymbol{B}-\varepsilon_{0} \mu_{0} \frac{\partial \boldsymbol{E}}{\partial t}=0$, we obtain $\left(k^{2}-\frac{\omega^{2}}{c^{2}}\right) \boldsymbol{A}_{0}-\left(\boldsymbol{k} \cdot \boldsymbol{A}_{0}\right) \boldsymbol{k}=0$, which requires

$$
k=\frac{\omega}{c}, \quad \boldsymbol{k} \cdot \boldsymbol{A}_{0}=0
$$","\boxed{k=\frac{\omega}{c}, \boldsymbol{k} \cdot \boldsymbol{A}_{0}=0}","EQ, EQ","\text{None}, \text{None}",True,EN,Laws Application
159,Electromagnetism,Electrodynamics,Propagation and Radiation of Electromagnetic Waves,"A conductive thin sheet (conductivity $\sigma$) is placed in a plane electromagnetic wave with peak values $E_{0}, B_{0}$, assuming the normal of the sheet is parallel to the direction of wave propagation, i.e., along the $+z$ direction. If $\sigma$ is infinite, what is the average value of the Poynting vector at various points in space?","If $\sigma \rightarrow \infty$, then $\alpha \rightarrow 0$, and within the conductor sheet, the average Poynting vector $\bar{S}$ equals $0$. The wave is totally reflected at the surface of the conductor; outside the sheet, the reflected wave and the incident wave form a standing wave, so $\bar{S}=0$, meaning the average Poynting vector is $0$ at all points in space.",\boxed{0},NV,,False,EN,Laws Application
162,Electromagnetism,Electrodynamics,Propagation and Radiation of Electromagnetic Waves,"(b) If \(\omega\) and \(\theta\) make total internal reflection impossible, calculate how much of the incident wave is reflected. For simplicity in calculation, it can be assumed that the polarization direction of the X-rays is perpendicular to the plane of incidence.","When \(\boldsymbol{E}\) is perpendicular to the plane of incidence, let the angle of incidence be \(\theta_{\mathrm{i}}\), and the angle of refraction be \(\theta_{\mathrm{t}}\). The reflection coefficient is then given by

\[
R = \left|\frac{E_{\perp \text{reflected}}}{E_{\perp \text{incident}}}\right|^{2} = \left(\frac{\cos \theta_{\mathrm{i}} - n \cos \theta_{\mathrm{t}}}{\cos \theta_{\mathrm{i}} + n \cos \theta_{\mathrm{t}}}\right)^{2}
\]",\boxed{R = \left(\frac{\cos \theta_{\mathrm{i}} - n \cos \theta_{\mathrm{t}}}{\cos \theta_{\mathrm{i}} + n \cos \theta_{\mathrm{t}}}\right)^{2}},EX,,False,EN,Laws Application
164,Electromagnetism,Electrodynamics,Propagation and Radiation of Electromagnetic Waves,"Consider a plane wave with a vector potential $A_{\mu}(x)=a_{\mu} \mathrm{e}^{\mathrm{i}(\mathbf{k} \cdot \mathbf{z}-\omega t)}$, where $a_{\mu}$ is a constant four-dimensional vector. Assume $\mathbf{k}=k \mathbf{e}_{z}$, and use the non-orthogonal basis vectors $\varepsilon^{(1) \mu} =(0,1,0,0)$, $\varepsilon^{(2) \mu} =(0,0,1,0)$, $\varepsilon^{(L) \mu} =\frac{1}{k}\left(\frac{\omega}{c}, 0,0, k\right)$, $\varepsilon^{(B) \mu} =\frac{1}{k}\left(k, 0,0,-\frac{\omega}{c}\right)$. The vector potential $a_{\mu}$ can be expressed in terms of the basis vectors as $a_{\mu}=a_{1} \varepsilon^{(1) \mu}+a_{2} \varepsilon^{(2) \mu}+a_{L} \varepsilon^{(L) \mu}+a_{B} \varepsilon^{(B) \mu}$. Determine whether $\nabla \cdot \mathbf{E}=0$ imposes any constraints on $a_{1}$, $a_{2}$, $a_{L}$, and $a_{B}$.",(d) $\nabla \cdot \mathbf{E}=0$ requires $a_{B}=0$.,\boxed{a_{B}=0},EQ,,False,EN,Laws Application
166,Electromagnetism,Electrodynamics,Propagation and Radiation of Electromagnetic Waves,"Given that the WGBH-FM radio station radiates power at 90 MHz with a power output of 100 kW and the station's antenna is located on a hill, 20 km away from M.I.T. Estimate the electric field strength at M.I.T. in units of $\mathrm{V} / \mathrm{m}$.","The radiation energy flux density is

$$
I=\frac{1}{2} \varepsilon_{0} E_{0}^{2} c
$$

The radiated power is

$$
P=4 \pi R^{2} I=2 \pi \varepsilon_{0} c R^{2} E_{0}^{2}
$$

Thus, the electric field at M.I.T. is 

$$
\begin{aligned}
E_{0} & =\left(\frac{P}{2 \pi \varepsilon_{0} c R^{2}}\right)^{\frac{1}{2}} \\
& = \left[\frac{10^{5}}{2 \pi \times 8.85 \times 10^{-12} \times 3 \times 10^{8} \times\left(2 \times 10^{4}\right)^{2}}\right]^{\frac{1}{2}} \\
& =0.12\, \mathrm{V/m}
\end{aligned}
$$",\boxed{0.12},NV,\mathrm{V/m},False,EN,Practical Application
167,Electromagnetism,Electrodynamics,Relativistic Electrodynamics,"An electron moves in a one-dimensional harmonic oscillator potential well, with $\omega=10^{5} \mathrm{rad/s}$ and amplitude $x_{0}=10^{-8} \mathrm{~cm}$. How long does it take to lose half of its energy?","Let $\bar{W}(t) = \frac{1}{2} W_{0}$, then we have

$$
\begin{gathered}
e^{-\frac{e^{2} \omega_{0}^{2}}{6 \pi \varepsilon_{0} m c^{3}} \tau} = \frac{1}{2}, \quad \frac{e^{2} \omega_{0}^{2}}{12 \pi \varepsilon_{0} m c^{3}} \tau = \ln 2 \\
\tau = \frac{12 \pi \varepsilon_{0} m c^{3}}{e^{2} \omega_{0}^{2}} \ln 2 = 1.1 \times 10^{-7} \, \mathrm{s}
\end{gathered}
$$",\boxed{1.1 \times 10^{-7}},NV,\mathrm{s},False,EN,Practical Application
171,Electromagnetism,Electrodynamics,Relativistic Electrodynamics,"A relativistic particle with mass $m$, charge $e$, and velocity $v$ moves in an electromagnetic field with a vector potential $A = \frac{\mu \sin \theta}{r^{2}} \boldsymbol{e}_{\phi}$. Its Lagrangian is given by

$$
L = -m c^{2} \sqrt{1 - \beta^{2}} + \frac{e}{c} A \cdot v
$$

In spherical coordinates, the expression for velocity is

$$
\boldsymbol{V} = \dot{\boldsymbol{r}} \boldsymbol{e}_{r} + r \dot{\theta} \boldsymbol{e}_{\theta} + r \sin \theta \dot{\phi} \boldsymbol{e}_{\phi}
$$

For the magnetic dipole vector potential, the Lagrangian is

$$
L = -m c^{2} \sqrt{1 - \frac{V^{2}}{c^{2}}} + \frac{e}{c} \cdot \frac{\mu \sin^{2} \theta}{r} \dot{\phi}
$$

Using $\phi$ as the generalized coordinate, what is the corresponding canonical momentum $P_{\phi}$?","Using $\phi$ as the canonical coordinate, the corresponding canonical momentum is

$$
P_{\phi} = \frac{\partial L}{\partial \dot{\phi}} = \frac{m r^{2} \sin^{2} \theta}{\sqrt{1 - \beta^{2}}} \dot{\phi} + \frac{e}{c} \cdot \frac{\mu \sin^{2} \theta}{r}
$$",\boxed{\frac{m r^{2} \sin^{2} \theta}{\sqrt{1 - \beta^{2}}} \dot{\phi} + \frac{e}{c} \cdot \frac{\mu \sin^{2} \theta}{r}},EX,,False,EN,Laws Application
175,Electromagnetism,Electrodynamics,Relativistic Electrodynamics,"A uniform beam of charged particles is moving at speed \( v \), with a charge per unit length of \( \frac{q}{l} \), and the charge is uniformly distributed within a cylinder of radius \( R \). Determine the electric field \(\boldsymbol{E}\) throughout space.","\[
\boldsymbol{E} = 
\begin{cases}
\frac{q r}{2 \pi \varepsilon_{0} R^{2} l} \boldsymbol{e}_{\mathrm{r}}, & r < R \\
\frac{q}{2 \pi \varepsilon_{0} r l} \boldsymbol{e}_{\mathrm{r}}, & r > R
\end{cases}
\]","\boxed{\boldsymbol{E}= 
\begin{cases}
\frac{q r}{2 \pi \varepsilon_{0} R^{2} l}, & r<R \\
\frac{q}{2 \pi \varepsilon_{0} r l}, & r>R
\end{cases}}",EQ,,True,EN,Laws Application
177,Electromagnetism,Electrodynamics,Propagation and Radiation of Electromagnetic Waves,"(c) In a space without a medium, if the spatial coordinates of the system undergo an inversion: $\boldsymbol{x} \rightarrow \boldsymbol{x}^{\prime}=-\boldsymbol{x}$, how will the charge density, current density, and $\boldsymbol{E}, \boldsymbol{B}$ change?","(c) The spatial reflection transformation is given by

$$
\begin{array}{ll}
\boldsymbol{r} \rightarrow \boldsymbol{r}^{\prime} = -\boldsymbol{r}, & \nabla \rightarrow \nabla^{\prime} = -\nabla \\
\frac{\partial}{\partial t} \rightarrow \frac{\partial}{\partial t^{\prime}}, & e \rightarrow e^{\prime} = e
\end{array}
$$

It is clear that in this case we have

$$
\begin{aligned}
& \rho(\boldsymbol{r}, t) \rightarrow \rho^{\prime}(\boldsymbol{r}, t) = \rho, \\
& \boldsymbol{j} \rightarrow \boldsymbol{j}^{\prime} = -\boldsymbol{j}
\end{aligned}
$$

By applying the law of charge conservation and rewriting the unaltered Maxwell's equations after the transformation, similar to approach (b), it can be proven that

$$
\begin{aligned}
& \boldsymbol{E}^{\prime}(\boldsymbol{r}, t) = -\boldsymbol{E}(\boldsymbol{r}, t), \\
& \boldsymbol{B}^{\prime}(\boldsymbol{r}, t) = \boldsymbol{B}(\boldsymbol{r}, t)
\end{aligned}
$$","\boxed{\rho^{\prime} = \rho, \boldsymbol{j}^{\prime} = -\boldsymbol{j}, \boldsymbol{E}^{\prime} = -\boldsymbol{E}, \boldsymbol{B}^{\prime} = \boldsymbol{B}}",EQ,"None, None, None, None",True,EN,Laws Application
178,Electromagnetism,Electrodynamics,Interaction of Electromagnetic Fields with Matter,"A ""dilute"" plasma consists of free charges with mass $m$ and charge $e$. There are $n$ charges per unit volume, and the density is uniform. It is assumed that the interactions between the charges can be neglected. A plane electromagnetic wave with frequency $\omega$ and wave number $k$ is incident on the plasma. Find the dispersion relation, i.e., the relationship between $k$ and $\omega$. The plasma frequency is defined as

$$
\omega_{\mathrm{pe}}^{2}=\frac{n e^{2}}{\varepsilon_{0} m}
$$","The polarization strength of the plasma is

$$
\boldsymbol{P}=e n \boldsymbol{x}=-\frac{n e^{2}}{m \omega^{2}} \boldsymbol{E}
$$

On the other hand, $\boldsymbol{P}=\varepsilon_{0} \chi_{e} \boldsymbol{E}$, the dielectric constant is

$$
\varepsilon=\varepsilon_{0}\left(1+\chi_{e}\right)=1-\frac{n e^{2}}{\varepsilon_{0} m \omega^{2}}
$$

Introducing the plasma frequency

$$
\omega_{\mathrm{pe}}^{2}=\frac{n e^{2}}{\varepsilon_{0} m}
$$

we have

$$
\varepsilon=\varepsilon_{0}\left(1+\chi_{e}\right)=\varepsilon_{0}\left(1-\frac{\omega_{\mathrm{pe}}^{2}}{\omega^{2}}\right)
$$

For the plasma, we assume $\mu \approx \mu_{0}$, considering that $\mu_{0} \varepsilon_{0}=1 / c^{2}$, the wave number $k$ is given by

$$
k^{2}=\omega^{2} \mu_{0} \varepsilon=\frac{1}{c^{2}}\left(\omega^{2}-\omega_{\mathrm{pe}}^{2}\right)
$$

This is the dispersion relation.",\boxed{k^{2} = \frac{1}{c^{2}} (\omega^{2} - \omega_{\mathrm{pe}}^{2})},EQ,,False,EN,Math Derivation
192,Electromagnetism,Electrodynamics,Propagation and Radiation of Electromagnetic Waves,"A linearly polarized plane electromagnetic wave $\boldsymbol{E}=\boldsymbol{E}_{0} e^{i(\boldsymbol{k} \cdot \boldsymbol{r}-\omega t)}$ is incident on a non-conductive dielectric sphere with radius $a$. The dielectric sphere undergoes polarization in the field. As the electric field varies with time, the polarization intensity $\boldsymbol{P}$ of the dielectric sphere will also vary with time. Given that $a k \ll 1$, find the polarization dipole moment of the dielectric sphere.","From the condition $a k \ll 1$, it is known that the field strength experienced by various parts of the dielectric sphere is approximately spatially uniform. Therefore, the dielectric sphere is equivalent to being in a time-varying uniform field $\boldsymbol{E}=\boldsymbol{E}_{0} e^{-i \omega t}$.

Using the method of separation of variables, the polarization dipole moment of the dielectric sphere is easily found to be

\[
\boldsymbol{P}=4 \pi \varepsilon_{0} \frac{\varepsilon-\varepsilon_{0}}{\varepsilon+2 \varepsilon_{0}} a^{3} \boldsymbol{E}_{0} e^{-i \omega t} \tag{1}
\]",\[\boxed{4 \pi \varepsilon_{0} \frac{\varepsilon-\varepsilon_{0}}{\varepsilon+2 \varepsilon_{0}} a^{3} \boldsymbol{E}_{0} e^{-i \omega t}}\],EX,,False,EN,Laws Application
194,Electromagnetism,Electrodynamics,Relativistic Electrodynamics,"An electron with mass $m$ and charge $e$ is moving in the plane perpendicular to a uniform magnetic field. Ignoring the energy loss due to radiation, the electron's path is a circle with radius $R$. Assume the electron's energy $E \gg m c^{2}$, thus considering relativistic effects. Provide the analytical expression for the required field strength $B$ using the above parameters. Given $R = 30 \mathrm{~m}$, $E = 2.5 \times 10^{9} \mathrm{eV}$, calculate the numerical value of $B$.","In a uniform magnetic field $\boldsymbol{B}$, the equation of motion for a relativistic electron is

\[
\frac{\mathrm{d} \boldsymbol{P}}{\mathrm{~d} t}=e \boldsymbol{v} \times \boldsymbol{B} \tag{1}
\]

where $\boldsymbol{P}=m \gamma \boldsymbol{v}, \gamma=\left(1-\frac{v^{2}}{c^{2}}\right)^{-\frac{1}{2}}$. Since the electron is undergoing circular motion, the speed remains constant, which means $v$ is a constant, and we have

\[
\left|\frac{\mathrm{d} v}{\mathrm{~d} t}\right|=\frac{v^{2}}{R} \tag{2}
\]

Combining equation (1) and equation (2), we get

\[
B=\frac{P}{e R} \tag{3}
\]

When $E \gg m c^{2}$, $P=\frac{1}{c} \sqrt{E^{2}-m^{2} c^{4}} \approx \frac{E}{c}$, thus

\[
B \approx \frac{1}{c} \cdot \frac{E}{e R} \approx 0.28 (\mathrm{~T}) \tag{4}
\]",\boxed{0.28},NV,\text{T},False,EN,Laws Application
195,Electromagnetism,Electrodynamics,Propagation and Radiation of Electromagnetic Waves,"Consider a plane wave with a vector potential $A_{\mu}(x)=a_{\mu} \mathrm{e}^{\mathrm{i}(\mathbf{k} \cdot \mathbf{z}-\omega t)}$, where $a_{\mu}$ is a constant four-dimensional vector. Assume $\mathbf{k}=k \mathbf{e}_{z}$, and use the non-orthogonal basis vectors $\varepsilon^{(1) \mu} =(0,1,0,0)$, $\varepsilon^{(2) \mu} =(0,0,1,0)$, $\varepsilon^{(L) \mu} =\frac{1}{k}\left(\frac{\omega}{c}, 0,0, k\right)$, $\varepsilon^{(B) \mu} =\frac{1}{k}\left(k, 0,0,-\frac{\omega}{c}\right)$. The vector potential $a_{\mu}$ can be expressed in terms of the basis vectors as $a_{\mu}=a_{1} \varepsilon^{(1) \mu}+a_{2} \varepsilon^{(2) \mu}+a_{L} \varepsilon^{(L) \mu}+a_{B} \varepsilon^{(B) \mu}$. Which of $a_{1}$, $a_{2}$, $a_{L}$, and $a_{B}$ are gauge invariant?","(e) Clearly, neither the Coulomb gauge $\nabla \cdot \mathbf{A}=0$ nor the Lorenz gauge

$$
\nabla \cdot \mathbf{A}+\frac{1}{c} \frac{\partial \varphi}{\partial t}=0
$$

impose constraints on $a_{1}, a_{2}$, thus $a_{1}, a_{2}$ are gauge invariant.","\boxed{a_1, a_2}",EX,"None, None",True,EN,Laws Application
197,Electromagnetism,Electrodynamics,Propagation and Radiation of Electromagnetic Waves,"A solution of right-handed sugar is optically very sensitive, and its properties can be characterized by the polarization vector (electric dipole moment per unit volume) $\boldsymbol{P} = \gamma \nabla \times \boldsymbol{E}$, where $\gamma$ is a real constant dependent on the solution concentration. The solution is non-conductive ($\boldsymbol{j}_{\mathrm{f}} = 0$) and non-magnetic (magnetization vector $\boldsymbol{M} = 0$). Consider a plane electromagnetic wave propagating in this solution with a real angular frequency $\omega$. For convenience, assume the wave propagates along the $+z$ direction (also assume $\frac{\gamma \omega}{c} \ll 1$, thus having the approximation $\sqrt{1 + A} \approx 1 + \frac{1}{2}A$). Find the two possible refractive indices of this electromagnetic wave in the solution and determine the corresponding electric field.","The displacement vector in the solution is given by

$$
\boldsymbol{D} = \varepsilon_{0} \boldsymbol{E} + \boldsymbol{P} = \varepsilon_{0} \boldsymbol{E} + \gamma \nabla \times \boldsymbol{E}
$$

Since $\boldsymbol{M} = \boldsymbol{j}_{\mathrm{f}} = 0$, we have $\boldsymbol{H} = \boldsymbol{B} / \mu_{0}$, hence

$$
\nabla \times \boldsymbol{H} = \frac{\partial \boldsymbol{D}}{\partial t} = \varepsilon_{0} \frac{\partial \boldsymbol{E}}{\partial t} + \gamma \nabla \times \frac{\partial \boldsymbol{E}}{\partial t}
$$

From $\nabla \times \boldsymbol{E} = -\frac{\partial \boldsymbol{B}}{\partial t}$, we have

$$
\nabla \times (\nabla \times \boldsymbol{E}) = -\frac{1}{c^{2}} \cdot \frac{\partial^{2} \boldsymbol{E}}{\partial t^{2}} - \gamma \mu_{0} \nabla \times \left(\frac{\partial^{2} \boldsymbol{E}}{\partial t^{2}}\right)
$$

For the plane electromagnetic wave

$$
\boldsymbol{E} = \boldsymbol{E}_{x} + \boldsymbol{E}_{y} = \boldsymbol{E}_{0} \mathrm{e}^{\mathrm{i}(kz - \omega t)}
$$

The effect of $\nabla$ and $\partial / \partial t$ is

$$
\nabla \rightarrow \mathrm{i} k \boldsymbol{e}_{z}, \quad \frac{\partial}{\partial t} \rightarrow -\mathrm{i} \omega
$$

So, the coupled equations are

$$
\begin{aligned}
& \left(k^{2} - \frac{\omega^{2}}{c^{2}}\right) E_{x} + \mathrm{i} k \omega^{2} \gamma \mu_{0} E_{y} = 0 \\
& \mathrm{i} k \omega^{2} \gamma \mu_{0} E_{x} - \left(k^{2} - \frac{\omega^{2}}{c^{2}}\right) E_{y} = 0
\end{aligned}
$$

From the necessary and sufficient condition for non-zero solutions, we get

$$
k^{2} - \frac{\omega^{2}}{c^{2}} = \mu_{0} \gamma k \omega^{2}
$$

When taking the $+$ sign, $E_{x} + \mathrm{i} E_{y} = 0$; when taking the $-$ sign, $E_{x} - \mathrm{i} E_{y} = 0$, representing left-handed and right-handed circular polarization of the electric field, respectively. The two solutions for $k$ are (using $\frac{\gamma \omega}{c} \ll 1$)

$$
\begin{aligned}
& k_{+} = \frac{\mu_{0} \gamma \omega^{2} + \sqrt{\mu_{0}^{2} \gamma^{2} \omega^{4} + 4 \frac{\omega^{2}}{c^{2}}}}{2} \approx \frac{\omega}{c}\left(1 + \frac{c \mu_{0} \gamma \omega}{2}\right) \\
& k_{-} = \frac{\omega}{c}\left(1 - \frac{c \mu_{0} \gamma \omega}{2}\right)
\end{aligned}
$$

The two refractive indices of the solution are determined by

$$
\begin{aligned}
& k_{\pm} = \frac{\omega}{c} n_{\pm} \\
& n_{+} \approx 1 + \frac{c \mu_{0} \gamma \omega}{2} \\
& n_{-} \approx 1 - \frac{c \mu_{0} \gamma \omega}{2}
\end{aligned}
$$","\boxed{n_{+} \approx 1+\frac{c \mu_{0} \gamma \omega}{2}, n_{-} \approx 1-\frac{c \mu_{0} \gamma \omega}{2}}",EX,,True,EN,Math Derivation
198,Electromagnetism,Electrodynamics,Relativistic Electrodynamics,"An electron with charge \( e \) and mass \( m \) is constrained by a linear restoring force. The force coefficient is \( K = m \omega_{0}^{2} \). When the electron vibrates, the formula for radiated power is

\[
P = \frac{1}{6 \pi \varepsilon_{0}} \cdot \frac{e^{2} \dot{v}^{2}}{c^{3}}
\]

where \(\dot{v}\) is the acceleration of the electron and \( c \) is the speed of light.

(c) For a frequency \(\frac{\omega_{0}}{2 \pi} = 10^{5} \, \mathrm{Hz}\), does the assumption that the energy loss per cycle is very small hold?","When the frequency \(f = \frac{\omega_{0}}{2 \pi} \approx 10^{5} \, \mathrm{Hz}\), the corresponding period is \(T = 10^{-5} \, \mathrm{s}\). At this frequency, \(\gamma \approx 10^{3} \, \mathrm{Hz}\), clearly satisfying the condition \(\gamma \ll \omega_{0}\). Since the elastic potential energy of the electron is \(\frac{1}{2} m \omega_{0}^2 x^2\), it is evident from equation (4) that after one cycle, the ratio of the energy lost by the electron to the total potential energy is approximately \(\left(1 - \mathrm{e}^{-\gamma t}\right) \approx 10^{-7} \ll 1\). Therefore, the assumption in (a) is valid.",\boxed{Yes},TF,,False,EN,Practical Application
200,Electromagnetism,Electrodynamics,Relativistic Electrodynamics,"A particle with mass $m$ and charge $q$ is bound by Coulomb interaction to a particle with infinite mass and charge $-q$. At time $t=0$, the orbit of this particle is approximately a circle with radius $R$. Determine the time it takes for the orbital radius of the particle to decrease to $R / 2$, assuming $R$ is sufficiently large so that classical radiation theory can be used instead of quantum theory.","The kinetic energy of the particle with mass $m$ is given by $T=\frac{1}{2} m v^{2}$. Its equation of motion in the Coulomb field is

$$
m \dot{v} = \frac{m v^{2}}{r} = \frac{q^{2}}{4 \pi \varepsilon_{0} r^{2}}
$$

The potential energy is

$$
V = -\frac{q^{2}}{4 \pi \varepsilon_{0} r}
$$

The mechanical energy of the charge is

$$
E = \frac{1}{2} m v^{2} + V
$$

As this charged particle continually emits electromagnetic energy, the rate of energy loss should equal the radiation power, i.e.,

$$
\frac{\mathrm{d} E}{\mathrm{~d} t} = -P = -\frac{q^{2} \dot{v}^{2}}{6 \pi \varepsilon_{0} c^{3}}
$$

Therefore,

$$
\frac{\mathrm{d} r}{\mathrm{~d} t} = -\frac{q^{4}}{12 \pi^{2} \varepsilon_{0}^{2} c^{3} m^{2} r^{2}}
$$

At $t=0$, $r=R$. Integrating the above expression gives the time when $r=\frac{R}{2}$,

$$
\tau = -\frac{12 \pi^{2} \varepsilon_{0}^{2} c^{3} m^{2}}{q^{4}} \int_{R}^{\frac{R}{2}} r^{2} \mathrm{~d} r = \frac{7 \pi^{2} \varepsilon_{0}^{2} c^{3} m^{2} R^{3}}{2 q^{4}}
$$",\boxed{\frac{7 \pi^{2} \varepsilon_{0}^{2} c^{3} m^{2} R^{3}}{2 q^{4}}},EX,,False,EN,Math Derivation
204,Electromagnetism,Electrodynamics,Interaction of Electromagnetic Fields with Matter,"In a discharge of a very strong electric current in a neutral plasma, an antiproton beam enters relativistically at speed \( v \) parallel to the axis of the discharge arc and passes through a distance \( L \). If the plasma is replaced with an electron beam of the same current, will the focal length remain the same? Please explain.","After the plasma is replaced with an electron beam of the same current, the antiproton will be subjected to an electric field force directed away from the arc axis. Under the assumption of a uniform current distribution, the electron number density can be considered uniformly distributed. The magnitude of the electric field produced is

\[
E = \frac{n e r}{3 \varepsilon_{0}}
\]

where \( n \) is the electron density. Since

\[
I = n e v_{\mathrm{E}} \cdot \pi R^{2}
\]

the magnitude of the electric field force on the antiproton is

\[
f_{\mathrm{e}} = e E = \frac{e I r}{2 \varepsilon_{0} \pi R^{2} v_{\mathrm{E}}}
\]

and previously, the magnitude of the magnetic field force on the antiproton was found to be

\[
f_{\mathrm{m}} = e v B = \frac{\mu_{0} e v I r}{2 \pi R^{2}}
\]

Thus,

\[
\frac{f_{\mathrm{e}}}{f_{\mathrm{m}}} = \frac{1}{\varepsilon_{0} \mu_{0} v v_{\mathrm{E}}} = \frac{c^{2}}{v v_{\mathrm{E}}} \gg 1
\]

Therefore, the magnetic force can be neglected. The antiproton will defocus under the repulsive electric field force, failing to achieve the aim of focusing. The focal length will no longer be the same.",\boxed{No},TF,,False,EN,Laws Application
205,Electromagnetism,Electrodynamics,Relativistic Electrodynamics,"Consider an arbitrary plane electromagnetic wave propagating in the vacuum along the $x$ direction, where $A(x-ct)$ is the wave's vector potential. Since the problem does not involve charged current sources, use a gauge where the scalar potential is always zero. Assume that the wave cannot fill the entire space, so for sufficiently large $x-ct$, $\boldsymbol{A}=0$. The wave acts on a particle of charge $e$ initially at rest, accelerating it to relativistic speeds. Prove that $\boldsymbol{P}_{\perp}=-\boldsymbol{A}$, where $\boldsymbol{P}_{\perp}$ is the momentum component of the particle in the $yz$ plane (Note: this problem cannot be solved using non-relativistic mechanics).","Let the displacement of the charged particle in a time $\mathrm{d} t$ be $\mathrm{d} \boldsymbol{x}$, then the increment in the vector potential $\boldsymbol{A}$ is $(\mathrm{d} \boldsymbol{x} \cdot \nabla) \boldsymbol{A}$. Therefore, the rate of change of $\boldsymbol{A}$ is

\begin{equation*}
\frac{\mathrm{d} \boldsymbol{A}}{\mathrm{~d} t}=\frac{\partial \boldsymbol{A}}{\partial t}+(\boldsymbol{v} \cdot \nabla) \boldsymbol{A} \tag{1}
\end{equation*}

In an electromagnetic field, the equation of motion for a charged particle with momentum $\boldsymbol{P}$ is

\begin{equation*}
\frac{\mathrm{d} \boldsymbol{P}}{\mathrm{~d} t}=e(\boldsymbol{E}+ \boldsymbol{v} \times \boldsymbol{B}) \tag{2}
\end{equation*}

Note that in the Lagrangian formulation, $x$ and $\boldsymbol{v}$ are independent variables, thus

\begin{equation*}
\boldsymbol{v} \times (\nabla \times \boldsymbol{A})=\nabla(\boldsymbol{v} \cdot \boldsymbol{A})-(\boldsymbol{v} \cdot \nabla) \boldsymbol{A} \tag{3}
\end{equation*}

Substitute equation (3) into equation (2), and given $\varphi=0$, we get

\begin{equation*}
\frac{\mathrm{d} \boldsymbol{P}}{\mathrm{~d} t}=e \nabla(\boldsymbol{v} \cdot \boldsymbol{A})-e \frac{\mathrm{~d} \boldsymbol{A}}{\mathrm{~d} t} \tag{4}
\end{equation*}

For the plane electromagnetic wave in this problem, the vector potential $\boldsymbol{A}(x-ct)$ is independent of coordinates $y$ and $z$, so $\nabla(\boldsymbol{v} \cdot \boldsymbol{A})$ has no transverse component. For the transverse component $\boldsymbol{P}_{\perp}=P_{y} \boldsymbol{e}_{y}+P_{z} \boldsymbol{e}_{z}$, the equation of motion is

\begin{equation*}
\frac{\mathrm{d} \boldsymbol{P}_{\perp}}{\mathrm{d} t}=-e \frac{\mathrm{~d} \boldsymbol{A}_{\perp}}{\mathrm{d} t} \tag{5}
\end{equation*}

Integrating equation (5) yields

\begin{equation*}
\boldsymbol{P}_{\perp}=-e \boldsymbol{A}_{\perp}+C \tag{6}
\end{equation*}

Since the initial speed of the particle is 0, the constant $C$ equals zero. Furthermore, given that $A_{z}=0$, $\boldsymbol{A}_{\perp}=\boldsymbol{A}$. Therefore, we finally obtain

\begin{equation*}
\boldsymbol{P}_{\perp}=-e \boldsymbol{A} \tag{7}
\end{equation*}",\boxed{\boldsymbol{P}_{\perp}=-\boldsymbol{A}},EQ,,False,EN,Math Derivation
208,Electromagnetism,Electrodynamics,Relativistic Electrodynamics,"An electron moves within an axially symmetric magnetic field. Assume that at the central plane \(z=0\), the magnetic field has no radial component, i.e., \(\boldsymbol{B}(z=0) = B(r) e_{z}\). On the plane \(z=0\), the electron undergoes circular motion with a radius \(R\).

(a) What is the relationship between the electron momentum \(P\) and the orbital radius?","From the equation \(e v B = m \frac{v^{2}}{R}\), we obtain

\[
P = m v = e B R
\]",\boxed{P = e B R},EQ,,False,EN,Laws Application
209,Electromagnetism,Electrodynamics,Propagation and Radiation of Electromagnetic Waves,"A plane electromagnetic wave with frequency $\omega$ and wave number $k$ is known to propagate along the $+z$ direction. For $z<0$, the medium is air $\left(\varepsilon=\varepsilon_{0}, \sigma=0\right)$, and it is assumed that the permeability of the air and the medium is the same, i.e., $\mu=\mu_{0}$. Determine the penetration depth $\delta$ of this plane wave in the medium.","(c) The transmitted wave can be expressed as $\boldsymbol{E}_{2}=\boldsymbol{E}_{20} e^{-\alpha z} \mathrm{e}^{\mathrm{i}(\beta z-\omega t)}$, so the penetration depth where the wave amplitude has decreased by a factor of $\frac{1}{e}$ is

$$
\delta=\frac{1}{\alpha}=\frac{1}{\omega \sqrt{\mu_{0} \varepsilon}}\left[\frac{1}{2}\left(-1+\sqrt{1+\frac{\sigma^{2}}{\varepsilon^{2} \omega^{2}}}\right)\right]^{-1 / 2}.
$$

For a good conductor, we have

$$
\delta \approx \sqrt{\frac{2}{\omega \mu_{0} \sigma}}.
$$

For a poor conductor, we have

$$
\delta=\frac{2}{\sigma} \sqrt{\frac{\varepsilon}{\mu_{0}}}.
$$","\boxed{\delta \approx \sqrt{\frac{2}{\omega \mu_{0} \sigma}}, \delta=\frac{2}{\sigma} \sqrt{\frac{\varepsilon}{\mu_{0}}}}","EX, EQ","\text{m}, \text{m}",True,EN,Practical Application
212,Electromagnetism,Electrodynamics,Relativistic Electrodynamics,"A uniformly charged particle beam moving at a speed \( v \) has a charge per unit length of \( \frac{q}{l} \), with the charge uniformly distributed within a cylinder of radius \( R \). Determine the magnetic field \(\boldsymbol{B}\) in the entire space.","\[
\boldsymbol{B}= 
\begin{cases}
\frac{\mu_{0} v q r}{2 \pi R^{2} l} \boldsymbol{e}_{\theta}, & r<R \\
\frac{\mu_{0} v q}{2 \pi r l} \boldsymbol{e}_{\theta}, & r>R
\end{cases}
\]","\boxed{\frac{\mu_{0} v q r}{2 \pi R^{2} l} \boldsymbol{e}_{\theta}, \frac{\mu_{0} v q}{2 \pi r l} \boldsymbol{e}_{\theta}}","EX, EX",,True,EN,Laws Application
214,Electromagnetism,Electrodynamics,Interaction of Electromagnetic Fields with Matter,"The dispersion relation of electromagnetic waves in a plasma is given by

$$
\omega^{2}(k)=\omega_{\mathrm{P}}^{2}+c^{2} k^{2}
$$

where $\omega_{\mathrm{P}}$ is the plasma frequency, defined as

$$
\omega_{\mathrm{pe}}^{2}=\frac{N e^{2}}{\varepsilon_{0} m}
$$

Given that $m$ is the electron mass, $e$ is the charge, and $N$ is the electron density, find the refractive index of the plasma for $\omega > \omega_{\mathrm{P}}$.","(a) Referring to Problem 7.9, the refractive index of the plasma is

$$
n=\left(1-\frac{\omega_{\mathrm{pe}}^{2}}{\omega^{2}}\right)^{\frac{1}{2}}
$$",\boxed{n=\left(1-\frac{\omega_{\mathrm{pe}}^{2}}{\omega^{2}}\right)^{\frac{1}{2}}},EQ,,False,EN,Math Derivation
215,Electromagnetism,Electrodynamics,Propagation and Radiation of Electromagnetic Waves,"(d) In a medium-free space, if a system undergoes time reversal: \(t \rightarrow t^{\prime} = -t\), how will \(\rho, \boldsymbol{j}, \boldsymbol{E}, \boldsymbol{B}\) change?","(d) Under time reversal transformation, we have

$$
\begin{gathered}
\frac{\partial}{\partial t} \rightarrow \frac{\partial}{\partial t^{\prime}} = -\frac{\partial}{\partial t}, \quad \nabla \rightarrow \nabla^{\prime} = \nabla \\
e \rightarrow e^{\prime} = e
\end{gathered}
$$

Therefore, \(\rho^{\prime} = \rho, \boldsymbol{j}^{\prime} = -\boldsymbol{j}\), and it can similarly be shown that

$$
\boldsymbol{E}^{\prime}(\boldsymbol{r}, t) = \boldsymbol{E}(\boldsymbol{r}, t), \quad \boldsymbol{B}^{\prime}(\boldsymbol{r}, t) = -\boldsymbol{B}(\boldsymbol{r}, t)
$$","\boxed{\rho^{\prime} = \rho, \boldsymbol{j}^{\prime} = -\boldsymbol{j}, \boldsymbol{E}^{\prime} = \boldsymbol{E}, \boldsymbol{B}^{\prime} = -\boldsymbol{B}}",EQ,"\text{None}, \text{None}, \text{None}, \text{None}",True,EN,Laws Application
219,Electromagnetism,Electrodynamics,Relativistic Electrodynamics,"Consider an ideal conductor sphere moving at a constant velocity \( v = v \mathbf{e}_x \) (where \( v \ll c \)) within a uniform magnetic field \( \mathbf{B} = B \mathbf{e}_y \). In the lowest order approximation of \( \frac{v}{c} \), determine the electromagnetic field relative to the reference frame \( \Sigma^{\prime} \) moving with the conductor sphere. Please calculate and provide the specific form of the electromagnetic field in the \( \Sigma^{\prime} \) frame.","Let \( \Sigma^{\prime} \) be the reference frame moving with the conductor sphere. From the relativistic electromagnetic field transformation formulas, we know that the electric field and magnetic field in the \( \Sigma^{\prime} \) frame are respectively

\[
\mathbf{E}^{\prime} = \gamma v \mathbf{B} \mathbf{e}_z, \quad \mathbf{B}^{\prime} = \gamma B \mathbf{e}_y
\]

In the lowest order approximation, \( \gamma = \left(1-\frac{v^{2}}{c^{2}}\right)^{-1 / 2} \approx 1 \), therefore

\[
E^{\prime} \approx v B \mathbf{e}_z, \quad B^{\prime} = B \mathbf{e}_y
\]

\[ 
<image 1>
\]","\boxed{v B \mathbf{e}_{z}, B \mathbf{e}_{y}}","EX, EX","\text{None}, \text{None}",True,EN,Laws Application
220,Electromagnetism,Electrodynamics,Propagation and Radiation of Electromagnetic Waves,"Four identical monochromatic coherent sources emit waves with the same wavelength $\lambda$. Two receivers, $R_{1}$ and $R_{2}$, are located far from the sources, and the distances from $R_{1}$ and $R_{2}$ to point B are equal. Which receiver can verify the presence of sources B and D?","By analyzing the situations where sources B and D are removed, it is found that regardless of whether B and D are present, $I_{1} = E_{10}^{2}$ remains unchanged. Therefore, $R_{1}$ cannot verify the presence of B and D. However, the intensity $I_{2}$ is different in both cases where sources B and D are removed. Thus, the strength of the signal received by $R_{2}$ can determine whether sources B and D are present.",\boxed{R_{2}},NV,,False,EN,Practical Application
221,Electromagnetism,Electrodynamics,Propagation and Radiation of Electromagnetic Waves,"Consider a plane wave with the vector potential $A_{\mu}(x)=a_{\mu} \mathrm{e}^{\mathrm{i}(\mathbf{k} \cdot \mathbf{z}-\omega t)}$, where $a_{\mu}$ is a four-dimensional constant vector. Assume $\mathbf{k}=k \mathbf{e}_{z}$, and use the non-orthogonal basis vectors $\varepsilon^{(1) \mu}=(0,1,0,0)$, $\varepsilon^{(2) \mu}=(0,0,1,0)$, $\varepsilon^{(L) \mu}=\frac{1}{k}\left(\frac{\omega}{c}, 0,0, k\right)$, $\varepsilon^{(B) \mu}=\frac{1}{k}\left(k, 0,0,-\frac{\omega}{c}\right)$. The vector potential $a_{\mu}$ can be represented in terms of the basis vectors as $a_{\mu}=a_{1} \varepsilon^{(1) \mu}+a_{2} \varepsilon^{(2) \mu}+a_{L} \varepsilon^{(L) \mu}+a_{B} \varepsilon^{(B) \mu}$. Determine whether $\nabla \cdot \mathbf{B}=0$ imposes any constraints on $a_{1}$, $a_{2}$, $a_{L}$, and $a_{B}$.","(a) Since $\nabla \cdot \mathbf{B}=\nabla \cdot(\nabla \times \mathbf{A}) \equiv 0$, it is naturally satisfied and does not impose any constraints.",\boxed{No},TF,,False,EN,Laws Application
223,Electromagnetism,Electrodynamics,Relativistic Electrodynamics,"A uniformly charged beam of particles is moving at a velocity \( v \), with a charge per unit length of \( \frac{q}{l} \). The charge is uniformly distributed within a cylinder of radius \( R \). Calculate the energy density.","\[
\begin{aligned}
w &= \frac{1}{2}\left(\varepsilon_{0} E^{2} + \frac{1}{\mu_{0}} B^{2}\right) \\
&= 
\begin{cases}
\left(1+\frac{v^{2}}{c^{2}}\right) \frac{q^{2} r^{2}}{8 \pi^{2} \varepsilon_{0} R^{4} l^{2}}, & r<R \\
\left(1+\frac{v^{2}}{c^{2}}\right) \frac{q^{2}}{8 \pi^{2} \varepsilon_{0} r^{2} l^{2}}, & r>R
\end{cases}
\end{aligned}
\]","\boxed{\left(1+\frac{v^{2}}{c^{2}}\right) \frac{q^{2} r^{2}}{8 \pi^{2} \varepsilon_{0} R^{4} l^{2}}, \left(1+\frac{v^{2}}{c^{2}}\right) \frac{q^{2}}{8 \pi^{2} \varepsilon_{0} r^{2} l^{2}}}","EX, EX","\text{J/m}^3, \text{None}",True,EN,Laws Application
225,Electromagnetism,Electrodynamics,Interaction of Electromagnetic Fields with Matter,"Discuss the propagation of an electromagnetic wave with angular frequency $\omega$ in a spatial region with a free charge (mass $m$, charge $e$) density of $N/\mathrm{cm}^{3}$. Derive the critical frequencies for radio waves in the ionosphere $\left(N=10^{6}\right)$ and ultraviolet waves in metallic sodium $\left(N=2.5 \times 10^{22}\right)$.","The charge and mass of the electron are given by

$$
e=-1.6 \times 10^{-19}\text{C}, \quad m=9.1 \times 10^{-31}\text{kg}
$$

Also, $\varepsilon_{0}=8.85 \times 10^{-12} \mathrm{~F} / \mathrm{m}$.\\
For the ionosphere $N=10^{12}/\mathrm{m}^{3}$, we have

$$
\begin{aligned}
\omega_{\mathrm{p}} & =\sqrt{\frac{N e^{2}}{m \varepsilon_0}}=\left[\frac{10^{6} \times 10^{6} \times\left(1.6 \times 10^{-19}\right)^{2}}{9.1 \times 10^{-31} \times 8.85 \times 10^{-12}}\right]^{\frac{1}{2}} \\
& \approx 5.64 \times 10^{7}\text{Hz}
\end{aligned}
$$

For metallic sodium, $N=2.5 \times 10^{28}/\mathrm{m}^{3}$, we have

$$
\begin{aligned}
\omega_{\mathrm{p}} & =\left[\frac{2.5 \times 10^{28} \times 10^{6} \times\left(1.6 \times 10^{-19}\right)^{2}}{9.1 \times 10^{-31} \times 8.85 \times 10^{-12}}\right]^{\frac{1}{2}} \\
& \approx 8.91 \times 10^{15}\text{Hz}
\end{aligned}
$$","\boxed{5.64 \times 10^{7}, 8.91 \times 10^{15}}","NV, NV","\text{Hz}, \text{Hz}",True,EN,Laws Application
230,Electromagnetism,Electrodynamics,Interaction of Electromagnetic Fields with Matter,"In a discharge of an electrically neutral plasma with a very strong current, the current column has a radius $R$ and a current intensity $I$, with a uniform current density. Assume that a beam of antiprotons, moving relativistically at speed $v$, enters and passes through parallel to the axis of the discharge arc. Find:  
(a) The distribution of the magnetic field within the current column.","The distribution of the magnetic field within the current column can be determined using Ampère's circuital law, yielding the result:

$$
B = \frac{\mu_{0} I r}{2 \pi R^{2}}
$$

where $r$ is the perpendicular distance from the arc axis; the direction of $B$ follows the right-hand rule relative to the direction of $I$.",\boxed{B = \frac{\mu_{0} I r}{2 \pi R^{2}}},EQ,,False,EN,Laws Application
237,Electromagnetism,Electrodynamics,Interaction of Electromagnetic Fields with Matter,"Prove that the vertical micro-motion of a charged particle near the horizontally symmetrical plane of a cyclotron is resonant, and show that its frequency is given by

\[
\omega_{\mathrm{v}}=\omega_{\mathrm{c}}\left(-\frac{R}{B_{z}} \cdot \frac{\partial B_{z}}{\partial r}\right)^{1 / 2}
\]

Meanwhile, the charged particle moves in a circular orbit with a radius of \( R \).","As shown in figure 7.2, considering the loop \( c \) as a closed circuit, from \(\oint \boldsymbol{B} \cdot \mathrm{d} l=0\), we get

\[
\left[B_{z}(r)-B_{z}(r+\mathrm{d} r)\right] z+B_{r}(z) \mathrm{d} r=0
\]

Thus,

\[
B_{\mathrm{r}}(z)=\frac{\partial B_{z}(r)}{\partial r} \cdot z
\]

The equation of motion in the vertical direction is

\[
m \ddot{z}+q v B_{\mathrm{r}}(z)=q v \cdot \frac{\partial B_{z}(r)}{\partial r} \cdot z
\]

Thus, \(\omega_{\mathrm{v}}^{2}=\frac{-q v \frac{\partial B_{z}}{\partial r}}{m}\). Also, from

\[
m v=q B_{z} R
\]

We get

\[
\omega_{\mathrm{v}}=\sqrt{-\frac{q^{2} B_{z} R}{m^{3}} \cdot \frac{\partial B_{z}}{\partial r}}=\omega_{\mathrm{c}}\left(-\frac{R}{B_{z}} \cdot \frac{\partial B_{z}}{\partial r}\right)^{1 / 2}
\]",\boxed{\omega_{\mathrm{v}}=\omega_{\mathrm{c}}\left(-\frac{R}{B_{z}} \cdot \frac{\partial B_{z}}{\partial r}\right)^{1 / 2}},EQ,,False,EN,Math Derivation
238,Electromagnetism,Electrodynamics,Relativistic Electrodynamics,"An infinitely long ion beam with a uniform circular cross-section has a charge distribution of $q$ per unit length. In the rest frame of the beam, calculate the electric field strength $\boldsymbol{E}^{\prime}$ and magnetic field strength $\boldsymbol{B}^{\prime}$ at a point located at a radius $r (< R)$ from the axis. Assume the radius of the beam is $R$ and the ions are moving with velocity $v$.","In the rest frame of the beam, the linear charge density is $q^{\prime} = q / \gamma$, where $\gamma = \frac{1}{\sqrt{1 - v^{2} / c^{2}}}$. The electric field $\boldsymbol{E}^{\prime}$ and magnetic field $\boldsymbol{B}^{\prime}$ are

$$
\begin{aligned}
\boldsymbol{E}^{\prime} & = \frac{r q^{\prime}}{2 \pi \varepsilon_{0} R^{2}} \boldsymbol{e}_{\mathrm{r}}, \quad r<R, \\
\boldsymbol{B}^{\prime} & = 0.
\end{aligned}
$$","\boxed{\boldsymbol{E}^{\prime} = \frac{r q^{\prime}}{2 \pi \varepsilon_{0} R^{2}} \boldsymbol{e}_{\mathrm{r}}, \boldsymbol{B}^{\prime} = 0}",EX,"\text{N/C}, \text{None}",True,EN,Laws Application
242,Electromagnetism,Electrodynamics,Propagation and Radiation of Electromagnetic Waves,"Given that a waveguide consists of two coaxial ideal cylinders, and radiation propagates between them. Does this mode have a cutoff frequency? Calculate the propagation speed of this mode.","In the expression $k=\frac{\omega}{c}$, $k$ is always a real number, hence the TEM wave does not have a cutoff frequency, and the propagation speed of the wave is the speed of light $c$.","\boxed{No, c}","TF, EX","\text{None}, \text{None}",True,EN,Knowledge Recall
247,Electromagnetism,Electrodynamics,Interaction of Electromagnetic Fields with Matter,"In the classical dispersion theory of light propagation in a medium, it is assumed that light waves interact with electrons in atoms bound by a simple harmonic potential. In the simplest case, the medium is considered to consist of electrons with the same resonance frequency $\omega_{0}$, containing $N$ electrons per unit volume. Derive the expressions for the atomic polarizability, dielectric constant, and refractive index of the medium as functions of $\omega$. What occurs when $\omega \sim \omega_{0}, \omega > \omega_{0}$? When the refractive index is less than 1, the phase velocity of the light wave exceeds the speed of light in vacuum. Does this violate the principles of relativity?","The polarization vector of an atom is given by

$$
P = -e x = -\frac{e^{2} E_{0}}{m\left(\omega^{2} - \omega_{0}^{2}\right)}
$$

Thus, the atomic polarizability is

$$
\alpha = \frac{P}{E_{0}} = -\frac{e^{2}}{m\left(\omega^{2} - \omega_{0}^{2}\right)} = \frac{e^{2}}{m\left(\omega_{0}^{2} - \omega^{2}\right)}
$$

The polarization intensity of the medium is

$$
P = N P = -\frac{N e^{2} E_{0}}{m\left(\omega^{2} - \omega_{0}^{2}\right)}
$$

The displacement vector is

$$
D = \varepsilon E_{0} = \varepsilon_{0} E_{0} + P
$$

Therefore, the dielectric constant is

$$
\varepsilon = \varepsilon_{0} + \frac{N e^{2}}{m\left(\omega_{0}^{2} - \omega^{2}\right)}
$$

Assuming the magnetic permeability of the medium $\mu = \mu_{0}$, the refractive index is

$$
n = c \sqrt{\varepsilon \mu_{0}} = \sqrt{\frac{\varepsilon}{\varepsilon_{0}}}
$$

Let

$$
\omega_{\mathrm{pe}}^{2} = \frac{N e^{2}}{\varepsilon_{0} m}
$$

Thus,

$$
n = \left(1 + \frac{\omega_{\mathrm{pe}}^{2}}{\omega_{0}^{2} - \omega^{2}}\right)^{\frac{1}{2}}
$$

When $\omega < \omega_{0}$, both $\varepsilon$ and $n$ become very large, and the phase velocity of light waves in the medium $v_{\mathrm{p}} = \frac{c}{n} \ll c$, indicating significant dispersion phenomena.\\
When $\omega > \omega_{0}$, $n$ becomes an imaginary number, and the amplitude of the light wave attenuates exponentially within the medium, so the light waves cannot propagate, and the medium's surface totally reflects the light wave.

When $\omega^{2} > \omega_{0}^{2} + \omega_{\mathrm{pe}}^{2}$, $n < 1$, and the phase velocity $v_{\mathrm{p}} = \frac{c}{n} > c$. However, this does not violate the principles of special relativity because the phase velocity merely represents the speed of the phase propagation, not the actual speed of energy propagation. The propagation speed of the electromagnetic wave signal is the group velocity, which equals

$$
v_{\mathrm{g}} = \frac{\mathrm{d} \omega}{\mathrm{d} k}
$$

Since the wave number $k = \frac{\omega}{c} n$, when $n < 1$, evidently $v_{\mathrm{g}} < c$.",\boxed{No},TF,,False,EN,Math Derivation
249,Electromagnetism,Electrodynamics,Propagation and Radiation of Electromagnetic Waves,"A transmission line is composed of two conductors with arbitrary cross-sectional shapes that are parallel to each other. Current flows into one conductor and out through the other. The conductors are located in an insulating medium with a dielectric constant $\varepsilon$ and permeability $\mu$. (c) Under what conditions can the voltage between the two conductors be defined? (Note: To define the voltage, all points on the plane where $z =$ constant on each conductor must be equipotential, and the same requirement applies to the other conductor.)","(c) The required condition is $\lambda \gg l$, where $l$ is the linear dimension of the cross-section of the conductor.","\boxed{(\lambda, l)}",IN,,False,EN,Laws Application
250,Electromagnetism,Electrodynamics,Propagation and Radiation of Electromagnetic Waves,"a) Write down Maxwell's equations in a non-conductive medium. Given that the permittivity and permeability of the medium are constants, and $\rho = \boldsymbol{j} = 0$. Prove that $\boldsymbol{E}$ and $\boldsymbol{B}$ satisfy the wave equation, find the expression for the wave speed, and write out the plane wave solutions for $\boldsymbol{E}$ and $\boldsymbol{B}$, as well as the relation between $\boldsymbol{E}$ and $\boldsymbol{B}$.","(a) Maxwell's equations in a non-conductive medium are

$$
\begin{aligned}
& \nabla \times \boldsymbol{E} = -\frac{\partial \boldsymbol{B}}{\partial t}, \\
& \nabla \times \boldsymbol{H} = \frac{\partial \boldsymbol{D}}{\partial t}, \\
& \nabla \cdot \boldsymbol{D} = 0, \quad \nabla \cdot \boldsymbol{B} = 0.
\end{aligned}
$$

Where $\boldsymbol{D} = \varepsilon \boldsymbol{E}, \boldsymbol{B} = \mu \boldsymbol{H}$. Here, $\varepsilon$ and $\mu$ are constants. From

$$
\nabla \times (\nabla \times \boldsymbol{E}) = \nabla (\nabla \cdot \boldsymbol{E}) - \nabla^{2} \boldsymbol{E} = -\nabla^{2} \boldsymbol{E}
$$

and

$$
\frac{\partial}{\partial t}(\nabla \times \boldsymbol{B}) = \mu \varepsilon \frac{\partial^{2} \boldsymbol{E}}{\partial t^{2}}
$$

we can derive

$$
\nabla^{2} \boldsymbol{E} - \mu \varepsilon \frac{\partial^{2} \boldsymbol{E}}{\partial t^{2}} = 0
$$

which shows that both $\boldsymbol{E}$ and $\boldsymbol{B}$ satisfy the wave equation. From the equation, the wave speed is derived as

$$
v = \frac{1}{\sqrt{\varepsilon \mu}}
$$

For a plane electromagnetic wave propagating with a certain frequency, the solutions are

$$
\boldsymbol{E}(\boldsymbol{x}, t) = \boldsymbol{E}_{0} e^{i(\boldsymbol{k} \cdot \boldsymbol{x} - \omega t)}, \quad \boldsymbol{B}(\boldsymbol{x}, t) = \boldsymbol{B}_{0} e^{i(\boldsymbol{k} \cdot \boldsymbol{x} - \omega t)}
$$

The wave vector $\boldsymbol{k}$ and amplitudes $\boldsymbol{E}_{0}$, $\boldsymbol{B}_{0}$ form a mutually perpendicular right-handed system. Moreover,

$$
v = \frac{\omega}{|\boldsymbol{k}|}
$$

The relation between $\boldsymbol{E}$ and $\boldsymbol{B}$ is

$$
\boldsymbol{B} = \sqrt{\mu \varepsilon} \frac{\boldsymbol{k}}{|\boldsymbol{k}|} \times \boldsymbol{E}
$$",\boxed{v = \frac{1}{\sqrt{\varepsilon \mu}}},EX,,False,EN,Math Derivation
251,Electromagnetism,Electrodynamics,Relativistic Electrodynamics,"At $20^{\circ} \mathrm{C}$ and one atmosphere, the refractive index of hydrogen is $n=1+1.35 \times 10^{-4}$. What is the minimum kinetic energy required for an electron (with a mass of $0.5 \ \mathrm{MeV} / \mathrm{c}^{2}$) to produce Cherenkov radiation while traveling through hydrogen medium at $20^{\circ} \mathrm{C}$ and one atmosphere?","The condition for Cherenkov radiation is $v > \frac{c}{n}$. The minimum speed of the particle to produce Cherenkov radiation is $v=\frac{c}{n}$, hence $\beta=\frac{1}{n}$.

The kinetic energy of the particle is given by

\[
T = \gamma m_{0} c^{2} - m_{0} c^{2}
\]

where

\[
\gamma = \frac{1}{\sqrt{1-\beta^{2}}} = \left(1-\frac{1}{n^{2}}\right)^{-\frac{1}{2}} \tag{2}
\]

Substituting the given values, we have

\[
\begin{aligned}
T & = \left\{\left[1-\frac{1}{\left(1+1.35 \times 10^{-4}\right)^{2}}\right]^{-\frac{1}{2}}-1\right\} \times 0.5 \\
& \approx 29.93 \ (\mathrm{MeV})
\end{aligned}
\]",\boxed{29.93},NV,\mathrm{MeV},False,EN,Laws Application
252,Electromagnetism,Electrodynamics,Relativistic Electrodynamics,"In the rest frame $\Sigma$ of an ideal conducting sphere moving forward with a velocity $v = v \mathbf{e}_{x} (v \ll c)$, calculate the induced surface charge distribution $\sigma$ on the surface of the sphere within a uniform magnetic field $\mathbf{B} = B \mathbf{e}_{y}$. Reference the surface charge density $\sigma^{\prime}$ of the reference frame $\Sigma^{\prime}$ which moves relative to the conducting sphere and perform a coordinate transformation.","When returning to the frame $\Sigma$, since there is only relative motion in the $x$ direction between the frames $\Sigma$ and $\Sigma^{\prime}$, the angle $\theta$ is the same in both frames, thus we have

$$
\sigma = \gamma \sigma^{\prime} \approx \sigma^{\prime} = 3 \varepsilon_{0} v B \cos \theta
$$

$$
<image 1>
$$",\boxed{3 \varepsilon_{0} v B \cos \theta},NV,,False,EN,Practical Application
254,Electromagnetism,Electrodynamics,Propagation and Radiation of Electromagnetic Waves,A transmission line consists of two conductors with arbitrary cross-sectional shapes that are parallel to each other. The current flows into one conductor and out from the other. The conductors are in an insulating medium with a permittivity of $\varepsilon$ and a permeability of $\mu$. (b) Find the propagation speed of the wave.,"(b) Clearly, the propagation speed of the wave is $v=\frac{1}{\sqrt{\varepsilon \mu}}$.",\boxed{\frac{1}{\sqrt{\varepsilon \mu}}},EX,,False,EN,Knowledge Recall
257,Electromagnetism,Electrodynamics,Propagation and Radiation of Electromagnetic Waves,"Assume there are two electric dipole moments oscillating at the same frequency $\omega$, with a phase difference of $\frac{\pi}{2}$. The amplitude of both electric dipole moments is $p_{0}$, and the angle between their directions is $\phi_{0}$. If the distance between the two oscillators is much smaller than the wavelength, find the expressions for the electric dipole moments $\boldsymbol{p}_{1}$ and $\boldsymbol{p}_{2}$.","As indicated in Figure 5.9, let both oscillators rotate in the $xy$ plane about the $z$ axis. The two electric dipole moments can be expressed in exponential form as

$$
\begin{aligned}
& \quad \boldsymbol{p}_{1}= p_{0} e^{-\mathrm{i} \omega t} \boldsymbol{i}, \\
& \boldsymbol{p}_{2}=\mathrm{i} p_{0}(\cos \phi_{0} \, \boldsymbol{i}+\sin \phi_{0} \, \boldsymbol{j}) e^{-\mathrm{i} \omega t}.
\end{aligned}
$$","\boxed{\boldsymbol{p}_{1}= p_{0} e^{-\mathrm{i} \omega t} \boldsymbol{i}, \boldsymbol{p}_{2}=\mathrm{i} p_{0}(\cos \phi_{0} \, \boldsymbol{i}+\sin \phi_{0} \, \boldsymbol{j}) e^{-\mathrm{i} \omega t}}",EQ,"None, None",True,EN,Practical Application
258,Electromagnetism,Electrodynamics,Relativistic Electrodynamics,"Given a steady magnetic field in the Cartesian coordinate system as $\boldsymbol{B} = B_{0}(x \hat{x} - y \hat{y}) / a$, calculate the magnetic flux between the origin and a line of magnetic force at a minimum distance of $R$ from the origin, for a unit length $L=1$ in the $z$ direction.","(c) To calculate the magnetic flux $\phi_{\mathrm{B}}$, it is most convenient to take a rectangular area with a height of $z=1$ and a length of $R$, where the long edge is taken along the diagonal of the first quadrant (i.e., $x = y$). Therefore, the normal unit vector to this rectangle is

$$
n = \frac{1}{\sqrt{2}}(\hat{x} - \hat{y})
$$

and

$$
B = \frac{B_{0}}{a}(x \hat{x} - y \hat{y}) = \frac{B_{0}}{a} x(\hat{x} - \hat{y})
$$

Since $y = x$, the differential area $\mathrm{d} \sigma = \sqrt{2} \mathrm{d} x$, thus

$$
\phi_{B} = \int B(x, y) \cdot n \mathrm{~d} \sigma = \frac{2 B_{0}}{a} \int_{0}^{\frac{R}{\sqrt{2}}} x \mathrm{~d} x = \frac{B_{0} R^{2}}{2 a}
$$",\boxed{\frac{B_{0} R^{2}}{2 a}},NV,,False,EN,Practical Application
263,Electromagnetism,Electrodynamics,Propagation and Radiation of Electromagnetic Waves,"Some isotropic dielectrics become birefringent when placed in a static external magnetic field. Such magnetically affected media are called chiral media, and they are characterized by the dielectric constant $\varepsilon$ and a constant ""gyrotropic vector"" $g$. Generally, $g$ is proportional to the static electric field applied to the dielectric. Consider a monochromatic plane wave

$$
\left\{\begin{array}{l}
\boldsymbol{E}(x, t) \\
\boldsymbol{B}(x, t)
\end{array}\right\}=\left\{\begin{array}{l}
\boldsymbol{E}_{0} \\
\boldsymbol{B}_{0}
\end{array}\right\} \mathrm{e}^{\mathrm{i}(\hat{\boldsymbol{k}} \cdot \vec{\boldsymbol{r}}-\omega t)}
$$

passing through a chiral medium. $\omega$ is the angular frequency of the wave, $\hat{\boldsymbol{k}}$ is the direction of wave propagation, and $\boldsymbol{E}_{0}, \boldsymbol{B}_{0}$ and $k$ are specified constants. For non-conductive $(\sigma=0)$ and non-magnetic $(\mu_{\mathrm{r}}=1)$ chiral media, the relationship between the electric displacement vector $\boldsymbol{D}$ and the electric field $\boldsymbol{E}$ is given by

$$
\boldsymbol{D}=\varepsilon \boldsymbol{E}+\mathrm{i}(\boldsymbol{E} \times \boldsymbol{g})
$$

where the dielectric constant $\varepsilon$ is a positive real number, and the gyrotropic vector $g$ is a constant real vector. Assume the plane wave propagates along $g$, and $g$ points along the $z$-axis

$$
\boldsymbol{g}=g \boldsymbol{e}_{z}, \quad \hat{\boldsymbol{k}}=\boldsymbol{e}_{z}
$$

(1) Starting from Maxwell's equations, determine the possible values of the refractive index $N \equiv k c / \omega$. Express it in terms of $\varepsilon$ and $g$.","Maxwell's equations are

$$
\begin{aligned}
& \nabla \cdot \boldsymbol{D}=0, \quad \nabla \cdot \boldsymbol{B}=0 \\
& \nabla \times \boldsymbol{E}=-\frac{\partial \boldsymbol{B}}{\partial t}, \quad \nabla \times \boldsymbol{B}=\mu_{0} \frac{\partial \boldsymbol{D}}{\partial t} \\
& \boldsymbol{k} \cdot \boldsymbol{D}=\boldsymbol{k} \cdot \boldsymbol{B}=0 \\
& \boldsymbol{k} \times \boldsymbol{B}=-\omega \boldsymbol{D}, \quad \boldsymbol{k} \times \boldsymbol{E}=\omega \boldsymbol{B}
\end{aligned}
$$

Thus,

$$
\boldsymbol{k} \times(\boldsymbol{k} \times \boldsymbol{E})=\boldsymbol{k}(\boldsymbol{k} \cdot \boldsymbol{E})-\boldsymbol{k}^{2} \boldsymbol{E}=-\mu_{0} \omega^{2} \boldsymbol{D}
$$

leads to

$$
\left(k^{2}-\frac{\omega^{2}}{v^{2}}\right) \boldsymbol{E}-\boldsymbol{k}(\boldsymbol{k} \cdot \boldsymbol{E})-\mathrm{i} \mu_{0} \omega^{2}(\boldsymbol{E} \times \boldsymbol{g})=0
$$

Written in component equations:

\begin{align*}
& \left(k^{2}-\frac{\omega^{2}}{v^{2}}\right) E_{x}-\mathrm{i} \mu_{0} \omega^{2} g E_{y}=0 \tag{1} \\
& \mathrm{i} \mu_{0} \omega^{2} g E_{x}+\left(k^{2}-\frac{\omega^{2}}{v^{2}}\right) E_{y}=0 \tag{2}
\end{align*}

where $v=\frac{1}{\sqrt{\mu_{0} \varepsilon}}$.

\begin{equation*}
\varepsilon E_{z}=0 \tag{3}
\end{equation*}

From equation (3), we know $E_{z}=0$, hence it is a transverse wave.\\
From equations (1) and (2), the condition for non-zero solutions requires that

$$
\operatorname{det}\begin{vmatrix}
k^{2}-\frac{\omega^{2}}{v^{2}} & -\mathrm{i} \mu_{0} \omega^{2} g \\
\mathrm{i} \mu_{0} \omega^{2} g & k^{2}-\frac{\omega^{2}}{v^{2}}
\end{vmatrix}=0
$$

This yields the following dispersion relation

$$
k^{2}=\frac{\omega^{2}}{v^{2}} \pm \mu_{0} \omega^{2} g
$$

Therefore, the refractive index has two possible values:

$$
N_{1}=\frac{c k_{+}}{\omega}=\sqrt{\frac{\varepsilon}{\varepsilon_{0}}+\frac{g}{\varepsilon_{0}}}, \quad N_{2}=\frac{c k_{-}}{\omega}=\sqrt{\frac{\varepsilon}{\varepsilon_{0}}-\frac{g}{\varepsilon_{0}}}
$$","\boxed{N_{1} = \sqrt{\frac{\varepsilon}{\varepsilon_{0}}+\frac{g}{\varepsilon_{0}}}, N_{2} = \sqrt{\frac{\varepsilon}{\varepsilon_{0}}-\frac{g}{\varepsilon_{0}}}}",EX,"None, None",True,EN,Math Derivation
266,Electromagnetism,Electrodynamics,Propagation and Radiation of Electromagnetic Waves,"Consider the following form of electromagnetic wave in free space

$$
\begin{aligned}
& \boldsymbol{E}(x, y, z, t) = \boldsymbol{E}_{0}(x, y) \mathrm{e}^{\mathrm{i} kz - \mathrm{i} \omega t}, \\
& \boldsymbol{B}(x, y, z, t) = \boldsymbol{B}_{0}(x, y) \mathrm{e}^{\mathrm{i} kz - \mathrm{i} \omega t}
\end{aligned}
$$

(b) What are the boundary conditions for $\boldsymbol{E}$ and $\boldsymbol{B}$ at the surface of a perfect conductor?","(b) At the surface of a perfect conductor, $E_{\parallel} = 0, B_{\perp} = 0$.","\boxed{E_{\parallel} = 0, B_{\perp} = 0}","EQ, EQ","None, None",True,EN,Laws Application
267,Electromagnetism,Electrodynamics,Propagation and Radiation of Electromagnetic Waves,"A small loop with a radius of \( a \) carries a current \( i = i_{0} \cos \omega t \). This loop is located in the \( xy \) plane.  
(d) Calculate the average total power radiated.","The average radiated power is

\[
\begin{aligned}
P & = \int \frac{\mathrm{d} P}{\mathrm{~d} \Omega} \mathrm{~d} \Omega = \frac{\mu_{0} \omega^{4} a^{4} i_{0}^{2}}{32 c^{3}} \cdot 2 \pi \int_{0}^{\pi} \sin^{3} \theta \mathrm{~d} \theta \\
& = \frac{\pi \mu_{0} \omega^{4} a^{4} i_{0}^{2}}{12 c^{3}}
\end{aligned}
\]",\(\boxed{\frac{\pi \mu_{0} \omega^{4} a^{4} i_{0}^{2}}{12 c^{3}}}\),NV,,False,EN,Math Derivation
269,Electromagnetism,Electrodynamics,Propagation and Radiation of Electromagnetic Waves,"In infinite space filled with an inhomogeneous medium, the susceptibility and conductivity are described by the following equations ($\chi_{\infty}, \lambda, \sigma_{\infty}$ are constants):

$$
\begin{aligned}
& \chi(z)= \begin{cases}0, & -\infty<z<0 \\ \chi_{\infty}\left(1-\mathrm{e}^{-\lambda z}\right), & 0<z<\infty\end{cases} \\
& \sigma(z)= \begin{cases}0, & -\infty<z \leqslant 0 \\ \sigma_{\infty}\left(1-\mathrm{e}^{-\lambda z}\right), & 0<z<\infty\end{cases}
\end{aligned}
$$

Let $\mu = 1$ in space; a $\mathbf{S}$ polarized plane wave (where $\boldsymbol{E}$ is perpendicular to the plane of incidence) is incident at an angle $\theta$ from the region $z<0$ to the region $z>0$. The wave vector is $k_{0},\left(k_{0} c=\omega\right)$

$$
\begin{aligned}
& \boldsymbol{E}_{y}(\boldsymbol{r}, t)=A \exp \left[\mathrm{i}\left(k_{0} \sin \theta \cdot x+k_{0} \cos \theta \cdot z-\omega t\right)\right] e_{y} \\
& \boldsymbol{E}_{y}^{\mathrm{R}}(\boldsymbol{r}, t)=R \exp \left[\mathrm{i}\left(k_{0} \sin \theta \cdot x-k_{0} \cos \theta \cdot z-\omega t\right)\right] e_{y} \\
& \boldsymbol{E}_{y}^{\mathrm{T}}(\boldsymbol{r}, t)=E(z) \exp \left[\mathrm{i}\left(k^{\prime} \sin \gamma \cdot x-\omega t\right)\right] e_{y}
\end{aligned}
$$

$A, R$ are the incident and reflected amplitudes, $E(z)$ is an unknown function. $\gamma$ is the angle between the normal to the surface at $z=0$ and $k^{\prime}$.

(c) Using Maxwell's equations and the following relation:

$$
D(r, t)=\varepsilon(r) E(r, t), \quad \varepsilon(r)=1+\chi(r)+\frac{\mathrm{i}}{\varepsilon_{0} \omega} \sigma(r)
$$

derive the equation satisfied by $\boldsymbol{E}_{y}^{\mathrm{T}}(\boldsymbol{r}, t)$.","(c) Since $\nabla \times \boldsymbol{E}=-\frac{\partial \boldsymbol{B}}{\partial t}, \nabla \times \boldsymbol{H}=\frac{\partial \boldsymbol{D}}{\partial t}$, we have:

$$
\begin{aligned}
\nabla \times(\nabla \times \boldsymbol{E}) & =-\frac{\partial}{\partial t}(\nabla \times \boldsymbol{B})=-\mu_{0} \frac{\partial}{\partial t}\left(\frac{\partial \boldsymbol{D}}{\partial t}\right) \\
& =\mu_{0} \frac{\partial^{2} \boldsymbol{D}}{\partial t^{2}}=-\mu_{0} \varepsilon \frac{\partial^{2} \boldsymbol{E}}{\partial t^{2}}
\end{aligned}
$$

Also, since:

$$
\begin{gathered}
\nabla \times(\nabla \times \boldsymbol{E})=\nabla(\nabla \cdot \boldsymbol{E})-\nabla^{2} \boldsymbol{E}=-\nabla^{2} \boldsymbol{E} \\
\frac{\partial^{2} \boldsymbol{E}}{\partial t^{2}}=-\omega^{2} \boldsymbol{E}
\end{gathered}
$$

we obtain:

$$
\nabla^{2} \boldsymbol{E}=-\frac{\varepsilon_{r}}{c^{2}} \omega^{2} \boldsymbol{E}
$$

Now, knowing $\boldsymbol{E}_{y}^{\mathrm{T}}(\boldsymbol{r}, t)=E(z) \exp \left[\mathrm{i}\left(k^{\prime} \sin \gamma \cdot x-\omega t\right)\right] e_{y}$, we derive:

$$
\left(\mathrm{i} k^{\prime} \sin \gamma\right)^{2} E(z)+E^{\prime \prime}(z)=-\frac{\omega^{2}}{c^{2}} \varepsilon_{r} E(z)
$$

That is:

$$
E^{\prime \prime}(z)+\left(\frac{\omega^{2}}{c^{2}} \varepsilon_{r}-k^{\prime 2} \sin ^{2} \gamma\right) E(z)=0, \quad E^{\prime \prime}(z)=\frac{\mathrm{d}^{2} E(z)}{\mathrm{d} z^{2}}
$$

Because:

$$
\begin{aligned}
\varepsilon_{r} & =1+\chi+\frac{\mathrm{i}}{\varepsilon_{0} \omega} \sigma \\
& =1+\chi_{\infty}\left(1-\mathrm{e}^{-\lambda z}\right)+\frac{\mathrm{i}}{\varepsilon_{0} \omega} \sigma_{\infty}\left(1-\mathrm{e}^{-\lambda z}\right)
\end{aligned}
$$

Thus:

$$
E^{\prime \prime}(z)+\frac{\omega^{2}}{c^{2}}\left[1+\chi_{\infty}\left(1-\mathrm{e}^{-\lambda z}\right)+\frac{\mathrm{i}}{\varepsilon_{0} \omega} \sigma_{\infty}\left(1-\mathrm{e}^{-\lambda z}\right)\right] E(z)-k^{\prime 2} \sin ^{2} \gamma E(z)=0
$$

Boundary conditions:

$$
E(0)=A+R, \quad E^{\prime}(0)=\mathrm{i}(A-R) k_{0} \cos \theta
$$",\boxed{E^{\prime \prime}(z)+\frac{\omega^{2}}{c^{2}}\left[1+\chi_{\infty}\left(1-\mathrm{e}^{-\lambda z}\right)+\frac{\mathrm{i}}{\varepsilon_{0} \omega} \sigma_{\infty}\left(1-\mathrm{e}^{-\lambda z}\right)\right] E(z)-k^{\prime 2} \sin ^{2} \gamma E(z)=0},EQ,,False,EN,Math Derivation
270,Electromagnetism,Electrodynamics,Interaction of Electromagnetic Fields with Matter,"A plane electromagnetic wave with a wavelength of $\lambda$ is incident on an insulating dielectric sphere. The radius of this dielectric sphere is $a$, and the dielectric constant is $\varepsilon$, with the condition that $a \ll \lambda$. It is known that the acceleration of the electric dipole $\boldsymbol{P}(t)$ formed by the polarized dielectric sphere is $\ddot{\boldsymbol{P}}(t) = -\frac{4 \pi \varepsilon_{0} (\varepsilon-\varepsilon_{0}) a^{3} E_{0} \omega^{2}}{\varepsilon+2 \varepsilon_{0}} e^{-i \omega t} \boldsymbol{e}_{z}$. Calculate the scattered electromagnetic field in the far field.","Therefore, the scattered field is (using the condition $a \ll \lambda$)

$$
\begin{aligned}
\boldsymbol{B} & =\frac{e^{i K R}}{4 \pi \varepsilon_{0} c^{3} R} \ddot{\boldsymbol{P}} \times \boldsymbol{e}_{R}=\frac{(\varepsilon-\varepsilon_{0}) a^{3} \omega^{2}}{(\varepsilon+2 \varepsilon_{0}) c^{2} R} E_{0} \sin \theta e^{i(K R-\omega t)} \boldsymbol{e}_{\varphi} \\
\boldsymbol{E} & =c \boldsymbol{B} \times \boldsymbol{n}=c \boldsymbol{B} \times \boldsymbol{e}_{R} \\
& =\frac{(\varepsilon-\varepsilon_{0}) a^{3} \omega^{2}}{(\varepsilon+2 \varepsilon_{0}) c^{2} R} \boldsymbol{E}_{0} \sin \theta e^{i(K R-\omega t)} \boldsymbol{e}_{\theta}
\end{aligned}
$$","\boxed{\boldsymbol{B} = \frac{(\varepsilon-\varepsilon_{0}) a^{3} \omega^{2}}{(\varepsilon+2 \varepsilon_{0}) c^{2} R} E_{0} \sin \theta e^{i(K R-\omega t)} \boldsymbol{e}_{\varphi}, \boldsymbol{E} = \frac{(\varepsilon-\varepsilon_{0}) a^{3} \omega^{2}}{(\varepsilon+2 \varepsilon_{0}) c^{2} R} \boldsymbol{E}_{0} \sin \theta e^{i(K R-\omega t)} \boldsymbol{e}_{\theta}}","EX, EX","\text{T}, \text{V/m}",True,EN,Math Derivation
271,Electromagnetism,Electrodynamics,Interaction of Electromagnetic Fields with Matter,"The intensity of the incident wave (i.e., the average energy density of the incident wave) is given by

$$
I_{0} = \bar{s}_{0} = \frac{\varepsilon_{0} c}{2} E_{0}^{2}
$$

and the intensity of the scattered wave is 

$$
I = \bar{s} = \frac{\varepsilon_{0} c}{2} E^{2}
$$

Derive 

$$
I = \frac{\omega^{2}}{\omega^{2}+\gamma^{2}} \cdot \frac{r_{\mathrm{e}}^{2}}{r^{2}} \sin^{2} \alpha I_{0}
$$","From the expression for the radiation field of an electron, we know

$$
E(x) = \frac{e^{2} \omega E_0 \sin \alpha}{4 \pi \varepsilon_{0} m c^2 (\omega^2 + \gamma^2) r}
$$

The intensity of the incident wave

$$
I_{0} = \frac{\varepsilon_{0} c}{2} E_{0}^{2}
$$

and the intensity of the scattered wave

$$
I = \frac{\varepsilon_{0} c}{2} E^{2}
$$

can be derived as

$$
I = \frac{\varepsilon_{0} c}{2} \left(\frac{e^{2} \omega E_0 \sin \alpha}{4 \pi \varepsilon_{0} m c^2 (\omega^2 + \gamma^2) r} \right)^2
$$

By introducing $r_{\mathrm{e}} = \frac{e^{2}}{4 \pi \varepsilon_{0} m c^{2}}$, we obtain

$$
I = \frac{\omega^{2}}{\omega^{2}+\gamma^{2}} \cdot \frac{r_{\mathrm{e}}^{2}}{r^{2}} \sin^{2} \alpha I_{0}
$$",\boxed{},EX,,False,EN,Math Derivation
273,Electromagnetism,Electrodynamics,Relativistic Electrodynamics,"For a high-energy charged particle, if its velocity in a medium is greater than the speed of electromagnetic waves in that medium, Cherenkov radiation will occur: derive the relationship between the particle's velocity \( v(=\beta c) \), the refractive index of the medium \( n \), and the angle \( \theta \) formed by the Cherenkov radiation relative to the particle's flight path.","As shown in Figure 6.16 of the problem, it is clear that

\[
R = \frac{c}{n} t
\]
\[
\cos \theta = \frac{R}{v t} = \frac{c}{n v} = \frac{1}{\beta n} \tag{1}
\]",\boxed{\cos \theta = \frac{1}{\beta n}},EQ,,False,EN,Math Derivation
276,Electromagnetism,Electrodynamics,Propagation and Radiation of Electromagnetic Waves,"A small circular loop of radius \( a \) carries a current \( i = i_{0} \cos \omega t \), and this loop is located in the \( xy \) plane.  
(a) Calculate the first non-zero multipole moment of the system.","For the current in a small circular loop, the first non-zero multipole is its magnetic dipole moment

\[
\boldsymbol{m} = \pi a^{2} i_{0} \cos \omega t \boldsymbol{e}_{z}
\]","\boxed{\pi a^{2} i_{0} \cos \omega t \, \boldsymbol{e}_{z}}",EX,,True,EN,Knowledge Recall
277,Electromagnetism,Electrodynamics,Relativistic Electrodynamics,"There is a point charge $e$ moving at a constant velocity $v$ along the $z$-axis. At time $t$, it is located at point $Q$ with coordinates $x=0, y=0, z=vt$. Determine the $x$ component of the electric field $E_{x}$ at time $t$ at point $P(x=b, y=0, z=0)$.","(c) The electric field formula from the Liénard-Wiechert potentials is

$$
\begin{aligned}
\boldsymbol{E}_{p}(t) &= -\nabla \phi - \frac{\partial \boldsymbol{A}}{\partial t} \\
&= \frac{e}{4 \pi \varepsilon_{0} \left( r - \frac{\boldsymbol{v} \cdot \boldsymbol{r}}{c} \right)^{3}} \left\{ \left( 1 - \beta^{2} \right) \left( \boldsymbol{r} - \frac{r \cdot \boldsymbol{v}}{c} \right) + \frac{\boldsymbol{r}}{c^{2}} \times \left[ \left( r - \frac{r \cdot \boldsymbol{v}}{c} \right) \times \dot{\boldsymbol{v}} \right] \right\}
\end{aligned}
$$

For this problem, $\dot{v} = 0$, substituting into equation (3) yields

$$
E_{p}(t) = \frac{\left( 1 - \beta^{2} \right) e}{4 \pi \varepsilon_{0} \left( r - \frac{v \cdot r}{c} \right)^{3}} \left( r - \frac{v}{c} \right)
$$

Its $x$ component is

$$
E_{x} = \frac{\left( 1 - \beta^{2} \right) e b}{4 \pi \varepsilon_{0} \left[ \left( 1 - \beta^{2} \right) b^{2} + v^{2} t^{2} \right]^{3 / 2}}
$$","\[
\boxed{\frac{\left( 1 - \beta^{2} \right) e b}{4 \pi \varepsilon_{0} \left[ \left( 1 - \beta^{2} \right) b^{2} + v^{2} t^{2} \right]^{3 / 2}}}
\]",EX,,False,EN,Math Derivation
278,Electromagnetism,Electrodynamics,Propagation and Radiation of Electromagnetic Waves,"Two point charges, each with charge $e$, are located at the ends of a line segment of length $2l$. The segment rotates with a constant angular velocity $\omega$ around an axis passing through its center and perpendicular to the line. Find the electric dipole moment.",The electric dipole moment $\mathbf{P} = e \mathbf{r}_1 + e \mathbf{r}_2 = 0$.,\boxed{0},NV,,False,EN,Knowledge Recall
279,Electromagnetism,Electrodynamics,Propagation and Radiation of Electromagnetic Waves,"$N$ atoms, each with a polarizability of $\alpha$, are placed along the $x$-axis, with a distance $a$ between adjacent atoms. The system is illuminated by plane-polarized light propagating in the $+x$ direction, with its electric vector polarized along the $z$-axis, i.e., $\boldsymbol{E}=\left(0,0, E_{0} \mathrm{e}^{\mathrm{i}(k x-\omega t)}\right)$. Calculate the radiation power in the $yz$ plane and determine the condition under which this power is equal to zero.","In the $yz$ plane, $\phi=90^{\circ}, \cos \phi=0$, the angular distribution of the radiation is given by:

$$
\frac{\mathrm{d} \bar{P}}{\mathrm{~d} \Omega} \propto \sin ^{2} \theta \cdot \frac{\sin ^{2}\left[\frac{1}{2} N k a\right]}{\sin ^{2}\left(\frac{1}{2} k a\right)}
$$

The pattern of the angular distribution is as shown in figure 5.23(b) of the problem statement.

$$
\sin \left(\frac{1}{2} N k a\right)=0, \quad \frac{\mathrm{~d} \bar{P}}{\mathrm{~d} \Omega}=0
$$

The condition for the radiation power in the $yz$ plane to be zero is:

$$
\frac{1}{2} N k a=n \pi, \quad n=0,1,2, \ldots
$$","\boxed{\frac{1}{2} N k a = n \pi, n = 0, 1, 2, \ldots}",EQ,,True,EN,Laws Application
281,Electromagnetism,Electrodynamics,Propagation and Radiation of Electromagnetic Waves,"A charged sphere undergoing radial oscillation. Which of the following options is correct?
(a) It emits electromagnetic radiation.",The answer is (a).,\boxed{a},MC,,False,EN,Laws Application
284,Electromagnetism,Electrodynamics,Propagation and Radiation of Electromagnetic Waves,A cylindrical conductor with electrical conductivity $\sigma$ and radius $a$ carries a uniform axial current density $J$. Calculate the magnitude and direction of the Poynting vector on the surface of the conductor.,"Establish a cylindrical coordinate system $(r, \theta, z)$ with the axis of the conductor as the $z$-axis (the current flows along the $+z$ direction). Inside the conductor, we have $\boldsymbol{J} = \sigma \boldsymbol{E}$, hence $\boldsymbol{E} = \frac{\boldsymbol{J}}{\sigma} = \frac{\boldsymbol{J}}{\sigma} \boldsymbol{e}_{z}$. Since the tangential component of $\boldsymbol{E}$ is continuous across the interface, the external side of the conductor surface (adjacent to the conductor) also has $\boldsymbol{E} = \frac{J}{\sigma} \boldsymbol{e}_{z}$. Using $\oint \boldsymbol{B} \cdot \mathrm{d}l = \mu_{0} I$, we can find the magnetic field at this location as $\boldsymbol{B} = \frac{\mu_{0} I}{2 \pi a} \boldsymbol{e}_{\theta} = \frac{\mu_{0} J \cdot \pi a^{2}}{2 \pi a} \boldsymbol{e}_{\theta} = \frac{\mu_{0} J a}{2} \boldsymbol{e}_{\theta}$. Therefore, the Poynting vector at the surface of the conductor is

$$
\boldsymbol{S} = \frac{1}{\mu_{0}} \boldsymbol{E} \times \boldsymbol{B} = \frac{J}{\sigma} \boldsymbol{e}_{z} \times \frac{J a}{2} \boldsymbol{e}_{\theta} = -\frac{J^{2} a}{2} \boldsymbol{e}_{r}
$$",\boxed{\frac{J^{2} a}{2}},NV,,False,EN,Practical Application
286,Electromagnetism,Electrodynamics,Propagation and Radiation of Electromagnetic Waves,The condition for a charge to emit radiation is: (c) being bound within an atom.,The answer is (b).,\boxed{b},MC,,False,EN,Knowledge Recall
293,Electromagnetism,Electrodynamics,Propagation and Radiation of Electromagnetic Waves,"A charged sphere oscillating radially. Which of the following options is correct?  
(b) Produces a static magnetic field.",The answer is (a).,\boxed{a},MC,,False,EN,Knowledge Recall
295,Electromagnetism,Electrodynamics,Relativistic Electrodynamics,"An electron is moving in an axially symmetric magnetic field. Assume that at the central plane where \(z=0\), the magnetic field has no radial component, i.e., \(\boldsymbol{B}(z=0) = B(r) e_{z}\). On the plane at \(z=0\), the electron moves in a circular orbit with a radius of \(R\).

Assume that the variation of the \(z\)-component of the magnetic field near \(r=R\) and \(z=0\) is given by \(B_{z}(r) = B_{0}(R)\left(\frac{R}{r}\right)^{n}\).

(c) Derive the equations of motion for an electron on a slightly deviated equilibrium orbit from the central plane. There are two equations: one for the vertical deviation of the electron and one for the horizontal deviation. Ignore coupling between radial and axial motions.","Assume the electron experiences a small perturbation in the radial direction such that

\[
r = R + r_{1}, \quad \omega = \omega_{0} + \omega_{1}
\]

where \(r_{1}, \omega_{1}\) are small first-order quantities. From

\[
F = m a = -e v \times B
\]

and

\[
\begin{aligned}
a &= \left(\ddot{r} - r \dot{\theta}^{2}\right) e_{r} + (r \ddot{\theta} + 2 \dot{r} \dot{\theta}) e_{\theta} \\
v \times B &= r \dot{\theta} B_{z} e_{r} - \dot{r} B_{z} e_{\theta}
\end{aligned}
\]

we obtain

\[
-e r \dot{\theta} B_{z} = m\left(\ddot{r} - r \dot{\theta}^{2}\right) \tag{3}
\]

\[
e r B_{z} = m(r \ddot{\theta} + 2 \dot{r} \dot{\theta}) \tag{4}
\]

Additionally, note that

\[
\dot{r} = \dot{r}_{1}, \quad \dot{\theta} = \omega_{0} + \omega_{1}, \quad \ddot{\theta} = \dot{\omega}_{1}
\]

When retaining only first-order terms from equation (4), we have

\[
e \dot{r}_{1} B_{z} = m R \dot{\omega}_{1} + 2 m \dot{r}_{1} \omega_{0}
\]

Since \(e B_{z} = m \omega_{0}\), it follows that \(R \dot{\omega}_{1} + \dot{r}_{1} \omega_{0} = 0\), i.e.,

\[
R \dot{\omega}_{1} + \dot{r}_{1} \omega_{0} = 0 \tag{5}
\]

From \(B_{z} = B_{z}(R) + B_{z}^{\prime}(R) r_{1}\) and \(e B_{z} = m \omega_{0}\), along with equation (3), we have

\[
-e R \omega_{0} B_{z}^{\prime}(R) r_{1} - e B_{z}\left(R \omega_{1} + r_{1} \omega_{0}\right) = m\left(\ddot{r}_{1} - 2 R \omega_{0} \omega_{1} - r_{1} \omega_{0}^{2}\right)
\]

Substituting equation (5) into this expression simplifies it to

\[
-e R \omega_{0} B_{z}^{\prime}(R) r_{1} = m \ddot{r}_{1} + m \omega_{0}^{2} r_{1}
\]

Since

\[
B_{z}^{\prime}(R) = B_{0}(R) n\left(\frac{R}{r}\right)^{n-1} \cdot\left(-\frac{R}{r^{2}}\right) = -\frac{n}{R} B_{z}(R)
\]

We obtain

\[
\ddot{r}_{1} + (1-n) \omega_{0}^{2} r_{1} = 0 \tag{6}
\]

Equation (6) is the radial motion equation.

To derive the axial motion equation, assume the electron has a vertical deviation \(z\), with \(F_{z} = m \ddot{z}\). Since \(B_{\mathrm{r}}\) is a small quantity, for \(F_{z}\), consider only the zeroth-order speed \(v = \omega_{0} R e_{\theta}\), thus \(F_{z} = -e(v \times B) \cdot e_{z} = e \omega_{0} R B_{\mathrm{r}}\), yielding

\[
m \ddot{z} = e \omega_{0} R B_{\mathrm{r}} \tag{7}
\]

To find \(B_{\mathrm{r}}\), consider a loop \(c\) on the plane \(x=0\)

\[
B_{z}(R) z + B_{\mathrm{r}}(z) \mathrm{d} r - B_{z}(R+\mathrm{d} r) z = 0
\]

Here \(z\) is a small first-order quantity, so

\[
\begin{aligned}
B_{\mathrm{r}}(z) &= \frac{B_{z}(R+\mathrm{d} r) - B_{z}(R)}{\mathrm{d} r} z \\
&= B_{z}^{\prime}(R) z
\end{aligned}
\]

And since \(B_{z}^{\prime}(R) = -\frac{n}{R} B_{z}(R)\), combining with equation (7) gives

\[
m \ddot{z} + m \omega_{0}^{2} n z = 0 \tag{8}
\]

Equation (8) is the axial motion equation.","\boxed{\ddot{r}_{1} + (1-n) \omega_{0}^{2} r_{1} = 0, \ddot{z} + \omega_{0}^{2} n z = 0}","EQ, EQ","None, None",True,EN,Math Derivation
296,Electromagnetism,Electrodynamics,Relativistic Electrodynamics,"A long pipeline filled with hydrogen gas at $20^{\circ} \mathrm{C}$ and one atmospheric pressure, along with an optical system, is used to construct a Cherenkov radiation detector. This detector measures emitted radiation at an angle $\theta$, with an angular accuracy of $\delta \theta = 10^{-3} \mathrm{rad}$. A charged particle with energy $100 \mathrm{GeV} / c$ passes through the detector. Since the momentum of the particle is known, measuring the Cherenkov angle is essentially a measurement of the particle's rest mass $m_{0}$. For particles where $m_{0}$ is close to $1 \mathrm{GeV} / c^{2}$, determine the relative error $\frac{\delta m_{0}}{m_{0}}$ of $m_{0}$ when using the Cherenkov detector, when accurate to first order in small quantities.","For relativistic particles in this problem, the ratio

\[
\frac{m_{0} c^{2}}{P c} \approx \frac{1}{100}
\]

Therefore,

\[
\gamma = \frac{E}{m_{0} c^{2}} = \frac{\sqrt{P^{2} c^{2} + m_{0}^{2} c^{4}}}{m_{0} c^{2}} \approx \frac{P}{m_{0} c} \tag{3}
\]

Taking $m_{0}$ and $\gamma$ as variables, differentiate equation (3), resulting in

\[
\mathrm{d} \gamma = -\frac{P}{c} \cdot \frac{\mathrm{d} m_{0}}{m_{0}^{2}} \tag{4}
\]

For high-speed particles, approximating $1 + \beta \approx 2$, gives from equation (2)

\[
\beta \approx 1 - \frac{1}{2 \gamma^{2}}
\]

Differentiating both sides yields

\[
\mathrm{d} \beta = \frac{\mathrm{d} \gamma}{\gamma^{3}} \tag{5}
\]

Differentiating equation (1) yields

\[
\mathrm{d} \beta = n \beta^{2} \sin \theta \mathrm{d} \theta \tag{6}
\]

Combining equations (4) and (6), we have

\[
\left|\frac{\mathrm{d} m_{0}}{m_{0}}\right| = n \beta^{2} \gamma^{2} \sin \theta \mathrm{d} \theta
\]

Substituting into equation (1), we get

\[
\left|\frac{\mathrm{d} m_{0}}{m_{0}}\right| = \beta \gamma^{2} \tan \theta \mathrm{d} \theta \tag{7}
\]

For this problem $n = 1 + 1.35 \times 10^{-4}, \gamma \approx \frac{100}{1}=100$, thus

\[
\beta \approx 1 - \frac{1}{2 \times 10^{4}}
\]

And from equation (1)

\[
\cos \theta \approx 1 - \frac{\theta^{2}}{2} = \frac{1}{\beta n} \approx 0.9999
\]

Solving gives

\[
\theta \approx 0.13 \ (\mathrm{rad})
\]

Since $\theta$ is very small, approximating $\tan \theta \sim \theta$, the final result is

\[
\left|\frac{\mathrm{d} m_{0}}{m_{0}}\right| \approx \left(1 - \frac{1}{2 \times 10^{4}}\right) \times 10^{4} \times 0.13 \times 10^{-3} \approx 0.13
\]",\boxed{0.13},NV,,False,EN,Math Derivation
299,Electromagnetism,Electrodynamics,Propagation and Radiation of Electromagnetic Waves,The condition for a charge to emit radiation is: (a) Regardless of how it moves.,The answer is (b).,\boxed{b},MC,,False,EN,Knowledge Recall
302,Electromagnetism,Electrodynamics,Relativistic Electrodynamics,"A point charge $e$ moves at a constant speed $v$ along the $z$-axis. At time $t$, it is at point $Q$ with coordinates $x=0, y=0, z=vt$. Find the scalar potential $\phi$ at time $t$ at point $P(x=b, y=0, z=0)$.","(a) According to the Liénard-Wiechert potential formula, we have

\[
\phi_{p} = \frac{e}{4 \pi \varepsilon_{0} \left( r - \frac{v}{c} \cdot r \right)}
\]

where $r = b e_{x} - v \left( t - \frac{r}{c} \right) e_{z} = b e_{x} - v t' e_{z}, t' = t - \frac{r}{c}$.

$$
\begin{aligned}
r^{2} &= b^{2} + v^{2} \left( t - \frac{r}{c} \right)^{2} = b^{2} + v^{2} \left( t^{2} - \frac{2 r t}{c} + \frac{r^{2}}{c^{2}} \right) \\
\left( 1 - \frac{v^{2}}{c^{2}} \right) r^{2} + 2 \cdot \frac{v^{2} t}{c} r - b^{2} - v^{2} t^{2} &= 0
\end{aligned}
$$

From this, $r$ can be solved precisely. The result is

\[
r = \frac{-\beta v t + \sqrt{b^{2} \left( 1 - \beta^{2} \right) + v^{2} t^{2}}}{1 - \beta^{2}}, \quad \beta = \frac{v}{c}
\]

Thus, we obtain

\[
r - \frac{v \cdot r}{c} = r + \beta \left( t - \frac{r}{c} \right) = \left( 1 - \beta^{2} \right) r + \beta t = \sqrt{\left( 1 - \beta^{2} \right) b^{2} + v^{2} t^{2}}
\]

Therefore,

\[
\phi_{p}(t) = \frac{e}{4 \pi \varepsilon_{0} \sqrt{\left( 1 - \beta^{2} \right) b^{2} + v^{2} t^{2}}}
\]","\[
\boxed{\frac{e}{4 \pi \varepsilon_{0} \sqrt{\left( 1 - \beta^{2} \right) b^{2} + v^{2} t^{2}}}}
\]",EX,,False,EN,Math Derivation
306,Electromagnetism,Electrodynamics,Relativistic Electrodynamics,"A particle with mass \(m\) and charge \(e\) is accelerated for a time \(t\) by a uniform electric field \(E\), causing its speed to become comparable to the speed of light. What is the speed of the particle at this time?","From

\[
eEt = \frac{mv}{\sqrt{1-\frac{v^{2}}{c^{2}}}}
\]

we find the speed of the particle to be

\[
v = \frac{eEct}{\sqrt{(eEt)^{2}+m^{2}c^{2}}}
\]","\[
\boxed{v = \frac{eEct}{\sqrt{(eEt)^{2}+m^{2}c^{2}}}}
\]",EQ,,False,EN,Math Derivation
311,Electromagnetism,Electrodynamics,Propagation and Radiation of Electromagnetic Waves,An electromagnetic wave with angular frequency \(\omega\) passes through a medium with a free electron density of \(n_{e}\). Derive the necessary and sufficient condition for the electromagnetic wave to propagate through an infinite medium based on the differential equations governing electromagnetic waves in the medium.,"From equations (3) and (5), we derive

\[
k^{2} c^{2} = \omega^{2} - \omega_{\mathrm{P}}^{2} \tag{6}
\]

From equation (6), the necessary and sufficient condition for the electromagnetic wave to propagate through this infinite medium is \(\omega^{2} > \omega_{\mathrm{P}}^{2}\), which implies

\[
n_{e} < \frac{\varepsilon_{0} m_{e} \omega^{2}}{e^{2}} \tag{7}
\]",\boxed{n_{e} < \frac{\varepsilon_{0} m_{e} \omega^{2}}{e^{2}}},IN,,False,EN,Math Derivation
313,Electromagnetism,Electrodynamics,Relativistic Electrodynamics,"Find the velocity of a particle with a rest mass of $m$ and a charge of $q$ after passing through a potential difference $V$. Assume the initial velocity of the particle is zero, and derive the formula for the particle's velocity after passing through the potential difference.","The energy gained by a charged particle $q$ after passing through a potential difference $V$ is completely converted into its kinetic energy

\[
qV = T = E - mc^{2} = mc^{2} \left( \frac{1}{\sqrt{1-\frac{v^{2}}{c^{2}}}} - 1 \right)
\]

From this, we can obtain the formula for the particle's velocity:

\[
v = c \sqrt{1 - \frac{1}{\left(1 + \frac{qV}{mc^{2}}\right)^{2}}} = \sqrt{\frac{2qV}{m} \cdot \frac{1 + \frac{qV}{2mc^{2}}}{\left(1 + \frac{qV}{mc^{2}}\right)^{2}}}
\]",\boxed{v = c \sqrt{1 - \frac{1}{\left(1 + \frac{qV}{mc^{2}}\right)^{2}}}},EQ,,False,EN,Math Derivation
315,Electromagnetism,Electrodynamics,Relativistic Electrodynamics,An electron moves in a one-dimensional harmonic oscillator potential well with $\omega = 10^{5} \mathrm{rad/s}$ and amplitude $x_{0} = 10^{-8} \mathrm{~cm}$. Calculate the energy radiated per cycle.,"Considering radiation damping, the equation of motion for the electron is

$$
m \ddot{x} = -k x + \frac{e^{2}}{6 \pi \varepsilon_{0} c^{3}} \dddot{x}
$$

or it can be written as

$$
\ddot{x} = -\omega_{0}^{2} x + \frac{e^{2}}{6 \pi \varepsilon_{0} m c^{3}} \dddot{x}, \quad \omega_{0}^{2} = \frac{k}{m}
$$

As a zeroth-order approximation, first ignore the radiation damping term, so $\ddot{x} + \omega_{0}^{2} x = 0$, solving gives $x = x_{0} e^{-\mathrm{i} \omega t}$, approximately, $\dddot{x} \approx -\omega_{0}^{2} \dot{x}$, thus

$$
\ddot{x} = -\omega_{0}^{2} x + \frac{e^{2} \omega_{0}^{2}}{6 \pi \varepsilon_{0} m c^{3}} \dot{x}
$$

which can be solved to give

$$
x = x_{0} e^{-\frac{e^{2} \omega_{0}^{2}}{12 \pi \varepsilon_{0} c^{3}} t} e^{-\mathrm{i} \omega_{0} t}
$$

Since $e^{-\frac{e^{2} \omega_{0}^{2}}{12 \pi \varepsilon_{0} c^{3}} t}$ remains almost unchanged over one period, we have $\dot{x} \approx -i \omega_{0} x$.

The average mechanical energy is

$$
\bar{W} = \frac{1}{2} m \dot{x}^{2} + \frac{1}{2} k x^{2} = \frac{1}{2} m \omega_{0}^{2} x_{0}^{2} e^{-\frac{e^{2} \omega_{0}^{2}}{12 \pi \varepsilon_{0} c^{3}} t} = W_{0} e^{-\frac{e^{2} \omega_{0}^{2}}{12 \pi \varepsilon_{0} c^{3}} t}
$$

The energy lost over one period is

$$
\Delta \bar{W} = -\frac{\mathrm{d} \bar{W}}{\mathrm{d} t} \cdot T = \frac{e^{2} \omega_{0}^{2}}{12 \pi \varepsilon_{0} c^{3}} W_{0} e^{-\frac{e^{2} \omega_{0}^{2}}{12 \pi \varepsilon_{0} c^{3}} t} \frac{2 \pi}{\omega_{0}}
$$

For the first few cycles, it can be assumed that $e^{-\frac{e^{2} \omega_{0}^{2}}{6 \pi \varepsilon_{0} c^{3}} t}$ remains basically unchanged, hence

$$
\Delta \bar{W} \approx \frac{e^{2} \omega_{0}^{2}}{12 \pi \varepsilon_{0} m c^{3}} \cdot \frac{1}{2} m \omega_{0}^{2} x_{0}^{2} \frac{2 \pi}{\omega_{0}} = e^{2} \frac{\omega_{0}^{3} x_{0}^{2}}{12 \varepsilon_{0} c^{3}} \approx 1.1 \times 10^{-9} \, \mathrm{eV}
$$",\boxed{1.1 \times 10^{-9}},NV,,False,EN,Laws Application
316,Electromagnetism,Electrodynamics,Relativistic Electrodynamics,"In the reference frame $\Sigma$, the electric field and magnetic field are perpendicular to each other. The reference frame $\Sigma^{\prime}$ is moving in the direction of $\boldsymbol{E} \times \boldsymbol{B}$. What velocity relative to $\Sigma$ must $\Sigma^{\prime}$ have to only have a magnetic field?","Similarly, to make $\boldsymbol{B}^{\prime} = 0$, from

\begin{equation*}
\boldsymbol{B}^{\prime} = \gamma\left(\boldsymbol{B} - \frac{\boldsymbol{v}}{c^{2}} \times \boldsymbol{E}\right)
\end{equation*}

we know that the requirement is

\begin{equation*}
\boldsymbol{B} = \frac{\boldsymbol{v}}{c^{2}} \times \boldsymbol{E}
\end{equation*}

Furthermore, from

\begin{equation*}
\boldsymbol{E} \times \boldsymbol{B} = \frac{1}{c^{2}} \boldsymbol{E} \times (\boldsymbol{v} \times \boldsymbol{E}) = \frac{E^{2}}{c^{2}} \boldsymbol{v}
\end{equation*}

it can be seen that by choosing $\boldsymbol{v} = \frac{c^{2}}{E^{2}} \boldsymbol{E} \times \boldsymbol{B}$, we can make $\boldsymbol{B}^{\prime} = 0$. The electric field is then

\begin{equation*}
\boldsymbol{E}^{\prime} = \gamma(\boldsymbol{E} + \boldsymbol{v} \times \boldsymbol{B}) = \gamma\left(1 - \frac{c^{2} B^{2}}{E^{2}}\right) \boldsymbol{E} = \frac{\boldsymbol{E}}{\gamma} \neq 0
\end{equation*}

Additionally,

\begin{equation*}
\frac{1}{\gamma^{2}} = 1 - \frac{v^{2}}{c^{2}} = 1 - \frac{c^{2} B^{2}}{E^{2}}>0
\end{equation*}

To summarize, when $E^{2} > c^{2} B^{2}$ and $\boldsymbol{v} = \frac{c^{2}}{E^{2}}(\boldsymbol{E} \times \boldsymbol{B})$ is chosen, $\boldsymbol{B}^{\prime} = 0$ and $\boldsymbol{E}^{\prime} \neq 0$.",\boxed{\boldsymbol{v} = \frac{c^{2}}{E^{2}}(\boldsymbol{E} \times \boldsymbol{B})},EQ,,False,EN,Laws Application
318,Electromagnetism,Electrodynamics,Relativistic Electrodynamics,"In a Cartesian coordinate system, a steady magnetic field is given by $\boldsymbol{B}=B_{0}(x \hat{x}-y \hat{y}) / a$. An observer is moving past the point $(x, y)$ with a non-relativistic velocity $v = v \hat{z}$. What electric potential will this observer measure for this position relative to the origin?","(a) For the observer

$$
E^{\prime} = E + v \times B
$$

Here, $\boldsymbol{E} = 0, v = V \hat{z}, \boldsymbol{B} = \frac{B_{0}}{a}(x \hat{x} - y \hat{y})$, hence

$$
E^{\prime} = V \hat{z} \times \left[\frac{B_{0}}{a}(x \hat{x} - y \hat{y})\right] = \frac{B_{0}}{a} v (x \hat{y} + y \hat{x})
$$

Thus, the potential $\phi(x, y)$ of the point $(x, y)$ with respect to the origin $(0,0)$ is

$$
\begin{aligned}
\phi(x, y) & = \int_{0}^{x} -E_{x}^{\prime}(x, 0) \mathrm{d} x - \int_{0}^{y} E_{y}^{\prime}(x, y) \mathrm{d} y \\
& = 0 - \int_{0}^{y} \frac{B_{0}}{a} v x \mathrm{~d} y = -\frac{B_{0}}{a} v x y
\end{aligned}
$$",\[\boxed{-\frac{B_{0}}{a} v x y}\],EX,,False,EN,Practical Application
323,Electromagnetism,Electrodynamics,Propagation and Radiation of Electromagnetic Waves,"A charged sphere oscillating radially. Which of the following options is correct?
(c) Causes a nearby charged particle to move.",The answer is (a).,\boxed{a},MC,,False,EN,Laws Application
330,Electromagnetism,Electrodynamics,Propagation and Radiation of Electromagnetic Waves,"Assume in a vacuum region, the magnetic field is described as

$$
\boldsymbol{B}=B_{0} e^{a x} \mathbf{e}_x \sin W
$$

where $W=k y-\omega t$. Determine the propagation speed $v$ of this field.",The electromagnetic wave propagates in the $y$ direction with speed $v=c$.,\boxed{c},EX,,False,EN,Laws Application
333,Electromagnetism,Electrodynamics,Relativistic Electrodynamics,"An infinitely long ion beam with a uniform circular cross-section has a uniform charge distribution of $q$ per unit length. In the laboratory reference frame, calculate the force $\boldsymbol{F}$ acting on an ion with a charge of $Q$ located at a radius $r (< R)$. Assume the radius of the beam is $R$, and the ion has a velocity $v$.","The force on a charge at a distance $r<R$ from the axis is given by

$$
\begin{aligned}
\boldsymbol{F} & = Q \boldsymbol{E} + Q \boldsymbol{v} \times \boldsymbol{B}, \\
& = \left( Q \cdot \frac{q r}{2 \pi \varepsilon_{0} R^{2}} - Q \frac{v^{2}}{c^{2}} \frac{q r}{2 \pi \varepsilon_{0} R^{2}} \right) \boldsymbol{e}_{\mathrm{r}}, \\
& = \frac{Q q r}{2 \pi \varepsilon_{0} R^{2}} \left( 1 - \frac{v^{2}}{c^{2}} \right) \boldsymbol{e}_{\mathrm{r}}.
\end{aligned}
$$

If $v \ll c$, then $F = \frac{Q q r}{2 \pi \varepsilon_{0} R^{2}} \boldsymbol{e}_{\mathrm{r}}$, where $Q$ is the charge of the ion beam's component.",\boxed{\frac{Q q r}{2 \pi \varepsilon_{0} R^{2}} \left( 1 - \frac{v^{2}}{c^{2}} \right) \boldsymbol{e}_{\mathrm{r}}},EX,,False,EN,Laws Application
337,Electromagnetism,Electrodynamics,Relativistic Electrodynamics,"A particle with a mass \(m\) and charge \(e\) is accelerated by a uniform electric field \(E\) for a time \(t\), causing its speed to become comparable to the speed of light. If this particle is unstable and decays with an average lifetime \(\tau\) in its rest frame, what is the average lifetime observed by a stationary observer as the particle moves uniformly at the aforementioned speed?","The average lifetime of the particle as measured by a stationary observer is

\[
T = \frac{\tau}{\sqrt{1-\frac{v^{2}}{c^{2}}}} = \tau \sqrt{1+\left(\frac{eEt}{mc}\right)^{2}}
\]","\[
\boxed{\tau \sqrt{1+ \left(\frac{eEt}{mc}\right)^{2}}}
\]",EX,,False,EN,Laws Application
338,Electromagnetism,Electrodynamics,Relativistic Electrodynamics,"An electron is moving in a one-dimensional harmonic oscillator potential well, with $\omega = 10^{5} \mathrm{rad/s}$ and amplitude $x_{0} = 10^{-8} \mathrm{~cm}$. What is the ratio of the energy lost per cycle to the average mechanical energy?","The ratio of the energy lost per cycle to the total energy is given by

$$
\frac{\Delta \bar{W}}{\bar{W}} = \frac{e^{2} \omega_{0}^{2}}{12 \pi \varepsilon_{0} m c^{3}} \cdot \frac{2 \pi}{\omega_{0}} = e^{2} \frac{\omega_{0}}{6 \varepsilon_{0} m c^{3}} \approx 3.9 \times 10^{-8}
$$",\boxed{3.9 \times 10^{-8}},NV,,False,EN,Practical Application
340,Electromagnetism,Electrodynamics,Relativistic Electrodynamics,"Given that in a Cartesian coordinate system, the steady magnetic field is $\boldsymbol{B}=B_{0}(x \hat{x}-y \hat{y}) / a$. If the magnetic field slowly changes over time to $B_{0}(t)$, what electric field will a stationary observer at position $(x, y)$ measure?","From $\boldsymbol{\nabla} \times \boldsymbol{E} = -\frac{\partial \boldsymbol{B}}{\partial t}$, we obtain

$$
\left\{\begin{array}{l}
\frac{\partial E_{z}}{\partial y} - \frac{\partial E_{y}}{\partial z} = -\dot{B}_{0}(t) \frac{x}{a} \\
\frac{\partial E_{x}}{\partial z} - \frac{\partial E_{z}}{\partial x} = \dot{B}_{0}(t) \frac{y}{a}
\end{array}\right.
$$

Note that $\frac{\partial}{\partial z} = 0$, hence $\frac{\partial E_{z}}{\partial y} = -\dot{B}_{0}(t) \frac{x}{a}$ and $\frac{\partial E_{z}}{\partial x} = \dot{B}_{0}(t) \frac{y}{a}$. Since the current is along the $z$ direction, we have $E_{x} = E_{y} = 0$. From the above, we know $E_{z} = -\dot{B}_{0}(t) \frac{x y}{a} + c(t)$. Considering symmetry, $c(t) = 0$, thus

$$
E_{z} = -\dot{B}_{0}(t) \frac{x y}{a}
$$

Therefore,

$$
\boldsymbol{E}(x, y) = -\dot{B}_{0}(t) \frac{x y}{a} \hat{z}
$$","\boxed{\boldsymbol{E}(x, y) = -\dot{B}_{0}(t) \frac{x y}{a} \hat{z}}",EX,,False,EN,Laws Application
349,Electromagnetism,Electrodynamics,Interaction of Electromagnetic Fields with Matter,"Given that the equation for the forced vibration of an electron under an incident electromagnetic wave is \( m \dot{v} = -e E \). Assuming the electron's velocity \( v \ll c \), calculate the electric dipole radiation power produced by the electron and derive its expression with respect to the radiation direction \( \alpha \).","When \( v \ll c \), the electric dipole radiation power produced by the electron is

\[ \frac{\mathrm{d} P}{\mathrm{~d} \Omega} = \frac{1}{16 \pi^{2} \varepsilon_{0}} \cdot \frac{e^{2} \dot{v}^{2}}{c^{3}} \sin ^{2} \alpha \tag{2} \]

where \( \alpha \) is the angle between the radiation direction and the electron's acceleration \( \dot{v} \).",\boxed{\frac{1}{16 \pi^{2} \varepsilon_{0}} \cdot \frac{e^{2} \dot{v}^{2}}{c^{3}} \sin ^{2} \alpha},EX,,False,EN,Math Derivation
351,Electromagnetism,Electrodynamics,Propagation and Radiation of Electromagnetic Waves,"An atom with a high atomic mass and a polarizability of $\alpha(\omega)$ is placed in an electromagnetic field

$$
\boldsymbol{E} = E_{0} e^{i(k x - \omega t)} \boldsymbol{e}_{z}
$$

and the atom is located at the origin of the coordinate system. Determine the radiation electromagnetic field of the atom.","Consider the atom as an electric dipole at the origin of the coordinate system, with an electric dipole moment given by

$$
\boldsymbol{P} = \varepsilon_{0} \alpha \boldsymbol{E} = \varepsilon_{0} \alpha E_{0} e^{-i\omega t} \boldsymbol{e}_{z}
$$

Thus, the electric dipole radiation field emitted by the atom is

$$
\begin{aligned}
& \boldsymbol{B}(\boldsymbol{r}, t) = \frac{\alpha E_{0} \omega^{2}}{4 \pi c^{3} r} \sin \theta e^{i(k r - \omega t)} \boldsymbol{e}_{\phi}, \\
& \boldsymbol{E}(\boldsymbol{r}, t) = \frac{\alpha E_{0} \omega^{2}}{4 \pi c^{2} r} \sin \theta e^{i(k r - \omega t)} \boldsymbol{e}_{\theta}.
\end{aligned}
$$","\boxed{\boldsymbol{B}(\boldsymbol{r}, t) = \frac{\alpha E_{0} \omega^{2}}{4 \pi c^{3} r} \sin \theta e^{i(k r - \omega t)} \boldsymbol{e}_{\phi}, \boldsymbol{E}(\boldsymbol{r}, t) = \frac{\alpha E_{0} \omega^{2}}{4 \pi c^{2} r} \sin \theta e^{i(k r - \omega t)} \boldsymbol{e}_{\theta}}","EX, EX","\text{T}, \text{V/m}",True,EN,Laws Application
353,Electromagnetism,Electrodynamics,Relativistic Electrodynamics,"Consider a reference frame $\Sigma$ moving with a velocity $v$ along the $x$ direction relative to another reference frame $\Sigma'$. In the reference frame $\Sigma'$, a particle with energy $E'$ and velocity $v'$ moves at an angle $\theta'$ to $v'$. Find the angle between the momentum of the particle and the velocity $v$ in the reference frame $\Sigma$.","The angle between $\boldsymbol{p}$ and $\boldsymbol{v}$ is

\[
\tan \theta = \frac{p_{2}}{p_{1}} = \frac{1}{\gamma} \cdot \frac{\sin \theta'}{\cos \theta' + \frac{v}{v'}}
\]",\boxed{\tan \theta = \frac{1}{\gamma} \cdot \frac{\sin \theta'}{\cos \theta' + \frac{v}{v'}}},EX,,False,EN,Math Derivation
355,Electromagnetism,Electrodynamics,Propagation and Radiation of Electromagnetic Waves,"(a) When X-rays are incident on a metal surface at an angle greater than the critical angle, they are completely reflected. Assuming that there are \(n\) free electrons per unit volume in the metal, calculate the critical angle as a function of the X-ray frequency \(\omega\).","The equation of motion for electrons in the metal is

\[
m \ddot{\boldsymbol{x}} = -e \boldsymbol{E} = -e \boldsymbol{E}_{0} e^{-\mathrm{i} \omega t}
\]

Its solution takes the form \(\boldsymbol{x} = \boldsymbol{x}_{0} e^{-\mathrm{i} \omega t}\), thus we have

\[
m \omega^{2} \boldsymbol{x} = e \boldsymbol{E}
\]

The polarization of the metal is

\[
\boldsymbol{P} = -n e \boldsymbol{x} = \chi_{e} \varepsilon_{0} \boldsymbol{E}
\]

From this, the electric susceptibility is obtained as

\[
\chi_{e} = -\frac{n e^{2}}{m \varepsilon_{0} \omega^{2}}
\]

Let \(\omega_{\mathrm{P}}^{2} = \frac{n e^{2}}{m \varepsilon_{0}}\), then the refractive index of the metal is

\[
n = \sqrt{1 + \chi_{e}} = \left(1 - \frac{\omega_{\mathrm{P}}^{2}}{\omega^{2}}\right)^{1/2}
\]

The critical angle is

\[
\theta_{0} = \arcsin \left(\left(1 - \frac{\omega_{\mathrm{P}}^{2}}{\omega^{2}}\right)^{1/2}\right)
\]","Final Answer(s):
\boxed{\theta_{0} = \arcsin \left(\left(1 - \frac{\omega_{\mathrm{P}}^{2}}{\omega^{2}}\right)^{1/2}\right)}",EQ,,False,EN,Math Derivation
363,Electromagnetism,Electrodynamics,Relativistic Electrodynamics,"An observer in a laboratory frame sees a beam with a circular cross-section and charge density $\rho$, moving at a velocity $v$. What is the force experienced by an electron at a distance $r$ from the axis of the beam?","According to the problem, in the laboratory frame $\Sigma$, the charge density of the beam is $\rho$. Due to the Lorentz longitudinal contraction effect, in the rest frame of the beam $\Sigma^{\prime}$, the charge density is $\rho / \gamma (\gamma = \frac{1}{\sqrt{1 - v^{2}/c^{2}}})$. In the $\Sigma^{\prime}$ frame, $\boldsymbol{E}^{\prime} = \frac{\rho r^{\prime}}{2 \varepsilon_{0} \gamma} \boldsymbol{e}_{r}, \boldsymbol{B}^{\prime} = 0$. In the laboratory frame $\Sigma$, with $v = v e_{z}$, we have:

$$
\begin{aligned}
& \boldsymbol{E}_{\perp} = \gamma (\boldsymbol{E}^{\prime} - v \times \boldsymbol{B})_{\perp} = \gamma \boldsymbol{E}^{\prime}, \quad \boldsymbol{E}_{\parallel} = \boldsymbol{E}_{\parallel}^{\prime} = 0 \\
& \boldsymbol{B}_{\perp} = \gamma (\boldsymbol{B}^{\prime} + \frac{v}{c^{2}} \times \boldsymbol{E}^{\prime})_{\perp} = \gamma \frac{v}{c^{2}} \times \boldsymbol{E}^{\prime}, \quad \boldsymbol{B}_{\parallel} = \boldsymbol{B}_{\parallel}^{\prime} = 0
\end{aligned}
$$

Therefore, the force experienced by the electron is:

$$
\begin{aligned}
\boldsymbol{F} & = -e \boldsymbol{E} - e v \times \boldsymbol{B} = -e \cdot \gamma \boldsymbol{E}^{\prime} - e v \times \left(\gamma \frac{v}{c^{2}} \times \boldsymbol{E}^{\prime} \right) \\
& = -e \gamma \boldsymbol{E}^{\prime} + e \gamma \frac{v^{2}}{c^{2}} \boldsymbol{E}^{\prime}
\end{aligned}
$$

Since there is no transverse Lorentz contraction, $r = r^{\prime}$, thus:

$$
\boldsymbol{F} = -\frac{e \boldsymbol{E}^{\prime}}{\gamma} = -\frac{e \rho r}{2 \varepsilon_{0} \gamma^{2}} \boldsymbol{e}_{r}
$$",\boxed{-\frac{e \rho r}{2 \varepsilon_{0} \gamma^{2}} \boldsymbol{e}_{r}},EX,,False,EN,Math Derivation
366,Electromagnetism,Electrodynamics,Relativistic Electrodynamics,"Derive the effective scattering cross section of the radiation using the radiation pressure \( P \) of this wave.

\[
\sigma = \frac{\langle F\rangle}{P}
\]

For a plane electromagnetic wave, \( P = \frac{|S|}{c}, \langle P \rangle = \frac{\langle S \rangle}{c} \).","Thus, the effective scattering cross section is obtained as

\[
\sigma = \frac{\langle F\rangle}{\langle P\rangle} = \frac{e^{4}}{12 \pi^{2} c^{4} \varepsilon_{0}^{2} m^{2}} = \frac{4}{3} r_{\mathrm{c}}^{2}
\]

where \( r_{c} \) is the classical radius of the electron.",\boxed{\frac{4}{3} r_{\mathrm{c}}^{2}},NV,,False,EN,Math Derivation
376,Electromagnetism,Electrodynamics,Propagation and Radiation of Electromagnetic Waves,"Consider a plane wave with the vector potential \( A_{\mu}(x)=a_{\mu} \mathrm{e}^{\mathrm{i}(\mathbf{k} \cdot \mathbf{z}-\omega t)} \), where \( a_{\mu} \) is a four-dimensional constant vector. Assume \(\mathbf{k}=k \mathbf{e}_{z}\), and use non-orthogonal basis vectors \(\varepsilon^{(1) \mu} =(0,1,0,0)\), \(\varepsilon^{(2) \mu} =(0,0,1,0)\), \(\varepsilon^{(L) \mu} =\frac{1}{k}\left(\frac{\omega}{c}, 0,0, k\right)\), \(\varepsilon^{(B) \mu} =\frac{1}{k}\left(k, 0,0,-\frac{\omega}{c}\right)\). The vector potential \( a_{\mu} \) can be expressed using the basis vectors as \( a_{\mu}=a_{1} \varepsilon^{(1) \mu}+a_{2} \varepsilon^{(2) \mu}+a_{L} \varepsilon^{(L) \mu}+a_{B} \varepsilon^{(B) \mu} \). Determine if the condition \(\nabla \times \mathbf{B}-\frac{1}{c} \frac{\partial \mathbf{E}}{\partial t}=0\) imposes any constraints on \( a_{1} \), \( a_{2} \), \( a_{L} \), and \( a_{B} \).","(c) We find \(\nabla \times \mathbf{B}=k^{2}\left(a_{1} \mathbf{e}_{x}+a_{2} \mathbf{e}_{y}\right) \mathrm{e}^{\mathrm{i}(\mathbf{k} \cdot \mathbf{z}-\omega t)}\), thus:

\[
\frac{1}{c} \frac{\partial \mathbf{E}}{\partial t}=k^{2}\left(a_{1} \mathbf{e}_{x}+a_{2} \mathbf{e}_{y}-2 a_{B} \mathbf{e}_{z}\right) \mathrm{e}^{\mathrm{i}(\mathbf{k} \cdot \mathbf{z}-\omega t)}
\]

Therefore, from the condition:

\[
\nabla \times \mathbf{B}-\frac{1}{c} \frac{\partial \mathbf{E}}{\partial t}=0
\]

we require:

\[
a_{B}=0
\]",\boxed{a_{B}=0},EQ,,False,EN,Laws Application
381,Electromagnetism,Electrodynamics,Relativistic Electrodynamics,"Consider the classical theory of atomic spectral line broadening, where an ""atom"" consists of an electron with mass $m$ and charge $e$ in a harmonic potential. The electron is also subjected to damping, so its equation of motion is given by $m \ddot{x} + m \omega_{0}^{2} x + \gamma \dot{x} = 0$. Given that at $t = 0$, $x = x_{0}, \dot{x} = 0$, determine the subsequent motion of the electron. A classically moving electron will emit electromagnetic radiation, and you need to establish the relationship between the radiation intensity and frequency (including any arbitrary constants). Assume $\gamma / m \ll \omega_{0}$.","The equation of motion for the electron is

$$
\left\{\begin{array}{l}
m \ddot{x} + m \omega_{0}^{2} x + \gamma \dot{x} = 0 \\
x|_{t=0} = x_{0} \\
\dot{x}|_{t=0} = 0
\end{array}\right.
$$

Solving this, we obtain

$$
x = x_{0} \mathrm{e}^{-\frac{\gamma}{2m} t} \mathrm{e}^{-i \omega t}, \quad \omega = \sqrt{\omega_{0}^{2} - \frac{\gamma^{2}}{4m^{2}}}
$$

Since $\frac{\gamma}{2m} \ll \omega_{0}$, we have

$$
\omega \approx \omega_{0}, \quad x = x_{0} \mathrm{e}^{-\frac{\gamma}{2m} t} \mathrm{e}^{-i \omega_{0} t}
$$

Thus, the dipole moment of the moving electron, $\boldsymbol{P} = \boldsymbol{P}_{0} \mathrm{e}^{-\frac{\gamma}{2m} t} \mathrm{e}^{-i \omega_{0} t}$, is that of a decaying oscillating electric dipole. The radiation field at a distance is

$$
\boldsymbol{E}(r, t) = \boldsymbol{E}_{0}(r) \mathrm{e}^{-\frac{\gamma}{2m}\left(t - \frac{r}{c}\right)} \mathrm{e}^{-i \omega_{0}\left(t - \frac{r}{c}\right)}
$$

For simplicity, denote $\boldsymbol{E}(t) = \boldsymbol{E}_{0} \mathrm{e}^{-\frac{\gamma}{2m} t} \mathrm{e}^{-i \omega_{0} t}$ (here, the time $t$ is retarded by $\frac{r}{c}$). According to Fourier analysis, the decaying amplitude is non-monochromatic, being a superposition of monochromatic vibrations of various frequencies, thus

$$
\begin{aligned}
\boldsymbol{E}(t) &= \int_{-\infty}^{+\infty} \boldsymbol{E}(\omega) \mathrm{d} \omega \mathrm{e}^{-i \omega t} \\
\boldsymbol{E}(\omega) &= \frac{1}{2 \pi} \int_{0}^{+\infty} \boldsymbol{E}(t) \mathrm{e}^{i \omega t} \mathrm{d} t \\
&= \frac{1}{2 \pi} \int_{0}^{\infty}\left(\boldsymbol{E}_{0} \mathrm{e}^{-\frac{\gamma}{2m} t} \mathrm{e}^{-i \omega_{0} t}\right) \mathrm{e}^{i \omega t} \mathrm{d} t \\
&= \frac{\boldsymbol{E}_{0}}{2 \pi} \cdot \frac{1}{i\left(\omega - \omega_{0}\right) - \frac{\gamma}{2m}} \quad(t < 0 \text{ ,} \quad \boldsymbol{E}(t) = 0)
\end{aligned}
$$

Therefore,

$$
I(\omega) \propto |\boldsymbol{E}(\omega)|^{2} \propto \frac{1}{\left(\omega - \omega_{0}\right)^{2} + \frac{\gamma^{2}}{4m^{2}}}
$$

This describes the Lorentzian spectral profile.",\boxed{I(\omega) \propto \frac{1}{\left(\omega - \omega_{0}\right)^{2} + \frac{\gamma^{2}}{4m^{2}}}},EX,,False,EN,Math Derivation
386,Electromagnetism,Electrodynamics,Propagation and Radiation of Electromagnetic Waves,"b) Discuss the reflection and refraction of electromagnetic waves at the interface between two dielectrics, and derive the relationship between the incident angle, the reflection angle, and the refraction angle. Assume the interface between dielectrics 1 and 2 lies on the $xy$ plane, with the normal in the $z$ direction, and that the wave vector $\boldsymbol{k}$ is in the $xz$ plane.","(b) When the incident wave $\boldsymbol{E}=\boldsymbol{E}_{0} e^{i(\boldsymbol{k} \cdot \boldsymbol{x}-\omega t)}$ is a plane electromagnetic wave, optical experiments indicate that reflection and refraction will occur at the interface. The reflected and refracted waves are also plane electromagnetic waves, as described by:

Reflected wave

$$
\boldsymbol{E}^{\prime}=\boldsymbol{E}_{0}^{\prime} e^{i(\boldsymbol{k}^{\prime} \cdot \boldsymbol{x}-\omega^{\prime} t)}
$$

Refracted wave

$$
\boldsymbol{E}^{\prime\prime}=\boldsymbol{E}_{0}^{\prime\prime} e^{i(\boldsymbol{k}^{\prime\prime} \cdot \boldsymbol{x}-\omega^{\prime\prime} t)}
$$

From Figure 4.9 and using boundary conditions

$$
\boldsymbol{n} \times\left(\boldsymbol{E}+\boldsymbol{E}^{\prime}\right)=\boldsymbol{n} \times \boldsymbol{E}^{\prime\prime}
$$

it can be deduced that at the interface

$$
\boldsymbol{n} \times\left(\boldsymbol{E}_{0} e^{i(\boldsymbol{k} \cdot \boldsymbol{x}-\omega t)}+\boldsymbol{E}_{0}^{\prime} e^{i(\boldsymbol{k}^{\prime} \cdot \boldsymbol{x}-\omega^{\prime} t)}\right)=\boldsymbol{n} \times \boldsymbol{E}_{0}^{\prime\prime} e^{i(\boldsymbol{k}^{\prime\prime} \cdot \boldsymbol{x}-\omega^{\prime\prime} t)}
$$

This equation must hold for all values of $x, y$, and $t$, requiring the three exponential factors to be exactly equal, which implies

$$
\omega=\omega^{\prime}=\omega^{\prime\prime}
$$

and on the plane $z=0$, $\boldsymbol{k}_{x}=\boldsymbol{k}_{x}^{\prime}=\boldsymbol{k}_{x}^{\prime\prime}$, $\boldsymbol{k}_{y}=\boldsymbol{k}_{y}^{\prime}=\boldsymbol{k}_{y}^{\prime\prime}$. Therefore, the wave number

$$
k=k^{\prime}=\omega \sqrt{\mu_{1} \varepsilon_{1}}, \quad k^{\prime\prime}=\omega \sqrt{\mu_{2} \varepsilon_{2}}
$$

From $k \sin \theta=k^{\prime} \sin \theta^{\prime}$, it follows that

$$
\theta=\theta^{\prime}
$$

which means the incident angle equals the reflection angle, known as the law of reflection. From

$$
k \sin \theta=k^{\prime\prime} \sin \theta^{\prime\prime}
$$

we obtain

$$
\frac{\sin \theta}{\sin \theta^{\prime\prime}}=\frac{\sqrt{\mu_{2} \varepsilon_{2}}}{\sqrt{\mu_{1} \varepsilon_{1}}}=\frac{n_{2}}{n_{1}}=n_{21}
$$

where $n=\sqrt{\varepsilon \mu}$ is the refractive index, and $n_{21}$ is the relative refractive index of medium 2 with respect to medium 1, which is the law of refraction.","\boxed{\theta = \theta^{\prime}, \frac{\sin \theta}{\sin \theta^{\prime\prime}} = \frac{n_{2}}{n_{1}}}","EQ, EQ","None, None",True,EN,Math Derivation
387,Electromagnetism,Electrodynamics,Relativistic Electrodynamics,"In a region where the electric field $\boldsymbol{E}$ is directed along the $y$ axis and the magnetic field $\boldsymbol{B}$ is directed along the $z$ axis, a particle with an initial velocity of zero, an electric charge $q$, and a rest mass $m$ is released. If there exists a Lorentz frame of reference in which the magnetic field is zero, find the function of momentum with respect to time in the new coordinate system.","When $\boldsymbol{B}^{\prime}=0$, let's assume that the momentum of the particle in the $\Sigma^{\prime}$ frame is $\boldsymbol{p}^{\prime}$. The equation of motion is given by

$$
\frac{\mathrm{d} p^{\prime}}{\mathrm{d} t^{\prime}}=q E^{\prime} \tag{10}
$$

where $\boldsymbol{E}^{\prime}=\sqrt{E^{2}-c^{2} B^{2}} \boldsymbol{e}_{y}$, thus the component equations of equation (10) are

$$
\begin{aligned}
\frac{\mathrm{d} p_{x}^{\prime}}{\mathrm{d} t^{\prime}} & =\frac{\mathrm{d} p_{z}^{\prime}}{\mathrm{d} t^{\prime}}=0 \tag{11}\\
\frac{\mathrm{~d} p_{y}^{\prime}}{\mathrm{d} t^{\prime}} & =q \sqrt{E^{2}-c^{2} B^{2}} \tag{12}
\end{aligned}
$$

Equation (11) indicates that $p_{x}^{\prime}$ and $p_{z}^{\prime}$ are constants, independent of time. From the initial conditions $u_{x 0}^{\prime}=-\frac{c^{2} B}{E}, u_{z 0}^{\prime}=0$, we get

$$
p_{x}^{\prime}=\frac{m u_{x 0}^{\prime}}{\sqrt{1-u^{\prime 2} / c^{2}}}=\frac{c^{2} m B}{\sqrt{E^{2}-c^{2} B^{2}}}, \quad p_{z}^{\prime}=0
$$

Equation (12) gives

$$
p_{y}\left(t^{\prime}\right)=q \sqrt{E^{2}-c^{2} B^{2}} t^{\prime} \tag{13}
$$

Here, the initial condition $u_{y 0}^{\prime}=0$ at $t^{\prime}=0$ has been used.","\boxed{p_{x}^{\prime} = \frac{c^{2} m B}{\sqrt{E^{2}-c^{2} B^{2}}}, p_{z}^{\prime} = 0, p_{y}(t^{\prime}) = q \sqrt{E^{2}-c^{2} B^{2}} t^{\prime}}","EQ, NV, EX","None, None, \text{Coulomb} \cdot \text{Volt} \cdot \text{Second}",True,EN,Laws Application
388,Electromagnetism,Electrodynamics,Relativistic Electrodynamics,"A beam of infinitely long cylindrical relativistic electrons moves at a constant speed \( v \). The electron density is known to be a constant \( n \). Calculate the radial force acting on a single electron, including both electric and magnetic forces.","Let the electron density be \( n \). Then, the charge density of this electron beam is

$$
\rho = -e n
$$

According to the relevant formula in the problem, in the laboratory reference frame, the force experienced by a single electron is

$$
\boldsymbol{F} = -\frac{e \rho r}{2 \varepsilon_{0} \gamma^{2}} \boldsymbol{e}_{\mathrm{r}} = \frac{e^{2} n r}{2 \varepsilon_{0} \gamma^{2}} \boldsymbol{e}_{\mathrm{r}},
$$

where 

$$
\gamma = \frac{1}{\sqrt{1-v^{2} / c^{2}}}
$$ 

is the Lorentz factor.",\boxed{\frac{e^{2} n r}{2 \varepsilon_{0} \gamma^{2}}},NV,,False,EN,Laws Application
389,Electromagnetism,Electrodynamics,Propagation and Radiation of Electromagnetic Waves,"Given that the polarization dipole moment of a dielectric sphere, \(\boldsymbol{P}\), changes with time, it will lead to electric dipole radiation. If \(E_{0}\) is along the \(z\) direction, find the electromagnetic radiation fields \(\boldsymbol{B}\) and \(\boldsymbol{E}\).","The time-varying dipole moment will produce electric dipole radiation. Assuming \(E_{0}\) is in the \(z\) direction, using the electric dipole radiation formula, we get

\[
\boldsymbol{B} = -\frac{\varepsilon-\varepsilon_{0}}{\varepsilon+2\varepsilon_{0}} \cdot \frac{\omega^{2} a^{3}}{c^{3} r} E_{0} e^{i(k r-\omega t)} \sin \theta \boldsymbol{e}_{\phi} \tag{2}
\]

\[
\boldsymbol{E} = -\frac{\varepsilon-\varepsilon_{0}}{\varepsilon+2\varepsilon_{0}} \cdot \frac{\omega^{2} a^{3}}{c^{2} r} E_{0} e^{i(k r-\omega t)} \sin \theta \boldsymbol{e}_{\theta} \tag{3}
\]","\[
\boxed{\boldsymbol{B} = -\frac{\varepsilon-\varepsilon_{0}}{\varepsilon+2\varepsilon_{0}} \cdot \frac{\omega^{2} a^{3}}{c^{3} r} E_{0} e^{i(k r-\omega t)} \sin \theta \boldsymbol{e}_{\phi}, \boldsymbol{E} = -\frac{\varepsilon-\varepsilon_{0}}{\varepsilon+2\varepsilon_{0}} \cdot \frac{\omega^{2} a^{3}}{c^{2} r} E_{0} e^{i(k r-\omega t)} \sin \theta \boldsymbol{e}_{\theta}}
\]",EQ,,False,EN,Laws Application
391,Electromagnetism,Electrodynamics,Interaction of Electromagnetic Fields with Matter,"Given a linearly polarized electromagnetic wave with wavelength $\lambda$ is scattered by a small dielectric cylinder with dielectric constant $K$, radius $b$, and height $h$. The power of the electric dipole radiation $P$ is given by $\frac{\pi b^{4} h^{2} \varepsilon_{0} \omega^{4}(K-1)^{2} E_{0}^{2}}{12 c^{3}}$. The wave vector of the incident wave is perpendicular to the cylinder axis, and the electric field direction of the incident wave is parallel to the cylinder axis. Determine the total scattering cross-section $\sigma$.","The incident intensity $I_{0}=\frac{\varepsilon_{0} c}{2} E_{0}^{2}$, hence the total scattering cross-section is

$$
\sigma=\frac{P}{I_{0}}=\frac{\pi}{6} b^{4} h^{2}(K-1)^{2} \frac{\omega^{4}}{c^{4}}
$$",\boxed{\frac{\pi}{6} b^{4} h^{2}(K-1)^{2} \frac{\omega^{4}}{c^{4}}},NV,,False,EN,Laws Application
392,Electromagnetism,Electrodynamics,Interaction of Electromagnetic Fields with Matter,"In a uniform static magnetic field $\boldsymbol{H}$, a medium can be magnetized. The magnetization intensity can couple with the electromagnetic field within the medium. The time-varying magnetization intensity in turn generates an electromagnetic field, which also satisfies Maxwell's equations. Assume the relative dielectric constant of the magnetic medium $\varepsilon_{r}=1$, and derive the dispersion relation $\omega=\omega(\boldsymbol{k})$ for the propagation of magnetization intensity plane waves within the medium.","The Maxwell's equations in the context of the medium are

$$
\begin{aligned}
& \nabla \cdot \boldsymbol{D}=0, \quad \nabla \cdot \boldsymbol{B}=0 \\
& \nabla \times \boldsymbol{E}=-\frac{\partial \boldsymbol{B}}{\partial t}, \quad \nabla \times \boldsymbol{H}=\boldsymbol{J}+\frac{\partial \boldsymbol{D}}{\partial t}
\end{aligned}
$$

Note that the fields $\boldsymbol{E}$, $\boldsymbol{B}$ here are superpositions of the external fields and the fields generated by the time-varying magnetization intensity $\boldsymbol{M}(t)$, meaning they already include the fields produced by $\boldsymbol{M}(t)$.

Since it is an insulating medium and assuming the medium cannot carry charge, we have $\rho=0, \quad \boldsymbol{J}=0$. Given that $\varepsilon_{r}=1$, it follows that $\boldsymbol{D}=\varepsilon_{0} \boldsymbol{E}$. Therefore, the equations simplify to

$$
\begin{aligned}
& \nabla \cdot \boldsymbol{E}=0, \quad \nabla \cdot \boldsymbol{B}=0 \\
& \nabla \times \boldsymbol{E}=-\frac{\partial \boldsymbol{B}}{\partial t}, \quad \nabla \times \boldsymbol{H}=\varepsilon_{0} \frac{\partial \boldsymbol{E}}{\partial t}, \quad \boldsymbol{B}=\mu \boldsymbol{H}
\end{aligned}
$$

From this, the wave equations are derived as

$$
\begin{aligned}
& \nabla^{2} \boldsymbol{E}-\mu \varepsilon_{0} \frac{\partial^{2} \boldsymbol{E}}{\partial t^{2}}=0 \\
& \nabla^{2} \boldsymbol{H}-\mu \varepsilon_{0} \frac{\partial^{2} \boldsymbol{H}}{\partial t^{2}}=0
\end{aligned}
$$

A plane wave solution to these equations is

$$
\boldsymbol{H}(t)=\boldsymbol{H}_{0} e^{i(kz-\omega t)}
$$

Substituting this into the wave equation, the dispersion relation can be obtained as

$$
k^{2}-\mu \varepsilon_{0} \omega^{2}=0, \quad k^{2}=\frac{\omega}{v_{p}}=\omega \sqrt{\mu(\omega) \varepsilon_{0}}=\frac{\omega}{c} \sqrt{\mu(\omega)}
$$

The magnetization intensity plane wave in the medium is

$$
\boldsymbol{M}(t)=\chi_{m}(\omega) \boldsymbol{H}(t)=\chi_{m} \boldsymbol{H}_{0} e^{i(kz-\omega t)}
$$

Thus, the dispersion relation for this plane wave remains

$$
k^{2}=\frac{\omega}{v_{p}}=\frac{\omega}{c} \sqrt{\mu(\omega)}
$$",\boxed{k^{2} = \frac{\omega}{c} \sqrt{\mu(\omega)}},EQ,,False,EN,Math Derivation
396,Electromagnetism,Electrodynamics,Propagation and Radiation of Electromagnetic Waves,"(b) Assume the refractive index in the medium is given by the formula $n_{\pm} = n \pm \beta$, where $n$ and $\beta$ are real numbers, with the plus and minus signs corresponding to right-handed and left-handed circularly polarized plane waves, respectively. Prove that the plane of polarization of a linearly polarized plane wave, when incident on this medium, rotates as the wave propagates. Determine the angle of rotation when the wave travels a distance $z$ in the medium.","(b) The linearly polarized light can be decomposed into a superposition of left-handed and right-handed circularly polarized light as follows:

$$
\begin{aligned}
\boldsymbol{E}(z, t) &= \boldsymbol{E}_{\mathrm{r}}(z, t) + \boldsymbol{E}_{\mathrm{l}}(z, t) \\
&= \left(E_{0} \boldsymbol{e}_{x} + E_{0} \mathrm{e}^{-\mathrm{i} \frac{\pi}{2}} \boldsymbol{e}_{y}\right) \mathrm{e}^{-\mathrm{i} \omega t + \mathrm{i} k_{+} z} + \left(E_{0} \boldsymbol{e}_{x} + E_{0} \mathrm{e}^{\mathrm{i} \frac{\pi}{2}} \boldsymbol{e}_{y}\right) \mathrm{e}^{-\mathrm{i} \omega t + \mathrm{i} k_{-} z}
\end{aligned}
$$

Thus, at $z=0$, $\boldsymbol{E}(0, t) = 2 E_{0} \mathrm{e}^{-\mathrm{i} \omega t} \boldsymbol{e}_{x}$ is plane polarized in the direction of $\boldsymbol{e}_{x}$. After traveling a distance $z$ in the medium, we have:

$$
\boldsymbol{E}(z, t) = E_{0}\left[\left(\mathrm{e}^{\mathrm{i}\left(k_{+}-k_{-}\right) z} + 1\right) \boldsymbol{e}_{x} + \left(\mathrm{e}^{\mathrm{i}\left(k_{+}-k_{-}\right) z - \mathrm{i} \frac{\pi}{2}} + \mathrm{e}^{\mathrm{i} \frac{\pi}{2}}\right) \boldsymbol{e}_{y}\right] \mathrm{e}^{-\mathrm{i} \omega t + \mathrm{i} k_{-} z}
$$

Therefore:

$$
\frac{E_{y}}{E_{x}} = \frac{\cos \left[\left(k_{+}-k_{-}\right) z - \frac{\pi}{2}\right]}{1 + \cos \left[\left(k_{+}-k_{-}\right) z\right]} = \frac{\sin \left[\left(k_{+}-k_{-}\right) z\right]}{1 + \cos \left[\left(k_{+}-k_{-}\right) z\right]} = \tan \frac{\left(k_{+}-k_{-}\right) z}{2}
$$

Hence, the rotation angle of the electric field vector $\boldsymbol{E}$ is:

$$
\varphi = \frac{k_{+}-k_{-}}{2} z = \frac{1}{2} \cdot \frac{\omega}{c}\left(n_{+}-n_{-}\right) z
$$

Given the problem statement $n_{+} > n_{-}$, it follows that $\varphi > 0$, meaning the plane of polarization rotates counterclockwise.",\boxed{\varphi = \frac{1}{2} \cdot \frac{\omega}{c}\left(n_{+}-n_{-}\right) z},EX,,False,EN,Math Derivation
398,Electromagnetism,Electrodynamics,Relativistic Electrodynamics,"What is the time-averaged force \(\langle F\rangle\) acting on an electron due to an electromagnetic wave?

Under the influence of a plane wave, the electron's equation of motion is

\[
m \ddot{r} = -e E_{0} \mathrm{e}^{-\mathrm{i} \omega t} + \frac{e^{2}}{6 \pi \varepsilon_{0} c^{3}} \dddot{r}
\]

Its steady-state solution is \( r = r_{0} \mathrm{e}^{-\mathrm{i} \omega t} \), where

\[
r_{0} = \frac{e E_{0}}{m \omega^{2} - \mathrm{i} \frac{e^{2} \omega^{3}}{6 \pi \varepsilon_{0} c^{3}}}, \quad V = \dot{r} = -\mathrm{i} \omega r_{0} \mathrm{e}^{-\mathrm{i} \omega t}
\]","Thus, the time-averaged force on the electron is

\[
\begin{aligned}
\langle\boldsymbol{F}\rangle & = \left\langle -e \boldsymbol{E}_{0} \mathrm{e}^{-\mathrm{i} \omega t} -e \boldsymbol{V} \times \boldsymbol{B} \right\rangle = -e\langle \boldsymbol{V} \times \boldsymbol{B} \rangle \\
& = -\frac{e}{2} \operatorname{Re}\left\langle \boldsymbol{V}^{*} \times \boldsymbol{B} \right\rangle = -\frac{e}{2} \operatorname{Re}\left\{ \frac{\mathrm{i} e \omega \boldsymbol{E}_{0}}{m \omega^{2} - \mathrm{i} \frac{e^{2} \omega^{3}}{6 \pi \varepsilon_{0} c^{3}}} \times \boldsymbol{B} \right\} \\
& = -\frac{e^{2}}{2 \mu_{0}} \langle \boldsymbol{S} \rangle \operatorname{Re}\left\{ \frac{\mathrm{i} \omega}{m \omega^{2} - \mathrm{i} \frac{e^{2} \omega^{3}}{6 \pi \varepsilon_{0} c^{3}}} \right\} \approx \frac{e^{4}}{12 \pi^{2} c^{5} \varepsilon_{0}^{2} m^{2}} \langle \boldsymbol{S} \rangle
\end{aligned}
\]","\[
\boxed{\frac{e^{4}}{12 \pi^{2} c^{5} \varepsilon_{0}^{2} m^{2}} \langle \boldsymbol{S} \rangle}
\]",EX,,False,EN,Math Derivation
400,Electromagnetism,Electrodynamics,Relativistic Electrodynamics,"A classical hydrogen atom has an electron in the first Bohr orbit at time \( t=0 \). Assume the electron's radiation is electric dipole radiation, with a radiation rate given by

\[
P=\frac{e^{2} a^{2}}{6 \pi \varepsilon_{0} c^{3}}
\]

where \( a \) is the acceleration. In a central force field, the energy and acceleration for circular motion are given by

\[
E=-\frac{e^{2}}{8 \pi \varepsilon_{0} r}, \quad a=\frac{e^{2}}{4 \pi \varepsilon_{0} m r^{2}}=\frac{v^{2}}{r}
\]

Derive the expression for the rate of decay of the orbital radius due to radiation.","Using \(\mathrm{d} E / \mathrm{d} t=-P\), from the above equations, it is straightforward to obtain

\[
\frac{\mathrm{d} r}{\mathrm{~d} t}=-\frac{e^{4}}{12 \pi^{2} \varepsilon_{0}^{2} c^{3} m^{2}} \cdot \frac{1}{r^{2}}
\]","\[
\boxed{\frac{\mathrm{d} r}{\mathrm{~d} t}=-\frac{e^{4}}{12 \pi^{2} \varepsilon_{0}^{2} c^{3} m^{2}} \cdot \frac{1}{r^{2}}}
\]",EX,,False,EN,Math Derivation
403,Electromagnetism,Electrodynamics,Propagation and Radiation of Electromagnetic Waves,"Expand the Coulomb potential $\varphi$ generated by a point charge into plane waves.

Solve the Poisson equation

\[
\nabla^{2} \varphi = -\frac{q}{\varepsilon_{0}} \delta(r) \tag{1}
\]

The spatial Fourier expansion of $\varphi$ is

\[
\varphi = \int \varphi_{k} e^{-\mathrm{i} k \cdot r} \,\mathrm{d}k \tag{2}
\]

Thus, we have

\[
\nabla^{2} \varphi = -k^{2} \int \varphi_{k} e^{-\mathrm{i} k \cdot r} \,\mathrm{d}k = -\frac{q}{\varepsilon_{0}} \delta(r) \tag{3}
\]

Therefore

\[
\varphi_{k} = \frac{1}{(2\pi)^{3}} \int \frac{q}{\varepsilon_{0} k^{2}} \delta(r) e^{\mathrm{i} k \cdot r} \,\mathrm{d}k = \frac{q}{(2\pi)^{3} \varepsilon_{0} k^{2}} \int \delta(r) e^{\mathrm{i} k \cdot r} \,\mathrm{d}k = \frac{q}{(2\pi)^{3} \varepsilon_{0} k^{2}} \tag{4}
\]","The Fourier expansion of the Coulomb potential $\varphi$ is given by

\[
\varphi = \int \varphi_{k} e^{-\mathrm{i} k \cdot r} \,\mathrm{d}k 
\]

By substituting this into Poisson's equation, we find that

\[
\nabla^{2} \varphi = -k^{2} \int \varphi_{k} e^{-\mathrm{i} k \cdot r} \,\mathrm{d}k = -\frac{q}{\varepsilon_{0}} \delta(r)
\]

This derives the expression for the Fourier coefficient $\varphi_{k}$ as:

\[
\varphi_{k} = \frac{q}{(2\pi)^{3} \varepsilon_{0} k^{2}}
\]",\boxed{\varphi_{k} = \frac{q}{(2\pi)^{3} \varepsilon_{0} k^{2}}},EQ,,False,EN,Math Derivation
406,Electromagnetism,Electrodynamics,Propagation and Radiation of Electromagnetic Waves,"A uniformly magnetized permanent magnet sphere with radius $R$ and magnetization intensity $\boldsymbol{M}_{0}$ rotates with a constant angular velocity $\omega$ about an axis that passes through the center and is perpendicular to $\boldsymbol{M}_{0}$. Assume $R \omega \ll c$, find the radiation fields $\boldsymbol{E}$ and $\boldsymbol{B}$.","Assume $\boldsymbol{M}_{0}$ rotates in the $xy$ plane around the $z$ axis. This rotation can be decomposed into two linear vibrations along the $x$ and $y$ axes. Consequently, the magnetic moment can be written as

\[
\boldsymbol{m}=\frac{4 \pi}{3} R^{3} \boldsymbol{M}_{0}\left(\boldsymbol{e}_{x}+\mathrm{i} \boldsymbol{e}_{y}\right) \mathrm{e}^{-\mathrm{i} \omega t} \tag{1}
\]

Using spherical coordinates, we have

\[
\boldsymbol{e}_{x}+\mathrm{i} \boldsymbol{e}_{y}=\left(\sin \theta \boldsymbol{e}_{r}+\cos \theta \boldsymbol{e}_{\theta}+\mathrm{i} \boldsymbol{e}_{\phi}\right) \mathrm{e}^{\mathrm{i} \phi} \tag{2}
\]

Also, from $\ddot{\boldsymbol{m}}=-\omega^{2} \boldsymbol{m}$, the radiation field is given by

\[
\boldsymbol{E}=-\frac{\mu_{0} \mathrm{e}^{\mathrm{i} k r}}{4 \pi c r}\left(\ddot{\boldsymbol{m}} \times \boldsymbol{e}_{r}\right)=\frac{\mu_{0} \omega^{2} R^{3} \boldsymbol{M}_{0}}{3 c r}\left(\mathrm{i} \boldsymbol{e}_{\theta}-\cos \theta \boldsymbol{e}_{\phi}\right) \mathrm{e}^{\mathrm{i}(k r-\omega t+\phi)} \tag{3}
\]

\[
\boldsymbol{B}=\frac{\mu_{0} \mathrm{e}^{\mathrm{i} k r}}{4 \pi c^{2} r}\left(\ddot{\boldsymbol{m}} \times \boldsymbol{e}_{r}\right) \times \boldsymbol{e}_{r}=\frac{\mu_{0} \omega^{2} R^{3} \boldsymbol{M}_{0}}{3 c^{2} r}\left(\cos \theta \boldsymbol{e}_{\theta}+\mathrm{i} \boldsymbol{e}_{\phi}\right) \mathrm{e}^{\mathrm{i}(k r-\omega t+\phi)} \tag{4}
\]","\boxed{\boldsymbol{E} = \frac{\mu_{0} \omega^{2} R^{3} \boldsymbol{M}_{0}}{3 c r}\left(\mathrm{i} \boldsymbol{e}_{\theta}-\cos \theta \boldsymbol{e}_{\phi}\right) \mathrm{e}^{\mathrm{i}(k r-\omega t+\phi)}, \boldsymbol{B} = \frac{\mu_{0} \omega^{2} R^{3} \boldsymbol{M}_{0}}{3 c^{2} r}\left(\cos \theta \boldsymbol{e}_{\theta}+\mathrm{i} \boldsymbol{e}_{\phi}\right) \mathrm{e}^{\mathrm{i}(k r-\omega t+\phi)}}",EX,"None, None",True,EN,Math Derivation
407,Electromagnetism,Electrodynamics,Interaction of Electromagnetic Fields with Matter,"Assume the ionosphere consists of a plasma of free electrons. Ignore collisions between electrons. There exists a frequency such that when the frequency of an electromagnetic wave is lower than this threshold, the electromagnetic wave will be totally reflected. If the electron concentration is $10^{11} \, \mathrm{m}^{-3}$ and $B=3 \times 10^{-5} \, \mathrm{T}$, calculate the cutoff frequencies for the left-handed and right-handed polarized waves.","When $n^{2}<0$, $n$ is an imaginary number, meaning electromagnetic waves cannot propagate in the plasma and will only be reflected. Therefore, when $n=0$, the electromagnetic wave's frequency is a cutoff frequency; when the electromagnetic wave's frequency is below this frequency, the wave is entirely reflected by the plasma.

From problem 7.9, we know that when the refractive indexes of the left-handed and right-handed waves $n_{\mathrm{L}}^{2}=n_{\mathrm{R}}^{2}=0$, the corresponding cutoff frequencies are $\omega_{\mathrm{LC}}, \omega_{\mathrm{RC}}$, and they are equal to

$$
\omega_{\mathrm{LC}}=\frac{\omega_{\mathrm{c}}+\sqrt{\omega_{\mathrm{c}}^{2}+4 \omega_{\mathrm{pe}}^{2}}}{2}, \quad \omega_{\mathrm{RC}}=\frac{-\omega_{\mathrm{c}}+\sqrt{\omega_{\mathrm{c}}^{2}+4 \omega_{\mathrm{pe}}^{2}}}{2}
$$

Where

$$
\omega_{\mathrm{pe}}^{2}=\frac{n e^{2}}{\varepsilon_{0} m}, \quad \omega_{\mathrm{c}}=\frac{e B}{m}
$$

Given $n=10^{11} \, \mathrm{m}^{-3}$, $B=3 \times 10^{-5} \, \mathrm{T}$, the mass and charge of an electron are

$$
m=9.1 \times 10^{-31} \, \mathrm{kg}, \quad e=1.6 \times 10^{-19} \, \mathrm{C}
$$

We find

$$
\omega_{\mathrm{pe}}=1.78 \times 10^{7} \, \mathrm{Hz}, \quad \omega_{\mathrm{c}}=5.27 \times 10^{6} \, \mathrm{Hz}
$$

Thus, we obtain $\omega_{\mathrm{LC}}=2.1 \times 10^{7} \, \mathrm{Hz}, \omega_{\mathrm{RC}}=1.5 \times 10^{7} \, \mathrm{Hz}$.","\boxed{2.1 \times 10^{7}, 1.5 \times 10^{7}}","NV, NV","\mathrm{Hz}, \mathrm{Hz}",True,EN,Laws Application
408,Electromagnetism,Electrodynamics,Propagation and Radiation of Electromagnetic Waves,"A plane electromagnetic wave is given, with frequency $\omega$ and wave number $k$, propagating along the $+z$ direction. For $z<0$, the medium is air $\left(\varepsilon=\varepsilon_{0}, \sigma=0\right)$, assuming the permeability of air and medium is the same, i.e., $\mu=\mu_{0}$. In the medium, if $\sigma \ll \varepsilon \omega$, find the transmission coefficient $T$ from $z<0$ to $z>0$.","Referring to problem 4.11, the ratio of the amplitude of the transmitted wave to the incident wave is

$$
\frac{E_{20}}{E_{10}}=\frac{2}{1+n^{\prime}}.
$$

Here, $n^{\prime}$ is the complex refractive index, and the complex permittivity is

$$
\varepsilon^{\prime}=\varepsilon+\mathrm{i} \frac{\sigma}{\omega}=\varepsilon\left(1+\mathrm{i} \frac{\sigma}{\varepsilon \omega}\right).
$$

When $\sigma \ll \varepsilon \omega$,

$$
\begin{aligned}
n^{\prime} & =\sqrt{\mu_{0} \varepsilon^{\prime} c^{2}}=\sqrt{\mu_{0} \varepsilon c^{2}}\left(1+\mathrm{i} \frac{\sigma}{\varepsilon \omega}\right)^{1 / 2} \\
& \approx \sqrt{\mu_{0} \varepsilon c^{2}}\left(1+\frac{\mathrm{i}}{2} \cdot \frac{\sigma}{\varepsilon \omega}\right).
\end{aligned}
$$

The usual refractive index is

$$
n=\sqrt{\mu_{0} \varepsilon c^{2}}=\sqrt{\frac{\varepsilon}{\varepsilon_{0}}}.
$$

Thus, we have

$$
n^{\prime}=n\left(1+\frac{\mathrm{i}}{2} \cdot \frac{\sigma}{\varepsilon \omega}\right).
$$

The average energy flow density is:  
For the incident wave

$$
\bar{S}_{1}=\frac{1}{2} \sqrt{\frac{\varepsilon_{0}}{\mu_{0}}}\left|E_{10}\right|^{2},
$$

For the transmitted wave

$$
\bar{S}_{2}=\frac{1}{2} \sqrt{\frac{\varepsilon_{0}}{\mu_{0}}}\left|E_{20}\right|^{2}.
$$

The definition of the transmission coefficient $T$ is

$$
\begin{aligned}
T & =\frac{\bar{S}_{2}}{\bar{S}_{1}}=\sqrt{\frac{\varepsilon}{\varepsilon_{0}}}\left|\frac{E_{20}}{E_{10}}\right|^{2}=\frac{4 n}{\left|1+n^{\prime}\right|^{2}} \\
& =\frac{4 n}{(1+n)^{2}+n^{2} \sigma^{2} / 4 \varepsilon^{2} \omega^{2}}.
\end{aligned}
$$",\boxed{\frac{4 n}{(1+n)^{2}+n^{2} \sigma^{2} / 4 \varepsilon^{2} \omega^{2}}},EX,,False,EN,Math Derivation
412,Electromagnetism,Electrodynamics,Relativistic Electrodynamics,"Consider the classical theory of atomic spectral line broadening, where an ""atom"" includes an electron of mass $m$ and charge $e$, subjected to a harmonic potential. Assume $m \ddot{x} + m \omega_{0}^{2} x = 0$, with vibrations damping solely due to radiation (this effect is ignored in part (a)). The oscillator's energy decays according to $U = U_{0} \mathrm{e}^{-\Gamma t}$. At this time, what is $\Gamma$ (you can assume that in one oscillation, the electron loses only a small portion of energy)?","When $\gamma = 0$, $x = x_{0} \mathrm{e}^{-i \omega_{0} t}$, the dipole radiation power is given by

$$
\bar{P} = \frac{1}{6 \pi \varepsilon_{0}} \cdot \frac{e^{2} |\ddot{x}|^{2}}{c^{3}} = \frac{1}{6 \pi \varepsilon_{0}} \cdot \frac{e^{2} \omega_{0}^{4} x_{0}^{2}}{c^{3}}
$$

Because

$$
U = \frac{1}{2} m \omega_{0}^{2} x_{0}^{2}
$$

Therefore,

$$
\bar{P} = \frac{e^{2} \omega_{0}^{2}}{3 \pi \varepsilon_{0} m c^{3}} U
$$

And

$$
\bar{P} = -\frac{\mathrm{d} U}{\mathrm{d} t}
$$

Thus,

$$
\frac{\mathrm{d} U}{\mathrm{d} t} + \frac{e^{2} \omega_{0}^{2}}{3 \pi \varepsilon_{0} m c^{3}} U = 0
$$

Therefore,

$$
U = U_{0} \mathrm{e}^{-\Gamma t}, \quad \Gamma = \frac{e^{2} \omega_{0}^{2}}{3 \pi \varepsilon_{0} m c^{3}}
$$",\boxed{\frac{e^{2} \omega_{0}^{2}}{3 \pi \varepsilon_{0} m c^{3}}},NV,,False,EN,Math Derivation
414,Electromagnetism,Electrodynamics,Relativistic Electrodynamics,"An electron with charge \( e \) and mass \( m \) is constrained by a linear restoring force. The force constant is \( K = m \omega_{0}^{2} \). When the electron oscillates, the formula for the radiation power is

\[ 
P = \frac{1}{6 \pi \varepsilon_{0}} \cdot \frac{e^{2} \dot{v}^{2}}{c^{3}} 
\]

where \(\dot{v}\) is the acceleration of the electron and \( c \) is the speed of light.

(b) Assuming the radiation damping force \( F_{\mathrm{s}} \) is proportional to the velocity \( v \), write the equation of motion for the electron and express the position of the electron as a function of time.","The equation of motion for the electron is

\[
m \ddot{x} = -m \omega_{0}^2 x - \frac{1}{6 \pi \varepsilon_{0}} \cdot \frac{e^2}{c^3} \omega_{0}^2 \dot{x}
\]

Let \(\gamma = \frac{1}{6 \pi \varepsilon_{0}} \cdot \frac{e^2 \omega_{0}^2}{m c^3}\), the above equation can be rewritten as

\[
\ddot{x} + \gamma \dot{x} + \omega_{0}^2 x = 0 \tag{3}
\]

When the damping force \( \boldsymbol{F}_{\mathrm{s}} \) is much smaller than the restoring force, \(\gamma \ll \omega_{0}\), its solution is

\[
x = x_{0} \mathrm{e}^{-\frac{\gamma}{2} t} \mathrm{e}^{-\mathrm{i} \omega_{0} t} \tag{4}
\]",\boxed{x = x_{0} \mathrm{e}^{-\frac{\gamma}{2} t} \mathrm{e}^{-\mathrm{i} \omega_{0} t}},EQ,,False,EN,Math Derivation
415,Electromagnetism,Electrodynamics,Relativistic Electrodynamics,"An infinitely long ion beam with a uniform circular cross-section has a uniform charge distribution of $q$ per unit length. In the laboratory reference frame, calculate the electric field intensity $\boldsymbol{E}$ and the magnetic field intensity $\boldsymbol{B}$ at a point located at a radial distance $r (< R)$ from the axis. Assume the radius of the beam is $R$ and the ion velocity is $v$.","The electric field $\boldsymbol{E}$ and magnetic field $\boldsymbol{B}$ in the laboratory frame can be obtained via relativistic transformations:

$$
\begin{aligned}
\boldsymbol{E} & = \gamma \boldsymbol{E}^{\prime} = \frac{r \gamma q^{\prime}}{2 \pi \varepsilon_{0} R^{2}} \boldsymbol{e}_{\mathrm{r}} = \frac{r q}{2 \pi \varepsilon_{0} R^{2}} \boldsymbol{e}_{\mathrm{r}}, \\
\boldsymbol{B} & = \gamma \frac{v}{c^{2}} \cdot \frac{r q^{\prime}}{2 \pi \varepsilon_{0} R^{2}} \boldsymbol{e}_{\theta} = \frac{v}{c} \cdot \frac{r q}{2 \pi \varepsilon_{0} c R^{2}} \boldsymbol{e}_{\theta}.
\end{aligned}
$$","\[
\boxed{\boldsymbol{E} = \frac{r q}{2 \pi \varepsilon_{0} R^{2}} \boldsymbol{e}_{\mathrm{r}}, \boldsymbol{B} = \frac{v}{c} \cdot \frac{r q}{2 \pi \varepsilon_{0} R^{2}} \boldsymbol{e}_{\theta}}
\]",EQ,,False,EN,Laws Application
417,Electromagnetism,Electrodynamics,Propagation and Radiation of Electromagnetic Waves,"Linearly polarized light \( E_z(z, t) = E_0 e^{i(kz - \omega t)} \) is normally incident on a material whose refractive indices for left-handed and right-handed circularly polarized light are \( n_L \) and \( n_R \), respectively. Use Maxwell's equations to calculate the electric field of the reflected light.","For normal incidence, the tangential components of \(\boldsymbol{E}\) and \(\boldsymbol{H}\) are continuous at the interface. Therefore, we have

\[
E + E'' = E', \quad H - H'' = H'
\]

since

\[
H = \sqrt{\frac{\varepsilon}{\mu}} E
\]

we obtain

\[
E - E'' = n E'
\]

Eliminating \( E' \), we get

\[
E'' = \frac{1-n}{1+n} E
\]

Thus, for the left-handed and right-handed components, we have

\[
E_L'' = \frac{1-n_L}{1+n_L} E_L, \quad E_R'' = \frac{1-n_R}{1+n_R} E_R
\]

The incident light can be decomposed into a superposition of left-handed and right-handed circularly polarized light

\[
\boldsymbol{E} = \begin{pmatrix} E_0 \\ 0 \end{pmatrix} = E_0 \begin{pmatrix} 1 \\ 0 \end{pmatrix} = \frac{1}{2} E_0 \begin{pmatrix} 1 \\ i \end{pmatrix} + \frac{1}{2} E_0 \begin{pmatrix} 1 \\ -i \end{pmatrix}
\]

According to the definition in electromagnetism, \(\begin{pmatrix} 1 \\ i \end{pmatrix}\) represents right-handed circularly polarized light, and \(\begin{pmatrix} 1 \\ -i \end{pmatrix}\) is left-handed. Therefore, the reflected light is

\[
\begin{aligned}
\boldsymbol{E}'' & = \frac{1}{2} E_0 \cdot \frac{1-n_R}{1+n_R} \begin{pmatrix} 1 \\ i \end{pmatrix} + \frac{1}{2} E_0 \frac{1-n_L}{1+n_L} \begin{pmatrix} 1 \\ -i \end{pmatrix} \\
& = \frac{1}{2} E_0 \begin{pmatrix} \frac{1-n_R}{1+n_R} + \frac{1-n_L}{1+n_L} \\ i\left(\frac{1-n_R}{1+n_R} - \frac{1-n_L}{1+n_L}\right) \end{pmatrix}
\end{aligned}
\]","\[
\boxed{\boldsymbol{E}'' = \frac{1}{2} E_0 \begin{pmatrix} \frac{1-n_R}{1+n_R} + \frac{1-n_L}{1+n_L} \\ i\left(\frac{1-n_R}{1+n_R} - \frac{1-n_L}{1+n_L}\right) \end{pmatrix}}
\]",EX,,False,EN,Math Derivation
421,Electromagnetism,Electrodynamics,Relativistic Electrodynamics,"A uniform beam of charged particles is moving with velocity \( v \), with a charge per unit length of \( \frac{q}{l} \). The charge is uniformly distributed within a cylinder of radius \( R \). Calculate the momentum density.","\[
\begin{aligned}
\boldsymbol{g} &= \varepsilon_{0} \boldsymbol{E} \times \boldsymbol{B} \\
&= 
\begin{cases}
\frac{v q^{2} r^{2}}{4 \pi^{2} \varepsilon_{0} c^{2} R^{4} l^{2}} \boldsymbol{e}_{x}, & r<R \\
\frac{v q^{2}}{4 \pi^{2} \varepsilon_{0} c^{2} r^{2} l^{2}} \boldsymbol{e}_{x}, & r>R
\end{cases}
\end{aligned}
\]","\[\boxed{\frac{v q^{2} r^{2}}{4 \pi^{2} \varepsilon_{0} c^{2} R^{4} l^{2}} \boldsymbol{e}_{x}, \frac{v q^{2}}{4 \pi^{2} \varepsilon_{0} c^{2} r^{2} l^{2}} \boldsymbol{e}_{x}}\]","EX, EX",,False,EN,Laws Application
423,Electromagnetism,Electrodynamics,Interaction of Electromagnetic Fields with Matter,"Given a beam of linearly polarized electromagnetic waves with wavelength $\lambda$ scattered by a small dielectric cylinder with a dielectric constant $K$, radius $b$, and height $h$. Given the electric dipole moment $\boldsymbol{P}$, calculate the power of dipole radiation $P$ when the cylinder's axis is perpendicular to the incident wave vector, and the electric field direction of the incident wave is parallel to the cylinder axis.","The power of the electric dipole radiation is

$$
P=\frac{|\ddot{\boldsymbol{P}}|^{2}}{12 \pi \varepsilon_{0} c^{3}}=\frac{\pi b^{4} h^{2} \varepsilon_{0} \omega^{4}(K-1)^{2} E_{0}^{2}}{12 c^{3}}
$$",\boxed{\frac{\pi b^{4} h^{2} \varepsilon_{0} \omega^{4}(K-1)^{2} E_{0}^{2}}{12 c^{3}}},NV,,False,EN,Practical Application
424,Electromagnetism,Electrodynamics,Relativistic Electrodynamics,"A particle with an initial velocity of zero, charge \( q \), and rest mass \( m \) is released in a spatial region where the electric field \(\boldsymbol{E}\) is directed along the \( y \) axis and the magnetic field \(\boldsymbol{B}\) is directed along the \( z \) axis. Provide the conditions needed for a Lorentz reference frame to exist in which the magnetic field is zero.","Let's consider the original coordinate system as the \(\Sigma\) system. The desired system \(\Sigma^{\prime}\) moves relative to the \(\Sigma\) system with velocity \( v \) along the \( x \) direction. In the \(\Sigma\) system, we have:

$$
\boldsymbol{E} = E \boldsymbol{e}_{y}, \quad \boldsymbol{B} = B \boldsymbol{e}_{z}
$$

Using the Lorentz transformation formulas, the electromagnetic fields \(\boldsymbol{E}^{\prime}\) and \(\boldsymbol{B}^{\prime}\) in \(\Sigma^{\prime}\) are given by:

$$
\begin{aligned}
& B_{x}^{\prime}=B_{z}=0, \quad B_{y}^{\prime}=\gamma\left(B_{y}+\frac{v}{c^{2}} E_{x}\right)=0 \\
& B_{z}^{\prime}=\gamma\left(B_{z}-\frac{v}{c^{2}} E_{y}\right)
\end{aligned}
$$

If \(\boldsymbol{B}^{\prime}=0\), then we have \(B-\frac{v}{c^{2}} E=0\), which gives \(v=\frac{c^{2} B}{E} \boldsymbol{e}_{x}\), with the condition \(c B \leq E\), and \(\boldsymbol{E}^{\prime}=\sqrt{E^{2}-c^{2} B^{2}} \boldsymbol{e}_{y}\).","\boxed{(-\infty, \frac{E}{cB}]}",IN,,False,EN,Laws Application
425,Electromagnetism,Electrodynamics,Propagation and Radiation of Electromagnetic Waves,"Consider a plane wave with a vector potential given by \( A_{\mu}(x)=a_{\mu} \mathrm{e}^{\mathrm{i}(\mathbf{k} \cdot \mathbf{z} - \omega t)} \), where \( a_{\mu} \) is a four-dimensional constant vector. Assume that \( \mathbf{k}=k \mathbf{e}_{z} \), and adopt a non-orthogonal basis with vectors \( \varepsilon^{(1) \mu} =(0,1,0,0) \), \( \varepsilon^{(2) \mu} =(0,0,1,0) \), \( \varepsilon^{(L) \mu} =\frac{1}{k}\left(\frac{\omega}{c}, 0,0, k\right) \), \( \varepsilon^{(B) \mu} =\frac{1}{k}\left(k, 0,0,-\frac{\omega}{c}\right) \). The vector potential \( a_{\mu} \) can be expressed in terms of the basis vectors as \( a_{\mu}=a_{1} \varepsilon^{(1) \mu}+a_{2} \varepsilon^{(2) \mu}+a_{L} \varepsilon^{(L) \mu}+a_{B} \varepsilon^{(B) \mu} \). Solve for conditions (a)-(d), and express the average energy density in terms of \( a_{1} \), \( a_{2} \), \( a_{L} \), and \( a_{B} \).","(f) Average energy density

$$
\bar{\omega}=\frac{1}{16 \pi}\left(|\mathbf{E}|^{2}+|\mathbf{B}|^{2}\right)=\frac{k^{2}}{8 \pi}\left(a_{1}^{2}+a_{2}^{2}\right)
$$",\boxed{\frac{k^{2}}{8 \pi}\left(a_{1}^{2}+a_{2}^{2}\right)},EX,,False,EN,Math Derivation
431,Electromagnetism,Electrodynamics,Relativistic Electrodynamics,"Consider the reference frame $\Sigma$ moving with velocity $v$ in the $x$ direction relative to the reference frame $\Sigma'$. In the reference frame $\Sigma'$, a particle moves with energy $E'$, velocity $v'$, and mass $m$ at an angle $\theta'$ to $v'$. Find the particle's energy $E$, momentum components $p_1$, and $p_2$ in the reference frame $\Sigma$.","Take the plane defined by $v$ and $v'$ as the $x, y$ plane. In the reference frame $\Sigma'$, the components of the particle's four-momentum are $p_{\mu}'=\left(p' \cos \theta', p' \sin \theta', 0, \frac{i E'}{c}\right)$. According to the Lorentz transformation, the energy and momentum components in the reference frame $\Sigma$ are

\[
E=\frac{E'+v p_{1}'}{\sqrt{1-\frac{v^{2}}{c^{2}}}}=\gamma E'\left(1+\frac{v v'}{c^{2}} \cos \theta'\right)
\]

\[
p_{1}=\frac{p_{1}'+\frac{v}{c^{2}} E'}{\sqrt{1-\frac{v^{2}}{c^{2}}}}=\gamma \frac{E'}{c^{2}}\left(v' \cos \theta'+v\right)
\]

\[
p_{2}=\frac{E' v'}{c^{2}} \sin \theta', \quad p_{3}=p_{3}'=0
\]","\[
\boxed{E = \gamma E'\left(1+\frac{v v'}{c^{2}} \cos \theta'\right), p_1 = \gamma \frac{E'}{c^{2}}\left(v' \cos \theta'+v\right), p_2 = \frac{E' v'}{c^{2}} \sin \theta'}
\]","EQ, EX, EX",,False,EN,Laws Application
433,Electromagnetism,Electrodynamics,Propagation and Radiation of Electromagnetic Waves,"A linearly polarized light \( E_z(z, t) = E_0 e^{i(kz - \omega t)} \) is incident normally onto a material with refractive indices \( n_L \) and \( n_R \) for left- and right-handed circularly polarized light, respectively. Use Maxwell's equations to calculate the intensity and polarization state of the reflected light.","The reflected light is elliptically polarized, and the intensity ratio \(\frac{I''}{I}\) is given by

\[
\begin{aligned}
\frac{I''}{I} & = \frac{1}{4}\left[\left(\frac{1-n_R}{1+n_R} + \frac{1-n_L}{1+n_L}\right)^2 + \left(\frac{1-n_R}{1+n_R} - \frac{1-n_L}{1+n_L}\right)^2\right] \\
& = \frac{1}{4}\left[2\left(\frac{1-n_R}{1+n_R}\right)^2 + 2\left(\frac{1-n_L}{1+n_L}\right)^2\right] = \frac{1}{2}\left[\left(\frac{1-n_R}{1+n_R}\right)^2 + \left(\frac{1-n_L}{1+n_L}\right)^2\right]
\end{aligned}
\]

This completes the corrected problem and its solution.","\[
\boxed{\frac{1}{2}\left[\left(\frac{1-n_R}{1+n_R}\right)^2 + \left(\frac{1-n_L}{1+n_L}\right)^2\right]}
\]",EX,,False,EN,Math Derivation
437,Electromagnetism,Electrodynamics,Interaction of Electromagnetic Fields with Matter,"In a highly current-dense electrically neutral plasma discharge, an antiproton beam is incident relativistically at velocity \( v \) parallel to the discharge arc axis and passes through a distance \( L \). Find:
(d) Using the thin lens approximation, determine the focal length of such a lens.","We use the previously calculated radial velocity increment \( v_{\mathrm{r}} \) to determine the focal length:

$$
h \approx v t = v \frac{r}{\left|v_{\mathrm{r}}\right|} = \frac{2 \pi m R^{2} v}{\mu_{0} e I L}
$$",\boxed{\frac{2 \pi m R^{2} v}{\mu_{0} e I L}},NV,,False,EN,Math Derivation
445,Electromagnetism,Electrodynamics,Propagation and Radiation of Electromagnetic Waves,"A charged particle with charge $q$ undergoes circular motion with a radius of $a$ and an angular frequency of $\omega$, satisfying the condition $\omega a \ll c$. Calculate the average radiated power.","Solution for the average energy flux density

\[
\overline{\boldsymbol{S}} = \frac{c}{2 \mu_{0}} |\boldsymbol{B}|^{2} \boldsymbol{e}_{r} = \frac{\mu_{0} \omega^{4} q^{2} a^{2}}{32 \pi^{2} c^{2} r^{2}}\left(1 + \cos^{2} \theta\right) \boldsymbol{e}_{r} \tag{4}
\]

Average radiated power

\[
\boldsymbol{P} = \oint \overline{\boldsymbol{S}} \cdot \boldsymbol{e}_{r} r^{2} \mathrm{~d} \Omega = \frac{\mu_{0} q^{2} a^{2} \omega^{4}}{6 \pi c} \tag{5}
\]",\boxed{\frac{\mu_{0} q^{2} a^{2} \omega^{4}}{6 \pi c}},NV,,False,EN,Math Derivation
447,Electromagnetism,Electrodynamics,Propagation and Radiation of Electromagnetic Waves,"A heavy atom, with a polarizability of $\alpha(\omega)$, is within an electromagnetic field

$$
\boldsymbol{E} = E_{0} e^{i(k x - \omega t)} \boldsymbol{e}_{z}
$$

and the atom is located at the origin of the coordinates. Find the radiated energy per unit solid angle.","The radiated energy per unit solid angle is equal to the average radiated energy flux density, given by

$$
\frac{\mathrm{d} W}{\mathrm{~d} \Omega} = \overline{\boldsymbol{S}} = \frac{c}{2 \mu_{0}} \left|\boldsymbol{B}\right|^{2} \boldsymbol{e}_{r} = \frac{\varepsilon_{0} \alpha^{2} E_{0}^{2} \omega^{4}}{32 \pi^{2} c^{4} r^{2}} \sin^{2} \theta \boldsymbol{e}_{r}
$$",\boxed{\frac{\varepsilon_{0} \alpha^{2} E_{0}^{2} \omega^{4}}{32 \pi^{2} c^{4} r^{2}} \sin^{2} \theta},EX,,False,EN,Math Derivation
448,Electromagnetism,Electrodynamics,Interaction of Electromagnetic Fields with Matter,"In the classical dispersion theory of light propagation in a medium, it is assumed that light waves interact with electrons bound in atoms by a simple harmonic potential. In the simplest case, the medium is considered to consist of electrons with the same resonant frequency $\omega_{0}$, containing $N$ electrons per unit volume. Calculate the response of the electrons to a linearly polarized plane wave, given that the amplitude of the wave's electric field is $E_{0}$ and its frequency is $\omega$.","The equation of motion for the electrons is

$$
m \ddot{x} = -m \omega_{0}^{2} x - e E_{0} e^{-\mathrm{i} \omega t}
$$

Assuming a solution of the form $x = x_{0} e^{-\mathrm{i} \omega t}$ and substituting it into the above equation, we obtain

$$
x = \frac{e E_{0}}{m\left(\omega^{2} - \omega_{0}^{2}\right)} e^{-\mathrm{i} \omega t}
$$",\boxed{\frac{e E_{0}}{m\left(\omega^{2} - \omega_{0}^{2}\right)} e^{-\mathrm{i} \omega t}},EX,,False,EN,Math Derivation
449,Electromagnetism,Electrodynamics,Propagation and Radiation of Electromagnetic Waves,"b) In ohms, find the equivalent radiation resistance of a square current-carrying sheet.","The equivalent radiation resistance per unit area is

$$
R_{\mathrm{T}} = \frac{P}{\frac{1}{2} \alpha^{2}} = \frac{\omega^{2}}{6 \pi \varepsilon_{0} c^{3}}
$$",\boxed{\frac{\omega^{2}}{6 \pi \varepsilon_{0} c^{3}}},NV,,False,EN,Knowledge Recall
454,Electromagnetism,Electrodynamics,Interaction of Electromagnetic Fields with Matter,"(b) Using the known characteristic frequency $\omega_{\mathrm{P}}$ and the formula for the refractive index of a dilute plasma $n=\sqrt{\varepsilon_{\mathrm{r}}}=\left(1-\frac{\omega_{\mathrm{P}}^{2}}{\omega^{2}}\right)^{\frac{1}{2}}$, calculate the distance from the Earth to the pulsar. It is known that pulse $f_{2}$ arrives $0.367 \ \mathrm{s}$ after $f_{1}$, with $\omega_{1}=2\pi f_{1}=2563 \ \mathrm{MHz}$ and $\omega_{2}=2\pi f_{2}=3833 \ \mathrm{MHz}$. The electron density is $N=10^{5} \ \mathrm{m}^{-3}$.","(b) Calculate the distance from the pulsar to Earth. From Question 7.19, we know

$$
L=c \Delta t /\left[\left(1-\frac{\omega_{\mathrm{P}}^{2}}{\omega_{1}^{2}}\right)^{-\frac{1}{2}}-\left(1-\frac{\omega_{\mathrm{P}}^{2}}{\omega_{2}^{2}}\right)^{-\frac{1}{2}}\right]
$$

Substituting the data $\Delta t=0.367 \ \mathrm{s}, \omega_{1}=2.563 \times 10^{9} \ \mathrm{Hz}, \omega_{2}=3.833 \times 10^{9} \ \mathrm{Hz}$ and

$$
\omega_{\mathrm{P}}=\sqrt{\frac{1}{\varepsilon_{0}} \cdot \frac{N e^{2}}{m_{e}}} \approx 1.8 \times 10^{4} \ \mathrm{Hz}
$$

Since $\omega_{1}, \omega_{2}$ are much greater than $\omega_{\mathrm{P}}$, we can approximate:

$$
L \approx \frac{2 c \Delta t}{\omega_{\mathrm{P}}^{2}\left(\frac{1}{\omega_{1}^{2}}-\frac{1}{\omega_{2}^{2}}\right)} \approx 8.6 \times 10^{2} \ \mathrm{(light\ years)}
$$

Thus, the pulsar is approximately 1000 light years away from Earth.",\boxed{1000},NV,\text{},False,EN,Practical Application
457,Electromagnetism,Electrodynamics,Propagation and Radiation of Electromagnetic Waves,"Four identical monochromatic coherent wave sources emit waves with the same wavelength $\lambda$. Two receivers, $R_{1}$ and $R_{2}$, are located at a great distance from the wave sources, and the distances from $R_{1}$ and $R_{2}$ to point B are equal. Which receiver receives the stronger signal?","Let the distance from $R_{1}$ and $R_{2}$ to B be $r$, where obviously $r \ll \lambda$. Assuming the amplitude of the electric vector of the wave generated by each source is $E_{0}$, the total amplitude of the electric field received by each receiver should be:

$$
R_{1}: \quad E_{10} = E_{0} \exp \left[\mathrm{i} K \left(r - \frac{\lambda}{2}\right)\right] + E_{0} \exp (\mathrm{i} K r) + E_{0} \exp \left[\mathrm{i} K \left(r + \frac{\lambda}{2}\right)\right] + E_{0} \exp \left[\mathrm{i} K \sqrt{r^{2}+\frac{\lambda^{2}}{4}}\right]
$$

$$
R_{2}: \quad E_{20} = E_{0} \exp (\mathrm{i} K r) + E_{0} \exp \left[\mathrm{i} K \left(r + \frac{\lambda}{2}\right)\right] + 2 E_{0} \exp \left[\mathrm{i} K \sqrt{r^{2}+\frac{\lambda^{2}}{4}}\right]
$$

Since $K \lambda = 2 \pi$, it follows that $\exp \left[ \pm \mathrm{i} \frac{K \lambda}{2} \right] = \exp ( \pm \mathrm{i} \pi) = -1$, and since $r \gg \lambda$, we have $\sqrt{r^{2}+\frac{\lambda^{2}}{4}} \approx r$, thus $E_{0} \exp \left[\mathrm{i} K \sqrt{r^{2}+\frac{\lambda^{2}}{4}}\right] \approx E_{0} \exp (\mathrm{i} K r)$. Therefore, we obtain:

$$
\begin{gathered}
E_{10} \approx 0, \quad E_{20} \approx 2 E_{0}^{2} \exp (\mathrm{i} K r) \\
I_{1} = 0, \quad I_{2} \approx 4 E_{0}^{2}
\end{gathered}
$$

Hence, $R_{2}$ receives the stronger signal.",\boxed{R_2},MC,,False,EN,Math Derivation
465,Electromagnetism,Electrodynamics,Propagation and Radiation of Electromagnetic Waves,c) Calculate the force per unit area on one side due to radiation when the surface current density per unit length is 1000 A.,"\(\frac{P}{2}\) is the energy of electromagnetic waves radiated into the air from the unit area of the thin surface per unit time. This energy exerts pressure back on the sheet. Since the speed of electromagnetic waves is \(c\), the pressure on each side per unit area is

\[
F = \frac{\frac{P}{2}}{c} = \frac{\alpha^{2} \omega^{2}}{24 \pi \varepsilon_{0} c^{4}}
\]

Substitute the known data, alternating current frequency \(f = 50 \mathrm{~Hz}, \alpha = 1000 \mathrm{~A}, \varepsilon_{0} = 8.85 \times 10^{-12} \mathrm{~F} / \mathrm{m}\), we obtain

\[
F \approx 1.83 \times 10^{-14} \mathrm{~N}
\]",\boxed{1.83 \times 10^{-14}},NV,\mathrm{N},False,EN,Practical Application
470,Electromagnetism,Electrodynamics,Relativistic Electrodynamics,"If a particle moves according to \( z(t)=a \cos \omega_{0} t \), find \(\frac{\mathrm{d} P}{\mathrm{~d} \Omega}\).","If \(z = a \cos \omega_{0} t\), then

\[
\dot{\boldsymbol{\beta}}=\frac{\dot{\boldsymbol{v}}}{c}=-\frac{a \omega_{0}^{2}}{c} \cos \omega_{0} t \boldsymbol{e}_{z}
\]

Hence

\[
\begin{gathered}
\left|\dot{\boldsymbol{\beta}}_{0}\right|^{2}=\left(\frac{a \omega_{0}^{2}}{c}\right)^{2} \\
\frac{\mathrm{d} P}{\mathrm{~d} \Omega}=\frac{e^{2}}{32 \pi^{2} \varepsilon_{0} c}\left(\frac{a \omega_{0}^{2}}{c}\right)^{2} \sin^{2} \theta=\frac{e^{2} a^{2} \omega_{0}^{4}}{32 \pi^{2} \varepsilon_{0} c^{3}} \sin^{2} \theta
\end{gathered}
\]",\boxed{\frac{e^{2} a^{2} \omega_{0}^{4}}{32 \pi^{2} \varepsilon_{0} c^{3}} \sin^{2} \theta},EX,,False,EN,Math Derivation
473,Electromagnetism,Electrodynamics,Interaction of Electromagnetic Fields with Matter,"An electron with a charge of $e$ and mass $m$ is scattered by the Coulomb field of a heavy nucleus with a charge of $Ze$. Assume the incident velocity of the electron is $v_0 (v_0 \ll c)$, and the impact parameter is $b$. Determine the equation of motion of the electron in the Coulomb field and calculate the rate of change of velocity $\dot{\boldsymbol{v}}^2$.","The equation of motion for the scattered electron is

\[
m \dot{\boldsymbol{v}} = -\frac{Z e^2}{4 \pi \varepsilon_0 r^3} \boldsymbol{r}
\]

From the equation above, the rate of change of velocity is obtained as

\[
\dot{\boldsymbol{v}}^2 = \frac{Z^2 e^4}{16 \pi^2 \varepsilon_0^2 m^2 r^4}
\]",\boxed{\frac{Z^2 e^4}{16 \pi^2 \varepsilon_0^2 m^2 r^4}},NV,,False,EN,Laws Application
475,Electromagnetism,Electrodynamics,Propagation and Radiation of Electromagnetic Waves,"A plane electromagnetic wave with intensity \( I \) strikes a glass plate with a refractive index \( n \). The wave vector is perpendicular to the surface (normal incidence). Ignoring all coherent effects, calculate the radiation pressure on the plate as a function of \( n \).","For a plane electromagnetic wave, the energy density is \( w_{0} \), and the momentum density is \( g \), where \( g \) is in the same direction as the wave vector \( K \). The relationships are \( w = \varepsilon E^{2} \) and \( w = vg \), where \( v \) is the phase velocity of the plane electromagnetic wave. When this plane electromagnetic wave enters a medium, the momentum passing through a surface unit area normal to \( \mathbf{n}_{0} \) per unit time should be \( vg \cdot n_{0} \), which represents the radiation pressure of the electromagnetic wave on that surface.

Generally, one should calculate the average radiation pressure over a period. For this problem, the velocity of the incident wave is \( c \), and the velocity of the transmitted wave is \( v \). Therefore, the radiation pressure on the glass plate is

$$
\overline{\mathbf{P}} = c \overline{\mathbf{g} \cdot \mathbf{n}_{0}} - c \overline{\mathbf{g}^{\prime} \cdot \mathbf{n}_{0}} - v \overline{\mathbf{g}^{\prime \prime} \cdot \mathbf{n}_{0}} = \bar{w} + \overline{w^{\prime}} - \overline{w^{\prime \prime}}
$$

The time-averaged energy density is given by \( \bar{w} = \frac{1}{2} \operatorname{Re}(\varepsilon|\mathbf{E}|^{2}) = \frac{1}{2} \varepsilon E_{0}^{2} \), hence

$$
\begin{aligned}
\bar{P} &= \frac{1}{2} \varepsilon_{0}(E_{0}^{2} + E_{0}^{\prime 2} - n E_{0}^{\prime \prime 2}) \\
&= \frac{\varepsilon_{0}}{2}\left[1 + \left(\frac{1-n}{1+n}\right)^{2} - \frac{4n^{2}}{(1+n)^{3}}\right] E_{0}^{2} \\
&= \frac{\varepsilon_{0}(1-n)}{1+n}E_{0}^{2}
\end{aligned}
$$

Given that the incident light intensity \( I \) is equal to the average incident energy flux

$$
I = \bar{S} = \frac{\varepsilon_{0} c}{2} E_{0}^{2}
$$

Thus, the final average radiation pressure is

$$
\bar{P} = \frac{2(1-n)}{c(1+n)} I
$$",\boxed{\frac{2(1-n)}{c(1+n)} I},EX,,False,EN,Practical Application
476,Electromagnetism,Electrodynamics,Interaction of Electromagnetic Fields with Matter,"A ""dilute"" plasma is composed of free charges with mass $m$ and charge $e$. There are $n$ charges per unit volume, and the density is uniform. Assume that the interactions between charges can be neglected. A plane electromagnetic wave with frequency $\omega$ and wave number $k$ is incident into this plasma. Express the conductivity $\sigma$ as a function of $\omega$. The plasma frequency is defined as

$$
\omega_{\mathrm{pe}}^{2}=\frac{n e^{2}}{\varepsilon_{0} m}
$$","In the non-relativistic case, the incident wave's electric vector is $\boldsymbol{E}=\boldsymbol{E}_{0} e^{-\mathrm{i} \omega t}$, and the contribution of the magnetic vector can be neglected. Thus, the equation of motion for the charge $e$ in the plasma is

$$
m \ddot{\boldsymbol{x}}=e \boldsymbol{E}_{0} e^{-\mathrm{i} \omega t}
$$

Assume a solution of the form $x=x_{0} e^{-\mathrm{i} \omega t}$, then we solve for

$$
\boldsymbol{x}_{0}=-\frac{e \boldsymbol{E}_{0}}{m \omega^{2}}, \quad \boldsymbol{x}=-\frac{e \boldsymbol{E}}{m \omega^{2}}
$$

In the plasma, the current density vector is

$$
j=n e \dot{\boldsymbol{x}}=\mathrm{i} \frac{n e^{2}}{m \omega} \boldsymbol{E}
$$

Therefore, the conductivity is

$$
\sigma=\frac{j}{E}=\mathrm{i} \frac{n e^{2}}{m \omega}
$$","\[
\boxed{\mathrm{i} \frac{n e^{2}}{m \omega}}
\]",EX,,False,EN,Math Derivation
477,Electromagnetism,Electrodynamics,Propagation and Radiation of Electromagnetic Waves,c) In which frequency range is the lowest TE mode the only TE wave that can be excited? What happens to waves of other modes?,"(c) The cutoff frequency for the $\mathrm{TE}_{10}$ or $\mathrm{TE}_{01}$ wave is

$$
\omega_{1}=\frac{\pi}{\sqrt{\mu \varepsilon} l}
$$

The cutoff frequency for the $\mathrm{TE}_{11}$ mode is

$$
\omega_{2}=\frac{\sqrt{2} \pi}{\sqrt{\mu \varepsilon} l}
$$

Therefore, when $\frac{\pi}{\sqrt{\mu \varepsilon} l} \leqslant \omega \leqslant \frac{\sqrt{2} \pi}{\sqrt{\mu \varepsilon} l}$, the $\mathrm{TE}_{10}$ and $\mathrm{TE}_{01}$ are the only waves that can propagate in the waveguide.\\
For waves of other modes, $k_{z}$ will be an imaginary number. The propagation factor $e^{ik_{z} z}$ becomes an attenuation factor, and the electromagnetic wave rapidly attenuates in the $z$ direction, unable to propagate in the waveguide.","\boxed{\left[\frac{\pi}{\sqrt{\mu \varepsilon} l}, \frac{\sqrt{2} \pi}{\sqrt{\mu \varepsilon} l}\right]}",IN,,False,EN,Laws Application
479,Electromagnetism,Electrodynamics,Interaction of Electromagnetic Fields with Matter,"A plane electromagnetic wave with a wavelength of $\lambda$ is incident on an insulating dielectric sphere, with the sphere having a radius of $a$ and a dielectric constant of $\varepsilon$. Assume $a \ll \lambda$. The incident wave is given by $\boldsymbol{E}=\boldsymbol{E}_{0} e^{i(K R-\omega t)}$. In this field, the polarized insulating dielectric sphere is equivalent to a dipole placed at the origin of the coordinates, with a total polarization given by

$$
\boldsymbol{P}(t)=\frac{4 \pi \varepsilon_{0} (\varepsilon-\varepsilon_{0})}{\varepsilon+2 \varepsilon_{0}} a^{3} \boldsymbol{E}_{0} e^{-i \omega t}.
$$

Derive the acceleration of the dipole $\ddot{\boldsymbol{P}}(t)$, assuming $\boldsymbol{E}_{0}$ is directed towards the $+z$ direction.","By further assuming $\boldsymbol{E}_{0}$ is in the $+z$ direction, we have

$$
\ddot{\boldsymbol{P}}(t)=-\frac{4 \pi \varepsilon_{0} (\varepsilon-\varepsilon_{0}) a^{3} E_{0} \omega^{2}}{\varepsilon+2 \varepsilon_{0}} e^{-i \omega t} \boldsymbol{e}_{z}.
$$",\boxed{-\frac{4 \pi \varepsilon_{0} (\varepsilon-\varepsilon_{0}) a^{3} E_{0} \omega^{2} e^{-i \omega t} \boldsymbol{e}_{z}},EX,,False,EN,Math Derivation
480,Electromagnetism,Electrodynamics,Relativistic Electrodynamics,"For a non-relativistic moving charged particle \( e \), with velocity \( \beta c \), acceleration \(\dot{\beta} c\), and a unit vector \(\boldsymbol{n}'\) pointing from the charge to the observer, express the average radiation power per unit solid angle \(\frac{\mathrm{d} P}{\mathrm{~d} \Omega}\).","For a non-relativistic particle (\(\beta \ll 1\)), the radiation field is

\[
\begin{aligned}
& \boldsymbol{E}=\frac{1}{4 \pi \varepsilon_{0}} \cdot \frac{e \boldsymbol{n}' \times\left(\boldsymbol{n}' \times \dot{\boldsymbol{\beta}} \boldsymbol{c}\right)}{c^{2} r}=\frac{e}{4 \pi \varepsilon_{0} c r} \boldsymbol{n}' \times\left(\boldsymbol{n}' \times \dot{\boldsymbol{\beta}}\right) \\
& \boldsymbol{B}=\frac{1}{c} \boldsymbol{n}' \times \boldsymbol{E}
\end{aligned}
\]

The instantaneous energy flux is

\[
\boldsymbol{S}(t)=\frac{1}{\mu_{0}} \boldsymbol{E} \times \boldsymbol{B}=\frac{1}{\mu_{0} c} \boldsymbol{E}^{2} \boldsymbol{n}'=\frac{e^{2}}{16 \pi^{2} \varepsilon_{0} c r^{2}}\left|\boldsymbol{n}' \times\left(\boldsymbol{n}' \times \dot{\boldsymbol{\beta}}\right)\right|^{2} \boldsymbol{n}'
\]

If the motion is periodic, i.e., \(\dot{\boldsymbol{\beta}}=\dot{\boldsymbol{\beta}}_{0} e^{i \omega t}\), the time-averaged energy flux can be found as

\[
\begin{aligned}
\overline{\boldsymbol{S}} &=\frac{1}{2 \mu_{0}} \operatorname{Re}\left\{\boldsymbol{E}^{*} \times \boldsymbol{B}\right\}=\frac{1}{2 \mu_{0} c} \boldsymbol{E}^{*} \cdot \boldsymbol{E} \boldsymbol{n}' \\
&=\frac{e^{2}}{32 \pi^{2} \varepsilon_{0} c r^{2}}\left|\boldsymbol{n}' \times\left(\boldsymbol{n}' \times \dot{\boldsymbol{\beta}}_{0}\right)\right|^{2} \boldsymbol{n}'
\end{aligned}
\]

The power angular distribution is

\[
\frac{\mathrm{d} P}{\mathrm{~d} \Omega}=\overline{\boldsymbol{S}} \cdot \boldsymbol{n}' r^{2}=\frac{e^{2}}{32 \pi^{2} \varepsilon_{0} c}\left|\boldsymbol{n}' \times\left(\boldsymbol{n}' \times \dot{\boldsymbol{\beta}}_{0}\right)\right|^{2}
\]

If the angle between \(\boldsymbol{n}'\) and \(\dot{\boldsymbol{\beta}}\) is \(\theta\), then

\[
\frac{\mathrm{d} P}{\mathrm{~d} \Omega}=\frac{e^{2}}{32 \pi^{2} \varepsilon_{0} c}\left|\dot{\boldsymbol{\beta}}_{0}\right|^{2} \sin^{2} \theta
\]",\boxed{\frac{e^{2}}{32 \pi^{2} \varepsilon_{0} c}\left|\dot{\boldsymbol{\beta}}_{0}\right|^{2} \sin^{2} \theta},EX,,False,EN,Math Derivation
483,Electromagnetism,Electrodynamics,Relativistic Electrodynamics,"From the perspective of a stationary observer A, an infinitely long, ideally conductive straight wire with a radius of \( r_{0} \) carries a constant current \( i \), with a charge density of 0. The current is generated by a stream of electrons moving at high speed (relativistic velocity) \( U \) with uniform density. Another observer B moves at a high speed (relativistic velocity) \( v \) parallel to the wire. Question: At what speed do the electron stream and ion stream move?","In the \(\Sigma\) frame, the electron stream velocity is \(v_{0}=-U e_{z}\), and the ion stream velocity is \(v_{i}=0\). By using the Lorentz velocity transformation formula, their velocities in the \(\Sigma^{\prime}\) frame are:
\[
v_{\mathrm{c}}^{\prime}=-\frac{v+U}{1+\frac{v U}{c^{2}}} \boldsymbol{e}_{z}, \quad v_{\mathrm{i}}^{\prime}=-v \boldsymbol{e}_{z}
\]","\boxed{v_{\mathrm{c}}^{\prime}=-\frac{v+U}{1+\frac{v U}{c^{2}}}, v_{\mathrm{i}}^{\prime}=-v}","EX, EX","\mathrm{m/s}, \mathrm{m/s}",True,EN,Laws Application
489,Electromagnetism,Electrodynamics,Propagation and Radiation of Electromagnetic Waves,"a) On one side of a thin sheet carrying a uniform alternating current, what is the radiated power per unit area?","As shown in Figure 5.2 of the problem, in the thin sheet, through a surface current, the current density per unit length is given by \(\alpha = \alpha \mathrm{e}^{-\mathrm{i} \omega t}\). For a distant point, the thin sheet can be considered as a small dipole, so the rate of change of the dipole moment per unit area is

$$
\dot{p} = \alpha \mathrm{e}^{-\mathrm{i} \omega t} e_{r}
$$

$$
<image 1>
$$

Figure 5.2 of the problem.

Therefore, the power radiated from the unit area of the thin sheet is

$$
P = \frac{1}{4 \pi \varepsilon_{0}} \cdot \frac{|\ddot{p}|^{2}}{3 c^{2}} = \frac{\alpha^{2} \omega^{2}}{12 \pi \varepsilon_{0} c^{3}}
$$

Since the thickness \(\delta\) is very small, the radiation primarily emits from the upper and lower surfaces. Thus, the power radiated per unit area from one side of the thin sheet is

$$
\frac{P}{2} = \frac{\alpha^{2} \omega^{2}}{24 \pi \varepsilon_{0} c^{3}}
$$",\boxed{\frac{\alpha^{2} \omega^{2}}{24 \pi \varepsilon_{0} c^{3}}},NV,,False,EN,Laws Application
490,Electromagnetism,Electrodynamics,Propagation and Radiation of Electromagnetic Waves,"The radiation field of an oscillating electric dipole $P(t)$ is given by

$$
\begin{aligned}
\boldsymbol{B}(r, t) & =-\frac{\mu_{0}}{4 \pi r c} \boldsymbol{e}_{\mathrm{r}} \times \frac{\partial^{2}}{\partial t^{2}} \boldsymbol{P}\left(t-\frac{r}{c}\right) \\
\boldsymbol{E}(r, t) & =-c \boldsymbol{e}_{\mathrm{r}} \times \boldsymbol{B}(r, t)
\end{aligned}
$$

A point charge $q$ at the origin is irradiated by a beam of plane linearly polarized electromagnetic wave. Assume the $z$-axis is the direction of propagation for the incident light, and the $x$-axis is the direction of polarization for the incident light. Write down the relationship between the radiation intensity and angle.","$\boldsymbol{E}_{0}=E_{0} \boldsymbol{e}_{x}$, and

$$
e_{\mathrm{r}} \times e_{x}=\cos \theta \cos \phi e_{\mathrm{r}}-\sin \phi e_{\theta}
$$

The radiation intensity, i.e., the average radiation energy flow density, is given by

$$
\begin{aligned}
\overline{\boldsymbol{S}} & =\frac{1}{2} \operatorname{Re}\left\{\boldsymbol{E}^{*} \times \boldsymbol{H}\right\} \\
& =\frac{1}{2 \mu_{0}} \operatorname{Re}\left\{-c\left(\boldsymbol{e}_{\mathrm{r}} \times \boldsymbol{B}^{*}\right) \times \boldsymbol{B}\right\}
\end{aligned}
$$

According to the diagram 5.4, $e_{\mathrm{r}} \cdot \boldsymbol{B}_{0}=0$, hence

$$
\overline{\boldsymbol{S}}=\frac{c}{2 \mu_{0}}|\boldsymbol{B}|^{2} \boldsymbol{e}_{\mathrm{r}}=\frac{\mu_{0} q^{4} E_{0}^{2}}{32 \pi^{2} c m^{2} r^{2}}\left(\cos ^{2} \theta \cos ^{2} \phi+\sin ^{2} \phi\right) \boldsymbol{e}_{\mathrm{r}}
$$","\[
\boxed{\overline{\boldsymbol{S}}=\frac{\mu_{0} q^{4} E_{0}^{2}}{32 \pi^{2} c m^{2} r^{2}}\left(\cos ^{2} \theta \cos ^{2} \phi+\sin ^{2} \phi\right) \boldsymbol{e}_{\mathrm{r}}}
\]",EX,,False,EN,Laws Application
496,Electromagnetism,Electrodynamics,Relativistic Electrodynamics,"In a stationary reference frame \( s^{\prime}(O^{\prime} x^{\prime} y^{\prime} z^{\prime}) \), there are two non-conductive parallel plates carrying uniform charge densities \( +\sigma \) and \( -\sigma \), respectively. These parallel plates move along the \( x \)-axis at a speed \( v \) (which is not very small compared to \( c \)). Under these circumstances, determine the magnitude and direction of the electric field and magnetic field between the plates in the stationary reference frame \( s^{\prime} \) (neglect edge effects).","In the stationary reference frame \( s^{\prime} \), the magnetic field is \( B^{\prime} \) and the electric field is \( E^{\prime} \). According to the problem statement, in the \( s^{\prime} \) frame, the magnetic field is

\[
B_{x}^{\prime} = B_{y}^{\prime} = B_{z}^{\prime} = 0,
\]

and the electric field is

\[
E_{x}^{\prime} = E_{y}^{\prime} = 0, \quad E_{z}^{\prime} = -\frac{\sigma}{\varepsilon_{0}}.
\]

Therefore, in the reference frame \( s^{\prime} \), there exists only an electric field along the \( z^{\prime} \) axis, with a magnitude of \( -\frac{\sigma}{\varepsilon_{0}} \) pointing in the negative \( z \)-axis direction, while the magnitude of the magnetic field is zero.","\boxed{E_{z}^{\prime} = -\frac{\sigma}{\varepsilon_{0}}, B^{\prime} = 0}","EQ, NV","\text{C/m}^2, None",True,EN,Knowledge Recall
497,Electromagnetism,Electrodynamics,Relativistic Electrodynamics,"In the reference frame $\Sigma$, the electric field and magnetic field are perpendicular to each other. The reference frame $\Sigma^{\prime}$ moves in the direction of $\boldsymbol{E} \times \boldsymbol{B}$. What velocity should $\Sigma^{\prime}$ have relative to $\Sigma$ in order for there to be only an electric field in $\Sigma^{\prime}$?","According to the problem statement, in the frame $\Sigma$, $\boldsymbol{E} \perp \boldsymbol{B}$, and $v // \boldsymbol{E} \times \boldsymbol{B}$, thus we have $\boldsymbol{E} \cdot \boldsymbol{B}=0, \boldsymbol{E}_{//}=\boldsymbol{B}_{//}=0$. From the relation of field changes, in the frame $\Sigma^{\prime}$, the field quantities are given by

\[
\boldsymbol{E}_{//}^{\prime} = \boldsymbol{E}_{//}, \quad \boldsymbol{E}_{\perp}^{\prime} = \gamma(\boldsymbol{E} + \boldsymbol{v} \times \boldsymbol{B})_{\perp}
\]

where $\gamma = \frac{1}{\sqrt{1-\frac{v^{2}}{c^{2}}}}$. From this equation, for $\boldsymbol{E}^{\prime} = 0$, it requires $\boldsymbol{E} = \boldsymbol{B} \times \boldsymbol{v}$. Further, using

\[
\boldsymbol{E} \times \boldsymbol{B} = (\boldsymbol{B} \times \boldsymbol{v}) \times \boldsymbol{B} = B^{2} \boldsymbol{v} - (\boldsymbol{B} \cdot \boldsymbol{v}) \boldsymbol{B} = B^{2} \boldsymbol{v}
\]

we know that the velocity needs to be of the form

\[
\boldsymbol{v} = \frac{\boldsymbol{E} \times \boldsymbol{B}}{\boldsymbol{B}^{2}}
\]

to achieve $\boldsymbol{E}^{\prime} = 0$. At this velocity, the magnetic field becomes

\[
\boldsymbol{B}^{\prime} = \gamma\left(\boldsymbol{B} - \frac{\boldsymbol{v}}{c^{2}} \times \boldsymbol{E}\right) = \gamma\left(1 - \frac{E^{2}}{c^{2} B^{2}}\right) = \frac{\boldsymbol{B}}{\gamma} \neq 0
\]

Moreover,

\[
\frac{1}{\gamma^{2}} = 1 - \frac{v^{2}}{c^{2}} = 1 - \frac{(E \times B)^{2}}{c^{2} B^{4}} = \frac{c^{2} B^{2} - E^{2}}{c^{2} B^{2}}>0
\]

In summary, when $c^{2} B^{2} > E^{2}$, and taking $v = \frac{\boldsymbol{E} \times \boldsymbol{B}}{B^{2}}$, we have $\boldsymbol{E}^{\prime} = 0$, $\boldsymbol{B}^{\prime} \neq 0$.",\boxed{\boldsymbol{v} = \frac{\boldsymbol{E} \times \boldsymbol{B}}{\boldsymbol{B}^{2}}},EQ,,False,EN,Math Derivation
498,Electromagnetism,Electrodynamics,Propagation and Radiation of Electromagnetic Waves,"Point charges with charge $e$ are located at the two ends of a rod of length $2l$, and the rod rotates with a constant angular velocity $\omega$ around an axis that is perpendicular to the rod and passes through its center. Determine the electric quadrupole moment.","The position vectors of the two point charges are

$$
\mathbf{r}_1 = -\mathbf{r}_2 = l \cos \frac{\omega t}{2} \mathbf{e}_x + l \sin \frac{\omega t}{2} \mathbf{e}_y
$$

Therefore, the electric quadrupole moment is

$$
\begin{aligned}
\mathbf{D} & = 3e(\mathbf{r}_1 \mathbf{r}_1 + \mathbf{r}_2 \mathbf{r}_2) = 6e \mathbf{r}_1 \mathbf{r}_2 \\
& = 3el^2 [(1 + \cos \omega t) \mathbf{e}_x \mathbf{e}_x + \sin \omega t (\mathbf{e}_x \mathbf{e}_y + \mathbf{e}_y \mathbf{e}_x) + (1 - \cos \omega t) \mathbf{e}_y \mathbf{e}_y]
\end{aligned}
$$",\boxed{3el^2 [(1 + \cos \omega t) \mathbf{e}_x \mathbf{e}_x + \sin \omega t (\mathbf{e}_x \mathbf{e}_y + \mathbf{e}_y \mathbf{e}_x) + (1 - \cos \omega t) \mathbf{e}_y \mathbf{e}_y]},EX,,False,EN,
501,Electromagnetism,Electrodynamics,Propagation and Radiation of Electromagnetic Waves,"a) Determine the average radiated power of a current element with a moment $I l$. Here $l$ is the length of the current element, which is much smaller than the wavelength of the radiation, and $I$ varies as $\cos \omega t$.","(a) The current element can be regarded as an electric dipole with frequency $\omega$, and its complex form electric dipole moment is $p=p_{0} \mathrm{e}^{-\mathrm{i} \omega t}$. Since $I=\frac{\mathrm{d} q}{\mathrm{~d} t}$, we know $p_{0}=\frac{I l}{\omega}$. Therefore, the average radiated power is

$$
\bar{P}=\frac{1}{4 \pi \varepsilon_{0}} \cdot \frac{|\ddot{p}|^{2}}{3 c^{2}}=\frac{1}{4 \pi \varepsilon_{0}} \cdot \frac{I^{2} l^{2} \omega^{2}}{3 c^{2}}
$$","\[
\boxed{\frac{I^{2} l^{2} \omega^{2}}{12 \pi \varepsilon_{0} c^{2}}}
\]",NV,,False,EN,Laws Application
503,Electromagnetism,Electrodynamics,Propagation and Radiation of Electromagnetic Waves,"A point charge with charge \( e \) is located at both ends of a line segment of length \( 2l \), and the segment rotates with a constant angular velocity \( \omega \) about an axis perpendicular to the line and passing through its center. Find the magnetic dipole moment.","The magnetic dipole moment

\[
\mathbf{m} = I S \mathbf{e}_x = \frac{2e}{T} \cdot (\pi l^{2}) \mathbf{e}_z = 2 e \omega l^{2} \mathbf{e}_z
\]

is a constant in magnitude.",\boxed{2 e \omega l^{2} \mathbf{e}_z},EX,,False,EN,Laws Application
504,Electromagnetism,Electrodynamics,Relativistic Electrodynamics,"An ideal conducting sphere moves with a constant velocity \( v = v \mathbf{e}_{x} (v \ll c) \) in a uniform magnetic field \(\mathbf{B} = B \mathbf{e}_{y}\). Calculate the form of the electric potential outside the conducting sphere in the reference frame \(\Sigma^{\prime}\), which moves with the sphere. Assume that, to the lowest-order approximation, the electric field in \(\Sigma^{\prime}\) is a uniform external electric field.","In the frame \(\Sigma^{\prime}\), \( E^{\prime} \) is a uniform external electric field, and the potential outside the conducting sphere should be

\[
\varphi^{\prime} = -r^{\prime} E^{\prime} \cos \theta^{\prime} + \frac{E^{\prime} R^{3}}{r^{\prime 2}} \cos \theta^{\prime}
\]

\(\theta^{\prime}\) is the angle between \(\mathbf{e}_x\) and \(\mathbf{r}^{\prime}\).

\[ <image 1> \]",\boxed{-r^{\prime} E^{\prime} \cos \theta^{\prime} + \frac{E^{\prime} R^{3}}{r^{\prime 2}} \cos \theta^{\prime}},EX,,False,EN,Laws Application
506,Electromagnetism,Electrodynamics,Propagation and Radiation of Electromagnetic Waves,"Given a plane electromagnetic wave with frequency $\omega$ and wave number $k$, propagating along the $+z$ direction. The region $z<0$ is occupied by air $\left(\varepsilon=\varepsilon_{0}, \sigma=0\right)$, assuming that the permeability of the air and the medium is the same, i.e., $\mu=\mu_{0}$. Find the dispersion relation in the lossy medium (i.e., the relationship between $\omega$ and $k$).","(a) When a plane electromagnetic wave enters a lossy medium perpendicularly from vacuum, the wave vector of the transmitted wave is $k^{\prime}=(\beta+\mathrm{i} \alpha) e_{z}$. The relationship between the wave number $\boldsymbol{k}^{\prime}$ and frequency $\omega$ is given by $\boldsymbol{k}^{\prime 2}=\omega^{2} \mu\left(\varepsilon+\mathrm{i} \frac{\sigma}{\omega}\right)$. Thus, we have

$$
\begin{aligned}
& \beta^{2}-\alpha^{2}=\omega^{2} \mu_{0} \varepsilon, \\
& \alpha \beta=\frac{1}{2} \omega \mu_{0} \sigma.
\end{aligned}
$$

By solving these two equations simultaneously, we get

$$
\begin{aligned}
& \beta=\omega \sqrt{\mu_{0} \varepsilon}\left[\frac{1}{2}\left(1+\sqrt{1+\frac{\sigma^{2}}{\varepsilon^{2} \omega^{2}}}\right)\right]^{1 / 2}, \\
& \alpha=\omega \sqrt{\mu_{0} \varepsilon}\left[\frac{1}{2}\left(-1+\sqrt{1+\frac{\sigma^{2}}{\varepsilon^{2} \omega^{2}}}\right)\right]^{1 / 2}.
\end{aligned}
$$","\boxed{\beta = \omega \sqrt{\mu_{0} \varepsilon} \left[\frac{1}{2}\left(1+\sqrt{1+\frac{\sigma^{2}}{\varepsilon^{2} \omega^{2}}}\right)\right]^{1 / 2}, \alpha = \omega \sqrt{\mu_{0} \varepsilon} \left[\frac{1}{2}\left(-1+\sqrt{1+\frac{\sigma^{2}}{\varepsilon^{2} \omega^{2}}}\right)\right]^{1 / 2}}",EX,"\text{radians/m}, \text{radians/m}",True,EN,Math Derivation
507,Electromagnetism,Electrodynamics,Relativistic Electrodynamics,"A point charge $e$ moves with a constant velocity $v$ along the $z$-axis. At time $t$, it is located at point $Q$ with coordinates $x=0, y=0, z=vt$. Determine the vector potential $A$ at time $t$ at the point $P(x=b, y=0, z=0)$.","(b) The vector potential is given by

\[
\boldsymbol{A}_{p}(t) = \frac{e v}{4 \pi \varepsilon_{0} c^{2} \left( r - \frac{\boldsymbol{v} \cdot \boldsymbol{r}}{c} \right)} \boldsymbol{e}_{z}
\]

Substituting into equation (3), we get

\[
\boldsymbol{A}_{p}(t) = \frac{e v}{4 \pi \varepsilon_{0} c^{2} \sqrt{\left( 1 - \beta^{2} \right) b^{2} + v^{2} t^{2}}} \boldsymbol{e}_{z}
\]",\boxed{\frac{e v}{4 \pi \varepsilon_{0} c^{2} \sqrt{\left( 1 - \beta^{2} \right) b^{2} + v^{2} t^{2}}} \boldsymbol{e}_{z}},EX,,False,EN,Laws Application
508,Electromagnetism,Electrodynamics,Relativistic Electrodynamics,"In a cyclotron, electrons are accelerated in a magnetic field that changes over time. Let \(B_{\mathrm{av}} = \frac{\psi_{\mathrm{B}}}{\pi R^{2}}\), where \(\psi_{\mathrm{B}}\) is the magnetic flux through the orbit, and let \(B_{0}\) equal \(\boldsymbol{B}(r=R, z=0)\).

(b) Suppose there is a change \(\Delta B_{\mathrm{av}}\) in \(B_{\mathrm{av}}\) and a change \(\Delta B_{0}\) in \(B_{0}\). If the electron's momentum increases while the radius of its orbit \(R\) remains unchanged, what is the relationship between \(\Delta B_{\mathrm{av}}\) and \(\Delta B_{0}\)?","The increase in \(B_{0}\) causes a greater radial force (centripetal force) on the electron, while the increase in \(B_{\mathrm{av}}\) gives the electron a tangential acceleration. According to the problem, the radius of the electron's orbit remains unchanged. Let the increase in velocity be \(\Delta v\). Then we have

\[
e(v+\Delta v)\left(B_{0}+\Delta B_{0}\right)=m \frac{(v+\Delta v)^{2}}{R} \tag{1}
\]

and

\[
m \Delta v = \int_{0}^{\Delta t} F_{\text{tangential}} \, \mathrm{d}t = \int_{0}^{\Delta t} e \frac{1}{2 \pi R} \cdot \frac{\mathrm{~d} \psi_{\mathrm{B}}}{\mathrm{~d} t} = \frac{e \Delta \psi_{\mathrm{B}}}{2 \pi R}
\]

Since \(\Delta \psi_{\mathrm{B}} = \Delta B_{\mathrm{av}} \pi R^{2}\), we have

\[
m \Delta v = \frac{e R \Delta B_{\mathrm{av}}}{2} \tag{2}
\]

Note that \(e B_{0} = m \frac{v}{R}\). Combining equation (1) and equation (2), and neglecting higher-order small terms, we obtain

\[
\Delta B_{0} = \frac{1}{2} \Delta B_{\mathrm{av}}
\]",\boxed{\Delta B_{0} = \frac{1}{2} \Delta B_{\mathrm{av}}},EQ,,False,EN,Math Derivation
510,Electromagnetism,Electrodynamics,Propagation and Radiation of Electromagnetic Waves,"A harmonic plane wave with frequency \( v \) is incident perpendicularly on the interface between two media with refractive indices \( n_{1} \) and \( n_{2} \). The part of the energy, denoted as \( \rho \), is reflected, forming a standing wave with the incident wave. Note that when the wave travels from a lower refractive index medium to a higher refractive index medium \(\left(n_{2} > n_{1}\right)\), the phase of the electric field of the reflected wave changes by \( \pi \). Find the expression for the total electric field as a function of the distance \( z \) from the interface. Determine the positions where \(\left\langle E^{2}\right\rangle\) reaches its maximum and minimum values.","As shown in Figure 4.14, the electric field of the incident wave is \( E_{0} \cos (k z - \omega t) \). Since the phase of the reflected wave differs by \( \pi \) from that of the incident wave, the amplitude \( \boldsymbol{E}_{0}^{\prime} \) of the reflected wave is opposite to \( \boldsymbol{E}_{0} \). According to the problem statement, a portion \( \rho \) of the incident energy is reflected, and the energy is proportional to \( E_{0}^{2} \), thus we have

$$
E_{0}^{\prime 2} = \rho E_{0}^{2}
$$

Therefore, the electric field of the reflected wave is \( -\sqrt{\rho} E_{0} \cos (k z + \omega t) \), and the total electric field is

$$
\boldsymbol{E} = \boldsymbol{E}_{0} \cos (k z - \omega t) - \sqrt{\rho} \boldsymbol{E}_{0} \cos (k z + \omega t)
$$

The square of the total electric field is

$$
E^{2} = E_{0}^{2} \cos^{2}(k z - \omega t) + \rho E_{0}^{2} \cos^{2}(k z + \omega t) - \sqrt{\rho} E_{0}^{2} (\cos 2kz + \cos 2\omega t)
$$

Its average value over one period \( T = \frac{2 \pi}{\omega} \) is

$$
\left\langle E^{2} \right\rangle = \frac{1}{T} \int_{0}^{T} E^{2} \, \mathrm{d}t = \frac{(1 + \rho) E_{0}^{2}}{2} - \sqrt{\rho} E_{0}^{2} \cos 2 k z
$$

When \( k z = m \pi \), namely \( z = \frac{m c}{2 v n_{1}} \), \(\left\langle E^{2} \right\rangle\) reaches its minimum value, where \( m = 0, 1, 2, \cdots \), and the minimum value is

$$
\left\langle E^{2} \right\rangle_{\min} = \frac{(1 - \sqrt{\rho})^{2}}{2} E_{0}^{2}
$$

When \( k z = \frac{(2m + 1) \pi}{2} \) (\( m = 0, 1, 2, \cdots \)), which is \( z = \frac{(2m + 1)c}{4 v n_{1}} \), the maximum value is

$$
\left\langle E^{2} \right\rangle_{\max} = \frac{(1 + \sqrt{\rho})^{2}}{2} E_{0}^{2}
$$","\boxed{z=\frac{m c}{2 v n_{1}}, z=\frac{(2 m+1) c}{4 v n_{1}}}",EQ,"\text{None, None}",True,EN,Math Derivation
513,Electromagnetism,Electrodynamics,Relativistic Electrodynamics,"Observe two non-conductive parallel plates in the laboratory reference frame $s(Oxyz)$. These two plates have uniform charge densities of $+\sigma$ and $-\sigma$ on the top and bottom in the rest reference frame, respectively, and move together with a velocity $v$ along the positive $x$-axis. Determine the magnitude and direction of the electric and magnetic fields between the two plates in the laboratory reference frame (neglect edge effects).","In the laboratory reference frame $s(Oxyz)$, the relationship between the electromagnetic fields in the $s$ system and the rest reference frame $s^{\prime}$ system is given by

$$
\begin{aligned}
E_{x} &= E_{x}^{\prime}, & B_{x} &= B_{x}^{\prime} \\
E_{y} &= \frac{E_{y}^{\prime} + v B_{z}^{\prime}}{\sqrt{1-\frac{v^{2}}{c^{2}}}}, & B_{y} &= \frac{B_{y}^{\prime} - \frac{v}{c^{2}} E_{z}^{\prime}}{\sqrt{1-\frac{v^{2}}{c^{2}}}} \\
E_{z} &= \frac{E_{z}^{\prime} - v B_{y}^{\prime}}{\sqrt{1-\frac{v^{2}}{c^{2}}}}, & B_{z} &= \frac{B_{z}^{\prime} + \frac{v}{c^{2}} E_{y}^{\prime}}{\sqrt{1-\frac{v^{2}}{c^{2}}}}
\end{aligned}
$$

Substituting the known values in the $s^{\prime}$ system: $B_{x}^{\prime} = B_{y}^{\prime} = B_{z}^{\prime} = 0$, $E_{x}^{\prime} = E_{y}^{\prime} = 0$, $E_{z}^{\prime} = -\frac{\sigma}{\varepsilon_{0}}$, we obtain

$$
\begin{aligned}
E_{x} &= 0, & B_{x} &= 0, \\
E_{y} &= 0, & B_{y} &= \frac{\sigma v / \varepsilon_{0} c^{2}}{\sqrt{1-\frac{v^{2}}{c^{2}}}}, \\
E_{z} &= \frac{-\sigma / \varepsilon_{0}}{\sqrt{1-\frac{v^{2}}{c^{2}}}}, & B_{z} &= 0.
\end{aligned}
$$

Therefore, in the laboratory frame, the electric field magnitude is $\frac{\sigma / \varepsilon_{0}}{\sqrt{1-v^{2} / c^{2}}}$, directed in the negative $z$-axis; the magnetic field magnitude is $\frac{\sigma v / \varepsilon_{0} c^{2}}{\sqrt{1-v^{2} / c^{2}}}$, directed in the positive $y$-axis.","\boxed{\frac{\sigma}{\varepsilon_{0} \sqrt{1-v^{2} / c^{2}}}, \frac{\sigma v}{\varepsilon_{0} c^{2} \sqrt{1-v^{2} / c^{2}}}}","EX, EX","\text{None}, \text{None}",True,EN,Laws Application
516,Electromagnetism,Electrodynamics,Propagation and Radiation of Electromagnetic Waves,"$N$ atoms with polarizability $\alpha$ are placed along the x-axis, with a distance $a$ between adjacent atoms. A plane-polarized light is incident on the system, propagating in the $+x$ direction, with the polarization vector along the z-axis, i.e., $\boldsymbol{E}=\left(0,0, E_{0} \mathrm{e}^{\mathrm{i}(k x-\omega t)}\right)$. Calculate the general relation of the radiation power with respect to $\phi$ in the xy-plane, and plot the case when $k a \gg 1$.","In the xy-plane, $\theta=90^{\circ}, \sin \theta=1$, the angular distribution is

$$
\frac{\mathrm{d} \bar{P}}{\mathrm{~d} \Omega} \propto \frac{\sin ^{2}\left[\frac{1}{2} N k a(1-\cos \phi)\right]}{\sin ^{2}\left[\frac{1}{2} k a(1-\cos \phi)\right]}=\frac{\sin ^{2}\left[N k a \sin ^{2} \frac{\phi}{2}\right]}{\sin ^{2}\left[k a \sin ^{2} \frac{\phi}{2}\right]}
$$

When $k a \gg 1$, using the formula

$$
\pi \delta(x)=\lim _{k \rightarrow \infty} \frac{\sin ^{2} k x}{k^{2} x^{2}}
$$

it gives

$$
\frac{\sin ^{2}(N k x)}{\sin ^{2}(k x)}=\frac{N^{2} \sin ^{2}(N k x) / N^{2} k^{2} x^{2}}{\sin ^{2}(k x) / k^{2} x^{2}} \xlongequal{k \rightarrow \infty} \frac{\pi N^{2} \delta(N x)}{\pi \delta(x)}=N
$$

Thus, the radiation angular distribution becomes a constant, resulting in a circular pattern in the xy-plane, as shown in Fig. 5.23(c) in the problem's diagram.",\boxed{\frac{\sin ^{2}\left[N k a \sin ^{2} \frac{\phi}{2}\right]}{\sin ^{2}\left[k a \sin ^{2} \frac{\phi}{2}\right]}},EX,,False,EN,Math Derivation
517,Electromagnetism,Electrodynamics,Propagation and Radiation of Electromagnetic Waves,"A plane electromagnetic wave with an angular frequency of $\omega$ is incident perpendicularly onto a non-absorbing material slab. The surface of the slab is taken as the $xy$ plane, and the material is anisotropic with a dielectric constant given by

\[
\begin{aligned}
& \varepsilon_{xx}=n_{x}^{2} \varepsilon_{0}, \quad \varepsilon_{yy}=n_{y}^{2} \varepsilon_{0}, \quad \varepsilon_{zz}=n_{z}^{2} \varepsilon_{0}, \\
& \varepsilon_{yx}=\varepsilon_{xz}=\varepsilon_{yz}=0, \quad n_{x} \neq n_{y}.
\end{aligned}
\]

For a material slab of thickness $d$, derive the equations for the amplitude and phase of the transmitted wave's electric field for polarization in the $x$ and $y$ directions.","When the medium slab has thickness $d$, the transmitted wave $E^{\prime \prime}$ becomes the incident wave at the $z=d$ plane. To differentiate the waves in this section from those in part (a), a subscript ""1"" is added. The incident wave can be described as

\[
\begin{aligned}
& \boldsymbol{k}_{1}=k_{1} \boldsymbol{n}, \quad k_{1}=\sqrt{\varepsilon_{0}} n_{z} k, \\
& \boldsymbol{E}_{1}=E_{1x} \boldsymbol{e}_{x}+E_{1y} \boldsymbol{e}_{y}, \\
& E_{1x}=\frac{2}{1+\frac{\sqrt{\varepsilon_{0}} n_{z}}{n_{x}^{2}}} E_{x}, \quad E_{1y}=\frac{2}{1+\frac{\sqrt{\varepsilon_{0}} n_{z}}{n_{y}^{2}}} E_{y}, \\
& \boldsymbol{n} \times \boldsymbol{H}_{1}=-\frac{\omega}{k_{1}}\left(\varepsilon_{xx} E_{1x} \boldsymbol{e}_{x}+\varepsilon_{yy} E_{1y} \boldsymbol{e}_{y}\right).
\end{aligned}
\]

The reflected wave is given by

\[
\begin{aligned}
& \boldsymbol{k}_{1}^{\prime}=-k_{1} \boldsymbol{n}, \\
& \boldsymbol{E}_{1}^{\prime}=E_{1x}^{\prime} \boldsymbol{e}_{x}+E_{1y}^{\prime} \boldsymbol{e}_{y}, \\
& \boldsymbol{n} \times \boldsymbol{H}_{1}^{\prime}=\frac{\omega}{k_{1}}\left(\varepsilon_{xx} E_{1x}^{\prime} \boldsymbol{e}_{x}+\varepsilon_{yy} E_{1y}^{\prime} \boldsymbol{e}_{y}\right).
\end{aligned}
\]

The transmitted wave in vacuum is described by

\[
\begin{aligned}
& \boldsymbol{k}_{1}^{\prime \prime}=k \boldsymbol{n}, \\
& \boldsymbol{E}_{1}^{\prime \prime}=E_{1x}^{\prime \prime} \boldsymbol{e}_{x}+E_{1y}^{\prime \prime} \boldsymbol{e}_{y}, \\
& \boldsymbol{n} \times \boldsymbol{H}_{1}^{\prime \prime}=-\varepsilon_{0} \frac{\omega}{k}\left(E_{1x}^{\prime \prime} \boldsymbol{e}_{x}+E_{1y}^{\prime \prime} \boldsymbol{e}_{y}\right).
\end{aligned}
\]

The boundary conditions at the $z=d$ interface are

\[
\begin{align*}
& E_{1x} \mathrm{e}^{\mathrm{i} k_{1} d}+E_{1x}^{\prime} \mathrm{e}^{-\mathrm{i} k_{1} d}=E_{1x}^{\prime \prime} \mathrm{e}^{\mathrm{i} k d}, \tag{5}\\
& E_{1y} \mathrm{e}^{\mathrm{i} k_{1} d}+E_{1y}^{\prime} \mathrm{e}^{-\mathrm{i} k_{1} d}=E_{1y}^{\prime \prime} \mathrm{e}^{\mathrm{i} k d}, \tag{6}\\
& \frac{\omega}{k_{1}} \varepsilon_{xx}\left(E_{1x} \mathrm{e}^{\mathrm{i} k_{1} d}-E_{1x}^{\prime} \mathrm{e}^{-\mathrm{i} k_{1} d}\right)=\varepsilon_{0} \frac{\omega}{k} E_{1x}^{\prime \prime} \mathrm{e}^{\mathrm{i} k d}, \tag{7}\\
& \frac{\omega}{k_{1}} \varepsilon_{yy}\left(E_{1y} \mathrm{e}^{\mathrm{i} k_{1} d}-E_{1y}^{\prime} \mathrm{e}^{-\mathrm{i} k_{1} d}\right)=\varepsilon_{0} \frac{\omega}{k} E_{1y}^{\prime \prime} \mathrm{e}^{\mathrm{i} k d}. \tag{8}
\end{align*}
\]

Simplifying equations (7) and (8), we have

\[
\begin{align*}
& E_{1x} \mathrm{e}^{\mathrm{i} k_{1} d}-E_{1x}^{\prime} \mathrm{e}^{-\mathrm{i} k_{1} d}=\frac{\varepsilon_{0} k_{1}}{\varepsilon_{xx} k} E_{1x}^{\prime \prime} \mathrm{e}^{\mathrm{i} k d}, \tag{9}\\
& E_{1y} \mathrm{e}^{\mathrm{i} k_{1} d}-E_{1y}^{\prime} \mathrm{e}^{-\mathrm{i} k_{1} d}=\frac{\varepsilon_{0} k_{1}}{\varepsilon_{yy} k} E_{1y}^{\prime \prime} \mathrm{e}^{\mathrm{i} k d}. \tag{10}
\end{align*}
\]

Equations (5), (6), (9), and (10) form the system of equations for the electromagnetic wave during the second reflection. As there is a subsequent third reflection, the electromagnetic wave continues to propagate within the dielectric layer through reflection and transmission at the upper and lower surfaces of the layer.","\boxed{E_{1x} \mathrm{e}^{\mathrm{i} k_{1} d}+E_{1x}^{\prime} \mathrm{e}^{-\mathrm{i} k_{1} d}=E_{1x}^{\prime \prime} \mathrm{e}^{\mathrm{i} k d}, E_{1y} \mathrm{e}^{\mathrm{i} k_{1} d}+E_{1y}^{\prime} \mathrm{e}^{-\mathrm{i} k_{1} d}=E_{1y}^{\prime \prime} \mathrm{e}^{\mathrm{i} k d}, E_{1x} \mathrm{e}^{\mathrm{i} k_{1} d}-E_{1x}^{\prime} \mathrm{e}^{-\mathrm{i} k_{1} d}=\frac{\varepsilon_{0} k_{1}}{\varepsilon_{xx} k} E_{1x}^{\prime \prime} \mathrm{e}^{\mathrm{i} k d}, E_{1y} \mathrm{e}^{\mathrm{i} k_{1} d}-E_{1y}^{\prime} \mathrm{e}^{-\mathrm{i} k_{1} d}=\frac{\varepsilon_{0} k_{1}}{\varepsilon_{yy} k} E_{1y}^{\prime \prime} \mathrm{e}^{\mathrm{i} k d}}","EQ, EQ, EQ, EQ",,True,EN,Math Derivation
520,Electromagnetism,Electrodynamics,Relativistic Electrodynamics,"An electron with charge \( e \) and mass \( m \) is constrained by a linear restoring force. The force coefficient is \( K = m \omega_{0}^{2} \). When the electron vibrates, the formula for the radiation power is

\[
P = \frac{1}{6 \pi \varepsilon_{0}} \cdot \frac{e^{2} \dot{v}^{2}}{c^{3}} 
\]

where \(\dot{v}\) is the acceleration of the electron, and \( c \) is the speed of light.

(a) Consider the radiation damping force \( F_{\mathrm{s}} \) that causes the loss of radiation energy. Assume the energy lost by the electron in each cycle is much smaller than the total energy. Using the energy relationship over a long time period, derive the expression for \( F_{\mathrm{s}} \). Under what conditions is \( F_{\mathrm{s}} \) proportional to \( v \)?","Since the negative power done by the damping force on the electron should equal the radiation power, we have

\[
-\int_{t_{1}}^{t_{2}} F_{\mathrm{s}} \cdot v \, \mathrm{d}t = \int_{t_{1}}^{t_{2}} \frac{1}{6 \pi \varepsilon_{0}} \cdot \frac{e^2}{c^3} \dot{v}^2 \, \mathrm{d}t = \int_{t_{1}}^{t_{2}} \frac{1}{6 \pi \varepsilon_{0}} \cdot \frac{e^2}{c^3} \dot{v} \cdot \, \mathrm{d}v
\]

\[
= \left. \frac{1}{6 \pi \varepsilon_{0}} \cdot \frac{e^2}{c^3} \dot{v} \cdot v \right|_{t_{1}}^{t_{2}} - \frac{1}{6 \pi \varepsilon_{0}} \cdot \frac{e^2}{c^3} \int_{t_{1}}^{t_{2}} \ddot{v} \cdot v \, \mathrm{d}t
\]

Let \( t_{2} - t_{1} = T \) represent one oscillation period. When we assume the energy loss in one cycle is much smaller than the total energy, the electron can be considered to undergo quasi-periodic motion, thus \(\left.v\right|_{t_{1}} = \left.v\right|_{t_{2}}, \left.\dot{v}\right|_{t_{1}} = \left.\dot{v}\right|_{t_{2}}\). From the equation above, we derive

\[
F_{\mathrm{s}} = \frac{1}{6 \pi \varepsilon_{0}} \cdot \frac{e^2}{c^3} \ddot{v} \tag{1}
\]

When the radiation damping force is very weak compared to the restoring force acting on the electron, the electron's displacement can be assumed as \( x = x_{0} \mathrm{e}^{-\mathrm{i} \omega_{0} t} \), yielding \(\ddot{v} = -\omega_{0}^2 v\), hence \( F_{\mathrm{s}} \) is proportional to \( v \), expressed as

\[
F_{\mathrm{s}} = -\frac{1}{6 \pi \varepsilon_{0}} \cdot \frac{e^2 \omega_{0}^2}{c^3} v \tag{2}
\]","\boxed{F_{\mathrm{s}} = \frac{1}{6 \pi \varepsilon_{0}} \cdot \frac{e^2}{c^3} \ddot{v}, \ F_{\mathrm{s}} = -\frac{1}{6 \pi \varepsilon_{0}} \cdot \frac{e^2 \omega_{0}^2}{c^3} v}","EQ, EX","\text{N}, \text{N}",True,EN,Math Derivation
521,Electromagnetism,Electrodynamics,Propagation and Radiation of Electromagnetic Waves,"$N$ atoms with a polarizability of $\alpha$ are placed along the $x$-axis, with a distance $a$ between adjacent atoms. The system is irradiated by a plane-polarized light propagating in the $+x$ direction, where the electric vector of the polarized light is along the $z$-axis, given by $\boldsymbol{E}=\left(0,0, E_{0} \mathrm{e}^{\mathrm{i}(k x-\omega t)}\right)$. Calculate the angular distribution of radiation detected at a point far away from the atoms $(r \gg \lambda, r \gg N a)$, expressing the result as a function of $\theta$ and $\phi$.","The position of the $m^{th}$ atom is

$$
\boldsymbol{x}_{m}=(m a, 0, 0)
$$

Under the irradiation of the plane wave, its dipole moment is

$$
\boldsymbol{P}_{m}=\alpha \varepsilon_{0} \boldsymbol{E}\left(\boldsymbol{x}_{m}, t\right)=\alpha \varepsilon_{0} E_{0} \mathrm{e}^{\mathrm{i}(k m a-\omega t)} \boldsymbol{e}_{z}
$$

At $r \gg \lambda, r \gg N a$, the radiation field produced by $N$ atoms is

$$
\boldsymbol{B}(\boldsymbol{r}, t)=\sum_{m=0}^{N-1} \frac{\mathrm{e}^{\mathrm{i} \boldsymbol{k}\left|\boldsymbol{r}-\boldsymbol{x}_{m}\right|}}{4 \pi \varepsilon_{0} c^{3} r}(\ddot{\boldsymbol{p}} \times \boldsymbol{n}), \quad \boldsymbol{n}=\boldsymbol{e}_{r}
$$

From the figure in the problem statement, $\left|\boldsymbol{r}-\boldsymbol{x}_{m}\right| \approx r-\boldsymbol{n} \cdot \boldsymbol{x}_{m}=r-m a \sin \theta \cos \phi$, substituting this into the above formula gives

$$
\boldsymbol{B}(\boldsymbol{r}, t)=-\frac{\omega^{2} a E_{0} \sin \theta \mathrm{e}^{\mathrm{i}(k r-\omega t)}}{4 \pi \varepsilon_{0} c^{3} r} \sum_{m=0}^{N-1} \mathrm{e}^{\mathrm{i} k m a(1-\cos \theta \cos \phi)} \boldsymbol{e}_{\phi}
$$

Using the formula $\left|\sum_{m=0}^{N-1} \mathrm{e}^{\mathrm{i} m z}\right|^{2}=\left|\frac{1-\mathrm{e}^{\mathrm{i} N z}}{1-\mathrm{e}^{\mathrm{i} z}}\right|^{2}=\frac{\sin ^{2}\left(\frac{N z}{2}\right)}{\sin ^{2} \frac{z}{2}}$, we can derive the average energy flow density of the radiation as

$$
\bar{S}=\frac{c}{2 \mu_{0}}|\boldsymbol{B}|^{2} \boldsymbol{n}=\frac{\omega^{4} a^{2} E_{0}^{2} \sin ^{2} \theta}{32 \pi^{2} \varepsilon_{0} c^{3} r^{2}} \cdot \frac{\sin ^{2}\left[\frac{1}{2} N k a(1-\sin \theta \cos \phi)\right]}{\sin ^{2}\left[\frac{1}{2} k a(1-\sin \theta \cos \phi)\right]} \boldsymbol{n}
$$

Therefore, the angular distribution is

$$
\frac{\mathrm{d} \bar{P}}{\mathrm{~d} \Omega}=\frac{\omega^{4} a^{2} E_{0}^{2} \sin ^{2} \theta}{32 \pi^{2} \varepsilon_{0} c^{3} r^{2}} \cdot \frac{\sin ^{2}\left[\frac{1}{2} N k a(1-\sin \theta \cos \phi)\right]}{\sin ^{2}\left[\frac{1}{2} k a(1-\sin \theta \cos \phi)\right]}
$$","\[
\boxed{\frac{\omega^{4} a^{2} E_{0}^{2} \sin ^{2} \theta}{32 \pi^{2} \varepsilon_{0} c^{3} r^{2}} \cdot \frac{\sin ^{2}\left[\frac{1}{2} N k a(1-\sin \theta \cos \phi)\right]}{\sin ^{2}\left[\frac{1}{2} k a(1-\sin \theta \cos \phi)\right]}}
\]",EX,,False,EN,Math Derivation
523,Electromagnetism,Electrodynamics,Propagation and Radiation of Electromagnetic Waves,"Two identical point charges $+q$ oscillate along the $z$ axis, with their positions given by:

$$
\begin{array}{ll}
z_{1} = z_{0} \sin \omega t, & z_{2} = -z_{0} \sin \omega t \\
x_{i} = y_{i} = 0, & i=1,2
\end{array}
$$

We observe the radiation field at a position vector $\boldsymbol{r}$, with the radiation wavelength being $\lambda$, and the condition $|\boldsymbol{r}| \gg \lambda \gg z_{0}$ holds. Calculate the radiation power per unit solid angle in the direction of $\boldsymbol{r}$.","The average energy flux density is given by

$$
\begin{aligned}
\overline{\boldsymbol{S}} & = \frac{1}{\mu_{0}} \overline{\operatorname{Re} \boldsymbol{E} \times \operatorname{Re} \boldsymbol{B}} \\
& = \frac{\mu_{0} \omega^{6} q^{2} z_{0}^{4} \sin^{2} \theta \cos^{2} \theta}{16 \pi^{2} c^{3} r^{2}} \overline{\sin^{2}(2 \omega t)} \boldsymbol{n}
\end{aligned}
$$

And

$$
\overline{\sin^{2}(2 \omega t)} = \frac{1}{T} \int_{0}^{T} \sin^{2}(2 \omega t) \mathrm{d} t = \frac{1}{2}
$$

Thus,

$$
\overline{\boldsymbol{S}} = \frac{\mu_{0} \omega^{6} q^{2} z_{0}^{4} \sin^{2} \theta \cos^{2} \theta}{32 \pi^{2} c^{3} r^{2}} \boldsymbol{n}
$$

The radiation power per unit solid angle is

$$
\frac{\mathrm{d} P}{\mathrm{d} \Omega} = \overline{\boldsymbol{S}} \cdot \boldsymbol{n} r^{2} = \frac{\mu_{0} \omega^{6} q^{2} z_{0}^{4} \sin^{2} \theta \cos^{2} \theta}{32 \pi^{2} c^{3}}
$$",\boxed{\frac{\mu_{0} \omega^{6} q^{2} z_{0}^{4} \sin^{2} \theta \cos^{2} \theta}{32 \pi^{2} c^{3}}},NV,\text{W},False,EN,Math Derivation
524,Electromagnetism,Electrodynamics,Propagation and Radiation of Electromagnetic Waves,"An electric dipole with an amplitude of \( P_{0} \) oscillates at a frequency \( \omega \). It is positioned at a distance \(\frac{a}{2}\) from an infinitely large ideal conductor plane, with the dipole moment direction parallel to that plane. For the region where \( r \gg \lambda \), determine the average angular distribution of its radiation.","The average energy flow density is

\[
\boldsymbol{S} = \frac{\varepsilon_{0} c}{2}|E|^{2} \boldsymbol{n} = \frac{\omega^{4} P_{0}^{2} \sin^{2} \theta}{8 \pi^{2} \varepsilon_{0} c^{3} r} \sin^{2}\left(\frac{k}{2} a \sin \theta \cos \varphi\right) \boldsymbol{n}
\]

The angular distribution of the radiation is

\[
\frac{\mathrm{d} \bar{P}}{\mathrm{~d} \Omega} = \overline{\boldsymbol{S}} \cdot \boldsymbol{n} r^{2}= \frac{\omega^{4} P_{0}^{2} \sin^{2} \theta}{8 \pi^{2} \varepsilon_{0} c^{3}} \sin^{2}\left(\frac{k}{2} a \sin \theta \cos \varphi\right)
\]

If \(\lambda \gg a\), then \(\sin \left(\frac{k}{2} a \sin \theta \cos \varphi\right) \approx \frac{k}{2} a \sin \theta \cos \varphi\), approximately giving

\[
\frac{\mathrm{d} \bar{P}}{\mathrm{~d} \Omega} \approx \frac{\omega^{6} P_{0}^{2} a^{2} \sin^{4} \theta \cos^{2} \varphi}{32 \pi^{2} \varepsilon_{0} c^{5}}
\]",\boxed{\frac{\omega^{6} P_{0}^{2} a^{2} \sin^{4} \theta \cos^{2} \varphi}{32 \pi^{2} \varepsilon_{0} c^{5}}},NV,,False,EN,Laws Application
528,Electromagnetism,Electrodynamics,Propagation and Radiation of Electromagnetic Waves,"Consider the following form of electromagnetic wave in free space

$$
\begin{aligned}
& \boldsymbol{E}(x, y, z, t) = \boldsymbol{E}_{0}(x, y) \mathrm{e}^{\mathrm{i} kz - \mathrm{i} \omega t}, \\
& \boldsymbol{B}(x, y, z, t) = \boldsymbol{B}_{0}(x, y) \mathrm{e}^{\mathrm{i} kz - \mathrm{i} \omega t}
\end{aligned}
$$

where $\boldsymbol{E}_{0}$ and $\boldsymbol{B}_{0}$ are in the $xy$ plane.

(a) Find the relationship between $k$ and $\omega$, and the relationship between $\boldsymbol{E}_{0}(x, y)$ and $\boldsymbol{B}_{0}(x, y)$. Prove that $\boldsymbol{E}_{0}(x, y)$ and $\boldsymbol{B}_{0}(x, y)$ satisfy the electrostatics and magnetostatics equations in free space.","(a) To find the relationship between $\boldsymbol{E}_{0}(x, y)$ and $\boldsymbol{B}_{0}(x, y)$, we should naturally use the following two Maxwell's equations:

$$
\nabla \times \boldsymbol{E} = -\frac{\partial \boldsymbol{B}}{\partial t}, \quad \nabla \times \boldsymbol{B} = \frac{1}{c^{2}} \cdot \frac{\partial \boldsymbol{E}}{\partial t}
$$

Substitute the given form of electromagnetic waves

$$
\begin{aligned}
& \boldsymbol{E}(x, y, z, t) = \boldsymbol{E}_{0}(x, y) \mathrm{e}^{\mathrm{i}(kz - \omega t)}, \\
& \boldsymbol{B}(x, y, z, t) = \boldsymbol{B}_{0}(x, y) \mathrm{e}^{\mathrm{i}(kz - \omega t)}
\end{aligned}
$$

into the above equations to obtain

\begin{align*}
& \mathrm{i} k \boldsymbol{e}_{z} \times \boldsymbol{E}_{0}(x, y) = \mathrm{i} \omega \boldsymbol{B}_{0}(x, y) - \nabla \times \boldsymbol{E}_{0} \tag{1}\\
& \mathrm{i} k \boldsymbol{e}_{z} \times \boldsymbol{B}_{0}(x, y) = -\mathrm{i} \frac{\omega}{c^{2}} \boldsymbol{E}_{0}(x, y) - \nabla \times \boldsymbol{B}_{0} \tag{2}
\end{align*}

Since $\boldsymbol{E}_{0}$ and $\boldsymbol{B}_{0}$ are in the $xy$ plane, it can be shown that $\nabla \times \boldsymbol{E}_{0}$ and $\nabla \times \boldsymbol{B}_{0}$ have only the $z$ component, while $\boldsymbol{e}_{z} \times \boldsymbol{E}_{0}$ and $\boldsymbol{e}_{z} \times \boldsymbol{B}_{0}$ are both in the $xy$ plane. From equations (1) and (2), we deduce that only

\begin{equation*}
\nabla \times \boldsymbol{E}_{0} = 0, \quad \nabla \times \boldsymbol{B}_{0} = 0 \tag{3}
\end{equation*}

and

\begin{align*}
& \boldsymbol{e}_{z} \times \boldsymbol{E}_{0}(x, y) = \frac{\omega}{k} \boldsymbol{B}_{0}(x, y) \tag{4}\\
& \boldsymbol{e}_{z} \times \boldsymbol{B}_{0}(x, y) = -\frac{\omega}{k c^{2}} \boldsymbol{E}_{0}(x, y) \tag{5}
\end{align*}

Using $\boldsymbol{e}_{z}$ to cross equation (4) and substituting equation (5), we find

\begin{equation*}
k = \frac{\omega}{c} \tag{6}
\end{equation*}

From equations (4) and (5), it is clear that $\boldsymbol{E}_{0}$, $\boldsymbol{B}_{0}$, and $\boldsymbol{e}_{z}$ are mutually orthogonal and form a right-handed system, and we have

\begin{equation*}
|\boldsymbol{E}_{0}(x, y)| = \frac{\omega}{k}|\boldsymbol{B}_{0}(x, y)| = c|\boldsymbol{B}_{0}(x, y)| \tag{7}
\end{equation*}

From Maxwell's equations $\nabla \cdot \boldsymbol{E} = 0, \nabla \cdot \boldsymbol{B} = 0$, we can derive

\begin{equation*}
\boldsymbol{\nabla} \cdot \boldsymbol{E}_{0} = 0, \quad \boldsymbol{\nabla} \cdot \boldsymbol{B}_{0} = 0 \tag{8}
\end{equation*}

From equations (3) and (8), it is evident that $\boldsymbol{E}_{0}(x, y)$ and $\boldsymbol{B}_{0}(x, y)$ satisfy the electrostatics and magnetostatics equations in free space.","\boxed{k = \frac{\omega}{}, |\boldsymbol{E}_{0}(x, y)| = c|\boldsymbol{B}_{0}(x, y)|}","EQ, EQ","\text{None}, \text{None}",True,EN,Math Derivation
531,Electromagnetism,Electrodynamics,Propagation and Radiation of Electromagnetic Waves,"Given a plane electromagnetic wave

$$
\boldsymbol{E} = \boldsymbol{E}_{0} \exp \left\{\mathrm{i} \omega \left[ t - \frac{n}{c} (\boldsymbol{K} \cdot \boldsymbol{r}) \right] \right\}
$$

write the expression for the refractive index $n$ in terms of $\omega$, $\varepsilon$, $\mu$, and $\sigma$ (conductivity).","From the previously derived wave equation, the wave speed is

$$
v^{2} = \left( \mu \varepsilon - \mathrm{i} \frac{\mu \sigma}{\omega} \right)^{-1}
$$

Therefore, the refractive index is

$$
n = \frac{c}{v} = \left( \frac{\mu \varepsilon}{\mu_{0} \varepsilon_{0}} - \mathrm{i} \frac{\mu \sigma}{\omega \mu_{0} \varepsilon_{0}} \right)^{1/2} = \sqrt{\frac{\mu}{\mu_{0} \varepsilon_{0}}} \left( \varepsilon - \mathrm{i} \frac{\sigma}{\omega} \right)^{1/2}
$$

This can also be further expressed as

$$
n = \sqrt{\frac{\mu \varepsilon}{2 \mu_{0} \varepsilon_{0}}} \left[ \sqrt{\left( 1 + \frac{\sigma^{2}}{\varepsilon^{2} \omega^{2}} \right)^{1/2} + 1} - \mathrm{i} \sqrt{\left( 1 + \frac{\sigma^{2}}{\varepsilon^{2} \omega^{2}} \right)^{1/2} - 1} \right]
$$",\boxed{\sqrt{\frac{\mu \varepsilon}{2 \mu_{0} \varepsilon_{0}}} \left[ \sqrt{\left( 1 + \frac{\sigma^{2}}{\varepsilon^{2} \omega^{2}} \right)^{1/2} + 1} - \mathrm{i} \sqrt{\left( 1 + \frac{\sigma^{2}}{\varepsilon^{2} \omega^{2}} \right)^{1/2} - 1} \right]}},EX,,False,EN,Math Derivation
533,Electromagnetism,Electrodynamics,Propagation and Radiation of Electromagnetic Waves,"A small electric dipole with dipole moment $\boldsymbol{P}$ is placed at a height of $\frac{\lambda}{2}$ above an infinite ideal conducting surface. It oscillates with a frequency $v$, where $\lambda$ is the wavelength corresponding to $v$. The electric dipole is oriented in the $+z$ direction, perpendicular to the $xy$ plane. If the dimensions of the dipole are much smaller than $\lambda$, find the expression for the electromagnetic field at a position $r \gg \lambda$. The unit vector for the position vector $\boldsymbol{r}$ relative to the origin is denoted as $\boldsymbol{n}$.","There is an image dipole at $z=-\frac{\lambda}{2}$ with dipole moment

$$
\boldsymbol{P}^{\prime} = \boldsymbol{P} = P \mathrm{e}^{\mathrm{i} \omega t} \boldsymbol{e}_{z}, \quad \omega = 2 \pi \nu
$$

For an observation point $M$ where $r \gg \lambda$, with position vector $r(r, \theta, \varphi)$, the distances from $P$ and $P^{\prime}$ to point $M$ are $r_{1}, r_{2}$. Given $r \gg \lambda$, we have

$$
\begin{aligned}
& r_{1} \approx r - \frac{\lambda}{2} \cos \theta \\
& r_{2} \approx r + \frac{\lambda}{2} \cos \theta
\end{aligned}
$$

Referring to Example 5.20 and noting $k \lambda = 2 \pi$, we obtain

$$
\begin{aligned}
\boldsymbol{B}(\boldsymbol{r}, t) & = \frac{1}{4 \pi \varepsilon_{0} c^{3} r} \left( \mathrm{e}^{\mathrm{i} k r_{1}} \ddot{\boldsymbol{P}} \times \boldsymbol{n} + \mathrm{e}^{\mathrm{i} k r_{2}} \ddot{\boldsymbol{P}} \times \boldsymbol{n} \right) \\
& \approx \frac{\mathrm{i} \omega^{2} P \mathrm{e}^{\mathrm{i}(k r - \omega t)}}{2 \pi \varepsilon_{0} c^{3} r} \sin \theta \sin (\pi \cos \theta) \boldsymbol{e}_{\varphi} \\
\boldsymbol{E}(\boldsymbol{r}, t) & = c \boldsymbol{B} \times \boldsymbol{n} \\
& \approx \frac{\mathrm{i} \omega^{2} P \mathrm{e}^{\mathrm{i}(k r - \omega t)}}{2 \pi \varepsilon_{0} c^{2} r} \sin \theta \sin (\pi \cos \theta) \boldsymbol{e}_{\theta}
\end{aligned}
$$","\boxed{\boldsymbol{B}(\boldsymbol{r}, t) = \frac{\mathrm{i} \omega^{2} P \mathrm{e}^{\mathrm{i}(k r - \omega t)}}{2 \pi \varepsilon_{0} c^{3} r} \sin \theta \sin (\pi \cos \theta) \boldsymbol{e}_{\varphi}, \boldsymbol{E}(\boldsymbol{r}, t) = \frac{\mathrm{i} \omega^{2} P \mathrm{e}^{\mathrm{i}(k r - \omega t)}}{2 \pi \varepsilon_{0} c^{2} r} \sin \theta \sin (\pi \cos \theta) \boldsymbol{e}_{\theta}}","EX, EX","\text{T}, \text{V/m}",True,EN,Practical Application
534,Electromagnetism,Electrodynamics,Propagation and Radiation of Electromagnetic Waves,"An electric dipole with an amplitude of \( P_{0} \) oscillates at a frequency \( \omega \). It is situated at a distance \(\frac{a}{2}\) from an infinitely large ideal conducting plane, with its dipole moment parallel to the plane. For the region \( r \gg \lambda \), find the magnetic field \(\boldsymbol{B}(r, t)\) radiated by it.","Establish a Cartesian coordinate system as shown in the figure. The effect of the metal surface on the space \( x > 0 \) can be replaced by an image dipole. The image dipole is located at \(\left(-\frac{a}{2}, 0, 0\right)\), with a dipole moment

\[
\boldsymbol{P}^{\prime} = -\boldsymbol{P} = -P_{0} \mathrm{e}^{-\mathrm{i} \omega t} \boldsymbol{e}_{z}
\]

At \( r \gg \lambda \), the radiated electromagnetic field is given by

\[
\boldsymbol{B}(r, t) = \frac{1}{4 \pi \varepsilon_{0} c^{3} r}\left(\mathrm{e}^{\mathrm{i} k r_{1}} \ddot{\boldsymbol{p}} \times \boldsymbol{n} + \mathrm{e}^{\mathrm{i} k r_{2}} \ddot{\boldsymbol{p}}^{\prime} \times \boldsymbol{n}\right)
\]

where \( \boldsymbol{n} = \boldsymbol{e}_{r}, r_{1}, r_{2} \) are the distances to the observation point from \( \boldsymbol{P} \) and \( \boldsymbol{P}^{\prime} \), respectively. Since \( r \gg \lambda \), we have

\[
\begin{aligned}
& r_{1} \approx r - e_{r} \cdot \frac{a}{2} e_{x} = r - \frac{a}{2} \sin \theta \cos \varphi, \\
& r_{2} \approx r + e_{r} \cdot \frac{a}{2} e_{x} = r + \frac{a}{2} \sin \theta \cos \varphi
\end{aligned}
\]

Substituting into the formula for \(\boldsymbol{B}\), we get

\[
\begin{aligned}
\boldsymbol{B}(\boldsymbol{r}, t) & = \frac{\omega^{2} P_{0} \mathrm{e}^{\mathrm{i}(k r-\omega t)}}{4 \pi \varepsilon_{0} c^{3} r}\left(\mathrm{e}^{-\frac{\mathrm{i}}{2} k a \sin \theta \cos \varphi}-\mathrm{e}^{\frac{\mathrm{i}}{2} k a \sin \theta \cos \varphi}\right) \sin \theta \boldsymbol{e}_{\varphi} \\
& = \frac{\mathrm{i} \omega^{2} P_{0} \mathrm{e}^{\mathrm{i}(k r-\omega t)}}{2 \pi \varepsilon_{0} c^{3} r} \sin \theta \sin \left(\frac{k}{2} a \sin \theta \cos \varphi\right) \boldsymbol{e}_{\varphi}
\end{aligned}
\]","\[
\boxed{\frac{\mathrm{i} \omega^{2} P_{0} \mathrm{e}^{\mathrm{i}(k r-\omega t)}}{2 \pi \varepsilon_{0} c^{3} r} \sin \theta \sin \left(\frac{k}{2} a \sin \theta \cos \varphi\right) \boldsymbol{e}_{\varphi}}
\]",EX,,False,EN,Laws Application
535,Electromagnetism,Electrodynamics,Propagation and Radiation of Electromagnetic Waves,"(c) In a uniform plasma with an electron number density of \( n_{0} \), there is a uniform and stable strong magnetic field, magnetic induction \(\boldsymbol{B}_{0}\), parallel to the direction of wave propagation. Assume that the amplitude of electron motion is very small, collisions can be ignored, and the magnetic field in the wave is much smaller than \(\boldsymbol{B}_{0}\). Find the refractive index for circularly polarized light. Prove that for high frequency, the refractive index can be expressed in the form given in part (b). Explain your understanding of high frequencies.","(c) To find the refractive index \( n_{\pm} \) for circularly polarized light, we first need to determine the polarizability. Therefore, we start by examining the motion of electrons in the medium. The equation of motion for the electron is:

$$
m \ddot{\boldsymbol{r}} = -e \boldsymbol{E} - e \dot{\boldsymbol{r}} \times \boldsymbol{B}_{0}
$$

The solution has the form:

$$
\boldsymbol{r} = \boldsymbol{r}_{0} \mathrm{e}^{-\mathrm{i} \omega t}
$$

Thus,

$$
-m \omega^{2} \boldsymbol{r} = -e \boldsymbol{E} - e (-\mathrm{i} \omega) \boldsymbol{r} \times \boldsymbol{B}_{0}
$$

Noting that \(\boldsymbol{P} = -n_{0} e \boldsymbol{r}\), from the above equation, we obtain:

$$
m \omega^{2} \boldsymbol{P} = -n_{0} e^{2} \boldsymbol{E} - \mathrm{i} \omega e \boldsymbol{P} \times \boldsymbol{B}_{0}
$$

Given that \(\boldsymbol{P} = \chi \varepsilon_{0} \boldsymbol{E}\), it follows that:

$$
m \omega^{2} \chi \varepsilon_{0} \boldsymbol{E} + n_{0} e^{2} \boldsymbol{E} = -\mathrm{i} \omega e \chi \varepsilon_{0} \boldsymbol{E} \times \boldsymbol{B}_{0}
$$

Let \(\omega_{P}^{2} = \frac{n_{0} e^{2}}{m \varepsilon_{0}}, \; \omega_{B} = \frac{e B_{0}}{m}\), then:

$$
\chi \frac{\omega^{2}}{\omega_{P}^{2}} \boldsymbol{E} + \boldsymbol{E} = -\mathrm{i} \chi \frac{\omega}{\omega_{B}} \boldsymbol{E} \times \boldsymbol{e}_{z}
$$

Or:

\begin{align*}
& \left(1 + \chi \frac{\omega^{2}}{\omega_{P}^{2}}\right) E_{x} + \mathrm{i} \chi \frac{\omega}{\omega_{B}} E_{y} = 0  \tag{1} \\
& \left(1 + \chi \frac{\omega^{2}}{\omega_{P}^{2}}\right) E_{y} - \mathrm{i} \chi \frac{\omega}{\omega_{B}} E_{x} = 0 \tag{2}
\end{align*}

Adding equation (1) and \(i\) times equation (2), we get:

\begin{equation*}
\left(1 + \chi \frac{\omega^{2}}{\omega_{P}^{2}}\right) \left(E_{x} + \mathrm{i} E_{y}\right) + \chi \frac{\omega}{\omega_{B}} \left(E_{x} + \mathrm{i} E_{y}\right) = 0 \tag{3}
\end{equation*}

Subtracting \(i\) times equation (2) from equation (1), we get:

\begin{equation*}
\left(1 + \chi \frac{\omega^{2}}{\omega_{P}^{2}}\right) \left(E_{x} - \mathrm{i} E_{y}\right) - \chi \frac{\omega}{\omega_{B}} \left(E_{x} - \mathrm{i} E_{y}\right) = 0 \tag{4}
\end{equation*}

Therefore, for the wave mode \(E_{x} + \mathrm{i} E_{y}\) (right-handed polarization mode), according to equation (3), \(\chi = \chi_{+}\) satisfies:

$$
\left(1 + \chi_{+} \frac{\omega^{2}}{\omega_{P}^{2}}\right) + \chi_{+} \frac{\omega}{\omega_{B}} = 0
$$

Which means:

$$
\chi_{+} = -\frac{1}{\frac{\omega^{2}}{\omega_{P}^{2}} + \frac{\omega}{\omega_{B}}}
$$

Similarly, we have:

$$
\chi_{-} = \frac{1}{\frac{\omega^{2}}{\omega_{P}^{2}} - \frac{\omega}{\omega_{B}}}
$$

And since \(n_{\pm} = \sqrt{\varepsilon_{\pm}} = \sqrt{1 + \chi_{\pm}}\), we find:

$$
\begin{aligned}
& n_{\pm} = \sqrt{1 - \frac{1}{\frac{\omega^{2}}{\omega_{P}^{2}} \pm \frac{\omega}{\omega_{B}}}} = \sqrt{1 - \frac{\omega_{P}^{2}}{\omega^{2} \pm \frac{\omega \omega_{P}^{2}}{\omega_{B}}}} = \sqrt{1 - \frac{\omega_{P}^{2}}{\omega\left(\omega \pm \omega_{B}^{\prime}\right)}} \\
& \omega_{B}^{\prime} = \frac{\omega_{P}^{2}}{\omega_{B}} = \frac{n_{0} e^{2}}{m \varepsilon_{0}} \cdot \frac{\varepsilon_{0} B_{0}}{n_{0} e} = \frac{B_{0} e}{m}
\end{aligned}
$$

When \(\omega \gg \omega_{P}\) and \(\omega \gg \omega_{B}^{\prime}\),

$$
n_{\pm} \approx \sqrt{1 - \frac{\omega_{P}^{2}}{\omega^{2}}} \pm \frac{\omega_{P}^{2} \omega_{B}^{\prime}}{2 \omega^{3}} \frac{1}{\sqrt{1 - \frac{\omega_{P}^{2}}{\omega^{2}}}} = n \pm \beta
$$

Where:

$$
n = \sqrt{1 - \frac{\omega_{P}^{2}}{\omega^{2}}}, \quad \beta = \frac{\omega_{P}^{2} \omega_{B}^{\prime}}{2 \omega^{3}} \cdot \frac{1}{\sqrt{1 - \frac{\omega_{P}^{2}}{\omega^{2}}}}
$$

High frequency refers to when \(\omega \gg \omega_{P}\) and \(\omega \gg \omega_{B}^{\prime}\).","\boxed{n = \sqrt{1 - \frac{\omega_{P}^{2}}{\omega^{2}}}, \beta = \frac{\omega_{P}^{2} \omega_{B}^{\prime}}{2 \omega^{3}} \cdot \frac{1}{\sqrt{1 - \frac{\omega_{P}^{2}}{\omega^{2}}}}}",EX,"None, None",True,EN,Math Derivation
536,Electromagnetism,Electrodynamics,Propagation and Radiation of Electromagnetic Waves,(a) Write down the right-handed and left-handed circularly polarized plane waves. Consider the propagation of plane waves in a medium where the refractive index depends on the circular polarization state of the wave.,"Consider the direction of wave propagation as the positive $z$-axis.

(a) The electric field of the right-handed circularly polarized light is

$$
\boldsymbol{E}_{\mathrm{r}}(z, t) = \left(E_{0} \boldsymbol{e}_{x} + E_{0} \mathrm{e}^{-\mathrm{i} \frac{\pi}{2}} \boldsymbol{e}_{y}\right) \mathrm{e}^{-\mathrm{i} \omega t + \mathrm{i} k_{+} z}
$$

The left-handed circularly polarized light is

$$
\boldsymbol{E}_{\mathrm{l}}(z, t) = \left(E_{0} \boldsymbol{e}_{x} + E_{0} \mathrm{e}^{\mathrm{i} \frac{\pi}{2}} \boldsymbol{e}_{y}\right) \mathrm{e}^{-\mathrm{i} \omega t + \mathrm{i} k_{-} z}
$$

where $k_{+} = \frac{\omega}{c} n_{+}, \; k_{-} = \frac{\omega}{c} n_{-}$.","\boxed{\boldsymbol{E}_{\mathrm{r}}(z, t) = \left(E_{0} \boldsymbol{e}_{x} + E_{0} \mathrm{e}^{-\mathrm{i} \frac{\pi}{2}} \boldsymbol{e}_{y}\right) \mathrm{e}^{-\mathrm{i} \omega t + \mathrm{i} k_{+} z}, \boldsymbol{E}_{\mathrm{l}}(z, t) = \left(E_{0} \boldsymbol{e}_{x} + E_{0} \mathrm{e}^{\mathrm{i} \frac{\pi}{2}} \boldsymbol{e}_{y}\right) \mathrm{e}^{-\mathrm{i} \omega t + \mathrm{i} k_{-} z}}",EX,"None, None",True,EN,Knowledge Recall
539,Electromagnetism,Electrodynamics,Propagation and Radiation of Electromagnetic Waves,"In an infinite space filled with an inhomogeneous medium, the permittivity and conductivity are described by the following expressions (with $\chi_{\infty}, \lambda, \sigma_{\infty}$ being constants):

$$
\begin{aligned}
& \chi(z)= \begin{cases}0, & -\infty<z<0 \\ \chi_{\infty}\left(1-e^{-\lambda z}\right), & 0<z<\infty\end{cases} \\
& \sigma(z)= \begin{cases}0, & -\infty<z \leq 0 \\ \sigma_{\infty}\left(1-e^{-\lambda z}\right), & 0<z<\infty\end{cases}
\end{aligned}
$$

Let the permeability in space be $\mu = 1$; a plane wave with $\mathbf{S}$ polarization (i.e., $\boldsymbol{E}$ is perpendicular to the plane of incidence) is incident with an angle $\theta$ from the region $z<0$ to the region $z>0$. The wave vector is $k_{0},\left(k_{0} c=\omega\right)$

$$
\begin{aligned}
& \boldsymbol{E}_{y}(\boldsymbol{r}, t)=A \exp \left[\mathrm{i}\left(k_{0} \sin \theta \cdot x+k_{0} \cos \theta \cdot z-\omega t\right)\right] e_{y} \\
& \boldsymbol{E}_{y}^{\mathrm{R}}(\boldsymbol{r}, t)=R \exp \left[\mathrm{i}\left(k_{0} \sin \theta \cdot x-k_{0} \cos \theta \cdot z-\omega t\right)\right] e_{y} \\
& \boldsymbol{E}_{y}^{\mathrm{T}}(\boldsymbol{r}, t)=E(z) \exp \left[\mathrm{i}\left(k^{\prime} \sin \gamma \cdot x-\omega t\right)\right] e_{y}
\end{aligned}
$$

$A, R$ are the amplitudes of the incident and reflected waves, and $E(z)$ is a function to be determined. $\gamma$ is the angle between the normal to the surface at $z=0$ and $k^{\prime}$.

(b) Write down the boundary conditions for each component at $z=0$. (Hint: Use Snell's Law).","(b) At the plane $z=0$, both $\boldsymbol{E}_{t}$ and $\boldsymbol{H}_{t}$ are continuous, which implies:

$$
\begin{aligned}
& \boldsymbol{E}_{y}^{\mathrm{I}}(\boldsymbol{r}, t)+\boldsymbol{E}_{y}^{\mathrm{R}}(\boldsymbol{r}, t)=\boldsymbol{E}_{y}^{\mathrm{T}}(\boldsymbol{r}, t), \quad z=0 \\
& \left[\boldsymbol{H}^{\mathrm{I}}(\boldsymbol{r}, t)+\boldsymbol{H}^{\mathrm{R}}(\boldsymbol{r}, t)\right] \cdot \boldsymbol{e}_{x}=\boldsymbol{H}^{\mathrm{T}}(\boldsymbol{r}, t) \cdot \boldsymbol{e}_{x}, \quad z=0
\end{aligned}
$$

Furthermore, the normal component of $\boldsymbol{B}$ is continuous, i.e., $\left[\boldsymbol{B}^{\mathrm{I}}(\boldsymbol{r}, t)+\boldsymbol{B}^{\mathrm{R}}(\boldsymbol{r}, t)\right] \cdot \boldsymbol{e}_{z}=\boldsymbol{B}^{\mathrm{T}}(\boldsymbol{r}, t) \cdot \boldsymbol{e}_{z}$. The tangential component of the wave vector $k$ is continuous, which leads to $k_{0} \sin \theta=k^{\prime} \sin \gamma$. By combining the above equations with the fourth equation, we obtain:

\begin{align*}
& A+R=E(0) \tag{1} \\
& k_{0}(R-A) \cos \theta=\mathrm{i} E^{\prime}(0) \tag{2}
\end{align*}

The third equation provides the same result as equation (1).","\boxed{A + R = E(0), k_{0}(R-A) \cos \theta = \mathrm{i} E^{\prime}(0)}",EQ,,True,EN,Laws Application
542,Electromagnetism,Electrodynamics,Propagation and Radiation of Electromagnetic Waves,"An electric dipole with an amplitude of \( P_{0} \) oscillates at a frequency \( \omega \). It is located at a distance \(\frac{a}{2}\) from an infinitely large ideal conducting plane, and the direction of the dipole moment is parallel to this plane. For the region where \( r \gg \lambda \), find the electric field \(\boldsymbol{E}(r, t)\) radiated by it.","The corresponding electric field is

\[
\begin{aligned}
\boldsymbol{E}(\boldsymbol{r}, t) & = c \boldsymbol{B} \times \boldsymbol{n} \\
& = \frac{\mathrm{i} \omega^{2} P_{0} \mathrm{e}^{\mathrm{i}(k r-\omega t)}}{2 \pi \varepsilon_{0} c^{2} r} \sin \theta \sin \left(\frac{k}{2} a \sin \theta \cos \varphi\right) \boldsymbol{e}_{\theta}
\end{aligned}
\]","\[
\boxed{\frac{\mathrm{i} \omega^{2} P_{0} \mathrm{e}^{\mathrm{i}(k r-\omega t)}}{2 \pi \varepsilon_{0} c^{2} r} \sin \theta \sin \left(\frac{k}{2} a \sin \theta \cos \varphi\right) \boldsymbol{e}_{\theta}}
\]",EX,,False,EN,Math Derivation
545,Electromagnetism,Electrodynamics,Propagation and Radiation of Electromagnetic Waves,"A plane-polarized electromagnetic wave \( E = E_{y0} e^{i(kz - \omega t)} \) is normally incident on a semi-infinite medium with permeability \(\mu\), permittivity \(\varepsilon\), and conductivity \(\sigma\). Derive the same for a dilute plasma. Here, the conductivity is limited by inertia and is not constrained by electron scattering, i.e., \(\sigma = i \frac{ne^2}{m\omega}\).","In a dilute plasma, \(\sigma = i \frac{ne^2}{m\omega}\). Referring to Problem 4.21, the complex permittivity can be obtained as

\[
\varepsilon' = \left(1 - \frac{\omega_{P}^2}{\omega^2}\right) \varepsilon_0 \tag{13}
\]

where \(\omega_{P}^2 = \frac{ne^2}{m\varepsilon_0}\) is the plasma frequency. For plasma, it can be approximated that \(\mu = \mu_0\). Substituting into Equation (2) yields

\[
k'^2 = \frac{1}{c^2}(\omega^2 - \omega_{P}^2)
\]

When \(\omega_{P}^2 < \omega^2\), \(k'\) is a real number, substituting into Equation (9) gives

\[
E_{y0}'' = \frac{2E_{y0}}{1 + \frac{ck'}{\omega}} = \frac{2E_{y0}}{1 + \left(1 - \frac{\omega_{P}^2}{\omega^2}\right)^{1/2}}  \tag{14}
\]
\[
E'' = E_{y0}'' e^{i(kz - \omega t)} e_y \tag{15}
\]

When \(\omega_{p}^2 > \omega^2\), \(k'\) is an imaginary number, we have

\[
E_{y0}'' = \frac{2E_{y0}}{1 + i\left(\frac{\omega_{p}^2}{\omega^2} - 1\right)^{1/2}}  \tag{16}
\]
\[
E'' = E_{y0}'' e^{-k' |z|} e^{i\omega t} \tag{17}
\]","\boxed{E_{y 0}^{\prime \prime} = \frac{2 E_{y 0}}{1+\left(1-\omega_{\mathrm{P}}^{2} / \omega^{2}\right)^{1 / 2}}, E_{y 0}^{\prime \prime} = \frac{2 E_{y 0}}{1+\mathrm{i}\left(\omega_{\mathrm{p}}^{2} / \omega^{2}-1\right)^{1 / 2}}}","EX, EX","None, None",True,EN,Math Derivation
546,Electromagnetism,Electrodynamics,Propagation and Radiation of Electromagnetic Waves,"The radiation field of an oscillating electric dipole \( P(t) \) is given by

\[
\begin{aligned}
\boldsymbol{B}(r, t) & =-\frac{\mu_{0}}{4 \pi r c} \boldsymbol{e}_{\mathrm{r}} \times \frac{\partial^{2}}{\partial t^{2}} \boldsymbol{P}\left(t-\frac{r}{c}\right) \\
\boldsymbol{E}(r, t) & =-c \boldsymbol{e}_{\mathrm{r}} \times \boldsymbol{B}(r, t)
\end{aligned}
\]

A point charge \( q \) at the origin is illuminated by a plane linearly polarized electromagnetic wave, with the frequency of the wave being \( \omega \), and the amplitude of the electric field being \( \boldsymbol{E}_{0} \). Write the expression for the radiated electromagnetic field.","For a slowly oscillating charge, ignoring the effects of the magnetic field, as known from Problem 4.21, the displacement of the charge under the illumination of the electromagnetic wave is

\[
x=-\frac{q \boldsymbol{E}_{0}}{m \omega^{2}} \mathrm{e}^{-\mathrm{i} \omega t}
\]

Therefore, the electric dipole moment is

\[
\begin{aligned}
\boldsymbol{P}(t) &= q \boldsymbol{x} = -\frac{q^{2} \boldsymbol{E}_{0}}{m \omega^{2}} \mathrm{e}^{-\mathrm{i} \omega t} \\
\ddot{\boldsymbol{P}}\left(t-\frac{r}{c}\right) &= \frac{q^{2} \boldsymbol{E}_{0}}{m} \mathrm{e}^{\mathrm{i}(k r-\omega t)} \\
k &= \frac{\omega}{c}
\end{aligned}
\]

Substituting into the given radiation field formulas yields

\[
\begin{aligned}
\boldsymbol{B}(\boldsymbol{r}, t) & =-\frac{\mu_{0} q^{2}}{4 \pi m r c} \mathrm{e}^{\mathrm{i}(k r-\omega t)} \boldsymbol{e}_{\mathrm{r}} \times \boldsymbol{E}_{0} \\
\boldsymbol{E}(\boldsymbol{r}, t) & =\frac{\mu_{0} q^{2}}{4 \pi m r} \mathrm{e}^{\mathrm{i}(k r-\omega t)} \boldsymbol{e}_{\mathrm{r}} \times\left(\boldsymbol{e}_{\mathrm{r}} \times \boldsymbol{E}_{0}\right) \\
& =\frac{\mu_{0} q^{2}}{4 \pi m r} \mathrm{e}^{\mathrm{i}(k r-\omega t)}\left[\left(\boldsymbol{E}_{0} \cdot \boldsymbol{e}_{\mathrm{r}}\right) \boldsymbol{e}_{\mathrm{r}}-\boldsymbol{E}_{0}\right]
\end{aligned}
\]","\[
\boxed{\boldsymbol{B}(\boldsymbol{r}, t) =-\frac{\mu_{0} q^{2}}{4 \pi m r c} \mathrm{e}^{\mathrm{i}(k r-\omega t)} \boldsymbol{e}_{\mathrm{r}} \times \boldsymbol{E}_{0}, \boldsymbol{E}(\boldsymbol{r}, t) =\frac{\mu_{0} q^{2}}{4 \pi m r} \mathrm{e}^{\mathrm{i}(k r-\omega t)}\left[\left(\boldsymbol{E}_{0} \cdot \boldsymbol{e}_{\mathrm{r}}\right) \boldsymbol{e}_{\mathrm{r}}-\boldsymbol{E}_{0}\right]}
\]",EQ,,False,EN,Laws Application
551,Electromagnetism,Electrodynamics,Propagation and Radiation of Electromagnetic Waves,"A small electric dipole with a dipole moment of $\boldsymbol{P}$ is placed at a height $\frac{\lambda}{2}$ above an infinitely large ideal conducting surface. It oscillates at a frequency $v$, where $\lambda$ is the wavelength corresponding to $v$. The electric dipole is oriented in the $+z$ direction, which is perpendicular to the $xy$ plane. Assuming the size of the dipole is much smaller than $\lambda$, find the expression for the power flux density at $r \gg \lambda$. Here, the unit vector in the direction of the vector $\boldsymbol{r}$ from the origin is denoted as $\boldsymbol{n}$.","The average power flux density is

$$
\overline{\boldsymbol{S}} = \frac{\varepsilon_{0} c}{2}|\boldsymbol{E}|^{2} \boldsymbol{n} = \frac{\omega^{4} P^{2} \sin^{2} \theta}{8 \pi^{2} \varepsilon_{0} c^{3}} \sin^{2}(\pi \cos \theta) \boldsymbol{n}, \quad \omega = 2 \pi v
$$",\boxed{\frac{\omega^{4} P^{2} \sin^{2} \theta}{8 \pi^{2} \varepsilon_{0} c^{3}} \sin^{2}(\pi \cos \theta) \boldsymbol{n}},EX,,False,EN,Laws Application
552,Electromagnetism,Electrodynamics,Propagation and Radiation of Electromagnetic Waves,"Consider the following form of electromagnetic waves in free space:

$$
\begin{aligned}
& \boldsymbol{E}(x, y, z, t) = \boldsymbol{E}_{0}(x, y) \mathrm{e}^{\mathrm{i} kz - \mathrm{i} \omega t}, \\
& \boldsymbol{B}(x, y, z, t) = \boldsymbol{B}_{0}(x, y) \mathrm{e}^{\mathrm{i} kz - \mathrm{i} \omega t}
\end{aligned}
$$

(d) Express $\boldsymbol{E}$ and $\boldsymbol{B}$ in terms of the charge per unit length $\lambda$ and the current $I$ on the central conductor.","(d) In the situation shown in Figure 4.2 of the problem, the central cylinder is positively charged, and the shell is negatively charged (of course, it could be the other way around). The direction of the current in the central cylinder is in the $+z$ direction, and in the shell, it is in the $-z$ direction.

Using the integral form of Maxwell's equations and considering the symmetry of the problem, we can determine the electric field and magnetic field from the charge density and current on the central cylinder:

$$
\boldsymbol{E} = \frac{\lambda}{2 \pi \varepsilon_{0} r} \boldsymbol{e}_{r}, \quad \boldsymbol{B} = \frac{\mu_{0} I}{2 \pi r} \boldsymbol{e}_{\theta}
$$

Thus, we know that the values of $\lambda$ and $I$ have the following relationship:

$$
|I| = c|\lambda|
$$","\boxed{\boldsymbol{E} = \frac{\lambda}{2 \pi \varepsilon_{0} r} \boldsymbol{e}_{r}, \boldsymbol{B} = \frac{\mu_{0} I}{2 \pi r} \boldsymbol{e}_{\theta}}",EQ,,True,EN,Laws Application
553,Electromagnetism,Electrodynamics,Propagation and Radiation of Electromagnetic Waves,"A plane-polarized electromagnetic wave \( E = E_{y0} e^{i(kz - \omega t)} \) is incident perpendicularly on a semi-infinite medium with magnetic permeability \(\mu\), dielectric constant \(\varepsilon\), and conductivity \(\sigma\). For a large \(\sigma\) as in metals, derive the electric field within the medium at low frequencies using Maxwell's equations.","In a conductor, \(\boldsymbol{j} = \sigma \boldsymbol{E}, \rho = 0\), so the Maxwell's equations are

$$
\begin{aligned}
& \nabla \times \boldsymbol{E} = -\frac{\partial \boldsymbol{B}}{\partial t}, \quad \nabla \times \boldsymbol{H} = \frac{\partial \boldsymbol{D}}{\partial t} + \boldsymbol{j} \\
& \nabla \cdot \boldsymbol{D} = \nabla \cdot \boldsymbol{B} = 0 \\
& \boldsymbol{D} = \varepsilon \boldsymbol{E}, \quad \boldsymbol{B} = \mu \boldsymbol{H}
\end{aligned}
$$

For steady-state electromagnetic waves

$$
\boldsymbol{E}(\boldsymbol{x}, t) = \boldsymbol{E}(\boldsymbol{x}) e^{-i \omega t}, \quad \boldsymbol{B}(\boldsymbol{x}, t) = \boldsymbol{B}(\boldsymbol{x}) e^{-i \omega t}
$$

From Maxwell's equations, we obtain

\begin{gather*}
\left\{
\begin{array}{l}
\nabla \times \boldsymbol{E}(\boldsymbol{x}) = i \omega \mu \boldsymbol{H}(\boldsymbol{x}) \\
\nabla \times \boldsymbol{H}(\boldsymbol{x}) = -i \omega \varepsilon \boldsymbol{E}(\boldsymbol{x}) + \sigma \boldsymbol{E}(\boldsymbol{x}) \\
\nabla \cdot \boldsymbol{E}(\boldsymbol{x}) = \nabla \cdot \boldsymbol{B}(\boldsymbol{x}) = 0
\end{array}
\right.  \tag{1}\\
\begin{aligned}
\nabla \times (\nabla \times \boldsymbol{E}) = \nabla (\nabla \cdot \boldsymbol{E}) - \nabla^2 \boldsymbol{E} = -\nabla^2 \boldsymbol{E} \\
= i \omega \mu \nabla \times \boldsymbol{H} = (\omega^2 \varepsilon \mu + i \omega \mu \sigma) \boldsymbol{E}
\end{aligned}
\end{gather*}

Let

\begin{equation*}
k^{\prime 2} = \omega^2 \mu \varepsilon^{\prime}, \quad \varepsilon^{\prime} = \varepsilon + i \frac{\sigma}{\omega} \tag{2}
\end{equation*}

Then

\begin{equation*}
\nabla^2 \boldsymbol{E}(\boldsymbol{x}) + k^{\prime 2} \boldsymbol{E}(\boldsymbol{x}) = 0 \tag{3}
\end{equation*}

This is the Helmholtz equation, and a plane wave is one of its solutions:

$$
\boldsymbol{E}(\boldsymbol{x}) = \boldsymbol{E}_{0} e^{i \boldsymbol{k}^{\prime} \cdot \boldsymbol{x}}
$$

where \(\boldsymbol{k}^{\prime}\) is the complex wave vector. Let \(\boldsymbol{k}^{\prime} = \boldsymbol{\beta} + i \boldsymbol{\alpha}\), then

$$
\begin{aligned}
& \beta^2 - \alpha^2 = \omega^2 \mu \varepsilon \\
& \boldsymbol{\beta} \cdot \boldsymbol{\alpha} = \frac{1}{2} \omega \mu \sigma
\end{aligned}
$$

For the problem, the incident wave \( E = E_{y0} e^{i(kz - \omega t)} \), and

$$
\boldsymbol{k} = k \boldsymbol{e}_{z}, \quad \boldsymbol{E}_{0} = \boldsymbol{E}_{y0} \boldsymbol{e}_{y}, \quad \boldsymbol{B}_{0} = \boldsymbol{B}_{x0} \boldsymbol{e}_{x}
$$

Assume the transmitted wave in the semi-infinite medium is \(\boldsymbol{E}^{\prime \prime}, \boldsymbol{B}^{\prime \prime}\), then

$$
\begin{aligned}
\boldsymbol{E}^{\prime \prime} = \boldsymbol{E}_{0}^{\prime \prime} e^{i(k^{\prime} \cdot z - \omega t)}, \quad \boldsymbol{B}^{\prime \prime} = \boldsymbol{B}_{0}^{\prime \prime} e^{i(k^{\prime} \cdot z - \omega t)}
\end{aligned}
$$

At the boundary, to ensure boundary conditions apply at every point on the surface, we must have

$$
\boldsymbol{k} \cdot \boldsymbol{x} = \left.\boldsymbol{k}^{\prime} \cdot \boldsymbol{x}\right|_{z=0}
$$

From which we deduce

$$
\begin{aligned}
& \alpha_{x} = \alpha_{y} = \beta_{x} = \beta_{y} = 0 \\
& \boldsymbol{k}^{\prime} = k^{\prime} \boldsymbol{e}_{z} \\
& k^{\prime} = \beta + i \alpha
\end{aligned}
$$

The \(\beta\), \(\alpha\) satisfy the set of equations

$$
\begin{aligned}
& \beta^2 - \alpha^2 = \omega^2 \mu \varepsilon \\
& \beta \alpha = \frac{1}{2} \omega \mu \sigma
\end{aligned}
$$

The solutions are

\begin{align*}
& \beta = \omega \sqrt{\mu \varepsilon} \left[\frac{1}{2} \left( 1 + \sqrt{1 + \frac{\sigma^2}{\varepsilon^2 \omega^2}} \right)\right]^{1/2}  \tag{4}\\
& \alpha = \omega \sqrt{\mu \varepsilon} \left[\frac{1}{2} \left(-1 + \sqrt{1 + \frac{\sigma^2}{\varepsilon^2 \omega^2}} \right)\right]^{1/2} \tag{5}
\end{align*}

Next, use boundary conditions to find the amplitude of the transmitted wave. Let the amplitude of the reflected wave be \(\boldsymbol{E}_{0}^{\prime}, \boldsymbol{H}_{0}^{\prime}\). Due to the transverse nature of plane waves and the continuity of the normal component of \(\boldsymbol{E}\) and the tangential component of \(\boldsymbol{H}\) at the boundary, one deduces that the electric field of the reflected and refracted waves only has a \(y\) component, and the magnetic field only has an \(x\) component, satisfying

\begin{align*}
& E_{y0} + E_{y0}^{\prime} = E_{y0}^{\prime \prime}  \tag{6}\\
& E_{x0} + E_{x0}^{\prime} = E_{x0}^{\prime \prime} \tag{7}
\end{align*}

For the incident and reflected waves, \(H_{x0} = \sqrt{\frac{\varepsilon_{0}}{\mu_{0}}} E_{y0}, H_{x0}^{\prime} = \sqrt{\frac{\varepsilon_{0}}{\mu_{0}}} E_{y0}^{\prime}\). From equation (1), \(H_{x0}^{\prime \prime} = \frac{k^{\prime}}{\omega \mu} E_{y0}^{\prime \prime}\), thus equation (7) becomes

\begin{equation*}
\sqrt{\frac{\varepsilon_{0}}{\mu_{0}}}(E_{y0} - E_{y0}^{\prime}) = \frac{k^{\prime}}{\omega \mu} E_{y0}^{\prime \prime} \tag{8}
\end{equation*}

Solving equations (6) and (8) together gives

\begin{equation*}
E_{y0}^{\prime \prime} = \frac{2 E_{y0}}{1 + \sqrt{\frac{\mu_{0}}{\varepsilon_{0}}} \cdot \frac{k^{\prime}}{\omega \mu}} \tag{9}
\end{equation*}

When \(\sigma\) is large and real, and \(\omega\) is low frequency, we have

$$
\frac{\sigma}{\varepsilon \omega} \gg 1, \quad \sqrt{1 + \frac{\sigma^2}{\varepsilon^2 \omega^2}} \pm 1 \approx \frac{\sigma}{\varepsilon \omega}
$$

Thus

\begin{equation*}
\beta = \alpha \approx \sqrt{\frac{\omega \mu \sigma}{2}} \tag{10}
\end{equation*}

Therefore,

\begin{align*}
& k^{\prime} = \sqrt{\frac{\omega \mu \sigma}{2}}(1+i) \\
& E_{y0}^{\prime \prime} = \frac{2 E_{y0}}{\left(1 + \sqrt{\frac{\mu_{0} \sigma}{2 \varepsilon_{0} \omega \mu}} + i \sqrt{\frac{\mu_{0} \sigma}{2 \varepsilon_{0} \omega \mu}}\right)} \tag{11}
\end{align*}

The electric field in the metal is therefore

\begin{equation*}
E^{\prime \prime} = E_{y0}^{\prime \prime} e^{-\alpha z} e^{i(\beta z - \omega t)} e_{y} \tag{12}
\end{equation*}",\boxed{E^{\prime \prime} = \frac{2 E_{y 0}}{1 + \sqrt{\frac{\mu_{0} \sigma}{2 \varepsilon_{0} \omega \mu}} + \mathrm{i} \sqrt{\frac{\mu_{0} \sigma}{2 \varepsilon_{0} \omega \mu}}} \mathrm{e}^{-\alpha z} \mathrm{e}^{\mathrm{i}(\beta z-\omega t)}},EQ,,False,EN,Math Derivation
556,Electromagnetism,Electrodynamics,Interaction of Electromagnetic Fields with Matter,"A plane electromagnetic wave with wavelength $\lambda$ is incident on an insulating dielectric sphere with radius $a$, dielectric constant $\varepsilon$, such that $a \ll \lambda$. It is known that its scattered electromagnetic field is given by

$$
\begin{aligned}
\boldsymbol{B} & =\frac{(\varepsilon-\varepsilon_{0}) a^{3} \omega^{2}}{(\varepsilon+2 \varepsilon_{0}) c^{2} R} E_{0} \sin \theta e^{i(K R-\omega t)} \boldsymbol{e}_{\varphi}, \\
\boldsymbol{E} & =\frac{(\varepsilon-\varepsilon_{0}) a^{3} \omega^{2}}{(\varepsilon+2 \varepsilon_{0}) c^{2} R} \boldsymbol{E}_{0} \sin \theta e^{i(K R-\omega t)} \boldsymbol{e}_{\theta}.
\end{aligned}
$$

Calculate the average energy flow density of the electromagnetic wave.","The energy flow density

$$
\begin{aligned}
\overline{\boldsymbol{S}} & =\frac{1}{2 \mu_{0}} \text{Re}\left(\boldsymbol{E}^{\star} \times \boldsymbol{B}\right) \\
& =\frac{(\varepsilon-\varepsilon_{0}) a^{6} \omega^{4}}{2 \mu_{0}(\varepsilon+2 \varepsilon_{0})^{2} c^{5}} \cdot \frac{E_{0}^{2} \sin^2 \theta}{R^{2}} \boldsymbol{e}_{R}
\end{aligned}
$$

From this, it is concluded that the scattered electromagnetic wave propagates in the direction normal to the dielectric sphere, with the scattered electric field polarized in the $\boldsymbol{e}_{\theta}$ direction and the magnetic field in the $\boldsymbol{e}_{\varphi}$ direction.",\boxed{\frac{(\varepsilon-\varepsilon_{0}) a^{6} \omega^{4}}{2 \mu_{0}(\varepsilon+2 \varepsilon_{0})^{2} c^{5}} \cdot \frac{E_{0}^{2} \sin^2 \theta}{R^{2}}},EX,,False,EN,Laws Application
561,Electromagnetism,Electrodynamics,Relativistic Electrodynamics,A particle moves on a circular path with a radius \( R \) in the \( xy \) plane at a constant angular frequency \(\omega_{0}\). Find \(\frac{\mathrm{d} P}{\mathrm{~d} \Omega}\).,"The particle's circular motion in the \( xy \) plane can be considered as the superposition of two perpendicular simple harmonic oscillations:

\[
r(t)=R e^{i\left(\omega_{0} t-\frac{\pi}{2}\right)} \boldsymbol{e}_{x}+R e^{i \omega_{0} t} \boldsymbol{e}_{y}
\]

Therefore, we have:

\[
\dot{\boldsymbol{\beta}}=\frac{1}{c} \ddot{\boldsymbol{r}}=-\frac{R \omega_{0}^{2}}{c} e^{i\left(\omega_{0} t-\frac{\pi}{2}\right)} \boldsymbol{e}_{x}-\frac{R \omega_{0}^{2}}{c} e^{i \omega_{0} t} \boldsymbol{e}_{y}
\]

In spherical coordinates:

\[
\begin{aligned}
& \boldsymbol{E}=\frac{e}{4 \pi \varepsilon_{0} c r} \boldsymbol{e}_{r} \times\left(\boldsymbol{e}_{r} \times \dot{\boldsymbol{\beta}}\right)=\frac{e R \omega_{0}^{2}}{4 \pi \varepsilon_{0} c^{2} r} e^{i\left(\omega_{0} t-k r+\varphi_{0}\right)}\left(\boldsymbol{e}_{\varphi}-i \cos \theta \boldsymbol{e}_{\theta}\right) \\
& \boldsymbol{B}=\frac{1}{c} \boldsymbol{e}_{r} \times \boldsymbol{E}=\frac{e R \omega_{0}^{2}}{4 \pi \varepsilon_{0} c^{3} r} e^{i\left(\omega_{0} t-k r+\varphi_{0}\right)}\left(-\boldsymbol{e}_{\theta}-i \cos \theta \boldsymbol{e}_{\varphi}\right)
\end{aligned}
\]

The average Poynting vector:

\[
\begin{aligned}
& \overline{\boldsymbol{S}}=\frac{1}{2 \mu_{0}} \operatorname{Re}\left\{\boldsymbol{E}^{*} \times \boldsymbol{B}\right\}=\frac{e^{2} R^{2} \omega_{0}^{4}}{32 \pi^{2} \varepsilon_{0} c^{3} r^{2}}\left(1+\cos^{2} \theta\right) \boldsymbol{e}_{r} \\
& \frac{\mathrm{d} P}{\mathrm{~d} \Omega}=\frac{e^{2} R^{2} \omega_{0}^{4}}{32 \pi^{2} \varepsilon_{0} c^{3}}\left(1+\cos^{2} \theta\right)
\end{aligned}
\]",\boxed{\frac{e^{2} R^{2} \omega_{0}^{4}}{32 \pi^{2} \varepsilon_{0} c^{3}}\left(1+\cos^{2} \theta\right)},EX,,False,EN,Math Derivation
562,Electromagnetism,Electrodynamics,Propagation and Radiation of Electromagnetic Waves,"There are two electric dipole moments oscillating with the same frequency $\omega$, and they have a phase difference of $\frac{\pi}{2}$. Each electric dipole moment has an amplitude of magnitude $p_{0}$, and the angle between their directions is $\phi_{0}$. If the distance between the two oscillators is much smaller than the wavelength, find the total radiation fields $\boldsymbol{B}$ and $\boldsymbol{E}$.","The total radiation field (in spherical coordinates) is given by

$$
\boldsymbol{B}=\boldsymbol{B}_{1}+\boldsymbol{B}_{2}=\frac{\omega^{2} p_{0} e^{\mathrm{i} k r}}{4 \pi \varepsilon_{0} c^{3} r}\left\{[\sin \phi+\mathrm{i} \sin (\phi-\phi_{0}) ] e_{\theta}+[\cos \phi+\mathrm{i} \cos (\phi-\phi_{0}) \cos \theta] e_{\phi}\right\} e^{-\mathrm{i} \omega t}
$$

$$
\boldsymbol{E}=c \boldsymbol{B} \times \boldsymbol{n}. \tag{5}
$$","\boxed{\boldsymbol{B}=\frac{\omega^{2} p_{0} e^{\mathrm{i} k r}}{4 \pi \varepsilon_{0} c^{3} r}\left\{[\sin \phi+\mathrm{i} \sin (\phi-\phi_{0}) ] e_{\theta}+[\cos \phi+\mathrm{i} \cos (\phi-\phi_{0}) \cos \theta] e_{\phi}\right\} e^{-\mathrm{i} \omega t}, \boldsymbol{E}=c \boldsymbol{B} \times \boldsymbol{n}}",EX,"\text{T (Tesla)}, \text{None}",True,EN,Math Derivation
563,Electromagnetism,Electrodynamics,Propagation and Radiation of Electromagnetic Waves,"Two identical point charges \(+q\) oscillate along the \(z\)-axis, with positions given by:

\[
\begin{array}{ll}
z_{1} = z_{0} \sin \omega t, & z_{2} = -z_{0} \sin \omega t \\
x_{i} = y_{i} = 0, & i=1,2
\end{array}
\]

Observe the radiation field at the position vector \(r\), where the radiation wavelength is \(\lambda\), and \(|\boldsymbol{r}| \gg \lambda \gg z_{0}\). Determine the electric field \(\boldsymbol{E}\) and the magnetic field \(\boldsymbol{B}\).","Since \(|\boldsymbol{r}| \gg \lambda \gg z_{0}\), we can use the multipole expansion method to determine the electromagnetic field. Given that the self-field is proportional to \(\frac{1}{r^{2}}\), we can neglect it and focus on the radiation field proportional to \(\frac{1}{r}\). In Figure 5.17, the electric dipole moment is \(\boldsymbol{P} = \left(q z_{1} + q z_{2}\right) \boldsymbol{e}_{z} = 0\). The electric quadrupole moment is:

\[
\overrightarrow{\boldsymbol{D}} = 6 q z_{0}^{2} \sin^{2} \omega t \boldsymbol{e}_{z}
\]

Let:

\[
\begin{aligned}
& \boldsymbol{D} = \boldsymbol{n} \cdot \boldsymbol{D} = \boldsymbol{e}_{\mathrm{r}} \cdot \boldsymbol{D} = 6 q z_{0}^{2} \cos \theta \sin^{2} \omega t \boldsymbol{e}_{z} \\
& \dot{\boldsymbol{D}} = 6 q z_{0}^{2} \omega \cos \theta \sin 2 \omega t \boldsymbol{e}_{z}
\end{aligned}
\]

The vector potential at \(\boldsymbol{r}\) produced by this charge system is:

\[
\boldsymbol{A}(\boldsymbol{r}, t) = -\frac{\mathrm{i} k \mu_{0} \mathrm{e}^{\mathrm{i} k r}}{24 \pi r} \dot{\boldsymbol{D}}
\]

The radiation field is:

\[
\begin{aligned}
\boldsymbol{B}(\boldsymbol{r}, t) & = \mathrm{i} k \boldsymbol{n} \times \boldsymbol{A} = \frac{k^{2} \mu_{0} \mathrm{e}^{\mathrm{i} k r}}{24 \pi r} \cdot 6 q z_{0}^{2} \omega \cos \theta \sin 2 \omega t \boldsymbol{n} \times \boldsymbol{e}_{z} \\
& = -\frac{\mu_{0} \omega^{3} q z_{0}^{2} \sin \theta \cos \theta}{4 \pi c^{2} r} \mathrm{e}^{\mathrm{i} k r} \sin 2 \omega t \boldsymbol{e}_{\varphi} \\
\boldsymbol{E}(\boldsymbol{r}, t) & = c \boldsymbol{B} \times \boldsymbol{n} = -\frac{\mu_{0} \omega^{3} q z_{0}^{2} \sin \theta \cos \theta}{4 \pi c r} \mathrm{e}^{\mathrm{i} k r} \sin 2 \omega t \boldsymbol{e}_{\theta}
\end{aligned}
\]","\boxed{-\frac{\mu_{0} \omega^{3} q z_{0}^{2} \sin \theta \cos \theta}{4 \pi c r} \mathrm{e}^{\mathrm{i} k r} \sin 2 \omega t \boldsymbol{e}_{\theta}, -\frac{\mu_{0} \omega^{3} q z_{0}^{2} \sin \theta \cos \theta}{4 \pi c^{2} r} \mathrm{e}^{\mathrm{i} k r} \sin 2 \omega t \boldsymbol{e}_{\varphi}}","EX, EX","\text{V/m}, \text{T}",True,EN,Math Derivation
564,Electromagnetism,Electrodynamics,Propagation and Radiation of Electromagnetic Waves,"Two electric dipole moments vibrate at the same frequency $\omega$, with a phase difference of $\frac{\pi}{2}$. The amplitude of both dipole moments is $p_{0}$, and the angle between their directions is $\phi_{0}$. If the distance between the two oscillators is much smaller than the wavelength and $\phi_{0}=\frac{\pi}{2}$, find the radiation fields $\boldsymbol{B}$ and $\boldsymbol{E}$ under specific conditions.","When $\phi_{0}=\frac{\pi}{2}$, we have:

$$
\begin{align*}
\boldsymbol{B} & =-\frac{\omega^{2} p_{0}}{4 \pi \varepsilon_{0} c^{3} r} e^{\mathrm{i} k r}\left(\mathrm{i} \boldsymbol{e}_{\theta}-\cos \theta \boldsymbol{e}_{\phi}\right) e^{-\mathrm{i}(\omega t-\phi)}, \tag{6} \\
\boldsymbol{E} & =\frac{\omega^{2} p_{0}}{4 \pi \varepsilon_{0} c^{3} r} e^{\mathrm{i} k r}\left(\cos \theta \boldsymbol{e}_{\theta}+\mathrm{i} \boldsymbol{e}_{\phi}\right) e^{-\mathrm{i}(\omega t-\phi)}. \tag{7}
\end{align*}
$$","\boxed{\boldsymbol{B} = -\frac{\omega^{2} p_{0}}{4 \pi \varepsilon_{0} c^{3} r} e^{\mathrm{i} k r}\left(\mathrm{i} \boldsymbol{e}_{\theta}-\cos \theta \boldsymbol{e}_{\phi}\right) e^{-\mathrm{i}(\omega t-\phi)}, \boldsymbol{E} = \frac{\omega^{2} p_{0}}{4 \pi \varepsilon_{0} c^{3} r} e^{\mathrm{i} k r}\left(\cos \theta \boldsymbol{e}_{\theta}+\mathrm{i} \boldsymbol{e}_{\phi}\right) e^{-\mathrm{i}(\omega t-\phi)}}",EQ,"\text{T}, \text{V/m}",True,EN,Practical Application
566,Electromagnetism,Electrodynamics,Propagation and Radiation of Electromagnetic Waves,"Four identical monochromatic coherent wave sources emit waves with the same wavelength $\lambda$. Two receivers, $R_{1}$ and $R_{2}$, are located very far from the wave sources, and the distance from $R_{1}$ and $R_{2}$ to point B is equal. If source D is removed, which receiver detects a stronger signal?","If source D is removed, we have

$$
E_{10} \approx -E_{0} \exp (\mathrm{i} K r), \quad E_{20} \approx 3 E_{0} \exp (\mathrm{i} K r)
$$

$$
I_{1} = E_{10}^{2}, \quad I_{2} = 9 E_{0}^{2}
$$

Therefore, $R_{2}$ receives the stronger signal.",\boxed{B},MC,,False,EN,Laws Application
568,Electromagnetism,Electrodynamics,Interaction of Electromagnetic Fields with Matter,"An electron with a charge of $e$ and mass $m$ is scattered by the Coulomb field of a heavy nucleus with charge $Ze$. Assume the electron's initial velocity is $v_0 (v_0 \ll c)$ and the impact parameter is $b$. Calculate the total energy $\Delta E$ radiated during the scattering process using the average radiation damping force, and express it in terms of the scattering angle $\alpha$.","The total radiated energy is calculated using the average radiation damping force:

\[
\Delta E = \int_{-\infty}^{\infty} \frac{e^2 \dot{\boldsymbol{v}}^2}{6 \pi \varepsilon_0 c^3} \, \mathrm{d} t
\]

Substituting $\dot{\boldsymbol{v}}^2$, we get:

\[
\Delta E = \int \frac{Z^2 e^6}{96 \pi^3 \varepsilon_0^3 c^3 m^2 r^4} \, \mathrm{d} t
\]

Using conservation of angular momentum:

\[
m r^2 \frac{\mathrm{d} \theta}{\mathrm{d} t} = m v_0 b
\]

We obtain:

\[
\Delta E = \frac{Z^2 e^6}{96 \pi^3 \varepsilon_0^3 c^3 v_0 b m^2} \int_{-(\pi-\varphi)}^{\pi-\varphi} \frac{1}{r^2} \, \mathrm{d} \theta
\]

The particle's trajectory is hyperbolic, with the equation:

\[
r(1+\varepsilon \cos \theta) = b \tan \varphi
\]

where the eccentricity $\varepsilon = \frac{1}{\cos \varphi}$. After expansion, the total radiated energy is:

\[
\begin{align*}
\Delta E & = \frac{Z^2 e^6}{96 \pi^3 \varepsilon_0^3 c^3 v_0 b^3 m^2} \int_{-(\pi-\varphi)}^{\pi-\varphi} \frac{\left(1+\frac{\cos \theta}{\cos \varphi}\right)^2}{\tan^2 \varphi} \, \mathrm{d} \theta \\
& = \frac{Z^2 e^6}{96 \pi^3 \varepsilon_0^3 c^3 v_0 b^3 m^2} \left[(\pi-\varphi)\left(\frac{3}{\tan^2 \varphi}+1\right)+\frac{3}{\tan \varphi}\right]
\end{align*}
\]

Expressed in terms of the scattering angle $\alpha$:

\[
\Delta E = \frac{Z^2 e^6}{192 \pi^3 \varepsilon_0^3 c^3 v_0 b^3 m^2}\left[(\pi + \alpha)\left(3 \tan^2 \frac{\alpha}{2} + 1\right) + 3 \tan \frac{\alpha}{2}\right]
\]","\[
\boxed{\frac{Z^2 e^6}{192 \pi^3 \varepsilon_0^3 c^3 v_0 b^3 m^2}\left[(\pi + \alpha)\left(3 \tan^2 \frac{\alpha}{2} + 1\right) + 3 \tan \frac{\alpha}{2}\right]}
\]",EX,,False,EN,Math Derivation
569,Electromagnetism,Electrodynamics,Propagation and Radiation of Electromagnetic Waves,A plane-polarized electromagnetic wave propagating in a medium with a refractive index of \(n\) is normally incident on the surface of a conductor. Suppose the refractive index of the conductor is \(n_{2} = n(1+i \rho)\). Find the phase shift of the electric vector in the reflected wave.,"As shown in Figure 4.12, the incident polarized wave is

\[
\begin{aligned}
& \boldsymbol{E}_{1} = E_{10} e^{i(k_{1} x - \omega t)}, \quad \boldsymbol{B}_{1} = B_{10} e^{i(k_{1} x - \omega t)} \\
& B_{10} = n E_{10}, \quad k_{1} = \frac{\omega}{c} n
\end{aligned}
\]

The reflected wave is

\[
\begin{aligned}
& \boldsymbol{E}_{2} = E_{20} e^{-i(k_{2} x + \omega t)} \\
& \boldsymbol{B}_{2} = B_{20} e^{-i(k_{2} x + \omega t)} \\
& B_{20} = n E_{20}, \quad k_{2} = \frac{\omega}{c} n
\end{aligned}
\]

The transmitted wave is

\[
\begin{aligned}
& \boldsymbol{E}_{3} = E_{30} e^{i(k_{3} x - \omega t)} \\
& \boldsymbol{B}_{3} = B_{30} e^{i(k_{3} x - \omega t)} \\
& B_{30} = n_{2} E_{30}, \quad k_{3} = \frac{\omega}{c} n_{2}
\end{aligned}
\]

At the boundary surface, \(x=0\), the frequency \(\omega\) of the three waves is the same, with boundary conditions given by

\[
\begin{aligned}
& \boldsymbol{n} \times (\boldsymbol{E}_{10} + \boldsymbol{E}_{20}) = \boldsymbol{n} \times \boldsymbol{E}_{30}, \quad \text{continuity of the tangential component of} \quad \boldsymbol{E} \\
& \boldsymbol{n} \times (\boldsymbol{B}_{10} + \boldsymbol{B}_{20}) = \boldsymbol{n} \times \frac{\boldsymbol{B}_{30}}{\mu} \approx \boldsymbol{n} \times \boldsymbol{B}_{30}, \quad \text{continuity of the tangential component of the magnetic field}
\end{aligned}
\]

Thus, we have

\[
\begin{aligned}
& E_{10} - E_{20} = E_{30} \\
& B_{10} + B_{20} = B_{30}
\end{aligned}
\]

The latter equation can be rewritten as

\[
E_{10} + E_{20} = \frac{n_{2}}{n} E_{30}
\]

From this, we can solve for

\[
\begin{aligned}
& E_{20} = \frac{n_{2} - n}{n_{2} + n} E_{10} = \frac{i n \rho}{2n + i n \rho} E_{10} = \frac{\rho}{\sqrt{\rho^{2} + 4}} e^{i\varphi} E_{10} \\
& \tan \varphi = \frac{2}{\rho}
\end{aligned}
\]

Therefore, the phase shift of the amplitude of the electric vector of the reflected wave relative to the incident wave is

\[
\varphi' = \arctan \frac{2}{\rho}
\]",\boxed{\arctan \frac{2}{\rho}},NV,,False,EN,Math Derivation
571,Electromagnetism,Electrodynamics,Propagation and Radiation of Electromagnetic Waves,"A small circular loop with a radius of \( a \) carries a current \( i = i_{0} \cos \omega t \), and this loop is located in the \( xy \) plane.
(b) For \( r \rightarrow \infty \), provide the vector potential of the system and compute the distribution of the radiation field and the radiation angles.","Taking the center of the loop as the origin, let the position vector of a point in space be \(\boldsymbol{r}(r, \theta, \varphi)\). When \( r \rightarrow \infty \), the vector potential at this point is

\[
\boldsymbol{A}(\boldsymbol{r}, t) = \frac{i k \mu_{0} \mathrm{e}^{\mathrm{i} k r}}{4 \pi r} \boldsymbol{n} \times \boldsymbol{m}
\]

where \(\boldsymbol{n} = \boldsymbol{e}_{\mathrm{r}}, k = \frac{\omega}{c} \), taking the complex form of the magnetic dipole moment

\[
\boldsymbol{m} = \pi a^{2} i_{0} \mathrm{e}^{-\mathrm{i} \omega t} \boldsymbol{e}_{z}
\]

The real value is understood to be its real part, thus the formula for the vector potential is

\[
\boldsymbol{A}(r, t) = -i \frac{\mu_{0} \omega i_{0} a^{2} \sin \theta}{4 c r} \mathrm{e}^{\mathrm{i}(k r-\omega t)} \boldsymbol{e}_{\varphi}
\]

The corresponding radiated electromagnetic field is

\[
\begin{aligned}
& \boldsymbol{B} = \nabla \times \boldsymbol{A} = i k \boldsymbol{n} \times \boldsymbol{A} = \frac{\mu_{0} \omega^{2} i_{0} a^{2} \sin \theta}{4 c^{2} r} \mathrm{e}^{\mathrm{i}(k r-\omega t)} \boldsymbol{e}_{\theta} \\
& \boldsymbol{E} = c \boldsymbol{B} \times \boldsymbol{n} = \frac{\mu_{0} \omega^{2} i_{0} a^{2} \sin \theta}{4 c r} \mathrm{e}^{\mathrm{i}(k r-\omega t)} \boldsymbol{e}_{\varphi}
\end{aligned}
\]

The average energy flux density is

\[
\begin{aligned}
\overline{\boldsymbol{S}} & = \frac{1}{2} \operatorname{Re}\left\{\boldsymbol{E}^{*} \times \boldsymbol{H}\right\} = \frac{c}{2 \mu_{0}} \operatorname{Re}\left\{\left(\boldsymbol{B}^{*} \times \boldsymbol{n}\right) \times \boldsymbol{B}\right\} \\
& = \frac{c}{2 \mu_{0}}|\boldsymbol{B}|^{2} \boldsymbol{n} = \frac{\mu_{0} \omega^{4} i_{0}^{2} a^{4}}{32 c^{3} r^{2}} \sin^{2} \theta \boldsymbol{n}
\end{aligned}
\]

Let \( P \) be the average radiated power, the radiation angle distribution is

\[
\frac{\mathrm{d} P}{\mathrm{~d} \Omega} = S r^{2} = \frac{\mu_{0} \omega^{4} a^{4} i_{0}^{2}}{32 c^{3}} \sin^{2} \theta
\]",\boxed{\frac{\mu_{0} \omega^{4} a^{4} i_{0}^{2}}{32 c^{3}} \sin^{2} \theta},NV,,False,EN,Math Derivation
574,Electromagnetism,Electrodynamics,Interaction of Electromagnetic Fields with Matter,"A plane electromagnetic wave with wavelength $\lambda$ is incident on an insulating dielectric sphere with radius $a$ and dielectric constant $\varepsilon$. Assume the average energy flux of the incident wave $\bar{S}_{0}$ is

$$
\bar{S}_{0}=\frac{1}{2} \varepsilon_{0} c E_{0}^{2}.
$$

Find the differential scattering cross-section.","Let $\mathrm{d} \bar{P}=\bar{S} R^{2} \mathrm{d} \Omega$ be the average scattered power in the solid angle $\mathrm{d} \Omega$ along the radial direction. The differential scattering cross-section is given by

$$
\frac{\mathrm{d} \sigma}{\mathrm{d} \Omega}=\frac{\mathrm{d} \bar{P}}{\mathrm{d} \Omega} / \bar{S}_{0}=\frac{a^{6} \omega^{4}}{c^{4}}\left(\frac{\varepsilon-\varepsilon_{0}}{\varepsilon+2 \varepsilon_{0}}\right)^{2} \sin^2 \theta
$$

$$
\frac{\mathrm{d} \sigma}{\mathrm{d} \Omega} \propto \sin^2 \theta
$$",\boxed{\frac{a^{6} \omega^{4}}{c^{4}}\left(\frac{\varepsilon-\varepsilon_{0}}{\varepsilon+2 \varepsilon_{0}}\right)^{2} \sin^2 \theta},NV,,False,EN,Math Derivation
