index,domain,subject,topic,problem,solution,answers,answer_type,unit,is_multiple_answer,language,level
974,Mechanics and Thermodynamics,Relativity,General Relativity,"In general relativity, can a source emit spherically symmetric monopole gravitational radiation? Explain in a few sentences.","Because the total mass of an isolated system does not change over time, it is not possible to emit spherically symmetric monopole gravitational radiation.",\boxed{No},TF,,False,EN,Knowledge Recall
976,Mechanics and Thermodynamics,Relativity,Special Relativity,"A beam of light passes through a glass block with a refractive index of \( n \). If the glass block is moving at a constant velocity \( v \) in the direction of the incident light, find the speed of the light in the glass block relative to the laboratory frame.","In the reference frame fixed to the glass block, the speed of light in the glass block is

\[
u^{\prime} = \frac{c}{n}
\]

Using the relativistic velocity transformation formula, transform \( u^{\prime} \) to the laboratory frame,

\[
u = \frac{u^{\prime} + v}{1 + \frac{u^{\prime} v}{c^{2}}} = \frac{\frac{c}{n} + v}{1 + \frac{\left( \frac{c}{n} \right) v}{c^{2}}} = \frac{c + n v}{n + \frac{v}{c}}
\]

This is the speed of the light in the glass block relative to the laboratory frame.",\boxed{\frac{c + n v}{n + \frac{v}{c}}},EX,,False,EN,Laws Application
992,Mechanics and Thermodynamics,Relativity,General Relativity,(1) Write the equation of the geodesic.,"(1) The equation of the geodesic is

$$
\frac{\mathrm{d}^{2} x^{\mu}}{\mathrm{d} s^{2}}+\Gamma_{\alpha \beta}^{\mu} \frac{\mathrm{d} x^{\alpha}}{\mathrm{d} s} \frac{\mathrm{d} x^{\beta}}{\mathrm{d} s}=0
$$",\boxed{\frac{\mathrm{d}^{2} x^{\mu}}{\mathrm{d} s^{2}}+\Gamma_{\alpha \beta}^{\mu} \frac{\mathrm{d} x^{\alpha}}{\mathrm{d} s} \frac{\mathrm{d} x^{\beta}}{\mathrm{d} s}=0},EQ,,False,EN,Knowledge Recall
995,Mechanics and Thermodynamics,Relativity,General Relativity,"In general relativity, can a source emit spherically symmetric monopole gravitational radiation? Explain in a few sentences.","Because the total mass of an isolated system does not change over time, it is not possible to emit spherically symmetric monopole gravitational radiation.",\boxed{No},TF,,False,EN,Laws Application
1008,Mechanics and Thermodynamics,Relativity,General Relativity,"The Schwarzschild metric describing the exterior spacetime of a spherically symmetric body with mass $M$ can be written as

$$
\mathrm{d} s^{2} = -\left(1-\frac{2 G M}{c^{2} r}\right) c^{2} \mathrm{~d} t^{2} + \left(1-\frac{2 G M}{c^{2} r}\right)^{-1} \mathrm{~d} r^{2} + r^{2}\left(\mathrm{~d} \theta^{2} + \sin^{2} \theta \mathrm{~d} \phi^{2}\right)
$$

Find the radius of the circular orbit of a photon.","Using the null geodesic equation $\frac{\mathrm{d}^{2} x^{\mu}}{\mathrm{d} \sigma^{2}} + \Gamma_{\alpha \beta}^{\mu} \frac{\mathrm{d} x^{\alpha}}{\mathrm{d} \sigma} \frac{\mathrm{d} x^{\beta}}{\mathrm{d} \sigma} = 0$, and $g_{\mu \nu} \frac{\mathrm{d} x^{\mu}}{\mathrm{d} \sigma} \frac{\mathrm{d} x^{\nu}}{\mathrm{d} \sigma} = 0$, and considering the photon orbit in the plane $\theta = \frac{\pi}{2}$, we obtain $\frac{\mathrm{d}^{2} u}{\mathrm{~d} \phi^{2}} + u - \frac{3 G M}{c^{2}} u^{2} = 0$, where $u = \frac{1}{r}$. This equation has a constant solution $u = \left(\frac{3 G M}{c^{2}}\right)^{-1}$, i.e., $r = \frac{3 G M}{c^{2}}$. This is the radius of the circular motion of the photon.",\boxed{\frac{3 G M}{c^{2}}},NV,,False,EN,Math Derivation
1016,Mechanics and Thermodynamics,Relativity,Special Relativity,"This problem is solved using special relativity. An observer A, stationary relative to a fixed distance from a celestial body, sees an isotropic distribution of celestial bodies in a finite star system. The number of celestial bodies observed in a solid angle element $\mathrm{d} \Omega$ is $P \mathrm{~d} \Omega=\frac{N}{4 \pi} \mathrm{~d} \Omega$, where $N$ is the total number of celestial bodies seen by A. Another observer B is moving uniformly along the z-axis at a velocity $v=\beta c$ in an inertial frame. Let $\theta^{\prime}$ and $\phi^{\prime}$ be the polar angle (relative to the z-axis) and the azimuthal angle in B's inertial frame. Determine the form of $P^{\prime}\left(\theta^{\prime}, \phi^{\prime}\right) \mathrm{d} \Omega^{\prime}$, representing the number of celestial bodies observed by B in the solid angle element $\mathrm{d} \Omega^{\prime}=\sin \theta^{\prime} \mathrm{d} \theta^{\prime} \mathrm{d} \phi^{\prime}$, as a function of $\theta^{\prime}$ and $\phi^{\prime}$ (assuming that observer B can see every celestial body seen by observer A).","Since

$$
\frac{\mathrm{d} \Omega^{\prime}}{\mathrm{d} \Omega}=\frac{\mathrm{d}\left(\cos \theta^{\prime}\right)}{\mathrm{d}(\cos \theta)}
$$

According to the aberration of light formula

$$
\cos \theta^{\prime}=\frac{\cos \theta-\beta}{1-\beta \cos \theta} \text{, or expressed as } 1+\beta \cos \theta^{\prime}=\frac{1-\beta^{2}}{1-\beta \cos \theta}
$$

Differentiating the above gives

$$
\mathrm{d} \Omega^{\prime}=\frac{1-\beta^{2}}{(1-\beta \cos \theta)^{2}} \mathrm{~d} \Omega \text{, or } \mathrm{d} \Omega=\frac{1-\beta^{2}}{\left(1+\beta \cos \theta^{\prime}\right)^{2}} \mathrm{~d} \Omega^{\prime}
$$

Thus,

$$
P^{\prime}\left(\theta^{\prime}, \phi^{\prime}\right)=\frac{N}{4 \pi} \frac{1-\beta^{2}}{\left(1+\beta \cos \theta^{\prime}\right)^{2}}
$$",\boxed{\frac{N}{4 \pi} \frac{1-\beta^{2}}{\left(1+\beta \cos \theta^{\prime}\right)^{2}}},EX,,False,EN,Laws Application
1025,Mechanics and Thermodynamics,Relativity,General Relativity,"Now assume that the planet is a black hole, and the atom is on a trajectory about to be captured by the black hole. When the atom finally approaches the central singularity of the black hole, it will be torn apart and ionized. It can be assumed that this occurs when the deviation of energy (estimated in the previous problem) equals the binding energy of the atom, $E_{0}$. Use the mass of the black hole and other given parameters to roughly estimate how far from the center of the black hole the atom will be ionized. Can an external observer see this phenomenon? Compare this critical mass with the mass of Earth using known natural constants.","Ionization should satisfy $E_{0}=\hbar \Delta \omega=\frac{\hbar G M}{\omega_{0} R^{3}}$, hence $R^{3}=\frac{\hbar^{2} G M}{E_{0}^{2}}$. For this phenomenon to be observed by an external observer, this distance must be greater than the Schwarzschild radius $R_{\mathrm{s}}=\frac{2 G M}{c^{2}}$, thus $\left(\frac{\hbar^{2} G M}{E_{0}^{2}}\right)^{1 / 3}>\frac{2 G M}{c^{2}}$, which implies $M<M_{\mathrm{c}}$, where $M_{\mathrm{c}}=\frac{\hbar c^{3}}{\sqrt{8} G E_{0}}$. Given that $\hbar=6.5 \times 10^{-16} \mathrm{eV} \cdot \mathrm{s}$ and $E_{0} \approx \mathrm{eV}$, $M_{\mathrm{c}} \approx 10^{22} \mathrm{~g}$, while the mass of the Earth is $M_{\mathrm{e}} \approx 6 \times 10^{27} \mathrm{~g}$, so $M_{\mathrm{c}} \approx 10^{-5} M_{\mathrm{e}}$. (Its gravitational radius $R_{\mathrm{s}} \approx 10^{-6} \mathrm{~cm}$)",\boxed{No},TF,,False,EN,Practical Application
1034,Mechanics and Thermodynamics,Relativity,General Relativity,"The Schwarzschild metric describing the spacetime outside a spherically symmetric body of mass \( M \) can be written as

$$
\mathrm{d} s^{2} = -\left(1-\frac{2 G M}{c^{2} r}\right) c^{2} \mathrm{~d} t^{2} + \left(1-\frac{2 G M}{c^{2} r}\right)^{-1} \mathrm{~d} r^{2} + r^{2}\left(\mathrm{~d} \theta^{2} + \sin^{2} \theta \mathrm{~d} \phi^{2}\right)
$$

Suppose a photon is moving in a circular orbit with a radius \( r = \frac{3 G M}{c^{2}} \). If an observer at this radius sends a light signal each time a photon passes them, what is the time interval of these light signals measured by a stationary observer at infinity?","For a stationary observer at infinity, \(\mathrm{d} t\) represents their proper time interval. Given \(\mathrm{d} \tau_{0} = \frac{1}{\sqrt{3}} \mathrm{~d} t\) and \(T_{0} = \int_{0}^{T_{0}} \mathrm{~d} \tau_{0} = \frac{6 \pi G M}{c^{3}}\), the time interval of the light signals measured by the observer at infinity is

$$
T = \int_{0}^{T} \mathrm{~d} t = \sqrt{3} \int_{0}^{T_{0}} \mathrm{~d} \tau_{0} = \frac{6 \sqrt{3} \pi G M}{c^{3}}
$$","\[
\boxed{\frac{6 \sqrt{3} \pi G M}{c^{3}}}
\]",NV,,False,EN,Laws Application
1044,Mechanics and Thermodynamics,Relativity,Relativistic Cosmology,"Write down the Newtonian equation of motion for a particle experiencing acceleration towards the origin when its distance is $L$. The metric of the Robertson-Walker spacetime is given by $\mathrm{d} s^{2}=-\mathrm{d} t^{2}+a(t)^{2}\left(\frac{\mathrm{~d} r^{2}}{1-k r^{2}}+r^{2} \mathrm{~d} \Omega^{2}\right)$, where $k=0, +1, -1$ correspond to zero, positive, or negative curvature of the three-dimensional space, respectively. (Hint: Consider a sphere of uniformly distributed matter with radius $L$.)","For the radial motion's Newtonian equation, $\ddot{L}_{r} = -\frac{\mathrm{d} \phi}{\mathrm{d} r} = -\frac{4}{3} \pi G \rho L_{r}$. According to equation (1), at time $t$, the distance is $L_{r}(t)=a(t) h(r)$, thus resulting in $\ddot{a} = -\frac{4}{3} \pi G \rho a$. Integrating both sides with respect to $2 \dot{a}$ gives $\dot{a}^{2} = -\frac{8}{3} \pi G \rho a^{2} + K$, where $K$ is the integration constant.",\boxed{\ddot{a} = -\frac{4}{3} \pi G \rho a},EQ,,False,EN,Laws Application
1053,Mechanics and Thermodynamics,Relativity,General Relativity,"Under the weak field approximation, $g_{\mu \nu} = \eta_{\mu \nu} + h_{\mu \nu}$, consider the coordinate transformation $x_{\mu} \rightarrow x_{\mu}^{\prime} = x_{\mu} + \varepsilon_{\mu}(x)$, where $\varepsilon$ is a small quantity. Find $h_{\mu \nu}^{\prime}$ in the new coordinates and determine whether $h_{\mu \nu}^{\prime}$ is a solution to the Einstein equation $\Box h_{\mu \nu} = \theta_{\mu,\nu} + \theta_{\nu,\mu}$; that is, whether the linearized vacuum equation is gauge invariant.","From $\frac{\partial x^{\prime \mu}}{\partial x^{\alpha}} = \delta_{\alpha}^{\mu} + \varepsilon_{\ , \alpha}^{\mu}$, we have

$$
\begin{aligned}
g_{\mu \nu}^{\prime}\left(x^{\prime}\right) &= \frac{\partial x^{\prime \alpha}}{\partial x^{\mu}} \frac{\partial x^{\prime \beta}}{\partial x^{\nu}} g_{\alpha \beta}(x) = \left(\delta_{\mu}^{\alpha} + \varepsilon_{,\mu}^{\alpha}\right)\left(\delta_{\nu}^{\beta} + \varepsilon_{,\nu}^{\beta}\right) g_{\alpha \beta}(x) \\
& \approx g_{\mu \nu}(x) + g_{\alpha \nu}(x) \varepsilon_{,\mu}^{\alpha} + g_{\mu \beta}(x) \varepsilon_{,\nu}^{\beta}
\end{aligned}
$$

Using the Taylor expansion, we obtain

$$
g_{\mu \nu}^{\prime}\left(x^{\prime}\right) = g_{\mu \nu}(x) + g_{\mu \nu,\alpha}(x) \varepsilon^{\alpha}
$$

Thus,

$$
g_{\mu \nu}^{\prime}(x) = g_{\mu \nu}(x) - g_{\mu \nu,\alpha}(x) \varepsilon^{\alpha} + g_{\alpha \nu}(x) \varepsilon_{,\mu}^{\alpha} + g_{\mu \beta}(x) \varepsilon_{,\nu}^{\beta}
$$

However, since $g_{\mu \nu}^{\prime} = \eta_{\mu \nu} + h_{\mu \nu}^{\prime}$, it follows that $h_{\mu \nu}^{\prime} = h_{\mu \nu} + \varepsilon_{\mu,\nu} + \varepsilon_{\nu,\mu}$. From the field equation

$$
\square h_{\mu \nu} = \theta_{\mu,\nu} + \theta_{\nu,\mu}
$$

we have

$$
\begin{aligned}
\square h_{\mu \nu}^{\prime} &= \theta_{\mu,\nu} + \theta_{\nu,\mu} + \square \varepsilon_{\mu,\nu} + \square \varepsilon_{\nu,\mu} \\
&= \theta_{\mu,\nu}^{\prime} + \theta_{\nu,\mu}^{\prime} - \varepsilon_{,\alpha \alpha \nu} - \square \varepsilon_{\mu,\nu} + \frac{1}{2} \varepsilon_{,\alpha,\nu} + \frac{1}{2} \varepsilon_{,\alpha \alpha \nu}
\end{aligned}
$$

$$
\begin{aligned}
& - \varepsilon_{,\nu \alpha \alpha} - \square \varepsilon_{\nu,\mu} + \frac{1}{2} \varepsilon_{,\alpha,\mu} + \frac{1}{2} \varepsilon_{,\alpha \alpha \mu} + \square \varepsilon_{\mu,\nu} + \square \varepsilon_{\nu,\mu} \\
= & \theta_{\mu,\nu}^{\prime} + \theta_{\nu,\mu}^{\prime}
\end{aligned}
$$

Therefore, it satisfies gauge invariance.",\boxed{Yes},TF,,False,EN,Math Derivation
1054,Mechanics and Thermodynamics,Relativity,Special Relativity,"In flat spacetime, a spherical star has a total luminosity of \( L \). Therefore, an observer at distance \( r \) from the center of the star, who is stationary relative to the star, receives an energy flux of \(\frac{L}{4 \pi r^{2}}\). There is another observer at radius \( r \) moving with velocity \( v \), where \( v_{//} \) is the component of \( v \) along the line connecting the observer and the star's center, and \( v_{\perp} \) is the component perpendicular to that line. Express the energy flux measured by this observer in terms of \( L, r, v_{//}, \) and \( v_{\perp} \).","When the observer moves with velocity \( v \), the transformations of the electric field and the magnetic field are given by

$$
\begin{aligned}
\boldsymbol{E}^{\prime} & =\gamma\left(\boldsymbol{E}+\frac{\boldsymbol{v}}{c} \times \boldsymbol{H}\right)-(\gamma-1) \frac{\boldsymbol{v} \cdot \boldsymbol{E}}{v^{2}} \boldsymbol{v}, \\
\boldsymbol{H}^{\prime} & =\gamma\left(\boldsymbol{H}-\frac{\boldsymbol{v}}{c} \times \boldsymbol{E}\right)-(\gamma-1) \frac{\boldsymbol{v} \cdot \boldsymbol{H}}{v^{2}} \boldsymbol{v}
\end{aligned}
$$

Since \(\boldsymbol{E} \cdot \boldsymbol{H}=0\) is an invariant and \(\boldsymbol{E}^{\prime} \cdot \boldsymbol{H}^{\prime}=0\), it follows that \(\left|\boldsymbol{E}^{\prime} \times \boldsymbol{H}^{\prime}\right|^{2}=\left|\boldsymbol{E}^{\prime}\right|^{2}\left|\boldsymbol{H}^{\prime}\right|^{2}-\left(\boldsymbol{E}^{\prime} \cdot \boldsymbol{H}^{\prime}\right)^{2} = \left|\boldsymbol{E}^{\prime}\right|^{2}\left|\boldsymbol{H}^{\prime}\right|^{2}\). Substituting the expressions for \(\boldsymbol{E}^{\prime}\) and \(\boldsymbol{H}^{\prime}\) and simplifying yields

$$
\left|\boldsymbol{S}^{\prime}\right|=\frac{\left(1-v_{//} / c\right)^{2}}{1-v^{2} / c^{2}}|\boldsymbol{S}|=\frac{\left(1-v_{//} / c\right)^{2}}{1-\left(v_{//}^{2}+v_{\perp}^{2}\right) / c^{2}} \frac{L}{4 \pi r^{2}}
$$

This is the energy flux measured by the observer.","\[
\boxed{\frac{\left(1-v_{//} / c\right)^{2}}{1-\left(v_{//}^{2}+v_{\perp}^{2}\right) / c^{2}} \frac{L}{4 \pi r^{2}}}
\]",EX,,False,EN,Math Derivation
1063,Mechanics and Thermodynamics,Relativity,General Relativity,"For a vacuum where $T_{i}^{j}=0$ and $\Lambda=0$, under these conditions, the Robertson-Walker line element can be expressed as

$$
\mathrm{d}s^{2} = \mathrm{d}t^{2} - a(t)^{2} \left[\frac{\mathrm{d}x^{2}}{1+x^{2}} + x^{2} (\mathrm{d} \theta^{2} + \sin^{2}\theta \, \mathrm{d}\phi^{2}) \right], \quad a(t) \propto t 
$$

Let $a(t)=t$, i.e., choose the proportionality constant equal to the speed of light. Set $r=tx$, so that the coefficient of $\mathrm{d}\theta^{2} + \sin^{2}\theta \, \mathrm{d}\phi^{2}$ transforms into $r^{2}$. Additionally,

$$
\mathrm{d}t^{2} - \frac{t^{2} \, \mathrm{d}x^{2}}{1+x^{2}} = \mathrm{d}t^{2} - \frac{t^{2}(t \, \mathrm{d}r - r \, \mathrm{d}t)^{2}}{t^{4}[1 + (r/t)^{2}]} = \frac{(t \, \mathrm{d}t + r \, \mathrm{d}r)^{2}}{t^{2} + r^{2}} - \mathrm{d}r^{2}
$$

Choose the time variable for the new coordinate system

$$
\mathrm{d}\tau = \frac{t \, \mathrm{d}t + r \, \mathrm{d}r}{\sqrt{t^{2} + r^{2}}} = \mathrm{d}\sqrt{t^{2} + r^{2}}
$$

Prove that it describes flat space and find the transformation to Minkowski space coordinates.","Let $a(t)=t$, set $r=tx$, and choose the time variable for the new coordinate system $\mathrm{d}\tau = \frac{t \, \mathrm{d}t + r \, \mathrm{d}r}{\sqrt{t^{2} + r^{2}}} = \mathrm{d}\sqrt{t^{2} + r^{2}}$. Then, the line element becomes $\mathrm{d}s^{2} = \mathrm{d}\tau^{2} - \mathrm{d}r^{2} - r^{2} (\mathrm{d}\theta^{2} + \sin^{2}\theta \, \mathrm{d}\phi^{2})$, which is clearly the metric for flat space. Therefore, the transformation to Minkowski space coordinates is $r=tx, \tau=\sqrt{t^{2} + r^{2}}$.","\boxed{r=tx, \tau=\sqrt{t^{2} + r^{2}}}","EQ, EX","\text{None}, \text{None}",True,EN,Math Derivation
1074,Mechanics and Thermodynamics,Relativity,Relativistic Cosmology,"Assume the universe is isotropic and spatially flat, so the metric can be expressed in the following form: $\mathrm{d}s^{2}=-\mathrm{d}t^{2}+a^{2}(t)\left(\mathrm{d}r^{2}+r^{2} \mathrm{d}\theta^{2}+r^{2} \sin^{2} \theta \mathrm{d}\phi^{2}\right)$, where $r, \theta, \phi$ are comoving coordinates. This means any galaxy will have constant $r, \theta, \phi$ (neglecting individual motions of galaxies). Assume this universe is matter-dominated, with a matter density of $\rho(t)$ at time $t$. Under these conditions, the Einstein equations are

$$
\dot{a}^{2}=\frac{8 \pi G}{3} \rho a^{2} \quad \text{and} \quad \ddot{a}=-\frac{4 \pi G}{3} \rho a
$$

In this cosmological model, the angular diameter of a given galaxy will decrease with increasing distance from the observer, until a certain critical distance beyond which the angular diameter increases with distance. What is the redshift $Z_{\text{crit}}$ corresponding to the minimum angular diameter?","By the definition of angular diameter $\delta=\frac{D}{a\left(t_{1}\right) r_{1}}$, where $D$ is the intrinsic diameter of the source, $r_{1}$ and $t_{1}$ are the coordinates and time of the source. Since $D$ is constant, the minimum $\delta$ corresponds to the maximum value of $a\left(t_{1}\right) r_{1}$, but $r_{1}=\int_{t_{1}}^{t_{0}} \frac{\mathrm{d}t}{a(t)}$, thus the extremum condition can be written as $\dot{a}\left(t_{1}\right) r_{1}-a\left(t_{1}\right) \frac{1}{a\left(t_{1}\right)}=0$, or $r_{1}=\frac{1}{\dot{a}\left(t_{1}\right)}$, where $\dot{a}(t)=\frac{\mathrm{d}a(t)}{\mathrm{d}t}$. Solving the equations given the model, we find $a(t)=c t^{2 / 3}$, thus $r=\int_{t_{1}}^{t_{0}} \frac{\mathrm{d}t}{a(t)}=\frac{3}{c}\left(t_{0}^{1 / 3}-t_{1}^{1 / 3}\right)$ and $\dot{a}\left(t_{1}\right)=\frac{2}{3} c t_{1}^{-1 / 3}$. From the extremum equation, we find $t_{1} = \frac{8}{27} t_{0}$, substituting into the redshift expression gives

$$
Z_{\text{crit}}=\frac{a\left(t_{0}\right)}{a\left(t_{1}\right)}-1=\frac{c t_{0}^{2 / 3}}{c t_{1}^{2 / 3}}-1=\frac{9}{4}-1=\frac{5}{4}
$$",\boxed{\frac{5}{4}},NV,,False,EN,Math Derivation
1082,Mechanics and Thermodynamics,Relativity,General Relativity,Derive the formula for the cosmic redshift of light emitted by a galaxy at time \( t = t_1 \) and received by an observer at time \( t = t_2 \) using the solution of Maxwell's equations in Minkowski space. Assume that both the light source and the observer remain stationary with respect to the comoving time coordinate \( t \).,"For the propagation of light, we have \(\mathrm{d}s = 0\), so \(a^2(\mathrm{d}\eta^2 - \mathrm{d}r^2) = 0\), which gives \(\mathrm{d}\eta = \mathrm{d}r\), (\(r^2 = x^2 + y^2 + z^2\), with the coordinate origin at the galaxy's location). However, \(\mathrm{d}t = \frac{1}{c} a(t) \mathrm{d}\eta\) represents the interval between two events, and at both the departure and observation points, \(\mathrm{d}\eta\) is the same (from \(\mathrm{d}\eta = \mathrm{d}r\), we have \(r = \eta +\) constant). Therefore,

Redshift

\[
\begin{gathered}
\frac{\lambda_2}{\lambda_1} = \frac{c \mathrm{d}t_2}{c \mathrm{d}t_1} = \frac{a(t_2)}{a(t_1)} \\
Z = \frac{\Delta \lambda}{\lambda} = \frac{a(t_2)}{a(t_1)} - 1 = \left(\frac{t_2}{t_1}\right)^{1/3} - 1
\end{gathered}
\]",\boxed{\left(\frac{t_2}{t_1}\right)^{1/3} - 1},EX,,False,EN,Math Derivation
1083,Mechanics and Thermodynamics,Relativity,General Relativity,"Under the approximation precise to $\frac{1}{r}$, the metric near a planet with mass $m$ can be expressed as $(c=G=1)$ 
$$
\mathrm{d} s^{2}=-\left(1 \pm \frac{2 m}{r}\right) \mathrm{d} t^{2}+\left(1 \pm \frac{2 m}{r}\right) \mathrm{d} l^{2}
$$
where $t$ and $l$ are the time and spatial coordinates, respectively, and $r$ is the distance to the planet. Choose the appropriate sign from the coefficient of $\mathrm{d} t^{2}$ and explain its physical basis.","When $r$ is very large, the spatial metric should transition to Newtonian gravity, i.e., $g_{00}=-1+h_{00}$, and $\frac{h_{00}}{2}=-4 \pi \rho$ should be consistent with the Poisson equation $\nabla^{2} \phi=4 \pi \rho$. Therefore, $h_{00}=-2 \phi+\frac{2 m}{r}$, meaning the coefficient of $\mathrm{d} t^{2}$ should be chosen as the negative sign, i.e., $-\left(1-\frac{2 m}{r}\right) \mathrm{d} t^{2}$.",\boxed{-},NV,,False,EN,Laws Application
1109,Mechanics and Thermodynamics,Relativity,General Relativity,"In the weak field approximation, $g_{\mu \nu} = \eta_{\mu \nu} + h_{\mu \nu}$, using the coordinate transformation $x_{\mu} \rightarrow x_{\mu}^{\prime} = x_{\mu} + \varepsilon_{\mu}(x)$, consider the degrees of freedom of a plane wave solution to the homogeneous equation $\Box h_{\mu \nu} = 0$ (since there exists a gauge transformation such that $\theta_{\mu \nu} = 0$).","Consider a plane wave propagating along the positive $x$-axis direction. In this wave, all $h_{\mu \nu}$ are functions of $x - ct$. Let $\gamma_{\mu \nu} = h_{\mu \nu} - \frac{1}{2} \delta_{\mu \nu} h$, then from the condition $\theta_{\mu \nu} = 0$, we have $\gamma_{\mu \nu}^{\nu} = 0$. Specifically, expanding this, we have $\frac{\mathrm{d} \gamma^{\prime}{}_{\mu}}{\mathrm{d} t} - \frac{\mathrm{d} \gamma_{\mu}^{0}}{\mathrm{d} t} = 0$; proceeding with the integration directly and setting the constant of integration to zero (considering only the varying parts), we obtain $\gamma_{1}^{1} = \gamma_{1}^{0}, \gamma_{2}^{1} = \gamma_{2}^{0}, \gamma_{3}^{1} = \gamma_{3}^{0}, \gamma_{0}^{1} = \gamma_{0}^{0}$. Using the coordinate transformation $x^{\prime}{}_{\mu} = x_{\mu} + \varepsilon_{\mu}(x)$, and assuming $\Box \varepsilon_{\mu} = 0$, then $\theta_{\mu}^{\prime} = 0$. Therefore, four quantities $\gamma_{1}^{0}, \gamma_{2}^{0}, \gamma_{3}^{0}, \gamma_{2}^{2} + \gamma_{3}^{3}$ can be set to zero. At this point, $\gamma_{\alpha}^{\alpha} = 0$, so $\gamma_{\mu \nu} = h_{\mu \nu}$. Therefore, there are a total of two independent components, namely $h_{23} = h_{32}$ and $h_{22} = -h_{33}$, in other words, there are only two degrees of freedom.",\boxed{2},NV,,False,EN,Math Derivation
1120,Mechanics and Thermodynamics,Relativity,Special Relativity,"Assume that in Einstein's clock, the speed of the photon is \( c \), and the clock was rotated by \( 90^{\circ} \) before moving, so its velocity \( v \) is perpendicular to the direction of the two mirrors. Derive the Lorentz contraction formula. How much must the clock contract in the moving reference frame compared to its rest reference frame so that the degree to which its ticking slows in the moving frame matches the dilation factor calculated above?","Assume in the moving reference frame, the distance between \( A \) and \( B \) is \( L^{\prime} \). Then for light traveling from \( A \) to \( B \), we have:

\[
L^{\prime} + v t_{1}^{\prime} = c t_{1}^{\prime}, \quad t_{1}^{\prime} = \frac{L^{\prime}}{c - v}
\]

And for the light returning from \( B \) back to \( A \), we have:

\[
L^{\prime} - v t_{2}^{\prime} = c t_{2}^{\prime}, \quad t_{2}^{\prime} = \frac{L^{\prime}}{c + v}
\]

According to the problem statement:

\[
t_{0}^{\prime} = t_{1}^{\prime} + t_{2}^{\prime} = \frac{c + v + c - v}{(c + v)(c - v)} L^{\prime} = \frac{2L^{\prime}}{c(1 - v^{2} / c^{2})}
\]

Thus, we have:

\[
t_{0}^{\prime} = \frac{t_{0}}{1 - v^{2} / c^{2}} = \frac{2L / c}{1 - v^{2} / c^{2}} = \frac{2L^{\prime} / c}{1 - v^{2} / c^{2}}
\]

Finally, we conclude:

\[
L^{\prime} = \left(1 - \frac{v^{2}}{c^{2}}\right)^{1/2} L
\]",\boxed{L^{\prime} = \left(1 - \frac{v^{2}}{c^{2}}\right)^{1/2} L},EQ,,False,EN,Math Derivation
1131,Mechanics and Thermodynamics,Relativity,Special Relativity,"Einstein's reasoning involves an idealized clock, in which a light wave reflects back and forth between two mirrors. The clock ticks once each time the light wave travels from mirror A to mirror B and back to mirror A. Derive the formula for time dilation in special relativity under the following conditions. Assume that light has the same speed \( c \) in all reference frames. In a reference frame moving at a speed \( v \) perpendicular to the direction separating the two mirrors, how much slower does the clock tick compared to in the stationary frame?","Refer to Figure 5.2. Assume that mirrors \( A \) and \( B \) are separated by a distance \( L \). In the stationary frame, the round-trip time for light is \( t_{0} = \frac{2L}{c} \), which is the time for one tick of the clock when it is stationary. The time for one tick when the clock is moving is \( t_{0}^{\prime} \), as shown in Figure 5.2. We have

\[
\begin{aligned}
& L^{2} + \left(\frac{1}{2} v t_{0}^{\prime}\right)^{2} = \left(\frac{1}{2} c t_{0}^{\prime}\right)^{2} \\
& t_{0}^{\prime} = \frac{2L}{\sqrt{c^{2} - v^{2}}} = \frac{2L}{c} \frac{1}{\sqrt{1 - v^{2} / c^{2}}} = \frac{t_{0}}{\sqrt{1 - v^{2} / c^{2}}}
\end{aligned}
\]",\boxed{t_0^{\prime} = \frac{t_0}{\sqrt{1 - v^2 / c^2}}},EQ,,False,EN,Math Derivation
1149,Mechanics and Thermodynamics,Relativity,General Relativity,"In the appropriately chosen coordinate variables $\rho, \theta, \phi, \psi$, the solution to Einstein's field equations can be expressed in the following metric form:  
$\mathrm{d}s^{2} = -\frac{1}{U(\rho)} \mathrm{d}\rho^{2} + 4 U(\rho) l^{2}(\mathrm{d}\psi + \cos\theta \mathrm{d}\phi)^{2} + (\rho^{2} + l^{2})(\mathrm{d}\theta^{2} + \sin^{2}\theta \mathrm{d}\phi^{2})$,  
where $-\infty \leq \rho \leq \infty, 0 \leq \theta \leq \pi, 0 \leq \phi \leq 2 \pi, 0 \leq \psi \leq 4 \pi$. $\theta, \phi$, and $\psi$ are cyclic variables, and $U(\rho) = -1 + \frac{2(m \rho + l^{2})}{\rho^{2} + l^{2}}$, with $m$ and $l$ being constant parameters.  
(2) Solve the equation of the null geodesic in the plane $\phi=0, \theta=\frac{\pi}{2}$, and prove that at the surface $\phi=0, \theta=\frac{\pi}{2}$, there exists a null geodesic at $\rho=m+\sqrt{m^{2}+l^{2}}$. Explain in a few sentences why the above null geodesic is of particular interest physically.","(2) The metric for the null geodesic is $g_{\rho \rho}\left(\frac{\mathrm{d} \rho}{\mathrm{d} s}\right)^{2} + g_{\psi \psi}\left(\frac{2 l}{g_{\psi \psi}}\right)^{2} = 0$ where the variable $s$ should be understood as another parameter, so $\frac{\mathrm{d} \rho}{\mathrm{d} s} = \sqrt{-U(\rho)}$.

It is clear that the geodesic equation is satisfied when $U(\rho) = 0$. This is equivalent to $\rho$ satisfying the following equation:

$$
\rho^{2} + l^{2} - 2 m \rho - 2 l^{2} = 0
$$

Solving gives $\rho = m + \sqrt{m^{2} + l^{2}}$, with the negative root discarded.  
The above solution indicates that the light will move along the spherical surface and it cannot propagate outward. This is precisely why it is of particular interest physically.",\boxed{\rho = m + \sqrt{m^2 + l^2}},EQ,,False,EN,Math Derivation
1371,Mechanics and Thermodynamics,Relativity,Special Relativity,"In the reference frame of an observer moving with a constant acceleration \( a \) (relative to its instantaneous inertial coordinate system), determine the velocity \( v \) of a stellar system at the time \( t' \).","\( v \) can be expressed as

\[ 
v = \frac{c \sinh \left(\frac{a t}{c}\right)}{\sqrt{1+\sinh^2 \left(\frac{a t}{c}\right)}} = \frac{\sinh \left(\frac{a t}{c}\right)}{\cosh \left(\frac{a t}{c}\right)} c = c \tanh \left(\frac{a t}{c}\right) 
\]",\boxed{c \tanh \left(\frac{a t}{c}\right)},EX,,False,EN,Math Derivation
1377,Mechanics and Thermodynamics,Relativity,General Relativity,"Assume there are two compact stars, each with a mass equal to the solar mass, orbiting each other in a circular motion with a radius equal to the solar radius. Calculate the timescale for orbital decay.

Given: Solar mass \( M = 2 \times 10^{33} \mathrm{~g}, G = 6.7 \times 10^{-8} \mathrm{~cm}^{3} \cdot \mathrm{s}^{-2} \); Solar radius \( r = 7 \times 10^{10} \mathrm{~cm}, c = 3 \times 10^{10} \mathrm{~cm} \cdot \mathrm{s}^{-1} \).","The timescale for orbital decay is

$$
\tau = -\frac{5 c^{5}}{128 G^{3} M^{3}} \int_{r}^{0} r^{3} \mathrm{d} r = \frac{5}{512} \frac{c^{5}}{G^{3} M^{3}} r^{4} \approx 2.1 \times 10^{15} \text{ s}
$$",\boxed{2.1 \times 10^{15}},NV,\text{s},False,EN,Practical Application
1392,Mechanics and Thermodynamics,Relativity,Special Relativity,"Given an observer moving with a constant acceleration \( a \), who is at rest with respect to a fixed observer at time \( t=0 \) and then starts moving. Determine the time \( t' \) as measured in the accelerated frame at time \( t \).","Using the relation \(\mathrm{d} t^{\prime} = \gamma \mathrm{d} \tau = \gamma \mathrm{d} t = \frac{\mathrm{d} t}{\sqrt{1-v^2 / c^2}}\), we can convert the time to the moving observer's proper time:

\[
t = \int_{0}^{t} \mathrm{~d} t = \int_{0}^{t} \sqrt{1-\frac{v^2}{c^2}} \mathrm{~d} t^{\prime} = \int_{0}^{t^{\prime}} \frac{\mathrm{d} t^{\prime}}{\sqrt{1-a^2 t^{\prime 2} / c^2}} = \frac{c}{a} \operatorname{arcsinh} \frac{a t^{\prime}}{c}
\]

Thus,

\[
t^{\prime} = \frac{c}{a} \sinh \left(\frac{a t}{c}\right)
\]",\boxed{\frac{c}{a} \sinh \left(\frac{a t}{c}\right)},EX,,False,EN,Math Derivation
1399,Mechanics and Thermodynamics,Relativity,Relativistic Cosmology,"Assuming the geometry of the universe is described by the Robertson-Walker metric $(c=1), \mathrm{d}s^{2}=-\mathrm{d}t^{2}+ R(t)^{2}\left(\frac{\mathrm{d}r^{2}}{1-k r^{2}}+r^{2} \mathrm{d}\Omega\right)$, a spaceship is launched at a speed $v$ relative to a cosmic observer. When the scale factor has expanded to $(1+Z)$ times, find the speed $v^{\prime}$ of the spaceship relative to the observer.","Since $\mathrm{d}l=R(t) \mathrm{d}x$ represents the distance element, the speed is

$$
v=\frac{\mathrm{d}l}{\mathrm{d}t}=R(t) \frac{\mathrm{d}x}{\mathrm{d}t}
$$

Therefore,

$$
\frac{R(t) v}{\sqrt{1-v^{2}}}=\text{constant, i.e., } \frac{R(t) v}{\sqrt{1-v^{2}}}=\frac{R\left(t^{\prime}\right) v^{\prime}}{\sqrt{1-v^{\prime 2}}}
$$

Since $\frac{R(t)}{R\left(t_{0}\right)}=1-Z$, we have $-\frac{v^{\prime}}{\sqrt{1-v^{\prime 2}}}=\frac{v}{\sqrt{1-v^{2}}} \frac{1}{1+Z}$.

Solving this gives

$$
v^{\prime}=\frac{v}{(1+Z) \sqrt{1+\left[\frac{v}{(1+Z) \sqrt{1-v^{2}}}\right]^{2}}}
$$

When $v \ll 1$,

$$
v^{\prime}=\frac{v}{1+Z}
$$","\boxed{\frac{v}{(1+Z) \sqrt{1+\left[\frac{v}{(1+Z) \sqrt{1-v^{2}}}\right]^{2}}}, \frac{v}{1+Z}}","EX, EX","None, None",True,EN,Laws Application
1406,Mechanics and Thermodynamics,Relativity,General Relativity,"The Schwarzschild metric for the spacetime outside a spherically symmetric mass $M$ can be written as

$$
\mathrm{d} s^{2} = -\left(1-\frac{2 G M}{c^{2} r}\right) c^{2} \mathrm{~d} t^{2} + \left(1-\frac{2 G M}{c^{2} r}\right)^{-1} \mathrm{~d} r^{2} + r^{2}\left(\mathrm{~d} \theta^{2} + \sin^{2} \theta \mathrm{~d} \phi^{2}\right)
$$

What is the period of the photon's circular orbit as measured by a stationary observer at the radius $r = \frac{3 G M}{c^{2}}$?","At the radius $r = \frac{3 G M}{c^{2}}$, the proper time interval for the stationary observer is $\mathrm{d} \tau_{0}^{2} = \frac{1}{3} \mathrm{~d} t^{2}$, i.e. $\mathrm{d} \tau_{0} = \frac{1}{\sqrt{3}} \mathrm{~d} t$. For the photon's circular motion, we have

$$
0 = \mathrm{d} \tau_{0}^{2} - \left(\frac{3 G M}{c^{3}}\right)^{2} \mathrm{~d} \phi^{2}
$$

Hence, the period is

$$
T_{0} = \int_{0}^{T_{0}} \mathrm{~d} \tau_{0} = \frac{3 G M}{c^{3}} \int_{0}^{2 \pi} \mathrm{~d} \phi = \frac{6 \pi G M}{c^{3}}
$$",\boxed{\frac{6 \pi G M}{c^{3}}},NV,,False,EN,Math Derivation
1421,Mechanics and Thermodynamics,Relativity,Special Relativity,"In flat spacetime, a spherical star has a total luminosity of \( L \), thus an observer at a distance \( r \) from the center and stationary relative to the star receives an energy flux of \( \frac{L}{4 \pi r^2} \). A photon with frequency \( \nu \) is emitted from the surface in the rest frame of the star. Determine the frequency of this photon as measured by another observer located at a radius \( r \) and moving with velocity \( v \). Let \( v_{//} \) be the component of \( v \) along the line connecting the observer and the center of the star, and \( v_{\perp} \) be the component perpendicular to this line.","Using the Lorentz transformation of the four-vector \( K_{\sigma} = (k_{x}, k_{y}, k_{z}, k_{4} = \frac{i}{c} 2 \pi \nu) \), we obtain the Doppler shift

\[
\nu^{\prime} = \nu_{0} \frac{1 - v_{//} / c}{\left[1 - \left(v_{//}^2 + v_{\perp}^2\right) / c^2\right]^{1/2}}
\]

However, due to gravitational redshift, we have \(\nu_{0} = \nu_{c}\left(1 - \frac{2 G M}{c^2 r}\right)^{1/2}\), so the frequency of the light emitted from the surface becomes

\[
\nu^{\prime} = \nu_{c}\left(1 - \frac{2 G M}{c^2 r}\right)^{1/2} \frac{1 - v_{//} / c}{\left[1 - \left(v_{//}^2 + v_{\perp}^2\right) / c^2\right]^{1/2}}
\]",\boxed{\nu^{\prime}=\nu_{c}\left(1-\frac{2 G M}{c^{2} r}\right)^{1 / 2} \frac{1-v_{//} / c}{\left[1-\left(v_{//}^{2}+v_{\perp}^{2}\right) / c^{2}\right]^{1 / 2}}},EQ,,False,EN,Math Derivation
1423,Mechanics and Thermodynamics,Relativity,Special Relativity,"1:
In a given reference frame, consider a system of celestial bodies that is isotropically distributed relative to this frame. For any differential solid angle element $\mathrm{d}\Omega$, we have $\mathrm{d}N=\frac{N}{4\pi}\mathrm{~d}\Omega$. Determine the instantaneous velocity $v$ and acceleration $a_x^{\prime}$ of an observer starting to move at $t=0$ with a constant acceleration $a$.","1:
In the accelerated observer's reference frame, if the instantaneous inertial frame has a velocity $v$ relative to the stationary frame and at $t=0$, $a$ is aligned with the $x$ direction, then

$$
a_x^{\prime} = \gamma a, \quad a_y^{\prime} = 0, \quad a_z^{\prime} = 0, \quad a_0^{\prime} = -\mathrm{i} \gamma \frac{v}{c} a
$$

where $\gamma=\frac{1}{\sqrt{1-v^2 / c^2}}$, and moreover

$$
U_x^{\prime} = \gamma v, \quad U_y^{\prime} = 0, \quad U_z^{\prime} = 0, \quad U_0^{\prime} = \frac{\mathrm{d} t^{\prime}}{\mathrm{d} \tau} = \gamma
$$

Thus,

$$
\gamma \frac{\mathrm{d}}{\mathrm{~d} t^{\prime}} \left(\gamma v\right) = \gamma a, \quad \text{or} \frac{\mathrm{d}}{\mathrm{~d} t^{\prime}} \left(\gamma v\right) = a
$$

Therefore,

$$
\begin{gathered}
\frac{v}{\sqrt{1-v^2 / c^2}} = a t^{\prime} \\
v = a t^{\prime} \left[1+\left(\frac{a t^{\prime}}{c}\right)^2\right]^{-1/2}
\end{gathered}
$$","\boxed{v = a t^{\prime} \left[1+\left(\frac{a t^{\prime}}{c}\right)^2\right]^{-1/2}, a_x^{\prime} = \gamma a}",EQ,"None, None",True,EN,Math Derivation
1452,Mechanics and Thermodynamics,Relativity,General Relativity,"The solar system can be accurately described by the Schwarzschild metric given by

$$
\mathrm{d} \tau^{2} = -\left(1-\frac{2 G M}{r c^{2}}\right) c^{2} \mathrm{~d} t^{2} + \frac{1}{1-\frac{2 G M}{r c^{2}}} \mathrm{~d} r^{2} + r^{2}\left(\mathrm{~d} \theta^{2} + \sin^{2} \theta \mathrm{~d} \phi^{2}\right)
$$

where $M$ is the mass of the sun, $t$ is the time coordinate, $r$ is the radial coordinate, $\theta$ is the polar angle, and $\phi$ is the azimuthal angle.

A radio wave is emitted from Earth, reflects off a satellite of Jupiter (considered as a point), and is received back on Earth. Assume the distance from Jupiter to the sun is $r_{2}$, and from Earth to the sun is $r_{1}$. Additionally, Jupiter is located on the opposite side of the sun. Let $r_{0}$ be the closest approach distance of the radio wave to the sun.

Calculate the gravitational delay of the radio wave on its round trip, expressed as a function of $r_{0}$ and accurate to the lowest order in $G$.","Consider the plane at $\theta=\frac{\pi}{2}$ (spherically symmetric), from the geodesic equation

$$
\frac{\mathrm{d}}{\mathrm{~d} s}\left(g_{\mu \nu} \frac{\mathrm{d} x^{\nu}}{\mathrm{d} s}\right) - \frac{1}{2} g_{\alpha \beta, \mu} \frac{\mathrm{d} x^{\alpha}}{\mathrm{d} s} \frac{\mathrm{d} x^{\beta}}{\mathrm{d} s} = 0 \text{ (where } s \text{ is the affine parameter) }
$$

we can obtain two integrals

$$
r \frac{\mathrm{d} \phi}{\mathrm{d} s} = \text{ constant, and } \left(1-\frac{2 G M}{c^{2} r}\right) \frac{\mathrm{d} t}{\mathrm{d} s} = \text{ constant }
$$

Dividing the two equations results in

$$
\frac{r^{2}}{1 - \frac{2 G M}{c^{2} r}} \frac{\mathrm{d} \phi}{\mathrm{d} t} = \text{ constant } = F
$$

For light, $\mathrm{d} \tau = 0 $, so from the Schwarzschild metric we have

$$
\left(1 - \frac{2 G M}{c^{2} r}\right) - \frac{1}{c^{2}}\left[\left(1 - \frac{2 G M}{c^{2} r}\right)^{-1}\left(\frac{\mathrm{d} r}{\mathrm{d} t}\right)^{2} + \frac{F^{2}}{r^{2}}\left(1 - \frac{2 G M}{c^{2} r}\right)^{2}\right] = 0
$$

At the perihelion, $\frac{\mathrm{d} r}{\mathrm{d} t} = 0$, so

$$
F^{2} = c^{2} r_{0}^{2} /\left(1 - \frac{2 G M}{c^{2} r_{0}}\right)
$$

Thus,

$$
\frac{\mathrm{d} r}{\mathrm{d} t} = c \left(1 - \frac{2 G M}{c^{2} r}\right) \sqrt{1 - \frac{r_{0}^{2}\left(1 - 2 G M / c^{2} r\right)}{r^{2}\left(1 - 2 G M / c^{2} r_{0}\right)}} = f(r)
$$

Integrating the above equation gives the delay time

$$
\Delta T = T - \frac{2}{c} \sqrt{r_{1}^{2} - r_{0}^{2}} - \frac{2}{c} \sqrt{r_{2}^{2} - r_{0}^{2}}
$$

where

$$
T = 2\left[\int_{r_{0}}^{r_{1}} f(r) \mathrm{d} r + \int_{r_{0}}^{r_{2}} f(r) \mathrm{d} r\right]
$$

Since $r_{1}, r_{2} \gg r_{0}$, and keeping only the lowest order terms in $G$ in the series expansion, we finally obtain

$$
\Delta T = \frac{4 G M}{c^{3}}\left[\ln \frac{4 r_{2} r_{1}}{r_{0}^{2}} + 1\right]
$$",\boxed{\frac{4 G M}{c^{3}}\left[\ln \frac{4 r_{2} r_{1}}{r_{0}^{2}} + 1\right]},EX,\text{s},False,EN,Math Derivation
1456,Mechanics and Thermodynamics,Relativity,General Relativity,"The line element of a static, spherically symmetric relativistic star can be written as

$$
\mathrm{d}s^{2} = \mathrm{e}^{2 \phi} \mathrm{~d}t^{2} - \frac{\mathrm{d}r^{2}}{1 - r^{2} Y(r)} - r^{2} \mathrm{~d}\theta^{2} - r^{2} \sin^{2} \theta \mathrm{~d}\phi^{2}
$$

where $\phi$ and $Y$ are functions of $r$. The proper mass density is $\rho(r)$, and the proper number density is $n(r)$. Use the two known functions $\phi$ and $Y$ from the line element to express the mass of the star and the redshift at its center as observed from a great distance. Additionally, represent the total number of hadrons in the star in terms of the known functions $\phi, Y,$ and $n$.","The mass of the star

$$
M = \int_{0}^{R} \sqrt{g} \rho(r) \mathrm{d}r \mathrm{~d}\theta \mathrm{~d}\phi
$$

where $g$ is the determinant of the metric tensor $g_{\mu\nu}$, which is

$$
\begin{aligned}
& g = -\left|g_{\mu\nu}\right| = \frac{\mathrm{e}^{2 \phi}}{1 - r^{2} Y(r)} r^{4} \sin^{2} \theta \\
& M = 4 \pi \int_{0}^{R} \rho(r) \frac{\mathrm{e}^{\phi}}{\sqrt{1 - r^{2} Y(r)}} r^{2} \mathrm{~d}r
\end{aligned}
$$

The total number of hadrons in the star

$$
N = \int_{0}^{R} \sqrt{g} J_{N}^{0} \mathrm{~d}r \mathrm{~d}\theta \mathrm{~d}\phi \text{, where } J_{N}^{0} \text{ is the hadron number flux, and the proper density }
$$

$$
n(r) = -U_{\mu} J_{N}^{\mu} = \left(g^{00}\right)^{-1 / 2} J_{N}^{0}
$$

Thus,

$$
J_{N}^{0} = n(r)\left(g^{00}\right)^{1 / 2} = n(r) \mathrm{e}^{-\phi}
$$

Therefore,

$$
N = 4 \pi \int_{0}^{R} n(r) \frac{r^{2} \mathrm{~d}r}{\sqrt{1 - r^{2} Y(r)}}
$$

Redshift

$$
Z = \frac{\Delta \lambda}{\lambda} = \frac{\lambda_{2}}{\lambda_{1}} - 1 = \left[\frac{g_{00}\left(x_{1}\right)}{g_{00}\left(x_{2}\right)}\right]^{1 / 2} - 1 = \mathrm{e}^{\phi(r) - \phi(0)} - 1
$$","\boxed{M = 4 \pi \int_{0}^{R} \rho(r) \frac{\mathrm{e}^{\phi}}{\sqrt{1 - r^{2} Y(r)}} r^{2} \mathrm{d}r, N = 4 \pi \int_{0}^{R} n(r) \frac{r^{2} \mathrm{d}r}{\sqrt{1 - r^{2} Y(r)}}, Z = \mathrm{e}^{\phi(r) - \phi(0)} - 1}","EX, EX, EX","None, None, None",True,EN,Math Derivation
1462,Mechanics and Thermodynamics,Relativity,General Relativity,"In suitably chosen coordinate variables $\rho, \theta, \phi, \psi$, the solution to Einstein's field equations can be expressed in the following metric form:  
$\mathrm{d}s^{2}=-\frac{1}{U(\rho)} \mathrm{d}\rho^{2}+4 U(\rho) l^{2}(\mathrm{d}\psi+\cos\theta \mathrm{d}\phi)^{2}+(\rho^{2}+l^{2})(\mathrm{d}\theta^{2}+\sin^{2}\theta \mathrm{d}\phi^{2})$,  
where $-\infty \leqslant \rho \leqslant \infty, 0 \leqslant \theta \leqslant \pi, 0 \leqslant \phi \leqslant 2 \pi, 0 \leqslant \psi \leqslant 4 \pi, \theta, \phi$ and $\psi$ are cyclic variables, and $U(\rho)=-1+\frac{2(m \rho+l^{2})}{\rho^{2}+l^{2}}$, where $m$ and $l$ are constant parameters.  
(1) Find the equation of the geodesic in the plane $\phi=0, \theta=\frac{\pi}{2}$.","(1) From another form of the geodesic equation

$$
\frac{\mathrm{d}}{\mathrm{d} s}\left(g_{\mu \nu} \frac{\mathrm{d} x^{\nu}}{\mathrm{d} s}\right)-\frac{1}{2} g_{\alpha \beta, \mu} \frac{\mathrm{d} x^{\alpha}}{\mathrm{d} s} \frac{\mathrm{d} x^{\beta}}{\mathrm{d} s}=0
$$

we can directly obtain an integral $g_{\psi \psi} \frac{\mathrm{d} \psi}{\mathrm{d} s}=k=$ constant, because at infinity $(\rho \rightarrow \infty), g_{\psi \psi} \rightarrow 4 l^{2}$, but the relationship between the coordinate time and the proper time is $\mathrm{d}s=2 l \mathrm{d}\psi$, hence $k=2 l$. When $\theta=\frac{\pi}{2}, \phi=0$, the metric expression simplifies to

$$
g_{\rho \rho}\left(\frac{\mathrm{d} \rho}{\mathrm{d} s}\right)^{2}+g_{\psi \psi}\left(\frac{\mathrm{d} \psi}{\mathrm{d} s}\right)^{2}=1
$$

Substitute the value of $\frac{\mathrm{d} \psi}{\mathrm{d} s}$

$$
g_{\rho \rho}\left(\frac{\mathrm{d} \rho}{\mathrm{d} s}\right)^{2}+g_{\psi \psi}\left(\frac{2 l}{g_{\psi \psi}}\right)^{2}=1
$$

Since

$$
g_{\rho \rho}=-\frac{1}{U(\rho)}, \quad g_{\psi \psi}=4 U(\rho) l^{2}
$$

therefore

$$
\frac{\mathrm{d} \rho}{\mathrm{d} s}=\sqrt{1-U(\rho)}
$$",\boxed{\frac{\mathrm{d} \rho}{\mathrm{d} s}=\sqrt{1-U(\rho)}},EQ,,False,EN,
1488,Mechanics and Thermodynamics,Relativity,General Relativity,"An observation has revealed a ""double"" quasar, which consists of two indistinguishable images. The angular distance between these two images is 6 arcseconds. One explanation is that gravitational lensing maps a single quasar we see into two. To illustrate this, assume that the observer, the quasar, and the intervening galaxy are perfectly aligned. The light emitted from the quasar is deflected by the gravity of this galaxy before reaching us. In the galaxy's rest frame, the deflection angle $\phi = \frac{4M}{r}$, where $M$ is the mass of the galaxy, and $r$ is the impact parameter of the light. Thus, the quasar phenomenon we observe appears as a ring, with its diameter subtending an angle of $2\theta$. The universe's geometry is described by the following metric:

$$
\mathrm{d} s^{2} = -\mathrm{d} t^{2} + a^{2}(t) \left( \mathrm{d} \rho^{2} + \rho^{2} \mathrm{~d} \theta^{2} + \rho^{2} \sin^{2} \theta \mathrm{~d} \phi^{2} \right)
$$

The scale factor $a(t) \propto t^{2/3}$. The quasar emits radiation at time $t=t_{2}$, it passes the galaxy at time $t_{1}$, and arrives at the observer at time $t_{0}$. Find the relationship between $\theta$ and $M$, $t_{0}$, $t_{1}$, and $t_{2}$.","Consider the observer as the coordinate origin, with the galaxy at a radial coordinate $\rho_{1}$ and the quasar at a radial coordinate $\rho_{2}$. During cosmic expansion, $\rho_{1}$ and $\rho_{2}$ do not change with time. From the formula for angular diameter distance, we have $\theta = \frac{r}{a(t_{1}) \rho_{1}}$, $\phi - \theta = \frac{r}{a(t_{1})(\rho_{2}-\rho_{1})}$, thus

$$
\begin{gathered}
\theta = \frac{\rho_{2} - \rho_{1}}{\rho_{2}} \phi \\
\phi = \frac{4M}{r} = \frac{4M}{a(t_{1}) \rho_{1} \theta}
\end{gathered}
$$

Therefore,

$$
\theta = \left[ \frac{\rho_{2} - \rho_{1}}{\rho_{1} \rho_{2}} \frac{4M}{a(t_{1})} \right]^{1/2}
$$

And,

$$
\rho_{1} = \int_{t_{1}}^{t_{0}} \frac{\mathrm{d} t}{a(t)} = A \int_{t_{1}}^{t_{0}} t^{-2/3} \mathrm{d} t = \frac{A}{3} \left( t_{0}^{1/3} - t_{1}^{1/3} \right) = \frac{A t_{1}^{1/3}}{3} \left[ \left( \frac{t_{0}}{t_{1}} \right)^{1/3} - 1 \right]
$$

$$
\rho_{2} = \int_{t_{2}}^{t_{0}} \frac{\mathrm{d} t}{a(t)} = \frac{A t_{2}^{1/3}}{3} \left[ \left( \frac{t_{0}}{t_{2}} \right)^{1/3} - 1 \right]
$$

Thus,

$$
\theta = \left\{ \frac{4M}{3} \frac{\left( t_{1}/t_{2} \right)^{1/3} - 1}{t_{1} \left[ \left( t_{0}/t_{1} \right)^{1/3} - 1 \right] \left[ \left( t_{0}/t_{2} \right)^{1/3} - 1 \right]} \right\}^{1/2}
$$","\[
\boxed{\theta = \left\{ \frac{4M}{3} \frac{\left( t_{1}/t_{2} \right)^{1/3} - 1}{t_{1} \left[ \left( t_{0}/t_{1} \right)^{1/3} - 1 \right] \left[ \left( t_{0}/t_{2} \right)^{1/3} - 1 \right]} \right\}^{1/2}}
\]",EQ,,False,EN,Math Derivation
1491,Mechanics and Thermodynamics,Relativity,Special Relativity,"According to special relativity, for all clocks given the same speed, their time dilation factor is the same, regardless of their working mechanism. Assuming that in Einstein's clock, the velocity of the particle \( v < c \). Derive the Lorentz transformation rule for velocity. If it is required that the ticking of a clock operating with a massive particle slows down by the same amount compared to its rest frame as the dilation factor obtained in the previous problem, then what should be the velocity of the particle in that reference frame?","In the rest frame, the time taken by the massive particle to travel back and forth between the mirrors is \( t = \frac{2L}{v} \). This is the time for one tick of the clock in the rest frame. Let the velocity of the massive particle in the moving frame be \( v^{\prime} \), then

\[
L^{2} + \left(\frac{1}{2} v t^{\prime}\right)^{2} = \left(\frac{1}{2} v^{\prime} t^{\prime}\right)^{2}, \quad t^{\prime} = \frac{2L}{\sqrt{v^{\prime 2} - v^{2}}}
\]

We require that

\[
t^{\prime} = \frac{t}{\sqrt{1 - v^{2} / c^{2}}} = \frac{2L / v}{\sqrt{1 - v^{2} / c^{2}}}
\]

Thus, we finally obtain

\[
v^{\prime} = \sqrt{v^{2} + v^{2}\left(1 - \frac{v^{2}}{c^{2}}\right)}
\]",\boxed{v^{\prime} = \sqrt{v^{2} + v^{2}\left(1 - \frac{v^{2}}{c^{2}}\right)}},EX,,False,EN,Math Derivation
1496,Mechanics and Thermodynamics,Relativity,Relativistic Cosmology,"The metric of an expanding universe is given by the expression $\mathrm{d}s^{2}=\mathrm{d}t^{2}-R^{2}(t)\left(\mathrm{d}x^{2}+\mathrm{d}y^{2}+\mathrm{d}z^{2}\right)$, where any possible spatial curvature has been neglected. The exact form of the function $R(t)$ depends on the contents of the universe.

A particle with mass $m$ has energy $E_{0}$ and momentum $p_{0}$ at the time $t_{0}$, assuming that $R(t_{0})=R_{0}$. Thereafter, the particle will propagate freely, except for the influence of the aforementioned metric. Determine the functional relationship of its energy and momentum with time.","Transforming to spherical coordinates, we have

$$
\mathrm{d}s^{2}=\mathrm{d}t^{2}-R^{2}(t)\left(\mathrm{d}r^{2}+r^{2} \mathrm{~d}\theta^{2}+r^{2} \sin^{2} \theta \mathrm{~d}\phi^{2}\right)
$$

From the known formula $\Gamma_{\alpha \beta}^{\mu}=\frac{1}{2} g^{\mu \sigma}(\partial_{\alpha} g_{\sigma \beta}+\partial_{\beta} g_{\sigma \alpha}-\partial_{\sigma} g_{\alpha \beta})$, the non-zero Christoffel symbols $\Gamma_{\alpha \beta}^{\mu}$ are found to be

$$
\Gamma_{ij}^{i}=R \dot{R} \delta_{ij} \quad \text{and} \quad \Gamma_{i0}^{0}=\frac{\dot{R}}{R} \delta_{ij}
$$

Hence, from the geodesic equations, we have

the four-momentum of the particle

$$
\begin{gathered}
\frac{\mathrm{d}^{2}r}{\mathrm{d}\tau^{2}}+\frac{2 \dot{R}}{R} \frac{\mathrm{d}t}{\mathrm{d}\tau} \frac{\mathrm{d}r}{\mathrm{d}\tau}=0, \quad \text{which implies} \quad \frac{\mathrm{d}}{\mathrm{d}\tau}\left(R^{2} \frac{\mathrm{d}r}{\mathrm{d}\tau}\right)=0. \\
p_{\alpha}=m U_{\alpha}=m g_{\alpha \beta} \frac{\mathrm{d}x^{\beta}}{\mathrm{d}\tau}, \quad p^{\alpha}=m U^{\alpha}=m \frac{\mathrm{d}x^{\alpha}}{\mathrm{d}\tau} \\
p=\sqrt{p_{\alpha} p^{\alpha}}=m R \frac{\mathrm{d}r}{\mathrm{d}\tau}
\end{gathered}
$$

Thus for momentum

since $R^{2} \frac{\mathrm{d}r}{\mathrm{d}\tau}=$ constant,

we have

$$
R(t) p(t)=R(t_{0}) p(t_{0})=R_{0} p_{0}, \quad \text{which implies} \quad p(t)=\frac{R_{0} p_{0}}{R(t)}
$$

Regarding energy

$$
E=\sqrt{m^{2}+p_{\alpha} p^{\alpha}}=\sqrt{E_{0}^{2}-p_{0}^{2}\left(1-\frac{R_{0}^{2}}{R^{2}(t)}\right)}
$$","\boxed{p(t) = \frac{R_{0} p_{0}}{R(t)}, E(t) = \sqrt{E_{0}^{2} - p_{0}^{2}\left(1 - \frac{R_{0}^{2}}{R^{2}(t)}\right)}}",EX,"None, None",True,EN,Math Derivation
1507,Mechanics and Thermodynamics,Relativity,Relativistic Cosmology,"In a Robertson-Walker spacetime with \( k=1 \), the metric is given by \(\mathrm{d}s^{2} = -\mathrm{d}t^{2} + R^{2}(t)\mathrm{d}x^{2} + \sin^{2} x (\mathrm{d}\theta^{2} + \sin^{2}\theta \mathrm{d}\phi^{2})\). At the current epoch of the universe, \( R(t) = R_{0} t^{2/3} \). An observer at time \( t = t_{1} \) sees a distant galaxy with an intrinsic diameter (perpendicular to the line of sight at time \( t = t_{0} \)) of \( D \). Express the observed redshift in terms of \( R_{0} \), \( t_{0} \), and \( t_{1} \).","The time required for light emitted by the galaxy at past time \( t_{0} \) to reach the observer at \( t_{1} \) satisfies the relation \(\int_{t_{0}}^{t_{1}} \frac{\mathrm{d}t}{R(t)} = x_{0}\), (due to spherical symmetry, \(\mathrm{d}\theta = \mathrm{d}\phi = 0\)), where \( x_{0} \) is the difference in the \( x \) coordinates between the galaxy and the observer. By keeping \( x_{0} \) constant and varying, we can obtain:
$$
\begin{aligned}
\Delta \int_{t_{0}}^{t_{1}} \frac{\mathrm{d}t}{R(t)} &= \frac{\Delta t_{0}}{R(t_{0})} - \frac{\Delta t_{1}}{R(t_{1})} = 0, \\
z &= \frac{\Delta \lambda}{\lambda} = \frac{\lambda_{1}}{\lambda_{0}} - 1 = \frac{R(t_{1})}{R(t_{0})} - 1 = \left(\frac{t_{1}}{t_{0}}\right)^{2/3} - 1.
\end{aligned}
$$","\[
\boxed{\left(\frac{t_{1}}{t_{0}}\right)^{2/3} - 1}
\]",EX,,False,EN,Laws Application
1785,Mechanics and Thermodynamics,Relativity,Special Relativity,"Assume that the reference frame \( S^{\prime} \) is moving with a velocity \( v \) relative to the reference frame \( S \). At the moment when the origins of the two coordinate systems coincide, the clocks at both origins show the same time, i.e., \( t = t^{\prime} = 0 \). The question is: In the \( S \) frame, how does the point \((x, y, z)\) that satisfies the condition \( t = t^{\prime} \) change with time \( t \)?","Similarly, from the equation

$$
t^{\prime} = \frac{t - \frac{v}{c^{2}} x}{\sqrt{1 - \left(\frac{v}{c}\right)^{2}}}, \quad t^{\prime} = t
$$

we obtain

$$
x = -\frac{c^{2}}{v}\left[\sqrt{1 - \left(\frac{v}{c}\right)^{2}} - 1\right] t
$$

At any point \((x, t)\) with \((y, z)\) that satisfies the above relation, we have \( t^{\prime} = t \).",\boxed{x=-\frac{c^{2}}{v}\left[\sqrt{1-\left(\frac{v}{c}\right)^{2}}-1\right] t},EX,,False,EN,
1819,Mechanics and Thermodynamics,Relativity,Special Relativity,A sprinter runs 100 meters on Earth in 10 seconds. How far does an observer in a spaceship moving at a speed of $0.98c$ relative to Earth in the direction of the sprint see the sprinter run?,"Using the Lorentz transformation equation, let the $S$ system be attached to Earth, and the $S^{\prime}$ system be attached to the spaceship. The $x$ and $x^{\prime}$ axes are parallel, with the direction of the sprint as the positive direction,

$$
\Delta x^{\prime} = \frac{\Delta x - v \Delta t}{\sqrt{1-\left(\frac{v}{c}\right)^{2}}} = \frac{100 - 0.98c \times 10}{\sqrt{1 - (0.98)^{2}}} = -49 \text{ light-seconds}.
$$

The observer sees the sprinter moving backward approximately 49 light-seconds in the opposite direction.",\boxed{-49},NV,\text{åç§},False,EN,Laws Application
1820,Mechanics and Thermodynamics,Relativity,Special Relativity,"Suppose a spaceship is traveling at a constant speed \( v = \sqrt{0.9999} c \). How much food and other supplies should the spaceship carry for the round trip from Earth to the Centaurus constellation, which is 4 light-years away, and back to Earth?","Let \( S \) and \( S^{\prime} \) be reference frames fixed to the Earth and the spaceship, respectively. The time required for the journey is 

\[
\Delta t = 8 \text{ years}
\]

The time experienced by the clock on the spaceship (moving clock) is 

\[
\Delta t^{\prime} = \Delta t \sqrt{1-\left(\frac{v}{c}\right)^{2}} = 0.08 \text{ years} = 29.2 \text{ days}
\]

Hence, 30 days of food and other supplies should be carried for the round trip.",\boxed{30},NV,\text{å¤©},False,EN,Laws Application
1832,Mechanics and Thermodynamics,Relativity,Special Relativity,"A meter stick is stationary relative to the \( S^{\prime} \) frame, forming an angle of \( 30^{\circ} \) with the \( o^{\prime} x^{\prime} \) axis. If the \( S^{\prime} \) frame is moving relative to the \( S \) frame along the \( x \) axis (parallel to the \( x^{\prime} \) axis), and the angle between the meter stick and the \( x \) axis is measured as \( 45^{\circ} \) in the \( S \) frame, find the length of the meter stick as measured in the \( S \) frame.","The solution involves the fact that since the \( S^{\prime} \) frame moves along the \( x \) axis of the \( S \) frame, the projection of the meter stick in the \( y \) direction is equal to its projection in the \( y^{\prime} \) direction. This can be expressed as:

\[
\begin{aligned}
l \sin \alpha & = l^{\prime} \sin \alpha^{\prime} = 1 \cdot \sin 30^{\circ} = 0.5 \, \mathrm{m}, \\
l & = \frac{0.5}{\sin \alpha} = \frac{0.5}{\sin 45^{\circ}} \approx 0.707 \, \mathrm{m}
\end{aligned}
\]

Therefore, the length of the meter stick as measured in the \( S \) frame is approximately \( 0.707 \, \mathrm{m} \).",\boxed{0.707},NV,\mathrm{m},False,EN,Laws Application
1833,Mechanics and Thermodynamics,Relativity,Special Relativity,"A meter stick is at rest relative to the \( S^{\prime} \) frame and makes an angle of \( 30^{\circ} \) with the \( o^{\prime} x^{\prime} \) axis. If the \( S^{\prime} \) frame is moving with respect to the \( S \) frame along the \( x \) axis (parallel to the \( x^{\prime} \) axis), in the \( S \) frame, the meter stick is measured to make an angle of \( 45^{\circ} \) with the \( x \) axis. Find the velocity of the \( S^{\prime} \) frame relative to the \( S \) frame.","Using the length contraction effect,

\[
l \cos \alpha = l^{\prime} \cos \alpha^{\prime} \sqrt{1 - \left(\frac{v}{c}\right)^2}
\]

Substituting \(\cos \alpha = \cos 45^{\circ} = \frac{\sqrt{2}}{2}, \quad \cos \alpha^{\prime} = \cos 30^{\circ} = \frac{\sqrt{3}}{2}, \quad l \approx 0.707 \, \mathrm{m}\). We obtain

\[
v = \sqrt{\frac{2}{3}} \, c \approx 0.816 \, c
\]",\boxed{0.816},NV,,False,EN,Laws Application
1834,Mechanics and Thermodynamics,Relativity,Special Relativity,"The average lifetime of a stationary muon is $2.197 \times 10^{-6} \mathrm{~s}$. In cosmic rays, the speed of a muon can reach $0.99 c$ (where $c$ is the speed of light in a vacuum). From the perspective of an observer on Earth, use the Lorentz transformation formula to determine the average distance traveled by such a high-speed muon.","Method 1: Using the Lorentz transformation formula, take Earth as the $S$ frame, and the coordinate system attached to the muon as the $S^{\prime}$ frame,

$$
\Delta t = \frac{\Delta t^{\prime} + \frac{v}{c^{2}} \Delta x^{\prime}}{\sqrt{1-\left(\frac{v}{c}\right)^{2}}}
$$

Here, $\Delta x^{\prime} = 0, \Delta t^{\prime} = \tau_{0}, \Delta t = \tau$. Where $\tau_{0}$ is the average lifetime of a stationary muon, and $\tau$ is the average lifetime of the high-speed muon as seen by an observer on Earth.

From the perspective of an observer on Earth, the average distance that a high-speed muon can travel is

$$
l = v \tau = 0.99 \times 3.0 \times 10^{8} \cdot \frac{2.197 \times 10^{-6}}{\sqrt{1-\left(\frac{0.99}{1}\right)^{2}}} = 4.6 \times 10^{3} \mathrm{~m}
$$",\boxed{4.6 \times 10^{3}},NV,\mathrm{m},False,EN,Practical Application
1836,Mechanics and Thermodynamics,Relativity,Special Relativity,"Rocket $A$ is flying in the $+y$ direction relative to the Earth at $0.8c$, while Rocket $B$ is flying in the $-x$ direction at $0.6c$. Calculate the angle between the velocity of Rocket $A$ relative to Rocket $B$ and the $x'$ axis.","We are already given $u_{x}^{\prime} = 0.6c$ and $u_{y}^{\prime} = 0.64c$, so

$$
\varphi = \arctan \left(\frac{u_{y}^{\prime}}{u_{x}^{\prime}}\right) = \arctan \left(\frac{0.64c}{0.6c}\right) = 46.8^{\circ}
$$",\boxed{46.8},NV,^\circ,False,EN,Practical Application
1840,Mechanics and Thermodynamics,Relativity,Special Relativity,A car is approaching a car speed monitoring radar station at a speed of 120 km/h. The operating frequency of the radar station is $\nu_{0} = 2 \times 10^{10} \mathrm{~Hz}$. Determine the frequency of the signal received by the car from the radar station.,"According to the Doppler effect formula, the frequency of the signal received by the car from the radar station is

$$
\nu' = \nu_{0} \sqrt{\frac{1+\frac{v}{c}}{1-\frac{v}{c}}} \approx \nu_{0} \left(1+\frac{v}{c}\right)
$$",\boxed{\nu_{0} \left(1+\frac{v}{c}\right)},EX,,False,EN,Laws Application
1842,Mechanics and Thermodynamics,Relativity,Special Relativity,"In a certain reference frame, two spaceships, A and B, are moving toward each other at speeds of $0.8c$ and $0.6c$, respectively. Find a reference frame $S^{\prime}$ where the two spaceships are moving toward each other at the same speed $v^{\prime}$. What is the value of $v^{\prime}$?","Assume that $S^{\prime}$ is moving at a speed $v = 0.2c$ in the same direction as spaceship A relative to frame $S$.

$$
v^{\prime} = \frac{v_{A} - v}{1-\frac{vv_{A}}{c^{2}}} = \frac{0.8c - 0.2c}{1-\frac{0.2c \cdot 0.8c}{c^{2}}} = 0.714c
$$",\boxed{0.714},NV,c,False,EN,Laws Application
1849,Mechanics and Thermodynamics,Relativity,Special Relativity,"Observer \(O\) and \(O^{\prime}\) are approaching each other with a relative velocity of \(0.6c\). If \(O\) measures the initial distance of \(O^{\prime}\) from him to be \(20 \ \mathrm{m}\), according to \(O\)'s measurements, how much time will pass before they meet?","The initial distance measured by \(O\) is \(20 \ \mathrm{m}\). According to \(O\)'s determination, they meet after \(\Delta t\),

$$
\Delta t = \frac{20}{0.6 \times 3 \times 10^{8}} = 1.11 \times 10^{-7} \ \mathrm{s}
$$",\boxed{1.11 \times 10^{-7}},NV,\mathrm{s},False,EN,Knowledge Recall
1851,Mechanics and Thermodynamics,Relativity,Special Relativity,"If the temperature of 100 kg of copper is raised by $100^{\circ} \mathrm{C}$, how much does its mass increase? (The specific heat capacity of copper is $c = 93 \mathrm{cal} /(\mathrm{kg} \cdot \mathrm{K})$)","As the temperature increases, the energy increment is

$$
\Delta E = m c \Delta T = 100 \times 93 \times 4.184 \times 100 = 3.9 \times 10^{6} \, \mathrm{J}
$$

Using the mass-energy equivalence $E = mc^{2}$, the mass increment is

$$
\Delta m = \frac{\Delta E}{c^{2}} = \frac{3.9 \times 10^{6}}{(3 \times 10^{8})^{2}} = 4.3 \times 10^{-11} \, \mathrm{kg}
$$

This increase is extremely small and practically unmeasurable.",\boxed{4.3 \times 10^{-11}},NV,\mathrm{kg},False,EN,Laws Application
1852,Mechanics and Thermodynamics,Relativity,Special Relativity,"Observers \(O\) and \(O^{\prime}\) are approaching each other with a relative velocity of \(0.6c\). If \(O\) measures the initial distance to \(O^{\prime}\) as \(20 \ \mathrm{m}\), how much time will it take for them to meet according to \(O^{\prime}\)?","The initial distance measured by \(O\) is like a ""ruler"" fixed to \(O\). This ""ruler"" is moving from \(O^{\prime}\)'s perspective, and using the length contraction effect, according to \(O^{\prime}\), this distance is:

$$
L^{\prime} = L \sqrt{1 - \left( \frac{v}{c} \right)^{2}} = 20 \sqrt{1 - (0.6)^{2}} = 16 \ \mathrm{m}
$$

This ""ruler"" moves towards \(O^{\prime}\) at velocity \(v\). The time it takes for the other end to reach \(O^{\prime}\) is given by:

$$
\Delta t^{\prime} = \frac{L^{\prime}}{v} = \frac{16}{0.6 \times 3 \times 10^{8}} = 8.9 \times 10^{-8} \ \mathrm{s}
$$",\boxed{8.9 \times 10^{-8}},NV,s,False,EN,Laws Application
1854,Mechanics and Thermodynamics,Relativity,Special Relativity,A mirror is moving in a vacuum with speed \( v \) along the \( +x \) direction. A beam of light with a frequency \( \nu \) is incident perpendicularly on the mirror surface from \( x=+\infty \). Find the frequency of the reflected light.,"Consider the laboratory reference frame as the \( S \) system, and the reference frame attached to the mirror as the \( S^{\prime} \) system. Using the longitudinal Doppler effect formula:

During incidence, the mirror is the observer,

$$
\nu_i^{\prime} = \sqrt{\frac{c+v}{c-v}} \nu_i = \sqrt{\frac{c+v}{c-v}} \nu
$$

During reflection, the mirror is the source, \( \nu_r^{\prime} = \nu_i^{\prime} \), therefore

$$
\begin{align*}
\nu_r &= \sqrt{\frac{c+v}{c-v}} \nu_r^{\prime} = \sqrt{\frac{c+v}{c-v}} \nu_i^{\prime} \\
&= \frac{c+v}{c-v} \nu
\end{align*}
$$",\boxed{\frac{c+v}{c-v} \nu},EX,,False,EN,Laws Application
1855,Mechanics and Thermodynamics,Relativity,Special Relativity,A process occurring at a certain location on Earth takes a time of $\Delta t$. What is the time measured by an observer on an airplane flying at a constant speed of 1800 km/h for the same process?,"Using the Lorentz transformation formula

$$
\Delta t^{\prime} = \frac{\Delta t - \frac{v}{c^{2}} \Delta x}{\sqrt{1 - \frac{v^{2}}{c^{2}}}}
$$

Since the process occurs at the same location on Earth, the starting and ending $x$ coordinates of the process are the same, hence $\Delta x = 0$. Therefore,

$$
\Delta t^{\prime} = \frac{\Delta t}{\sqrt{1 - \frac{v^{2}}{c^{2}}}}
$$

Now, let $v = 1800 \times 10^{3} / 3600 = 500\,\mathrm{m/s}$, so

$$
\Delta t^{\prime} = \frac{\Delta t}{\sqrt{1 - \left(\frac{500}{3 \times 10^{8}}\right)^{2}}}
$$

When $\Delta t = 1\,\mathrm{s}$, $\Delta t^{\prime} = \frac{1}{\sqrt{1 - \left(\frac{500}{3 \times 10^{8}}\right)^{2}}}$, the time by which the clock on the airplane is ahead is $\frac{1}{\sqrt{1 - \left(\frac{500}{3 \times 10^{8}}\right)^{2}}} - 1\,\mathrm{s}$.",\boxed{\frac{1}{\sqrt{1 - \left(\frac{500}{3 \times 10^{8}}\right)^{2}}}},NV,,False,EN,Laws Application
1856,Mechanics and Thermodynamics,Relativity,Special Relativity,"An electron with a rest mass of $m$ and charge $e$ moves in a plane perpendicular to a uniform magnetic field. Ignoring radiation, the electron's orbit is a circle with a radius of $R=30\text{ m}$. Given the electron energy $E=2.5 \times 10^{9} \text{ eV}$, find the value of the magnetic induction $B$.","Substitute $E=2.5 \times 10^{9} \mathrm{eV}, R=30 \mathrm{~m}$ to get $B=0.28 \mathrm{~T}$.",\boxed{0.28},NV,\mathrm{T},False,EN,Laws Application
1860,Mechanics and Thermodynamics,Relativity,Special Relativity,"In the non-relativistic limit \( v \ll c \), a relativistic particle with a rest mass of \( m_{0} \) has an energy \( E \). Determine the velocity \( v \) of this particle.","$$
\begin{gathered}
E = m_{0} c^{2}\left(1-\frac{v^{2}}{c^{2}}\right)^{-\frac{1}{2}} \approx m_{0} c^{2}\left(1+\frac{v^{2}}{2 c^{2}}\right) = m_{0} c^{2} + \frac{1}{2} m_{0} v^{2} \\
\frac{1}{2} m_{0} v^{2} = E - m_{0} c^{2} = T \\
v = \sqrt{\frac{2 T}{m_{0}}}
\end{gathered}
$$",\boxed{\sqrt{\frac{2 T}{m_{0}}}},EX,,False,EN,Math Derivation
1861,Mechanics and Thermodynamics,Relativity,Special Relativity,"Assume that the system $S^{\prime}$ moves with velocity $v$ relative to the system $S$. At the moment when the origins of the two coordinate systems coincide, the clocks placed at these origins indicate the same time, i.e., $t = t^{\prime} = 0$. The question is: In the $S^{\prime}$ system, how does the point $\left(x^{\prime}, y^{\prime}, z^{\prime}\right)$ satisfying the condition $t = t^{\prime}$ change with $t^{\prime}$?","Take the $x^{\prime}$ axis along the direction of relative motion, with the positive directions consistent. The $S^{\prime}$ system moves with velocity $v$ along the positive direction of the $x$-axis,

$$
t = \frac{t^{\prime} + \frac{v}{c^{2}} x^{\prime}}{\sqrt{1 - \left(\frac{v}{c}\right)^{2}}}, \quad t = t^{\prime}
$$

Eliminating $t$ from the two equations yields

$$
x^{\prime} = \frac{c^{2}}{v} \left[\sqrt{1 - \left(\frac{v}{c}\right)^{2}} - 1\right] t^{\prime}
$$

At any point $\left(x^{\prime}, t^{\prime}\right)\left(y^{\prime}, z^{\prime}\right)$ satisfying the above relation, we have $t = t^{\prime}$.",\boxed{x^{\prime} = \frac{c^{2}}{v}\left[\sqrt{1-\left(\frac{v}{c}\right)^{2}}-1\right] t^{\prime}},EQ,,False,EN,Math Derivation
1862,Mechanics and Thermodynamics,Relativity,Special Relativity,"Two particles, both with rest mass $m_{0}$, are involved in a collision. One particle is at rest, while the kinetic energy of the other is six times its rest energy. The particles undergo a completely inelastic collision. Determine the velocity of the composite particle.","Let the velocity of the composite particle be $v$,

$$
\begin{gathered}
p = \frac{m v}{\sqrt{1 - \left(\frac{v}{c}\right)^{2}}} \\
\frac{p^{2}}{m^{2} c^{2}} = \frac{v^{2}}{c^{2} - v^{2}}, \quad \frac{p^{2}}{p^{2} + m^{2} c^{2}} = \frac{v^{2}}{c^{2}}
\end{gathered}
$$

yielding,

$$
v = \frac{c p}{\sqrt{p^{2} + m^{2} c^{2}}} = \frac{\sqrt{3}}{2} c
$$",\boxed{\frac{\sqrt{3}}{2} c},EX,,False,EN,Laws Application
1864,Mechanics and Thermodynamics,Relativity,Special Relativity,"In the hydrogen atom spectrum, a spectral line $\mathrm{H}_{\alpha}$ has a wavelength of $6.561 \times 10^{-7} \mathrm{~m}$. It is known that the wavelength difference of the $\mathrm{H}_{\alpha}$ line, measured from the two opposite ends of the solar equator, is $9 \times 10^{-12} \mathrm{~m}$. Assuming this effect is due to the rotation of the Sun and given the Sun's diameter $D=1.4 \times 10^{9} \mathrm{~m}$, find the rotational period $T$ of the Sun.","The rotational period of the Sun is

$$  
T=\frac{\pi D}{v}=\frac{\pi D \sqrt{4 \lambda_{0}^{2}+(\Delta \lambda)^{2}}}{c \Delta \lambda}=2.14 \times 10^{6} \mathrm{~s} \approx 25 \text{ days }  
$$","\boxed{2.14 \times 10^{6}, 25}","NV, NV",,True,EN,Practical Application
1866,Mechanics and Thermodynamics,Relativity,Special Relativity,A beam of light forms a solid angle $\mathrm{d} \Omega$. How does this solid angle change during the transformation process when moving from one inertial reference frame $S$ to another inertial reference frame $S^{\prime}$?,"In the $S$ frame, the beam of light with a solid angle of $\mathrm{d} \Omega = \sin \theta \, \mathrm{d} \theta \, \mathrm{d} \varphi$ appears in the $S^{\prime}$ frame within a solid angle $\mathrm{d} \Omega^{\prime} = \sin \theta^{\prime} \, \mathrm{d} \theta^{\prime} \, \mathrm{d} \varphi^{\prime}$, where $\varphi = \varphi^{\prime}, \, \mathrm{d} \varphi = \mathrm{d} \varphi^{\prime}$.

According to the formula proven in the previous question:

$$
\cos \theta = \frac{c \cos \theta^{\prime} + V}{c + V \cos \theta^{\prime}}
$$

The inverse transformation is:

$$
\begin{aligned}
\cos \theta^{\prime} &= \frac{c \cos \theta - V}{c - V \cos \theta}, \\
\mathrm{d} \Omega^{\prime} &= \sin \theta^{\prime} \, \mathrm{d} \theta^{\prime} \, \mathrm{d} \varphi^{\prime} = -\mathrm{d} \cos \theta^{\prime} \, \mathrm{d} \varphi^{\prime}, \\
&= \frac{1}{(c - V \cos \theta)^2}(c^2 - V^2) \sin \theta \, \mathrm{d} \theta \, \mathrm{d} \varphi = \frac{c^2 - V^2}{(c - V \cos \theta)^2} \, \mathrm{d} \Omega.
\end{aligned}
$$","\boxed{\mathrm{d} \Omega^{\prime} = \frac{c^2 - V^2}{(c - V \cos \theta)^2} \, \mathrm{d} \Omega}",EQ,,True,EN,Math Derivation
1874,Mechanics and Thermodynamics,Relativity,Special Relativity,"Using the velocity transformation formula, determine the speed of light in the opposite direction of water flow in Fizeau's experiment. Compare it with the speed of light derived from introducing the drag coefficient \(k\) under the aether assumption in Fizeau's experiment, thereby deriving the relationship between \(k\) and the refractive index.","In the opposite direction of water flow, with the \(x, x^{\prime}\) axes still along the direction of water flow, we have \(v = v \boldsymbol{i}\), but \(v_{x}^{\prime} = -\frac{c}{n}\), the speed of light \(v_{2} = -v_{x}\), then

\[
\begin{gathered}
-v_{2} = v_{x} = \frac{-\frac{c}{n} + v}{1 + \frac{v}{c^{2}}\left(-\frac{c}{n}\right)} \approx -\frac{c}{n} + v\left(1 - \frac{1}{n^{2}}\right) \\
v_{2} = \frac{c}{n} - v\left(1 - \frac{1}{n^{2}}\right)
\end{gathered}
\]

Comparing with the speed of light using the drag coefficient \(k\) introduced by the aether assumption in the opposite direction of water flow, we obtain

\[
k = 1 - \frac{1}{n^{2}}
\]",\boxed{k = 1 - \frac{1}{n^{2}}},EQ,,False,EN,Math Derivation
1875,Mechanics and Thermodynamics,Relativity,Special Relativity,"A train is moving at a constant speed of \( v = 0.6c \) (where \( c \) is the speed of light in a vacuum), and the time taken to pass two points \( A \) and \( B \) on the ground is 40 minutes (measured by a stationary clock on the train). Determine the distance between points \( A \) and \( B \) as measured by a person on the ground.","The time experienced by a person on the ground for the train to travel from \( A \) to \( B \) is given by

\[
\Delta t=\frac{\Delta t^{\prime}}{\sqrt{1-\left(\frac{v}{c}\right)^{2}}}
\]

The distance between points \( A \) and \( B \) is

\[
\Delta L = v \Delta t = 0.6c \cdot \frac{40 \times 60}{\sqrt{1-\left(\frac{0.6c}{c}\right)^{2}}} = 5.4 \times 10^{11} \, \text{m}
\]",\boxed{5.4 \times 10^{11}},NV,,False,EN,Laws Application
1876,Mechanics and Thermodynamics,Relativity,Special Relativity,"A train is moving at a constant speed of \( v = 0.6c \) (where \( c \) is the speed of light in a vacuum) and takes 40 minutes to pass between points \( A \) and \( B \) on the ground, as measured by a stationary clock on the train. Find the distance between \( A \) and \( B \) as measured by a person on the train.","The distance between points \( A \) and \( B \), as measured by a person on the train, is

\[
\Delta L^{\prime} = v \Delta t^{\prime} = 0.6 \times 3 \times 10^{8} \times 40 \times 60 = 4.32 \times 10^{11} \, \text{m}
\]",\boxed{4.32 \times 10^{11}},NV,\text{m},False,EN,Laws Application
1877,Mechanics and Thermodynamics,Relativity,Special Relativity,"A stationary \( K^{\circ} \) meson decays into a \( \pi^{+} \) meson and a \( \pi^{-} \) meson, each moving at a speed of \( 0.827c \). If the \( K^{\circ} \) meson is decaying while traveling at a speed of \( 0.6c \), what is the maximum possible speed of one of the \( \pi \) mesons?

Given that in the \( S^{\prime} \) frame, the speed of the \( \pi \) meson is measured as \( 0.827c \). Find the maximum speed of this \( \pi \) meson in the \( S \) frame.","The maximum possible speed of one of the \( \pi \) mesons is achieved when it is emitted in the same direction as the moving \( K^{\circ} \) meson in the \( S^{\prime} \) frame. Here, the speed of the \( S^{\prime} \) frame relative to the \( S \) frame is \( v = 0.6c \), along the positive x-axis. Assume that the speed of this \( \pi \) meson relative to the \( S \) frame and the \( S^{\prime} \) frame are \( u \) and \( u^{\prime} \), respectively, both along the x-axis and \( x^{\prime} \)-axis, with \( u^{\prime} = 0.827c \).

\[
u = \frac{u^{\prime} + v}{1 + \frac{v \cdot u^{\prime}}{c^{2}}} = \frac{0.827c + 0.6c}{1 + \frac{0.6c \cdot 0.827c}{c^{2}}} = 0.954c
\]",\boxed{0.954},NV,c,False,EN,Laws Application
1878,Mechanics and Thermodynamics,Relativity,Special Relativity,"In a certain reference frame, two spaceships, $A$ and $B$, are moving towards each other at speeds of $0.8c$ and $0.6c$, respectively. Find a reference frame $S^{\prime}$ such that both ships are moving towards each other at the same speed $v^{\prime}$. Determine the velocity $v$ of frame $S^{\prime}$ relative to frame $S$.","Let $S^{\prime}$ move at a speed $v$, in the same direction as the motion of spaceship $A$, relative to frame $S$. In the $S^{\prime}$ frame,

$$
v_{A}^{\prime} = \frac{v_{A} - v}{1-\frac{v v_{A}}{c^{2}}} , \quad v_{B}^{\prime} = \frac{v_{B} - v}{1-\frac{v v_{B}}{c^{2}}}
$$

Given $v_{A} = 0.8c, v_{B} = -0.6c, v_{A}^{\prime} = v^{\prime}, v_{B}^{\prime} = -v^{\prime}$.

$$
\frac{0.8c - v}{1-\frac{0.8c v}{c^{2}}} = \frac{0.6c + v}{1 + 0.6 \frac{v}{c}}
$$

From the above equation, we obtain

$$
\begin{gathered}
v^{2} - 5.2cv + c^{2} = 0 \\
v = \frac{5.2c - \sqrt{(5.2c)^{2} - 4c^{2}}}{2} = 0.2c
\end{gathered}
$$

(The other root $v = 5c > c$ is impossible.)",\boxed{0.2},NV,c,False,EN,Laws Application
1880,Mechanics and Thermodynamics,Relativity,Special Relativity,"Calculate the ""longitudinal mass"" of a relativistic particle. Suppose the force is parallel to the direction of motion, determine the ratio of force to the acceleration of the particle.","Let

$$
\mathbf{F} = \frac{\mathrm{d}}{\mathrm{d} t}\left(\frac{mv}{\sqrt{1-\beta^{2}}}\right)
$$

where $\beta = \frac{v}{c}$ and $m$ is the rest mass of the particle.

$$
\mathbf{F} = \frac{m}{\sqrt{1-\beta^{2}}} \frac{\mathrm{d}v}{\mathrm{d}t} + \frac{mv}{\left(1-\beta^{2}\right)^{\frac{3}{2}}} \frac{v}{c^{2}} \frac{\mathrm{d}v}{\mathrm{d}t}
$$

When the force is parallel to the direction of motion, $v \parallel \mathrm{d}v$,

$$
\begin{aligned}
& v(v \cdot \mathrm{d}v) = v \cdot v \mathrm{d}v = v^{2} \mathrm{d}v \\
& \mathbf{F} = \frac{m}{\sqrt{1-\beta^{2}}} \frac{\mathrm{d}v}{\mathrm{d}t} + \frac{mv^{2}}{\left(1-\beta^{2}\right)^{\frac{3}{2}}} \frac{1}{c^{2}} \frac{\mathrm{d}v}{\mathrm{d}t} = \frac{m}{\left(1-\beta^{2}\right)^{\frac{3}{2}}} \frac{\mathrm{d}v}{\mathrm{d}t} \\
& m_{1} = \frac{\mathbf{F}}{\frac{\mathrm{d}v}{\mathrm{d}t}} = \frac{m}{\left(1-\beta^{2}\right)^{3/2}}
\end{aligned}
$$",\boxed{\frac{m}{\left(1-\beta^{2}\right)^{3/2}}},EX,,False,EN,Math Derivation
1881,Mechanics and Thermodynamics,Relativity,Special Relativity,"A particle moves in the $x'y'$ plane with a constant velocity of $v=\frac{c}{2}$, departing from point $O'$ at $t'=0$. The angle between $v$ and the $x'$ axis is $60^{\circ}$. Find the equations of motion in the $t'$ coordinate system.","$$
\begin{aligned}
x' & = \frac{1}{2} c \cos 60^{\circ} \, t' \\
y' & = \frac{1}{2} c \sin 60^{\circ} \, t'
\end{aligned}
$$","\boxed{x' = \frac{1}{4} c \, t', y' = \frac{\sqrt{3}}{4} c \, t'}",EQ,"c \, t', c \, t'",True,EN,Knowledge Recall
1882,Mechanics and Thermodynamics,Relativity,Special Relativity,A $\pi$ meson with a momentum of $5 m_{\pi} c$ undergoes an elastic collision with a proton initially at rest $\left(m_{p}=7 m_{\pi}\right)$. Find the speed of the center of mass reference frame.,"Let $S$ and $S^{\prime}$ be the laboratory frame and the center of mass frame, respectively. The $x$ and $x^{\prime}$ axes are both aligned with the direction of motion of the $\pi$ meson in the $S$ frame, and the $S^{\prime}$ frame moves relative to the $S$ frame along the positive $x$ axis, with speed $\beta c$.

In the $S$ frame, the total momentum and total energy of the system are given by

$$
\begin{gathered}
p_{x}=p_{\pi}=5 m_{\pi} c, \quad p_{y}=p_{z}=0, \\
E=\sqrt{c^{2} p_{\pi}^{2}+m_{\pi}^{2} c^{4}}+m_{p} c^{2}=(\sqrt{26}+7) m_{\pi} c^{2}.
\end{gathered}
$$

In the $S^{\prime}$ frame, the momentum of the system $\boldsymbol{p}^{\prime}=0$. Using the first component of the Lorentz transformation for four-momentum,

$$
0=p_{x}^{\prime}=\gamma\left(p_{x}-\beta \frac{E}{c}\right)=\gamma\left(p_{x}-\frac{V E}{c^{2}}\right).
$$

The speed of the center of mass frame relative to the laboratory frame is

$$
V=\frac{p_{x} c^{2}}{E}=\frac{5 m_{\pi} c \cdot c^{2}}{(\sqrt{26}+7) m_{\pi} c^{2}}=\frac{5 c}{\sqrt{26}+7}=0.41 c
$$

in the direction of the $\pi$ meson's motion.",\boxed{0.41},NV,,False,EN,Practical Application
1883,Mechanics and Thermodynamics,Relativity,Special Relativity,"A stationary hydrogen atom emits a spectral line $\mathrm{H}_{\delta}$ with a wavelength $\lambda = 0.4101 \times 10^{-6} \mathrm{~m}$. When the hydrogen atom moves towards the observer at $v = 5 \times 10^{5} \mathrm{~m/s}$, how much is the change in the wavelength observed by the observer?","Taking the stationary reference frame as the $S$ frame and the reference frame attached to the hydrogen atom as the $S^{\prime}$ frame, we have $\lambda^{\prime} = 0.4101 \times 10^{-6} \mathrm{~m}$.

Using the Doppler effect formula:

$$
\begin{aligned}
&\nu = \nu^{\prime} \sqrt{\frac{c + v}{c - v}}, \\
&c = \lambda \nu, \quad c = \lambda^{\prime} \nu^{\prime}, \\
&\lambda \nu = \lambda^{\prime} \nu^{\prime}, \quad \frac{\lambda}{\lambda^{\prime}} = \frac{\nu^{\prime}}{\nu} = \sqrt{\frac{c - v}{c + v}}, \\
&\lambda = \lambda^{\prime} \cdot \left(\sqrt{\frac{c - v}{c + v}}\right), \\
&= \left(\sqrt{\frac{1 - \frac{v}{c}}{1 + \frac{v}{c}}}\right) \lambda^{\prime}, \\
\end{aligned}
$$

Calculating the specific values:

$$
\begin{aligned}
&=\left[\left(1 - \frac{v}{2c}\right)^2 - 1\right] \lambda^{\prime}, \\
&=-\frac{v}{c} \lambda^{\prime} = -6.8 \times 10^{-10} \mathrm{~m}.
\end{aligned}
$$

Therefore, the change in the wavelength observed by the observer is $-6.8 \times 10^{-10} \mathrm{~m}$.",\boxed{-6.8 \times 10^{-10}},NV,\mathrm{m},False,EN,Laws Application
1886,Mechanics and Thermodynamics,Relativity,Special Relativity,"Two particles, each with a rest mass of $m_{0}$, are involved: one is at rest, and the other has a kinetic energy that is 6 times its rest energy. The particles undergo a perfectly inelastic collision. Find the rest mass of the composite particle.","By the conservation of energy, the energy $E$ of the composite particle is equal to the sum of the energies of the two particles before the collision,

$$
E = m_{0} c^{2} + \left(m_{0} c^{2} + 6 m_{0} c^{2}\right) = 8 m_{0} c^{2}
$$

According to the conservation of momentum, the momentum of the composite particle is equal to the sum of the momenta of the two particles before the collision. Since one particle is at rest, its momentum is zero. The momentum of the composite particle is equal to the momentum of the particle with non-zero kinetic energy before the collision.

For the particle with non-zero kinetic energy before the collision, use the relationship between energy and momentum:

$$
\begin{gathered}
\left(m_{0} c^{2} + 6 m_{0} c^{2}\right)^{2} = m_{0}^{2} c^{4} + c^{2} p^{2} \\
p = \sqrt{48} m_{0} c
\end{gathered}
$$

For the composite particle, write the relationship between energy and momentum:

$$
m^{2} c^{4} + c^{2} p^{2} = E^{2} \quad (m \text{ is the rest mass })
$$

Substituting $E = 8 m_{0} c^{2},\ p^{2} = 48 m_{0}^{2} c^{2}$, we find $m = 4 m_{0}$.",\boxed{4},NV,m_{0},False,EN,
1887,Mechanics and Thermodynamics,Relativity,Special Relativity,"A mirror is moving in a vacuum at a speed of \( v \) along the \( +x \) direction. A beam of light with a frequency of \( \nu \) is incident perpendicularly on the mirror from \( x=+\infty \). If the average energy flux density of the incident light is \( I_i \left(\mathrm{W/m}^2\right) \), find the average energy flux density of the reflected light.","Let \( n \) be the number of photons per unit volume within the beam of light. The average energy flux density of the incident light is

\[ I_i = n c h \nu \]

The average energy flux density of the reflected light is

\[ I_r = n c h \nu_r = n c h \frac{c+v}{c-v} \nu = \frac{c+v}{c-v} I_i \]",\boxed{\frac{c+v}{c-v} I_i},EX,,False,EN,Laws Application
1889,Mechanics and Thermodynamics,Relativity,Special Relativity,"In the reference frame \( S^{\prime} \), two events occur one after the other at a distance of \( \Delta x^{\prime} = 10 \) light-minutes apart in the direction of relative motion, with a time interval of \( \Delta t^{\prime} = 300 \text{ s} \). The time interval measured in reference frame \( S \) is \( \Delta t = 500 \text{ s} \). Find the velocity \( v \) of the frame \( S^{\prime} \) relative to frame \( S \).","\[
\Delta t = \frac{\Delta t^{\prime} + \frac{v}{c^{2}} \Delta x^{\prime}}{\sqrt{1 - \left(\frac{v}{c}\right)^{2}}}
\]

Substituting \(\Delta t = 500 \mathrm{~s}, \Delta t^{\prime} = 300 \mathrm{~s}, \Delta x^{\prime} = 10 \times 60 \mathrm{c}\), we arrive at the equation for \(\frac{v}{c}\):

\[
61\left(\frac{v}{c}\right)^{2} + 36\left(\frac{v}{c}\right) - 16 = 0
\]

According to the problem, the frame \( S^{\prime} \) moves in the positive direction along the x-axis, so \(\frac{v}{c} > 0\), therefore

\[
\begin{gathered}
\frac{v}{c} = \frac{-36 + \sqrt{(36)^{2} + 4 \times 61 \times 16}}{2 \times 61} = 0.296 \\
v = 0.296 c
\end{gathered}
\]",\boxed{0.296},NV,,False,EN,Laws Application
1890,Mechanics and Thermodynamics,Relativity,Special Relativity,"A car is approaching a radar station monitoring car speeds at a speed of 120 km/h, with the radar station operating at a frequency of $\nu_{0}=2 \times 10^{10} \mathrm{~Hz}$. Determine the frequency shift of the signal received by the radar station.","The frequency shift is

$$
\nu'' - \nu_{0} = \frac{2v}{c} \nu_{0} = \frac{2 \times 120 \times 10^{3} / 3600}{3 \times 10^{8}} \times 2 \times 10^{10} = 4.44 \times 10^{3} \, \text{Hz}
$$",\boxed{4.44 \times 10^{3}},NV,\text{Hz},False,EN,Laws Application
1893,Mechanics and Thermodynamics,Relativity,Special Relativity,Express the magnitude of the momentum $p$ of a relativistic particle in terms of its kinetic energy $T$.,"$$
p = \frac{1}{c} \sqrt{\left(T+m_{0} c^{2}\right)^{2} - m_{0}^{2} c^{4}} = \frac{1}{c} \sqrt{T\left(T + 2m_{0} c^{2}\right)}
$$",\boxed{p = \frac{1}{c} \sqrt{T\left(T + 2m_{0}\right)}},EQ,,False,EN,Math Derivation
1894,Mechanics and Thermodynamics,Relativity,Special Relativity,"Rocket $A$ is traveling at a speed of $0.8c$ relative to the Earth in the $+y$ direction, and rocket $B$ is traveling at $0.6c$ in the $-x$ direction. Calculate the speed of rocket $A$ relative to rocket $B$.","Given that $u_{x}^{\prime} = 0.6c$ and $u_{y}^{\prime} = 0.64c$, therefore

$$
u^{\prime} = \sqrt{\left(u_{x}^{\prime}\right)^{2} + \left(u_{y}^{\prime}\right)^{2}} = 0.88c
$$",\boxed{0.88},NV,c,False,EN,Laws Application
1898,Mechanics and Thermodynamics,Relativity,Special Relativity,A $\pi$ meson with a momentum of $5 m_{\pi} c$ undergoes an elastic collision with a proton (initially at rest) $\left(m_{p}=7 m_{\pi}\right)$. Find the total energy of the $\pi$ meson and the proton in the center-of-momentum frame.,"Consider $E^{2}-c^{2} p^{2}$ as a Lorentz invariant. In the $S^{\prime}$ frame, where $p^{\prime}=0$,

$$
\begin{aligned}
E^{\prime 2} & =E^{2}-c^{2} p^{2}=\left[(\sqrt{26}+7) m_{\pi} c^{2}\right]^{2}-c^{2}\left(5 m_{\pi} c\right)^{2} \\
& =(50+14 \sqrt{26}) m_{\pi}^{2} c^{4}, \\
E^{\prime} & =\sqrt{50+14 \sqrt{26}} m_{\pi} c^{2}=11.02 m_{\pi} c^{2}.
\end{aligned}
$$",\boxed{11.02},NV,,False,EN,Laws Application
1902,Mechanics and Thermodynamics,Relativity,Special Relativity,"A spaceship is moving away from Earth at a speed of $v=0.8c$. When measured from the Earth's reference frame, a radio signal is sent to the spaceship by an observer on Earth when the spaceship is $6.66 \times 10^{8} \ \mathrm{km}$ away from Earth. Determine the position of the spaceship in the Earth's reference frame when it receives the signal.","In the Earth's reference frame, the position of the spaceship when it receives the signal is

$$
x=c \Delta t = 3 \times 10^{8} \times 1.11 \times 10^{4} = 3.33 \times 10^{12} \ \mathrm{m}
$$",\boxed{3.33 \times 10^{12}},NV,\mathrm{m},False,EN,
1903,Mechanics and Thermodynamics,Relativity,Special Relativity,"In the same reference frame, two rods of rest length $l_{0}$ each move towards each other at a uniform speed $v$. Determine the length of one rod as observed from a reference frame attached to the other rod.","In the $S^{\prime}$ frame, the length of the other rod is observed to be

$$
l^{\prime}=l_{0} \sqrt{1-\left(\frac{v_{x}^{\prime}}{c}\right)^{2}}=l_{0} \sqrt{1-\frac{4v^{2}}{\left(c^{2}+v^{2}\right)}}=l_{0} \frac{c^{2}-v^{2}}{c^{2}+v^{2}} \text{ or } l_{0} \frac{1-\frac{v^{2}}{c^{2}}}{1+\frac{v^{2}}{c^{2}}}.
$$","\boxed{l_{0} \frac{c^{2}-v^{2}}{c^{2}+v^{2}}, l_{0} \frac{1-\frac{v^{2}}{c^{2}}}{1+\frac{v^{2}}{c^{2}}}}","EX, EX","None, None",True,EN,Math Derivation
1904,Mechanics and Thermodynamics,Relativity,Special Relativity,"Consider the twin paradox experiment involving two brothers: Brother A stays at home, while Brother B travels at a very high speed. Each brother's heart beats once per second, and with each heartbeat, they emit a radio pulse. Brother B starts from rest at time zero, quickly accelerates to a speed \( v \), and records and continuously emits pulses in his own inertial frame. After recording a time \( t_1 \) on his own clock, he changes speed and returns home, with the entire journey taking \( 2t_1 \) in his frame. How many pulses does Brother B emit in total?",Brother B emits a total of \( 2t_1 \) pulses during his entire trip.,\boxed{2t_1},EX,,False,EN,Knowledge Recall
1905,Mechanics and Thermodynamics,Relativity,Special Relativity,"Calculate the ""transverse mass"" of a relativistic particle. Assume the force is perpendicular to the direction of motion, and determine the ratio of force to acceleration.","Solution

$$
\mathbf{F} = \frac{\mathrm{d}}{\mathrm{d} t}\left(\frac{mv}{\sqrt{1-\beta^{2}}}\right)
$$

where $\beta = \frac{v}{c}, \ m$ is the rest mass of the particle.

When the force is perpendicular to the direction of motion, $\frac{\mathrm{d}v}{\mathrm{d}t} = 0$, then

$$
\begin{aligned}
& \mathbf{F} = \frac{m}{\sqrt{1-\beta^{2}}} \frac{\mathrm{d}v}{\mathrm{d}t} \\
& m_{\mathrm{t}} = \frac{m}{\sqrt{1-\beta^{2}}}
\end{aligned}
$$

Note: In relativity, the direction of force and acceleration generally do not coincide. In the above problem, in the $S$ frame, the force on the particle is always perpendicular to its motion, so we always have $m_{\mathrm{t}} = \frac{m}{\sqrt{1-\left(\frac{v}{c}\right)^{2}}}$. In the $S^{\prime}$ frame, at point $c$, where $v^{\prime}=0, \ m_{1}=m_{\mathrm{t}}=m$.",\boxed{m_{\mathrm{t}} = \frac{m}{\sqrt{1-\left(\frac{v}{c}\right)^{2}}}},EQ,,False,EN,Math Derivation
1906,Mechanics and Thermodynamics,Relativity,Special Relativity,"An incident nucleon collides with another stationary nucleon, producing a $\pi$ meson. The reaction is

$$
N + N \rightarrow N + N + \pi
$$

Find the threshold kinetic energy $T_{0}$ for this reaction and derive it using energy-momentum invariants.","The threshold kinetic energy of the incident particle before the reaction is $T_{0}$, and the corresponding threshold momentum is $p_{0}$. After the reaction, in the center-of-momentum reference frame, it is at rest. The invariant $E^{2} - c^{2} p^{2}$ is used for both the laboratory reference frame before the reaction and the center-of-momentum reference frame after the reaction,

$$
\left(T_{0} + 2 m_{N} c^{2}\right)^{2} - c^{2} p_{0}^{2} = \left(2 m_{N} c^{2} + m_{\pi} c^{2}\right)^{2}
$$

Write the energy-momentum relation for the incident particle,

$$
\left(T_{0} + m_{N} c^{2}\right)^{2} = c^{2} p_{0}^{2} + m_{N}^{2} c^{4}
$$

Eliminate $p_{0}$ from the previous equation using the latter equation and solve for $T_{0}$, obtaining

$$
T_{0} = \frac{1}{2 m_{N}} \left(4 m_{N} + m_{\pi}\right) m_{\pi}
$$",\boxed{\frac{1}{2 m_{N}} \left(4 m_{N} + m_{\pi}\right) m_{\pi}},EX,,False,EN,Math Derivation
1907,Mechanics and Thermodynamics,Relativity,Special Relativity,"Rocket $A$ is traveling at $0.8c$ relative to the Earth in the $+y$ direction, and Rocket $B$ is traveling at $0.6c$ in the $-x$ direction. Calculate the component of Rocket $A$'s velocity in the $x$ direction relative to Rocket $B$.","Taking the Earth as the $S$ frame and Rocket $B$ as the $S^{\prime}$ frame, $\boldsymbol{u}$ and $\boldsymbol{u}^{\prime}$ are the velocities of Rocket $A$ relative to the Earth and Rocket $B$, respectively. The velocity of the $S^{\prime}$ frame relative to the $S$ frame is $v=-0.6c \hat{i}$. Given that $u_{x}=0$ and $u_{y}=0.8c$, we have

$$
u_{x}^{\prime} = \frac{u_{x} - v}{1 - \frac{v u_{x}}{c^{2}}} = \frac{0 - (-0.6c)}{1 - 0} = 0.6c
$$",\boxed{0.6},NV,c,False,EN,Laws Application
1908,Mechanics and Thermodynamics,Relativity,Special Relativity,"Derive the Lagrangian function for a particle with momentum $p=\frac{m_0 v}{\sqrt{1-\frac{v^2}{c^2}}}$ in an electromagnetic field. The electromagnetic field is defined as follows:

$$
\boldsymbol{E}=-\nabla \phi-\frac{\partial \boldsymbol{A}}{\partial t}, \quad \boldsymbol{B}=\nabla \times \boldsymbol{A}.
$$","The Lagrangian function can be written as

$$
L=-m_0 c \sqrt{c^2-(\dot{x}^2+\dot{y}^2+\dot{z}^2)}-q \phi+q(\dot{x} A_x+\dot{y} A_y+\dot{z} A_z).
$$",\boxed{-m_0 c \sqrt{c^2-(\dot{x}^2+\dot{y}^2+\dot{z}^2)}-q \phi+q(\dot{x} A_x+\dot{y} A_y+\dot{z} A_z)},EX,,False,EN,Math Derivation
1909,Mechanics and Thermodynamics,Relativity,Special Relativity,"A stationary $\pi^{+}$ meson decays into a $\mu^{+}$ meson and a neutrino. The rest masses of the three particles are $m_{\pi 0}$, $m_{\mu 0}$, and zero, respectively. Find the kinetic energy $T_{\mu}$ of the $\mu^{+}$ meson.","Using the principles of energy conservation and momentum conservation, we have:

$$
\begin{gathered}
m_{\pi 0} c^{2} = \frac{m_{\mu 0} c^{2}}{\sqrt{1-\beta^{2}}} + E_{\nu} \\
0 = \frac{m_{\mu 0} \beta c}{\sqrt{1-\beta^{2}}} + \frac{E_{\nu}}{c}
\end{gathered}
$$

Here, $\beta = \frac{v}{c}$, with the direction of the neutrino's motion defined such that $v > 0$. By eliminating $E_{\nu}$, we obtain:

$$
\begin{gathered}
m_{\pi 0} = m_{\mu 0} \frac{1-\beta}{\sqrt{1-\beta^{2}}} = m_{\mu 0} \sqrt{\frac{1-\beta}{1+\beta}}
\end{gathered}
$$

$$
\frac{m_{\mu 0}^{2}}{m_{\pi 0}^{2}} = \frac{1+\beta}{1-\beta}, \quad \frac{m_{\mu 0}^{2}-m_{\pi 0}^{2}}{m_{\mu 0}^{2}+m_{\pi 0}^{2}} = \beta
$$

The kinetic energy is calculated as follows:

$$
T_{\mu} = \frac{m_{\mu 0} c^{2}}{\sqrt{1-\beta^{2}}} - m_{\mu 0} c^{2} = \frac{m_{\mu 0} c^{2}}{\sqrt{1-\left(\frac{m_{\mu 0}^{2}-m_{\pi 0}^{2}}{m_{\mu 0}^{2}+m_{\pi 0}^{2}}\right)^{2}}} - m_{\mu 0} c^{2} = \frac{\left(m_{\mu 0}-m_{\pi 0}\right)^{2}}{2 m_{\pi 0}} c^{2}
$$","\[
\boxed{\frac{\left(m_{\mu 0}-m_{\pi 0}\right)^{2}}{2 m_{\pi 0}} c^{2}}
\]",EX,,False,EN,Math Derivation
1913,Mechanics and Thermodynamics,Relativity,Special Relativity,"A spaceship equipped with a transmitter and a receiver sends a signal pulse to Earth while moving away at a constant speed. The clock on the spaceship shows that 40 seconds later, the signal reflected by Earth is received back, and the received frequency is half of the transmitted frequency. (2) What is the velocity of the spaceship relative to Earth?","(2) Using the longitudinal Doppler effect formula, let the frequency transmitted by the spaceship be $\nu_{0}$, the frequency received and reflected by Earth be $\nu_{1}$, and the frequency received back by the spaceship be $\nu_{2}$. We have:

$$
\begin{gathered}
\nu_{1}=\nu_{0} \sqrt{\frac{c-v}{c+v}} \\
\nu_{2}=\nu_{1} \sqrt{\frac{c-v}{c+v}}=\nu_{0} \cdot \frac{c-v}{c+v} \\
\nu_{2}=\frac{1}{2} \nu_{0}, \quad \frac{c-v}{c+v}=\frac{1}{2}, \quad v=\frac{1}{3} c
\end{gathered}
$$

Therefore, the spaceship is moving away from Earth at a speed of $v=\frac{1}{3} c$.",\boxed{\frac{1}{3}},NV,c,False,EN,Laws Application
1914,Mechanics and Thermodynamics,Relativity,Special Relativity,"A person who expects to live for another 60 years plans to visit a galaxy located 160,000 light-years away. What constant speed must they travel at? Method 1: Use the Lorentz transformation.","Method 1: Consider two events: Event \( A \), when the person departs; Event \( B \), when the person reaches the distant galaxy. The Earth and the distant galaxy are in frame \( S \), and the spaceship is in frame \( S^{\prime} \),

\[
x_{B} - x_{A} = \frac{x_{B}^{\prime} - x_{A}^{\prime} + v\left(t_{B}^{\prime} - t_{A}^{\prime}\right)}{\sqrt{1-\left(\frac{v}{c}\right)^2}} \tag{1}
\]

Here, \( x_{B}^{\prime} - x_{A}^{\prime} = 0 \), and \( t_{B}^{\prime} - t_{A}^{\prime} = 60 \) years (considering he should just be able to reach the distant galaxy within his lifetime).

\[
\begin{gathered}
(\Delta x)^2 \left(1-\frac{v^2}{c^2}\right) = v^2 (\Delta t^{\prime})^2 \\
v = \frac{\Delta x}{\sqrt{\left(\frac{\Delta x}{c}\right)^2 + (\Delta t^{\prime})^2}}
\end{gathered}
\]

Substitute \(\Delta x = 160000c\) (time in years)

\[
\begin{aligned}
v & = \frac{160000c}{\sqrt{(160000)^2 + (60)^2}} = \frac{c}{\sqrt{1 + \left( \frac{60}{160000} \right)^2}} \\
  & = c \left[ 1 - \frac{1}{2} \left( \frac{60}{160000} \right)^2 \right] = \left( 1 - 7.03 \times 10^{-8} \right)c
\end{aligned}
\]",\boxed{\left( 1 - 7.03 \times 10^{-8} \right)},NV,c,False,EN,Laws Application
1916,Mechanics and Thermodynamics,Relativity,Special Relativity,"If $\lambda$ and $\lambda^{\prime}$ are the wavelengths of light measured in the $S$ and $S^{\prime}$ frames, respectively, find the relationship between $\lambda^{\prime}$, $\lambda$, and $v$.","$\lambda = \frac{c}{\nu}$, $\lambda^{\prime} = \frac{c}{\nu^{\prime}}$, where the speed of light in both $S$ and $S^{\prime}$ frames is $c$. Therefore, $\lambda = c\tau$ and $\lambda^{\prime} = c\tau^{\prime}$.

$$
\lambda^{\prime} = \lambda \sqrt{\frac{1+\beta}{1-\beta}}
$$",\boxed{\lambda^{\prime} = \lambda \sqrt{\frac{1+\beta}{1-\beta}}},EQ,,False,EN,Laws Application
1917,Mechanics and Thermodynamics,Relativity,Special Relativity,"A stationary particle with a rest mass of $m$ and charge $e$ is accelerated by a uniform electric field with a field strength of $E$ for a time period $t$, achieving a speed comparable to the speed of light in a vacuum. If this particle is unstable and decays with an average lifetime of $\tau$ in its rest frame, what average lifetime of the particle is measured by a stationary observer when the particle is moving uniformly at the aforementioned speed?","Let system $S^{\prime}$ and system $S$ be the reference frames of the laboratory and the particle moving at high speed, respectively. The average lifetime measured by an observer in the $S^{\prime}$ system is

$$  
\tau^{\prime} = \Delta t^{\prime} = \frac{\Delta t + \frac{v}{c^{2}} \Delta x}{\sqrt{1-\left(\frac{v}{c}\right)^{2}}} = \frac{\tau}{\sqrt{1-\left(\frac{v}{c}\right)^{2}}} = \tau \sqrt{1+\left(\frac{eEt}{mc}\right)^{2}}  
$$",\boxed{\tau \sqrt{1+\left(\frac{eEt}{mc}\right)^{2}}},EX,,False,EN,Laws Application
1918,Mechanics and Thermodynamics,Relativity,Special Relativity,"An astronaut throws a standard 1-watt flashlight into space, which spins steadily around its axis. What additional velocity does this ""photon rocket"" gain when the battery is depleted? Given that the flashlight has a mass of 0.3 kilograms, and the battery lasts for 2 hours.","Assume the small bulb of the flashlight is located at the focal point of the emitting surface, so that the emitted photons are nearly parallel to the axis of the flashlight. Let the power of the flashlight be \( N = 1 \, \mathrm{W} \). After being turned on for a time \( t \) (in seconds), the total energy of the emitted photons is \( E = N t \). Since the flashlight spins steadily, it maintains its orientation. When the battery is depleted, the total momentum of the emitted photons is

\[
p = \frac{E}{c} = \frac{N t}{c} = \frac{1 \times 2 \times 3600}{3 \times 10^{8}} = 2.4 \times 10^{-5} \, \mathrm{N \cdot s}
\]

According to the conservation of momentum, the flashlight gains momentum in the opposite direction, meaning the ""photon rocket"" gains an additional velocity in the opposite direction, with a magnitude of

\[
\Delta v = \frac{N t}{m c}
\]

For the astronaut, this \( \Delta v \) is the magnitude of velocity gained by the ""photon rocket,"" where \( m = 0.3 \, \mathrm{kg} \) is the mass of the flashlight. Since \( \Delta v \) is very small, it can be approximated for an object with rest mass.

Given \( N = 1 \, \mathrm{W}, \, m = 0.3 \, \mathrm{kg}, \, t = 2 \, \mathrm{h} \),

\[
\Delta v = \frac{1 \times 2 \times 3600}{0.3 \times 3 \times 10^{8}} = 8 \times 10^{-5} \, \mathrm{m/s}
\]",\boxed{8 \times 10^{-5}},NV,,False,EN,Practical Application
1919,Mechanics and Thermodynamics,Relativity,Special Relativity,"If the target nucleus in problem 12.4.15 is stationary, and $\beta_{0} c$ is the speed of the center of momentum frame after the projectile rebounds, and $E_{0}$ is the energy in the center of momentum frame after the rebound (assuming no new particles are produced), can the results from 12.4.15 still be used?","Yes, they can still be used. This is because $E^{2}-c^{2}p^{2}$ remains invariant before and after the collision. Although the system is not an isolated system, the target nucleus is fixed, and external forces are exerted during the collision, no work is done, so energy is still conserved. The external forces affect the momentum of the system, but the speed of the center of momentum frame does not change in magnitude, only in direction (reversed). Therefore, even though momentum is not conserved, the invariant $E^{2}-c^{2}p^{2}$ remains unaffected.",\boxed{Yes},TF,,False,EN,Laws Application
1920,Mechanics and Thermodynamics,Relativity,Special Relativity,"Using the velocity transformation formula, determine the speed of light in the downstream situation of Fizeau's experiment and compare it with the speed of light calculated by introducing the drag coefficient \(k\) in the ether hypothesis explanation of Fizeau's experiment. Consequently, deduce the relationship between \(k\) and the refractive index.","Consider the reference frame fixed to the water as the \(S^{\prime}\) frame and the stationary frame as the \(S\) frame, where the velocity of the \(S^{\prime}\) frame relative to the \(S\) frame is \(v = v \boldsymbol{i}\). Using the velocity transformation formula

\[
v_{x} = \frac{v_{x}^{\prime} + v}{1 + \frac{v v_{x}^{\prime}}{c^{2}}}
\]

In the downstream situation, \(v_{x}^{\prime} = \frac{c}{n}\). In the \(S\) frame, the speed of light is:

\[
v_{1} = v_{x} = \frac{\frac{c}{n} + v}{1 + \frac{v}{c^{2}} \cdot \frac{c}{n}} \approx \left(\frac{c}{n} + v\right)\left(1 - \frac{v}{n c}\right) = \frac{c}{n} + v - \frac{v}{n^{2}} - \frac{v^{2}}{n c} \approx \frac{c}{n} + v\left(1 - \frac{1}{n^{2}}\right)
\]

Compared with the speed of light in the downstream situation calculated by introducing the drag coefficient \(k\) in the ether hypothesis, we obtain

\[
k = 1 - \frac{1}{n^{2}}
\]",\boxed{k = 1 - \frac{1}{n^{2}}},EQ,,False,EN,Math Derivation
1921,Mechanics and Thermodynamics,Relativity,Special Relativity,A car is approaching a radar speed monitoring station at a speed of 120 km/h. The operational frequency of the radar station is $\nu_{0}=2 \times 10^{10} \mathrm{~Hz}$. Find the frequency of the signal received by the radar station that is reflected back by the car.,"The frequency of the signal received by the radar station that is reflected back by the car is

$$
\nu'' \approx \nu' \left(1+\frac{v}{c}\right) = \nu_{0} \left(1+\frac{v}{c}\right)^{2} \approx \nu_{0} \left(1+\frac{2v}{c}\right)
$$",\boxed{\nu_{0} \left(1+\frac{2v}{c}\right)},EX,,False,EN,Laws Application
1922,Mechanics and Thermodynamics,Relativity,Special Relativity,"If the kinetic energy of a particle is equal to its rest energy, find the velocity of the particle.","$$
\begin{gathered}
T = m c^{2} - m_{0} c^{2} = m_{0} c^{2} \\
m = 2 m_{0}, \quad \frac{m_{0}}{\sqrt{1-\left(\frac{v}{c}\right)^{2}}} = 2 m_{0} \\
\frac{1}{\sqrt{1-\left(\frac{v}{c}\right)^{2}}} = 2, \quad v = \sqrt{1 - \left(\frac{1}{2}\right)^{2}} c = \frac{\sqrt{3}}{2} c
\end{gathered}
$$",\boxed{\frac{\sqrt{3}}{2}},NV,c,False,EN,Laws Application
1923,Mechanics and Thermodynamics,Relativity,Special Relativity,"In high-energy proton-proton collisions, when an incoming proton strikes a stationary proton, both protons decay into one proton and 4 pions. Determine the minimum energy required for the incoming particle. It is known that each pion has a mass of $m_{\pi} c^{2}=0.140 \mathrm{GeV}$ and the proton's mass is $m_{\mathrm{p}} c^{2}=0.938 \mathrm{GeV}$.","Reaction:
$$
\begin{gathered}
\mathrm{p} + \mathrm{p} \rightarrow (\mathrm{p} + 4 \pi) + (\mathrm{p} + 4 \pi) \\
\left(E_{0} + m_{\mathrm{p}} c^{2}\right)^{2} - c^{2} p_{0}^{2} = \left(2 m_{\mathrm{p}} c^{2} + 8 m_{\pi} c^{2}\right)^{2} \\
E_{0}^{2} = c^{2} p_{0}^{2} + m_{\mathrm{p}}^{2} c^{4}
\end{gathered}
$$

Thus, we obtain
$$
E_{0} = \frac{\left(m_{\mathrm{p}}^{2} + 16 m_{\mathrm{p}} m_{\pi} + 32 m_{\pi}^{2}\right) c^{2}}{m_{\mathrm{p}}} = 3.847 \mathrm{GeV}
$$",\boxed{3.847},NV,\mathrm{GeV},False,EN,Laws Application
1924,Mechanics and Thermodynamics,Relativity,Special Relativity,"A hypothetical flashlight can convert part of its rest mass into light, emitting a reasonably collimated light beam. If the flashlight starts at rest with a rest mass of $m_{0}$, the switch is turned on, allowing it to move freely in a straight line. Assume that when the flashlight has a velocity $v$, the total energy of all emitted photons is $E$, and the total momentum of all photons is $\frac{E}{c}$, in the direction opposite to $v$. Based on this information, determine the rest mass $m$ when it has a velocity $v$ relative to the original rest frame (do not assume $c \gg v$).","According to the conservation of energy and momentum,

\[
\begin{align*}
& \frac{m c^{2}}{\sqrt{1-\frac{v^{2}}{c^{2}}}} + E = m_{0} c^{2}  \tag{1}\\
& \frac{m v}{\sqrt{1-\frac{v^{2}}{c^{2}}}} - \frac{E}{c} = 0 \tag{2}
\end{align*}
\]

Multiply equation (1) by $\frac{1}{c}$ and add it to equation (2),

\[
\begin{gathered}
\frac{m(c+v)}{\sqrt{1-\frac{v^{2}}{c^{2}}}} = m_{0} c \\
m = m_{0} \frac{\sqrt{c^{2}-v^{2}}}{c+v} = m_{0} \sqrt{\frac{c-v}{c+v}}
\end{gathered}
\]",\boxed{m = m_{0} \sqrt{\frac{c-v}{c+v}}},EQ,,False,EN,Math Derivation
1925,Mechanics and Thermodynamics,Relativity,Special Relativity,"A rocket moves in a straight line with uniform acceleration \( a_{0} \) relative to a reference frame fixed to itself. According to the clock inside the rocket, how long does it take to accelerate to \( V = 0.8c \)?","According to the Earth's clock, \(\mathrm{d} t = \frac{1}{a_{0}}\left(1 - \frac{V^{2}}{c^{2}}\right)^{-\frac{3}{2}} \mathrm{d} V\),
\(\mathrm{d} t' = \mathrm{d} t \sqrt{1 - \frac{V^{2}}{c^{2}}}\),

Therefore

\[
\mathrm{d} t' = \frac{1}{a_{0}}\left(1 - \frac{V^{2}}{c^{2}}\right)^{-1} \mathrm{d} V
\]

According to the clock inside the rocket, the time taken to accelerate to \(0.8 c\) (as measured from Earth) is

\[
t' = \frac{1}{a_{0}} \int_{0}^{0.8 c} \frac{\mathrm{d} V}{1 - \frac{V^{2}}{c^{2}}} = \frac{1}{2 a_{0}}\left(\int_{0}^{0.8 c} \frac{\mathrm{d} V}{1 + \frac{V}{c}} + \int_{0}^{0.8 c} \frac{\mathrm{d} V}{1 - \frac{V}{c}}\right) = \frac{c}{a_{0}} \ln 3
\]",\boxed{\frac{c}{a_{0}} \ln 3},EX,,False,EN,Math Derivation
1926,Mechanics and Thermodynamics,Relativity,Special Relativity,Determine the Hamiltonian function for a free relativistic particle.,"By calculating:

$$
1 - \frac{v^2}{c^2} = \frac{m_0^2 c^2}{m_0^2 c^2 + p^2} = \frac{m_0^2 c^2}{m_0^2 c^2 + p_x^2 + p_y^2 + p_z^2}
$$

The Hamiltonian function is:

$$
H = E = c \sqrt{m_0^2 c^2 + p_x^2 + p_y^2 + p_z^2}
$$",\boxed{H = c \sqrt{m_0^2 c^2 + p_x^2 + p_y^2 + p_z^2}},EQ,,False,EN,Laws Application
1929,Mechanics and Thermodynamics,Relativity,Special Relativity,"Consider a frame $S^{\prime}$ moving with a velocity $v$ along the positive $x$-axis with respect to frame $S$. A clock located at point $\left(x_{0}^{\prime}, y_{0}^{\prime}, z_{0}^{\prime}\right)$ fixed in frame $S^{\prime}$ passes by the point $\left(x_{0}, y_{0}, z_{0}\right)$ in frame $S$ at time $t_{0}^{\prime}$, while the clock in frame $S$ shows the time $t_{0}$. Determine the initial constants $C_1$, $C_2$, $C_3$, and $C_4$ of the Lorentz transformation from frame $S$ to frame $S^{\prime}$.","Given the relations:
- $x^{\prime}=\frac{x-v t}{\sqrt{1-\left(\frac{v}{c}\right)^{2}}}+C_{1}$
- $y^{\prime}=y+C_{2}$
- $z^{\prime}=z+C_{3}$
- $t^{\prime}=\frac{t-\frac{v}{c^{2}} x}{\sqrt{1-\left(\frac{v}{c}\right)^{2}}}+C_{4}$

Substitute $x=x_{0}, y=y_{0}, z=z_{0}, t=t_{0}$ and $x^{\prime}=x_{0}^{\prime}, y^{\prime}=y_{0}^{\prime}, z^{\prime}=z_{0}^{\prime}, t^{\prime}=t_{0}^{\prime}$,

$$
x_{0}^{\prime}=\frac{x_{0}-v t_{0}}{\sqrt{1-\left(\frac{v}{c}\right)^{2}}}+C_{1}, \quad y_{0}^{\prime}=y_{0}+C_{2}, \quad z_{0}^{\prime}=z_{0}+C_{3}, \quad t_{0}^{\prime}=\frac{t_{0}-\frac{v}{c^{2}} x_{0}}{\sqrt{1-\left(\frac{v}{c}\right)^{2}}}+C_{4}
$$

We can obtain:
$$
C_{1}=x_{0}^{\prime}-\frac{x_{0}-v t_{0}}{\sqrt{1-\left(\frac{v}{c}\right)^{2}}}, \quad C_{2}=y_{0}^{\prime}-y_{0}, \quad C_{3}=z_{0}^{\prime}-z_{0}, \quad C_{4}=t_{0}^{\prime}-\frac{t_{0}-\frac{v}{c^{2}} x_{0}}{\sqrt{1-\left(\frac{v}{c}\right)^{2}}}
$$","\boxed{C_{1}=x_{0}^{\prime}-\frac{x_{0}-v t_{0}}{\sqrt{1-\left(\frac{v}{c}\right)^{2}}}, C_{2}=y_{0}^{\prime}-y_{0}, C_{3}=z_{0}^{\prime}-z_{0}, C_{4}=t_{0}^{\prime}-\frac{t_{0}-\frac{v}{c^{2}} x_{0}}{\sqrt{1-\left(\frac{v}{c}\right)^{2}}}}","EQ, EQ, EQ, EQ","\text{m}, \text{m}, \text{m}, \text{s}",True,EN,Laws Application
1932,Mechanics and Thermodynamics,Relativity,Special Relativity,"What are the Lorentz transformation formulas between different coordinate systems $S$ and $S^{\prime}$ under the following conditions?
- The system $S^{\prime}$ is moving with velocity $v$ in the positive direction along the $x$-axis relative to system $S$.
- A clock fixed at the point $\left(x_{0}^{\prime}, y_{0}^{\prime}, z_{0}^{\prime}\right)$ in system $S^{\prime}$ passes by the point $\left(x_{0}, y_{0}, z_{0}\right)$ in system $S$ at time $t_{0}^{\prime}$.
- At that moment, the clock in system $S$ indicates time $t_{0}$.","Therefore, the Lorentz transformation formulas in this situation are:
$$
\begin{aligned}
x^{\prime}-x_{0}^{\prime} &= \frac{x-x_{0}-v(t-t_{0})}{\sqrt{1-\left(\frac{v}{c}\right)^{2}}}, \\
y^{\prime}-y_{0}^{\prime} &= y-y_{0}, \quad z^{\prime}-z_{0}^{\prime} = z-z_{0}, \\
t^{\prime}-t_{0}^{\prime} &= \frac{t-t_{0}-\frac{v}{c^{2}}(x-x_{0})}{\sqrt{1-\left(\frac{v}{c}\right)^{2}}}.
\end{aligned}
$$","\boxed{\begin{aligned} x^{\prime}-x_{0}^{\prime}&=\frac{x-x_{0}-v(t-t_{0})}{\sqrt{1-\left(\frac{v}{c}\right)^{2}}}, \\ y^{\prime}-y_{0}^{\prime}&=y-y_{0}, \quad z^{\prime}-z_{0}^{\prime}=z-z_{0}, \\ t^{\prime}-t_{0}^{\prime}&=\frac{t-t_{0}-\frac{v}{c^{2}}(x-x_{0})}{\sqrt{1-\left(\frac{v}{c}\right)^{2}}}. \end{aligned}}",EQ,"\mathrm{m}, \mathrm{m}, \mathrm{s}",True,EN,Laws Application
1933,Mechanics and Thermodynamics,Relativity,Special Relativity,"Prove that the transformation formula for the angle \(\theta\) between a light ray and the \(x\)-axis is

\[
\cos \theta = \frac{c \cos \theta^{\prime} + V}{c + V \cos \theta^{\prime}}
\]","Modify the speed \(v^{\prime}\) of a particle in system \(S^{\prime}\) from Problem 12.2.1 to the speed of light \(c\), which yields the first expression to be proven. The second expression is derived as follows:

\[
\begin{gathered}
v_{x} = \frac{v_{x}^{\prime} + V}{1 + \frac{V}{c^{2}} v_{x}^{\prime}} = \frac{c \cos \theta^{\prime} + V}{1 + \frac{V}{c} \cos \theta^{\prime}} \\
v_{y} = \frac{v_{y}^{\prime} \sqrt{1-\left(\frac{V}{c}\right)^{2}}}{1+\frac{V}{c^{2}} v_{x}^{\prime}} = \frac{c \sin \theta^{\prime} \sqrt{1-\left(\frac{V}{c}\right)^{2}}}{1+\frac{V}{c} \cos \theta^{\prime}}
\end{gathered}
\]

\[
\cos \theta = \frac{v_{x}}{c} = \frac{c \cos \theta^{\prime} + V}{c + V \cos \theta^{\prime}}
\]",\boxed{\cos \theta = \frac{c \cos \theta^{\prime} + V}{c + V \cos \theta^{\prime}}},EQ,,False,EN,Math Derivation
1940,Mechanics and Thermodynamics,Relativity,Special Relativity,The equivalence principle asserts that gravitational mass and inertial mass are equal. Do photons have a nonzero gravitational mass?,"The gravitational mass of photons is nonzero. According to the equivalence principle, a photon's gravitational mass equals its inertial mass. The rest mass of a photon is zero, but its inertial mass is not zero,

$$
m = \frac{E}{c^{2}} = \frac{h \nu}{c^{2}}
$$",\boxed{Yes},TF,,False,EN,Laws Application
1941,Mechanics and Thermodynamics,Relativity,Special Relativity,"A light source is stationary at the origin $x=0$ of reference frame $S$ and emits two light pulses $P_{1}$ and $P_{2}$ at times $t=0$ and $t=\tau$, respectively. The reference frame $S^{\prime}$ is moving with a velocity $v$ relative to frame $S$. An observer in frame $S^{\prime}$ receives $P_{1}$ at $x^{\prime}=0$, $t^{\prime}=0$. Find the time $\tau^{\prime}$ when the observer receives $P_{2}$ at $x^{\prime}=0$.","Method 1: In frame $S$, when $P_{2}$ is emitted, $x=0$ and $t=\tau$. This event 1 occurs at the following location and time in frame $S^{\prime}$:

$$
\begin{gathered}
x_{1}^{\prime} = \frac{x - vt}{\sqrt{1-\left(\frac{v}{c}\right)^{2}}} = -\frac{v \tau}{\sqrt{1-\left(\frac{v}{c}\right)^{2}}} \\
t_{1}^{\prime} = \frac{t - \frac{v}{c^{2}} x}{\sqrt{1-\left(\frac{v}{c}\right)^{2}}} = \frac{\tau}{\sqrt{1-\left(\frac{v}{c}\right)^{2}}}
\end{gathered}
$$

When light pulse $P_{2}$ reaches $x^{\prime}=0$, this is event 2:

$$
\begin{gathered}
x_{2}^{\prime} - x_{1}^{\prime} = c\left(t_{2}^{\prime} - t_{1}^{\prime}\right) \\
\tau^{\prime} = t_{2}^{\prime} = t_{1}^{\prime} - \frac{x_{1}^{\prime}}{c} = \frac{\tau}{\sqrt{1-\left(\frac{v}{c}\right)^{2}}} + \frac{v}{c} \frac{\tau}{\sqrt{1-\left(\frac{v}{c}\right)^{2}}} = \tau \sqrt{\frac{1+\beta}{1-\beta}}
\end{gathered}
$$

where $\beta = \frac{v}{c}$.\\
Method 2: $\tau$ and $\tau^{\prime}$ are the time intervals between emissions of the two pulses as measured in frames $S$ and $S^{\prime}$, respectively. The light source is at $x=0$. The observer in frame $S^{\prime}$ is moving relative to the light source along their line of connection. The longitudinal Doppler effect formula can be used to find $\tau^{\prime}$.\\
$\nu = \frac{1}{\tau}$, $\nu^{\prime} = \frac{1}{\tau^{\prime}}$, where $\nu$ and $\nu^{\prime}$ are the radiation frequencies. Considering $v$ is the speed at which they are moving away from each other,

$$
\nu^{\prime} = \nu \sqrt{\frac{1-\beta}{1+\beta}}, \quad \tau^{\prime} = \tau \sqrt{\frac{1+\beta}{1-\beta}}
$$",\boxed{\tau \sqrt{\frac{1+\beta}{1-\beta}}},EX,,False,EN,Practical Application
1943,Mechanics and Thermodynamics,Relativity,Special Relativity,"A photon with momentum $p$ collides with a stationary particle of rest mass $m$. If the photon undergoes elastic backscattering, what is the momentum of the photon in the laboratory frame after the collision?","If the photon undergoes elastic backscattering, the momenta of the photon and the particle after scattering are $-p_{1}$ and $p_{2}$, respectively. From the conservation of energy and momentum during the scattering process, we have:

$$
\begin{gathered}
p_{1} c+\sqrt{p_{2}^{2} c^{2}+m^{2} c^{4}}=p c+m c^{2} \\
-p_{1}+p_{2}=p
\end{gathered}
$$

By eliminating $p_{2}$, we obtain

$$
\begin{gathered}
\left(p-p_{1}\right)^{2}+2\left(p-p_{1}\right) m c=\left(p+p_{1}\right)^{2} \\
p_{1}=\frac{m c p}{2 p+m c}
\end{gathered}
$$

This is the magnitude of the momentum of the photon after backscattering in the laboratory frame.",\boxed{\frac{m c p}{2 p + m c}},NV,,False,EN,Math Derivation
1944,Mechanics and Thermodynamics,Relativity,Special Relativity,"A spaceship is moving away from Earth at a velocity of $v = 0.8c$. When it is measured to be $6.66 \times 10^{8} \ \mathrm{km}$ away from Earth in the Earth reference frame, a radio signal is sent to the spaceship by an observer on Earth. How long does it take for the signal to reach the spaceship in the Earth reference frame?","Method 1: Let $\Delta t$ be the time measured in the Earth reference frame from when the signal is sent to when it is received,

$$
\begin{gathered}
0.8c \cdot \Delta t + 6.66 \times 10^{8} \times 10^{3} = c \Delta t \\
\Delta t = \frac{6.66 \times 10^{8} \times 10^{3}}{(1-0.8) \times 3 \times 10^{8}}=1.11 \times 10^{4} \ \mathrm{s}
\end{gathered}
$$

Method 2: Lorentz transformation can also be used to find $\Delta t$ from $\Delta t^{\prime}$,

$$
\Delta t=\frac{\Delta t^{\prime}+\frac{v}{c^{2}} \Delta x^{\prime}}{\sqrt{1-\left(\frac{v}{c}\right)^{2}}} = \frac{3.7 \times 10^{3} + \frac{0.8}{3 \times 10^{8}}\left[0-\left(-1.11 \times 10^{12}\right)\right]}{\sqrt{1-(0.8)^{2}}} = 1.11 \times 10^{4} \ \mathrm{s}
$$",\boxed{1.11 \times 10^{4}},NV,,False,EN,Laws Application
1945,Mechanics and Thermodynamics,Relativity,Special Relativity,"A carriage with a rest length \( L \) moves at a constant velocity \( v \). A light signal is emitted from the rear end \( A \) in the direction of motion, reflects off a plane mirror at the front end \( B \), and returns to the rear end \( A \). Determine the time \(\Delta t_2\) as observed from the ground for the light signal to travel from \( A \) to \( B \) and back to \( A \).","Method 1: Consider the time \(\Delta t_2\) for the light signal to travel from the rear end \( A \) to return to \( A \). The relationship is as follows:

\[
c \Delta t_2 = v \Delta t_1 + 2L \sqrt{1-\left(\frac{v}{c}\right)^2} - v\left(\Delta t_2 - \Delta t_1\right)
\]

In this equation, the last term \( v\left(\Delta t_2 - \Delta t_1\right) \) represents the distance the carriage moves forward during the time the light signal travels from the front end \( B \) back to the rear end \( A \).

\[
\Delta t_2 = \frac{1}{c+v}\left[ 2L \sqrt{1-\left(\frac{v}{c}\right)^2} + 2v \Delta t_1 \right]
\]

Substituting \(\Delta t_1\) and performing the calculations, we find:

\[
\Delta t_2 = \frac{2L}{c} \cdot \frac{1}{\sqrt{1-\left(\frac{v}{c}\right)^2}}
\]

Method 2: Using the Lorentz transformation formula,

\[
\Delta t_2 = \frac{\Delta t_2' - \frac{v}{c^2} \Delta x_2'}{\sqrt{1-\left(\frac{v}{c}\right)^2}}
\]

Substituting \(\Delta t_2' = \frac{2L}{c}, \Delta x_2' = 0\), gives:

\[
\Delta t_2 = \frac{2L}{c} \frac{1}{\sqrt{1-\left(\frac{v}{c}\right)^2}}
\]",\boxed{\frac{2L}{c} \cdot \frac{1}{\sqrt{1-\left(\frac{v}{c}\right)^2}}},NV,,False,EN,Laws Application
1946,Mechanics and Thermodynamics,Relativity,Special Relativity,"On a spaceship, there is a transmitter and a receiver. During its constant speed journey away from Earth, it sends a signal pulse to Earth. The spaceship's clock receives the signal reflected back from Earth 40 seconds later, and the received frequency is half the transmitted frequency. (1) When the pulse is reflected from Earth, where is the Earth located in the spaceship's frame of reference?","(1) The speed of the pulse is always \(c\). In the spaceship's frame of reference, the spaceship is stationary, and the distance covered by the pulse from the spaceship to Earth and back is the same. Therefore, the time taken for the pulse to be sent and reflected from Earth is \(\frac{40}{2} = 20 \ \text{seconds}\). During this time, the distance traveled by the pulse is the distance at which Earth was measured to be from the spaceship when the pulse was reflected. The distance is
$$
l = 20 \cdot c = 20 \times 3 \times 10^{8} = 6 \times 10^{9} \ \text{meters}
$$",\boxed{6 \times 10^{9}},NV,\text{ç±³},False,EN,Practical Application
1948,Mechanics and Thermodynamics,Relativity,Special Relativity,"A \(\pi^{0}\) meson, with a rest mass of \( m \) and moving at velocity \( v \), decays into two \(\gamma\) photons. Assuming that in the rest frame of the \(\pi^{0}\) meson, the distribution of the \(\gamma\) photons in their scattering directions is isotropic, determine the probability that in the laboratory reference frame, one \(\gamma\) photon is scattered at an angle \(\theta\) relative to the direction of motion of the \(\pi^{0}\) meson.","Let \(S, S'\) be the laboratory reference frame and the reference frame where the \(\pi^{0}\) meson is at rest, respectively. In the \(S'\) frame, the scattering direction of a \(\gamma\) photon is isotropic, and the probability of scattering within \(\theta'\sim\theta'+\mathrm{d}\theta'\) is

\[
\mathrm{d} W = \frac{1}{4\pi} \cdot 2\pi \sin\theta'\, \mathrm{d}\theta' = \frac{1}{2} \sin\theta'\, \mathrm{d}\theta'
\]

The relationship between the angles \(\theta', \theta\) with respect to the \(x', x\) axes in the frames \(S', S\), which is proven in problem 12.2.13, is:

\[
\begin{aligned}
\cos\theta' & = \frac{\cos\theta - \beta}{1 - \beta \cos\theta}, \quad \beta = \frac{v}{c} \\
-\sin\theta' \,\mathrm{d}\theta' & = -\frac{1}{(1 - \beta \cos\theta)^2} \left(1 - \beta^2\right) \sin\theta\, \mathrm{d}\theta
\end{aligned}
\]

In the laboratory frame \(S\), the probability of scattering within \(\theta \sim \theta + \mathrm{d}\theta\) is

\[
\mathrm{d} W = \frac{1}{2} \frac{1 - \beta^2}{(1 - \beta \cos\theta)^2} \sin\theta \, \mathrm{d}\theta
\]","\boxed{\frac{1}{2} \frac{1 - \beta^2}{(1 - \beta \cos\theta)^2} \sin\theta \, \mathrm{d}\theta}",EX,\mathrm{d}\theta,True,EN,Math Derivation
1949,Mechanics and Thermodynamics,Relativity,Special Relativity,"A resting charged particle with a rest mass of \( m \) and a charge of \( e \) is accelerated by a uniform electric field with an intensity of \( E \) for a period of time \( t \), acquiring a speed comparable to the speed of light in a vacuum. What are the momentum and speed of the particle at the end of the acceleration?","The momentum is:  
\[  
p = eEt  
\]  

The speed is:  
\[  
\frac{mv}{\sqrt{1-\left(\frac{v}{c}\right)^{2}}} = eEt, \quad v = \frac{eEct}{\sqrt{m^{2}c^{2} + (eEt)^{2}}}  
\]","\boxed{eEt, \frac{eEct}{\sqrt{m^{2}c^{2} + (eEt)^{2}}}}","EX, EX","\text{None, None}",True,EN,Math Derivation
1952,Mechanics and Thermodynamics,Relativity,Special Relativity,"A beam of $\mathrm{K}_{l}^{0}$ mesons, moving with a velocity parameter $\beta=\frac{v}{c}=\frac{1}{\sqrt{2}}$ and having a flux of $10^{6}$ per second, interacts with a lead block resulting in the reaction:

$$
\mathrm{K}_{l}^{0}+\text{lead block} \rightarrow \mathrm{K}_{s}^{0}+\text{lead block}
$$

The internal state of the lead block is the same before and after the reaction, and the incident $\mathrm{K}_{l}^{0}$ and the outgoing $\mathrm{K}_{s}^{0}$ have the same direction of motion. Using $m\left(\mathrm{K}_{l}\right)=5 \times 10^{8} \mathrm{eV}/c^{2}$ and $m\left(\mathrm{K}_{l}\right)-m\left(\mathrm{K}_{s}\right)=3.5 \times 10^{-6} \mathrm{eV}/c^{2}$, find the energy and momentum change $(p_s - p_l)$ of the outgoing $\mathrm{K}_{s}$ meson.","Since the internal state of the lead block remains the same before and after the reaction, and because the mass of the lead block is much greater than that of the meson beam, the lead block can be considered stationary. The energy of the mesons before and after the reaction should be the same,

$$
\begin{gathered}
E_{s}=E_{l} \\
p_{s}^{2} c^{2}=E_{s}^{2}-m_{s}^{2} c^{4}=E_{l}^{2}-m_{s}^{2} c^{4} = c^{2} p_{l}^{2}+m_{l}^{2} c^{4}-m_{s}^{2} c^{4} \\
= 2 m_{l}^{2} c^{4}-m_{s}^{2} c^{4} \\
\approx m_{l}^{2} c^{4}+2 m_{l}\left(m_{l}-m_{s}\right) c^{4} \\
p_{s} c=m_{l} c^{2}\left[1+\frac{2\left(m_{l}-m_{s}\right)}{m_{l}}\right]^{\frac{1}{2}} \\
\approx m_{l} c^{2}+\left(m_{l}-m_{s}\right) c^{2} \\
p_{s}-p_{l}=\left(m_{l}-m_{s}\right) c
\end{gathered}
$$",\boxed{3.5 \times 10^{-6}},NV,,False,EN,Laws Application
1953,Mechanics and Thermodynamics,Relativity,Special Relativity,"A beam of neutral kaon mesons ($\mathrm{K}_{l}^{0}$) with a velocity $\beta=\frac{v}{c}=\frac{1}{\sqrt{2}}$ and a flow rate of $10^{6}$ per second interacts with a lead block. The reaction is as follows:

$$
\mathrm{K}_{l}^{0}+\text{lead block} \rightarrow \mathrm{K}_{s}^{0}+\text{lead block}
$$

The internal state of the lead block remains the same before and after the reaction, and the direction of motion of the incoming $\mathrm{K}_{l}^{0}$ is the same as that of the outgoing $\mathrm{K}_{s}^{0}$. Using $m\left(\mathrm{K}_{l}\right)=5 \times 10^{8} \mathrm{eV}/c^{2}$ and $m\left(\mathrm{K}_{l}\right)-m\left(\mathrm{K}_{s}\right)=3.5 \times 10^{-6} \mathrm{eV}/c^{2}$, determine the magnitude and direction of the average force exerted on the lead block due to this process (in dynes or newtons).","Due to the interaction, the momentum change per second of the meson beam is

$$
\begin{aligned}
\left(p_{s}-p_{l}\right) \times 10^{6} & =\left(m_{l}-m_{s}\right) c \times 10^{6} \\
& =\frac{3.5 \times 10^{-6} \times 1.6 \times 10^{-19} \times 3 \times 10^{8} \times 10^{6}}{\left(3 \times 10^{8}\right)^{2}}=1.87 \times 10^{-27}\ \mathrm{N}
\end{aligned}
$$

This is the average force exerted by the lead block on the meson beam, which is along the direction of the meson motion. Accordingly, the force exerted by the mesons on the lead block has a magnitude of $1.87 \times 10^{-27} \ \mathrm{N}$ and is in the opposite direction to the meson beam's motion.",\boxed{1.87 \times 10^{-27}},NV,,False,EN,Laws Application
1954,Mechanics and Thermodynamics,Relativity,Special Relativity,"A stationary $\pi^{+}$ meson decays into a $\mu^{+}$ muon and a neutrino. The rest masses of the three are $m_{\pi 0}$, $m_{\mu 0}$, and zero, respectively. Find the kinetic energy $T_{\nu}$ of the neutrino.","From the conservation of energy and momentum, we have:

$$
\begin{gathered}
m_{\pi 0} c^{2} = \frac{m_{\mu 0} c^{2}}{\sqrt{1-\beta^{2}}} + E_{\nu} \\
0 = \frac{m_{\mu 0} \beta c}{\sqrt{1-\beta^{2}}} + \frac{E_{\nu}}{c}
\end{gathered}
$$

Eliminating $E_{\nu}$, we get:

$$
E_{\nu} = m_{\pi 0} c^{2} - \frac{m_{\mu 0} c^{2}}{\sqrt{1-\beta^{2}}}
$$

The kinetic energy is calculated as follows:

$$
T_{\nu} = E_{\nu} = m_{\pi 0} c^{2} - \frac{m_{\mu 0} c^{2}}{\sqrt{1-\beta^{2}}} = \frac{m_{\pi 0}^{2} - m_{\mu 0}^{2}}{2 m_{\pi 0}} c^{2}
$$",\boxed{\frac{m_{\pi 0}^{2} - m_{\mu 0}^{2}}{2 m_{\pi 0}}},EX,,False,EN,Laws Application
1956,Mechanics and Thermodynamics,Relativity,Special Relativity,"In the inertial frame $S^{\prime}$, two events occur successively at the same location. It is known that in the inertial frame $S^{\prime}$, the time interval between these two events is $\Delta t^{\prime}=300 \mathrm{~s}$, and in another inertial frame $S$, the measured time interval between these two events is $\Delta t=500 \mathrm{~s}$. Determine the distance between the locations of these two events as measured in the inertial frame $S$.","Assume that the system $S^{\prime}$ moves at a speed $v$ relative to system $S$ along the positive direction of the $x$-axis. In system $S^{\prime}$, the two events occur at the same location, so $\Delta x^{\prime}=0$.

The time interval experienced for the two events in system $S$ is given by

$$
\Delta t = \frac{\Delta t^{\prime} + \frac{v}{c^{2}} \Delta x^{\prime}}{\sqrt{1-\left(\frac{v}{c}\right)^{2}}} = \frac{\Delta t^{\prime}}{\sqrt{1-\left(\frac{v}{c}\right)^{2}}}
$$

Solving for $v$ gives

$$
v = c \sqrt{1-\left(\frac{\Delta t^{\prime}}{\Delta t}\right)^{2}}
$$

The distance between the locations of the two events in system $S$ is

$$
\begin{aligned}
\Delta x & = v \Delta t = c \sqrt{1-\left(\frac{\Delta t^{\prime}}{\Delta t}\right)^{2}} \Delta t = c \sqrt{(\Delta t)^{2}-\left(\Delta t^{\prime}\right)^{2}} \\
& = 3 \times 10^{8} \sqrt{(500)^{2}-(300)^{2}} = 1.2 \times 10^{11} \, \mathrm{m}
\end{aligned}
$$",\boxed{1.2 \times 10^{11}},NV,\mathrm{m},False,EN,Laws Application
1958,Mechanics and Thermodynamics,Relativity,Special Relativity,Express the speed \( v \) of a relativistic particle in terms of its momentum \( \boldsymbol{p} \).,"$$
v = \frac{\boldsymbol{p}}{m} = \frac{\boldsymbol{p}}{m_{0}} \sqrt{1-\frac{v^{2}}{c^{2}}} = \frac{\boldsymbol{p}}{m_{0}} \sqrt{1-\frac{p^{2}}{p^{2}+m_{0}^{2} c^{2}}} = \frac{c \boldsymbol{p}}{\sqrt{p^{2}+m_{0}^{2} c^{2}}}
$$",\boxed{\frac{c \boldsymbol{p}}{\sqrt{p^{2}+m_{0}^{2} c^{2}}}},EX,,False,EN,Math Derivation
1959,Mechanics and Thermodynamics,Relativity,Special Relativity,"Consider the photoreaction of a $\pi$ meson:

$$
\gamma + \mathrm{p} \rightarrow \mathrm{p} + \pi^{0}
$$

The rest energy of the proton is $938\, \mathrm{MeV}$, and the rest energy of the $\pi^{0}$ meson is $135\, \mathrm{MeV}$. If the initial proton is at rest relative to the laboratory, find the threshold energy of the $\gamma$ ray in the laboratory reference frame that is necessary for this reaction to occur.","For an isolated system, before and after the reaction, $E^{2} - c^{2} p^{2}$ is invariant across different inertial reference frames. When the $\gamma$ ray has threshold energy, the proton and $\pi^{0}$ meson after the reaction are at rest in the center of momentum frame,

$$
\left(E_{\gamma} + m_{\mathrm{p}} c^{2}\right)^{2} - c^{2} \left(\frac{E_{\gamma}}{c}\right)^{2} = \left(m_{\mathrm{p}} c^{2} + m_{\pi} c^{2}\right)^{2}
$$

where $E_{\gamma}$ is the threshold energy of the $\gamma$ ray, and $\frac{E_{\gamma}}{c}$ is the momentum of the photon, i.e., the momentum of the system (in the laboratory reference frame).

$$
E_{\gamma} = \frac{\left(m_{\pi}^{2} + 2 m_{\mathrm{p}} m_{\pi}\right) c^{4}}{2 m_{\mathrm{p}} c^{2}} = 144.7\, \mathrm{MeV}
$$",\boxed{144.7},NV,\mathrm{MeV},False,EN,Laws Application
1960,Mechanics and Thermodynamics,Relativity,Special Relativity,"Observers \(O\) and \(O^{\prime}\) are approaching each other with a relative velocity of \(0.6c\). If \(O\) measures the initial distance of \(O^{\prime}\) from him to be \(20 \ \mathrm{m}\), how long will it take for them to meet according to the measurements of \(O^{\prime}\)?","Consider two events: Event \(A\), where \(O\) makes the initial measurement, \(x_{A} = 0, \ t_{A} = 0\); and Event \(B\), where \(O\) meets \(O^{\prime}\), \(x_{B} = 20 \ \mathrm{m}, \ t_{B} = 1.11 \times 10^{-7} \ \mathrm{s}\).

$$
\begin{aligned}
\Delta t^{\prime} & = t_{B}^{\prime} - t_{A}^{\prime} = \frac{t_{B} - t_{A} - \frac{v}{c^{2}}(x_{B} - x_{A})}{\sqrt{1 - \left( \frac{v}{c} \right)^{2}}} \\
& = \frac{1.11 \times 10^{-7} - \frac{0.6}{3 \times 10^{8}} \cdot 20}{\sqrt{1 - (0.6)^{2}}} = 8.9 \times 10^{-8} \ \mathrm{s}
\end{aligned}
$$",\boxed{8.9 \times 10^{-8}},NV,,False,EN,Laws Application
1961,Mechanics and Thermodynamics,Relativity,Special Relativity,"A photon with momentum $p$ collides with a stationary particle of rest mass $m$. In the center-of-momentum frame, what is the magnitude of the particle's momentum?","Method 1: In the $S^{\prime}$ frame, the momentum of the particle can be directly obtained using Method 2 from Equation (1):

$$
p_{m}^{\prime}=-\frac{m v}{\sqrt{1-\left(\frac{v}{c}\right)^{2}}}=-\frac{m c p}{p+m c} / \sqrt{1-\left(\frac{p}{p+m c}\right)^{2}}=-\frac{m c p}{\sqrt{2 m c p+m^{2} c^{2}}}
$$

Method 2: For the photon-particle system, use the Lorentz transformation relation of four-momentum between the $S$ and $S^{\prime}$ frames,

$$
\left(\begin{array}{c}
p_{x}^{\prime} \\
p_{y}^{\prime} \\
p_{z}^{\prime} \\
\frac{E^{\prime}}{c}
\end{array}\right)=\left(\begin{array}{cccc}
\gamma & 0 & 0 & -\gamma \beta \\
0 & 1 & 0 & 0 \\
0 & 0 & 1 & 0 \\
-\gamma \beta & 0 & 0 & \gamma
\end{array}\right) \left(\begin{array}{c}
p_{x} \\
p_{y} \\
p_{z} \\
\frac{E}{c}
\end{array}\right)
$$

It is known that $p_{x}^{\prime}=p_{y}^{\prime}=p_{z}^{\prime}=0$, $p_{x}=p$, and $p_{y}=p_{z}=0$.

From

$$
p_{x}^{\prime}=\gamma\left(p_{x}-\frac{\beta E}{c}\right)
$$

we can obtain

$$
\beta=\frac{c p}{E}
$$

In the $S$ frame, the energy of the system is

$$
\begin{gathered}
E=c p+m c^{2} \\
\beta=\frac{p}{p+m c} \\
\gamma=\frac{1}{\sqrt{1-\beta^{2}}}=\frac{p+m c}{\sqrt{m c(2 p+m c)}} \\
p_{m}^{\prime}=-\gamma m c \beta = -\frac{m c p}{\sqrt{m c(2 p+m c)}}
\end{gathered}
$$

The magnitude of the particle's momentum is $\frac{m c p}{\sqrt{m c(2 p+m c)}}$.",\boxed{\frac{m c p}{\sqrt{m c(2 p+m c)}}},EX,,False,EN,Laws Application
1964,Mechanics and Thermodynamics,Relativity,Special Relativity,"In particle physics, particularly interesting is the weak interaction at high energies, where $\pi$ mesons and K mesons decay in flight to produce a neutrino beam. Assume a $\pi$ meson with a momentum of $200 \, \text{GeV}/c$ produces a neutrino through the decay $\pi \rightarrow \mu+\nu$. The $\pi$ meson has a lifetime in its rest frame of $\tau_{\pi \pm}=2.60 \times 10^{-8} \, \text{s}$, its rest mass energy is $139.6 \, \text{MeV}$, the rest mass energy of the muon is $105.7 \, \text{MeV}$, and the neutrino is massless. Calculate the average distance traveled by the $\pi$ meson in the laboratory before decaying.","Let $m_{\pi}$ be the rest mass of the $\pi$ meson, where

$$
m_{\pi} \gamma \beta c=200 \, \text{GeV}/c
$$

$$
\gamma=\frac{1}{\sqrt{1-\beta^{2}}}, \quad \beta=\frac{v}{c}
$$

$$
\gamma \beta=\gamma \sqrt{1-\frac{1}{\gamma^{2}}}=\sqrt{\gamma^{2}-1}=\frac{200 \times 10^{3}}{m_{\pi} c^{2}}=\frac{200 \times 10^{3}}{139.6}=1433
$$

$$
\gamma=\sqrt{(1433)^{2}+1}=1433, \quad \beta \approx 1
$$

In the laboratory frame, the lifetime of the $\pi$ meson is

$$
\tau=\gamma \tau_{\pi}=1433 \times 2.60 \times 10^{-8}=3.73 \times 10^{-5} \, \text{s}
$$

The average distance traveled by the $\pi$ meson before decaying in the laboratory frame is

$$
\tau c \beta=3.73 \times 10^{-5} \times 3 \times 10^{8} \times 1=1.12 \times 10^{4} \, \text{m}
$$",\boxed{1.12 \times 10^{4}},NV,\text{m},False,EN,Practical Application
1967,Mechanics and Thermodynamics,Relativity,Special Relativity,"In high-energy proton-proton collisions, when an incident proton strikes a stationary proton, the incident particle disintegrates into a proton and 4 charged $\pi$ mesons. Find the minimum energy required for the incident particle. It is known that the mass of each $\pi$ meson is $m_{\pi} c^{2}=0.140 \mathrm{GeV}$ and the mass of the proton is $m_{\mathrm{p}} c^{2}=0.938 \mathrm{GeV}$.","Since the initial and final states are the same as when the target disintegrates into a proton and 4 $\pi$ mesons, the minimum energy required for the incident particle is also the same,

$$
E_{0}=2.225 \mathrm{GeV}
$$",\boxed{2.225},NV,\mathrm{GeV},False,EN,Laws Application
1968,Mechanics and Thermodynamics,Relativity,Special Relativity,Calculate the effect on the frequency of a photon falling towards the Earth over a distance of 10 meters.,"When a photon falls a distance $l$ in Earth's gravitational field, its energy increases, and consequently, its frequency also increases,

$$
h \nu^{\prime} = h \nu + m g l = h \nu \left(1 + \frac{g l}{c^{2}}\right)
$$

(Here, we used $m = \frac{h \nu}{c^{2}}$),

$$
\Delta \nu = \nu' - \nu = \frac{g l}{c^{2}} \nu, \quad \frac{\Delta \nu}{\nu} = \frac{g l}{c^{2}}
$$

When $l = 10 \mathrm{~m}$,

$$
\frac{\Delta \nu}{\nu} = \frac{9.8 \times 10}{\left(3 \times 10^{8}\right)^{2}} = 1.1 \times 10^{-15}
$$",\boxed{1.1 \times 10^{-15}},NV,,False,EN,Laws Application
1971,Mechanics and Thermodynamics,Relativity,Special Relativity,"A particle with a rest mass of $m$ collides with another stationary particle with a rest mass of $m_{1}$, resulting in a reaction that produces many particles with a total rest mass of $M$. If $m + m_{1} < M$, then the reaction cannot occur when the kinetic energy of the incoming particle is insufficient. Determine the threshold kinetic energy $T_{0}$, which is the kinetic energy the incoming particle must have for the reaction to just occur.","Suppose the incoming particle has the threshold energy $E_{0}$ before the reaction, then the particles produced after the reaction are stationary in the center-of-momentum frame.

Since $E^{2} - c^{2} p^{2}$ is invariant in any reference frame before and after the reaction, we have:

$$
\left(E_{0} + m_{1} c^{2}\right)^{2} - c^{2} p_{0}^{2} = \left(M c^{2}\right)^{2}
$$

where $p_{0}$ is the threshold momentum of the incoming particle when it has the threshold energy,

$$
E_{0}^{2} = c^{2} p_{0}^{2} + m^{2} c^{4}, \quad c^{2} p_{0}^{2} = E_{0}^{2} - m^{2} c^{4}
$$

Substituting into the above equation gives:

$$
2 E_{0} m_{1} c^{2} + m_{1}^{2} c^{4} + m^{2} c^{4} = M^{2} c^{4}
$$

Substituting $E_{0} = T_{0} + m c^{2}$ into the equation and solving for $T_{0}$ yields:

$$
T_{0} = \frac{1}{2 m_{1}} \left( (M + m_{1} + m)(M - m_{1} - m) \right) c^{2}
$$","\[
\boxed{\frac{1}{2 m_{1}} \left( (M + m_{1} + m)(M - m_{1} - m) \right) c^{2}}
\]",EX,,False,EN,Math Derivation
1974,Mechanics and Thermodynamics,Relativity,Special Relativity,"(1) The average lifetime of a stationary muon, \(T_{0}\), is \(10^{-6} \mathrm{s}\), and its rest mass is \(100 \mathrm{MeV}/\mathrm{c}^{2}\). What energy \(E\) does a muon located at a height of approximately \(10^{4} \mathrm{m}\) in the atmosphere need to reach the ground?","In the Earth's reference frame, the average lifetime of a muon moving at speed \(v\) is given by

\[
\tau = \frac{\tau_{0}}{\sqrt{1-\left(\frac{v}{c}\right)^{2}}}
\]

Assuming the rest mass of the muon is \(m_{0}\),

\[
\begin{aligned}
E = mc^{2} & = \frac{m_{0} c^{2}}{\sqrt{1-\left(\frac{v}{c}\right)^{2}}} \\
\tau & = \tau_{0} \frac{E}{m_{0} c^{2}}
\end{aligned}
\]

For the muon to reach the ground, we must have \(\tau = \frac{h}{v}\), which implies

\[
\tau_{0} \frac{E}{m_{0} c^{2}} = \frac{h}{v}, \quad E = \frac{m_{0} c^{2}}{\tau_{0}} \cdot \frac{h}{v}
\]

By solving \(E = \frac{m_{0} c^{2}}{\sqrt{1-\left(\frac{v}{c}\right)^{2}}}\), we obtain \(v = c \sqrt{1-\left(\frac{m_{0} c^{2}}{E}\right)^{2}}\),

\[
E = \frac{m_{0} c^{2}}{\tau_{0}} \frac{h}{c \sqrt{1-\left(\frac{m_{0} c^{2}}{E}\right)^{2}}} = \frac{m_{0} c h}{\tau_{0} \sqrt{1-\left(\frac{m_{0} c^{2}}{E}\right)^{2}}}
\]

Solving yields

\[
E = \sqrt{\left(m_{0} c^{2}\right)^{2}+\left(\frac{m_{0} c h}{\tau_{0}}\right)^{2}} \approx \frac{m_{0} c h}{\tau_{0}}
\]

Substituting \(m_{0} = 100 \mathrm{MeV}/\mathrm{c}^{2}\), \(h = 10^{4} \mathrm{m}\), \(\tau_{0} = 10^{-6} \mathrm{s}\), we get

\[
E = 3.3 \times 10^{3} \mathrm{MeV}
\]",\boxed{3.3 \times 10^{3}},NV,,False,EN,Math Derivation
1975,Mechanics and Thermodynamics,Relativity,Special Relativity,"A cosmic ray proton collides with a stationary proton to form a high-speed moving excited system with $\left(\gamma=\frac{1}{\sqrt{1-\left(\frac{v}{c}\right)^{2}}}=1000\right)$. In this system, a meson is emitted at a velocity $\beta^{\prime} c\left(\beta^{\prime}=\frac{v^{\prime}}{c}\right)$. In the moving reference frame, the direction of meson emission forms an angle $\theta^{\prime}$ with $v$. What is the angle $\theta$ as observed in the laboratory reference frame?","Let $S$ and $S^{\prime}$ be the laboratory reference frame and the reference frame moving at high speed $(\gamma=1000)$ along the $x$-axis of the $S$ frame, respectively. In the $S^{\prime}$ frame, the velocity of the meson is $\beta^{\prime} c$ at an angle $\theta^{\prime}$ to the $x^{\prime}$ axis, meaning $v_{x}^{\prime}=\beta^{\prime} c \cos \theta^{\prime}, v_{y}^{\prime}=\beta^{\prime} c \sin \theta^{\prime}$. Using the velocity transformation relations,

$$
v_{x}=\frac{v_{x}^{\prime}+v}{1+\frac{v}{c^{2}} v_{x}^{\prime}}=\frac{\left(\beta^{\prime} \cos \theta^{\prime}+\beta\right) c}{1+\beta^{\prime} \beta \cos \theta^{\prime}}
$$

where $\beta=\frac{v}{c}$.

$$
\begin{gathered}
v_{y}=\frac{v_{y}^{\prime} \sqrt{1-\left(\frac{v}{c}\right)^{2}}}{1+\frac{v}{c^{2}} v_{x}^{\prime}}=\frac{\beta^{\prime} c \sin \theta^{\prime}}{\gamma\left(1+\beta^{\prime} \beta \cos \theta^{\prime}\right)} \\
v_{z}=\frac{v_{z}^{\prime} \sqrt{1-\left(\frac{v}{c}\right)^{2}}}{1+\frac{v}{c^{2}} v_{x}^{\prime}}=0 \\
\tan \theta=\frac{v_{y}}{v_{x}}=\frac{\beta^{\prime} \sin \theta^{\prime}}{\gamma\left(\beta^{\prime} \cos \theta^{\prime}+\beta\right)} \\
\theta=\arctan \left[\frac{\beta^{\prime} \sin \theta^{\prime}}{\gamma\left(\beta^{\prime} \cos \theta^{\prime}+\beta\right)}\right]
\end{gathered}
$$

where $\gamma=1000, \beta=\sqrt{1-\frac{1}{\gamma^{2}}} \approx 0.9999995$.","\[
\boxed{\theta=\arctan \left[\frac{\beta^{\prime} \sin \theta^{\prime}}{1000\left(\beta^{\prime} \cos \theta^{\prime}+0.9999995\right)}\right]}
\]",EQ,,False,EN,Laws Application
1976,Mechanics and Thermodynamics,Relativity,Special Relativity,"Two particles, each with a rest mass of $m$, are moving in the same direction with momenta of $5 m c$ and $10 m c$, respectively. What is the speed of the faster particle as observed from the slower particle?","Let the laboratory reference frame be the $S$ frame, and the reference frame attached to the slower particle be the $S^{\prime}$ frame. In the $S$ frame, let the speed of the slower particle be $v_{1}$ and the speed of the faster particle be $v_{2}$.

$$
\begin{aligned}
5 m c & =\frac{m v_{1}}{\sqrt{1-\left(\frac{v_{1}}{c}\right)^{2}}}, \\
10 m c & =\frac{m v_{2}}{\sqrt{1-\left(\frac{v_{2}}{c}\right)^{2}}}.
\end{aligned}
$$

Solving these equations, we find

$$
v_{1}=\sqrt{\frac{25}{26}} c, \quad v_{2}=\sqrt{\frac{100}{101}} c.
$$

Using the velocity transformation relation, in the $S^{\prime}$ frame, the speed of the faster particle is

$$
v_{2}^{\prime}=\frac{v_{2}-v_{1}}{1-\frac{v_{1} v_{2}}{c^{2}}}=0.593 c.
$$",\boxed{0.593},NV,c,False,EN,Laws Application
1980,Mechanics and Thermodynamics,Relativity,Special Relativity,"In a simplified model of a relativistic nucleus-nucleus collision, a nucleus with a rest mass \( m_{1} \) and a velocity of \(\beta_{1} c\) makes a head-on collision with a stationary target nucleus with a rest mass \( m_{2} \). The speed of the center of momentum frame of this system is \(\beta_{0} c\), and the energy of the system in this reference frame is \( E_{0} \). Derive expressions for \(\beta_{0}\) and \( E_{0} \) using relativity.","For this system, \(E^{2}-c^{2} p^{2}\) is invariant under Lorentz transformation, considering both the center of momentum frame and the laboratory reference frame,

\[
\begin{aligned}
E_{0}^{2} &= \left(m_{1} \gamma_{1} c^{2} + m_{2} c^{2}\right)^{2} - c^{2}\left(m_{1} \gamma_{1} \beta_{1} c\right)^{2} \\
&= m_{1}^{2} \gamma_{1}^{2}\left(1 - \beta_{1}^{2}\right) c^{4} + 2 m_{1} m_{2} \gamma_{1} c^{4} + m_{2}^{2} c^{4} \\
&= \left(m_{1}^{2}+m_{2}^{2}+2 m_{1} m_{2} \gamma_{1}\right) c^{4}.
\end{aligned}
\]

Thus,

\[
E_{0} = c^{2} \sqrt{m_{1}^{2} + m_{2}^{2} + \frac{2 m_{1} m_{2}}{\sqrt{1 - \beta_{1}^{2}}}}.
\]

Writing the transformation relationship of the first component of the four-momentum for the system in the center of momentum frame and the laboratory reference frame, where \( m_{1} \)'s direction of motion aligns with the positive \( x, x^{\prime} \) axis,

\[
0 = \gamma_{0} \left(p - \frac{\beta_{0} E}{c}\right)
\]

where \( p \) and \( E \) are the total momentum and total energy of the system in the laboratory reference frame, respectively,

\[
\beta_{0} = \frac{p c}{E} = \frac{m_{1} \gamma_{1} \beta_{1} c^{2}}{m_{1} \gamma_{1} c^{2} + m_{2} c^{2}} = \frac{m_{1} \beta_{1}}{m_{1} + m_{2} \sqrt{1 - \beta_{1}^{2}}}
\]","\[
\boxed{\beta_{0} = \frac{m_{1} \beta_{1}}{m_{1} + m_{2} \sqrt{1 - \beta_{1}^{2}}}, E_{0} = \sqrt{m_{1}^{2} + m_{2}^{2} + \frac{2 m_{1} m_{2}}{\sqrt{1 - \beta_{1}^{2}}}}}
\]","EQ, EQ",,False,EN,Math Derivation
1984,Mechanics and Thermodynamics,Relativity,Special Relativity,"A photon collides with a stationary target proton, resulting in the following reaction:

$$
\gamma+\mathrm{p} \rightarrow \mathrm{p}+\psi^{\prime}
$$

Approximately use the rest mass of the particle as $4M_p$, where $M_p$ is the rest mass of the proton. Determine the speed of the $\psi^{\prime}$ particle when the photon's energy $E$ is precisely the threshold energy $E_{0}$.","When the incident photon has threshold energy $E_{0}$, the speed of the resulting $\psi^{\prime}$ particle in the center of momentum frame is zero. Using the velocity transformation formula, it can be determined that its speed in the laboratory reference frame is the same as the speed of the center of momentum frame.

In the center of momentum frame, the system's momentum $p^{\prime}=0$. In the laboratory reference frame, the system's momentum is the momentum of the photon before the collision $p=\frac{E_{0}}{c}$. Using the Lorentz transformation of four-momentum:

$$
\begin{gathered}
0=p^{\prime}=\gamma\left(p-\frac{\beta E}{c}\right) \\
\beta=\frac{p c}{E}=\frac{E_{0}}{E_{0}+M_{p} c^{2}}=\frac{12 M_{\mathrm{p}} c^{2}}{13 M_{\mathrm{p}} c^{2}}=\frac{12}{13} \\
v=\beta c=\frac{12}{13} c
\end{gathered}
$$",\boxed{\frac{12}{13}},NV,c,False,EN,Practical Application
1987,Mechanics and Thermodynamics,Relativity,Special Relativity,A pion ($\pi$) with a momentum of $5 m_{\pi} c$ collides elastically with a proton initially at rest $\left(m_{p}=7 m_{\pi}\right)$. Find the momentum of the incident pion in the center-of-mass frame.,"For the incident pion, use the Lorentz transformation relation for momentum,

$$
p_{\pi}^{\prime}=\gamma\left(p_{\pi}-\beta \frac{E_{\pi}}{c}\right).
$$

Previously calculated as

$$
\beta=\frac{5}{\sqrt{26}+7}.
$$

We can obtain

$$
\begin{aligned}
& \gamma=\frac{1}{\sqrt{1-\beta^{2}}}=\frac{\sqrt{26}+7}{\sqrt{50+14 \sqrt{26}}}, \\
& p_{\pi}=5 m_{\pi} c, \quad E_{\pi}=\sqrt{26} m_{\pi} c^{2}.
\end{aligned}
$$

Therefore,

$$
p_{x}^{\prime}=\frac{35 m_{\pi} c}{\sqrt{50+14 \sqrt{26}}}=3.176 m_{\pi} c.
$$",\boxed{3.176},NV,m_{\pi} c,False,EN,Laws Application
1988,Mechanics and Thermodynamics,Relativity,Special Relativity,"A photon with momentum $p$ collides with a stationary particle of rest mass $m$. In the center of momentum frame, what is the total energy of the photon and particle?","Method 1: In the center of momentum frame, let the total energy of the photon-particle system be $E^{\prime}$, and the total momentum be zero. In the laboratory frame, the energy of the photon is $c p$, its momentum is $p$, and the energy of the stationary particle is $m c^{2}$, with momentum being zero.

Since $E^{2}-c^{2} p^{2}$ is an invariant under Lorentz transformation,
$$
\begin{aligned}
E^{\prime 2} & =\left(c p+m c^{2}\right)^{2}-c^{2} p^{2}=2 m p c^{3}+m^{2} c^{4} \\
E^{\prime} & =c \sqrt{m c(2 p+m c)}
\end{aligned}
$$

Method 2: Assume that the $S^{\prime}$ system is the center of momentum frame, moving at a velocity $v$ relative to the $S$ system (laboratory frame) along the $x$-axis, which is also the direction of photon motion. In the $S^{\prime}$ frame, the momentum of the particle is $-\frac{m v}{\sqrt{1-\left(\frac{v}{c}\right)^{2}}}$, and the momentum of the photon is
$$
p^{\prime}=\frac{p-\frac{v}{c^{2}} E}{\sqrt{1-\left(\frac{v}{c}\right)^{2}}}=p \frac{1-\frac{v}{c}}{\sqrt{1-\left(\frac{v}{c}\right)^{2}}}
$$
The total momentum in the $S^{\prime}$ frame is zero,

Solving gives:
$$
p \frac{1-\frac{v}{c}}{\sqrt{1-\left(\frac{v}{c}\right)^{2}}}-\frac{m v}{\sqrt{1-\left(\frac{v}{c}\right)^{2}}}=0
$$
$$
v=\frac{c p}{p+m c}
$$
$$
E^{\prime}=c p^{\prime}+\frac{m}{\sqrt{1-\left(\frac{v}{c}\right)^{2}}} c^{2}
$$

After calculation, we find:
$$
E^{\prime}=c \sqrt{m c(2 p+m c)}
$$",\(\boxed{c \sqrt{m c(2 p+m c)}}\),EX,,False,EN,Math Derivation
1994,Mechanics and Thermodynamics,Relativity,Special Relativity,"There is a \( K \) meson initially at rest with a rest energy of 494 MeV, which decays to produce a \(\mu\) lepton with a rest energy of 106 MeV. Determine the kinetic energy of the \(\mu\) lepton generated in the decay process.","According to the conservation of energy

\[
m_{\mathrm{K}} c^{2}=E_{\mu} + E_{\nu} = \sqrt{p_{\mu}^{2} c^{2}+m_{\mu}^{2} c^{4}} + p_{\nu} c
\]

According to the conservation of momentum,

\[
\boldsymbol{p}_{\nu}=-\boldsymbol{p}_{\mu}, \quad p_{\mu}=p_{\nu}
\]

Substitute into the above equation to solve for \(p_{\mu}\),

\[
p_{\mu}=\frac{\left(m_{\mathrm{K}}^{2}-m_{\mu}^{2}\right) c}{2 m_{\mathrm{K}}} 
\]
\[
E_{\mu} = \sqrt{p_{\mu}^{2} c^{2} + m_{\mu}^{2} c^{4}} = \frac{\left(m_{\mathrm{K}}^{2} + m_{\mu}^{2}\right) c^{2}}{2 m_{\mathrm{K}}} 
\]
\[
= \frac{\left[\left(494\right)^{2}+\left(106\right)^{2}\right] c^{2}}{2 \cdot 494}=258 \mathrm{MeV} 
\]
\[
T_{\mu}=E_{\mu}-m_{\mu} c^{2}=258-106=152 \mathrm{MeV}
\]

\(T_{\mu}\) is the kinetic energy of the \(\mu\) lepton in the laboratory reference frame.",\boxed{152},NV,,False,EN,Laws Application
2000,Mechanics and Thermodynamics,Relativity,Special Relativity,"Rocket $A$ is traveling relative to Earth at a velocity of $0.8c$ in the $+y$ direction, while Rocket $B$ is traveling at $0.6c$ in the $-x$ direction. Calculate the velocity component of Rocket $A$ in the $y$ direction with respect to Rocket $B$.","Consider Earth as the $S$ system and Rocket $B$ as the $S^{\prime}$ system, where $\boldsymbol{u}$ and $\boldsymbol{u}^{\prime}$ are the velocities of Rocket $A$ relative to Earth and Rocket $B$, respectively. The velocity of the $S^{\prime}$ system relative to the $S$ system is $v = -0.6c \hat{i}$. Given that $u_{x} = 0$ and $u_{y} = 0.8c$, we have

$$
u_{y}^{\prime} = \frac{u_{y} \sqrt{1 - \left(\frac{v}{c}\right)^{2}}}{1 - \frac{v u_{x}}{c^{2}}} = \frac{0.8c \sqrt{1 - (-0.6)^{2}}}{1 - 0} = 0.64c
$$",\boxed{0.64},NV,c,False,EN,Laws Application
2005,Mechanics and Thermodynamics,Relativity,Special Relativity,"In a simplified model of a relativistic nucleus-nucleus collision, a nucleus with a rest mass of \( m_{1} \) and a speed of \(\beta_{1} c\) collides head-on with a stationary target nucleus with a rest mass of \( m_{2} \). For a \({ }^{40} \mathrm{Ar}\) nucleus colliding with a stationary \({ }^{238} \mathrm{U}\) nucleus at \(\beta_{1}=0.8\), calculate the velocity \(\beta_{0}\) of the center of momentum frame and the energy \(E_{0}\) (in MeV).","The rest energy of one atomic mass unit is

\[
\begin{gathered}
1.66 \times 10^{-27} \times \left(3.00 \times 10^{8}\right)^{2} = 1.494 \times 10^{-10} \mathrm{~J} \\
= \frac{1.494 \times 10^{-10}}{1.60 \times 10^{-19} \times 10^{6}} = 934 \, \mathrm{MeV} \\
m_{1} c^{2} = 40 \times 934 = 3.74 \times 10^{4} \, \mathrm{MeV} \\
m_{2} c^{2} = 238 \times 934 = 2.22 \times 10^{5} \, \mathrm{MeV}
\end{gathered}
\]

Given \(\beta_{1} = 0.8\),

\[
\begin{aligned}
E_{0} &= \sqrt{\left(3.74 \times 10^{4}\right)^{2} + \left(2.22 \times 10^{5}\right)^{2} + \frac{2 \times 3.74 \times 10^{4} \times 2.22 \times 10^{5}}{\sqrt{1-(0.8)^{2}}}} \\
&= 2.80 \times 10^{5} \, \mathrm{MeV} \\
\beta_{0} &= \frac{3.74 \times 10^{4} \times 0.8}{3.74 \times 10^{4} + 2.22 \times 10^{5} \sqrt{1-(0.8)^{2}}} = 0.175
\end{aligned}
\]","\boxed{0.175, 2.80 \times 10^{5}}","NV, NV","None, \mathrm{MeV}",True,EN,Practical Application
2007,Mechanics and Thermodynamics,Relativity,Special Relativity,"A light source radiates uniformly in all directions within its own rest frame. When it moves at a speed \( v \) close to the speed of light \( c \) in a reference frame \( S \), its radiation is strongly concentrated in its direction of motion (a phenomenon known as the headlight effect). What speed \( v \) is required for half of the emitted radiation to be within the conical solid angle of half-apex angle \(\theta = 10^{-3} \, \mathrm{rad}\)? Hint: use the result from problem 12.2.1.","As demonstrated in problem 12.2.1,

$$
\tan \theta = \frac{v^{\prime} \sin \theta^{\prime} \sqrt{1-\left(\frac{V}{c}\right)^{2}}}{v^{\prime} \cos \theta^{\prime} + V}
$$

Taking the light source as the \( S^{\prime} \) frame, radiation at \( \theta^{\prime}=90^{\circ} \) in this frame transforms in frame \( S \) to radiation in the direction of \( \theta=10^{-3} \, \mathrm{rad} \). This ensures that the radiation with \(\theta^{\prime}<90^{\circ}\) (half of the radiation) is within a cone with \( \theta = 10^{-3} \, \mathrm{rad} \) half-apex angle. In the equation, \( v^{\prime}=c \).

$$
\tan 10^{-3} = \frac{c \sin 90^{\circ} \sqrt{1-\left(\frac{V}{c}\right)^{2}}}{c \cos 90^{\circ} + V}
$$

Since \(\tan 10^{-3} \approx 10^{-3}\), substituting into the equation yields

$$
10^{-3} V = c \sqrt{1-\left(\frac{V}{c}\right)^{2}} = \sqrt{c^{2} - V^{2}}
$$

Solving this gives

$$
V = \sqrt{\frac{1}{1+10^{-6}}} c = \left(1 - \frac{1}{2} \times 10^{-6}\right) c = \left(1 - 5 \times 10^{-7}\right) c
$$",\boxed{\left(1 - 5 \times 10^{-7}\right)},NV,,False,EN,Practical Application
2011,Mechanics and Thermodynamics,Relativity,Special Relativity,"In the Earth's atmosphere at an altitude of 100 km, a $\pi^{+}$ meson with a rest energy of 140 MeV is generated. The total energy of this $\pi^{+}$ meson is $E=1.5 \times 10^{5} \mathrm{MeV}$, and it is moving vertically downward. In the rest frame of the $\pi^{+}$ meson, it decays after $2 \times 10^{-8} \mathrm{s}$. At what altitude above sea level does it decay?","First, based on the relationship between the total energy $E$ and rest energy $E_0 = m_0 c^2$, we have:

$$
E^{2} = c^{2} p^{2} + m_{0}^{2} c^{4} = c^{2} p^{2} + E_{0}^{2}
$$

This can be rewritten as:

$$
E_{0}^{2} \frac{\left(\frac{v}{c}\right)^{2}}{1 - \left(\frac{v}{c}\right)^{2}} + E_{0}^{2} = \frac{E_{0}^{2}}{1 - \left(\frac{v}{c}\right)^{2}}
$$

Solving gives $\frac{1}{\sqrt{1-\left(\frac{v}{c}\right)^{2}}} = \frac{E}{E_{0}}$, so the expression for velocity $v$ is:

$$
v = \sqrt{1 - \left(\frac{E_{0}}{E}\right)^{2}} c
$$

The time experienced in the rest frame of the $\pi^{+}$ is $\Delta t^{\prime} = 2 \times 10^{-8} \mathrm{s}$, and the time experienced in the Earth's reference frame is $\Delta t$:

$$
\Delta t = \frac{\Delta t^{\prime}}{\sqrt{1-\left(\frac{v}{c}\right)^{2}}} = \frac{E}{E_{0}} \Delta t^{\prime}
$$

The distance traveled vertically downward in the Earth's reference frame before decay is:

$$
d = v \Delta t = \sqrt{1 - \left(\frac{E_{0}}{E}\right)^{2}} c \cdot \frac{E}{E_{0}} \Delta t^{\prime} \approx \frac{c E}{E_{0}} \Delta t^{\prime}
$$

The altitude at which decay occurs is:

$$
\begin{aligned}
h & = 100 \times 10^{3} - \frac{c E}{E_{0}} \Delta t^{\prime} \\
& = 100 \times 10^{3} - \frac{3 \times 10^{8} \times 1.5 \times 10^{5}}{140} \cdot 2 \times 10^{-8} \\
& = 9.36 \times 10^{4}(\mathrm{~m}) = 93.6(\mathrm{~km})
\end{aligned}
$$",\boxed{93.6},NV,\text{km},False,EN,Practical Application
2013,Mechanics and Thermodynamics,Relativity,Special Relativity,"A photon with an energy of \( E_{i} \) is scattered by a stationary electron with a rest mass of \( m_{\mathrm{e}} \). After scattering, the energy of the photon is \( E_{f} \), and the angle between the incident and scattered photon is \( \theta \). Using conservation of energy and momentum, find the relationship between \( E_{i} \), \( E_{f} \), and \( \theta \).","By conservation of energy, assuming the scattered electron has an energy \( E_{\mathrm{e}} \),

\[ 
E_{i} + m_{\mathrm{e}} c^{2} = E_{f} + E_{\mathrm{e}} \tag{1} 
\]

By conservation of momentum, assuming the scattered electron has a momentum \( \boldsymbol{p}_{\mathrm{e}} \),

\[
\boldsymbol{p}_{i} = \boldsymbol{p}_{f} + \boldsymbol{p}_{\mathrm{e}} \tag{2}
\]

The relationship between the electron’s energy and momentum is given by:

\[
E_{\mathrm{e}}^{2} = m_{\mathrm{e}}^{2} c^{4} + p_{\mathrm{e}}^{2} c^{2} \tag{3}
\]

Using equations (1) and (3),

\[
\left(E_{i} + m_{\mathrm{e}} c^{2} - E_{f}\right)^{2} = m_{\mathrm{e}}^{2} c^{4} + p_{\mathrm{e}}^{2} c^{2} \tag{4}
\]",\boxed{\frac{1}{E_{f}} - \frac{1}{E_{i}} = \frac{1 - \cos\theta}{m_{\mathrm{e}} c^{2}}},EQ,,False,EN,Math Derivation
2017,Mechanics and Thermodynamics,Relativity,Special Relativity,"In the ultra-relativistic limit \(p c \gg m_{0} c^{2}\), two particles involved in scattering have the same rest mass \(m_{0}\), with one initially at rest and the other incident with momentum \(p\). Determine the total energy \(E^{*}\) of this system in the center of mass reference frame.","In the ultra-relativistic limit: \(p \gg m_{0} c\), we have

\[
v_{1} = v^{*} \approx c \left(1 - \frac{m_{0} c}{p}\right)
\]

Thus,

\[
E_{1}^{*} = \frac{m_{0} c^{2}}{\sqrt{1 - \left(\frac{v_{1}}{c}\right)^{2}}} \approx \frac{m_{0} c^{2}}{\sqrt{2 m_{0} c / p}} = \frac{1}{2} \sqrt{2 m_{0} p c^{3}}
\]

For the other particle,

\[
E_{2}^{*} = \frac{m_{0} c^{2}}{\sqrt{1 - \left(\frac{-v^{*}}{c}\right)^{2}}} = E_{1}^{*}
\]

Therefore, the total energy is:

\[
E^{*} = E_{1}^{*} + E_{2}^{*} = \sqrt{2 m_{0} p c^{3}}
\]",\boxed{\sqrt{2 m_{0} p c^{3}}},NV,,False,EN,Math Derivation
2018,Mechanics and Thermodynamics,Relativity,Special Relativity,"A stationary atom emits light with an angular frequency of $\omega_{0}$, and the atom moves towards or away from an observer at a velocity $v$. Derive the formula for the observed angular frequency using the Lorentz transformation.","Consider the reference frame in which the observer is stationary as the $S$ frame, and the reference frame in which the atom is stationary as the $S^{\prime}$ frame. The positive direction of the $x, x^{\prime}$ axes aligns with the velocity direction of the $S^{\prime}$ frame relative to the $S$ frame.

When the atom is moving towards the observer, $\omega^{\prime} = \omega_{0}, k_{1}^{\prime} = \frac{\omega_{0}}{c}$,

$$
\omega = \frac{\omega^{\prime} + V k_{1}^{\prime}}{\sqrt{1-\left(\frac{V}{c}\right)^{2}}} = \frac{\omega_{0} + V \frac{\omega_{0}}{c}}{\sqrt{1-\left(\frac{V}{c}\right)^{2}}} = \omega_{0} \sqrt{\frac{1 + \frac{V}{c}}{1 - \frac{V}{c}}}
$$

When the atom is moving away from the observer, $\omega^{\prime} = \omega_{0}, k_{1}^{\prime} = -\frac{\omega_{0}}{c}$,

$$
\omega = \frac{\omega_{0} + V\left(-\frac{\omega_{0}}{c}\right)}{\sqrt{1-\left(\frac{V}{c}\right)^{2}}} = \omega_{0} \sqrt{\frac{1 - \frac{V}{c}}{1 + \frac{V}{c}}}
$$","\boxed{\omega_{0} \sqrt{\frac{1 + \frac{V}{c}}{1 - \frac{V}{c}}}, \omega_{0} \sqrt{\frac{1 - \frac{V}{c}}{1 + \frac{V}{c}}}}","EX, EX","None, None",True,EN,Math Derivation
2026,Mechanics and Thermodynamics,Relativity,Special Relativity,"A relativistic particle with mass $m$, charge $e$, and velocity $\boldsymbol{v}$ moves in an electromagnetic field with vector potential $\boldsymbol{A}$. Its Lagrangian function is given by

$$
L=-m c^{2} \sqrt{1-\frac{v^{2}}{c^{2}}}+e \boldsymbol{A} \cdot \boldsymbol{v}
$$

The magnetic field generated by a magnetic dipole with magnetic moment $M_{0}$ located at the origin and along the $z$-axis can be described by the vector potential $\boldsymbol{A}=\frac{\mu_{0}}{4 \pi} \frac{M_{0} \sin \theta}{r^{2}} \boldsymbol{e}_{\varphi}$, where $r$, $\theta$, $\varphi$ are spherical coordinates. If the above vector potential is replaced by $\boldsymbol{A^{\prime}}=\boldsymbol{A}+\nabla \chi(r, \theta, \varphi)$, where $\chi$ is an arbitrary scalar function, how will $p_{\varphi}$ change, and is it still a constant of motion?","The vector potential is changed to $\boldsymbol{A}^{\prime}=\boldsymbol{A}+\nabla \chi(r, \theta, \varphi)$. The Lagrangian function becomes

$$
\begin{aligned}
L^{\prime} & =-m c^{2} \sqrt{1-\frac{v^{2}}{c^{2}}}+\frac{\mu_{0}}{4 \pi} \frac{e M_{0}}{r} \sin^{2} \theta+e \nabla \chi \cdot \boldsymbol{v} \\
& =-m c^{2} \sqrt{1-\frac{v^{2}}{c^{2}}}+\frac{\mu_{0}}{4 \pi} \frac{e M_{0}}{r} \sin^{2} \theta \\
& \quad +e\left(\frac{\partial \chi}{\partial r} \dot{r}+\frac{1}{r} \frac{\partial \chi}{\partial \theta} \dot{\theta}+\frac{1}{r \sin \theta} \frac{\partial \chi}{\partial \varphi} \cdot r \sin \theta \dot{\varphi}\right) \\
& =-m c^{2} \sqrt{1-\frac{v^{2}}{c^{2}}}+\frac{\mu_{0}}{4 \pi} \frac{e M_{0}}{r} \sin^{2} \theta+e\left(\frac{\partial \chi}{\partial r} \dot{r}+\frac{\partial \chi}{\partial \theta} \dot{\theta}+\frac{\partial \chi}{\partial \varphi} \dot{\varphi}\right)
\end{aligned}
$$

The modified canonical momentum is

$$
p_{\varphi}^{\prime}=\frac{\partial L^{\prime}}{\partial \dot{\varphi}}=p_{\varphi}+e \frac{\partial \chi}{\partial \varphi}
$$

Since $\frac{\partial L^{\prime}}{\partial \varphi} \neq 0$ (because $\chi$ is an arbitrary function of $r, \theta, \varphi$, and $\frac{\partial \chi}{\partial r}, \frac{\partial \chi}{\partial \theta}, \frac{\partial \chi}{\partial \varphi}$ can all explicitly contain $\varphi$), $\varphi$ is no longer a cyclic coordinate, and $p_{\varphi}^{\prime}$ is no longer a constant of motion.","\boxed{p_{\varphi}^{\prime}=p_{\varphi}+e \frac{\partial \chi}{\partial \varphi}, No}","EQ, TF","\text{None}, \text{None}",True,EN,Math Derivation
2030,Mechanics and Thermodynamics,Relativity,Special Relativity,A relativistic particle with a rest mass of \( m_{0} \) has an energy \( E \). Find the velocity \( v \) of this particle.,"$$
\begin{gathered}
E = \frac{m_{0} c^{2}}{\sqrt{1-\frac{v^{2}}{c^{2}}}} \\
v = c \sqrt{1-\frac{m_{0}^{2} c^{4}}{E^{2}}} = \frac{c}{E} \sqrt{E^{2}-m_{0}^{2} c^{4}}
\end{gathered}
$$",\boxed{\frac{c}{E} \sqrt{E^{2}-m_{0}^{2} c^{4}}},EX,,False,EN,Math Derivation
2032,Mechanics and Thermodynamics,Relativity,Special Relativity,"For an observer $A$ stationary relative to a finite star system, the distribution of stars appears isotropic. If the total number of stars visible to $A$ is $N$, the number of stars seen within a solid angle $\mathrm{d} \Omega$ is given by

$$
\mathrm{d} N(\theta, \varphi) = \frac{N}{4 \pi} \mathrm{~d} \Omega(\theta, \varphi)
$$

where $\mathrm{d} \Omega(\theta, \varphi) = \sin \theta \mathrm{d} \theta \mathrm{d} \varphi$ is the solid angle spanned by $\theta \sim \theta+\mathrm{d} \theta, \varphi \sim \varphi+\mathrm{d} \varphi$. Another observer $B$ in a reference frame moving along the $z$-axis at a velocity $V$ can supposedly see each star that observer $A$ sees. Determine the number of stars $N\left(0, \varphi^{\prime}\right)$ and $N\left(\pi, \varphi^{\prime}\right)$ seen by observer $B$ per unit solid angle at $\theta^{\prime}=0$ and $\theta^{\prime}=\pi$ when $V \rightarrow c$.","When $V \rightarrow c$,\\
At $\theta^{\prime} = 0$, $\quad \frac{c^{2}-V^{2}}{(c+V \cos 0)^{2}} \rightarrow 0, \quad N\left(0, \varphi^{\prime}\right) \rightarrow 0$\\
At $\theta^{\prime} = \pi$, $\quad \frac{c^{2}-V^{2}}{(c+V \cos \pi)^{2}} \rightarrow \infty, \quad N\left(\pi, \varphi^{\prime}\right) \rightarrow \infty$\\
From observer $B$'s perspective, stars are not visible in the direction of motion relative to the star system, while all stars are visible in the opposite direction. This is consistent with the headlight effect mentioned in the problem.","\boxed{0, \infty}","NV, NV","None, None",True,EN,Laws Application
2044,Mechanics and Thermodynamics,Relativity,Special Relativity,"Suppose the velocity \(\boldsymbol{V}\) of the \(S^{\prime}\) system relative to the \(S\) system is not parallel to the \(x\) axis. At \(t = t^{\prime} = 0\), the \(x\) and \(x^{\prime}\) axes, \(y\) and \(y^{\prime}\) axes, and \(z\) and \(z^{\prime}\) axes coincide with each other, respectively. Derive the following Lorentz transformation formula:

1. Derive the relationship involving \(\frac{\boldsymbol{r}^{\prime} \cdot \boldsymbol{V}}{V}\) and \(\boldsymbol{r} \cdot \boldsymbol{V}\), \(V\), and \(t\).

Hint: Decompose \(\boldsymbol{r}, \boldsymbol{r}^{\prime}\) into components parallel to \(\boldsymbol{V}\) as \(\boldsymbol{r}_{\parallel} = \frac{\boldsymbol{r} \cdot \boldsymbol{V}}{\boldsymbol{V}^{2}} \boldsymbol{V}\), \(\boldsymbol{r}_{\parallel}^{\prime} = \frac{\boldsymbol{r}^{\prime} \cdot \boldsymbol{V}}{\boldsymbol{V}^{2}} \boldsymbol{V}\) and components perpendicular to \(\boldsymbol{V}\) as \(\boldsymbol{r}_{\perp} = \boldsymbol{r} - \boldsymbol{r}_{\parallel}\), \(\boldsymbol{r}_{\perp}^{\prime} = \boldsymbol{r}^{\prime} - \boldsymbol{r}_{\parallel}^{\prime}\).","\[
\frac{\boldsymbol{r}^{\prime} \cdot \boldsymbol{V}}{V} = \frac{\frac{\boldsymbol{r} \cdot \boldsymbol{V}}{V} - V t}{\sqrt{1 - \left(\frac{V}{c}\right)^{2}}}
\]",\boxed{\frac{\boldsymbol{r}^{\prime} \cdot \boldsymbol{V}}{V} = \frac{\frac{\boldsymbol{r} \cdot \boldsymbol{V}}{V} - V t}{\sqrt{1 - \left(\frac{V}{c}\right)^{2}}}},EQ,,False,EN,Math Derivation
2074,Mechanics and Thermodynamics,Relativity,Special Relativity,"A photon collides with a stationary target proton resulting in the following reaction:

$$
\gamma+\mathrm{p} \rightarrow \mathrm{p}+\psi^{\prime}
$$

The rest mass of the particle is approximately $4M_p$, where $M_p$ is the rest mass of the proton. Find the minimum energy $E_{0}$ that the photon must have in the laboratory reference frame to produce the above reaction (expressed in units of $M_{\mathrm{p}} c^{2}$).","When the photon's energy is precisely the threshold energy $E_{0}$, its momentum $p=\frac{E_{0}}{c}$. In the reaction producing the $\psi^{\prime}$ particle upon collision with a stationary proton, in the center of momentum frame, the proton and the $\psi^{\prime}$ particle are at rest (in the laboratory reference frame, due to the conservation of momentum, they cannot both be at rest).

From the invariant $E^{2}-c^{2} p^{2}$ under Lorentz transformation and the conservation of the isolated system, considering the laboratory reference frame before the reaction, this conserved quantity is $\left(E_{0}+M_{\mathrm{p}} c^{2}\right)^{2}-c^{2} p^{2}=\left(E_{0}+M_{\mathrm{p}} c^{2}\right)^{2}-E_{0}^{2}$ (using the system's momentum $p$ equal to the photon's momentum $\frac{E_{0}}{c}$).

After the reaction, considering the center of momentum frame, this conserved quantity is $\left(4 M_{\mathrm{p}} c^{2}+M_{\mathrm{p}} c^{2}\right)^{2}=25\left(M_{\mathrm{p}} c^{2}\right)^{2}$.

Solve:

$$
\left(E_{0}+M_{\mathrm{p}} c^{2}\right)^{2}-E_{0}^{2}=25\left(M_{\mathrm{p}} c^{2}\right)^{2}
$$

Get:

$$
E_{0}=12 M_{\mathrm{p}} c^{2}
$$

Explanation: In the center of momentum frame, the system's momentum is zero. If the two particles are not at rest, obviously in the center of mass frame, the above conservation quantity would be greater than $25\left(M_{\mathrm{p}} c^{2}\right)^{2}$, thus the incident photon's energy $E$ would be greater than $E_{0}$, so $E_{0}$ is indeed the threshold energy.",\boxed{12},NV,M_{\mathrm{p}} c^{2},False,EN,
2089,Mechanics and Thermodynamics,Relativity,Special Relativity,"An excited atomic nucleus can return to its ground state by emitting a gamma quantum. Assume the mass of the nucleus in its ground state, i.e., its rest mass, is \( m_{0} \), and the excitation energy (the energy of the nucleus in this excited state minus its energy in the ground state) is \( \Delta E \). Using the principles of energy conservation and momentum conservation, determine the frequency of the emitted gamma quantum.","According to the principles of energy conservation and momentum conservation,

\[
\begin{gather*}
m_{0} c^{2}+\Delta E = \frac{m_{0} c^{2}}{\sqrt{1-\beta^{2}}} + h \nu \tag{1} \\
\frac{m_{0} \beta c}{\sqrt{1-\beta^{2}}} = \frac{h \nu}{c} \tag{2}
\end{gather*}
\]

where \( \beta = \frac{v}{c} \).\\
A note regarding the first equation: Initially, the nucleus in the excited state is stationary. After emitting the gamma quantum, the nucleus cannot remain stationary in the ground state because, in order to satisfy the conservation of momentum, the momentum of the gamma quantum is not zero, and thus, the nucleus in the ground state must have momentum equal in magnitude but opposite in direction to the gamma quantum.

From equation (2), we can find \( \frac{1}{\sqrt{1-\beta^{2}}} \).

\[
\begin{gathered}
\frac{\beta^{2}}{1-\beta^{2}} = \frac{(h \nu)^{2}}{\left(m_{0} c^{2}\right)^{2}}, \quad \frac{1}{1-\beta^{2}} = \frac{(h \nu)^{2} + \left(m_{0} c^{2}\right)^{2}}{\left(m_{0} c^{2}\right)^{2}} \\
\frac{1}{\sqrt{1-\beta^{2}}} = \frac{1}{m_{0} c^{2}} \sqrt{(h \nu)^{2} + \left(m_{0} c^{2}\right)^{2}}
\end{gathered}
\]

Substituting into equation (1), we solve

\[
\begin{gathered}
m_{0} c^{2} + \Delta E = \sqrt{(h \nu)^{2} + \left(m_{0} c^{2}\right)^{2}} + h \nu \\
h \nu = \Delta E \frac{\Delta E + 2 m_{0} c^{2}}{2\left(\Delta E + m_{0} c^{2}\right)} = \Delta E\left[1 - \frac{\Delta E}{2\left(\Delta E + m_{0} c^{2}\right)}\right] \\
\nu = \frac{\Delta E}{h}\left[1 - \frac{\Delta E}{2\left(\Delta E + m_{0} c^{2}\right)}\right]
\end{gathered}
\]","\\
\boxed{\nu = \frac{\Delta E}{h}\left[1-\frac{\Delta E}{2\left(\Delta E+m_{0} c^{2}\right)}\right]}",EX,,False,EN,Math Derivation
2147,Mechanics and Thermodynamics,Relativity,Special Relativity,What is the maximum speed that can be imparted to a stationary electron by one of the two photons produced in annihilation?,"From the conservation of energy, we have:

\[
2 m_{0} c^{2} = 2 h \nu
\]
\[
h \nu = m_{0} c^{2} \tag{1}
\]

In describing the energy relationship above, the conservation of momentum has already been considered. The momentum of the stationary electron pair is zero, so the total momentum of the two produced photons must also be zero, meaning that the two photons have equal frequency and opposite directions of motion.

One photon collides with the stationary electron, and from the energy relationship, we have:

\[
h \nu + m_{0} c^{2} = mc^{2} + h \nu^{\prime} \tag{2}
\]

The stationary electron attains a speed such that:

\[
m c^{2} > m_{0} c^{2}, \text{ hence } \nu^{\prime} < \nu
\]

Considering the general situation as shown in Figure 12.23,
$$
<image 1>
$$

Write the momentum conservation equations:

\[
\frac{h \nu}{c} = \frac{m_{0} \beta c}{\sqrt{1-\beta^{2}}} \cos \theta + \frac{h \nu^{\prime}}{c} \cos \varphi \tag{3}
\]
\[
\frac{m_{0} \beta c}{\sqrt{1-\beta^{2}}} \sin \theta = \frac{h \nu^{\prime}}{c} \sin \varphi \tag{4}
\]

Eliminate \(\varphi\) from equations (3) and (4), we obtain:

\[
(h \nu)^{2} - \frac{2 h \nu \cdot m_{0} \beta c^{2}}{\sqrt{1-\beta^{2}}} \cos \theta + \frac{\left(m_{0} \beta c^{2}\right)^{2}}{1-\beta^{2}} = \left(h \nu^{\prime}\right)^{2} \tag{5}
\]

Using equations (2) and (5) to eliminate \(h \nu^{\prime}\), we get:

\[
\begin{align*}
\left(m_{0} c^{2}\right)^{2} + \frac{\left(m_{0} c^{2}\right)^{2}}{1-\beta^{2}} - \frac{2 h \nu m_{0} c^{2}}{\sqrt{1-\beta^{2}}} - \frac{2\left(m_{0} c^{2}\right)^{2}}{\sqrt{1-\beta^{2}}} + 2 h \nu m_{0} c^{2} = \\
-\frac{2 h \nu m_{0} \beta c^{2}}{\sqrt{1-\beta^{2}}} \cos \theta + \frac{\left(m_{0} \beta c^{2}\right)^{2}}{1-\beta^{2}} \tag{6}
\end{align*}
\]

Using equation (1), equation (6) can be rewritten as:

\[
2\sqrt{1-\beta^{2}} = (2-\beta \cos \theta)
\]

Squaring both sides, we can solve for:

\[
\begin{gathered}
\beta = \frac{4 \cos \theta}{4 + \cos^{2} \theta} \\
\frac{\mathrm{d} \beta}{\mathrm{d} \cos \theta} = \frac{4\left(4-\cos^{2} \theta\right)}{\left(4+\cos^{2} \theta\right)^{2}} > 0
\end{gathered}
\]

(Note that \(-1 \leqslant \cos \theta \leqslant 1\)).  
\(\beta\) is a monotonically increasing function of \(\cos \theta\), so:

\[
\beta_{\max} = \frac{4(\cos \theta)_{\max}}{4 + \left(\cos^{2} \theta\right)_{\max}} = \frac{4}{5}
\]

Therefore, the maximum speed that the photon can impart to the stationary electron is \(v_{\text{max}} = \frac{4}{5} c\).",\boxed{\frac{4}{5}},NV,c,False,EN,Math Derivation
2148,Mechanics and Thermodynamics,Relativity,Special Relativity,"The high-energy neutrino beam at Fermilab is generated by first forming a mono-energetic beam of $\pi^{+}$ mesons, which then decay as: $\pi^{+} \rightarrow \mu^{+}+\nu$. Given that the rest mass of the $\pi$ meson is $140 \mathrm{MeV}/c^{2}$ and the rest mass of the $\mu$ meson is $106 \mathrm{MeV}/c^{2}$, find the energy of the neutrino produced in the $\pi^{+}$ rest frame.","For an isolated system, $E^{2}-c^{2}p^{2}$ is an invariant for all inertial reference frames, remaining constant before and after the decay. The calculations are done using the $\pi^{+}$ rest frame, which is also the center-of-mass frame.

$$
\begin{aligned}
&m_{\pi}^{2} c^{4}=\left(E_{\mu}^{\prime}+E_{\nu}^{\prime}\right)^{2}-c^{2}\left(\mathbf{p}_{\mu}^{\prime}+\mathbf{p}_{\nu}^{\prime}\right)^{2} \\
&=\left(\sqrt{c^{2} p_{\mu}^{\prime 2}+m_{\mu}^{2} c^{4}}+E_{\nu}^{\prime}\right)^{2} \\
&=2 c^{2} p_{\nu}^{\prime 2}+m_{\mu}^{2} c^{4}+2 c p_{\nu}^{\prime} \sqrt{c^{2} p_{\nu}^{\prime 2}+m_{\mu}^{2} c^{4}}
\end{aligned}
$$

When performing the above calculation, we used

$$
\mathbf{p}_{\mu}^{\prime}=-\mathbf{p}_{\nu}^{\prime}, \quad p_{\mu}^{\prime}=p_{\nu}^{\prime}, \quad E_{\nu}^{\prime}=c p_{\nu}^{\prime}
$$

From the above equation, we can solve for

$$
\begin{aligned}
p_{\nu}^{\prime} &= \frac{\left(m_{\pi}^{2}-m_{\mu}^{2}\right) c}{2 m_{\pi}} \\
E_{\nu}^{\prime} &= c p_{\nu}^{\prime} = \frac{\left(m_{\pi}^{2}-m_{\mu}^{2}\right) c^{2}}{2 m_{\pi}} = \frac{\left(m_{\pi} c^{2}\right)^{2}-\left(m_{\mu} c^{2}\right)^{2}}{2 m_{\pi} c^{2}} = \frac{(140)^{2}-(106)^{2}}{2 \times 140} = 29.9 \mathrm{MeV}
\end{aligned}
$$",\boxed{29.9},NV,\text{MeV},False,EN,Laws Application
2152,Mechanics and Thermodynamics,Relativity,Special Relativity,"A particle with a total energy of \(E_0\) and a rest mass of \(m_0\) undergoes a completely elastic collision with a stationary particle possessing the same rest mass. After the scattering, the kinetic energies of the two particles are equal. Discuss the non-relativistic limiting case.","Non-relativistic limit.

\[
\begin{gathered}
E = m_0 c^2 + \frac{1}{2} m v^2, \quad \frac{1}{2} m v^2 \ll E_0 \\
E_0 \approx m_0 c^2 \\
\theta \approx 2 \arccos \sqrt{\frac{1}{2}} = 90^\circ
\end{gathered}
\]",\boxed{90^\circ},NV,,False,EN,Practical Application
2193,Mechanics and Thermodynamics,Relativity,Special Relativity,"After an atomic clock is taken around the Earth on a jet plane and compared with an identical, perfectly synchronized clock that remains stationary, what discrepancy does special relativity predict, given appropriate approximations?

Assume that the plane travels at a speed \( v \) in circular motion around the Earth, with the Earth's radius being \( R = 6400 \times 10^{3} \, \mathrm{m} \), and the plane's speed \( v = 1000 \, \mathrm{m/s} \).","Consider the reference frame of the plane as \( S^{\prime} \) and the Earth's reference frame as \( S \), with \( S^{\prime} \) also being approximately regarded as an inertial frame. According to the Lorentz transformation formula,

\[ t = \frac{t^{\prime} + \frac{v}{c^{2}} x^{\prime}}{\sqrt{1 - \left(\frac{v}{c}\right)^{2}}} \]

Since \(\Delta x^{\prime} = 0\), we have

\[ \Delta t = \frac{1}{\sqrt{1 - \left(\frac{v}{c}\right)^{2}}} \Delta t^{\prime} \]

Because \(\frac{v}{c} \ll 1\), it follows that

\[
\begin{gathered}
\Delta t \approx \left(1 + \frac{v^{2}}{2 c^{2}}\right) \Delta t^{\prime} \\
\Delta t - \Delta t^{\prime} = \frac{v^{2}}{2 c^{2}} \Delta t^{\prime}
\end{gathered}
\]

Assume the time measured by the clock on the plane is \(\Delta t^{\prime} = \frac{2 \pi R}{v}\). As the plane travels around the Earth once, during this period,

\[
\Delta t - \Delta t^{\prime} = \frac{v^{2}}{2 c^{2}} \cdot \frac{2 \pi R}{v} = \frac{\pi R v}{c^{2}}
\]

This is the amount by which the clock on the plane is slower than the stationary clock on Earth. Therefore,

\[
\Delta t - \Delta t^{\prime} = \frac{\pi \cdot 6400 \times 10^{3} \times 1000}{\left(3 \times 10^{8}\right)^{2}} = 2.2 \times 10^{-7} \, \mathrm{s}
\]",\boxed{2.2 \times 10^{-7}},NV,\mathrm{s},False,EN,Practical Application
2215,Mechanics and Thermodynamics,Relativity,Special Relativity,"An antiproton with energy \(E_{0}\) interacts with a proton at rest, producing two particles each with a rest mass of \(m_{x}\), one of which is detected in the laboratory at a direction \(90^{\circ}\) to the incident direction. Determine the total energy \(E_{\mathrm{s}}\) of this particle, and show that it is independent of \(m_{x}\) and \(E_{0}\).","The proton and antiproton have the same rest mass \(m_{\mathrm{p}}\). Let the momentum of the antiproton be \(p_{0}\), and the momenta of the two particles produced by the interaction be \(p_{1}\) and \(p_{2}\), respectively, as illustrated in Figure 12.22.

By conservation of momentum:

\[
\begin{aligned}
p_{0} &= p_{2} \cos \theta, \\
p_{1} &= p_{2} \sin \theta, \\
p_{2}^{2} &= p_{0}^{2} + p_{1}^{2}
\end{aligned}
\]

\[
<image 1>
\]

Figure 12.22

\[
<image 2>
\]

By conservation of energy,

\[
E_{0} + m_{\mathrm{p}} c^{2} = E_{\mathrm{s}} + \sqrt{c^{2} p_{2}^{2} + m_{x}^{2} c^{4}}
\]

Eliminating \(p_{2}\) from the last two equations, we obtain

\[
\left(E_{0} + m_{\mathrm{p}} c^{2}\right)^{2} + E_{\mathrm{s}}^{2} - 2\left(E_{0} + m_{\mathrm{p}} c^{2}\right)E_{\mathrm{s}} = c^{2} \left(p_{0}^{2} + p_{1}^{2}\right) + m_{x}^{2} c^{4}
\]

Using \(E_{0}^{2} = c^{2} p_{0}^{2} + m_{\mathrm{p}}^{2} c^{4}\) and \(E_{\mathrm{s}}^{2} = c^{2} p_{1}^{2} + m_{x}^{2} c^{4}\), the above equation simplifies to

\[
m_{\mathrm{p}}^{2} c^{4} + E_{0} m_{\mathrm{p}} c^{2} = E_{\mathrm{s}}\left(E_{0} + m_{\mathrm{p}} c^{2}\right)
\]

Thus,

\[
E_{\mathrm{s}} = m_{\mathrm{p}} c^{2}
\]

\(E_{\mathrm{s}}\) depends only on the rest mass of the proton (or antiproton) and is independent of \(E_{0}\) and \(m_{x}\).",\boxed{m_{\mathrm{p}} c^{2}},EX,,False,EN,Math Derivation
2232,Mechanics and Thermodynamics,Relativity,Special Relativity,"An electron beam is scattered by a fixed target, and the scattering is elastic. Each electron has an energy of $E=\frac{5}{3} m_{0} c^{2}$, where $m_{0}$ is the rest mass of the electron. Find the velocity of the incident electrons.","The velocity of the incident electrons is calculated as follows:

$$
\begin{gathered}
E = m c^{2} \\
\frac{5}{3} m_{0} c^{2} = \frac{m_{0}}{\sqrt{1-\left(\frac{v}{c}\right)^{2}}} c^{2}, \quad m = \frac{5}{3} m_{0} \\
\sqrt{1-\left(\frac{v}{c}\right)^{2}} = \frac{3}{5}, \quad v = \frac{4}{5} c
\end{gathered}
$$",\boxed{\frac{4}{5}},NV,c,False,EN,Laws Application
2270,Mechanics and Thermodynamics,Relativity,Special Relativity,"(1) Calculate the momentum of a $\pi$ meson that has the same velocity as a proton with momentum of $400 \mathrm{GeV} / c$. At Fermilab, a proton with momentum of $400 \mathrm{GeV} / c$ striking a target produces $\pi$ mesons with the most probable momentum. The rest mass of a $\pi$ meson is $0.14 \mathrm{GeV} / c^{2}$, and the rest mass of a proton is $0.94 \mathrm{GeV} / c^{2}$.","Let $M$ and $m_{\mathrm{p}}$ be the rest masses of the $\pi$ meson and the proton respectively, and let $p_{\pi}$ and $p_{\mathrm{p}}$ be the momenta of the $\pi$ meson and the proton respectively, with $v$ being the velocity of the $\pi$ meson and the proton. 

The momentum equations for the $\pi$ meson and the proton are:

$$
p_{\pi}=\frac{M v}{\sqrt{1-\left(\frac{v}{c}\right)^{2}}}, \quad p_{\mathrm{p}}=\frac{m_{\mathrm{p}} v}{\sqrt{1-\left(\frac{v}{c}\right)^{2}}}
$$

Dividing these two equations, we get:

$$
p_{\pi}=\frac{M}{m_{\mathrm{p}}} p_{\mathrm{p}}=\frac{0.14}{0.94} \times 400=60 \mathrm{GeV} / c
$$",\boxed{60},NV,\mathrm{GeV}/c,False,EN,Laws Application
2403,Mechanics and Thermodynamics,Relativity,Special Relativity,"The average lifetime of a stationary muon is $2.197 \times 10^{-6} \mathrm{~s}$. In cosmic rays, the speed of muons can reach $0.99 c$ (where $c$ is the speed of light in a vacuum). Calculate the average distance that such high-speed muons can travel as observed from an observer on Earth using the time dilation effect.","Method Two: Using the time dilation effect. In the $S^{\prime}$ frame, muon decay occurs at the same location, and the clock in the $S^{\prime}$ frame is the moving clock,

$$
\tau_{0} = \tau \sqrt{1-\left(\frac{v}{c}\right)^{2}}, \quad \tau = \frac{\tau_{0}}{\sqrt{1-\left(\frac{v}{c}\right)^{2}}}
$$

The following is the same as Method One.",\boxed{435.7},NV,\text{m},False,EN,Laws Application
2409,Mechanics and Thermodynamics,Relativity,Special Relativity,"A space traveler moving at a speed of $v$ and their friend on Earth synchronized their clocks to $t^{\prime}=0$ (traveler's clock) and $t=0$ (Earth clock) at departure. The Earth-based friend observes both clocks simultaneously, directly observing $t$ and using a telescope to observe $t^{\prime}$. Find the corresponding Earth frame time $t_1$ when $t^{\prime}$ reads 1 hour at the position $x^{\prime}=0$ in the moving frame.","Using the Lorentz transformation formula, when $x^{\prime}=0, t^{\prime}=1$ hour in the moving frame, the corresponding position and time in the Earth frame are:

$$
\begin{gathered}
x = \frac{x^{\prime} + v t^{\prime}}{\sqrt{1-\frac{v^{2}}{c^{2}}}} = \frac{v}{\sqrt{1-\frac{v^{2}}{c^{2}}}}, \\
t_{1} = \frac{t^{\prime} + v \frac{x^{\prime}}{c^{2}}}{\sqrt{1-\frac{v^{2}}{c^{2}}}} = \frac{1}{\sqrt{1-\frac{v^{2}}{c^{2}}}} \text{ (hours)}
\end{gathered}
$$

Note: The units used in the above expressions are: length in meters, time in hours.",\boxed{\frac{1}{\sqrt{1-\frac{v^{2}}{c^{2}}}}},EX,,False,EN,Laws Application
2418,Mechanics and Thermodynamics,Relativity,Special Relativity,"Two particles, each with a rest mass of $m$, are moving in the same direction with momenta of $5 m c$ and $10 m c$, respectively. What is the velocity of the slower particle as observed from the faster particle?","Let the laboratory reference frame be the $S$ frame, and the reference frame fixed to the slower particle be the $S^{\prime}$ frame. In the $S$ frame, let the velocity of the slower particle be $v_{1}$ and the velocity of the faster particle be $v_{2}$.

$$
\begin{aligned}
5 m c & =\frac{m v_{1}}{\sqrt{1-\left(\frac{v_{1}}{c}\right)^{2}}}, \\
10 m c & =\frac{m v_{2}}{\sqrt{1-\left(\frac{v_{2}}{c}\right)^{2}}}.
\end{aligned}
$$

Solving these equations gives

$$
v_{1}=\sqrt{\frac{25}{26}} c, \quad v_{2}=\sqrt{\frac{100}{101}} c.
$$

Let the reference frame fixed to the faster particle be the $S^{\prime \prime}$ frame. In the $S^{\prime \prime}$ frame, the velocity of the slower particle is

$$
v_{1}^{\prime \prime}=\frac{v_{1}-v_{2}}{1-\frac{v_{2} v_{1}}{c^{2}}}=-0.593 c.
$$

The negative sign indicates that the direction of motion is opposite to the defined positive direction in the $S$ frame.",\boxed{-0.593},NV,c,False,EN,Laws Application
2420,Mechanics and Thermodynamics,Relativity,Special Relativity,"In the reference frame $S^{\prime}$, two events occur in succession, separated by a distance of $\Delta x^{\prime}=10$ light minutes in the direction of relative motion. The velocity of the $S^{\prime}$ frame relative to the $S$ frame is $v=0.296c$. Find the distance $\Delta x$ between the locations of the two events measured in the $S$ frame.","$$
\Delta x=\frac{\Delta x^{\prime}+v \Delta t^{\prime}}{\sqrt{1-\left(\frac{v}{c}\right)^{2}}}=\frac{10 \times 60 c+0.296 c \times 300}{\sqrt{1-(0.296)^{2}}}=721 \text{ light seconds} = 12 \text{ light minutes}
$$",\boxed{12},NV,åå,False,EN,Laws Application
2427,Mechanics and Thermodynamics,Relativity,Special Relativity,"A beam of light passes through a block of glass with a refractive index of $n$, and the glass block moves at a constant velocity $v$ along the direction of the incident light. Calculate the velocity of light within the glass block relative to the laboratory reference frame.","Let reference frame $S$ be the laboratory reference frame and $S^{\prime}$ be the reference frame fixed to the glass block. The positive directions of the $x$ and $x^{\prime}$ axes are both aligned with the direction of the incident light beam. Let $u$ and $u^{\prime}$ be the velocities of light in the $S$ and $S^{\prime}$ frames, respectively. Since $u^{\prime} = \frac{c}{n}$, we have:

$$
u = \frac{u^{\prime} + v}{1 + \frac{v u^{\prime}}{c^2}} = \frac{\frac{c}{n} + v}{1 + \frac{v}{c^2} \cdot \frac{c}{n}} = \frac{c(c + nv)}{nc + v}
$$",\boxed{\frac{c(c + nv)}{nc + v}},EX,,False,EN,Laws Application
2431,Mechanics and Thermodynamics,Relativity,Special Relativity,"A carriage with a rest length of \( L \) is moving at a constant speed \( v \). A light signal is emitted from the rear end \( A \) of the carriage in the direction of motion, reflects off a plane mirror at the front end \( B \), and returns to the rear end \( A \). Determine the time \(\Delta t_1'\) it takes for the light signal to travel from the rear end \( A \) to the front end \( B \), and the time \(\Delta t_2'\) it takes for the light signal to travel from \( A \) back to \( A \), as observed by someone inside the carriage.","\(\Delta t_1' = \frac{L}{c}, \Delta t_2' = \frac{2L}{c}\).","\boxed{\frac{L}{c}, \frac{2L}{c}}","NV, NV","\text{s}, \text{s}",True,EN,
2432,Mechanics and Thermodynamics,Relativity,Special Relativity,A mirror is moving in a vacuum with a velocity \( v \) along the \( +x \) direction. A beam of light with a frequency \( \nu \) is perpendicularly incident on the mirror from \( x = +\infty \). Find the energy of each reflected photon.,"The energy of each reflected photon is

$$
h \nu_r = \frac{c+v}{c-v} h \nu
$$",\boxed{\frac{c+v}{c-v}h\nu},EX,,False,EN,Laws Application
2436,Mechanics and Thermodynamics,Relativity,Special Relativity,"A sprinter completes 100 meters in 10 seconds on Earth. How much time does an observer in a spaceship, traveling at a speed of $0.98c$ relative to the Earth in the direction of the sprint, observe the sprinter to take?","Using the Lorentz transformation formula, let the $S$ system be fixed to the Earth, and the $S^{\prime}$ system be fixed to the spaceship, with the axes $x$ and $x^{\prime}$ parallel, and the direction of the sprint as positive,
   
$$
\Delta t^{\prime} = \frac{\Delta t - \frac{v}{c^{2}} \Delta x}{\sqrt{1-\left(\frac{v}{c}\right)^{2}}} = \frac{10 - \frac{0.98c}{c^{2}} \times 100}{\sqrt{1 - (0.98)^{2}}} = 50 \mathrm{~s}.
$$",\boxed{50},NV,\mathrm{s},False,EN,Laws Application
2445,Mechanics and Thermodynamics,Relativity,Special Relativity,"A rocket ship is flying past the Earth at a speed of \( v=0.8c \). When they meet, both set their clocks to 12 o'clock sharp. When the ship passes a space station that is stationary relative to the Earth and synchronized with it, it sends a signal to Earth. When do the people on Earth receive this signal?","When the spaceship sends the signal to Earth as it passes the space station, the clock on Earth shows 12:50. The space station is 40 light-minutes away from Earth, and the signal takes 40 minutes to reach Earth, so the received time is

12:50 + 40 minutes = 13:30.",\boxed{13\ 30},NV,\text{ç¹} \ \text{å},False,EN,Laws Application
2446,Mechanics and Thermodynamics,Relativity,Special Relativity,"A space traveler moving at a speed of \( v \) and his friend on Earth synchronize their clocks at the departure, with \( t^{\prime} = 0 \) (the traveler's clock) and \( t = 0 \) (the clock on Earth). The friend on Earth observes both clocks simultaneously, directly observing \( t \) and using a telescope to observe \( t^{\prime} \). What is the reading of the Earth clock \( t \) when the friend on Earth receives the signal for \( t^{\prime} = 1 \) hour?","Therefore, when the signal for \( t^{\prime} = 1 \) hour is received, the reading of the Earth clock is:

$$
t = t_{1} + t_{2} = \frac{1+\frac{v}{c}}{\sqrt{1-\frac{v^{2}}{c^{2}}}} = \sqrt{\frac{c+v}{c-v}} \text{ (hours)}
$$",\boxed{\sqrt{\frac{c+v}{c-v}}},NV,,False,EN,Laws Application
2448,Mechanics and Thermodynamics,Relativity,Special Relativity,"A train car with a rest length \( L \) is moving at a constant velocity \( v \). At the rear end \( A \) of the car, a light signal is emitted in the direction of motion and is reflected back by a plane mirror at the front end \( B \) to return to the rear end \( A \). Find the time \(\Delta t_1\) it takes for the light signal to travel from the rear end \( A \) to the front end \( B \) according to an observer on the ground.","Method 1: In the \( S \) frame (attached to the ground), the time taken for light to travel from the rear end \( A \) to the front end \( B \) is \(\Delta t_1\), during which the light signal travels a distance \( c \Delta t_1 \), which is equal to the distance the carriage travels \( v \Delta t_1\) plus the length of the carriage. However, due to its high speed, the carriage's length is not the rest length but is instead shortened by the length contraction effect, given by \( L \sqrt{1-\left(\frac{v}{c}\right)^2} \),

\[
c \Delta t_1 = v \Delta t_1 + L \sqrt{1-\left(\frac{v}{c}\right)^2}
\]

Therefore,

\[
\Delta t_1 = \frac{L \sqrt{1-\left(\frac{v}{c}\right)^2}}{c-v} = \frac{L}{c} \sqrt{\frac{c+v}{c-v}}
\]

Method 2: Using the Lorentz transformation formula,

\[
\Delta t_1 = \frac{\Delta t_1' - \frac{v}{c^2} \Delta x_1'}{\sqrt{1-\left(\frac{v}{c}\right)^2}}
\]

Substituting \(\Delta t_1' = \frac{L}{c}, \Delta x_1' = L\), we obtain

\[
\Delta t_1 = \frac{L}{c} \sqrt{\frac{c+v}{c-v}}
\]",\boxed{\frac{L}{c} \sqrt{\frac{c+v}{c-v}}},NV,,False,EN,Math Derivation
2449,Mechanics and Thermodynamics,Relativity,Special Relativity,"A space traveler moving at speed $v$ and his friend on Earth synchronize their clocks at the moment of departure, with $t^{\prime}=0$ (traveler's clock) and $t=0$ (Earth clock). The friend on Earth observes both clocks simultaneously, directly observing $t$ and using a telescope to observe $t^{\prime}$. When $t^{\prime}$ reads 1 hour in the moving frame at position $x^{\prime}=0$, what is the reading $t_2$ on the Earth's clock when the signal reaches the friend on Earth at $(x=0)$?","The time it takes for the signal from the moving clock at $t^{\prime}=1$ hour to reach the friend on Earth at $(x=0)$, as measured by the Earth's clock, is:

$$
t_{2} = \frac{x}{c} = \frac{v}{c \sqrt{1-\frac{v^{2}}{c^{2}}}} \text{ (hours)}
$$",\boxed{\frac{v}{c \sqrt{1-\frac{v^{2}}{c^{2}}}}},EX,,False,EN,Laws Application
2453,Mechanics and Thermodynamics,Relativity,Special Relativity,"In the same reference frame, two rods, each with a rest length of $l_{0}$, are moving towards each other at a uniform speed $v$. Find the speed of one rod as observed in the reference frame fixed to the other rod.","First, find the speed of the other rod in the reference frame $S^{\prime}$, which is fixed to one of the rods. The speed of the $S^{\prime}$ frame relative to the original reference frame is $v$, and the speed of the other rod in the $S$ frame is $v_{x}=-v$, with $v_{y}=v_{z}=0$.

In the $S^{\prime}$ frame, the speed of the other rod is determined using the velocity transformation equations:

$$
\begin{gathered}
v_{x}^{\prime}=\frac{v_{x}-v}{1-\frac{v}{c^{2}} v_{x}}=\frac{-v-v}{1-\frac{v}{c^{2}}(-v)}=-\frac{2v}{1+\frac{v^{2}}{c^{2}}}, \\
v_{y}^{\prime}=\frac{v_{y} \sqrt{1-\left(\frac{v}{c}\right)^{2}}}{1-\frac{v}{c^{2}} v_{x}}=0, \\
v_{z}^{\prime}=\frac{v_{z} \sqrt{1-\left(\frac{v}{c}\right)^{2}}}{1-\frac{v}{c^{2}} v_{x}}=0.
\end{gathered}
$$",\boxed{-\frac{2v}{1+\frac{v^{2}}{c^{2}}}},NV,,False,EN,Laws Application
2459,Mechanics and Thermodynamics,Relativity,Special Relativity,"Given a particle with generalized momentum $\boldsymbol{p} = \frac{m_0 \boldsymbol{v}}{\sqrt{1 - \frac{v^2}{c^2}}} + q \boldsymbol{A}$, derive the momentum equation and the expression for $v^2/c^2$.","The following equations are derived:

$$
(\boldsymbol{p} - q \boldsymbol{A})^2 = \frac{m_0^2 v^2}{1 - \frac{v^2}{c^2}}, \\
\frac{v^2}{c^2} = \frac{(\boldsymbol{p} - q \boldsymbol{A})^2}{m_0^2 c^2 + (\boldsymbol{p} - q \boldsymbol{A})^2}.
$$","\boxed{(\boldsymbol{p}-q \boldsymbol{A})^2, \frac{(\boldsymbol{p}-q \boldsymbol{A})^2}{m_0^2 c^2+(\boldsymbol{p}-q \boldsymbol{A})^2}}","EX, EX","\text{None, None}",True,EN,Math Derivation
2466,Mechanics and Thermodynamics,Relativity,Special Relativity,"At the instant a 1-meter-long rod passes the midpoint of a camera, the camera shutter is opened, and a photo is taken simultaneously with a stationary calibrated meter stick. If the speed of the rod relative to the camera is $v=0.8c$, what is the length of the moving rod recorded in the photo?","The light signal from the front end of the rod that enters the shutter is emitted at a time $\Delta t_{1}$ before the shutter opens, which can be determined by the following equation:

$$
c \Delta t_{1} = 0.5 - v \Delta t_{1}
$$

Solving the equation gives:

$$
\Delta t_{1} = \frac{0.5}{c + v}
$$

Similarly, the light signal from the back end of the rod entering the shutter is emitted at a time $\Delta t_{2}$ before the shutter opens, which can be determined by the following equation:

$$
c \Delta t_{2} = 0.5 + v \Delta t_{2}
$$

Solving the equation gives:

$$
\Delta t_{2} = \frac{0.5}{c - v}
$$

The distances from the front and back ends of the rod to the camera are $c \Delta t_{1}$ and $c \Delta t_{2}$, respectively. Therefore, the length of the moving rod shown in the photo is:

$$
L = c\left(\Delta t_{1} + \Delta t_{2}\right) = c\left(\frac{0.5}{c+v} + \frac{0.5}{c-v}\right) = \frac{c}{c^2 - v^2} = 2.778 \, \text{m}
$$

The length $L$ is correctly calculated by substituting $v=0.8c$ into the expressions for $\Delta t_{1}$ and $\Delta t_{2}$.",\boxed{2.778},NV,\text{m},False,EN,Practical Application
2469,Mechanics and Thermodynamics,Relativity,Special Relativity,"A rod is moving from left to right, and when the left end of this rod passes by a camera, the rod and a stationary calibrated meter stick are captured together in a photograph. The photograph shows that the left end of the rod coincides with the 0 mark on the meter stick, and the right end coincides with the 0.9 m mark. If the rod is moving at a speed of \( v = 0.8c \) relative to the camera, find the actual length of the rod.","Note that the light signal from the right end of the rod captured by the camera entered the camera lens at the same time as the signal from the left end. The left end has no distance from the camera, while the right end is at a distance of 0.9 m from the camera. The light signal would take a time interval of \( \Delta t = \frac{0.9}{3 \times 10^{8}} = 3 \times 10^{-9} \, \mathrm{s} \) to travel this distance. Therefore, the light signal from the right end of the rod was emitted  \( 3 \times 10^{-9} \, \mathrm{s} \) earlier from the 0.9 m mark. When the right end emitted this signal, the left end of the rod was located 0.72 m to the left of the 0 mark, calculated as \( v \Delta t = 0.8 \times 3 \times 10^{8} \times 3 \times 10^{-9} = 0.72 \, \mathrm{m} \). Therefore, the actual length of the rod is

\[
L = 0.9 + 0.72 = 1.62 \, \mathrm{m}
\]",\boxed{1.62},NV,\mathrm{m},False,EN,Laws Application
2473,Mechanics and Thermodynamics,Relativity,Special Relativity,"An electron and a positron, both with a rest mass of $9.11 \times 10^{-31} \, \mathrm{kg}$, collide and annihilate, resulting in electromagnetic radiation. If both particles are at rest before annihilation, determine the energy of the emitted radiation.","According to the principle of energy conservation, the emitted energy is

$$
E = 2 m_{\mathrm{e}} c^{2} = 2 \times 9.11 \times 10^{-31} \times (3 \times 10^{8})^{2} = 1.64 \times 10^{-13} \, \mathrm{J}
$$",\boxed{1.64 \times 10^{-13}},NV,\mathrm{J},False,EN,Laws Application
2485,Mechanics and Thermodynamics,Relativity,Special Relativity,"Two spaceships, \(A\) and \(B\), each with a proper length of \(L_{0}\), are traveling towards each other on parallel tracks with a constant relative speed. Observers on spaceship \(A\) first see the nose of their own ship meet the tail of the other ship. After \(\Delta t\) time, the tail of their own ship meets the nose of the other ship. What is the relative speed of the two ships?","According to the observer on spaceship \(A\), we have  
\[
L_{0} - L_{0} \sqrt{1 - \left(\frac{v}{c}\right)^{2}} = v \Delta t
\]  
Solving this gives  
\[
v = \frac{2c^{2} L_{0} \Delta t}{L_{0}^{2} + c^{2}(\Delta t)^{2}}
\]","\[
\boxed{\frac{2c^{2} L_{0} \Delta t}{L_{0}^{2}+c^{2}(\Delta t)^{2}}}
\]",NV,,False,EN,
2488,Mechanics and Thermodynamics,Relativity,Special Relativity,"A particle with rest mass $m_{0}$, moving at a velocity of $0.8c$ in the positive direction along the $x$-axis, decays into two particles each with a rest mass of $m_{0}$, one of which moves at a velocity of $0.6c$ in the negative direction along the $y$-axis. Find $m_{0} / M_{0}$.","From equation (1), we have:

\[
1-\beta^{2} = \frac{m_{0}^{2}}{\left(\frac{5}{3} M_{0} - \frac{5}{4} m_{0}\right)^{2}} = \frac{144 m_{0}^{2}}{400 M_{0}^{2} - 600 M_{0} m_{0} + 225 m_{0}^{2}}
\]

Comparing with equation (4) we obtain:

\[
\begin{gathered}
400 M_{0}^{2} - 600 M_{0} m_{0} + 225 m_{0}^{2} = 256 M_{0}^{2} + 225 m_{0}^{2} \\
\frac{m_{0}}{M_{0}} = \frac{144}{600} = 0.24 \\
\beta^{2} = \frac{256 + 81(0.24)^{2}}{256 + 225 \times (0.24)^{2}} = 0.9693 \\
v = \beta c = 0.985c
\end{gathered}
\]",\boxed{0.24},NV,,False,EN,Laws Application
2489,Mechanics and Thermodynamics,Relativity,Special Relativity,"In a certain reference frame, object $A$ is moving along the positive direction of the $x$-axis at a constant speed $v_{A}=0.8c$, and object $B$ is moving along the negative direction of the $x$-axis at a constant speed $v_{B}=0.6c$. From $A$'s perspective, what is the velocity $v_{B}^{\prime}$ of $B$?","$A$ serves as the $S^{\prime}$ reference frame, with its velocity relative to the $S$ frame as $v = v_{A} = 0.8c$. Given $v_{B} = -0.6c$, we have

$$
v_{B}^{\prime} = \frac{v_{B} - v}{1 - \frac{v v_{B}}{c^{2}}} = \frac{-0.6c - 0.8c}{1 - \frac{0.8c \cdot (-0.6c)}{c^{2}}} = -0.95c
$$

From $A$'s perspective, $B$ is moving towards $A$ at a speed of $0.95c$.",\boxed{-0.95},NV,c,False,EN,Laws Application
2490,Mechanics and Thermodynamics,Relativity,Special Relativity,"A kaon \( K \) is initially at rest, with a rest energy of 494 MeV, and decays into a neutrino with zero rest energy. Calculate the kinetic energy of the neutrino produced in the decay process.","According to energy conservation

\[
m_{\mathrm{K}} c^{2}=E_{\mu} + E_{\nu} = \sqrt{p_{\mu}^{2} c^{2}+m_{\mu}^{2} c^{4}} + p_{\nu} c
\]

From momentum conservation,

\[
\boldsymbol{p}_{\nu}=-\boldsymbol{p}_{\mu}, \quad p_{\mu}=p_{\nu}
\]

Substituting into the above equation, solve for \(p_{\mu}\),

\[
E_{\nu}=p_{\nu} c=p_{\mu} c=\frac{\left(m_{\mathrm{K}}^{2}-m_{\mu}^{2}\right) c^{2}}{2 m_{\mathrm{K}}}=236 \mathrm{MeV}
\]
\[
T_{\nu}=E_{\nu}-m_{\nu} c^{2}=E_{\nu}=236 \mathrm{MeV}
\]

\(T_{\nu}\) is the kinetic energy of the neutrino in the laboratory reference frame.",\boxed{236},NV,,False,EN,Laws Application
2495,Mechanics and Thermodynamics,Relativity,Special Relativity,"In the hydrogen atom spectrum line $\mathrm{H}_{\alpha}$, the wavelength is $6.561 \times 10^{-7} \mathrm{~m}$. On Earth, the difference in wavelength of the $\mathrm{H}_{\alpha}$ line emitted from the opposite ends of the equator of the Sun is measured to be $9 \times 10^{-12} \mathrm{~m}$. Assuming this effect is due to the Sun's rotation, determine the speed $v$ of a point on the Sun's equator, given the speed of light $c = 3 \times 10^8 \mathrm{~m/s}$.","Let the speed of a point on the Sun's equator due to its rotation be $v$. Then the difference in wavelength of the $\mathrm{H}_{\alpha}$ line emitted from the opposite ends of the Sun's equator, as observed from Earth, is  

$$  
\begin{gathered}  
\Delta \lambda=\sqrt{\frac{c+v}{c-v}} \lambda_{0}-\sqrt{\frac{c-v}{c+v}} \lambda_{0}=\frac{2 v}{\sqrt{c^{2}-v^{2}}} \lambda_{0} \\  
\frac{(\Delta \lambda)^{2}}{4 \lambda_{0}^{2}}=\frac{v^{2}}{c^{2}-v^{2}}, \quad \frac{(\Delta \lambda)^{2}}{4 \lambda_{0}^{2}+(\Delta \lambda)^{2}}=\frac{v^{2}}{c^{2}} \\  
v=\frac{c \Delta \lambda}{\sqrt{4 \lambda_{0}^{2}+(\Delta \lambda)^{2}}}  
\end{gathered}  
$$",\boxed{\frac{c \Delta \lambda}{\sqrt{4 \lambda_{0}^{2}+(\Delta \lambda)^{2}}}},EX,,False,EN,Laws Application
2498,Mechanics and Thermodynamics,Relativity,Special Relativity,"A rocket moves in a straight line with constant acceleration \(a_{0}\) relative to its own reference frame. According to the Earth's clock, starting from rest, how long does it take for the rocket to accelerate to \(V = 0.8c\)? (Assume the clock's operation is independent of the rocket's acceleration.)","By substituting \(\boldsymbol{v}' = 0, \boldsymbol{a}' = \boldsymbol{a}_{0}\) into the inverse velocity transformation formula, the rocket's acceleration relative to the Earth is given by

$$
a = \left(1 - \beta^{2}\right)^{3/2} a_{0}
$$

Note: \(V\) is the rocket's velocity, hence \(\beta\) is also a variable, \(a = \frac{\mathrm{d} V}{\mathrm{d} t}\), and \(t\) is measured by Earth's clock,

$$
\begin{gathered}
\frac{\mathrm{d} V}{\mathrm{d} t} = \left(1 - \frac{V^{2}}{c^{2}}\right)^{\frac{3}{2}} a_{0} \\
\int_{0}^{0.8 c} \frac{\mathrm{d} V}{\left(1 - \frac{V^{2}}{c^{2}}\right)^{\frac{3}{2}}} = \int_{0}^{t} a_{0} \mathrm{d} t = a_{0} t
\end{gathered}
$$

According to Earth's clock, the time required to accelerate to \(0.8c\) is

$$
t = \frac{c}{a_{0}} \int \frac{\mathrm{d}\left(\frac{V}{c}\right)}{\left(1 - \frac{V^{2}}{c^{2}}\right)^{\frac{3}{2}}} = \left.\frac{c}{a_{0}} \frac{\frac{V}{c}}{\sqrt{1 - \left(\frac{V}{c}\right)^{2}}}\right|_{V=0} ^{V=0.8 c} = \frac{4 c}{3 a_{0}}
$$",\boxed{\frac{4}{3a_{0}}},NV,,False,EN,
2502,Mechanics and Thermodynamics,Relativity,Special Relativity,"In the extreme relativistic limit $E \gg m_{0} c^{2}$, a relativistic particle with a rest mass $m_{0}$ has energy $E$. Determine the speed $v$ of the particle.","$$
v = c \sqrt{1-\frac{m_{0}^{2} c^{4}}{E^{2}}} \approx c\left[1-\frac{1}{2}\left(\frac{m_{0} c^{2}}{E}\right)^{2}\right]
$$",\boxed{c\left[1-\frac{1}{2}\left(\frac{m_{0} c^{2}}{E}\right)^{2}\right]},EX,,False,EN,Math Derivation
2506,Mechanics and Thermodynamics,Relativity,Special Relativity,"An electron with rest mass $m$ and charge $e$ moves in a plane perpendicular to a uniform magnetic field. Neglecting radiation, the electron's trajectory is a circle with radius $R$. Given that the electron's energy $E \gg mc^{2}$, find the expression for the magnetic induction $B$.","$$
\frac{\mathrm{d}}{\mathrm{~d} t}\left(\frac{m}{\sqrt{1-\frac{v^{2}}{c^{2}}}} v\right)=e \boldsymbol{v} \times \boldsymbol{B}
$$

The electron performs circular motion with radius $R$, where $\left|\frac{\mathrm{d} v}{\mathrm{~d} t}\right|=\frac{v^{2}}{R}$, and $v$ remains constant,

$$
\begin{gathered}
\frac{\mathrm{d}}{\mathrm{~d} t}\left(\frac{m}{\sqrt{1-\frac{v^{2}}{c^{2}}}} v\right)=\frac{m}{\sqrt{1-\frac{v^{2}}{c^{2}}}} \frac{\mathrm{~d} v}{\mathrm{~d} t} \\
\frac{m}{\sqrt{1-\frac{v^{2}}{c^{2}}}}\left|\frac{\mathrm{~d} v}{\mathrm{~d} t}\right|=-e v B \quad \text{(Note that the electron has negative charge, } e<0 \text{)} \\
\frac{m}{\sqrt{1-\frac{v^{2}}{c^{2}}}} \frac{v^{2}}{R}=-e v B \\
\frac{e R \sqrt{1-\frac{v^{2}}{c^{2}}}}{m}=-\frac{p}{e R} \quad (p \text{ is the electron momentum) } \\
p=\frac{E}{c} \quad \text{where } E^{2}=c^{2} p^{2}+m^{2} c^{4} \\
\sqrt{E^{2}-m^{2} c^{4}} \approx \frac{E}{c} \quad \text{when } E \gg mc^{2} \\
B=-\frac{E}{e R c}
\end{gathered}
$$","\[
\boxed{-\frac{E}{e R c}}
\]",EX,,False,EN,Math Derivation
2508,Mechanics and Thermodynamics,Relativity,Special Relativity,"Using the Lagrangian function and generalized momentum, derive the Hamiltonian function \( H \) for a particle in an electromagnetic field, and simplify the expression.","The derivation of the Hamiltonian function is as follows:

$$
H = p_x \dot{x} + p_y \dot{y} + p_z \dot{z} - L \\
= \frac{m_0(\dot{x}^2 + \dot{y}^2 + \dot{z}^2)}{\sqrt{1 - \left(\frac{v}{c}\right)^2}} + q(A_x \dot{x} + A_y \dot{y} + A_z \dot{z}) \\
+ m_0 c \sqrt{c^2 - (\dot{x}^2 + \dot{y}^2 + \dot{z}^2)} + q \phi - q(\dot{x} A_x + \dot{y} A_y + \dot{z} A_z) \\
= \frac{m_0 c^2}{\sqrt{1 - \left(\frac{v}{c}\right)^2}}\left\{\frac{v^2}{c^2} + \left[\sqrt{1 - \left(\frac{v}{c}\right)^2}\right]^2\right\} + q \phi \\
= c \sqrt{m_0^2 c^2 + (\boldsymbol{p} - q \boldsymbol{A})^2} + q \phi.
$$",\boxed{c \sqrt{m_0^2 c^2+(\boldsymbol{p}-q \boldsymbol{A})^2}+q \phi},EX,,False,EN,Math Derivation
2509,Mechanics and Thermodynamics,Relativity,Special Relativity,"On the return journey, B travels back home at a speed of \( v \). During this period, how many pulses does B receive from A (who remains at home)?","On the return journey, B receives frequency-upshifted pulses from A at a frequency of \(\sqrt{\frac{1+\frac{v}{c}}{1-\frac{v}{c}}}\). B receives a total of \(t_1 \sqrt{\frac{1+\frac{v}{c}}{1-\frac{v}{c}}}\) pulses.",\boxed{t_1 \sqrt{\frac{1+\frac{v}{c}}{1-\frac{v}{c}}}},EX,,False,EN,Laws Application
2510,Mechanics and Thermodynamics,Relativity,Special Relativity,"There is a transmitter and a receiver on a spaceship that is moving away from Earth at a constant speed. It sends a signal pulse to Earth, and the spaceship's clock receives the signal, which is reflected back from Earth, after 40 seconds. The frequency of the received signal is half of the transmitted frequency:
(3) When the pulse is received by the spaceship, where is the spaceship located as measured from Earth?","(3) Let the spaceship's reference frame be the $S$ system, and the Earth's reference frame be the $S^{\prime}$ system. At $t=t^{\prime}=0$, the $x$ and $x^{\prime}$ axes, as well as the $y$ and $y^{\prime}$, and $z$ and $z^{\prime}$ axes, coincide. The velocity of the $S^{\prime}$ system relative to the $S$ system is $\frac{1}{3} c$, in the positive direction along the $x$ or $x^{\prime}$ axis.

Let event $A$ be the emission of the pulse by the spaceship, event $B$ the reception and reflection of the pulse by Earth, and event $C$ the reception of the reflected pulse by the spaceship.

Given: $x_{A}=0, x_{B}^{\prime}=0, x_{C}=0, t_{B}-t_{A}=20 \ \text{seconds}, t_{C}-t_{B}=20 \ \text{seconds}$.

Since
$$
x_{B}-x_{A}=c(t_{B}-t_{A})
$$

Therefore, $x_{B}=20 c$,

$$
\begin{gathered}
x_{B}^{\prime}=\frac{x_{B}-v t_{B}}{\sqrt{1-\left(\frac{v}{c}\right)^{2}}}, \quad x_{C}^{\prime}=\frac{x_{C}-v t_{C}}{\sqrt{1-\left(\frac{v}{c}\right)^{2}}} \\
x_{C}^{\prime}=x_{C}^{\prime}-x_{B}^{\prime}=\frac{x_{C}-x_{B}-v(t_{C}-t_{B})}{\sqrt{1-\left(\frac{v}{c}\right)^{2}}} \\
=\frac{-20 c-\frac{1}{3} c \cdot 20}{\sqrt{1-\left(\frac{1}{3}\right)^{2}}}=-\frac{80 \times 3 \times 10^{8}}{\sqrt{8}}=-8.5 \times 10^{9} \ \text{meters}
\end{gathered}
$$",\boxed{-8.5 \times 10^{9}},NV,\text{ç±³},False,EN,Practical Application
2512,Mechanics and Thermodynamics,Relativity,Special Relativity,"A particle with a rest mass of \( m_{0} \) is initially moving along the positive \( x \)-axis at a speed of \( 0.8c \). This particle decays into two particles, both with a rest mass of \( m_{0} \). One of these particles moves along the negative \( y \)-axis at a speed of \( 0.6c \). Determine the speed and direction of motion of the other particle.","Let the speed of the other particle be \( v \) with \(\beta = \frac{v}{c}\), and the angle between its velocity and the \( x \)-axis be \( \theta \). Using the conservation of energy and momentum during the decay process:

\[
\frac{M_{0} c^{2}}{\sqrt{1-(0.8)^{2}}} = \frac{m_{0} c^{2}}{\sqrt{1-(0.6)^{2}}} + \frac{m_{0} c^{2}}{\sqrt{1-\beta^{2}}} \tag{1}
\]

\[
\frac{M_{0} \times 0.8 c}{\sqrt{1-(0.8)^{2}}} = \frac{m_{0} c \beta \cos \theta}{\sqrt{1-\beta^{2}}} \tag{2}
\]

\[
0 = \frac{m_{0}(-0.6 c)}{\sqrt{1-(0.6)^{2}}} + \frac{m_{0} c \beta \sin \theta}{\sqrt{1-\beta^{2}}} \tag{3}
\]

From equations (2) and (3), we find:

\[
\frac{m_{0}^{2} \beta^{2}}{1-\beta^{2}} = \frac{16}{9} M_{0}^{2} + \frac{9}{16} m_{0}^{2} = \frac{256 M_{0}^{2} + 81 m_{0}^{2}}{144}
\]

\[
\beta^{2} = \frac{256 M_{0}^{2} + 81 m_{0}^{2}}{256 M_{0}^{2} + 225 m_{0}^{2}}
\]

\[
1-\beta^{2} = \frac{144 m_{0}^{2}}{256 M_{0}^{2} + 225 m_{0}^{2}} \tag{4}
\]

From equation (3),

\[
\begin{gathered}
\sin \theta = \frac{3}{4} \times \frac{\sqrt{1-\beta^{2}}}{v} = 0.1334 \\
\theta = 0.134 \text{ rad or } 7^{\circ} 40^{\prime}
\end{gathered}
\]","\boxed{0.134, 7^{\circ} 40^{\prime}}","NV, NV","\text{rad}, \text{None}",True,EN,Laws Application
2518,Mechanics and Thermodynamics,Relativity,Special Relativity,"According to the gravitational redshift formula of general relativity, what must be the radius of a celestial body with a mass equal to the solar mass ($M = 2 \times 10^{33} \mathrm{~g}$) for light to be unable to escape from the body?","Based on the gravitational redshift formula given by general relativity, the frequency of a photon with frequency $\nu$ when it leaves the surface of the celestial body and travels to infinity is

$$
\nu^{\prime} = \nu \left[1 - \frac{G M}{R c^{2}}\right]
$$

Unable to escape means $\nu^{\prime} < 0$, which leads to

$$
1 - \frac{G M}{R c^{2}} < 0, \quad R < \frac{G M}{c^{2}}
$$

The result is $R < 1.48 \times 10^{3} \mathrm{~m}$, consistent with the first method.","\boxed{( - \infty, 1.48 \times 10^{3} )}",IN,\mathrm{m},False,EN,Laws Application
2519,Mechanics and Thermodynamics,Relativity,Special Relativity,"A spaceship is traveling away from Earth at a speed of $v=0.8c$. When the distance to Earth is measured as $6.66 \times 10^{8} \ \mathrm{km}$ in the Earth's frame of reference, a radio signal is sent from an observer on Earth to the spaceship. How much time does it take for the signal to reach the spaceship in the spaceship's frame of reference?","Let Earth be the $S$ frame and the spaceship be the $S^{\prime}$ frame. At $t=t^{\prime}=0$, $x=x^{\prime}=0$, and the $S^{\prime}$ frame is moving with a velocity of $v=0.8c$ along the positive x-axis.
When the Earth emits the signal, $x=0$, 

$$
t=\frac{6.66 \times 10^{8} \times 10^{3}}{0.8 \times 3 \times 10^{8}}=2.775 \times 10^{3} \ \mathrm{s}
$$

Using the Lorentz transformation, when the signal is emitted,

$$
x^{\prime}=\frac{x-v t}{\sqrt{1-\left(\frac{v}{c}\right)^{2}}}=\frac{0-0.8 \times 3 \times 10^{8} \times 2.775 \times 10^{3}}{\sqrt{1-(0.8)^{2}}}=-1.11 \times 10^{12} \ \mathrm{m}
$$

When the spaceship receives the signal $x^{\prime}=0$, the time measured in the spaceship's frame from when the signal is emitted to when it is received is

$$
\Delta t^{\prime}=\frac{0-\left(-1.11 \times 10^{12}\right)}{3 \times 10^{8}}=3.7 \times 10^{3} \ \mathrm{s}
$$",\boxed{3.7 \times 10^{3}},NV,\mathrm{s},False,EN,Practical Application
2522,Mechanics and Thermodynamics,Relativity,Special Relativity,"Find the transformation relation of four-dimensional momentum used for $\beta_{0}$, which cannot be used for the transformation between pre-collision and post-collision but can be used between two reference frames before collision, and also between two reference frames after collision. Question: Are the formulas and calculations presented in solutions (1), (2), and (3) valid?","Therefore, the formulas and calculations presented in solutions (1), (2), and (3) are all valid.",\boxed{Yes},TF,,False,EN,Laws Application
2523,Mechanics and Thermodynamics,Relativity,Special Relativity,Find the relativistic correction for a stationary electron with rest mass \(m\) and charge \(-e\) in the Coulomb field of a stationary nucleus with charge \(Ze\). This is to be accomplished by deriving the Lagrangian \(L\) and the corresponding constant of energy \(E\).,"\[
L = -mc^{2} \sqrt{1-\beta^{2}} + \frac{Ze^{2}}{4\pi\varepsilon_{0}r}
\]

where

\[
\beta^{2} = \frac{1}{c^{2}} \left(\dot{r}^{2} + r^{2} \dot{\varphi}^{2}\right)
\]

Since

\[
\frac{\partial L}{\partial t} = 0,
\]

we have

\[
\frac{\partial L}{\partial \dot{r}} \dot{r} + \frac{\partial L}{\partial \dot{\varphi}} \dot{\varphi} - L = \text{constant}
\]

\[
\frac{\partial L}{\partial \dot{r}} = \frac{m \dot{r}}{\sqrt{1-\beta^{2}}}
\]

\[
\frac{\partial L}{\partial \dot{\varphi}} = \frac{m r^{2} \dot{\varphi}}{\sqrt{1-\beta^{2}}}
\]

\[
\frac{\partial L}{\partial \dot{r}} \dot{r} + \frac{\partial L}{\partial \dot{\varphi}} \dot{\varphi} - L = \frac{m \dot{r}^{2}}{\sqrt{1-\beta^{2}}} + \frac{m r^{2} \dot{\varphi}^{2}}{\sqrt{1-\beta^{2}}} + mc^{2} \sqrt{1-\beta^{2}} - \frac{Ze^{2}}{4\pi\varepsilon_{0}r}
\]

\[
= \frac{mc^{2} \beta^{2}}{\sqrt{1-\beta^{2}}} + \frac{mc^{2}(1-\beta^{2})}{\sqrt{1-\beta^{2}}} - \frac{Ze^{2}}{4\pi\varepsilon_{0}r} = \frac{mc^{2}}{\sqrt{1-\beta^{2}}} - \frac{Ze^{2}}{4\pi\varepsilon_{0}r}
\]

\[
\frac{mc^{2}}{\sqrt{1-\beta^{2}}} - \frac{Ze^{2}}{4\pi\varepsilon_{0}r} = E
\]",\boxed{E = \frac{mc^{2}}{\sqrt{1-\beta^{2}}} - \frac{Ze^{2}}{4\pi\varepsilon_{0}r}},EQ,,False,EN,Math Derivation
2526,Mechanics and Thermodynamics,Relativity,Special Relativity,"Observer 1 sees a particle moving at a velocity \( v \) along a straight trajectory at an angle \( \varphi \) with respect to his \( z \)-axis. Observer 2 is moving at a velocity \( V \) relative to observer 1 in the \( z \)-direction. Determine the velocity of the particle as measured by observer 2, and provide the expression under general conditions.","Let observers 1 and 2 have rest reference frames \( S \) and \( S^{\prime} \), respectively. The coordinates are parallel to each other, with the \( x \)- and \( x^{\prime} \)-axes lying in the plane determined by \( v \) and \( \boldsymbol{V} \). The angles \( \varphi \) and \( \varphi^{\prime} \) are the angles between the particle's velocities \( v \) and \( v^{\prime} \) with respect to the \( z \)- and \( z^{\prime} \)-axes in the \( S \) and \( S^{\prime} \) frames, respectively.

Using the velocity transformation formulas:

$$
\begin{aligned}
v_{z}^{\prime} &= \frac{v \cos \varphi - V}{1 - \frac{V v \cos \varphi}{c^{2}}}, \\
v_{x}^{\prime} &= \frac{v \sin \varphi \sqrt{1 - \frac{V^{2}}{c^{2}}}}{1 - \frac{V v \cos \varphi}{c^{2}}}, \\
v^{\prime} &= \sqrt{{v_{x}^{\prime}}^2 + {v_{y}^{\prime}}^2 + {v_{z}^{\prime}}^2} = \frac{\sqrt{v^{2} + V^{2} - 2 v V \cos \varphi - \frac{v^{2} V^{2}}{c^{2}} \sin^{2} \varphi}}{1 - \frac{V v \cos \varphi}{c^{2}}}.
\end{aligned}
$$","\boxed{v_{z}^{\prime} = \frac{v \cos \varphi - V}{1 - \frac{V v \cos \varphi}{c^{2}}}, v_{x}^{\prime} = \frac{v \sin \varphi \sqrt{1 - \frac{V^{2}}{c^{2}}}}{1 - \frac{V v \cos \varphi}{c^{2}}}, v^{\prime} = \frac{\sqrt{v^{2} + V^{2} - 2 v V \cos \varphi - \frac{v^{2} V^{2}}{c^{2}} \sin^{2} \varphi}}{1 - \frac{V v \cos \varphi}{c^{2}}}}",EX,"None, None, None",True,EN,Laws Application
2527,Mechanics and Thermodynamics,Relativity,Special Relativity,"A train is moving at a constant velocity of \( v = 0.6c \) (where \( c \) is the speed of light in a vacuum). The time taken for the train to pass two points \( A \) and \( B \) on the ground is 40 minutes (measured by a stationary clock on the train). Determine how much faster the clock at point \( B \) on the ground appears to be, compared to the clock at point \( A \) from the perspective of an observer on the train.","Method 1: In the \( S \) frame, the elapsed time is \( \Delta t \), and for an observer in the \( S^{\prime} \) frame, the clock in the \( S \) frame appears as a moving clock. Due to the time dilation effect, the elapsed time should be \( \Delta t^{\prime} \sqrt{1-\left(\frac{v}{c}\right)^{2}} \). Hence, from the observer's perspective, the clock at point \( B \) is faster than the clock at point \( A \) by an amount

\[
\begin{aligned}
\delta & = \Delta t - \Delta t^{\prime} \sqrt{1-\left(\frac{v}{c}\right)^{2}} = \Delta t^{\prime}\left[\frac{1}{\sqrt{1-\left(\frac{v}{c}\right)^{2}}} - \sqrt{1-\left(\frac{v}{c}\right)^{2}}\right] \\
& = \frac{\Delta t^{\prime}\left(\frac{v}{c}\right)^{2}}{\sqrt{1-\left(\frac{v}{c}\right)^{2}}} = 18 \, \text{min}
\end{aligned}
\]

Method 2: Directly use the time difference formula

\[
\delta = \frac{v}{c^{2}} \Delta x = \frac{v}{c^{2}} \Delta L = \frac{0.6c}{c^{2}} \times 5.4 \times 10^{11} = 1.06 \times 10^{3} \, \text{s} = 18 \, \text{min}
\]",\boxed{18},NV,,False,EN,Laws Application
2528,Mechanics and Thermodynamics,Relativity,Special Relativity,"Using $p_{i} = \frac{E_{i}}{c}$, $p_{f} = \frac{E_{f}}{c}$, $\boldsymbol{p}_{i} \cdot \boldsymbol{p}_{f} = \frac{E_{i} E_{f}}{c^{2}} \cos \theta$, find the relationship between the photon energies $E_{i}$ and $E_{f}$ and the angle $\theta$.","Using $p_{i} = \frac{E_{i}}{c}$, $p_{f} = \frac{E_{f}}{c}$, $\boldsymbol{p}_{i} \cdot \boldsymbol{p}_{f} = \frac{E_{i} E_{f}}{c^{2}} \cos \theta$, substitute into

\[
\left(E_{i} + m_{\mathrm{e}} c^{2} - E_{f}\right)^{2} = m_{\mathrm{e}}^{2} c^{4} + \left(p_{i}^{2} + p_{f}^{2} - 2 \boldsymbol{p}_{i} \cdot \boldsymbol{p}_{f}\right) c^{2} 
\]

Simplifying yields

\[
E_{i} E_{f}(1 - \cos \theta) = m_{\mathrm{e}} c^{2} (E_{i} - E_{f})
\]

\[
1 - \cos \theta = m_{\mathrm{e}} c^{2} \left(\frac{1}{E_{f}} - \frac{1}{E_{i}}\right)
\]",\boxed{1 - \cos \theta = \frac{m_{\mathrm{e}} c^{2}}{E_{f}} - \frac{m_{\mathrm{e}} c^{2}}{E_{i}}},EQ,,False,EN,Math Derivation
2534,Mechanics and Thermodynamics,Relativity,Special Relativity,Find the threshold energy $E_{0}$ for this reaction to occur. Does this particle undergo any changes before and after the reaction?,"The reaction equation is

$$
\gamma + \text{particle} \rightarrow \mathrm{e}^{-} + \mathrm{e}^{+} + \text{particle}
$$

The threshold energy $E_{0}$ is obviously related to how much kinetic energy the participating particle has. We will now determine the threshold energy $E_{0}$ when the particle is at rest before the reaction, i.e., when its kinetic energy is zero.

Let the rest mass of the electron and positron be $m$. When the photon has the threshold energy $E_{0}$, after the reaction, in the center of momentum frame, the particle, electron, and positron are all at rest. Using the Lorentz invariant $E^2-c^2 p^2$,

$$
\left(E_{0}+m_{1} c^2\right)^2 - c^2 p_{0}^2 = \left(2 m c^2 + m_{1} c^2\right)^2
$$

where $p_{0}$ is the threshold momentum of the photon. We obtain

$$
\begin{gathered}
p_{0} = \frac{E_{0}}{c} \\
E_{0} = \frac{2 m\left(m + m_{1}\right)}{m_{1}} c^2
\end{gathered}
$$

The energy calculated for the photon in question 12.3.41 is not the threshold energy when the particle is at rest before the reaction. To calculate the threshold energy, we must consider the scenario where all particles after the reaction are at rest in the center of momentum frame.

A particle with the rest mass $m_{1}$ is at rest in the laboratory frame before the reaction. After the reaction, when the $\gamma$ quantum has the threshold energy $E_{0}$, it is at rest in the center of momentum frame and has the speed of the center of momentum frame in the laboratory frame. Therefore, it cannot be said that no changes have occurred.

If the participating particle is not at rest before the reaction, both mathematically and physically, the threshold energy $E_{0}$ will decrease as its kinetic energy increases.","\boxed{\frac{2 m\left(m + m_{1}\right)}{m_{1}} c^2, No}","EX, TF","c^2, None",True,EN,Math Derivation
2539,Mechanics and Thermodynamics,Relativity,Special Relativity,"In a high-energy proton-proton collision, when an incident proton strikes a stationary proton, the target disintegrates into a proton and four charged $\pi$ mesons. Determine the minimum energy required by the incident particle. It is given that the mass of each $\pi$ meson is $m_{\pi} c^{2} = 0.140 \mathrm{GeV}$ and the mass of the proton is $m_{\mathrm{p}} c^{2} = 0.938 \mathrm{GeV}$.","For an isolated system, the quantity $E^{2}-c^{2} p^{2}$ is invariant before and after the reaction across different reference frames. The left side of the equation considers the pre-reaction state using the laboratory frame of reference, while the right side considers the post-reaction state using the center-of-momentum frame, where all final state particles are at rest.

Reaction:
$$
\begin{gathered}
\mathrm{p}+\mathrm{p} \rightarrow \mathrm{p}+(\mathrm{p}+4 \pi) \\
\left(E_{0}+m_{\mathrm{p}} c^{2}\right)^{2}-c^{2} p_{0}^{2}=\left(2 m_{\mathrm{p}} c^{2}+4 m_{\pi} c^{2}\right)^{2}
\end{gathered}
$$

where $p_{0}$ is the threshold momentum.

Thus:
$$
\begin{gathered}
E_{0}^{2}=c^{2} p_{0}^{2}+m_{\mathrm{p}}^{2} c^{4} \\
E_{0}=\frac{\left(m_{\mathrm{p}}^{2}+8 m_{\mathrm{p}} m_{\pi}+8 m_{\pi}^{2}\right) c^{2}}{m_{\mathrm{p}}}=2.225 \mathrm{GeV}
\end{gathered}
$$",\boxed{2.225},NV,\mathrm{GeV},False,EN,Laws Application
2546,Mechanics and Thermodynamics,Relativity,Special Relativity,"Calculate the first-order and second-order Doppler shift of the $\mathrm{H}_{\beta}$ radiation ($\lambda=4861.33 \AA$) in terms of $\frac{v}{c}$. This shift is the frequency difference between the radiation from a proton accelerated through a 20 kV potential difference and the radiation from a stationary proton. Assume that after being accelerated, the proton continues to move at a constant velocity and that the optical axis of the spectrometer is collinear with the direction of the proton's motion.","The energy gained by the proton accelerated in the electric field with a potential difference $\Delta V = 20 \mathrm{kV}$ is

$$
E = 20 \mathrm{keV} = 20 \times 10^{3} \times 1.60 \times 10^{-19} = 3.2 \times 10^{-15} \mathrm{~J}
$$

This energy is much smaller compared to the rest energy of the proton $1.67 \times 10^{-27} \times (3 \times 10^{8})^{2} = 1.50 \times 10^{-10} \mathrm{~J}$, so the velocity acquired by the proton can be calculated using non-relativistic mechanics:

$$
\beta = \frac{v}{c} = \frac{1}{c} \sqrt{\frac{2E}{m}} = \frac{1}{3 \times 10^{8}} \sqrt{\frac{2 \times 3.2 \times 10^{-15}}{1.67 \times 10^{-27}}} = 6.53 \times 10^{-3}
$$

As the motion of the proton and the optical axis of the spectrometer are on the same straight line, with the proton moving away from the spectrometer, use the formula for the longitudinal Doppler effect for recession:

$$
\begin{gathered}
\lambda^{\prime} = \lambda \sqrt{\frac{1+\beta}{1-\beta}} = \lambda (1 + \beta + \frac{1}{2} \beta^{2} + \cdots) \\
\Delta \lambda = \lambda^{\prime} - \lambda = \lambda \beta + \frac{1}{2} \lambda \beta^{2} + \cdots
\end{gathered}
$$

The first-order frequency shift of the $\mathrm{H}_{\beta}$ radiation is

$$
\lambda \beta = 4861.33 \times 6.53 \times 10^{-3} = 31.7 \AA
$$

The second-order frequency shift of the $\mathrm{H}_{\beta}$ radiation is

$$
\frac{1}{2} \lambda \beta^{2} = \frac{1}{2} \times 4861.33 \times (6.53 \times 10^{-3})^{2} = 0.104\AA
$$","\boxed{31.7, 0.104}","NV, NV","\text{Ã}, \text{Ã}",True,EN,Practical Application
2547,Mechanics and Thermodynamics,Relativity,Special Relativity,"An observer $A$ stationary with respect to a finite star system sees an isotropic distribution of stars. If the total number of stars visible to $A$ is $N$, then the number of stars seen within a solid angle $\mathrm{d} \Omega$ is \[ \mathrm{d} N(\theta, \varphi) = \frac{N}{4 \pi} \mathrm{~d} \Omega(\theta, \varphi) \] where $\mathrm{d} \Omega(\theta, \varphi) = \sin \theta \mathrm{d} \theta \mathrm{d} \varphi$ is the solid angle spanned by $\theta \sim \theta+\mathrm{d} \theta, \varphi \sim \varphi+\mathrm{d} \varphi$. Another observer $B$, moving in a reference frame along the $z$-axis with velocity $V$, can see every star observed by $A$. Find the number of stars seen by observer $B$ within a unit solid angle at $\theta^{\prime}, \varphi^{\prime}$, denoted as $N\left(\theta^{\prime}, \varphi^{\prime}\right)$.","Using the result obtained from the previous problem: \[ \mathrm{d} \Omega^{\prime} = \frac{c^{2}-V^{2}}{(c-V \cos \theta)^{2}} \mathrm{~d} \Omega \] Rewriting it as \[ \mathrm{d} \Omega = \frac{c^{2}-(-V)^{2}}{\left[c-(-V) \cos \theta^{\prime}\right]^{2}} \mathrm{~d} \Omega^{\prime} = \frac{c^{2}-V^{2}}{\left(c+V \cos \theta^{\prime}\right)^{2}} \mathrm{~d} \Omega^{\prime} \] The number of stars observer $A$ sees in $\mathrm{d} \Omega(\theta, \varphi)$ is also the number observer $B$ sees in $\mathrm{d} \Omega^{\prime}\left(\theta^{\prime}, \varphi^{\prime}\right)$. Hence, \[ \mathrm{d} N\left(\theta^{\prime}, \varphi^{\prime}\right) = \mathrm{d} N(\theta, \varphi) = \frac{N}{4 \pi} \frac{c^{2}-V^{2}}{\left(c+V \cos \theta^{\prime}\right)^{2}} \mathrm{~d} \Omega^{\prime}\left(\theta^{\prime}, \varphi^{\prime}\right) \] The number of stars seen by observer $B$ within a unit solid angle at $\theta^{\prime}, \varphi^{\prime}$ is \[ N\left(\theta^{\prime}, \varphi^{\prime}\right) = \frac{\mathrm{d} N\left(\theta^{\prime}, \varphi^{\prime}\right)}{\mathrm{d} \Omega^{\prime}\left(\theta^{\prime}, \varphi^{\prime}\right)} = \frac{N}{4 \pi} \frac{c^{2}-V^{2}}{\left(c+V \cos \theta^{\prime}\right)^{2}} \]

In the previous problem, $\varphi^{\prime}=\varphi, \mathrm{d} \varphi^{\prime}=\mathrm{d} \varphi$ was used without proof. Here is the proof:

\[ \begin{gathered} u_{x}^{\prime} = \frac{u_{x} \sqrt{1-\left(\frac{V}{c}\right)^{2}}}{1-\frac{V}{c^{2}} u_{z}}, \quad u_{y}^{\prime} = \frac{u_{y} \sqrt{1-\left(\frac{V}{c}\right)^{2}}}{1-\frac{V}{c^{2}} u_{z}} \\ \frac{u_{y}^{\prime}}{u_{x}^{\prime}} = \frac{u_{y}}{u_{x}}, \quad \text { i.e., } \tan \varphi^{\prime} = \tan \varphi \end{gathered} \]

Therefore, $\varphi^{\prime} = \varphi, \mathrm{d} \varphi^{\prime} = \mathrm{d} \varphi$.",\boxed{\frac{N}{4 \pi} \frac{c^{2}-V^{2}}{\left(c+V \cos \theta^{\prime}\right)^{2}}},EX,,False,EN,Math Derivation
2548,Mechanics and Thermodynamics,Relativity,Special Relativity,"A relativistic particle with mass $m$, charge $e$, and velocity $\boldsymbol{v}$ moves in an electromagnetic field with vector potential $\boldsymbol{A}$. Its Lagrangian function is given by

$$
L=-m c^{2} \sqrt{1-\frac{v^{2}}{c^{2}}}+e \boldsymbol{A} \cdot \boldsymbol{v}
$$

The magnetic field generated by a magnetic dipole with a magnetic moment $M_{0}$ located at the origin and aligned along the $z$-axis can be described by the vector potential $\boldsymbol{A}=\frac{\mu_{0}}{4 \pi} \frac{M_{0} \sin \theta}{r^{2}} \boldsymbol{e}_{\varphi}$, where $r, \theta, \varphi$ are spherical coordinates. Find $p_{\varphi}$ and prove that it is a constant of motion.","$$
L=-m c^{2} \sqrt{1-\frac{v^{2}}{c^{2}}}+\frac{e \mu_{0}}{4 \pi} \frac{M_{0} \sin \theta}{r^{2}} \boldsymbol{e}_{\varphi} \cdot \boldsymbol{v}=-m c^{2} \sqrt{1-\frac{v^{2}}{c^{2}}}+\frac{\mu_{0}}{4 \pi} \frac{e M_{0}}{r} \sin^{2} \theta \dot{\varphi}
$$

where $v^{2}=\dot{r}^{2}+r^{2} \dot{\theta}^{2}+r^{2} \sin^{2} \theta \dot{\varphi}^{2}$,

$$
\begin{aligned}
p_{\varphi} & =\frac{\partial L}{\partial \dot{\varphi}}=\frac{\partial}{\partial v^{2}}\left(-m c^{2} \sqrt{1-\frac{v^{2}}{c^{2}}}\right) \frac{\partial v^{2}}{\partial \dot{\varphi}}+\frac{\mu_{0}}{4 \pi} \frac{e M_{0}}{r} \sin^{2} \theta \\
& =\frac{m}{\sqrt{1-\frac{v^{2}}{c^{2}}}} r^{2} \sin^{2} \theta \dot{\varphi}+\frac{\mu_{0}}{4 \pi} \frac{e M_{0}}{r} \sin^{2} \theta
\end{aligned}
$$

Since $\frac{\partial L}{\partial \varphi}=0$, $p_{\varphi}$ is a constant (as $\varphi$ is a cyclic coordinate).","\
\boxed{\frac{m}{\sqrt{1-\frac{v^{2}}{c^{2}}}} r^{2} \sin^{2} \theta \dot{\varphi}+\frac{\mu_{0}}{4 \pi} \frac{e M_{0}}{r} \sin^{2} \theta}",EX,,False,EN,Math Derivation
2553,Mechanics and Thermodynamics,Relativity,Special Relativity,"A particle with rest mass \(m\) and charge \(q\) moves in a circular path with radius \(R\) in the \(xy\)-plane within a uniform magnetic field \(\boldsymbol{B}=B \boldsymbol{k}\). The magnetic field \(\boldsymbol{B}\) does no work on the particle, so the particle's speed remains constant. However, another observer moving at a constant velocity \(V \boldsymbol{i}\) sees the particle's speed as variable. What is \(u_{4}^{\prime}\), the fourth component of the four-velocity of the particle as measured by this observer? (The particle's four-velocity vector is defined as \(\gamma_{\mu} u, \gamma_{\mu} c\)).","The four-velocity vector is defined as

\[
u_{\mu}=\left(\gamma_{u} u_{x}, \gamma_{u} u_{y}, \gamma_{u} u_{z}, \gamma_{u} c\right)
\]

Let \(S\) and \(S^{\prime}\) be the laboratory frame and the observer’s frame, respectively. Using the Lorentz transformation, we have

\[
u_{4}^{\prime}=\gamma \gamma_{u_{4}} - \gamma \frac{v}{c} u_{1}
\]

That is,

\[
\begin{aligned}
\gamma &= \frac{1}{\sqrt{1-\left(\frac{v}{c}\right)^{2}}} \\
\gamma_{u}^{\prime} c &= \gamma\left(\gamma_{u} c - \frac{v}{c} u_{1}\right) \\
&= \gamma\left(\gamma_{u} c - \frac{v}{c} \gamma_{u} \dot{x}\right) \\
&= \gamma \gamma_{u}\left[c - \frac{v}{c} R \cos (\omega t + \alpha)\right]
\end{aligned}
\]

Replacing \(t\) with proper time, \(t=\gamma_{u} \tau\) (\(\tau\) is proper time), then

\[
u_{4}^{\prime} = \gamma_{u}^{\prime} c = \gamma \gamma_{u}\left[c - \frac{v}{c} R \omega \cos \left(\omega \gamma_{u} \tau + \alpha\right)\right]
\]

Additionally, express \(\gamma_{u}\) as a function of the known quantities \(m, q, R, B\),

\[
\begin{aligned}
u^{2} &= (R \omega)^{2} = R^{2}\left(\frac{q B}{m}\right)^{2}\left(1 - \frac{u^{2}}{c^{2}}\right) \\
u^{2} &= \frac{(R q B c)^{2}}{(m c)^{2} + (R q B)^{2}} \\
\gamma_{u} &= \frac{1}{\sqrt{1 - \frac{u^{2}}{c^{2}}}} = \frac{1}{m c} \sqrt{(m c)^{2} + (R q B)^{2}}
\end{aligned}
\]

Thus,

\[
u_{4}^{\prime} = \frac{\gamma}{m}\left[\sqrt{(m c)^{2} + (R q B)^{2}} - \frac{v}{c} R q B \cos \left(\frac{q B}{m} \tau + \alpha\right)\right]
\]

where \(\gamma = \frac{1}{\sqrt{1-\left(\frac{v}{c}\right)^{2}}}\)","\[
\boxed{\frac{\gamma}{m}\left[\sqrt{(m c)^{2}+(R q B)^{2}}-\frac{v}{c} R q B \cos \left(\frac{q B}{m} \tau+\alpha\right)\right]}
\]",EX,,False,EN,Math Derivation
2554,Mechanics and Thermodynamics,Relativity,Special Relativity,"A particle with a rest mass \(m\) and charge \(q\) is moving in circular motion with radius \(R\) in the \(xy\) plane within a uniform magnetic field \(\boldsymbol{B}=B \boldsymbol{k}\). Find the relationship between \(B\) and \(q\), \(R\), \(m\), and the angular frequency \(\omega\).","In the laboratory reference frame (\(S\) system), the dynamical equation is

\[
\frac{\mathrm{d} \boldsymbol{p}}{\mathrm{~d} t}=q \boldsymbol{u} \times \boldsymbol{B}
\]

Since \(\boldsymbol{p} \parallel \dot{\boldsymbol{u}}\),

\[
\boldsymbol{p} \cdot \frac{\mathrm{d} \boldsymbol{p}}{\mathrm{~d} t}=\frac{1}{2} \frac{\mathrm{~d} \boldsymbol{p}^{2}}{\mathrm{~d} t}=(q \boldsymbol{u} \times \boldsymbol{B}) \cdot \boldsymbol{p}=0
\]

The magnitude of \(p\) remains constant, thus the magnitude of \(u\) also remains constant,

\[
\gamma_{u}=\frac{1}{\sqrt{1-\left(\frac{u}{c}\right)^{2}}}
\]

is constant. Since \(\boldsymbol{p}=m \gamma_{u} \boldsymbol{u}\), the dynamical equation can be rewritten as

\[
\gamma_{u} m \frac{\mathrm{~d} \boldsymbol{u}}{\mathrm{~d} t}=q \boldsymbol{u} \times \boldsymbol{B}
\]

Substituting \(\boldsymbol{u}=\dot{x} \boldsymbol{i}+\dot{y} \boldsymbol{j}, \boldsymbol{B}=B \boldsymbol{k}\),

\[
\begin{align*}
\gamma_{u} m \ddot{x} &= q B \dot{y}  \tag{1} \\
\gamma_{u} m \ddot{y} &= -q B \dot{x} \tag{2}
\end{align*}
\]

Multiply equation (1) by \(i\) and add to equation (2), and let \(\xi=\dot{x}+i \dot{y}\), then

\[
\begin{aligned}
\dot{\xi} &= -i \frac{q B}{m \gamma_{u}} \xi \\
\xi &= \xi_{0} \exp \left(-i \frac{q B}{m \gamma_{u}} t\right)
\end{aligned}
\]

Both \(\xi\) and \(\xi_{0}\) are complex numbers, let \(\xi_{0}=\left|\xi_{0}\right| e^{-i \alpha}\), then

\[
\begin{align*}
\dot{x} &= \operatorname{Re} \xi=\left|\xi_{0}\right| \cos \left(\frac{q B}{m \gamma_{u}} t+\alpha\right) \\
\dot{y} &= \operatorname{Im} \xi=-\left|\xi_{0}\right| \sin \left(\frac{q B}{m \gamma_{u}} t+\alpha\right) \\
x &= x_{0}+\left|\xi_{0}\right| \frac{m \gamma_{u}}{q B} \sin \left(\frac{q B}{m \gamma_{u}} t+\alpha\right)=x_{0}+R \sin (\omega t+\alpha) \\
y &= y_{0}+\left|\xi_{0}\right| \frac{m \gamma_{u}}{q B} \cos \left(\frac{q B}{m \gamma_{u}} t+\alpha\right)=y_{0}+R \cos (\omega t+\alpha)
\end{align*}
\]

where

\[
\omega=\frac{q B}{m \gamma_{u}}, \quad R=\left|\xi_{0}\right| \frac{m \gamma_{u}}{q B}, \quad \left|\xi_{0}\right|=R \omega
\]

Because

\[
B=\frac{1}{q} m \gamma_{u} \omega=\frac{1}{q} m \omega \frac{1}{\sqrt{1-\left(\frac{u}{c}\right)^{2}}}
\]

and

\[
u=\sqrt{\dot{x}^{2}+\dot{y}^{2}}=\left|\xi_{0}\right|=R \omega
\]

Therefore

\[
B=\frac{m \omega}{q \sqrt{1-\left(\frac{R \omega}{c}\right)^{2}}}
\]",\boxed{B=\frac{m \omega}{q \sqrt{1-\left(\frac{R \omega}{c}\right)^{2}}}},EQ,,False,EN,Math Derivation
2560,Mechanics and Thermodynamics,Relativity,Special Relativity,"On the journey to the destination, B travels at a very high speed $v$, receiving pulses sent by A (who remains at home). How many pulses in total does B receive on the journey to the destination?","On the journey to the destination, B receives the frequency of the Doppler-shifted pulses sent by A as

$$
\nu_1 = \nu_0 \sqrt{\frac{1-\frac{v}{c}}{1+\frac{v}{c}}} = \sqrt{\frac{1-\frac{v}{c}}{1+\frac{v}{c}}}
$$

In total, B receives $t_1 \sqrt{\frac{1-\frac{v}{c}}{1+\frac{v}{c}}}$ pulses.",\boxed{t_1 \sqrt{\frac{1-\frac{v}{c}}{1+\frac{v}{c}}}},EX,,False,EN,Laws Application
2562,Mechanics and Thermodynamics,Relativity,Special Relativity,"A beam of $\mathrm{K}_{l}^{0}$ mesons, with a flux of $10^{6}$ per second and traveling at $\beta=\frac{v}{c}=\frac{1}{\sqrt{2}}$, interacts with a lead block. The reaction is given by

$$
\mathrm{K}_{l}^{0} + \text{lead block} \rightarrow \mathrm{K}_{s}^{0} + \text{lead block}
$$

The internal state of the lead block remains the same before and after the reaction, and the direction of motion for the incoming $\mathrm{K}_{l}^{0}$ and the outgoing $\mathrm{K}_{s}^{0}$ is also the same. Using $m\left(\mathrm{K}_{l}\right)=5 \times 10^{8} \mathrm{eV}/c^{2}$ and $m\left(\mathrm{K}_{l}\right)-m\left(\mathrm{K}_{s}\right)=3.5 \times 10^{-6} \mathrm{eV}/c^{2}$, calculate the energy and momentum of the incoming $\mathrm{K}_{l}$ meson.","Let $m_{l}$ and $m_{s}$ represent $m\left(\mathrm{K}_{l}\right)$ and $m\left(\mathrm{K}_{s}\right)$, respectively. The energy and momentum of an incoming $\mathrm{K}_{l}$ meson are given by

$$
\begin{gathered}
E_{l}=m_{l} \gamma c^{2}=\frac{m_{l} c^{2}}{\sqrt{1-\frac{1}{2}}}=\sqrt{2} m_{l} c^{2} \\
p_{l}=m_{l} \gamma \beta c=\sqrt{2} \frac{1}{\sqrt{2}} m_{l} c=m_{l} c
\end{gathered}
$$","\boxed{\sqrt{2} m_{l}, m_{l}}","EX, EX",,True,EN,
2565,Mechanics and Thermodynamics,Relativity,Special Relativity,"Consider the photoproduction reaction of the $\pi$ meson:

$$
\gamma + \mathrm{p} \rightarrow \mathrm{p} + \pi^{0}
$$

The rest energy of the proton is $938\, \mathrm{MeV}$, and the rest energy of the $\pi^{0}$ meson is $135\, \mathrm{MeV}$. The average photon energy of the 3 K isotropic cosmic microwave background radiation is approximately $10^{-3}\, \mathrm{eV}$. Consider a head-on collision between a proton and a photon with energy $10^{-3}\, \mathrm{eV}$, and find the minimum proton energy required for this photoproduction of the $\pi$ meson to occur.","Method 1: The required proton energy can be minimized when the momentum directions of the two particles (photon and proton) are opposite,

$$
\left(E_{\gamma} + m_{\mathrm{p}} c^2 \gamma\right)^{2} - c^{2} \left(\frac{E_{\gamma}}{c} - m_{\mathrm{p}} \beta c\right)^{2} = \left(m_{\mathrm{p}} c^{2} + m_{\pi} c^{2}\right)^{2}
$$

where $\beta c$ is the velocity of the proton with the minimum energy at which the reaction can occur, and $\gamma = \frac{1}{\sqrt{1 - \beta^{2}}}$. Solving the above equation, we find

$$
\gamma(1+\beta) = \frac{\left(m_{\pi}^{2} + 2 m_{\pi} m_{\mathrm{p}}\right) c^{4}}{2 \cdot E_{\gamma} \cdot m_{\mathrm{p}} c^{2}} = \frac{(135)^{2} + 2 \times 938 \times 135}{2 \times 10^{-3} \times 10^{-6} \times 938} = 1.447 \times 10^{11}
$$

$$
\sqrt{\frac{1+\beta}{1-\beta}} = 1.447 \times 10^{11}, \beta \approx 1
$$

The minimum required proton energy is

$$
E_{\mathrm{p}} = \gamma m_{\mathrm{p}} c^{2} = 7.235 \times 10^{10} \times 938 = 6.79 \times 10^{13} \mathrm{MeV}
$$

Method 2: To utilize the result from (1), an $S^{\prime}$ frame is found such that the photon with energy $10^{-3}\, \mathrm{eV}$ in the laboratory frame (frame $S$) has the threshold energy $144.7\, \mathrm{MeV}$ in the $S^{\prime}$ frame, where the proton can be at rest. The energy of this proton in the $S$ frame, calculated via Lorentz transformation, is the minimum energy sought.

There is a Lorentz transformation relationship between the photon's energy in frames $S$ and $S^{\prime}$. Let the velocity of frame $S^{\prime}$ relative to $S$ be $\beta c$, along the direction of the photon's motion in $S$, we find

$$
\begin{aligned}
\frac{E_{\gamma}^{\prime}}{c} &= \gamma\left(\frac{E_{\gamma}}{c} - \beta \frac{E_{\gamma}}{c}\right)\\
E_{\gamma}^{\prime} &= E_{\gamma} \frac{1-\beta}{\sqrt{1-\beta^{2}}} = E_{\gamma} \sqrt{\frac{1-\beta}{1+\beta}} \\
\beta &= \frac{\left(\frac{E_{\gamma}}{E_{\gamma}^{\prime}}\right)^{2} - 1}{\left(\frac{E_{\gamma}}{E_{\gamma}^{\prime}}\right)^{2} + 1} \\
1-\beta^{2} &\approx 4\left(\frac{E_{\gamma}}{E_{\gamma}^{\prime}}\right)^{2}, \quad \gamma \approx \frac{1}{2}\left(\frac{E_{\gamma}^{\prime}}{E_{\gamma}}\right)
\end{aligned}
$$

Substituting $E_{\gamma} = 10^{-3}\, \mathrm{eV},\, E_{\gamma}^{\prime} = 144.7\, \mathrm{MeV}$, we have

$$
\beta \approx -1, \quad \gamma = 7.235 \times 10^{10}
$$

Further, applying Lorentz transformation relations for the proton's energy between frames $S$ and $S^{\prime}$. In $S^{\prime}$ frame, $E_{\mathrm{p}}^{\prime} = m_{\mathrm{p}} c^{2},\, p^{\prime}=0$,

$$
\begin{aligned}
\frac{E_{\mathrm{p}}}{c} &= \beta \gamma \cdot p^{\prime} + \gamma \frac{E_{\mathrm{p}}^{\prime}}{c}\\
E_{\mathrm{p}} &= \gamma m_{\mathrm{p}} c^{2} = 7.235 \times 10^{10} \times 938 = 6.79 \times 10^{13} \mathrm{MeV}
\end{aligned}
$$",\boxed{6.79 \times 10^{13}},NV,,False,EN,Laws Application
2570,Mechanics and Thermodynamics,Relativity,Special Relativity,"In the Coulomb field of a stationary atomic nucleus with charge $Ze$, verify the relationship between $\dot{\varphi}$ and $\frac{\mathrm{d}r}{\mathrm{d}\varphi}$ for the angular momentum of the system.","Because

\[
\frac{\partial L}{\partial \varphi} = 0,
\]

therefore

\[
\frac{\partial L}{\partial \dot{\varphi}} = mh (\text{constant})
\]

\[
\frac{m r^{2} \dot{\varphi}}{\sqrt{1-\beta^{2}}} = mh
\]

\[
\dot{\varphi} = \frac{h}{r^{2}} \sqrt{1-\beta^{2}}
\]",\boxed{\dot{\varphi} = \frac{h}{r^{2}} \sqrt{1-\beta^{2}}},EQ,,False,EN,Math Derivation
2572,Mechanics and Thermodynamics,Relativity,Special Relativity,"As is well-known, planets move around the sun in elliptical orbits, but if we consider the effects of special relativity only, the orbit is a precessing ellipse.

$$  
\frac{1}{r}=\frac{1}{r_{0}}\left\{1+\varepsilon \cos \left[\alpha\left(\varphi-\varphi_{0}\right)\right]\right\}  
$$

$\alpha \neq 1$ (where $\alpha=1$ corresponds to the classical result without precession).

(1) Derive this equation and express $\alpha$ and $r_{0}$ in terms of the fundamental constants of the orbit (such as energy, angular momentum, etc.).","Solution (1)

$$  
\begin{gathered}  
L=-m c^{2} \sqrt{1-\frac{1}{c^{2}}\left(\dot{r}^{2}+r^{2} \dot{\varphi}^{2}\right)}+\frac{G M m}{r} \\  
\frac{\partial L}{\partial \dot{r}}=\frac{m \dot{r}}{\sqrt{1-\frac{v^{2}}{c^{2}}}}, \quad \frac{\partial L}{\partial r}=\frac{m r \dot{\varphi}^{2}}{\sqrt{1-\frac{v^{2}}{c^{2}}}}-\frac{G M m}{r^{2}} \\  
\frac{\partial L}{\partial \dot{\varphi}}=\frac{m r^{2} \dot{\varphi}}{\sqrt{1-\frac{v^{2}}{c^{2}}}}, \quad \frac{\partial L}{\partial \varphi}=0  
\end{gathered}  
$$

Where $v^{2}=\dot{r}^{2}+r^{2} \dot{\varphi}^{2}$,

\begin{gather*}  
\frac{\mathrm{d}}{\mathrm{~d} t}\left(\frac{m \dot{r}}{\sqrt{1-\frac{v^{2}}{c^{2}}}}\right)-\left(\frac{m r \dot{\varphi}^{2}}{\sqrt{1-\frac{v^{2}}{c^{2}}}}-\frac{G M m}{r^{2}}\right)=0  \tag{1}\\  
\frac{m r^{2} \dot{\varphi}}{\sqrt{1-\frac{v^{2}}{c^{2}}}}=J\ (\text{constant}) \tag{2}  
\end{gather*}

Substituting equation (2) into equation (1), we obtain

\begin{equation*}  
\frac{\mathrm{d}}{\mathrm{~d} t}\left(\frac{J \dot{r}}{r^{2} \dot{\varphi}}\right)-\frac{J \dot{\varphi}}{r}+\frac{G M m}{r^{2}}=0 \tag{3}  
\end{equation*}

Let $u=\frac{1}{r}, r=\frac{1}{u}, \dot{r}=-\frac{1}{u^{2}} \dot{u}, \frac{\dot{r}}{r^{2}}=-\dot{u}$,

$$  
\frac{\mathrm{d}^2 u}{\mathrm{~d} \varphi^2}=\frac{\mathrm{d} u}{\mathrm{~d} \varphi} \dot{\varphi}  
$$

Equation (3) can be transformed into

\begin{equation*}  
\frac{\mathrm{d}^{2} u}{\mathrm{~d} \varphi^{2}}+u=\frac{G M m}{J \dot{\varphi}} u^{2} \tag{4}  
\end{equation*}

Since $\frac{\partial L}{\partial t}=0$,

$$  
\begin{gathered}  
\frac{\partial L}{\partial \dot{r}} \dot{r}+\frac{\partial L}{\partial \dot{\varphi}} \dot{\varphi}-L=E\ (\text{constant}) \\  
\frac{m \dot{r}^{2}}{\sqrt{1-\frac{v^{2}}{c^{2}}}}-\frac{m r^{2} \dot{\varphi}^{2}}{\sqrt{1-\frac{v^{2}}{c^{2}}}}+m c^{2} \sqrt{1-\frac{v^{2}}{c^{2}}}-\frac{G M m}{r}=E  
\end{gathered}  
$$

We obtain

\begin{align*}  
& \frac{m c^{2}}{\sqrt{1-\frac{v^{2}}{c^{2}}}}-\frac{G M m}{r}=E \\  
& \frac{m c^{2}}{\sqrt{1-\frac{v^{2}}{c^{2}}}}=E+G M m u \tag{5}  
\end{align*}

From equation (2),

\begin{equation*}  
\dot{\varphi}=\frac{J}{m} \sqrt{1-\frac{v^{2}}{c^{2}}} u^{2} \tag{6}  
\end{equation*}

Using equations (5) and (6), equation (4) can be rewritten as

\begin{equation*}  
\frac{\mathrm{d}^{2} u}{\mathrm{~d} \varphi^{2}}+\left[1-\left(\frac{G M m}{J c}\right)^{2}\right] u=\frac{G M m E}{J^{2} c^{2}} \tag{7}  
\end{equation*}

Let

$$  
u^{\prime}=u-\frac{\frac{G M m E}{J^{2} c^{2}}}{1-\left(\frac{G M m}{J c}\right)^{2}}=u-\frac{G M m E}{(J c)^{2}-(G M m)^{2}}  
$$

Equation (7) becomes

$$  
\begin{gathered}  
\frac{\mathrm{d}^{2} u^{\prime}}{\mathrm{d} \varphi^{2}}+\left[1-\left(\frac{G M m}{J c}\right)^{2}\right] u^{\prime}=0 \\  
u^{\prime}=A \cos \left[\alpha\left(\varphi-\varphi_{0}\right)\right]  
\end{gathered}  
$$

Where

$$  
\alpha=\left[1-\left(\frac{G M m}{J c}\right)^{2}\right]^{\frac{1}{2}}  
$$

$A$ and $\varphi_{0}$ are constants.

$$  
u=\frac{G M m E}{(J c)^{2}-(G M m)^{2}}+A \cos \left[\alpha\left(\varphi-\varphi_{0}\right)\right]  
$$

$$  
\frac{1}{r}=\frac{1}{r_{0}}+A \cos \left[\alpha\left(\varphi-\varphi_{0}\right)\right]  
$$

where

$$  
\begin{gathered}  
r_{0}=\frac{(J c)^{2}-(G M m)^{2}}{G M m E} \\  
\frac{1}{r}=\frac{1}{r_{0}}\left\{1+\varepsilon \cos \left[\alpha\left(\varphi-\varphi_{0}\right)\right]\right\}  
\end{gathered}  
$$

where $\varepsilon=A r_{0}$.","\boxed{\alpha=\left[1-\left(\frac{G M m}{J c}\right)^{2}\right]^{\frac{1}{2}}, r_{0}=\frac{(J c)^{2}-(G M m)^{2}}{G M m E}}","EQ, EQ","None, \text{m}",True,EN,Math Derivation
2583,Mechanics and Thermodynamics,Relativity,Special Relativity,"In the center-of-momentum frame of the \(\mathrm{Ar}+\mathrm{U}\) system, a proton is emitted with \(\beta_{c}=0.2\) at an angle \(\theta_{c}= 60^{\circ}\) to the direction of motion. Determine the velocity \(\beta_{l} c\) and direction \(\theta_{l}\) in the laboratory frame. Approximations for non-relativistic speeds can be used, as they will not exceed a few percent discrepancy.","The velocity transformation between the center-of-momentum frame and the laboratory frame is given by:

\[
\begin{gathered}
\beta_{l x} = \frac{\beta_{c x}^{\prime} + \beta_{0}}{1 + \beta_{c x}^{\prime} \beta_{0}} = \frac{0.2 \cos 60^{\circ} + 0.175}{1 + 0.2 \cos 60^{\circ} \times 0.175} = 0.27 \\
\beta_{l y} = \frac{\beta_{c y}^{\prime} \sqrt{1 - \beta_{0}^{2}}}{1 + \beta_{c x}^{\prime} \beta_{0}} = \frac{0.2 \sin 60^{\circ} \sqrt{1-(0.175)^{2}}}{1 + 0.2 \cos 60^{\circ} \times 0.175} = 0.168 \\
\beta_{l} c = \sqrt{\beta_{l x}^{2} + \beta_{l y}^{2}} c = \sqrt{(0.27)^{2} + (0.168)^{2}} c = 0.318 c \\
\theta_{l} = \arctan \left(\frac{\beta_{l y}}{\beta_{l x}}\right) = \arctan \left(\frac{0.168}{0.27}\right) = 31.9^{\circ}
\end{gathered}
\]

Given that

\[
\begin{aligned}
& \frac{1}{1 + \beta_{c x}^{\prime} \beta_{0}} = \frac{1}{1 + 0.2 \cos 60^{\circ} \times 0.175} = 0.983 \\
& \frac{\sqrt{1-\beta_{0}^{2}}}{1 + \beta_{c x}^{\prime} \beta_{0}} = 0.983 \times \sqrt{1-(0.175)^{2}} = 0.968
\end{aligned}
\]

both differ from 1 by no more than \(4 \%\), allowing for a non-relativistic approximation,

\[
\begin{gathered}
\beta_{l x} \approx \beta_{c x}^{\prime} + \beta_{0} = 0.275 \\
\beta_{l y} \approx \beta_{c y}^{\prime} = 0.2 \times \sin 60^{\circ} = 0.173 \\
\theta_{l} \approx \arctan \left(\frac{0.173}{0.275}\right) = 32.2^{\circ}
\end{gathered}
\]","\boxed{0.318, 31.9}","NV, NV","c, ^\circ",True,EN,Practical Application
2588,Mechanics and Thermodynamics,Relativity,Special Relativity,"In particle physics, the weak interaction at high energies is particularly intriguing, where neutrino beams are produced by the decay of $\pi$ mesons and K mesons in flight. Assume a $\pi$ meson with a momentum of $200 \, \text{GeV}/c$ decays via $\pi \rightarrow \mu+\nu$ to produce a neutrino. The lifetime of the $\pi$ meson in its rest frame is $\tau_{\pi \pm} = 2.60 \times 10^{-8} \, \text{s}$, its rest energy is $139.6 \, \text{MeV}$, and the rest energy of the muon is $105.7 \, \text{MeV}$. The neutrino is massless. Calculate the minimum and maximum momentum the neutrino can have in the laboratory frame.","In the $S, \, S^{\prime}$ systems, write down the transformation relations for the first and second components of the four-dimensional momentum vector of the neutrino:

$$
\begin{gathered}
p_{\nu} \cos \theta = \gamma\left(p_{\nu}^{\prime} \cos \theta^{\prime} + \frac{\beta E_{\nu}^{\prime}}{c}\right) = \gamma p_{\nu}^{\prime}\left(\cos \theta^{\prime} + \beta\right) \\
p_{\nu} \sin \theta = p_{\nu}^{\prime} \sin \theta^{\prime} \\
p_{\nu}^{2} = \gamma^{2}{p_{\nu}^{\prime}}^{2}\left(\cos \theta^{\prime} + \beta\right)^{2} + {p_{\nu}^{\prime}}^{2} \sin^{2} \theta^{\prime}
\end{gathered}
$$

Therefore:

$$
\begin{aligned}
& \text{When } \theta^{\prime} = 0, \quad \theta = 0; \quad \theta^{\prime} = \pi, \text{ then } \theta = \pi. \\
& p_{\nu \text{max}} = \gamma p_{\nu}^{\prime} (\cos 0 + \beta) = 2 \gamma p_{\nu}^{\prime} = 2 \gamma p_{\mu}^{\prime} \\
& = 2 \times 1433 \times 29.78 = 8.53 \times 10^{4} \, \text{MeV}/c \\
& p_{\nu \text{min}} = \gamma(\cos \pi + \beta) p_{\nu}^{\prime} = \gamma(\beta - 1) p_{\mu}^{\prime}
\end{aligned}
$$

$$
\begin{gathered}
\cos \theta^{\prime} = -\frac{\gamma^{2} \beta}{\gamma^{2} - 1} \approx -\beta \approx -1, \quad \theta^{\prime} = \pi \\
\tan \theta = \frac{p_{\nu}^{\prime} \sin \theta^{\prime}}{\gamma\left(p_{\nu}^{\prime} \cos \theta^{\prime} + \beta p_{\nu}^{\prime}\right)} \\
\theta^{\prime} = 0 \text{ when, } \theta = 0; \quad \theta^{\prime} = \pi, \text{ when } \theta = \pi \\
p_{\nu \text{max}} = \gamma p_{\nu}^{\prime} (\cos 0 + \beta) = 2 \gamma p_{\nu}^{\prime} = 2 \gamma p_{\mu}^{\prime} \\
= 2 \times 1433 \times 29.78 = 8.53 \times 10^{4} \, \text{MeV}/c \\
p_{\nu \text{min}} = \gamma(\cos \pi + \beta) p_{\nu}^{\prime} = \gamma(\beta - 1) p_{\mu}^{\prime} \\
\gamma(\beta - 1) = \gamma \beta - \gamma = \sqrt{\gamma^{2} - 1} - \gamma \\
= \gamma\left(1-\frac{1}{\gamma^{2}}\right)^{\frac{1}{2}} - \gamma \approx \gamma\left(1-\frac{1}{2 \gamma^{2}}\right) - \gamma = -\frac{1}{2 \gamma} \\
p_{\nu \text{min}} = -\frac{1}{2 \gamma}\left(-p_{\mu}^{\prime}\right) = \frac{1}{2 \gamma} p_{\mu}^{\prime} = \frac{1}{2 \times 1433} \times 29.78 = 0.0104 \, \text{MeV}/c
\end{gathered}
$$

Note: The $p_{\nu \text{min}}$ written here is its magnitude, and its direction is along the negative $x$-axis $(\theta = \pi)$.","\boxed{8.53 \times 10^{4}, 0.0104}","NV, NV","\text{MeV}/c, \text{MeV}/c",True,EN,Math Derivation
2598,Mechanics and Thermodynamics,Relativity,Special Relativity,"A particle with mass \( m \) initially moves along the \( x \)-axis with velocity \( v_{0} \), and after \( t=0 \), it is subjected to a force \( F \) in the \( y \)-direction. Determine the velocity of the particle at any time \( t \).","The change in its momentum is given by

\[
\frac{\mathrm{d}}{\mathrm{d} t}\left(\frac{m \mathbf{v}}{\sqrt{1-\frac{v^{2}}{c^{2}}}}\right)=\mathbf{F}
\]

Considering the force conditions and initial conditions, the motion trajectory lies on the \( xy \) plane, and the component equations are

\[
\frac{\mathrm{d}}{\mathrm{d} t}\left(\frac{m \dot{x}}{\sqrt{1-\frac{v^{2}}{c^{2}}}}\right)=0, \quad \frac{\mathrm{~d}}{\mathrm{~d} t}\left(\frac{m \dot{y}}{\sqrt{1-\frac{v^{2}}{c^{2}}}}\right)=F
\]

At \( t=0 \), \(\dot{x}=v_{0}\), \(\dot{y}=0\). Integrating the above equations yields

\[
\begin{gathered}
\frac{m \dot{x}}{\sqrt{1-\frac{v^{2}}{c^{2}}}}=\frac{m v_{0}}{\sqrt{1-\frac{v_{0}^{2}}{c^{2}}}}, \quad \frac{m \dot{y}}{\sqrt{1-\frac{v^{2}}{c^{2}}}}=F t \\
\frac{\dot{x}^{2}+\dot{y}^{2}}{1-\frac{v^{2}}{c^{2}}}=\frac{v_{0}^{2}}{1-\frac{v_{0}^{2}}{c^{2}}}+\left(\frac{F t}{m}\right)^{2}
\end{gathered}
\]

Since \(\dot{x}^{2}+\dot{y}^{2}=v^{2}\), the equation can be rewritten as

\[
\begin{aligned}
& v^{2}=\left[\frac{v_{0}^{2}}{1-\frac{v_{0}^{2}}{c^{2}}}+\left(\frac{F t}{m}\right)^{2}\right]\left(1-\frac{v^{2}}{c^{2}}\right) \\
& v^{2}=\frac{k}{1+\frac{k}{c^{2}}}
\end{aligned}
\]

where

\[
k=\frac{v_{0}^{2}}{1-\frac{v_{0}^{2}}{c^{2}}}+\left(\frac{F t}{m}\right)^{2}
\]

Thus,

\[
1-\frac{v^{2}}{c^{2}}=\frac{c^{2}}{c^{2}+k}
\]

Therefore,

\[
\begin{aligned}
\dot{x} &= \frac{v_{0}}{\sqrt{1-\left(\frac{v_{0}}{c}\right)^{2}}} \sqrt{1-\frac{v^{2}}{c^{2}}}=\frac{v_{0}}{\sqrt{1-\left(\frac{v_{0}}{c}\right)^{2}}} \sqrt{\frac{c^{2}}{c^{2}+k}} \\
\dot{y} &= \frac{F t}{m} \sqrt{1-\frac{v^{2}}{c^{2}}}=\frac{F t}{m} \sqrt{\frac{c^{2}}{c^{2}+k}}
\end{aligned}
\]","\boxed{\dot{x} = \frac{v_{0}}{\sqrt{1-\left(\frac{v_{0}}{c}\right)^{2}}} \sqrt{\frac{c^{2}}{c^{2}+k}}, \dot{y} = \frac{F t}{m} \sqrt{\frac{c^{2}}{c^{2}+k}}}","EQ, EQ",,True,EN,Math Derivation
2607,Mechanics and Thermodynamics,Relativity,Special Relativity,"Consider the situation where observer A receives pulses emitted by observer B. At time $t_1$ on B's clock, A records the time on their own clock as ranging from $t_2$ to $t_3$. How many pulses does A receive in the time interval between $t_2$ and $t_3$?","Using the Lorentz transformation, calculate the time reading on A's clock when B's clock reads $t_1$.

$$
t_1' = \frac{t_1 - \frac{(-v)}{c^2} x_1}{\sqrt{1 - \left(\frac{v}{c}\right)^2}} = \frac{t_1}{\sqrt{1 - \left(\frac{v}{c}\right)^2}}
$$

During the period from $t_2 = t_1' + \frac{v}{c} t_1'$, A receives the redshifted pulses sent by B.

In the time range $0 \sim t_2$ on A's clock, the frequency of receiving the redshifted pulses is

$$
t_2 = \sqrt{\frac{1 + \frac{v}{c}}{1 - \frac{v}{c}}} t_1
$$

The total number of pulses emitted by B during its journey is $t_2 + t_3$. During the period from $t_2 \sim t_2 + t_3$ on A's clock, the frequency of receiving blueshifted pulses is

$$
t_3 = \sqrt{\frac{1 - \frac{v}{c}}{1 + \frac{v}{c}}} t_1
$$

In the time range $0 \sim t_2$ on A's clock, the frequency of receiving the redshifted pulses is $\sqrt{\frac{1 - \frac{v}{c}}{1 + \frac{v}{c}}}$, and the total number of pulses received from B is

$$
\sqrt{\frac{1 - \frac{v}{c}}{1 + \frac{v}{c}}} \cdot t_2 = \sqrt{\frac{1 - \frac{v}{c}}{1 + \frac{v}{c}}} \cdot \sqrt{\frac{1 + \frac{v}{c}}{1 - \frac{v}{c}}} t_1 = t_1
$$

During the period from $t_2 \sim t_2 + t_3$ on A's clock, the frequency of receiving blueshifted pulses is $\sqrt{\frac{1 + \frac{v}{c}}{1 - \frac{v}{c}}}$, and the total number of pulses received from B is

$$
\sqrt{\frac{1 + \frac{v}{c}}{1 - \frac{v}{c}}} t_3 = \sqrt{\frac{1 + \frac{v}{c}}{1 - \frac{v}{c}}} \sqrt{\frac{1 - \frac{v}{c}}{1 + \frac{v}{c}}} t_1 = t_1
$$",\boxed{2 t_1},EX,,False,EN,Laws Application
2608,Mechanics and Thermodynamics,Relativity,Special Relativity,"A \(\pi^{0}\) meson with rest mass \( m \) moving at velocity \( v \) decays into two \(\gamma\) quanta. Assuming the distribution of the \(\gamma\) quanta in the meson's rest frame is isotropic, determine the energy of the two \(\gamma\) quanta that scatter according to criterion \((2)\) relative to the laboratory reference frame.","Method 1:**

In the \(S'\) frame, the energy of each \(\gamma\) quantum is

\[
E' = E_1' = \frac{1}{2} mc^2 \quad \text{or} \quad h\nu' = h\nu_1' = \frac{1}{2} mc^2
\]

Using the transverse Doppler effect formula,

\[
\nu = \sqrt{1 - \beta^2} \frac{1}{1 - \beta\cos\theta'} \nu'
\]

The energy of one \(\gamma\) quantum in the \(S\) frame is

\[
E = h\nu = \frac{\sqrt{1 - \beta^2}}{1 - \beta\cos\theta} h\nu' = \frac{1}{2} mc^2 \frac{\sqrt{1 - \beta^2}}{1 - \beta\cos\theta}
\]

The energy of the other \(\gamma\) quantum in the \(S\) frame is

\[
\begin{aligned}
E_1 = & h\nu_1 = \frac{\sqrt{1 - \beta^2}}{1 - \beta\cos\theta_1} h\nu' = \frac{1}{2} mc^2 \frac{\sqrt{1 - \beta^2}}{1 - \beta \frac{2\beta - (1 + \beta^2)\cos\theta}{1 + \beta^2 - 2\beta\cos\theta}} \\
& = \frac{1}{2} mc^2 \frac{1 + \beta^2 - 2\beta\cos\theta}{(1 - \beta\cos\theta) \sqrt{1 - \beta^2}}
\end{aligned}
\]

It can be verified that

\[
E + E_1 = \frac{mc^2}{\sqrt{1 - \beta^2}}
\]

**Method 2:**

Using the energy transformation relation,

\[
E = \frac{E' + vp_x'}{\sqrt{1 - \beta^2}}
\]

Now,

\[
\begin{array}{ll}
E' = \frac{1}{2} mc^2, & p_x' = \frac{h\nu'}{c} \cos\theta' = \frac{1}{2} mc \frac{\cos\theta - \beta}{1 - \beta\cos\theta} \\
E_1' = \frac{1}{2} mc^2, & p_{1x}' = \frac{h\nu'}{c} \cos\theta_1' = \frac{1}{2} mc \frac{\beta - \cos\theta}{1 - \beta\cos\theta}
\end{array}
\]

Substituting into the transformation relations above, we immediately obtain the expressions for \(E\) and \(E_1\) as mentioned previously.","\boxed{\frac{1}{2} mc^2 \frac{\sqrt{1 - \beta^2}}{1 - \beta\cos\theta}, \frac{1}{2} mc^2 \frac{1 + \beta^2 - 2\beta\cos\theta}{(1 - \beta\cos\theta) \sqrt{1 - \beta^2}}}","EX, EX",,True,EN,Math Derivation
2629,Mechanics and Thermodynamics,Relativity,Special Relativity,"Consider a very high-energy scattering experiment involving two particles with the same rest mass $m_{0}$, where one particle is initially at rest and the other is incident with momentum $p$. Find the speed of the center of mass $v^{*}$.","Let the velocity of the particle with momentum $p$ in the laboratory reference frame be $u_{1}$, and its velocity in the center-of-momentum frame be $v_{1}$. Then we have:

$$
v_{1} = \frac{u_{1} - v^{*}}{1 - \frac{v^{*} u_{1}}{c^{2}}}
$$

The velocity of the other particle in the center-of-momentum frame is $v_{2}$,

$$
v_{2} = \frac{0 - v^{*}}{1 - \frac{v^{*}}{c^{2}} \cdot 0} = -v^{*}
$$

In the center-of-momentum frame, the total momentum of the system is zero. Therefore, we have:

$$
\frac{m_{0} v_{1}}{\sqrt{1 - \left(\frac{v_{1}}{c}\right)^{2}}} + \frac{m_{0} (-v^{*})}{\sqrt{1 - \left(\frac{v^{*}}{c}\right)^{2}}} = 0
$$

This leads to:

$$
\frac{\left(v_{1} / c\right)^{2}}{1 - \left(v_{1} / c\right)^{2}} = \frac{\left(v^{*} / c\right)^{2}}{1 - \left(v^{*} / c\right)^{2}}, \quad v_{1} = v^{*}
$$

Solving gives:

$$
\frac{u_{1} - v^{*}}{1 - \frac{v^{*}}{c^{2}} u_{1}} = v^{*}
$$

Simplifying results in:

$$
u_{1} v^{* 2} - 2 c^{2} v^{*} + u_{1} c^{2} = 0
$$

Solving this equation yields:

$$
v^{*} = \frac{c^{2} - \sqrt{c^{4} - u_{1}^{2} c^{2}}}{u_{1}}
$$

The other root $v^{*} > c$ is discarded. In the laboratory reference frame,

Solving gives:

$$
p = \frac{m_{0} u_{1}}{\sqrt{1 - \left(\frac{u_{1}}{c}\right)^{2}}}
$$

Thus, we have:

$$
u_{1} = \frac{p c}{\sqrt{p^{2} + m_{0}^{2} c^{2}}}
$$

Substitute the above expression into the formula for $v^{*}$, calculating:

$$
v^{*} = \frac{c \sqrt{p^{2} + m_{0}^{2} c^{2}} - m_{0} c^{2}}{p}
$$

It can be verified that the condition $v^{*} < u_{1}$ is satisfied.",\boxed{\frac{c \sqrt{p^{2} + m_{0}^{2} c^{2}} - m_{0} c^{2}}{p}},EX,,False,EN,Math Derivation
2709,Mechanics and Thermodynamics,Relativity,Special Relativity,Derive the expressions for the energy and momentum of a free relativistic particle.,"The derived expressions for the energy and momentum of a relativistic particle are:

$$
\begin{gathered}
E = mc^2 = \frac{m_0 c^2}{\sqrt{1 - \frac{v^2}{c^2}}} \\
p_x = \frac{m_0}{\sqrt{1 - \frac{v^2}{c^2}}} \dot{x}, \quad p_y = \frac{m_0}{\sqrt{1 - \frac{v^2}{c^2}}} \dot{y}, \quad p_z = \frac{m_0}{\sqrt{1 - \frac{v^2}{c^2}}} \dot{z} \\
p^2 = p_x^2 + p_y^2 + p_z^2 = \frac{m_0^2 (\dot{x}^2 + \dot{y}^2 + \dot{z}^2)}{1 - \frac{v^2}{c^2}} = \frac{m_0^2 v^2}{1 - \frac{v^2}{c^2}} \\
v^2 = \frac{c^2 p^2}{m_0^2 c^2 + p^2}
\end{gathered}
$$","\boxed{E = \frac{m_0 c^2}{\sqrt{1 - \frac{v^2}{c^2}}}, \ p_x = \frac{m_0}{\sqrt{1 - \frac{v^2}{c^2}}} \dot{x}, \ p_y = \frac{m_0}{\sqrt{1 - \frac{v^2}{c^2}}} \dot{y}, \ p_z = \frac{m_0}{\sqrt{1 - \frac{v^2}{c^2}}} \dot{z}, \ p^2 = \frac{m_0^2 v^2}{1 - \frac{v^2}{c^2}}, \ v^2 = \frac{c^2 p^2}{m_0^2 + p^2}}","EQ, EX, EX, EX, EX, EQ","None, \text{kg} \cdot \text{m/s}, \text{kg} \cdot \text{m/s}, \text{kg} \cdot \text{m/s}, \text{kg}^2 \cdot \text{m}^2/\text{s}^2, \text{m}^2/\text{s}^2",True,EN,Math Derivation
2726,Mechanics and Thermodynamics,Relativity,Special Relativity,"Derive the generalized momentum of a particle from the Lagrangian function and note that $p_x, p_y, p_z$ are all generalized momenta.","The generalized momentum can be calculated using the following equations:

$$
\begin{gathered}
p_x = \frac{\partial L}{\partial \dot{x}} = \frac{m_0 c \dot{x}}{\sqrt{c^2 - (\dot{x}^2 + \dot{y}^2 + \dot{z}^2)}} + q A_x, \\
p_y = \frac{m_0 c \dot{y}}{\sqrt{c^2 - (\dot{x}^2 + \dot{y}^2 + \dot{z}^2)}} + q A_y, \\
p_z = \frac{m_0 c \dot{z}}{\sqrt{c^2 - (\dot{x}^2 + \dot{y}^2 + \dot{z}^2)}} + q A_z.
\end{gathered}
$$","\boxed{p_x=\frac{m_0 c \dot{x}}{\sqrt{c^2-(\dot{x}^2+\dot{y}^2+\dot{z}^2)}}+q A_x, p_y=\frac{m_0 c \dot{y}}{\sqrt{c^2-(\dot{x}^2+\dot{y}^2+\dot{z}^2)}}+q A_y, p_z=\frac{m_0 c \dot{z}}{\sqrt{c^2-(\dot{x}^2+\dot{y}^2+\dot{z}^2)}}+q A_z}",EQ,,True,EN,Math Derivation
2729,Mechanics and Thermodynamics,Relativity,Special Relativity,"A photon with energy \( E_{\nu} \) collides with an electron having energy \( E \gg m_{0} c^{2} \) (\( m_{0} \) is the rest mass). In the laboratory reference frame, the angle between the directions of the photon's movement and the electron's movement is \( \theta \). Before the collision, the energy of the photon in the electron's reference frame is \( E_{\nu}^{\prime} \), and \( E_{\nu}^{\prime} \ll m_{0} c^{2} \), meaning the recoil of the electron can be ignored. The photon's energy in the electron's reference frame does not change due to the collision. What are the minimum and maximum values of the photon's energy in the laboratory reference frame after the collision?","Assuming \( E_{\nu}^{\prime} \ll m_{0} c^{2} \), when the photon collides with the electron, the electron's recoil can be neglected. In the electron's reference frame (the \( S^{\prime} \) frame), the photon's energy remains unchanged during the collision and continues to be

\[
E_{\nu}^{\prime}=\left[\frac{E}{m_{0} c^{2}}(1-\cos \theta)+\frac{m_{0} c^{2}}{2 E} \cos \theta\right] E_{\nu}
\]

The values of \( \theta \) that yield the minimum and maximum energy are found from

\[
\frac{\mathrm{d} E_{\nu}^{\prime}}{\mathrm{d} \theta}=0
\]

Since

\[
\frac{\mathrm{d} E_{\nu}^{\prime}}{\mathrm{d} \theta}=\left(\frac{E}{m_{0} c^{2}} \sin \theta-\frac{m_{0} c^{2}}{2 E} \sin \theta\right) E_{\nu}=0
\]

\[
\sin \theta=0, \quad \theta=0, \pi
\]

\[
\frac{\mathrm{d}^{2} E_{\nu}^{\prime}}{\mathrm{d} \theta^{2}}=\left(\frac{E}{m_{0} c^{2}}-\frac{m_{0} c^{2}}{2 E}\right) E_{\nu} \cos \theta
\]

\[
E \gg m_{0} c^{2}, \quad \frac{E}{m_{0} c^{2}}-\frac{m_{0} c^{2}}{2 E}>0
\]

Therefore,

\[
\theta=0 \text { when, } \quad \frac{\mathrm{d}^{2} E_{\nu}^{\prime}}{\mathrm{d} \theta^{2}}>0, \quad E_{\nu}^{\prime} \text { is minimum, }
\]

\[
\theta=\pi \text{ when, } \quad \frac{\mathrm{d}^{2} E_{\nu}^{\prime}}{\mathrm{d} \theta^{2}}<0, \quad E_{\nu}^{\prime} \text{ is maximum, }
\]

\[
E_{\nu_{\min }}^{\prime}=\left[\frac{E}{m_{0} c^{2}}(1-\cos 0)+\frac{m_{0} c^{2}}{2 E} \cos 0\right] E_{\nu}=\frac{m_{0} c^{2}}{2 E} E_{\nu}
\]

\[
E_{\nu_{\max }}^{\prime}=\left[\frac{E}{m_{0} c^{2}}(1-\cos \pi)+\frac{m_{0} c^{2}}{2 E} \cos \pi\right] E_{\nu}=\left(\frac{2 E}{m_{0} c^{2}}-\frac{m_{0} c^{2}}{2 E}\right) E_{\nu} \approx \frac{2 E}{m_{0} c^{2}} E_{\nu}
\]

Using the energy transformation relation

\[
E_{\nu}=\frac{E_{\nu}^{\prime}+v p_{\nu x}^{\prime}}{\sqrt{1-\left(\frac{v}{c}\right)^{2}}}
\]

\[
E_{\nu\min}=\frac{1}{\sqrt{1-\left(\frac{v}{c}\right)^{2}}}\left(\frac{m_{0} c^{2}}{2 E}-v \frac{m_{0} c}{2 E}\right) E_{\nu}=\frac{m_{0} c^{2}}{2 E} \sqrt{\frac{1-\frac{v}{c}}{1+\frac{v}{c}}} E_{\nu}
\]

\[
E_{\nu\max}=\frac{1}{\sqrt{1-\left(\frac{v}{c}\right)^{2}}}\left(\frac{2 E}{m_{0} c^{2}}+v \frac{2 E}{m_{0} c^{3}}\right) E_{\nu}=\frac{2 E}{m_{0} c^{2}} \sqrt{\frac{1+\frac{v}{c}}{1-\frac{v}{c}}} E_{\nu}
\]

Substituting \( \frac{v}{c} \approx 1-\frac{m_{0}^{2} c^{4}}{2 E^{2}} \), we find

\[
E_{\text{min}} \approx\left(\frac{m_{0} c^{2}}{2 E}\right)^{2} E_{\nu}
\]

\[
E_{\text{max}} \approx\left(\frac{2 E}{m_{0} c^{2}}\right)^{2} E_{\nu}
\]

Note: When calculating \( E_{\text{min}} \), before the collision \( p_{x}^{\prime} \) is directed positively along the \( x^{\prime} \)-axis (\( \theta=0 \)), and after the collision, it is directed negatively along the \( x^{\prime} \)-axis. Hence, substitute \( p_{\nu x}^{\prime}=-\frac{m_{0} c^{2}}{2 E} \cdot \frac{E_{\nu}}{c} \). Conversely, when calculating \( E_{\text{max}} \), before the collision \( p_{x}^{\prime} \) is directed negatively along the \( x^{\prime} \)-axis (\( \theta=\pi \)), and after the collision, it is directed positively. Thus, substitute \( p_{\nu x}^{\prime}=\frac{2 E}{m_{0} c^{2}} \cdot \frac{E_{\nu}}{c} \). For calculating \( p_{\nu}^{\prime} \), the relation \( p_{\nu}^{\prime}=\frac{E_{\nu}^{\prime}}{c} \) is used.","\boxed{\left(\frac{m_{0} c^{2}}{2 E}\right)^{2} E_{\nu}, \left(\frac{2 E}{m_{0} c^{2}}\right)^{2} E_{\nu}}","EX, EX",,True,EN,Math Derivation
2744,Mechanics and Thermodynamics,Relativity,Special Relativity,"In an inertial frame \( S \), two spaceships are observed to be flying towards each other along parallel lines with a distance \( d \) between their paths. Each spaceship has a speed of \(\frac{c}{2}\), where \( c \) is the speed of light in a vacuum. From the perspective of an observer on spaceship (1), find the speed of the package.","In the \( S^{\prime} \) frame, the speed of the package is

\[
v^{\prime}=\sqrt{v_{x}^{\prime 2}+v_{y}^{\prime 2}}=\frac{1}{10} \sqrt{79} c
\]",\boxed{\frac{1}{10} \sqrt{79}},NV,,False,EN,Laws Application
2780,Mechanics and Thermodynamics,Relativity,Special Relativity,"A rocket spaceship is traveling at a speed of $0.8c$ relative to the Earth ($c$ is the speed of light in a vacuum). $O^{\prime}$ and $O$ are observers on the spaceship and Earth, respectively. When $x=x^{\prime}=0$, $t=t^{\prime}=0$. When $O$ observes $O^{\prime}$ through a telescope, his own clock reads 30 s. What is the time reading on $O^{\prime}$'s clock that he sees?

Assume $O^{\prime}$ emits a light signal at event $A$, and $O$ receives this signal and observes $O^{\prime}$'s clock through a telescope at event $B$. Given $x_{B}=0$ and $t_{B}=30 \mathrm{~s}$, find $t_{A}^{\prime}$.","Using the Lorentz transformation for event $A$,

$$
x_{A}=\frac{x_{A}^{\prime}+v t_{A}^{\prime}}{\sqrt{1-\left(\frac{v}{c}\right)^{2}}}=\frac{0+0.8 \times 3 \times 10^{8} \cdot t_{A}^{\prime}}{\sqrt{1-(0.8)^{2}}}=4 \times 10^{8} t_{A}^{\prime}
$$",\boxed{0},NV,\text{s},False,EN,Laws Application
2788,Mechanics and Thermodynamics,Relativity,Special Relativity,"Two rods, each with a length of \( l_{0} \), are moving uniformly and oppositely parallel to the \( x \)-axis. An observer connected to one of the rods measures that the time interval between the two rods' left ends and right ends overlapping is \(\Delta t\). Determine the relative velocity \( v \) of these two rods.","An observer linked to rod \( B \) considers rod \( A \) to be the moving rod. If rod \( A \) is moving from left to right, due to the length contraction effect, the observer perceives the length of rod \( A \) as

$$
<image 1>
$$

\( l_{0} \sqrt{1-\left(\frac{v}{c}\right)^{2}} \). The observer first sees the left ends of the two rods overlapping, and then the right ends overlapping, as illustrated in Figure 12.5.

By calculation:

$$
\begin{array}{r}
v \Delta t = l_{0} - l_{0} \sqrt{1-\left(\frac{v}{c}\right)^{2}} \\
\left(l_{0} - v \Delta t\right)^{2} = \left[l_{0} \sqrt{1-\left(\frac{v}{c}\right)^{2}}\right]^{2} = l_{0}^{2}\left(1-\frac{v^{2}}{c^{2}}\right)
\end{array}
$$

Solving for the relative velocity \( v \):

$$
v = \frac{2 l_{0} \Delta t}{(\Delta t)^{2}+\frac{l_{0}^{2}}{c^{2}}}
$$","\[
\boxed{\frac{2 l_{0} \Delta t}{(\Delta t)^{2}+\frac{l_{0}^{2}}{c^{2}}}}
\]",EX,,False,EN,Math Derivation
2791,Mechanics and Thermodynamics,Relativity,Special Relativity,"A $\pi^0$ meson, with a rest mass of $m$, moving with velocity $v$ decays into two identical $\gamma$ quanta. Use the conservation laws of energy and momentum to determine the dispersion angle of the $\gamma$ quanta.","Method Two: By the conservation of energy and momentum,

\[
\begin{gathered}
E = \frac{1}{2} \frac{m c^2}{\sqrt{1 - \left(\frac{v}{c}\right)^2}} \tag{3} \\
\frac{mv}{\sqrt{1 - \left(\frac{v}{c}\right)^2}} = (p_1 + p_2) \cos \frac{\theta}{2} \tag{4} \\
p_1 \sin \frac{\theta}{2} = p_2 \sin \frac{\theta}{2}
\end{gathered}
\]

While writing the above relations, it has been considered that the two resulting $\gamma$ quanta are identical, each with energy $E$, and having the same magnitude of momentum. Substituting $p_1 = p_2 = \frac{E}{c}$ into equation (4), and eliminating $E$ using equation (1), we get

\[
\begin{gathered}
\frac{mv}{\sqrt{1 - \left(\frac{v}{c}\right)^2}} = \frac{mc}{\sqrt{1 - \left(\frac{v}{c}\right)^2}} \cos \frac{\theta}{2} \\
\cos \frac{\theta}{2} = \frac{v}{c}, \quad \sin \frac{\theta}{2} = \sqrt{1 - \left(\frac{v}{c}\right)^2} \\
\theta = 2 \arccos \left(\frac{v}{c}\right) \quad \text{or} \quad 2 \arcsin \sqrt{1 - \left(\frac{v}{c}\right)^2}
\end{gathered}
\]","\boxed{\theta = 2 \arccos \left(\frac{v}{c}\right), 2 \arcsin \sqrt{1 - \left(\frac{v}{c}\right)^2}}","NV, NV",,True,EN,Math Derivation
2802,Mechanics and Thermodynamics,Relativity,Special Relativity,"A particle with a total energy of \( E_0 \) and rest mass \( m_0 \) undergoes a perfectly elastic collision with a stationary particle having the same rest mass. After scattering, the kinetic energies of the two particles are equal. Determine the angle between the velocities of the two particles after scattering.","The particles have the same rest mass and equal kinetic energy; hence, their total energies are equal, and their speeds are identical. Let the total energy of each particle after scattering be \( E_1 \) and their speed be \( v_1 \). The speed of the particle with initial total energy \( E_0 \) before the collision is \( v_0 \).

From the conservation of energy,

\[
E_0 + m_0 c^2 = 2 E_1 \tag{1}
\]

Given,

\[
E = m c^2, \quad p = mv
\]

$$
<image 1>
$$

Figure 12.21

Considering that the kinetic energies of the two particles are equal after collision, before and after the collision, the velocities must resemble the configuration shown in Figure 12.21.

From the conservation of momentum,

\[
\frac{E_0}{c^2} v_0 = \frac{2 E_1}{c^2} v_1 \cos \frac{\theta}{2} \tag{2}
\]

Using

\[
E_0 = \frac{m_0 c^2}{\sqrt{1 - \left(\frac{v_0}{c}\right)^2}}, \quad E_1 = \frac{m_0 c^2}{\sqrt{1 - \left(\frac{v_1}{c}\right)^2}}
\]

Solving gives

\[
v_0 = c \sqrt{1 - \left(\frac{m_0 c^2}{E_0}\right)^2}, \quad v_1 = c \sqrt{1 - \left(\frac{m_0 c^2}{E_1}\right)^2}
\]

Substitute \( v_0 \) and \( v_1 \) into equation (2) and use equation (1),

\[
\begin{aligned}
E_0 \sqrt{1 - \left(\frac{m_0 c^2}{E_0}\right)^2} & = 2 E_1 \sqrt{1 - \left(\frac{m_0 c^2}{E_1}\right)^2} \cos \frac{\theta}{2} \\
& = \left(E_0 + m_0 c^2\right) \sqrt{1 - \frac{4 m_0^2 c^4}{\left(E_0 + m_0 c^2\right)^2}} \cos \frac{\theta}{2} \\
\sqrt{E_0^2 - m_0^2 c^4} & = \sqrt{E_0^2 + 2 E_0 m_0 c^2 - 3 m_0^2 c^4} \cos \frac{\theta}{2}
\end{aligned}
\]

Cancelling the common factor \( \sqrt{E_0^2 - m_0^2 c^4} \) from both sides, we obtain

\[
\begin{gathered}
\cos \frac{\theta}{2} = \sqrt{\frac{E_0 + m_0 c^2}{E_0 + 3 m_0 c^2}} \\
\theta = 2 \arccos \sqrt{\frac{E_0 + m_0 c^2}{E_0 + 3 m_0 c^2}}
\end{gathered}
\]","\[
\boxed{\theta = 2 \arccos \sqrt{\frac{E_0 + m_0 c^2}{E_0 + 3 m_0 c^2}}}
\]",EQ,,False,EN,Math Derivation
2810,Mechanics and Thermodynamics,Relativity,Special Relativity,"In the reference frame of \(O\), there is a stationary square with an area of \(100 \, \mathrm{m}^{2}\). An observer \(O^{\prime}\) moves at a speed of \(0.8c\) along the diagonal of the square. Determine the area of the square as seen in the \(O^{\prime}\) frame.","Using the coordinates shown in Figure 12.4, the equations of the three sides of the square in the region \(x>0, y>0\) are:

$$
x=0, \quad y=0, \quad x+y=10\sqrt{2}
$$

The \(10\sqrt{2}\) is calculated from the area \(100 \, \mathrm{m}^{2}\), with a side length of \(10 \, \mathrm{m}\), and a diagonal length of \(10 \sqrt{2} \, \mathrm{m}\), half of which is \(5\sqrt{2}\) or \(\sqrt{50} \, \mathrm{m}\).

Using the Lorentz transformation formulas:

$$
x=\frac{x^{\prime}+vt^{\prime}}{\sqrt{1-\left(\frac{v}{c}\right)^{2}}}, \quad y=y^{\prime}
$$

The equations of these three lines in the \(S\) system, as they appear in the \(S^{\prime}\) system, are given by:

$$
x^{\prime} = -vt^{\prime}, \quad y^{\prime} = 0, \quad \frac{x^{\prime}+vt^{\prime}}{\sqrt{1-\left(\frac{v}{c}\right)^{2}}} + y^{\prime} = 10 \sqrt{2}
$$

These are still three straight lines forming a right triangle, as indicated by the dashed lines in the figure.

In the \(S^{\prime}\) frame, at time \(t^{\prime}\), the coordinates of point \(O\) are \((-vt^{\prime}, 0)\), the coordinates of point \(A^{\prime}\) are \((-vt^{\prime} + 10\sqrt{2} \sqrt{1-\frac{v^{2}}{c^{2}}}, 0)\), and the coordinates of point \(B^{\prime}\) are \((-vt^{\prime} + 10\sqrt{2} \sqrt{1-\frac{v^{2}}{c^{2}}}, 10\sqrt{2})\).

Observer \(O^{\prime}\) sees a rhombus, whose area is 4 times that of the aforementioned triangle. The area is:

$$
4 \times \frac{1}{2}\left[ -vt^{\prime} + 10\sqrt{2} \sqrt{1-\frac{v^{2}}{c^{2}}} - \left( -vt^{\prime} \right) \right] \cdot 10\sqrt{2} = 100 \sqrt{1-(0.8)^{2}} = 60 \, \mathrm{m}^2
$$",\boxed{60},NV,\mathrm{m}^2,False,EN,Laws Application
2816,Mechanics and Thermodynamics,Relativity,Special Relativity,"In an inertial frame \( S \), two spaceships are observed traveling towards each other along two parallel lines, with a distance \( d \) between their trajectories. Each spaceship has a speed of \(\frac{c}{2}\), where \( c \) is the speed of light in a vacuum. From frame \( S \), when the spaceships are at their closest point, spaceship (1) ejects a small package at a speed of \(\frac{3}{4} c\). From the perspective of an observer on spaceship (1), at what angle must the package be thrown so that it can be received by spaceship (2)?","In frame \( S \), the \( x, y \) coordinates are taken such that the motion of the spaceships is parallel to the \( y \)-axis. Clearly, the package must have \( v_{y}=\frac{c}{2} \) in order to maintain the same \( y \) coordinate as spaceship (2) throughout its flight, allowing it to reach spaceship (2) after covering a distance of \(\Delta x = d\). Thus, in frame \( S \),

\[
v_{x}=\sqrt{v^{2}-v_{y}^{2}}=\sqrt{\left(\frac{3}{4} c\right)^{2}-\left(\frac{c}{2}\right)^{2}}=\frac{\sqrt{5}}{4} c
\]

The reference frame of spaceship (1), \( S^{\prime} \), moves at a speed of \( \frac{c}{2} \) in the \(-y\) direction, where \( y^{\prime}=-\frac{1}{2} c j \). The velocity transformation relations between frames \( S^{\prime} \) and \( S \) are

\[
\begin{gathered}
v_{x}^{\prime}=\frac{v_{x} \sqrt{1-\left(\frac{-V}{c}\right)^{2}}}{1-\frac{(-V) v_{y}}{c^{2}}}=\frac{\frac{\sqrt{3}}{2} v_{x}}{1+\frac{v_{y}}{2 c}} \\
v_{y}^{\prime}=\frac{v_{y}-(-V)}{1-\frac{(-V) v_{y}}{c^{2}}}=\frac{v_{y}+\frac{1}{2} c}{1+\frac{v_{y}}{2 c}}
\end{gathered}
\]

The velocity of the package in frame \( S \) is

\[
v_{x}=\frac{\sqrt{5}}{4} c, \quad v_{y}=\frac{1}{2} c
\]

The velocity of the package in frame \( S^{\prime} \) is

\[
v_{x}^{\prime}=\frac{\sqrt{15}}{10} c, \quad v_{y}^{\prime}=\frac{4}{5} c
\]

The angle of the package relative to the \( x^{\prime} \)-axis is

\[
\alpha=\arctan \frac{v_{y}^{\prime}}{v_{x}^{\prime}}=\arctan \left(\frac{8}{\sqrt{15}}\right)=64^{\circ} 10^{\prime}
\]",\boxed{64^\circ 10'},NV,,False,EN,Practical Application
2822,Mechanics and Thermodynamics,Relativity,Special Relativity,A particle with a rest mass of $m$ and an energy of $E$ collides elastically with another stationary particle with a rest mass of $M$. Find the relationship between the energy $E_{1}$ of this particle after the collision and the scattering angle $\theta$.,"Let $\boldsymbol{p}$ and $\boldsymbol{p}_{1}$ denote the momentum of the particle with rest mass $m$ before and after the collision, respectively. $E_{2}$ and $\boldsymbol{p}_{2}$ represent the energy and momentum of the particle with rest mass $M$ after the collision (see Figure 12.25).

According to the conservation of energy and momentum,

\[
\begin{aligned}
E + M c^{2} &= E_{1} + E_{2}, \tag{1} \\ 
p &= p_{1} \cos \theta + p_{2} \cos \varphi, \tag{2} \\ 
p_{1} \sin \theta &= p_{2} \sin \varphi. \tag{3}
\end{aligned}
\]

Using $E^{2}=c^{2} p^{2}+m^{2} c^{4}$, equations (2) and (3) can be rewritten as

\[
\begin{aligned}
&\sqrt{\frac{E^{2}}{c^{2}} - m^{2} c^{2}} - \sqrt{\frac{E_{1}^{2}}{c^{2}} - m^{2} c^{2}} \cos \theta = \sqrt{\frac{E_{2}^{2}}{c^{2}} - M^{2} c^{2}} \cos \varphi, \\
&\sqrt{\frac{E_{1}^{2}}{c^{2}} - m^{2} c^{2}} \sin \theta = \sqrt{\frac{E_{2}^{2}}{c^{2}} - M^{2} c^{2}} \sin \varphi.
\end{aligned}
\]

Adding the squares of both equations, we obtain

\[
\frac{E^{2}}{c^{2}} - m^{2} c^{2} + \frac{E_{1}^{2}}{c^{2}} - m^{2} c^{2} - 2 \sqrt{\left(\frac{E^{2}}{c^{2}} - m^{2} c^{2}\right) \left(\frac{E_{1}^{2}}{c^{2}} - m^{2} c^{2}\right)} \cos \theta = \frac{E_{2}^{2}}{c^{2}} - M^{2} c^{2}
\]

By using equation (1) to eliminate $E_{2}$ from the above equation, we obtain the relationship between $E_{1}$ and $\theta$:

\[
\left(E - E_{1}\right) M c^{2} - E E_{1} + \sqrt{\left(E^{2} - m^{2} c^{4}\right) \left(E_{1}^2 - m^{2} c^{4}\right)} \cos \theta + m^{2} c^{4} = 0
\]

$$
<image 1>
$$
\end{center}",\boxed{\left(E - E_{1}\right) M c^{2} - E E_{1} + \sqrt{\left(E^{2} - m^{2} c^{4}\right) \left(E_{1}^2 - m^{2} c^{4}\right)} \cos \theta + m^{2} c^{4} = 0},EQ,,False,EN,Math Derivation
2839,Mechanics and Thermodynamics,Relativity,Special Relativity,"A rocket ship has a velocity of $0.8c$ relative to Earth ($c$ being the speed of light in a vacuum). $O^{\prime}$ and $O$ are observers on the ship and on Earth, respectively. When $x = x^{\prime} = 0$, $t = t^{\prime} = 0$. When $O$ looks at $O^{\prime}$ through a telescope, his clock reads 30 s. What does he see on $O^{\prime}$'s clock?

Calculate the transformation of the time interval using the Lorentz transformation.","$$
\begin{aligned}
& \Delta t^{\prime}=\frac{\Delta t-\frac{v}{c^{2}} \Delta x}{\sqrt{1-\left(\frac{v}{c}\right)^{2}}}=\frac{0-\frac{0.8}{c} \times 1}{\sqrt{1-(0.8)^{2}}}=x
\end{aligned}
$$

Since $\Delta t^{\prime}<0$, it indicates that event $B$ occurs first, with a time interval of $5.77 \times 10^{-9} \mathrm{~s}$.",\boxed{5.77 \times 10^{-9}},NV,\text{s},False,EN,Laws Application
