index,domain,subject,topic,problem,solution,answers,answer_type,unit,is_multiple_answer,language,level
3784,Modern Physics,Semiconductor Physics,Transport Properties,"For an n-type GaAs with a thickness of 0.08 cm, a current of 50 mA is applied in the \(x\) direction, and a magnetic field of 0.5 T is applied in the \(z\) direction, resulting in a Hall voltage of 0.4 mV. Calculate the carrier concentration.","Carrier concentration  
\[
\begin{aligned}
& R_{\mathrm{H}} = -\frac{1}{n e} \\
& n = -\frac{1}{R_{\mathrm{H}} e} = \frac{1}{1.28 \times 10^{-5} \times 1.6 \times 10^{-19}} = 4.88 \times 10^{23} \, \text{m}^{-3}
\end{aligned}
\]",\boxed{4.88 \times 10^{23}},NV,\text{m}^{-3},False,EN,Laws Application
3785,Modern Physics,Semiconductor Physics,"Magnetic, Optical, and Superconducting Properties","Consider a crystal containing paramagnetic impurities, where the energy levels of the impurities in a given magnetic field are ±\(\varepsilon\). In the high-temperature limit, compare the temperature dependence of the specific heat of the impurities with that of the phonon specific heat (Debye model), and provide a physical explanation for their differences.","In the high-temperature limit, \(k_{\mathrm{B}} T \gg \varepsilon\), \(\operatorname{sech}^{2}\left(\frac{\varepsilon}{k_{\mathrm{B}} T}\right) \rightarrow 1\), so the specific heat \(c_{V}\) primarily varies with \(T\) as \(T^{-2}\), while in the Debye model, \(c_{V}\) tends toward a constant.","\boxed{c_{V} \sim T^{-2}, \text{constant}}","EX, EX","\text{None}, \text{None}",True,EN,Laws Application
3788,Modern Physics,Semiconductor Physics,"Magnetic, Optical, and Superconducting Properties",Describe the AC Josephson effect using carefully chosen words (without using equations).,"If a constant voltage \(V\) is applied across the superconductors of a Josephson junction, an alternating supercurrent with frequency \(\nu = \frac{2eV}{h}\) will pass through the junction. This is known as the AC Josephson effect.",\boxed{\nu = \frac{2eV}{h}},EQ,,False,EN,Knowledge Recall
3789,Modern Physics,Semiconductor Physics,Transport Properties,"The electron mobility of InSb is \(7.5 \mathrm{~m}^{2} / \mathrm{V} \cdot \mathrm{s}\), and the hole mobility is \(0.075 \mathrm{~m}^{2} / \mathrm{V} \cdot \mathrm{s}\). At room temperature, the intrinsic carrier concentration is \(1.6 \times 10^{16} \mathrm{~cm}^{-3}\). Calculate the intrinsic conductivity.","Using the formula from Problem Solving 1.2.23:

\[
\sigma_{i} = n_{i} e\left(\mu_{\mathrm{n}} + \mu_{\mathrm{p}}\right) = 1.6 \times 10^{16} \times 1.6 \times 10^{-19} \times (7.5 + 0.075) \times 10^{4} = 194 (\Omega \mathrm{~cm})^{-1}
\]",\boxed{194},NV,,False,EN,Knowledge Recall
3792,Modern Physics,Semiconductor Physics,Others,"In a counting experiment, there is an average counting rate \(\gamma\) of \(1000 \text{ events/second}\), a portion of which comes from random background. The average background counting rate \(r_{B}\) is \(900 \text{ events/second}\). The ""true"" event counting rate \(r_{\mathrm{T}}\) is known to be \(100 \text{ events/second}\). To achieve a signal-to-noise ratio of 1 (where the signal is the count of true events within \(\Delta t\)), how long must the counting interval \(\Delta t\) be?","The counting time \(\Delta t = 9 \text{ seconds}\) is required to obtain 900 true events. If the counting time for the background is still set to 1 second, then the signal-to-noise ratio is 1.",\boxed{9},NV,\text{秒},False,EN,Practical Application
3794,Modern Physics,Semiconductor Physics,"Magnetic, Optical, and Superconducting Properties","Consider a crystal containing paramagnetic impurities, where the energy levels of the impurities in a given magnetic field are ±\(\varepsilon\). Write the expression for the contribution of the impurities to the specific heat. Additionally, draw the curve of specific heat as a function of temperature.","The average energy of the crystal is given by

\[
E = -\frac{\mathrm{d}}{\mathrm{d}\left(\frac{1}{k_{\mathrm{B}} T}\right)} \ln Z = -\varepsilon \tanh\left(\frac{\varepsilon}{k_{\mathrm{B}} T}\right)
\]

Therefore,

\[
c_{V} = \frac{\mathrm{d} E}{\mathrm{~d} T} = k_{\mathrm{B}} \left(\frac{\varepsilon}{k_{\mathrm{B}} T}\right)^{2} \operatorname{sech}^{2}\left(\frac{\varepsilon}{k_{\mathrm{B}} T}\right)
\]

The relationship curve between specific heat and temperature is shown in Figure 1.3.6.",\boxed{k_{\mathrm{B}} \left( \frac{\varepsilon}{k_{\mathrm{B}} T} \right)^{2}  \operatorname{sech}^{2}\left( \frac{\varepsilon}{k_{\mathrm{B}} T} \right)},EX,,False,EN,Math Derivation
3795,Modern Physics,Semiconductor Physics,Others,"Within an error margin of 10, answer the following question using estimation, rough calculation, or memory:  
What is the magnetic dipole moment of the Earth? Please explain in detail how you arrived at your answer.",The magnetic dipole moment of the Earth is \(8.0 \times 10^{25} \mathrm{erg/G}\) (from memory).,\boxed{8.0 \times 10^{25}},NV,,False,EN,Knowledge Recall
3797,Modern Physics,Semiconductor Physics,Others,"A beam of light suspends a perfectly reflective small particle with a mass of \(10^{-3} \mathrm{~g}\) in the air. The angle \(\theta\) between the reflected and incident light is broadly distributed, and we can consider the average value of \(\cos \theta\) to be zero. What is the power of the laser in watts?","Since the particle is suspended in the air, the upward force \(f\) exerted by the laser on the particle equals the downward gravitational force on the particle. Therefore,

\[
f = m g
\]

The force \(f\) is equal to the change in momentum of the light incident on the particle in the vertical direction per unit time:

\[
f = \frac{\omega}{c}(1 + \cos \theta)
\]

where \(\omega\) is the power of the laser. According to the problem statement, the average value of \(\cos \theta\) \(\overline{\cos \theta}=0\), thus \(\frac{\omega}{c} = m g\).

\[
\omega = m g c = 10^{-6} \times 9.8 \times 3 \times 10^{8} \approx 3 \times 10^{3} \mathrm{~W}
\]

Therefore, the power of the laser is approximately 3 kW.",\boxed{3000},NV,\mathrm{W},False,EN,Laws Application
3798,Modern Physics,Semiconductor Physics,Transport Properties,"At the temperature of liquid nitrogen, intrinsic germanium is excited by light to generate conduction electrons, with an average density of \(1 \times 10^{12} \mathrm{~cm}^{-3}\). At this temperature, the mobility of electrons and holes are equal, \(\mu=0.5 \times 10^{4} \mathrm{~cm}^{2} / \mathrm{V} \cdot \mathrm{s}\). Find the approximate value of the diffusion coefficient for electrons and holes. (At room temperature, \(\frac{k_{\mathrm{B}} T}{e}=26 \mathrm{mV}\).)","According to the Einstein relation

\[
\frac{D}{\mu}=\frac{k_{\mathrm{B}} T}{e}
\]

At the temperature of liquid nitrogen, \(T_{\mathrm{D}}=77 \mathrm{~K}\). In the problem, it is given that \(\mu_{\mathrm{n}}=\mu_{\mathrm{p}}=\mu\), thus

\[
D_{\mathrm{n}}=D_{\mathrm{p}}=D
\]

From this, we find the diffusion coefficient for electrons and holes\\
\(D=\frac{k_{\mathrm{B}} T_{\mathrm{D}}}{e} \mu=26 \times 10^{-3} \frac{T_{\mathrm{D}}}{T} \mu=26 \times 10^{-3} \times \frac{77}{300} \times 0.5=3.34 \times 10^{-3}\left(\mathrm{~m}^{2} / \mathrm{s}\right)\)\\",\boxed{3.34 \times 10^{-3}},NV,\mathrm{m}^2/\mathrm{s},False,EN,Laws Application
3799,Modern Physics,Semiconductor Physics,Transport Properties,"Consider a sufficiently thick n-type silicon sample with stable hole injection at the surface, \((\Delta p)_{0}=10^{13} \, \mathrm{cm}^{-3}\), hole lifetime \(\tau_{\mathrm{p}}=5 \, \mu\mathrm{s}\), and mobility \(\mu_{\mathrm{p}}=500 \, \mathrm{cm}^{2}/\mathrm{V} \cdot \mathrm{s}\). Calculate the distance from the surface at which the excess carrier hole concentration drops to \(10^{12} \, \mathrm{cm}^{-3}\).","Using the solution to the diffusion equation:

\[
1 \times 10^{12} = 1 \times 10^{13} \, \mathrm{e}^{-\frac{x}{L_{\mathrm{p}}}}
\]

we obtain:

\[
x = \ln 10 \cdot L_{\mathrm{p}} = (\ln 10) \times 8.06 \times 10^{-3} = 1.85 \times 10^{-4} \, \mathrm{cm}
\]",\boxed{1.85 \times 10^{-4}},NV,,False,EN,Laws Application
3802,Modern Physics,Semiconductor Physics,Transport Properties,"At room temperature, \(\frac{k_{\mathrm{B}} T}{e} = 26 \, \mathrm{mV}\). A cadmium sulfide sample has a mobile charge carrier density of \(10^{16} \, \mathrm{cm}^{-3}\) and a mobility of \(\mu = 10^{2} \, \mathrm{cm}^{2} / \mathrm{V} \cdot \mathrm{s}\). Calculate the conductivity of this sample.","The conductivity \(\sigma = n e \mu = 1 \times 10^{16} \times 1.6 \times 10^{-19} \times 10^{2} = 0.16 \, (\Omega \cdot \mathrm{cm})^{-1} = 16 \, (\Omega \cdot \mathrm{m})^{-1}\).",\boxed{16},NV,(\Omega \cdot \mathrm{m})^{-1},False,EN,Laws Application
3805,Modern Physics,Semiconductor Physics,"Magnetic, Optical, and Superconducting Properties","Consider a crystal containing paramagnetic impurities, where the energy levels of the impurities in a given magnetic field are ±\(\varepsilon\). Write down the contribution of the impurities to the partition function of the crystal in the presence of the magnetic field.","The contribution of the impurities to the partition function is

\[
Z = e^{-\varepsilon / k_{\mathrm{B}} T} + e^{\varepsilon / k_{\mathrm{B}} T} = 2 \cosh\left(\frac{\varepsilon}{k_{\mathrm{B}} T}\right)
\]",\boxed{2 \cosh\left(\frac{\varepsilon}{k_{\mathrm{B}} T}\right)},EX,,False,EN,Knowledge Recall
3809,Modern Physics,Semiconductor Physics,Transport Properties,"At room temperature, \(\frac{k_{\mathrm{B}} T}{e} = 26 \, \mathrm{mV}\). A cadmium sulfide sample has a mobile carrier density of \(10^{16} \, \mathrm{cm}^{-3}\) and a mobility of \(\mu = 10^{2} \, \mathrm{cm}^{2} / \mathrm{V} \cdot \mathrm{s}\). The carriers continuously get trapped in immobile states and are then thermally excited back to mobile states. If the average free time in the mobile state is \(t = 10^{-5} \, \mathrm{s}\), what is the root mean square distance of diffusion of the carriers between two successive traps?","According to the equipartition theorem

\[
\frac{1}{2} m v_{x}^{2} = \frac{1}{2} m v_{y}^{2} = \frac{1}{2} m v_{z}^{2} = \frac{1}{2} k_{\mathrm{B}} T
\]

Therefore,

\[
\frac{1}{2} m v^{2} = \frac{3}{2} k_{\mathrm{B}} T, \quad v^{2} = \frac{3 k_{\mathrm{B}} T}{m}
\]

Hence, the root mean square distance of diffusion of the carriers between two successive traps is

\[
\begin{aligned}
l &= \sqrt{v^{2}} \cdot t = \sqrt{\frac{3 k_{\mathrm{B}} T}{m}} \cdot t = \sqrt{3 \left(\frac{k_{\mathrm{B}} T}{e}\right) \frac{e}{m}} \cdot t \\
&= \sqrt{3 \times 26 \times 10^{-3} \times 1.76 \times 10^{11}} \times 10^{-5} \\
&= 1.17 \, (\mathrm{m}) = 117 \, (\mathrm{cm})
\end{aligned}
\]",\boxed{117},NV,\mathrm{cm},False,EN,Practical Application
3812,Modern Physics,Semiconductor Physics,Transport Properties,"A single crystal of Ge with a mass of 0.1 kg is doped with \(3.2 \times 10^{-9} \mathrm{~kg}\) of Sb, assuming that the impurities are fully ionized. Calculate the concentration of Sb impurities in this Ge single crystal. Given that the density of the Ge single crystal is \(5.32 \mathrm{~g} / \mathrm{cm}^{3}\), and the atomic mass of Sb is 121.8.","The volume of the Ge single crystal is 

\[ 
V = \frac{0.1 \times 10^{3}}{5.32} \mathrm{~cm}^{3} 
\]

Thus, the concentration of antimony impurities \(N_{\mathrm{D}}\) in the single crystal is 

\[
N_{\mathrm{D}} = \frac{\frac{3.2 \times 10^{-9} \times 10^{3}}{121.8} \times 6.022 \times 10^{23}}{\frac{0.1 \times 10^{3}}{5.32}} = 8.4 \times 10^{14} \left( \mathrm{~cm}^{-3} \right)
\]",\boxed{8.4 \times 10^{14}},NV,,False,EN,Practical Application
3817,Modern Physics,Semiconductor Physics,Others,"Roughly estimate the radius of a 10 TeV proton accelerator (\(1 \mathrm{TeV}=10^{12} \mathrm{eV}\)). Any method, including intuition, can be used, but it must be convincing.","According to the equations

\[
\begin{gathered}
\frac{\gamma m v^{2}}{R}=q v B \\
p=\gamma m v = q B R
\end{gathered}
\]

Taking \(B \sim 5\) Tesla, the radius \(R \sim 6\) kilometers.",\boxed{6},NV,\text{km},False,EN,Laws Application
3819,Modern Physics,Semiconductor Physics,Statistical Distribution of Electrons and Holes in Space,"A compensated silicon material is given. It is known that the concentration of acceptor impurities introduced is \(N_{A} = 1 \times 10^{15} \ \mathrm{cm}^{-3}\). At room temperature, the Fermi level position is measured to coincide exactly with the donor level, and the electron concentration at thermal equilibrium is measured to be \(n = 5 \times 10^{15} \ \mathrm{cm}^{-3}\). It is known that the intrinsic carrier concentration of silicon at room temperature is \(n_{i} = 1.5 \times 10^{10} \ \mathrm{cm}^{-3}\). What is the minority carrier concentration at equilibrium?","By knowing that all impurities are fully ionized, the minority carrier — hole concentration at equilibrium is

\[
p = \frac{n_{i}^{2}}{n} = \frac{(1.5 \times 10^{10})^2}{5 \times 10^{15}} = 4.5 \times 10^4 \ \mathrm{cm}^{-3}
\]",\boxed{4.5 \times 10^4},NV,\mathrm{cm}^{-3},False,EN,Laws Application
3820,Modern Physics,Semiconductor Physics,Others,"As shown in Figure 2.1.6, use a polarizer and a quarter-wave plate (which has horizontal and vertical axes) to determine a known polarized light that can pass through the polarizer with maximum intensity in the vertical direction. After passing through the quarter-wave plate, the light then passes through the polarizer, with its maximum intensity making an angle of \(30^{\circ}\) with the vertical direction. Describe as much as possible the polarization state of the incident light (including the proportion of unpolarized part, the orientation of the major and minor axes of the elliptical polarization, and the relative intensity along the major and minor axes).","After passing through the quarter-wave plate, elliptical polarized light becomes linearly polarized light. Since

\[
\sqrt{I_{2} / I_{3}} = \tan 60^{\circ} = \sqrt{3}
\]

therefore

\[
\begin{aligned}
& I_{2} = 3 I_{3}, \\
& I_{3} = \frac{1}{6} I_{0}, \quad I_{1} = \frac{1}{2} I_{0}, \quad I_{2} = \frac{1}{2} I_{0}
\end{aligned}
\]

Thus, the proportion of the unpolarized part of this light is \(\frac{I_{1}}{I_{0}} = 50\%\), the major axis of the ellipse is in the vertical direction, the minor axis is in the horizontal direction, and the relative intensity ratio along the major and minor axes is \(I_{2} / I_{3} = 3\).","\boxed{50\%, 3}","NV, NV","\%, None",True,EN,Practical Application
3827,Modern Physics,Semiconductor Physics,Others,"Determine whether the following statement is correct and provide reasoning. Two states with an energy difference of \(10^{-3} \, \text{eV}\) and a lifetime of \(10^{-10}\) seconds can be clearly distinguished. These two states do not decay into each other.","It is correct. Since the lifetime of the energy levels is \(10^{-10}\) seconds, the energy levels have a certain width. When this width is greater than \(10^{-3} \, \text{eV}\), the two energy levels partially overlap and cannot be distinguished. According to the uncertainty principle, the width of the energy level \(\Delta E\) is given by:

\[
\Delta E \cdot \Delta t \approx \frac{\hbar}{2} \Rightarrow \Delta E \approx \frac{\hbar}{2 \Delta t}
\]

Calculating gives

\[
\Delta E \approx \frac{6.58 \times 10^{-16}}{2 \times 10^{-10}} = 3.29 \times 10^{-6} \, \text{eV} < 10^{-3} \, \text{eV}
\]

Therefore, they can be distinguished.",\boxed{Yes},TF,,False,EN,Laws Application
3828,Modern Physics,Semiconductor Physics,Others,"In a counting experiment, there is an average count rate \(\gamma\) of \(1000 \text{ events/second} \), with a portion coming from random background. The average background count rate \(r_{B}\) is \(900 \text{ events/second}\). What is the ""true"" event count rate \(r_{\mathrm{T}}\)?","The ""true"" event count rate is given by \(r_{\mathrm{T}} = \gamma - r_{B} = 1000 - 900 = 100 \text{ events/second}\).",\boxed{100},NV,\text{事件/秒},False,EN,Knowledge Recall
3829,Modern Physics,Semiconductor Physics,Others,"The ground state binding energy of positronium is \(f\) times that of hydrogen atom. \(f\) is  
a) 1  
b) \(1 / 2\)  
c) 2  
d) \(1 / 4\)  
e) 4","The binding energy of the ground state of positronium is \(E_{\mathrm{pb}}=-\frac{\frac{m_{\mathrm{e}}}{2} e^{4}}{2 h^{2}}\), and the binding energy of the ground state of hydrogen is \(E_{\mathrm{Hb}}=-\frac{m_{\mathrm{e}} e^{4}}{2 h^{2}}\). Therefore,

\[
\frac{E_{\mathrm{pb}}}{E_{\mathrm{Hb}}}=\frac{1}{2}
\]

Thus, \(f=\frac{1}{2} \) \quad b) is the answer.",\boxed{b},MC,,False,EN,Knowledge Recall
3830,Modern Physics,Semiconductor Physics,Transport Properties,"Given a single crystal of Ge with an Sb impurity concentration of \(8.4 \times 10^{14} \mathrm{~cm}^{-3}\), assuming the impurities are fully ionized and \(\mu_{\mathrm{n}}=0.39 \mathrm{~m}^{2} / \mathrm{V} \cdot \mathrm{s}\), calculate the resistivity of this Ge single crystal.","Under the assumption of full ionization, \(n = N_{\mathrm{D}}\). Therefore, the resistivity of the material is

\[
\begin{aligned}
\rho & = \frac{1}{\sigma} \approx \frac{1}{n e \mu_{\mathrm{n}} + p e \mu_{\mathrm{p}}} = \frac{1}{n e \mu_{\mathrm{n}}} = \frac{1}{N_{\mathrm{D}} e \mu_{\mathrm{n}}} \\
& = \frac{1}{8.4 \times 10^{14} \times 1.6 \times 10^{-19} \times 0.39} = 1.9 \times 10^{-2}(\Omega \mathrm{~m}) = 1.9(\Omega \mathrm{~cm})
\end{aligned}
\]",\boxed{1.9},NV,\Omega\mathrm{~cm},False,EN,Laws Application
3831,Modern Physics,Semiconductor Physics,Transport Properties,"For an n-type GaAs with a thickness of 0.08 cm, a current of 50 mA is passed in the \(x\)-direction, and a magnetic field of 0.5 T is applied in the \(z\)-direction, resulting in a Hall voltage of 0.4 mV. If the material's resistivity is \(1.5 \times 10^{-3} \, \Omega \cdot \text{cm}\), find the carrier Hall mobility.","The Hall mobility  
\[
\mu_{\mathrm{H}} = R_{\mathrm{H}} \sigma = R_{\mathrm{H}} \frac{1}{\rho}
\]

Substituting \(\rho = 1.5 \times 10^{-3} \, \Omega \cdot \text{cm} = 1.5 \times 10^{-5} \, \Omega \cdot \text{m}\), we get  

\[
\mu_{\mathrm{H}} = \frac{1.28 \times 10^{-5}}{1.5 \times 10^{-5}} = 0.853 \, \text{m}^2/(\text{V} \cdot \text{s})
\]",\boxed{0.853},NV,\text{m}^2/(\text{V} \cdot \text{s}),False,EN,Practical Application
3834,Modern Physics,Semiconductor Physics,Transport Properties,"The electron mobility of InSb is \(7.5 \, \mathrm{m}^2/\mathrm{V}\cdot\mathrm{s}\) and the hole mobility is \(0.075 \, \mathrm{m}^2/\mathrm{V}\cdot\mathrm{s}\). At room temperature, the intrinsic carrier concentration is \(1.6 \times 10^{16} \, \mathrm{cm}^{-3}\). Calculate the intrinsic resistivity.","Using the calculation formula from Example 1.2.23:

\[
\rho_{i} = \frac{1}{\sigma_{i}} = 5.2 \times 10^{-3} \, \Omega \cdot \mathrm{cm}
\]",\boxed{5.2 \times 10^{-3}},NV,,False,EN,Laws Application
3837,Modern Physics,Semiconductor Physics,Others,"Multiple Choice:\
(12) A series of random numbers generated by a digital computer\
a) Are truly random\
b) Will eventually repeat themselves\
c) Are only useful for playing games.","b) Is correct. Because the random numbers generated by a computer are designed according to a specific algorithm, they are artificial, and when repeated a large number of times, they will repeat themselves.",\boxed{b},MC,,False,EN,Knowledge Recall
3838,Modern Physics,Semiconductor Physics,Others,"Multiple Choice Question:  
(7) If the probability of event 1 occurring is \(P\) and the probability of event 2 is \(Q\), then the probability of both occurring is  
a) \(P+Q\)  
b) \(PQ\)  
c) None of the above is correct","If events 1 and 2 are independent, b) is correct.",\boxed{b},MC,,False,EN,Knowledge Recall
3839,Modern Physics,Semiconductor Physics,Transport Properties,"In a hypothetical \(n\)-type semiconductor, assume that pentavalent donor impurities are introduced into the semiconductor. Estimate the number of impurities per cubic meter. It is known that the Hall coefficient at room temperature is \(R_{\mathrm{H}} = -6.25 \times 10^{-8} \, \mathrm{m^{3}/C}\).","For an \(n\)-type semiconductor where \(n \gg p\), we have

\[
R_{\mathrm{H}} \approx -\frac{1}{ne}
\]

At room temperature, the impurities are mostly ionized, so the impurity concentration is

\[
N_{I} \approx n = -\frac{1}{R_{\mathrm{H}} e} = \frac{1}{6.25 \times 10^{-8} \times 1.6 \times 10^{-19}} = 10^{24} \, \mathrm{m^{-3}}
\]",\boxed{10^{24}},NV,\mathrm{m^{-3}},False,EN,Laws Application
3841,Modern Physics,Semiconductor Physics,Transport Properties,"In a hypothetical \(n\)-type semiconductor, the relationship between electron energy \(E\) and wave vector \(k\) in the conduction band can be approximated by \(E = a k^{2} + \text{const}\). In a magnetic field \(B = 0.1 \, \mathrm{Wb/m}^{2}\), the electron cyclotron resonance frequency is \(\omega_{0} = 1.8 \times 10^{11} \, \mathrm{rad/s}\). Find the value of \(a\).","Given \(E = a k^{2} + \text{const}\), we have

\[
\frac{1}{m^{*}} = \frac{1}{\hbar^{2}} \frac{\partial^{2} E}{\partial k^{2}} = \frac{2a}{\hbar^{2}}
\]

We know the electron cyclotron frequency is given by

\[
\omega_{0} = \frac{eB}{m^{*}}
\]

Therefore,

\[
a = \frac{\hbar^{2}}{2} \frac{\omega_{0}}{eB} = \frac{\left(1.05 \times 10^{-34}\right)^{2} \times 1.8 \times 10^{11}}{2 \times 1.6 \times 10^{-19} \times 0.1} = 6.2 \times 10^{-38} \, \mathrm{J \cdot m^{2}}
\]",\boxed{6.2 \times 10^{-38}},NV,,False,EN,Laws Application
3842,Modern Physics,Semiconductor Physics,Others,The Earth's atmosphere blocks most of the electromagnetic radiation coming from outer space. Try to determine the approximate photon energy for the basic shielding process of electron-positron pair production.,"Electron-positron pair production can only occur when the photon energy \(\varepsilon\) is greater than the rest energy of the electron-positron pair:

\[
\varepsilon \geq 2 m_{0} c^{2} = 1.02 \mathrm{MeV}
\]",\boxed{1.02},NV,\text{MeV},False,EN,Knowledge Recall
3843,Modern Physics,Semiconductor Physics,Others,"In the Thomson-Lorentz atomic model, the electron undergoes simple harmonic motion about a force center, meaning it is a three-dimensional harmonic oscillator with a natural frequency of \(\omega_{0}\). Briefly explain: classical statistical mechanics (CSM) argues that the average energy (kinetic energy plus potential energy) of each oscillator at thermal equilibrium is \(3 k T\).","According to the equipartition theorem, the energy of the oscillator can be expressed as \(\varepsilon=\frac{p^{2}}{2 m}+\frac{1}{2} m \omega_{0}^{2} q^{2}\). There are a total of 6 quadratic terms, and the average value of each quadratic term is \(\frac{1}{2} k T\). Therefore, \(\bar{\varepsilon}=6 \times \frac{1}{2} k T=3 k T\).",\boxed{3 k T},EX,,False,EN,Laws Application
3845,Modern Physics,Semiconductor Physics,Others,"Multiple Choice:\
(15) The density of interstellar matter is:\
a) 1 atom \(/ \mathrm{cm}^{3}\)\
b) \(10^{5}\) atoms \(/ \mathrm{cm}^{3}\)\
c) \(10^{15}\) atoms \(/ \mathrm{cm}^{3}\)",The average density of molecules and atoms in interstellar space is approximately a) 1 atom \(/ \mathrm{cm}^{3}\).,\boxed{a},MC,,False,EN,Knowledge Recall
3846,Modern Physics,Semiconductor Physics,Transport Properties,"Verify that when \( \mu_n \neq \mu_p \) and the carrier concentration \( n = n_i \sqrt{\frac{\mu_p}{\mu_n}} \), the hole concentration \( p = n_i \sqrt{\frac{\mu_n}{\mu_p}} \), the conductivity of a semiconductor material reaches a minimum value, and provide the expression for \(\sigma_{\text{min}}\).","The conductivity of the semiconductor material is given by

\[
\sigma = ne\mu_n + pe\mu_p = ne\mu_n + \frac{n_i^2}{n} e \mu_p
\]

Take the derivative with respect to \( n \) and find the extremum:

\[
\frac{\mathrm{d} \sigma}{\mathrm{d} n} = e\mu_n - \frac{n_i^2}{n^2} e \mu_p = 0
\]

It follows that when \( n = n_i \sqrt{\frac{\mu_p}{\mu_n}} \), \(\sigma\) has an extremum. At this point, \( p = \frac{n_i^2}{n} = n_i \sqrt{\frac{\mu_n}{\mu_p}} \), and

\[
\left.\frac{\mathrm{d}^2 \sigma}{\mathrm{d} n^2}\right|_{n = n_i \sqrt{\frac{\mu_p}{\mu_n}}} = \frac{2 n_i^2}{n^3} e \mu_p > 0
\]

Therefore, when \( n = n_i \sqrt{\frac{\mu_p}{\mu_n}}, p = n_i \sqrt{\frac{\mu_n}{\mu_p}} \), \(\sigma\) reaches a minimum value. Hence, the minimum conductivity of the semiconductor is

\[
\sigma_{\text{min}} = ne\mu_n + pe\mu_p = n_i \sqrt{\frac{\mu_p}{\mu_n}} e + n_i \sqrt{\frac{\mu_n}{\mu_p}} e = 2n_i e \sqrt{\mu_n \mu_p}
\]",\boxed{2n_i e \sqrt{\mu_n \mu_p}},EX,,False,EN,Math Derivation
3851,Modern Physics,Semiconductor Physics,Statistical Distribution of Electrons and Holes in Space,"If the electrons in the valence band of the semiconductor silicon material are regarded as free electrons, calculate the width of the valence band when the lattice constant of Ge is \(5.66 \, \text{Å}\). Use a method similar to that for silicon materials for the calculation.","In the above calculation, the lattice constant for silicon \(a = 5.4 \, \text{Å}\). If Ge is taken as \(5.66 \, \text{Å}\) and substituted into the formula, the resulting \(E\left(k_{F}\right)\) is approximately 12.5 eV. Applying other semiconductor theories, the valence band width of these materials is also about 12 eV; therefore, at least in terms of energy, the valence band electrons in semiconductors are similar to free electrons.",\boxed{12},NV,\text{eV},False,EN,Laws Application
3855,Modern Physics,Semiconductor Physics,Others,"When the ionosphere is in thermal equilibrium, the temperature is \( T \). The ionosphere is composed of electrons (mass \( m \)) and singly charged ions (mass \( M \)). In the absence of a large-scale external electric field, the scale height of the electrons is \( k T / mg \) and the scale height of ions is \( k T / Mg \). Now, assuming the ions are protons, find the value of the electric field \( E \).","If the ions are protons, the calculation yields:

\[
\begin{gathered}
M_{\mathrm{p}} = 1.672 \times 10^{-27} \mathrm{~kg} \\
m = 9.10 \times 10^{-31} \mathrm{~kg} \\
e = 1.602 \times 10^{-19} \mathrm{C}
\end{gathered}
\]

Thus,

\[
E = \frac{1.672 \times 10^{-27} \times 9.807}{2 \times 1.602 \times 10^{-19}} = 5.12 \times 10^{-8} \, (\mathrm{V} / \mathrm{m})
\]

It is noteworthy that this problem assumes the electric field is uniform, which could be further discussed.",\boxed{5.12 \times 10^{-8}},NV,\mathrm{V} / \mathrm{m},False,EN,Laws Application
3856,Modern Physics,Semiconductor Physics,"Magnetic, Optical, and Superconducting Properties","Consider a classical ideal gas of dipoles, where each particle has a magnetic moment \(\mu\). Calculate the paramagnetic susceptibility per unit volume in a weak field.","For a classical dipole

\[
\begin{gathered}
\varepsilon = -\mu \cdot \boldsymbol{B} = -\mu B \cos \theta \\
z_{1} = \iint \mathrm{e}^{-\beta \varepsilon} \sin \theta \, \mathrm{d} \theta \, \mathrm{d} \varphi = \frac{4 \pi}{\beta \mu B} \operatorname{sh} (\beta \mu B) \\
\mu = -k_{B} T \ln z_{1} \\
\bar{\mu} = -\left(\frac{\partial F}{\partial B}\right)_{T} = \frac{1}{\beta z_{1}} \frac{\partial z_{1}}{\partial B}
\end{gathered}
\]

From

\[
\bar{\mu} = \iint \frac{\mu \cos \theta \mathrm{e}^{-\beta \varepsilon}}{z_{1}} \sin \theta \, \mathrm{d} \theta \, \mathrm{d} \varphi
\]

\[
\begin{aligned}
& = \iint \frac{\mu \cos \theta}{z_{1}} \mathrm{e}^{\beta \varepsilon \cos \theta} \sin \theta \, \mathrm{d} \theta \, \mathrm{d} \varphi \\
& = \frac{1}{\beta z_{1}} \frac{\partial z_{1}}{\partial B}
\end{aligned}
\]

Thus

\[
\begin{gathered}
\bar{\mu} = \left[\operatorname{coth} (\beta \mu B) - \frac{1}{\beta \mu B}\right] \cdot \mu \\
M = n \bar{\mu} = n \mu \left[\operatorname{coth} (\beta \mu B) - \frac{1}{\beta \mu B}\right]
\end{gathered}
\]

For \(x \ll 1\),

\[
\operatorname{coth} x = \frac{1}{x} + \frac{x}{3} + \cdots
\]

\(M \approx \frac{n \mu}{3} \cdot \beta \mu B = \frac{n \mu^{2} \mu_{0}}{3 k_{\mathrm{B}} T} B\) (under a weak field, \(\beta \mu B \ll 1\))
Therefore, the magnetic susceptibility is

\[
\chi = \frac{n \mu^{2} \mu_{0}}{3 k_{\mathrm{B}} T}
\]",\boxed{\frac{n \mu^{2} \mu_{0}}{3 k_{\mathrm{B}} T}},EX,,False,EN,Math Derivation
3857,Modern Physics,Semiconductor Physics,Statistical Distribution of Electrons and Holes in Space,"A particular semiconductor junction device requires n-type material and must operate at \(100^{\circ} \mathrm{C}\). Is the n-type material obtained by doping germanium with \(1 \times 10^{14} \mathrm{~cm}^{-3}\) of arsenic suitable? It is known that the bandgap energy \(E_{g}\) of germanium's conduction and valence bands changes with temperature, and it follows the formula:

\[ E_{g}=E_{g}(0)-\frac{\alpha T^{2}}{T+\beta} \]

\[
\begin{array}{ll}
\text{Germanium} & m_{\mathrm{n}}^{*}=0.56 m_{0}, \quad m_{\mathrm{p}}^{*}=0.37 m_{0}, \\
                 & \alpha=4.774 \times 10^{-4}, \quad \beta=235, \quad E_{g}(0)=0.7437
\end{array}
\]","At \(100^{\circ} \mathrm{C}\), the energy band gap of germanium is:

\[ E_{g}=0.7437-\frac{4.774 \times 10^{-4} \times 373^{2}}{(373+235)}=0.63 \, \text{(eV)} \]

At this temperature, the intrinsic carrier concentration of germanium is:

\[ n_{i}=2.51 \times 10^{19} \times\left(\frac{m_{\mathrm{n}}^{*} m_{\mathrm{p}}^{*}}{m_{0}^{2}}\right)^{\frac{3}{4}}\left(\frac{T}{300}\right)^{\frac{3}{2}} \mathrm{e}^{-\frac{E_{g}}{2 k_{\mathrm{B}} T}}=6 \times 10^{14} \, \mathrm{cm}^{-3} \]

Since \(N_{\mathrm{D}}=1 \times 10^{14} \, \mathrm{cm}^{-3}<n_{i}=6 \times 10^{14} \, \mathrm{cm}^{-3}\), at \(100^{\circ} \mathrm{C}\), intrinsic excitation dominates the generation of carriers in germanium, resulting in \(n=p=6 \times 10^{14} \, \mathrm{cm}^{-3}\). Thus, germanium exhibits intrinsic conductivity and is not suitable. Therefore,

\[ n_{i}(T) > N_{\mathrm{D}} \]

indicates that the carrier generation enters the intrinsic excitation region, where the semiconductor exhibits intrinsic conductivity. Hence, \(N_{\mathrm{D}}=n_{i}(T)\) determines the upper limit of the operating temperature for the device.",\boxed{No},TF,,False,EN,Practical Application
3858,Modern Physics,Semiconductor Physics,Transport Properties,"At room temperature, \(\frac{k_{\mathrm{B}} T}{e} = 26 \, \mathrm{mV}\). A cadmium sulfide sample has a mobile carrier concentration of \(10^{16} \, \mathrm{cm}^{-3}\) and a mobility of \(\mu = 10^{2} \, \mathrm{cm}^{2} / \mathrm{V} \cdot \mathrm{s}\). If the effective mass of the carriers is 0.1 times the free electron mass, what is the average time between successive scatterings?","From the free electron theory of metals, we have:

\[
\sigma = \frac{n e^{2} \langle\tau\rangle}{m^{*}}
\]

where \(m^{*}\) is the effective mass of the electron, thus the average time between successive scatterings is

\[
\begin{aligned}
\langle\tau\rangle &= \frac{m^{*} \sigma}{n e^{2}} = \frac{0.1 \sigma}{n e} \left(\frac{m}{e}\right) \\
&= \frac{0.1 \times 0.16 \times 10^{2}}{1 \times 10^{22} \times 1.6 \times 10^{-19}} \times \left(\frac{1}{1.76 \times 10^{11}}\right) \\
&= 5.68 \times 10^{-15} \, (\mathrm{s})
\end{aligned}
\]",\boxed{5.68 \times 10^{-15}},NV,,False,EN,Laws Application
3859,Modern Physics,Semiconductor Physics,Others,"The scale height of the atmosphere (change in height causing a change in unit pressure) is  
a) 4 km  
b) 8 km  
c) 12 km  
d) 16 km  
e) 20 km","According to Boltzmann statistics, if we consider the air layer near the ground as an isothermal layer, the formula for pressure change with height is \(p = p_{0} e^{-m g / k T}\). Therefore, the scale height is given by \(\frac{k T}{m g}\).  

\[
\frac{k T}{m g} = \frac{1.38 \times 10^{-23} \times 300}{\frac{29 \times 10^{-3}}{6.02 \times 10^{23}} \times 9.8} = 8.6 \times 10^{3} \mathrm{~m} = 8.6 \mathrm{~km}
\]

From this, we know that option b) is the best choice.",\boxed{B},MC,,False,EN,Laws Application
3861,Modern Physics,Semiconductor Physics,Others,"Multiple Choice Question:  
(2) The binary representation of decimal 137 is  
a) 10001001  
b) 1001001  
c) 101001","Since \(137 = 2^{7} + 2^{3} + 2^{0}\)

\[
\therefore(10001001)_{2} = 137
\]

Thus, option a) is the correct representation.",\boxed{a},MC,,False,EN,Knowledge Recall
3862,Modern Physics,Semiconductor Physics,Transport Properties,"At the temperature of liquid nitrogen, intrinsic germanium is excited by light to produce conduction electrons, with an average density of \(1 \times 10^{12} \mathrm{~cm}^{-3}\). At this temperature, the mobilities of electrons and holes are equal, \(\mu=0.5 \times 10^{4} \mathrm{~cm}^{2} / \mathrm{V} \cdot \mathrm{s}\). If a 100 V voltage is applied to a cubic crystal with a side length of 1 cm, what is the approximate current produced?","Current density

\[
j=\sigma E=\left(n \mu_{\mathrm{n}}+p \mu_{\mathrm{p}}\right) e E=2 n \mu_{\mathrm{n}} e \frac{V}{d}
\]

Substituting \(n=1 \times 10^{12} \mathrm{~cm}^{-3}, \mu_{\mathrm{n}}=0.5 \times 10^{4} \mathrm{~cm}^{2} / \mathrm{V} \cdot \mathrm{s}, V=100 \mathrm{~V}, d=1 \mathrm{~cm}\), we get

\[
j=1.6 \times 10^{3} \mathrm{~A} / \mathrm{m}^{2}
\]

Therefore, the current

\[
I=j S=1.6 \times 10^{3} \times 1 \times 10^{-4}=0.16(\mathrm{~A})=160(\mathrm{~mA})
\]",\boxed{160},NV,,False,EN,Practical Application
3865,Modern Physics,Semiconductor Physics,Others,"Multiple Choice:  
(6) A continuous function always has  
a) a first derivative  
b) a second derivative  
c) none of the above are correct","Since the problem includes the phrase ""always has,"" option c) is correct because a continuous function is not necessarily differentiable.",\boxed{c},MC,,False,EN,Knowledge Recall
3866,Modern Physics,Semiconductor Physics,Others,"Within an error range of 10, answer the following question using estimation, rough calculations, or memory: What is the binding energy of an iron nucleus? Please explain in detail how you arrived at your answer.","On the curve depicting the relationship between nucleon number and binding energy, it's important to remember that \(^{56} \mathrm{Fe}\) is closest to the average maximum binding energy value of approximately 8.8 MeV, so the binding energy of \(^{56} \mathrm{Fe}\) is \(\approx 8.8 \times 56 = 492.8 \mathrm{MeV}\).",\boxed{492.8},NV,\mathrm{MeV},False,EN,Knowledge Recall
3867,Modern Physics,Semiconductor Physics,Others,"Multiple Choice:  
(14) Astronomers believe the current age of the universe is  
a) \(10^{12}\) years  
b) \(10^{10}\) years  
c) \(10^{6}\) years  
d) 6000 years",Astronomers believe the current age of the universe is b) \(10^{10}\) years.,\boxed{b},"\
MC",,False,EN,Knowledge Recall
3868,Modern Physics,Semiconductor Physics,"Magnetic, Optical, and Superconducting Properties","Consider an ideal gas of stable vector mesons (heavy particles with spin 1), where the particles have a magnetic moment \(\mu\). Calculate the paramagnetic susceptibility per unit volume in a weak magnetic field.","For the ideal gas, only the partition function of a single particle needs to be considered:

\[
z_{1} = \mathrm{e}^{-\beta \varepsilon} + 1 + \mathrm{e}^{\beta \varepsilon}
\]

where \(\varepsilon = \mu B\). The probabilities for the magnetic moment orientation to be parallel, perpendicular, and antiparallel to the magnetic field are

\[
P_{+} = \frac{\mathrm{e}^{\beta \varepsilon}}{z_{1}}, \quad P_{0} = \frac{1}{z_{1}}, \quad P_{-} = \frac{\mathrm{e}^{-\beta \varepsilon}}{z_{1}}
\]

The average magnetic moment of each particle is

\[
\begin{aligned}
\bar{\mu} & = \mu\left(P_{+} - P_{-}\right) = \mu \cdot \frac{\mathrm{e}^{\beta \varepsilon} - \mathrm{e}^{-\beta \varepsilon}}{z_{1}} \\
& = \mu \cdot \frac{2 \operatorname{sh} \beta \varepsilon}{2 \operatorname{ch} \beta \varepsilon + 1}
\end{aligned}
\]

Let \(n\) be the number of vector mesons per unit volume, the magnetization is given by

\[
M = n \bar{\mu} = n \mu \cdot \frac{2 \operatorname{sh} \beta \varepsilon}{2 \operatorname{ch} \beta \varepsilon + 1}
\]

In a weak field, where \(\mu B \ll 1\),

\[
M = n \mu \cdot \frac{2}{3} \beta \varepsilon = \frac{2 n \mu^{2}}{3 k_{\mathrm{B}} T} B
\]

Thus,

\[
\chi = \frac{2 n \mu_{0} \mu^{2}}{3 k_{\mathrm{B}} T}
\]",\boxed{\frac{2 n \mu_{0} \mu^{2}}{3 k_{\mathrm{B}} T}},EX,,False,EN,Math Derivation
3869,Modern Physics,Semiconductor Physics,"Magnetic, Optical, and Superconducting Properties","Circularly polarized light travels along the \(z\) axis through a completely ionized material. When \(B = 0\), a static magnetic field \(B\) also travels through this material along the \(z\) direction. The refractive index of right-handed circularly polarized light with angular frequency \(\omega\) is given by

\[
n_{\mathrm{r}}^{2}=1-\frac{4 \pi N e^{2} / m}{\omega^{2}+\frac{e B \omega/m c}}
\]

where \(N\) is the electron density, and \(e, m\), and \(c\) have their usual meanings. What is the group velocity if \(B = 0\)?","When \(B = 0\), the group velocity is

\[
v_{g}=\frac{\mathrm{d} \omega}{\mathrm{~d} k}=\sqrt{1-\frac{\omega_{\mathrm{p}}^{2}}{\omega^{2}}} \cdot c
\]",\boxed{\sqrt{1-\frac{\omega_{\mathrm{p}}^{2}}{\omega^{2}}} \cdot c},EX,,False,EN,Laws Application
3870,Modern Physics,Semiconductor Physics,Others,"The wavelength of a neutron with an energy of 1 eV is closest to  
a) 1 cm  
b) \(10^{-3} \mathrm{~cm}\)  
c) \(10^{-4} \mathrm{~cm}\)  
d) \(10^{-6} \mathrm{~cm}\)  
e) \(10^{-8} \mathrm{~cm}\)","Based on  

\[
\begin{aligned}
\lambda & =\frac{h}{p}=\frac{h}{\sqrt{2 m E}}=\frac{6.3 \cdot 6.6 \times 10^{-22} \times 3 \cdot 10^{8}}{\sqrt{2 \times 940 \times 1 \times 10^{-6}}} \\
& =10^{-11}(\mathrm{~m}) \approx 10^{-9}(\mathrm{~cm})
\end{aligned}
\]

therefore e) is the selected answer.",\boxed{e},MC,,False,EN,Laws Application
3872,Modern Physics,Semiconductor Physics,"Magnetic, Optical, and Superconducting Properties","If an iron crystal is completely spontaneously magnetized, estimate its magnetization. Assume the density of iron is \( \rho = 7.9 \, \text{g/cm}^3 \) and its atomic weight is \( A = 56 \,\text{g/mol} \). Assume each iron atom has a magnetic moment of \(\mu_{0} \approx 2.2 \mu_{B}\), where \(\mu_{B} = 9.27 \times 10^{-24} \, \text{A}\cdot\text{m}^2\) is the Bohr magneton.","The number of iron atoms per unit volume is

\[
\frac{\rho}{A} N_{\mathrm{A}}
\]

where \(\rho\) is the density of iron, \(A\) is its atomic weight, and \(N_{\mathrm{A}}\) is Avogadro's constant. Each iron atom’s magnetic moment is \(\mu_{0} \approx 2.2 \mu_{B}\), so the magnetization

\[
M \approx \frac{\rho}{A} \cdot N_{\mathrm{A}} \cdot \mu_{0} = \frac{7.9}{56} \times 6.02 \times 10^{23} \times 2.2 \times 9.27 \times 10^{-24} \approx 1740 \, \text{G}
\]

(Note: The units of the Bohr magneton \(1 \mu_B = 9.27 \times 10^{-24} \, \text{A}\cdot\text{m}^2\) were clarified in the solution for accurate computation.)",\boxed{1740},NV,\text{G},False,EN,Practical Application
3873,Modern Physics,Semiconductor Physics,Others,"Multiple Choice:\
(3) 0 divided by 0 equals\
a) 0\
b) Infinity\
c) Undefined","c) is correct, because \(0 / 0\) represents the ratio of two infinitesimals, and its specific value depends on the particular situation. For example, \(\frac{1}{x}\) and \(\mathrm{e}^{-x}\), as \(x \rightarrow \infty\), both tend towards 0, but \(\left.\frac{\frac{1}{x}}{\mathrm{e}^{-x}}\right|_{x \rightarrow \infty}=\infty\). Another example is \(x\) and \(x^{2}\), as \(x \rightarrow 0\), both approach 0, but \(\left.\frac{x^{2}}{x}\right|_{x \rightarrow 0}=0\).",\boxed{c},MC,,False,EN,Knowledge Recall
3874,Modern Physics,Semiconductor Physics,Others,"Multiple Choice Question:  
(13) Stars twinkle while planets do not because  
a) Planets only reflect light, while stars emit light  
b) Stars appear more like points to us  
c) Stars pulsate","Stars twinkle mainly due to the fluctuations in air density caused by atmospheric turbulence as light passes through the atmosphere. This twinkling effect is more pronounced for stars, which appear smaller to us, than for planets, which appear larger. Therefore, b) is correct.",\boxed{b},MC,,False,EN,Knowledge Recall
3875,Modern Physics,Semiconductor Physics,Transport Properties,"In the electrical transport of semiconductor materials, consider the temperature dependence of the relaxation time \(\tau\) caused by lattice scattering. It is known that the relationship between the relaxation time \(\tau\) and temperature \(T\) is \(\tau = \frac{1}{P}\), where \(P\) is the probability of electron scattering due to electron-phonon interactions, and \(P \propto T^{\frac{3}{2}}\).","From the previous problem, we know that the relationship between the scattering probability \(P\) and temperature is

\[
P \propto T^{\frac{3}{2}}
\]

Therefore, the relaxation time \(\tau\) can be obtained from the following relationship

\[
\tau = \frac{1}{P} \propto T^{-\frac{3}{2}}
\]",\(\boxed{T^{-\frac{3}{2}}}\),EX,,False,EN,Laws Application
3876,Modern Physics,Semiconductor Physics,Others,"The Bohr radius of an atom with nuclear charge \(z\) has the order of magnitude  
a) \(\frac{\hbar}{z a m c}\)  
b) \(\frac{z a \hbar}{m c}\)  
c) \(\frac{m c}{z a \hbar}\) (where the fine-structure constant \(a=e^{2} / \hbar c\))","For a model with nuclear charge \(z\) and only one electron outside the nucleus, the Bohr radius is \(\frac{\hbar}{m z a c}\). In general atoms, unlike the model, there are usually many electrons outside the nucleus. The interactions among these electrons and with the nucleus affect the Bohr radius, but the order of magnitude generally remains consistent with the result obtained above. Therefore, the correct answer should be a).",\boxed{a},MC,,False,EN,Knowledge Recall
3877,Modern Physics,Semiconductor Physics,Others,"Determine whether the following statement is correct and explain the reason. A beam of electrons with energy \(100 \, \text{eV}\) can be used to probe molecular structures with a resolution of \(0.1 \, \text{Å} \, (10^{-11} \, \text{m})\).","No, because the de Broglie wavelength of the electrons is

\[
\lambda = \frac{2 \pi \hbar}{\sqrt{2 m E}} = \frac{6.28 \cdot 9.11 \times 10^{-31} \cdot 6.58 \times 10^{-16}}{\sqrt{100 \times 1.6 \times 10^{-19} \cdot 9.11 \times 10^{-31} \cdot 2}} = 1.22 \times 10^{-10} \, \text{m} > 0.1 \, \text{Å}
\]

Therefore, it cannot resolve molecular structures.",\boxed{No},TF,,False,EN,Laws Application
3883,Modern Physics,Semiconductor Physics,Others,"Provide the best estimate of the voltage required to produce a \(5 \, \text{cm}\) lightning bolt in air.","(1) Approximately \(150 \, \text{kV}\).",\boxed{150},NV,\text{kV},False,EN,Knowledge Recall
3884,Modern Physics,Semiconductor Physics,Others,The Earth's atmosphere shields most of the electromagnetic radiation coming from outer space. Calculate the approximate photon energy for the fundamental absorption process associated with the rotational excitation of \(\mathrm{H}_{2} \mathrm{O}\).,"The rotational spectrum of a molecule is given by:

\[
E_{\mathrm{n}} = 2 n B
\]

Where: \(n=0,1,2, \cdots,\ B=\frac{h^{2}}{8 \pi^{2} I},\ I\) is the moment of inertia.  
The principal moment of inertia of \(\mathrm{H}_{2} \mathrm{O}\) is of the order of \(10^{-47} \mathrm{~kg} \cdot \mathrm{m}^{2}\), hence \(B \sim 10^{-21} \mathrm{~J}\). The photon energy is:

\[
\varepsilon = \Delta E_{1,0} = 2B \sim 10^{-21} \mathrm{~J}
\]",\boxed{10^{-21}},NV,\mathrm{J},False,EN,Laws Application
3885,Modern Physics,Semiconductor Physics,Statistical Distribution of Electrons and Holes in Space,"A type of semiconductor junction device requires n-type material, and it must operate at \(100^{\circ} \mathrm{C}\). Is n-type material obtained by doping silicon with \(1 \times 10^{14} \mathrm{~cm}^{-3}\) of phosphorus suitable? It is known that the energy gap \(E_{g}\) between the conduction band and the valence band of silicon varies with temperature and follows the formula:

\[ E_{g}=E_{g}(0)-\frac{\alpha T^{2}}{T+\beta} \]

\[
\begin{array}{ll}
\text{Silicon} & m_{\mathrm{n}}^{*}=1.08 m_{0}, \quad m_{\mathrm{p}}^{*}=0.59 m_{0}, \\
               & \alpha=4.73 \times 10^{-4}, \quad \beta=636, \quad E_{g}(0)=1.17
\end{array}
\]","At \(100^{\circ} \mathrm{C}\), the energy band gap of silicon is:

\[ E_{g}=1.17-\frac{4.73 \times 10^{-4} \times 373^{2}}{(373+636)}=1.1 \, \text{(eV)} \]

At this temperature, the intrinsic carrier concentration of silicon is:

\[ n_{i}=2.51 \times 10^{19} \times\left(\frac{m_{\mathrm{n}}^{*} m_{\mathrm{p}}^{*}}{m_{0}^{2}}\right)^{\frac{3}{4}}\left(\frac{T}{300}\right)^{\frac{3}{2}} \mathrm{e}^{-\frac{E_{g}}{2 k_{\mathrm{B}} T}}=9.3 \times 10^{11} \, \mathrm{cm}^{-3} \]

In silicon, \(N_{\mathrm{D}}=1 \times 10^{14} \, \mathrm{cm}^{-3} \gg n_{i}=9.3 \times 10^{11} \, \mathrm{cm}^{-3}\), meaning that the impurity phosphorus doped at \(1 \times 10^{14} \, \mathrm{cm}^{-3}\) in silicon is fully ionized at \(100^{\circ} \mathrm{C}\), thus

\[ n \approx N_{\mathrm{D}}=1 \times 10^{14} \, \mathrm{cm}^{-3} \]

And

\[ p=\frac{n_{i}^{2}}{N_{\mathrm{D}}}=8.6 \times 10^{9} \, \mathrm{cm}^{-3} \]

Obviously, \(n=1 \times 10^{14} \, \mathrm{cm}^{-3} \gg p=8.6 \times 10^{9} \, \mathrm{cm}^{-3}\), indicating it is an n-type material. Thus, the n-type material obtained by doping silicon with \(1 \times 10^{14} \, \mathrm{cm}^{-3}\) of phosphorus is suitable.",\boxed{Yes},TF,,False,EN,Laws Application
3886,Modern Physics,Semiconductor Physics,Transport Properties,"Assume there is a stable hole injection on the surface of a sufficiently thick n-type silicon sample, \((\Delta p)_{0}=10^{13}\) \(\mathrm{cm}^{-3}\), hole lifetime \(\tau_{\mathrm{p}}=5 \mu \mathrm{s}\), and mobility \(\mu_{\mathrm{p}}=500 \mathrm{~cm}^{2} / \mathrm{V} \cdot \mathrm{s}\). Calculate the expression for the diffusion current of the holes and the injection current at the surface.","Since the sample is sufficiently thick and a constant surface source condition applies, the diffusion equation solution is:

\[
\Delta p(x)=(\Delta p)_{0} \mathrm{e}^{-\frac{x}{L_{\mathrm{p}}}}
\]

The surface injection current \(j_{0}=e(\Delta p)_{0} \frac{D_{\mathrm{p}}}{L_{\mathrm{p}}}\), where

\[
\begin{gathered}
D_{\mathrm{p}}=\frac{k_{\mathrm{B}} T}{e} \mu_{\mathrm{p}}=0.026 \times 5 \times 10^{2}=13 \mathrm{~cm}^{2} / \mathrm{s} \\
L_{\mathrm{p}}=\sqrt{D_{\mathrm{p}} \tau_{\mathrm{p}}}=\left(13 \times 5 \times 10^{-6}\right)^{\frac{1}{2}}=8.06 \times 10^{-3} \mathrm{~cm}
\end{gathered}
\]

Substituting the values of \(D_{\mathrm{p}}\) and \(L_{\mathrm{p}}\), calculate

\[
j_{0}=e(\Delta p)_{0} \frac{D_{\mathrm{p}}}{L_{\mathrm{p}}}=1.6 \times 10^{-19} \times 1 \times 10^{13} \times \frac{13}{8.06 \times 10^{-3}}=2.58 \times 10^{-3} \mathrm{~A} / \mathrm{cm}^{2}
\]","\boxed{\Delta p(x)=(\Delta p)_{0} \mathrm{e}^{-\frac{x}{L_{\mathrm{p}}}}, 2.58 \times 10^{-3}}","EX, NV","None, \mathrm{~A} / \mathrm{cm}^{2}",True,EN,Laws Application
3888,Modern Physics,Semiconductor Physics,Others,"Within an error range of 10, use estimation, rough calculation, or memorization to answer the following question: What is the de Broglie wavelength of the Earth? Please explain in detail how you arrived at your answer.","The Earth's orbital speed is \(3 \times 10^{4} \mathrm{~m/s}\), and its mass is \(6 \times 10^{24} \mathrm{~kg}\), so its momentum is

\[
p = m v = 1.8 \times 10^{29} \mathrm{~Ns}
\]

Thus,

\[
\lambda = \frac{h}{p} = \frac{6.63 \times 10^{-34}}{1.8 \times 10^{29}} = 3.7 \times 10^{-63} \mathrm{~m}
\]",\boxed{3.7 \times 10^{-63}},NV,\text{m},False,EN,Practical Application
3890,Modern Physics,Semiconductor Physics,Others,"Estimate the energy released when 1 kilogram of \({ }^{235} \mathrm{U}\) undergoes complete fission. You may use any method, including intuitive methods, as long as it is convincing.","Assume

\[
{ }_{92}^{235} \mathrm{U}+{ }_{0}^{1} \mathrm{n} \longrightarrow{ }_{92}^{236} \mathrm{U} \longrightarrow \mathrm{X}+\mathrm{Y}+2{ }_{0}^{1} \mathrm{n}
\]

which is to say the fission results in two nuclei with atomic number \(A=117\) each, along with the emission of two neutrons. The average binding energy per nucleon around \(A=236\) is 7.7 MeV, while around \(A=117\) it is 8.6 MeV. Based on these data, when one \({ }^{235} \mathrm{U}\) atom undergoes fission, the total energy released is

\[
E=2 \times 117 \times 8.6 - 236 \times 7.7 \approx 2.0 \times 10^{2} \, \mathrm{MeV}
\]

The total energy released when 1 kilogram of \({ }^{235} \mathrm{U}\) undergoes complete fission is

\[
E_{\text{total}}=\frac{1 \, \mathrm{kg}}{235 \times 1.67 \times 10^{-27} \, \mathrm{kg}} \times 2.0 \times 10^{2} \, \mathrm{MeV} \approx 5 \times 10^{26} \, \mathrm{MeV} = 8 \times 10^{13} \, \mathrm{J}
\]",\boxed{8 \times 10^{13}},NV,,False,EN,Practical Application
3891,Modern Physics,Semiconductor Physics,Others,The Earth's atmosphere shields most of the electromagnetic radiation coming from outer space. Try to determine the approximate frequency for the basic shielding process of reflection from the plasma in the ionosphere.,"When electromagnetic waves are incident on a plasma, reflection occurs if the frequency \(\omega\) of the incident wave is less than the plasma frequency \(\omega_{\mathrm{p}}\) of the medium. Therefore:

\[
\omega < \omega_{\mathrm{p}} = \sqrt{\frac{4 \pi n}{m_{0}}} e
\]

where \(n\) is the number density of the plasma, and the maximum plasma density in the ionosphere is \(10^{6} \mathrm{~cm}^{-3}\). Consequently:

\[
\omega_{p} = \sqrt{\frac{4 \pi \times 10^{6}}{9.1 \times 10^{-28}}} \times 4.8 \times 10^{-10} \approx 10^{7} \left(\mathrm{~s}^{-1}\right)
\]",\boxed{10^{7}},NV,\text{s}^{-1},False,EN,
3894,Modern Physics,Semiconductor Physics,Others,"Multiple choice:  
(8) When \(g(x, y, z)\) and a physical boundary condition are given, the Poisson equation \(\nabla^{2} F(x, y, z) = g(x, y, z)\) can have  
a) more than one solution  
b) only one solution  
c) occasionally no solution","According to the uniqueness theorem, and considering that in physics, solutions that differ by a constant are considered the same, under the given conditions, the solution is unique, so b) is correct.",\boxed{b},"\
MC",,False,EN,Laws Application
3896,Modern Physics,Semiconductor Physics,"Magnetic, Optical, and Superconducting Properties","Circularly polarized light travels along the \(z\) axis through a fully ionized substance, with a static magnetic field \(B\) also aligned in the \(z\) direction. The refractive index of right-handed circularly polarized light with angular frequency \(\omega\) is given by

\[
n_{\mathrm{r}}^{2}=1-\frac{4 \pi N e^{2} / m}{\omega^{2}+\frac{e B \omega/m c}}
\]

where \(N\) is the electron density, and \(e\), \(m\), and \(c\) have their usual meanings. What is the phase velocity when \(B=0\)?","When \(B=0\),

\[
n_{\mathrm{r}}^{2}=1-\frac{4 \pi N e^{2} / m}{\omega^{2}}=1-\frac{\omega_{\mathrm{p}}^{2}}{\omega^{2}}
\]

which implies

\[
\begin{aligned}
& \frac{c^{2} k^{2}}{\omega^{2}}=1-\frac{\omega_{\mathrm{p}}^{2}}{\omega^{2}} \\
& \omega^{2}=\omega_{\mathrm{p}}^{2}+c^{2} k^{2}
\end{aligned}
\]

where \(\omega_{\mathrm{p}}^{2}=\frac{4 \pi N e^{2}}{m}\). Therefore, the phase velocity

\[
v_{\mathrm{p}}=\frac{\omega}{k}=\frac{c}{\sqrt{1-\frac{\omega_{\mathrm{p}}^{2}}{\omega^{2}}}}=\frac{c}{n}
\]","\[
\boxed{\frac{c}{\sqrt{1-\frac{\omega_{\mathrm{p}}^{2}}{\omega^{2}}}}}
\]",EX,,False,EN,Math Derivation
3901,Modern Physics,Semiconductor Physics,Others,"Multiple Choice:  
(16) What is the total volume of water in the ocean?  
a) \(10^{6} \ (\mathrm{km})^{3}\)  
b) \(10^{7} \ (\mathrm{km})^{3}\)  
c) \(10^{8} \ (\mathrm{km})^{3}\)  
d) \(10^{9} \ (\mathrm{km})^{3}\)  
e) \(10^{10} \ (\mathrm{km})^{3}\)",The total volume of water in the ocean is d) \(10^{9} \ (\mathrm{km})^{3}\).,\boxed{d},MC,,False,EN,Knowledge Recall
3902,Modern Physics,Semiconductor Physics,Others,"Multiple Choice Question:\
(1) Equation \(x^{5}+x^{4}+x^{3}+1=0\)\
a) No roots\
b) Has 5 roots\
c) Has 6 roots","According to the theory of high-degree equations, the number of roots of an equation equals its degree. Therefore, this equation has 5 roots, so option b) is correct.",\boxed{b},MC,,False,EN,Knowledge Recall
3904,Modern Physics,Semiconductor Physics,Statistical Distribution of Electrons and Holes in Space,What is the direct bandgap width in \(\mathrm{InP}\)? Given \(E_{A} = 1.400 \mathrm{~eV}\).,\(E_{g} = E_{A} = 1.400 \mathrm{~eV}\).,\boxed{1.400},NV,\text{eV},False,EN,Knowledge Recall
3905,Modern Physics,Semiconductor Physics,Others,"If the average number of counts per second from a radioactive source is 4, what is the probability of recording 8 counts in one second?","The appropriate statistical distribution is the Poisson distribution

\[
P(n, \lambda) = \frac{\lambda^n \mathrm{e}^{-\lambda}}{n!}
\]

which is effective in describing the laws of radioactive decay. Generally speaking, \(n\) can take very large values, and thus when calculating the average \(\bar{n}\),

\[
\begin{aligned}
\bar{n} = \sum_{n} n P(n, \lambda) & \approx \sum_{n=0}^{\infty} \frac{n \lambda^n \mathrm{e}^{-\lambda}}{n!} = \lambda \mathrm{e}^{-\lambda} \sum_{k=0}^{\infty} \frac{\lambda^k}{k!} \\
& = \lambda = 4
\end{aligned}
\]

Therefore,

\[
P(8, 4) = \frac{4^8 \mathrm{e}^{-4}}{8!} \approx 0.03
\]",\boxed{0.03},NV,,False,EN,Knowledge Recall
3906,Modern Physics,Semiconductor Physics,Others,"A high-speed object with an area of \(A\) experiences a drag force when it travels through a gas with a density of \(\rho\) at a velocity \(v\). The drag force is given by \(A^r \rho^s v^t\). Estimate the values of \(r, s, t\).","We can determine \(r, s, t\) by using dimensional analysis, since

\[
\begin{gathered}
[F] = \mathrm{MLT}^{-2}, \, [A] = \mathrm{L}^2, \, [\rho] = \mathrm{ML}^{-3} \\
[v] = \mathrm{LT}^{-1} \\
[F] = [A]^r[\rho]^s[v]^t
\end{gathered}
\]

This leads to

\[
\mathrm{MLT}^{-2} = \mathrm{L}^{2r} \, \mathrm{M}^s \, \mathrm{L}^{-3s} \, \mathrm{L}^t \, \mathrm{T}^{-t} = \mathrm{L}^{2r + t - 3s} \, \mathrm{M}^s \, \mathrm{T}^{-t}
\]

By comparing, we obtain

\[
\left\{\begin{array}{l} 
2r + t - 3s = 1 \\
s = 1 \\
t = 2
\end{array}\right. \quad \left\{\begin{array}{l}
r = 1 \\
s = 1 \\
t = 2
\end{array}\right.
\]","\boxed{r = 1, s = 1, t = 2}",EQ,"None, None, None",True,EN,Math Derivation
3907,Modern Physics,Semiconductor Physics,Others,"In a vacuum, the mean free path of a 5 eV neutron is closest to  
a) 1 km  
b) 10 km  
c) 100 km  
d) 1000 km  
e) 10000 km","The mean free path here refers to the distance a neutron travels during the time from its creation to its decay. A neutron's decay time is 1000 seconds. Its energy is much less than its rest energy, so we can use the non-relativistic approximation. The neutron's speed is  

\[
\begin{aligned}
& v=\sqrt{\frac{2 E}{m}}=\sqrt{\frac{2 \times 5 \times 10^{-6}}{939.6}} \times 3 \times 10^{8}=1 \times 10^{4} \mathrm{~m/s} \\
& s=v t=10^{4} \mathrm{~km}
\end{aligned}
\]

From this, we know that e) is the selected answer.",\boxed{e},MC,,False,EN,Knowledge Recall
3908,Modern Physics,Semiconductor Physics,Others,"For the calculation formula of the experimental result \(y\), given by \(y=\frac{(a-3b) \sqrt{x}}{g}\), if \(a, b, x, g\) each have their random errors \(\Delta a, \Delta b, \Delta x, \Delta g\) respectively, determine the mean square deviation \((\Delta y)^2\) of \(y\).","Since the deviations of \(a, b, x, g\) are uncorrelated, the mean square deviation of \(y\) can be obtained as:

\[
(\Delta y)^{2}=\frac{x}{g^{2}}(\Delta a)^{2}+\frac{9x}{g^{2}}(\Delta b)^{2}+\frac{(a-3b)^{2} x}{g^{4}}(\Delta g)^{2}+\frac{(a-3b)^{2}}{4g^{2}x}(\Delta x)^{2}
\]","\[
\boxed{\frac{x}{g^{2}}(\Delta a)^{2}+\frac{9x}{g^{2}}(\Delta b)^{2}+\frac{(a-3b)^{2} x}{g^{4}}(\Delta g)^{2}+\frac{(a-3b)^{2}}{4g^{2}x}(\Delta x)^{2}}
\]",EX,,False,EN,Math Derivation
3909,Modern Physics,Semiconductor Physics,Others,"Provide the measurement method and estimate the order of magnitude for the following quantity:  
(4) The lifetime of a muon.","The measurement can be performed using counter electronics. This involves directly determining the particle's lifetime by measuring the time distribution of decay events: \(\tau_{\mu} \approx 10^{-6} \, \mathrm{s}\).",\boxed{\tau_{\mu} \approx 10^{-6}},EX,\mathrm{s},False,EN,Knowledge Recall
3910,Modern Physics,Semiconductor Physics,Transport Properties,"Given that the concentration of free charge carriers in a semiconductor is constant and the scattering mechanism is Rutherford scattering, the velocity \(v\) can be expressed as

\[
v=\sqrt{\frac{3 k_{B} T}{m}} \propto T^{1 / 2}
\]

Find the dependence of the relaxation time \(\tau\) on the temperature \(T\).","In the formula for scattering probability, the velocity \(v\) is given by

\[
v=\sqrt{\frac{3 k_{B} T}{m}} \propto T^{1 / 2}
\]

According to the problem statement, the semiconductor is at a temperature where \(n \approx N_{I} = \text{const}\), therefore

\[
\frac{1}{\tau} \propto T^{-3 / 2}
\]",\boxed{\tau \propto T^{3/2}},EX,,False,EN,Knowledge Recall
3911,Modern Physics,Semiconductor Physics,Transport Properties,"(1) Try to prove that the ratio of hole current \( j_{\mathrm{p}}(0) \) to electron current \( j_{\mathrm{n}}(0) \) through the \( pn \) junction interface is \(\frac{j_{\mathrm{p}}(0)}{j_{\mathrm{n}}(0)} = \frac{\sigma_{\mathrm{p}} L_{\mathrm{n}}}{\sigma_{\mathrm{n}} L_{\mathrm{p}}}\), where \(\sigma_{\mathrm{p}}\) and \(\sigma_{\mathrm{n}}\) are the conductivities of the p-region and n-region, respectively.","Under the applied voltage \( V \), the hole and electron current densities passing through the \( p-n \) junction interface are respectively given by

\[
j_{\mathrm{p}}(0) = -e\left(\frac{D_{\mathrm{p}}}{L_{\mathrm{p}}}\right) p_{n 0}\left(e^{\frac{V}{k_{B} T}} - 1\right)
\]

and

\[
j_{\mathrm{n}}(0) = e\left(\frac{D_{\mathrm{n}}}{L_{\mathrm{n}}}\right) n_{p 0}\left(e^{\frac{V}{k_{B} T}} - 1\right)
\]

Thus,

\[
\frac{j_{\mathrm{p}}(0)}{j_{\mathrm{n}}(0)} = \frac{L_{\mathrm{n}} p_{n 0} D_{\mathrm{p}}}{L_{\mathrm{p}} n_{p 0} D_{\mathrm{n}}} = \frac{L_{\mathrm{n}} p_{n 0}}{L_{\mathrm{p}} n_{p 0}} \frac{\frac{k_{\mathrm{B}} T}{e} \mu_{\mathrm{p}}}{\frac{k_{\mathrm{B}} T}{e} \mu_{\mathrm{n}}} = \frac{L_{\mathrm{n}} \sigma_{\mathrm{p}}}{L_{\mathrm{p}} \sigma_{\mathrm{n}}}
\]",\boxed{\frac{j_{\mathrm{p}}(0)}{j_{\mathrm{n}}(0)} = \frac{\sigma_{\mathrm{p}} L_{\mathrm{n}}}{\sigma_{\mathrm{n}} L_{\mathrm{p}}}},EQ,,False,EN,Math Derivation
3912,Modern Physics,Semiconductor Physics,Others,"Calculate the change in gravitational potential energy \(\Delta E = E_1 - E_0\) for a cylinder that is placed horizontally and then vertically, where \(E_0\) and \(E_1\) are the gravitational potential energies for the respective positions. Explain why the vertical position is unstable when \(\Delta E > 0\) or equivalently when \(\frac{H}{2} > R\).","The difference between the latter and the former is given by

\[
\Delta E = E_{1} - E_{0} = \rho \pi g R^{2} H \left(\frac{H}{2} - R\right)
\]

When \(\Delta E > 0\), or equivalently \(\frac{H}{2} > R\), the vertical position is unstable.",\boxed{\rho \pi g R^{2} H \left(\frac{H}{2} - R\right)},EX,,False,EN,Practical Application
3913,Modern Physics,Semiconductor Physics,Statistical Distribution of Electrons and Holes in Space,"In a state near the top of the valence band with a wave vector \(k\), the electron energy is given by the following equation:

\[
E=-1 \times 10^{-37} k^{2}\ (\mathrm{J})
\]

If an electron is removed from the state at \(k_{1}=1 \times 10^{9}\ \mathrm{m}^{-1}\) and all other states are occupied by electrons, calculate the wave vector of the hole.","The wave vector of the hole in the state at \(k_{1}=1 \times 10^{9}\ \mathrm{m}^{-1}\) is equal to the negative of the wave vector of the electron in that state.

\[
k_{\mathrm{h}} = -k_{1} = -1 \times 10^{9}\ \mathrm{m}^{-1}
\]",\boxed{-1 \times 10^{9}},NV,\mathrm{m}^{-1},False,EN,Knowledge Recall
3914,Modern Physics,Semiconductor Physics,Others,"Find the eigenvalues of the matrix

\[
M=\left(\begin{array}{ccc}
1 & 0 & -\mathrm{i} \\
0 & 2 & 0 \\
\mathrm{i} & 0 & -1
\end{array}\right)
\]","The characteristic equation is

\[
\begin{aligned}
\left|\begin{array}{ccc}
1-\lambda & 0 & -\mathrm{i} \\
0 & 2-\lambda & 0 \\
\mathrm{i} & 0 & -1-\lambda
\end{array}\right|&=0 \\
(1-\lambda)(2-\lambda)(-1-\lambda)-(2-\lambda)&=0 \\
(2-\lambda)[(1-\lambda)(1+\lambda)+1]&=0 \\
(2-\lambda)\left(2-\lambda^{2}\right)&=0 
\end{aligned}
\]

Thus, the eigenvalues are \(\lambda_{1}=2, \lambda_{2}=\sqrt{2}, \lambda_{3}=-\sqrt{2}\).","\boxed{2, \sqrt{2}, -\sqrt{2}}","NV, NV, NV","None, None, None",True,EN,Math Derivation
3915,Modern Physics,Semiconductor Physics,"Magnetic, Optical, and Superconducting Properties","The spin susceptibility weakly depends on temperature in the form

\[
\chi(T) = \chi(0)\left(1 + \alpha T^2\right)
\]

Do you think \(\alpha\) is positive or negative? (Only a qualitative argument is needed.)","When \(k_{\mathrm{B}} T \ll \varepsilon_{\mathrm{F}}\), the number of excited electrons is only within the energy range \(k_{\mathrm{B}} T\) near the Fermi surface. For electrons with magnetic moments parallel to the magnetic field, since \(\varepsilon_{+}(k)_{\max}\) is relatively large, the proportion of excited electrons is smaller. Consequently, it can be deduced that the decrease in chemical potential is relatively less, and to reach equilibrium, a portion of the magnetic moments parallel to the field should become more aligned with the field, implying \(\alpha < 0\).","\boxed{(-\infty, 0)}",IN,,False,EN,Knowledge Recall
3916,Modern Physics,Semiconductor Physics,Others,"Find the solution to the equation \(\nabla^{2} U(r)=-4 \pi \delta(r)\), which is spherically symmetric and equals 0 at infinity.","Since \(U(r)\) is spherically symmetric, we have:

\[
\nabla^{2} U(r)=\frac{1}{r} \frac{\mathrm{d}^{2}}{\mathrm{d} r^{2}}(r U)
\]

If \(r \neq 0\), then \(\frac{\mathrm{d}^{2}}{\mathrm{d} r^{2}}(r U)=0 \Rightarrow r U=cr+d\), so \(U=c+\frac{d}{r}\).  
However, as \(r \rightarrow \infty, U \rightarrow 0\). Therefore, \(c=0, U=\frac{d}{r}\). When \(r \rightarrow 0\),

\[
\int \nabla^{2} U(r) \mathrm{d}^{3} x=-4 \pi=\oint \nabla U \cdot \mathrm{d} s=-\frac{d}{r^{2}} 4 \pi r^{2}=-4 \pi d
\]

Thus, \(d=1, U=\frac{1}{r}\).",\boxed{\frac{1}{r}},EX,,False,EN,Math Derivation
3918,Modern Physics,Semiconductor Physics,Others,"The charge of a top quark is \(\frac{2}{3} e\). If a free top quark is discovered, its ionization in matter will be \(\lambda\) times that of a proton with the same velocity. \(\lambda\) is  
a) \(\left(\frac{3}{2}\right)^{2}\)  
b) \(\frac{2}{3}\)  
c) \(\frac{1}{3}\)  
d) 1  
e) \(\left(\frac{2}{3}\right)^{2}\)","Since both the proton and the top quark are heavy charged particles and their kinetic energy \(T \ll \frac{m}{m_{\mathrm{e}}} m c^{2}\) (generally because \(m \gg m_{\mathrm{e}}\)), their energy loss due to ionization in matter is given by

\[
\left(-\frac{\mathrm{d} T}{\mathrm{~d} x}\right)_{\text{ion}}=\frac{4 \pi z^{2} e^{4}}{m e v^{2}} N Z\left(\ln \frac{2 m_{\mathrm{e}} v^{2}}{I}-\ln \left(1-\beta^{2}\right)-\beta^{2}\right)
\]

where \(z\) and \(v\) are the particle's charge and velocity, respectively, and other quantities are related only to the ionizing material. Since the top quark and the proton have the same velocity,

\[
\lambda=\frac{z_{t}^{2}}{z_{p}^{2}}=\frac{\left(\frac{2}{3}\right)^{2}}{1}=\left(\frac{2}{3}\right)^{2}
\]

Thus, the answer is e).",\boxed{e},MC,,False,EN,Laws Application
3919,Modern Physics,Semiconductor Physics,Others,"Provide the measurement method for the following quantity and estimate its order of magnitude:  
(6) Planck's constant.","By using the Compton scattering experiment, measure the Compton wavelength \(\lambda\), and substitute it into the formula

\[
\lambda_{0}=\frac{h}{m_{0} c}
\]

to determine that \(h \approx 6.626 \times 10^{-34} \, \mathrm{J \cdot s}\).",\boxed{6.626 \times 10^{-34}},NV,\mathrm{J \cdot s},False,EN,Knowledge Recall
3920,Modern Physics,Semiconductor Physics,Others,"1) Solve the differential equation

\[
\left(\frac{\mathrm{d}}{\mathrm{d} t}+2\right)\left(\frac{\mathrm{d}}{\mathrm{d} t}+1\right) y=1
\]

with initial conditions \(\left.\frac{\mathrm{d} y}{\mathrm{~d} t}\right|_{t=0}=\left.y\right|_{t=0}=0\).","The equation is

\[
\frac{\mathrm{d}^{2} y}{\mathrm{~d} t^{2}}+3 \frac{\mathrm{~d} y}{\mathrm{~d} t}+2 y=1
\]

Its characteristic equation is

\[
\lambda^{2}+3 \lambda+2=0 \Rightarrow \lambda_{1}=-2, \lambda_{2}=-1
\]

Thus, the general solution is

\[
y(t)=A \mathrm{e}^{-2 t}+B \mathrm{e}^{-t}
\]

A particular solution is

\[
y=\frac{1}{2}
\]

Hence, the general solution is

\[
y(t)=A \mathrm{e}^{-2 t}+B \mathrm{e}^{-t}+\frac{1}{2}
\]

Based on the initial conditions

\[
\left\{\begin{array}{l} 
A + B + \frac{1}{2} = 0 \\
-2 A - B = 0
\end{array}\right. \Rightarrow \left\{\begin{array}{l}
A=\frac{1}{2} \\
B=-1
\end{array}\right.
\]

Therefore

\[
y(t)=\frac{1}{2} \mathrm{e}^{-2 t}-\mathrm{e}^{-t}+\frac{1}{2}
\]

is the required solution that satisfies the initial conditions.",\boxed{y(t)=\frac{1}{2} e^{-2 t}-e^{-t}+\frac{1}{2}},EQ,,False,EN,Math Derivation
3923,Modern Physics,Semiconductor Physics,Others,"Provide a method for measuring the following quantities and estimate their order of magnitude:  
(3) The temperature of a liquid hydrogen sample.",Around 20 K. Obtain this using a hydrogen vapor pressure thermometer.,\boxed{20},NV,\text{K},False,EN,Knowledge Recall
3925,Modern Physics,Semiconductor Physics,"Magnetic, Optical, and Superconducting Properties","Circularly polarized light travels along the \( z \)-axis through a fully ionized substance, with a static magnetic field \( B \) also passing through the substance in the \( z \)-direction. The refractive index of right-handed circularly polarized light with angular frequency \(\omega\) is given by

\[
n_{\mathrm{r}}^{2}=1-\frac{4 \pi N e^{2} / m}{\omega^{2}+\frac{e B \omega/m c}}
\]

where \( N \) is the electron density, and \( e, m, \) and \( c \) have their usual meanings. What is the corresponding expression for left-handed circularly polarized light?","The equation of motion for the electron is

\[
m \frac{\mathrm{d}^{2} \boldsymbol{r}}{\mathrm{~d} t^{2}}=-e\left(\boldsymbol{E}+\frac{1}{c} \boldsymbol{v} \times \boldsymbol{B}\right)
\]

Here, the magnetic component of the light field is ignored, usually expressed as \(\boldsymbol{E}=E_{x} \boldsymbol{i}+E_{y} \boldsymbol{j}, \boldsymbol{B}=B \boldsymbol{k}\), and let \(\boldsymbol{r}=x \boldsymbol{i} + y \boldsymbol{j}\). Hence,

\[
\begin{aligned}
& m \ddot{x}=-e E_{x}-\frac{e}{c} B \dot{y} \\
& m \ddot{y}=-e E_{y}+\frac{e}{c} B \dot{x}
\end{aligned}
\]

For right-handed circularly polarized light, we have \( E_{x}=E_{0} e^{i(\omega t-k z)}, E_{y}=i E_{x}\). Let \( x=x_{0} e^{i(\omega t-k z)}, y=y_{0} e^{i(\omega t-k z)}\), then

\[
m \omega^{2} x=-e E_{x}-\frac{i \omega e B}{c} y
\]

\[
-m \omega^{2} y=-e E_{y}+\frac{i \omega e B}{c} x
\]

Thus,

\[
\begin{aligned}
& -\frac{m \omega^{2}}{N e} P_{x}=e E_{x}-\frac{i \omega B}{N c} P_{y} \\
& -\frac{m \omega^{2}}{N e} P_{y}=e E_{y}+\frac{i \omega B}{N c} P_{x}
\end{aligned}
\]

From Maxwell's equations in an isotropic medium, we obtain

\[
\boldsymbol{P}=\frac{1}{4 \pi}\left(\frac{c^{2} k^{2}}{\omega^{2}}-1\right) \boldsymbol{E}=\chi \boldsymbol{E}
\]

Thus,

\[
\begin{aligned}
& \left(-\frac{\omega^{2}}{N e}-\frac{e}{m \chi}\right) E_{x}+\frac{i \omega B}{m N c} E_{y}=0 \\
& \left(-\frac{\omega^{2}}{N e}-\frac{e}{m \chi}\right) E_{y}-\frac{i \omega B}{m N c} E_{x}=0
\end{aligned}
\]

For non-zero solutions \( E_{x}, E_{y}\), the determinant of the coefficients must be zero, i.e.,

\[
\left(\frac{\omega^{2}}{N e}+\frac{e}{m \chi}\right)^{2}-\frac{\omega^{2} B^{2}}{m^{2} N^{2} c^{2}}=0
\]

which gives two solutions

\[
\frac{\omega^{2}}{N e}+\frac{e}{m \chi_{ \pm}}= \pm \frac{\omega B}{m N c}
\]

When \(\frac{\omega^{2}}{N e}+\frac{e}{m \chi_{+}}=\frac{\omega B}{m N c}\), we have \(E_{y}=-i E_{x}\), corresponding to left-handed circularly polarized light.\\
When \(\frac{\omega^{2}}{N e}+\frac{e}{m \chi_{-}}=-\frac{\omega B}{m N c}\), we have \(E_{y}=i E_{x}\), corresponding to right-handed circularly polarized light.

\[
\begin{aligned}
\varepsilon_{\mathrm{n}} & =1+4 \pi \chi_{-}=1+4 \pi\left(-\frac{\frac{e}{m}}{\frac{\omega^{2}}{N e}+\frac{\omega B}{m N c}}\right) \\
& =1-\frac{4 \pi N e^{2} / m}{\omega^{2}+\frac{e B \omega}{m c}}=n_{\mathrm{r}}^{2}
\end{aligned}
\]

Note: In this problem, the magnetic field \( B \) is along the \( z \)-direction for \(\boldsymbol{P}=\chi \boldsymbol{E}\) to hold. Otherwise, under general conditions, \(\boldsymbol{P}=\chi \cdot \boldsymbol{E}\).",\boxed{n_{\mathrm{l}}^{2}=1-\frac{4 \pi N e^{2} / m}{\omega^{2}-\frac{e B \omega}{m c}}},EQ,,False,EN,Math Derivation
3927,Modern Physics,Semiconductor Physics,Others,"Provide the measurement method and estimate the order of magnitude for the following quantity:  
(9) Avogadro's constant.","Millikan experiment: Measure the electron charge \(e\) and the electric charge of 1 Faraday \(F\), then

\[
N_{A}=\frac{F}{e} \sim 6.023 \times 10^{23} \, \text{mol}^{-1}
\]",\(\boxed{6.023 \times 10^{23}}\),NV,,False,EN,Knowledge Recall
3929,Modern Physics,Semiconductor Physics,Others,"Multiple-choice question:  
(5) How many ways are there to select 3 items from 7 items?  
a) 35  
b) 60  
c) 50","This is clearly a combination problem of choosing 3 out of 7.  

\[
C_{7}^{3} = \frac{7 \times 6 \times 5}{3!} = 35
\]

Therefore, a) is correct.",\boxed{a},MC,,False,EN,Knowledge Recall
3930,Modern Physics,Semiconductor Physics,Statistical Distribution of Electrons and Holes in Space,"If electrons in the valence band of a semiconductor silicon material are considered as free electrons, calculate the width of the valence band in electron volts. (The lattice constant of the silicon crystal \(a=5.4 \, \text{Å}\))","Treating the valence band electrons in silicon as free electrons, the \(E-k\) relationship is given by

\[
E(k)=\frac{\hbar^{2} k^{2}}{2 m}
\]

Thus, valence band electrons in silicon fill up to higher energy levels according to the above relationship from the \(E(\mathbf{k})=0\) energy level, filling a Fermi sphere with a radius \(k_{\mathrm{F}}\) in \(\mathbf{k}\) space, where the Fermi surface is the top of the valence band (full band). Assume the volume of the silicon crystal as \(V\) and the total number of electrons in the crystal as \(N\), then

\[
2 \cdot \frac{V}{(2 \pi)^{3}} \cdot \frac{4}{3} \pi k_{F}^{3}=N
\]

The electron concentration is \(\frac{N}{V}=n\), leading to

\[
k_{F}=(2 \pi) \cdot n^{\frac{1}{3}} \cdot \left(\frac{3}{8 \pi}\right)^{\frac{1}{3}}
\]

A silicon crystal structure is diamond-like with \(a^{3}\) unit cells containing 8 silicon atoms, and each silicon atom contributing 4 valence electrons, so the electron concentration in the crystal

\[
n=\frac{8 \times 4}{a^{3}}
\]

Substituting into the Fermi wave vector equation, we obtain

\[
k_{\mathrm{F}}=(2 \pi) \cdot \left(\frac{12}{\pi}\right)^{\frac{1}{3}} \cdot \frac{1}{a}
\]

Therefore, the energy of electrons on the Fermi surface is

\[
E\left(k_{\mathrm{F}}\right)=\frac{\hbar^{2} k_{\mathrm{F}}^{2}}{2 m}=\frac{\hbar^{2}}{2 m a^{2}} \cdot (2 \pi)^{2} \times \left(\frac{12}{\pi}\right)^{\frac{2}{3}}=\frac{h^{2}}{2 m a^{2}}\left(\frac{12}{\pi}\right)^{\frac{2}{3}}
\]

\[
\begin{aligned}
& =\frac{\left(6.626 \times 10^{-34}\right)^{2}}{2 \times 9.11 \times 10^{-31} \times \left(5.4 \times 10^{-10}\right)^{2}} \times \left(\frac{12}{3.14}\right)^{\frac{2}{3}} \\
& =2.02 \times 10^{-18} \, \text{J} = 12.6 \, \text{eV}
\end{aligned}
\]

So the valence band width of the silicon crystal is approximately 12.6 eV.",\boxed{12.6},NV,,False,EN,Math Derivation
3934,Modern Physics,Semiconductor Physics,Statistical Distribution of Electrons and Holes in Space,"For a one-dimensional crystal with lattice constant \(a\), the energy near the conduction band minimum \(E_{C}(k)\) is given by

\[
E_{C}(k)=\frac{h^{2} k^{2}}{3 m_{0}}+\frac{h^{2}\left(k-k_{1}\right)^{2}}{m_{0}}
\]

The energy near the valence band maximum \(E_{V}(k)\) is given by

\[
E_{V}(k)=\frac{h^{2} k_{1}^{2}}{6 m_{0}}-\frac{3 h^{2} k^{2}}{m_{0}}
\]

where \(m_{0}\) is the electron mass, \(k_{1}=\frac{1}{2 a}, a=3.14 \times 10^{-10} \mathrm{~m}\). Determine the band gap width.","The band gap width is given by

\[
E_{g}=E_{C_{\min }}(k)-E_{V_{\max }}(k)
\]

The conduction band minimum occurs at \(k=\frac{3}{4} k_{1}\), thus

\[
E_{C_{\min }}\left(k=\frac{3}{4} k_{1}\right)=\frac{h^{2}\left(\frac{3}{4} k_{1}\right)^{2}}{3 m_{0}}+\frac{h^{2}\left(\frac{1}{4} k_{1}\right)^{2}}{m_{0}}=\frac{1}{4 m_{0}} h^{2} k_{1}^{2}
\]

The valence band maximum occurs at \(k=0\); thus

\[
E_{V_{\max }}(k=0)=\frac{h^{2} k_{1}^{2}}{6 m_{0}}
\]

Therefore, the band gap width is

\[
\begin{aligned}
E_{g} & =E_{C_{\min }}-E_{V_{\max }}=\frac{1}{4 m_{0}} h^{2} k_{1}^{2}-\frac{h^{2} k_{1}^{2}}{6 m_{0}}=\frac{1}{12 m_{0}} \cdot h^{2} k_{1}^{2} \\
& =\frac{\left(6.63 \times 10^{-34}\right)^{2}}{12 \times 9.1 \times 10^{-31}} \times \frac{1}{4 \times\left(3.14 \times 10^{-10}\right)^{2}} \\
& =1.02 \times 10^{-19} \, \mathrm{J} = 0.64 \, \mathrm{eV}
\end{aligned}
\]",\boxed{0.64},NV,,False,EN,Math Derivation
3936,Modern Physics,Semiconductor Physics,Others,Find the sum of the series \(y=1+2x+3x^{2}+4x^{3}+\cdots\) where \(|x|<1\).,"\[
\begin{gathered}
y = 1 + 2x + 3x^{2} + 4x^{3} + \cdots + n x^{n-1} + \cdots \\
xy = x + 2x^{2} + 3x^{3} + 4x^{4} + \cdots + n x^{n} + \cdots \\
y - xy = 1 + x + x^{2} + x^{3} + \cdots + x^{n-1} + \cdots 
\end{gathered}
\]

Since \(|x|<1\),

\[
y-xy=\frac{1}{1-x} \Rightarrow y=\frac{1}{(1-x)^{2}}
\]",\boxed{\frac{1}{(1-x)^{2}}},EX,,False,EN,Math Derivation
3938,Modern Physics,Semiconductor Physics,Statistical Distribution of Electrons and Holes in Space,"Consider a non-degenerate doped semiconductor where the carrier generation transitions from impurity ionization to intrinsic excitation with increasing temperature. Using phosphorus in silicon as an example (with a phosphorus ionization energy in silicon, \(E_{I}=0.045 \ \text{eV}\)), calculate the temperature at the onset of saturation ionization and the onset of intrinsic excitation when the phosphorus impurity concentration is \(10^{17} \ \text{cm}^{-3}\).

\begin{center}
\begin{tabular}{ccc}
\hline
Concentration \(/\left(\mathrm{cm}^{-3}\right)\) & \(T_{1} / \mathrm{K}\) & \(T_{2} / \mathrm{K}\) \\
\hline
\(1 \times 10^{17}\) & 281 & 761 \\
\(1 \times 10^{14}\) & 77 & 461 \\
\hline
\end{tabular}
\end{center}","The onset temperature for saturation ionization, \( T_1 \), can be determined using the equation derived in problem 1.2.18:

\[
\frac{N_{\mathrm{D}}}{N_{C}} \mathrm{e}^{\frac{E_{\mathrm{B}}}{k_{B} T}} = \frac{1}{40}
\]

The effective density of states at the conduction band edge, \(N_{C}\), for silicon is expressed as:

\[
N_{C} = 2 \cdot \frac{\left(2 \pi k_{B}\right)^{\frac{3}{2}}}{h^{3}} \cdot T^{\frac{3}{2}} \cdot m_{d}^{\frac{3}{2}} \cdot M_{C}
\]

For silicon, the number at the conduction band edge, \(M_{C}=6\), and the effective mass for silicon electrons, \(m_{d}\), is calculated as:

\[
m_{d}=\left[0.98 \times(0.19)^{2}\right]^{\frac{1}{3}} m_{0}=0.328 m_{0}
\]

This yields:

\[
\begin{aligned}
\left(m_{d}\right)^{\frac{3}{2}} M_{C} & = 9.812 \times 10^{-52} \cdot\left[\frac{\mathrm{W} \cdot \mathrm{s}^{3}}{\mathrm{cm}^{2}}\right]^{\frac{3}{2}}
\end{aligned}
\]

Substituting into the equation, we get:

\[
\mathrm{e}^{\frac{E_{I}}{k_{B} T}} = 1.363 \times 10^{14} \times T^{\frac{3}{2}} \times \frac{1}{N_{\mathrm{D}}}
\]

With the exponential factor:

\[
\frac{E_{I}}{k_{B}} = 522.2
\]

The onset temperature equation for saturation ionization:

\[
\mathrm{e}^{\frac{5.222 \times 10^{2}}{T}} = 1.363 \times 10^{14} \times \frac{1}{N_{\mathrm{D}}} \times T^{\frac{3}{2}}
\]

Taking the logarithm on both sides:

\[
\frac{5.222 \times 10^{2}}{T} = \ln \frac{1.363 \times 10^{14}}{N_{\mathrm{D}}} + \frac{3}{2} \ln T
\]

For \(N_{\mathrm{D}} = 1 \times 10^{17} \ \text{cm}^{-3}\), solve:

\[
\frac{3}{2} \ln T - \frac{522.20}{T} - 6.598 = 0
\]

Resolved using Newton-Raphson iteration, the solution is \(T_{1}=281 \ \text{K}\).","\boxed{281, 761}","NV, NV","\text{K}, \text{K}",True,EN,Math Derivation
3939,Modern Physics,Semiconductor Physics,Others,"Describe the method for measuring the following quantity and estimate its order of magnitude:  
(11) The radius of an atomic nucleus.","Through the alpha particle scattering experiment, measure the maximum scattering angle \(\theta\) of the \(\alpha\) particle and its incident velocity \(v\) under the conditions where Rutherford's theory remains valid. Then, use the following formula to calculate the minimum approach distance of the \(\alpha\) particle to the atomic nucleus:

\[
r_{\min} = \frac{1}{4 \pi \varepsilon_{0}} \frac{2 Ze^{2}}{Mv^{2}}\left(1+\frac{1}{\sin \frac{\theta}{2}}\right)
\]

\(r_{\min} \sim 10^{-15} \, \mathrm{m}\)",\boxed{10^{-15}},NV,\mathrm{m},False,EN,Laws Application
3940,Modern Physics,Semiconductor Physics,Others,Calculate \( I=\int_{0}^{\infty} \frac{\mathrm{d} x}{4+x^{4}} \).,"\[
\begin{aligned}
I & =\int_{0}^{\infty} \frac{\mathrm{d} x}{4+x^{4}}-\frac{1}{2} \int_{0}^{\infty} \frac{\mathrm{d} x}{4+x^{4}}+\frac{1}{2} \int_{0}^{\infty} \frac{\mathrm{d} x}{4+x^{4}} \\
& =\frac{1}{2} \int_{-\infty}^{0} \frac{\mathrm{~d} x}{4+x^{4}}+\frac{1}{2} \int_{0}^{\infty} \frac{\mathrm{d} x}{4+x^{4}}=\frac{1}{2} \int_{-\infty}^{\infty} \frac{\mathrm{d} x}{4+x^{4}}
\end{aligned}
\]

From \( x^{4}+4=0 \), we find the singular points are

\[
\begin{aligned}
& \left\{\begin{array}{l}
x_{1}=1+\mathrm{i} \\
x_{2}=-1+\mathrm{i} \\
x_{3}=-1-\mathrm{i} \\
x_{4}=1-\mathrm{i}
\end{array}\right. \\
& I=\frac{1}{2} \int_{-\infty}^{\infty} \frac{\mathrm{d} x}{4+x^{4}}=\frac{1}{2} 2 \pi \mathrm{i}\left[\operatorname{Re}\left(x_{1}\right)+\operatorname{Re}\left(x_{2}\right)\right] \\
& =\pi \mathrm{i}\left[\frac{1}{\left(x_{1}-x_{2}\right)\left(x_{1}-x_{3}\right)\left(x_{1}-x_{4}\right)}+\frac{1}{\left(x_{2}-x_{1}\right)\left(x_{2}-x_{3}\right)\left(x_{2}-x_{4}\right)}\right] \\
& =\pi \mathrm{i}\left[\frac{1}{2(2+2 \mathrm{i})(+2 \mathrm{i})}-\frac{1}{2(+2 \mathrm{i})(-2+2 \mathrm{i})}\right]=\pi \mathrm{i} \frac{1}{8 \mathrm{i}}=\frac{\pi}{8}
\end{aligned}
\]",\boxed{\frac{\pi}{8}},NV,,False,EN,Math Derivation
3941,Modern Physics,Semiconductor Physics,Others,"Calculate \(\int_{0}^{2 \pi} \frac{\mathrm{d} x}{1-2 P \cos x+P^{2}} \), where \(0 < P < 1\).","Using the residue theorem. Let

\[
z=\mathrm{e}^{\mathrm{i} x}, \quad \mathrm{d} x=\frac{\mathrm{d} z}{\mathrm{i} z}, \quad \cos x=\frac{1}{2}\left(z+z^{-1}\right)
\]

$$
<image 1>
$$

Figure 2.2.3 shows that the contour corresponding to the integration region is \(|z|=1\) (Figure 2.2.3).

\[
\begin{aligned}
\int_{0}^{2 \pi} \frac{\mathrm{d} x}{1-2 P \cos x+P^{2}}
= & \oint_{|z|=1} \frac{\mathrm{d} z}{\mathrm{i} z \left(1-P\left(z+z^{-1}\right)+P^{2}\right)} \\
= & \frac{1}{\mathrm{i}} \oint_{|z|=1} \frac{\mathrm{d} z}{-P \left(z^{2}-\frac{1+P^{2}}{P} z+1\right)}
\end{aligned}
\]

\[
= -\frac{1}{P \mathrm{i}} \oint_{|z|=1} \frac{\mathrm{d} z}{\left(z-\frac{1}{P}\right)(z-P)}
\]

The only singularity inside \(|z|=1\) is \(z=P\) (where \(0 < P < 1\)), so

\[
\int_{0}^{2 \pi} \frac{\mathrm{d} x}{1-2 P \cos x+P^{2}} = -\frac{1}{P \mathrm{i}} \cdot 2 \pi \mathrm{i} \cdot \frac{1}{P - \frac{1}{P}} = \frac{2 \pi}{1-P^{2}}
\]",\boxed{\frac{2 \pi}{1-P^{2}}},NV,,False,EN,Math Derivation
3942,Modern Physics,Semiconductor Physics,Transport Properties,"A semiconductor material silicon with a donor impurity concentration of \(N_{D} = 1 \times 10^{17} \, \text{cm}^{-3}\) is uniformly illuminated such that it generates photocarriers \(\Delta n = \Delta p = 1 \times 10^{20} \, \text{cm}^{-3}\). Calculate the concentrations of electrons and holes in silicon under non-equilibrium conditions.","Under thermal equilibrium, the carrier concentrations in silicon are given by:

\[
\begin{aligned}
n_0 &= N_{D} = 1 \times 10^{17} \, \text{cm}^{-3}, \\
p_0 &= \frac{n_{i}^2}{n} = 2.25 \times 10^{3} \, \text{cm}^{-3},
\end{aligned}
\]

where \(n_{i} = 1.5 \times 10^{10} \, \text{cm}^{-3}\) is the intrinsic carrier concentration of silicon.

Under non-equilibrium conditions:

\[
\begin{aligned}
n &= n_0 + \Delta n = 1 \times 10^{17} + 1 \times 10^{20} \approx 1 \times 10^{20} \, \text{cm}^{-3}, \\
p &= p_0 + \Delta p = 2.25 \times 10^{3} + 1 \times 10^{20} \approx 1 \times 10^{20} \, \text{cm}^{-3}.
\end{aligned}
\]","\boxed{1 \times 10^{20}, 1 \times 10^{20}}","NV, NV",,True,EN,Knowledge Recall
3944,Modern Physics,Semiconductor Physics,Others,"If \(f(x)=x \mathrm{e}^{-x / \lambda}\) is defined on the interval \(0<x<\infty\), find the mean value and the most probable value of \(x\).","Mean value

\[
\bar{x}=\frac{\int_{0}^{\infty} x f(x) \mathrm{d} x}{\int_{0}^{\infty} f(x) \mathrm{d} x}=\frac{\int_{0}^{\infty} x^{2} \mathrm{e}^{-x / \lambda} \mathrm{d} x}{\int_{0}^{\infty} x \mathrm{e}^{-x / \lambda} \mathrm{d} x}=\frac{2 \lambda \int_{0}^{\infty} x \mathrm{e}^{-x / 2} \mathrm{~d} x}{\int_{0}^{\infty} x \mathrm{e}^{-x / \lambda} \mathrm{d} x}=2 \lambda(\lambda>0)
\]

The most probable value \(x_{\mathrm{mp}}\) is found by solving \(\frac{\mathrm{d} f}{\mathrm{d} x}=0\), which gives \(x_{\mathrm{mp}}=\lambda\).\\","\boxed{2, 1}","NV, NV","\lambda, \lambda",True,EN,Math Derivation
3945,Modern Physics,Semiconductor Physics,Transport Properties,"Determine the Hall coefficient of an intrinsic semiconductor. Given that the carrier concentrations of electrons and holes are \(n = p = n_{i}\), derive the expression for the Hall coefficient.","We have

\[
J_{x} = q\left(p \mu_{p} + n \mu_{n}\right) \varepsilon_{x}
\]

Therefore,

\[
\varepsilon_{y} = \frac{1}{q} \frac{p \mu_{p}^2 - n \mu_{n}^2}{\left(p \mu_{p} + n \mu_{n}\right)^2} J_{x} B_{x}
\]

By the definition of the Hall coefficient \(R_{\mathrm{H}}\),

\[
R_{\mathrm{H}} = \frac{\varepsilon_{y}}{J_{x} B_{x}}
\]

it follows that

\[
R_{\mathrm{H}} = \frac{1}{q} \frac{p \mu_{p}^2 - n \mu_{n}^2}{\left(p \mu_{p} + n \mu_{n}\right)^2}
\]

For an intrinsic semiconductor

\[
n = p = n_{i}
\]

Thus,

\[
R_{\mathrm{H}} = \frac{1}{q n_{i}} \frac{\mu_{p}^2 - \mu_{n}^2}{\left(\mu_{p} + \mu_{n}\right)^2} = \frac{1}{q n_{i}} \cdot \frac{\mu_{p} - \mu_{n}}{\mu_{p} + \mu_{n}}
\]",\(\boxed{\frac{1}{q n_{i}} \cdot \frac{\mu_{p} - \mu_{n}}{\mu_{p} + \mu_{n}}}\),EX,,False,EN,Math Derivation
3946,Modern Physics,Semiconductor Physics,Others,"Find the solution of the spherically symmetric equation that is zero at infinity: \(\left(\nabla^{2}-\frac{1}{c^{2}} \frac{\partial^{2}}{\partial t^{2}}\right) U(r, t)=-4 \pi f(t) \delta(r)\).","Since \(U(r)\) is spherically symmetric, we have

\[
\frac{1}{r} \frac{\partial^{2}}{\partial r^{2}}(r U)-\frac{1}{c^{2}} \frac{\partial^{2}}{\partial t^{2}} U=-4 \pi f(t) \delta(r)
\]

For \(r \neq 0\),

\[
\begin{aligned}
& \frac{1}{r} \frac{\partial^{2}}{\partial r^{2}}(r U)-\frac{1}{c^{2}} \frac{\partial^{2}}{\partial t^{2}} U=0 \\
& \frac{\partial^{2}}{\partial r^{2}}(r U)-\frac{1}{c^{2}} \frac{\partial^{2}}{\partial t^{2}}(r U)=0
\end{aligned}
\]

The general solution is

\[
\begin{gathered}
r U=F_{1}(t-r / c)+F_{2}(t+r / c) \\
U=\frac{1}{r}\left[F_{1}(t-r / c)+F_{2}(t+r / c)\right]
\end{gathered}
\]

Choose the physically meaningful retarded solution

\[
F_{2}=0, \quad U=\frac{1}{r} F_{1}(t-r / c)
\]

As \(r \rightarrow 0\),

\[
\begin{gathered}
\nabla^{2} U \gg \frac{1}{c^{2}} \frac{\partial^{2}}{\partial t^{2}} U \\
\nabla^{2} U \approx-4 \pi f(t) \delta(r)
\end{gathered}
\]

Thus

\[
\begin{gathered}
F_{1}(t)=f(t) \Rightarrow F_{1}(t-r / c)=f(t-r / c) \\
U=\frac{1}{r} f(t-r / c)
\end{gathered}
\]",\boxed{\frac{1}{r} f(t-r / c)},EX,,False,EN,Math Derivation
3947,Modern Physics,Semiconductor Physics,Statistical Distribution of Electrons and Holes in Space,"Consider a non-degenerate doped semiconductor where the carrier generation transitions from impurity ionization to intrinsic excitation with increasing temperature. Using phosphorus in silicon as an example (with a phosphorus ionization energy in silicon, \(E_{I}=0.045 \ \text{eV}\)), calculate the temperature at the onset of intrinsic excitation when the phosphorus impurity concentration is \(10^{14} \ \text{cm}^{-3}\).

\begin{center}
\begin{tabular}{ccc}
\hline
Concentration \(/\left(\mathrm{cm}^{-3}\right)\) & \(T_{1} / \mathrm{K}\) & \(T_{2} / \mathrm{K}\) \\
\hline
\(1 \times 10^{17}\) & 281 & 761 \\
\(1 \times 10^{14}\) & 77 & 461 \\
\hline
\end{tabular}
\end{center}","The onset temperature for intrinsic excitation, \( T_2 \), is described by:

\[
0 = \ln \frac{8.054 \times 10^{15}}{N_{\mathrm{D}}} + \frac{3}{2} \ln T - \frac{E_{g}(T)}{2 k_{B} T}
\]

For \(N_{\mathrm{D}} = 1 \times 10^{14} \ \text{cm}^{-3}\):

\[
4.389 + \frac{3}{2} \ln T - \frac{E_{g}(T)}{2 k_{B} T} = 0
\]

The solution, using the Newton-Raphson iteration, is \(T_{2}=461 \ \text{K}\), with \(E_{g}(461 \ \text{K})=1.079 \ \text{eV}\).",\boxed{461},NV,,False,EN,Laws Application
3949,Modern Physics,Semiconductor Physics,Transport Properties,"A polished silicon wafer is doped with phosphorus at a concentration of \(1 \times 10^{15} \ \text{cm}^{-3}\). Assume there is a uniformly distributed surface state with a density of \(1 \times 10^{13} \ \text{cm}^{-2}\ \text{eV}^{-1}\), which can be represented by an energy level located at \(E_V+0.3\ \text{eV}\). Known parameters for silicon include: bandgap \(E_g=1.12 \ \text{eV}\), effective density of states \(N_C=2.8 \times 10^{19} \ \text{cm}^{-3}\), intrinsic carrier concentration \(n_i=1.5 \times 10^{10} \ \text{cm}^{-3}\), relative permittivity \(\varepsilon_r=11.8\), vacuum permittivity \(\varepsilon_0=8.85 \times 10^{-14} \ \text{F/cm}\), Boltzmann's constant \(k_B=8.62 \times 10^{-5} \ \text{eV/K}\), and elementary charge \(e=1.6 \times 10^{-19} \ \text{C}\). Determine the surface potential of free silicon at room temperature.","Surface potential of free silicon: Taking the top of the valence band as the zero energy point, the Fermi level in the bulk \((E_F)_{\text{bulk}}\) is given as:

\[
(E_F)_{\text{bulk}}=E_g-0.27=1.12-0.27=0.85\ \text{eV}
\]

Obviously, \(0.85\ \text{eV} > 0.3\ \text{eV}\), indicating that the Fermi level in the bulk is higher than the surface energy level. As a result, electrons flow from the bulk to the surface, forming a space charge layer comprised of positively charged ionized donors, creating a potential difference \(V_s\) between the surface and the bulk:

\[
e V_s=(E_F)_{\text{bulk}}-(E_F)_{\text{surface}}=0.85-0.3=0.55\ \text{eV}
\]",\boxed{0.55},NV,\text{eV},False,EN,Practical Application
3951,Modern Physics,Semiconductor Physics,Others,"For the same center-of-mass energy \(F\), what is the ratio of the reaction cross-sections?

\[
\frac{\sigma\left(\mathrm{p} + \mathrm{p} \rightarrow \pi^+ + \mathrm{d}\right)}{\sigma\left(\mathrm{n} + \mathrm{p} \rightarrow \pi^0 + \mathrm{d}\right)}
\]","Since both have the same center-of-mass energy, this ratio is independent of energy (or momentum), and since both p and n have a spin of \(\frac{1}{2}\), the ratio is also independent of spin; it is determined solely by isospin.

Given that \(\mathrm{I}_{\pi} = 1\) and \(\mathrm{I}_{\mathrm{d}} = 0\), the states \(|\pi^0 \mathrm{~d}\rangle\) and \(|\pi^+ \mathrm{d}\rangle\) are only possible for \(I=1\).\\
Since \(I_{\mathrm{p}} = \frac{1}{2}\) and \(I_{3\mathrm{p}} = \frac{1}{2}\), the state \(|\mathrm{pp}\) can only be an \(I=1\) state (since \(I_{3\mathrm{p}} + I_{3\mathrm{p}} = 1\)).\\
In contrast, for \(\mathrm{n} + \mathrm{p}\), \(I_{\mathrm{n}} = I_{\mathrm{p}} = \frac{1}{2}\), and \(I_{3\mathrm{p}} = -I_{3\mathrm{n}}\).\\
This way, the state \(|\mathrm{np}\rangle\) can be either an \(I=1\) or \(I=0\) state. It's not difficult to derive, using a method similar to angular momentum coupling,

\[
|\mathrm{np}\rangle = \frac{1}{\sqrt{2}}\left(|10\rangle + \mathrm{e}^{i\pi}|00\rangle\right)
\]

And \(\pi^0 + \mathrm{d}\) can only be a \(|10\rangle\) state. Therefore,

\[
\frac{\sigma\left(\mathrm{p} + \mathrm{p} \rightarrow \pi^+ + \mathrm{d}\right)}{\sigma\left(\mathrm{n} + \mathrm{p} \rightarrow \pi^0 + \mathrm{d}\right)} = \frac{1}{1/2} = 2
\]",\boxed{2},NV,,False,EN,Laws Application
3952,Modern Physics,Semiconductor Physics,Statistical Distribution of Electrons and Holes in Space,"Investigate the effects of doping in semiconductor materials. If the material is doped with donor atoms, which of the following results (if any) remains valid and explain:  
(1) The expression for the electron density in the conduction band  
(2) The expression for the hole density in the valence band  
(3) The expression for the Fermi level \(E_{F}(T)\)","The results in (1) and (2) remain valid. As long as the system is in equilibrium, the above formulas hold true. The result in (3) no longer holds, as after the impurities are introduced, \(n \neq p\), causing the Fermi level \(E_{F}\) to shift.","\boxed{1, 2}",MC,"None, None",True,EN,Laws Application
3953,Modern Physics,Semiconductor Physics,Others,"In the Thomson-Lorentz atom model, the electron performs simple harmonic motion around the force center, specifically behaving as a three-dimensional harmonic oscillator with a natural frequency of \(\omega_{0}\). Briefly state: When an external electric field \(\boldsymbol{E}\) is applied, an average dipole moment \(\boldsymbol{P}=\boldsymbol{\alpha} \boldsymbol{E}\) is produced. Classical mechanics (CM) predicts \(\boldsymbol{\alpha}=e^{2} / m \omega_{0}^{2}\). Quantum mechanics (QM) predicts in the ground state \(\alpha=e^{2} / m \omega_{0}^{2}\), and at thermal equilibrium \(\alpha=e^{2} / m \omega_{0}^{2}\).","For CM, we can find \(\alpha\) using two methods.

Method 1: An electron under the influence of an external field \(\boldsymbol{E}\) experiences a shift in its equilibrium position. Since

\[
\boldsymbol{F}=-m \omega_{0}^{2} \boldsymbol{X}=+e \boldsymbol{E}, \boldsymbol{X}=-\frac{e}{m \omega_{0}^{2}} \boldsymbol{E}
\]

and \(P=-e X=\frac{e^{2}}{m \omega_{0}^{2}} E\), thus

\[
\alpha=\frac{e^{2}}{m \omega_{0}^{2}}
\]

Method 2: We can use classical statistics to approach this problem:

\[
\varepsilon^{s}=\frac{p^{2}}{2 m}+\frac{1}{2} m \omega_{0}^{2} r^{2}+e E z
\]

Assume \(\boldsymbol{E}\) is in the \(z\) direction.

\[
P=-e z
\]

Applying Boltzmann statistics, we calculate

\[
\begin{aligned}
\bar{P} & = \frac{\int_{-\infty}^{\infty} \mathrm{d} z (-e z) \mathrm{e}^{-m \omega_0^2 \left( z - \frac{eE}{m \omega_0^2} \right)^2 / 2kT}}{\int_{-\infty}^{\infty} \mathrm{d} z \mathrm{e}^{-m \omega_0^2 \left( z - \frac{eE}{m \omega_0^2} \right)^2 / 2kT}} \\
& = \frac{e^{2} E}{m \omega_{0}^{2}}
\end{aligned}
\]

Therefore, \(\alpha = \frac{\bar{P}}{E} = \frac{e^{2}}{m \omega_{0}^{2}}\).

For QM, when the electron is in the ground state, using non-degenerate perturbation theory to find the first-order approximate wave function, we have

\[
\hat{H}^{\prime}=e z E
\]

\[
\begin{gathered}
\hat{H}_{0}=-\frac{\hbar^{2}}{2 m} \nabla^{2}+\frac{1}{2} m \omega_{0}^{2} x^{2}, \ E_{N}^{(0)}=\left(N+\frac{3}{2}\right) \hbar \omega_{0} \\
|N\rangle=\left|n_{x}\right\rangle\left|n_{y}\right\rangle\left|n_{z}\right\rangle, \ |0\rangle=|0\rangle|0\rangle|0\rangle \\
\hat{H}^{\prime}|0\rangle=e E \sqrt{\frac{\hbar}{2 m \omega_{0}}}|0\rangle|0\rangle|1\rangle
\end{gathered}
\]

\[ 
P=\left\langle\Psi_1 \left| -ez \right| \Psi \right\rangle = \frac{e^{2}}{m \omega_{0}^{2}} E 
\]

Thus \(\alpha=\frac{e^{2}}{m \omega_{0}^{2}}\), which is identical to the classical mechanics result.

In fact, this problem can be solved exactly. Although the wave function derived from perturbation theory is not completely identical, the obtained \(\alpha\) is the same. According to the exact solution, the energy levels are

\[
E_{N}=\left(N+\frac{3}{2}\right) \hbar \omega_{0}-\frac{e^{2} E^{2}}{2 m \omega_{0}^{2}}
\]

The exact eigenstate wave function is

\[
\psi_{N}^{\prime}(\boldsymbol{x})=\psi_{N}\left(\boldsymbol{x}^{\prime}\right)
\]

where \(\psi_{N}(\boldsymbol{x})\) is the eigenstate without the electric field. Here: \(\boldsymbol{x}^{\prime}=\boldsymbol{x}+\frac{e \boldsymbol{E}}{m \omega_{0}^{2}}\). For the average position of the electron in any state

\[
\begin{aligned}
\langle\Psi| x|\Psi\rangle & =\left\langle \Psi \left| x^{\prime}-\frac{e E}{m \omega_{0}^{2}} \right|\Psi \right\rangle \\
& =-\frac{e E}{m \omega_{0}^{2}}+\langle\Psi| \boldsymbol{x}^{\prime}|\Psi\rangle=-\frac{e E}{m \omega_{0}^{2}}
\end{aligned}
\]

Based on Boltzmann statistics, we calculate

\[
\bar{z}=\frac{\sum_{n=0}^{\infty}-\frac{e E}{m \omega_{0}^{2}} \mathrm{e}^{-E_{n} / k T}}{\sum_{n=0}^{\infty} \mathrm{e}^{-E_{n} / k T}}=-\frac{e E}{m \omega_{0}^{2}}
\]

\[
P=-e z=\frac{e^{2}}{m \omega_{0}^{2}} E, \quad \alpha=\frac{e^{2}}{m \omega_{0}^{2}}
\]

All four results are entirely consistent.",\boxed{\frac{e^{2}}{m \omega_{0}^{2}}},EX,,False,EN,Laws Application
3954,Modern Physics,Semiconductor Physics,Others,"Find the general solution of the inhomogeneous differential equation

\[
f^{\prime \prime}(x) + 2z f^{\prime}(x) + k^{2} f(x) = \delta(x-x_{0})
\]

where \(k\) and \(z > 0\) are real constants and \(\delta(x)\) is the Dirac delta function, particularly focusing on the case where \(k^{2} > z^{2}\).

First, solve the corresponding homogeneous equation

\[
f^{\prime \prime}(x) + 2z f^{\prime}(x) + k^{2} f(x) = 0
\]

and find its general solution.","First, find the general solution of the corresponding homogeneous equation. Assume \(f(x) = \mathrm{e}^{\lambda x}\), substitute into the homogeneous equation:

\[
\lambda^{2} + 2z \lambda + k^{2} = 0
\]

Solving the above characteristic equation gives the characteristic roots:

\[
\lambda = -z \pm \mathrm{i} \sqrt{k^{2} - z^{2}}
\]

Therefore, the general solution of the homogeneous equation is:

\[
f(x) = A_{1} \mathrm{e}^{(-z + \mathrm{i} \sqrt{k^{2} - z^{2}}) x} + A_{2} \mathrm{e}^{(-z - \mathrm{i} \sqrt{k^{2} - z^{2}}) x}
\]

where \(A_{1}\) and \(A_{2}\) are arbitrary constants.",\boxed{A_{1} \mathrm{e}^{(-z + \mathrm{i} \sqrt{k^{2} - z^{2}}) x} + A_{2} \mathrm{e}^{(-z - \mathrm{i} \sqrt{k^{2} - z^{2}}) x}},EX,,False,EN,Math Derivation
3955,Modern Physics,Semiconductor Physics,Others,"Provide the method for measuring the following quantity and estimate its order of magnitude:  
(10) The density of an atom.","Take a crystal of any atom \(X\) and assume that its \(N_A\) atoms, weighing \(A\) grams, are arranged in a cubic lattice. Measure its density \(\rho\left(\mathrm{g}/\mathrm{cm}^{3}\right)\), then the total volume of the \(A\) grams of atom \(X\) is \(A / \rho\). Assuming each atom occupies a volume of \(4 \pi r^{3} / 3\) (\(r\) being the atomic radius), we have

\[
\frac{4}{3} \pi r^{3} \cdot N_{A} = A / \rho
\]

From this, we obtain

\[
r=\sqrt[3]{\frac{3 A}{4 \pi \rho N_{A}}} \sim 10^{-10} \, \mathrm{m}
\]",\boxed{10^{-10}},NV,\mathrm{m},False,EN,Math Derivation
3957,Modern Physics,Semiconductor Physics,"Magnetic, Optical, and Superconducting Properties",Calculate the density of states \(g\left(E_{\mathrm{F}}\right)\) for a free electron gas (where the interaction between electrons and ions is ignored).,"For free electrons, we have

\[
\varepsilon_{\pm} = \frac{\hbar^2 k^2}{2m} \mp \mu_{\mathrm{B}} B
\]

The density of states in \(k\) space \(\rho(k)\) is given by

\[
\rho(k) \mathrm{d}k = 2 \times \frac{1}{8\pi^3} \mathrm{~d}\boldsymbol{k}
\]

From \(\varepsilon(k) = \frac{\hbar^2 k^2}{2m}\), we find

\[
\rho(\varepsilon)\mathrm{d}\varepsilon = \frac{1}{2\pi^2}\left(\frac{2m}{\hbar^2}\right)^{3/2} \sqrt{\varepsilon} \, \mathrm{d}\varepsilon
\]

This implies

\[
\rho(\varepsilon) = \frac{1}{2\pi^2}\left(\frac{2m}{\hbar^2}\right)^{3/2} \sqrt{\varepsilon}
\]",\boxed{\frac{1}{2\pi^2}\left(\frac{2m}{\hbar^2}\right)^{3/2} \sqrt{E_{\mathrm{F}}}},EX,,False,EN,Math Derivation
3958,Modern Physics,Semiconductor Physics,Transport Properties,"A \(1 \, \Omega \, \mathrm{cm}\) n-type silicon sample is illuminated, uniformly generating non-equilibrium carriers at an electron-hole pair generation rate of \(10^{17} \, \mathrm{cm}^{-3} \cdot \mathrm{s}^{-1}\). Assume the lifetime of the sample is \(10 \, \mu \mathrm{s}\) and the surface recombination velocity is \(100 \, \mathrm{cm/s}\). Calculate the number of holes recombined per unit area per unit time within three diffusion lengths from the surface.","The steady-state equation is given by

\[
D_{\mathrm{p}} \frac{\partial^{2} \Delta p(x)}{\partial x^{2}} - \frac{\Delta p(x)}{\tau_{\mathrm{p}}} + g_{\mathrm{p}} = 0
\]

The general solution to the equation is

\[
\Delta p(x) = A \mathrm{e}^{-\frac{x}{L_{\mathrm{p}}}} + B \mathrm{e}^{\frac{x}{L_{\mathrm{p}}}} + g_{\mathrm{p}} \tau_{\mathrm{p}}
\]

Boundary conditions are

\[
\begin{cases}
\Delta p(\infty) = \tau_{p} g_{p} \\
\left. D_{p} \frac{\partial \Delta p(x)}{\partial x} \right|_{x=0} = S_{p} [p(0) - p_{0}] = \Delta p(0) S_{p}
\end{cases}
\]

From boundary condition (1), we obtain \(B=0\), and the solution becomes

\[
\Delta p(x) = A \mathrm{e}^{-\frac{x}{L_{\mathrm{p}}}} + g_{\mathrm{p}} \tau_{\mathrm{p}}
\]

From boundary condition (2), we find

\[
A = -\tau_{\mathrm{p}} g_{\mathrm{p}} \frac{S_{\mathrm{p}} L_{\mathrm{p}}}{D_{\mathrm{p}} + S_{\mathrm{p}} L_{\mathrm{p}}} = -\tau_{\mathrm{p}} g_{\mathrm{p}} \frac{S_{\mathrm{p}} \tau_{\mathrm{p}}}{L_{\mathrm{p}} + S_{\mathrm{p}} \tau_{\mathrm{p}}}
\]

Thus, the solution is

\[
\Delta p(x) = \tau_{\mathrm{p}} g_{\mathrm{p}} \left\{ 1 - \frac{S_{\mathrm{p}} \tau_{\mathrm{p}}}{L_{\mathrm{p}} + S_{\mathrm{p}} \tau_{\mathrm{p}}} e^{-\frac{x}{L_{\mathrm{p}}}} \right\}
\]

(2) \(\Delta P = \int_{0}^{3 L_{\mathrm{p}}} \frac{\Delta p(x)}{\tau_{\mathrm{p}}} \mathrm{d} x = \int_{0}^{3 L_{\mathrm{p}}} g_{\mathrm{p}} \left( 1 - \frac{S_{\mathrm{p}} \tau_{\mathrm{p}}}{L_{\mathrm{p}} + S_{\mathrm{p}} \tau_{\mathrm{p}}} e^{-\frac{x}{L_{\mathrm{p}}}} \right) \mathrm{d} x\)

\[
\begin{aligned}
& = g_{\mathrm{p}} \left( 3 L_{\mathrm{p}} - \left. \frac{S_{\mathrm{p}} \tau_{\mathrm{p}}}{L_{\mathrm{p}} + S_{\mathrm{p}} \tau_{\mathrm{p}}} L_{\mathrm{p}} \mathrm{e}^{-\frac{x}{L_{\mathrm{p}}}} \right|_{3 L_{\mathrm{p}}}^{0} \right) = g_{\mathrm{p}} L_{\mathrm{p}} \left[ 3 - \frac{S_{\mathrm{p}} \tau_{\mathrm{p}}}{L_{\mathrm{p}} + S_{\mathrm{p}} \tau_{\mathrm{p}}} \left( 1 - \mathrm{e}^{-3} \right) \right] \\
& = 3.33 \times 10^{15} \, \mathrm{cm}^{-2} \, \mathrm{s}^{-1}
\end{aligned}
\]",\boxed{3.33 \times 10^{15}},NV,"\mathrm{cm}^{-2} \, \mathrm{s}^{-1}",False,EN,Practical Application
3959,Modern Physics,Semiconductor Physics,Others,"A method for measuring the lifetime of multiply ionized atomic states involves using a laser, tuned to the resonance wavelength of the ions under study, to excite a given ion beam and measuring the variation in intensity with distance. When a specific ion beam with a resonance wavelength of \(4885 \, \text{Å}\) is excited by a chlorine ion laser with a wavelength of \(4880 \, \text{Å}\), the ion beam velocity is \(v / c=5 \times 10^{-3}\). Calculate the angle between the normal of the ion beam and the laser beam when resonance is achieved.","Assume the ion beam moves to the left with speed \(v\). In the laboratory frame, the laser makes an angle \(\varphi\) with the ion beam, while in the rest frame of the ion beam, the laser makes an angle \(\theta\) with the ion beam. In this frame, the laser source, stationary in the laboratory, moves to the right with speed \(v\). The frequency of the radiation received by the ion beam is given by the Doppler formula:

\[
\omega=\frac{\omega_{0} \sqrt{1-\beta^{2}}}{1-\beta \cos \theta}
\]

Given \(\omega_{0}=\frac{c}{4880}\), \(\omega=\frac{c}{4885}\), and \(\beta=5 \times 10^{-3}\), we find:

\[
\cos \theta=-0.2024
\]

From the aberration of light formula:

\[
\tan \varphi=\frac{\sin \theta}{\gamma(\cos \theta-\beta)}
\]

We obtain:

\[
\varphi \approx 101.96^{\circ}
\]",\boxed{101.96},NV,,False,EN,Laws Application
3960,Modern Physics,Semiconductor Physics,Others,"In the Thomson-Lorentz atomic model, the electron undergoes simple harmonic motion around a center of force, i.e., it is a three-dimensional harmonic oscillator with a natural frequency of \(\omega_{0}\). Briefly answer: The quantum statistical mechanics formula derived is

\[
c_{\text{QSM}} = 3k \left( \frac{\hbar \omega_0}{kT} \right)^2 \frac{e^{\beta \hbar \omega_0}}{(e^{\beta \hbar \omega_0} - 1)^2}
\]","For the oscillator system, the specific heat of each oscillator is

\[
\begin{aligned}
c_{\mathrm{CSM}} & =\frac{\partial \overline{\mathcal{E}}}{\partial T}=3 k \\
c_{\mathrm{QSM}} & =\frac{\partial \bar{\varepsilon}}{\partial T}=\frac{3 \hbar \omega_{0} \mathrm{e}^{\beta \hbar \omega_{0}} \left(\frac{\hbar \omega_{0}}{k T}\right)^2 }{\left(\mathrm{e}^{\beta \hbar \omega_{0}}-1\right)^{2}}
\end{aligned}
\]",\boxed{c_{\text{QSM}} = 3k \left( \frac{\hbar \omega_0}{kT} \right)^2 \frac{e^{\beta \hbar \omega_0}}{(e^{\beta \hbar \omega_0} - 1)^2}},EQ,,False,EN,Math Derivation
3961,Modern Physics,Semiconductor Physics,Statistical Distribution of Electrons and Holes in Space,"Consider an intrinsic semiconductor, where \(E\) represents the energy of an electron, and \(g_{V}(E)\) represents the density of states in the valence band. Assume that \(E_{F}-E_{V} \gg k_{B} T\),

\[
g_{V}(E)=c_{2}\left(E_{V}-E\right)^{\frac{1}{2}}
\]

Where \(E_{V}\) represents the energy at the top of the valence band, and \(E_{F}\) is the Fermi energy. Express the hole density in the valence band using \(k_{B}, T, c_{2}, E_{V}, E_{F}\), and a dimensionless integral.","The probability of hole occupancy at energy level \(E\) is

\[
1-f_{e}=1-\frac{1}{e^{\beta(E-E_{F})}+1}
\]

Given \(E_{F}-E_{V} \gg k_{B} T\), we have

\[
1-f_{e}=\frac{e^{\beta(E-E_{F})}}{e^{\beta(E-E_{F})}+1} \approx e^{\beta(E-E_{F})}
\]

Let \(x=-\beta(E-E_{V})\), then

\[
p=\beta^{-3 / 2} c_{2} e^{\beta(E_{V}-E_{F})} \int_{0}^{\infty} x^{1/2} e^{-x} \, \mathrm{d}x = c_{2} (k_{B} T)^{3 / 2} e^{-(E_{F}-E_{V}) / k_{B} T} \int_{0}^{\infty} x^{1/2} e^{-x} \, \mathrm{d}x
\]","\boxed{c_{2} (k_{B} T)^{3 / 2} e^{-(E_{F}-E_{V}) / k_{B} T} \int_{0}^{\infty} x^{1/2} e^{-x} \, \mathrm{d}x}",EX,,True,EN,Math Derivation
3963,Modern Physics,Semiconductor Physics,Others,"Provide a measurement method for the following quantity and estimate its order of magnitude:  
(14) The nuclear \(g\) factor.","Measure the Larmor precession frequency of an atomic nucleus in a magnetic field using an angular correlation experiment.

\[
\omega_{H} = \frac{\mu H}{I \hbar} = \frac{g \mu_{B} H}{\hbar}
\]

where \(\mu_{B}\) is the nuclear magneton, and \(H\) is the external magnetic field. The order of magnitude for \(g\) is \(g \sim \pm(0.1 \sim 10)\).","\boxed{(-0.1, 10)}",IN,,False,EN,Practical Application
3965,Modern Physics,Semiconductor Physics,"Magnetic, Optical, and Superconducting Properties","Consider the problem: A uniformly long, rigid steel magnetic needle, 12 cm in length, is suspended by a torsionless string in the horizontal plane of the geomagnetic field, and executes free small-angle oscillations around its center with a period of \(3 \sim 5 \, \text{seconds}\). Estimate the magnetization of the steel. Assume the Earth's magnetic field is a uniform magnetic field \(\boldsymbol{B}=B \hat{e}_x\). Let the density of steel be \(\rho = 7.8 \, \text{g/cm}^3\). The Earth's magnetic field is approximately \(B \approx 0.5 \, \text{G}\), and the oscillation period is \(T \approx 4 \, \text{s}\). Use the formula for the frequency of oscillation to calculate the magnetization \(M\) of the steel.","Using the known formula for the frequency of oscillation

\[
\omega^{2}=\frac{12 B M}{\rho l^{2}}
\]

we have

\[
\omega = \frac{2\pi}{T}
\]

Solving for the magnetization \(M\), we obtain

\[
M=\frac{\pi^{2} \rho l^{2}}{3 B T^{2}}
\]

Substituting \(\rho = 7.8 \, \text{g/cm}^3, l = 12 \, \text{cm}\), taking \(B \approx 0.5 \, \text{G}, T \approx 4 \, \text{s}\), we calculate \(M \approx 460 \, \text{G}\).",\boxed{460},NV,,False,EN,Practical Application
3966,Modern Physics,Semiconductor Physics,Transport Properties,"The longitudinal effective mass of electrons in semiconductor silicon is \(m_{l}=0.98 m_{0}\), and the transverse effective mass is \(m_{t}=0.19 m_{0}\) (\(m_{0}\) is the rest mass of an electron). Given that the electron mobility in silicon is \(0.1 \ \mathrm{m}^{2} / \mathrm{V} \cdot \mathrm{s}\), calculate the mean free time for electrons in silicon.","First, calculate the conductivity effective mass \(m_{c}\) for electrons in silicon:
\[
\frac{1}{m_{c}}=\frac{1}{3}\left(\frac{1}{m_{l}}+\frac{2}{m_{t}}\right)=\frac{1}{3}\left(\frac{1}{0.98}+\frac{2}{0.19}\right) \frac{1}{m_{0}}
\]
Thus, \(m_{c}=0.26 m_{0}\).

According to Lorentz's classical electron theory, the mean free time \(\tau\) for electrons in silicon is:
\[
\tau=\frac{\mu m_{c}}{e}=\frac{0.1 \times 0.26 \times 9.1 \times 10^{-31}}{1.6 \times 10^{-19}}=1.48 \times 10^{-13} \ \mathrm{s}
\]",\boxed{1.48 \times 10^{-13}},NV,,False,EN,Practical Application
3967,Modern Physics,Semiconductor Physics,Statistical Distribution of Electrons and Holes in Space,"Consider a one-dimensional crystal with a lattice constant \(a\), where the energy near the conduction band minimum \(E_{C}(k)\) is given by

\[
E_{C}(k)=\frac{h^{2} k^{2}}{3 m_{0}}+\frac{h^{2}\left(k-k_{1}\right)^{2}}{m_{0}}
\]

where \(m_{0}\) is the electron mass. Determine the effective mass of electrons at the bottom of the conduction band.","The effective mass of an electron in the conduction band is given by

\[
m_{\mathrm{n}}^{*}=\frac{h^{2}}{\frac{\mathrm{d}^{2} E_{C}}{\mathrm{~d} k^{2}}}
\]

From the given expression,

\[
\begin{gathered}
\frac{\mathrm{d}^{2} E_{C}}{\mathrm{~d} k^{2}}=\frac{2 h^{2}}{3 m_{0}}+\frac{2 h^{2}}{m_{0}}=\frac{8 h^{2}}{3 m_{0}} \\
m_{\mathrm{n}}^{*}=\frac{3 m_{0}}{8}=\frac{3 \times 9.1 \times 10^{-31}}{8}=3.41 \times 10^{-31} \, \mathrm{kg} = 0.375 m_{0}
\end{gathered}
\]",\boxed{0.375},NV,m_{0},False,EN,Laws Application
3968,Modern Physics,Semiconductor Physics,"Magnetic, Optical, and Superconducting Properties",Calculate the cutoff wavelength of metallic sodium (the unit cell volume of sodium is \(35 \times 10^{-30} \mathrm{~m}^{3}\)).,"For metallic sodium (body-centered cubic structure), if each atom contributes one electron, the electron density is

\[
n = \frac{2}{35 \times 10^{-30}} = 5.7 \times 10^{28}\left(\mathrm{~m}^{-3}\right)
\]

Thus,

\[
\begin{aligned}
& \omega_{\mathrm{p}}^{2} = \frac{n e^{2}}{\varepsilon_{0} m} = 1.8 \times 10^{32}, \\
& \varepsilon(\omega) = 1 - \frac{1.8 \times 10^{32}}{\omega^{2}}
\end{aligned}
\]

The cutoff wavelength of metallic sodium corresponds to the wavelength at the cutoff frequency where \(\varepsilon(\omega) = 0\).

From this, we obtain

\[
\lambda = \frac{2 \pi c}{\omega} = \frac{2 \pi \times 3 \times 10^{8}}{\left(1.8 \times 10^{32}\right)^{1/2}} = 1400 \, \text{Å}
\]",\boxed{1400},NV,\text{Å},False,EN,Laws Application
3969,Modern Physics,Semiconductor Physics,Others,"Multiple Choice Question:  
(4) How many possible ways are there to arrange 6 people in 6 seats?  
a) 602  
b) 720  
c) 1024","This is clearly a permutation problem.  
\[ 6! = 720 \], so b) is correct.",\boxed{b},MC,,False,EN,
3970,Modern Physics,Semiconductor Physics,Others,"A photomultiplier tube is used to measure the intensity of a light source. Assuming the light source remains constant, the current gain of the photomultiplier tube is \(10^{6}\), and the measured average anode current is \(10^{-8} \mathrm{~A}\). This measurement is obtained by averaging the current over 10 ms, meaning the time constant for the measurement is \(10^{-2} \mathrm{~s}\). Assuming electrons are emitted randomly, what is the root mean square variation of the collected charge?","The number of photoelectrons \(N\) and its fluctuation \(\Delta N\) within the measurement time constant \(\tau=10^{-2}\) seconds are given by

\[
N=r \tau=625, \quad \Delta N=\sqrt{N}=25
\]

The number of charges collected at the anode \(N^{*}\) and its fluctuation \(\Delta N^{*}\) are

\[
\begin{gathered}
N^{*}=625 \times 10^{6} \\
\Delta N^{*}=\sqrt{N^{*}}=25 \times 10^{3}
\end{gathered}
\]",\boxed{25 \times 10^{3}},NV,,False,EN,Laws Application
3971,Modern Physics,Semiconductor Physics,Others,"In the Thomson-Lorentz atomic model, the electron undergoes harmonic oscillation around a force center, behaving as a three-dimensional harmonic oscillator with a natural frequency \(\omega_{0}\). Briefly answer: Quantum Statistical Mechanics (QSM) considers its average energy as

\[
\frac{3 \hbar \omega_{0}}{2}+\frac{3 \hbar \omega_{0}}{\mathrm{e}^{\beta \hbar \omega_{0}}-1}
\]

Indicate that when \(k T \gg \hbar \omega_{0}\), the quantum heat capacity approaches the classical heat capacity.","In principle, we can treat each oscillator as a boson and apply Bose statistics to this problem. However, this method is complicated, so we assume the motion of the oscillator is localized, which does not lose generality, and thus the oscillators are distinguishable. We can then use quantum Boltzmann statistics to handle this problem. The partition function for each dimension of the oscillator becomes

Hence

\[
Z=\sum_{n=0}^{\infty} \mathrm{e}^{-\beta\left(n+\frac{1}{2}\right) \hbar \omega_{0}}=\mathrm{e}^{-\frac{1}{2} \beta \hbar \omega_{0}} /\left(1-\mathrm{e}^{-\beta \hbar \omega_{0}}\right)
\]

\[
\begin{aligned}
\bar{\varepsilon} & =-3 \frac{\partial}{\partial \beta} \ln Z=-3\left(-\frac{\hbar \omega_{0}}{2}-\frac{\hbar \omega_{0}}{\mathrm{e}^{\beta \hbar \omega_{0}}-1}\right) \\
& =\frac{3 \hbar \omega_{0}}{2}+\frac{3 \hbar \omega_{0}}{\mathrm{e}^{\beta \hbar \omega_{0}}-1}
\end{aligned}
\]

where \(\frac{3 \hbar \omega_{0}}{2}\) is the zero-point energy of this oscillator.

When \(\beta \hbar \omega_{0} \ll 1 \Rightarrow \frac{\hbar \omega_{0}}{k T} \ll 1 \Rightarrow k T \gg \hbar \omega_{0}\), \(c_{\mathrm{QSM}} \rightarrow c_{\mathrm{CSM}}=3 k\), which means the classical statistics are valid.",\boxed{3},NV,k,False,EN,Math Derivation
3972,Modern Physics,Semiconductor Physics,Others,"Briefly explain the high-pressure and low-pressure limits of a hot cathode ionization vacuum gauge, as well as the main reasons determining these limits.","The high-pressure limit of this ionization vacuum gauge is approximately \(10^{-3}\) Torr. When \(P>10^{-3}\) Torr, the chemical gettering effect of the hot filament makes the tube exhibit a ""pumping"" effect, so \(i_{+}\) no longer increases with \(P\). The low-pressure limit is \(10^{-7}\) Torr, because when \(P<10^{-7}\) Torr, most of the current collected by the collector is due to photoemission, with the ion current comprising only a small part, so \(P\) no longer changes linearly with \(i_{+}\).","\boxed{10^{-3}, 10^{-7}}","NV, NV","\text{托}, \text{托}",True,EN,Practical Application
3974,Modern Physics,Semiconductor Physics,Others,"A method for measuring the lifetime of multiply ionized atomic states is by using a laser tuned to the resonance wavelength of the ions under study, to excite a given ion beam and measure the change in intensity with distance. When a specific ion beam with a resonance wavelength of \(4885 \, \text{Å}\) is excited by a chlorine-ion laser with a wavelength of \(4880 \, \text{Å}\), the intensity drops to half of the original at a distance of 10 mm from the excitation point. The ion beam velocity is \(v / c = 5 \times 10^{-3}\). Calculate the lifetime of the ion's excited state.","The radiation intensity decreases exponentially as \(\mathrm{e}^{-t / \tau}\), that is

\[
\frac{1}{2} = \mathrm{e}^{-t / \tau}, \quad \tau = t / \ln 2
\]

\(t\) should be taken in proper time, hence

\[
t = \frac{d / v}{\gamma}
\]

Therefore, the lifetime \(\tau\) of the excited state is

\[
\begin{aligned}
\tau & = \frac{d}{v \gamma \ln 2} = \frac{\sqrt{1-(5 \times 10^{-3})^{2}} \times 10 \times 10^{-3}}{5 \times 10^{-3} \times 3 \times 10^{8} \times \ln 2} \\
& \approx 9.6 \times 10^{-9} \, \text{s}
\end{aligned}
\]",\boxed{9.6 \times 10^{-9}},NV,\text{s},False,EN,Laws Application
3978,Modern Physics,Semiconductor Physics,Others,"Provide the best estimate of the boiling point of liquid hydrogen at \(1 \, \text{atm}\).",77.36 K.,\boxed{77.36},NV,\text{K},False,EN,Knowledge Recall
3979,Modern Physics,Semiconductor Physics,Others,"The wavelength of Livermore's Shiva laser is \(1 \ \mu \mathrm{m}\), and it emits 10 kJ of energy in \(10^{-9}\) seconds, focused onto an area of \(10^{-3} \ \mathrm{cm}^{2}\).  
If all the energy is absorbed and converted into thermal energy, evenly distributed in a sphere with the same size as the focal point containing \(5 \times 10^{18}\) completely ionized hydrogen atoms, estimate the pressure of this material and explain why, despite the large radiation pressure generated by the laser, it is insufficient to fuse these atoms, thereby allowing them to freely expand.","All absorbed energy is converted into kinetic energy of the atoms, thus

\[
W = \frac{3}{2} N k T
\]

Using the ideal gas equation, we have

\[
\begin{aligned}
P &= \frac{NkT}{V} = \frac{2}{3} \frac{W}{V} \\
&= \frac{2}{3} \cdot \frac{10^{4}}{\frac{4}{3} \pi \left(\frac{1}{\sqrt{\pi}} \left(\pi R^{2}\right)^{3/2}\right)} = \frac{\sqrt{\pi}}{2} \times \frac{10^{4}}{\left(10^{-7}\right)^{3/2}} \\
&= \frac{\sqrt{\pi}}{2} \times 10^{14.5} \ (\mathrm{Pa})
\end{aligned}
\]

It is evident that this pressure is much greater than the radiation pressure generated by the laser, and is far from enough to fuse these atoms, allowing them to freely expand.",\boxed{\frac{\sqrt{\pi}}{2} \times 10^{14.5}},NV,\mathrm{Pa},False,EN,Practical Application
3982,Modern Physics,Semiconductor Physics,"Magnetic, Optical, and Superconducting Properties","Below the superconducting transition temperature \(T_{\mathrm{c}}\), a fraction \(\frac{n_{0}}{n}\) of the total conduction electrons can participate in the superconducting current, and \(n_{s}\) is referred to as the superconducting electron density. The London equation for a simple superconductor relates the superconducting current to the magnetic vector potential \(A\) as follows:

\[
j_{s}=-\frac{n_{s} e^{2}}{m_{0} c} A
\]

where \(m_{0}\) is the electron mass. Using the appropriate Maxwell's equations, demonstrate how Meissner effect can be derived from equation (1). What is the London penetration depth?","The Meissner effect refers to the complete expulsion of magnetic fields from a superconductor, meaning the magnetic field inside a superconductor is zero when it is in the superconducting state.

Given the London equation

\[
j_{s}=-\frac{n_{s} e^{2}}{m_{0} c} A=-\frac{1}{c \Lambda^{2}} A
\]

where \(\Lambda^{2}=\frac{m_{0}}{n_{s} e^{2}}\). Thus, the magnetic induction

\[
\boldsymbol{B}=\nabla \times \boldsymbol{A}=-\nabla \times \boldsymbol{A}=-\nabla \times c\Lambda^{2} \boldsymbol{j}_{s}
\]

According to Maxwell's equations

\[
\nabla \times \boldsymbol{B}=\frac{4 \pi}{c} \boldsymbol{j}_{s}
\]

therefore

\[
\begin{aligned}
\boldsymbol{B} & =-c \Lambda^{2} \nabla \times \boldsymbol{j}_{s}=-\frac{c^{2}}{4 \pi} \Lambda^{2} \nabla \times \nabla \times \boldsymbol{B} \\
& =-\lambda_{L}^{2}\left[\nabla \operatorname{div} \boldsymbol{B}-\nabla^{2} \boldsymbol{B}\right]
\end{aligned}
\]

Since the magnetic field is divergence-free, \(\operatorname{div} \boldsymbol{B}=\nabla \cdot \boldsymbol{B}=0\). Thus, we have

\[
\nabla^{2} \boldsymbol{B}=-\frac{1}{\lambda_{L}^{2}} \boldsymbol{B}
\]

where

\[
\lambda_{\mathrm{L}}=\left(\frac{c^{2}}{4 \pi} \Lambda^{2}\right)^{1 / 2}=\left(\frac{m_{0} c^{2}}{4 \pi n_{s} e^{2}}\right)^{1 / 2}
\]

is the London penetration depth, which is approximately \(10^{-8} \sim 10^{-7} \mathrm{~m}\) for most superconducting metallic elements.

Its solution is

\[
\boldsymbol{B}=\boldsymbol{B}_{0} \exp \left(-\frac{x}{\lambda_{\mathrm{L}}}\right)
\]

indicating exponential decay, and when \(x \gg \lambda_{\mathrm{L}}\), \(\boldsymbol{B} \rightarrow 0\), meaning the magnetic field only exists within a thin surface layer of the superconductor, with thickness smaller than \(\lambda_{\mathrm{L}}\), rendering the magnetic field inside the superconductor zero. This is the Meissner effect.",\boxed{\left(\frac{m_{0} c^{2}}{4 \pi n_{s} e^{2}}\right)^{1 / 2}},EX,,False,EN,Math Derivation
3985,Modern Physics,Semiconductor Physics,Statistical Distribution of Electrons and Holes in Space,"Consider a non-degenerate doped semiconductor where the carrier generation transitions from impurity ionization to intrinsic excitation with increasing temperature. Using phosphorus in silicon as an example (with a phosphorus ionization energy of \(E_{I}=0.045 \ \text{eV}\) in silicon), calculate the temperature at the onset of intrinsic excitation when the phosphorus impurity concentration is \(10^{17} \ \text{cm}^{-3}\).

\[
\begin{array}{ccc}
\hline
\text{Concentration} \ /\left(\mathrm{cm}^{-3}\right) & T_{1} / \mathrm{K} & T_{2} / \mathrm{K} \\
\hline
1 \times 10^{17} & 281 & 761 \\
1 \times 10^{14} & 77 & 461 \\
\hline
\end{array}
\]","The onset temperature for intrinsic excitation, \( T_2 \), is given by:

\[
n_{i}(T) = N_{D}
\]

The intrinsic carrier concentration is given by:

\[
n_{i}(T) = 8.054 \times 10^{15} \times T^{\frac{3}{2}} \mathrm{e}^{-\frac{E_{g}(T)}{2 k_{B} T}}
\]

Substituting gives:

\[
N_{\mathrm{D}} = 8.054 \times 10^{15} T^{\frac{3}{2}} \mathrm{e}^{-\frac{E_{g}(T)}{2 k_{B} T}}
\]

Taking the logarithm:

\[
0 = \ln \frac{8.054 \times 10^{15}}{N_{\mathrm{D}}} + \frac{3}{2} \ln T - \frac{E_{g}(T)}{2 k_{B} T}
\]

For \(N_{\mathrm{D}} = 1 \times 10^{17} \ \text{cm}^{-3}\):

\[
-2.519 + \frac{3}{2} \ln T - \frac{E_{g}(T)}{2 k_{B} T} = 0
\]

Using Newton-Raphson iteration, the solution is \(T_{2}=761 \ \text{K}\), with \(E_{g}(761 \ \text{K})=0.974 \ \text{eV}\).",\boxed{761},NV,,False,EN,Practical Application
3986,Modern Physics,Semiconductor Physics,Transport Properties,"The electron mobility of InSb is \(7.5 \, \mathrm{m}^2/\mathrm{V} \cdot \mathrm{s}\), the hole mobility is \(0.075 \, \mathrm{m}^2/\mathrm{V} \cdot \mathrm{s}\), and the intrinsic carrier concentration at room temperature is \(1.6 \times 10^{16} \, \mathrm{cm}^{-3}\). Calculate the maximum resistivity.","Using the calculation formula from Example 1.2.23:

\[
\rho_{\max} = \frac{1}{\sigma_{\min}} = 0.026 \, \Omega \cdot \mathrm{cm}
\]",\boxed{0.026},NV,"\Omega \, \text{cm}",False,EN,
3987,Modern Physics,Semiconductor Physics,Others,"Multiple choice question:\
(9) The approximate age of the universe is\
a) \(10^{20}\) years\
b) \(10^{10}\) years\
c) \(10^{8}\) years","\(t \approx 1.8 \times 10^{10}\) years, so b) is correct.",\boxed{b},MC,,False,EN,Knowledge Recall
3988,Modern Physics,Semiconductor Physics,"Magnetic, Optical, and Superconducting Properties","A uniform, slender, rigid steel magnetic needle, 12 cm in length, is suspended by a non-torcional string in the horizontal plane of the Earth's magnetic field and performs free small-angle oscillations with a period of 3 to 5 seconds. Estimate the magnetization of the steel. Assume the Earth's magnetic field is a uniform magnetic field \(\boldsymbol{B}=B \hat{e}_x\). Let the density of the steel be \(\rho\) and the vibration frequency of the needle be \(\omega\).

Calculate the expression for the frequency \(\omega\).","From the equation of motion

\[
I \ddot{\theta}=-\frac{\mathrm{d}}{\mathrm{d} \theta}(-\bar{\mu} \cdot \boldsymbol{B})=-V M B \sin \theta
\]

define the volume of the steel needle as \(V\), the magnetization as \(M\), and the total magnetic moment as \(\bar{\mu}=V M\), with the angle being \(\theta\).

Assume the moment of inertia is

\[
I=\frac{1}{12} m l^{2}=\frac{1}{12} \rho V l^{2}
\]

For small oscillations, \(\sin \theta \approx \theta\), the above equation can be simplified to

\[
\frac{1}{12} \rho V l^{2} \ddot{\theta} + V M B \theta = 0
\]

Thus, the vibration frequency

\[
\omega^{2}=\frac{V M B}{\frac{1}{12} \rho V l^{2}}=\frac{12 B M}{\rho l^{2}}
\]",\boxed{\omega = \sqrt{\frac{12 B M}{\rho l^{2}}}},EQ,,False,EN,Math Derivation
3990,Modern Physics,Semiconductor Physics,Statistical Distribution of Electrons and Holes in Space,"Consider an intrinsic semiconductor, let \(E\) represent the energy of an electron, and \(g_{c}(E)\) represent the density of states in the conduction band. Assume \(E_{C}-E_{F} \gg k_{B} T\),

\[
g_{c}(E)=c_{1}\left(E-E_{C}\right)^{\frac{1}{2}}
\]

where \(E_{C}\) denotes the energy at the bottom of the conduction band, and \(E_{F}\) is the Fermi energy. Express the electron density in the conduction band using \(k_{B}, T, c_{1}, E_{C}, E_{F}\), and a dimensionless integral.","The electron concentration in the conduction band \(n\)

\[
n=\int_{E_{C}}^{\infty} f_{e}(E) g_{c}(E) \, \mathrm{d}E
\]

where \(f_{e}(E)=\frac{1}{e^{\beta(E-E_{F})}+1}, \quad \beta=\frac{1}{k_{B} T}\). Because \(E_{C}-E_{F} \gg k_{B} T\),

\[
f_{e}(E) \approx e^{-\beta(E-E_{F})}
\]

Let \(x=\beta(E-E_{C})\), then

\[
\begin{aligned}
n & =\int_{E_{C}}^{\infty} g_{c}(E) e^{-\beta(E-E_{F})} \, \mathrm{d}E = \beta^{-3 / 2} c_{1} e^{-\beta(E_{C}-E_{F})} \int_{0}^{\infty} x^{1/2} e^{-x} \, \mathrm{d}x \\
& =c_{1} (k_{B} T)^{3 / 2} e^{-(E_{C}-E_{F}) / k_{B} T} \int_{0}^{\infty} x^{1/2} e^{-x} \, \mathrm{d}x
\end{aligned}
\]","\boxed{c_{1} (k_{B} T)^{3 / 2} e^{-(E_{C}-E_{F}) / k_{B} T} \int_{0}^{\infty} x^{1/2} e^{-x} \, \mathrm{d}x}",EX,,True,EN,Math Derivation
3992,Modern Physics,Semiconductor Physics,Others,"In a counting experiment, there is an average counting rate \(\gamma\) of \(1000 \text{ events/second} \), where a portion comes from random background. The average background counting rate \(r_B\) is \(900 \text{ events/second}\). The ""true"" event counting rate \(r_{\mathrm{T}}\) is known to be \(100 \text{ events/second}\). If the counting efficiency for true events is increased by 4 times, while the background counting rate remains unchanged, what \(\Delta t\) can achieve the same signal-to-noise ratio as before?","As in (2), \(\Delta t = \frac{900}{400} = 2.25 \text{ seconds}\).",\boxed{2.25},NV,,False,EN,Practical Application
3993,Modern Physics,Semiconductor Physics,Statistical Distribution of Electrons and Holes in Space,"Consider a non-degenerate doped semiconductor where the carrier generation transitions from impurity ionization to intrinsic excitation with increasing temperature. Using phosphorus in silicon as an example (with a phosphorus ionization energy in silicon, \(E_{I}=0.045 \ \text{eV}\)), calculate the temperature at the onset of saturation ionization and the onset of intrinsic excitation when the phosphorus impurity concentration is \(10^{14} \ \text{cm}^{-3}\).

\begin{center}
\begin{tabular}{ccc}
\hline
Concentration \(/\left(\mathrm{cm}^{-3}\right)\) & \(T_{1} / \mathrm{K}\) & \(T_{2} / \mathrm{K}\) \\
\hline
\(1 \times 10^{17}\) & 281 & 761 \\
\(1 \times 10^{14}\) & 77 & 461 \\
\hline
\end{tabular}
\end{center}","The onset temperature for saturation ionization, \( T_1 \), can be determined using the equation derived in problem 1.2.18:

\[
\frac{3}{2} \ln T - \frac{522.20}{T} + 0.309 = 0
\]

This is a transcendental equation and is resolved graphically or using the Newton-Raphson iteration method, yielding the solution \(T_{1}=77 \ \text{K}\).",\boxed{T_1 = 77},EQ,\text{K},False,EN,Practical Application
3995,Modern Physics,Semiconductor Physics,Others,"A system contains 4 distinguishable particles, each with a spin of \(1/2\), without considering other degrees of freedom. What is the statistical weight of the state with a total spin of 1?  
a) 0  
b) 3  
c) 6  
d) 9  
e) 12","To determine the statistical weight of states with a total spin of 1, we need to find out how many states exist for a total spin of 1. When \(S=1\), there are 3 states, classified by the magnetic quantum number, but since the particles are distinguishable, we need to find the configurations that meet the condition \(S=1\).

When two particles are coupled, \(S: 0, 1\).  
When three particles are coupled, \(S: 1/2, 1/2, 3/2\).  
When four particles are coupled, \(S: 0, 1, 0, 1, 1, 2\).  
Therefore, there are 3 coupling methods for a total spin of 1. Since the particles are distinguishable, and other degrees of freedom are not considered, the statistical weight of the state with a total spin of 1 is determined to be \(3 \times 3 = 9\), hence option d) is the answer.",\boxed{d},MC,,False,EN,Laws Application
3997,Modern Physics,Semiconductor Physics,Others,"For surface tension waves in shallow water, the relationship between frequency and wavelength is given by \(v=\left(\frac{2 \pi T}{\rho \lambda^3}\right)^{1/2}\). Here, \(T\) is the surface tension and \(\rho\) is the density. What is the group velocity of this wave?",Not Provided,\boxed{\left(\frac{3\pi T}{\rho \lambda^3}\right)^{1/2}},EX,,False,EN,Math Derivation
3999,Modern Physics,Semiconductor Physics,Others,"As shown in Figure 2.1.6, a polarizer is used to determine an unknown polarized light. For the case of vertical polarization, this light passing through the polarizer exhibits a maximum transmission intensity of \(I_{\max} = I_{0}\); for the case of horizontal polarization, it exhibits a minimum transmission intensity of \(I_{\min} = \frac{2}{3} I_{0}\). From these conditions, can we determine the intensity of this light, \(I(\theta)\), when it passes through the polarizer at any arbitrary angle \(\theta\) with respect to the vertical direction? If possible, express \(I(\theta)\) in terms of \(I_{0}\) and \(\theta\).","This light is a combination of natural light \(I_{1}\) and elliptically polarized light \(I_{2}, I_{3}\), therefore

\[
I_{1} + I_{2} = I_{0}, \quad I_{1} + I_{3} = \frac{2}{3} I_{0}
\]

Thus,

\[
I(\theta) = I_{1} + I_{2} \cos^{2} \theta + I_{3} \sin^{2} \theta = \left(I_{1} + I_{2}\right) \cos^{2} \theta + \left(I_{1} + I_{3}\right) \sin^{2} \theta = I_{0} \cos^{2} \theta + \frac{2}{3} I_{0} \sin^{2} \theta
\]",\boxed{I(\theta) = I_{0} \cos^{2} \theta + \frac{2}{3} I_{0} \sin^{2} \theta},EQ,,False,EN,Math Derivation
4004,Modern Physics,Semiconductor Physics,Others,"When \(|x|<1\), calculate the sum of the infinite series

\[
S(x) = 1 + 2x^2 + 3x^3 + \cdots
\]","\[
S(x) = \left(1x + 2x^2 + 3x^3 + \cdots\right) + (1-x) = x\left(1 + 2x + 3x^2 + \cdots\right) + (1-x)
\]

\[
\begin{aligned}
&= x \frac{\mathrm{d}}{\mathrm{d}x}\left(x + x^2 + x^3 + \cdots\right) + (1-x) = x \frac{\mathrm{d}}{\mathrm{d}x}\left(\frac{x}{1-x}\right) + (1-x) \\
&= \frac{x}{1-x} + \frac{x^2}{(1-x)^2} + (1-x) = \frac{x}{(1-x)^2} + (1-x)
\end{aligned}
\]",\boxed{\frac{1}{(1-x)^2}},NV,,False,EN,Math Derivation
4005,Modern Physics,Semiconductor Physics,Transport Properties,"The effective longitudinal electron mass for semiconductor silicon is \(m_{l}=0.98 m_{0}\), and the transverse effective mass is \(m_{t}=0.19 m_{0}\) (\(m_{0}\) is the rest mass of an electron). Given that the electron mobility in silicon is \(0.1 \ \mathrm{m}^{2}/\mathrm{V}·\mathrm{s}\), calculate the average drift distance of an electron when an external electric field of strength \(10^{4} \ \mathrm{V}/\mathrm{m}\) is applied.","Under the electric field strength \(\varepsilon=1 \times 10^{4} \ \mathrm{V}/\mathrm{m}\), the average drift velocity \(v_{d}\) of electrons in silicon is:
\[
v_{d}=\mu \varepsilon=0.1 \times 1 \times 10^{4}=1 \times 10^{3} \ \mathrm{m/s}
\]

Thus, the average drift distance \(L_{d}\) of electrons in silicon is:
\[
L_{d}=v_{d} \tau=10^{3} \times 1.48 \times 10^{-13}=1.48 \times 10^{-10} \ \mathrm{m} = 1.48 \ \text{Å}
\]

Refer to Lin Hongsheng, Effective Conductance Mass and the Free Particle Properties of Semiconductor Electrons, University Physics, 1999, 18(8), 21.",\boxed{1.48},NV,\text{Å},False,EN,Laws Application
4006,Modern Physics,Semiconductor Physics,Others,"Using the calculation formula \(y=\frac{(a-3b) \sqrt{x}}{g}\) for the experimental result \(y\), and the measurement errors \(\Delta a, \Delta b, \Delta x, \Delta g\), derive the expression for \( \frac{\Delta y}{y} \).","\[
\frac{\Delta y}{y}=\sqrt{\frac{(\Delta a)^{2}}{(a-3b)^{2}}+\frac{9(\Delta b)^{2}}{(a-3b)^{2}}+\frac{(\Delta g)^{2}}{g^{2}}+\frac{1}{4x^{2}}(\Delta x)^{2}}
\]","\[
\boxed{\sqrt{\frac{(\Delta a)^{2}}{(a-3b)^{2}}+\frac{9(\Delta b)^{2}}{(a-3b)^{2}}+\frac{(\Delta g)^{2}}{g^{2}}+\frac{1}{4x^{2}}(\Delta x)^{2}}}
\]",EX,,False,EN,
4007,Modern Physics,Semiconductor Physics,Others,"Which of the following reactions is allowed? If forbidden, state the reason:
(a) \(\pi^- + \mathrm{p} \rightarrow \mathrm{K}^- + \Sigma^+\);
(b) \(\mathrm{d} + \mathrm{d} \rightarrow \mathrm{He}^4 + \pi^0\);
(c) \(\mathrm{K}^- + \mathrm{p} \rightarrow \mathrm{E}^- + \mathrm{K}^+\).","The reaction \(\pi^- + \mathrm{p} \rightarrow \mathrm{K}^- + \Sigma^+\) is forbidden because \(\Delta S \neq 0\).  
The reaction \(\mathrm{d} + \mathrm{d} \rightarrow \mathrm{He}^4 + \pi^0\) is forbidden because \(\Delta I \neq 0\).  
The reaction \(\mathrm{K}^- + \mathrm{p} \rightarrow \mathrm{E}^- + \mathrm{K}^+\) is allowed.",\boxed{C},MC,,False,EN,Laws Application
4010,Modern Physics,Semiconductor Physics,Others,The Balmer series of hydrogen (transitions to the \(n=2\) energy level) spans the visible light frequency range. What is their energy?,"The Balmer series of hydrogen is emitted when electrons transition from energy levels \(n \geqslant 3\) to \(n=2\). The maximum energy of these photons is

\[
E_{\max} = E_{0}\left(\frac{1}{2^{2}}-\frac{1}{\infty}\right)=\frac{13.6}{4}=3.4\ \mathrm{eV}
\]

The minimum energy is

\[
E_{\min} = E_{0}\left(\frac{1}{2^{2}}-\frac{1}{3^{2}}\right)=1.9\ \mathrm{eV}
\]

Thus, the energy of Balmer series photons is between \(E_{\min}\) and \(E_{\max}\).","\boxed{1.9, 3.4}",NV,"\mathrm{eV}, \mathrm{eV}",True,EN,Laws Application
4012,Modern Physics,Semiconductor Physics,Statistical Distribution of Electrons and Holes in Space,"Consider a one-dimensional crystal with a lattice constant \(a\). The energy near the minimum of the conduction band \(E_{C}(k)\) is given by

\[
E_{C}(k)=\frac{h^{2} k^{2}}{3 m_{0}}+\frac{h^{2}\left(k-k_{1}\right)^{2}}{m_{0}}
\]

The energy near the maximum of the valence band \(E_{V}(k)\) is

\[
E_{V}(k)=\frac{h^{2} k_{1}^{2}}{6 m_{0}}-\frac{3 h^{2} k^{2}}{m_{0}}
\]

Assume \(m_{0}\) is the electron mass, \(k_{1}=\frac{1}{2 a}\), and \(a=3.14 \times 10^{-10} \mathrm{~m}\). Determine the change in quasi-momentum when an electron at the top of the valence band transitions to the bottom of the conduction band.","The change in quasi-momentum when an electron at the top of the valence band transitions to the bottom of the conduction band is calculated as follows.  
At the bottom of the conduction band, the electron's \(k=\frac{3}{4} k_{1}\), and at the top of the valence band, the electron's \(k=0\),

\[
h \Delta k=h\left(\frac{3}{4} k_{1}-0\right)=\frac{3}{4} h k_{1}=\frac{3}{4} \times \frac{6.63 \times 10^{-34}}{2 \times 3.14 \times 10^{-10}}=7.9 \times 10^{-25} \, \mathrm{kg \cdot m \cdot s^{-1}}
\]",\boxed{7.9 \times 10^{-25}},NV,,False,EN,Practical Application
4013,Modern Physics,Semiconductor Physics,Transport Properties,"A semiconductor Si material, with its length and width significantly larger than its thickness \( t \) and the diffusion length \( L \) of the sample, is irradiated by a \(4880 \ \text{Å}\, \mathrm{Ar}^{+}\) laser. The incident light is completely absorbed within the surface layer, and the recombination velocities at the top and bottom surfaces of the sample are \( S_{1} \) and \( S_{2} \), respectively. The generation rate of photogenerated carriers per unit area is \( g \). Prove that the distribution of photogenerated carriers along the thickness \( x \) is

\[
\Delta p(x) = \frac{L}{D} g \, F_{1}, \quad F_{1} = \frac{\cosh \left(\frac{t-x}{L}\right) + \alpha_{2} \sinh \left(\frac{t-x}{L}\right)}{\left(\alpha_{1}+\alpha_{2}\right) \cosh \frac{t}{L} + \left(1+\alpha_{1}\alpha_{2}\right) \sinh \frac{t}{L}}
\]

where \( L, \tau \) are the diffusion length and lifetime of the excess carriers, \( D \) is the bipolar diffusion coefficient, and \( e \) is the elementary charge,

\[
\begin{gathered}
\alpha_{1} = \frac{S_{1}}{\frac{D}{L}}, \quad \alpha_{2} = \frac{S_{2}}{\frac{D}{L}}, \\
\sinh x = \frac{1}{2} \left(\mathrm{e}^{x} - \mathrm{e}^{-x}\right), \quad \cosh x = \frac{1}{2} \left(\mathrm{e}^{x} + \mathrm{e}^{-x}\right)
\end{gathered}
\]","Let \( L^{2} = D \tau \), the general solution of the equation is

\[
\Delta p(x) = A \mathrm{e}^{-\frac{x}{L}} + B \mathrm{e}^{\frac{x}{L}}
\]

Now use the two boundary conditions to determine the coefficients \( A \) and \( B\)

\[
\begin{aligned}
& \frac{\mathrm{d} \Delta p}{\mathrm{d} x} = -\frac{A}{L} \mathrm{e}^{-\frac{x}{L}} + \frac{B}{L} \mathrm{e}^{\frac{x}{L}} \\
& \left.\frac{\mathrm{d} \Delta p}{\mathrm{d} x}\right|_{0} = -\frac{A}{L} + \frac{B}{L}, \quad \left.\frac{\mathrm{d} \Delta p}{\mathrm{d} x}\right|_{t} = -\frac{A}{L} \mathrm{e}^{-\frac{t}{L}} + \frac{B}{L} \mathrm{e}^{\frac{t}{L}} \\
& \Delta p(0) = A + B, \quad \Delta p(t) = A \mathrm{e}^{-\frac{t}{L}} + B \mathrm{e}^{\frac{t}{L}}
\end{aligned}
\]

Substituting the boundary conditions gives

\[
\begin{aligned}
\left(\frac{D}{L} - S_{2}\right) \mathrm{e}^{-\frac{t}{L}} A &= \left(\frac{D}{L} + S_{2}\right) \mathrm{e}^{\frac{t}{L}} B \\
g &= \left(S_{1} + \frac{D}{L}\right) A + \left(S_{1} - \frac{D}{L}\right) B
\end{aligned}
\]

From the first equation we have

\[
A = \frac{\frac{D}{L} + S_{2}}{\frac{D}{L} - S_{2}} \mathrm{e}^{\frac{t}{L}} B
\]

Substituting into the second equation

\[
g = \left(S_{1} + \frac{D}{L}\right) \frac{\frac{D}{L} + S_{2}}{\frac{D}{L} - S_{2}} \mathrm{e}^{\frac{t}{L}} B + \left(S_{1} - \frac{D}{L}\right) B
\]

Solving, we get

\[
B = \frac{g}{\left(S_{1} + \frac{D}{L}\right) \frac{\frac{D}{L} + S_{2}}{\frac{D}{L} - S_{2}} \mathrm{e}^{\frac{t}{L}} + \left(S_{1} - \frac{D}{L}\right)}
\]

Further simplify \( A, B \), introducing \(\alpha_{1}\) and \(\alpha_{2}\):

\[
\alpha_{1} = \frac{S_{1}}{\frac{D}{L}}, \quad \alpha_{2} = \frac{S_{2}}{\frac{D}{L}}
\]

Then

\[
\begin{aligned}
A &= \frac{g}{\frac{D}{L}} \frac{1+\alpha_{2}}{(1+\alpha_{1})(1+\alpha_{2}) \mathrm{e}^{\frac{t}{L}} - (1-\alpha_{1})(1-\alpha_{2}) \mathrm{e}^{-\frac{t}{L}}} \\
B &= \frac{g}{\frac{D}{L}} \frac{1-\alpha_{2}}{(1+\alpha_{1})(1+\alpha_{2}) \mathrm{e}^{\frac{t}{L}} - (1-\alpha_{1})(1-\alpha_{2}) \mathrm{e}^{-\frac{t}{L}}}
\end{aligned}
\]

Simplifying, we get

\[
\begin{aligned}
\Delta p(x) &= A \mathrm{e}^{-\frac{x}{L}} + B \mathrm{e}^{\frac{x}{L}} \\
&= \frac{L}{D} g \frac{\cosh \left(\frac{t-x}{L}\right) + \alpha_{2} \sinh \left(\frac{t-x}{L}\right)}{\left(\alpha_{1} + \alpha_{2}\right) \cosh \frac{t}{L} + \left(1 + \alpha_{1} \alpha_{2}\right) \sinh \frac{t}{L}}
\end{aligned}
\]","\boxed{\Delta p(x)=\frac{L}{D} g \, F_{1}, F_{1} = \frac{\cosh \left(\frac{t-x}{L}\right)+\alpha_{2} \sinh \left(\frac{t-x}{L}\right)}{\left(\alpha_{1}+\alpha_{2}\right) \cosh \frac{t}{L}+\left(1+\alpha_{1} \alpha_{2}\right) \sinh \frac{t}{L}}}",EX,,True,EN,Math Derivation
4014,Modern Physics,Semiconductor Physics,Statistical Distribution of Electrons and Holes in Space,"The energy \(E_{V}(k)\) near the maximum of the valence band is given by

\[
E_{V}(k)=\frac{h^{2} k_{1}^{2}}{6 m_{0}}-\frac{3 h^{2} k^{2}}{m_{0}}
\]

where \(m_{0}\) is the electron mass. Find the effective mass of an electron at the top of the valence band.","The effective mass of an electron at the top of the valence band is calculated as follows:

\[
\frac{\mathrm{d}^{2} E_{V}}{\mathrm{~d} k^{2}}=-\frac{6 h^{2}}{m_{0}}
\]

Thus, the effective mass \(m_{\mathrm{p}}^{*}\) is

\[
m_{\mathrm{p}}^{*}=\frac{h^{2}}{-\frac{6 h^{2}}{m_{0}}} = -\frac{m_{0}}{6} = -1.52 \times 10^{-31} \, \mathrm{kg} = -0.167 m_{0}
\]",\boxed{-0.167},NV,m_{0},False,EN,Math Derivation
4016,Modern Physics,Semiconductor Physics,Others,"Find the function \( F(z) \) such that for \(|\operatorname{Arg} z| \leqslant \pi-\varepsilon, \varepsilon>0\) and any given \(n=0,1,2, \cdots\), it satisfies the condition:

\[
\lim _{|z| \rightarrow 0} \frac{1}{n!} \frac{\mathrm{d}^{n} F(z)}{\mathrm{d} z^{n}}=(-1)^{n} n!
\]

Using the formula \(\Gamma(n+1)=n!=\int_{0}^{\infty} \mathrm{d} \lambda \mathrm{e}^{-\lambda} \lambda^{n}\), determine the integral representation of \(F(z)\).","Since

\[
\begin{aligned}
n! & =\int_{0}^{\infty} \mathrm{d} \lambda \mathrm{e}^{-\lambda} \lambda^{n}, \\
(-1)^{n} n! & =\int_{0}^{\infty} \mathrm{d} \lambda \mathrm{e}^{-\lambda}(-1)^{n} \lambda^{n},
\end{aligned}
\]

and it is known that for any given \(n\),

\[
\lim _{|z| \rightarrow 0} \frac{1}{n!} \frac{\mathrm{d}^{n} F(z)}{\mathrm{d} z^{n}}=(-1)^{n} n!,
\]

thus, as \(|z| \rightarrow 0\),

\[
\frac{\mathrm{d}^{n} F(z)}{\mathrm{d} z^{n}}=\int_{0}^{\infty} \mathrm{d} \lambda \mathrm{e}^{-\lambda}(-1)^{n} \lambda^{n} n!.
\]

\[
\Rightarrow F(z)=\int_{0}^{\infty} \mathrm{d} \lambda \mathrm{e}^{-\lambda} \sum_{n=0}^{\infty}(-1)^{n} \lambda^{n} z^{n}.
\]

Because \(|z| \rightarrow 0\), we can always set \(|\lambda z|<1\), thus

\[
\sum_{n=0}^{\infty}(-1)^{n} \lambda^{n} z^{n}=\frac{1}{1+\lambda z}.
\]

So

\[
F(z)=\int_{0}^{\infty} \mathrm{d} \lambda \mathrm{e}^{-\lambda} \frac{1}{1+\lambda z}.
\]

For general \(|\operatorname{Arg} z| \leqslant \pi-\varepsilon\), we have

\[
F(z)=\int_{0}^{\infty} \mathrm{d} \lambda \mathrm{e}^{-\lambda} \frac{1}{1+\lambda z}.
\]","\boxed{\int_{0}^{\infty} \mathrm{d} \lambda \, \mathrm{e}^{-\lambda} \frac{1}{1+\lambda z}}",EX,,True,EN,Math Derivation
4018,Modern Physics,Semiconductor Physics,Others,"Multiple choice:  
A hot air balloon with a volume of \(10 \mathrm{~m}^{3}\) at \(120^{\circ} \mathrm{C}\) will rise at sea level when the temperature is \(20^{\circ} \mathrm{C}\). Its mass is closest to  
a) 300 kg  
b) 30 kg  
c) 3 kg  
d) 300 g  
e) 30 g","First, we need to clarify that the \(20^{\circ} \mathrm{C}\) is the ambient temperature at sea level. For the balloon to rise, the mass of the balloon must be less than the mass of the same volume of ambient air. According to the formula:

\[
\begin{aligned}
& P_{s} V=\frac{M_{s}}{\mu} R_{T}, M_{s}=\frac{P V \mu}{R T}=\frac{1 \times 10^{6} \times 10 \times 10^{6} \times 29}{8.3 \times 10^{7} \times 293}=12(\mathrm{~kg})
\end{aligned}
\]

Since \(M_H < M_s\) but \(P_H > P_s\), and the difference between \(T_s\) and \(T_H\) is less than double, in order to ensure \(P_H > P\), options \(d\) and \(f\) are not suitable. Therefore, only option \(c\) is the correct answer.",\boxed{c},MC,,False,EN,Laws Application
4019,Modern Physics,Semiconductor Physics,Others,"A photomultiplier tube is used to measure the intensity of a light source. Assuming the light source remains constant, the current gain of the photomultiplier tube is \(10^{6}\), and the measured average anode current is \(10^{-8} \mathrm{~A}\). This measurement is obtained by averaging the current over 10 ms, which means the time constant of the measurement is \(10^{-2} \mathrm{~s}\). How many photoelectrons are emitted per second from the photocathode to produce an anode current of \(10^{-8} \mathrm{~A}\)?","If the average emission rate of photoelectrons (the number emitted per unit time) is \(r\), and the charge of each electron is \(e\), then multiplying by the amplification factor \(\varepsilon\) gives the current measured at the anode per unit time. Therefore,

\[
r=\frac{I}{\varepsilon e}
\]",\boxed{\frac{10^{-8}}{10^{6} \times e}},EX,\mathrm{s^{-1}},False,EN,Knowledge Recall
4020,Modern Physics,Semiconductor Physics,Others,"Determine whether the following statement is correct, providing reasons. A new narrowband pulsed laser system operates at a wavelength of \(600 \, \text{nm}\), producing pulses with a bandwidth of \(10^{-3} \, \text{nm}\) and a duration of \(2 \times 10^{-10}\) seconds.","Affirmative.

\[
\Delta E = h \Delta \nu = h \left(\frac{c}{\lambda_1} - \frac{c}{\lambda_2}\right) = h \frac{c \Delta \lambda}{\lambda_0^2}
\]

Using the uncertainty principle \(\Delta E \cdot \Delta t \sim \frac{\hbar}{2}\), we can determine the width of a pulse with a duration \(\Delta t\):

\[
2 \pi \hbar \left(\frac{c \Delta \lambda}{\lambda_0^2}\right) \cdot \Delta t \sim \frac{\hbar}{2}
\]

Thus,

\[
\Delta \lambda \approx \frac{\lambda_0^2}{4 \pi c \Delta t} = \frac{600^2 \times 10^{-18}}{4 \times 3.14 \times 3 \times 10^8 \times 2 \times 10^{-10}} \approx 0.48 \times 10^{-12} \, \text{m} = 0.48 \times 10^{-3} \, \text{nm} \sim 10^{-3} \, \text{nm}
\]

Therefore, the pulse required by the problem can indeed be produced.",\boxed{Yes},TF,,False,EN,Laws Application
4022,Modern Physics,Semiconductor Physics,Others,"The binding energy of a nucleus has the order of magnitude  
a) \(10^{6} \mathrm{eV}\)  
b) \(10^{8} \mathrm{eV}\)  
c) \(10^{10} \mathrm{eV}\)","According to the uncertainty principle \(p r \approx \frac{h}{2}\), we have \(p \approx \frac{\hbar}{2 r}\).  
The binding energy \(\approx \frac{1}{2} m v^{2}=\frac{p^{2}}{2 m}=\frac{\hbar^{2}}{8 m r^{2}} \approx \frac{6.6^{2} \times 10^{-44}}{8 \times 940\left(\frac{1.4 \times 10^{-15}}{3 \times 10^{8}}\right)^{2}}\)

\[
=2(\mathrm{MeV}) \sim 10^{6}(\mathrm{eV})
\]

Therefore, a) is the chosen answer.",\boxed{a},MC,,False,EN,Laws Application
4024,Modern Physics,Semiconductor Physics,Others,"A photomultiplier tube is used to measure the intensity of a light source. Assume the light source is constant, the current gain of the photomultiplier tube is \(10^{6}\), and the measured average anode current is \(10^{-8} \mathrm{~A}\). This measurement is obtained by averaging the current over 10 ms, which means the measurement time constant is \(10^{-2} \mathrm{~s}\). What is the signal-to-noise ratio of the measurement?","The measurement signal-to-noise ratio is

\[
\frac{N^{*}}{\Delta N^{*}}=2.5 \times 10^{4}
\]",\boxed{2.5 \times 10^{4}},NV,,False,EN,Practical Application
4026,Modern Physics,Semiconductor Physics,Transport Properties,"At low temperatures, when there are very few carriers in the energy band, the conductivity of carriers in the impurity band will manifest. Assume the electron mobility in the impurity band is \(\mu_{\mathrm{D}}\) and the electron mobility in the conduction band of the semiconductor is \(\mu_{\mathrm{n}}\). They can be regarded as two different types of carriers. Utilizing the concept of the Hall angle, derive the formula for the semiconductor Hall coefficient in the presence of a magnetic field with both impurity band and conduction band carriers.","First, apply the concept of the Hall angle to derive the formula for the semiconductor Hall coefficient in the case of two types of carriers. When a magnetic field is applied to a semiconductor with an electric current, due to the Lorentz force, a transverse electric field is generated perpendicular to the current direction called the Hall electric field. Assume that in the absence of a magnetic field, the current density along the direction of the conductor (i.e., the \(x\)-axis) caused by the electric field \(\varepsilon_{x}\) is

\[
j_{x} = \sigma \varepsilon_{x}
\]

When a magnetic field is added in the \(z\)-direction, its sole effect can be considered as making the current deflect by an angle \(\theta\), without significantly changing the magnitude of the current. When \(\theta\) is very small, this effect can be seen as generating a transverse current

\[
j_{y} = j_{x} \theta
\]

The current density \(j_{x}\) is composed of two parts, the current of electrons in the conduction band caused by the electric field \(\varepsilon_{x}\), \(\left(j_{\mathrm{n}}\right)_{x}\), and the current of electrons in the impurity band, \(\left(j_{\mathrm{D}}\right)_{x}\). Thus,

\[
j_{x} = \left(j_{\mathrm{n}}\right)_{x} + \left(j_{\mathrm{D}}\right)_{x}
\]

The electron current in the conduction band \(\left(j_{\mathrm{n}}\right)_{x}\) and the electron current density in the impurity band are given by:

\[
\left(j_{\mathrm{n}}\right)_{x} = n e \mu_{\mathrm{n}} \varepsilon_{x}
\]

and

\[
\left(j_{\mathrm{D}}\right)_{x} = n_{\mathrm{D}} e \mu_{\mathrm{D}} \varepsilon_{x}
\]

Under the influence of the magnetic field \(B_{z}\), they produce \(y\)-direction deflection currents as

\[
\left(j_{\mathrm{n}}\right)_{x} \theta
\]

and

\[
\left(j_{\mathrm{D}}\right)_{x} \theta
\]

Therefore, the deflection current in the \(y\) direction is

\[
\begin{aligned}
j_{y} &= \left(j_{\mathrm{n}}\right)_{x} \theta + \left(j_{\mathrm{D}}\right)_{x} \theta \\
&= n e \mu_{\mathrm{n}} \varepsilon_{x} \left(-\mu_{\mathrm{n}} B_{z}\right) + n_{\mathrm{D}} e \mu_{\mathrm{D}} \varepsilon_{x} \left(-\mu_{\mathrm{D}} B_{z}\right) \\
&= -e \left(n \mu_{\mathrm{n}}^{2} + n_{\mathrm{D}} \mu_{\mathrm{D}}^{2}\right) \varepsilon_{x} B_{z}
\end{aligned}
\]

This deflection current causes a charge accumulation on the sides of the conductor, resulting in a transverse electric field \(\varepsilon_{y}\) sufficient to counteract the aforementioned current. The current caused by the electric field \(\varepsilon_{y}\) is

\[
\sigma \varepsilon_{y} = \left(n e \mu_{\mathrm{n}} + n_{\mathrm{D}} e \mu_{\mathrm{D}}\right) \varepsilon_{y}
\]

From \(\sigma \varepsilon_{y} = j_{y}\), we have

\[
\left(n e \mu_{\mathrm{n}} + n_{\mathrm{D}} e \mu_{\mathrm{D}}\right) \varepsilon_{y} = -e \left(n \mu_{\mathrm{n}}^{2} + n_{\mathrm{D}} \mu_{\mathrm{D}}^{2}\right) \varepsilon_{x} B_{z}
\]

Thus,

\[
\begin{gathered}
\varepsilon_{y} = -\frac{\left(n \mu_{\mathrm{n}}^{2} + n_{\mathrm{D}} \mu_{\mathrm{D}}^{2}\right)}{n \mu_{\mathrm{n}} + n_{\mathrm{D}} \mu_{\mathrm{D}}} \varepsilon_{x} B_{z} = -\frac{\left(n \mu_{\mathrm{n}}^{2} + n_{\mathrm{D}} \mu_{\mathrm{D}}^{2}\right)}{n \mu_{\mathrm{n}} + n_{\mathrm{D}} \mu_{\mathrm{D}}} \frac{j_{x}}{\sigma} B_{z} \\
= -\frac{\left(n \mu_{\mathrm{n}}^{2} + n_{\mathrm{D}} \mu_{\mathrm{D}}^{2}\right)}{e\left(n \mu_{\mathrm{n}} + n_{\mathrm{D}} \mu_{\mathrm{D}}\right)^{2}} j_{x} B_{z} \\
R_{\mathrm{H}} = -\frac{\left(n \mu_{\mathrm{n}}^{2} + n_{\mathrm{D}} \mu_{\mathrm{D}}^{2}\right)}{e\left(n \mu_{\mathrm{n}} + n_{\mathrm{D}} \mu_{\mathrm{D}}\right)^{2}}
\end{gathered}
\]",\boxed{R_{\mathrm{H}} = -\frac{\left(n \mu_{\mathrm{n}}^{2} + n_{\mathrm{D}} \mu_{\mathrm{D}}^{2}\right)}{e\left(n \mu_{\mathrm{n}} + n_{\mathrm{D}} \mu_{\mathrm{D}}\right)^{2}}},EQ,\mathrm{m}^3/\mathrm{C},False,EN,Math Derivation
4028,Modern Physics,Semiconductor Physics,Others,"Multiple Choice:  
(10) What is the reason ocean waves break as they approach the shore?  
a) It is usually windier near the shore.  
b) The surface wave speed of water depends on the depth of the water.  
c) Neither of the above.","c) is chosen. In fact, there are many reasons, but primarily it is because when a wave collides with the shore, the irregularity of the shore causes the phases of the reflected waves to be inconsistent. These waves interfere with incoming waves, and due to phase uncertainty, wave cancellation occurs through interference, resulting in wave breaking.",\boxed{c},MC,,False,EN,Laws Application
4032,Modern Physics,Semiconductor Physics,Statistical Distribution of Electrons and Holes in Space,"A compensated silicon material is given. It is known that the concentration of acceptor impurities \(N_{A} = 1 \times 10^{15} \ \mathrm{cm}^{-3}\). At room temperature, the Fermi level position is measured to exactly coincide with the donor energy level, and the electron concentration at thermal equilibrium is measured to be \(n = 5 \times 10^{15} \ \mathrm{cm}^{-3}\). The intrinsic carrier concentration of silicon at room temperature is \(n_{i} = 1.5 \times 10^{10} \ \mathrm{cm}^{-3}\). What is the concentration of donor impurities in the doped material?","Using the charge neutrality equation:

\[
p + N_{D} + p_{A} = n + N_{A} + n_{D}
\]

where \(p = 0\) and \(p_{A} = 0\), the probability of electrons occupying the donor impurity energy level is:

\[
\begin{gathered}
f_{\mathrm{D}} = \frac{1}{1 + \frac{1}{2} \mathrm{e}^{\frac{E_{\mathrm{D}} - E_{\mathrm{F}}}{k_{\mathrm{B}} T}}} \\
n_{\mathrm{D}} = N_{\mathrm{D}} \cdot \frac{1}{1 + \frac{1}{2} \mathrm{e}^{\frac{E_{\mathrm{D}} - E_{\mathrm{F}}}{k_{\mathrm{B}} T}}} = N_{\mathrm{D}} \cdot \frac{1}{1 + \frac{1}{2} \mathrm{e}^0} = \frac{2}{3} N_{\mathrm{D}}
\end{gathered}
\]

Substituting into the charge neutrality equation, we get \(N_{\mathrm{D}} = n + N_{A} + \frac{2}{3} N_{\mathrm{D}}\), which is:

\[
\frac{1}{3} N_{\mathrm{D}} = n + N_{A} = 5 \times 10^{15} + 1 \times 10^{15} = 6 \times 10^{15} \ \mathrm{cm}^{-3}
\]

Thus, the donor impurity concentration in the doped material is:

\[
N_{\mathrm{D}} = 1.8 \times 10^{16} \ \mathrm{cm}^{-3}
\]",\boxed{1.8 \times 10^{16}},NV,,False,EN,Laws Application
4035,Modern Physics,Semiconductor Physics,Others,"The function \( F(z) \) can be expressed in the Hilbert representation:

\[
F(z) = \int \mathrm{d} x \frac{\rho(x)}{x-z}
\]

Find the corresponding integral form.","Let

\[
x = -\frac{1}{\lambda} \Rightarrow \mathrm{~d} \lambda = \lambda^{2} \mathrm{~d} x \Rightarrow \mathrm{~d} \lambda = -\frac{1}{x^{2}} \mathrm{~d} x
\]

then

\[
F(z) = \int_{-\infty}^{0} \mathrm{~d} x \frac{\frac{1}{x} \mathrm{e}^{-\frac{1}{x}}}{x-z}
\]",\boxed{\int_{-\infty}^{0} \mathrm{~d} x \frac{\frac{1}{x} \mathrm{e}^{-\frac{1}{x}}}{x-z}},EX,,False,EN,Math Derivation
4039,Modern Physics,Semiconductor Physics,Transport Properties,"For an n-type GaAs with a thickness of 0.08 cm, a current of 50 mA is applied along the \(x\) direction, and a magnetic field of 0.5 T is applied along the \(z\) direction, resulting in a Hall voltage of 0.4 mV. Find the Hall coefficient.","The Hall coefficient  
\[
R_{\mathrm{H}} = \frac{-V_{\mathrm{H}} d}{I B_{z}} = -\frac{0.4 \times 10^{-3} \times 0.08 \times 10^{-2}}{50 \times 10^{-3} \times 0.5} = -1.28 \times 10^{-5} \, \text{m}^3/\text{C}
\]",\boxed{-1.28 \times 10^{-5}},NV,\text{m}^3/\text{C},False,EN,Practical Application
4040,Modern Physics,Semiconductor Physics,"Magnetic, Optical, and Superconducting Properties","An insulator can be regarded as composed of valence electrons and ions, where the valence electrons are harmonically bound to the ions with an angular frequency \(\omega_0\), and the concentration of valence electrons is \(N\). This insulator is placed in a uniform magnetic field \(B\) along the \(z\)-axis, and monochromatic light with an angular frequency \(\omega\) passes through along the \(z\)-axis. If the light is circularly polarized, find the refractive index.","The equation of motion for the valence electrons is

\[
m \frac{\mathrm{d}^2 \boldsymbol{r}}{\mathrm{d} t^2} = -e \boldsymbol{E} - e \frac{\mathrm{d} \boldsymbol{r}}{\mathrm{d} t} \times \boldsymbol{B} - m \omega_0^2 \boldsymbol{r}
\]

The polarization induced by the displacement of electrons relative to their equilibrium position is

\[
\boldsymbol{P} = -N e \boldsymbol{r}
\]

Thus,

\[
-\frac{m}{N e} \frac{\mathrm{d}^2 \boldsymbol{P}}{\mathrm{d} t^2} = -e \boldsymbol{E} - e\left(-\frac{1}{N e} \frac{\mathrm{d} \boldsymbol{P}}{\mathrm{d} t}\right) \times \boldsymbol{B} + \frac{m \omega_0^2}{N e} \boldsymbol{P}
\]

Assume \(\boldsymbol{P} \approx \mathrm{e}^{-\mathrm{i} \omega t}\), \(\frac{\mathrm{d}}{\mathrm{d} t} = -\mathrm{i} \omega\), resulting in

\[
\frac{m \omega^2}{N e} \boldsymbol{P} = -e \boldsymbol{E} + \frac{\mathrm{i} \omega \boldsymbol{B} \times \boldsymbol{P}}{N} + \frac{m \omega_0^2}{N e} \boldsymbol{P}
\]

Thus,

\[
\frac{\omega^2 - \omega_0^2}{\omega_p^2} \boldsymbol{P} = -\varepsilon_0 \boldsymbol{E} + \frac{\mathrm{i} \omega \varepsilon_0}{Ne} \boldsymbol{B} \times \boldsymbol{P}
\]

where \(\omega_{\mathrm{p}}^2 = \frac{N e^2}{m \varepsilon_0}\). Since \(B = B \boldsymbol{e}_x\), it follows that

\[
\begin{bmatrix}
\frac{\omega_0^2 - \omega^2}{\varepsilon_0 \omega_{\mathrm{p}}^2} & -\frac{\mathrm{i} \omega}{N e} B & 0 \\
\frac{\mathrm{i} \omega}{N e} B & \frac{\omega_0^2 - \omega^2}{\varepsilon_0 \omega_{\mathrm{p}}^2} & 0 \\
0 & 0 & \frac{\omega_0^2 - \omega^2}{\varepsilon_0 \omega_{\mathrm{p}}^2}
\end{bmatrix}
\begin{bmatrix}
P_x \\
P_y \\
P_z
\end{bmatrix}
= \tau \cdot \boldsymbol{P}
\]

From Maxwell’s equations, it can be derived

\[
\frac{\partial^2 \boldsymbol{D}}{\partial t^2} + \varepsilon_0 c^2 \nabla \times(\nabla \times \boldsymbol{E}) = 0
\]

With \(\nabla = \mathrm{i} k, \frac{\partial}{\partial t} = -\mathrm{i} \omega\), resulting in

\[
\omega^2 \boldsymbol{D} = \varepsilon_0 c^2 \left[k^2 \boldsymbol{E} - k(k \cdot \boldsymbol{E})\right]
\]

Using \(\boldsymbol{D} = \varepsilon_0 \boldsymbol{E} + \boldsymbol{P}, \nabla \cdot \boldsymbol{D} = 0\) i.e., \(k \cdot \boldsymbol{D} = 0, k = k \boldsymbol{e}_z\), we obtain

\[
\boldsymbol{E} = \frac{1}{\varepsilon_0 \chi} 
\begin{bmatrix}
1 & 0 & 0 \\
0 & 1 & 0 \\
0 & 0 & -\chi
\end{bmatrix}
\begin{bmatrix}
P_x \\
P_y \\
P_z
\end{bmatrix} = A \cdot \boldsymbol{P}
\]

where \(\chi = \frac{c^2 k^2}{\omega^2} - 1\). From equations (1) and (2), we can deduce

\[
(\tau - A) \cdot \boldsymbol{P} = 0
\]

Thus,

\[
\begin{bmatrix}
\frac{\omega_0^2 - \omega^2}{\varepsilon_0 \omega_{\mathrm{p}}^2} - \frac{1}{\varepsilon_0 \chi} & -\frac{\mathrm{i} \omega}{N e} B & 0 \\
\frac{\mathrm{i} \omega}{N e} B & \frac{\omega_0^2 - \omega^2}{\varepsilon_0 \omega_{\mathrm{p}}^2} - \frac{1}{\varepsilon_0 \chi} & 0 \\
0 & 0 & \frac{\omega_0^2 - \omega^2}{\varepsilon_0 \omega_{\mathrm{p}}^2} + \frac{1}{\varepsilon_0}
\end{bmatrix}
\begin{bmatrix}
P_x \\
P_y \\
P_z
\end{bmatrix} = 0
\]

Typically \(\frac{\omega_0^2 - \omega^2}{\varepsilon_0 \omega_{\mathrm{p}}^2} + \frac{1}{\varepsilon_0} \neq 0\), so \(P_z = 0\), hence \(E_z = 0\), meaning that a plane wave remains a plane wave upon entering. The condition for a non-zero solution is

\[
|\tau - A| = 0
\]

Thus,

\[
\begin{aligned}
\frac{\omega_0^2 - \omega^2}{\varepsilon_0 \omega_{\mathrm{p}}^2} - \frac{1}{\varepsilon_0 \chi_\pm} &= \pm \frac{\omega B}{N e} \\
n_\pm &= \frac{c k_\pm}{\omega} = \sqrt{1 + \chi_\pm} = \sqrt{1 + \frac{N e \omega_{\mathrm{p}}^2}{N e (\omega_0^2 - \omega^2) \mp \varepsilon_0 \omega_{\mathrm{p}}^2 \omega B}}
\end{aligned}
\]

Correspondingly,

\[
\begin{aligned}
\boldsymbol{P}_\pm &= c_\pm
\begin{bmatrix}
1 \\
\mathrm{i} \\
0
\end{bmatrix}, &
\boldsymbol{E}_\pm = \frac{1}{\varepsilon_0 \chi_\pm}
\begin{bmatrix}
1 \\
\pm \mathrm{i} \\
0
\end{bmatrix}
\end{aligned}
\]

\(n_+\) is the refractive index for left-handed circularly polarized light; \(n_-\) is the refractive index for right-handed circularly polarized light.","\boxed{n_+, n_-}",EX,,True,EN,Math Derivation
4041,Modern Physics,Semiconductor Physics,"Magnetic, Optical, and Superconducting Properties","Given four identical-appearing objects: 1) a permanent magnet, 2) a diamagnetic material, 3) a paramagnetic material, and 4) an unmagnetized ferromagnetic material. Is it possible to identify all the objects without using any external electromagnetic fields? If possible, describe the method. If not, provide a reason.","It is possible to distinguish them, with the following steps:  
(i) Bring each of the four objects close to iron filings. The one that attracts a large amount of filings is the permanent magnet.  
(ii) Use the permanent magnet to bring it close to the other three objects. The one that shows a strong attraction is the unmagnetized ferromagnetic material.  
(iii) Place the remaining two objects symmetrically near the permanent magnet, as shown in Figure 1.3.9. Use a gaussmeter to measure the magnetic fields at points \(A_{1}, B_{1}\) on their inner sides. The object corresponding to the point with a slightly larger magnetic field is the paramagnet, and the other is the diamagnet.",\boxed{Yes},TF,,False,EN,Practical Application
4042,Modern Physics,Semiconductor Physics,Transport Properties,"The electron mobility of InSb is \(7.5 \mathrm{~m}^{2} / \mathrm{V} \cdot \mathrm{s}\), and the hole mobility is \(0.075 \mathrm{~m}^{2} / \mathrm{V} \cdot \mathrm{s}\). The intrinsic carrier concentration at room temperature is \(1.6 \times 10^{16} \mathrm{~cm}^{-3}\). Calculate the minimum conductivity.","Using the formula from Problem 1.2.23:

\[
\sigma_{\min} = 2 n_{i} e \sqrt{\mu_{\mathrm{n}} \mu_{\mathrm{p}}} = 2 \times 1.6 \times 10^{16} \times 1.6 \times 10^{-19} \times \sqrt{7.5 \times 0.075 \times 10^{8}} = 38.4 (\Omega \mathrm{~cm})^{-1}
\]",\boxed{38.4},NV,(\Omega \mathrm{~cm})^{-1},False,EN,Laws Application
4046,Modern Physics,Semiconductor Physics,Transport Properties,"For a certain semiconductor, the relaxation time \(\tau\) satisfies \(\frac{1}{\tau} \propto T^{-3/2}\), and the free carrier concentration of the semiconductor is constant. Find the temperature dependence of the conductivity \(\sigma = \frac{n e^{2} \tau}{m}\).","The conductivity

\[
\sigma = \frac{n e^{2} \tau}{m} \propto T^{3/2}
\]",\boxed{T^{3/2}},NV,,False,EN,Laws Application
4047,Modern Physics,Semiconductor Physics,Others,"Multiple Choice:  
(11) The number of bits typically used in digital computers is:  
a) 1000 bits  
b) 32 bits  
c) 4 bits","Since the byte in a binary digital computer is 8 bits and computer digital input is done in bytes, both a) and c) are not multiples of 8, but b) is, so the selected answer is b).",\boxed{b},MC,,False,EN,Knowledge Recall
4049,Modern Physics,Semiconductor Physics,"Magnetic, Optical, and Superconducting Properties","Using classical statistical mechanics, calculate the total polarization strength of a gas composed of \(N\) independent intrinsic electric dipoles (each with an electric dipole moment \(p\)).","The potential energy of an intrinsic dipole moment \(p\) in an external electric field \(\varepsilon\) is given by

\[
-U = p \cdot \varepsilon = - p \varepsilon \cos \theta
\]

where \(\theta\) is the angle between \(p\) and \(\varepsilon\).

According to Boltzmann statistics, the probability of the angle between the dipole moment \(p\) and the electric field \(\varepsilon\) being between \(\theta\) and \(\theta + \mathrm{d}\theta\) is proportional to

\[
2 \pi \sin \theta \mathrm{d} \theta \cdot \exp \left(\frac{p \varepsilon \cos \theta}{k_{\mathrm{B}} T}\right)
\]

Therefore, the average dipole moment in the direction of the electric field is

\[
\overline{p \cos \theta} = \frac{\int_{0}^{\pi} p \cos \theta \sin \theta \exp \left(\frac{p \varepsilon \cos \theta}{k_{\mathrm{B}} T}\right) \mathrm{d} \theta}{\int_{0}^{\pi} \sin \theta \exp \left(\frac{p \varepsilon \cos \theta}{k_{\mathrm{B}} T}\right) \mathrm{d} \theta}
\]

From this, the total polarization strength is given by

\[
\begin{aligned}
P = N \overline{p \cos \theta} &= N p \frac{\int_{0}^{\pi} \cos \theta \sin \theta \exp \left(\frac{p \varepsilon \cos \theta}{k_{\mathrm{B}} T}\right) \mathrm{d} \theta}{\int_{0}^{\pi} \sin \theta \exp \left(\frac{p \varepsilon \cos \theta}{k_{\mathrm{B}} T}\right) \mathrm{d} \theta} \\
& = \frac{N k_{\mathrm{B}} T}{\varepsilon}\left[\frac{p \varepsilon}{k_{\mathrm{B}} T} \operatorname{coth}\left(\frac{p \varepsilon}{k_{\mathrm{B}} T}\right)-1\right]
\end{aligned}
\]",\boxed{\frac{N k_{\mathrm{B}} T}{\varepsilon} \left[\frac{p \varepsilon}{k_{\mathrm{B}} T} \operatorname{coth}\left(\frac{p \varepsilon}{k_{\mathrm{B}} T}\right)-1\right]},EX,,False,EN,Math Derivation
4055,Modern Physics,Semiconductor Physics,Transport Properties,Calculate the electron and hole concentration in \( \mathrm{Ge} \) and \( \mathrm{Si} \) under conditions of minimum conductivity.,"For \( \mathrm{Ge} \),

\[
n = n_i \sqrt{\frac{\mu_p}{\mu_n}} = n_i \sqrt{\frac{1900}{3900}} = 0.70 n_i = 1.68 \times 10^{13} \ \mathrm{cm}^{-3}
\]

\[
p = n_i \sqrt{\frac{\mu_n}{\mu_p}} = 1.43 n_i = 3.44 \times 10^{13} \ \mathrm{cm}^{-3}
\]

For \( \mathrm{Si} \),

\[
n = n_i \sqrt{\frac{\mu_p}{\mu_n}} = 0.61 n_i = 9.13 \times 10^{9} \ \mathrm{cm}^{-3}
\]

\[
p = n_i \sqrt{\frac{1350}{500}} = 1.64 n_i = 2.46 \times 10^{10} \ \mathrm{cm}^{-3}
\]

Therefore, for \( \mathrm{Ge} \) and \( \mathrm{Si} \), \( n \neq p \), but the difference in their values is very small. This indicates that under high compensation doping conditions, minimum conductivity can be achieved with low values of \( n \) and \( p \).","\boxed{n_{\text{Ge}} = 1.68 \times 10^{13}, p_{\text{Ge}} = 3.44 \times 10^{13}, n_{\text{Si}} = 9.13 \times 10^{9}, p_{\text{Si}} = 2.46 \times 10^{10}}","NV, NV, NV, NV","\mathrm{cm}^{-3}, \mathrm{cm}^{-3}, \mathrm{cm}^{-3}, \mathrm{cm}^{-3}",True,EN,Knowledge Recall
4058,Modern Physics,Semiconductor Physics,Statistical Distribution of Electrons and Holes in Space,"In a state near the top of the valence band with wave vector \(k\), the electron energy is given by the following equation:

\[
E = -1 \times 10^{-37} k^{2}\ (\mathrm{J})
\]

If an electron is removed from the state \(k_{1} = 1 \times 10^{9}\ \mathrm{m}^{-1}\), while all other states are occupied by electrons, calculate the velocity of the hole.","The velocity of the electron in the state \(k_{1} = 1 \times 10^{9}\ \mathrm{m}^{-1}\) is given by

\[
v_{\mathrm{e}} = \left.\frac{1}{\hbar} \frac{\mathrm{d}E}{\mathrm{d}k}\right|_{k=k_{1}} = \frac{-2 \times 1 \times 10^{-37} \times 1 \times 10^{9}}{1.055 \times 10^{-34}} = -1.9 \times 10^{6}\ (\mathrm{m/s})
\]

The velocity of the hole in the state \(k_{1} = 1 \times 10^{9}\ \mathrm{m}^{-1}\) is equal to the velocity of the electron in that state:

\[
v_{\mathrm{h}} = v_{\mathrm{e}} = -1.9 \times 10^{6}\ (\mathrm{m/s})
\]",\boxed{-1.9 \times 10^{6}},NV,\mathrm{m/s},False,EN,Laws Application
4059,Modern Physics,Semiconductor Physics,"Magnetic, Optical, and Superconducting Properties","Determine the range of photon wavelengths over which NaCl will exhibit total internal reflection, and derive expressions for the minimum and maximum values of this wavelength range.","Within the frequency range from \(\omega_0\) to \(\sqrt{\varepsilon} \omega_0\), photons cannot couple with phonons, and the incident light will be totally reflected. Therefore,

\[
\omega_{\min} = \frac{2\pi c}{\lambda_{\max}} = \omega_0
\]

\[
\omega_{\max} = \frac{2\pi c}{\lambda_{\min}} = \sqrt{\varepsilon} \omega_0
\]

Hence,

\[
\lambda_{\min} = \frac{2\pi c}{\sqrt{\varepsilon} \omega_0} = \frac{2\pi c}{q} \sqrt{\frac{\mu V(\varepsilon-1) \varepsilon_0}{\varepsilon}}
\]

\[
\lambda_{\max} = \frac{2\pi c}{\omega_0} = \frac{2\pi c}{q} \sqrt{\mu V(\varepsilon-1) \varepsilon_0}
\]

For NaCl, \(V = \frac{1}{4} a^3\), \(\mu = \frac{M_{\text{Na}} M_{\text{Cl}}}{M_{\text{Na}} + M_{\text{Cl}}}\), \(q = e\). Substituting the given data into the equations results in

\[
\begin{aligned}
& \lambda_{\min} = 32.2 \ \mu \text{m} \\
& \lambda_{\max} = 78.5 \ \mu \text{m}
\end{aligned}
\]","\boxed{\lambda_{\min} = 32.2, \lambda_{\max} = 78.5}","EX, EX","\mu \text{m}, \mu \text{m}",True,EN,Math Derivation
4062,Modern Physics,Semiconductor Physics,Transport Properties,"Derive the expression for the Hall coefficient of an intrinsic semiconductor. Assume a rectangular sample is placed perpendicular to the magnetic field, with an applied electric field along the \(x\)-direction, also perpendicular to the magnetic field. In a steady-state condition, the transverse circuit is open, causing the transverse current induced by the magnetic field to offset the transverse current induced by the Hall electric field.","As shown in the diagram, the rectangular sample is placed perpendicular to the magnetic field, with an applied electric field along the \(x\)-direction, also perpendicular to the magnetic field. Due to the Lorentz force, the trajectories of both electrons and holes deviate towards the -\(y\) direction, which gives rise to transverse currents of electrons and holes. When the transverse is open-circuited, the transverse current caused by the magnetic field results in a charge accumulation on the sides of the sample along the \(y\)-axis, thereby establishing a transverse Hall electric field \(\varepsilon_{y}\) in the \(y\)-direction. In the steady state, the transverse current due to the magnetic field and that due to the Hall electric field cancel each other out, resulting in a net current of zero in the \(y\)-direction, although the currents of electrons and holes are not individually zero.

Let \(\left(J_{\mathrm{p}}\right)_{y}\) and \(\left(J_{\mathrm{n}}\right)_{y}\) denote the current densities of holes and electrons in the \(y\)-direction, respectively. Thus,

\[
\begin{aligned}
\left(J_{p}\right)_{y} & = p q \mu_{p} \varepsilon_{y} - p q \mu_{p}^2 \varepsilon_{x} B_{x} \\
\left(J_{n}\right)_{y} & = n q \mu_{n} \varepsilon_{y} + n q \mu_{n}^2 \varepsilon_{x} B_{x}
\end{aligned}
\]

In the steady-state,

\[
J_{y} = \left(J_{\mathrm{p}}\right)_{y} + \left(J_{\mathrm{n}}\right)_{y} = 0
\]

From this, we obtain

\[
\left(n q \mu_{n} + p q \mu_{\mathrm{p}}\right) \varepsilon_{y} + \left(n q \mu_{n}^2 - p q \mu_{\mathrm{p}}^2\right) \varepsilon_{x} B_{x} = 0
\]

Therefore,

\[
\varepsilon_{y} = \frac{p \mu_{p}^2 - n \mu_{n}^2}{p \mu_{p} + n \mu_{n}} \varepsilon_{x} B_{x}
\]",\boxed{\varepsilon_{y} = \frac{p \mu_{p}^2 - n \mu_{n}^2}{p \mu_{p} + n \mu_{n}} \varepsilon_{x} B_{x}},EX,,False,EN,Math Derivation
4065,Modern Physics,Semiconductor Physics,Statistical Distribution of Electrons and Holes in Space,"Determine the Fermi level and carrier concentration of a phosphorus-doped n-type silicon sample at a temperature of 300 K, given the impurity concentration \(N_{\mathrm{D}}=1 \times 10^{16}\) \(\mathrm{cm}^{-3}\).","For \(N_{\mathrm{D}} = 1 \times 10^{16} \mathrm{~cm}^{-3}\), \(\frac{8}{A} = 0.0155 \ll 1\), thus it is in the strong ionization region. The Fermi level can be calculated as:

\[
E_{\mathrm{F}} = E_{\mathrm{C}} + k_{\mathrm{B}} T \ln \frac{N_{\mathrm{D}}}{N_{\mathrm{C}}} = E_{\mathrm{C}} + 0.026 \times \ln \frac{1 \times 10^{16}}{2.8 \times 10^{19}} = E_{C} - 0.21 \mathrm{eV}
\]

This is a non-degenerate case, therefore:

\[
n = N_{\mathrm{D}} = 1 \times 10^{16} \mathrm{~cm}^{-3}
\]

The hole concentration is:

\[
p = \frac{n_{i}^{2}}{N_{\mathrm{D}}} = \frac{\left(1.5 \times 10^{10}\right)^{2}}{1 \times 10^{16}} = 2.3 \times 10^{4}\left(\mathrm{~cm}^{-3}\right)
\]","\boxed{E_{\mathrm{F}} = E_{\mathrm{C}} - 0.21, n = 1 \times 10^{16}, p = 2.3 \times 10^{4}}","EQ, NV, NV","\mathrm{eV}, \mathrm{cm}^{-3}, \mathrm{cm}^{-3}",True,EN,Laws Application
4067,Modern Physics,Semiconductor Physics,Others,"Consider the calculation formula for the experimental result \(y\): \(y=\frac{(a-3b) \sqrt{x}}{g}\), where \(a, b, x, g\) are measured values, each with their respective random errors \(\Delta a, \Delta b, \Delta x, \Delta g\). Calculate the expression for the deviation \(\delta y\) of \(y\) caused by measurement errors.","The deviations \(\delta a, \delta b, \delta x, \delta g\) in each measurement of \(a, b, x\), and \(g\) cause a deviation \(\delta y\) in \(y\):

\[
\delta y=\frac{\sqrt{x}}{g} \delta a-\frac{3 \sqrt{x}}{g} \delta b-\frac{(a-3b) \sqrt{x}}{g^{2}} \delta g+\frac{(a-3b)}{2g \sqrt{x}} \delta x
\]","\[
\boxed{\delta y = \frac{\sqrt{x}}{g} \delta a - \frac{3 \sqrt{x}}{g} \delta b - \frac{(a-3b) \sqrt{x}}{g^{2}} \delta g + \frac{(a-3b)}{2g \sqrt{x}} \delta x}
\]",EX,,False,EN,Math Derivation
4069,Modern Physics,Semiconductor Physics,Transport Properties,Calculate and compare the minimum conductivity of heavily compensated doped \( \mathrm{Ge} \) and intrinsic \( \mathrm{Ge} \) at 300 K.,"For \( \mathrm{Ge}: n_i = 2.4 \times 10^{13} \ \mathrm{cm}^{-3}, \mu_n = 3900 \ \mathrm{cm}^2/\mathrm{V}\cdot\mathrm{s}, \mu_p = 1900 \ \mathrm{cm}^2/\mathrm{V}\cdot\mathrm{s} \), the intrinsic conductivity is:

\[
\sigma_i = n_i e (\mu_n + \mu_p) = 2.23 \times 10^{-2} (\Omega\mathrm{cm})^{-1}
\]

The minimum conductivity is:

\[
\sigma_{\text{min}} = 2 n_i e \sqrt{\mu_n \mu_p} = 2.09 \times 10^{-2} (\Omega\mathrm{cm})^{-1}
\]

The minimum conductivity of heavily compensated doped \( \mathrm{Ge} \) is slightly lower than the intrinsic conductivity, indicating that doping can achieve a higher resistivity.","\boxed{2.09 \times 10^{-2}, 2.23 \times 10^{-2}}","NV, NV","(\Omega\mathrm{cm})^{-1}, (\Omega\mathrm{cm})^{-1}",True,EN,Practical Application
4071,Modern Physics,Semiconductor Physics,Others,"2) Calculate the definite integral

\[
\int_{-\infty}^{\infty} \mathrm{d}x \frac{1}{\left(a^{2}+x^{2}\right)^{2}}
\]

where \(a\) is a real number.","Calculate the integral

\[
I=\int_{-\infty}^{\infty} \mathrm{d}x \frac{1}{\left(a^{2}+x^{2}\right)^{2}}=\int_{-\infty}^{\infty} \frac{\mathrm{d}x}{(x-|a| \mathrm{i})^{2}(x+|a| \mathrm{i})^{2}}
\]

Using the residue theorem, consider a closed contour \(C\) as shown in the figure.

\[
f(z)=\frac{1}{(z-|a| \mathrm{i})^{2}(z+|a| \mathrm{i})^{2}}
\]

Inside \(C\), there is a second-order pole at \(z=|a| \mathrm{i}\).

Therefore,

\[
\begin{aligned}
I & =2 \pi \mathrm{i} \lim _{z \rightarrow |a| \mathrm{i}} \frac{\mathrm{d}}{\mathrm{d} z}\left[(z+|a| \mathrm{i})^{2} \frac{1}{(z-|a| \mathrm{i})^{2}}\right] \\
& =2 \pi \mathrm{i} \lim _{z \rightarrow |a| \mathrm{i}} \frac{-2}{(z+|a| \mathrm{i})^{3}} \\
& =2 \pi \mathrm{i} \frac{-2}{-8|a|^{3} \mathrm{i}} = \frac{\pi}{2|a|^{3}}
\end{aligned}
\]",\boxed{\frac{\pi}{2|a|^{3}}},NV,,False,EN,Math Derivation
4072,Modern Physics,Semiconductor Physics,Statistical Distribution of Electrons and Holes in Space,"Determine the Fermi level and carrier concentration of a phosphorus-doped n-type silicon sample at a temperature of 300 K, given an impurity concentration of \(N_{\mathrm{D}}=1 \times 10^{19}\) \(\mathrm{cm}^{-3}\).","For \(N_{\mathrm{D}} = 1 \times 10^{19} \mathrm{~cm}^{-3}\), \(\frac{8}{A} = 15.5 \gg 1\), the semiconductor enters the degenerate region, but the impurity excitation formula should be used first for the solution:

\[
x = \frac{1}{4}\left|\sqrt{1+\frac{8}{A}}-1\right| = \frac{1}{4}(\sqrt{1+15.5}-1) = 0.766
\]

Then

\[
\begin{aligned}
E_{\mathrm{F}} & = E_{\mathrm{D}} + k_{\mathrm{B}} T \ln x = E_{\mathrm{D}} + 0.026 \times \ln 0.776 = E_{\mathrm{D}} - 0.0069 \\
& = E_{C} - (E_{C} - E_{\mathrm{D}}) - 0.0069 = E_{C} - 0.044 - 0.0069 = E_{C} - 0.051(\mathrm{eV})
\end{aligned}
\]

In heavy doping conditions, \(n\) is a weakly degenerate electron concentration, approximated by:

\[
n = N_{C} \frac{1}{0.25 + e^{-\xi}}, \quad \xi = \ln x = -1.4
\]

Thus,

\[
E_{\mathrm{F}} - E_{C} = \xi k_{\mathrm{B}} T = -1.4 k_{\mathrm{B}} T
\]

Therefore,

\[
E_{C} - E_{\mathrm{F}} = 1.4 k_{\mathrm{B}} T = 0.036 \mathrm{eV}
\]

So the carrier concentration \(n\) is:

\[
n = N_{C} F_{\frac{1}{2}}(\xi) \approx 2.8 \times 10^{19} \times 0.228 = 6.4 \times 10^{18}\left(\mathrm{~cm}^{-3}\right)
\]

The hole concentration \(p\) is:

\[
p = N_{V} e^{-\frac{E_{\mathrm{F}} - E_{V}}{k_{B} T}} = 1.02 \times 10^{19} e^{-\frac{1.084}{0.026}} = 8 \left(\mathrm{~cm}^{-3}\right)
\]","\boxed{E_F = E_C - 0.051, n = 6.4 \times 10^{18}, p = 8}","EQ, NV, NV","\text{eV}, \text{cm}^{-3}, \text{cm}^{-3}",True,EN,Practical Application
4073,Modern Physics,Semiconductor Physics,Statistical Distribution of Electrons and Holes in Space,"Determine the Fermi level and carrier concentration of a phosphorus-doped n-type silicon sample at a temperature of 300 K, given the impurity concentration is \(N_{\mathrm{D}}=1 \times 10^{17}\) \(\mathrm{cm}^{-3}\).","For \(N_{\mathrm{D}} = 1 \times 10^{17} \mathrm{~cm}^{-3}\), \(\frac{8}{A} = 0.155 \ll 1\), applying the impurity activation formula we get:

\[
\begin{aligned}
x & = \frac{1}{4}\left(\sqrt{1+\frac{8}{A}}-1\right) = \frac{1}{4}(\sqrt{1+0.155}-1) = 0.0187 \\
E_{\mathrm{F}} & = E_{\mathrm{D}} + k_{\mathrm{B}} T \ln x = E_{\mathrm{D}} + 0.026 \times \ln 0.0187 = E_{\mathrm{D}} - 0.103 \\
& = E_{C} - (E_{C} - E_{\mathrm{D}}) - 0.103 = E_{C} - 0.044 - 0.103 = E_{C} - 0.147(\mathrm{eV})
\end{aligned}
\]

The impurity activation formula can be used to find \(n\) and \(p\) as follows:

\[
\begin{aligned}
n & = N_{\mathrm{D}} A x = 1 \times 10^{17} \times \frac{8}{0.155} \times 0.0187 = 9.65 \times 10^{16}\left(\mathrm{~cm}^{-3}\right) \\
p & = \frac{n_{i}^{2}}{n} = \frac{\left(1.5 \times 10^{10}\right)^{2}}{9.65 \times 10^{16}} = 2.3 \times 10^{3}\left(\mathrm{~cm}^{-3}\right)
\end{aligned}
\]","\boxed{E_{\mathrm{F}} = E_{C} - 0.147, n = 9.65 \times 10^{16}, p = 2.3 \times 10^{3}}","EQ, NV, NV","\mathrm{eV}, \mathrm{cm}^{-3}, \mathrm{cm}^{-3}",True,EN,Practical Application
4074,Modern Physics,Semiconductor Physics,"Magnetic, Optical, and Superconducting Properties","A solid is composed of a group of identical atoms, each of which can be considered as an electron with charge \(q\) and mass \(m\) bound to its nucleus. The electron is fixed at the atomic position by a spring with an elastic constant \(K\), and energy dissipation is simulated by a damping force \(-b v\) acting on each atom, where \(v\) is the velocity of the electron. The number density of atoms in the solid is \(N\). A plane polarized electromagnetic wave with frequency \(\omega\) propagates through the solid. Using classical non-relativistic methods to handle these oscillators, for uniform notation, let \(\omega_{0}^{2}=K / m, \gamma=b / m, \omega_{p}^{2}=4 \pi N q^{2} / m\).

(1) Calculate the refractive index \(n(\omega)\).","The equation of motion for the electron under the influence of the incident wave is

\[
m \frac{\mathrm{d} v}{\mathrm{d} t} + b v + K \boldsymbol{x} = q E
\]

This is a forced damped oscillation equation. If \(\boldsymbol{E} = \boldsymbol{E}_{0} e^{i \omega t}\), the solution is

\[
\boldsymbol{x} = \frac{q}{m} \frac{\boldsymbol{E}}{\omega_{0}^{2} - \omega^{2} + i \gamma \omega}
\]

where \(\omega_{0}^{2} = K / m\) and \(\gamma = b / m\).\\
If there are \(N\) atoms per unit volume, the average electric dipole moment per unit volume is

\[
\boldsymbol{p} = N q \boldsymbol{x} = \frac{N q^{2}}{m} \frac{\boldsymbol{E}}{\omega_{0}^{2} - \omega^{2} + i \gamma \omega}
\]

Thus, the polarizability is

\[
\chi = \frac{4 \pi p}{E} = \frac{4 \pi N q^{2}}{m} \cdot \frac{1}{\omega_{0}^{2} - \omega^{2} + i \gamma \omega} = \frac{\omega_{p}^{2}}{\omega_{0}^{2} - \omega^{2} + i \gamma \omega}
\]

Hence, the permittivity \(\varepsilon(\omega)\) is

\[
\varepsilon(\omega) = 1 + \chi(\omega) = 1 + \frac{\omega_{p}^{2}}{\omega_{0}^{2} - \omega^{2} + i \gamma \omega}
\]

Since the material is non-magnetic and isotropic, the electromagnetic wave equation is

\[
\begin{gathered}
\frac{\partial^{2} \boldsymbol{D}}{\partial t^{2}} = c^{2} \nabla^{2} \boldsymbol{E} \\
\boldsymbol{D} = \varepsilon(\omega) \boldsymbol{E} \\
\boldsymbol{E} = E_{0} e^{i(\omega t - k \cdot \boldsymbol{r})}
\end{gathered}
\]

From this, we can derive

\[
\varepsilon(\omega) = \frac{c^{2} k^{2}}{\omega^{2}} = n^{2}(\omega)
\]

Since \(\varepsilon(\omega)\) is a complex number, \(n(\omega)\) is also a complex number, denoted as \(n^{*}(\omega)\), called the complex refractive index.

\[
n^{*2}(\omega) = \varepsilon(\omega) = 1 + \frac{\omega_{p}^{2}}{\omega_{0}^{2} - \omega^{2} + i \gamma \omega}
\]",\[\boxed{n^{*}(\omega)}\],EX,,False,EN,Math Derivation
4076,Modern Physics,Semiconductor Physics,Statistical Distribution of Electrons and Holes in Space,"A compensated silicon material is given. It is known that the concentration of acceptor impurities is \(N_{A} = 1 \times 10^{15} \ \mathrm{cm}^{-3}\), and at room temperature, its Fermi level coincides with the donor energy level. The electron concentration measured at thermal equilibrium is \(n = 5 \times 10^{15} \ \mathrm{cm}^{-3}\). The intrinsic carrier concentration of silicon at room temperature is known to be \(n_{i} = 1.5 \times 10^{10} \ \mathrm{cm}^{-3}\). What are the concentrations of ionized impurities and neutral impurity scattering centers?","Since the acceptor impurities are fully ionized, the concentration of ionized acceptor scattering centers is

\[
N_{A}^{-} = 1 \times 10^{15} \ \mathrm{cm}^{-3}
\]

Since the Fermi level coincides with the donor energy level, the donor impurities are partially ionized. Therefore, the concentration of ionized donor scattering centers is

\[
N_{\mathrm{D}}^{+} = N_{\mathrm{D}} - n_{\mathrm{D}} = N_{\mathrm{D}} - \frac{2}{3} N_{\mathrm{D}} = \frac{1}{3} N_{\mathrm{D}} = 6 \times 10^{15} \ \mathrm{cm}^{-3}
\]

The neutral scattering centers, which are the concentration of non-ionized donor impurities, is

\[
\frac{2}{3} N_{\mathrm{D}} = n_{\mathrm{D}} = 1.2 \times 10^{16} \ \mathrm{cm}^{-3}
\]","\boxed{N_{A}^{-} = 1 \times 10^{15}, N_{\mathrm{D}}^{+} = 6 \times 10^{15}, n_{\mathrm{D}} = 1.2 \times 10^{16}}",EX,"\mathrm{cm}^{-3}, \mathrm{cm}^{-3}, \mathrm{cm}^{-3}",True,EN,Practical Application
4077,Modern Physics,Semiconductor Physics,Others,"Consider a function of the form \(f(z)=c \exp \left(-b / z^{a}\right)\), where \(b\) is real and positive. Adding this function \( f(z) \) to \( F(z) \) does not affect the limit

\[
\lim _{|z| \rightarrow 0} \frac{1}{n!} \frac{\mathrm{d}^{n} F(z)}{\mathrm{d} z^{n}}=(-1)^{n} n!
\]

What is the range of \( a \) that satisfies this condition? (Assume \(a\) is a real number.)","To meet the requirement of the problem, \(f(z)\) must approach 0 faster than any power of \(z\) as \(|z| \rightarrow 0\). This requires the following:

Given that \(|\operatorname{Arg} z| \leqslant \pi-\varepsilon(\varepsilon>0)\), let \(\theta=\operatorname{Arg} z\), then \(|\theta| \leqslant \pi-\varepsilon\). As \(|f(z)|=|c| \exp \left(-b|z|^{-a} \cos(\alpha \theta)\right)\), and given the behavior as \(|z| \rightarrow 0\), it is required that \(\alpha \geqslant \delta, \delta>0\), and \(\cos \alpha \theta>0 \Rightarrow \alpha|\theta| \leqslant \frac{\pi}{2}-\delta^{\prime}, \delta^{\prime}>0\). Hence, we know \(\alpha \leqslant \frac{1}{2}\), and \(\delta^{\prime}=\varepsilon\). Thus, we obtain \(\delta \leqslant \alpha \leqslant \frac{1}{2} ,(\delta>0)\) as the required condition. Note that when \(\alpha=\frac{1}{2}\), it actually implies \(|\theta| \leqslant \pi-\varepsilon\), meaning \(z\) can take any value except those on the negative real axis.","\boxed{(0, \frac{1}{2}]}",IN,,False,EN,
4078,Modern Physics,Semiconductor Physics,Statistical Distribution of Electrons and Holes in Space,"For a state near the top of the valence band with wave vector \(k\), the electron energy is given by the following formula:

\[
E = -1 \times 10^{-37} k^{2}\ (\mathrm{J})
\]

If an electron is removed from the state with \(k_{1}=1 \times 10^{9}\ \mathrm{m}^{-1}\), while all other states remain occupied by electrons, calculate the effective mass of the hole.","Assume the effective mass of the electron in the valence band is \(m_{\mathrm{e}}^{*}\), then

\[
E = \frac{\hbar^{2} k^{2}}{2 m_{\mathrm{e}}^{*}} = -1 \times 10^{-37} k^{2}
\]

Therefore,

\[
m_{\mathrm{e}}^{*} = -\frac{\hbar^{2}}{2 \times 1 \times 10^{-37}} = -\frac{(1.055 \times 10^{-34})^{2}}{2 \times 1 \times 10^{-37}} = 0.06 m_{0}
\]

When the electron is removed from the state with \(k_{1}=1 \times 10^{9}\ \mathrm{m}^{-1}\), a hole appears, and the effective mass of the hole is exactly the negative of the electron's effective mass at that state:

\[
m_{\mathrm{h}}^{*} = -m_{\mathrm{e}}^{*} = 0.06 m_{0}
\]",\boxed{0.06},NV,,False,EN,Laws Application
4083,Modern Physics,Semiconductor Physics,"Magnetic, Optical, and Superconducting Properties","Assume in the previous problem that there is an interaction energy \(-V\) between conduction electrons with parallel spins, where \( V>0\), which allows us to approximate the effects of the exchange interaction among conduction electrons. What correction should be made to the magnetization?","When electrons with parallel spins have an interaction energy \(V\),

\[
\begin{aligned}
E_{+\mathrm{tot}} & =\frac{3}{10} N E_{\mathrm{F}} (1+x)^{5/3}-\frac{1}{2} \mu_{B} B N(1+x)-\frac{1}{8} V N^{2}(1+x)^{2}
\end{aligned}
\]

Similarly,

\[
E_{-\mathrm{tot}} = \frac{3}{10} N E_{\mathrm{F}}(1-x)^{5/3}+\frac{1}{2} \mu_{\mathrm{B}} B N(1-x)-\frac{1}{8} V N^{2}(1-x)^{2}
\]

Thus, the total energy of the electron gas is

\[
\begin{aligned}
E_{\text{tot}} & = E_{+\text{tot}}+E_{-\mathrm{tot}} \\
& = \frac{3}{10} N E_{\mathrm{F}}\left[(1+x)^{5/3}+(1-x)^{5/3}\right]-\mu_{\mathrm{B}} B N x \\
& \quad -\frac{1}{8} V N^{2} \left[(1+x)^{2}+(1-x)^{2}\right]
\end{aligned}
\]

From \(\frac{\partial E_{\text{tot}}}{\partial x}=0\), we have

\[
x=\frac{3 \mu_{\mathrm{B}} B}{2 E_{\mathrm{F}}-\frac{2}{3} N V}
\]

Therefore, the magnetization \(M\) is

\[
M=N x \mu_{\mathrm{B}}=\frac{3 \mu_{\mathrm{B}}^{2} N}{2 E_{\mathrm{F}}-\frac{2}{3} N V} B
\]","\[
\boxed{\frac{3 \mu_{\mathrm{B}}^{2} N}{2 E_{\mathrm{F}}-\frac{2}{3} N V} B}
\]",EX,,False,EN,Math Derivation
4084,Modern Physics,Semiconductor Physics,Transport Properties,"A polished silicon wafer is doped with phosphorus at a concentration of \(1 \times 10^{15} \ \text{cm}^{-3}\). Assume the presence of a uniformly distributed surface state with a density of \(1 \times 10^{13} \ \text{cm}^{-2}\ \text{eV}^{-1}\), which can be represented by a mid-gap state located at \(E_V+0.3\ \text{eV}\). Known parameters of silicon include: bandgap energy \(E_g=1.12 \ \text{eV}\), effective density of states in the conduction band \(N_C=2.8 \times 10^{19} \ \text{cm}^{-3}\), intrinsic carrier concentration \(n_i=1.5 \times 10^{10} \ \text{cm}^{-3}\), relative permittivity \(\varepsilon_r=11.8\), vacuum permittivity \(\varepsilon_0=8.85 \times 10^{-14} \ \text{F/cm}\), Boltzmann constant \(k_B=8.62 \times 10^{-5} \ \text{eV/K}\), and elementary charge \(e=1.6 \times 10^{-19} \ \text{C}\). Determine the position of the Fermi energy level within the wafer at room temperature.","The position of the Fermi energy level in the semiconductor silicon can be found using the electron concentration formula \(n=N_C e^{-\frac{E_C-E_F}{k_B T}}\), yielding

\[
\begin{aligned}
E_F & =E_C-k_B T \ln \frac{N_C}{N_D}=E_C-k_B T \ln \left(\frac{2.8 \times 10^{19}}{1 \times 10^{15}}\right)=E_C-0.026 \times 10.24 \\
& =E_C-0.27 \ \text{eV}
\end{aligned}
\]",\boxed{E_C-0.27},EX,\text{eV},False,EN,Laws Application
4087,Modern Physics,Semiconductor Physics,Statistical Distribution of Electrons and Holes in Space,"In an intrinsic semiconductor, the energy at the bottom of the conduction band is \(E_{C}\), and the energy at the top of the valence band is \(E_{V}\). The Fermi energy is \(E_{F}\). Assuming the relation \(n=p\), find the explicit expression for \(E_{F}(T)\).","For an intrinsic semiconductor, the relation \(n=p\) holds, that is

\[
c_{1} e^{-(E_{C}-E_{F}) / k_{B} T} = c_{2} e^{-(E_{F}-E_{V}) / k_{B} T}
\]

Thus,

\[
E_{F}=\frac{E_{C}+E_{V}-k_{B} T \ln \frac{c_{1}}{c_{2}}}{2}
\]",\boxed{E_{F}=\frac{E_{C}+E_{V}-k_{B} T \ln \frac{c_{1}}{c_{2}}}{2}},EQ,,False,EN,Math Derivation
4089,Modern Physics,Semiconductor Physics,Others,Find the solution to the spherically symmetric equation \(\left(\nabla^{2}+k^{2}\right) U(r)=-4 \pi \delta(r)\) where the solution approaches 0 at infinity.,"If \(r \neq 0\), then

\[
\begin{aligned}
& \frac{1}{r} \frac{\mathrm{d}^{2}}{\mathrm{d} r^{2}}(r U)+k^{2} U=0 \\
& \frac{\mathrm{d}^{2}}{\mathrm{d} r^{2}}(r U)+k^{2}(r U)=0
\end{aligned}
\]

Therefore,

\[
r U=c e^{ \pm i k r} \Rightarrow U=\frac{c}{r} e^{ \pm i k r}
\]

The general solution is

\[
U=\frac{c_{1} e^{i k r}+c_{2} e^{-i k r}}{r}
\]

As \(r \rightarrow 0\), \(\nabla^{2} U \gg k^{2} U\). Therefore,

\[
\nabla^{2} U \approx-4 \pi \delta(r)
\]

From the earlier problem, we know

\[
\begin{gathered}
U=\frac{1}{r}, c_{1}+c_{2}=1 \\
U=\frac{(1-c_{2}) e^{i k r}+c_{2} e^{-i k r}}{r}=\frac{e^{i k r}+c_{2}(e^{-i k r}-e^{i k r})}{r}
\end{gathered}
\]",\boxed{U = \frac{e^{i k r} + c_2(e^{-i k r} - e^{i k r})}{r}},EX,,False,EN,Math Derivation
4090,Modern Physics,Semiconductor Physics,Statistical Distribution of Electrons and Holes in Space,"Calculate the effective mass of a hole \(m_{\mathrm{h}}^{*}\). It is known that the static dielectric constant of \(\mathrm{InP}\) is \(9.6\), \(E_{g} = 1.400 \mathrm{~eV}\), \(E_{C} = 1.386 \mathrm{~eV}\), and holes in \(\mathrm{InP}\) are much lighter than electrons (\(m_{\mathrm{h}}^{*} \ll m_{\mathrm{e}}^{*}\)).","Direct exciton absorption will generate a series of discrete absorption lines on the low energy side of the absorption threshold, corresponding to the formation of ground state excitons and various excited state excitons. For hydrogen-like cases, the distance of these absorption lines from the fundamental absorption threshold is

\[
E_{\mathrm{n}} = E_{g} - \frac{m_{r}^{*} e^{4}}{8 \varepsilon^{2} \varepsilon_{0}^{2} h^{2} n^{2}}
\]

where \(m_{r}^{*}\) is the reduced mass of the electron-hole pair. Since \(m_{\mathrm{h}}^{*} \ll m_{\mathrm{e}}^{*}\), it follows that

\[
m_{r}^{*} = \frac{m_{\mathrm{e}}^{*} m_{\mathrm{h}}^{*}}{m_{\mathrm{e}}^{*} + m_{\mathrm{h}}^{*}} \approx m_{\mathrm{h}}^{*}
\]

For the ground state, \(n=1\), and \(E_{1} = E_{C} = 1.386 \mathrm{~eV}\), thus

\[
\begin{aligned}
m_{\mathrm{h}}^{*} &= \frac{8 \varepsilon^{2} \varepsilon_{0}^{2} h^{2} (E_{g} - E_{C})}{e^{4}}\\
&= \frac{8 \times 9.6^{2} \times (8.854 \times 10^{-12})^{2} \times (6.626 \times 10^{-34})^{2} \times 0.014 \times 1.6 \times 10^{-19}}{(1.6 \times 10^{-19})^{4}}\\
&= 8.67 \times 10^{-36}\, \mathrm{kg} = \frac{8.67 \times 10^{-36}}{9.1 \times 10^{-31}} \approx 9.52 \times 10^{-2} m_{0}
\end{aligned}
\]

where \(m_{0}\) is the free electron mass.",\boxed{9.52 \times 10^{-2}},NV,m_{0},False,EN,Practical Application
4094,Modern Physics,Semiconductor Physics,Transport Properties,Solve and compare the minimum conductivity of high-compensation doped \( \mathrm{Si} \) and intrinsic \( \mathrm{Si} \) at 300 K.,"For \( \mathrm{Si}: n_i = 1.5 \times 10^{10} \ \mathrm{cm}^{-3}, \mu_n = 1350 \ \mathrm{cm}^2/\mathrm{V}\cdot\mathrm{s}, \mu_p = 500 \ \mathrm{cm}^2/\mathrm{V}\cdot\mathrm{s} \), so the intrinsic conductivity is:

\[
\sigma_i = 4.44 \times 10^{-6} (\Omega\mathrm{cm})^{-1}
\]

The minimum conductivity is:

\[
\sigma_{\text{min}} = 3.95 \times 10^{-6} (\Omega\mathrm{cm})^{-1}
\]

The minimum conductivity of high-compensation doped \( \mathrm{Si} \) is slightly lower than the intrinsic conductivity, indicating that doping might achieve higher resistivity.","\boxed{3.95 \times 10^{-6}, 4.44 \times 10^{-6}}","NV, NV",,True,EN,Knowledge Recall
4099,Modern Physics,Semiconductor Physics,Transport Properties,"(2) When a forward bias \(V\) is applied to a \(\mathrm{p}^{+} \mathrm{n}\) junction, what is the current density flowing through the \(\mathrm{p}^{+} \mathrm{n}\) junction? Describe the characteristics of the injection current and draw the current transition diagram for the \(\mathrm{p}^{+} \mathrm{n}\) junction.","For the \(\mathrm{p}^{+} \mathrm{n}\) junction, where \(\sigma_{\mathrm{p}} \gg \sigma_{\mathrm{n}}\), we have

\[
\frac{j_{\mathrm{p}}(0)}{j_{\mathrm{n}}(0)} \gg 1, \text{ i.e., } j_{\mathrm{p}}(0) \gg j_{\mathrm{n}}(0)
\]

Thus, the current density flowing through the \(\mathrm{p}^{+} \mathrm{n}\) junction is approximately

\[
j \approx j_{\mathrm{p}}(0) = \frac{e D_{\mathrm{p}} p_{n 0}}{L_{\mathrm{p}}}\left(e^{\frac{q V}{k_{\mathrm{B}} T}} - 1\right)
\]

Therefore, the characteristic of the injection current into the \(\mathrm{p}^{+} \mathrm{n}\) junction is unidirectional injection. At this point, the current transition diagram for the \(\mathrm{p}^{+} \mathrm{n}\) junction is shown in Figure 1.2.27 (ignoring the generation and recombination of carriers in the barrier region).

$$ <image 1> $$

Figure 1.2.27

From Figure 1.2.27, it can be seen that when the p region is connected to the positive terminal of the power supply and the n region to the negative terminal, a hole current flows from the bulk of the p region towards the barrier region of the \(\mathrm{p}^{+} \mathrm{n}\) junction, crosses the barrier, and enters the n region. Within a hole diffusion length \(L_{\mathrm{p}}\) near the barrier region in the n region, it recombines with the electron flow coming from the bulk of the n region and disappears. Thus, a hole current flows in the bulk of the p region, while an electron flow moves in the bulk of the n region, with electron-hole recombination facilitating the transition between these regions. Therefore, the physical process occurring in the p-n junction reflects the conductive characteristics of semiconductors: two types of carriers, electrons and holes, each undergo two kinds of motion, drift, and diffusion. Furthermore, the current transmission in the p-n junction also demonstrates the fundamental features of carrier generation and recombination. \(\square\)","\[
\boxed{\frac{e D_{\mathrm{p}} p_{n 0}}{L_{\mathrm{p}}}\left(e^{\frac{q V}{k_{\mathrm{B}} T}} - 1\right)}
\]",EX,,False,EN,Laws Application
4101,Modern Physics,Semiconductor Physics,"Magnetic, Optical, and Superconducting Properties","Assume a metal halide with \(\varepsilon(0) = 5.9, \varepsilon(\infty) = 2.25\), and a reflectance \(R = 0\) at \(\lambda_{0} = 30.6 \mu \mathrm{~m}\), with \(\varepsilon(\omega)\) being a real number. 

Find \(\omega_{\mathrm{L}}\) and \(\omega_{\mathrm{T}}\), where \(\omega_{\mathrm{L}}\) is the frequency of the longitudinal optical phonon, and \(\omega_{\mathrm{T}}\) is the frequency of the transverse optical phonon.","For ionic crystals, if we neglect the damping effect (i.e., take the damping term as \(r = 0\)), \(\varepsilon(\omega)\) becomes a real number.

\[
\varepsilon(\omega) = \varepsilon(\infty) + \frac{[\varepsilon(0) - \varepsilon(\infty)] \omega_{\mathrm{T}}^{2}}{\omega_{\mathrm{T}}^{2} - \omega^{2}}
\]

From the given conditions, when \(\omega = \omega_{0} = \frac{2 \pi c}{\lambda_{0}} = 6.15 \times 10^{13} \, \mathrm{s}^{-1}\), the reflectance \(R = 0\), implying \(\varepsilon(\omega) = 1\), yielding

\[
\begin{gathered}
1 = \varepsilon(\infty) + \frac{[\varepsilon(0) - \varepsilon(\infty)] \omega_{\mathrm{T}}^{2}}{\omega_{\mathrm{T}}^{2} - \omega_{0}^{2}} \\
\omega_{\mathrm{T}} = \left[\frac{\varepsilon(\infty) - 1}{\varepsilon(0) - 1}\right]^{1 / 2} \omega_{0} = 0.505 \omega_{0} = 3.11 \times 10^{13} \, \mathrm{s}^{-1}
\end{gathered}
\]

According to the LST relation:

\[
\frac{\omega_{\mathrm{L}}^{2}}{\omega_{\mathrm{T}}^{2}} = \frac{\varepsilon(0)}{\varepsilon(\infty)}
\]

Therefore,

\[
\omega_{\mathrm{L}} = \left[\frac{\varepsilon(0)}{\varepsilon(\infty)}\right]^{1 / 2} \omega_{\mathrm{T}} = 0.817 \omega_{0} = 5.03 \times 10^{13} \, \mathrm{s}^{-1}
\]","\boxed{5.03 \times 10^{13}, 3.11 \times 10^{13}}",NV,"\mathrm{s}^{-1}, \mathrm{s}^{-1}",True,EN,Laws Application
4104,Modern Physics,Semiconductor Physics,Transport Properties,"A polished silicon wafer is doped with phosphorus at a concentration of \(1 \times 10^{15} \ \text{cm}^{-3}\). Assume there are uniformly distributed surface states with a density of \(1 \times 10^{13} \ \text{cm}^{-2}\ \text{eV}^{-1}\), which can be represented by the energy level located at \(E_V+0.3 \ \text{eV}\). Known parameters for silicon: band gap \(E_g=1.12 \ \text{eV}\), effective density of states \(N_C=2.8 \times 10^{19} \ \text{cm}^{-3}\), intrinsic carrier concentration \(n_i=1.5 \times 10^{10} \ \text{cm}^{-3}\), relative permittivity \(\varepsilon_r=11.8\), vacuum permittivity \(\varepsilon_0=8.85 \times 10^{-14} \ \text{F/cm}\), Boltzmann constant \(k_B=8.62 \times 10^{-5} \ \text{eV/K}\), and elementary charge \(e=1.6 \times 10^{-19} \ \text{C}\). Find the carrier concentration inside at room temperature.","Assuming the phosphorus impurity atoms are fully ionized, the electron concentration in silicon is

\[
n=N_D=1 \times 10^{15} \ \text{cm}^{-3}
\]",\boxed{1 \times 10^{15}},NV,,False,EN,Laws Application
4107,Modern Physics,Semiconductor Physics,Statistical Distribution of Electrons and Holes in Space,"Assuming 95% ionization of donor impurity as the criterion for strong ionization, calculate the corresponding concentration of dopant impurities in phosphorus-doped silicon (with donor impurity ionization energy \(E_{I}=0.045 \, \text{eV}\)) at \(300 \, \text{K}\), where the ionization of impurities is the primary source of carrier generation in the saturation region.","In case 1.2.16, the charge neutrality equation in a semiconductor containing a single donor impurity under low-temperature impurity excitation generating carriers is given by

\[
n = N_{\mathrm{D}} - n_{\mathrm{D}} = N_{\mathrm{D}}^{+}
\]

\(\frac{N_{\mathrm{D}}^{+}}{N_{\mathrm{D}}}\) is called the degree of impurity ionization. When \(\frac{N_{D}^{+}}{N_{\mathrm{D}}} \rightarrow 1\), we have

\[
n \approx N_{\mathrm{D}}
\]

which is the formula for carrier concentration in the saturation region primarily generated by impurity ionization.

Case 1.2.16 also provides the formula for the concentration of carriers generated by impurity excitation:

\[
n = N_{\mathrm{D}} A x
\]

Substituting into equation (1), we get

\[
\frac{N_{\mathrm{D}}^{+}}{N_{\mathrm{D}}} = A x
\]

According to the problem, when \(\frac{N_{D}^{+}}{N_{\mathrm{D}}} = 95\%\), carrier generation begins entering the saturation ionization region, substituting \(x = \frac{1}{4}\left(\sqrt{1+\frac{8}{A}} - 1\right)\), we have

\[
\frac{N_{\mathrm{D}}^{+}}{N_{\mathrm{D}}} = \frac{95}{100} = A \times \frac{1}{4}\left(\sqrt{1+\frac{8}{A}} - 1\right)
\]

At this point, \(\frac{8}{A} \ll 1\), using a binomial expansion for \(\left(\sqrt{1+\frac{8}{A}}\right)\) and retaining terms up to the second order, we obtain

\[
A \times \frac{1}{4}\left(\sqrt{1+\frac{8}{A}} - 1\right) = \frac{A}{4}\left(1 + \frac{4}{A} - \frac{8}{A^2} - 1\right) = \left(1 - \frac{2}{A}\right)
\]

Therefore,

\[
\frac{95}{100} = 1 - \frac{2}{A}
\]

Hence,

\[
\frac{2}{A} = \frac{1}{20}
\]

Where \(A = \frac{N_{C}}{N_{\mathrm{D}}} \mathrm{e}^{-\frac{E_{I}}{k_{B} T}}\), thus

\[
\frac{N_{C}}{N_{\mathrm{D}}} \mathrm{e}^{\frac{E_{I}}{k_{B} T}} = \frac{1}{40}
\]

Substituting the effective density of states for the conduction band in silicon \(N_{C} = 2.8 \times 10^{19} \, \text{cm}^{-3}\), and \(E_{I} = 0.045 \, \text{eV}\), we derive the impurity concentration \(N_{\mathrm{D}}\) formula at \(T = 300 \, \text{K}\) as it begins entering the saturation ionization region:

\[
\begin{aligned}
N_{\mathrm{D}} & = N_{C} \times \frac{1}{40} \times \mathrm{e}^{-\frac{E_{I}}{k_{B} T}} \\
& = 2.8 \times 10^{19} \times \frac{1}{40} \times \mathrm{e}^{-\frac{0.045}{0.026}} \\
& = 1.24 \times 10^{17} \, \text{cm}^{-3}
\end{aligned}
\]

This is the corresponding maximum dopant impurity concentration at \(300 \, \text{K}\) where impurity ionization predominantly generates carriers in the saturation region, given that the temperature \(T\) in the expression is the temperature when impurities start entering the saturation ionization region.",\boxed{1.24 \times 10^{17}},NV,\text{cm}^{-3},False,EN,Math Derivation
4109,Modern Physics,Semiconductor Physics,Others,Find the eigenvalues and normalized eigenvectors of the matrix \(\left(\begin{array}{lll}1 & 2 & 4 \\ 2 & 3 & 0 \\ 5 & 0 & 3\end{array}\right)\). Are the resulting eigenvectors orthogonal? Provide a commentary on this.,"Solve the characteristic equation

\[
\left|\begin{array}{ccc}
1-\lambda & 2 & 4 \\
2 & 3-\lambda & 0 \\
5 & 0 & 3-\lambda
\end{array}\right|=0
\]

and obtain the eigenvalues \(\lambda_{1}=3, \lambda_{2}=-3, \lambda_{3}=7\).

For \(\lambda_{1}=3\)

\[
\left(\begin{array}{ccc}
2 & 2 & 4 \\
2 & 0 & 0 \\
5 & 0 & 0
\end{array}\right)\left(\begin{array}{l}
x_{1} \\
x_{2} \\
x_{3}
\end{array}\right)=0
\]

\[
\begin{aligned}
& x_{1}=0 \\
& x_{2}=-2 x_{3}
\end{aligned}
\]

Thus, the eigenvector for \(\lambda_{1}=3\) is

\[
\left(\begin{array}{l}
0 \\
-2 x_{3} \\
x_{3}
\end{array}\right)
\]

After normalization, it is

\[
\frac{1}{\sqrt{5}}\left(\begin{array}{l}
0 \\
-2 \\
1
\end{array}\right)
\]

For \(\lambda_{2}=-3\)

\[
\begin{pmatrix}
4 & 2 & 4 \\
2 & 6 & 0 \\
5 & 0 & 6
\end{pmatrix}
\begin{pmatrix}
x_1 \\
x_2 \\
x_3
\end{pmatrix}
=
\begin{pmatrix}
0 \\
0 \\
0
\end{pmatrix}
\]

\[
x_2 = -\frac{1}{3}x_1, \quad x_3 = -\frac{5}{6}x_1
\]

The normalized eigenvector is

\[
\frac{6}{\sqrt{65}}\left(\begin{array}{l}
1 \\
-\frac{1}{3} \\
-\frac{5}{6}
\end{array}\right)
\]

For \(\lambda_{3}=7\)

\[
\begin{pmatrix}
-6 & 2 & 4 \\
2 & -4 & 0 \\
5 & 0 & -4
\end{pmatrix}\left(\begin{array}{l}
x_{1} \\
x_{2} \\
x_{3}
\end{array}\right)=0
\]

\[
x_2=\frac{1}{2} x_{1}, \quad x_3=\frac{5}{4} x_{1}
\]

The normalized eigenvector is

\[
\frac{4}{3 \sqrt{5}}\left(\begin{array}{l}
1 \\
\frac{1}{2} \\
\frac{5}{4}
\end{array}\right)
\]

It is not difficult to verify that the three eigenvectors obtained are not orthogonal. The reason is that the matrix \(\left(\begin{array}{lll}1 & 2 & 4 \\ 2 & 3 & 0 \\ 5 & 0 & 3\end{array}\right)\) is not a Hermitian matrix.","\boxed{\lambda_{1} = 3, \lambda_{2} = -3, \lambda_{3} = 7, \frac{1}{\sqrt{5}}\begin{pmatrix} 0 \\ -2 \\ 1 \end{pmatrix}, \frac{6}{\sqrt{65}}\begin{pmatrix} 1 \\ -\frac{1}{3} \\ -\frac{5}{6} \end{pmatrix}, \frac{4}{3 \sqrt{5}}\begin{pmatrix} 1 \\ \frac{1}{2} \\ \frac{5}{4} \end{pmatrix}, No}","NV, EX, EX, EX, TF","\text{ (eigenvalues)}, \text{ (normalized eigenvectors)}, \text{ (normalized eigenvectors)}, \text{ (normalized eigenvectors)}, None",True,EN,Math Derivation
4111,Modern Physics,Semiconductor Physics,Others,"The Shiva laser at Livermore has a wavelength of \(1 \ \mu \mathrm{m}\) and releases 10 kJ of energy in \(10^{-9}\) seconds, focused onto an area of \(10^{-3} \ \mathrm{cm}^{2}\).  
Calculate the energy flux density of the electromagnetic field, the peak value of the electric field, and the energy density, and determine the radiation pressure (using practical MKS units).","The energy flux density is given by

\[
\bar{S} = \frac{\text{Energy}}{s \times t} = 10^{20} \ \mathrm{J}/(\mathrm{m}^{2} \cdot \mathrm{s})
\]

According to electrodynamics,

\[
\bar{S} = \frac{\bar{E}^{2}}{\mu_{0}c}
\]

Thus,

\[
\begin{aligned}
\bar{E} &= \sqrt{\bar{S} \times \mu_{0} \times c} = \sqrt{10^{20} \times 4\pi \times 10^{-7} \times 3 \times 10^{8}} \\
&= 1.941 \times 10^{11} \ \mathrm{V/m}
\end{aligned}
\]

The peak value of \(E\) is

\[
E = \sqrt{2} \bar{E} = 1.941 \times 10^{11} \times 1.414 = 2.745 \times 10^{11} \ (\mathrm{V/m})
\]

The energy density is

\[
\bar{\omega} = \varepsilon_{0} \bar{E}^{2} = 4\pi \times 10^{-7} \times 3 \times 10^{8} \times 10^{20} \times \frac{10^{7}}{\left(4\pi c^{2}\right)}=\frac{10^{20}}{c}=\frac{1}{3} \times 10^{12} \ \mathrm{J/m^{3}}
\]

The radiation pressure is \(P = \bar{\omega} = \frac{1}{3} \times 10^{12} \ \mathrm{Pa}\).","\boxed{10^{20}, 2.745 \times 10^{11}, \frac{1}{3} \times 10^{12}, \frac{1}{3} \times 10^{12}}","NV, NV, NV, NV","\mathrm{J}/(\mathrm{m}^{2} \cdot \mathrm{s}), \mathrm{V/m}, \mathrm{J/m^{3}}, \mathrm{Pa}",True,EN,Practical Application
4124,Modern Physics,Semiconductor Physics,Transport Properties,"Illuminate a \(1 \, \Omega \, \mathrm{cm}\) n-type silicon sample, which uniformly generates excess carriers with an electron-hole pair generation rate of \(10^{17} \, \mathrm{cm}^{-3} \cdot \mathrm{s}^{-1}\). Assume the lifetime of the sample is \(10 \, \mu \mathrm{s}\), and the surface recombination velocity is \(100 \, \mathrm{cm/s}\). Calculate the number of holes recombining at the surface per unit time per unit area.","The steady-state equation

\[
D_{\mathrm{p}} \frac{\partial^{2} \Delta p(x)}{\partial x^{2}} - \frac{\Delta p(x)}{\tau_{\mathrm{p}}} + g_{\mathrm{p}} = 0
\]

General solution of the equation

\[
\Delta p(x) = A \mathrm{e}^{-\frac{x}{L_{\mathrm{p}}}} + B \mathrm{e}^{\frac{x}{L_{\mathrm{p}}}} + g_{\mathrm{p}} \tau_{\mathrm{p}}
\]

Boundary conditions

\[
\begin{cases}
\Delta p(\infty) = \tau_{p} g_{p} \\
\left. D_{p} \frac{\partial \Delta p(x)}{\partial x} \right|_{x=0} = S_{p} [p(0) - p_{0}] = \Delta p(0) S_{p}
\end{cases}
\]

From boundary condition (1), we get \(B=0\), and the equation solution becomes

\[
\Delta p(x) = A \mathrm{e}^{-\frac{x}{L_{\mathrm{p}}}} + g_{\mathrm{p}} \tau_{\mathrm{p}}
\]

From boundary condition (2), we obtain

\[
A = -\tau_{\mathrm{p}} g_{\mathrm{p}} \frac{S_{\mathrm{p}} L_{\mathrm{p}}}{D_{\mathrm{p}} + S_{\mathrm{p}} L_{\mathrm{p}}} = -\tau_{\mathrm{p}} g_{\mathrm{p}} \frac{S_{\mathrm{p}} \tau_{\mathrm{p}}}{L_{\mathrm{p}} + S_{\mathrm{p}} \tau_{\mathrm{p}}}
\]

Thus,

\[
\Delta p(x) = \tau_{\mathrm{p}} g_{\mathrm{p}} \left\{ 1 - \frac{S_{\mathrm{p}} \tau_{\mathrm{p}}}{L_{\mathrm{p}} + S_{\mathrm{p}} \tau_{\mathrm{p}}} e^{-\frac{x}{L_{\mathrm{p}}}} \right\}
\]

(1) \(R_{s} = (\Delta p)_{0} S_{p}\)

\[
\Delta p(x) \big|_{x=0} = \tau_{\mathrm{p}} g_{\mathrm{p}} \left( 1 - \frac{S_{\mathrm{p}} \tau_{\mathrm{p}}}{L_{\mathrm{p}} + S_{\mathrm{p}} \tau_{\mathrm{p}}} \right) = \frac{L_{\mathrm{p}} \tau_{\mathrm{p}} g_{\mathrm{p}}}{L_{\mathrm{p}} + S_{\mathrm{p}} \tau_{\mathrm{p}}} = 9.23 \times 10^{11} \, \mathrm{cm}^{-3}
\]

Where \(L_{\mathrm{p}} = \sqrt{D_{\mathrm{p}} \tau_{\mathrm{p}}} = 1.12 \times 10^{-2} \, \mathrm{cm}\), hence

\[
R_{s} = 100 (\Delta p)_{0} = 9.23 \times 10^{13} \, \mathrm{cm}^{-2} \, \mathrm{s}^{-1}
\]",\boxed{9.23 \times 10^{13}},NV,,False,EN,Math Derivation
4125,Modern Physics,Semiconductor Physics,Others,"Continue to solve the non-homogeneous differential equation

\[
f^{\prime \prime}(x) + 2z f^{\prime}(x) + k^{2} f(x) = \delta(x-x_{0})
\]

by using the Fourier transform method to find a particular solution of the original equation.","Using the Fourier transform, let

\[
f(x) = \frac{1}{2\pi} \int_{-\infty}^{\infty} g(P) \mathrm{e}^{\mathrm{i} P(x-x_{0})} \mathrm{d}P
\]

Given:

\[
\delta(x-x_{0}) = \frac{1}{2\pi} \int_{-\infty}^{\infty} \mathrm{e}^{\mathrm{i} P(x-x_{0})} \mathrm{d}P
\]

Substituting into the original equation, solve for:

\[
g(P) = \frac{1}{k^{2} + 2z \mathrm{i} P - P^{2}}
\]

Thus, a particular solution is given by the integral:

\[
f(x) = \frac{1}{2\pi} \int_{-\infty}^{\infty} \frac{\mathrm{e}^{\mathrm{i} P(x-x_{0})}}{k^{2} + 2z \mathrm{i} P - P^{2}} \mathrm{d}P
\]

Considering the properties of the Dirac delta function and analyzing the location of singularities, we have:

The singularities in the upper half-plane are

\[
P^{2} - 2z \mathrm{i} P - k^{2} = 0 \\
P = \mathrm{i} z \pm \sqrt{k^{2} - z^{2}} \quad (z > 0)
\]

Choose the semicircular contour in the upper half-plane (as shown in Figure 2.2.1):

\[
\begin{aligned}
f(x) = & -\frac{1}{2\pi} \theta(x-x_{0}) 2\pi \mathrm{i} \\
& \cdot \left[\frac{\mathrm{e}^{\mathrm{i}(x-x_{0})(\mathrm{i}z+\sqrt{k^{2}-z^{2}})}}{2\sqrt{k^{2}-z^{2}}} - \frac{\mathrm{e}^{\mathrm{i}(x-x_{0})(\mathrm{i}z-\sqrt{k^{2}-z^{2}})}}{2\sqrt{k^{2}-z^{2}}}\right]
\end{aligned}
\]

The final particular solution is:

\[
\begin{aligned}
& = \theta(x-x_{0}) \mathrm{e}^{\mathrm{i}(x-x_{0}) \mathrm{i}z} \frac{\sin((x-x_{0}) \sqrt{k^{2}-z^{2}})}{\sqrt{k^{2}-z^{2}}} \\
& = \theta(x-x_{0}) \frac{\sin((x-x_{0}) \sqrt{k^{2}-z^{2}})}{\sqrt{k^{2}-z^{2}}} e^{-(x-x_{0})z}
\end{aligned}
\]",\boxed{\theta(x-x_{0}) \frac{\sin((x-x_{0}) \sqrt{k^{2}-z^{2}})}{\sqrt{k^{2}-z^{2}}} e^{-(x-x_{0})z}},EX,,False,EN,
4127,Modern Physics,Semiconductor Physics,Transport Properties,"In silicon, the energy gap is 1.14 eV, the effective mass of holes \(m_{\mathrm{h}} \approx 0.3 m\), and the effective mass of electrons \(m_{\mathrm{e}} = 0.2 m\). What concentration of donor impurity arsenic (As) must be doped to make the non-intrinsic conductivity at room temperature exceed the intrinsic conductivity by a factor of \(10^{4}\)? (Ignore acceptor impurities, with a static dielectric constant of \(\varepsilon = 11.8\).)","Since \(np = f(T)\) indicates that at a given temperature, the product of thermal equilibrium carriers in any non-degenerate semiconductor is independent of the impurities present, it is also true for intrinsic semiconductors \((n=p=n_{i})\). Therefore, \(np = n_{i}^{2}\).

For an intrinsic semiconductor, its conductivity is

\[
\sigma_{i} = e n_{i}(\mu_{e} + \mu_{h}) \approx 2 e n_{i} \mu_{e}
\]

If the donor impurity concentration is \(N_{D}\), then at room temperature, \(n \approx N_{D}\) and the influence of acceptor impurities is neglected, so the conductivity of the material is

\[
\sigma = e \mu_{e} N_{D}
\]

According to the problem statement,

\[
\frac{\sigma}{\sigma_{i}} = \frac{N_{D}}{2 n_{i}} = 10^{4}
\]

where

\[
\begin{aligned}
n_{i} & =\frac{2(2 \pi k_{B} T)^{3/2} (m_{e} m_{h})^{3/4}}{\hbar^{3}} e^{-E_{g} / 2 k_{B} T} \\
& = 2.509 \times 10^{19} \times (0.2 \times 0.3)^{3/4} e^{-1.14 / (2 \times 0.026)} \\
& = 9.15 \times 10^{8} \, \text{cm}^{-3}
\end{aligned}
\]

thus

\[
N_{D} = 2 \times 10^{4} n_{i} = 1.83 \times 10^{13} \, \text{cm}^{-3}
\]",\boxed{1.83 \times 10^{13}},NV,\text{cm}^{-3},False,EN,Laws Application
4128,Modern Physics,Semiconductor Physics,Others,"Consider a soap film formed by a vertical wire frame, with gravitational acceleration \(g\) and surface tension \(\sigma\). Find the relationship between the liquid pressure \(P(z)\) and the film thickness function \(t = 2f(z)\).","As shown in Figure 2.1.10.

Let the film thickness be denoted as \(t = 2f\), which is a function of \(z\)

\[
R^{-1} = f^{\prime \prime} / \left[1 + f^{\prime 2}\right]^{3/2}
\]

Thus,

\[
P = P_{0} - \sigma f^{\prime \prime} / \left[1 + f^{\prime 2}\right]^{3/2}
\]

However, since the vertical film is in static equilibrium, the pressure must satisfy the equilibrium equation

\[
P(z) = P(z=0) - \rho gz
\]

Setting the two equations equal to each other, we have

\[
P(z=0) - \rho gz = P_{0} - \sigma f^{\prime \prime} / \left[1 + f^{\prime 2}\right]^{3/2}
\]

(Pressure is constant in the direction of \(x\)) In this equation, both \(P_{0}\) and \(P(z=0)\) are constants. Let

\[
\begin{gathered}
\Delta P = P_{0} - P(z=0) = \text{constant} \\
f^{\prime \prime} / \left[1 + f^{\prime 2}\right]^{3/2} = (\Delta P + \rho gz) / \sigma
\end{gathered}
\]",\boxed{\frac{f^{\prime \prime}}{\left[1 + f^{\prime 2}\right]^{3/2}} = \frac{\Delta P + \rho gz}{\sigma}},EQ,,False,EN,Math Derivation
4130,Modern Physics,Semiconductor Physics,"Magnetic, Optical, and Superconducting Properties","Consider a gas of conduction electrons at absolute zero under a weak magnetic field \(B\). Let the concentration of spin-up electrons be \(N_{+}\) and the concentration of spin-down electrons be \(N_{-}\), which can be expressed in terms of the parameter \(x\) as:

\[
N_{+}=\frac{1}{2} N(1+x), \quad N_{-}=\frac{1}{2} N(1-x)
\]

where \(N\) is the total electron concentration. Calculate the total energy and magnetization of the gas.","The energy of conduction electrons is given by

\[
\varepsilon=\frac{p^{2}}{2 m} \pm \mu B
\]

where \(\frac{p^{2}}{2 m}\) represents the kinetic energy of electrons. The density of states is

\[
\rho(E)=c \sqrt{E} \mathrm{~d} E, \quad E=\frac{p^{2}}{2 m}
\]

The concentration of electrons is

\[
N_{+}=c \int_{0}^{E_{+}} \rho(E) \mathrm{d} E, \quad N_{-}=c \int_{0}^{E_{-}} \rho(E) \mathrm{d} E
\]

At absolute zero, electrons of both spin directions fill all states below a specific energy \(\varepsilon_{0}\).

\[
\varepsilon_{0}=E_{+}-\mu B=E_{-}+\mu B
\]

Thus,

\[
\begin{gathered}
E_{+}=\varepsilon_{0}+\mu B, \quad E_{-}=\varepsilon_{0}-\mu B \\
N_{+}=\frac{1}{2} N(1+x)=c \int_{0}^{\varepsilon_{0}+\mu B} \sqrt{E} \mathrm{~d} E=\frac{2}{3} c\left(\varepsilon_{0}+\mu B\right)^{3/2} \\
N_{-}=\frac{1}{2} N(1-x)=c \int_{0}^{\varepsilon_{0}-\mu B} \sqrt{E} \mathrm{~d} E=\frac{2}{3} c\left(\varepsilon_{0}-\mu B\right)^{3/2}
\end{gathered}
\]

Let \(E_{F}\) be the Fermi energy when no magnetic field is applied:

\[
N=2 \cdot c \int_{0}^{E_{\mathrm{F}}} \sqrt{E} \mathrm{~d} E=\frac{4}{3} c E_{\mathrm{F}}^{3/2}
\]

Thus, we have

\[
\begin{aligned}
& \varepsilon_{0}+\mu B=E_{\mathrm{F}}(1+x)^{2/3} \\
& \varepsilon_{0}-\mu B=E_{\mathrm{F}}(1-x)^{2/3}
\end{aligned}
\]

The total energy of electrons with both spin directions is

\[
\begin{aligned}
E_{+ \text{tot}} & =c \int_{0}^{\varepsilon_{0}+\mu B}(E-\mu B) \sqrt{E} \mathrm{d} E \\
& =\frac{2}{5} c\left(\varepsilon_{0}+\mu B\right)^{5/2}-\mu B N_{+}
\end{aligned}
\]

\[
\begin{gathered}
E_{-\text{tot}}=c \int_{0}^{\varepsilon_{0}-\mu B}(E+\mu B) \sqrt{E} \mathrm{d} E \\
=\frac{2}{5} c\left(\varepsilon_{0}-\mu B\right)^{5/2}+\mu B N_{-}
\end{gathered}
\]

Substituting the above results yields

\[
\begin{aligned}
E_{+ \text{tot}} & =\frac{2}{5} c E_{\mathrm{F}}^{5/3}(1+x)^{5/3}-\frac{1}{2} \mu B N(1+x) \\
& =\frac{3}{10} N E_{\mathrm{F}}(1+x)^{5/3}-\frac{1}{2} \mu B N(1+x) \\
E_{- \text{tot}} & =\frac{3}{10} N E_{\mathrm{F}}(1-x)^{5/3}+\frac{1}{2} \mu B N(1-x)
\end{aligned}
\]

The total energy of the gas is

\[
E_{\mathrm{tot}}=\frac{3}{10} N E_{\mathrm{F}}\left[(1+x)^{5/3}+(1-x)^{5/3}\right]-\mu B N x
\]

To determine the parameter \(x\), based on \(\frac{\partial E_{\text{tot}}}{\partial x}=0\), we get

\[
x=\frac{3 \mu B}{2 E_{\mathrm{F}}} (\text{assuming } x \ll 1)
\]

Therefore, the total energy is

\[
E_{\mathrm{tot}}=\frac{3}{5} N E_{\mathrm{F}}-\frac{3 \mu^{2} B^{2}}{2 E_{\mathrm{F}}} N
\]

Since the magnetic moment is caused by electron spin, \(\mu=\mu_{B}\), from the equation

\[
E_{\mathrm{tot}}=\frac{3}{5} N E_{\mathrm{F}}-M B
\]

\(M\) represents the magnetization. From the above formula, the magnetization can be determined as

\[
M=\frac{3 \mu_{\mathrm{B}}^{2} N}{2 E_{\mathrm{F}}} B
\]","\boxed{\frac{3}{5} N E_{\mathrm{F}}-\frac{3 \mu^{2} B^{2}}{2 E_{\mathrm{F}}} N, \frac{3 \mu_{\mathrm{B}}^{2} N}{2 E_{\mathrm{F}}}}","EX, EX",,True,EN,Math Derivation
4136,Modern Physics,Semiconductor Physics,Others,"Consider a soap film formed by a vertical wire frame, with gravity acceleration \( g \) and surface tension \( \sigma \). Solve for the film thickness function \( t = 2f(z) \).","Refer to Figure 2.1.10.

The integral equation is

\[
f^{\prime \prime} / \left[1 + f^{\prime 2}\right]^{3/2} = (\Delta P + \rho gz) / \sigma
\]

Integrating once, we have

\[
f^{\prime} / \left(1 + f^{\prime 2}\right)^{1/2} = \frac{1}{\sigma} (\Delta P z + \frac{1}{2} \rho gz^{2}) + c_{1}
\]

Taking \( f^{\prime} = 0 \) at \( z = 0 \), it follows

\[
f^{\prime} / \left(1 + f^{\prime 2}\right)^{1/2} = \frac{1}{\sigma} \left(\Delta P z + \frac{1}{2} \rho gz^{2}\right) \approx f^{\prime}
\]

Since the film is very thin at \( f^{\prime} \ll 1\), the approximation \( f^{\prime \prime} / \left(1 + f^{\prime 2}\right)^{1/2} = f^{\prime} \), yields

\[
f(z) = \frac{1}{\sigma} \left(\frac{\Delta P}{2} z^{2} + \frac{\rho}{6} gz^{3}\right) + c_{2}
\]",\boxed{\frac{1}{\sigma} \left(\frac{\Delta P}{2} z^{2} + \frac{\rho}{6} gz^{3}\right) + c_{2}},EX,,False,EN,Math Derivation
4138,Modern Physics,Semiconductor Physics,"Magnetic, Optical, and Superconducting Properties","An insulator can be considered as composed of valence electrons and ions, with valence electrons harmonically bound to ions at an angular frequency \(\omega_0\). The concentration of valence electrons is \(N\). This insulator is placed in a uniform magnetic field \(B\) along the \(z\)-direction. Monochromatic light with an angular frequency \(\omega\) passes through along the \(z\)-axis. If the light is linearly polarized, find the rotation angle of the polarization plane after it has traveled a distance \(z\) (you may assume \(\Delta n \ll n\), where \(\Delta n = n_R - n_L, n = \left(n_R + n_L\right) / 2\)).","Linearly polarized light can be decomposed into right-handed and left-handed circularly polarized light.

\[
\begin{aligned}
\boldsymbol{E} &= \boldsymbol{E}_+ + \boldsymbol{E}_- \\
& = \frac{E_0}{2} 
\begin{bmatrix}
1 \\
\mathrm{i}
\end{bmatrix}
e^{\mathrm{i}(k_+ z - \omega t)} + \frac{E_0}{2} 
\begin{bmatrix}
1 \\
-\mathrm{i}
\end{bmatrix}
e^{\mathrm{i}(k_- z - \omega t)} \\
& = E_0 
\begin{bmatrix}
\cos \frac{k_+ - k_-}{2} z \\
- \mathrm{i} \sin \frac{k_+ - k_-}{2} z
\end{bmatrix}
e^{\mathrm{i}\left(\frac{k_+ + k_-}{2} z - \omega t\right)}
\end{aligned}
\]

Looking in the direction of light propagation, the rotation angle of the polarization plane in the clockwise direction is

\[
\theta = \frac{k_+ - k_-}{2} z = \frac{\omega z}{2 c} (n_+ - n_-) = \frac{\omega z}{2 c} \Delta n
\]

Assuming \(\Delta n \ll n\), i.e., \(\frac{\varepsilon_0 \omega_{\mathrm{p}}^2 \omega B}{N e (\omega_0^2 - \omega^2)} \ll 1\), then

\[
\begin{aligned}
n_\pm &= \sqrt{1 + \frac{\omega_{\mathrm{p}}^2}{\omega_0^2 - \omega^2} \left(1 \pm \frac{\varepsilon_0 \omega_{\mathrm{p}}^2 \omega B}{N e (\omega_0^2 - \omega^2)}\right)} \\
&\approx \sqrt{1 + \frac{\omega_{\mathrm{p}}^2}{\omega_0^2 - \omega^2}} \pm \frac{1}{2} \frac{\varepsilon_0 \omega_{\mathrm{p}}^4 \omega B}{N e (\omega_0^2 - \omega^2)^2 \sqrt{1 + \frac{\omega_{\mathrm{p}}^2}{\omega_0^2 - \omega^2}}}
\end{aligned}
\]

The approximation made above satisfies the condition \(\Delta n \ll n\), thus

\[
\begin{aligned}
\Delta n &= \frac{\varepsilon_0 \omega_{\mathrm{p}}^4 \omega B}{N e (\omega_0^2 - \omega^2) \sqrt{(\omega_0^2 - \omega^2)^2 + \omega_{\mathrm{p}}^2 (\omega_0^2 - \omega^2)}} \\
&= \frac{\omega_{\mathrm{p}}^2 \omega_0 \omega B}{(\omega_0^2 - \omega^2) \sqrt{(\omega_0^2 - \omega^2)^2 + \omega_{\mathrm{p}}^2 (\omega_0^2 - \omega^2)}}
\end{aligned}
\]

In the equation, \(\omega_0 = \frac{e B}{m}\).  
Substituting \(\Delta n\) into the formula for the rotation angle gives

\[
\begin{aligned}
\theta &= \frac{\omega z}{2c} \Delta n \\
&= \frac{\omega_{\mathrm{p}}^2 \omega^2 \omega_0}{2c (\omega_0^2 - \omega^2) \sqrt{(\omega_0^2 - \omega^2)^2 + \omega_{\mathrm{p}}^2 (\omega_0^2 - \omega^2)}} z
\end{aligned}
\]","\[
\boxed{\theta = \frac{\omega_{\mathrm{p}}^2 \omega^2 \omega_0}{2c (\omega_0^2 - \omega^2) \sqrt{(\omega_0^2 - \omega^2)^2 + \omega_{\mathrm{p}}^2 (\omega_0^2 - \omega^2)}} z}
\]",EX,,False,EN,Math Derivation
