index,domain,subject,topic,problem,solution,answers,answer_type,unit,is_multiple_answer,language,level
3786,Modern Physics,Solid-State Physics,Crystal Structure,"If a crystal lattice can act as an excellent diffraction grating, try to estimate the energy of the incident photons. Assume that the order of magnitude of the atomic spacing in the crystal is \(10^{-10} \, \mathrm{m}\) (1 Å). Diffraction can occur when the wavelength of the incident wave is less than this value.","If the incident photons striking the crystal produce diffraction, the wavelength of the incident wave is approximately \(10^{-10} \, \mathrm{m}\). Therefore, the energy of the incident photons is:

\[
E = h \nu = \frac{h c}{\lambda} = \frac{6.626 \times 10^{-34} \times 3 \times 10^{8}}{1 \times 10^{-10}} = 1.9878 \times 10^{-15} \, \mathrm{J} = 12407 \, \mathrm{eV}
\]",\boxed{12407},NV,\mathrm{eV},False,EN,Knowledge Recall
3787,Modern Physics,Solid-State Physics,Lattice Vibrations and Mechanical Properties of Solids,"Use the Debye model to calculate the density of states \(D(\omega)\) for a one-dimensional monoatomic lattice at temperatures below the Debye temperature \(\Theta_{D}=\frac{\hbar \pi v}{k_{B} a}\), where \(v\) is the speed of sound, \(a\) is the lattice constant, and \(k_{B}\) is the Boltzmann constant.","For a one-dimensional monoatomic lattice, the density of states is

\[
D(\omega)=\frac{L}{\pi v}
\]",\boxed{\frac{L}{\pi v}},NV,,False,EN,Knowledge Recall
3790,Modern Physics,Solid-State Physics,Crystal Structure,"A beam of electrons with a kinetic energy of 1 keV undergoes diffraction through a polycrystalline metal surface. This metal has a cubic crystal structure with an atomic spacing of \(1 \, \text{Å}\). Calculate the Bragg angle for the first-order diffraction maximum.","According to the Bragg reflection condition

\[
2d \sin \theta = n\lambda
\]

for the first-order diffraction maximum, \(n = 1\), and knowing \(d = 1 \, \text{Å}\), therefore

\[
\sin \theta = \frac{\lambda}{2d} = \frac{0.39}{2 \times 1} = 0.195
\]

Thus,

\[
\theta = 11.18^\circ
\]",\boxed{11.18},NV,^\circ,False,EN,Laws Application
3791,Modern Physics,Solid-State Physics,Lattice Vibrations and Mechanical Properties of Solids,"For a monoatomic gas, consider it as an ideal gas. At temperature \(T\), the internal energy per mole of the gas is given by

\[
E = \frac{i}{2} N k_{\mathrm{B}} T = \frac{i}{2} R T
\]

where \(i\) is the degree of freedom of the molecule, and \(R = N k_{\mathrm{B}} = 2 \, \text{cal/mol} \cdot \text{K}\). Determine the molar specific heat for a monoatomic gas.","For a monoatomic gas, \(i = 3\), thus the molar specific heat at constant volume is

\[
c_{V} = \frac{3}{2} R
\]",\boxed{\frac{3}{2} R},NV,,False,EN,Knowledge Recall
3793,Modern Physics,Solid-State Physics,Transport Properties of Electrons and Holes in Solids,"The resistivity of copper is \(1.56 \times 10^{-8} \, \Omega \cdot \mathrm{m}\). Find the mobility \(u\).","Mobility. From the conductivity formula
\[
\sigma=n e \mu
\]

Therefore,
\[
\mu=\frac{\sigma}{n e}=\frac{1}{1.56 \times 10^{-8}} \times \frac{1}{8.4 \times 10^{28} \times 1.6 \times 10^{-19}}=47.7 \, \mathrm{cm}^2/\mathrm{Vs}
\]",\boxed{47.7},NV,\mathrm{cm}^2/\mathrm{Vs},False,EN,Knowledge Recall
3796,Modern Physics,Solid-State Physics,Crystal Structure,"When you are sitting in front of a color television (which has a cathode-ray tube voltage of 25 kV), you are just under X-ray irradiation. As a result of the continuous spectrum, calculate the shortest wavelength (maximum energy) of the X-rays.","When X-rays are emitted, the maximum photon energy \(h \nu_{\max}\) should equal the electron energy \(e V\), so the shortest wavelength of the X-rays is

\[
\lambda_{\min} = \frac{c h}{e V} = \frac{12400}{V} = \frac{12400}{25 \times 10^{3}} = 0.496 \, \text{Å}
\]",\boxed{0.496},NV,\text{Å},False,EN,Knowledge Recall
3800,Modern Physics,Solid-State Physics,Crystal Defects and Motion,"In a simple cubic crystal composed of \(N\) monatomic atoms, consider point defects formed by vacancies at thermal equilibrium. If the temperature of the crystal is \(T\), and the energy required to create one vacancy is \(u\), write down the number of such defects \(n\) at thermal equilibrium, assuming \(n \ll N\).","The number of ways to form \(n\) vacancies by removing \(n\) atoms from \(N\) atoms is given by

\[
W=\frac{N!}{(N-n)!n!}
\]

This is due to the increase in the number of microstates caused by the formation of defects in the crystal, thus the change in configurational entropy is

\[
\Delta S=k_{\mathrm{B}} \ln W
\]

The creation of \(n\) vacancies leads to an increase in the internal energy of the crystal

\[
\Delta U=n u
\]

Therefore, the change in free energy of the crystal system due to the creation of \(n\) vacancies is

\[
\Delta F=n u-k_{\mathrm{B}} T \ln W=n u-k_{\mathrm{B}} T \ln \frac{N!}{(N-n)!n!}
\]

At thermal equilibrium, the number of point defects is determined by the condition:

\[
\frac{\partial \Delta F}{\partial n}=0
\]

Using Stirling's approximation, \(\ln x! \approx x \ln x-x\) (where \(x\) is a large number), and noting that both \(N\) and \(n\) are large numbers but \(n \ll N\), we obtain

\[
u-k_{\mathrm{B}} T \ln \frac{N}{n}=0
\]

Thus, the number of point defects at thermal equilibrium is

\[
n=N \mathrm{e}^{-u / k_{\mathrm{B}} T}
\]",\boxed{n=N e^{-u / k_{B} T}},EX,,False,EN,Math Derivation
3801,Modern Physics,Solid-State Physics,Transport Properties of Electrons and Holes in Solids,"Based on the density of states and energy changes, the specific heat of metal electrons as a function of temperature is:

\[
c_{\mathrm{e}}=\frac{\partial}{\partial T}\left(\frac{N_{0}}{E_{\mathrm{F}}^{0}} k_{B} T \cdot \frac{3}{2} k_{B} T\right)=3 N_{0} k_{B} \cdot \frac{k_{\mathrm{B}} T}{E_{\mathrm{F}}^{0}}=3 R \cdot \frac{T}{T_{\mathrm{F}}}
\]

Calculate and compare the specific heat of metal electrons to the classical theoretical value.","At high temperatures, the specific heat of solids follows the Dulong-Petit law, which is a constant and equals \(3 R\) (\(R\) is the gas constant). Therefore, the ratio of the electron specific heat obtained in this problem to the classical theoretical value is \(\frac{T}{T_{\mathrm{F}}}\). At room temperature \(T=300 \mathrm{~K}\), the Fermi temperature is generally around \(10^{4} \mathrm{~K}\), \(T_{\mathrm{F}} \gg T\), so the contribution of metal electrons to specific heat is extremely small.",\boxed{\frac{T}{T_{\mathrm{F}}}},NV,,False,EN,Laws Application
3803,Modern Physics,Solid-State Physics,Transport Properties of Electrons and Holes in Solids,"Assume silver is a monovalent metal with a spherical Fermi surface. Calculate the Fermi velocity. The density of silver is \(10.5 \ \mathrm{g/cm^3}\), and its atomic weight is \(107.87\).","The electron concentration of silver \(n = \frac{10.5}{107.87} \times 6.022 \times 10^{23} = 5.86 \times 10^{22} \ \mathrm{cm}^{-3}\)

The radius of the Fermi sphere \(k_{\mathrm{F}} = 1.2 \times 10^{8} \ \mathrm{cm}^{-1}\) (obtained from the previous step)

Fermi velocity \(v_{\mathrm{F}}\)

\[
v_{\mathrm{F}} = \frac{\hbar k_{\mathrm{F}}}{m} = \frac{1.05 \times 10^{-34} \times 1.2 \times 10^{8}}{9.1 \times 10^{-31}} = 1.38 \times 10^{8} \ \mathrm{cm/s}
\]",\boxed{1.38 \times 10^{8}},NV,,False,EN,Laws Application
3804,Modern Physics,Solid-State Physics,Crystal Structure,"If a lattice can serve as a very good diffraction grating, attempt to estimate the energy of the incident neutrons. Assume the order of magnitude of the atomic spacing in the crystal is \(10^{-10} \mathrm{~m}\) (1 Å), and diffraction can occur when the wavelength of the incident wave is less than this value. The rest energy of the neutron is \(m_{\mathrm{n}} c^{2}=939 \mathrm{MeV}\).","If the incident neutrons striking the crystal produce diffraction, then the incident wavelength is also approximately \(10^{-10} \mathrm{~m}\). Therefore, the energy of the incident neutrons is

\[
\begin{aligned}
E & = \frac{p^{2}}{2 m_{\mathrm{n}}} = \frac{\left(\frac{h}{\lambda}\right)^{2}}{2 m_{\mathrm{n}}} = \frac{h^{2}}{2 m_{\mathrm{n}} \lambda^{2}} = \left(\frac{h c}{\lambda}\right)^{2} \cdot \frac{1}{m_{\mathrm{n}} c^{2}} \\
& = \left(\frac{4.1358 \times 10^{-15} \times 3 \times 10^{8}}{1 \times 10^{-10}}\right)^{2} \cdot \frac{1}{939 \times 10^{6} \, \mathrm{eV}} \\
& = 8.2 \times 10^{-2} \, \mathrm{(eV)}
\end{aligned}
\]",\boxed{8.2 \times 10^{-2}},NV,,False,EN,Laws Application
3806,Modern Physics,Solid-State Physics,Binding in Solids,"Assume that the total interaction potential energy between ions in an ionic crystal is given by

\[
U(r) = -N \left[ \frac{M e^2}{4 \pi \varepsilon_0 r} - Z \lambda e^{-\frac{r}{\rho}} \right]
\]

Find the expression for \(e^{-\frac{r_0}{\rho}}\) under the equilibrium condition of the crystal, where \(\lambda, \rho\) are constants, and \(Z\) is the coordination number.","From the equilibrium condition

\[
\left. \frac{\partial U(r)}{\partial r} \right|_{r_0} = N \left[ \frac{M e^2}{4 \pi \varepsilon_0 r_0^2} - \frac{Z \lambda}{\rho} e^{-\frac{r_0}{\rho}} \right] = 0
\]

which gives

\[
e^{-\frac{r_0}{\rho}} = \frac{M \rho e^2}{4 \pi \varepsilon_0 Z \lambda r_0^2}
\]","\[
\boxed{\frac{M \rho e^2}{4 \pi \varepsilon_0 Z \lambda r_0^2}}
\]",EX,,False,EN,Math Derivation
3807,Modern Physics,Solid-State Physics,Binding in Solids,"Estimate the pressure required to compress a solid to a multiple \(\alpha\) of its normal density. What pressure is needed if the normal density of the solid is compressed to 10 times its usual value? Assume the bulk modulus of the solid, \(K = 10^{10} \, \mathrm{Pa}\).","From the definition of the crystal's bulk modulus

\[
K=-V\left(\frac{\partial P}{\partial V}\right)_{T}
\]

we have

\[
\mathrm{d}P = -K \frac{\mathrm{d}V}{V}
\]

Integrating both sides

\[
\int_{P_{0}}^{P} \mathrm{d}P = -\int_{V_{0}}^{V} K \frac{\mathrm{d}V}{V}
\]

gives

\[
P - P_{0} = -K \ln\frac{V}{V_{0}}
\]

\(V_{0}\) is the volume of the crystal at equilibrium. At natural equilibrium, the crystal is under atmospheric pressure, which causes a negligible change in the crystal volume. Thus, it can be approximated that \(P_{0}=0\), so

\[
P = -K \ln\frac{V}{V_{0}}
\]

If a solid is compressed to a multiple \(\alpha\) of its normal density, its volume will be \(\frac{1}{\alpha}\) of the original volume \(V_{0}\), that is

\[
\frac{V}{V_{0}} = \frac{1}{\alpha}
\]

then

\[
P = -K \ln\frac{V}{V_{0}} = -K \ln\frac{1}{\alpha} = K \ln\alpha
\]

Typically, the bulk modulus of a solid \(K = 10^{10} \, \mathrm{Pa}\). If \(\alpha = 10\), then

\[
P = 1 \times 10^{10} \ln 10 = 2.3 \times 10^{10} \, \mathrm{Pa} = 2.3 \times 10^{5} \, \mathrm{atm}
\]",\boxed{2.3 \times 10^{5}},NV,,False,EN,Laws Application
3808,Modern Physics,Solid-State Physics,Transport Properties of Electrons and Holes in Solids,"The density of copper is \(8.9 \times 10^{3} \, \mathrm{kg/m^3}\), and its atomic weight is 63.5. Assuming each copper atom releases one valence electron, find the Fermi energy \(E_{\mathrm{F}}^{0}\) at absolute zero.","The concentration of free electrons in copper is
\[
n=\frac{8.9 \times 10^3}{63.5} \times 6.02 \times 10^{23}=8.4 \times 10^{28} \, \mathrm{m}^{-3}
\]

The Fermi energy is
\[
\begin{aligned}
E_{\mathrm{F}}^{0} & =\frac{\hbar^2}{2m} \left(3\pi^{2}n\right)^{\frac{2}{3}} =\frac{\left(1.055 \times 10^{-34}\right)^{2}}{2 \times 9.1 \times 10^{-31}} \times \left(3\pi^{2} \times 8.4 \times 10^{28}\right)^{\frac{2}{3}} \\
& =1.12 \times 10^{-18} \, \mathrm{J} = \frac{1.12 \times 10^{-18}}{1.6 \times 10^{-19}} = 7.01 \, \mathrm{eV}
\end{aligned}
\]",\boxed{7.01},NV,,False,EN,Knowledge Recall
3810,Modern Physics,Solid-State Physics,Transport Properties of Electrons and Holes in Solids,"In the free electron model of metals, it is assumed that conduction electrons can be approximately considered as a free electron gas. Given that the resistivity of copper is \(1.7 \times 10^{-6} \, \Omega \cdot \mathrm{cm}\) and the atomic density of copper is \(8.5 \times 10^{22} \, \mathrm{cm}^{-3}\), estimate the relaxation time \(\tau\) of electrons in copper.","For copper, assuming each atom contributes one conduction electron, therefore,

\[
n = 8.5 \times 10^{22} \, \mathrm{cm}^{-3}
\]

Thus, the relaxation time of electrons in copper is given by

\[
\tau = \frac{m \sigma}{n e^{2}} = \frac{m}{n e^{2} \rho} = \frac{9.11 \times 10^{-31}}{8.5 \times 10^{22} \times (1.6 \times 10^{-19})^{2} \times 1.7 \times 10^{-8}} = 2.5 \times 10^{-14} \, \mathrm{s}
\]",\boxed{2.5 \times 10^{-14}},NV,\mathrm{s},False,EN,Practical Application
3811,Modern Physics,Solid-State Physics,Lattice Vibrations and Mechanical Properties of Solids,"According to Debye's law, the specific heat of a solid is proportional to the cube of the temperature \(T^{3}\). The formula is:

\[
c_{V}=\frac{12 \pi^{4} N k_{\mathrm{B}}}{5}\left(\frac{T}{\Theta_{\mathrm{D}}}\right)^{3}
\]

Given that at a temperature \(T=100 \mathrm{~K}\), the heat capacity of diamond is \(c_{V}=7.2 \times 10^{-2} \mathrm{cal} / \mathrm{mol} \cdot \mathrm{K}\), find the Debye temperature \(\Theta_{\mathrm{D}}\) of diamond.","Let \(N=N_{0}\) (Avogadro's number). According to Debye's law, we have:

\[
\Theta_{\mathrm{D}}=\left(\frac{12 \pi^{4} R}{5 c_{V}}\right)^{\frac{1}{3}} T=\left(\frac{12 \times 3.1416^{4} \times 8.314}{4.186 \times 5 \times 7.2 \times 10^{-2}}\right)^{\frac{1}{3}} \cdot 100=1861 \mathrm{~K}
\]",\boxed{1861},NV,\mathrm{K},False,EN,Laws Application
3813,Modern Physics,Solid-State Physics,Motion of Electrons in Electromagnetic Fields,"In a one-dimensional crystal with a fully filled electron band, the energy relationship is given by:
\[ 
E(k)=\frac{\hbar^{2} k_{1}^{2}}{6 m}-\frac{3 \hbar^{2} k^{2}}{m} 
\]

where \(m\) is the electron mass, \(k_{1}=\frac{1}{8 a}\), and the lattice constant \(a=3.14 \times 10^{-10} \mathrm{~m}\). Suppose an electron is removed from the state at \(k_{1}\), while all other states are occupied by electrons, resulting in a quasiparticle—a hole—at \(k_{1}\). Calculate the effective mass of the hole \(m_{\mathrm{h}}^{*}\).","The effective mass of the electron:
\[
\begin{aligned}
m_{\mathrm{e}}^{*} = \frac{\hbar^{2}}{\frac{\mathrm{d}^{2} E(k)}{\mathrm{d} k^{2}}} = \frac{\hbar^{2}}{\left(-\frac{6 \hbar^{2}}{m}\right)} = -\frac{m}{6} = -\frac{9.11 \times 10^{-31}}{6} = -1.52 \times 10^{-31} \, \mathrm{kg}
\end{aligned}
\]
The effective mass of the hole:
\[
m_{\mathrm{h}}^{*} = -m_{\mathrm{e}}^{*} = 1.52 \times 10^{-31} \, \mathrm{kg} = 0.17 m_{0}
\]",\boxed{1.52 \times 10^{-31}},NV,\mathrm{kg},False,EN,Laws Application
3814,Modern Physics,Solid-State Physics,Lattice Vibrations and Mechanical Properties of Solids,"Discuss the total momentum \(P\) of lattice vibrations in a one-dimensional monoatomic chain when the phonon quasi-momentum \(q = 0\). The one-dimensional lattice consists of \(N\) identical atoms with a lattice constant \(a\). Under the harmonic interaction of adjacent atoms, the atoms perform harmonic oscillations around equilibrium positions, with an amplitude \(A\) and angular frequency \(\omega\). The dynamics of atom positions are described by the following equation:
\[
m \frac{\mathrm{d}^{2} x_{n}}{\mathrm{d} t^{2}} = \beta \left(x_{n+1} + x_{n-1} - 2 x_{n}\right)
\]
The formula to calculate the total momentum \(P\) of the lattice vibrations is:
\[
P = -\mathrm{i} \omega m A \mathrm{e}^{-\mathrm{i} \omega t} \sum_{n=0}^{N-1} \mathrm{e}^{\mathrm{i} q n a}
\]","When \(q = 0\), using the series expansion of \(\mathrm{e}^{\mathrm{i} y}\):
\[
\mathrm{e}^{\mathrm{i} y} = 1 + \frac{\mathrm{i} y}{1!} + \frac{(\mathrm{i} y)^2}{2!} + \frac{(\mathrm{i} y)^3}{3!}
\]

and taking only the first term, we have:
\[
\sum_{n=0}^{N-1} \mathrm{e}^{\mathrm{i} q n a} = \frac{1 - (1 + \mathrm{i} 2 \pi l)}{1 - \left(1 + \mathrm{i} 2 \pi \frac{l}{N}\right)} = N
\]

Thus, the total momentum of the one-dimensional lattice vibrations given by the above expression is:
\[
P = -\mathrm{i} \omega (N m) A \mathrm{e}^{-\mathrm{i} \omega t}
\]

In this equation, \(N m\) represents the total mass of the one-dimensional lattice atoms, hence the momentum given by the above expression is the momentum of the entire vibration of the one-dimensional atomic chain:
\[
x(t) = A \mathrm{e}^{-\mathrm{i} \omega t}
\]

Here, \(x(t)\) represents the displacement of the entire one-dimensional atomic chain, and its momentum is:
\[
P = (N m) \dot{x}(t) = -\mathrm{i} \omega (N m) A \mathrm{e}^{-\mathrm{i} \omega t}
\]

The above equation gives the momentum. Therefore, \(q = 0\) indicates that the motion phases of all atoms in the atomic chain are completely consistent, having the same displacement, with a total momentum \(P = (N m) \frac{\mathrm{d} x}{\mathrm{d} t}\). This mode represents the uniform translation of the crystal as a whole, which carries physical momentum.",\boxed{P = -\mathrm{i} \omega (N m) A \mathrm{e}^{-\mathrm{i} \omega t}},EQ,,False,EN,Math Derivation
3815,Modern Physics,Solid-State Physics,Lattice Vibrations and Mechanical Properties of Solids,"Using the Debye model, calculate the Debye frequency \(\omega_{D}\) for a one-dimensional monatomic lattice at temperatures lower than the Debye temperature \(\Theta_{D}=\frac{\hbar \pi v}{k_{B} a}\), where \(v\) is the speed of sound, \(a\) is the lattice constant, and \(k_{B}\) is the Boltzmann constant.","The internal energy of the lattice is given by

\[
E=\int_{0}^{\omega_{D}} \frac{L}{\pi v} \frac{\hbar \omega}{\mathrm{e}^{\frac{\hbar \omega}{k_{B} T}}-1} \, \mathrm{d} \omega
\]

where \(\omega_{D}\) is determined by the following equation:

\[
\int_{0}^{\omega_{D}} \frac{L}{\pi v} \, \mathrm{d} \omega=N
\]

From this, we derive

\[
\omega_{D}=\frac{\pi N v}{L}=\frac{\pi v}{a}=\frac{k_{B} \Theta_{D}}{\hbar}
\]",\boxed{\frac{k_{B} \Theta_{D}}{\hbar}},EX,,False,EN,Math Derivation
3816,Modern Physics,Solid-State Physics,Transport Properties of Electrons and Holes in Solids,"If silver is considered as a monovalent metal with a spherical Fermi surface, calculate the radius of the Fermi sphere. The density of silver is \(10.5 \ \mathrm{g/cm^3}\) and the atomic weight is \(107.87\).","The electron concentration of silver \(n = \frac{10.5}{107.87} \times 6.022 \times 10^{23} = 5.86 \times 10^{22} \ \mathrm{cm}^{-3}\).

The radius of the Fermi sphere \(k_{\mathrm{F}}\) is given by:

\[
k_{\mathrm{F}} = 2 \pi \left(\frac{3}{8 \pi} \cdot n\right)^{\frac{1}{3}} = 2 \pi \left(\frac{3}{8 \pi} \times 5.86 \times 10^{22}\right)^{\frac{1}{3}} = 1.2 \times 10^{8} \ \mathrm{cm}^{-1}
\]",\boxed{1.2 \times 10^{8}},NV,\mathrm{cm}^{-1},False,EN,Practical Application
3818,Modern Physics,Solid-State Physics,Crystal Defects and Motion,"In an ionic crystal, due to the requirement of electrical neutrality, Schottky defects are produced in pairs. Assume the volume occupied by one NaCl molecule in the crystal is \(v\), let \(n\) represent the number of pairs of cation and anion vacancies, and \(N\) be the total number of cation-anion pairs in the ionic crystal. Schottky defects cause an increase in the crystal's volume. Estimate the relative change in volume \(\Delta V / V\) of the ionic crystal when Schottky defects are present, based on the following conclusion:

\[
n = N \mathrm{e}^{-\frac{E}{2 k_{\mathrm{B}} T}}
\]","Assume the volume occupied by one NaCl molecule in the crystal is \(v\). When \(n\) pairs of cation and anion vacancies are created, since these \(n\) pairs have migrated to the surface of the crystal, the increase in the crystal's volume is

\[
\Delta V = n v
\]

When there are no Schottky defects, the volume of the crystal is

\[
V = N v
\]

Therefore,

\[
\frac{\Delta V}{V} = \frac{n v}{N v} = \frac{n}{N}
\]

Substituting the result \(n = N \mathrm{e}^{-\frac{E}{2 k_{\mathrm{B}} T}}\) into the equation, we obtain

\[
\frac{\Delta V}{V} = \mathrm{e}^{-\frac{E}{2 k_{\mathrm{B}} T}}
\]",\boxed{\mathrm{e}^{-\frac{E}{2 k_{\mathrm{B}} T}}},EX,,False,EN,Math Derivation
3821,Modern Physics,Solid-State Physics,Binding in Solids,"A linear Bravais solid chain is composed of \(N\) inert gas atoms. If the average interaction potential between every two atoms is given by

\[
\phi(x)=\phi_{0}\left[\left(\frac{\sigma}{x}\right)^{12}-2\left(\frac{\sigma}{x}\right)^{6}\right]
\]

find the linear elastic modulus \(K\).","The linear elastic modulus is 

\[
K=\left.x_{0} \frac{\mathrm{~d}^{2} \phi}{\mathrm{~d} x^{2}}\right|_{x_{0}}=x_{0} \phi_{0}\left[\frac{12 \times 13 \sigma^{12}}{x_{0}^{14}}-\frac{12 \times 7 \sigma^{6}}{x_{0}^{8}}\right]
\]

Since \(x_{0}=\sigma\),

\[
K=\sigma \phi_{0}(12 \times 13-12 \times 7) \cdot \frac{1}{\sigma^{2}}=\frac{72 \phi_{0}}{\sigma}
\]",\boxed{\frac{72 \phi_{0}}{\sigma}},NV,,False,EN,Math Derivation
3822,Modern Physics,Solid-State Physics,Lattice Vibrations and Mechanical Properties of Solids,"Based on experimental measurement data, the heat capacity of iron at \(T_1 = 20 \, \text{K}\) is \(c_V^{(1)} = 0.054 \, \text{cal} / \text{mol} \cdot \text{K}\), and at \(T_2 = 30 \, \text{K}\) it is \(c_V^{(2)} = 0.18 \, \text{cal} / \text{mol} \cdot \text{K}\). Assuming that at low temperatures, the heat capacity of the crystal can be expressed as \(c_V = a T + b T^3\), where the contribution of electrons to the heat capacity is proportional to the temperature, and the heat capacity of the crystal atoms is proportional to the cube of the temperature. Find the value of the coefficient \(b\) using the given conditions.","According to the given model \(c_V = a T + b T^3\), applying the experimental data we have:

\[
\begin{cases} 
c_V^{(1)} = a T_1 + b T_1^3 \\ 
c_V^{(2)} = a T_2 + b T_2^3 
\end{cases}
\]

By applying \([ (3) \times T_1 ] - [ (2) \times T_2 ]\), we get:

\[
b = \frac{c_V^{(2)} T_2 - c_V^{(1)} T_2}{T_2^3 T_1 - T_1^3 T_2} = \frac{0.18 \times 20 - 0.054 \times 30}{30^3 \times 20 - 20^3 \times 30} = \frac{1.98}{30 \times 10^4}
\]",\boxed{\frac{1.98}{30 \times 10^4}},NV,,False,EN,Practical Application
3823,Modern Physics,Solid-State Physics,Lattice Vibrations and Mechanical Properties of Solids,"In the above result, the wave vector of the third phonon formed through synthesis is \(\boldsymbol{q}_{3} = 2.22 \times 10^{10} \, \text{m}^{-1} \, \boldsymbol{i} + 0.92 \times 10^{10} \, \text{m}^{-1} \, \boldsymbol{j}\). Confirm whether it lies within the first Brillouin zone.

The distance from the origin of the reciprocal lattice space to the boundary of the first Brillouin zone in the \(x\) direction is \(\frac{1}{2} \frac{2 \pi}{a} = 1.57 \times 10^{10} \, \text{m}^{-1}\).","Since \(\boldsymbol{q}_{3} = 2.22 \times 10^{10} \, \text{m}^{-1} \, \boldsymbol{i} + 0.92 \times 10^{10} \, \text{m}^{-1} \, \boldsymbol{j}\) exceeds the limit of the first Brillouin zone \(1.57 \times 10^{10} \, \text{m}^{-1}\), we use periodic boundary conditions:

Choose the reciprocal lattice vector \(\boldsymbol{G}_{h} = -\boldsymbol{b}_{1} = -3.14 \times 10^{10} \, \text{m}^{-1} \, \boldsymbol{i}\), then

\[
\begin{aligned}
\boldsymbol{q}_{3} & =\boldsymbol{q}_{1}+\boldsymbol{q}_{2}+\boldsymbol{G}_{h}=2.22 \times 10^{10} \, \text{m}^{-1} \, \boldsymbol{i}+0.92 \times 10^{10} \, \text{m}^{-1} \, \boldsymbol{j}-3.14 \times 10^{10} \, \text{m}^{-1} \, \boldsymbol{i} \\
& =-0.92 \times 10^{10} \, \text{m}^{-1} \, \boldsymbol{i}+0.92 \times 10^{10} \, \text{m}^{-1} \, \boldsymbol{j} \\
& =-\frac{\sqrt{2}}{2} \times 1.3 \times 10^{10} \, \text{m}^{-1} \, \boldsymbol{i}+\frac{\sqrt{2}}{2} \times 1.3 \times 10^{10} \, \text{m}^{-1} \, \boldsymbol{j}
\end{aligned}
\]

The adjusted phonon wave vector is along the \([\overline{1}, 1, 0]\) direction, with magnitude still \(1.3 \times 10^{10} \, \text{m}^{-1}\), which is within the first Brillouin zone.",\boxed{Yes},TF,,False,EN,Laws Application
3824,Modern Physics,Solid-State Physics,Transport Properties of Electrons and Holes in Solids,"If the collision resistance of electrons in a metal is expressed as \(-\frac{mv_d}{\tau}\), where \(\tau\) is the mean free time, the equation for the electron drift velocity \(v_d\) is

\[
m\left(\frac{\mathrm{d} v_d}{\mathrm{d} t}+\frac{v_d}{\tau}\right) = -e \varepsilon
\]

Assuming an alternating electric field \(\varepsilon = \varepsilon_0 e^{-\mathrm{i}\omega t}\), determine the conductivity \(\sigma(\omega)\) of the metal under this electric field.","In steady state, the electron drift velocity is

\[
v_d = -\frac{e \varepsilon_0 \tau}{m} \frac{e^{-\mathrm{i}\omega t}}{1-\mathrm{i} \omega \tau}
\]

Let the electron concentration in the metal be \(n\), then under the influence of the electric field, the current density passing through the metal is

\[
j = -n e v_d = n e \cdot \frac{e \tau \varepsilon_0}{m} \cdot \frac{e^{-\mathrm{i}\omega t}}{1-\mathrm{i} \omega \tau} = \frac{n e^2 \tau}{m} \frac{1}{1-\mathrm{i} \omega \tau} \varepsilon \propto \varepsilon
\]

Thus, the conductivity of the metal is

\[
\sigma = \frac{n e^2 \tau}{m} \frac{1}{1-\mathrm{i} \omega \tau} = \sigma(0) \frac{1+\mathrm{i} \omega \tau}{1+(\omega \tau)^2}
\]

where \(\sigma(0) = \frac{n e^2 \tau}{m}\).",\[\boxed{\sigma(\omega) = \frac{n e^2 \tau}{m} \frac{1}{1-\mathrm{i} \omega \tau}}\],EQ,,False,EN,Math Derivation
3825,Modern Physics,Solid-State Physics,Crystal Structure,"A beam of electrons with a kinetic energy of 1 keV undergoes diffraction after passing through a polycrystalline metal foil. This metal has a cubic crystal structure with an atomic spacing of \(1 \, \text{Å}\). Calculate the wavelength of the electrons.","Since the electron wavelength

\[
\lambda = \frac{h}{p}
\]

and \(\frac{p^{2}}{2m} = eV\) (\(V\) is the accelerating voltage of the electrons), therefore

\[
\lambda = \frac{h}{(2meV)^{1/2}} \approx \frac{12.25}{V^{1/2}} = \frac{12.25}{\sqrt{1000}} = 0.39 \, \text{Å}
\]",\boxed{0.39},NV,,False,EN,Laws Application
3826,Modern Physics,Solid-State Physics,Transport Properties of Electrons and Holes in Solids,"If the collision resistance of electrons in a metal can be expressed as \(-\frac{mv_d}{\tau}\), where \(\tau\) is the mean free time, the equation for the electron drift velocity \(v_d\) is

\[
m\left(\frac{\mathrm{d} v_d}{\mathrm{d} t}+\frac{v_d}{\tau}\right) = -e \varepsilon
\]

Given that the alternating electric field is \(\varepsilon = \varepsilon_0 e^{-\mathrm{i}\omega t}\), solve for the electron drift velocity \(v_d\).","Substituting the alternating electric field \(\varepsilon = \varepsilon_0 e^{-\mathrm{i}\omega t}\) into the equation, we obtain

\[
m\left(\frac{\mathrm{d} v_d}{\mathrm{d} t}+\frac{v_d}{\tau}\right) = -e \varepsilon_0 e^{-\mathrm{i}\omega t}
\]

Reorganizing yields

\[
\frac{\mathrm{d} v_d}{\mathrm{d} t}+\frac{v_d}{\tau} = -\frac{e \varepsilon_0}{m} e^{-\mathrm{i}\omega t}
\]

The general solution to the homogeneous equation \(\frac{\mathrm{d} v_d}{\mathrm{d} t}+\frac{v_d}{\tau}=0\) is

\[
v_d = A e^{-\frac{t}{\tau}}
\]

Assuming a particular solution to the non-homogeneous equation as \(v_d = B e^{-\mathrm{i}\omega t}\), substituting into the equation gives

\[
-\mathrm{i} \omega B e^{-\mathrm{i}\omega t} + \frac{B}{\tau} e^{-\mathrm{i}\omega t} = -\frac{e \varepsilon_0}{m} e^{-\mathrm{i}\omega t}
\]

The undetermined coefficient \(B\) is

\[
B = -\frac{e \varepsilon_0}{m} \cdot \frac{\tau}{1-\mathrm{i} \omega \tau}
\]

Thus, the general solution of the equation is

\[
v_d = A e^{-\frac{t}{\tau}} - \frac{e \varepsilon_0 \tau}{m} \frac{e^{-\mathrm{i}\omega t}}{1-\mathrm{i} \omega \tau}
\]

The first term in the above expression rapidly decays with increasing time, and becomes zero in the steady state, hence

\[
v_d = -\frac{e \varepsilon_0 \tau}{m} \frac{e^{-\mathrm{i}\omega t}}{1-\mathrm{i} \omega \tau}
\]","\[
\boxed{-\frac{e \varepsilon_0 \tau}{m} \frac{e^{-\mathrm{i}\omega t}}{1-\mathrm{i} \omega \tau}}
\]",EX,,False,EN,Math Derivation
3832,Modern Physics,Solid-State Physics,Energy Bands in Solids,"Under the coordinate transformation \(x^{\prime}=y, y^{\prime}=-x, z^{\prime}=z\), how does the Bloch wave \(\Psi_{k}^{x}(\boldsymbol{r})=c \sum_{n} \mathrm{e}^{\mathrm{i} \boldsymbol{k} \cdot \boldsymbol{R}_{n}} \phi_{p x}\left(\boldsymbol{r}-\boldsymbol{R}_{n}\right)\) of a face-centered cubic crystal with wave vector \(\boldsymbol{k}=\left(k_{0}, 0, 0\right)\) transform? Is the wave vector the same as the original?","\[
\begin{aligned}
P_{R} \Psi_{k}^{x}(\boldsymbol{r}) &= \Psi_{k}^{x}\left(\boldsymbol{r}^{\prime}\right) \\
&= c \sum_{n} \mathrm{e}^{\mathrm{i} k_{0} X_{n}} \phi_{p x}\left(x^{\prime}-X_{n}, y^{\prime}-Y_{n}, z^{\prime}-Z_{n}\right) \\
&= c \sum_{n} \mathrm{e}^{\mathrm{i} k_{0} X_{n}} \phi_{p x}\left(y-X_{n}, -x-Y_{n}, z-Z_{n}\right) \\
&= c \sum_{n} \mathrm{e}^{\mathrm{i} k_{0} X_{n}} \left(y-X_{n}\right) f\left(\sqrt{\left(y-X_{n}\right)^{2}+\left(-x-Y_{n}\right)^{2}+\left(z-Z_{n}\right)^{2}}\right) \\
&= c \sum_{n} \mathrm{e}^{\mathrm{i} k_{0} X_{n}} \left(y-X_{n}\right) f\left(\sqrt{\left(x+Y_{n}\right)^{2}+\left(y-X_{n}\right)^{2}+\left(z-Z_{n}\right)^{2}}\right)
\end{aligned}
\]

\[
\begin{aligned}
&= c \sum_{n^{\prime}} \mathrm{e}^{\mathrm{i} \boldsymbol{r}^{\prime} \cdot \boldsymbol{R}_{n^{\prime}}} \phi_{p y}\left(\boldsymbol{r}-\boldsymbol{R}_{n^{\prime}}\right) \\
&= \Psi_{k}^{y}(\boldsymbol{r})
\end{aligned}
\]

Where:

\[
\begin{aligned}
\boldsymbol{k}^{\prime} &= \left(0, k_{0}, 0\right) \\
\boldsymbol{R}_{n^{\prime}} &= -Y_{n} \boldsymbol{i} + X_{n} \boldsymbol{j} + Z_{n} \boldsymbol{k}
\end{aligned}
\]

Thus, the transformation results in another Bloch wave, but the wave vector changes to \(\boldsymbol{k}^{\prime}=\left(0, k_{0}, 0\right)\), which is a Bloch wave in the \(y\) direction.",\boxed{No},TF,,False,EN,Math Derivation
3833,Modern Physics,Solid-State Physics,Lattice Vibrations and Mechanical Properties of Solids,Consider a solid with internal atomic vibrations. Calculate the free energy \( F \) of a phonon mode with frequency \(\omega\) at temperature \( T \).,"For a phonon mode with frequency \(\omega\), the partition function is

\[
Z=\sum_{n=0}^{\infty} e^{-(n+1/2) \hbar \omega / k_{\mathrm{B}} T}=\frac{e^{-\hbar \omega / 2 k_{\mathrm{B}} T}}{1-e^{-\hbar \omega / k_{\mathrm{B}} T}}
\]

Thus, the free energy is

\[
F_{1}=-k_{\mathrm{B}} T \ln Z=k_{\mathrm{B}} T\left[\frac{1}{2} \frac{\hbar \omega}{k_{\mathrm{B}} T}+\ln \left(1-e^{-\hbar \omega / k_{\mathrm{B}} T}\right)\right]
\]","\[
\boxed{k_{\mathrm{B}} T\left[\frac{1}{2} \frac{\hbar \omega}{k_{\mathrm{B}} T}+\ln \left(1-e^{-\hbar \omega / k_{\mathrm{B}} T}\right)\right]}
\]",EX,,False,EN,Laws Application
3835,Modern Physics,Solid-State Physics,Lattice Vibrations and Mechanical Properties of Solids,"Discuss the situation of the total momentum \(P\) of the lattice vibrations of a one-dimensional monoatomic chain when the phonon quasi-momentum \(q \neq 0\). The one-dimensional lattice is composed of \(N\) identical atoms with lattice constant \(a\). Under the harmonic interaction between neighboring atoms, the atoms oscillate harmonically around their equilibrium positions with amplitude \(A\) and angular frequency \(\omega\). The atomic positions are described by the following dynamic equation:
\[
m \frac{\mathrm{d}^{2} x_{n}}{\mathrm{d} t^{2}} = \beta \left(x_{n+1} + x_{n-1} - 2 x_{n}\right)
\]
The formula for calculating the total momentum \(P\) of the lattice vibrations is:
\[
P = -\mathrm{i} \omega m A \mathrm{e}^{-\mathrm{i} \omega t} \sum_{n=0}^{N-1} \mathrm{e}^{\mathrm{i} q n a}
\]","Utilize periodic boundary conditions:
\[
q = \frac{2 \pi}{N a} l, \quad l=0, \pm 1, \pm 2, \cdots
\]

According to the geometric series summation formula:
\[
\sum_{n=0}^{N-1} \mathrm{e}^{\mathrm{i} q n a} = \frac{1 - \mathrm{e}^{\mathrm{i} q N a}}{1 - \mathrm{e}^{\mathrm{i} q a}} = \frac{1 - \mathrm{e}^{\mathrm{i} 2 \pi l}}{1 - \mathrm{e}^{\mathrm{i} 2 \pi \frac{l}{N}}}
\]

From the above expression, when \(l \neq 0\) (i.e., \(q \neq 0\)), the numerator is zero, thus \(\sum_{n=0}^{N-1} \mathrm{e}^{\mathrm{i} q n a} = 0\), indicating that the total momentum of the lattice vibrations \(P = 0\) as given by the above equation. This implies that lattice vibrations do not result in a change in the momentum of the crystal, meaning it does not possess physical momentum. However, when discussing interactions between phonons and electrons or photons, we often introduce the momentum \(\hbar \boldsymbol{q}\) for phonons to express momentum conservation in interactions. \(\hbar \boldsymbol{q}\) is not physical momentum and is often called the phonon quasi-momentum. The reason it is not physical momentum is that phonons do not carry physical momentum.",\boxed{0},NV,,False,EN,Math Derivation
3836,Modern Physics,Solid-State Physics,Lattice Vibrations and Mechanical Properties of Solids,"Using the Debye model, consider one mole of a monatomic crystal with a volume \(V\) and containing a constant number \(N\) (Avogadro's constant) of atoms. Given the Debye frequency \(\omega_m\) and Debye temperature \(\Theta_{\mathrm{D}}\), find the specific heat of the monatomic crystalline solid.","Using the thermodynamic integration method and the Debye model, the Debye frequency can be expressed as

\[
\omega_{m} = \left(\frac{6 \pi^{2} N}{V}\right)^{\frac{1}{3}} v
\]

From the Debye temperature

\[
\Theta_{\mathrm{D}} = \frac{\hbar \omega_{m}}{k_{\mathrm{B}}}
\]

At high temperatures, the specific heat of the solid is

\[
c_{V} = 3 N k_{B}
\]

At low temperatures, the specific heat of the solid is

\[
c_{V} = 234 N k_{\mathrm{B}}\left(\frac{T}{\Theta_{\mathrm{D}}}\right)^{3} \propto T^{3}
\]","\boxed{c_{V} = 3 N k_{B}, c_{V} = 234 N k_{\mathrm{B}}\left(\frac{T}{\Theta_{\mathrm{D}}}\right)^{3}}","EX, EX","\text{None}, \text{None}",True,EN,Laws Application
3840,Modern Physics,Solid-State Physics,Motion of Electrons in Electromagnetic Fields,"Consider the electron energy band of a one-dimensional crystal, which can be expressed as

\[
E(k)=\frac{\hbar^{2}}{m a^{2}}\left(\frac{7}{8}-\cos k a+\frac{1}{8} \cos 2 k a\right)
\]

Try to find the effective mass of electrons at the bottom and top of the energy band.","The effective mass of electrons at the bottom and top of the band is given by

\[
\frac{1}{m^{*}}=\frac{1}{\hbar^{2}} \frac{d^{2} E(k)}{d k^{2}}=\frac{1}{m}\left(\cos k a-\frac{1}{2} \cos 2 k a\right)
\]

Therefore, for the band bottom at \(k=0\),

\[
m^{*}=m\left(1-\frac{1}{2}\right)^{-1}=2 m
\]

For the band top at \(k=\frac{\pi}{a}\),

\[
m^{*}=m\left(-1-\frac{1}{2}\right)^{-1}=-\frac{2}{3} m
\]","\boxed{2, -\frac{2}{3}}","NV, NV","m, m",True,EN,Math Derivation
3844,Modern Physics,Solid-State Physics,Transport Properties of Electrons and Holes in Solids,"Metallic sodium has a body-centered cubic structure with a lattice constant of \(4.25 \times 10^{-8} \mathrm{~cm}\). Assuming each atom contributes one conduction electron, calculate the conduction electron density of metallic sodium.","The conduction electron density is

\[
n=\frac{2}{\left(4.25 \times 10^{-8}\right)^{3}}=2.6 \times 10^{28} \mathrm{~m}^{-3} 
\]",\boxed{2.6 \times 10^{28}},NV,,False,EN,Practical Application
3847,Modern Physics,Solid-State Physics,Lattice Vibrations and Mechanical Properties of Solids,"Given the Einstein temperature of diamond \(\Theta_{E}=1320 \mathrm{~K}\), carbon atom mass \(m=19.92 \times 10^{-27} \mathrm{~kg}\), and lattice constant \(3.57 \ \AA\). Calculate the zero-point vibrational energy per unit volume of diamond at absolute temperature.","At absolute temperature, the zero-point vibrational energy of a lattice wave with frequency \(\omega_{E}\) is \(\frac{1}{2} \hbar \omega_{E}\). The crystal has a total of \(3N\) lattice waves, so the total zero-point vibrational energy of the crystal is

\[
\bar{E}=3N \cdot \frac{1}{2} \hbar \omega_{E}=\frac{3}{2} N k_{B} \Theta_{E}
\]

The zero-point vibrational energy per unit volume is

\[
\bar{E}_{0}=\frac{\bar{E}}{V}=\frac{3}{2} \frac{N}{V} k_{\mathrm{B}} \Theta_{E}
\]

The volume of one unit cell of diamond is \(a^{3}\), which contains 8 carbon atoms

\[
\frac{V}{N}=\frac{a^{3}}{8}
\]

Thus,

\[
\bar{E}_{0} = \frac{3}{2} \frac{N}{V} k_{B} \Theta_{E} = \frac{12}{a^{3}} k_{B} \Theta_{E} = \frac{12}{\left(3.57 \times 10^{-10}\right)^{3}} \times 1.3807 \times 10^{-23} \times 1320
\]

\[
=4.81 \times 10^{9}\left(\mathrm{J} / \mathrm{m}^{3}\right)=1.15 \times 10^{9}\left(\mathrm{cal} / \mathrm{m}^{3}\right)
\]","\boxed{4.81 \times 10^{9}, 1.15 \times 10^{9}}","NV, NV","\mathrm{J/m^3}, \mathrm{cal/m^3}",True,EN,Practical Application
3848,Modern Physics,Solid-State Physics,Crystal Defects and Motion,"The lattice constant of monocrystalline silicon is \(a=5.4295 \AA\), and its density is \(\rho=2.3306 \times 10^{3} \mathrm{~kg} \cdot \mathrm{m}^{-3}\). When \(0.314\%\) boron is doped, the lattice constant decreases by \(0.0046 \AA\), but the density increases by \(1.54 \mathrm{~kg} \cdot \mathrm{m}^{-3}\). Both scenarios, with and without boron doping, are at \(T=298 \mathrm{~K}\). Assuming boron atoms substitute silicon atoms, calculate the density of the silicon crystal after doping.","Assuming boron atoms occupy substitutional positions, calculate the crystal density using the following formula:

\[
\begin{aligned}
\rho_{\mathrm{s}}^{n} & =\frac{797488 \times \frac{28.086 \times 10^{-3}}{6.022 \times 10^{23}}+2512 \times \frac{10.811 \times 10^{-3}}{6.022 \times 10^{23}}}{1 \times 10^{5} \times\left(5.4249 \times 10^{-10}\right)^{3}} \\
& =\frac{797488 \times 28.086 \times 10^{-3}+2512 \times 10.811 \times 10^{-3}}{1 \times 10^{5} \times\left(5.4249 \times 10^{-10}\right)^{3} \times 6.022 \times 10^{23}} \\
& =\frac{22398.24797+27.157}{159.6523116 \times 6.022 \times 10^{-2}} = 2.33251 \times 10^{3} \mathrm{~kg} \cdot \mathrm{m}^{-3}
\end{aligned}
\]",\boxed{2.33251 \times 10^{3}},NV,,False,EN,Practical Application
3849,Modern Physics,Solid-State Physics,Lattice Vibrations and Mechanical Properties of Solids,"For a diatomic gas, consider it as an ideal gas. At temperature \(T\), the internal energy per mole of the gas is given by

\[
E = \frac{i}{2} N k_{\mathrm{B}} T = \frac{i}{2} R T
\]

where \(i\) is the degrees of freedom of the molecule, and \(R = N k_{\mathrm{B}} = 2 \mathrm{cal} / \mathrm{mol \cdot K}\). Find the molar specific heat of the diatomic gas.","For a diatomic gas, \(i = 5\), so the molar specific heat at constant volume is

\[
c_{V} = \frac{5}{2} R
\]",\boxed{\frac{5}{2}},NV,R,False,EN,Knowledge Recall
3850,Modern Physics,Solid-State Physics,Binding in Solids,"Given that the bulk modulus of NaCl crystal is \(2.4 \times 10^{10} \, \mathrm{Pa}\), by what percentage will the distance between adjacent ions in the crystal decrease under a pressure of 20,000 atmospheres? It is known that \(1 \, \mathrm{atm} = 10^{5} \, \mathrm{Pa}\).","From problem solution 1.1.35, we know that under a pressure \(P\), the volume of the NaCl crystal will change to \(V\), which is related to the original equilibrium volume \(V_{0}\) by the equation

\[
P = -K \ln \frac{V}{V_{0}}
\]

where \(K\) is the elastic modulus of the NaCl crystal.

\[
\frac{V}{V_{0}} = \left(\frac{r}{r_{0}}\right)^{3}
\]

Here, \(r\) is the distance between adjacent ions, and \(r_{0}\) is the equilibrium distance. Therefore, we have

\[
P = -K \ln \frac{V}{V_{0}} = -K \ln \left(\frac{r}{r_{0}}\right)^{3}
\]

Thus,

\[
\frac{r}{r_{0}} = \mathrm{e}^{-\frac{P}{3K}} = \mathrm{e}^{-\frac{2 \times 10^{4} \times 10^{5}}{3 \times 2.4 \times 10^{10}}} = 0.9726
\]

Therefore,

\[
\frac{r_{0} - r}{r_{0}} = 1 - \frac{r}{r_{0}} = 1 - 0.9726 = 0.0274 = 2.74\%
\]",\boxed{2.74\%},NV,\%,False,EN,Laws Application
3852,Modern Physics,Solid-State Physics,Crystal Defects and Motion,"Zinc is doped into copper, where some copper atoms are replaced by zinc atoms. By employing the free electron model, determine the ratio of zinc atoms to copper atoms when the Fermi sphere just touches the boundary of the first Brillouin zone. (Copper has a face-centered cubic lattice and is monovalent, while zinc is divalent.)","Assume the lattice constant of the face-centered cubic lattice is \(a\), and the total number of lattice points is \(M\). The percentage of Zn atoms in the lattice is \(x\), and Cu atoms is \((1-x)\). Therefore, the total number of electrons in the lattice is

\[
N = 2 \cdot Mx + 1 \cdot (1-x)M = (1+x)M
\]

The volume occupied by one lattice point in a face-centered cubic lattice is \(\frac{a^{3}}{4}\), and the volume of the lattice is \(M \cdot \frac{a^{3}}{4}\). The electron concentration in the crystal should be

\[
n = \frac{N}{M \cdot \frac{a^{3}}{4}} = \frac{(1+x) \cdot M}{M \cdot \frac{a^{3}}{4}} = \frac{4(1+x)}{a^{3}}
\]

According to the free electron filling, the radius of the Fermi sphere should be

\[
k_{F} = 2 \pi \left( \frac{3}{8 \pi} \right)^{\frac{1}{3}} n^{\frac{1}{3}}
\]

The reciprocal lattice of a face-centered cubic lattice is body-centered, with the reciprocal lattice constant being \(\frac{4 \pi}{a}\). The Fermi sphere will touch the boundary of the first Brillouin zone when the Fermi sphere radius is equal to half the distance from the body center to any vertex of the reciprocal lattice unit cell, i.e., \(\frac{1}{4}\) of the diagonal.

\[
\frac{1}{4} \sqrt{3 \cdot \left( \frac{4 \pi}{a} \right)^{2}} = \frac{\sqrt{3} \pi}{a}
\]

Substituting into the above Fermi radius expression

\[
k_{F} = 2 \pi \left( \frac{3}{8 \pi} \right)^{\frac{1}{3}} n^{\frac{1}{3}} = \frac{\sqrt{3} \pi}{a}
\]

Then

\[
n = \frac{\sqrt{3} \pi}{a^{3}}
\]

Substituting into the above electron concentration expression

\[
\frac{4(1+x)}{a^{3}} = \frac{\sqrt{3} \pi}{a^{3}}
\]

Thus

\[
x = \frac{\sqrt{3} \pi}{4} - 1 = 0.36
\]

\[
1-x = 1 - 0.36 = 0.64
\]

Thus, the ratio of zinc to copper that should be doped is

\[
\frac{x}{1-x} = \frac{0.36}{0.64} = \frac{9}{16}
\]",\boxed{\frac{9}{16}},NV,,False,EN,Practical Application
3853,Modern Physics,Solid-State Physics,Crystal Defects and Motion,"The lattice constant of single crystal silicon is \(a = 5.4295 \, \text{Å}\), and its density is \(\rho = 2.3306 \times 10^{3} \, \text{kg} \cdot \text{m}^{-3}\). After doping with \(0.314\%\) boron, the lattice constant decreases by \(0.0046 \, \text{Å}\), while the density increases by \(1.54 \, \text{kg} \cdot \text{m}^{-3}\). Both before and after doping with boron, the process takes place at \(T = 298 \, \text{K}\). Assuming boron atoms occupy interstitial positions in silicon, calculate the density of the silicon crystal at this point.","Assuming boron occupies interstitial positions, calculate the overall density of the unit cell using the following formula:

\[
\begin{aligned}
\rho_{i}^{*} & = \frac{M}{V} \\
& = \frac{8 \times 10^{5} \times \frac{28.086 \times 10^{-3}}{6.022 \times 10^{23}} + 2512 \times \frac{10.811 \times 10^{-3}}{6.022 \times 10^{23}}}{1 \times 10^{5} \times \left(5.4249 \times 10^{-10}\right)^{3}} \\
& = \frac{8 \times 10^{5} \times 28.086 \times 10^{-3} + 2512 \times 10.811 \times 10^{-3}}{10^{5} \times \left(5.4249 \times 10^{-10}\right)^{3} \times 6.022 \times 10^{23}}
\end{aligned}
\]

The calculation yields: \(\rho_{i}^{*} = 2.33985 \times 10^{3} \, \text{kg} \cdot \text{m}^{-3}\).",\boxed{2.33985 \times 10^{3}},NV,\mathrm{kg} \cdot \mathrm{m}^{-3},False,EN,Practical Application
3854,Modern Physics,Solid-State Physics,Lattice Vibrations and Mechanical Properties of Solids,"In a three-dimensional crystal, given that the lattice constant of a face-centered cubic monatomic crystal is \(a=5 \, \text{Å}\), the transverse elastic wave velocity \(v_{t}=3.54 \times 10^{5} \, \text{cm/s}\), and the longitudinal elastic wave velocity \(v_{l}=4.92 \times 10^{5} \, \text{cm/s}\), calculate the Debye temperature.","According to the Debye model,

\[
\int_{0}^{\omega_{D}} D(\omega) \mathrm{d} \omega = 3 N
\]

The expression for the density of states is

\[
\int_{0}^{\omega_{D}} \frac{3 V}{2 \pi^{2}} \frac{\omega^{2}}{v_{\mathrm{p}}^{3}} \mathrm{~d} \omega = 3 N
\]

Thus,

\[
\frac{1}{3} \frac{3 V}{2 \pi^{2}} \frac{\omega_{\mathrm{D}}^{3}}{v_{\mathrm{p}}^{3}} = 3 N
\]

The Debye frequency is

\[
\omega_{\mathrm{D}} = \left( \frac{6 \pi^{2} N}{V} \right)^{\frac{1}{3}} v_{\mathrm{p}}
\]

For a face-centered cubic crystal, there are 4 atoms per unit cell, hence

\[
\frac{N}{V} = \frac{4}{a^{3}}
\]

\(v_{\mathrm{p}}\) is the average sound velocity:

\[
\frac{1}{v_{\mathrm{p}}} = \frac{1}{3} \left(\frac{1}{v_{l}} + \frac{2}{v_{t}}\right)
\]

Finally, we obtain

\[
\omega_{D} = \frac{2}{a} \left(9 \pi^{2}\right)^{\frac{1}{3}} \left(\frac{1}{v_{l}} + \frac{2}{v_{t}^{2}}\right)^{-\frac{1}{3}}
\]

When \(a = 5 \times 10^{-8}\),

\[
\omega_{D} = 4.737 \times 10^{13} \, \mathrm{Hz}
\]

Therefore, the Debye temperature

\[
\Theta_{\mathrm{D}} = \frac{\hbar \omega_{\mathrm{D}}}{k_{\mathrm{B}}} = \frac{1.055 \times 10^{-34}}{1.38 \times 10^{-23}} \times 4.737 \times 10^{13} = 362 \, \mathrm{K}
\]",\boxed{362},NV,,False,EN,Practical Application
3860,Modern Physics,Solid-State Physics,Transport Properties of Electrons and Holes in Solids,"If a \(1.0 \, \mathrm{V/cm}\) direct current (DC) electric field is applied in copper, find the average drift velocity \(\bar{v}_{d}\) of the electrons.","The average drift velocity is given by
\[
\bar{v}_{d} = \mu \varepsilon = 47.7 \times 10^{-4} = 47.7 \, \mathrm{cm/s}
\]",\boxed{47.7},NV,,False,EN,Knowledge Recall
3863,Modern Physics,Solid-State Physics,Crystal Structure,"Given that X-rays produce Bragg reflection on a crystal. The relative error in the measurement of the crystal structure's density and mass is \(3 \times 10^{-4}\). When the angle between the incident and reflected rays and the crystal surface is \(6^{\circ}\), the error is \(3.4^{\prime}\) (in radian units). Determine the relative error of the X-ray wavelength.","For simplicity, assume the crystal structure's unit cell is a simple cube with a side length of \(d\). (For unit cells of other structures, the difference is just a coefficient close to 1).

From the Bragg reflection formula:

\[
2d \sin \theta = n \lambda
\]

If we take \(n=1\), then

\[
2d \sin \theta = \lambda
\]

Differentiating the above equation gives:

\[
\frac{\Delta \lambda}{\lambda} = \frac{\Delta d}{d} + \cot \theta \cdot \Delta \theta
\]

And the volume of the crystal unit cell:

\[
\Omega = d^{3} = \frac{M}{\rho N_{0}}
\]

where: \(M\) is the molar mass, \(\rho\) is the density of the crystal.\\
Differentiating the above equation gives:

\[
\frac{\Delta d}{d} = \frac{1}{3}\left(\frac{\Delta \rho}{\rho} - \frac{\Delta M}{M}\right)
\]

According to the problem:

\[
\frac{\Delta M}{M} = \frac{\Delta \rho}{\rho} = 3 \times 10^{-4}
\]

Therefore:

\[
\frac{\Delta d}{d} = 0
\]

Thus, we have:

\[
\frac{\Delta \lambda}{\lambda} = \cot \theta \cdot \Delta \theta
\]

Substituting \(\theta = 6^{\circ}\) and \(\Delta \theta = 3.4^{\prime}\) into the equation gives:

\[
\frac{\Delta \lambda}{\lambda} \approx 10^{-2}
\]",\boxed{10^{-2}},NV,,False,EN,
3864,Modern Physics,Solid-State Physics,Energy Bands in Solids,"Under the coordinate transformation \(x^{\prime}=y, y^{\prime}=-x, z^{\prime}=z\), how does the wave function \(\Psi_{k}^{x}(\boldsymbol{r})\) change as \(k \rightarrow 0\)?","When \(k \rightarrow 0\), since \(\boldsymbol{k}=0\) remains unchanged under all symmetry operations, we have

\[
\Psi_{k}^{x}(\boldsymbol{r}) \rightarrow \Psi_{k^{\prime}}^{y}(\boldsymbol{r}) \quad \text{(note that } k \rightarrow k^{\prime} \text{)}
\]

Thus, under the coordinate transformation \(x^{\prime}=y, y^{\prime}=-x, z^{\prime}=z\),

\[
\Psi_{0}^{x}(\boldsymbol{r}) \rightarrow \Psi_{0}^{y}(\boldsymbol{r})
\]

reflecting the symmetry of \(\Psi_{0}^{x}(\boldsymbol{r})\).",\boxed{\Psi_{0}^{x}(\boldsymbol{r}) \rightarrow \Psi_{0}^{y}(\boldsymbol{r})},EX,,False,EN,Laws Application
3871,Modern Physics,Solid-State Physics,Crystal Structure,"Apply the method of integration by parts to solve the following integrals \(\int_{0}^{\infty} \sin G r \mathrm{e}^{-\frac{2 r}{a_{0}}} \mathrm{d} r\) and \(\int_{0}^{\infty} \cos G r \mathrm{e}^{-\frac{2 r}{a_{0}}} \mathrm{d} r\), obtaining the results:

\[ 
I_{1} = \frac{G a_{0}^{2}}{4+a_{0}^{2} G^{2}} 
\]

and

\[ 
I_{2} = \frac{2 a_{0}}{4+a_{0}^{2} G^{2}} 
\]","First, apply integration by parts to solve \(I_{1}\)

\[
\begin{aligned}
I_{1} & =-\frac{a_{0}}{2}\left[\left.\left(\sin G r \mathrm{e}^{-\frac{2 r}{a_{0}}}\right)\right|_{0}^{\infty}-\int_{0}^{\infty} G \cos G r \mathrm{e}^{-\frac{2 r}{a_{0}}} \mathrm{d} r\right] \\
& =\frac{G a_{0}}{2} \int_{0}^{\infty} \cos G r \mathrm{e}^{-\frac{2 r}{a_{0}}} \mathrm{d} r=-\frac{G a_{0}^{2}}{4}\left[\left.\left(\cos G r \mathrm{e}^{-\frac{2 r}{a_{0}}}\right)\right|_{0}^{\infty}+\int_{0}^{\infty} G \sin G r \mathrm{e}^{-\frac{2 r}{a_{0}}} \mathrm{d} r\right] \\
& =\frac{G a_{0}^{2}}{4}-\frac{G^{2} a_{0}^{2}}{4} I_{1}
\end{aligned}
\]

Rearranging yields

\[
I_{1}=\frac{G a_{0}^{2}}{4+a_{0}^{2} G^{2}}
\]

By similar calculations, we find

\[
I_{2}=\frac{2 a_{0}}{4+a_{0}^{2} G^{2}}
\]","\boxed{\frac{G a_{0}^{2}}{4+a_{0}^{2} G^{2}}, \frac{2 a_{0}}{4+a_{0}^{2} G^{2}}}","EX, EX","None, None",True,EN,Math Derivation
3878,Modern Physics,Solid-State Physics,Motion of Electrons in Electromagnetic Fields,"Attempt to derive the formula for the transverse effective mass \(m_{t}^{*}\) of electrons in semiconductor silicon using the cyclotron resonance experiment with the magnetic field \(B\) directed along \([1,0,0]\).","As seen in problem 1.1.100, the formula for the effective mass \(m^{*}\) in cyclotron resonance shows that this mass depends not only on \(m_{1}^{*}, m_{2}^{*}, m_{3}^{*}\) but also on the orientation of the magnetic field. Due to crystal symmetry, there can be more than one extremum point at the same energy level, such as multiple conduction band minima in a semiconductor. Thus, for the same magnetic field orientation, the angle between the field and different extrema may vary, causing the effective mass \(m^{*}\) to differ, resulting in several cyclotron resonance frequencies. In other words, several resonance peaks can appear on the cyclotron resonance curve for the same direction of the magnetic field.

Semiconductor silicon has 6 conduction band minima located along the 6 symmetric axes \([1,0,0], [\overline{1}, 0,0], [0,1,0], [0, \overline{1}, 0], [0,0,1], [0,0, \overline{1}]\). Thus, the equipotential surface near the conduction band minima of electrons forms rotational ellipsoids with these 6 symmetric axes as the rotational axes. Electrons have two effective masses: the longitudinal effective mass \(m_{l}^{*}\) along the axis and the transverse effective mass \(m_{t}^{*}\) perpendicular to it.

Let \(k_{z}\) be the rotational axis of the ellipsoid. We have \(m_{s}^{*}=m_{l}^{*}, m_{1}^{*}=m_{2}^{*}=m_{t}^{*}\). Substituting into the formula for the cyclotron resonance effective mass \(m^{*}\) from problem 1.1.100, we get:

\[
\begin{aligned}
\frac{1}{m^{*}} & =\frac{1}{m_{t} \sqrt{m_{l}}}\left[m_{t} \sin ^{2} \alpha_{3}+m_{l} \cos ^{2} \alpha_{3}\right]^{\frac{1}{2}} \\
& =\frac{1}{m_{t}}\left[\frac{m_{t}}{m_{l}} \sin ^{2} \alpha_{3}+\cos ^{2} \alpha_{3}\right]^{\frac{1}{2}}
\end{aligned}
\]

From this formula, the cyclotron resonance frequency is related not only to \(m_{t}\) and \(m_{l}\) but also solely depends on the angle between the magnetic field and the rotational symmetric axis \(k_{z}\). Now, let's find the cosine of the angle between the magnetic field \(B\) in the \([1,0,0]\) direction and the 6 symmetric axes at the silicon conduction band minima. For the \([1,0,0]\) and \([\overline{1}, 0,0]\) conduction band minima:

\[
\left.\begin{array}{c}
\cos \alpha_{3}=\frac{1 \times 1+0 \times 0+0 \times 0}{\sqrt{1^{2}+0^{2}+0^{2}} \sqrt{1^{2}+0^{2}+0^{2}}}=1 \\
\cos \alpha_{3}=\frac{1 \times(-1)+0 \times 0+0 \times 0}{\sqrt{(-1)^{2}+0^{2}+0^{2}} \sqrt{1^{2}+0^{2}+0^{2}}}=-1
\end{array}\right\} \cos ^{2} \alpha_{3}=1
\]

There are two values for \(\cos ^{2} \alpha_{3}\), indicating that in the cyclotron resonance experiment with the magnetic field directed along \([1,0,0]\), two resonance peaks will be observed. According to the cyclotron resonance frequency formula:

\[
\omega_{c}=\frac{e B}{m^{*}}
\]

Two different cyclotron resonance effective masses, \(m_{1}^{*}\) and \(m_{2}^{*}\), can be calculated:

\[
m_{1}^{*}=\frac{e B_{1}}{\omega_{c_{1}}}, \quad m_{2}^{*}=\frac{e B_{2}}{\omega_{c_{2}}}
\]

where \(B_{1}\) and \(B_{2}\) are different magnetic field strengths corresponding to the two different cyclotron resonance frequencies. Inserting into equation (1), we get: 
(a) When \(\cos ^{2} \alpha_{3}=1\), \(\sin ^{2} \alpha_{3}=0\)

\[
\frac{1}{m_{1}^{*}}=\frac{1}{m_{t}} \cdot 1
\]

Thus:

\[
m_{t}=m_{1}^{*}
\]",\boxed{m_{t} = m_{1}^{*}},EQ,,False,EN,Math Derivation
3879,Modern Physics,Solid-State Physics,Transport Properties of Electrons and Holes in Solids,"In the free electron model of metals, it is assumed that conduction electrons can be approximated as a free electron gas, where the most important parameters are the electron number density \(n\) and the time between two collisions \(\tau\). Derive the expression for the electrical conductivity of the metal

\[
\sigma = \frac{n e^{2} \tau}{m}
\]","For free electrons, the relationship between momentum \(\boldsymbol{p}\) and wave vector \(\boldsymbol{k}\) is

\[
p = \hbar \boldsymbol{k}
\]

The equation of motion under the influence of an external force \(\boldsymbol{F}\) is

\[
F = \frac{\mathrm{d} p}{\mathrm{d} t} = \hbar \frac{\mathrm{d} \boldsymbol{k}}{\mathrm{d} t}
\]

That is, due to the external force, the \(\boldsymbol{k}\) values of all electrons increase in the direction parallel to the force \(\boldsymbol{F}\). However, through collisions, the electrons return to their original state to reach a state of equilibrium. If the relaxation time for these collisions is \(\tau\), then the equilibrium displacement of the wave vector \(\delta \boldsymbol{k}\) is

\[
\delta \boldsymbol{k} = \frac{\tau}{\hbar} \boldsymbol{F}
\]

Correspondingly, the change in velocity is

\[
\delta v = \frac{\delta \boldsymbol{p}}{m} = \frac{\hbar}{m} \delta \boldsymbol{k} = \frac{\tau}{m} \boldsymbol{F}
\]

If the applied electric field is \(\varepsilon\), then the force acting on each electron is

\[
\boldsymbol{F} = -e \boldsymbol{\varepsilon}
\]

The resulting current density is

\[
j = -n e \delta v = \frac{n e^{2} \tau}{m} \varepsilon = \sigma \varepsilon
\]

Thus, the electrical conductivity \(\sigma\) is

\[
\sigma = \frac{n e^{2} \tau}{m}
\]",\boxed{\sigma = \frac{n e^{2} \tau}{m}},EQ,,False,EN,Math Derivation
3880,Modern Physics,Solid-State Physics,Lattice Vibrations and Mechanical Properties of Solids,"A material with density \(\rho\) has a face-centered cubic lattice with a cubic edge length of \(a\) and an Einstein temperature of \(\Theta_{\mathrm{E}}\). For the high-temperature limit, i.e., \(T > \Theta_{\mathrm{E}}\), express the average square displacement of atoms in the \(x\)-direction \(\overline{r_{x}^{2}}\) in terms of \(\rho\), \(a\), \(\Theta_{\mathrm{E}}\), and other necessary physical constants.","For a face-centered cubic lattice, the volume of a unit cell (containing only one atom) is \(\frac{a^{3}}{4}\), so the density of the lattice is

\[
\rho = \frac{m}{\frac{a^{3}}{4}} = \frac{4m}{a^{3}}
\]

where \(m\) is the mass of one atom, i.e.,

\[
m = \frac{a^{3}}{4} \rho
\]

In the Einstein model, the vibration of each atom in the crystal can be considered as independent simple harmonic oscillation with the same angular frequency \(\omega_{E}\). The Einstein temperature \(\Theta_{\mathrm{E}}\) is defined as

\[
\hbar \omega_{E} = k_{\mathrm{B}} \Theta_{\mathrm{E}}
\]

According to section 1.1.42 of classic mechanics, the mean kinetic energy of an atom undergoing simple harmonic motion with \(\omega_{E}\) is

\[
\frac{1}{2} m \omega_{E}^{2} \overline{r_{x}^{2}}
\]

This equals half of the total mean energy, and according to the results of quantum mechanics, the energy of an oscillator with angular frequency \(\omega_{\mathrm{E}}\) is

\[
\left(n + \frac{1}{2}\right) \hbar \omega_{E}
\]

Thus,

\[
\overline{r_{x}^{2}} = \frac{\left(n + \frac{1}{2}\right) \hbar \omega_{E}}{m \omega_{E}^{2}} = \left(n + \frac{1}{2}\right) \frac{\hbar}{m \omega_{E}}
\]

At temperature \(T\), oscillators are distributed among eigenstates according to the Boltzmann distribution, so

\[
\overline{r_x^2} = \frac{\sum_{n=0}^\infty \left( n + \frac{1}{2} \right) \frac{\hbar}{m \omega_E} e^{-\left( n + \frac{1}{2} \right) \frac{\hbar \omega_E}{k_B T}}}{\sum_{n=0}^\infty e^{-\left( n + \frac{1}{2} \right) \frac{\hbar \omega_E}{k_B T}}} = \frac{\hbar}{m \omega_E} \left[ \frac{\sum_{n=0}^\infty n e^{- \left( n + \frac{1}{2} \right) \frac{\hbar \omega_E}{k_B T}}}{\sum_{n=0}^\infty e^{- \left( n + \frac{1}{2} \right) \frac{\hbar \omega_E}{k_B T}}} + \frac{1}{2} \right]
\]

The first term in the bracket can be written as

\[
\begin{aligned}
\frac{\sum n e^{n \chi}}{\sum e^{n \chi}} & = \frac{\sum \frac{d}{d \chi} e^{n \chi}}{\sum e^{n \chi}} = \frac{\frac{d}{d \chi} \sum e^{n \chi}}{\sum e^{n \chi}} = \frac{d}{d \chi} \ln \sum e^{n \chi} \\
& = \frac{d}{d \chi} \ln \left(\frac{1}{1 - e^{\chi}}\right) = \frac{e^{\chi}}{1 - e^{\chi}} = \frac{1}{e^{-\chi} - 1}
\end{aligned}
\]

Noting that \(\chi = -\frac{\hbar \omega_{\mathrm{E}}}{k_{\mathrm{B}} T}\), substituting into the above formula gives

\[
\overline{r_{x}^{2}} = \frac{\hbar}{m \omega_{E}}\left(\frac{1}{e^{\frac{\hbar \omega_{E}}{k_{\mathrm{B}} T}}-1} + \frac{1}{2}\right)
\]

By substituting equations (1) and (2) into the formula above, we get

\[
\begin{aligned}
\overline{r_{x}^{2}} & = \frac{\hbar}{\frac{a^{3}}{4} \rho \cdot \frac{k_{\mathrm{B}} \Theta_{\mathrm{E}}}{\hbar}}\left(\frac{1}{e^{\frac{\hbar \omega_{E}}{k_{\mathrm{B}} T}} - 1} + \frac{1}{2}\right) \\
& = \frac{4 \hbar^{2}}{k_{\mathrm{B}} \Theta_{\mathrm{E}} a^{3} \rho} \left(\frac{1}{e^{\frac{\Theta_{\mathrm{E}}}{T}} - 1} + \frac{1}{2}\right)
\end{aligned}
\]

In the high-temperature limit, \(\frac{\Theta_{E}}{T} \ll 1\), and ignoring the contribution of zero-point energy, it becomes

\[
\overline{r_{x}^{2}} \approx \frac{4 \hbar^{2}}{k_{\mathrm{B}} \Theta_{\mathrm{E}} a^{3} \rho} \cdot \frac{T}{\Theta_{\mathrm{E}}} = \frac{4 \hbar^{2} T}{k_{\mathrm{B}} \Theta_{\mathrm{E}}^{2} a^{3} \rho}
\]",\boxed{\frac{4 \hbar^{2} T}{k_{\mathrm{B}} \Theta_{\mathrm{E}}^{2} a^{3} \rho}},EX,,False,EN,Math Derivation
3881,Modern Physics,Solid-State Physics,Transport Properties of Electrons and Holes in Solids,"Consider a one-dimensional metal composed of atoms arranged regularly at a distance \( b \), with each atom contributing one valence electron. Using the tight-binding approximation, the atomic wave function is given by \(\Psi\left(r-R_{i}\right)\), where \(R_{i}\) is the position of the nucleus of the \(i\)-th atom \(\left(R_{i}=ib\right)\), and it is assumed that the nuclear position is fixed. Given:

\[
\begin{aligned}
& \int \Psi^{*}\left(r-R_{i}\right) H \Psi\left(r-R_{i}\right) \mathrm{d}^{3} r = -E_{0}, \\
& \int \Psi^{*}\left(r-R_{i}\right) H \Psi\left(r-R_{i+1}\right) \mathrm{d}^{3} r = -V, \\
& \int \Psi^{*}\left(r-R_{i}\right) H \Psi\left(r-R_{i+j}\right) \mathrm{d}^{3} r = 0, \quad \text{for } j \geqslant 2,
\end{aligned}
\]

where \( H \) is the Hamiltonian. Calculate the electronic band structure (\(\varepsilon_{k}\) as a function of \(k\)).","In the tight-binding method, the electron wave function can be expressed as:

\[
\begin{aligned}
& \Psi_{k}(r) = \sum_{i} c_{i} \varphi_{k}, \\
& \hat{H} \Psi_{k} = E(k) \Psi_{k},
\end{aligned}
\]

where

\[
\varphi_{k}^{j} = \frac{1}{\sqrt{N}} \sum_{R_{l}} \mathrm{e}^{\mathrm{i} k R_{l}} \Psi\left(r-R_{l}\right).
\]

For the one-dimensional problem, \(\varphi_{k}(r) = \varphi_{k}^{j}\) thus

\[
E(k) = \langle \Psi_{k} | \hat{H} | \Psi_{k} \rangle = \langle \varphi_{k} | \hat{H} | \varphi_{k} \rangle = -\left(E_{0} + 2V \cos(kb)\right).
\]

This result uses the conditions provided in the problem.",\(\boxed{-\left(E_{0} + 2V \cos(kb)\right)}\),EX,,False,EN,Math Derivation
3882,Modern Physics,Solid-State Physics,Energy Bands in Solids,"Under the coordinate transformation \(x^{\prime}=y, y^{\prime}=-x, z^{\prime}=z\), does the energy eigenvalue of the Bloch wave \(\Psi_{k}^{x}(\boldsymbol{r})\) for a face-centered cubic crystal with a wave vector \(\boldsymbol{k}=\left(k_{0}, 0, 0\right)\) remain the same if it is an electronic wave function?","Evidently, the two Bloch waves \(\Psi_{k}^{x}(\boldsymbol{r})\) and \(\Psi_{k}^{y}(\boldsymbol{r})\) will correspond to the same energy eigenvalue. This is due to the macroscopic symmetry of the lattice potential, which ensures the Hamiltonian of the crystal electrons remains invariant under symmetry operations, causing the degeneracy in the solutions of the Schrödinger equation.",\boxed{Yes},TF,,False,EN,Laws Application
3887,Modern Physics,Solid-State Physics,Crystal Defects and Motion,"Under the action of external force, a simple cubic crystal \((0,0,1)\) plane undergoes relative slip along the \([1,0,0]\) direction. When the slip amount is \(x\), the potential energy function is

\[
U = U_{0} - A \cos \frac{2 \pi x}{a}
\]

Using elastic theory, prove the critical shear stress

\[
\tau_{m} = \frac{G}{2 \pi}
\]

where \(G\) is the shear modulus of the crystal.","From Figure 1.1.10, we can see that the direction of the closest atomic arrangement on the crystal plane \((0,0,1)\) is \([1,0,0]\). Take \([1,0,0]\) as the \(x\)-axis. When the \((0,0,1)\) plane undergoes relative slip along the \(x\)-direction (minimum slip distance is \(a\)), the restoring force should be

\[
F = \frac{\partial U}{\partial x} = -\frac{2 \pi}{a} A \sin \frac{2 \pi x}{a}
\]

Assume the slip area is \(S\), then the applied shear stress is

\[
\tau = -\frac{F}{S} = \frac{2 \pi}{a S} A \sin \frac{2 \pi x}{a} = \tau_{m} \sin \frac{2 \pi x}{a}
\]

\(\tau_{m}\) is the maximum shear stress, \(\tau_{m} = \frac{2 \pi}{a S} A\). When \(x \ll a\),

\[
\tau = \tau_{m} \sin \frac{2 \pi x}{a} \approx \tau_{m} \cdot 2 \pi \cdot \frac{x}{a}
\]

\(\tau \propto \frac{x}{a}\), stress is proportional to strain, and the crystal undergoes elastic deformation, following Hooke's law. According to elastic theory, the proportionality coefficient is the shear modulus \(G\)

\[
G = \tau_{m} 2 \pi
\]

Thus,

\[
\tau_{m} = \frac{G}{2 \pi}
\]

The maximum shear stress, i.e., the critical shear stress, is reached when the applied shear stress exceeds this value, and the crystal will undergo permanent slip or plastic deformation. Incidentally, from the above theoretical result, \(\frac{\tau_{m}}{G} = \frac{1}{2 \pi} \approx \frac{1}{6}\), but the experimentally measured values of \(\frac{\tau_{m}}{G}\) are listed in Table 1.1.3, showing that the experimental values are smaller than the theoretical prediction of rigid plane slip by 3-4 orders of magnitude. This indicates that the shear stress required for relative slip within a crystal plane is not as large as theoretically predicted. Therefore, Taylor and others proposed a new slip mechanism hypothesis, suggesting that the slip does not involve overall relative movement but is achieved through the movement of dislocations on the slip plane. Compared with the entire crystal plane, the dislocation line involves only a few atoms, which, due to lattice distortion, are in a higher energy state and more prone to relative motion. The movement of dislocations on the slip plane is equivalent to the successive movement of atoms on the slip plane. The critical shear stress calculated according to this model is consistent with the experimental values for actual crystals.

Table 1.1.3

\[
\begin{array}{c|c}
\hline
\text{Metal} & \frac{\tau_{m}}{G} \\
\hline
\text{Sn} & \frac{1}{1500} \\
\hline
\text{Ag} & \frac{1}{45000} \\
\hline
\text{Al} & \frac{1}{6000} \\
\hline
\end{array}
\]",\boxed{\frac{G}{2 \pi}},NV,,False,EN,Math Derivation
3889,Modern Physics,Solid-State Physics,Motion of Electrons in Electromagnetic Fields,"In a one-dimensional crystal with a full electronic band, the electron energy relation is given by
\[ 
E(k)=\frac{\hbar^{2} k_{1}^{2}}{6 m}-\frac{3 \hbar^{2} k^{2}}{m} 
\]

where \(m\) is the electron mass, \(k_{1}=\frac{1}{8 a}\), and the lattice constant \(a=3.14 \times 10^{-10} \, \mathrm{m}\). If an electron is removed from the state at \(k_{1}\) while all other states are fully occupied by electrons, a quasiparticle—a hole—emerges at \(k_{1}\). Calculate the energy \(E_{\mathrm{h}}\) of the hole.","Condition for extremum:
\[
\frac{\mathrm{d} E(k)}{\mathrm{d} k} = -\frac{6 \hbar^{2}}{m} k = 0
\]
The top of the full band is at \(k=0\), and the energy of the electron at the top of the full band is:
\[
\begin{aligned}
E(k=0) &= \frac{\hbar^{2} k_{1}^{2}}{6 m} = \frac{\left(1.055 \times 10^{-34}\right)^{2} \times \left(3.98 \times 10^{8}\right)^{2}}{6 \times 9.11 \times 10^{-31}} \\
&= 3.195 \times 10^{-22} \, \mathrm{J} = 1.994 \times 10^{-3} \, \mathrm{eV}
\end{aligned}
\]
The energy of the hole at \(k_{1}\) is:
\[
\begin{aligned}
E_{\mathrm{h}} &= -E\left(k_{1}\right) = -\left(\frac{\hbar^{2} k_{1}^{2}}{6 m} - \frac{3 \hbar^{2} k_{1}^{2}}{m}\right) = \frac{17 \hbar^{2} k_{1}^{2}}{6 m} \\
&= \frac{17 \times \left(1.055 \times 10^{-34}\right)^{2} \times \left(3.98 \times 10^{8}\right)^{2}}{6 \times 9.11 \times 10^{-31}} \\
&= 5.489 \times 10^{-21} \, \mathrm{J} = 0.034 \, \mathrm{eV}
\end{aligned}
\]",\boxed{0.034},NV,,False,EN,Practical Application
3892,Modern Physics,Solid-State Physics,Energy Bands in Solids,Consider a two-dimensional square crystal. The energy of a free electron at the corner of its first Brillouin zone is \(b\) times the energy of a free electron at the midpoint of the zone boundary. Find the value of \(b\).,"The energy of a free electron is given by

\[
E=\frac{\hbar^{2} k^{2}}{2 m}
\]

The first Brillouin zone of a two-dimensional square lattice is a square with side length \(\frac{2 \pi}{a}\) in \(k\)-space.

$$
<image 1>
$$

Figure 1.1.50

\[
\Gamma M=\sqrt{2} \Gamma X
\]

Therefore,

\[
b=\frac{E_{M}}{E_{\Gamma}}=\frac{\Gamma M^{2}}{\Gamma X^{2}}=2
\]",\boxed{2},NV,,False,EN,Laws Application
3893,Modern Physics,Solid-State Physics,Lattice Vibrations and Mechanical Properties of Solids,What is the relationship between the Debye temperature \(T_{\mathrm{D}}\) and the Debye frequency \(\omega_{\mathrm{D}}\)?,"From \(k_{\mathrm{B}} T_{\mathrm{D}} = \hbar \omega_{\mathrm{D}}\), we have

\[
T_{\mathrm{D}} = \frac{\hbar}{k_{\mathrm{B}}} \omega_{\mathrm{D}}
\]",\boxed{T_{\mathrm{D}} = \frac{\hbar}{k_{\mathrm{B}}} \omega_{\mathrm{D}}},EQ,,False,EN,Knowledge Recall
3895,Modern Physics,Solid-State Physics,Crystal Defects and Motion,"The formation energy \(u\) of Schottky defects is a function of temperature, given by \(u=u_{0}-\beta T\), where \(u_{0}\) is the formation energy at 0 K, and \(\beta\) is a constant. Consider the formation of \(n\) Schottky defects in a crystal. By how much does the internal energy of the system increase?","(1) The formation of \(n\) Schottky defects causes the internal energy of the system to increase by:

\[
\Delta U=nu=n\left(u_{0}-\beta T\right)
\]",\boxed{n\left(u_{0}-\beta T\right)},EX,,False,EN,Knowledge Recall
3897,Modern Physics,Solid-State Physics,Lattice Vibrations and Mechanical Properties of Solids,"In a two-dimensional square lattice (with lattice constant \(a\)), if some atoms in the lattice are removed, creating vacancies, assuming that the energy required to remove one atom to form a vacancy in the crystal is \(\varepsilon\), how does the attenuation length of sound waves depend on temperature?","The concentration of vacancies in relation to absolute temperature \(T\) is given by

\[
n \propto \mathrm{e}^{-\frac{\varepsilon}{k_{B} T}}
\]

where \(\varepsilon\) is the vacancy activation energy, and \(k_{B}\) is the Boltzmann constant. Substituting into equation (3), we obtain

\[
l \propto \frac{1}{n} \propto \mathrm{e}^{\frac{\varepsilon}{k_{B} T}}
\]",\boxed{l \propto \mathrm{e}^{\frac{\varepsilon}{k_{B} T}}},EX,,False,EN,Knowledge Recall
3898,Modern Physics,Solid-State Physics,Lattice Vibrations and Mechanical Properties of Solids,"Use the Debye model to calculate the expression for the constant volumetric heat capacity \(c_{V}\) of a one-dimensional monoatomic lattice when the temperature is less than the Debye temperature \(\Theta_{D}=\frac{\hbar \pi v}{k_{B} a}\), where \(v\) is the speed of sound, \(a\) is the lattice constant, and \(k_{B}\) is the Boltzmann constant.","From this, we derive

\[
c_{V}=\frac{\partial E}{\partial T}=N k_{B} \frac{T}{\Theta_{D}} \int_{0}^{\frac{\Theta_{D}}{T}} \frac{x^{2} \mathrm{e}^{x}}{\left(\mathrm{e}^{x}-1\right)^{2}} \, \mathrm{d} x
\]

When \(T \ll \Theta_{D}\), \(\frac{\Theta_{D}}{T} \rightarrow \infty\). Therefore, we have

\[
\begin{gathered}
\int_{0}^{\frac{\Theta_{D}}{T}} \frac{x^{2} \mathrm{e}^{x}}{\left(\mathrm{e}^{x}-1\right)^{2}} \, \mathrm{d} x=\int_{0}^{\infty} \frac{x^{2} \mathrm{e}^{x}}{\left(\mathrm{e}^{x}-1\right)^{2}} \, \mathrm{d} x=\frac{\pi^{2}}{3} \\
c_{V}=\frac{\pi^{2}}{3} N k_{B} \frac{T}{\Theta_{D}}=\frac{\pi^{2} k_{B}^{2} N a}{3 \hbar v} T
\end{gathered}
\]

Substitute \(\Theta_{D}=\frac{\hbar \pi v}{k_{B} a}\) into the derivation.",\(\boxed{\frac{\pi^{2} k_{B}^{2} N a}{3 \hbar v} T}\),EX,,False,EN,Math Derivation
3899,Modern Physics,Solid-State Physics,Crystal Structure,(2) Derive the expression for the packing density of the hexagonal close-packed structure.,"(2) The packing density of a crystal is defined as the ratio of the maximum volume occupied by rigid atomic spheres in a unit cell to the volume of the unit cell. Figure 1.1.15 depicts a unit cell of a hexagonal close-packed crystal, composed of \(A, B, C, D, A', B', C', D'\) (where \(A, B, C, D\) and \(A', B', C', D'\) are the atoms in the first and third layers, respectively). The three primitive vectors of the unit cell are \(DA, DC\), and \(DD'\), labeled as \(a, b\), and \(c\). They are given by

\[
a = ai, \quad b = -\frac{1}{2} ai + \frac{\sqrt{3}}{2} aj, \quad c = ck
\]

where \(\boldsymbol{i}, \boldsymbol{j}, \boldsymbol{k}\) are the unit vectors in the \(x, y, z\) directions, respectively. The volume of the unit cell is

\[
\Omega = |a \cdot (b \times c)| = |b \cdot (a \times c)| = \left\lvert \left(-\frac{1}{2} ai + \frac{\sqrt{3}}{2} aj\right) \cdot acj \right\rvert = \frac{\sqrt{3}}{2} a^2 c
\]

There are two atoms in a unit cell of the hexagonal close-packed structure. Assuming the radius of the atomic sphere is \(a / 2\), the packing density of the hexagonal close-packed crystal is

\[
D = \frac{2 \times \frac{4}{3} \pi \left(\frac{a}{2}\right)^{3}}{\frac{\sqrt{3}}{2} a^2 c} = \frac{\sqrt{2} \pi}{6}
\]",\boxed{\frac{\sqrt{2} \pi}{6}},NV,,False,EN,Math Derivation
3900,Modern Physics,Solid-State Physics,Transport Properties of Electrons and Holes in Solids,"Given that the electron concentration of potassium metal is \(1.40 \times 10^{22} \ \mathrm{cm}^{-3}\), calculate the pressure \(p\) and bulk modulus \(K\) of the free electron gas in the metal at absolute zero.","The pressure and bulk modulus of the free electron gas in potassium metal

\[
\begin{aligned}
p & = \frac{2U_{0}}{3V} = \frac{2N \bar{E}}{3V} = \frac{2N}{3V} \cdot \frac{3}{5} E_{\mathrm{F}}^{0} = \frac{2}{5} n E_{\mathrm{F}}^{0} = \frac{2}{5} n \cdot \frac{\hbar^2}{2m}\left(3 \pi^2 n\right)^{\frac{2}{3}} = \frac{1}{5} \frac{\hbar^2}{m}\left(3 \pi^2\right)^{\frac{2}{3}} \cdot n^{\frac{5}{3}} \\
& = \frac{(1.055 \times 10^{-34})^2}{5 \times 9.11 \times 10^{-31}} \times \left(3 \times 3.14^2\right)^{\frac{2}{3}} \times \left(1.4 \times 10^{28}\right)^{\frac{5}{3}} \\
& = 1.90 \times 10^{9} \ (\mathrm{N}/\mathrm{m}^{2}) \\
& = 1.90 \times 10^{4} \ (\mathrm{atm}) \\
K & = \frac{5}{3} p = \frac{5}{3} \times 1.90 \times 10^{4} = 3.17 \times 10^{4} \ (\mathrm{atm})
\end{aligned}
\]

The internal energy of the electron gas at absolute zero

\[
U = N \cdot \frac{3}{5} E_{\mathrm{F}}^{0} = \frac{3}{5} \cdot \frac{\hbar^2}{2m}\left(3 \pi^2 \frac{N^{\frac{5}{2}}}{V}\right)^{\frac{2}{3}}
\]

This shows that as the metal volume is compressed, the total energy (internal energy) of the free electron gas increases rapidly (with \(N\) remaining constant), indicating that the free electron gas exhibits relatively high pressure. Of course, in actual metals, apart from the contribution of the free electron gas to the pressure, other binding energies between metal atoms also contribute to the pressure. For some alkali metal crystals, the bulk modulus predicted by the free electron gas theory is approximately in agreement with experiments.","\boxed{1.90 \times 10^{4}, 3.17 \times 10^{4}}","NV, NV","\mathrm{atm}, \mathrm{atm}",True,EN,Practical Application
3903,Modern Physics,Solid-State Physics,Motion of Electrons in Electromagnetic Fields,"Consider a one-dimensional crystal where the electron energy band can be expressed as

\[
E(k)=\frac{\hbar^{2}}{m a^{2}}\left(\frac{7}{8}-\cos k a+\frac{1}{8} \cos 2 k a\right)
\]

Given that the lattice constant \(a=2.5 \, \text{Å}\), estimate the time required for an electron to move from the bottom to the top of the energy band when subjected to electric fields of \(10^{2} \, \text{V/m}\) and \(10^{7} \, \text{V/m}\).","When an electric field is applied to the crystal, the electron continuously changes its state due to the electrostatic force, which manifests as electron movement in \(k\)-space. According to the semi-classical equation of motion for electrons in a crystal,

\[
\hbar \frac{d k}{d t}=e \varepsilon
\]

where \(\varepsilon\) is the electric field strength. Therefore, in \(k\)-space, the rate of change of the electron state with time, or the velocity of the electron moving in \(k\)-space, is given by

\[
\frac{d k}{d t}=\frac{e \varepsilon}{\hbar}
\]

Under a constant electric field, the speed at which electrons move in \(k\)-space is constant. As calculated, the distance from the bottom to the top of the band is \(\frac{\pi}{a}\). Hence, the time required for an electron to move from the bottom to the top of the energy band is

\[
t=\frac{\frac{\pi}{a}}{\frac{e \varepsilon}{\hbar}}=\frac{\pi \hbar}{a e \varepsilon}
\]

For \(\varepsilon_{1}=10^{2} \, \text{V/m}\),

\[
t=\frac{3.14 \times 1.055 \times 10^{-34}}{2.5 \times 10^{-10} \times 1.6 \times 10^{-19} \times 10^{2}}=8.32 \times 10^{-8} \, \text{s}
\]

For \(\varepsilon_{2}=10^{7} \, \text{V/m}\),

\[
t=\frac{3.14 \times 1.055 \times 10^{-34}}{2.5 \times 10^{-10} \times 1.6 \times 10^{-19} \times 10^{7}}=8.32 \times 10^{-13} \, \text{s}
\]","\boxed{8.32 \times 10^{-8}, 8.32 \times 10^{-13}}",NV,,True,EN,Laws Application
3917,Modern Physics,Solid-State Physics,Crystal Defects and Motion,"A binary alloy is composed of \(N_{A}\) metal atoms of type \(A\) and \(N_{B}\) metal atoms of type \(B\), forming a simple cubic lattice where each atom interacts only with its six nearest neighbors. The interactions correspond to the cases of \(A-A\) or \(B-B\) bonding and \(A-B\) bonding, with interaction energies of \(-J(J>0)\) and \(J\) respectively. Calculate the total interaction energy, assuming the atoms are randomly and uniformly distributed across the lattice positions.","First, calculate the average interaction energy \(u\) between an atom and its six nearest neighbor atoms. Given the assumption that metal atoms \(A\) and \(B\) are randomly and uniformly distributed over all positions, on average, each lattice site in the binary alloy has \(A\) atoms and \(B\) atoms as nearest neighbors in the ratios \(\frac{N_{A}}{N}\) and \(\frac{N_{B}}{N}\) respectively. Likewise, the probability for the occurrence of atoms \(A\) and \(B\) themselves at any given site is \(\frac{N_{A}}{N}\) and \(\frac{N_{B}}{N}\) respectively. Therefore, the average interaction energy between an atom and its nearest neighbors is:
\[
\begin{aligned}
u & =6\left[(-J) \frac{N_{A}}{N}+J \frac{N_{B}}{N}\right] \frac{N_{A}}{N}+6\left[(-J) \frac{N_{B}}{N}+J \frac{N_{A}}{N}\right] \frac{N_{B}}{N} \\
& =6\left[(-J) \frac{N_{A}^{2}+N_{B}^{2}}{N^{2}}+J \frac{2 N_{A} N_{B}}{N^{2}}\right]=-\frac{6 J}{N^{2}}\left(N_{A}-N_{B}\right)^{2}
\end{aligned}
\]
Thus, the total interaction energy of the binary alloy composed of \(N_{A}\) metal atoms \(A\) and \(N_{B}\) metal atoms \(B\) is:
\[
U=\frac{N}{2} u=-\frac{3 J}{N}\left(N_{A}-N_{B}\right)^{2}=-3 N J x^{2}
\]",\boxed{-3 N J x^{2}},EX,,False,EN,Math Derivation
3921,Modern Physics,Solid-State Physics,Lattice Vibrations and Mechanical Properties of Solids,"Given the Einstein temperature of diamond \(\Theta_{E}=1320 \mathrm{~K}\), the mass of a carbon atom \(m=19.92 \times 10^{-27} \mathrm{~kg}\), and a lattice constant of \(3.57 \ \AA\). Estimate the ratio of the root mean square displacement of carbon atoms to the interatomic distance at room temperature (300 K).","The Einstein model makes a very simple assumption about lattice vibrations, considering that the vibrations of each atom in the lattice are independent, and all atoms undergo harmonic oscillations around their equilibrium positions with the same frequency. If the displacement of the \(j\)-th atom is \(\boldsymbol{r}_{j}\)

\[
\boldsymbol{r}_{j}=\boldsymbol{r}_{j}^{0} \cos \omega_{E} t
\]

then its mean square displacement is

\[
\overline{r_{j}^{2}} = \frac{3 \hbar^{2}}{m k_{\mathrm{B}} \Theta_{\mathrm{E}}} \cdot \frac{1}{e^{\frac{\Theta_{\mathrm{E}}}{T}}-1} = \frac{3 \times\left(1.0546 \times 10^{-34}\right)^{2}}{19.92 \times 10^{-27} \times 1.3807 \times 10^{-23} \times 1320} \times \frac{1}{e^{\frac{1320}{300}}-1}
\]

\[
=1.13 \times 10^{-24}\left(\mathrm{~m}^{2}\right)=1.13 \times 10^{-4}(\AA)^{2}
\]

Since diamond is composed of two face-centered cubic lattices offset by \(\frac{1}{4}\) of the diagonal length along the diagonal direction, the distance between two nearest neighbor carbon atoms is \(\frac{1}{4}\) of the diagonal length. Given the lattice constant of diamond is \(a=3.57 \AA\), we have

\[
d=\frac{\sqrt{3}}{4} a \approx 1.55 \AA
\]

Therefore, the ratio of the root mean square displacement of carbon atoms at room temperature to the nearest neighbor atomic distance is

\[
\frac{\sqrt{\overline{r_{j}^{2}}}}{d}=\frac{\sqrt{1.13 \times 10^{-4}}}{1.55}=0.69 \times 10^{-2}
\]",\boxed{0.69 \times 10^{-2}},NV,,False,EN,Practical Application
3922,Modern Physics,Solid-State Physics,Transport Properties of Electrons and Holes in Solids,"Assuming silver is a monovalent metal with a spherical Fermi surface, calculate the Fermi energy and Fermi temperature. The density of silver is \(10.5 \ \mathrm{g/cm^3}\), and the atomic mass is \(107.87\).","The electron concentration in silver is \(n = \frac{10.5}{107.87} \times 6.022 \times 10^{23} = 5.86 \times 10^{22} \ \mathrm{cm}^{-3}\).

Fermi energy \(E_{\mathrm{F}}\) and Fermi temperature \(T_{\mathrm{F}}\):

\[
\begin{aligned}
E_{\mathrm{F}} & = \frac{\hbar^{2}}{2 m}\left(3 \pi^{2} n\right)^{\frac{2}{3}} = \frac{\left(1.05 \times 10^{-34}\right)^{2}}{2 \times 9.1 \times 10^{-31}} \times \left(3 \times 3.14^{2} \times 5.86 \times 10^{22}\right)^{\frac{2}{3}} \\
& = 8.747 \times 10^{-19} \ \mathrm{J} = 5.46 \ \mathrm{eV} \\
T_{\mathrm{F}} & = \frac{E_{\mathrm{F}}}{k_{\mathrm{B}}} = \frac{5.46 \ \mathrm{eV}}{8.617 \times 10^{-5} \ \mathrm{eV/K}} = 6.34 \times 10^{4} \ \mathrm{K}
\end{aligned}
\]","\boxed{5.46, 6.34 \times 10^{4}}","NV, NV","\mathrm{eV}, \mathrm{K}",True,EN,Practical Application
3924,Modern Physics,Solid-State Physics,Lattice Vibrations and Mechanical Properties of Solids,Discuss the relationship between the lattice specific heat \(c_{V}\) and temperature in an insulating crystal.,"The formula for the thermal conductivity coefficient \(k\) of an insulating solid is given by

\[
k = \frac{1}{3} c_{V} \bar{v} \bar{l}
\]

where \(c_{V}\) is the lattice specific heat of the crystal, \(\bar{v}\) is the average velocity of phonons, and \(\bar{l}\) is the mean free path of the phonons. The average velocity of phonons does not have a significant relationship with temperature, so the change in relationship with temperature mainly depends on the changes in \(c_{V}\) and \(\bar{l}\) with temperature.

1. Relationship between \(c_{V}\) and temperature.

   - At high temperatures

   \[
   c_{V} = 3 N k
   \]

   \(c_{V}\) is independent of temperature. For one mole of solid, \(c_{V} = 3 R\), which is the Dulong-Petit law.

   - At low temperatures

   \[
   c_{V} = \frac{12}{5} \pi^{4} N k_{\mathrm{B}} \left( \frac{T}{\Theta_{\mathrm{D}}} \right)^{3} \propto T^{3}
   \]

   This is the well-known Debye \(T^{3}\) law.","\boxed{3 N k, T^{3}}","EX, EX","None, None",True,EN,Laws Application
3926,Modern Physics,Solid-State Physics,Transport Properties of Electrons and Holes in Solids,"The experimental result of the molar electronic heat capacity of metallic potassium at low temperature is \(c_{\mathrm{e}}=2.08 \ \mathrm{mJ} / \mathrm{mol} \cdot \mathrm{K}\), and its lattice constant is measured to be \(a=5.333 \ \AA\) by X-ray diffraction. Try to estimate the effective mass of the conduction band electrons \(m^{*}\) in potassium under the free electron gas model.","In the free electron gas model, the size of the Fermi sphere is determined by the electron density in the metal, whose Fermi wave vector is

\[
k_{\mathrm{F}} = \left(3 n \pi^{2}\right)^{\frac{1}{3}}
\]

Metallic potassium has a body-centered cubic structure with a volume of \(a^3\), containing 2 electrons per unit cell, therefore \(n = \frac{2}{a^3}\). Thus,

\[
\begin{aligned}
k_{\mathrm{F}} & = \left(3 n \pi^{2}\right)^{\frac{1}{3}} = \left(3 \times \frac{2}{a^{3}} \pi^{2}\right)^{\frac{1}{3}} = \left(\frac{6\pi^{2}}{a^3}\right)^{\frac{1}{3}} \\
& = 1.240 \times \frac{3.14}{5.333 \times 10^{-10}} = 7.31 \times 10^{9} \ (\mathrm{m}^{-1})
\end{aligned}
\]

Also,

\[
E_{\mathrm{F}}^{0} = \frac{\hbar^{2} k_{\mathrm{F}}^{2}}{2 m^{*}} = k_{\mathrm{B}} T_{\mathrm{F}}
\]

Therefore,

\[
\begin{aligned}
m^{*} & = \frac{\hbar^{2} k_{\mathrm{F}}^{2}}{2 k_{\mathrm{B}} T_{\mathrm{F}}} = \frac{\left(1.055 \times 10^{-34}\right)^{2} \times \left(7.31 \times 10^{9}\right)^{2}}{2 \times 1.38 \times 10^{-23} \times 1.97 \times 10^{4}} \\
& = 1.0939 \times 10^{-30} = 1.2 m_{0}
\end{aligned}
\]

where \(m_{0}\) is the rest mass of the electron.",\boxed{1.2},NV,m_{0},False,EN,Practical Application
3928,Modern Physics,Solid-State Physics,Crystal Defects and Motion,"The generation of Schottky defects in a crystal affects the properties of the crystal.  
(1) When Schottky defects are produced, the atoms missing from the lattice sites continuously migrate within the crystal and eventually settle on the crystal surface, forming a new layer, which causes the volume of the crystal to increase. Determine the change in volume \(\Delta V\) caused by the formation of \(n\) Schottky defects in the crystal, where \(N\) is the total number of atoms in the crystal, and \(V_{0}\) is the average volume occupied by each atom in the crystal.","(1) The formation of \(n\) Schottky defects increases the volume of the crystal, with the increase given by:

\[
\Delta V=(N+n) V_{0}-N V_{0}=n V_{0}
\]",\boxed{n V_{0}},EX,,False,EN,Knowledge Recall
3931,Modern Physics,Solid-State Physics,Crystal Defects and Motion,"A screw dislocation sweeps across a slip plane, resulting in a slip equal to the atomic spacing. To stretch an aluminum wire, 1 cm in length and with a cross-sectional area of \(1 \, \text{mm}^2\), to produce a \(5\%\) plastic deformation, estimate the dislocation density on the (1,1,1) plane. Aluminum has a face-centered cubic structure with a lattice constant of \(0.4 \, \text{nm}\).","The 1 cm long aluminum wire undergoes a \(5\%\) plastic deformation, meaning the entire (1,1,1) crystal plane of Al relatively slips by

\[
1 \times 10^{-2} \times 0.05 = 5 \times 10^{-4} \, (\mathrm{m})
\]

This total slip is achieved by a screw dislocation sweeping across the (1,1,1) crystal plane under external force, resulting in a slip equal to the atomic spacing, \(\frac{\sqrt{2}}{2} a\). Therefore, the number of screw dislocations required is

\[
\frac{5 \times 10^{-4}}{\frac{\sqrt{2}}{2} \times 0.4 \times 10^{-9}} = \frac{5}{2 \sqrt{2}} \times 10^{6} = 1.8 \times 10^{6}
\]

Dislocation density refers to the number of dislocation lines intersecting per unit area within the crystal. Assuming the aluminum wire's lateral area \(\approx 1 \, \mathrm{mm}^2\), the dislocation density within the crystal is

\[
\frac{1.8 \times 10^{6}}{1 \times 10^{-2}} = 1.8 \times 10^{8} \, (\text{dislocations} / \mathrm{cm}^{2})
\]

Typically, the dislocation density in annealed metals is only \(10^{6} \, \text{dislocations} / \mathrm{cm}^{2}\), which is two orders of magnitude lower than the above estimate, thus leading to very small deformation. Additionally, it should be noted that after a screw dislocation fully sweeps over its slip plane, the top and bottom surfaces can displace by 1 \(b\) (in this problem, \(b = \frac{\sqrt{2}}{2} a = 2.9 \, \AA\)), but the observed displacement often reaches \(100 \sim 1000 b\), indicating that a large number of dislocations are generated during the deformation process.",\boxed{1.8 \times 10^{8}},NV,\text{位错} / \text{cm}^2,False,EN,Practical Application
3932,Modern Physics,Solid-State Physics,Lattice Vibrations and Mechanical Properties of Solids,"The scattering of light by a transparent solid can be regarded as the result of the interaction process between photons and phonons. Use the law of energy conservation to prove that the wavelength shift of a light beam deflected by an angle \(\theta\) due to scattering conforms to the following formula:

\[
\Delta \lambda= \pm \frac{2 n v}{c} \lambda_0 \sin \frac{\theta}{2}
\]

where \(n\) is the refractive index of the material, \(v\) is the speed of sound in the solid, and \(c\) is the speed of light in vacuum. Assume the phonon wavelength is \(\lambda^{\prime}\), the incident light wave vector is \(\boldsymbol{k}_{0}\), and after collision with a phonon with wave vector \(\boldsymbol{q}\), scattering occurs and the scattered light wave vector is \(\boldsymbol{k}\).","Assume the phonon wavelength is \(\lambda^{\prime}\)

\[
\frac{1}{\lambda^{\prime}}=|\boldsymbol{q}|=2\left|\boldsymbol{k}_{0}\right| \sin \frac{\theta}{2}=2 \frac{1}{\lambda_{0}} \sin \frac{\theta}{2}
\]

where \(\lambda_{0}\) is the wavelength of the incident light, and the corresponding angular frequency of the phonon \(\omega^{\prime}\) is

\[
\omega^{\prime}=2 \pi f^{\prime}=\frac{2 \pi}{\lambda^{\prime}} v=4 \pi v \sin \frac{\theta}{2} \frac{1}{\lambda_{0}}
\]

Similarly, the angular frequencies corresponding to the photons with wave vectors \(\boldsymbol{k}_{0}\) and \(\boldsymbol{k}\) are

\[
\begin{aligned}
\omega_{0} & =2 \pi f_{0}=\frac{2 \pi}{\lambda_{0}} \frac{c}{n} \\
\omega & =2 \pi f=\frac{2 \pi}{\lambda} \frac{c}{n}
\end{aligned}
\]

The interaction between photons and phonons follows the law of energy conservation,

\[
\hbar \omega-\hbar \omega_{0}= \pm \hbar \omega^{\prime}
\]

Substituting equations (1), (2), and (3) into the above equation

\[
\begin{gathered}
\hbar \frac{2 \pi}{\lambda} \frac{c}{n}-\hbar \frac{2 \pi}{\lambda_{0}} \frac{c}{n}= \pm \hbar \cdot 4 \pi v \sin \frac{\theta}{2} \frac{1}{\lambda_{0}} \\
\frac{1}{\lambda}-\frac{1}{\lambda_{0}}= \pm \frac{2 n v}{c} \frac{1}{\lambda_{0}} \sin \frac{\theta}{2}
\end{gathered}
\]

yielding

\[
\lambda-\lambda_{0}= \pm \frac{2 n v}{c} \lambda \sin \frac{\theta}{2}
\]",\boxed{\Delta \lambda = \pm \frac{2 n v}{c} \lambda_0 \sin \frac{\theta}{2}},EQ,,False,EN,Math Derivation
3933,Modern Physics,Solid-State Physics,Lattice Vibrations and Mechanical Properties of Solids,"Consider a longitudinal wave

\[
x_{n} = A \cos(\omega t - q n a)
\]

propagating in a monoatomic linear lattice with atomic mass \(m\) and spacing \(a\). If only the nearest-neighbor atomic interactions are considered, with a restoring force \(\beta\), find the time-averaged total energy of each atom.","The kinetic energy of the \(n^{th}\) atom is

\[
\frac{1}{2} m \left(\frac{\partial x_{n}}{\partial t}\right)^{2}
\]

The potential energy of interaction between it and the atom to its right is

\[
\frac{1}{2} \beta \left(x_{n} - x_{n+1}\right)^{2}
\]

Considering only nearest-neighbor atomic interactions, the total energy of the wave is

\[
E = \frac{1}{2} m \sum_{n} \left(\frac{\mathrm{d} x_{n}}{\mathrm{d} t}\right)^{2} + \frac{1}{2} \beta \sum_{n} \left(x_{n} - x_{n+1}\right)^{2}
\]

The time-averaged kinetic energy of one atom is

\[
\begin{aligned}
\bar{K} & = \frac{1}{T} \int_{0}^{T} \frac{1}{2} m \left(\frac{\mathrm{d} x_{n}}{\mathrm{d} t}\right)^{2} \mathrm{d} t \\
& = \frac{m}{2} \frac{1}{T} \int_{0}^{T} \omega^{2} A^{2} \sin^{2}(\omega t - q n a) \mathrm{d} t
\end{aligned}
\]

where \(T\) is the wave propagation period, \(T = \frac{2 \pi}{\omega}\). Using

\[
\frac{1}{T} \int_{0}^{T} \sin^{2}(\omega t - \varphi) \mathrm{d} t = \frac{1}{2}
\]

we have

\[
\langle K \rangle = \frac{1}{4} m A^{2} \omega^{2}
\]

The time-averaged potential energy of one atom is

\[
\begin{aligned}
\bar{U} & = \frac{1}{T} \int_{0}^{T} \frac{1}{2} \beta \left(x_{n} - x_{n+1}\right)^{2} \mathrm{d} t \\
& = \frac{\beta A^{2}}{2} \frac{1}{T} \int_{0}^{T} \left[\cos(\omega t - q a n) - \cos(\omega t - q n a - q a)\right]^{2} \mathrm{d} t \\
& = \frac{\beta A^{2}}{2} \frac{1}{T} \int_{0}^{T} 4 \sin^{2}\left(\omega t - q n a - \frac{q a}{2}\right) \sin^{2} \frac{q a}{2} \mathrm{d} t \\
& = 2 \beta A^{2} \sin^{2} \frac{q a}{2} \frac{1}{T} \int_{0}^{T} \sin^{2}\left(\omega t - q n a - \frac{q a}{2}\right) \mathrm{d} t \\
& = 2 \beta A^{2} \sin^{2} \frac{q a}{2} \cdot \frac{1}{2} = \beta A^{2} \sin^{2} \frac{q a}{2}
\end{aligned}
\]

Using the dispersion relation for a one-dimensional monoatomic linear lattice,

\[
\omega^{2} = \frac{2 \beta}{m} (1 - \cos q a) = \frac{4 \beta}{m} \sin^{2} \frac{q a}{2}
\]

we have

\[
\bar{U} = \frac{1}{4} m A^{2} \omega^{2}
\]

\(\bar{K} = \bar{U}\), indicating that the time-averaged kinetic energy equals the time-averaged potential energy for vibrating atoms. Thus, the time-averaged total energy of each atom is

\[
\dot{\bar{E}} = \bar{K} + \bar{U} = \frac{1}{4} m A^{2} \omega^{2} + \frac{1}{4} m A^{2} \omega^{2} = \frac{1}{2} m A^{2} \omega^{2}
\]",\boxed{\frac{1}{2} m A^{2} \omega^{2}},NV,,False,EN,Math Derivation
3935,Modern Physics,Solid-State Physics,Motion of Electrons in Electromagnetic Fields,Assume that the crystal electron has a uniform effective mass \(m^{*}\) and is in a constant magnetic field. Determine the cyclotron resonance frequency of the electron and provide a quantum explanation of the cyclotron resonance phenomenon of electrons in a magnetic field.,"From the perspective of quantum mechanics, the essence of electron cyclotron resonance is that, when the alternating magnetic field frequency is \(\omega_{c}\), the electron absorbs energy \(\hbar \omega_{c}\) from the magnetic field and transitions between Landau levels. Clearly, from \(\omega_{c}=\frac{e B}{m^{*}}\) it can be seen that by knowing the alternating magnetic field intensity \(B\) and the alternating frequency \(\omega_{c}\), the effective mass of the electron can be determined. This is the principle of using the cyclotron resonance method to measure the effective mass of electrons in semiconductors.",\boxed{\omega_{c} = \frac{e B}{m^{*}}},EQ,,False,EN,
3937,Modern Physics,Solid-State Physics,Lattice Vibrations and Mechanical Properties of Solids,"A crystal with a simple cubic structure has an atomic spacing of \(2 \, \text{Å}\). The primitive cell basis vectors for the simple cubic crystal are:

\[
\left\{\begin{array}{l}
\boldsymbol{a}_{1}=2 \times 10^{-10} \, \text{m} \, \boldsymbol{i} \\
\boldsymbol{a}_{2}=2 \times 10^{-10} \, \text{m} \, \boldsymbol{j} \\
\boldsymbol{a}_{3}=2 \times 10^{-10} \, \text{m} \, \boldsymbol{k}
\end{array}\right.
\]

where \(\boldsymbol{i}, \boldsymbol{j}, \boldsymbol{k}\) are unit vectors in the \(x, y, z\) directions, respectively. The corresponding reciprocal lattice vectors are:

\[
\begin{aligned}
& \boldsymbol{b}_{1}=\pi \times 10^{10} \, \text{m}^{-1} \, \boldsymbol{i} =3.14 \times 10^{10} \, \text{m}^{-1} \, \boldsymbol{i} \\
& \boldsymbol{b}_{2}=\pi \times 10^{10} \, \text{m}^{-1} \, \boldsymbol{j} =3.14 \times 10^{10} \, \text{m}^{-1} \, \boldsymbol{j} \\
& \boldsymbol{b}_{3}=\pi \times 10^{10} \, \text{m}^{-1} \, \boldsymbol{k} =3.14 \times 10^{10} \, \text{m}^{-1} \, \boldsymbol{k}
\end{aligned}
\]

What is the resulting wave vector of a phonon propagating along the \([1,0,0]\) direction with wave vector \(\boldsymbol{q}_{1}=1.3 \times 10^{10} \, \text{m}^{-1} \, \boldsymbol{i}\) and another phonon propagating along the \([1,1,0]\) direction with wave vector \(\boldsymbol{q}_{2}=\frac{\sqrt{2}}{2} \times 1.3 \times 10^{10} \, \text{m}^{-1} \, (\boldsymbol{i}+\boldsymbol{j})\)?","When two phonons interact to form a third phonon, the conservation of wave vectors applies, meaning the total wave vector of the phonons before and after the interaction are equal. Therefore, the wave vector of the third phonon is:

\[
\begin{aligned}
\boldsymbol{q}_{3} & =\boldsymbol{q}_{1}+\boldsymbol{q}_{2} \\
& =1.3 \times 10^{10} \, \text{m}^{-1} \, \boldsymbol{i}+0.92 \times 10^{10} \, \text{m}^{-1} \, \boldsymbol{i}+0.92 \times 10^{10} \, \text{m}^{-1} \, \boldsymbol{j} \\
& =2.22 \times 10^{10} \, \text{m}^{-1} \, \boldsymbol{i}+0.92 \times 10^{10} \, \text{m}^{-1} \, \boldsymbol{j}
\end{aligned}
\]

This indicates that the resulting wave vector falls outside the first Brillouin zone and needs to be adjusted through spatial periodicity.","\boxed{2.22 \times 10^{10} \, \boldsymbol{i} + 0.92 \times 10^{10} \, \boldsymbol{j}}",EX,\text{m}^{-1},True,EN,Laws Application
3943,Modern Physics,Solid-State Physics,Energy Bands in Solids,"Consider a one-dimensional solid consisting of \(N\) diatomic molecules with a length of \(L = N a\). The atomic spacing within a molecule is \(b\left(b<\frac{a}{2}\right)\), and the centers of adjacent molecules are \(a\) apart. Assume \(A\) is very small, prove that energy gaps exist for certain values of \(k\), write out the general formula for the energy gap, and show that the energy gap at the top of the first Brillouin zone is proportional to \(\cos \left(\frac{\pi b}{a}\right)\).","To solve the Schrödinger equation within the crystal

\[
\left[-\frac{\hbar^{2}}{2m} \frac{\mathrm{d}^{2}}{\mathrm{d} x^{2}} + V(x)\right] \Psi = E \Psi
\]

let

\[
\Psi = \sum_{k} C_{k} \varphi_{k}, \quad \varphi_{k} = \frac{1}{\sqrt{L}} \mathrm{e}^{\mathrm{i} k x}, \quad k = \frac{2 \pi}{L} n
\]

then

\[
C_{k^{\prime}} E_{k^{\prime}}^{0} + \sum_{q} V_{q} C_{k^{\prime}-q} = E C_{k^{\prime}}
\]

where

\[
E_{k^{\prime}}^{0} = \frac{\hbar^{2} k^{\prime 2}}{2m}, \quad k^{\prime} = \frac{2 \pi}{L} n
\]

Thus, the wave vectors of the different \(\varphi_{k}(x)\) that make up \(\Psi(x)\) differ by a reciprocal lattice vector \(q\). Rewriting,

\[
\Psi(x) = \sum_{K} C_{k-K} \varphi_{k-K}
\]

then

\[
\varphi_{k-K}(x) = \mathrm{e}^{\mathrm{i}(k-K) x}
\]

leads to

\[
\left[\frac{\hbar^{2}(k-K)^{2}}{2m} - E_{k}\right] C_{k-K} + \sum_{K^{\prime}} V_{K^{\prime}-K} C_{k-K^{\prime}} = 0
\]

where \(K\) is any reciprocal lattice vector.\\
When \(V(x) = 0\), corresponding to free electrons,

\[
E_{k} = E_{k-K}^{0}, \quad \Psi \propto \mathrm{e}^{\mathrm{i}(k-K) x}
\]

If \(E_{k-K_{1}}^{0} = E_{k-K_{2}}^{0} = \cdots = E_{k-K_{m}}^{0}\), then there are \(m\) independent degenerate solutions when \(E_{k}\) equals these values. Thus, in the presence of a weak periodic potential, both degenerate and non-degenerate perturbations must be considered. In this one-dimensional case, a degenerate state can only be composed of two wave functions. For \(E_{k}^{0} = E_{k-K_{n}}^{0}\), this leads to

\[
\begin{aligned}
& \left(E_{k} - E_{k}^{0}\right) C_{k} = V_{0} C_{k} + V_{K_{n}} C_{k-K_{n}} \\
& \left(E_{k} - E_{k}^{0} - K_{n}\right) C_{k-K_{n}} = V_{0} C_{k-K_{n}} + V_{-K_{n}} C_{k}
\end{aligned}
\]

Given the reality of \(V(x)\), it is easy to see \(V_{-K_{n}} = V_{K_{n}}^{*}\), and for \(C_{k}, C_{k-K_{n}}\) to be non-zero, it must be

\[
E_{k} = V_{0} + \frac{1}{2}\left(E_{k}^{0} + E_{k-K_{n}}^{0}\right) \pm \left[\left(\frac{E_{k}^{0} - E_{k-K_{n}}^{0}}{2}\right)^{2} + \left|V_{K_{n}}\right|^{2}\right]^{1/2}
\]

From \(E_{k} = E_{k-K_{n}}^{0}\) yields

\[
E_{k} = V_{0} + E_{k}^{0} \pm \left|V_{K_{n}}\right|
\]

An energy gap appears

\[
E_{g} = 2\left|V_{K_{n}}\right|
\]

Therefore, an energy gap appears when \(k = \frac{K_{n}}{2}\).\\
At the edge of the first Brillouin zone

\[
k = \frac{K_{1}}{2} = \frac{\pi}{a}, \quad\left|V_{K_{1}}\right| = \frac{2 A}{a} \cos \frac{\pi b}{a}
\]

Thus,

\[
E_{g}\left(K_{1}\right) \propto \cos \frac{\pi b}{a}
\]","\boxed{E_{g} = 2\left|V_{K_{n}}\right|, E_{g}\left(K_{1}\right) \propto \cos \frac{\pi b}{a}}","EX, EX","None, None",True,EN,Math Derivation
3948,Modern Physics,Solid-State Physics,Lattice Vibrations and Mechanical Properties of Solids,"Consider a one-dimensional crystal where the amplitude of atomic vibrations at the melting point \(T_{m}\) is \(10\%\) of the equilibrium atomic spacing. A longitudinal wave

\[
x_{n} = A \cos(\omega t - q n a)
\]

propagates through a linear chain with atomic mass \(m\) and spacing \(a\), taking into account only nearest-neighbor interactions. Prove that the vibration frequency of atoms near the melting point is given by

\[
\omega = \frac{10}{a} \left(\frac{2 k_{\mathrm{B}} T_{m}}{m}\right)^{\frac{1}{2}}
\]

Given atomic mass \(m = 4.66 \times 10^{-23} \mathrm{~g}, a = 5.43 \AA, T_{m} = 1420^{\circ} \mathrm{C}\), calculate the vibrational frequency of the atoms at the melting point.","At the melting point, the total energy of the atoms is

\[
\bar{E} = \frac{1}{2} m A^{2} \omega^{2} = \frac{1}{2} m \omega^{2} \left(\frac{a}{10}\right)^{2}
\]

According to the equipartition theorem, the average energy of one-dimensional atoms at the melting point is \(k_{\mathrm{B}} T_{m}\), thus

\[
\frac{1}{2} m \omega_{m}^{2} \left(\frac{a}{10}\right)^{2} = k_{\mathrm{B}} T_{m}
\]

yielding

\[
\omega_{m} = \frac{10}{a} \left(\frac{2 k_{\mathrm{B}} T_{m}}{m}\right)^{\frac{1}{2}}
\]

Substituting the values \(m = 4.66 \times 10^{-23} \mathrm{~g}, a = 5.43 \AA, T_{m} = 1420^{\circ} \mathrm{C}\), the vibrational frequency at the melting point is calculated as

\[
\begin{aligned}
\omega_{m} & = \frac{10}{a} \left(\frac{2 k_{\mathrm{B}} T_{m}}{m}\right)^{\frac{1}{2}} \\
& = \frac{10}{5.43 \times 10^{-10}} \cdot \left(\frac{2 \times 1.381 \times 10^{-23} \times (1420 + 273)}{4.66 \times 10^{-23} \times 10^{-3}}\right)^{\frac{1}{2}} \\
& = 1.85 \times 10^{13} \, \mathrm{Hz}
\end{aligned}
\]

At room temperature, the thermal vibration frequency of crystal atoms is approximately \(10^{12} \mathrm{~Hz}\).",\boxed{1.85 \times 10^{13}},NV,,False,EN,Math Derivation
3950,Modern Physics,Solid-State Physics,Transport Properties of Electrons and Holes in Solids,"Consider a one-dimensional metal composed of regularly spaced atoms separated by a distance \(b\), with each atom contributing one valence electron. Using the tight-binding approximation, the atomic wave function is expressed as \(\Psi\left(r-R_{i}\right)\), where \(R_{i}\) is the position of the nucleus of the \(i\)-th atom \(\left(R_{i}=ib\right)\), assuming the nuclei positions are fixed. It is known that:

\[
\begin{aligned}
& \int \Psi^{*}\left(r-R_{i}\right) H \Psi\left(r-R_{i}\right) \mathrm{d}^{3} r = -E_{0}, \\
& \int \Psi^{*}\left(r-R_{i}\right) H \Psi\left(r-R_{i+1}\right) \mathrm{d}^{3} r = -V, \\
& \int \Psi^{*}\left(r-R_{i}\right) H \Psi\left(r-R_{i+j}\right) \mathrm{d}^{3} r = 0, \quad \text{for } j \geqslant 2,
\end{aligned}
\]

where \( H \) is the Hamiltonian. Calculate the electronic density of states.","The density of states is \(\rho(k) \mathrm{d} k = \frac{1}{2\pi} \mathrm{d} k\). Due to periodic boundary conditions, the density of states in \(k\)-space can be derived. Converting this to the energy density of states gives

\[
\rho(E) \mathrm{d} E = \frac{1}{\pi} \frac{\mathrm{d} E}{\partial E / \partial k},
\]

and

\[
\frac{\partial E(k)}{\partial k} = 2bV \sin(kb),
\]

therefore,

\[
\rho(E) = \frac{1}{2\pi bV \sin(kb)}.
\]

Taking spin into consideration,

\[
\rho(E) = \frac{1}{\pi bV \sqrt{1 - \left(\frac{E + E_{0}}{2V}\right)^{2}}}.
\]","\[
\boxed{\frac{1}{\pi bV \sqrt{1 - \left(\frac{E + E_{0}}{2V}\right)^{2}}}}
\]",NV,,False,EN,Knowledge Recall
3956,Modern Physics,Solid-State Physics,Crystal Structure,"It has been experimentally determined that, at \(20^{\circ} \mathrm{C}\), the three smallest diffraction angles for iron are \(8^{\circ} 12^{\prime}, 11^{\circ} 38^{\prime}, 14^{\circ} 18^{\prime}\). At \(20^{\circ} \mathrm{C}\), the density of iron is \(7860 \mathrm{~kg/m}^{3}\), and the atomic mass is 55.847. Calculate the lattice constant of iron.","Assuming iron at \(20^{\circ} \mathrm{C}\) has a body-centered cubic (BCC) structure, let the lattice constant be \(a\). The mass density of iron can be expressed as:

\[
\rho = \frac{2m}{a^3}
\]

where \(m\) is the mass of an iron atom. The mass of iron per mole is \(55.847 \times 10^{-3} \mathrm{~kg}\), so the mass of a single iron atom is

\[
m = \frac{55.847 \times 10^{-3}}{6.02 \times 10^{23}} \mathrm{~kg}
\]

Substituting into the equation above, the lattice constant of iron at \(20^{\circ} \mathrm{C}\) is calculated as:

\[
a = \sqrt[3]{\frac{2 \times 55.847 \times 10^{-3}}{7860 \times 6.02 \times 10^{23}}} = 2.868 \, \text{Å}
\]",\boxed{2.868},NV,\text{Å},False,EN,Practical Application
3962,Modern Physics,Solid-State Physics,Lattice Vibrations and Mechanical Properties of Solids,"Consider a \(d=3\) dimensional vibrating lattice at absolute zero, where the number density of atoms is \(n\) and their mass is \(m\). Using the Debye approximation and assuming all acoustic modes propagate with the same speed \(v\), calculate the mean squared displacement \(\overline{R^{2}}\).","\[
\overline{R^{2}}=\frac{\hbar}{2 m N} \int_{0}^{\omega_{\mathrm{D}}} \frac{1}{\omega} D(\omega) \mathrm{d} \omega
\]

In the three-dimensional case, the density of states of the crystal modes is:

\[
D(\omega)=\frac{3 V}{2 \pi^{2}} \cdot \frac{\omega^{2}}{v^{3}}
\]

where \(v\) is the speed of sound of elastic waves, \(V\) is the volume of the crystal, and \(n V=N\). Substituting this into the expression for \(\overline{R^{2}}\):

\[
\overline{R^{2}} = \frac{3 \hbar}{8 \pi^{2} m n v^{3}} \cdot \omega_{\mathrm{D}}^{2}
\]",\boxed{\frac{3 \hbar \omega_{\mathrm{D}}^{2}}{8 \pi^{2} m n v^{3}}},EX,,False,EN,Laws Application
3964,Modern Physics,Solid-State Physics,Motion of Electrons in Electromagnetic Fields,"The potential energy function of an electron in a periodic field is given by

\[
V(x)=\left\{\begin{array}{cc} 
\frac{1}{2} m \omega^{2}\left[b^{2}-(x-n a)^{2}\right], & n a-b \leqslant x \leqslant n a+b \\ 
0, & (n-1) a+b \leqslant x \leqslant n a-b 
\end{array}\right.
\]

where \(a=4b\), \(\omega\) is a constant.
(5) Find the average velocity of electrons at the top of the valence band and the bottom of the conduction band.","(5) Both the bottom of the conduction band and the top of the valence band are located at \(k=0\), thus their average velocity

\[
\begin{aligned}
& v_{c}(k=0)=\frac{1}{\hbar} \frac{\mathrm{~d} E_{c}(k)}{\mathrm{d} k}=0 \\
& v_{v}(k=0)=\frac{1}{\hbar} \frac{\mathrm{~d} E_{v}(k)}{\mathrm{d} k}=0
\end{aligned}
\]

From here, it can be clearly seen that the influence of the lattice periodic potential field on electron states mainly manifests near the Brillouin zone boundary. The bottom of the first energy band is at \(k=0\), far from the boundary of the Brillouin zone, so under the nearly free electron approximation, the effective mass of electrons nearby is a scalar, which is the rest mass of the electron \(m\). However, for the top of the second energy band and the bottom of the third energy band, the effective mass of nearby electrons is not the rest mass of the electron \(m\), corrected by \(\frac{2 m^{2} \omega^{2} b^{4}}{\pi^{4} \hbar^{4}+2 m^{2} \omega^{2} b^{4}}\) and \(\frac{2 m^{2} \omega^{2} b^{4}}{\pi^{4} \hbar^{4}-2 m^{2} \omega^{2} b^{4}}\) respectively.","\boxed{0, 0}",NV,"\text{None, None}",True,EN,Laws Application
3973,Modern Physics,Solid-State Physics,Transport Properties of Electrons and Holes in Solids,"The Drude-Lorentz formula for the dielectric constant of a solid is given by

\[
\varepsilon(\omega)=1+\frac{\omega_{p}^{2}}{\left(\omega_{0}^{2}-\omega^{2}\right)-i \omega \tau^{-1}}
\]

where \(\omega_{p}\) is the plasma frequency, \(\omega_{0}\) is the frequency corresponding to the energy gap of the interband transition, and \(\tau\) is the electron scattering time.

(3) At absolute zero, what is the negative electrical conductivity \(\sigma(\omega)\) of perfectly pure and defect-free copper?","At absolute zero, \(\tau \rightarrow \infty\), then the complex conductivity is

\[
\sigma(\omega)=-\frac{\mathrm{i} \varepsilon_{0} \omega \omega_{p}^{2}}{\omega_{0}^{2}-\omega^{2}}
\]",\boxed{-\frac{i \varepsilon_{0} \omega \omega_{p}^{2}}{\omega_{0}^{2}-\omega^{2}}},EX,,False,EN,Math Derivation
3975,Modern Physics,Solid-State Physics,Binding in Solids,"Assume the interaction potential energy between adjacent atoms in a certain crystal is given by

\[ u(r) = -\frac{\alpha}{r^m} + \frac{\beta}{r^n} \]

Given that the equilibrium distance between two atoms \(r_0 = 3 \, \text{Å}\), and the dissociation energy per atom is \(4 \, \text{eV}, \, m = 2, \, n = 10\), calculate the values of \(\alpha\) and \(\beta\).","The dissociation energy of an atom is the energy required to completely dissociate a crystal into individual atoms. According to the problem statement,

\[ \frac{U_0}{N} = -4 \, \text{eV}, \, U_0 = -4 N \, \text{eV} \]

According to the formula for \(U_0\),

\[ U_0 = -\frac{N}{2} \frac{\alpha}{r_0^m} \left( \frac{n-m}{n} \right) \]

Thus,

\[ -\frac{N}{2} \frac{\alpha}{r_0^m} \left( \frac{n-m}{n} \right) = -4 N \]

Therefore,

\[ \alpha = \frac{8 r_0^m n}{n-m} = \frac{8 \times 3^2 \times 10}{10-2} = 90 \, (\text{eV} \cdot \text{Å}^2) \]

Using the formula for the equilibrium atomic distance,

\[ r_0 = \left( \frac{n \beta}{m \alpha} \right)^{\frac{1}{n-m}} \]

Thus,

\[ r_0^8 = \frac{n \beta}{m \alpha} \]

From this, we obtain

\[ \beta = \frac{r_0^8 m \alpha}{n} = \frac{3^8 \times 2 \times 90}{10} = 1.18 \times 10^5 \, (\text{eV} \cdot \text{Å}^{10}) \]","\boxed{\alpha = 90, \beta = 1.18 \times 10^5}","EQ, EQ","(\text{eV} \cdot \text{Å}^2), (\text{eV} \cdot \text{Å}^{10})",True,EN,Practical Application
3976,Modern Physics,Solid-State Physics,Lattice Vibrations and Mechanical Properties of Solids,"Based on experimental measurement data and the theory of crystal heat capacity, provide the Debye model formula for iron at low temperatures: \(c_V = \frac{12 \pi^4 N k_{\mathrm{B}}}{5}\left(\frac{T}{\Theta_{\mathrm{D}}}\right)^3 = b T^3\). Given that the coefficient \(b = \frac{1.98}{30 \times 10^4}\), calculate the Debye temperature \(\Theta_{\mathrm{D}}\) for iron.","Let \(N = N_0\) (Avogadro's constant), from the Debye model formula

\[
\Theta_{\mathrm{D}} = \left(\frac{12 \pi^4 R}{5 b}\right)^{\frac{1}{3}} = \left(\frac{12 \times 3.1416^4 \times 8.314}{\frac{5 \times 1.98}{3 \times 10^5} \times 4.186}\right)^{\frac{1}{3}} = 413 \, \text{K}
\]",\boxed{413},NV,\text{K},False,EN,
3977,Modern Physics,Solid-State Physics,Binding in Solids,"If the Pauli repulsion term \(\frac{B}{r^{n}}\) in the interaction potential energy of ionic crystals is replaced by the Born-Landé expression

\[
\lambda e^{-\frac{r}{\rho}}
\]

find the numerical value of the constant \(\lambda\). It is known that the lattice constant of KBr is \(a=6.58 \, \text{Å}\), the Madelung constant is \(M=1.7476\), and it has been determined that \(\rho=0.379 \, \text{Å}\).","Substituting \(\rho=3.79 \times 10^{-11} \, \text{m}=0.379 \, \text{Å}\) into

\[
\begin{aligned}
\lambda &= \frac{\rho M e^{2}}{4 \pi \varepsilon_{0} r_{0}^{2}} e^{\frac{r_{0}}{\rho}} \\
&= \frac{3.79 \times 10^{-11} \times 1.7476 \times \left(1.602 \times 10^{-19}\right)^{2}}{4 \times 3.1416 \times 8.85 \times 10^{-12} \times \left(3.29 \times 10^{-10}\right)^{2}} e^{\frac{3.29 \times 10^{-10}}{3.79 \times 10^{-11}}} \\
&= 8.315 \times 10^{-16} \, \text{J}
\end{aligned}
\]",\boxed{8.315 \times 10^{-16}},NV,,False,EN,Practical Application
3980,Modern Physics,Solid-State Physics,Lattice Vibrations and Mechanical Properties of Solids,"In a two-dimensional square lattice (lattice constant \(a\)), if some atoms are removed creating vacancies, assuming the energy required to remove one atom from the crystal to form a vacancy is \(\varepsilon\), how does the speed of sound depend on temperature?","Since the restoring force decreases in proportion to the vacancy concentration, when there is a vacancy concentration of \(n\) in the crystal, the restoring force coefficients are

\[
\begin{aligned}
& c_{1}=c_{1}^{0}(1-B n), \\
& c_{2}=c_{2}^{0}(1-B n)
\end{aligned}
\]

where \(c_{1}^{0}, c_{2}^{0}\) are the restoring force constants for the complete crystal, and \(B\) is a proportional constant. By substituting into equation (2), the speed of sound is

\[
\begin{aligned}
v_{s} & =\frac{a}{2} \sqrt{\frac{\left(c_{1}^{0}\right)^{2}(1-B n)^{2} \sin ^{2}\left(q_{1} a\right)+\left(c_{2}^{0}\right)^{2}(1-B n)^{2} \sin ^{2}\left(q_{2} a\right)}{m c_{1}^{0}(1-B n)\left[1-\cos \left(q_{1} a\right)\right]+m c_{2}^{0}(1-B n)\left[1-\cos \left(q_{2} a\right)\right]}} \\
& \propto \sqrt{1-B n} \propto \sqrt{1-B^{\prime} \exp \left(-\frac{\varepsilon}{k_{B} T}\right)}
\end{aligned}
\]

The derivation in the above formula applies \(n \propto \mathrm{e}^{-\frac{\varepsilon}{k_{B} T}}\).",\boxed{\sqrt{1-B^{\prime} \exp \left(-\frac{\varepsilon}{k_{B} T}\right)}},EX,,False,EN,Math Derivation
3981,Modern Physics,Solid-State Physics,Motion of Electrons in Electromagnetic Fields,"In a one-dimensional crystal with a filled band, the electron energy relationship is given by
\[ 
E(k)=\frac{\hbar^{2} k_{1}^{2}}{6 m}-\frac{3 \hbar^{2} k^{2}}{m} 
\]

where \(m\) is the electron mass, \(k_{1}=\frac{1}{8 a}\), and the lattice constant \(a=3.14 \times 10^{-10} \mathrm{~m}\). If an electron is removed from the state at \(k_{1}\) while all other states are occupied by electrons, a quasiparticle—a hole—appears at \(k_{1}\). Calculate the momentum of the hole.","Momentum of the hole:
\[
\begin{aligned}
P_{\mathrm{h}} &= \hbar k_{\mathrm{h}} = -1.055 \times 10^{-34} \times 3.98 \times 10^{8} = -4.20 \times 10^{-26} \, \mathrm{Ns} \\
&= m_{\mathrm{h}}^{*} v_{\mathrm{h}} = 1.52 \times 10^{-31} \times (-2.77) \times 10^{5} = -4.20 \times 10^{-26} \, \mathrm{Ns}
\end{aligned}
\]",\boxed{-4.20 \times 10^{-26}},NV,,False,EN,Practical Application
3983,Modern Physics,Solid-State Physics,Lattice Vibrations and Mechanical Properties of Solids,"Consider a one-dimensional vibrating lattice at absolute zero, with an atomic number density of \(n\) and mass \(m\). Using the Debye approximation and assuming all acoustic modes have the same speed \(v\), calculate the average strain \(\overline{\left(\frac{\partial R}{\partial x}\right)^{2}}\).","\[
\left(\frac{\partial r_{j}}{\partial x}\right)^{2}=q_{j}^{2} r_{0 j}^{2} \sin ^{2}\left(q_{j} x-\omega_{j} t\right)
\]

For the \(j\)th atom, the time-averaged square is:

\[
\overline{\left(\frac{\partial r_{j}}{\partial x}\right)^{2}}=\frac{1}{2} q_{j}^{2} r_{0 j}^{2}
\]

According to the average kinetic energy of atomic vibration, which equals half of its total energy:

\[
r_{0 j}^{2}=\frac{\hbar}{2 m \omega_{j}}
\]

Substituting into the above equation:

\[
\overline{\left(\frac{\partial r_{j}}{\partial x}\right)^{2}}=\frac{\hbar \omega_{j}}{4 m v^{2}}
\]

Averaging over all atoms in the one-dimensional lattice:

\[
\overline{\left(\frac{\partial R}{\partial x}\right)^{2}}=\frac{\hbar \omega_{\mathrm{D}}^{2}}{8 n m v^{3}}
\]",\boxed{\frac{\hbar \omega_{\mathrm{D}}^{2}}{8 n m v^{3}}},NV,,False,EN,Math Derivation
3984,Modern Physics,Solid-State Physics,Binding in Solids,"Consider a straight line on which \(2N\) ions are arranged alternately with charges \(\pm q\), with a repulsive potential between nearest neighbors of \(A/R^n\), in addition to the usual Coulomb potential. When the crystal is compressed to \(R_0 \rightarrow R_0(1-\delta)\), calculate the work done in compressing the crystal by a unit length, accurate to \(\delta^2\).","The work done by external forces equals the change in the system's internal energy. Let \(W\) be the work done in compressing the crystal by one unit length, then

\[
W = U(R_0) - U\left[R_0(1-\delta)\right]
\]

From previous calculations, we know

\[
U(R) = 2 N q^2 \ln 2 \left( \frac{R_0^{n-1}}{n R^n} - \frac{1}{R} \right)
\]

Letting \(R = R_0(1-\delta)\) and substituting into the above expression gives

\[
\begin{aligned}
U\left[R_0(1-\delta)\right] & = 2 N q^2 \ln 2 \left[ \frac{R_0^{n-1}}{n} \cdot \frac{1}{R_0^n (1-\delta)^n} - \frac{1}{R_0(1-\delta)} \right] \\
& = \frac{2 N q^2 \ln 2}{R_0(1-\delta)} \left[ \frac{1}{n(1-\delta)^{n-1}} - 1 \right]
\end{aligned}
\]

Since \(\delta\) is very small, expanding in terms of \(\delta\) and retaining only the \(\delta^2\) terms gives

\[
U\left[R_0(1-\delta)\right] = \frac{2 N q^2 \ln 2}{R_0} \left[ \frac{(n-1)}{2} \delta^2 + \frac{1-n}{n} \right]
\]

Substituting the results from the previous process gives

\[
W = -\frac{2 N q^2 \ln 2}{R_0} \cdot \frac{n-1}{2} \delta^2 = -2 N \cdot \frac{1}{2} c \delta^2
\]

where \(c = \frac{(n-1) q^2 \ln 2}{R_0}\).",\boxed{-2 N \cdot \frac{1}{2} c \delta^2},EX,,False,EN,Math Derivation
3989,Modern Physics,Solid-State Physics,Crystal Structure,"Using the integral \(I_{0}=\int_{0}^{\infty} r \sin G r \mathrm{e}^{-\frac{2 r}{a_{0}}} \mathrm{d} r\) and the method of integration by parts, calculate

\[
I_{0} = \frac{4 a_{0}^{3} G}{\left(4+a_{0}^{2} G^{2}\right)^{2}}
\]","Apply integration by parts:

\[
\begin{aligned}
I_{0} & =\frac{a_{0}}{2}\left[\left.\left(r \sin G r \mathrm{e}^{-\frac{2 r}{a_{0}}}\right)\right|_{0}^{\infty}-\int_{0}^{\infty} \mathrm{e}^{-\frac{2 r}{a_{0}}}(\sin G r+G r \cos G r) \mathrm{d} r\right] \\
& =\frac{a_{0}}{2} \int_{0}^{\infty} \sin G r \mathrm{e}^{-\frac{2 r}{a_{0}}} \mathrm{d} r+\frac{a_{0} G}{2} \int_{0}^{\infty} r \cos G r \mathrm{e}^{-\frac{2 r}{a_{0}}} \mathrm{d} r
\end{aligned}
\]

Proceed with further integration by parts:

\[
\begin{aligned}
I_{0} & =\frac{a_{0}}{2} \int_{0}^{\infty} \sin G r \mathrm{e}^{-\frac{2 r}{a_{0}}} \mathrm{d} r+\frac{a_{0} G}{2}\left(-\frac{a_{0}}{2}\right)\left[\left.\left(r \cos G r \mathrm{e}^{-\frac{2 r}{a_{0}}}\right)\right|_{0}^{\infty}-\int_{0}^{\infty} \mathrm{e}^{-\frac{2 r}{a_{0}}}(\cos G r-G r \sin G r) \mathrm{d} r\right] \\
& =\frac{a_{0}}{2} \int_{0}^{\infty} \sin G r \mathrm{e}^{-\frac{2 r}{a_{0}}} \mathrm{d} r+\frac{a_{0}^{2} G}{4} \int_{0}^{\infty} \cos G r \mathrm{e}^{-\frac{2 r}{a_{0}}} \mathrm{d} r-\frac{a_{0}^{2} G^{2}}{4} \int_{0}^{\infty} r \sin G r \mathrm{e}^{-\frac{2 r}{a_{0}}} \mathrm{d} r \\
& =\frac{a_{0}}{2} \int_{0}^{\infty} \sin G r \mathrm{e}^{-\frac{2 r}{a_{0}}} \mathrm{d} r+\frac{a_{0}^{2} G}{4} \int_{0}^{\infty} \cos G r \mathrm{e}^{-\frac{2 r}{a_{0}}} \mathrm{d} r-\frac{a_{0}^{2} G^{2}}{4} I_{0}
\end{aligned}
\]

Rearranging terms, we obtain:

\[
I_{0}=\frac{2 a_{0}}{4+a_{0}^{2} G^{2}} \int_{0}^{\infty} \sin G r \mathrm{e}^{-\frac{2 r}{a_{0}}} \mathrm{d} r+\frac{a_{0}^{2} G}{4+a_{0}^{2} G^{2}} \int_{0}^{\infty} \cos G r \mathrm{e}^{-\frac{2 r}{a_{0}}} \mathrm{d} r
\]

Let \(I_{1}=\int_{0}^{\infty} \sin G r \mathrm{e}^{-\frac{2 r}{a_{0}}} \mathrm{d} r, I_{2}=\int_{0}^{\infty} \cos G r \mathrm{e}^{-\frac{2 r}{a_{0}}} \mathrm{d} r\), then

\[
I_{0}=\frac{2 a_{0}}{4+a_{0}^{2} G^{2}} \cdot I_{1}+\frac{a_{0}^{2} G}{4+a_{0}^{2} G^{2}} \cdot I_{2}
\]",\boxed{\frac{4 a_{0}^{3} G}{\left(4+a_{0}^{2} G^{2}\right)^{2}}},NV,,False,EN,Math Derivation
3991,Modern Physics,Solid-State Physics,Crystal Structure,"(2) In the hexagonal crystal system, find the angle between the normal directions of the Miller indices \((1,1, \overline{2}, 0)\) and \((1, \overline{1}, 0, 1)\) crystal planes.","(2) \(h+k+l=0\) indicates that \(h, k, l\) are not independent and that \(l=-h-k\), allowing us to express the plane indices in the hexagonal system as \((h, k, m)\). Thus, the crystal plane \((1,1, \overline{2}, 0)\) corresponds to the plane \((1,1,0)\), and the crystal plane \((1, \overline{1}, 0,1)\) corresponds to the plane \((1, \overline{1}, 1)\). Figure 1.1.9 depicts a unit cell, or crystallographic cell, of the hexagonal crystal system, with \(|a|=|b|=a\).

$$
<image 1>
$$

Introducing a right-handed coordinate system \(Oxyz\), where the \(x\) and \(z\) axes coincide with the base vectors \(\boldsymbol{a}\) and \(\boldsymbol{c}\) respectively, the base vectors \(\boldsymbol{a}, \boldsymbol{b}, \boldsymbol{c}\) are expressed as

\[
\begin{aligned}
& a=a \, i, \\
& b=-\frac{1}{2} a \, i+\frac{\sqrt{3}}{2} a \, j, \\
& c=c \, k,
\end{aligned}
\]

where \(i, j, k\) are unit vectors in the directions of the \(x, y, z\) axes, respectively. The reciprocal lattice vectors for this unit cell are given by

\[
\begin{aligned}
& a^{*}=\frac{2 \pi}{\Omega}(b \times c)=\frac{2 \pi}{\Omega}\left(\frac{\sqrt{3}}{2} a c \, i+\frac{1}{2} a c \, j\right), \\
& b^{*}=\frac{2 \pi}{\Omega}(c \times a)=\frac{2 \pi}{\Omega} a c \, j, \\
& c^{*}=\frac{2 \pi}{\Omega}(a \times b)=\frac{2 \pi}{\Omega}\left(\frac{\sqrt{3}}{2} a^{2} \, k\right),
\end{aligned}
\]

where \(\Omega\) is the volume of the unit cell

\[
\Omega=|a \cdot(b \times c)|=|b \cdot(c \times a)|=\left|\left|-\frac{1}{2} a \, i+\frac{\sqrt{3}}{2} a \, j\right| \cdot(a c \, j)\right|=\frac{\sqrt{3}}{2} a^{2} c.
\]

Therefore, the reciprocal lattice vectors of the hexagonal crystal system are

\[
\begin{aligned}
& a^{*}=\frac{2 \pi}{a}\left(i+\frac{1}{\sqrt{3}} j\right), \\
& b^{*}=\frac{2 \pi}{a} \frac{2}{\sqrt{3}} j, \\
& c^{*}=\frac{2 \pi}{c} k.
\end{aligned}
\]

Based on the above discussion, in the hexagonal system, the crystal plane \((1,1, \overline{2}, 0)\) corresponds to the plane \((1,1,0)\), so its normal vector \(\boldsymbol{G}_{(110)}\) is

\[
G_{(110)}=\frac{2 \pi}{a}\left(i+\frac{1}{\sqrt{3}} j\right)+\frac{2 \pi}{a} \frac{2}{\sqrt{3}} j=\frac{2 \pi}{a}(i+\sqrt{3} j).
\]

Similarly, the crystal plane \((1, \overline{1}, 0, 1)\) corresponds to the plane \((1, \overline{1}, 1)\), and its normal vector \(\boldsymbol{G}_{(1 \overline{1}1)}\) is

\[
\begin{aligned}
G_{(1 \overline{1}1)} & =\frac{2 \pi}{a}\left(i+\frac{1}{\sqrt{3}} j\right)-\frac{2 \pi}{a} \frac{2}{\sqrt{3}} j+\frac{2 \pi}{c} k \\
& =\frac{2 \pi}{a}\left(i-\frac{1}{\sqrt{3}} j\right)+\frac{2 \pi}{c} k.
\end{aligned}
\]

Let the angle between \(\boldsymbol{G}_{(110)}\) and \(\boldsymbol{G}_{(1\overline{1}1)}\) be \(\alpha\), then

\[
\cos \alpha=\frac{\left(\frac{2 \pi}{a}\right)^{2}\left(1 \times 1+\sqrt{3} \times\left(-\frac{1}{\sqrt{3}}\right)+0 \times 0\right)}{\left|\boldsymbol{G}_{(110)}\right| \cdot \left|\boldsymbol{G}_{(1\overline{1}1)}\right|}=\frac{\left(\frac{2 \pi}{a}\right)^{2}(1-1)}{\left|\boldsymbol{G}_{(110)}\right| \cdot \left|\boldsymbol{G}_{(1\overline{1}1)}\right|}=0.
\]

Therefore, the normal directions of the crystal planes \((1,1, \overline{2}, 0)\) and \((1, \overline{1}, 0, 1)\) in the hexagonal crystal system are perpendicular to each other.",\boxed{\frac{\pi}{2}},NV,,False,EN,Math Derivation
3994,Modern Physics,Solid-State Physics,Transport Properties of Electrons and Holes in Solids,"The resistivity of copper is \(1.56 \times 10^{-8} \, \Omega \cdot \mathrm{m}\). Find the mean free time \(\tau\) of electrons in copper.","The mean free time is given by:
\[
\sigma=\frac{1}{\rho}=\frac{1}{1.56 \times 10^{-8}} = \frac{n e^{2} \tau}{m}
\]

Therefore,
\[
\tau=\frac{1}{1.56 \times 10^{-8}} \times \frac{9.1 \times 10^{-31}}{8.4 \times 10^{28} \times \left(1.6 \times 10^{-19}\right)^{2}}=5.43 \times 10^{-14} \, \mathrm{s}
\]",\boxed{5.43 \times 10^{-14}},NV,,False,EN,Laws Application
3996,Modern Physics,Solid-State Physics,Crystal Defects and Motion,"Carburizing steel involves placing iron in a carbon-rich atmosphere, allowing carbon atoms to diffuse into the iron over time. It is known that for \(\gamma\) iron, the diffusion activation energy of carbon \(Q = 3.38 \times 10^{4} \mathrm{cal} / \mathrm{mol}\), and the pre-exponential factor \(D_{0} = 0.21 \mathrm{~cm}^{2} / \mathrm{s}\). At \(T = 1100^{\circ} \mathrm{C}\), how long does it take for the carbon concentration at a depth of 1 mm from the surface to be half of that at the surface?","First, calculate the diffusion coefficient of carbon in \(\gamma\) iron at \(T = 1100^{\circ} \mathrm{C}\):

\[
D = D_{0} \mathrm{e}^{-\frac{Q}{R T}} = 0.21 \times \mathrm{e}^{-\frac{1.5}{8.314 \times (1100 + 273)}} = 6.53 \times 10^{-7} \, \mathrm{cm}^{2} / \mathrm{s}
\]

According to the problem, at \(x = 0.1 \, \mathrm{cm}\), the carbon concentration is half of that at the surface, i.e.,

\[
\frac{C(x, t)}{C_{0}} = \frac{1}{2} = 1 - \operatorname{erf}\left(\frac{0.1}{2 \sqrt{D t}}\right)
\]

Thus,

\[
\operatorname{erf} \frac{0.1}{2 \sqrt{D t}} = 0.5
\]

From the error function table, we find

\[
\frac{0.1}{2 \sqrt{D t}} = 0.477
\]

Substituting in \(D = 6.53 \times 10^{-7}\), we get

\[
t = \frac{(0.1)^{2}}{4 \times (0.477)^{2} \times 6.53 \times 10^{-7}} = 1.68 \times 10^{4} \, \mathrm{s} \approx 4.67 \, \mathrm{h}
\]",\boxed{4.67},NV,,False,EN,Practical Application
3998,Modern Physics,Solid-State Physics,Crystal Structure,"When you sit in front of a color television (with a cathode ray tube voltage of 25 kV), and place a sodium chloride (NaCl) crystal in front of the cathode ray tube, calculate the Bragg angle for the first-order reflected diffraction.

Given \(\lambda=0.5 \, \text{Å}, \rho_{\mathrm{NaCl}}=2.165 \, \mathrm{g/cm}^{3}\)","(3) According to the Bragg reflection condition

\[
2 d \sin \theta = n \lambda
\]

For the Bragg angle at the first-order diffraction maximum, let \(n=1\) to obtain

\[
\sin \theta = \frac{\lambda}{2 d}
\]

where \(d\) is the distance between two adjacent ions in the NaCl crystal.  
Since the NaCl crystal is a simple cubic crystal formed by alternating \(\mathrm{Na}^{+}\) and \(\mathrm{Cl}^{-}\) ions, and in 1 mole of NaCl there are \(N_{0}\) \(\mathrm{Na}^{+}\) and \(N_{0}\) \(\mathrm{Cl}^{-}\) ions (\(N_{0}\) is Avogadro's number), if the molar mass of NaCl \(M=58.45 \, \mathrm{g/mol}\) and the mass density \(\rho_{\mathrm{NaCl}}=2.165 \, \mathrm{g/cm}^{3}\), then

\[
d=\left(\frac{\frac{M}{\rho}}{2 N_{0}}\right)^{\frac{1}{3}}=\left(\frac{\frac{58.45}{2.165 \times 10^{6}}}{2 \times 6.02 \times 10^{23}}\right)^{\frac{1}{3}}=2.82 \, \text{Å}
\]

Therefore,

\[
\sin \theta = \frac{0.5}{2 \times 2.82} = 0.088
\]

Thus,

\[
\theta = 5^{\circ}
\]",\boxed{5^\circ},NV,,False,EN,Laws Application
4000,Modern Physics,Solid-State Physics,Binding in Solids,"A linear Bravais solid chain is composed of \(N\) inert gas atoms. The average interaction potential between every two atoms is given by

\[
\phi(x)=\phi_{0}\left[\left(\frac{\sigma}{x}\right)^{12}-2\left(\frac{\sigma}{x}\right)^{6}\right]
\]

Find the average lattice energy \(u_{0}\) per atom.","The average lattice energy per atom equals the potential energy between any two atoms at equilibrium,

\[
u_{0}=\phi\left(x_{0}\right)=\phi_{0}\left[\left(\frac{\sigma}{\sigma}\right)^{12}-2\left(\frac{\sigma}{\sigma}\right)^{6}\right]=\phi_{0}(1-2)=-\phi_{0}
\]",\boxed{-\phi_{0}},NV,,False,EN,Laws Application
4001,Modern Physics,Solid-State Physics,Lattice Vibrations and Mechanical Properties of Solids,"Neutron diffraction can be used to measure the relationship \( \omega \) and \( k \) of a certain excitation in a crystal. Assuming the symmetry of the crystal is known, write down the energy conservation equation for the scattering process.","Let the neutron mass be \( M \), the momentum of the incident neutron beam be \( p = \hbar k \), and the scattered momentum be \( p^{\prime} = \hbar k^{\prime} \). The energy conservation equation is

\[
\frac{\hbar^{2} k^{2}}{2 M} = \frac{\hbar^{2} k^{\prime 2}}{2 M} \pm \hbar \omega(q)
\]",\boxed{\frac{\hbar^{2} k^{2}}{2 M} = \frac{\hbar^{2} k^{\prime 2}}{2 M} \pm \hbar \omega(q)},EQ,,False,EN,Laws Application
4002,Modern Physics,Solid-State Physics,Transport Properties of Electrons and Holes in Solids,"The Fermi-Dirac distribution indicates that at temperature \(T\), only electrons within an energy range approximately \(k_{B} T\) around \(E_{F}^{0}\) are thermally excited. Let's assume these electrons also obey the equipartition theorem, and that the density of states of electrons in the metal is constant. Consider 1 mole of metal containing a total of \(N_{0}\) electrons, these electrons are uniformly filled from \(E=0\) up to \(E_{\mathrm{F}}^{0}\), hence the density of states is

\[
\frac{N_{0}}{E_{\mathrm{F}}^{0}}
\]

According to the problem, only the following electrons are thermally excited:

\[
\frac{N_{0}}{E_{\mathrm{F}}^{0}} \cdot k_{\mathrm{B}} T
\]

Calculate the portion of the electron energy in the metal that changes with temperature as the temperature varies.","The portion of the energy of the metal electrons that changes with temperature is

\[
\frac{N_{0}}{E_{\mathrm{F}}^{0}} \cdot k_{\mathrm{B}} T \cdot \frac{3}{2} k_{\mathrm{B}} T
\]","\[
\boxed{\frac{3N_{0}}{2E_{\mathrm{F}}^{0}} \cdot (k_{\mathrm{B}} T)^2}
\]",EX,,False,EN,Laws Application
4003,Modern Physics,Solid-State Physics,Binding in Solids,"Assume that the total interaction potential energy of ions in an ionic crystal is given by

\[
U(r) = -N \left[ \frac{M e^2}{4 \pi \varepsilon_0 r} - Z \lambda e^{-\frac{r}{\rho}} \right]
\]

Find the compressibility of the crystal. Under equilibrium conditions, provide the formula for calculating the compressibility.","The compressibility \(B\) is equal to the reciprocal of the bulk modulus \(K\) of the crystal, which is

\[
B = \frac{1}{K}
\]

The expression for the bulk modulus \(K\) is

\[
K = \left( \frac{\mathrm{d} r}{\mathrm{d} V} \right)_{r_0}^{2} \left( \frac{\partial^2 U}{\partial r^2} \right)_{r_0} \cdot V_0
\]

Substituting the known values of \(\left( \frac{\mathrm{d} r}{\mathrm{d} V} \right)_{r_0}\) and \(\left. \frac{\partial^2 U}{\partial r^2} \right|_{r_0}\), we get

\[
\begin{aligned}
K & = -\frac{1}{\left(3 N \alpha r_0^2\right)^2} \cdot \frac{M e^2}{2 \pi \varepsilon_0 r_0^2} \left( \frac{1}{r_0} - \frac{1}{2\rho} \right) \cdot N \alpha r_0^3 \\
& = \frac{-M e^2}{18 \alpha N r_0^3} \cdot \frac{1}{\pi \varepsilon_0} \cdot \left( \frac{1}{r_0} - \frac{1}{2\rho} \right) \\
& = \frac{-M e^2}{18 V_0 \pi \varepsilon_0} \left( \frac{1}{r_0} - \frac{1}{2\rho} \right) \\
& = \frac{M e^2}{18 V_0 \pi \varepsilon_0} \left( \frac{1}{2\rho} - \frac{1}{r_0} \right)
\end{aligned}
\]

Therefore, the compressibility of the ionic crystal is

\[
B = \frac{1}{K} = \frac{18 \pi \varepsilon_0 V_0}{M e^2 \left( \frac{1}{2\rho} - \frac{1}{r_0} \right)}
\]",\boxed{\frac{18 \pi \varepsilon_0 V_0}{M e^2 \left( \frac{1}{2\rho} - \frac{1}{r_0} \right)}},EX,,False,EN,Math Derivation
4008,Modern Physics,Solid-State Physics,Transport Properties of Electrons and Holes in Solids,"Consider a one-dimensional metal in which atoms are regularly spaced at a distance \(b\) apart, with each atom having one valence electron. Using the tight-binding approximation, the atomic wave function is given by \(\Psi\left(r-R_{i}\right)\), where \(R_{i}\) is the position of the nucleus of the \(i\)th atom \(\left(R_{i}=ib\right)\), and it's assumed that the nucleus positions are fixed. It is known that:

\[
\begin{aligned}
& \int \Psi^{*}\left(r-R_{i}\right) H \Psi\left(r-R_{i}\right) \mathrm{d}^{3} r = -E_{0}, \\
& \int \Psi^{*}\left(r-R_{i}\right) H \Psi\left(r-R_{i+1}\right) \mathrm{d}^{3} r = -V, \\
& \int \Psi^{*}\left(r-R_{i}\right) H \Psi\left(r-R_{i+j}\right) \mathrm{d}^{3} r = 0, \quad \text{for } j \geqslant 2,
\end{aligned}
\]

where \( H \) is the Hamiltonian. Calculate the contribution of the electron to the binding energy (relative to \(-E_{0}\)).","Assume there are a total of \(N\) atoms.

\[
N = L \int_{E_{\min}}^{E'} \rho(E) \mathrm{d} E = Nb \cdot \int_{0}^{k'} \frac{2}{\pi} \mathrm{d} k,
\]

Thus,

\[
\begin{aligned}
k' &= \frac{\pi}{2b}, \\
E_{\text{cx}} &= L \cdot \int_{0}^{k'} \frac{2}{\pi} E(k) \mathrm{d} k = N\left(-E_{0} - \frac{4V}{\pi}\right).
\end{aligned}
\]

The contribution of each electron to the total energy is

\[
\varepsilon = -E_{0} - \frac{4V}{\pi},
\]

so the contribution to the binding energy is \(\frac{4V}{\pi}\).",\boxed{\frac{4V}{\pi}},NV,,False,EN,Math Derivation
4009,Modern Physics,Solid-State Physics,Lattice Vibrations and Mechanical Properties of Solids,"For a three-dimensional crystal under the Debye model, the formula for the zero-point vibrational energy \(E_{0}\) is

\[
E_{0}=\int_{0}^{\omega_{0}} \frac{1}{2} \hbar \omega \cdot D(\omega) \mathrm{d} \omega
\]

where \(\omega_{D}\) is the maximum angular frequency in the Debye model, and \(D(\omega)\) is the density of states. Given that the Debye temperature \(\Theta_{\mathrm{D}}=1861 \mathrm{~K}\), and the dispersion relation of the elastic wave in an isotropic medium satisfies \(\omega=q v_{p}\), find the zero-point vibrational energy of diamond.","The formula for the density of states is

\[
D(\omega) \mathrm{d} \omega=3 \times \frac{V}{(2 \pi)^{3}} \times 4 \pi \frac{\omega^{2}}{v_{\mathrm{p}}^{2}} \frac{\mathrm{~d} \omega}{v_{\mathrm{p}}}=\frac{3 V \omega^{2}}{2 \pi^{2} v_{\mathrm{p}}^{3}} \mathrm{~d} \omega
\]

Assuming there are \(N\) atoms in the crystal, with each atom having 3 degrees of freedom, the crystal thus has \(3N\) normal modes, hence

\[
\int_{0}^{\omega_{\mathrm{D}}} D(\omega) \mathrm{d} \omega=\frac{V \omega_{\mathrm{D}}^{3}}{2 \pi^{2} v_{\mathrm{p}}^{3}} = 3N
\]

Therefore,

\[
\omega_{\mathrm{D}}^{3}=\frac{6 \pi^{2} N}{V} v_{\mathrm{p}}^{3}
\]

Let the Debye temperature \(\Theta_{D}\) satisfy

\[
k_{\mathrm{B}} \Theta_{\mathrm{D}}=\hbar \omega_{\mathrm{D}}
\]

The zero-point vibrational energy is computed as

\[
\begin{aligned}
E_{0} & =\int_{0}^{\omega_{\mathrm{D}}} \frac{1}{2} \hbar \omega \frac{3 V \omega^{2}}{2 \pi^{2} v_{\mathrm{p}}^{3}} \mathrm{~d} \omega=\frac{3 \hbar V}{4 \pi^{2} v_{\mathrm{p}}^{3}} \int_{0}^{\omega_{\mathrm{D}}} \omega^{3} \mathrm{~d} \omega \\
& =\frac{3 \hbar V}{4 \pi^{2} v_{\mathrm{p}}^{3}} \cdot \frac{1}{4} \cdot \omega_{\mathrm{D}}^{4}=\frac{3 \hbar V}{4 \pi^{2} v_{\mathrm{p}}^{3}} \cdot \frac{1}{4} \cdot \omega_{\mathrm{D}}^{3} \cdot \omega_{\mathrm{D}}
\end{aligned}
\]

Further simplification yields,

\[
E_{0}=\frac{3 V}{4 \pi^{2} v_{\mathrm{p}}^{3}} \cdot \frac{1}{4} \cdot \frac{6 \pi^{2} N}{V} \cdot v_{\mathrm{p}}^{3} \cdot \hbar \omega_{\mathrm{D}}=\frac{9}{8} N k_{\mathrm{B}} \Theta_{\mathrm{D}}
\]

Therefore, the zero-point vibrational energy for 1 mole of diamond is calculated as

\[
E_{0}=\frac{9}{8} N_{0} k_{\mathrm{B}} \Theta_{\mathrm{D}}=\frac{9}{8} R \Theta_{\mathrm{D}}=\frac{9}{8} \times 8.314 \times 1861=17419.74 \mathrm{~J} / \mathrm{mol}=4.2 \mathrm{kcal} / \mathrm{mol}
\]",\boxed{4.2},NV,\text{kcal/mol},False,EN,Math Derivation
4011,Modern Physics,Solid-State Physics,Binding in Solids,"Assume that the total interaction potential energy of ions in an ionic crystal is given by

\[
U(r) = -N \left[ \frac{M e^2}{4 \pi \varepsilon_0 r} - Z \lambda e^{-\frac{r}{\rho}} \right]
\]

Find the expression for \(\left. \frac{\partial^2 U}{\partial r^2} \right|_{r_0}\), where \(\lambda, \rho\) are constants, \(Z\) is the coordination number. Provide the specific expression, including the form after canceling out the constants.","We have

\[
\left. \frac{\partial^2 U}{\partial r^2} \right|_{r_0} = N \left[ \frac{2M e^2}{4 \pi \varepsilon_0 r_0^3} - \frac{Z \lambda}{\rho} e^{-\frac{r_0}{\rho}} \right]
\]

By applying \(e^{-\frac{r_0}{\rho}} = \frac{M \rho e^2}{4 \pi \varepsilon_0 Z \lambda r_0^2}\), we have

\[
\left. \frac{\partial^2 U}{\partial r^2} \right|_{r_0} = \frac{M e^2}{2 \pi \varepsilon_0 r_0^2} \left( \frac{1}{r_0} - \frac{1}{2\rho} \right)
\]",\boxed{\frac{M e^2}{2 \pi \varepsilon_0 r_0^2} \left( \frac{1}{r_0} - \frac{1}{2\rho} \right)},EX,,False,EN,Math Derivation
4015,Modern Physics,Solid-State Physics,Lattice Vibrations and Mechanical Properties of Solids,"Consider a two-dimensional square lattice consisting of atoms each with mass \(m\), only accounting for interactions between nearest neighbor atoms with a force constant \(\beta\). The phonon dispersion relation is given by:

\[
\omega_q = \sqrt{\frac{4 \beta}{m}}\left(\sin \left(\frac{q a}{2}\right)\right)
\]

In the long-wavelength limit, find the phonon density of states \(D(\omega)\), which is the number of lattice vibration modes within a unit frequency interval \(d\omega\).","In the long-wavelength limit, as \(q \rightarrow 0\), we have

\[
\omega = \sqrt{\frac{4 \beta}{m}}\left(\sin \left(\frac{q a}{2}\right)\right) \approx \sqrt{\frac{\beta}{m}} a q
\]

where \(\omega \propto q\), representing the dispersion relation of elastic waves. If the area of the two-dimensional lattice is \(S\), the phonon density of states \(D(\omega)\) is given by

\[
D(\omega) \mathrm{d} \omega = \frac{S}{(2 \pi)^2} 2 \pi q \mathrm{~d} q
\]

which means

\[
D(\omega) = \frac{S}{2 \pi} q \frac{\mathrm{d} q}{\mathrm{d} \omega}
\]

From the above relationship:

\[
q = \frac{\omega}{\sqrt{\frac{\beta}{m}} \cdot a}
\]

so that

\[
\frac{\mathrm{d} \omega}{\mathrm{d} q} = \sqrt{\frac{\beta}{m}} \cdot a
\]

Thus, the density of modes is

\[
D(\omega) = \frac{S}{2 \pi} q \cdot \frac{\mathrm{d} q}{\mathrm{d} \omega} = \frac{S}{2 \pi} \frac{\omega}{\sqrt{\frac{\beta}{m}} \cdot a} \cdot \frac{1}{\sqrt{\frac{\beta}{m}} \cdot a} = \frac{S m \omega}{2 \pi a^2 \beta}
\]",\boxed{\frac{S m \omega}{2 \pi a^2 \beta}},EX,,False,EN,Math Derivation
4017,Modern Physics,Solid-State Physics,Binding in Solids,"There is a linear Bravais solid chain composed of \(N\) inert gas atoms. If the average interaction potential between any two atoms is

\[
\phi(x)=\phi_{0}\left[\left(\frac{\sigma}{x}\right)^{12}-2\left(\frac{\sigma}{x}\right)^{6}\right]
\]

find the average distance \(x_{0}\) between the atoms.","From the equilibrium condition

\[
\left.\frac{\mathrm{d} \phi}{\mathrm{~d} x}\right|_{x_{0}}=0
\]

we have

\[
\left.\frac{\mathrm{d}}{\mathrm{~d} x}\left[\phi_{0}\left[\left(\frac{\sigma}{x}\right)^{12}-2\left(\frac{\sigma}{x}\right)^{6}\right]\right]\right|_{x_{0}}=\phi_{0}\left[-12 \frac{\sigma^{12}}{x_{0}^{13}}+2 \times 6 \frac{\sigma^{6}}{x_{0}^{7}}\right]=0
\]

which simplifies to

\[
-\frac{\sigma^{6}}{x_{0}^{6}}+1=0
\]

Thus, we find

\[
x_{0}=\sigma
\]",\(\boxed{\sigma}\),NV,,False,EN,Math Derivation
4021,Modern Physics,Solid-State Physics,Binding in Solids,"Consider a straight line on which \(2N\) ions, carrying charges \(\pm q\), are arranged alternately. The repulsion potential between nearest neighbors is given by \(A/R^n\), in addition to the usual Coulomb potential. Find the equilibrium spacing \(R_0\) and determine the equilibrium energy \(U(R_0)\).","According to the problem, the lattice energy for this system is given by:

\[
U(R) = N \left( -\frac{M q^2}{R} + \frac{A}{R^n} \right)
\]

where \(M\) is the Madelung constant. For the given system, \(M = 2 \ln 2\). From the equilibrium condition

\[
\left. \frac{\mathrm{d} U(R)}{\mathrm{d} R} \right|_{R_0} = 0
\]

we obtain

\[
R_0 = \left( \frac{n A}{M q^2} \right)^{\frac{1}{n-1}} = \left( \frac{n A}{2 q^2 \ln 2} \right)^{\frac{1}{n-1}}
\]

From this, we find

\[
\begin{aligned}
U(R_0) & = N \left( -\frac{2 q^2 \ln 2}{R_0} + \frac{A}{R_0} \cdot \frac{2 q^2 \ln 2}{n A} \right) \\
& = -\frac{2 N q^2 \ln 2}{R_0} \left( 1 - \frac{1}{n} \right)
\end{aligned}
\]","\boxed{\left( \frac{n A}{2 q^2 \ln 2} \right)^{\frac{1}{n-1}}, -\frac{2 N q^2 \ln 2}{R_0} \left( 1 - \frac{1}{n} \right)}","NV, EX",,True,EN,Math Derivation
4023,Modern Physics,Solid-State Physics,Transport Properties of Electrons and Holes in Solids,"Prove that the pressure of a free electron gas in a metal at absolute zero is \( p = \frac{2}{3} \frac{U_{0}}{V} \), where \( U_{0} \) is the total energy of the electron gas and \( V \) is the volume of the metal.","According to the thermodynamic relation

\[
\mathrm{d}U = T \mathrm{~d}s - p \mathrm{~d}V
\]

when \( T=0 \)

\[
p = -\frac{\partial U}{\partial V}
\]

The ground state energy of the electron gas

\[
U_{0} = N \bar{E}
\]

where \( \bar{E} \) is the average energy per electron in the gas, and \( N \) is the number of free electrons. At \( T=0 \), all energy levels below the Fermi level \( E_{\mathrm{F}}^{0} \) are fully occupied by electrons, \( f(E)=1 \), and all above are empty, \( f(E)=0 \), therefore

\[
\bar{E} = \frac{U}{N} = \frac{\int_{0}^{E_{\mathrm{F}}^{0}} E \cdot \rho(E) \mathrm{d}E}{\int_{0}^{E_{\mathrm{F}}^{0}} \rho(E) \mathrm{d}E}
\]

In a free electron gas in a metal, the expression for electron energy is \( E = \frac{\hbar^2 k^2}{2m} \), and the corresponding density of states is \(\rho(E) = \frac{4\pi(2m)^{\frac{3}{2}} E^{\frac{1}{2}}}{h^3} = C E^{\frac{1}{2}} \) (as detailed in solution 1.1.83), hence

\[
\bar{E} = \frac{U}{N} = \frac{\int_{0}^{E_{\mathrm{F}}^{0}} E \cdot C E^{\frac{1}{2}} \mathrm{d}E}{\int_{0}^{E_{\mathrm{F}}^{0}} \rho(E) \mathrm{d}E} = \frac{\frac{2}{5} E_{\mathrm{F}}^{\frac{5}{2}}}{\frac{2}{3} E_{\mathrm{F}}^{0^{\frac{3}{2}}}} = \frac{3}{5} E_{\mathrm{F}}^{0}
\]

Applying the formula for the Fermi level

\[
E_{\mathrm{F}}^{0} = \frac{\hbar^2}{2m}(3 \pi^2 n)^{\frac{2}{3}} = \frac{\hbar^2}{2m}\left(3 \pi^2 \frac{N}{V}\right)^{\frac{2}{3}}
\]

Thus, the total energy of the electron gas

\[
U_{0} = N \cdot \bar{E} = N \cdot \frac{3}{5} E_{\mathrm{F}}^{0} = N \cdot \frac{3}{5} \cdot \frac{\hbar^2}{2m}\left(3 \pi^2 \frac{N}{V}\right)^{\frac{2}{3}} = \frac{3}{5} \cdot \frac{\hbar^2}{2m}\left(3 \pi^2 \frac{N^{\frac{5}{2}}}{V}\right)^{\frac{2}{3}}
\]

Therefore, the pressure of the electron gas

\[
p = -\frac{\partial U}{\partial V} = -\frac{\partial}{\partial V}\left[\frac{3}{5} \cdot \frac{\hbar^2}{2m}\left(3 \pi^2 \frac{N^{\frac{5}{2}}}{V}\right)^{\frac{2}{3}}\right] = \frac{3}{5} \cdot \frac{\hbar^2}{2m}\left(3 \pi^2 \frac{N^{\frac{5}{2}}}{V}\right)^{\frac{2}{3}} \cdot \frac{2}{3V} = \frac{2U_{0}}{3V}
\]",\boxed{\frac{2}{3} \frac{U_{0}}{V}},EX,,False,EN,Math Derivation
4025,Modern Physics,Solid-State Physics,Binding in Solids,"Given that the inert gas crystal Kr (krypton) has a face-centered cubic structure and the Lennard-Jones parameters \(\varepsilon=0.014 \mathrm{eV}\), \(\sigma=3.65 \mathrm{\AA}\), find the bulk modulus of the crystal.","The bulk modulus \(K\) of the crystal is given by:

\[
K=\frac{\sqrt{2}}{3} \cdot \frac{4 \varepsilon}{r_{0}^{3}}\left(26 A_{12} \frac{\sigma^{12}}{r_{0}^{12}}-7 A_{6} \frac{\sigma^{6}}{r_{0}^{6}}\right)
\]

Substituting \(r_{0}=\left(\frac{2 A_{12}}{A_{6}}\right)^{\frac{1}{6}} \sigma\), we get:

\[
K=4 \times\left(\frac{13.639^{\frac{5}{2}}}{12.127^{\frac{3}{2}}}\right) \frac{\varepsilon}{\sigma^{3}}=4 \times 16.2677 \times \frac{0.014 \times 1.602 \times 10^{-19}}{3.65^{3} \times 10^{-30}} =3.0 \times 10^{9}\left(\mathrm{~N}/\mathrm{m}^{2}\right)
\]",\boxed{3.0 \times 10^{9}},NV,\mathrm{N/m^2},False,EN,Practical Application
4027,Modern Physics,Solid-State Physics,Transport Properties of Electrons and Holes in Solids,"As previously described, suppose two metals have the same Fermi level \(E_F\), with \(A > B\). Assuming equal relaxation time, which of these two metals has a higher conductivity?","From the electron dispersion relation, we can obtain their effective mass:

Metal I:
\[
m_{\mathrm{I}}^{*} = \left(\frac{1}{\hbar^{2}} \frac{\mathrm{d}^{2} E}{\mathrm{d} k^{2}}\right)^{-1} = \frac{\hbar^{2}}{2A}
\]

Metal II:
\[
m_{\mathrm{II}}^{*} = \frac{\hbar^{2}}{2B}
\]

The electron concentration is the number of states inside the Fermi sphere, which is:

Metal I:
\[
n_{1} = \frac{2}{(2 \pi)^{3}} \cdot \frac{4\pi}{3} (k_{\mathrm{F}}^1)^3 = \frac{1}{3 \pi^{2}} \left(\frac{E_{\mathrm{F}}}{A}\right)^{\frac{3}{2}}
\]

Metal II:
\[
n_{2} = \frac{1}{3 \pi^{2}} \left(\frac{E_{\mathrm{F}}}{B}\right)^{\frac{3}{2}}
\]

According to the theory of metal conductivity, the conductivity \(\sigma = \frac{n e^{2} \tau}{m^{*}}\), thus their conductivities are:

Metal I:
\[
\sigma_{1} = \frac{2 e^{2} \tau}{3 \pi^{2}} \frac{E_{\mathrm{F}}^{\frac{3}{2}}}{\hbar^{2}} \frac{1}{\sqrt{A}}
\]

Metal II:
\[
\sigma_{2} = \frac{2 e^{2} \tau}{3 \pi^{2}} \frac{E_{\mathrm{F}}^{\frac{3}{2}}}{\hbar^{2}} \frac{1}{\sqrt{B}}
\]

Since \(A > B\), we have \(\sigma_{1} < \sigma_{2}\).",\boxed{B},MC,,False,EN,Math Derivation
4029,Modern Physics,Solid-State Physics,Motion of Electrons in Electromagnetic Fields,"Consider a one-dimensional crystal where the electron energy band can be expressed as

\[
E(k)=\frac{\hbar^{2}}{m a^{2}}\left(\frac{7}{8}-\cos k a+\frac{1}{8} \cos 2 k a\right)
\]

Find the velocity of the electron when it is in the state with wave vector \(k\).","The electron velocity is

\[
v(k)=\frac{1}{\hbar} \frac{d E(k)}{d k}=\frac{\hbar}{m a^{2}}\left(\sin k a-\frac{1}{4} \sin 2 k a\right)
\]",\boxed{\frac{\hbar}{m a^{2}}\left(\sin k a-\frac{1}{4} \sin 2 k a\right)},EX,,False,EN,Math Derivation
4030,Modern Physics,Solid-State Physics,Transport Properties of Electrons and Holes in Solids,"Assuming silver to be a monovalent metal with a spherical Fermi surface, calculate the mean free path of electrons at room temperature and at low temperature. The density of silver is \(10.5 \ \mathrm{g/cm^3}\), atomic mass \(107.87\), resistivity \(1.61 \times 10^{-6} \ \Omega \cdot \mathrm{cm}\) at 295 K, and resistivity \(0.038 \times 10^{-6} \ \Omega \cdot \mathrm{cm}\) at 20 K.","The electron concentration in silver is 

\[
n = \frac{10.5}{107.87} \times 6.022 \times 10^{23} = 5.86 \times 10^{22} \ \mathrm{cm}^{-3}
\]

Fermi velocity 

\[
v_{\mathrm{F}} = 1.38 \times 10^{8} \ \mathrm{cm/s}
\] 

(derived from a previous step)

According to the Drude model of free electrons in metals:

\[
\sigma = \frac{1}{\rho} = \frac{n e^{2} \tau}{m}
\]

Thus,

\[
\tau = \frac{1}{\rho} \cdot \frac{m}{n e^{2}}
\]

At 295 K:

\[
\begin{aligned}
\tau & = \frac{1}{1.61 \times 10^{-6}} \cdot \frac{9.1 \times 10^{-31}}{5.86 \times 10^{22} \times \left(1.6 \times 10^{-19}\right)^{2}} \\
& = 3.77 \times 10^{-14} \ \mathrm{s} \\
\bar{\lambda} & = v_{\mathrm{F}} \tau = 1.38 \times 10^{8} \ \mathrm{cm/s} \times 3.77 \times 10^{-14} \ \mathrm{s} = 5.2 \times 10^{-6} \ \mathrm{cm} = 520 \ \mathrm{\angstrom}
\end{aligned}
\]

Similarly, at 20 K:

\[
\begin{aligned}
\tau & = 1.596 \times 10^{-12} \ \mathrm{s} \\
\bar{\lambda} & = 1.38 \times 10^{8} \ \mathrm{cm/s} \times 1.596 \times 10^{-12} \ \mathrm{s} = 2.20 \times 10^{-4} \ \mathrm{cm} = 2.2 \times 10^{4} \ \mathrm{\angstrom}
\end{aligned}
\]","\boxed{520, 2.2 \times 10^{4}}","NV, NV","\mathrm{\angstrom}, \mathrm{\angstrom}",True,EN,Practical Application
4031,Modern Physics,Solid-State Physics,Crystal Defects and Motion,"Consider a type of simple cubic crystal with a melting point of $800\,^\circ\text{C}$. After crystallization from the melting point, the crystal grain size is a cube with \(L=1\, \mu\text{m}\), and the lattice constant is \(a=4\, \mathring{\text{A}}\). Calculate the number of vacancies in each crystal grain after crystallization, given that the vacancy formation energy is 1 eV.","The unit cell of a simple cubic crystal is a cube with side length \(a\), and it contains only one atom per unit cell. Therefore, the number of atoms in a crystal grain with volume \(L^{3}\) is

\[
N = \frac{L^{3}}{a^{3}} = \left(\frac{1 \times 10^{-6}}{4 \times 10^{-10}}\right)^{3} = 1.56 \times 10^{10}
\]

The vacancy formation energy is \(u = 1 \, \text{eV}\). Therefore, the number of vacancies in a crystal grain with volume \(L^{3}\) is

\[
n = N \, \mathrm{e}^{-\frac{u}{k_{B} T}} = 1.56 \times 10^{10} \times \mathrm{e}^{-\frac{1.60 \times 10^{-19}}{1.38 \times 10^{-23} \times(800+273)}} = 3.2 \times 10^{5}
\]",\boxed{3.2 \times 10^{5}},NV,,False,EN,Practical Application
4033,Modern Physics,Solid-State Physics,Lattice Vibrations and Mechanical Properties of Solids,"Assume the solid is harmonic, with a bulk modulus \( K \) and a relative volume change of \(\Delta\). Neglect the dispersion relation for phonon modes, i.e., assume \(\omega_{q} = \omega\). Write down the free energy of the crystal.","The free energy of the crystal is given by

\[
F(V, T) = U(V) + k_{\mathrm{B}} T \sum_{q}\left[\frac{\hbar \omega_{q}}{2 k_{\mathrm{B}} T} + \ln \left(1-e^{-\hbar \omega_{q} / k_{\mathrm{B}} T}\right)\right]
\]

If \(\omega_{q} = \omega\) and let \(N\) be the total degrees of freedom of the crystal while \(V\) is the volume of the crystal, then

\[
F(V, T) = U(V) + N k_{\mathrm{B}} T\left[\frac{\hbar \omega}{2 k_{\mathrm{B}} T} + \ln \left(1-e^{-\hbar \omega / k_{\mathrm{B}} T}\right)\right]
\]

Here, \( U(V) \) is the internal energy of the crystal at \( T = 0 \, \text{K} \).",\boxed{U(V) + N k_{\mathrm{B}} T \left[\frac{\hbar \omega}{2 k_{\mathrm{B}} T} + \ln \left(1 - e^{-\hbar \omega / k_{\mathrm{B}} T}\right)\right]},EX,,False,EN,Laws Application
4034,Modern Physics,Solid-State Physics,Crystal Structure,"A monochromatic X-ray with wavelength \(\lambda\) is incident perpendicularly to a one-dimensional crystal lattice. The electron density distribution in the lattice is given by

\[
\rho(x)=\rho_{1} \cos \frac{2 \pi x}{a}+\rho_{2} \cos \frac{4 \pi x}{a}
\]

where \(a\) is the lattice constant, and \(\rho_{1}\) and \(\rho_{2}\) are constants.

(3) Determine the intensity of each diffraction line.","Since the diffraction intensity \(I \propto f^{2}(G)\), the intensity of each diffraction line is given by

\[
I_{ \pm 1} \propto \frac{\rho_{1}^{2}}{4}, \quad I_{ \pm 2} \propto \frac{\rho_{2}^{2}}{4}
\]","\(\boxed{I_{ \pm 1} \propto \frac{\rho_{1}^{2}}{4}, I_{ \pm 2} \propto \frac{\rho_{2}^{2}}{4}}\)",EX,,False,EN,
4036,Modern Physics,Solid-State Physics,Motion of Electrons in Electromagnetic Fields,"Consider the electron energy band of a one-dimensional crystal, which can be expressed as

\[
E(k)=\frac{\hbar^{2}}{m a^{2}}\left(\frac{7}{8}-\cos k a+\frac{1}{8} \cos 2 k a\right)
\]

where \(a\) is the lattice constant. Calculate the width of the energy band.","From the condition of extremum,

\[
\frac{d E(k)}{d k}=0
\]

we obtain

\[
\sin k a-\frac{1}{4} \sin 2 k a=\sin k a \left(1-\frac{1}{2} \cos k a\right)=0
\]

For the above equation to equal zero, the only solution is \(\sin k a=0\), corresponding to the two extremum points

\[
k=0, \frac{\pi}{a}
\]

When \(k=0\), \(E(k)\) takes the minimum value, which is the bottom of the energy band:

\[
E(k=0)=E_{\min }=0
\]

When \(k=\frac{\pi}{a}\), \(E(k)\) takes the maximum value, which corresponds to the top of the energy band:

\[
E\left(k=\frac{\pi}{a}\right)=E_{\max }=\frac{2 \hbar^{2}}{m a^{2}}
\]

Thus, the width of the energy band is

\[
\Delta E=E_{\max }-E_{\min }=\frac{2 \hbar^{2}}{m a^{2}}
\]",\boxed{\frac{2 \hbar^{2}}{m a^{2}}},NV,,False,EN,Math Derivation
4037,Modern Physics,Solid-State Physics,Crystal Defects and Motion,"Identify the crystallographic direction of densest atomic packing in a face-centered cubic (FCC) crystal, and determine the minimum slip distance. Aluminum is an FCC structure with a lattice constant of \(0.4 \text{ nm}\).","As shown in Figure 1.1.42, the primitive cell formed by the basis vectors \(\boldsymbol{a}_{1}, \boldsymbol{a}_{2}\), and \(\boldsymbol{a}_{3}\) constitutes a face-centered cubic unit cell for solid-state physics:

\[
\begin{aligned}
& \boldsymbol{a}_{1}=\frac{a}{2}(\boldsymbol{j}+\boldsymbol{k}), \quad \boldsymbol{a}_{2}=\frac{a}{2}(\boldsymbol{k}+\boldsymbol{i}), \\
& \boldsymbol{a}_{3}=\frac{a}{2}(\boldsymbol{i}+\boldsymbol{j})
\end{aligned}
\]

$$
<image 1>
$$

Figure 1.1.42\\
\(a\) represents the lattice constant of the FCC structure, \(a=0.4 \text{ nm}\). The reciprocal lattice vectors for a face-centered cubic structure are:

\[
\left\{\begin{array}{l}
\boldsymbol{b}_{1}=\frac{2 \pi\left(\boldsymbol{a}_{2} \times \boldsymbol{a}_{3}\right)}{\Omega}=\frac{2 \pi}{a}(-\boldsymbol{i}+\boldsymbol{j}+\boldsymbol{k}) \\
\boldsymbol{b}_{2}=\frac{2 \pi\left(\boldsymbol{a}_{1} \times \boldsymbol{a}_{3}\right)}{\Omega}=\frac{2 \pi}{a}(\boldsymbol{i}-\boldsymbol{j}+\boldsymbol{k}) \\
\boldsymbol{b}_{3}=\frac{2 \pi\left(\boldsymbol{a}_{2} \times \boldsymbol{a}_{1}\right)}{\Omega}=\frac{2 \pi}{a}(\boldsymbol{i}+\boldsymbol{j}-\boldsymbol{k})
\end{array}\right.
\]

The reciprocal lattice vector \(\boldsymbol{G}_{h}=h_{1} \boldsymbol{b}_{1}+h_{2} \boldsymbol{b}_{2}+h_{3} \boldsymbol{b}_{3}\) is orthogonal to the family of planes \((h_{1}, h_{2}, h_{3})\) in the face-centered cubic crystal. The interplanar spacing for the family of planes \((h_{1}, h_{2}, h_{3})\) is:

\[
d_{h_{1}, h_{2}, h_{3}}=\frac{2 \pi}{\left|\boldsymbol{G}_{h}\right|}=\frac{a}{\sqrt{\left(-h_{1}+h_{2}+h_{3}\right)^{2}+\left(h_{1}-h_{2}+h_{3}\right)^{2}+\left(h_{1}+h_{2}-h_{3}\right)^{2}}}
\]

Therefore, the crystal plane family with the largest interplanar spacing is \((1,1,1)\), and it can be demonstrated that the Miller indices for the \((1,1,1)\) plane family are also \((1,1,1)\). Expressing the reciprocal lattice vectors with respect to the unit cell reciprocal lattice:

\[
\boldsymbol{a}^{*}=\frac{2 \pi}{a} \boldsymbol{i}, \quad \boldsymbol{b}^{*}=\frac{2 \pi}{a} \boldsymbol{j}, \quad \boldsymbol{c}^{*}=\frac{2 \pi}{a} \boldsymbol{k}
\]

Thus,

\[
\left\{\begin{array}{l}
\boldsymbol{b}_{1}=\frac{2 \pi}{a}(-\boldsymbol{i}+\boldsymbol{j}+\boldsymbol{k})=\left(-\boldsymbol{a}^{*}+\boldsymbol{b}^{*}+\boldsymbol{c}^{*}\right) \\
\boldsymbol{b}_{2}=\frac{2 \pi}{a}(\boldsymbol{i}-\boldsymbol{j}+\boldsymbol{k})=\left(\boldsymbol{a}^{*}-\boldsymbol{b}^{*}+\boldsymbol{c}^{*}\right) \\
\boldsymbol{b}_{3}=\frac{2 \pi}{a}(\boldsymbol{i}+\boldsymbol{j}-\boldsymbol{k})=\left(\boldsymbol{a}^{*}+\boldsymbol{b}^{*}-\boldsymbol{c}^{*}\right)
\end{array}\right.
\]

Therefore,

\[
\begin{aligned}
\boldsymbol{G}_{h_{1}, h_{2}, h_{3}} & =h_{1} \boldsymbol{b}_{1}+h_{2} \boldsymbol{b}_{2}+h_{3} \boldsymbol{b}_{3} \\
& =\left(-h_{1}+h_{2}+h_{3}\right) \boldsymbol{a}^{*}+\left(h_{1}-h_{2}+h_{3}\right) \boldsymbol{b}^{*}+\left(h_{1}+h_{2}-h_{3}\right) \boldsymbol{c}^{*} \\
& =p \boldsymbol{G}_{h k l}=p\left(h \boldsymbol{a}^{*}+k \boldsymbol{b}^{*}+l \boldsymbol{c}^{*}\right)
\end{aligned}
\]

\(\boldsymbol{G}_{h_{1}, h_{2}, h_{3}}\) is orthogonal to the plane family \((h, k, l)\). Therefore, if the indices \((h_{1}, h_{2}, h_{3})\) of the plane family are known, then in the unit cell coordinate system, the indices are:

\[
\{h, k, l\}=\frac{1}{p}\left\{\left(-h_{1}+h_{2}+h_{3}\right),\left(h_{1}-h_{2}+h_{3}\right),\left(h_{1}+h_{2}-h_{3}\right)\right\}
\]

where \(p\) is the greatest common divisor of \(\left(-h_{1}+h_{2}+h_{3}\right),\left(h_{1}-h_{2}+h_{3}\right),\left(h_{1}+h_{2}-h_{3}\right)\). Substituting the plane index \((1,1,1)\) into the above expression yields a Miller index of \((1,1,1)\) for the corresponding FCC crystal plane family.

$$
<image 2>
$$

Figure 1.1.43 illustrates a crystallographic unit cell of an FCC crystal where the Miller indices are \((1,1,1)\). In the diagram, the planes are depicted as dashed lines. Due to the large interplanar spacing of the \((1,1,1)\) planes, the bonding force between these planes is weak, making \((1,1,1)\) the slip plane. At the same time, this plane has the highest atomic packing density. Therefore, the direction of densest atomic packing in an FCC crystal lies in the \((1,1,1)\) plane. The atomic arrangement on this plane, indicated by the dashed lines, leads to a periodicity of \(\frac{\sqrt{2}}{2} a\) along the densest line. This is also the minimum slip distance for edge dislocations moving on the \((1,1,1)\) plane.","\boxed{\langle 1, 1, 1 \rangle, \frac{\sqrt{2}}{2} a}","EX, EX","None, \text{nm}",True,EN,Math Derivation
4038,Modern Physics,Solid-State Physics,Binding in Solids,"Given the known Madelung constant \(M = 1.7476\), equilibrium nearest-neighbor ion distance \(r_0 = 2.82 \times 10^{-10} \, \mathrm{m}\), and \(n = 7.8\), calculate the interaction energy per ion pair in a NaCl crystal.","Calculate the interaction energy per ion pair

\[
\begin{aligned}
E_b & = -\frac{M e^2}{4 \pi \varepsilon_0 r_0} \left( 1 - \frac{1}{n} \right) \\
& = -\frac{1.7476 \times \left(1.6 \times 10^{-19}\right)^2}{4 \times 3.1416 \times 8.85 \times 10^{-12} \times 2.82 \times 10^{-10}} \times \left( 1 - \frac{1}{7.8} \right) \\
& = -1.24 \times 10^{-18} \, \mathrm{J}
\end{aligned}
\]

This is very close to the experimental value of \(-1.27 \times 10^{-18} \, \mathrm{J}\).",\boxed{-1.24 \times 10^{-18}},NV,\mathrm{J},False,EN,Laws Application
4043,Modern Physics,Solid-State Physics,Crystal Structure,"Given the previously derived results \(I_{1} = \frac{G a_{0}^{2}}{4+a_{0}^{2} G^{2}}\) and \(I_{2} = \frac{2 a_{0}}{4+a_{0}^{2} G^{2}}\), calculate

\[ 
f_{G} = \frac{16}{\left(4+a_{0}^{2} G^{2}\right)^{2}} 
\]","Substitute \(I_{1}\) and \(I_{2}\) into the expression for \(I_{0}\), then

\[
\begin{aligned}
I_{0} & =\frac{2 a_{0}}{4+a_{0}^{2} G^{2}} \cdot \frac{G a_{0}^{2}}{4+a_{0}^{2} G^{2}}+\frac{a_{0}^{2} G}{4+a_{0}^{2} G^{2}} \cdot \frac{2 a_{0}}{4+a_{0}^{2} G^{2}} \\
& =\frac{4 a_{0}^{3} G}{\left(4+a_{0}^{2} G^{2}\right)^{2}}
\end{aligned}
\]

Substitute \(I_{0}\) into the original formula, thus

\[
f_{G}=\frac{4}{a_{0}^{3}} I_{0}=\frac{4}{a_{0}^{3}} \cdot \frac{4 a_{0}^{3} G}{\left(4+a_{0}^{2} G^{2}\right)^{2}}=\frac{16}{\left(4+a_{0}^{2} G^{2}\right)^{2}}
\]",\boxed{\frac{16}{\left(4+a_{0}^{2} G^{2}\right)^{2}}},EX,,False,EN,Math Derivation
4044,Modern Physics,Solid-State Physics,Motion of Electrons in Electromagnetic Fields,"In a one-dimensional crystal, the relationship of electron energy in a full band is given by
\[ 
E(k)=\frac{\hbar^{2} k_{1}^{2}}{6 m}-\frac{3 \hbar^{2} k^{2}}{m} 
\]

where \(m\) is the electron mass, \(k_{1}=\frac{1}{8 a}\), and the lattice constant \(a=3.14 \times 10^{-10} \mathrm{~m}\). If an electron is removed from the state at \(k_{1}\) with all other states occupied by electrons, a quasiparticle known as a hole appears at \(k_{1}\). Calculate the velocity of the hole \(v_{\mathrm{h}}\).","The velocity of the electron at \(k_{1}\) in the full band is:
\[
\begin{aligned}
v_{\mathrm{e}} &= \left.\frac{1}{\hbar} \frac{\mathrm{d} E}{\mathrm{d} k}\right|_{k=k_{1}} = \frac{1}{\hbar}\left(-1\right) \frac{3 \hbar^{2}}{m} \times 2 k_{1} \\
&= -\frac{6 \hbar k_{1}}{m} = -\frac{6 \times 1.055 \times 10^{-34} \times 3.98 \times 10^{8}}{9.11 \times 10^{-31}} \\
&= -2.77 \times 10^{5} \, \mathrm{m/s}
\end{aligned}
\]
The velocity of the hole is:
\[
v_{\mathrm{h}} = v_{\mathrm{e}} = -2.77 \times 10^{5} \, \mathrm{m/s}
\]",\boxed{-2.77 \times 10^{5}},NV,,False,EN,Practical Application
4045,Modern Physics,Solid-State Physics,Binding in Solids,"Determine the total Coulomb attractive potential \( U_{\text{attract}} \) for a one-dimensional ionic lattice, using the Madelung constant \( M \).","The total Coulomb attractive potential for a one-dimensional ionic lattice is

\[
U_{\text{attract}} = -\frac{N e^{2} \cdot 2 \ln 2}{4 \pi \varepsilon_{0} x_{0}} = -\frac{N e^{2} \ln 2}{2 \pi \varepsilon_{0} x_{0}}
\]

The calculation of the Madelung constant above is based on the general method of lattice summation proposed by Ewald. When applied to a three-dimensional lattice, it converges very slowly, making it difficult to determine the Madelung constant.",\boxed{-\frac{N e^{2} \ln 2}{2 \pi \varepsilon_{0} x_{0}}},EX,,False,EN,Laws Application
4048,Modern Physics,Solid-State Physics,Crystal Structure,"(3) Magnesium metal has a hexagonal close-packed structure, with the nearest distance between two atoms in the crystal being \(3.20 \AA\). Determine its volume density.","(3) A unit cell of magnesium crystal contains two magnesium atoms, hence the volume density of the magnesium crystal is

\[
\rho=\frac{2}{\frac{\sqrt{3}}{2} a^{2} c}=\frac{2}{\frac{\sqrt{3}}{2} a^{2} \cdot \sqrt{\frac{8}{3}} a}=\frac{\sqrt{2}}{a^{3}}
\]

Substituting \(a=3.20 \AA\), we have

\[
\rho=\frac{\sqrt{2}}{\left(3.20 \times 10^{-10}\right)^{3}}=\frac{\sqrt{2}}{(3.20)^{3}} \times 10^{30}=\frac{1.4142}{32.768} \times 10^{30}=4.3 \times 10^{28} (\mathrm{~m}^{-3})
\]",\boxed{4.3 \times 10^{28}},NV,,False,EN,Math Derivation
4050,Modern Physics,Solid-State Physics,Binding in Solids,"Verify that as \( N \to \infty \), \(\sum_{n=1}^{N}(-1)^{n+1} \cdot \frac{1}{n} = \ln 2\) and subsequently determine the Madelung constant \( M \) for a one-dimensional ionic lattice.","Since the number of ions \( N \) is very large, we have

\[
\sum_{n=1}^{N}(-1)^{n+1} \cdot \frac{1}{n} = \sum_{n=1}^{\infty}(-1)^{n+1} \cdot \frac{1}{n} = 1 - \frac{1}{2} + \frac{1}{3} - \frac{1}{4} + \cdots
\]

Comparing with the expansion of the function \(\ln (1+y)\)

\[
\ln (1+y) = y - \frac{y^{2}}{2} + \frac{y^{3}}{3} - \frac{y^{4}}{4} + \cdots
\]

Letting \( y=1 \), we have

\[
\ln (1+1) = \ln 2 = 1 - \frac{1}{2} + \frac{1}{3} - \frac{1}{4} + \cdots
\]

Thus

\[
\sum_{n=1}^{N}(-1)^{n+1} \cdot \frac{1}{n} = \ln 2
\]

Therefore, the Madelung constant for a one-dimensional ionic lattice is

\[
M = 2 \cdot \sum_{n=1}^{N}(-1)^{n+1} \cdot \frac{1}{n} = 2 \ln 2
\]","\boxed{\ln 2, 2 \ln 2}","NV, NV","None, None",True,EN,Math Derivation
4051,Modern Physics,Solid-State Physics,Binding in Solids,It is known that the inert gas Kr (krypton) crystal has a face-centered cubic structure with Lennard-Jones parameters \(\varepsilon = 0.014 \mathrm{eV}\) and \(\sigma = 3.65 \mathrm{\AA}\). Find the tensile strength.,"Tensile Strength:

The maximum tensile force is the maximum attraction between atoms.

\[
r_{m}=\sqrt[6]{\frac{26 A_{12}}{7 A_{6}}} \sigma=1.22032 \sigma
\]

The tensile strength \(p_{m}\) should be:

\[
p_{m}=-\left(\frac{\partial U}{\partial V}\right)_{V_{m}}=4 \sqrt{2} \sqrt{\frac{7 A_{6}}{26 A_{12}}} \frac{\varepsilon}{\sigma^{3}}\left[2\left(\frac{7 A_{6}}{26 A_{12}}\right)^{2} A_{12}-\frac{7 A_{6}}{26 A_{12}} A_{6}\right]
\]

Substituting \(\varepsilon = 0.014 \mathrm{eV} = 0.014 \times 1.602 \times 10^{-19} \mathrm{~J}, \sigma = 3.65 \times 10^{-10} \mathrm{~m}\), we get

\[
p_{m}=-5.920468 \times \frac{0.014 \times 1.602 \times 10^{-19}}{3.65^{3} \times 10^{-30}} =-2.731 \times 10^{8}\left(\mathrm{~N}/\mathrm{m}^{2}\right)
\]",\boxed{-2.731 \times 10^{8}},NV,\text{N/m}^2,False,EN,
4052,Modern Physics,Solid-State Physics,Energy Bands in Solids,"Consider the crystal potential field of a certain two-dimensional square crystal given by

\[
V(x, y) = -2 V_{0}\left(\cos \frac{2 \pi}{a} x + \cos \frac{2 \pi}{a} y\right)
\]

where \(V_{0}\) is a constant, \(a\) is the lattice constant, and the material is divalent. Write down the condition for the system to exhibit metallic behavior.","Since the material is divalent, the condition for it to exhibit metallic behavior is the overlap of energy bands, i.e.,

\[
E_{x} + \Delta_{x} \leqslant E_{M}
\]

which translates to

\[
\frac{1}{2 m} \hbar^{2}\left(\frac{\pi}{a}\right)^{2} + 2\left|V_{0}\right| \leqslant \frac{\hbar^{2}}{2 m}\left(\frac{\pi}{a}\right)^{2} \times 2
\]

Therefore,

\[
\left|V_{0}\right| \leqslant \frac{\pi^{2} \hbar^{2}}{4 m a^{2}}
\]","\boxed{\left(- \infty, \frac{\pi^{2} \hbar^{2}}{4 m a^{2}}\right]}",IN,,False,EN,Math Derivation
4053,Modern Physics,Solid-State Physics,Binding in Solids,"(2) Calculate the Madelung constant of a three-dimensional NaCl-type ionic crystal using the method of neutral groups, approximating to the first level.","(2) Figure 1.1.26 shows a small cubic unit cell of an NaCl crystal. Both \(\mathrm{Na}^{+}\) and \(\mathrm{Cl}^{-}\) form face-centered cubic Bravais lattices. They are displaced by half a lattice constant along the axial direction relative to each other, interlocking to form the NaCl lattice.

$$
<image 1>
$$

Figure 1.1.26  
The center of the unit cell contains a \(\mathrm{Cl}^{-}\) ion. The midpoints of the 12 edges of the cube each have a \(\mathrm{Cl}^{-}\) ion, but only \(\frac{1}{4}\) of each \(\mathrm{Cl}^{-}\) ion belongs to the unit cell. Therefore, this unit cell contains \(1+\frac{12}{4}=1+3=4\) \(\mathrm{Cl}^{-}\) ions. The centers of the 6 faces of the cube each have a \(\mathrm{Na}^{+}\) ion, with half of each belonging to the unit cell. The 8 corners of the cube each also have a \(\mathrm{Na}^{+}\) ion, with only an eighth of each belonging to the unit cell. The unit cell contains \(\frac{6}{2}+\frac{8}{8}=3+1=4\) \(\mathrm{Na}^{+}\) ions, making it electrically neutral.

Taking the \(\mathrm{Cl}^{-}\) ion at the center of the unit cell as the reference ion \(r_{j}\), the distances to other ions are:

\[
r_{i j}=r\left(n_{1}^{2}+n_{2}^{2}+n_{3}^{2}\right)^{\frac{1}{2}}=r \alpha_{i}
\]

where \(n_{1}, n_{2}, n_{3}\) are integers, \(r\) is the nearest neighbor distance, and \(\alpha_{i}\) is:

\[
\alpha_{i}=\left(n_{1}^{2}+n_{2}^{2}+n_{3}^{2}\right)^{\frac{1}{2}}
\]

From Figure 1.1.26, it is evident that the closest ions to the reference ion are 6 positive ions. Their positions can be represented as \((\pm 1, 0, 0), (0, \pm 1, 0), (0, 0, \pm 1)\), with:

\[
\alpha_{i}=\sqrt{1^{2}+0+0}=\sqrt{0+1^{2}+0}=\sqrt{0+0+1^{2}}=1
\]

However, only half of each ion belongs to the unit cell.

Similarly, there are 12 negative ions as nearest neighbors, represented by \((1,1,0)\). By the above equation, each ion's \(\alpha_{i}=-\sqrt{2}\), with only a quarter of each belonging to the unit cell.

The next nearest neighbors are 8 positive ions, represented by \((1,1,1)\). Each ion’s \(\alpha_{i}=\sqrt{3}\), and only an eighth of each belongs to the unit cell. Substituting into the formula, the Madelung constant is:

\[
\begin{aligned}
M & =\frac{1}{2} \times 6-\frac{1}{4} \times \frac{1}{\sqrt{2}} \times 12+\frac{1}{8} \times \frac{1}{\sqrt{3}} \times 8 \\
& =3-2.1213+0.5774 \\
& =1.457
\end{aligned}
\]

The larger the unit cell, the more accurate the result; the precise calculated value is \(M=1.747565\).

The method of neutral groups was actually proposed by Evjen, using graphical methods to improve the convergence of the series.",\boxed{1.457},NV,,False,EN,Math Derivation
4054,Modern Physics,Solid-State Physics,Crystal Defects and Motion,"Carburized steel is obtained by placing iron in a carbon-rich atmosphere, allowing carbon atoms to diffuse into the iron over time. It is known that, in \(\gamma\) iron, the diffusion activation energy for carbon is \(Q=3.38 \times 10^{4} \mathrm{cal} / \mathrm{mol}\) and the frequency factor is \(D_{0}=0.21 \mathrm{~cm}^{2} / \mathrm{s}\). Now, the goal is to carburize at \(1200^{\circ} \mathrm{C}\) for 10 hours so that the carbon concentration reaches \(1\%\) by weight at a depth of 3 mm from the iron surface. Calculate the weight percentage of carbon concentration that must be maintained on the surface of the iron.","First, convert the diffusion activation energy from calories to electron volts:

\[
Q=3.38 \times 10^{4} \mathrm{cal} / \mathrm{mol}=\frac{3.38 \times 10^{4}}{6.022 \times 10^{23}} \times 4.186 \times \frac{1}{1.602 \times 10^{-19}} \approx 1.5 \, \mathrm{eV}
\]

At \(1200^{\circ} \mathrm{C}\), the diffusion coefficient of carbon in \(\gamma\) iron is:

\[
D=D_{0} \mathrm{e}^{-\frac{Q}{R T}}=0.21 \times \mathrm{e}^{-\frac{1.5}{8.314 \times (1200 + 273)}}=1.5 \times 10^{-6} \, \mathrm{cm}^{2} / \mathrm{s}
\]

According to the problem, the boundary condition for carbon diffusion in \(\gamma\) iron is a constant surface concentration, resulting in a complementary error function distribution of carbon concentration in the iron. Let the surface carbon concentration be \(C_{0}\), and the carbon concentration at a depth \(x\) from the surface is \(C(x, t)\):

\[
C(x, t)=C_{0}\left[1-\operatorname{erf}\left(\frac{x}{2 \sqrt{D t}}\right)\right]
\]

Given \(x=0.3 \, \mathrm{cm}, t=3600 \times 10=36000 \, \mathrm{s}\), then

\[
\frac{x}{2 \sqrt{D t}}=\frac{0.3}{2 \sqrt{1.5 \times 10^{-6} \times 36000}}=\frac{0.3}{0.4648}=0.6454
\]

From tables, we find

\[
\operatorname{erf} \frac{x}{2 \sqrt{D t}}=\operatorname{erf}(0.6454)=0.65
\]

Therefore,

\[
C_{0}=\frac{C(x, t)}{1-0.65}=\frac{1}{0.35}=2.86\% \text{ (weight percentage) }
\]",\boxed{2.86\%},NV,,False,EN,Practical Application
4056,Modern Physics,Solid-State Physics,Energy Bands in Solids,"For a one-dimensional potential barrier \( V(x) \), write the most general wave function solution for an electron with energy \( E = \frac{\hbar^2 k^2}{2 m} \). Assume the electron can be incident from the left or right side of the barrier, describe the form of the electron wave function and provide the Schrödinger equation for the wave function within the barrier region.","The wave function of an electron with energy \(E\) incident from the left side of a single potential barrier is expressed as

\[
\Psi_l(x) = 
\begin{cases}
e^{ikx} + r_l e^{-ikx}, & x \leqslant -\frac{a}{2} \\ 
t_l e^{ikx}, & x \geqslant \frac{a}{2}
\end{cases}
\]

where \(k\) is determined by \(E = \frac{\hbar^2 k^2}{2 m}\). For an electron incident from the right side, the wave function is given by

\[
\Psi_r(x) = 
\begin{cases}
e^{-ikx} + r_r e^{ikx}, & x \geqslant \frac{a}{2} \\ 
t_r e^{-ikx}, & x \leqslant -\frac{a}{2}
\end{cases}
\]

If \(V(x)\) is asymmetric, the reflection and transmission coefficients for electrons incident from the left and right are different. The general solution is a linear combination of \(\Psi_l(x)\) and \(\Psi_r(x)\)

\[
\Psi(x) = A \Psi_l(x) + B \Psi_r(x)
\]

where \(A, B\) are real constants.

Within the barrier region, \(-\frac{a}{2} \leqslant x \leqslant \frac{a}{2}\), the wave function satisfies the one-dimensional Schrödinger equation

\[
\left[-\frac{\hbar^2}{2m} \frac{\mathrm{d}^2}{\mathrm{d}x^2} + V(x)\right] \Psi = E \Psi
\]",\boxed{\left[-\frac{\hbar^2}{2m} \frac{\mathrm{d}^2}{\mathrm{d}x^2} + V(x)\right] \Psi = E \Psi},EQ,,False,EN,Laws Application
4057,Modern Physics,Solid-State Physics,Transport Properties of Electrons and Holes in Solids,"The electronic molar heat capacities of silver and cesium, as measured by low-temperature specific heat experiments, are given as \(C_{e}^{\text{Ag}}=0.65 T(\text{mJ} /\text{mol} \cdot \text{K})\) and \(C_{e}^{\text{Cs}}=2.38 T(\text{mJ} /\text{mol} \cdot \text{K})\). Determine the rate of change of the contact potential difference between silver and cesium with respect to temperature.","The rate of change of the contact potential difference with respect to temperature is given by

\[
\frac{\mathrm{d} V_{21}}{\mathrm{~d} T}=\frac{\pi^{2}}{6 e} \frac{E_{\mathrm{F}_{2}}^{0}-E_{\mathrm{F}_{1}}^{0}}{E_{\mathrm{F}_{2}}^{0} E_{\mathrm{F}_{1}}^{0}} \cdot k_{\mathrm{B}}^{2} T
\]

Substituting the \(E_{\mathrm{F}}^{0}\) values for silver and cesium, the rate of change of the contact potential difference between cesium and silver with respect to temperature is

\[
\begin{aligned}
& \frac{\mathrm{d} V_{\text{Cs-Ag}}}{\mathrm{d} T}=\frac{\pi^{2}}{6 e} \frac{\left(E_{\mathrm{F}}^{0}\right)_{\text{Cs}}-\left(E_{\mathrm{F}}^{0}\right)_{\text{Ag}}}{\left(E_{\mathrm{F}}^{0}\right)_{\text{Cs}} \cdot\left(E_{\mathrm{F}}^{0}\right)_{\text{Ag}}^{2}} \cdot k_{\mathrm{B}}^{2} \cdot T \\
& =-\frac{(3.14)^{2} \cdot(5.4-1.48) \cdot\left(8.615 \times 10^{-5}\right)^{2}}{6 \cdot 5.4 \cdot 1.48} \cdot T \\
& =-5.92 \times 10^{-9} \cdot T \, \text{V/K}
\end{aligned}
\]",\boxed{-5.92 \times 10^{-9} \cdot T},EX,,False,EN,Practical Application
4060,Modern Physics,Solid-State Physics,Energy Bands in Solids,"A one-dimensional atomic chain composed of identical atoms has two atoms in each unit cell, with the unit cell length being \(a\), and the relative distance between the two atoms within the unit cell being \(b\). According to the tight-binding approximation, considering only nearest-neighbor interactions, write the form of the crystal wave function corresponding to the atomic \(s\)-states.","This is a one-dimensional compound lattice composed of identical atoms. Let the position of the first set of atomic lattice points be \(X_{n}\), then the position of the second set of atomic lattice points is \(\left(X_{n}+b\right)\).

The Bloch wave for the first set of atoms is

\[
\Psi_{k, 1}^{s}(x)=C \sum_{n} \mathrm{e}^{i k X_{n}} \phi\left(x-X_{n}\right)
\]

The Bloch wave for the second set of atoms is

\[
\Psi_{k, 2}^{s}(x)=C \sum_{n} \mathrm{e}^{\mathrm{i}k\left(X_{n}+b\right)} \phi\left(x-X_{n}-b\right)
\]

The crystal electron wave function is

\[
\Psi_{k}^{s}(x)=A \Psi_{k, 1}^{s}(x) + B \Psi_{k, 2}^{s}(x)
\]","\boxed{\Psi_{k}^{s}(x)=A \Psi_{k, 1}^{s}(x) + B \Psi_{k, 2}^{s}(x)}",EX,,True,EN,Math Derivation
4061,Modern Physics,Solid-State Physics,Binding in Solids,"Given that the inert gas crystal Kr (krypton) has a face-centered cubic structure, with Lennard-Jones parameters \(\varepsilon=0.014 \mathrm{eV}\) and \(\sigma=3.65 \mathrm{\AA}\), determine the lattice constant of the crystal.","The lattice constant of the crystal:

Substitute \(\sigma=3.65 \mathrm{\AA}\) into the equation to obtain

\[
r_{0}=1.10 \sigma=1.1 \times 3.65 =4.02 \mathrm{\AA}=4.02 \times 10^{-10}\mathrm{~m}
\]

In the case of a face-centered cubic structure, the lattice constant is

\[
a=\sqrt{2} r_{0}=\sqrt{2} \times 1.10 \sigma=\sqrt{2} \times 1.10 \times 3.65 =5.16\mathrm{\AA}=5.16 \times 10^{-10}\mathrm{~m}
\]",\boxed{5.16},NV,,False,EN,Practical Application
4063,Modern Physics,Solid-State Physics,Motion of Electrons in Electromagnetic Fields,"Consider a two-dimensional rectangular crystal with a lattice constant of \(a\) in the \(x\) direction and a lattice constant of \(b\) in the \(y\) direction (\(a \neq b\)). Using the tight-binding method under the nearest-neighbor approximation, derive the expression for the energy of the \(s\)-state electrons in the crystal.","According to solution 1.1.78, the energy of the \(s\)-state electrons in a two-dimensional rectangular crystal is given by

\[
\begin{aligned}
E(k) & = E_{0} - J \sum_{k_{n}} \mathrm{e}^{\mathrm{i} \cdot R_{n}} \\
& = E_{0} - J\left[\mathrm{e}^{-\mathrm{i} k_{x} a} + \mathrm{e}^{\mathrm{i} k_{x} a} + \mathrm{e}^{-\mathrm{i} k_{y} b} + \mathrm{e}^{\mathrm{i} k_{y} b}\right] \\
& = E_{0} - 2J\left(\cos k_{x} a + \cos k_{y} b\right)
\end{aligned}
\]

It is assumed that the four nearest-neighbor exchange integrals in the formula are equal, and \(J > 0\).",\boxed{E(k) = E_{0} - 2J(\cos k_{x} + \cos k_{y})},EQ,,False,EN,Math Derivation
4064,Modern Physics,Solid-State Physics,Crystal Defects and Motion,"Assume that NaCl only has Schottky defects. At \(800^\circ \mathrm{C}\), the ionic spacing of NaCl is measured using X-ray diffraction. The molecular weight determined from the calculated mass density using this spacing is found to be 58.430, while the molecular weight determined using chemical methods is 58.454. Calculate the relative concentration of defects at \(800^\circ \mathrm{C}\) and the formation energy of the cation-anion vacancy pairs.","The interatomic distance measured by X-ray is the actual interatomic distance in the NaCl crystal. Let the ionic spacing measured by X-ray for NaCl be \(b\), then the lattice constant of the crystal is \(2b\). Each unit cell of the NaCl crystal contains 4 NaCl molecules, so the volume occupied by one NaCl molecule is

\[
\frac{(2b)^3}{4} = 2 b^3
\]

At this temperature, if the total mass of the crystal is \(M\), and the volume (which includes Schottky defects) is \(V\), then the density \(\rho\) of the NaCl crystal determined from this is related to the molecular weight \(m'\) of NaCl by:

\[
\rho = \frac{M}{V} = \frac{\frac{m'}{N_{0}}}{2 b^3}
\]

Thus,

\[
m' = \frac{M}{V} N_{0} \cdot 2 b^3 = \frac{2 b^3 M N_{0}}{V}
\]

Here \(N_0\) is Avogadro's constant, and the molecular weight \(m\) determined by chemical methods is the true molecular weight of NaCl. When adjusted for the density based on the NaCl crystal, the total mass \(M\) should occupy a volume without Schottky defects, \(V_0\). Therefore, the true molecular weight of NaCl should be expressed as:

\[
m = \frac{2 b^3 M N_{0}}{V_0}
\]

According to the problem:

\[
\frac{m}{m'} = \frac{\frac{2 b^3 M N_{0}}{V_0}}{\frac{2 b^3 M N_{0}}{V}} = \frac{58.454}{58.430}
\]

Thus

\[
\frac{V}{V_0} = \frac{58.454}{58.430}
\]

We have

\[
1 + \frac{\Delta V}{V_0} = \frac{58.454}{58.430}
\]

Using the result above:

\[
\frac{\Delta V}{V_0} = \frac{n}{N} = \frac{58.454}{58.430} - 1 = 4.1 \times 10^{-4}
\]

Therefore, at \(800^\circ \mathrm{C}\), the relative concentration of Schottky defects in the NaCl crystal is

\[
\frac{n}{N} = 4.1 \times 10^{-4}
\]

Similarly, from the above result, the formation energy of cation-anion vacancies in the NaCl crystal is determined as

\[
\begin{aligned}
E & = 2 k_{\mathrm{B}} T \cdot \left(\ln \frac{N}{n}\right) \\
& = 2 \times 8.617 \times 10^{-5} \times (800 + 273) \times \ln \left(\frac{1}{0.00041}\right) \\
& = 1.17 \, (\mathrm{eV})
\end{aligned}
\]","\boxed{4.1 \times 10^{-4}, 1.17}","NV, NV","None, \mathrm{eV}",True,EN,Practical Application
4066,Modern Physics,Solid-State Physics,Binding in Solids,"If the Madelung constant \(M=1.75\) for an NaCl ionic crystal, with a lattice constant \(a=5.64 \ \text{Å}\) and a Born exponent \(n=9\), and the crystal reaches a stable state under tensile stress around it, how much does the ion spacing increase?","The total interaction potential energy of an NaCl crystal composed of \(N\) positive and negative ions is given by

\[
U(r) = -\frac{N}{2} \left( \frac{M e^{2}}{4 \pi \varepsilon_{0} r} + \frac{B}{r^{n}} \right)
\]

Here, \(r\) is the distance between the nearest neighboring ions, and the three edge lengths of the unit cell of the NaCl crystal are \(2r\). There are 4 \(\text{Na}^+\) ions and 4 \(\text{Cl}^-\) ions in the unit cell, so the volume of the crystal is

\[
V = \frac{N}{8} \times (2 r)^{3} = N r^{3}
\]

Let \(r_{0}\) be the nearest neighbor ion spacing at equilibrium,

\[
r_{0} = \frac{a}{2} = \frac{5.64}{2} = 2.82 \ \text{Å}
\]

From the equilibrium condition

\[
\left. \frac{\mathrm{d} U}{\mathrm{~d} r} \right|_{r_{0}} = \frac{N}{2} \left( \frac{M e^{2}}{4 \pi \varepsilon_{0} r_{0}^{2}} - \frac{n B}{r_{0}^{n+1}} \right) = 0
\]

we obtain

\[
r_{0} = \left( \frac{4 \pi \varepsilon_{0} n B}{M e^{2}} \right)^{\frac{1}{n-1}}
\]

Assuming the crystal expands under a negative pressure to a stable state with the nearest neighbor ion spacing increasing to \(r_{m}\), we have

\[
\left. \frac{\partial P}{\partial V} \right|_{r_{m}} = \left. \frac{\mathrm{d} P}{\mathrm{d} r} \frac{\mathrm{d} r}{\mathrm{d} V} \right|_{r_{m}} = \frac{1}{6} \left( \frac{4 M e^{2}}{4 \pi \varepsilon_{0} r_{m}^{5}} - \frac{n(n+3) B}{r_{m}^{n+4}} \right) \cdot \frac{1}{3 N r_{m}^{2}} = 0
\]

which gives

\[
r_{m} = \left( \frac{4 \pi \varepsilon_{0} n(n+3) B}{4 M e^{2}} \right)^{\frac{1}{n-1}}
\]

When the crystal reaches a stable state under tensile stress, the ratio of increase in ion spacing is

\[
\begin{aligned}
\frac{r_{m}-r_{0}}{r_{0}} & = \frac{\left( \frac{n+3}{4} \right)^{\frac{1}{n-1}} \left( \frac{4 \pi \varepsilon_{0} n B}{M e^{2}} \right)^{\frac{1}{n-1}} - \left( \frac{4 \pi \varepsilon_{0} n B}{M e^{2}} \right)^{\frac{1}{n-1}}}{\left( \frac{4 \pi \varepsilon_{0} n B}{M e^{2}} \right)^{\frac{1}{n-1}}} \\
& = \left( \frac{n+3}{4} \right)^{\frac{1}{n-1}} - 1 = 3^{\frac{1}{8}} - 1 = 14.7\%
\end{aligned}
\]",\boxed{14.7},NV,\%,False,EN,Math Derivation
4068,Modern Physics,Solid-State Physics,Motion of Electrons in Electromagnetic Fields,"Given \(E(k)=A k^{2}+C\left(k_{x} k_{y}+k_{y} k_{z}+k_{z} k_{x}\right)\), determine the effective mass tensor at the point \(k=0\).","First, calculate the inverse effective mass tensor as follows

\[
P=\left(\begin{array}{ccc}
2A & C & C \\
C & 2A & C \\
C & C & 2A
\end{array}\right)
\]

Use an orthogonal matrix to diagonalize the above matrix. First, find the eigenvalues.

\[
\operatorname{det}(P-\lambda I)=\left|\begin{array}{ccc}
2A-\lambda & C & C \\
C & 2A-\lambda & C \\
C & C & 2A-\lambda
\end{array}\right|=0
\]

Thus,

\[
\begin{gathered}
(2A-\lambda)\left[(2A-\lambda)^{2}-C^{2}\right]-C\left[C(2A-\lambda)-C^{2}\right]+C\left[C^{2}-C(2A-\lambda)\right]=0 \\
(2A-\lambda)[(2A-\lambda+C)(2A-\lambda-C)]-2C^{2}(2A-\lambda-C)=0 \\
(2A-\lambda-C)\left[(2A-\lambda)(2A-\lambda+C)-2C^{2}\right]=0
\end{gathered}
\]

We get

\[
2A-\lambda-C=0 \\
(2A-\lambda)(2A-\lambda+C)-2C^{2}=0
\]

So from the first equation

\[
\lambda_{1}=2A-C
\]

Transform into

\[
(2A-\lambda)^{2}+C(2A-\lambda)-2C^{2}=0
\]

Solve the equation

\[
2A-\lambda=\frac{-C \pm \sqrt{C^{2}+8C^{2}}}{2}=\frac{-C \pm 3C}{2}
\]

This gives

\[
\lambda_{2}=2A-C, \quad \lambda_{3}=2A+2C
\]

Thus, the diagonalized inverse effective mass tensor is

\[
\left(\begin{array}{ccc}
2A-C & 0 & 0 \\
0 & 2A-C & 0 \\
0 & 0 & 2A+2C
\end{array}\right)
\]

Therefore, the effective mass tensor at \(k=0\) is

\[
\left(\begin{array}{ccc}
\frac{1}{2A-C} & 0 & 0 \\
0 & \frac{1}{2A-C} & 0 \\
0 & 0 & \frac{1}{2A+2C}
\end{array}\right)
\]","\[
\boxed{\left(\begin{array}{ccc}
\frac{1}{2A-C} & 0 & 0 \\
0 & \frac{1}{2A-C} & 0 \\
0 & 0 & \frac{1}{2A+2C}
\end{array}\right)}
\]",EX,,False,EN,Math Derivation
4070,Modern Physics,Solid-State Physics,Motion of Electrons in Electromagnetic Fields,Consider a two-dimensional rectangular crystal with lattice constants \(a\) in the \(x\) direction and \(b\) in the \(y\) direction (\(a \neq b\)). Find the effective mass tensor for electrons at the bottom of the band and holes at the top of the band.,"\[
\frac{1}{m^{*}} = \frac{1}{\hbar^{2}} \nabla_{k} \nabla_{k} E = \left(\begin{array}{cc}
\frac{1}{\hbar^{2}} \frac{\partial^{2} E}{\partial k_{x}^{2}} & \frac{1}{\hbar^{2}} \frac{\partial^{2} E}{\partial k_{x} \partial k_{y}} \\
\frac{1}{\hbar^{2}} \frac{\partial^{2} E}{\partial k_{y} \partial k_{x}} & \frac{1}{\hbar^{2}} \frac{\partial^{2} E}{\partial k_{y}^{2}}
\end{array}\right) = \frac{2J}{\hbar^{2}}\left(\begin{array}{cc}
a^{2} \cos k_{x} a & 0 \\
0 & b^{2} \cos k_{y} b
\end{array}\right)
\]

Effective mass at the bottom of the band for electrons, substituting \(k_{x} = 0, k_{y} = 0\)

\[
\frac{1}{m^{*}} = \frac{2J}{\hbar^{2}}\left(\begin{array}{cc}
a^{2} & 0 \\
0 & b^{2}
\end{array}\right)
\]

Effective mass at the top of the band for electrons, substituting \(k_{x} = \frac{\pi}{a}, k_{y} = \frac{\pi}{b}\)

\[
\frac{1}{m^{*}} = \frac{2J}{\hbar^{2}}\left(\begin{array}{cc}
-a^{2} & 0 \\
0 & -b^{2}
\end{array}\right)
\]

Therefore, the effective mass for holes at the top of the band is

\[
\frac{1}{m_{h}^{*}} = \frac{2J}{\hbar^{2}}\left(\begin{array}{cc}
a^{2} & 0 \\
0 & b^{2}
\end{array}\right)
\]","\boxed{\frac{1}{m^{*}} = \frac{2J}{\hbar^{2}}\left(\begin{array}{cc} a^{2} & 0 \\ 0 & b^{2} \end{array}\right), \frac{1}{m_{h}^{*}} = \frac{2J}{\hbar^{2}}\left(\begin{array}{cc} a^{2} & 0 \\ 0 & b^{2} \end{array}\right)}","EX, EX",,True,EN,Math Derivation
4075,Modern Physics,Solid-State Physics,Crystal Structure,"Take body-centered cubic (BCC) structure as an example, determine its volume density \(\rho\), the maximum planar density \(D\), and demonstrate the most densely packed crystallographic direction.","Assume the lattice constant of the BCC crystal is \(a\), then the volume of its unit cell is \(a^{3}\), and there are 2 lattice points within the unit cell. Thus, the volume density of the BCC structure is given by:

\[
\rho=\frac{2}{a^{3}}
\]

Select the primitive unit cell in the solid-state physics of the BCC crystal structure with basis vectors:

\[
\begin{aligned}
& a_{1}=\frac{a}{2}(-i+j+k), \\
& a_{2}=\frac{a}{2}(i-j+k), \\
& a_{3}=\frac{a}{2}(i+j-k)
\end{aligned}
\]

$$
<image 1>
$$

Figure 1.1.11

The reciprocal lattice vectors are:

\[
b_{1}=\frac{2 \pi}{a}(j+k), \quad b_{2}=\frac{2 \pi}{a}(k+i), \quad b_{3}=\frac{2 \pi}{a}(i+j)
\]

The reciprocal lattice vector orthogonal to the crystallographic planes \(\left(h_{1}, h_{2}, h_{3}\right)\) is given by:

\[
\boldsymbol{G}_{h_{1} h_{2} h_{3}}=h_{1} b_{1}+h_{2} b_{2}+h_{3} b_{3}
\]

Hence, the interplanar spacing of the plane family \(\left(h_{1}, h_{2}, h_{3}\right)\) is:

\[
d_{h_{1} h_{2} h_{3}}=\frac{2 \pi}{\left|G_{h_{1} h_{2} h_{3}}\right|}=\frac{a}{\sqrt{\left(h_{2}+h_{3}\right)^{2}+\left(h_{3}+h_{1}\right)^{2}+\left(h_{1}+h_{2}\right)^{2}}}
\]

Clearly, the smaller the denominator in the above equation, the larger \(d_{h_{1} h_{2} h_{3}}\) becomes. Therefore, the simplest plane family indices are \((0,0,1),(0,1,0),(1,0,0)\), \((0,1,\overline{1}),(1,0,\overline{1}),(1,\overline{1},0)\), for which the interplanar spacing is the largest. Thus, the maximum interplanar spacing is:

\[
d=\frac{a}{\sqrt{(0+1)^{2}+(1+0)^{2}+0}}=\frac{a}{\sqrt{2}}
\]

Therefore, in a BCC crystal, the maximum planar density is:

\[
D_{\max}=\rho \cdot d=\frac{2}{a^{3}} \cdot \frac{a}{\sqrt{2}}=\frac{\sqrt{2}}{a^{2}}
\]

The lines on the planes with the largest interplanar spacing are the most densely packed; thus, the densest lines in the BCC crystal are distributed on the \((0,0,1),(0,1,0),(1,0,0),(0,1,\overline{1}),(1,0,\overline{1}),(1,\overline{1},0)\) planes, which can be proven that the \((0,0,1)\) plane is also the \((1,1,0)\) Miller index plane (see problem 1.1.74 in Chapter 4). Figure 1.1.12 shows a BCC unit cell, where the most densely packed line on the \((1,1,0)\) plane is depicted as a dashed line. The distance between lattice points on this line equals half the diagonal length of the BCC crystal, \(\frac{\sqrt{3}}{2} a\).

From the above analysis, it can be simply concluded that for simpler plane indices, the plane family has larger interplanar spacings, meaning weaker atomic interactions between these planes, and thus they are cleavage planes of the crystal. For instance, in germanium and silicon crystals with a diamond structure, the plane family \((1,1,1)\) has the largest interplanar spacing and is a cleavage plane. However, this discussion generally applies to elemental crystals. For compound crystals like GaAs, with a zinc blende structure similar to the diamond structure, the cleavage plane is \((1,1,0)\) instead of \((1,1,1)\). Although both zinc blende and diamond structures consist of two face-centered cubic sublattices displaced along the [1,1,1] direction by \(1/4\) the diagonal length, germanium and silicon crystals have identical sublattices. In contrast, GaAs consists of one sublattice with entirely positive ions \(\mathrm{Ga}^{+}\), and another with entirely negative ions \(\mathrm{As}^{-}\). The plane family consists of alternating layers of \(\mathrm{Ga}^{+}\) and \(\mathrm{As}^{-}\), connected not only by covalent bonds but also with additional ionic bond attraction (i.e., electrostatic force), making the \((1,1,1)\) plane harder to cleave. Conversely, every plane within the \((1,1,0)\) family comprises equal amounts of Group III and V atoms, with no additional electrostatic forces between them, making the \((1,1,0)\) plane the easiest to cleave. This is understood from problem 1.1.2 of this chapter, where in a diamond \((1,1,0)\) two-dimensional lattice, the primitive unit cell contains two atoms. In the zinc blende structure, these are two different atoms: a positive ion \(\mathrm{Ga}^{+}\) and a negative ion \(\mathrm{As}^{-}\), which renders the unit cell electrically neutral, so each crystallographic plane in the plane group is electrically neutral, making the \((1,1,0)\) plane the cleavage plane of GaAs crystals.

Determining cleavage planes has important practical implications, such as how materials are cut and diced along cleavage planes, minimizing damage to the wafer and thus increasing product yield.

$$
<image 2>
$$

Figure 1.1.12","\boxed{\frac{2}{a^3}, \frac{\sqrt{2}}{a^2} , \langle110\rangle}","EX, EX",,True,EN,Math Derivation
4079,Modern Physics,Solid-State Physics,Transport Properties of Electrons and Holes in Solids,"Using the Fermi integral formula \(I=-\int_{0}^{\infty} g(E) \frac{\partial f(E)}{\partial E} \mathrm{~d} E=g\left(E_{\mathrm{F}}\right)+\frac{\pi^{2}}{6}\left(k_{\mathrm{B}} T\right)^{2} g^{\prime}\left(E_{\mathrm{F}}\right)\), calculate the number of electrons in a metal when \(T \neq 0\).","The density of states for a free electron gas in a metal is \(\rho(E)=\frac{V}{(2 \pi)^{2}}\left(\frac{2 m}{\hbar^{2}}\right)^{\frac{3}{2}} E^{\frac{1}{2}}=C E^{\frac{1}{2}}\), where \(C\) is a constant for a given crystal volume \(V\). Therefore, when \(T \neq 0\), the number of electrons in the metal is given by

\[
\begin{aligned}
N & =\int_{0}^{\infty} C E^{\frac{1}{2}} f(E) \mathrm{d} E=C \cdot \frac{2}{3} \int_{0}^{\infty} f(E) \mathrm{d}\left(E^{\frac{3}{2}}\right) \\
& =C \cdot \frac{2}{3}\left\{\left.f(E) E^{\frac{3}{2}}\right|_{0} ^{\infty}-\int_{0}^{\infty} E^{\frac{3}{2}} \frac{\partial f(E)}{\partial E} \mathrm{~d} E\right\} \\
& =C \cdot \frac{2}{3} \cdot E_{\mathrm{F}}^{\frac{3}{2}}\left[1+\frac{\pi^{2}}{8}\left(\frac{k_{\mathrm{B}} T}{E_{\mathrm{F}}}\right)^{2}\right]
\end{aligned}
\]",\(\boxed{C \cdot \frac{2}{3} \cdot E_{\mathrm{F}}^{\frac{3}{2}}\left[1+\frac{\pi^{2}}{8}\left(\frac{k_{\mathrm{B}} T}{E_{\mathrm{F}}}\right)^{2}\right]}\),EX,,False,EN,Math Derivation
4080,Modern Physics,Solid-State Physics,Binding in Solids,"Using the known Madelung constant \(M = 1.7476\), the equilibrium nearest-neighbor ion distance \(r_0 = 2.82 \times 10^{-10} \, \mathrm{m}\), and \(n = 7.8\), find the lattice energy per mole of NaCl crystal.","From the formula for lattice energy

\[
U_0 = -\frac{N M e^2}{8 \pi \varepsilon_0 r_0} \left( 1-\frac{1}{n} \right)
\]

derive the lattice energy for one mole of NaCl crystal (note \(N = 2 N_0\)):

\[
\begin{aligned}
U_0 & = -\frac{2 N_0}{2} \cdot \frac{M e^2}{4 \pi \varepsilon_0 r_0} \left( 1 - \frac{1}{n} \right) = -\frac{N_0 M e^2}{4 \pi \varepsilon_0 r_0} \left( 1 - \frac{1}{n} \right) \\
& = -\frac{6.02 \times 10^{23} \times 1.7476 \times \left(1.6 \times 10^{-19}\right)^2}{4 \times 3.1416 \times 8.85 \times 10^{-12} \times 2.82 \times 10^{-10}} \times \left( 1 - \frac{1}{7.8} \right) \\
& = -7.51 \times 10^5 \, \mathrm{J/mol} = -179.3 \, \mathrm{kcal/mol}
\end{aligned}
\]",\boxed{-7.51 \times 10^5},"NV, NV","\mathrm{J/mol}, \mathrm{kcal/mol}",True,EN,Practical Application
4081,Modern Physics,Solid-State Physics,Energy Bands in Solids,"Consider a one-dimensional solid with a length of \(L = N a\), composed of \(N\) diatomic molecules. The internuclear distance within the molecules is \(b\) \((b<\frac{a}{2})\), with the centers of neighboring molecules separated by a distance \(a\). We express the potential energy as the sum of delta functions centered at each atom:

\[
V = -A \sum_{n=0}^{N-1} \delta(x-n a+b/2) + \delta(x-n a-b/2)
\]

where \(A\) is a positive constant. Consider free electrons in the solid and periodic boundary conditions to derive the allowed values of the electron wavevector and the normalized wave function.","With \(V = 0\) and \(H = -\frac{\hbar^{2}}{2m} \nabla^{2}\), from \(H \Psi = E \Psi\) we have

\[
\Psi = c \mathrm{e}^{\mathrm{i} k x} = \frac{1}{\sqrt{L}} \mathrm{e}^{\mathrm{i} k x}
\]

The periodic boundary condition requires \(\Psi(0) = \Psi(L)\), thus:

\[
\mathrm{e}^{\mathrm{i} k L} = 1 \text{ i.e. } \quad k = \frac{2 n \pi}{L}, \quad n = 0, 1, 2, \cdots
\]",\boxed{k = \frac{2 n \pi}{Na}},EX,,True,EN,
4082,Modern Physics,Solid-State Physics,Motion of Electrons in Electromagnetic Fields,"For \(B = 1 \, \text{T}\), what is the area of the electron's trajectory in real space?","The area of the electron's trajectory in real space is given by Equation 1.1.104  
\[
A = \left(\frac{\hbar}{e B}\right)^{2} \cdot S_{\mathrm{F}} = \left(\frac{1.05 \times 10^{-34}}{1.6 \times 10^{-19} \times 1}\right)^{2} \times 2.08 \times 10^{20} = 8.96 \times 10^{-11} \, \text{m}^{2}
\]",\boxed{8.96 \times 10^{-11}},NV,\text{m}^{2},False,EN,Knowledge Recall
4085,Modern Physics,Solid-State Physics,Binding in Solids,"The elastic modulus of an NaCl crystal is \(2.41 \times 10^{12} \, \mathrm{N/m^2}\). It is known that the Madelung constant for NaCl is \(M = 1.7476\) and the atomic masses of Na and Cl are 23 and 35.45 respectively. The equilibrium nearest-neighbor ion spacing is given as \(r_0 = 2.82 \times 10^{-10} \, \mathrm{m}\). Calculate the value of \(n\) for the NaCl crystal.","The value of \(n\) is calculated using the experimentally measured elastic modulus \(K\) and the crystal structure. For the NaCl crystal, the elastic modulus \(K\) is given by:

\[
K = \left( \frac{1}{3 N r_0^2} \right)^2 \cdot \frac{N}{2} \cdot \frac{M e^2}{4 \pi \varepsilon_0 r_0^3} \cdot (n-1) r_0^3 N = \frac{1}{9 r_0^4} \cdot \frac{M e^2}{8 \pi \varepsilon_0} (n-1)
\]

Thus,

\[
\begin{aligned}
n & = 1 + \frac{72 \pi \varepsilon_0 r_0^4}{M e^2} K \\
& = 1 + \frac{72 \times 3.1416 \times 8.85 \times 10^{-12} \times \left(2.82 \times 10^{-10}\right)^4 \times 2.41 \times 10^{12}}{1.7476 \times \left(1.602 \times 10^{-19}\right)^2} \\
& = 1 + 6.8 = 7.8
\end{aligned}
\]",\boxed{7.8},NV,,False,EN,Practical Application
4086,Modern Physics,Solid-State Physics,Energy Bands in Solids,"Copper is a monovalent metal with a density of \(8000 \, \text{kg/m}^3\) and an atomic mass of 64. Calculate the Fermi energy of electrons at absolute zero.","Copper has a face-centered cubic crystal structure, with a lattice constant denoted as \(a\). There are 4 copper atoms in one unit cell, so the density \(\rho\) of copper is given by

\[
\rho=\frac{4 \times \frac{64}{N_{0}}}{a^{3}}
\]

where \(N_{0}\) is Avogadro's constant. Then, the lattice constant \(a\) is:

\[
a=\left(\frac{4 \times 64 \times 10^{-3}}{N_{0} \rho}\right)^{\frac{1}{3}} = \left(\frac{4 \times 64 \times 10^{-3}}{8000 \times 6.02 \times 10^{23}}\right)^{\frac{1}{3}} = 3.76 \times 10^{-10} \, \text{m} = 3.76 \, \text{Å}
\]

Assuming the volume of the copper crystal is \(V\), which contains \(N\) copper atoms, each copper atom contributes one electron. Therefore, there are \(N\) conduction electrons, and if \(k_{\mathrm{F}}\) is the radius of the Fermi sphere, we have:

\[
2 \times \frac{V}{(2 \pi)^{3}} \cdot \frac{4}{3} \pi k_{\mathrm{F}}^{3}=N
\]

Therefore,

\[
k_{\mathrm{F}}=\left(3 \pi^{2} \frac{N}{V}\right)^{\frac{1}{3}}=\left(3 \pi^{2} n\right)^{\frac{1}{3}}
\]

where electron concentration \(n=\frac{N}{V}\). For a face-centered cubic crystal:

\[
n=\frac{N}{V}=\frac{4}{a^{3}}
\]

Thus,

\[
k_{\mathrm{F}}=\left(3 \pi^{2} \frac{4}{a^{3}}\right)^{\frac{1}{3}}=\frac{\left(12 \pi^{2}\right)^{\frac{1}{3}}}{a}
\]

The Fermi energy at absolute zero is

\[
E_{\mathrm{F}} = \frac{\hbar^{2} k_{\mathrm{F}}^{2}}{2 m} = \frac{\left(1.055 \times 10^{-34}\right)^{2} \times \left(12 \pi^{2}\right)^{\frac{2}{3}}}{2 \times 9.11 \times 10^{-31} \times \left(3.76 \times 10^{-10}\right)^{2}} = 1.042 \times 10^{-18} \, \text{J} = 6.5 \, \text{eV}
\]",\boxed{6.5},NV,\text{eV},False,EN,Practical Application
4088,Modern Physics,Solid-State Physics,Binding in Solids,"Calculate the total Coulomb attractive potential and the Madelung constant of a one-dimensional ionic lattice, where the total number of ions is \( 2N \).","The total Coulomb attractive potential of the one-dimensional ionic crystal

\[
\begin{aligned}
U_{\text{attractive}} &= \left(\sum_{n=1}^{N}(-1)^{n} \frac{e^{2}}{4 \pi \varepsilon_{0} n x_{0}}\right) \times 2 \times (2N) \times \frac{1}{2} \\
&= -N \frac{e^{2}}{4 \pi \varepsilon_{0} x_{0}} \cdot \left(2 \cdot \sum_{n=1}^{N}(-1)^{n+1} \cdot \frac{1}{n}\right).
\end{aligned}
\]

The Madelung constant of a one-dimensional ionic crystal

\[
M = 2 \cdot \sum_{n=1}^{N}(-1)^{n+1} \cdot \frac{1}{n}.
\]","\boxed{-N \frac{e^{2}}{4 \pi \varepsilon_{0} x_{0}} \cdot M, M}","EX, NV","\text{None}, \text{None}",True,EN,Laws Application
4091,Modern Physics,Solid-State Physics,Transport Properties of Electrons and Holes in Solids,"The electronic molar heat capacities of silver and cesium, measured from low-temperature specific heat experiments, are \(C_{e}^{\text{Ag}}=0.65 T(\text{mJ} /\text{mol} \cdot \text{K})\) and \(C_{e}^{\text{Cs}}=2.38 T(\text{mJ} /\text{mol} \cdot \text{K})\). Determine the relationship between the contact potential difference and temperature.","From the quantum statistical interpretation of the work function of metals and

\[
W=\chi-E_{\mathrm{F}}
\]

where \(\chi\) is the depth of the potential well, we get that the contact potential difference is

\[
V_{21}=\frac{1}{e}\left(W_{1}-W_{2}\right)=\frac{1}{e}\left(E_{\mathrm{F}_{2}}-E_{\mathrm{F}_{1}}+\chi_{1}-\chi_{2}\right)
\]

From the relationship of how the Fermi level changes with temperature, we derive the dependence of the contact potential difference on temperature:

\[
V_{21}=\frac{1}{e}\left\{\left[E_{\mathrm{F}_{2}}^{0}-E_{\mathrm{F}_{1}}^{0}\right]+\frac{\pi^{2}}{12}\left(k_{\mathrm{B}} T\right)^{2}\left[\frac{1}{E_{\mathrm{F}_{1}}^{0}}-\frac{1}{E_{\mathrm{F}_{2}}^{0}}\right]+\left(\chi_{1}-\chi_{2}\right)\right\}
\]

where

\[
V_{21}^{0}=\frac{1}{e}\left(E_{\mathrm{F}_{2}}^{0}-E_{\mathrm{F}_{1}}^{0}+\chi_{1}-\chi_{2}\right)
\]

is the contact potential difference at absolute zero, and \(\chi_{1}\) and \(\chi_{2}\) are insensitive to temperature.","\[
\boxed{V_{21}=\frac{1}{e}\left\{\left[E_{\mathrm{F}_{2}}^{0}-E_{\mathrm{F}_{1}}^{0}\right]+\frac{\pi^{2}}{12}\left(k_{\mathrm{B}} T\right)^{2}\left[\frac{1}{E_{\mathrm{F}_{1}}^{0}}-\frac{1}{E_{\mathrm{F}_{2}}^{0}}\right]+\left(\chi_{1}-\chi_{2}\right)\right\}}
\]",EX,,False,EN,Math Derivation
4092,Modern Physics,Solid-State Physics,Energy Bands in Solids,"In the tight-binding approximation, the electronic states in a crystal can be expressed as a Bloch wave composed of atomic wave functions in the \(s\) state:

\[
\Psi_{k}^{s}(r) = c \sum_{n} e^{i \mathbf{k} \cdot \mathbf{R}_{n}} \phi_{s}(r - \mathbf{R}_{n})
\]

The corresponding energy of crystal electrons is:

\[
E^{s}(k) = E_{s} + J_{0,0}^{s} + \sum_{l} e^{i \mathbf{k} \cdot \mathbf{R}_{l}} J_{0, l}^{s}
\]

In this expression, \(E_{s}\) is the eigenvalue of the energy of an electron in the \(s\) state of a free atom, and \(J\) is the exchange integral, with \(J_{0, l}^{s} \leqslant 0\). \(\mathbf{R}_{l}\) denotes the nearest-neighbor lattice vector. Assume that the lattice constant of the face-centered cubic crystal is \(2a\).

Derive the \(E-k\) relation along the \(\Gamma X\) direction (also known as the \(\Delta\) direction).","$$
<image 1>
$$

Figure 1.1.46

Take the reference point \(O\) with coordinates \((0, 0, 0)\). It has a total of 12 nearest neighbors, with coordinates given by 

\[
(l_{1}, l_{2}, l_{3}) = \left\{\begin{array}{l} (\pm 1, \pm 1, 0) \\ (\pm 1, 0, \pm 1) \\ (0, \pm 1, \pm 1) \end{array}\right.
\]

The nearest-neighbor lattice vector is

\[
\mathbf{R}_{l} = l_{1} a \mathbf{i} + l_{2} a \mathbf{j} + l_{3} a \mathbf{k}
\]

The atomic \(s\) state wave function is spherically symmetric, and exchange integrals are equal in all directions, thus we set

\[
J_{0, l}^{s} = J^{s}
\]

Therefore, the energy of electrons in a face-centered cubic crystal is

\[
E^{s}(\mathbf{k}) = E_{s} + J_{0,0}^{s} + J^{s} \sum_{l_{1}, l_{2}, l_{3}} e^{i a (l_{1} k_{x} + l_{2} k_{y} + l_{3} k_{z})}
\]

where

\[
\begin{aligned} & \sum_{l_{1}, l_{2}, l_{3}} e^{i a (l_{1} k_{x} + l_{2} k_{y} + l_{3} k_{z})} \\ & = 2 \left[\cos a (k_{x} + k_{y}) + \cos a (k_{x} - k_{y}) + \cos a (k_{x} + k_{z})\right. \\ & \left. + \cos a (k_{x} - k_{z}) + \cos a (k_{y} + k_{z}) + \cos a (k_{y} - k_{z})\right] \\ & = 4 \left(\cos a k_{x} \cos a k_{y} + \cos a k_{x} \cos a k_{z} + \cos a k_{y} \cos a k_{z}\right) \end{aligned}
\]

Thus,

\[
E^{s}(k) = E_{s} + J_{0,0}^{s} + 4 J^{s} \left(\cos a k_{x} \cos a k_{y} + \cos a k_{x} \cos a k_{z} + \cos a k_{y} \cos a k_{z}\right)
\]

Along the \(\Gamma X\) axis, \(k_{y} = k_{z} = 0, 0 \leqslant k_{x} \leqslant \frac{\pi}{a}\). Therefore, the \(E-k\) relationship along the \(\Gamma X\) direction is

\[
E^{s}(\Delta) = E_{s} + J_{0,0}^{s} + 4 J^{s} (1 + 2 \cos a k_{x})
\]",\boxed{E^{s}(\Delta) = E_{s} + J_{00}^{s} + 4 J^{s} (1 + 2 \cos a k_{x})},EQ,,True,EN,Math Derivation
4093,Modern Physics,Solid-State Physics,Lattice Vibrations and Mechanical Properties of Solids,"Positive and negative ions with masses \(M_+\) and \(M_-\) are arranged in a one-dimensional lattice with equal spacing (distance \(a\)). The interaction potential between neighboring ions is given by

\[
u(r) = -\frac{e^2}{r} + \frac{e^2 b^{n-1}}{n r^n}
\]

where \(e\) is the electron charge, and \(n\) and \(b\) are constants. Calculate the Grüneisen parameter of the lattice.","According to the definition of the Grüneisen parameter for a one-dimensional lattice,

\[
\gamma = -\frac{\mathrm{d} \ln \omega_i}{\mathrm{~d} \ln L}
\]

where \(L\) is the length of the one-dimensional lattice, \(L = 2 N a\), \(i=1\) corresponds to the acoustic wave \(\omega_{-}\), and \(i=2\) to the optical wave \(\omega_{+}\).

\[
\gamma = -a \frac{\mathrm{~d} \ln \omega_i}{\mathrm{~d} a}
\]

Given the periodic boundary conditions, \(q\) takes discrete values,

\[
q = \frac{2 \pi}{L} l = \frac{2 \pi}{2 N a} l, \quad l = 0, \pm 1, \pm 2, \cdots
\]

Substitute the \(q\) values into the expressions for \(\omega_{-}\) and \(\omega_{+}\), resulting in

\[
\begin{aligned}
\omega_-^2 &= \frac{\beta}{M_+ M_-} \left\{\left(M_+ + M_-\right) - \left[M_+^2 + M_-^2 + 2 M_+ M_- \cos \frac{2 \pi l}{N}\right]^{\frac{1}{2}}\right\} \\
\omega_+^2 &= \frac{\beta}{M_+ M_-} \left\{\left(M_+ + M_-\right) + \left[M_+^2 + M_-^2 + 2 M_+ M_- \cos \frac{2 \pi l}{N}\right]^{\frac{1}{2}}\right\}
\end{aligned}
\]

Taking the logarithm of both sides of the equations and differentiating gives

\[
2 \ln \omega_- = 2 \ln \omega_+ = \ln \beta
\]

Substituting into the definition, the Grüneisen parameter is

\[
\gamma = -a \frac{\mathrm{~d} \ln \omega}{\mathrm{~d} a} = -\frac{a}{2 \beta} \frac{\mathrm{~d} \beta}{\mathrm{~d} a}
\]

Then, applying the known formula, we obtain

\[
\gamma = -\left.\frac{a}{2}\left(\frac{\mathrm{d}^3 u(r)}{\mathrm{d} r^3}\right)\right|_{r=a} \Bigg/ \left.\left(\frac{\mathrm{d}^2 u(r)}{\mathrm{d} r^2}\right)\right|_{r=a} = \frac{n+4}{2}
\]

Evidently, since \(\left(\frac{\mathrm{d}^3 u(r)}{\mathrm{d} r^3}\right)_{r=a} \neq 0\), there exists a nonlinear interaction term between ions, resulting in a non-zero Grüneisen parameter.",\[\boxed{\frac{n+4}{2}}\],NV,,False,EN,Math Derivation
4095,Modern Physics,Solid-State Physics,Crystal Structure,"Monochromatic X-rays with wavelength \(\lambda\) are incident perpendicularly on a one-dimensional crystal lattice. The electron density distribution in the lattice is given by

\[
\rho(x)=\rho_{1} \cos \frac{2 \pi x}{a}+\rho_{2} \cos \frac{4 \pi x}{a}
\]

where \(a\) is the lattice constant, and \(\rho_{1}\) and \(\rho_{2}\) are constants.

(1) Derive the condition for the reinforcement of diffraction when X-rays interact with the lattice.","When X-rays are incident on a crystal, each atom in the crystal scatters the X-rays. Diffraction occurs when the atomic spacing is of the same magnitude as the wavelength of the scattered X-rays. As shown in Figure 1.1.18, diffraction maxima occur in scattering directions where the phase difference between scatter waves from adjacent atoms satisfies

\[
a \cos \theta_{n} = n \lambda
\]

where \(a\) is the one-dimensional lattice constant. Equation (1) is the condition for the reinforcement of diffraction of X-rays by a one-dimensional crystal lattice.

$$
<image 1>
$$

Figure 1.1.18",\boxed{a \cos \theta_{n} = n \lambda},EQ,,False,EN,Laws Application
4096,Modern Physics,Solid-State Physics,Transport Properties of Electrons and Holes in Solids,"The Drude-Lorentz formula for the dielectric constant of a solid is given by

\[
\varepsilon(\omega)=1+\frac{\omega_{p}^{2}}{\left(\omega_{0}^{2}-\omega^{2}\right)-i \omega \tau^{-1}}
\]

where \(\omega_{p}\) is the plasma frequency, \(\omega_{0}\) is the frequency corresponding to the interband transition energy gap, and \(\tau\) is the electron scattering time.

(2) Calculate the negative conductivity \(\sigma(\omega)\) of copper at room temperature.","Using Ohm's law \(J=\sigma E\) and the expression for polarization current density \(J=\frac{\partial P}{\partial t}=-i \omega P\), we obtain the susceptibility

\[
\chi=\frac{P}{\varepsilon_{0} E}=\frac{i \sigma}{\varepsilon_{0} \omega}
\]

from which

\[
\boldsymbol{D}=\varepsilon \boldsymbol{E}=\varepsilon_{0} \boldsymbol{E}+\boldsymbol{P}
\]

leads to the complex dielectric constant for copper

\[
\varepsilon(\omega)=1+\chi=1+\frac{i \sigma(\omega)}{\varepsilon_{0} \omega}
\]

Substituting into the Drude-Lorentz formula

\[
\frac{i \sigma(\omega)}{\varepsilon_{0} \omega}=\frac{\omega_{p}^{2}}{\left(\omega_{0}^{2}-\omega^{2}\right)-i \omega \tau^{-1}}
\]

yields

\[
\sigma(\omega)=-\frac{i \omega \varepsilon_{0} \omega_{p}^{2}}{\left(\omega_{0}^{2}-\omega^{2}\right)-i \omega \tau^{-1}}=\frac{\varepsilon_{0} \omega \omega_{p}^{2}[\omega \tau^{-1}-i\left(\omega_{0}^{2}-\omega^{2}\right)]}{\left(\omega_{0}^{2}-\omega^{2}\right)^{2}+\omega^{2} \tau^{-2}}
\]",\boxed{\sigma(\omega)=-\frac{\mathrm{i} \omega \varepsilon_{0} \omega_{p}^{2}}{\left(\omega_{0}^{2}-\omega^{2}\right)-\mathrm{i} \omega \tau^{-1}}},EX,,False,EN,Math Derivation
4097,Modern Physics,Solid-State Physics,Binding in Solids,"Given that the inert gas Kr (krypton) crystal has a face-centered cubic structure, and the Lennard-Jones parameters \(\varepsilon=0.014 \mathrm{eV}\) and \(\sigma=3.65 \mathrm{\AA}\), find the binding energy of 1 mole of Kr molecular crystals.","The binding energy of 1 mole of Kr molecular crystals is determined as follows:

Substituting \(\varepsilon=0.014 \mathrm{eV}\) yields

\[
E_{b}=U_{0}=-7.67 N_{0} \varepsilon=-7.67 \times 6.022 \times 10^{23} \times 0.014=6.466 \times 10^{22}(\mathrm{eV}/\mathrm{mol})
\]

The potential energy of each atom in the crystal is

\[
\frac{U_{0}}{N_{0}}=-7.67 \varepsilon=-7.67 \times 0.014=-0.107(\mathrm{eV})
\]

Experimentally measured potential energy for each atom in a stable Kr element crystal is -0.11 eV. This indicates that the theoretical calculation is quite close to the experimental value.",\boxed{6.466 \times 10^{22}},NV,\text{eV/mol},False,EN,Knowledge Recall
4098,Modern Physics,Solid-State Physics,Energy Bands in Solids,"For a two-dimensional close-packed structure composed of identical atoms with an interatomic distance of \(a\), determine the Fermi wave vector when each atom contributes one free electron.","Let the area of the two-dimensional close-packed structure be \(S\), and the number of atoms be \(N\). Each atom contributes one free electron, thus we have

\[
\begin{gathered}
2 \cdot \frac{S}{(2 \pi)^{2}} \cdot \pi k_{\mathrm{F}}^{2} = N \\
k_{\mathrm{F}}^{2} = 2 \pi \frac{N}{S}
\end{gathered}
\]

\(\frac{N}{S}\) is the number of atoms per unit area, which can be calculated as follows. Consider an equilateral triangle with side length \(a\), and all three angles equal to \(60^{\circ}\), so its area is

\[
\frac{1}{2} \times a \times a \times \sin 60^{\circ} = \frac{\sqrt{3}}{4} a^{2}
\]

However, each atom at the vertices of the equilateral triangle only contributes \(\frac{1}{6}\) of an atom to the triangle, so one equilateral triangle contains only \(\frac{1}{2}\) of an atom

\[
\frac{N}{S} = \frac{\frac{1}{2}}{\frac{\sqrt{3}}{4} a^{2}} = \frac{2}{\sqrt{3} a^{2}}
\]

Thus the Fermi wave vector \(k_{\mathrm{F}}^{2} = 2 \pi \cdot \frac{2}{\sqrt{3} a^{2}}\), which means

\[
k_{\mathrm{F}} = \frac{2}{a}\left(\frac{\pi}{\sqrt{3}}\right)^{\frac{1}{2}}
\]",\boxed{\frac{2}{a}\left(\frac{\pi}{\sqrt{3}}\right)^{\frac{1}{2}}},NV,,False,EN,Math Derivation
4100,Modern Physics,Solid-State Physics,Crystal Structure,"The face-centered cubic crystal structure of sodium chloride (NaCl) is composed of sodium ions (\(\mathrm{Na}^{+}\)) and chloride ions (\(\mathrm{Cl}^{-}\)). The atomic numbers of sodium and chlorine are 11 and 17, respectively. Determine which set of X-ray diffraction patterns can be observed (for the usual cubic unit cell).","In the NaCl unit cell, there are 8 atomic positions, with \(\mathrm{Na}^{+}\) located at: \((0,0,0), \left(\frac{1}{2}, \frac{1}{2}, 0\right), \left(\frac{1}{2}, 0, \frac{1}{2}\right), \left(0, \frac{1}{2}, \frac{1}{2}\right)\) as shown in Figure 1.1.21; \(\mathrm{Cl}^{-}\) is located at: \(\left(\frac{1}{2}, 0, 0\right), \left(0, \frac{1}{2}, 0\right), \left(0, 0, \frac{1}{2}\right), \left(\frac{1}{2}, \frac{1}{2}, \frac{1}{2}\right)\) as illustrated in Figure 1.1.21.

$$
<image 1>
$$

Figure 1.1.21

Since the diffraction intensity 

\[
\begin{aligned}
I_{hkl} & \propto \left|F_{hkl}\right|^{2} = F_{hkl} \cdot F_{hkl}^{*} \\
& = \left[\sum_{j} f_{j} \cos 2 \pi n\left(hu_{j}+kv_{j}+lw_{j}\right)\right]^{2} + \left[\sum_{j} f_{j} \sin 2 \pi n\left(hu_{j}+kv_{j}+lw_{j}\right)\right]^{2}
\end{aligned}
\]

where \(h, k, l\) are integers. By substituting the ion coordinates and atomic numbers into the unit cell, we obtain

\[
\begin{aligned}
I_{hkl} = & \{f_{\mathrm{Na}}[1+\cos n \pi(h+k)+\cos n \pi(h+l)+\cos n \pi(l+k)] \\
& + \alpha [\cos n \pi h+\cos n \pi k+\cos n \pi l+\cos n \pi(h+k+l)]\}^{2} \\
& + \{f_{\mathrm{Na}}[\sin n \pi(h+k)+\sin n \pi(h+l)+\sin n \pi(k+l)] \\
+ & \alpha [\sin n \pi h+\sin n \pi k+\sin n \pi l+\sin n \pi(h+k+l)]\}^{2}
\end{aligned}
\]

where \(\alpha = \frac{f_{\mathrm{Cl}^{-}}}{f_{\mathrm{Na}^{+}}} = \frac{17}{11}\). It is found that the condition for non-zero diffraction intensity \(I_{hkl} \neq 0\) is that the Miller indices \(h, k, l\) are all odd or all even.","\boxed{h, k, l \text{ are all odd or all even}}",EX,,True,EN,Math Derivation
4102,Modern Physics,Solid-State Physics,Motion of Electrons in Electromagnetic Fields,"Calculate the period \(\Delta\left(\frac{1}{B}\right)\) of the de Haas-van Alphen effect for sodium according to the free electron model (Sodium has a body-centered cubic structure with a lattice constant of \(a = 5.22 \, \text{Å} \)).","The oscillation period of the de Haas-van Alphen effect is given by  
\[
\Delta\left(\frac{1}{B}\right) = \frac{e \hbar}{m E_{\mathrm{F}}}
\]

First, calculate the Fermi energy \(E_{F}\) of sodium metal under the free electron model  
\[
E(\boldsymbol{k}) = \frac{\hbar^{2} k^{2}}{2 m}
\]

Assuming the radius of the Fermi sphere is \(k_{\mathrm{F}}\), we have  
\[
2 \cdot \frac{V}{(2 \pi)^{3}} \cdot \frac{4 \pi}{3} k_{\mathrm{F}}^{3} = N
\]

\(N\) is the number of electrons in the sodium crystal, thus  
\[
k_{\mathrm{F}} = 2 \pi \left(\frac{3}{8 \pi}\right)^{\frac{1}{3}} \left(\frac{N}{V}\right)^{\frac{1}{3}}
\]

Where \(n = \frac{N}{V}\) is the electron concentration, hence  
\[
k_{\mathrm{F}} = \left(3 n \pi^{2}\right)^{\frac{1}{3}}
\]

For Na metal, which is a body-centered cubic structure, there are \(2\) electrons per unit cell, \(n = \frac{2}{a^{3}}\), therefore  
\[
k_{\mathrm{F}} = \left(3 n \pi^{2}\right)^{\frac{1}{3}} = \left(3 \frac{2}{a^{3}} \pi^{2}\right)^{\frac{1}{3}} = \left(\frac{6}{\pi}\right)^{\frac{1}{3}} \frac{\pi}{a} = 1.240 \left(\frac{\pi}{a}\right)
\]

The Fermi energy of sodium metal is  
\[
\begin{aligned}
E_{\mathrm{F}} & = \frac{\hbar^{2} k_{\mathrm{F}}^{2}}{2 m} = \frac{\hbar^{2} \cdot 1.24^{2} \cdot \pi^{2}}{2 m a^{2}} = \frac{\left(1.05 \times 10^{-34}\right)^{2} \times 1.24^{2} \times 3.14^{2}}{2 \times 9.11 \times 10^{-31} \times \left(5.22 \times 10^{-10}\right)^{2}} \\
& = 3.37 \times 10^{-19} \, \text{J} = 2.10 \, \text{eV}
\end{aligned}
\]

According to the formula for the period of the de Haas-van Alphen effect  
\[
\begin{aligned}
\Delta\left(\frac{1}{B}\right) & = \frac{e \hbar}{m E_{\mathrm{F}}} = \frac{1.6 \times 10^{-19} \times 1.05 \times 10^{-34}}{9.11 \times 10^{-31} \times 2.1 \times 1.9 \times 10^{-19}} \\
& = 4.62 \times 10^{-5} \, \text{T}
\end{aligned}
\]",\boxed{4.62 \times 10^{-5}},NV,\text{T},False,EN,Practical Application
4103,Modern Physics,Solid-State Physics,Motion of Electrons in Electromagnetic Fields,"In a one-dimensional crystal with a full band, the electron energy relationship is given by
\[ 
E(k)=\frac{\hbar^{2} k_{1}^{2}}{6 m}-\frac{3 \hbar^{2} k^{2}}{m} 
\]

where \(m\) is the electron mass, \(k_{1}=\frac{1}{8 a}\), and the lattice constant \(a=3.14 \times 10^{-10} \mathrm{~m}\). If an electron is removed from the state at \(k_{1}\) while all other states are occupied by electrons, a quasiparticle—a hole—appears at \(k_{1}\). Determine the wave vector \(k_{\mathrm{h}}\) of the hole.","The wave vector \(k_{\mathrm{h}}\) of the hole is:
\[
k_{\mathrm{h}} = -k_{1} = -\frac{1}{8a} = -\frac{1}{8 \times 3.14 \times 10^{-10}} = -3.98 \times 10^{8} \, \mathrm{m}^{-1}
\]",\boxed{-3.98 \times 10^{8}},NV,,False,EN,Knowledge Recall
4105,Modern Physics,Solid-State Physics,Energy Bands in Solids,"In the tight-binding approximation, the electronic states in a crystal can be represented by Bloch waves composed of atomic \(s\)-state wave functions:

\[
\Psi_{k}^{s}(r) = c \sum_{n} e^{i \mathbf{k} \cdot \mathbf{R}_{n}} \phi_{s}(r - \mathbf{R}_{n})
\]

The corresponding crystal electronic energy is given by:

\[
E^{s}(k) = E_{s} + J_{0,0}^{s} + \sum_{l} e^{i \mathbf{k} \cdot \mathbf{R}_{l}} J_{0, l}^{s}
\]

where \(E_{s}\) is the eigenvalue of the free atomic \(s\)-state electron energy, \(J\) is the exchange integral, \(J_{0, l}^{s} \leqslant 0\), and \(\mathbf{R}_{l}\) is the nearest neighbor lattice vector. Assume the lattice constant of a face-centered cubic crystal is \(2a\).

Identify the band bottom and the band top along the \(\Delta\) axis and determine the bandwidth.","There are two extremum points along the \(\Delta\) axis:

\[
\begin{gathered} 
\frac{dE^{s}(\Delta)}{dk_{x}} = -8 J^{s} a \sin a k_{x} = 0 \\
\left\{\begin{aligned} 
a k_{x} &= 0 \\ 
a k_{x} &= \pi 
\end{aligned}\right. 
\end{gathered}
\]

For \(k_{x} = 0, k_{y} = k_{z} = 0\), i.e., the \(\Gamma\) point \((0, 0, 0)\), the corresponding energy is:

\[
E(\Gamma) = E_{s} + J_{0,0}^{s} + 12 J^{s}
\]

For \(k_{x} = \frac{\pi}{a}, k_{y} = k_{z} = 0\), this is the \(X\) point (note the given lattice constant for the face-centered cubic crystal is \(2a\); if the lattice constant is taken as \(a\), then the extremum point would be \(k_{x} = \frac{\pi}{\frac{a}{2}} = \frac{2\pi}{a}, k_{y} = k_{z} = 0\), which is the \(X\) point), the energy corresponding to the \(X\) point is:

\[
E(X) = E_{s} + J_{0,0}^{s} - 4 J^{s}
\]

Since \(J^{s} < 0\), the band bottom corresponds to the \(\Gamma\) point and the band top corresponds to the \(X\) point. The bandwidth along the \(\Delta\) axis is:

\[
E(X) - E(\Gamma) = 16 \left|J^{s}\right|
\]","\boxed{E(\Gamma), E(X), 16 |J^s|}","EX, EX, NV",,True,EN,Practical Application
4106,Modern Physics,Solid-State Physics,Motion of Electrons in Electromagnetic Fields,"Given \(E(k)=A k^{2}+C\left(k_{x} k_{y}+k_{y} k_{z}+k_{z} k_{x}\right)\), find the principal axis directions at the point \(k=0\).","Let's determine the principal axis directions by solving

\[
(F-\lambda I)(X)=0
\]

When \(\lambda_{1}=2A-C\) and \(\lambda_{2}=2A-C\), we have

\[
\begin{aligned}
& \left(\begin{array}{ccc}
C & C & C \\
C & C & C \\
C & C & C
\end{array}\right)\left(\begin{array}{c}
x \\
y \\
z
\end{array}\right)=0 \\
& \left(\begin{array}{ccc}
1 & 1 & 1 \\
1 & 1 & 1 \\
1 & 1 & 1
\end{array}\right)\left(\begin{array}{c}
x \\
y \\
z
\end{array}\right)=0
\end{aligned}
\]

Resulting in two vectors

\[
\left(\begin{array}{c}
1 \\
0 \\
-1
\end{array}\right), \quad \left(\begin{array}{c}
1 \\
-1 \\
0
\end{array}\right)
\]

For \(\lambda_{3}=2A+2C\), we have

\[
\left(\begin{array}{ccc}
-2C & C & C \\
C & -2C & C \\
C & C & -2C
\end{array}\right)\left(\begin{array}{c}
x \\
y \\
z
\end{array}\right)=0
\]

\[
\left(\begin{array}{ccc}
-2 & 1 & 1 \\
1 & -2 & 1 \\
1 & 1 & -2
\end{array}\right)\left(\begin{array}{c}
x \\
y \\
z
\end{array}\right)=0
\]

Resulting in the vector

\[
\left(\begin{array}{c}
1 \\
1 \\
1
\end{array}\right)
\]

Thus, the three orthogonal vectors are

\[
\left(\begin{array}{c}
1 \\
0 \\
-1
\end{array}\right), \quad \left(\begin{array}{c}
1 \\
-1 \\
0
\end{array}\right), \quad \left(\begin{array}{c}
1 \\
1 \\
1
\end{array}\right)
\]

Since the first two are not orthogonal, we combine them to obtain

\[
\begin{gathered}
\left(\begin{array}{ccc}
1 & 0 & -1
\end{array}\right) \cdot \left(\left[\begin{array}{c}
1 \\
0 \\
-1
\end{array}\right)+\left(\begin{array}{c}
1 \\
-1 \\
0
\end{array}\right)\right)=0 \\
\left(\begin{array}{c}
1 \\
0 \\
-1
\end{array}\right) \cdot \left(\begin{array}{c}
a+1 \\
-1 \\
-a
\end{array}\right)=0 \\
a+1+a=0, \quad a=-\frac{1}{2}
\end{gathered}
\]

Thus, the combined vector is

\[
-\frac{1}{2}\left(\begin{array}{c}
1 \\
0 \\
-1
\end{array}\right)+\left(\begin{array}{c}
1 \\
-1 \\
0
\end{array}\right)
\]

which simplifies to

\[
\left(\begin{array}{c}
1 \\
0 \\
-1
\end{array}\right)-2\left(\begin{array}{c}
1 \\
-1 \\
0
\end{array}\right)=\left(\begin{array}{c}
-1 \\
2 \\
-1
\end{array}\right)
\]

Thus, we obtain the three principal axis directions

\[
\begin{array}{c}
\left(\begin{array}{c}
1 \\
0 \\
-1
\end{array}\right), \quad \left(\begin{array}{c}
-1 \\
2 \\
-1
\end{array}\right), \quad \left(\begin{array}{c}
1 \\
1 \\
1
\end{array}\right)
\end{array}
\]

Their unit vectors are

\[
\frac{1}{\sqrt{2}}\left(\begin{array}{c}
1 \\
0 \\
-1
\end{array}\right), \quad \frac{1}{\sqrt{5}}\left(\begin{array}{c}
-1 \\
2 \\
-1
\end{array}\right), \quad \frac{1}{\sqrt{3}}\left(\begin{array}{c}
1 \\
1 \\
1
\end{array}\right)
\]

Therefore, the transformation matrix is

\[
T=\left(\begin{array}{ccc}
\frac{1}{\sqrt{2}} & \frac{-1}{\sqrt{5}} & \frac{1}{\sqrt{3}} \\
0 & \frac{2}{\sqrt{5}} & \frac{1}{\sqrt{3}} \\
\frac{-1}{\sqrt{2}} & \frac{-1}{\sqrt{5}} & \frac{1}{\sqrt{3}}
\end{array}\right)
\]

It follows that

\[
T \cdot\left(\begin{array}{ccc}
2A & C & C \\
C & 2A & C \\
C & C & 2A
\end{array}\right) \cdot T^{-1}=\left(\begin{array}{ccc}
2A-C & 0 & 0 \\
0 & 2A-C & 0 \\
0 & 0 & 2A+2C
\end{array}\right)
\]","\[
\boxed{\frac{1}{\sqrt{2}}\left(\begin{array}{c}
1 \\
0 \\
-1
\end{array}\right), \frac{1}{\sqrt{5}}\left(\begin{array}{c}
-1 \\
2 \\
-1
\end{array}\right), \frac{1}{\sqrt{3}}\left(\begin{array}{c}
1 \\
1 \\
1
\end{array}\right)}
\]","EX, EX, EX",,False,EN,Math Derivation
4108,Modern Physics,Solid-State Physics,Lattice Vibrations and Mechanical Properties of Solids,"Consider a two-dimensional square arrangement of atoms with a lattice constant \(a\). There is an interaction between the atoms, and when an atom located at \(\left(x_{0}, y_{0}\right)\) moves to \(\left(x_{0}+\Delta x, y_{0}\right)\), it experiences restoring forces from two adjacent atoms located at \(\left(x_{0} \pm a, y_{0}\right)\) as \(-c_{1} \Delta x\) and from two adjacent atoms at \(\left(x_{0}, y_{0} \pm a\right)\) as \(-c_{2} \Delta x\), assuming \(c_{2}<c_{1}\). Determine the dispersion relation for a sound wave propagating in the \(x\)-direction and plot the dispersion diagram.","Taking \(\left(x_{0}, y_{0}\right)\) as the origin, the coordinates of the lattice points are \(\left(x_{n}, y_{m}\right)=(n a, m a)\). Let the displacement in the \(x\) direction of the atom at lattice point \(\left(x_{n}, y_{m}\right)\) be \(x_{n, m}\), then the relative displacement compared to the nearest neighbor atoms along the \(x\) axis is

\[
2 x_{n, m}-x_{n+1, m}-x_{n-1, m}
\]

Correspondingly, the relative displacement compared to the nearest neighbor atoms along the \(y\) axis is

\[
2 x_{n, m}-x_{n, m+1}-x_{n, m-1}
\]

Thus, the equation of motion for the atom at the coordinates \(\left(x_{n}, y_{m}\right)\) is

\[
m \frac{\mathrm{d}^{2} x_{n, m}}{\mathrm{d} t^{2}}=-c_{1}\left(2 x_{n, m}-x_{n+1, m}-x_{n-1, m}\right)-c_{2}\left(2 x_{n, m}-x_{n, m+1}-x_{n, m-1}\right)
\]

The trial solution is

\[
x_{n, m}=A \mathrm{e}^{\mathrm{i}\left(q_{1} n a+q_{2} m a-\omega t\right)}
\]

Substituting into the equation of motion for the atom gives

\[
\begin{aligned}
m \omega^{2} & =c_{1}\left(2-\mathrm{e}^{\mathrm{i} q_{1} a}-\mathrm{e}^{-\mathrm{i} q_{1} a}\right)+c_{2}\left(2-\mathrm{e}^{\mathrm{i} q_{2} a}-\mathrm{e}^{-\mathrm{i} q_{2} a}\right) \\
& =2 c_{1}\left[1-\cos \left(q_{1} a\right)\right]+2 c_{2}\left[1-\cos \left(q_{2} a\right)\right]
\end{aligned}
\]

Therefore,

\[
\omega=\left[\frac{4 c_{1}}{m} \sin ^{2}\left(\frac{q_{1} a}{2}\right)+\frac{4 c_{2}}{m} \sin ^{2}\left(\frac{q_{2} a}{2}\right)\right]^{\frac{1}{2}}
\]

For a sound wave propagating in the \(x\) direction, \(q_{2}=0\), hence the dispersion relation is

\[
\omega=\sqrt{\frac{4 c_{1}}{m}} \sin \left(\frac{q_{1} a}{2}\right)
\]

The dispersion diagram is shown in Figure 1.1.32, where \(\omega_{m}=\sqrt{\frac{4 c_{1}}{m}}\).

$$
<image 1>
$$

Figure 1.1.32",\boxed{\omega=\sqrt{\frac{4 c_{1}}{m}} \sin \left(\frac{q_{1} a}{2}\right)},EQ,,False,EN,Math Derivation
4110,Modern Physics,Solid-State Physics,Lattice Vibrations and Mechanical Properties of Solids,"In the high-temperature limit, calculate the total heat capacity of a one-dimensional diatomic lattice composed of two different atoms (with masses \(M\) and \(m\)) where the distance between adjacent atoms of the same type is \(2a\), and the interaction restoring force constant is \(\beta\).","3) In the high-temperature limit:

\[
\begin{aligned}
& c_{V}^{+} = N k_{B}\left(\frac{\Theta_{E}}{T}\right)^2 \frac{1}{\left(e^{\frac{\Theta_{E}}{T}}-1\right)^2} = N k_{B}\left(\frac{\Theta_{E}}{T}\right)^2 \frac{1}{\left(1+\frac{\Theta_{E}}{T}-1\right)^2} = N k_{B} \\
& c_{V} = \frac{2Nk_{B}}{\pi \omega_{0}^{\prime}} \int_{0}^{\omega_{0}^{\prime}} \frac{\left(\frac{\hbar \omega}{k_{B} T}\right)^2}{\left[1-\left(\frac{\omega}{\omega_{0}^{\prime}}\right)^2\right]^{\frac{1}{2}}} \frac{e^{\frac{\hbar \omega}{k_{B} T}}}{\left(e^{\frac{\hbar \omega}{k_{B} T}}-1\right)^2} \mathrm{~d} \omega \\
& = \frac{2Nk_{B}}{\pi} \int_{0}^{1} \frac{1}{\left[1-x^2\right]^{\frac{1}{2}}} \mathrm{~d} x
\end{aligned}
\]

Since \(\int_{0}^{1} \frac{1}{\left(1-x^2\right)^{\frac{1}{2}}} \mathrm{~d} x = \frac{\pi}{2}\), the heat capacity of the one-dimensional diatomic lattice in the high-temperature limit is:

\[
c_{V} = c_{V}^{+} + c_{V} = 2Nk_{B}
\]",\boxed{2Nk_{B}},NV,,False,EN,Math Derivation
4112,Modern Physics,Solid-State Physics,Transport Properties of Electrons and Holes in Solids,"The electronic molar heat capacities of silver and cesium have been measured in low-temperature heat capacity experiments as \(C_{e}^{\text{Ag}}=0.65 T(\text{mJ} /\text{mol} \cdot \text{K})\) and \(C_{e}^{\text{Cs}}=2.38 T(\text{mJ} /\text{mol} \cdot \text{K})\), respectively. Determine the Fermi energy \(E_{\mathrm{F}}^{0}\) and the work function for silver and cesium.","The value of \(E_{F}^{0}\) is determined from the low-temperature electronic heat capacity of metals. According to the free electron gas model, the electronic heat capacity of a metal at low temperatures is given by:

\[
C_{V}=\frac{\pi^{2}}{2} Z R \frac{T}{T_{\mathrm{F}}^{0}}=\frac{\pi^{2}}{2} \frac{Z R k_{\mathrm{B}}}{E_{\mathrm{F}}^{0}} \cdot T
\]

Each atom of cesium and silver contains only one electron, so \(Z=1\), thus:

\[
\begin{aligned}
C_{V} & =\left(\frac{\pi^{2}}{2} R k_{\mathrm{B}}\right) \cdot \frac{T}{E_{\mathrm{F}}^{0}}=\frac{(3.14)^{2} \cdot 8.31 \cdot 1.38 \times 10^{-23}}{2} \cdot \frac{T}{E_{\mathrm{F}}^{0}} \\
& =5.65 \times 10^{-22} \cdot \frac{T}{E_{\mathrm{F}}^{0}}
\end{aligned}
\]

Therefore,

\[
\left(E_{\mathrm{F}}^{0}\right)_{\text{Ag}}=\frac{5.65 \times 10^{-22}}{0.65 \times 10^{-3}}=8.69 \times 10^{-19} \, \text{J}=5.4 \, \text{eV}
\]

\[
\left(E_{\mathrm{F}}^{0}\right)_{\text{Cs}}=\frac{5.65 \times 10^{-22}}{2.38 \times 10^{-3}}=2.37 \times 10^{-19} \, \text{J}=1.48 \, \text{eV}
\]

From photoelectric effect experiments at room temperature, the work functions for silver and cesium are:

\[
W^{\text{Ag}}=4.8 \, \text{eV}
\]

and

\[
W^{\text{Cs}}=1.8 \, \text{eV}
\]","\boxed{ 5.4,  1.48,  4.8, 1.8}",EQ,"\text{eV}, \text{eV}, \text{eV}, \text{eV}",True,EN,Laws Application
4113,Modern Physics,Solid-State Physics,Motion of Electrons in Electromagnetic Fields,"Try to derive the formula for determining the longitudinal effective mass \(m_{l}^{*}\) of silicon electrons using the cyclotron resonance experiment in a magnetic field \(B\) oriented in the \([1,0,0]\) direction.","As indicated in problem 1.1.100, the formula for the effective mass \(m^{*}\) of cyclotron resonance shows that it is not only related to \(m_{1}^{*}, m_{2}^{*}, m_{3}^{*}\) but also depends on the orientation of the magnetic field. Due to crystal symmetry, there can be more than one extremum point at the same energy level, such as multiple conduction band minima in semiconductors. Thus, for the same magnetic field orientation, the angles with different extrema can vary, resulting in different magnitudes of \(m^{*}\) and consequently several frequencies for cyclotron resonance. In other words, the experiment curve of a semiconductor's cyclotron resonance can show several resonance peaks for the same magnetic field direction.

Silicon, as a semiconductor, has 6 conduction band minima, distributed along six symmetry axes \([1,0,0],[\overline{1},0,0],[0,1,0],[0,\overline{1},0],[0,0,1],[0,0,\overline{1}]\). Thus, the constant energy surfaces near the conduction band minima are rotational ellipsoids with these six symmetry axes as longitudinal axes. Electrons have two effective masses: the longitudinal effective mass \(m_{l}^{*}\) along the longitudinal axis and the transverse effective mass \(m_{t}^{*}\) perpendicular to it.

Taking \(k_{z}\) as the longitudinal axis of the rotational ellipsoid, we have \(m_{s}^{*}=m_{l}^{*}, m_{1}^{*}=m_{2}^{*}=m_{t}^{*}\). Substituting into the cyclotron resonance effective mass \(m^{*}\) formula from problem 1.1.100:

\[
\begin{aligned}
\frac{1}{m^{*}} & =\frac{1}{m_{t} \sqrt{m_{l}}}\left[m_{t} \sin^2 \alpha_{3}+m_{l} \cos^2 \alpha_{3}\right]^{\frac{1}{2}} \\
& =\frac{1}{m_{t}}\left[\frac{m_{t}}{m_{l}} \sin^2 \alpha_{3}+\cos^2 \alpha_{3}\right]^{\frac{1}{2}}
\end{aligned}
\]

From the formula, it can be seen that the cyclotron resonance frequency depends only on \(m_{t}, m_{l}\), and the angle between the magnetic field and the rotation symmetry axis \(k_{z}\). Now, let's find the cosine of the angle between magnetic field \(B\) oriented in \([1,0,0]\) and the 6 symmetry axes at the silicon conduction band minima:

\[
\begin{array}{c}
\cos \alpha_{3}=\frac{1 \times 0 + 0 \times 1 + 0 \times 0}{\sqrt{1^{2}+0^{2}+0^{2}} \sqrt{0^{2}+1^{2}+0^{2}}}=0, \\
\cos \alpha_{3}=\frac{1 \times 0 + 0 \times(-1) + 0 \times 0}{\sqrt{1^{2}+0^{2}+0^{2}} \sqrt{0^{2}+(-1)^{2}+0^{2}}}=0, \\
\cos \alpha_{3}=\frac{1 \times 0 + 0 \times 0 + 0 \times 1}{\sqrt{1^{2}+0^{2}+0^{2}} \sqrt{0^{2}+0^{2}+1^{2}}}=0, \\
\cos \alpha_{3}=\frac{1 \times 0 + 0 \times 0 + 0 \times(-1)}{\sqrt{1^{2}+0^{2}+0^{2}} \sqrt{0^{2}+0^{2}+1^{2}}}=0
\end{array}
\]

This results in \(\cos^2 \alpha_{3}=0\), indicating that the cyclotron resonance experiment with a magnetic field oriented in \([1,0,0]\) will observe two resonance peaks. Using the cyclotron resonance frequency formula:

\[
\omega_{c}=\frac{e B}{m^{*}}
\]

This yields two distinct cyclotron effective masses \(m_{1}^{*}\) and \(m_{2}^{*}\):

\[
m_{1}^{*}=\frac{e B_{1}}{\omega_{c_{1}}}, \quad m_{2}^{*}=\frac{e B_{2}}{\omega_{c_{2}}}
\]

Here, \(B_{1}\) and \(B_{2}\) are unequal magnetic field strengths, corresponding to two different cyclotron resonance frequencies. Substituting into formula (1), we get that when \(\cos^2 \alpha_{3}=0, \sin^2 \alpha_{3}=1\):

\[
\frac{1}{m_{2}^{*}}=\frac{1}{m_{t}} \cdot\left(\frac{m_{t}}{m_{l}}\right)^{\frac{1}{2}}=\frac{1}{\left(m_{t} m_{l}\right)^{\frac{1}{2}}}
\]

Thus,

\[
m_{l}=\frac{m_{2}^{*2}}{m_{t}}
\]

Here \(m_{1}^{*}\) and \(m_{2}^{*}\) are the experimental values from the silicon cyclotron resonance experiment, measuring the longitudinal and transverse effective masses of silicon electrons as:

\[
m_{l}=\frac{m_{2}^{*2}}{m_{1}^{*}}
\]",\boxed{m_{l} = \frac{m_{2}^{*2}}{m_{1}^{*}}},EQ,,False,EN,Math Derivation
4114,Modern Physics,Solid-State Physics,Binding in Solids,"If the Madelung constant \(M=1.75\) for an NaCl ionic crystal, the lattice constant \(a=5.64 \ \text{Å}\), and the Born exponent \(n=9\), the crystal reaches a stable state under tensile forces around it. What is the theoretical value of the negative pressure?","Under the influence of negative pressure \(P\), the volume of the crystal increases by \(\Delta V\), thus performing work against the external environment and causing an increase in internal energy by \(\Delta U\). Therefore,

\[
P \Delta V = -\Delta U
\]

This gives us

\[
P = -\frac{\partial U}{\partial V} = -\frac{\partial U}{\partial r} \cdot \frac{\mathrm{d} r}{\mathrm{d} V}
\]

Substituting into the formula, we have

\[
P = \frac{N}{2} \left( -\frac{M e^{2}}{4 \pi \varepsilon_{0} r^{2}} + \frac{n B}{r^{n+1}} \right) \cdot \frac{1}{3 N r^{2}} = \frac{1}{6} \left( -\frac{M e^{2}}{4 \pi \varepsilon_{0} r^{4}} + \frac{n B}{r^{n+3}} \right)
\]

Substituting \(r_{m}\) into the formula, we find the theoretical value of negative pressure as

\[
P_{m} = \frac{1}{6} \left( -\frac{M e^{2}}{4 \pi \varepsilon_{0} r_{m}^{4}} + \frac{n B}{r_{m}^{n+3}} \right) = \frac{1}{6 r_{m}^{4}} \left( -\frac{M e^{2}}{4 \pi \varepsilon_{0}} + \frac{n B}{r_{m}^{n-1}} \right)
\]

Substitute \(r_{m} = \left( \frac{4 \pi \varepsilon_{0} n(n+3) B}{4 M e^{2}} \right)^{\frac{1}{n-1}} \) into the above expression,

\[
\begin{aligned}
P_{m} & = \frac{1}{6 r_{m}^{4}} \left( -\frac{M e^{2}}{4 \pi \varepsilon_{0}} + \frac{4 M e^{2} n B}{4 \pi \varepsilon_{0} n(n+3) B} \right) \\
& = \frac{1}{6 r_{m}^{4}} \cdot \frac{M e^{2}}{4 \pi \varepsilon_{0}} \left( \frac{4}{n+3} - 1 \right) \left( \frac{r_{0}}{r_{m}} \right)^{4} \\
& = \frac{M e^{2}}{6 \times 4 \pi \varepsilon_{0} r_{0}^{4}} \left( \frac{r_{0}}{r_{m}} \right)^{4} \left( \frac{4}{n+3} - 1 \right)
\end{aligned}
\]

According to the formula

\[
\frac{r_{m}-r_{0}}{r_{0}} = \frac{r_{m}}{r_{0}} - 1 = 3^{\frac{1}{8}} - 1
\]

Thus,

\[
\frac{r_{m}}{r_{0}} = 3^{\frac{1}{8}}
\]

Substitute \(n=9\) and \(a=2.82 \ \text{Å}\), so the theoretical value of the negative pressure is

\[
\begin{aligned}
P_{m} & = \frac{M e^{2}}{6 \times 4 \pi \varepsilon_{0} r_{0}^{4}} \left( \frac{r_{0}}{r_{m}} \right)^{4} \left( \frac{4}{n+3} - 1 \right) = \frac{M e^{2}}{6 \times 4 \pi \varepsilon_{0} r_{0}^{4}} \left( \frac{1}{3} \right)^{\frac{4}{8}} \left( \frac{4}{9+3} - 1 \right) \\
& = \frac{1.75 \times (1.602 \times 10^{-19})^{2}}{6 \times 4 \times 3.1416 \times 8.85 \times 10^{-12} \times (2.82 \times 10^{-10})^{4}} \times \left( \frac{1}{3} \right)^{\frac{1}{2}} \times \left( \frac{1}{3} - 1 \right) \\
& = 4.1 \times 10^{9} \ (\text{N/m}^{2}) = 4.1 \times 10^{4} \ (\text{atm})
\end{aligned}
\]",\boxed{4.1 \times 10^{9}},"NV, NV",,True,EN,Practical Application
4115,Modern Physics,Solid-State Physics,Crystal Defects and Motion,"A binary alloy consists of \(N_{A}\) metal atoms \(A\) and \(N_{B}\) metal atoms \(B\). These atoms form a simple cubic lattice where each atom interacts only with its six nearest neighbors. The interaction can be either \(A-A\), \(B-B\), or \(A-B\), with interaction energies of \(-J(J>0)\) and \(J\) respectively. Calculate the free energy \(F\) of the system (as a function of \(x\)) where \(N_{A}=N(1+x) / 2\) and \(N_{B}=N(1-x) / 2\). Expand \(F(x)\) up to the fourth power of \(x\) and prove there exists a critical temperature \(T_{\mathrm{c}}\) above and below which the curve \(F(x)\) displays different characteristic shapes. Determine \(T_{\mathrm{c}}\) and plot the curve of \(F\) as a function of \(x\) for \(T>T_{\mathrm{c}}\) and \(T<T_{\mathrm{c}}\).","(3) Free energy of the binary system
\[
\begin{aligned}
F & =U-T S \\
& =-3 N J x^{2}-N k_{\mathrm{B}} T \ln 2+\frac{N k_{\mathrm{B}} T}{2} x \ln \frac{1+x}{1-x}+\frac{N k_{\mathrm{B}} T}{2} \ln \left(1-x^{2}\right) \\
& =-N k_{\mathrm{B}} T \ln 2+\left(\frac{1}{2} N k_{\mathrm{B}} T-3 N J\right) x^{2}+\frac{1}{12} N k_{\mathrm{B}} T x^{4}+\cdots
\end{aligned}
\]
The following expansions are applied in the derivation:
\[
\begin{aligned}
& \ln (1+x)=x-\frac{1}{2} x^{2}+\frac{1}{3} x^{3}-\frac{1}{4} x^{4}+\cdots \\
& \ln \frac{1+x}{1-x}=2\left(x+\frac{x^{3}}{3}+\frac{x^{5}}{5}+\cdots\right)
\end{aligned}
\]
To determine the behavior of the system's free energy at the critical temperature \(T_{\mathrm{c}}\), consider \(\frac{\partial F}{\partial x}\) and \(\frac{\partial^{2} F}{\partial x^{2}}\) at \(x=0\). From \(\left.\frac{\partial^{2} F}{\partial x^{2}}\right|_{x=0}=0\), we obtain
\[
2\left(\frac{1}{2} N k_{B} T-3 N J\right)=0
\]
which gives
\[
T_{\mathrm{c}}=\frac{6 J}{k_{\mathrm{B}}}
\]
Thus,
\[
\left(\frac{\partial^{2} F}{\partial x^{2}}\right)_{x=0}\left\{\begin{array}{l}
=0, T=T_{c} \\
>0, T>T_{c}, F(0)=F_{\min} \\
<0, T<T_{c}, F(0)=F_{\max}
\end{array}\right.
\]
Therefore, \(T_{\mathrm{c}}\) is the critical transition temperature. Figure 1.1.45 illustrates the \(F(x)\) curves for \(T>T_{\mathrm{c}}\) and \(T<T_{\mathrm{c}}\).

$$
<image 1>
$$

Figure 1.1.45",\boxed{T_{\mathrm{c}}=\frac{6 J}{k_{\mathrm{B}}}},EQ,\text{K},False,EN,Math Derivation
4116,Modern Physics,Solid-State Physics,Binding in Solids,"The experimentally measured density of an NaCl crystal is \(2.16 \, \mathrm{g/cm^3}\). Given that the Madelung constant \(M\) of the NaCl crystal structure is 1.7476, and the atomic masses of Na and Cl are 23 and 35.45 respectively, find the equilibrium nearest-neighbor ionic distance \(r_0\) of the NaCl crystal.","First, determine the value of \(r_0\) from the density of the NaCl crystal. The NaCl crystal is composed of a face-centered cubic lattice of \(\mathrm{Na^+}\) and \(\mathrm{Cl^-}\) ions, where \(a = 2 r_0\). There are 8 ions in one unit cell of the NaCl crystal, so its volume is \(V = N r_0^3\).

Each mole of NaCl crystal contains \(N_0\) (Avogadro's number) of NaCl molecules, and each molecule has a mass of \(\frac{23+35.45}{N_0} \, \mathrm{g}\). In each unit cell of the NaCl crystal, there are 4 NaCl molecules, thus the mass of one unit cell is \(\frac{58.45}{2 N_0 r_0^3}\).

The density of the NaCl crystal is

\[
D=\frac{4 \times \frac{23+35.45}{N_0}}{8 r_0^3} = \frac{58.45}{2 N_0 r_0^3} = \frac{29.225}{N_0 r_0^3}
\]

Therefore,

\[
r_0 = \sqrt[3]{\frac{29.225}{N_0 D}} = \sqrt[3]{\frac{29.225}{6.02 \times 10^{23} \times 2.16}} = 2.82 \times 10^{-8} \, \mathrm{cm} = 2.82 \times 10^{-10} \, \mathrm{m}
\]",\boxed{2.82 \times 10^{-10}},NV,\mathrm{m},False,EN,Math Derivation
4117,Modern Physics,Solid-State Physics,Energy Bands in Solids,"For a weak potential \(|t| = 1, |r| = 0\), i.e., when \(|r|\) is very small, derive a simple expression for the band gap width.","When the potential barrier is very weak, \(|r| \rightarrow 0, |t| \rightarrow 1, \delta \rightarrow 0\), the location of the center of the gap is \(ka + \delta = n\pi\). Assume that at this position, the energy \(E\) reaches the band edge, i.e.,

\[
\cos(n\pi + E) = \pm|t|, \text{ and } E \text{ is very small}
\]

Using the small angle approximation, we have

\[
E \approx |r|
\]

Thus, the phase difference within the gap is

\[
\begin{gathered}
\left(k_2 - k_1\right) a \approx 2|r| \\
E_{\text{gap}} = E_2 - E_1 = \frac{\hbar^2}{2m}\left(k_2^2 - k_1^2\right) = \frac{\hbar^2}{2m}\left(k_2 - k_1\right)\left(k_2 + k_1\right)
\end{gathered}
\]

where \(k_2 + k_1 = 2k_0\), and \(k_0\) is the central value of the forbidden band. Since \(\delta \rightarrow 0\), \(k_0 \approx \frac{n\pi}{a}\). Hence, the band gap is given by \(E_{\text{gap}}\)

\[
E_{\text{gap}} \approx 2n\pi \frac{\hbar^2 |r|}{ma^2}
\]",\boxed{E_{\text{gap}} \approx 2n\pi \frac{\hbar^2 |r|}{ma^2}},EX,,False,EN,Math Derivation
4118,Modern Physics,Solid-State Physics,Transport Properties of Electrons and Holes in Solids,"The electronic molar heat capacities of silver and cesium, measured from low-temperature specific heat experiments, are known to be \(C_{e}^{\text{Ag}}=0.65 T(\text{mJ} /\text{mol} \cdot \text{K})\) and \(C_{e}^{\text{Cs}}=2.38 T(\text{mJ} /\text{mol} \cdot \text{K})\), respectively. Find the contact potential difference between them at room temperature.","The contact potential difference between silver and cesium at room temperature is

\[
V_{\text{Cs-Ag}}=\frac{1}{e}\left(W^{\text{Ag}}-W^{\text{Cs}}\right)=\frac{1}{e}(4.8-1.8)=3 \, \text{V}
\]

Cesium metal acts as the positive electrode, and silver metal as the negative.",\boxed{3},NV,V,False,EN,Knowledge Recall
4119,Modern Physics,Solid-State Physics,Binding in Solids,"The interatomic interaction potential in inert gas molecular crystals is typically described by the Lennard-Jones potential, expressed as follows:

\[
u(r)=4 \varepsilon\left[\left(\frac{\sigma}{r}\right)^{12}-\left(\frac{\sigma}{r}\right)^{6}\right]
\]

Here, \(\varepsilon\) and \(\sigma\) are called the Lennard-Jones parameters. If the molecular crystal has a face-centered cubic (FCC) structure and considers only the interactions with the third nearest neighbors, derive the expression for the total interaction potential of the inert gas molecular crystal at thermal equilibrium.","Assume the crystal is composed of \(N\) atoms, and their total interaction potential energy is

\[
U(r)=\frac{1}{2} \sum_{i} \sum_{j}^{\prime} u\left(r_{ij}\right)=\frac{N}{2} \sum_{j}^{\prime} u\left(r_{ij}\right)
\]

The above expression neglects the difference in the contribution of potential energy from surface atoms and the bulk atoms, based on the consideration that the number of surface layer atoms is far less than that of atoms inside the crystal.

Let the shortest distance between two atoms be \(r\), then

\[
r_{ij}=\alpha_{j} r
\]

Therefore,

\[
U(r)=2 N \varepsilon\left[A_{12}\left(\frac{\sigma}{r}\right)^{12}-A_{6}\left(\frac{\sigma}{r}\right)^{6}\right]
\]

where

\[
A_{12} \equiv \sum_{j}^{\prime} \frac{1}{\alpha_{j}^{12}}, \quad A_{6} \equiv \sum_{j}^{\prime} \frac{1}{\alpha_{j}^{6}}
\]

Clearly, \(A_{12}\) and \(A_{6}\) are constants only related to the geometric structure of the crystal.

From the condition of thermal equilibrium

\[
\left.\frac{\partial u}{\partial r}\right|_{r_{0}}=0
\]

we can find the equilibrium interatomic distance in the crystal, \(r_{0}\),

\[
\left.\frac{\mathrm{d} U}{\mathrm{~d} r}\right|_{r_{0}}=\left.\frac{N \varepsilon}{2}\left(-A_{12} \frac{12 \sigma^{12}}{r^{13}}+A_{6} \frac{6 \sigma^{6}}{r^{7}}\right)\right|_{r_{0}}=0
\]

which gives

\[
r_{0}=\left(\frac{2 A_{12}}{A_{6}}\right)^{\frac{1}{6}} \sigma
\]

Substituting \(r_{0}\) into the expression for the total interaction potential energy, we obtain the total interaction potential energy at thermal equilibrium:

\[
U_{0}=2 N \varepsilon\left[A_{12}\left(\frac{2 A_{12}}{A_{6}}\right)^{-2}-A_{6}\left(\frac{2 A_{12}}{A_{6}}\right)^{-1}\right]=-N \frac{\varepsilon A_{6}^{2}}{2 A_{12}}
\]

In the table (\autoref{fig:cell}), a unit cell of the face-centered cubic lattice is shown with reference at point \(O\), where the atom labeled 1 is its nearest neighbor at a distance of \(r_{0}\). On one coordinate plane, there are 4 nearest neighbors to the atom labeled \(O\), hence any atom in a face-centered cubic lattice has 12 nearest neighbor atoms. The atom labeled 2 is the second nearest neighbor of the \(O\) atom, with 6 in total situated in both up and down, left and right, front and back, at a distance of \(\sqrt{2} r_{0}\). The atom labeled 3 is the third nearest neighbor of atom \(O\), situated at distance \(\sqrt{3} r_{0}\), and in the corner surrounding atom \(O\), there are a total of 8 such unit cells. A unit cell has 3 atoms as the third nearest neighbors to atom \(O\), thus any atom in the FCC Bravais lattice has 24 third nearest neighbors. Therefore,

\[
\begin{aligned}
A_{6}(3) & =12 \times\left(\frac{r_{0}}{r_{0}}\right)^{6}+6 \times\left(\frac{r_{0}}{\sqrt{2} r_{0}}\right)^{6}+24 \times\left(\frac{r_{0}}{\sqrt{3} r_{0}}\right)^{6} \\
& =12+0.750+0.8898=13.639 \\
A_{12}(3) & =12+0.094+0.033=12.127
\end{aligned}
\]

Substituting \(A_{6}(3)=13.639\), \(A_{12}=12.127\) into the relevant formulas, the results are

\[
\begin{gathered}
r_{0}=\left(\frac{2 A_{12}}{A_{6}}\right)^{\frac{1}{6}} \sigma=\left(\frac{2 \times 12.127}{13.639}\right)^{\frac{1}{6}} \sigma=(1.77828)^{\frac{1}{6}} \sigma=1.10 \sigma \\
U_{0}=-\frac{13.639^{2}}{2 \times 12.127} N \varepsilon=-7.67 N \varepsilon
\end{gathered}
\]","\boxed{1.10, -7.67}","NV, NV",,True,EN,Math Derivation
4120,Modern Physics,Solid-State Physics,Energy Bands in Solids,"Consider a one-dimensional solid consisting of \(N\) diatomic molecules with a length of \(L = N a\). The atomic spacing within a molecule is \(b\) \((b < \frac{a}{2})\), and the centers of adjacent molecules are spaced at \(a\). Express the potential energy as a Fourier series:

\[
V(x) = \sum_{q} V_{q} \mathrm{e}^{\mathrm{i} q x}
\]

Find the expression for \(q\) and the coefficients \(V_{q}\).","According to a mathematical theorem, when the period of \(V(x)\) is \(a\), \(V(x)\) can be expressed as:

\[
V(x) = \sum_{q} V_{q} \mathrm{e}^{\mathrm{i} q x}
\]

where \(q = n \frac{2 \pi}{a}, n = 0, \pm 1, \pm 2, \cdots\)

\[
V_{q} = \frac{1}{a} \int_{0}^{a} V(x) \mathrm{e}^{-i q x} \mathrm{~d} x
\]

Thus, \(V_{0} = -\frac{2 A}{a}\); \(V_{n} = -\frac{2 A}{a} \cos \left(n \frac{\pi b}{a}\right), n \neq 0\).","\[
\boxed{q = n \frac{2 \pi}{a}, V_{0} = -\frac{2 A}{a}, V_{n} = -\frac{2 A}{a} \cos \left(n \frac{\pi b}{a}\right)}
\]","EQ, EX, EX",,False,EN,Math Derivation
4121,Modern Physics,Solid-State Physics,Motion of Electrons in Electromagnetic Fields,"Consider a two-dimensional rectangular crystal, where the lattice constant in the \(x\)-direction is \(a\) and in the \(y\)-direction is \(b (a \neq b)\). Determine the bandwidth of the \(s\)-state electron of the crystal.","\(E_{\min} = E_{0} - 4J, \quad k_{x} = 0, \quad k_{y} = 0\)

\[
E_{\max} = E_{0} + 4J, \quad k_{x} = \frac{\pi}{a}, \quad k_{y} = \frac{\pi}{b}
\]

The top of the band is located at \(k_{x} = \frac{\pi}{a}, k_{y} = \frac{\pi}{b}\), and the bottom of the band is located at \(k = 0\). Therefore, the bandwidth \(= E_{\max} - E_{\min} = 8J\).",\boxed{8},NV,J,False,EN,Knowledge Recall
4122,Modern Physics,Solid-State Physics,Crystal Structure,"A monochromatic X-ray with wavelength \(\lambda\) is incident perpendicularly on a one-dimensional crystal lattice. The electron density distribution within the lattice is given by:

\[
\rho(x)=\rho_{1} \cos \frac{2 \pi x}{a}+\rho_{2} \cos \frac{4 \pi x}{a}
\]

where \(a\) is the lattice constant, and \(\rho_{1}\) and \(\rho_{2}\) are constants.

(2) What is the observable diffraction angle \(\theta_{\mathrm{n}}\) = ?","The scattering of X-rays by atoms is essentially the scattering by the electron cloud within each atom. The given electron density distribution in the one-dimensional crystal lattice is:

\[
\rho(x) = \rho_{1} \cos \frac{2 \pi x}{a} + \rho_{2} \cos \frac{4 \pi x}{a}
\]

This is a periodic function with the lattice constant \(a\), representing the distribution of electrons within each atom. Therefore, the atomic scattering factor is:

\[
f(G)=\int \rho(x) \mathrm{e}^{-\mathrm{i} G_{n} x} \mathrm{~d} x
\]

\(G_{\mathrm{n}}\) is the reciprocal lattice vector of the one-dimensional lattice,

\[
G_{\mathrm{n}}=n \cdot \frac{2 \pi}{a}
\]

Thus,

\[
f(G)= a \cdot \frac{1}{a} \int_{0}^{a} \rho(x) \mathrm{e}^{-\mathrm{i} n \frac{2\pi}{a} x} \mathrm{~d} x = a \rho_{\mathrm{n}}
\]

where \(\rho_{\mathrm{n}}\) are the Fourier series coefficients of the periodic function \(\rho(x)\). Rewriting the distribution of electrons in the crystal as follows:

\[
\begin{aligned}
\rho(x) &= \rho_{1} \cos \frac{2 \pi x}{a}+\rho_{2} \cos \frac{4 \pi x}{a} \\
&= \frac{\rho_{1}}{2}\left(\mathrm{e}^{\mathrm{i} \frac{2 \pi x}{a}}+\mathrm{e}^{-\mathrm{i} \frac{2 \pi x}{a}}\right) + \frac{\rho_{2}}{2}\left(\mathrm{e}^{\mathrm{i} \frac{4 \pi x}{a}}+\mathrm{e}^{-\mathrm{i} \frac{4 \pi x}{a}}\right) \\
&= \sum_{n=-2}^{2} \rho_{\mathrm{n}} \mathrm{e}^{\mathrm{i} \frac{2\pi n x}{a}}
\end{aligned}
\]

The Fourier coefficients are

\[
\rho_{ \pm 1}=\frac{\rho_{1}}{2}, \quad \rho_{ \pm 2}=\frac{\rho_{2}}{2}
\]

all others are zero. By the condition for enhanced diffraction \(a \cos \theta_{n}=n \lambda\), the observable diffraction angles are:

\[
\begin{aligned}
& n=+1, \quad a \cos \theta_{+1}=\lambda, \quad \theta_{+1}=\arccos \frac{\lambda}{a} \\
& n=-1, \quad a \cos \theta_{-1}=-\lambda, \quad \theta_{-1}=\arccos\left(-\frac{\lambda}{a}\right)=2 \pi-\theta_{+1} \\
& n=+2, \quad a \cos \theta_{+2}=2 \lambda, \quad \theta_{+2}=\arccos \frac{2 \lambda}{a} \\
& n=-2, \quad a \cos \theta_{-2}=-2 \lambda, \quad \theta_{-2}=\arccos\left(\frac{-2 \lambda}{a}\right)=2 \pi-\theta_{+2}
\end{aligned}
\]","\boxed{\theta_{+1} = \arccos \frac{\lambda}{a}, \theta_{-1} = 2 \pi - \theta_{+1}, \theta_{+2} = \arccos \frac{2 \lambda}{a}, \theta_{-2} = 2 \pi - \theta_{+2}}",EQ,,True,EN,Math Derivation
4123,Modern Physics,Solid-State Physics,Transport Properties of Electrons and Holes in Solids,"The electronic molar heat capacities of silver and cesium, as measured in low-temperature heat capacity experiments, are known to be \(C_{e}^{\text{Ag}}=0.65 T(\text{mJ} /\text{mol} \cdot \text{K})\) and \(C_{e}^{\text{Cs}}=2.38 T(\text{mJ} /\text{mol} \cdot \text{K})\). If a thermocouple is made of silver and cesium, determine the thermal electromotive force at \(1000^{\circ} \text{C}\).","For a thermocouple made of silver and cesium, the cold junction is embedded in ice at \(0^{\circ} \text{C}\) (273 K), while the hot junction is placed in the hot end of the diffusion sample chamber at a temperature of \(1000^{\circ} \text{C} (1273 \, \text{K})\). The contact potential difference at the cold junction is given by

\[
V_{\text{Cs-Ag}}(T=273 \, \text{K})=V_{\text{Cs-Ag}}^{0}+\frac{\pi^{2}}{12 e} \frac{\left(k_{\mathrm{B}} \times 273\right)^{2}}{\left(E_{\mathrm{F}}^{0}\right)_{\text{Ag}}\left(E_{\mathrm{F}}^{0}\right)_{\text{Cs}}}\left[\left(E_{\mathrm{F}}^{0}\right)_{\text{Cs}}-\left(E_{\mathrm{F}}^{0}\right)_{\text{Ag}}\right]
\]

The contact potential difference at the hot junction is

\[
V_{\text{Cs-Ag}}(T=1273 \, \text{K})=V_{\text{Cs-Ag}}^{0}+\frac{\pi^{2}}{12 e} \frac{\left(k_{\mathrm{B}} \times 1273\right)^{2}}{\left(E_{\mathrm{F}}^{0}\right)_{\text{Ag}}\left(E_{\mathrm{F}}^{0}\right)_{\text{Cs}}}\left[\left(E_{\mathrm{F}}^{0}\right)_{\text{Cs}}-\left(E_{\mathrm{F}}^{0}\right)_{\text{Ag}}\right]
\]

Thus, the thermal electromotive force of the silver-cesium thermocouple is

\[
\begin{aligned}
\varepsilon & =e\left[V_{\text{Cs-Ag}}(T=1273 \, \text{K})-V_{\text{Cs-Ag}}(T=273 \, \text{K})\right] \\
& =\frac{\pi^{2}}{12 e} \frac{k_{\mathrm{B}}^{2}}{\left(E_{\mathrm{F}}^{0}\right)_{\text{Ag}} \cdot\left(E_{\mathrm{F}}^{0}\right)_{\text{Cs}}} \cdot\left(1273^{2}-273^{2}\right)\left[\left(E_{\mathrm{F}}^{0}\right)_{\text{Cs}}-\left(E_{\mathrm{F}}^{0}\right)_{\text{Ag}}\right] \\
& =\frac{(3.14)^{2}(1.48-5.4) \cdot\left(8.615 \times 10^{-5}\right)^{2}}{12 \cdot 5.4 \cdot 1.48} \cdot\left(1273^{2}-273^{2}\right) \\
& =-4.63 \times 10^{-3} \, \text{V}
\end{aligned}
\]",\boxed{-4.63 \times 10^{-3}},NV,,False,EN,Practical Application
4126,Modern Physics,Solid-State Physics,Lattice Vibrations and Mechanical Properties of Solids,"Calculate the total heat capacity of a one-dimensional diatomic lattice composed of two different types of atoms (with masses \(M\) and \(m\)) in the low-temperature limit. The distance between adjacent atoms of the same type is \(2a\), and the force constant of the interaction is \(\beta\).","4) In the low-temperature limit:

\[
c_{V}^{+} = N k_{B}\left(\frac{\Theta_{E}}{T}\right)^2 \frac{e^{-\frac{\Theta_{E}}{T}}}{(e^{-\frac{\Theta_{E}}{T}}(1-e^{-T/\Theta_{E}}))^2} = N k_{B} e^{-\frac{\Theta_{E}}{T}}
\]

And:

\[
\begin{aligned}
& c_{V} = \frac{2Nk_{B}}{\pi \omega_{0}^{\prime}} \int_{0}^{\omega_{0}^{\prime}} \left(\frac{\hbar \omega}{k_{B} T}\right)^2 e^{-y} \frac{k_{B} T}{\hbar} \mathrm{~d} y = N k_{B} \frac{4}{\pi} \frac{k_{B} T}{\hbar \omega_{0}^{\prime}}
\end{aligned}
\]

In the derivation, \( \int_{0}^{\infty} y^2 e^{-y} \mathrm{~d} y = 2\). Therefore, in the low-temperature limit, the heat capacity of the one-dimensional diatomic lattice is:

\[
c_{V} = c_{V}^{+} + c_{V} = N k_{B} e^{-\frac{\Theta_{E}}{T}} + N k_{B} \frac{4}{\pi} \frac{k_{B} T}{\hbar \omega_{0}^{\prime}} = N k_{B}\left(e^{-\frac{\Theta_{E}}{T}} + \frac{4}{\pi} \frac{k_{B} T}{\hbar \omega_{0}^{\prime}}\right)
\]",\(\boxed{N k_{B}\left(e^{-\frac{\Theta_{E}}{T}} + \frac{4}{\pi} \frac{k_{B} T}{\hbar \omega_{0}^{\prime}}\right)}\),EX,,False,EN,Math Derivation
4129,Modern Physics,Solid-State Physics,Lattice Vibrations and Mechanical Properties of Solids,"An ideal two-dimensional crystal is composed of identical atoms with mass \(m\), with atoms at equilibrium positions in the lattice given by \(\boldsymbol{R}=(r a, s a)\), where \(r, s = 1, 2, 3, \cdots, N\). The displacement of the atoms from their equilibrium positions is represented by \((x_{rs}, y_{rs})\).

In the harmonic approximation, the potential energy is expressed as

\[
V = \sum_{rs} \left\{ k_1 \left[ (x_{(r+1)s} - x_{rs})^2 + (y_{r(s+1)} - y_{rs})^2 \right] + k_2 \left[ (x_{r(s+1)} - x_{rs})^2 + (y_{(r+1)s} - y_{rs})^2 \right] \right\}
\]

Under the condition \(k_{2} = 0.1 k_{1}\), for \(q = (\xi, 0), 0 \leq \xi \leq \pi/a\), plot \(\omega_{q \lambda}\) as a function of \(q\).","According to the problem, \(q_x = \xi, q_y = 0\), then

\[
\begin{aligned}
& \omega_{q_1} = \omega_0 \left| \sin\left( \frac{\xi a}{2} \right) \right| \\
& \omega_{q_2} = \omega_0 \sqrt{0.1} \left| \sin\left( \frac{\xi a}{2} \right) \right| = 0.32 \omega_0 \left| \sin\left( \frac{\xi a}{2} \right) \right|
\end{aligned}
\]

With \(\xi\) ranging from 0 to \(\frac{\pi}{a}\), the plot of the function \(\omega_{q \lambda} - \xi\) is shown in Figure 1.1.31.

$$
<image 1>
$$

Figure 1.1.31","\boxed{\left| \sin\left( \frac{\xi a}{2} \right) \right|, 0.32 \left| \sin\left( \frac{\xi a}{2} \right) \right|}","EX, EX",,True,EN,Laws Application
4131,Modern Physics,Solid-State Physics,Lattice Vibrations and Mechanical Properties of Solids,"Consider a two-dimensional square arrangement of atoms with lattice constant \(a\). There is an interaction between atoms such that when an atom at \(\left(x_{0}, y_{0}\right)\) moves to \(\left(x_{0}+\Delta x, y_{0}\right)\), it experiences a restoring force \(-c_{1} \Delta x\) from two neighboring atoms located at \(\left(x_{0} \pm a, y_{0}\right)\), and a restoring force \(-c_{2} \Delta x\) from two neighboring atoms located at \(\left(x_{0}, y_{0} \pm a\right)\), with the assumption that \(c_{2}<c_{1}\). What is the speed of sound in this two-dimensional crystal?","The speed of sound in the crystal is given by

\[
v_{g}=\nabla_{q} \omega=\frac{\partial \omega}{\partial q_{1}} \boldsymbol{i}+\frac{\partial \omega}{\partial q_{2}} \boldsymbol{j}
\]

where \(\boldsymbol{i}\) and \(\boldsymbol{j}\) are unit vectors in the \(x\) and \(y\) directions, respectively. Substituting into the dispersion relation, we obtain

\[
\boldsymbol{v}_{g}=\frac{2}{a} \frac{c_{1} \sin \left(q_{1} a\right) \boldsymbol{i}+c_{2} \sin \left(q_{2} a\right) \boldsymbol{j}}{\sqrt{m c_{1}\left[1-\cos \left(q_{1} a\right)\right]+m c_{2}\left[1-\cos \left(q_{2} a\right)\right]}}
\]

Thus,

\[
\begin{aligned}
v_{s}=\left|v_{g}\right| & =\frac{a}{2} \sqrt{\frac{c_{1}^{2} \sin ^{2}\left(q_{1} a\right)+c_{2}^{2} \sin ^{2}\left(q_{2} a\right)}{m c_{1}\left[1-\cos \left(q_{1} a\right)\right]+m c_{2}\left[1-\cos \left(q_{2} a\right)\right]}} \\
& =\frac{a}{m \omega} \sqrt{c_{1}^{2} \sin ^{2}\left(q_{1} a\right)+c_{2}^{2} \sin ^{2}\left(q_{2} a\right)}
\end{aligned}
\]

Derivation uses \(m \omega^{2}=2 c_{1}\left[1-\cos \left(q_{1} a\right)\right]+2 c_{2}\left[1-\cos \left(q_{2} a\right)\right]\).",\boxed{v_{s} = \frac{a}{2} \sqrt{\frac{c_{1}^{2} \sin^{2}(q_{1} a) + c_{2}^{2} \sin^{2}(q_{2} a)}{m c_{1} [1-\cos (q_{1} a)] + m c_{2} [1-\cos (q_{2} a)]}}},EQ,\text{m/s},False,EN,Math Derivation
4132,Modern Physics,Solid-State Physics,Lattice Vibrations and Mechanical Properties of Solids,"In a two-dimensional square lattice composed of atoms with mass \(m\), assume that the force constant between nearest neighbor atoms is \(\beta\). In the high-temperature limit \((k_{\mathrm{B}} T \gg \hbar \omega)\), find the mean square displacement of an atom from its equilibrium position.","Let the mean square displacement of an atom from its equilibrium position in the two-dimensional lattice be \(\overline{r^2}\), then its average potential energy is \(\frac{1}{2} \beta \overline{r^2}\). If the number of atoms is \(N\), then the total average potential energy is

\[
\bar{U} = N \cdot \frac{1}{2} \beta \overline{r^2}
\]

This should equal half of the total energy of the lattice. In the high-temperature limit, \(k_{\mathrm{B}} T \gg \hbar \omega\), the total energy of the two-dimensional atomic crystal is given by

\[
\bar{E} = \int_{0}^{\omega_{\mathrm{D}}} \hbar \omega \bar{n}(\omega) D(\omega) \mathrm{d} \omega
\]

Substituting \(D(\omega) = \frac{S m \omega}{2 \pi a^2 \beta}\) and the average number of phonons at angular frequency \(\omega\),

\[
\bar{n}(\omega) = \frac{1}{e^{\frac{\hbar \omega}{k_{\mathrm{B}} T}} - 1}
\]

we have

\[
\begin{aligned}
\bar{E} &= \int_{0}^{\omega_{\mathrm{D}}} \hbar \omega \frac{1}{e^{\frac{\hbar \omega}{k_{\mathrm{B}} T}} - 1} \frac{S m \omega}{2 \pi a^2 \beta} \mathrm{d} \omega \\
&= \frac{S m k_{\mathrm{B}} T}{2 \pi a^2 \beta} \int_{0}^{\omega_{\mathrm{D}}} \omega \mathrm{~d} \omega = \frac{S m k_{\mathrm{B}} T \omega_{\mathrm{D}}^2}{4 \pi a^2 \beta}
\end{aligned}
\]

The Debye frequency can be determined by

\[
\int_{0}^{\omega_{\mathrm{D}}} D(\omega) \mathrm{d} \omega = 2 N
\]

Substituting the expression for \(D(\omega)\),

\[
\int_{0}^{\omega_{\mathrm{D}}} \frac{S m \omega}{2 \pi a^2 \beta} \mathrm{~d} \omega = 2 N
\]

Calculating the integral on the left side,

\[
\int_{0}^{\omega_{\mathrm{D}}} \frac{S m \omega}{2 \pi a^2 \beta} \mathrm{~d} \omega = \frac{S m}{2 \pi a^2 \beta} \int_{0}^{\omega_{\mathrm{D}}} \omega \mathrm{~d} \omega = \frac{S m \omega_{\mathrm{D}}^2}{4 \pi a^2 \beta}
\]

Thus, we have

\[
\frac{S m \omega_{\mathrm{D}}^2}{4 \pi a^2 \beta} = 2 N
\]

which implies \(\omega_{\mathrm{D}}^2 = \frac{8 \pi a^2 \beta N}{S m}\). Substituting \(\omega_{\mathrm{D}}^2\) back into the earlier expression,

\[
\bar{E} = \frac{S m k_{\mathrm{B}} T}{4 \pi a^2 \beta} \cdot \frac{8 \pi a^2 \beta N}{S m} = 2 N k_{\mathrm{B}} T
\]

Given \(\bar{U} = \frac{1}{2} \bar{E}\), we have

\[
N \cdot \frac{1}{2} \beta \overline{r^2} = N k_{\mathrm{B}} T
\]

Thus, the mean square displacement of an atom in the two-dimensional lattice is

\[
\overline{r^2} = \frac{2 k_{\mathrm{B}} T}{\beta}
\]",\boxed{\frac{2 k_{\mathrm{B}} T}{\beta}},EX,,False,EN,Math Derivation
4133,Modern Physics,Solid-State Physics,Lattice Vibrations and Mechanical Properties of Solids,"Consider a one-dimensional diatomic lattice composed of two different types of atoms with masses \(M\) and \(m\), respectively. The distance between adjacent like atoms is \(2a\), and the restoring force constant is \(\beta\). Assume \(M \gg m\). Determine the dispersion relation and the lattice heat capacity of the optical branch.","The one-dimensional diatomic lattice is shown in Figure 1.1.35.

$$
<image 1>
$$

The equations of motion for the atoms are:

\[
\left\{\begin{array}{l}
m \frac{\mathrm{d}^{2} x_{2n+1}}{\mathrm{d} t^{2}} = \beta\left(x_{2n+2} + x_{2n} - 2x_{2n+1}\right) \\
M \frac{\mathrm{d}^{2} x_{2n+2}}{\mathrm{d} t^{2}} = \beta\left(x_{2n+3} + x_{2n+1} - 2x_{2n+2}\right)
\end{array}\right.
\]

Trial solutions are:

\[
\begin{aligned}
& x_{2n+1} = A e^{\mathrm{i} (q(2n+1) a - \omega t)} \\
& x_{2n+2} = B e^{\mathrm{i} (q(2n+2) a - \omega t)}
\end{aligned}
\]

By substituting the trial solutions into the equations of motion, we obtain:

\[
-m \omega^2 A = \beta (e^{\mathrm{i} qa} + e^{-\mathrm{i} qa}) B - 2 \beta A
\]

\[
-M \omega^2 B = \beta (e^{\mathrm{i} qa} + e^{-\mathrm{i} qa}) A - 2 \beta B
\]

Thus:

\[
\begin{gathered}
\left(2 \beta - m \omega^2\right) A - (2 \beta \cos qa) B = 0 \\
-(2 \beta \cos qa) A + \left(2 \beta - M \omega^2\right) B = 0
\end{gathered}
\]

For \(A\) and \(B\) to have non-zero solutions, the determinant of the coefficients must be zero, i.e.,

\[
\left|\begin{array}{cc}
2 \beta - m \omega^2 & -2 \beta \cos qa \\
-2 \beta \cos qa & 2 \beta - M \omega^2
\end{array}\right| = 0
\]

Solving this gives:

\[
\omega^2 = \frac{\beta}{mM}\left\{(m+M) \pm \left[m^2 + M^2 + 2mM \cos(2qa)\right]^{\frac{1}{2}}\right\}
\]

Thus:

\[
\begin{aligned}
\omega_{+}^2 & = \frac{\beta}{mM}\left\{(m+M) + \left[m^2 + M^2 + 2mM\left(1 - 2\sin^2 qa\right)\right]^{\frac{1}{2}}\right\} \\
& = \frac{\beta}{mM}\left\{(m+M) + (m+M)\left[1 - \frac{4mM}{(m+M)^2} \sin^2 qa\right]^{\frac{1}{2}}\right\}
\end{aligned}
\]

Given \(M \gg m\), then:

\[
\begin{aligned}
\omega_{+}^2 & = \frac{\beta}{mM}(m+M)\left\{1 + \left[1 - \frac{4mM}{(m+M)^2} \sin^2 qa\right]^{\frac{1}{2}}\right\} \\
& = \frac{\beta}{mM}(m+M)\left[1+1-\frac{1}{2} \frac{4mM}{(m+M)^2} \sin^2 qa\right] \\
& = \frac{2\beta}{mM}(m+M)\left[1 - \frac{mM}{(m+M)^2} \sin^2 qa\right] \\
& = \frac{2\beta}{mM}M\left(1 - \frac{m}{M} \sin^2 qa\right) \\
& = \frac{2\beta}{m}
\end{aligned}
\]

1) Dispersion relation of the \(\omega_{+}\) optical branch:

\[
\omega_{+}^2 = \frac{2\beta}{m}
\]

This indicates that the vibration frequency of the entire optical branch is:

\[
\omega_{0} = \sqrt{\frac{2\beta}{m}}
\]

According to the Einstein hypothesis, the contribution of the optical branch to the lattice heat capacity can be computed using the Einstein model. The number of phonons with frequency \(\omega\) is given by:

\[
\frac{1}{e^{\frac{\hbar \omega_{0}}{k_{B} T}}-1}
\]

Let the number of unit cells in the one-dimensional diatomic lattice be \(N\), thus the optical branch corresponds to \(N\) phonons with frequency \(\omega_{0}\). The total vibrational energy of the one-dimensional lattice is then:

\[
E = \frac{N \hbar \omega_{0}}{e^{\frac{\hbar \omega_{0}}{k_{B} T}}-1}
\]

Therefore, the heat capacity is:

\[
c_{V}^{+} = N \hbar \omega_{0} \frac{\frac{\hbar \omega_{0}}{k_{B} T^2} e^{\frac{\hbar \omega_{0}}{k_{B} T}}}{\left(e^{\frac{\hbar \omega_{0}}{k_{B} T}}-1\right)^2} = N k_{B}\left(\frac{\hbar \omega_{0}}{k_{B} T}\right)^2 \frac{e^{\frac{\hbar \omega_{0}}{k_{B} T}}}{\left(e^{\frac{\hbar \omega_{0}}{k_{B} T}}-1\right)^2}
\]

Let \(\hbar \omega_{0}=k_{B} \Theta_{E}\), then:

\[
c_{V}^{+} = N k_{B}\left(\frac{\Theta_{E}}{T}\right)^2 \frac{e^{\frac{\Theta_{E}}{T}}}{\left(e^{\frac{\Theta_{E}}{T}}-1\right)^2}
\]","\boxed{\omega_{0} = \sqrt{\frac{2\beta}{m}}, c_{V}^{+} = N k_{B}\left(\frac{\Theta_{E}}{T}\right)^2 \frac{e^{\frac{\Theta_{E}}{T}}}{\left(e^{\frac{\Theta_{E}}{T}}-1\right)^2}}",EX,"\text{s}^{-1}, \text{J K}^{-1}",True,EN,Math Derivation
4134,Modern Physics,Solid-State Physics,Crystal Defects and Motion,"A binary alloy consists of \(N_{A}\) metal atoms of type \(A\) and \(N_{B}\) metal atoms of type \(B\), forming a simple cubic lattice where each atom interacts only with its six nearest neighbors. These interactions can be of type \(A-A\), \(B-B\), or \(A-B\), with interaction energies of \(-J (J>0)\) and \(J\), respectively. Calculate the configurational entropy of the alloy, assuming \(N = N_{A} + N_{B} \gg 1\).","(1) According to the problem statement, let a small quantity \(x\) represent the deviation of the numbers of metal atoms \(A\) and \(B\) in the \(AB\) binary alloy from equal amounts. That is, when \(x=0, N_{A} = N_{B} = \frac{N}{2}\), therefore, 
\[
N_{A} = \frac{N}{2}(1+x), \quad N_{B} = \frac{N}{2}(1-x)
\]
We have 
\[
\begin{gathered}
N_{A} + N_{B} = \frac{N}{2}(1+x) + \frac{N}{2}(1-x) = N \\
\frac{N_{A}}{N_{B}} = \frac{1+x}{1-x}
\end{gathered}
\]
The configurational entropy of the binary alloy is given by
\[
S = k_{\mathrm{B}} \ln W
\]
where
\[
W = \frac{N!}{N_{A}!N_{B}!}
\]
Using Stirling’s approximation (for large \(M\)),
\[
\ln M! \approx M \ln M
\]
we obtain
\[
\ln W = N_{A} \ln \left(1+\frac{N_{B}}{N_{A}}\right) + N_{B} \ln \left(1+\frac{N_{A}}{N_{B}}\right)
\]
Substituting the expressions for \(N_{A}\) and \(N_{B}\), the configurational entropy of the system becomes
\[
\begin{aligned}
S & = N k_{\mathrm{B}} \ln 2 - \frac{N}{2} k_{\mathrm{B}}[(1+x) \ln (1+x) + (1-x) \ln (1-x)] \\
& = N k_{\mathrm{B}} \ln 2 - \frac{N}{2} k_{\mathrm{B}}\left[\ln \left(1-x^{2}\right) + x \ln \frac{1+x}{1-x}\right]
\end{aligned}
\]","\[
\boxed{N k_{\mathrm{B}} \ln 2 - \frac{N}{2} k_{\mathrm{B}}\left[\ln \left(1-x^{2}\right) + x \ln \frac{1+x}{1-x}\right]}
\]",EX,,False,EN,Math Derivation
4135,Modern Physics,Solid-State Physics,Lattice Vibrations and Mechanical Properties of Solids,"An ideal two-dimensional crystal is composed of identical atoms, each with a mass of \(m\). The equilibrium positions of these atoms in the lattice are given by \(\boldsymbol{R}=(ra, sa)\), where \(r, s = 1, 2, 3, \ldots, N\). The displacement of the atoms from their equilibrium positions is represented by \((x_{rs}, y_{rs})\). 

In the harmonic approximation, the potential energy is expressed as:

\[
V = \sum_{rs} \left\{ k_1 \left[ (x_{(r+1)s} - x_{rs})^2 + (y_{r(s+1)} - y_{rs})^2 \right] + k_2 \left[ (x_{r(s+1)} - x_{rs})^2 + (y_{(r+1)s} - y_{rs})^2 \right] \right\}
\]

For the case where \(k_{2} = 0.1 k_{1}\), find the phonon dispersion relations \(\omega_{q \lambda}\) across the entire Brillouin zone.","According to Newton's law, the equation of motion for the atom at the lattice point \(\boldsymbol{R}_{rs} = (ra, sa)\) is

\[
m \ddot{\boldsymbol{R}}_{rs} = -\nabla_{rs} V
\]

where

\[
\nabla_{rs} \equiv \hat{i} \frac{\partial}{\partial x_{rs}} + \hat{j} \frac{\partial}{\partial y_{rs}}
\]

Assume a plane wave solution

\[
\boldsymbol{R}_{rs} = A e^{i(\boldsymbol{q} \cdot \boldsymbol{R} - \omega t)}
\]

where \(\boldsymbol{A}\) is the amplitude, leading to

\[
\ddot{\boldsymbol{R}}_{rs} = -\omega^2 \boldsymbol{R}_{rs}
\]

Considering only the \(x_{rs}\) terms in the potential energy, we have

\[
\begin{array}{l}
k_1 \left[ (x_{(r+1)s} - x_{rs})^2 + (x_{rs} - x_{(r-1)s})^2 \right] \\
k_2 \left[ (x_{r(s+1)} - x_{rs})^2 + (x_{rs} - x_{r(s-1)})^2 \right]
\end{array}
\]

Substituting these into the vibration equation gives

\[
-m \omega^2 x_{rs} = 2k_1 (x_{(r+1)s} + x_{(r-1)s} - 2x_{rs}) + 2k_2 (x_{r(s+1)} + x_{r(s-1)} - 2x_{rs})
\]

Similarly,

\[
-m \omega^2 y_{rs} = 2k_1 (y_{(r+1)s} + y_{(r-1)s} - 2y_{rs}) + 2k_2 (y_{r(s+1)} + y_{r(s-1)} - 2y_{rs})
\]

Let \(q = (q_x, q_y)\), \(A = (A_x, A_y)\), and assume solutions of the form

\[
\left\{\begin{array}{l}
x_{rs} = A_x e^{i(q_x r + q_y s)a - \omega t} \\
y_{rs} = A_y e^{i(q_x r + q_y s)a - \omega t}
\end{array}\right.
\]

Substituting these into the equations (5) and (6), we obtain

\[
-m \omega^2 x_{rs} = 2k_1 (e^{i q_x a} + e^{-i q_x a} - 2) x_{rs} + 2k_2 (e^{i q_y a} + e^{-i q_y a} - 2) x_{rs}
\]

Therefore,

\[
\omega^2 = \frac{4k_1}{m} \left[ 1 - \cos(q_x a) \right] + \frac{4k_2}{m} \left[ 1 - \cos(q_y a) \right]
\]

\[
= \omega_0^2 \left[ \sin^2\left(\frac{q_x a}{2}\right) + \frac{k_2}{k_1} \sin^2\left(\frac{q_y a}{2}\right) \right]
\]

where \(\omega_0 = \sqrt{\frac{8k_1}{m}}\). In fact, due to symmetry in the solutions for \(x_{rs}\) and \(y_{rs}\), \(q_x\) and \(q_y\) are interchangeable. Therefore, for \(k_2 = 0.1 k_1\), we obtain two phonon dispersion relations:

\[
\begin{aligned}
& \omega_{q_1} = \omega_0 \left[ \sin^2\left( \frac{q_x a}{2} \right) + 0.1 \sin^2\left( \frac{q_x a}{2} \right) \right]^{1/2} \\
& \omega_{q_2} = \omega_0 \left[ \sin^2\left( \frac{q_y a}{2} \right) + 0.1 \sin^2\left( \frac{q_x a}{2} \right) \right]^{1/2}
\end{aligned}
\]","\[
\boxed{\omega_{q_1} = \omega_0 \left[ \sin^2\left( \frac{q_x a}{2} \right) + 0.1 \sin^2\left( \frac{q_x a}{2} \right) \right]^{1/2}, \omega_{q_2} = \omega_0 \left[ \sin^2\left( \frac{q_y a}{2} \right) + 0.1 \sin^2\left( \frac{q_x a}{2} \right) \right]^{1/2}}
\]","EX, EX",,False,EN,
4137,Modern Physics,Solid-State Physics,Energy Bands in Solids,"A one-dimensional atomic chain composed of identical atoms, with two atoms in each unit cell, has a unit cell length of \(a\) and a relative distance \(b\) between the two atoms in the unit cell.  
Find the corresponding energy band \(E(k)\) function.","(2) Schrödinger equation for crystal electrons

\[
\left[-\frac{\hbar^{2}}{2 m} \frac{\mathrm{d}^{2}}{\mathrm{d} x^{2}}+V(x)\right] \Psi_{k}^{s}(x) = E \Psi_{k}^{s}(x)
\]

Multiply both sides of the equation by \(\Psi_{k, 1}^{*}(x)\) and \(\Psi_{k, 2}^{*}(x)\) and integrate over all space to obtain

\[
\begin{aligned}
& (\langle S k 1| H | S k 1 \rangle - E \langle S k 1 | S k 1 \rangle) A + (\langle S k 1 | H | S k 2 \rangle - E \langle S k 1 | S k 2 \rangle) B = 0 \\
& (\langle S k 2 | H | S k 1 \rangle - E \langle S k 2 | S k 1 \rangle) A + (\langle S k 2 | H | S k 2 \rangle - E \langle S k 2 | S k 2 \rangle) B = 0
\end{aligned}
\]

Thus, we have the secular equation

\[
\left|\begin{array}{cc}
\langle S k 1 | H | S k 1 \rangle - E \langle S k 1 | S k 1 \rangle & \langle S k 1 | H | S k 2 \rangle - E \langle S k 1 | S k 2 \rangle \\
\langle S k 2 | H | S k 1 \rangle - E \langle S k 2 | S k 1 \rangle & \langle S k 2 | H | S k 2 \rangle - E \langle S k 2 | S k 2 \rangle 
\end{array}\right| = 0
\]

According to the tight-binding approximation, the overlap of wave functions of neighboring atoms is considered very small

\[
\left\langle \phi_{s}\left(x-X_{n}\right) \mid \phi_{s}\left(x-X_{n}-b\right) \right\rangle = 0
\]

But each atomic wave function is normalized

\[
\left\langle \phi_{s}\left(x-X_{n}\right) \mid \phi_{s}\left(x-X_{n}\right) \right\rangle = \left\langle \phi_{s}\left(x-X_{n}-b\right) \mid \phi_{s}\left(x-X_{n}-b\right) \right\rangle = 1
\]

Thus

\[
\begin{aligned}
& \langle S k 1 | H | S k 2 \rangle = \langle S k 2 | H | S k 1 \rangle = 0 \\
& \langle S k 1 | H | S k 1 \rangle = \langle S k 2 | H | S k 2 \rangle = c^{*} c
\end{aligned}
\]

Hence, the above secular determinant becomes

\[
\left|\begin{array}{cc}
\langle S k 1 | H | S k 1 \rangle - E c^{*} c & \langle S k 1 | H | S k 2 \rangle \\
\langle S k 2 | H | S k 1 \rangle & \langle S k 2 | H | S k 2 \rangle - E c^{*} c
\end{array}\right|=0
\]

Now calculate the hopping integral

\[ 
c^{*} c \sum_{n, k^{\prime}} \mathrm{e}^{i k \left( X_{n^{\prime}} - X_{n} \right)} \int \phi_{s}^{*}(x-X_{n}) H \phi_{s}\left(x-X_{n^{\prime}}-b\right) \mathrm{d} x
\]

\[
    (S k 1 | H | S k 2) = c \int \sum \mathrm{e}^{i x} \sum H \mathrm{e}^{i x} (x - X_n - b) \mathrm{d} x
\]

Set \(R_{m}=X_{n^{\prime}}-X_{n}, X_{n}=0\), we obtain

\[
\langle S k 1 | H | S k 2 \rangle = c^{*} c \sum_{m} \mathrm{e}^{\mathrm{i}k \left( X_{m} + b \right)} \int \phi_{s}^{*}(x) H \phi_{s}\left(x-X_{m}-b\right) \mathrm{d} x
\]

Substitute \(\int \phi_{s}^{*}(x) H \phi_{s}\left(x-X_{m}-b\right) \mathrm{d} x=\alpha\), and consider only near-neighbor interactions, with \(X_{m}=0\), we have

\[
\langle S k 1 | H | S k 2 \rangle = c^{*} c \mathrm{e}^{\mathrm{i} k b} \alpha
\]

Since \(H\) is a Hermitian operator

\[
\langle S k 2 | H | S k 1 \rangle = c^{*} c \mathrm{e}^{-\mathrm{i} k b} \alpha^{*}
\]

Additionally, considering the interaction of nearest neighbor atoms,

\[
\langle S k 1 | H | S k 1 \rangle = c^{*} c \sum_{n^{\prime}} \int \phi_{s}^{*}\left(x-X_{n}\right) H \phi_{s}\left(x-X_{n^{\prime}}-b\right) \mathrm{d} x = c^{*} c \beta
\]

Similarly

\[
\langle S k 2 | H | S k 2 \rangle = c^{*} c \gamma
\]

The above secular determinant, after eliminating \(c^{*} c\), becomes

\[
\left|\begin{array}{cc}
\beta - E & \mathrm{e}^{\mathrm{i} k b} \alpha \\
\mathrm{e}^{-\mathrm{i} k b} \alpha^{*} & \gamma - E
\end{array}\right|=0
\]

Therefore

\[
E^{2}-(\beta+\gamma) E+(\beta \gamma-\alpha \alpha^{*})=0
\]

Thus

\[
E=\frac{\beta+\gamma}{2} \pm \frac{\sqrt{(\beta-\gamma)^{2}+4 |\alpha|^2}}{2}
\]",\boxed{\frac{\beta+\gamma}{2} \pm \frac{\sqrt{(\beta-\gamma)^{2}+4 |\alpha|^2}}{2}},EX,,False,EN,Math Derivation
4139,Modern Physics,Solid-State Physics,Lattice Vibrations and Mechanical Properties of Solids,"Consider a one-dimensional compound lattice composed of two different types of atoms (with masses \(M\) and \(m\) respectively), where the distance between adjacent similar atoms is \(2a\) and the restoring force constant is \(\beta\). Assuming \(M \gg m\), find the dispersion relation of the acoustic branch and the lattice heat capacity.","2) The dispersion relation of the acoustic branch is:

\[
\omega_{-}^2 = \frac{2\beta}{M} \sin^2 qa
\]

The acoustic branch transitions to the vibration of a one-dimensional monatomic chain, where \(\omega^2\) is an even function of \(q\), with the highest frequency occurring at the Brillouin zone boundary \(q = \frac{\pi}{a}\). Let:

\[
\omega_{0}^{\prime} = \sqrt{\frac{2\beta}{M}}
\]

Thus, the dispersion relation of the acoustic branch is:

\[
\omega_{-} = \omega_{0}^{\prime} |\sin qa|
\]

The minimum wave frequency in the acoustic branch is at \(q=0\), where \(\omega=0\). Representing the mode density of the acoustic branch as \(D(\omega_{-})\), we have:

\[
D(\omega_{-}) \mathrm{d} \omega_{-} = \frac{L}{2\pi} \cdot 2 \mathrm{~d} q = \frac{N 2a}{2\pi} \cdot 2 \mathrm{~d} q = \frac{2Na}{\pi} \mathrm{~d} q
\]

According to the dispersion relation of the acoustic branch:

\[
\frac{\mathrm{d} \omega_{-}}{\mathrm{d} q} = \omega_{0}^{\prime} a |\cos qa| = \omega_{0}^{\prime} a \left(1 - \sin^2 qa\right)^{\frac{1}{2}} = \omega_{0}^{\prime} a \left(1-\frac{\omega_{-}^{2}}{\omega_{0}^{\prime 2}}\right)^{\frac{1}{2}}
\]

Substituting \(\omega_{0}^{\prime}=\sqrt{\frac{2\beta}{M}}\) into the above equation, we get:

\[
\frac{\mathrm{d} \omega_{-}}{\mathrm{d} q} = \omega_{0}^{\prime} a \left(1-\frac{\omega_{-}^{2}}{\omega_{0}^{\prime 2}}\right)^{\frac{1}{2}} = a \left(\omega_{0}^{\prime 2}-\omega_{-}^{2}\right)^{\frac{1}{2}}
\]

Let \(\omega_{-}=\omega\), then the frequency mode density for the acoustic branch is:

\[
\begin{aligned}
D(\omega) & = \frac{2Na}{\pi} \frac{\mathrm{d} q}{\mathrm{d} \omega} = \frac{2Na}{\pi} \frac{1}{a\left(\omega_{0}^{\prime 2}-\omega_{-}^{2}\right)^{\frac{1}{2}}} \\
& = \frac{2N}{\pi} \frac{1}{\left(\omega_{0}^{\prime 2}-\omega_{-}^{2}\right)^{\frac{1}{2}}}
\end{aligned}
\]

The number of lattice phonons with frequency \(\omega\) is:

\[
\frac{1}{e^{\frac{\hbar \omega}{k_{B} T}}-1}
\]

Thus, the thermal vibrational energy of the lattice wave vibrations in the acoustic branch for the entire one-dimensional lattice is:

\[
E^{\prime} = \int_{0}^{\omega_{0}^{\prime}} \frac{\hbar \omega D(\omega) \mathrm{d} \omega}{e^{\frac{\hbar \omega}{k_{B} T}}-1} = \int_{0}^{\omega_{0}^{\prime}} \frac{2N}{\pi} \frac{\hbar \omega}{\left(\omega_{0}^{\prime 2}-\omega^{2}\right)^{\frac{1}{2}}} \frac{\mathrm{~d} \omega}{e^{\frac{\hbar \omega}{k_{B} T}}-1}
\]

The contribution to the heat capacity of the one-dimensional lattice is:

\[
\begin{aligned}
c_{V} &= \frac{\partial E^{\prime}}{\partial T} = \int_{0}^{\omega_{0}^{\prime}} \frac{2N}{\pi} \frac{\hbar \omega}{\left(\omega_{0}^{\prime 2}-\omega^{2}\right)^{\frac{1}{2}}} \frac{\frac{\hbar \omega}{k_{B} T^{2}} e^{\frac{\hbar \omega}{k_{B} T}} \mathrm{~d} \omega}{\left(e^{\frac{\hbar \omega}{k_{B} T}}-1\right)^{2}} \\
&= \int_{0}^{\omega_{0}^{\prime}}\frac{2N}{\pi} \left(\frac{\hbar \omega}{k_{B} T}\right)^2 k_{B} \frac{1}{\omega_{0}^{\prime}\left[1-\left(\frac{\omega}{\omega_{0}^{\prime}}\right)^{2}\right]^{\frac{1}{2}}} \frac{e^{\frac{\hbar \omega}{k_{B} T}}}{\left(e^{\frac{\hbar \omega}{k_{B} T}}-1\right)^2} \cdot \mathrm{d} \omega
\end{aligned}
\]

\[
= \frac{2Nk_{B}}{\pi \omega_0^{\prime}} \int_0^{\omega_0^{\prime}} \frac{\left(\frac{\hbar \omega}{k_{B} T}\right)^2}{\left[1-\left(\frac{\omega}{\omega_0^{\prime}}\right)^2\right]^{\frac{1}{2}}} \frac{e^{\frac{\hbar \omega}{k_{B} T}}}{\left(e^{\frac{\hbar \omega}{k_{B} T}}-1\right)^2} \cdot \mathrm{~d} \omega
\]","\[
\boxed{\omega_{-} = \sqrt{\frac{2\beta}{M}} |\sin qa|, \quad c_{V} = \frac{2Nk_{B}}{\pi \sqrt{\frac{2\beta}{M}}} \int_0^{\sqrt{\frac{2\beta}{M}}} \frac{\left(\frac{\hbar \omega}{k_{B} T}\right)^2}{\left[1-\left(\frac{\omega}{\sqrt{\frac{2\beta}{M}}}\right)^2\right]^{\frac{1}{2}}} \frac{e^{\frac{\hbar \omega}{k_{B} T}}}{\left(e^{\frac{\hbar \omega}{k_{B} T}}-1\right)^2} \cdot \mathrm{~d} \omega}
\]","EX, EX",,False,EN,Math Derivation
4140,Modern Physics,Solid-State Physics,Lattice Vibrations and Mechanical Properties of Solids,"Positive and negative ions with masses \(M_+\) and \(M_-\) are arranged in a one-dimensional lattice at equal intervals (distance \(a\)). The potential energy of the interaction between neighboring ions is given by

\[
u(r) = -\frac{e^2}{r} + \frac{e^2 b^{n-1}}{n r^n}
\]

where \(e\) is the electron charge, and \(n\) and \(b\) are constants. Using the Debye model, find the Debye temperature of the lattice.","First, derive the dispersion relation for the vibrations of the one-dimensional lattice. In the harmonic approximation, the restoring force constant \(\beta\) for the interaction between adjacent atoms is calculated as

\[
\beta = \left(\frac{\mathrm{d}^2 u(r)}{\mathrm{d} r^2}\right)_{r=a} = -\frac{2 e^2}{a^3} + \frac{e^2(n+1) b^{n-1}}{a^{n+2}}
\]

At the equilibrium position, \(r=a\), \(u(r)\) should take a minimum value,

\[
\left(\frac{\mathrm{d} u(r)}{\mathrm{d} r}\right)_{r=a} = \frac{e^2}{a^2} - \frac{e^2 b^{n-1}}{a^{n+1}} = 0
\]

Thus, \(a = b\). Substitute into equation (1) to obtain the restoring force constant \(\beta\)

\[
\beta = (n-1) e^2 b^{-3}
\]

Under the influence of the restoring force from adjacent ions, ions oscillate around the equilibrium position. Write the equations of motion for the positive and negative ions:

\[
\begin{aligned}
& M_- \frac{\mathrm{d}^2 x_{2n+1}}{\mathrm{d} t^2} = \beta(x_{2n+2} + x_{2n} - x_{2n+1}) \\
& M_+ \frac{\mathrm{d}^2 x_{2n+2}}{\mathrm{d} t^2} = \beta(x_{2n+3} + x_{2n+1} - x_{2n+2})
\end{aligned}
\]

Let \(M_- = m, M_+ = M\), the solution is

\[
\begin{aligned}
\omega_-^2 & = \frac{\beta}{M_+ M_-}\left\{\left(M_+ + M_-\right) - \left[M_+^2 + M_-^2 + 2M_+ M_- \cos(2qa)\right]^{\frac{1}{2}}\right\} \\
& = \frac{(n-1) e^2 b^{-3}}{\mu} \left[1 - \left(1 - \frac{4\mu}{M} \sin^2 qb \right)^{\frac{1}{2}} \right] \\
\omega_+^2 & = \frac{(n-1) e^2 b^{-3}}{\mu} \left[1 + \left(1 + \frac{4\mu}{M} \sin^2 qb \right)^{\frac{1}{2}} \right]
\end{aligned}
\]

where we use \(a = b\), and

\[
\begin{aligned}
M &= M_+ + M_- \\
\frac{1}{\mu} &= \frac{1}{M_+} + \frac{1}{M_-}
\end{aligned}
\]

In the Debye model, what propagates in the one-dimensional lattice is an elastic wave, and there is only one branch. In the long-wavelength approximation, i.e., \(q \rightarrow 0\), we obtain

\[
\begin{aligned}
\omega_-^2(q) & = \frac{(n-1) e^2 b^{-3}}{\mu} \left[1 - \left(1 - \frac{4\mu}{M} \sin^2 qb \right)^{\frac{1}{2}}\right] \\
& = \frac{(n-1) e^2 b^{-3}}{\mu} \left[\frac{1}{2} \frac{4\mu}{M} (qb)^2\right] \\
& = \frac{2(n-1) e^2}{M b} q^2
\end{aligned}
\]

Hence,

\[
\omega_-(q) = \sqrt{\frac{2(n-1) e^2}{M b}} q
\]

That is, \(\omega_-(q) \propto q\), which is an elastic wave. Let

\[
v_{\mathrm{p}} = \sqrt{\frac{2(n-1) e^2}{M b}}
\]

\(v_{\mathrm{p}}\) is the velocity of the elastic wave, then the acoustic branch dispersion relation for the one-dimensional lattice is

\[
\omega_-(q) = v_{\mathrm{p}} q
\]

Denote the density of states for the one-dimensional lattice as \(D(\omega)\),

\[
D(\omega) \mathrm{d} \omega = \frac{2 N a}{2 \pi} \cdot 2 \mathrm{~d} q
\]

From equation (4),

\[
\frac{\mathrm{d} \omega}{\mathrm{~d} q} = v_{\mathrm{p}}
\]

Thus, the density of states is

\[
D(\omega) = \frac{2 N a}{2 \pi} \cdot 2 \cdot \frac{1}{v_{\mathrm{p}}} = \frac{2 N a}{\pi v_{\mathrm{p}}}
\]

where \(N\) is the number of unit cells in the one-dimensional lattice. Applying the Debye model assumption

\[
\int_{0}^{\omega_{m}} D(\omega) \mathrm{d} \omega = 2 N
\]

\(2 N\) is the total degree of freedom of the one-dimensional lattice. Substitute into equation (5),

\[
\frac{2 N a}{\pi v_{\mathrm{p}}} \omega_{m} = 2 N
\]

Hence,

\[
\omega_{m} = \frac{\pi v_{\mathrm{p}}}{b} = \frac{\pi}{b} \sqrt{\frac{2(n-1) e^2}{M b}}
\]",\(\boxed{\omega_{m} = \frac{\pi}{b} \sqrt{\frac{2(n-1) e^2}{M b}}}\),EX,,False,EN,Math Derivation
4141,Modern Physics,Solid-State Physics,Motion of Electrons in Electromagnetic Fields,"The potential energy function of the electronic periodic field is

\[  
V(x)=\left\{\begin{array}{cc}  
\frac{1}{2} m \omega^{2}\left[b^{2}-(x-n a)^{2}\right], & n a-b \leqslant x \leqslant n a+b \\  
0, & (n-1) a+b \leqslant x \leqslant n a-b  
\end{array}\right.  
\]

where \(a=4b, \omega\) is a constant.  
(2) Using the nearly free electron approximation model, find the width of the first and second energy gaps of the crystal.","(2) The periodic potential field \(V(x)\) can be written as \(V(x)=V_{0}+\Delta V(x)\). The Fourier expansion coefficient \(V_{n}\) for the periodic potential field \(V(x)\) is

\[  
\begin{aligned}  
& V_{n}=\frac{1}{a} \int_{-b}^{b} \frac{1}{2} m \omega^{2}\left(b^{2}-x^{2}\right) \mathrm{e}^{-\mathrm{i} n \frac{2 \pi}{a} x} \mathrm{~d} x \\  
& =\frac{m \omega^{2}}{2 a} \int_{-b}^{b} b^{2} \mathrm{e}^{- \mathrm{i} \frac{2 \pi}{a} x} \mathrm{~d} x-\frac{m \omega^{2}}{2 a} \int_{-b}^{b} x^{2} \mathrm{e}^{-\mathrm{i} \frac{2 \pi}{a} x} \mathrm{~d} x  
\end{aligned}  
\]

\[  
\begin{aligned}  
& =-\frac{m \omega^{2} b^{2}}{4 n \pi \mathrm{i}}\left[\mathrm{e}^{-\mathrm{i} \frac{n \pi}{2}}-\mathrm{e}^{\mathrm{i} \frac{n \pi}{2}}\right]+\frac{m \omega^{2} b^{2}}{4 n \pi \mathrm{i}}\left[\mathrm{e}^{-\mathrm{i} \frac{n \pi}{2}}-\mathrm{e}^{\mathrm{i} \frac{n \pi}{2}}\right]-\frac{m \omega^{2}}{2 n \pi \mathrm{i}} \int_{-b}^{b} x \mathrm{e}^{-\mathrm{i} \frac{n \pi}{2 b} x} \mathrm{~d} x  
\end{aligned}  
\]

\[  
= \frac{m\omega^2 b}{8} \cdot \frac{2b}{-i n \pi} e^{-i \frac{n \pi}{2b} x} \bigg|_{-b}^b   
- \frac{m \omega^2}{8b} \cdot \frac{1}{-i \frac{n \pi}{2b}} x^2 e^{-i \frac{n \pi}{2b} x} \bigg|_{-b}^b   
+ \frac{m \omega^2}{4b} \cdot \frac{1}{-i \frac{n \pi}{2b}} \int_{-b}^b x e^{-i \frac{n \pi}{2b} x} \, dx  
\]

Therefore,

\[  
\begin{aligned}  
V_{n} & =-\frac{m \omega^{2}}{2 n \pi \mathrm{i}} \int_{-b}^{b} x \mathrm{e}^{-\mathrm{i} \frac{n \pi}{2 b} x} \mathrm{~d} x \\  
& =-\frac{m \omega^{2}}{2 n \pi \mathrm{i}}\left\{\left.\left[\frac{2 b}{-\mathrm{i} n \pi} x \cdot \mathrm{e}^{-\mathrm{i} \frac{2 \pi x}{a}}\right]\right|_{-b} ^{b}+\frac{2 b}{\mathrm{i} n \pi} \int_{-b}^{b} \mathrm{e}^{-\mathrm{i} \frac{n x}{2 b^{2}}} \mathrm{~d} x\right\}  
\end{aligned}  
\]

\[  
\begin{aligned}  
& =-\frac{m \omega^{2} b}{n^{2} \pi^{2}}\left[b \mathrm{e}^{-\mathrm{i} \frac{n \pi}{2}}+b \mathrm{e}^{\mathrm{i} \frac{n \pi}{2}}\right]+\left.\frac{m \omega^{2} b}{n^{2} \pi^{2}} \cdot \frac{2 b}{-\mathrm{i} n \pi} \mathrm{e}^{-\mathrm{i} \frac{n \pi}{2 b^{2}}}\right|_{-b} ^{b} \\  
& =-\frac{2 m \omega^{2} b^{2}}{n^{2} \pi^{2}} \cos \frac{n \pi}{2}+\frac{4 m \omega^{2} b^{2}}{n^{3} \pi^{3}} \sin \frac{n \pi}{2}  
\end{aligned}  
\]

Thus, for \(n=1\), the width of the first energy gap is

\[  
E_{g 1}=2\left|V_{1}\right|=\frac{8 m \omega^{2} b^{2}}{\pi^{3}}  
\]

For \(n=2\), the width of the second energy gap is

\[  
E_{g 2}=2\left|V_{2}\right|=\frac{m \omega^{2} b^{2}}{\pi^{2}}  
\]","\boxed{\frac{8 m \omega^{2} b^{2}}{\pi^{3}}, \frac{m \omega^{2} b^{2}}{\pi^{2}}}",NV,,True,EN,Math Derivation
