index,domain,subject,topic,problem,solution,answers,answer_type,unit,is_multiple_answer,language,level
2860,Mechanics and Thermodynamics,Statistical Mechanics,Maxwell-Boltzmann Statistics,"20 grams of ice at 0C is dropped into a beaker containing 120 grams of water at 70C. Ignore the heat capacity of the beaker, and calculate the final temperature after mixing (latent heat of fusion for ice is 80 cal/g). Assume the temperature at thermal equilibrium after mixing is \(T^{\circ} \mathrm{C}\). Use the following heat balance equation:

\[
M_{1} L_{\text{ice}} + M_{1} c_{\mathrm{p, water}} T = M_{2} c_{\mathrm{p, water}} (70-T)
\]

Substitute the parameters \(M_{1} = 20 \mathrm{~g}, M_{2} = 120 \mathrm{~g}, L_{\text{ice}} = 80 \mathrm{cal/g}\), and \(c_{\mathrm{p, water}} = 1 \mathrm{cal/g \, \degree C}\) into the equation, and solve for the temperature \(T\).","When the gas is in equilibrium at temperature \(T\), it follows the Maxwell velocity distribution law. The number of molecules within a unit volume with velocities between \(\boldsymbol{v}\) and \(\boldsymbol{v}+\mathrm{d} \boldsymbol{v}\) is given by:

\[
f(v) \mathrm{d} v=n\left(\frac{m}{2 \pi k T}\right)^{3 / 2} \exp \left(-\frac{m v^{2}}{2 k T}\right) \mathrm{d} v \tag{1}
\]

To calculate the number of collisions, consider the two types of molecules as elastic hard spheres with diameters \(d_{1}\) and \(d_{2}\). Using the center of a molecule of the first type as the sphere's center and a radius of \(d_{12}=(d_{1}+d_{2})/2\), the sphere surface is conceptualized. When two molecules collide, the center of the second type must be on this imaginary sphere, with \(v_{r}=v_{2}-v_{1}\) being the relative velocity of molecule 2 concerning molecule 1. In a time \(\mathrm{d} t\), for the second type of molecule to collide with the first within the solid angle element \(\mathrm{d} \Omega\) along the axis direction \(\boldsymbol{n}\), it must be located within a cylinder with base \(d_{12}^{2} \mathrm{d} \Omega\) and height \(v_{r} \cos \theta \mathrm{d} t\). The volume of this cylinder is:

\[
\mathrm{d} \tau=d_{12}^{2} v_{r} \cos \theta \mathrm{d} \Omega \mathrm{d} t \tag{2}
\]

Therefore, in time \(\mathrm{d} t\), the number of collisions within the solid angle element \(\mathrm{d} \Omega\) along the axis \(\boldsymbol{n}\) between a molecule 1 with speed \(\boldsymbol{v}_{1}\) and molecule 2 with speeds in the range \(\boldsymbol{v}_{2}\) to \(\boldsymbol{v}_{2}+\mathrm{d} \boldsymbol{v}_{2}\) is:

\[
f_{2}\left(\boldsymbol{v}_{2}\right) \mathrm{d} \boldsymbol{v}_{2} \mathrm{d} \tau = d_{12}^{2} v_{r} \cos \theta f_{2}\left(\boldsymbol{v}_{2}\right) \mathrm{d} \boldsymbol{v}_{2} \mathrm{d} \Omega \mathrm{d} t \tag{3}
\]

Thus, the average number of collisions in unit time between one molecule of the first type and all molecules of the second type is:

\[
\overline{\Theta_{12}} = \frac{1}{n_{1}} \iiint d_{12}^{2} v_{r} \cos \theta \cdot f_{1}\left(\boldsymbol{v}_{1}\right) f_{2}\left(\boldsymbol{v}_{2}\right) \mathrm{d} \boldsymbol{v}_{1} \mathrm{d} \boldsymbol{v}_{2} \mathrm{d} \Omega \tag{5}
\]

Completing the angular integration:

\[
\int \cos \theta \mathrm{d} \Omega = \int_{0}^{2 \pi} \mathrm{d} \varphi \cdot \int_{0}^{\pi} \cos \theta \sin \theta \mathrm{d} \theta = \pi \tag{6}
\]

We find:

\[
\overline{\Theta_{12}} = \pi n_{2} d_{12}^{2}\left(\frac{m_{1}}{2 \pi k T}\right)^{3/2}\left(\frac{m_{2}}{2 \pi k T}\right)^{3/2} \iint v_{r} \exp \left(-\frac{m_{1} v_{1}^{2}+m_{2} v_{2}^{2}}{2 k T}\right) \mathrm{d} \boldsymbol{v}_{1} \mathrm{d} \boldsymbol{v}_{2} \tag{7}
\]

Introducing the velocity of the center of mass:

\[
\boldsymbol{v}_{\mathrm{c}} = \frac{1}{m_{1}+m_{2}}\left(m_{1} \boldsymbol{v}_{1}+m_{2} \boldsymbol{v}_{2}\right) \tag{8}
\]

We have:

\[
\frac{1}{2} m_{1} v_{1}^{2}+\frac{1}{2} m_{2} v_{2}^{2}=\frac{1}{2} M v_{\mathrm{c}}^{2}+\frac{1}{2} \mu v_{r}^{2} \tag{9}
\]

And

\[
\mathrm{d} \boldsymbol{v}_{\mathrm{c}} \mathrm{d} \boldsymbol{v}_{r}=|J| \mathrm{d} \boldsymbol{v}_{1} \mathrm{d} \boldsymbol{v}_{2} \tag{10}
\]

where \(M=m_{1}+m_{2}\) is the total mass of the two molecules, and \(\mu=m_{1} m_{2} /(m_{1}+m_{2})\) is the reduced mass of the two molecules. The absolute value of the Jacobian determinant is:

\[
|J|= \left|\frac{\partial(\boldsymbol{v}_{\mathrm{c}}, \boldsymbol{v}_{r})}{\partial(\boldsymbol{v}_{1}, \boldsymbol{v}_{2})}\right|=1 \tag{11}
\]

Substituting these results into equation (7), we finally obtain the average frequency of collisions between a molecule of the first type and those of the second type:

\[
\overline{\Theta_{12}} = \pi n_{2} d_{12}^{2}\left(\frac{m_{1}}{2 \pi k T}\right)^{3/2}\left(\frac{m_{2}}{2 \pi k T}\right)^{3/2} \int \exp \left(-\frac{M v_{c}^{2}}{2 k T}\right) \mathrm{d} v_{\mathrm{c}} \cdot \int v_{r} \exp \left(-\frac{\mu v_{r}^{2}}{2 k T}\right) \mathrm{d} v_{r} = \pi n_{2} d_{12}^{2} \sqrt{\frac{8 k T}{\pi \mu}} = \pi n_{2} d_{12}^{2}\left(1+\frac{m_{1}}{m_{2}}\right)^{1/2} \overline{v_{1}} \tag{12}
\]

where \(\overline{v_{1}}=\sqrt{8 k T / \pi m_{1}}\) is the average speed of the first type of molecule, and \(n_{1}\) and \(n_{2}\) are the molecular number densities of the first and second types of gas molecules, respectively. For identical molecules, the average collision frequency is \(\Theta=\sqrt{2} n \pi d^{2} v\).",\boxed{48.57},NV,\mathrm{^\circ C},False,EN,Laws Application
2909,Mechanics and Thermodynamics,Statistical Mechanics,Ensemble Theory,"A system composed of \(N\) nearly independent particles follows Boltzmann statistics, where each particle can occupy any of the three non-degenerate energy levels \(-E, 0, +E\). The system is in contact with a heat reservoir at temperature \(T\). What is the entropy of the system when \(T=0 \mathrm{~K}\)?","When \(T=0 \mathrm{~K}\), the entropy of the system \(S(0)=0\).",\boxed{0},NV,,False,EN,Laws Application
2927,Mechanics and Thermodynamics,Statistical Mechanics,Ensemble Theory,"A system consists of \(N\) nearly independent particles, each with mass \(m\), reaching thermal equilibrium at high temperatures. The particles undergo one-dimensional oscillations around their equilibrium positions. Determine the heat capacity of the system when the restoring force is proportional to the displacement \(x\).","According to the virial theorem, if the potential \(V\) experienced by the molecules is \(V \propto x^{n}\), then the relationship between the average kinetic energy \(\bar{T}\) and the average potential energy \(\bar{V}\) is \(2\bar{T} = n\bar{V}\). Based on the equipartition theorem, for one-dimensional motion, \(\bar{T} = \frac{1}{2}kT\). Under the condition \(f \propto x, V \propto x^{2}, n=2\), we have \(\bar{V} = \bar{T} = \frac{1}{2}kT\). The total energy is \(E = \bar{T} + \bar{V} = kT\). The heat capacity for one molecule is \(k\), and the specific heat capacity of the system is \(c_{V} = Nk\).",\boxed{Nk},EX,,False,EN,Laws Application
2932,Mechanics and Thermodynamics,Statistical Mechanics,Ensemble Theory,"A system consists of two atoms, each with three quantum states with energies $0, \varepsilon$, and $2 \varepsilon$. The system is in contact with a large heat reservoir at temperature $T$. Write down the partition function $Z$ for the system assuming classical statistics and distinguishable particles.",$Z = \left(1 + \mathrm{e}^{-\beta \varepsilon} + \mathrm{e}^{-2 \beta \varepsilon}\right)^{2}$,\boxed{Z = \left(1 + \mathrm{e}^{-\beta \varepsilon} + \mathrm{e}^{-2 \beta \varepsilon}\right)^{2}},EQ,,False,EN,Knowledge Recall
2941,Mechanics and Thermodynamics,Statistical Mechanics,Ensemble Theory,"A system consisting of \(N\) nearly independent particles obeys Boltzmann statistics, where each particle can occupy one of three non-degenerate energy levels \(-E, 0, +E\). The system is in contact with a heat reservoir at temperature \(T\). What is the maximum entropy of the system?","The maximum entropy of the system

\[
S_{\max} = k \ln \Omega_{\max} = k \ln 3^{N} = N k \ln 3
\]",\boxed{N k \ln 3},NV,,False,EN,Knowledge Recall
2947,Mechanics and Thermodynamics,Statistical Mechanics,Ensemble Theory,"A system consists of two atoms, each with three quantum states, with energies $0, \varepsilon$, and $2\varepsilon$. The system is in contact with a large heat reservoir at temperature $T$. Please write down the partition function $Z$ of the system under Fermi-Dirac statistics.",$Z = \mathrm{e}^{-\beta \varepsilon} + \mathrm{e}^{-2 \beta \varepsilon} + \mathrm{e}^{-3 \beta \varepsilon}$,\boxed{\mathrm{e}^{-\beta \varepsilon} + \mathrm{e}^{-2 \beta \varepsilon} + \mathrm{e}^{-3 \beta \varepsilon}},EX,,False,EN,Laws Application
2954,Mechanics and Thermodynamics,Statistical Mechanics,Ensemble Theory,"A system is composed of \(N\) fixed particles, each with a spin of \(\frac{1}{2}\) and a magnetic moment of \(\mu_{0}\). The system is situated in a uniform external field \(H\), with the spins interacting only with the magnetic field and being otherwise free. If the system's equilibrium temperature is \(T\), determine the total magnetic moment and energy.","Let \(\bar{\mu}\) be the average magnetic moment of each particle under the influence of the external field at thermal equilibrium, then the total magnetic moment \(M = N \bar{\mu}\), and  

thus  

\[
\bar{\mu} = \mu_{0} \frac{\mathrm{e}^{\mu_{0} H / k T} - \mathrm{e}^{-\mu_{0} H / k T}}{\mathrm{e}^{\mu_{0} H / k T} + \mathrm{e}^{-\mu_{0} H / k T}} = \mu_{0} \tanh \left(\frac{\mu_{0} H}{k T}\right)
\]

\[
E = -N \mu_{0} H \tanh \left(\frac{\mu_{0} H}{k T}\right)
\]","\boxed{M = N \mu_{0} \tanh \left(\frac{\mu_{0} H}{k T}\right), E = -N \mu_{0} H \tanh \left(\frac{\mu_{0} H}{k T}\right)}",EQ,"None, None",True,EN,Laws Application
2957,Mechanics and Thermodynamics,Statistical Mechanics,Ensemble Theory,"A system consisting of \(N\) nearly independent particles follows Boltzmann statistics, where each particle can occupy one of three non-degenerate energy levels: \(-E\), 0, or \(+E\). The system is in contact with a thermal reservoir at temperature \(T\). What is the minimum energy of the system?",The minimum possible energy of the system is \(-N E\).,\(\boxed{-N E}\),NV,,False,EN,Knowledge Recall
2958,Mechanics and Thermodynamics,Statistical Mechanics,Distribution Function and Statistical Entropy,"A young man lives at location $A$ in a city grid, and his girlfriend lives at location $B$. Location $B$ is $m$ blocks east of $A$ and $n$ blocks north of $A$. The young man walks to his girlfriend's place by always taking steps that bring him closer to her, and he never retraces his steps. Find out how many different walking routes there are for the young man from $A$ to $B$.","At each intersection, the young man can choose to move east (e) or north (n). The number of e's and n's are $m$ and $n$, respectively. Therefore, a specific route can be represented by a sequence (for example, n, n, e, n, \cdots, e). For instance, the route shown in the diagram corresponds to the sequence $(\mathrm{e}, \mathrm{n}, \mathrm{n}, \mathrm{n}, \mathrm{e}, \mathrm{e}, \mathrm{n})$. The number of such sequences is given by $\frac{(m+n)!}{m! \cdot n!}$. This is the number of possible walking routes we are looking for.",\boxed{\frac{(m+n)!}{m! \cdot n!}},NV,,False,EN,
2959,Mechanics and Thermodynamics,Statistical Mechanics,Ensemble Theory,"A system consisting of \(N\) nearly independent particles follows Boltzmann statistics, where each particle can occupy any one of three non-degenerate energy levels: \(-E, 0, +E\). The system is in contact with a heat reservoir at temperature \(T\). What is the partition function of the system?","The partition function of the system is

\[
Z = \left(\mathrm{e}^{E / k T} + 1 + \mathrm{e}^{-E / k T}\right)^{N}
\]",\(\boxed{\left(\mathrm{e}^{E / k T} + 1 + \mathrm{e}^{-E / k T}\right)^{N}}\),EX,,False,EN,Laws Application
2961,Mechanics and Thermodynamics,Statistical Mechanics,Ensemble Theory,(2) Explain the meaning of negative absolute temperature; does it violate the third law of thermodynamics? Why?,"(2) According to the Gibbs distribution, the ratio of the number of particles occupying energy levels \(E_{n}\) and \(E_{m}\) at equilibrium is

\[
\frac{N_{n}}{N_{m}} = \mathrm{e}^{-\left(E_{n} - E_{m}\right) / kT}
\]

When the temperature of the system \(T > 0\), there are fewer particles at higher energy levels. If an inversion of the number of particles is achieved such that there are more particles at higher energy levels than at lower ones, then the system has negative temperature. The existence of negative temperature systems does not violate the third law of thermodynamics because, from an energy standpoint, negative temperature systems are further from absolute zero than positive non-zero temperature systems.",\boxed{No},TF,,False,EN,Laws Application
2963,Mechanics and Thermodynamics,Statistical Mechanics,Ensemble Theory,"The energy density of blackbody radiation in a three-dimensional universe depends on temperature in the form of $T^{\alpha}$, where $\alpha=4$. Derive the form of $\alpha$ in an $n$-dimensional universe.","The average energy of photons

$$
E=2 \iint \frac{\mathrm{d}^{n} \boldsymbol{p}^{n} \boldsymbol{q}}{h^{n}} \frac{\hbar \omega}{\mathrm{e}^{\hbar \omega / k T}-1}=\frac{2 V}{h^{n}} \int \mathrm{d}^{n} p \frac{\hbar \omega}{\mathrm{e}^{\hbar \omega / k T}-1}
$$

Since the momentum of a photon $p=\hbar \omega / c$, therefore

$$
E / V=2\left(\frac{k}{h c}\right)^{n} k \int \mathrm{d}^{n} \boldsymbol{x} \frac{x}{\mathrm{e}^{x}-1} \cdot T^{n+1}, \quad x=\hbar \omega / k T
$$

Thus,

$$
\alpha=n+1
$$",\boxed{n+1},EX,,False,EN,Math Derivation
2967,Mechanics and Thermodynamics,Statistical Mechanics,Ensemble Theory,"If the particles of a Fermi gas have an energy level $\varepsilon$ with a degeneracy $g=2$, find the average number of particles in the gas.","The average number of particles in a Fermi gas is

\[
\bar{N} = \lambda \frac{\partial \ln E}{\partial \lambda} = 2 \lambda \left[1 + \lambda \exp\left(-\frac{\varepsilon}{k T}\right)\right]^{-1} \exp\left(-\frac{\varepsilon}{k T}\right)
= \frac{2}{\exp\left[(\varepsilon - \mu) / k T\right] + 1} \tag{2}
\]

where $\lambda = \exp (\mu / k T) = \exp (-\alpha)$ is the fugacity of the gas, $\mu$ is the chemical potential of the gas, and $k$ is the Boltzmann constant.",\boxed{\frac{2}{\exp\left[(\varepsilon - \mu) / k T\right] + 1}},EX,,False,EN,Laws Application
2968,Mechanics and Thermodynamics,Statistical Mechanics,Distribution Function and Statistical Entropy,"Using the results and conditions obtained in the previous section, where $n \ll N$, find the expression for the most probable number of atoms $n$ on the surface of the crystal.","In the expression, $\beta = 1 / kT$. By taking $N_2 = n$, we have $N_1 = N - n$. Since $n \ll N$, it follows that $N_1 \approx N$. Thus, from equations (2) and (3), we can derive that the most probable number of atoms on the surface of the crystal is

\begin{equation*}
n = N \exp \left(-\frac{w}{kT}\right) \tag{4}
\end{equation*}",\boxed{n = N \exp \left(-\frac{w}{kT}\right)},EQ,,False,EN,Math Derivation
2972,Mechanics and Thermodynamics,Statistical Mechanics,Ensemble Theory,"In a rectangular conductor cavity, for a photon mode with frequency $\omega$, find the root mean square value of the photon number fluctuations. Is it always larger than the average photon number?","Consider the photon number fluctuations $\overline{(\Delta n)^{2}} = -\frac{\partial}{\partial \lambda} \bar{n} = \frac{e^{\lambda}}{\left(e^{\lambda} - 1\right)^{2}}$, whose root mean square value is

$$
\sqrt{\overline{(\Delta n)^{2}}} = \frac{e^{\lambda / 2}}{e^{\lambda} - 1} = \bar{n} e^{\lambda / 2}
$$

The root mean square value of the photon number fluctuations is always larger than the average value.",\boxed{Yes},TF,,False,EN,Laws Application
2975,Mechanics and Thermodynamics,Statistical Mechanics,Ensemble Theory,"A zipper has \(N\) links, and it can only be opened from one end, meaning that only after the first \(s-1\) links are successively opened can the \(s\)-th link be opened. Each link has zero energy when closed and energy \(\varepsilon\) when opened. This is a simple model representing two non-intertwined DNA strands. Determine the partition function of the zipper.","The zipper has \(N\) links, each with zero energy when closed, and energy \(\varepsilon\) when opened. If the number of opened links is \(s\), then the energy of the zipper is \(E=s\varepsilon\).

The partition function of the zipper is given by
\[
Z=\sum_{s=0}^{N} \exp \left(-\frac{s \varepsilon}{kT}\right)=\frac{1-\exp [-(N+1) \varepsilon / kT]}{1-\exp (-\varepsilon / kT)} \tag{1}
\]",\boxed{\frac{1-\exp [-(N+1) \varepsilon / kT]}{1-\exp (-\varepsilon / kT)}},EX,,False,EN,Laws Application
2977,Mechanics and Thermodynamics,Statistical Mechanics,Ensemble Theory,"Consider \( N \) fixed-position, non-interacting magnetic dipoles \(\mu_{0}\) in a uniform external field \( B \) reaching thermal equilibrium at temperature \( T \). Each magnetic dipole can be oriented parallel or antiparallel to \( B \). Calculate the heat capacity of the system.","The average energy of the system is  
$$
\bar{E} = -N \mu_{0} B \frac{\mathrm{e}^{\mu_{0} B / k T} - \mathrm{e}^{-\mu_{0} B / k T}}{\mathrm{e}^{\mu_{0} B / k T} + \mathrm{e}^{-\mu_{0} B / k T}} = -N \mu_{0} B \tanh \left(\frac{\mu_{0} B}{k T}\right)
$$

The heat capacity is  
$$
c = \frac{\mathrm{d} \bar{E}}{\mathrm{~d} T} = N k \left(\frac{\mu_{0} B}{k T}\right)^{2} \frac{1}{\cosh^{2}\left(\frac{\mu_{0} B}{k T}\right)}
$$",\boxed{N k \left( \frac{\mu_{0} B}{k T} \right)^2 \frac{1}{\cosh^2\left( \frac{\mu_{0} B}{k T} \right)}},EX,,False,EN,Math Derivation
2978,Mechanics and Thermodynamics,Statistical Mechanics,Ensemble Theory,"A system consists of two atoms, each having three quantum states with energies $0, \varepsilon$, and $2 \varepsilon$. The system is in contact with a large heat reservoir at temperature $T$. Please write down the partition function $Z$ of the system when it obeys Bose-Einstein statistics.",$Z = 1 + \mathrm{e}^{-\beta \varepsilon} + 2 \mathrm{e}^{-2 \beta \varepsilon} + \mathrm{e}^{-3 \beta \varepsilon} + \mathrm{e}^{-4 \beta \varepsilon}$,\boxed{1 + \mathrm{e}^{-\beta \varepsilon} + 2 \mathrm{e}^{-2 \beta \varepsilon} + \mathrm{e}^{-3 \beta \varepsilon} + \mathrm{e}^{-4 \beta \varepsilon}},EX,,False,EN,Knowledge Recall
2981,Mechanics and Thermodynamics,Statistical Mechanics,Ensemble Theory,"In a lattice, there are $N$ nearly independent ions, each with spin $1/2$ and magnetic moment $\mu_{0}$. The system is in a uniform external field $B$ at temperature $T$. Calculate the entropy $\sigma$.","The entropy is given by
$$
\sigma=k\left(\ln z-\beta \frac{\partial}{\partial \beta} \ln z\right)=N k\left[\ln \left(e^{\alpha}+e^{-\alpha}\right)-\alpha \tanh \alpha\right],
$$
where $\alpha$ is related to the external field and temperature, and $k$ is the Boltzmann constant.",\boxed{N k\left[\ln \left(e^{\alpha}+e^{-\alpha}\right)-\alpha \tanh \alpha\right]},EX,,False,EN,Math Derivation
2984,Mechanics and Thermodynamics,Statistical Mechanics,Ensemble Theory,"Calculate and analyze

\begin{equation*}
\sum_{N} \sum_{s} \rho_{N_s} \ln \rho_{N_s} 
\end{equation*}

and show that the result is

\begin{equation*}
-(\ln \Xi + \alpha \bar{N} + \beta \bar{E})
\end{equation*}","According to the expression for $\ln \rho_{N_s}$, we have

\begin{align*}
\sum_{N} \sum_{s} \rho_{N_s} \ln \rho_{N_s} & = -\sum_{N} \sum_{s} \rho_{N_s}(\ln \Xi + \alpha N + \beta E_s) \tag{3} \\
& = -(\ln \Xi + \alpha \bar{N} + \beta \bar{E})
\end{align*}",\boxed{-\left(\ln \Xi + \alpha \bar{N} + \beta \bar{E}\right)},EX,,False,EN,Math Derivation
2986,Mechanics and Thermodynamics,Statistical Mechanics,Ensemble Theory,What is the average number of photons in a photon mode with frequency $\omega$ inside a rectangular conductor cavity?,"Consider a photon mode (or state) with frequency $\omega$, which can be occupied by $0, 1, 2, \cdots$ photons. Let $\lambda = \frac{\hbar \omega}{kT}$, then the average number of photons is given by

$$
\bar{n} = \frac{\sum_{n=0}^{\infty} n e^{-n \lambda}}{\sum_{n=0}^{\infty} e^{-n \lambda}} = -\frac{1}{z} \frac{\partial z}{\partial \lambda}
$$

where the partition function

$$
z = \sum_{n=0}^{\infty} e^{-n \lambda} = \frac{1}{1-e^{-\lambda}}
$$

Therefore,

$$
\bar{n} = \frac{1}{e^{\lambda} - 1}
$$",\boxed{\frac{1}{e^{\lambda} - 1}},EX,,False,EN,Math Derivation
2987,Mechanics and Thermodynamics,Statistical Mechanics,Maxwell-Boltzmann Statistics,"In a classical ideal gas, let the number of molecules with a speed less than the most probable speed \( v_{\mathrm{p}} \) be \( N_{\mathrm{p}} \), and the total number of gas molecules be \( N \). Find the ratio \( r \equiv \frac{N_{\mathrm{p}}}{N} \).","Using the known formula,

\[
r = -\frac{2}{\sqrt{\pi}} e^{-1} + \operatorname{erf}(1)
\]

where \( e = 2.718 \), and \( \operatorname{erf}(1) = 0.8427 \). Therefore, the computation yields

\[
r = 0.4276
\]

This implies that approximately 43% of the molecules have a speed less than the most probable speed, regardless of the temperature.",\boxed{0.4276},NV,,False,EN,Practical Application
2991,Mechanics and Thermodynamics,Statistical Mechanics,Distribution Function and Statistical Entropy,"Consider an ideal lattice model, with $N$ lattice sites and an equal number of vacancy positions (i.e., positions between lattice sites where atoms can also occupy). $E$ is the energy required to move an atom from a lattice site to a vacancy position. Let $n$ denote the number of atoms occupying the vacancy positions at equilibrium. What is the entropy of the system? Provide the asymptotic expression for $n \gg 1$.","There are $C_{N}^{n}$ ways to remove $n$ atoms from $N$ lattice sites and $C_{N}^{n}$ ways to place them into $N$ vacancies. Therefore, the number of microscopic states is $\Omega=\left(C_{N}^{n}\right)^{2}$. Thus,

$$
S = k \ln \Omega = 2k \ln \frac{N!}{n!(N-n)!}
$$

When $n \gg 1$ and $(N-n) \gg 1$, using the approximation $\ln n! \approx n \ln n - n$, we get

$$
S = 2k [N \ln N - n \ln n - (N-n) \ln (N-n)]
$$",\boxed{S = 2k [N \ln N - n \ln n - (N-n) \ln (N-n)]},EQ,,False,EN,Math Derivation
2992,Mechanics and Thermodynamics,Statistical Mechanics,Distribution Function and Statistical Entropy,"Consider a system consisting of \(N(N \gg 1)\) distinguishable, non-free moving, non-interacting atoms. Each atom can occupy two non-degenerate energy levels: \(0\) and \(\varepsilon > 0\). \(E / N\) is the average energy per atom. The system is not necessarily in thermal equilibrium. What is the maximum possible value of \(E / N\)? If the system is in thermal equilibrium (within the range of positive temperatures), what is the maximum value that \(E / N\) can achieve?","When the system is not necessarily in thermal equilibrium, the maximum possible value of \(E / N\) is \(\varepsilon\); when the system is in thermal equilibrium at positive temperature, the maximum value of \(E / N\) is \(\varepsilon / 2\), corresponding to \(T \rightarrow \infty\).","\boxed{\varepsilon, \varepsilon / 2}","NV, NV","None, None",True,EN,Laws Application
2993,Mechanics and Thermodynamics,Statistical Mechanics,Ensemble Theory,"A system consists of \(N\) fixed particles, each with a spin of \(\frac{1}{2}\) and a magnetic moment of \(\mu_{0}\). The system is in a uniform external field \(H\), where the spin interacts only with the magnetic field and is otherwise free. Find the heat capacity and entropy of the system.","\[
c_{H} = \left(\frac{\partial E}{\partial T}\right)_{H} = N k \frac{\left(\frac{\mu_{0} H}{k T}\right)^{2}}{\cosh^{2}\left(\frac{\mu_{0} H}{k T}\right)}
\]

The total partition function of the system is

\[
Z = \left(\mathrm{e}^{\mu_{0} H \beta} + \mathrm{e}^{-\mu_{0} H \beta}\right)^{N}, \quad \beta = \frac{1}{k T}
\]

Thus,

\[
S = k \left(\ln Z - \beta \frac{\partial}{\partial \beta} \ln Z\right) = N k \left[\ln \left(\mathrm{e}^{\mu_{0} H \beta} + \mathrm{e}^{-\mu_{0} H \beta}\right) - \mu_{0} H \beta \tanh \left(\mu_{0} H \beta\right)\right]
\]","\boxed{c_{H} = N k \frac{\left(\frac{\mu_{0} H}{k T}\right)^{2}}{\cosh^{2}\left(\frac{\mu_{0} H}{k T}\right)}, S = N k \left[\ln \left(\mathrm{e}^{\mu_{0} H \beta} + \mathrm{e}^{-\mu_{0} H \beta}\right) - \mu_{0} H \beta \tanh \left(\mu_{0} H \beta\right)\right]}","EQ, EQ","\text{None}, \text{None}",True,EN,Math Derivation
2994,Mechanics and Thermodynamics,Statistical Mechanics,Ensemble Theory,"In a three-dimensional universe, the ratio of the heat capacities at constant pressure and constant volume for a monoatomic ideal gas is $\gamma = 5/3$. Derive the form of this result for $\gamma$ in an $n$-dimensional universe.","According to the equipartition theorem, the molar heat capacity at constant volume is $c_{v} = \frac{l}{2} k$, where $l$ is the number of degrees of freedom for energy. For a monoatomic molecule in an $n$-dimensional space, $l = n$. Also, from $c_{p} = c_{v} + k$, we get

$$
\gamma = c_{p} / c_{v} = \frac{n+2}{n}
$$",\boxed{\frac{n+2}{n}},EX,,False,EN,Math Derivation
2995,Mechanics and Thermodynamics,Statistical Mechanics,Ensemble Theory,"A non-interacting spin system is subjected to an external magnetic field $H$. Using $S = k(\ln z + \beta E)$, derive the relationship of $S$ with $H$ and $T$ as $S = f(H / T)$. Here, $z$ is the partition function, $E$ is the energy, $\beta = 1 / kT$, and $f(x)$ is some function whose specific form does not need to be determined. The partition function of the system is $Z = \left(2 \cosh \frac{\mu H}{k T}\right)^{N}$.

Find the expression for the entropy $S$ of the system and explain why cooling occurs during isothermal magnetization and adiabatic demagnetization.","$$
S = k(\ln z + \beta E) = N k \left\{ \ln \left[2 \cosh \left(\frac{\mu H}{k T}\right)\right] - \frac{\mu H}{k T} \tanh \left(\frac{\mu H}{k T}\right) \right\} = f\left(\frac{H}{T}\right)
$$

When the system undergoes isothermal magnetization and reaches a certain state with entropy $S$, followed by adiabatic demagnetization (where the entropy remains constant due to the adiabatic process), from $S = f\left(\frac{H}{T}\right)$, $T$ must also decrease correspondingly to maintain the invariance of the function's argument $\left(\frac{H}{T}\right)$. Thus, the system's temperature decreases, resulting in a cooling effect.",\boxed{N k \left\{ \ln \left[2 \cosh \left(\frac{\mu H}{k T}\right)\right] - \frac{\mu H}{k T} \tanh \left(\frac{\mu H}{k T}\right) \right\}},EX,,False,EN,Math Derivation
2998,Mechanics and Thermodynamics,Statistical Mechanics,Maxwell-Boltzmann Statistics,"In a system following Maxwell-Boltzmann statistics, the equilibrium temperature is $T$. The particle number distribution for non-degenerate energy levels is given below. Determine the system temperature $T$.

$$
\begin{array}{ll}
\text{Energy} / \mathrm{eV} & \text{Particle number percentage} \\
30.1 \times 10^{-3} & 3.1 \% \\
21.5 \times 10^{-3} & 8.5 \% \\
12.9 \times 10^{-3} & 23 \% \\
4.3 \times 10^{-3} & 63 \%
\end{array}
$$","The particle number distribution is given by $\frac{N_{2}}{N_{1}} = \mathrm{e}^{\left(\varepsilon_{1} - \varepsilon_{2}\right) / kT}$, so

$$
T = \frac{\varepsilon_{1} - \varepsilon_{2}}{k} \cdot \frac{1}{\ln \left(N_{2} / N_{1}\right)}
$$

By choosing different $N_{1}$ and $N_{2}$, the corresponding $T$ values obtained are:  
99.2; 99.5; 99.0; 99.5; 100.2; 98.8 (K)

Taking the average, we get  

$$
T = 99.4 \, \text{K}
$$",\boxed{99.4},NV,\text{K},False,EN,Laws Application
2999,Mechanics and Thermodynamics,Statistical Mechanics,Ensemble Theory,"At each vertex of an equilateral triangle, there is a particle with spin quantum number $1/2$, and the interaction Hamiltonian between them is given by
$$
H = \frac{\lambda}{3} \left(\sigma_{1} \cdot \sigma_{2} + \sigma_{2} \cdot \sigma_{3} + \sigma_{3} \cdot \sigma_{1}\right)
$$
where $\sigma$ are Pauli operators, and $\lambda$ is the interaction constant. Derive the partition function $Z$.","The partition function of the system is calculated based on the energy levels, which are $E = \lambda$ and $E = -\lambda$, with the corresponding degeneracy $g = 4$. Therefore, the partition function is
$$
Z = 4 \exp\left(-\frac{\lambda}{kT}\right) + 4 \exp\left(\frac{\lambda}{kT}\right) = 8 \cosh\left(\frac{\lambda}{kT}\right)
$$
where $T$ is the temperature of the system, and $k$ is the Boltzmann constant.",\boxed{8 \cosh\left(\frac{\lambda}{kT}\right)},EX,,False,EN,Math Derivation
3000,Mechanics and Thermodynamics,Statistical Mechanics,Maxwell-Boltzmann Statistics,"Determine the temperature of $6.0 \times 10^{22}$ helium atoms, where the helium is at atmospheric pressure and occupies a volume of 2.0 L.","By applying the ideal gas law equation, we have

$$
T = \frac{pV}{Nk} = 241 \, \text{K}
$$",\boxed{241},NV,\text{K},False,EN,Laws Application
3001,Mechanics and Thermodynamics,Statistical Mechanics,Maxwell-Boltzmann Statistics,Does the divergence of the partition function between a hydrogen atom and a heat reservoir partly or wholly stem from your choice of the zero point energy?,"The divergence is independent of the choice of zero point energy. If we choose

$$
E=-\frac{E_{0}}{n^{2}}+E^{\prime},
$$

then

$$
z^{\prime}=\mathrm{e}^{-E^{\prime} / k T}\left(\sum_{n=1}^{\infty} 2n^{2} \mathrm{e}^{E_{0} / n^{2} k T}\right)
$$

is still divergent.",\boxed{No},TF,,False,EN,Practical Application
3006,Mechanics and Thermodynamics,Statistical Mechanics,Ensemble Theory,"An insulating solid contains $N_{\mathrm{A}}$ non-magnetic atoms and $N_{I}$ magnetic impurity atoms, each with a spin of $\frac{3}{2}$. The spin of each impurity atom is free and independent of the rotation of other atoms. A magnetic field is applied to this system at a normal temperature $T$, with the field's strength sufficient to align all spins. What is the change in entropy of this system when the magnetic field is applied? What is the symbol for this change?","The entropy $S=k \ln (\text{number of microscopic states})$. The entropy of the spin system before the magnetic field is applied is $S=k N_{I} \ln 4$, and the entropy after the magnetic field is applied is $S=0$. Therefore, the entropy decreases by $k N_{I} \ln 4$.",\boxed{k N_{I} \ln 4},EX,,False,EN,Knowledge Recall
3008,Mechanics and Thermodynamics,Statistical Mechanics,Ensemble Theory,"Using the known internal energy expression $U=U_{0}+a(T) T^{7 / 3}$, derive the expression for the heat capacity of surface waves $c$ and discuss its behavior in the low-temperature limit as $T \rightarrow 0 \mathrm{~K}$.","The heat capacity of surface waves is given by

\[
c=\frac{\partial}{\partial T} U=\frac{7}{3} a(T) T^{4 / 3}-\frac{B}{T} \cdot \frac{\omega_{\mathrm{D}}^{7 / 3}}{\exp \left(\hbar \omega_{\mathrm{D}} / k_{\mathrm{B}} T\right)-1}
\]

At low temperatures, as $T \rightarrow 0 \mathrm{~K}$, we have

\[
c=\frac{7}{3} a T^{4 / 3}
\]

where

\[
a =0.562 \frac{A k_{\mathrm{B}}}{\pi}\left(\frac{k_{\mathrm{B}}}{\hbar}\right)^{4 / 3}\left(\frac{\rho}{\sigma}\right)^{2 / 3}
\]",\boxed{\frac{7}{3} a T^{4 / 3}},EX,,False,EN,Math Derivation
3009,Mechanics and Thermodynamics,Statistical Mechanics,Distribution Function and Statistical Entropy,"A system is composed of \(N (N \gg 1)\) nearly independent particles. The energy of each particle can take only two values: \(\varepsilon_{1}=0\) and \(\varepsilon_{2}=\varepsilon>0\). The numbers of particles at energy levels \(\varepsilon_{1}\) and \(\varepsilon_{2}\) are \(N_{1}\) and \(N_{2}\) respectively. Find the relationship between the temperature \(T\) of the system and the system's energy \(E\). Under what condition for \(N_{1}\) does \(T<0 \, \mathrm{K}\)?","The condition for the system to have a negative temperature. Let \(T\) and \(U\) be the temperature and internal energy of the system, respectively. According to thermodynamic theory, we have

\[
T^{-1}=\left(\frac{\partial S}{\partial U}\right)_{N} \tag{6}
\]

In equation (5), substituting \(E=\bar{E}=U\) and then plugging equation (5) into equation (6), we obtain

\[
T=\frac{\varepsilon}{k \ln (N \varepsilon / U-1)}=\frac{\varepsilon}{k \ln \left(N_{1} / N_{2}\right)} \tag{7}
\]

From equation (7), when the number of particles in the higher energy level \(N_{2}\) is more than the number of particles in the lower energy level \(N_{1}\), or when \(N_{1}=N-N_{2}<N / 2\) or \(N_{2}=N-N_{1}>N / 2\), \(T<0 \, \mathrm{K}\), meaning the system has a negative temperature.",\boxed{N_1 < \frac{N}{2}},IN,,False,EN,Laws Application
3011,Mechanics and Thermodynamics,Statistical Mechanics,Ensemble Theory,"A system consists of \(N\) fixed particles, each with a spin of \(\frac{1}{2}\) and a magnetic moment of \(\mu_{0}\). The system is in a uniform external field \(H\), with the spins interacting only with the magnetic field and otherwise being free. Express the system's energy in terms of the total magnetic moment \(M\) and the external field.",The total energy \(E = -MH\),\boxed{-MH},EX,,False,EN,Knowledge Recall
3012,Mechanics and Thermodynamics,Statistical Mechanics,Ensemble Theory,"In a lattice, there are $N$ nearly independent ions, each with a spin of $1/2$ and a magnetic moment of $\mu_{0}$. The system is in a uniform external field $B$ and at a temperature $T$. Calculate the average magnetic moment $\bar{M}$ and the fluctuation of the magnetic moment $\Delta M=\sqrt{\overline{(M-\bar{M})^{2}}}$.","The average magnetic moment is given by
$$
\bar{M}=N \mu_{0} \tanh \left(\frac{\mu_{0} B}{k T}\right)
$$

For a single ion, we have
$$
\overline{(\Delta m)^{2}}=\overline{m^{2}}-(\bar{m})^{2}=\mu_{0}^{2}-\mu_{0}^{2} \tanh ^{2}\left(\frac{\mu_{0} B}{k T}\right)=\frac{\mu_{0}^{2}}{\cosh ^{2}\left(\frac{\mu_{0} B}{k T}\right)}
$$

For the entire system, we have
$$
\begin{gathered}
\overline{(\Delta M)^{2}}=N \overline{(\Delta m)^{2}} \\
\Delta M=\sqrt{N} \frac{\mu_{0}}{\cosh \left(\frac{\mu_{0} B}{k T}\right)}
\end{gathered}
$$","\boxed{N \mu_{0} \tanh \left(\frac{\mu_{0} B}{k T}\right), \sqrt{N} \frac{\mu_{0}}{\cosh \left(\frac{\mu_{0} B}{k T}\right)}}","EX, EX",,True,EN,Math Derivation
3014,Mechanics and Thermodynamics,Statistical Mechanics,Maxwell-Boltzmann Statistics,"An ideal monatomic molecular gas is enclosed in a cylinder with a radius of $a$ and a length of $L$. The cylinder rotates around its axis of symmetry with an angular velocity $\omega$. In the rotating coordinate system, the ideal gas is in thermal equilibrium at a temperature $T$. Assume the mass of a gas atom is $m$ and the gas follows classical statistics. Find the average particle number density as a function of $r$.","The average particle number density is

$$
\frac{\Delta N}{\Delta V}=\frac{N}{h^{3}} \int \mathrm{~d}^{3} \boldsymbol{p}^{\prime} \mathrm{e}^{-\beta\left(p^{\prime 2} / 2 m+\phi-m \omega^{2} r^{2} / 2\right)} / Z = \frac{N}{\pi L} \frac{\exp \left(-\frac{m \omega^{2} r^{2}}{2 k T}\right)}{\frac{2 k T}{m \omega^{2}}\left(\exp \frac{m \omega^{2} a^{2}}{2 k T}-1\right)}, \quad (r < a)
$$

where $N$ is the number of gas particles.","\boxed{\frac{N}{\pi L} \frac{\exp \left(-\frac{m \omega^{2} r^{2}}{2 k T}\right)}{\frac{2 k T}{m \omega^{2}}\left(\exp \frac{m \omega^{2} a^{2}}{2 k T}-1\right)}, \ (r < a)}","EX, IN",,True,EN,
3016,Mechanics and Thermodynamics,Statistical Mechanics,Maxwell-Boltzmann Statistics,"Given that water and the vapor above it are in equilibrium. Water vapor can be considered as a classical ideal gas, and it is assumed that any vapor molecules that hit the water surface condense into water. The temperature of the water is $25^{\circ} \mathrm{C}$, and the saturated vapor pressure is $p=23.8 \mathrm{mmHg}$. Calculate the number of molecules evaporating from the unit area of the water surface per unit time.","Since it is assumed that any vapor molecules that hit the water surface condense into water, and water is in equilibrium with the vapor above it, the number of molecules evaporating from the water surface equals the number of vapor molecules colliding with the water surface. Considering water vapor as an ideal gas, the number of molecules colliding with the unit area of the water surface per unit time is given by:

\[
\Gamma = \frac{1}{4} n \bar{v} \tag{1}
\]

where $n$ is the number density of gas molecules, and $\bar{v}$ is the average velocity of vapor molecules:

\[
\bar{v} = \sqrt{\frac{8 k T}{\pi m}} \tag{2}
\]

The equation of state for a classical ideal gas is:

\[
p = n k T \tag{3}
\]

By substituting equations (2) and (3) into equation (1), we can obtain the number of molecules evaporating from the unit area of the water surface per unit time as:

\[
\Gamma = \frac{p}{4 k T} \sqrt{\frac{8 k T}{\pi m}} = \frac{p}{\sqrt{2 \pi m k T}} \tag{4}
\]

The mass of a water molecule is $m = 18 \times 1.66 \times 10^{-27} \mathrm{~kg}$, the temperature of the water is $T = 25^{\circ} \mathrm{C} = 298 \mathrm{~K}$, the saturated vapor pressure of the water is $p = 23.8 \mathrm{mmHg}$, $1 \mathrm{mmHg} = 1.33 \times 10^{2} \mathrm{~N/m}^{2}$, and the Boltzmann constant is $k = 1.38 \times 10^{-23} \mathrm{~J/K}$. By substituting these values into equation (4), we find the number of molecules evaporating from the unit area of the water surface per unit time is $\Gamma = 1.14 \times 10^{26} \mathrm{~m}^{-2} \cdot \mathrm{s}^{-1}$.",\boxed{1.14 \times 10^{26}},NV,,False,EN,Laws Application
3017,Mechanics and Thermodynamics,Statistical Mechanics,Distribution Function and Statistical Entropy,A localized particle system with a very large number of particles $N$ exists in an external magnetic field $\boldsymbol{H}$. Each particle has a spin of $\frac{1}{2}$. Determine the relationship between the state number of the system and the $z$ component of the total spin $M_{\mathrm{s}}$.,"Each particle's spin has two possible orientations: $\frac{1}{2}$ and $-\frac{1}{2}$. Suppose there are $N_{\uparrow}$ particles with a spin of $\frac{1}{2}$, whose spin orientation is parallel to $\boldsymbol{H}$, and $N_{\downarrow}$ particles with a spin of $-\frac{1}{2}$, whose spin orientation is antiparallel to $\boldsymbol{H}$. Then, the total spin of the system is $M_{\mathrm{s}} = \frac{1}{2} \left( N_{\uparrow} - N_{\downarrow} \right)$. From $N_{\uparrow} + N_{\downarrow} = N$, we have $N_{\uparrow} = \frac{N}{2} + M_{\mathrm{s}} ; N_{\downarrow} = \frac{N}{2} - M_{\mathrm{s}}$. The number of states of the system is

$$
\Omega = \frac{N!}{N_{\uparrow}! N_{\downarrow}!} = \frac{N!}{\left[ \frac{N}{2} + M_{\mathrm{s}} \right]! \left[ \frac{N}{2} - M_{\mathrm{s}} \right]!}
$$",\boxed{\Omega = \frac{N!}{\left[ \frac{N}{2} + M_{\mathrm{s}} \right]! \left[ \frac{N}{2} - M_{\mathrm{s}} \right]!}},EQ,,False,EN,Math Derivation
3018,Mechanics and Thermodynamics,Statistical Mechanics,Ensemble Theory,"In two containers with volumes \( V_1 \) and \( V_2 \), respectively, there are ideal gases with temperature \( T \). The number of gas molecules in each container is \( N \), and the pressures are \( p_1 \) and \( p_2 \), respectively. The containers are connected to a heat source, allowing the gases to mix without performing work. Determine the change in entropy. Specially verify whether your answer is meaningful when \( V_1 = V_2 \) (i.e., \( p_1 = p_2 \)).","After mixing, the ideal gas temperature remains unchanged, at this point

\[ 
\begin{aligned}
S' = 2Nk\left[\ln \frac{V_1+V_2}{2N} + \frac{3}{2} \ln \left(\frac{2 \pi mkT}{h^2}\right) + \frac{5}{2} + S_0\right] \\
\Delta S = S' - S = 2Nk \ln \frac{V_1+V_2}{2\sqrt{V_1 V_2}} = 2Nk \ln \frac{p_1+p_2}{2\sqrt{p_1 p_2}}
\end{aligned}
\]

When \( V_1 = V_2 \), \(\Delta S = 0\), which is precisely what is required.",\boxed{2Nk \ln \frac{V_1+V_2}{2\sqrt{V_1 V_2}}},EX,,False,EN,Laws Application
3019,Mechanics and Thermodynamics,Statistical Mechanics,Ensemble Theory,"Express the $\overline{E^{2}}$ of any system in terms of the derivative of $\ln z$, where the system is in contact with a heat reservoir at an absolute temperature $T = \frac{1}{k \beta}$.","$$
\overline{E^{2}} = \frac{\sum_{n} E_{n}^{2} \mathrm{e}^{-\beta E_{n}}}{\sum_{n} \mathrm{e}^{-\beta E_{n}}} = \frac{\frac{\partial^{2}}{\partial \beta^{2}} z}{z} = \frac{\partial}{\partial \beta}\left(\frac{\partial}{\partial \beta} \ln z\right)+\left(\frac{\partial}{\partial \beta} \ln z\right)^{2}
$$",\boxed{\frac{\partial}{\partial \beta}\left(\frac{\partial}{\partial \beta} \ln z\right)+\left(\frac{\partial}{\partial \beta} \ln z\right)^{2}},EX,,False,EN,Math Derivation
3020,Mechanics and Thermodynamics,Statistical Mechanics,Maxwell-Boltzmann Statistics,"Consider a monatomic gas with molecules that have two energy levels for internal degrees of freedom: the ground state with degeneracy $g_{1}$, and an excited state whose energy is higher than the ground state by $E$, with degeneracy $g_{2}$. By calculating the average energy rate of change of the atoms, find the specific heat capacity at constant volume, $c_v$, of the gas.","The specific heat capacity at constant volume, $c_v$, is given by:

$$
\begin{aligned}
c_{v} & =\frac{\partial \varepsilon}{\partial T}=\frac{3}{2} k+\frac{\partial}{\partial T}\left(\frac{g_{2} E \mathrm{e}^{-E / k T}}{g_{1}+g_{2} \mathrm{e}^{-E / k T}}\right) \\
& =\frac{3}{2} k+\frac{\partial}{\partial T}\left(\frac{g_{2} E}{g_{2}+g_{1} \mathrm{e}^{E / k T}}\right) \\
& =\frac{3}{2} k+\frac{g_{1} g_{2} E^{2} \mathrm{e}^{E / k T}}{k T^{2}\left(g_{2}+g_{1} \mathrm{e}^{E / k T}\right)^{2}}
\end{aligned}
$$",\boxed{\frac{3}{2} k+\frac{g_{1} g_{2} E^{2} \mathrm{e}^{E / k T}}{k T^{2}\left(g_{2}+g_{1} \mathrm{e}^{E / k T}\right)^{2}}},EX,,False,EN,Math Derivation
3021,Mechanics and Thermodynamics,Statistical Mechanics,Maxwell-Boltzmann Statistics,(2) Assume that the Earth's atmosphere is composed of pure nitrogen gas in thermal equilibrium at a temperature of 300 K. Determine the height above sea level where the atmospheric density is half of its density at sea level.,"Take the direction perpendicular to the sea level as the $z$-axis, with sea level at $z=0$. According to the Maxwell-Boltzmann distribution, the number of molecules in the volume element $\mathrm{d}x \mathrm{~d}y \mathrm{~d}z$ at height $z$ is given by

$$
\mathrm{d}N^{\prime} = n_{0} \mathrm{e}^{-m g z / k T} \mathrm{d}x \mathrm{~d}y \mathrm{~d}z
$$

And the number of molecules per unit volume at height $z$ is

$$
n(z) = n_{0} \mathrm{e}^{-m g z / k T}
$$

Thus,

$$
z = \frac{k T}{m g} \ln \frac{n_{0}}{n} = \frac{R T}{\mu g} \ln \frac{n_{0}}{n}
$$

For nitrogen gas, the molecular weight $\mu = 28 \, \mathrm{g/mol}$, with $g = 9.8 \, \mathrm{m/s}^{2}$, $R = 8.31 \, \mathrm{J/(K\cdot mol)}$, and $T = 300 \, \mathrm{K}$. When $\frac{n_{0}}{n} = 2$, we calculate

$$
z \approx 6297 \, \mathrm{m}
$$

This means that at an altitude of 6297 meters, the density of particles is half of that at sea level.",\boxed{6297},NV,\mathrm{m},False,EN,Laws Application
3023,Mechanics and Thermodynamics,Statistical Mechanics,Ensemble Theory,"Calculate the partition function \( z \) for a single spinless atom, with the atom having mass \( M \), freely moving within a cube of volume \( V=L^{3} \). Express the result in terms of the quantum concentration \( n_{q}=\left(2 \pi M k T / h^{2}\right)^{3 / 2} \) and explain the physical significance of \( n_{q} \).","The energy eigenvalues are given by

\[
\varepsilon=\frac{h^{2}}{2 M}\left(\frac{n_{x}^{2}}{L^{2}}+\frac{n_{y}^{2}}{L^{2}}+\frac{n_{z}^{2}}{L^{2}}\right)=\frac{1}{2 M}\left(p_{x}^{2}+p_{y}^{2}+p_{z}^{2}\right)=\frac{p^{2}}{2 M}
\]

where \( n_{x}, n_{y}, n_{z}=0, \pm 1, \ldots \), and the energy levels can be treated as quasi-continuous. Therefore, the number of quantum states within the range \( p \rightarrow p+\mathrm{d} p \) is \( \frac{4 \pi V}{h^{3}} p^{2} \mathrm{~d} p \). The number of states for energy in the range \( \varepsilon \rightarrow \varepsilon+\mathrm{d} \varepsilon \) is \( \frac{2 \pi V}{h^{3}}(2 M)^{3 / 2} \varepsilon^{1 / 2} \mathrm{~d} \varepsilon \). Thus,

\[
z=\int_{0}^{\infty} \frac{2 \pi V}{h^{3}}(2 M)^{3 / 2} \varepsilon^{1 / 2} \mathrm{e}^{-\beta \varepsilon} \mathrm{d} \varepsilon=\frac{V}{h^{3}}\left(\frac{M k T}{2 \pi}\right)^{3 / 2} \cdot\left(4 \pi^{2}\right)^{3 / 2}=V \cdot n_{q}
\]

where \( n_{q}=\left(2 \pi M k T / h^{2}\right)^{3 / 2} \) represents the average number of quantum states per unit volume.",\boxed{V \cdot n_{q}},EX,,False,EN,Math Derivation
3024,Mechanics and Thermodynamics,Statistical Mechanics,Ensemble Theory,"During an adiabatic demagnetization process, the sample is always in contact with a heat reservoir at temperature $T_{0}$. The magnetic field applied to the sample increases from 0 to $H_{0}$. Then, the sample is removed from the heat reservoir while the external magnetic field is reduced to $H_{1}$, where $H_{1} < H_{0}$. What is the final temperature of the sample?","In adiabatic demagnetization, the entropy of the sample remains constant, i.e., $S_{1} = S_{0}$, thus the magnetic moment per unit volume $\eta$ is constant, $\eta_{1} = \eta_{0}$. Therefore, we have $T_{1} = H_{1} T_{0} / H_{0}$, so $T_{1} < T_{0}$.",\boxed{T_{1} = \frac{H_{1} T_{0}}{H_{0}}},EQ,,False,EN,Laws Application
3026,Mechanics and Thermodynamics,Statistical Mechanics,Ensemble Theory,"In the extreme relativistic limit, an ideal Boltzmann gas is composed of $N$ indistinguishable particles within a volume $V$. Determine the heat capacity $C$ of the system at equilibrium temperature $T$.","Let the total partition function be $Z$, the internal energy be $U$, and the heat capacity be $C$. In the extreme relativistic limit, using the relationship between the energy and momentum of particles, the internal energy $U$ is given by:

$$
U = -\frac{\partial}{\partial \beta} \ln Z = 3 N k T
$$

The heat capacity $C$ is:

$$
C = 3 N k
$$",\boxed{3Nk},EX,,False,EN,
3027,Mechanics and Thermodynamics,Statistical Mechanics,Ensemble Theory,"The volume of the gas is \( V \), and its temperature is \( T \). The gas consists of \( N \) distinguishable particles with zero rest mass, and the relationship between the energy \( \varepsilon \) and momentum \( p \) of a particle is given by \( \varepsilon = cp \), where \( c \) is the speed of light. The number of single-particle states in the interval \( p \) to \( p + \mathrm{d}p \) is \( \frac{4 \pi V p^{2} \mathrm{d}p}{h^{3}} \). Determine the equation of state for this gas.","The gas has a volume \( V \) and temperature \( T \). It is composed of \( N \) distinguishable particles with zero rest mass, with energy expressed as \( \varepsilon = cp \), where \( c \) is the speed of light and \( p \) the momentum of the particles. The energy of the gas is \( E = \sum_{i} \varepsilon_{i} = \sum_{i} cp_{i} \). Using the continuous approximation, the partition function of the system is

\[
Z = \frac{1}{h^{3N}} \int \exp\left( -\frac{E}{kT} \right) \mathrm{d}V_{1} \cdots \mathrm{d}V_{N} \mathrm{d}^{3} \boldsymbol{p}_{1} \cdots \mathrm{d}^{3} \boldsymbol{p}_{N} = \left[\frac{4 \pi V}{h^{3}} \int_{0}^{\infty} p^{2} \exp\left( -\frac{cp}{kT} \right) \mathrm{d}p \right]^{N}
\]

\[
= \left[ 8 \pi V \left( \frac{kT}{hc} \right)^{3} \right]^{N} \tag{1}
\]

The free energy of the gas is \( F = -kT \ln Z \). From equation (1), we obtain

\[
F = -NkT \left\{ 3 \ln T + \ln V + \ln \left[ 8 \pi \left( \frac{k}{hc} \right)^{3} \right] \right\} \tag{2}
\]

Using equation (2) and the thermodynamic relation \(\mathrm{d}F = -p \mathrm{d}V - S \mathrm{d}T\), the pressure of the gas is

\[
p = -\left( \frac{\partial F}{\partial V} \right)_{T} = n k T \tag{3}
\]

where \( n = \frac{N}{V} \) is the number density of the gas molecules. Equation (3) is the equation of state for the gas.",\boxed{p = n k T},EQ,,False,EN,Math Derivation
3028,Mechanics and Thermodynamics,Statistical Mechanics,Ensemble Theory,"A vapor (dilute gas) is in thermal equilibrium, and the number of particles in the vapor is \(N_{\mathrm{g}}\). Find the partition function \(Z\) of the vapor.","The energy of the vapor is
\[
E=\sum_{i=1}^{N_{\mathrm{g}}} \frac{p_{i}^{2}}{2 m}
\]
Taking into account the indistinguishability and identical nature of the particles, the partition function of the vapor is
\[
Z=\frac{1}{N_{\mathrm{g}}!} \int \exp \left(-\frac{E}{k T}\right) \mathrm{d} \Omega=\frac{1}{N_{\mathrm{g}}!}\left[V\left(\frac{2 \pi m k T}{h^{2}}\right)^{3 / 2}\right]^{N_{\mathrm{g}}}
\]","\[
\boxed{\frac{1}{N_{\mathrm{g}}!}\left[V\left(\frac{2 \pi m k T}{h^{2}}\right)^{3 / 2}\right]^{N_{\mathrm{g}}}}
\]",EX,,False,EN,Math Derivation
3030,Mechanics and Thermodynamics,Statistical Mechanics,Maxwell-Boltzmann Statistics,"Given that the surface temperature of the Earth is $T_{0}$, and the angular diameter of the Sun as seen from the Earth is $\theta$, estimate the surface temperature of the Sun (assuming the Earth's surface temperature is uniform and the reflectivity of the Earths surface to solar radiation is $\varepsilon$). Based on this result, substitute the values of each quantity and roughly calculate the numerical value of the Sun's surface temperature.","When the gas is in equilibrium at temperature \(T\), it follows the Maxwell velocity distribution law. The number of molecules within a unit volume with velocities between \(\boldsymbol{v}\) and \(\boldsymbol{v}+\mathrm{d} \boldsymbol{v}\) is given by:

\[
f(v) \mathrm{d} v=n\left(\frac{m}{2 \pi k T}\right)^{3 / 2} \exp \left(-\frac{m v^{2}}{2 k T}\right) \mathrm{d} v \tag{1}
\]

To calculate the number of collisions, consider the two types of molecules as elastic hard spheres with diameters \(d_{1}\) and \(d_{2}\). Using the center of a molecule of the first type as the sphere's center and a radius of \(d_{12}=(d_{1}+d_{2})/2\), the sphere surface is conceptualized. When two molecules collide, the center of the second type must be on this imaginary sphere, with \(v_{r}=v_{2}-v_{1}\) being the relative velocity of molecule 2 concerning molecule 1. In a time \(\mathrm{d} t\), for the second type of molecule to collide with the first within the solid angle element \(\mathrm{d} \Omega\) along the axis direction \(\boldsymbol{n}\), it must be located within a cylinder with base \(d_{12}^{2} \mathrm{d} \Omega\) and height \(v_{r} \cos \theta \mathrm{d} t\). The volume of this cylinder is:

\[
\mathrm{d} \tau=d_{12}^{2} v_{r} \cos \theta \mathrm{d} \Omega \mathrm{d} t \tag{2}
\]

Therefore, in time \(\mathrm{d} t\), the number of collisions within the solid angle element \(\mathrm{d} \Omega\) along the axis \(\boldsymbol{n}\) between a molecule 1 with speed \(\boldsymbol{v}_{1}\) and molecule 2 with speeds in the range \(\boldsymbol{v}_{2}\) to \(\boldsymbol{v}_{2}+\mathrm{d} \boldsymbol{v}_{2}\) is:

\[
f_{2}\left(\boldsymbol{v}_{2}\right) \mathrm{d} \boldsymbol{v}_{2} \mathrm{d} \tau = d_{12}^{2} v_{r} \cos \theta f_{2}\left(\boldsymbol{v}_{2}\right) \mathrm{d} \boldsymbol{v}_{2} \mathrm{d} \Omega \mathrm{d} t \tag{3}
\]

Thus, the average number of collisions in unit time between one molecule of the first type and all molecules of the second type is:

\[
\overline{\Theta_{12}} = \frac{1}{n_{1}} \iiint d_{12}^{2} v_{r} \cos \theta \cdot f_{1}\left(\boldsymbol{v}_{1}\right) f_{2}\left(\boldsymbol{v}_{2}\right) \mathrm{d} \boldsymbol{v}_{1} \mathrm{d} \boldsymbol{v}_{2} \mathrm{d} \Omega \tag{5}
\]

Completing the angular integration:

\[
\int \cos \theta \mathrm{d} \Omega = \int_{0}^{2 \pi} \mathrm{d} \varphi \cdot \int_{0}^{\pi} \cos \theta \sin \theta \mathrm{d} \theta = \pi \tag{6}
\]

We find:

\[
\overline{\Theta_{12}} = \pi n_{2} d_{12}^{2}\left(\frac{m_{1}}{2 \pi k T}\right)^{3/2}\left(\frac{m_{2}}{2 \pi k T}\right)^{3/2} \iint v_{r} \exp \left(-\frac{m_{1} v_{1}^{2}+m_{2} v_{2}^{2}}{2 k T}\right) \mathrm{d} \boldsymbol{v}_{1} \mathrm{d} \boldsymbol{v}_{2} \tag{7}
\]

Introducing the velocity of the center of mass:

\[
\boldsymbol{v}_{\mathrm{c}} = \frac{1}{m_{1}+m_{2}}\left(m_{1} \boldsymbol{v}_{1}+m_{2} \boldsymbol{v}_{2}\right) \tag{8}
\]

We have:

\[
\frac{1}{2} m_{1} v_{1}^{2}+\frac{1}{2} m_{2} v_{2}^{2}=\frac{1}{2} M v_{\mathrm{c}}^{2}+\frac{1}{2} \mu v_{r}^{2} \tag{9}
\]

And

\[
\mathrm{d} \boldsymbol{v}_{\mathrm{c}} \mathrm{d} \boldsymbol{v}_{r}=|J| \mathrm{d} \boldsymbol{v}_{1} \mathrm{d} \boldsymbol{v}_{2} \tag{10}
\]

where \(M=m_{1}+m_{2}\) is the total mass of the two molecules, and \(\mu=m_{1} m_{2} /(m_{1}+m_{2})\) is the reduced mass of the two molecules. The absolute value of the Jacobian determinant is:

\[
|J|= \left|\frac{\partial(\boldsymbol{v}_{\mathrm{c}}, \boldsymbol{v}_{r})}{\partial(\boldsymbol{v}_{1}, \boldsymbol{v}_{2})}\right|=1 \tag{11}
\]

Substituting these results into equation (7), we finally obtain the average frequency of collisions between a molecule of the first type and those of the second type:

\[
\overline{\Theta_{12}} = \pi n_{2} d_{12}^{2}\left(\frac{m_{1}}{2 \pi k T}\right)^{3/2}\left(\frac{m_{2}}{2 \pi k T}\right)^{3/2} \int \exp \left(-\frac{M v_{c}^{2}}{2 k T}\right) \mathrm{d} v_{\mathrm{c}} \cdot \int v_{r} \exp \left(-\frac{\mu v_{r}^{2}}{2 k T}\right) \mathrm{d} v_{r} = \pi n_{2} d_{12}^{2} \sqrt{\frac{8 k T}{\pi \mu}} = \pi n_{2} d_{12}^{2}\left(1+\frac{m_{1}}{m_{2}}\right)^{1/2} \overline{v_{1}} \tag{12}
\]

where \(\overline{v_{1}}=\sqrt{8 k T / \pi m_{1}}\) is the average speed of the first type of molecule, and \(n_{1}\) and \(n_{2}\) are the molecular number densities of the first and second types of gas molecules, respectively. For identical molecules, the average collision frequency is \(\Theta=\sqrt{2} n \pi d^{2} v\).",\boxed{6000},NV,\mathrm{K},False,EN,
3031,Mechanics and Thermodynamics,Statistical Mechanics,Maxwell-Boltzmann Statistics,"A string of length \( l \) has its endpoints fixed. The distance between the two endpoints is \( x \). A particle of mass \( m \) is attached to the midpoint of the string. The particle rotates around an axis passing through the endpoints of the string and is in thermal contact with the environment. The temperature of the environment is \( T \). According to the equipartition theorem, find the average value of the square of the particle's angular velocity \(\overline{\left(\frac{\mathrm{d} \theta}{\mathrm{d} t}\right)^2}\).","According to the equipartition theorem, the average kinetic energy of the particle is \( \bar{E} = \frac{k T}{2} \). Substituting into the kinetic energy expression, the average value of the square of the particle's angular velocity is

\[
\overline{\left(\frac{\mathrm{d} \theta}{\mathrm{d} t}\right)^2} = \frac{4 k T}{m(l^2 - x^2)} \tag{3}
\]",\boxed{\frac{4 k T}{m(l^2 - x^2)}},EX,\mathrm{s^{-2}},False,EN,Laws Application
3032,Mechanics and Thermodynamics,Statistical Mechanics,Distribution Function and Statistical Entropy,"A crystal has \(N\) atoms and possesses Frenkel defects. The number of normal positions and interstitial positions are \(N\) and \(N^{\prime}\), respectively. When atoms are in normal and interstitial positions, their energies are \(\varepsilon_{1}\) and \(\varepsilon_{2}\), respectively, such that \(\varepsilon_{2} - \varepsilon_{1} = w > 0\). If \(N^{\prime} = N\) and \(n \ll N\), try to simplify the functional relationship between \(n\) and \(T\).","If \(N^{\prime} = N\) and \(n \ll N\), then from equation (6), we obtain:

\[
n = N \exp\left(-\frac{w}{2 k T}\right) \tag{10}
\]",\boxed{N \exp\left(-\frac{w}{2 k T}\right)},EX,,False,EN,Laws Application
3033,Mechanics and Thermodynamics,Statistical Mechanics,Maxwell-Boltzmann Statistics,The average kinetic energy of hydrogen atoms in the atmosphere of a certain star is 1.0 eV. What is the temperature of the atmosphere in Kelvin?,"The temperature of the atmosphere is

\[
T=\frac{2 \varepsilon}{3 k}=\frac{2 \times 1.6 \times 10^{-19}}{3 \times 1.38 \times 10^{-23}}=7.7 \times 10^{3} \, \text{K}
\]",\boxed{7.7 \times 10^{3}},NV,\text{K},False,EN,Laws Application
3035,Mechanics and Thermodynamics,Statistical Mechanics,Maxwell-Boltzmann Statistics,"A material composed of $N$ independent particles is placed in a weak external magnetic field $\boldsymbol{H}$. Each particle can have a magnetic moment $m \mu$ along the direction of the magnetic field, where $m = J, J-1, \cdots, -J+1, -J, J$ are integers, and $\mu$ is a constant. The system's temperature is $T$. Determine the asymptotic form of $\bar{M}$ in the high-temperature limit.","When $k T \gg \mu H$, using the approximation $\operatorname{coth} x \approx \frac{1}{x}\left(1+\frac{x^{2}}{3}\right)$ for $x \ll 1$, we obtain

$$
\bar{M} \approx \frac{1}{3} N J(J+1) \frac{\mu^{2} H}{k T}
$$","\[
\boxed{\frac{1}{3} N J(J+1) \frac{\mu^{2} H}{k T}}
\]",EX,,False,EN,Math Derivation
3036,Mechanics and Thermodynamics,Statistical Mechanics,Ensemble Theory,"A non-interacting spin system is subject to an external magnetic field $H$. From $S = k(\ln z + \beta E)$, derive the relationship of $S$ with respect to $H$ and $T$ as $S = f(H / T)$. Discuss how to achieve a system with $T < 0 \, \mathrm{K}$ and explain whether it's possible to obtain $T = 0 \, \mathrm{K}$.","By suddenly reversing the external magnetic field to a certain value in a time shorter than the relaxation time of the spin magnetic moment, it is possible to create a state with $T < 0 \, \mathrm{K}$. However, it is not possible to reach $T = 0 \, \mathrm{K}$ because the state with $T < 0 \, \mathrm{K}$ corresponds to a higher energy state of the system.",\boxed{No},TF,,False,EN,Math Derivation
3038,Mechanics and Thermodynamics,Statistical Mechanics,Maxwell-Boltzmann Statistics,"A cubic container with a side length of 20 cm contains hydrogen gas at a temperature of 300 K (diatomic molecules, two atoms separated by $10^{-8} \text{ cm}$, each hydrogen atom weighing $1.66 \times 10^{-24} \text{ g})$. Assume the hydrogen gas is an ideal gas and ignore vibrational degrees of freedom. Calculate the molar heat capacities $c_{\mathrm{p}}$ and $c_{\mathrm{v}}$ for this gas.","$$
\begin{aligned}
c_{\mathrm{v}} & =\frac{5}{2} R=21 \text{ J/(mol K)} \\
c_{\mathrm{p}} & =\frac{7}{2} R=29 \text{ J/(mol K)}
\end{aligned}
$$","\boxed{c_{\mathrm{v}} = 21, c_{\mathrm{p}} = 29}",EQ,"\text{J/(mol K)}, \text{J/(mol K)}",True,EN,Knowledge Recall
3039,Mechanics and Thermodynamics,Statistical Mechanics,Maxwell-Boltzmann Statistics,"What is the entropy change of 1 kg of water initially at 0C coming into contact with a heat source at 100C, when the water reaches 100C?","When the gas is in equilibrium at temperature \(T\), it follows the Maxwell velocity distribution law. The number of molecules within a unit volume with velocities between \(\boldsymbol{v}\) and \(\boldsymbol{v}+\mathrm{d} \boldsymbol{v}\) is given by:

\[
f(v) \mathrm{d} v=n\left(\frac{m}{2 \pi k T}\right)^{3 / 2} \exp \left(-\frac{m v^{2}}{2 k T}\right) \mathrm{d} v \tag{1}
\]

To calculate the number of collisions, consider the two types of molecules as elastic hard spheres with diameters \(d_{1}\) and \(d_{2}\). Using the center of a molecule of the first type as the sphere's center and a radius of \(d_{12}=(d_{1}+d_{2})/2\), the sphere surface is conceptualized. When two molecules collide, the center of the second type must be on this imaginary sphere, with \(v_{r}=v_{2}-v_{1}\) being the relative velocity of molecule 2 concerning molecule 1. In a time \(\mathrm{d} t\), for the second type of molecule to collide with the first within the solid angle element \(\mathrm{d} \Omega\) along the axis direction \(\boldsymbol{n}\), it must be located within a cylinder with base \(d_{12}^{2} \mathrm{d} \Omega\) and height \(v_{r} \cos \theta \mathrm{d} t\). The volume of this cylinder is:

\[
\mathrm{d} \tau=d_{12}^{2} v_{r} \cos \theta \mathrm{d} \Omega \mathrm{d} t \tag{2}
\]

Therefore, in time \(\mathrm{d} t\), the number of collisions within the solid angle element \(\mathrm{d} \Omega\) along the axis \(\boldsymbol{n}\) between a molecule 1 with speed \(\boldsymbol{v}_{1}\) and molecule 2 with speeds in the range \(\boldsymbol{v}_{2}\) to \(\boldsymbol{v}_{2}+\mathrm{d} \boldsymbol{v}_{2}\) is:

\[
f_{2}\left(\boldsymbol{v}_{2}\right) \mathrm{d} \boldsymbol{v}_{2} \mathrm{d} \tau = d_{12}^{2} v_{r} \cos \theta f_{2}\left(\boldsymbol{v}_{2}\right) \mathrm{d} \boldsymbol{v}_{2} \mathrm{d} \Omega \mathrm{d} t \tag{3}
\]

Thus, the average number of collisions in unit time between one molecule of the first type and all molecules of the second type is:

\[
\overline{\Theta_{12}} = \frac{1}{n_{1}} \iiint d_{12}^{2} v_{r} \cos \theta \cdot f_{1}\left(\boldsymbol{v}_{1}\right) f_{2}\left(\boldsymbol{v}_{2}\right) \mathrm{d} \boldsymbol{v}_{1} \mathrm{d} \boldsymbol{v}_{2} \mathrm{d} \Omega \tag{5}
\]

Completing the angular integration:

\[
\int \cos \theta \mathrm{d} \Omega = \int_{0}^{2 \pi} \mathrm{d} \varphi \cdot \int_{0}^{\pi} \cos \theta \sin \theta \mathrm{d} \theta = \pi \tag{6}
\]

We find:

\[
\overline{\Theta_{12}} = \pi n_{2} d_{12}^{2}\left(\frac{m_{1}}{2 \pi k T}\right)^{3/2}\left(\frac{m_{2}}{2 \pi k T}\right)^{3/2} \iint v_{r} \exp \left(-\frac{m_{1} v_{1}^{2}+m_{2} v_{2}^{2}}{2 k T}\right) \mathrm{d} \boldsymbol{v}_{1} \mathrm{d} \boldsymbol{v}_{2} \tag{7}
\]

Introducing the velocity of the center of mass:

\[
\boldsymbol{v}_{\mathrm{c}} = \frac{1}{m_{1}+m_{2}}\left(m_{1} \boldsymbol{v}_{1}+m_{2} \boldsymbol{v}_{2}\right) \tag{8}
\]

We have:

\[
\frac{1}{2} m_{1} v_{1}^{2}+\frac{1}{2} m_{2} v_{2}^{2}=\frac{1}{2} M v_{\mathrm{c}}^{2}+\frac{1}{2} \mu v_{r}^{2} \tag{9}
\]

And

\[
\mathrm{d} \boldsymbol{v}_{\mathrm{c}} \mathrm{d} \boldsymbol{v}_{r}=|J| \mathrm{d} \boldsymbol{v}_{1} \mathrm{d} \boldsymbol{v}_{2} \tag{10}
\]

where \(M=m_{1}+m_{2}\) is the total mass of the two molecules, and \(\mu=m_{1} m_{2} /(m_{1}+m_{2})\) is the reduced mass of the two molecules. The absolute value of the Jacobian determinant is:

\[
|J|= \left|\frac{\partial(\boldsymbol{v}_{\mathrm{c}}, \boldsymbol{v}_{r})}{\partial(\boldsymbol{v}_{1}, \boldsymbol{v}_{2})}\right|=1 \tag{11}
\]

Substituting these results into equation (7), we finally obtain the average frequency of collisions between a molecule of the first type and those of the second type:

\[
\overline{\Theta_{12}} = \pi n_{2} d_{12}^{2}\left(\frac{m_{1}}{2 \pi k T}\right)^{3/2}\left(\frac{m_{2}}{2 \pi k T}\right)^{3/2} \int \exp \left(-\frac{M v_{c}^{2}}{2 k T}\right) \mathrm{d} v_{\mathrm{c}} \cdot \int v_{r} \exp \left(-\frac{\mu v_{r}^{2}}{2 k T}\right) \mathrm{d} v_{r} = \pi n_{2} d_{12}^{2} \sqrt{\frac{8 k T}{\pi \mu}} = \pi n_{2} d_{12}^{2}\left(1+\frac{m_{1}}{m_{2}}\right)^{1/2} \overline{v_{1}} \tag{12}
\]

where \(\overline{v_{1}}=\sqrt{8 k T / \pi m_{1}}\) is the average speed of the first type of molecule, and \(n_{1}\) and \(n_{2}\) are the molecular number densities of the first and second types of gas molecules, respectively. For identical molecules, the average collision frequency is \(\Theta=\sqrt{2} n \pi d^{2} v\).",\boxed{1305},NV,,False,EN,Laws Application
3040,Mechanics and Thermodynamics,Statistical Mechanics,Maxwell-Boltzmann Statistics,"A material consisting of $N$ independent particles is placed in a weak external magnetic field $\boldsymbol{H}$. Each particle can have a magnetic moment $m \mu$ along the direction of the magnetic field, where $m = J, J-1, \cdots, -J+1, -J, J$ are integers, and $\mu$ is a constant. The system is at a temperature $T$. Determine the partition function of this system.","The single-particle partition function is

$$
z = \sum_{m=-J}^{J} e^{m \mu H / k T} = \frac{\sinh \left[\left(J+\frac{1}{2}\right) \mu H / k T\right]}{\sinh \left(\frac{1}{2} \mu H / k T\right)}
$$","\[
\boxed{\frac{\sinh \left[\left(J+\frac{1}{2}\right) \mu H / k T\right]}{\sinh \left(\frac{1}{2} \mu H / k T\right)}}
\]",EX,,False,EN,Math Derivation
3042,Mechanics and Thermodynamics,Statistical Mechanics,Ensemble Theory,"Consider a hard-sphere gas with two-body interactions,

$$
V\left(\left|\boldsymbol{r}_{i}-\boldsymbol{r}_{j}\right|\right) = 
\begin{cases} 
0, & \left|\boldsymbol{r}_{i}-\boldsymbol{r}_{j}\right|>a \\ 
\infty, & \left|\boldsymbol{r}_{i}-\boldsymbol{r}_{j}\right|<a 
\end{cases}
$$

Calculate the average energy (thermodynamic internal energy) at a given temperature and density using the classical partition function.","The partition function for the entire system is

$$
Z = Z_{T} \cdot Z_{V}
$$

where $Z_{T}$ is the partition function for the thermal motion of the molecules, and $Z_{V}$ is the partition function for the interactions.

$$
\begin{aligned}
Z_{T} &= \left(\frac{2 \pi m k T}{h^{2}}\right)^{\frac{3 N}{2}}, \\
Z_{V} &= \int \cdots \int \mathrm{d} \boldsymbol{r}_{1} \cdots \mathrm{d} \boldsymbol{r}_{N} \exp \left[-\beta \sum_{j \neq i} V\left(\left|\boldsymbol{r}_{i}-\boldsymbol{r}_{j}\right|\right)\right] \\
&= [V-(N-1) \alpha][V-(N-2) \alpha] \cdots [V-\alpha] V \\
&= V^{N}\left[1-\frac{N(N-1)}{2 V} \alpha+\cdots\right]
\end{aligned}
$$

where $\alpha = \frac{4 \pi}{3} a^{3}$. The average energy

$$
\bar{E} = k T^{2} \frac{\partial \ln Z}{\partial T} = \frac{3 N}{2} k T
$$

Thus, in this model, the average energy (thermodynamic internal energy) of the system equals the total energy of thermal motion of the molecules and is independent of interactions.",\boxed{\frac{3 N}{2} k T},EX,,False,EN,Math Derivation
3043,Mechanics and Thermodynamics,Statistical Mechanics,Ensemble Theory,"The average number of particles in a Bose gas has been determined as $\bar{N} = \frac{1}{\exp(\alpha+\beta \varepsilon) - 1}$. Find the average value of $N^2$ for the Bose gas and prove that

1. $\overline{(\Delta N)^{2}}=\bar{N}(1+\bar{N})$, where $\Delta N=N-\bar{N}$.","From equations (1) and (3), the average value of $N^2$ for the Bose gas is

\begin{equation*}
\overline{N^{2}} = \frac{1}{\Xi} \sum_{N=0}^{\infty} N^{2} \exp(-N\alpha - \beta E) = \frac{1}{\Xi} \cdot \frac{\partial^{2} \Xi}{\partial \alpha^{2}} = \frac{\exp(\alpha+\beta \varepsilon) + 1}{[\exp(\alpha+\beta \varepsilon) - 1]^{2}} = \bar{N} + 2\bar{N}^{2} \tag{4}
\end{equation*}

From equation (4), we can deduce

\begin{equation*}
\overline{(N-\bar{N})^{2}} = \overline{N^{2}} - \bar{N}^{2} = \bar{N}(1 + \bar{N}) \tag{5}
\end{equation*}",\boxed{\bar{N}(1+\bar{N})},EX,,False,EN,Math Derivation
3045,Mechanics and Thermodynamics,Statistical Mechanics,Fermi-Dirac Statistics,"Consider a Fermi gas at low temperatures, where \( kT \ll \mu(0) \), with \(\mu(0)\) being the chemical potential of the gas at \( T = 0 \ \mathrm{K} \). Through qualitative discussion, provide the main term of the dependence of the heat capacity \( c_v \) on temperature. The zero point of energy is taken at the energy of the lowest orbital.","At low temperatures, only the particles within the range of \( kT \) from the ""Fermi sea"" surface are sufficiently thermally excited, with the energy of each particle being on the order of \( kT \).

\( c_v = \frac{\mathrm{d} E}{\mathrm{d} T} \propto T \);",\boxed{T},EX,,False,EN,Knowledge Recall
3046,Mechanics and Thermodynamics,Statistical Mechanics,Ensemble Theory,"In the extreme relativistic limit, an ideal Boltzmann gas is composed of \( N \) indistinguishable particles in a volume \( V \). Find the entropy \( S \) of the system at equilibrium temperature \( T \).","Let the total partition function be \( Z \), and the entropy be \( S \). In the extreme relativistic limit, using the relationship between energy and momentum of the particles, we have:

Partition Function:

$$
Z = \frac{z^{N}}{N!} = \frac{1}{N!} \left( \frac{8 \pi V}{h^{3} c^{3}} \right)^{N} (k T)^{3 N} 
$$

The entropy \( S \) is:

$$
S = k \left( \ln Z - \beta \frac{\partial}{\partial \beta} \ln Z \right) = N k \left( 3 \ln (k T) + \ln \frac{8 \pi V}{N h^{3} c^{3}} + 4 \right)
$$",\boxed{N k\left(3 \ln (k T)+\ln \frac{8 \pi V}{N h^{3} c^{3}}+4\right)},EX,,False,EN,Math Derivation
3048,Mechanics and Thermodynamics,Statistical Mechanics,Ensemble Theory,"A classical gas system consists of \(N\) particles with volume \(V\) and temperature \(T\). There is a pairwise interaction \(\phi\left(r_{ij}\right)\) between the particles, where \(r_{ij} = \left|\boldsymbol{r}_i - \boldsymbol{r}_j\right|\). Assume the interaction is a hard-sphere potential:

$$
\phi\left(r_{ij}\right)= \begin{cases}\infty, & r_{ij}<a \\ 0, & r_{ij}\geq a\end{cases}
$$

Determine the dependence of the specific heat capacity at constant volume \(c_{V}\) on the temperature \(T\) and specific volume \(\frac{V}{N}\).","Using the canonical distribution, the partition function is

$$
\begin{aligned}
& Z=\frac{1}{N!} \frac{1}{h^{3N}} \int \mathrm{e}^{-\beta E} \mathrm{d} \boldsymbol{q} \mathrm{d} \boldsymbol{p}=\frac{1}{N!}\left(\frac{2 \pi m}{\beta h^{2}}\right)^{3N/2} \cdot Q \\
& Q=\int \cdots \int \exp \left(-\beta \sum_{i>j} \phi\left(r_{ij}\right)\right) \mathrm{d} q_{1} \cdots \mathrm{d} q_{3N}
\end{aligned}
$$

where \(q_i\) is the coordinate and \(p_i\) is the momentum. Introduce the function \(f_{ij}=\exp \left(-\beta \phi\left(r_{ij}\right)\right)-1\), and when \(r_{ij}>a\), \(f_{ij}=0\); when \(r_{ij}<a\), \(f_{ij}=-1\), thus

$$
Q=\int \cdots \int\left(1+\sum_{i<j} f_{ij}+\sum_{i<j} f_{ij} \cdot \sum_{i'<j'} f_{i'j'}+\cdots\right) \mathrm{d} q_{1} \cdots \mathrm{d} q_{3N}
$$

Approximating with the first two terms, we have

$$
Q=\int \cdots \int\left(1+\sum_{i<j} f_{ij}\right) \mathrm{d} q_{1} \cdots \mathrm{d} q_{3N}
$$

Thus,

$$
Q \approx V^N + \frac{N^2}{2} V^{N-1} \int f_{12} \mathrm{d} q_{1} \mathrm{d} q_{2} = V^N\left(1+\frac{N^2}{2 V} \cdot(-\tau)\right)
$$

where \(\tau=\frac{4 \pi a^3}{3}\). Therefore,

$$
\ln Q = N \ln V + \ln \left[1-\frac{\tau}{2 V} N^2\right] \approx N \ln V - \frac{\tau}{2 V} N^2
$$

The internal energy is

$$
U = -\frac{\partial}{\partial \beta} \ln Z = \frac{3N}{2} kT
$$

The specific heat capacity at constant volume is

$$
c_{V} = \frac{3}{2} Nk
$$",\boxed{\frac{3}{2} Nk},NV,,False,EN,Math Derivation
3049,Mechanics and Thermodynamics,Statistical Mechanics,Ensemble Theory,"A spherical container with a radius $R$ contains $N$ indistinguishable, non-relativistic particles that do not interact with each other. Each particle is attracted to the center of the sphere by a constant force $f$. At the center of the sphere, the potential energy of the particles is zero. Explain why it can be expected that the volume of the box $V=4 \pi R^{3} / 3$ will be replaced by an effective volume $V_{\text{eff}}$. What is the order of magnitude of $V_{\text{eff}}$?","The centripetal force constrains the motion of the particles. If the gravitational potential energy is much greater than the kinetic energy from thermal motion, i.e., if $f r \gg k T$, most particles will move within a sphere of radius $r$; if $f R \ll k T$, the particles will move within the entire sphere of radius $R$. Thus, there will exist an effective volume $V_{\text{eff}}$, which represents the ""effective range of motion"" or ""average range of motion"" of the particles. When $f R \gg k T$, or equivalently $\beta f R \gg 1$, the effective volume is $V_{\text{eff}}=\frac{8 \pi}{(\beta f)^{3}}=8 \pi\left(\frac{k T}{f}\right)^{3} \ll V$; when $f R \ll k T$, or $\beta f R \ll 1$, then $V_{\text{eff}} \approx(1-\beta f r / 2) V \approx V$.","\boxed{8 \pi\left(\frac{k T}{f}\right)^{3}, V}","NV, EX","m^3, None",True,EN,Laws Application
3051,Mechanics and Thermodynamics,Statistical Mechanics,Ensemble Theory,"(1) Provide the thermodynamic definition of Helmholtz free energy \( F \) and the definition of the classical statistical partition function \( Z \), and indicate the relationship between them. Define all symbols used.","The free energy is given by \( F = U - T S \), and the partition function is

\[
Z = \int \mathrm{e}^{-\beta E(p, q)} \mathrm{d} \Omega
\]

where \( U \) is the internal energy, \( T \) is the absolute temperature, \( S \) is the entropy, \( E(p, q) \) is the energy of the system, \(\mathrm{d} \Omega = \mathrm{d} \boldsymbol{p} \mathrm{d} \boldsymbol{q}\) is the volume element in phase space, \(\boldsymbol{p}\) and \(\boldsymbol{q}\) are the generalized momentum and generalized coordinates of the system respectively, \(\beta = \frac{1}{k T}\), and \( k \) is the Boltzmann constant. The relationship between them is \( F = -k T \ln Z \).",\boxed{F = -k T \ln Z},EQ,,False,EN,Knowledge Recall
3052,Mechanics and Thermodynamics,Statistical Mechanics,Maxwell-Boltzmann Statistics,"Calculate the energy per mole of air. Given that $R = 8.31 \, \text{J/mol} \cdot \text{K}$ and the temperature of air is $300 \, \text{K}$.","Energy per mole of air  
$$
E = \frac{5}{2} R T = \frac{5}{2} \times 8.31 \times 300 = 6.2 \times 10^{3} \mathrm{~J}
$$",\boxed{6.2 \times 10^{3}},NV,\text{J},False,EN,Laws Application
3053,Mechanics and Thermodynamics,Statistical Mechanics,Distribution Function and Statistical Entropy,"A monoatomic crystal has $N \approx 10^{23}$ atoms, which are located in two different potential wells. ""O"" represents lattice sites or ""normal positions,"" and ""X"" represents ""interstitial positions."" The number of ""normal positions"" and ""interstitial positions"" are both $N$. The energy of an atom in the ""X"" position is higher by $\varepsilon$ compared to when it is in the ""O"" position. At low temperatures, where $kT \ll \varepsilon$, calculate the ratio of occupied interstitial positions when there are $n$ atoms in the interstitial positions. Assume that the $n$ vacancies (""holes"") in the ""O"" lattice are independent of the occupied $n$ interstitial positions, and neglect interactions between atoms.","In the low-temperature case where $kT \ll \varepsilon$, we can discuss this using both thermodynamic and statistical mechanics theories.

1. Thermodynamic Theory:

The relationship between temperature $T$, entropy $S$, internal energy $U$, and volume $V$ is given as follows:

\[
\left(\frac{\partial S}{\partial U}\right)_{V} = \frac{1}{T} \tag{7}
\]

Since $U = n \varepsilon$, we can rewrite equation (7) as:

\[
\left(\frac{\partial S}{\partial n}\right)_{V} = \frac{\varepsilon}{T} \tag{8}
\]

Using equations (6) and (8), we obtain:

\[
\frac{n}{N} = \exp \left(-\frac{\varepsilon}{2 k T}\right) \tag{10}
\]

2. Statistical Mechanics Theory:

The probability $P$ that a system is in a state with energy $E$ and degeneracy $g$ is given by:

\[
P = \frac{g \exp(-\beta E)}{Z} \tag{11}
\]

where $\beta = 1 / kT$, $E = n \varepsilon$, and $Z$ is the partition function (a constant). In case (2), the probability that $n$ interstitial positions are occupied by atoms is:

\[
P(n) \propto \binom{N}{n}^{2} \exp(-\beta n \varepsilon) \tag{14}
\]

Substituting equation (14) into equation (13), we again arrive at equation (10).","\[
\boxed{\exp \left(-\frac{\varepsilon}{2 k T}\right)}
\]",EX,,False,EN,Laws Application
3054,Mechanics and Thermodynamics,Statistical Mechanics,Ensemble Theory,"In a three-dimensional universe, the specific heat at low temperatures in the Debye model for solids depends on the temperature in the form of $T^{\beta}$, where $\beta=3$. Derive the expression for $\beta$ in an $n$-dimensional universe.","In the Debye model for solids, the partition function of the phonon gas is given by

$$
Z=\sum_{\text{all states}} \exp \left(-\beta E_{i}\right)=\exp \left(-\beta \Phi_{0}\right) \prod_{i=1}^{n N} \frac{\exp \left(-\beta \hbar \omega_{i} / 2\right)}{1-\exp \left(-\beta \hbar \omega_{i}\right)}
$$

where $\Phi_{0}$ is the interaction energy between atoms when all atoms are in their equilibrium positions, $\omega_{i}$ are the characteristic frequencies, and $N$ is the number of atoms. The internal energy of the phonon gas is

$$
U=-\frac{\partial}{\partial \beta} \ln Z=U_{0}+\sum_{i=1}^{n N} \frac{\hbar \omega_{i}}{\exp \left(\beta \hbar \omega_{i}\right)-1}
$$

At high temperatures, if $\beta \hbar \omega_{i} \ll 1, \exp \left(\beta \hbar \omega_{i}\right) \approx 1+\beta \hbar \omega_{i}$, then $U=U_{0}+n N k T$, and the heat capacity $c=n N k$ is independent of temperature. When $N$ is very large,

$$
\sum_{i=1}^{n N} \longrightarrow \frac{n^{2} N}{\omega_{\mathrm{D}}^{n}} \int_{0}^{\omega_{\mathrm{D}}} \omega^{n-1} \mathrm{d} \omega
$$

where $\omega_{\mathrm{D}}$ is the Debye frequency. Thus, at low temperatures, if $\beta \hbar \omega_{i} \gg 1$,

$$
U=U_{0}+\frac{n^{2} N \hbar}{\omega_{D}^{n}}\left(\frac{k T}{\hbar}\right)^{n+1} \int_{0}^{\infty} \frac{x^{n} \mathrm{d} x}{\exp (x)-1}
$$

Therefore, the heat capacity at constant volume $c_{v} \propto T^{n}, \beta=n$.",\boxed{n},EX,,False,EN,Math Derivation
3055,Mechanics and Thermodynamics,Statistical Mechanics,Ensemble Theory,"A steam (dilute gas) is in thermal equilibrium. Given the number of particles in the steam is \( N_{\mathrm{g}} \) and the temperature of the steam is \( T \), find the equation of state for the steam.","The equation of state for the steam is  
\[
p_{\mathrm{g}} V = N_{\mathrm{g}} k T
\]",\boxed{p_{\mathrm{g}} V=N_{\mathrm{g}} k T},EQ,,False,EN,Laws Application
3056,Mechanics and Thermodynamics,Statistical Mechanics,Fermi-Dirac Statistics,"Given the conduction electron density of Pb as \( n_{e} = 1.30 \times 10^{29} \ \mathrm{m}^{-3} \) and the atomic density of Pb as \( n_{\mathrm{Pb}} = 3.30 \times 10^{28} \ \mathrm{m}^{-3} \), find the valency \( f \) of Pb.","From the given conduction electron density \( n_{e} = 1.30 \times 10^{29} \ \mathrm{m}^{-3} \) and the atomic density of Pb \( n_{\mathrm{Pb}} = 3.30 \times 10^{28} \ \mathrm{m}^{-3} \), the valency \( f \) of Pb is calculated as:

\[ 
f = \frac{n_{e}}{n_{\mathrm{Pb}}} = 4 \tag{5} 
\]",\boxed{4},NV,,False,EN,Knowledge Recall
3057,Mechanics and Thermodynamics,Statistical Mechanics,Ensemble Theory,"A gas has a volume \( V \) and a temperature \( T \). The gas consists of \( N \) distinguishable particles with zero rest mass, and the relationship between a particle's energy \( \varepsilon \) and momentum \( p \) is \( \varepsilon = cp \), where \( c \) is the speed of light. The number of single-particle states in the interval from \( p \) to \( p + \mathrm{d}p \) is \( \frac{4 \pi V p^{2} \mathrm{d}p}{h^{3}} \). Find the internal energy of this gas and compare it with the internal energy of a conventional non-relativistic gas.","The internal energy \( U \) of an extremely relativistic gas is \( U = 3pV \). From the equation of state, we have

\[
U = 3NkT \tag{4}
\]

Alternatively, since the internal energy is the statistical average of the gas energy, we have

\[
U = \frac{1}{Z} \frac{1}{h^{3N}} \int E \exp\left( -\frac{E}{kT} \right) \mathrm{d}V_{1} \cdots \mathrm{d}V_{N} \mathrm{d}^{3} \boldsymbol{p}_{1} \cdots \mathrm{d}^{3} \boldsymbol{p}_{N} = kT^{2}\left( \frac{\partial}{\partial T} \ln Z \right)_{V} = 3NkT \tag{5}
\]

The energy of this gas is therefore twice the energy of a non-relativistic ideal gas.",\boxed{3NkT},EX,,False,EN,Math Derivation
3059,Mechanics and Thermodynamics,Statistical Mechanics,Fermi-Dirac Statistics,"Consider a Fermi gas at low temperatures, where \(k T \ll \mu(0)\), and \(\mu(0)\) is the chemical potential of the gas at \(T=0 \ \mathrm{K}\). Using qualitative discussion, determine the leading term of the temperature dependence of the chemical potential \(\mu\). The zero point of energy is taken at the energy of the lowest orbital.","At low temperatures, only particles within \(k T\) of the ""Fermi sea"" surface are sufficiently thermally excited, with each particle having an energy on the order of \(k T\).

From \(F \equiv E-T S\), we have \(F-F(0) \propto T^{2}\); 

From \(G=N \mu=F+p V, p=2 E / 3 V\), we get \(\mu-\mu(0) \propto T^{2}\).",\boxed{\mu - \mu(0) \propto T^{2}},EQ,,False,EN,Laws Application
3060,Mechanics and Thermodynamics,Statistical Mechanics,Fermi-Dirac Statistics,"Find the average energy of extremely relativistic fermions at $T = 0 \mathrm{~K}$, given that $\varepsilon_{\mathrm{F}}$ is the Fermi energy. When the momentum $p \gg mc$, the fermions are extremely relativistic particles, and the energy is $\varepsilon = pc$. Therefore, the density of states is

$$  
D(\varepsilon) = \varepsilon^{2} \times \text{constant}  
$$","For extremely relativistic particles with $p \gg mc$, we have $\varepsilon = pc$, and thus the density of states is

$$  
D(\varepsilon) = \varepsilon^{2} \times \text{constant}  
$$

From this, we obtain

$$  
\bar{\varepsilon} = \frac{\int_{0}^{\varepsilon_{\mathrm{F}}} \varepsilon^{3} \mathrm{d} \varepsilon}{\int_{0}^{\varepsilon_{\mathrm{F}}} \varepsilon^{2} \mathrm{d} \varepsilon} = \frac{3}{4} \varepsilon_{\mathrm{F}}  
$$",\boxed{\frac{3}{4} \varepsilon_{\mathrm{F}}},EX,,False,EN,Math Derivation
3061,Mechanics and Thermodynamics,Statistical Mechanics,Maxwell-Boltzmann Statistics,"Express the wall collision rate of a classical gas in thermal equilibrium in terms of density and the average speed of atoms. The z-axis is perpendicular and pointing towards the wall. Determine the number of atoms striking a unit area of the wall per second, given that the number density of particles is $n$, mass is $m$, and temperature is $T$.","The wall collision rate is

$$
\Gamma = \int_{-\infty}^{\infty} \mathrm{d} v_{x} \int_{-\infty}^{\infty} \mathrm{d} v_{y} \int_{0}^{\infty} v_{z} f \; \mathrm{d} v_{z}
$$

where

$$
f = n \left( \frac{m}{2 \pi k T} \right)^{3/2} \exp \left[-\frac{m}{2 k T} \left( v_{x}^{2} + v_{y}^{2} + v_{z}^{2} \right) \right]
$$

After integration, we obtain:

$$
\Gamma = \frac{1}{4} n \bar{v}
$$

where $\bar{v}$ is the average speed, $\bar{v} = \left( \frac{8 k T}{\pi m} \right)^{1/2}$.",\boxed{\frac{1}{4} n \bar{v}},EX,,False,EN,Math Derivation
3062,Mechanics and Thermodynamics,Statistical Mechanics,Maxwell-Boltzmann Statistics,A two-level system with energy levels \(E_{0}\) and \(E_{1}\) is occupied by \(N\) particles at temperature \(T\). The occupancy follows classical statistical laws. Derive the expression for the average energy of a single particle.,"The average energy of a single particle is

\[
u = \frac{E_{0} \mathrm{e}^{-\beta E_{0}} + E_{1} \mathrm{e}^{-\beta E_{1}}}{\mathrm{e}^{-\beta E_{0}} + \mathrm{e}^{-\beta E_{1}}}
\]

where \(\beta = 1 / k T\). Assume \(E_{1} > E_{0} > 0\), and let \(\Delta E = E_{1} - E_{0}\), we get

\[
u = \frac{E_{0} + E_{1} \mathrm{e}^{-\beta \Delta E}}{1 + \mathrm{e}^{-\beta \Delta E}}
\]",\boxed{\frac{E_{0} + E_{1} \mathrm{e}^{-\beta \Delta E}}{1 + \mathrm{e}^{-\beta \Delta E}}},EX,,False,EN,Math Derivation
3063,Mechanics and Thermodynamics,Statistical Mechanics,Maxwell-Boltzmann Statistics,A string of length $l$ is fixed at both endpoints. The distance between the two endpoints is $x$. A particle with mass $m$ is attached to the midpoint of the string. The particle rotates around an axis that passes through the endpoints of the string and is in thermal contact with the environment. The environmental temperature is $T$. Find the kinetic energy $E$ of the particle and express it as a function of $x$ and $\frac{\mathrm{d} \theta}{\mathrm{d} t}$.,"The particle is undergoing one-dimensional circular motion around a fixed axis in three-dimensional space. The kinetic energy of the particle is given by

\[
E = \frac{1}{8} m \cdot (l^2 - x^2)\left(\frac{\mathrm{d} \theta}{\mathrm{d} t}\right)^2 \tag{1}
\]",\boxed{\frac{1}{8} m \cdot (l^2 - x^2)\left(\frac{\mathrm{d} \theta}{\mathrm{d} t}\right)^2},EX,,False,EN,Laws Application
3064,Mechanics and Thermodynamics,Statistical Mechanics,Maxwell-Boltzmann Statistics,"For a classical ideal gas, under the condition that $N_{i} \gg 1$, use the Stirling approximation to derive a simplified form of its entropy: $S=-k \sum_{i} g_{i} f_{i} \ln f_{i}+N k$.","Assuming $N_{i} \gg 1$, the Stirling approximation formula can be applied, transforming equation (2) into

\[
S=-k \sum_{i} g_{i} f_{i} \ln f_{i}+N k \tag{3}
\]

In this equation, the summation is over the single-particle energy levels $i$, and $f_{i}=N_{i} / g_{i}$ represents the occupation number of each single-particle state at energy level $i$.",\boxed{-k \sum_{i} g_{i} f_{i} \ln f_{i}+N k},EX,,False,EN,Math Derivation
3065,Mechanics and Thermodynamics,Statistical Mechanics,Maxwell-Boltzmann Statistics,"For a classical ideal gas, the distribution function of the molecular velocity is given by  

\[
f\left(v_{x}, v_{y}, v_{z}\right)=\exp \left\{a-b\left[\left(v_{x}-v_{0 x}\right)^{2}+\left(v_{y}-v_{0 y}\right)^{2}+\left(v_{z}-v_{0 z}\right)^{2}\right]\right\}
\]

where \(v_{x} , v_{y} , v_{z}\) are the three components of molecular velocity; and \(a, b, v_{0 x}, v_{0 y}, v_{0 z}\) are parameters to be determined. Use the following condition to determine the parameter \(b\):

\[
\bar{\varepsilon} = \frac{1}{n} \iiint \frac{1}{2} m\left(v_{x}^{2} + v_{y}^{2} + v_{z}^{2}\right) f\left(v_{x}, v_{y}, v_{z}\right) \mathrm{d} v_{x} \mathrm{~d} v_{y} \mathrm{~d} v_{z}
= \frac{3}{2} k T + \frac{1}{2} m\left(\bar{v}_{x}^{2} + \bar{v}_{y}^{2} + \bar{v}_{z}^{2}\right)
\]

where \(\bar{\varepsilon}\) is the average kinetic energy of the molecules, \(m\) is the mass of a molecule, \(k\) is the Boltzmann constant, \(n = N / V, N, V, n\) are the number of particles, volume, and particle number density of the gas, respectively, and \(\bar{v}_{x}, \bar{v}_{y}, \bar{v}_{z}\) are the three components of the average molecular velocity.","Substitute back:

\[
\bar{\varepsilon} =\frac{m}{2 n} \iiint\left[\left(\xi+v_{0 x}\right)^{2}+\left(\eta+v_{0 y}\right)^{2}+\left(\zeta+v_{0 z}\right)^{2}\right] \exp \left[-b\left(\xi^{2}+\eta^{2}+\zeta^{2}\right)\right] \mathrm{d} \xi \mathrm{~d} \eta \mathrm{~d} \zeta \exp (a)
= \frac{m}{2 n}\left[\frac{3}{2 b}\left(\frac{\pi}{b}\right)^{3 / 2}+\left(\frac{\pi}{b}\right)^{3 / 2}\left(v_{0 x}^{2}+v_{0 y}^{2}+v_{0 z}^{2}\right)\right] \exp (a)
\]

From the above result, we obtain:

\[
b = \frac{m}{2 k T}
\]",\boxed{b = \frac{m}{2 k T}},EQ,,False,EN,Math Derivation
3066,Mechanics and Thermodynamics,Statistical Mechanics,Maxwell-Boltzmann Statistics,"Consider a rigid lattice composed of distinguishable atoms with spin $\frac{1}{2}$ in a magnetic field. The spin has two states relative to the magnetic field: up ($\uparrow$) and down ($\downarrow$), corresponding to energies $-\mu_{0} H$ and $+\mu_{0} H$, respectively. The temperature of this system is $T$. Find the entropy of this system.","The entropy of the system  

$$  
\begin{aligned}  
S & =N k\left(\ln z-\beta \frac{\partial}{\partial \beta} \ln z\right) \\  
& =N k\left\{\ln z+\ln \left[\cosh \left(\frac{\mu_{0} H}{k T}\right)\right]-\frac{\mu_{0} H}{k T} \tanh \left(\frac{\mu_{0} H}{k T}\right)\right\}, \beta=\frac{1}{k T}  
\end{aligned}  
$$",\boxed{N k\left\{\ln z+\ln \left[\cosh \left(\frac{\mu_{0} H}{k T}\right)\right]-\frac{\mu_{0} H}{k T} \tanh \left(\frac{\mu_{0} H}{k T}\right)\right\}},EX,,False,EN,Math Derivation
3068,Mechanics and Thermodynamics,Statistical Mechanics,Maxwell-Boltzmann Statistics,"Potassium chloride (${}^{39} \mathrm{K}^{35} \mathrm{Cl}$) is a colorless, transparent ionic crystal. Provide the relationship between the specific heat capacity $c$ of solid KCl and temperature $T$.","According to Debye theory, at high temperatures, the contribution of ionic vibrations in the crystal to energy is proportional to the first power of temperature, making the specific heat capacity of solid KCl temperature-independent at this stage. At low temperatures, the contribution of ionic vibrations in the crystal to energy is proportional to the fourth power of temperature, hence the specific heat capacity $c$ of solid KCl is proportional to the cube of temperature $T$:

\[
c=\alpha T^{3}
\]

where $\alpha$ is a proportionality constant.",\boxed{c = \alpha T^{3}},EQ,,False,EN,Laws Application
3069,Mechanics and Thermodynamics,Statistical Mechanics,Fermi-Dirac Statistics,"In an electron gas with volume \( V \) and particle number \( N \), find the average speed at temperature \( T \approx 0 \, \mathrm{K} \).","The relationship between electron kinetic energy \( \varepsilon \) and electron speed \( v \) is given by \( \varepsilon = m v^{2} / 2 \). The average speed of electrons at temperature \( T \approx 0 \, \mathrm{K} \) is

\[
\bar{v} = \int_{0}^{\varepsilon_{\mathrm{F}}} v D(\varepsilon) \, \mathrm{d} \varepsilon = \frac{3}{4} \sqrt{\frac{2 \varepsilon_{\mathrm{F}}}{m}} = \frac{3 h}{4 m} \left(\frac{3 n}{8 \pi}\right)^{1/3}
\]",\boxed{\frac{3 h}{4 m} \left(\frac{3 n}{8 \pi}\right)^{1/3}},EX,,False,EN,Math Derivation
3070,Mechanics and Thermodynamics,Statistical Mechanics,Maxwell-Boltzmann Statistics,"A cubic container with a side length of 20 cm contains hydrogen gas at a temperature of 300 K (diatomic molecules, with two atoms spaced at $10^{-8} \text{ cm}$, and each hydrogen atom weighs $1.66 \times 10^{-24} \text{ g}$). Assume that the hydrogen gas behaves as an ideal gas and neglect the vibrational degrees of freedom. Calculate the average speed of the molecules.","The number of translational degrees of freedom $=3$, so $\frac{3}{2} k T=\frac{1}{2} M \overline{v^{2}}$,

$$
\bar{v} \approx \sqrt{\overline{v^{2}}}=\sqrt{\frac{3 k T}{M}} \approx 1.9 \times 10^{3} \text{ cm/s}
$$",\boxed{1.9 \times 10^{3}},NV,\text{cm/s},False,EN,Laws Application
3071,Mechanics and Thermodynamics,Statistical Mechanics,Distribution Function and Statistical Entropy,"Provide the definition of Boltzmann statistics and briefly explain its physical significance. Consider a two-level system with energies $E_{1}$ and $E_{2}$ ($E_{2} > E_{1}$), and the number of particles $n_{1}$ and $n_{2}$, where $n_{1} + n_{2} = N$. This system is in contact with a heat reservoir at temperature $T$. Find the change in entropy $\Delta S_{2}$ of the heat reservoir, assuming $n_{2} \rightarrow n_{2} - 1, n_{1} \rightarrow n_{1} + 1$.","The change in entropy of the heat reservoir is

$$
\Delta S_{2} = \frac{E_{2} - E_{1}}{T}
$$","\[
\boxed{\frac{E_{2}-E_{1}}{T}}
\]",EX,,False,EN,Laws Application
3072,Mechanics and Thermodynamics,Statistical Mechanics,Maxwell-Boltzmann Statistics,Calculate the amount of heat required to heat 1 mol of gas at 1 atm from $0^{\circ} \mathrm{C}$ to $20^{\circ} \mathrm{C}$. It is known that $c_{\mathrm{p}} = \frac{7}{2} R$.,"The required heat is  
$$  
Q = c_{\mathrm{p}} \Delta T = \frac{7}{2} R \cdot \Delta T = 5.8 \times 10^{2} \mathrm{~J}  
$$",\boxed{5.8 \times 10^{2}},NV,\mathrm{~J},False,EN,Laws Application
3073,Mechanics and Thermodynamics,Statistical Mechanics,Fermi-Dirac Statistics,"Find the chemical potential of a free electron gas with particle number density \( n \) at \( T=0 \, \mathrm{K} \). The conduction electrons in a metal can be considered as a free electron gas.

Given \( n=10^{22} \, \mathrm{cm}^{-3} \), find the chemical potential \( \mu \) of the conduction electrons at \( T=0 \, \mathrm{K} \).","From the density of states,

\[
D(\varepsilon) \mathrm{d} \varepsilon = \frac{4 \pi}{h^{3}}(2 m)^{3 / 2} \sqrt{\varepsilon} \mathrm{~d} \varepsilon
\]

we obtain the particle number density

\[
n = \int_{0}^{\mu_{0}} \frac{4 \pi}{h^{3}}(2 m)^{3 / 2} \sqrt{\varepsilon} \mathrm{~d} \varepsilon = \frac{8 \pi}{3}\left(\frac{2 m \mu_{0}}{h^{2}}\right)^{3 / 2}
\]

Thus,

\[
\mu_{0} = \frac{h^{2}}{2 m}\left(\frac{3 n}{8 \pi}\right)^{2 / 3}
\]

For \( n=10^{22} \, \mathrm{cm}^{-3} = 10^{28} \, \mathrm{m}^{-3} \), we have

\[
\mu_{0} = 2.7 \times 10^{-19} \, \mathrm{J} = 1.7 \, \mathrm{eV}
\]",\boxed{1.7},NV,\mathrm{eV},False,EN,Laws Application
3074,Mechanics and Thermodynamics,Statistical Mechanics,Maxwell-Boltzmann Statistics,"If the potential energy of a one-dimensional classical anharmonic oscillator is given by \( V(x) = c x^{2} - g x^{3} \), where \( g x^{3} \ll c x^{2} \), find: (ii) the average value of the oscillator position \( x \).","(ii) The average value of the oscillator position \( x \). Accurate to the first-order correction, we have

\[
\bar{x} = \frac{\int_{-\infty}^{+\infty} x\left[1 + \frac{g x^{3}}{k T}\right] \mathrm{e}^{-c x^{2} / k T} \mathrm{~d}x}{\int_{-\infty}^{+\infty} \mathrm{e}^{-c x^{2} / k T} \mathrm{~d}x} = \frac{3 g k T}{4 c^{2}}
\]",\boxed{\frac{3 g k T}{4 c^{2}}},EX,,False,EN,Math Derivation
3075,Mechanics and Thermodynamics,Statistical Mechanics,Maxwell-Boltzmann Statistics,"In the high-temperature limit, find the root mean square (rms) value of the noise voltage across the inductor $L$ and capacitor $C$ in an AC circuit.","In the high-temperature or classical limit $x = \hbar \omega / kT \ll 1$, $\operatorname{coth}(x) \approx 1 / x$, thus

\[
\overline{V^{2}} = \frac{kT}{C}
\]

At this point, the rms value of the noise voltage is $\sqrt{\overline{V^{2}}} = \sqrt{\frac{kT}{C}}$.",\boxed{\sqrt{\frac{kT}{C}}},NV,,False,EN,Knowledge Recall
3076,Mechanics and Thermodynamics,Statistical Mechanics,Fermi-Dirac Statistics,"Given that the mass of the Sun is $2 \times 10^{33} \mathrm{~g}$, and assuming that the Sun is primarily composed of hydrogen atoms, estimate the number of electrons in the Sun.","The number of electrons

$$
N = \frac{M_{\odot}}{m_{\mathrm{p}}} = \frac{2 \times 10^{33} \mathrm{~g}}{1.67 \times 10^{-24} \mathrm{~g}} \approx 1.2 \times 10^{57}
$$",\boxed{1.2 \times 10^{57}},NV,,False,EN,Knowledge Recall
3077,Mechanics and Thermodynamics,Statistical Mechanics,Maxwell-Boltzmann Statistics,A permanent magnetic dipole possesses a magnetic moment $\mu_{\mathrm{m}}$. Derive the expression for the magnetic susceptibility of a permanent magnetic dipole in a dilute solution when the magnetic moment can only have two orientations in a weak magnetic field.,"The permanent magnetic dipole has a magnetic moment $\mu_{\mathrm{m}}$, and the magnetic moment can only have parallel and antiparallel orientations to the weak magnetic field. In this case, according to the Boltzmann distribution, at thermodynamic equilibrium, the average magnetic moment of a permanent magnetic dipole is

\[
\overline{\mu_{\mathrm{m}}}=\frac{\mu_{\mathrm{m}}\left[\exp \left(\frac{\mu_{\mathrm{m}} H}{k T}\right)-\exp \left(-\frac{\mu_{\mathrm{m}} H}{k T}\right)\right]}{\exp \left(\frac{\mu_{\mathrm{m}} H}{k T}\right)+\exp \left(-\frac{\mu_{\mathrm{m}} H}{k T}\right)} \approx \frac{\mu_{\mathrm{m}}^{2} H}{k T}
\]

Here, we utilized the weak field condition $x=\mu_{\mathrm{m}} H / k T \ll 1, \exp(x) \approx 1+x$ in the last approximation. From this, we can obtain the magnetic susceptibility of a quantum permanent magnetic dipole in a dilute solution as

\[
\chi_{\mathrm{mQ}}=\frac{\mu_{\mathrm{m}}^{2}}{k T}
\]

By comparison, it can be seen that the quantum magnetic susceptibility $\chi_{\mathrm{mQ}}$ is greater than the classical magnetic susceptibility $\chi_{\mathrm{mC}}$, with $\chi_{\mathrm{mQ}}=3 \chi_{\mathrm{mC}}$.",\boxed{\frac{\mu_{\mathrm{m}}^{2}}{k T}},EX,,False,EN,Math Derivation
3078,Mechanics and Thermodynamics,Statistical Mechanics,Ensemble Theory,"An ideal gas composed of \(N\) indistinguishable particles, each with mass \(m\), occupies a volume \(V\) and is at a temperature \(T\). Using the classical approximation, find the chemical potential \(\mu\) by applying the partition function.","The classical partition function for a three-dimensional gas is

\[
z = \frac{V^{N}}{N!}\left(\frac{2 \pi m k T}{h^{2}}\right)^{\frac{3N}{2}}
\]

Thus, the Gibbs free energy is

\[
G = F + pV = -kT \ln z + NkT = NkT\left[\ln \frac{N}{V} - \frac{3}{2} \ln \left(\frac{2 \pi m k T}{h^{2}}\right)\right]
\]

The chemical potential is

\[
\mu = -kT\left[\ln \frac{V}{N} + \frac{3}{2} \ln \left(\frac{2 \pi m k T}{h^{2}}\right)\right]
\]","\[
\boxed{\mu = -kT\left[\ln \frac{V}{N} + \frac{3}{2} \ln \left(\frac{2 \pi m k T}{h^{2}}\right)\right]}
\]",EQ,,False,EN,Math Derivation
3079,Mechanics and Thermodynamics,Statistical Mechanics,Ensemble Theory,"Given a system composed of \(N\) interacting charged particles that obey the laws of classical mechanics and classical statistics, first, write down the expression for the energy of this system, where the mass of the particles is \(m\), the momentum of particle \(i\) is \(p_i\), and the interaction energy between particles \(i\) and \(j\) is \(\Phi_{i, j, \ldots}\).","Let \(m\) be the mass of the particles, \(p_i\) be the momentum of particle \(i\), and \(\Phi_{i, j, \ldots}\) be the interaction energy between particle \(i\), particle \(j\), etc.; this energy depends only on the distance between particles and is independent of the particle momentum. The system is composed of \(N\) charged particles, and the energy of the system is given by

\[
E=\sum^{N}_{i=1} \frac{1}{2 m} p_{i}^{2}+\sum_{i<j<\ldots} \Phi_{i, j, \ldots} \tag{1}
\]","\boxed{\sum^{N}_{i=1} \frac{1}{2} p_{i}^{2}+\sum_{i<j<\ldots} \Phi_{i, j, \ldots}}",EX,,True,EN,Knowledge Recall
3080,Mechanics and Thermodynamics,Statistical Mechanics,Fermi-Dirac Statistics,"There are \(4.2 \times 10^{21}\) electrons confined within a volume of \(1 \, \text{cm}^3\). Find the Fermi wavelength and Fermi energy (in eV).","The total number of particles

\[
N = \frac{2V}{h^3} \frac{4\pi}{3} p_F^3
\]

The Fermi wavelength is

\[
\lambda_F = \frac{h}{p_F} = \left(\frac{8\pi V}{3N}\right)^{1/3} = 1.25 \times 10^{-9} \, \text{m} = 12.5 \, \text{Å}
\]

The Fermi energy is

\[
\varepsilon_F = \frac{p_F^2}{2m} = \frac{1}{2m}\left(\frac{h}{\lambda_F}\right)^2 = 1.54 \times 10^{-19} \, \text{J} = 0.96 \, \text{eV}
\]","\boxed{12.5, 0.96}","NV, NV","\text{}, \text{eV}",True,EN,Laws Application
3081,Mechanics and Thermodynamics,Statistical Mechanics,Ensemble Theory,"The magnetization $M$ and the magnetic susceptibility $\chi$ are defined as $M=\sum_{i=1}^{N} \overline{\left(\mu_{i}\right)_{z}}$ and $\chi=M / H$, respectively. Consider a lattice of $N$ atoms $\left(N \approx 10^{23}\right)$. The spin quantum number of the atom is $s=\frac{1}{2}, m_{\mathrm{s}}= \pm \frac{1}{2}$, and the magnetic moment of the $i$-th atom is $\mu_{i}=g \mu_{\mathrm{B}} s_{i}$, where $g$ is the Lande factor, and $\mu_{\mathrm{B}}$ is the Bohr magneton ($\mu_{\mathrm{B}}=e \hbar / 2 m c$). Assume that the interactions between atoms are negligible and they are in equilibrium at a temperature $T$. Placed in an external magnetic field $\mathbf{H}=H \mathbf{z}$. Derive expressions for $M$ and $\chi$, and calculate their weak field limits.","The magnetic moment $M=\sum_{i=1}^{N} \overline{\left(\mu_{i}\right)_{z}}=-\frac{\partial F}{\partial H}=k T\left(\frac{\partial}{\partial H} \ln z\right)_{T}=\frac{N g \mu_{\mathrm{B}}}{2} \tanh \frac{g \mu_{\mathrm{B}} H}{2 k T}$. The magnetic susceptibility

$$
\chi=M / H=\frac{N g \mu_{\mathrm{B}}}{2 H} \tanh \frac{g \mu_{\mathrm{B}} H}{2 k T}
$$

In the weak field limit,

$$
\begin{aligned}
M & \approx \frac{N}{4 k T}\left(g \mu_{\mathrm{B}}\right)^{2} H \\
\chi & =\frac{N}{4 k T}\left(g \mu_{\mathrm{B}}\right)^{2}
\end{aligned}
$$","\boxed{M \approx \frac{N}{4 k T}(g \mu_{\mathrm{B}})^{2} H, \chi = \frac{N}{4 k T}(g \mu_{\mathrm{B}})^{2}}","EX, EX","\text{None, None}",True,EN,Math Derivation
3082,Mechanics and Thermodynamics,Statistical Mechanics,Maxwell-Boltzmann Statistics,"If the potential energy of a one-dimensional classical anharmonic oscillator is given by $V(x) = c x^{2} - g x^{3}$, where $g x^{3} \ll c x^{2}$, find: (i) the specific heat capacity of each oscillator.","(i) Find the partition function

$$
Z = \int \mathrm{e}^{-\left(c x^{2} - g x^{3}\right) / k T} \mathrm{~d}x
$$

(Note: Here, the effect of kinetic energy is not considered; simply add $\frac{1}{2} k$ in the final specific heat capacity.) The anharmonic term ($\mathrm{e}^{g x^{3} / k T}$) is small within the range of motion of the oscillator. Using a Taylor expansion and keeping the first-order correction, we obtain

$$
Z=\int_{-\infty}^{+\infty}\left[1+\frac{g x^{3}}{k T}\right] \mathrm{e}^{-c x^{2} / k T} \mathrm{~d}x = \sqrt{\frac{\pi}{c}}\left(\frac{1}{\sqrt{\beta}}+\frac{15 g^{2}}{16 c^{3}} \cdot \frac{1}{\beta \sqrt{\beta}}\right)
$$

The average potential energy is

$$
\bar{V} = -\frac{\partial}{\partial \beta} \ln Z = \frac{k T}{2}\left(1 + \frac{15 g^{2}}{8 c^{3}} k T\right)
$$

The specific heat capacity of each oscillator is

$$
c = \frac{k}{2} + \frac{\partial \overline{V}}{\partial T} = k + \frac{15 g^{2}}{8 c^{3}} k^{2} T
$$",\boxed{k + \frac{15 g^{2}}{8 c^{3}} k^{2} T},EX,,False,EN,Math Derivation
3083,Mechanics and Thermodynamics,Statistical Mechanics,Ensemble Theory,Find the energy fluctuation $\overline{(\Delta E)^{2}}=\overline{E^{2}}-(\bar{E})^{2}$ of any system in contact with a heat reservoir at absolute temperature $T=\frac{1}{k \beta}$.,"$$
\overline{(\Delta E)^{2}} = \overline{E^{2}} - (\bar{E})^{2} = \frac{\partial^{2}}{\partial \beta^{2}} \ln z = -\frac{\partial}{\partial \beta} \bar{E} = k T^{2} c_{\mathrm{v}}
$$",\boxed{k T^{2} c_{\mathrm{v}}},EX,,False,EN,Math Derivation
3084,Mechanics and Thermodynamics,Statistical Mechanics,Fermi-Dirac Statistics,"Assume that the conduction electrons in a metal are free electrons. Given the electron density $n$ and the Fermi energy level $\varepsilon_{F}$, calculate the pressure $p$ at $T=0 \mathrm{~K}$. Assume the total energy $E = \frac{3}{5} N \varepsilon_{\mathrm{F}}$, where $N$ is the number of electrons.","At $T=0 \mathrm{~K}$, the total energy of the Fermi gas is $E = \frac{3}{5} N \varepsilon_{\mathrm{F}}$. Using the relation $p V = \frac{2}{3} E$, the pressure $p$ can be obtained as:

$$
p = \frac{2}{5} n \varepsilon_{\mathrm{F}} \quad (T=0 \mathrm{~K})
$$",\boxed{\frac{2}{5} n \varepsilon_{\mathrm{F}}},NV,,False,EN,Laws Application
3085,Mechanics and Thermodynamics,Statistical Mechanics,Maxwell-Boltzmann Statistics,"Energy Probability. A classical non-interacting monoatomic gas is in thermal equilibrium. Prove that the number of atoms in the gas within a momentum space region of radius $\mathrm{d}^{3} \boldsymbol{p}$ can be expressed as $A \mathrm{~d}^{3} \boldsymbol{p} \mathrm{e}^{-p^{2} / 2mkT}$, where $A$ is a normalization constant, and find this constant.","When the number of gas atoms $N$ is large, the states of the system can be considered as continuously distributed. According to the uncertainty principle, the volume element occupied by a state in phase space is $\mathrm{d}^{3} \boldsymbol{p} \mathrm{~d}^{3} \boldsymbol{q} / h^{3}$. Since the system is in thermal equilibrium, the probability for a single atom to have energy $E = p^{2} / 2m$ is $\propto \mathrm{e}^{-E / kT}$. Therefore, the probability for an atom to be between $\boldsymbol{p}$ and $\boldsymbol{p} + \mathrm{d}^{3} \boldsymbol{p}$ is $A \mathrm{~d}^{3} \boldsymbol{p} \mathrm{e}^{-p^{2} / 2mkT}$, where $A$ is a normalization constant. The constant $A$ is determined by the following integral relationship:

$$
A \int \mathrm{~d}^{3} \boldsymbol{p} \mathrm{e}^{-p^{2} / 2mkT} = 1
$$

Solving for $A$ yields:

$$
A = (2 \pi m k T)^{-3 / 2}
$$",\[\boxed{(2 \pi m k T)^{-3 / 2}}\],NV,,False,EN,Math Derivation
3086,Mechanics and Thermodynamics,Statistical Mechanics,Maxwell-Boltzmann Statistics,"The spin of the ${ }^{7} \mathrm{N}_{14}$ nucleus is $I=1$. Assume that under normal temperatures, the diatomic molecule $\mathrm{N}_{2}$ can rotate but does not vibrate, and neglect the motion of electrons. Determine the relative abundance of ortho- and para-$\mathrm{N}_{2}$ molecules (ortho-$\mathrm{N}_{2}$: with symmetric nuclear spin state; para-$\mathrm{N}_{2}$: with antisymmetric nuclear spin state).","${ }^{7} \mathrm{N}_{14}$ is a boson, so the wave function describing $\mathrm{N}_{2}$ is symmetric. Because the nuclear spin of ${ }^{7} \mathrm{N}_{14}$ is $I=1$, there are three possible orientations for the nuclear spin: $-1, 0, 1$. The nuclear spin wave functions of $\mathrm{N}_{2}$ are six symmetric ones and three antisymmetric ones. When the nuclear spin wave function is symmetric, the rotational wave function must also be symmetric, and when the nuclear spin wave function is antisymmetric, the rotational wave function is likewise antisymmetric. Therefore, the partition function for ortho-$\mathrm{N}_{2}$ is

$$
Z_{\text{ortho}}=\sum_{l=0,2,4 \ldots} 6(2l+1) \mathrm{e}^{-\theta_{r} l(l+1) / T}
$$

where $\theta_{r}=\frac{\hbar^{2}}{2kI}$, and $I$ is the rotational inertia of $\mathrm{N}_{2}$. The partition function for para-$\mathrm{N}_{2}$ is

$$
Z_{\text{para}}=\sum_{l=1,3,5 \ldots} 3(2l+1) \mathrm{e}^{-\theta_{r} l(l+1) / T}
$$

At normal temperatures, $\frac{\theta_{r}}{T} \ll 1$, so the sums can be converted to integrals,

$$
\begin{aligned}
& Z_{\text{ortho}}=3 \int_{0}^{\infty} \mathrm{e}^{-\theta_{r} x / T} \mathrm{~d} x=\frac{3T}{\theta_{r}} \\
& Z_{\text{para}}=\frac{3}{2} \int_{0}^{\infty} \mathrm{e}^{-\theta_{r} x / T} \mathrm{~d} x=\frac{3T}{2\theta_{r}}
\end{aligned}
$$

Therefore, the ratio of the number of ortho-$\mathrm{N}_{2}$ molecules $N_{\text{ortho}}$ to para-$\mathrm{N}_{2}$ molecules $N_{\text{para}}$, i.e., the relative abundance, is given by

$$
N_{\text{ortho}} / N_{\text{para}}=\left(Z_{\text{ortho}} / Z_{\text{para}}\right) \exp \left[\beta\left(\mu_{\text{ortho}}-\mu_{\text{para}}\right)\right]
$$

At equilibrium, $\mu_{\text{ortho}}=\mu_{\text{para}}$, so the relative abundance is 2.",\boxed{2},NV,,False,EN,Laws Application
3087,Mechanics and Thermodynamics,Statistical Mechanics,Fermi-Dirac Statistics,"Given the density of lead (Pb) $\rho = 11.4 \ \mathrm{g/cm}^3$, atomic mass $M = 208 \ \mathrm{g/mol}$, and Avogadro's number $N_{\mathrm{A}} = 6.02 \times 10^{23} \ \mathrm{mol}^{-1}$, determine the atomic number density $n_{\mathrm{Pb}}$ of Pb.","With the density of Pb $\rho = 11.4 \ \mathrm{g/cm}^3$, atomic mass $M = 208 \ \mathrm{g/mol}$, and Avogadro's number $N_{\mathrm{A}} = 6.02 \times 10^{23} \ \mathrm{mol}^{-1}$, the atomic number density $n_{\mathrm{Pb}}$ of Pb can be calculated as follows:

\begin{equation*}
n_{\mathrm{Pb}} = \frac{\rho N_{\mathrm{A}}}{M} = 3.30 \times 10^{28} \ \mathrm{m}^{-3} = 3.30 \times 10^{22} \ \mathrm{cm}^{-3} \tag{4}
\end{equation*}",\boxed{3.30 \times 10^{22}},NV,\mathrm{cm}^{-3},False,EN,Knowledge Recall
3089,Mechanics and Thermodynamics,Statistical Mechanics,Bose-Einstein Statistics,It is well known that 3 K blackbody radiation pervades the universe. A simple perspective is that this radiation results from the adiabatic expansion of a hotter cloud of photons produced during the Big Bang. Write the energy contained in a unit volume of this radiation cloud in integral form. Estimate the order of magnitude of this result in units of $\mathrm{J}/\mathrm{m}^{3}$.,"Blackbody radiation satisfies Bose-Einstein statistics: the energy density of the radiation cloud is

$$
\frac{E}{V} = 2 \int \frac{\mathrm{d}^{3} \boldsymbol{p}}{h^{3}} \, pc \, \frac{1}{\mathrm{e}^{\beta pc} - 1} = \frac{8 \pi c}{h^{3}} \frac{1}{(\beta c)^{4}} \int_{0}^{\infty} \frac{x^{3} \, \mathrm{d} x}{\mathrm{e}^{x} - 1}
$$

The factor of 2 in front of the integral sign represents the number of polarization states, thus

$$
\frac{E}{V} \approx \frac{8 \pi^{5}}{15} \frac{(k T)^{4}}{(h c)^{3}} \approx 10^{-14} \mathrm{~J}/\mathrm{m}^{3}
$$",\boxed{10^{-14}},NV,\mathrm{J}/\mathrm{m}^{3},False,EN,Knowledge Recall
3090,Mechanics and Thermodynamics,Statistical Mechanics,Fermi-Dirac Statistics,"Relativistic electron gas. Consider a degenerate (i.e., $T = 0 \, \text{K}$) gas consisting of $N$ non-interacting electrons within a volume $V$. Derive the equation relating the pressure, energy, and volume of this gas in the extreme relativistic limit (neglecting electron mass).","The energy $E$ of a non-interacting degenerate electron gas is given by

$$
\begin{gathered}
E = 2 \cdot \frac{V}{(2 \pi \hbar)^3} \cdot 4 \pi \int_{0}^{p_{F}} \varepsilon p^2 \, \mathrm{d} p \\
p_{F} = \left(\frac{3 N}{8 \pi V}\right)^{1/3} 2 \pi \hbar
\end{gathered}
$$

where $\varepsilon$ is the energy of a single electron, and $p_{F}$ is the Fermi momentum.  
For an extremely relativistic electron, $\varepsilon = c p$, thus

$$
E = \frac{V c}{4 \pi^2 \hbar^3} p_{F}^4
$$

The pressure of the gas is

$$
p = -\left(\frac{\partial E}{\partial V}\right)_{T=0} = \frac{1}{3} E V^{-1}
$$

The equation of state is therefore $p V = \frac{1}{3} E$.",\boxed{p V = \frac{1}{3} E},EQ,,False,EN,Math Derivation
3091,Mechanics and Thermodynamics,Statistical Mechanics,Bose-Einstein Statistics,Find the pressure of blackbody radiation.,"The relation $p V = k T \ln \Xi$ is an important bridge or link between statistical mechanics and thermodynamics. Using this equation and from equation (2), the gas pressure of a photon gas is $p = a T^{4} / 3$.",\boxed{\frac{a T^{4}}{3}},EX,,False,EN,Laws Application
3092,Mechanics and Thermodynamics,Statistical Mechanics,Bose-Einstein Statistics,Calculate the enthalpy of blackbody radiation.,The enthalpy of a photon gas \( H = U + pV = 4pV = \frac{4aT^4V}{3} \).,\boxed{\frac{4}{3} a T^{4} V},EX,,False,EN,
3093,Mechanics and Thermodynamics,Statistical Mechanics,Maxwell-Boltzmann Statistics,"From a classical ideal gas in thermodynamic equilibrium, two molecules are randomly selected.  
Find the probability $\psi(\varepsilon) \mathrm{d} \varepsilon$ that the total energy of the two molecules $\varepsilon = \varepsilon_{1} + \varepsilon_{2}$ lies between $\varepsilon$ and $\varepsilon + \mathrm{d} \varepsilon$.","According to the Maxwell-Boltzmann distribution, the probability that the energy of one gas molecule lies between $\varepsilon$ and $\varepsilon + \mathrm{d} \varepsilon$ is given by

\[
g(\varepsilon) \mathrm{d} \varepsilon = \frac{2}{\sqrt{\pi}}\left(\frac{1}{k T}\right)^{3/2} \sqrt{\varepsilon} \exp \left(-\frac{\varepsilon}{k T}\right) \mathrm{d} \varepsilon \tag{1}
\]

The probability that the total energy of the two molecules $\varepsilon = \varepsilon_{1} + \varepsilon_{2}$ lies between $\varepsilon$ and $\varepsilon + \mathrm{d} \varepsilon$ is

\[
\psi(\varepsilon) \mathrm{d} \varepsilon = \int_{0}^{\varepsilon} \mathrm{d} \varepsilon_{1} g\left(\varepsilon_{1}\right) \int_{\varepsilon-\varepsilon_{1}}^{\varepsilon-\varepsilon_{1}+\mathrm{d} \varepsilon} \mathrm{d} \varepsilon_{2} g\left(\varepsilon_{2}\right) = \int_{0}^{\varepsilon} \mathrm{d} \varepsilon_{1} g\left(\varepsilon_{1}\right) g\left(\varepsilon-\varepsilon_{1}\right) \mathrm{d} \varepsilon
\]

\[
= \frac{4}{\pi}\left(\frac{1}{k T}\right)^{3} \int_{0}^{\varepsilon} \mathrm{d} \varepsilon_{1} \sqrt{\varepsilon_{1}\left(\varepsilon-\varepsilon_{1}\right)} \cdot \exp \left(-\frac{\varepsilon}{k T}\right) \mathrm{d} \varepsilon = \frac{1}{2}\left(\frac{1}{k T}\right)^{3} \varepsilon^{2} \exp \left(-\frac{\varepsilon}{k T}\right) \mathrm{d} \varepsilon \tag{2}
\]","\[
\boxed{\frac{1}{2}\left(\frac{1}{k T}\right)^{3} \varepsilon^{2} \exp \left(-\frac{\varepsilon}{k T}\right) }
\]",EX,,False,EN,Math Derivation
3094,Mechanics and Thermodynamics,Statistical Mechanics,Bose-Einstein Statistics,"Given the surface temperature of the Sun \(T_{\mathrm{s}}=5500 \ \mathrm{K}\), the radius of the Sun \(R_{\mathrm{s}}=7 \times 10^{5} \ \mathrm{km}\), the average distance between the Sun and the Earth \(L=1.5 \times 10^{8} \ \mathrm{km}\), and the derived expression for radiation intensity:

\[ \frac{4 \pi R_{\mathrm{s}}^{2} \sigma T_{\mathrm{s}}^{4}}{4 \pi L^{2}} \cdot \pi R_{\mathrm{e}}^{2} = \sigma T_{\mathrm{e}}^{4} \cdot 4 \pi R_{\mathrm{e}}^{2} \]

Estimate the surface temperature of the Earth.","From the radiation intensity expression, we obtain:

\[
T_{\mathrm{e}} = \sqrt{\frac{R_{\mathrm{s}}}{2 L}} \ T_{\mathrm{s}} = 266\ \mathrm{K} = -7^{\circ} \mathrm{C} \tag{3}
\]

In this formula, the radius of the Sun \(R_{\mathrm{s}}=7 \times 10^{5} \ \mathrm{km}\), the average distance between the Sun and the Earth \(L=1.5 \times 10^{8} \ \mathrm{km}\), and the surface temperature of the Sun is \(T_{\mathrm{s}}=5500 \ \mathrm{K}\).",\boxed{266},NV,\mathrm{K},False,EN,Laws Application
3095,Mechanics and Thermodynamics,Statistical Mechanics,Maxwell-Boltzmann Statistics,"Calculate the number of gas molecules in a room. It is known that 1 mole of gas occupies approximately 23 liters, and the volume of the room is approximately $50 \mathrm{~m}^{3}$.","The volume of the room is approximately $50 \mathrm{~m}^{3}$, and the number of molecules is approximately  
$$
N \cong \frac{50 \times 1000}{23} \times 6.02 \times 10^{23} \sim 10^{27}
$$",\boxed{10^{27}},NV,,False,EN,Practical Application
3096,Mechanics and Thermodynamics,Statistical Mechanics,Maxwell-Boltzmann Statistics,"A cubic container with a side length of 20 cm contains hydrogen gas at a temperature of 300 K (diatomic molecules, with two atoms 10^{-8} cm apart, and each hydrogen atom weighing 1.66  10^{-24} g). Assume the hydrogen gas is an ideal gas and ignore the vibrational degrees of freedom. What is the average angular velocity of the molecules rotating about an axis perpendicular to the line connecting the two atoms and passing through the center of mass? (Each hydrogen atom can be considered as a point particle).","When the gas is in equilibrium at temperature \(T\), it follows the Maxwell velocity distribution law. The number of molecules within a unit volume with velocities between \(\boldsymbol{v}\) and \(\boldsymbol{v}+\mathrm{d} \boldsymbol{v}\) is given by:

\[
f(v) \mathrm{d} v=n\left(\frac{m}{2 \pi k T}\right)^{3 / 2} \exp \left(-\frac{m v^{2}}{2 k T}\right) \mathrm{d} v \tag{1}
\]

To calculate the number of collisions, consider the two types of molecules as elastic hard spheres with diameters \(d_{1}\) and \(d_{2}\). Using the center of a molecule of the first type as the sphere's center and a radius of \(d_{12}=(d_{1}+d_{2})/2\), the sphere surface is conceptualized. When two molecules collide, the center of the second type must be on this imaginary sphere, with \(v_{r}=v_{2}-v_{1}\) being the relative velocity of molecule 2 concerning molecule 1. In a time \(\mathrm{d} t\), for the second type of molecule to collide with the first within the solid angle element \(\mathrm{d} \Omega\) along the axis direction \(\boldsymbol{n}\), it must be located within a cylinder with base \(d_{12}^{2} \mathrm{d} \Omega\) and height \(v_{r} \cos \theta \mathrm{d} t\). The volume of this cylinder is:

\[
\mathrm{d} \tau=d_{12}^{2} v_{r} \cos \theta \mathrm{d} \Omega \mathrm{d} t \tag{2}
\]

Therefore, in time \(\mathrm{d} t\), the number of collisions within the solid angle element \(\mathrm{d} \Omega\) along the axis \(\boldsymbol{n}\) between a molecule 1 with speed \(\boldsymbol{v}_{1}\) and molecule 2 with speeds in the range \(\boldsymbol{v}_{2}\) to \(\boldsymbol{v}_{2}+\mathrm{d} \boldsymbol{v}_{2}\) is:

\[
f_{2}\left(\boldsymbol{v}_{2}\right) \mathrm{d} \boldsymbol{v}_{2} \mathrm{d} \tau = d_{12}^{2} v_{r} \cos \theta f_{2}\left(\boldsymbol{v}_{2}\right) \mathrm{d} \boldsymbol{v}_{2} \mathrm{d} \Omega \mathrm{d} t \tag{3}
\]

Thus, the average number of collisions in unit time between one molecule of the first type and all molecules of the second type is:

\[
\overline{\Theta_{12}} = \frac{1}{n_{1}} \iiint d_{12}^{2} v_{r} \cos \theta \cdot f_{1}\left(\boldsymbol{v}_{1}\right) f_{2}\left(\boldsymbol{v}_{2}\right) \mathrm{d} \boldsymbol{v}_{1} \mathrm{d} \boldsymbol{v}_{2} \mathrm{d} \Omega \tag{5}
\]

Completing the angular integration:

\[
\int \cos \theta \mathrm{d} \Omega = \int_{0}^{2 \pi} \mathrm{d} \varphi \cdot \int_{0}^{\pi} \cos \theta \sin \theta \mathrm{d} \theta = \pi \tag{6}
\]

We find:

\[
\overline{\Theta_{12}} = \pi n_{2} d_{12}^{2}\left(\frac{m_{1}}{2 \pi k T}\right)^{3/2}\left(\frac{m_{2}}{2 \pi k T}\right)^{3/2} \iint v_{r} \exp \left(-\frac{m_{1} v_{1}^{2}+m_{2} v_{2}^{2}}{2 k T}\right) \mathrm{d} \boldsymbol{v}_{1} \mathrm{d} \boldsymbol{v}_{2} \tag{7}
\]

Introducing the velocity of the center of mass:

\[
\boldsymbol{v}_{\mathrm{c}} = \frac{1}{m_{1}+m_{2}}\left(m_{1} \boldsymbol{v}_{1}+m_{2} \boldsymbol{v}_{2}\right) \tag{8}
\]

We have:

\[
\frac{1}{2} m_{1} v_{1}^{2}+\frac{1}{2} m_{2} v_{2}^{2}=\frac{1}{2} M v_{\mathrm{c}}^{2}+\frac{1}{2} \mu v_{r}^{2} \tag{9}
\]

And

\[
\mathrm{d} \boldsymbol{v}_{\mathrm{c}} \mathrm{d} \boldsymbol{v}_{r}=|J| \mathrm{d} \boldsymbol{v}_{1} \mathrm{d} \boldsymbol{v}_{2} \tag{10}
\]

where \(M=m_{1}+m_{2}\) is the total mass of the two molecules, and \(\mu=m_{1} m_{2} /(m_{1}+m_{2})\) is the reduced mass of the two molecules. The absolute value of the Jacobian determinant is:

\[
|J|= \left|\frac{\partial(\boldsymbol{v}_{\mathrm{c}}, \boldsymbol{v}_{r})}{\partial(\boldsymbol{v}_{1}, \boldsymbol{v}_{2})}\right|=1 \tag{11}
\]

Substituting these results into equation (7), we finally obtain the average frequency of collisions between a molecule of the first type and those of the second type:

\[
\overline{\Theta_{12}} = \pi n_{2} d_{12}^{2}\left(\frac{m_{1}}{2 \pi k T}\right)^{3/2}\left(\frac{m_{2}}{2 \pi k T}\right)^{3/2} \int \exp \left(-\frac{M v_{c}^{2}}{2 k T}\right) \mathrm{d} v_{\mathrm{c}} \cdot \int v_{r} \exp \left(-\frac{\mu v_{r}^{2}}{2 k T}\right) \mathrm{d} v_{r} = \pi n_{2} d_{12}^{2} \sqrt{\frac{8 k T}{\pi \mu}} = \pi n_{2} d_{12}^{2}\left(1+\frac{m_{1}}{m_{2}}\right)^{1/2} \overline{v_{1}} \tag{12}
\]

where \(\overline{v_{1}}=\sqrt{8 k T / \pi m_{1}}\) is the average speed of the first type of molecule, and \(n_{1}\) and \(n_{2}\) are the molecular number densities of the first and second types of gas molecules, respectively. For identical molecules, the average collision frequency is \(\Theta=\sqrt{2} n \pi d^{2} v\).",\boxed{3.2 \times 10^{13}},NV,,False,EN,Laws Application
3097,Mechanics and Thermodynamics,Statistical Mechanics,Bose-Einstein Statistics,Find the specific heat capacity at constant volume for black body radiation.,The specific heat capacity at constant volume for a photon gas is given by $c_{v}=(\partial U / \partial T)_{V}=4 a T^{3} V$.,\boxed{4aT^{3}V},EX,,False,EN,Knowledge Recall
3098,Mechanics and Thermodynamics,Statistical Mechanics,Maxwell-Boltzmann Statistics,"A container with a volume of $V$ is divided into two parts by a partition. The volume of the left side is $V_{1}$, and the volume of the right side is $V_{2}$. The container is filled with a rarefied gas, and the gas molecules cannot pass through the partition. The entire system is in thermal equilibrium with an external heat reservoir at a temperature $T$. In the second case: both sides of the container are filled with $\mathrm{He}^{4}$ gas. Find the change in entropy before and after the partition is opened.","The entropy of a classical gas is given by

\[
S=\frac{5}{2} N k-N k \ln \left(n \lambda^{3}\right) \tag{1}
\]

where $n=N / V$ is the molecular number density of the gas, and $\lambda$ is the thermal De Broglie wavelength:

\[
\lambda=\frac{h}{\sqrt{2 \pi m k T}} \tag{2}
\]

Since the ideal gas is always in contact with the same heat reservoir, the gas undergoes isothermal mixing. Before and after mixing, the De Broglie wavelength $\lambda$ remains the same.

In the second case, where the gases on both sides are identical, they become indistinguishable after mixing. The change in entropy from before mixing to after mixing is equal to the entropy of the mixed gas minus the sum of the entropies of the gases on both sides before mixing. From Equation (1), we have

\[
\Delta S =-N k \ln \left(\frac{N}{V} \lambda^{3}\right) + N_{1} k \ln \left(\frac{N_{1}}{V_{1}} \lambda^{3}\right) + N_{2} k \ln \left(\frac{N_{2}}{V_{2}} \lambda^{3}\right)
\]

\[
= N_{1} k \ln \left(\frac{V}{N} \cdot \frac{N_{1}}{V_{1}}\right) + N_{2} k \ln \left(\frac{V}{N} \cdot \frac{N_{2}}{V_{2}}\right) = N_{1} k \ln \frac{p_{1}}{p} + N_{2} k \ln \frac{p_{2}}{p} \tag{4}
\]

where $p_{1}$ and $p_{2}$ are the pressures of the gases on both sides before mixing, and $p$ is the pressure of the gas after mixing. If the pressures on both sides of the container are equal before the partition is opened, such that $p_{2}=p_{1}$, then mixing does not change the gas pressure, and $p=p_{1}=p_{2}$. Thus, Equation (4) indicates that if the pressures on both sides of the container are equal before the partition is opened, then $\Delta S=0$, and the entropy of the gas does not change when the partition is opened. This is expected because, in this scenario, the gas does not undergo any changes before and after the partition is opened.",\boxed{0},NV,,False,EN,Laws Application
3099,Mechanics and Thermodynamics,Statistical Mechanics,Maxwell-Boltzmann Statistics,"A three-dimensional rotor system with quantized energy (having two rotational degrees of freedom, no translational motion) obeys Boltzmann statistics. Calculate the free energy for each rotor at high temperatures. The energy of the rotor is

$$
\varepsilon_{j}=j(j+1) \hbar^{2} / 2 I=A j(j+1)
$$

where $I$ is the moment of inertia of the rotor, the rotational quantum number $j=0,1,2, \cdots$, Planck's constant $\hbar=1.055 \times 10^{-34} \mathrm{~J} \cdot \mathrm{~s}$, and $A=\hbar^{2} / 2 I$. The degeneracy of the energy level $\varepsilon_{j}$ is given by $g_{j}=2 j+1$. The partition function of the rotor is

\begin{align*}
Z & =\sum_{j=0}^{\infty}(2 j+1) \exp \left[-\frac{A j(j+1)}{k T}\right] \\
& =2 \exp \left(\frac{A}{4 k T}\right) \sum_{j=0}^{\infty}\left(j+\frac{1}{2}\right) \exp \left[-\frac{A}{k T}\left(j+\frac{1}{2}\right)^{2}\right]
\end{align*}

Using the Euler formula, from the above equation we can obtain

\begin{equation*}
Z=\left(\frac{k T}{A}+\frac{1}{12}\right) \exp \left(\frac{A}{4 k T}\right)
\end{equation*}","The free energy of the rotor is

\begin{equation*}
F=-k T \ln Z=-k T \ln \left(\frac{k T}{A}+\frac{1}{12}\right)-\frac{A}{4}
\end{equation*}",\boxed{-k T \ln \left(\frac{k T}{A}+\frac{1}{12}\right)-\frac{A}{4}},EX,\text{Joules},False,EN,Math Derivation
3101,Mechanics and Thermodynamics,Statistical Mechanics,Kinetic Theory of Gases,"At $T=0 \mathrm{~K}$, under the condition that the Fermi momentum $p_{\mathrm{F}}=m_{\mathrm{e}} c$, find the electron number density of a degenerate Fermi gas.","The electron number density is given by

$$
n=\frac{2}{h^{3}} \iiint_{p \leqslant p_{\mathrm{F}}} \mathrm{d} \boldsymbol{p}=\frac{8 \pi}{3 h^{3}} p_{\mathrm{F}}^{3}=\frac{8 \pi}{3}\left(\frac{m_{\mathrm{e}} c}{h}\right)^{3}=6 \times 10^{35} \mathrm{~m}^{-3}.
$$",\boxed{6 \times 10^{35}},NV,\mathrm{m}^{-3},False,EN,Knowledge Recall
3102,Mechanics and Thermodynamics,Statistical Mechanics,Ensemble Theory,"Surface tension waves on the free surface of a liquid have a dispersion relation given by $\omega^{2}=\sigma k^{3} / \rho$, where $\omega$ and $k$ are the angular frequency and wave number of the surface wave, respectively, and $\sigma$ and $\rho$ represent the surface tension and density of the liquid, respectively. Let $q_{i}$, $p_{i}$, and $\omega_{i}$ denote the normal coordinate, momentum, and characteristic frequency for degree of freedom $i$ on the liquid surface. $\Phi_{0}$ is the interaction energy between particles when all surface particles are in their equilibrium positions. The energy of the surface wave is expressed as

\[ E=\Phi_{0}+\sum_{i=1}^{2 N}\left(\frac{p_{i}^{2}}{2 m}+\frac{m \omega_{i}^{2} q_{i}^{2}}{2}\right) \]

or

\[ E\left(\left\{n_{i}\right\}\right)=\Phi_{0}+\sum_{i=1}^{2 N} \hbar \omega_{i}\left(n_{i}+\frac{1}{2}\right) \]

where $n_{i}=0,1,2, \ldots, \hbar=h / 2 \pi$ is the reduced Planck's constant. Using the expression for surface wave energy in equation (2), derive the partition function for the surface wave.","The partition function for the surface wave is

\[
Z=\sum_{\left\langle n_{i}\right\}} \exp \left[-\beta E\left(\left\{n_{i}\right\}\right)\right]=\exp \left(-\beta \Phi_{0}\right) \prod_{i} \frac{\exp \left(-\beta \hbar \omega_{i} / 2\right)}{1-\exp \left(-\beta \hbar \omega_{i}\right)}
\]",\boxed{Z=\exp \left(-\beta \Phi_{0}\right) \prod_{i} \frac{\exp \left(-\beta \hbar \omega_{i} / 2\right)}{1-\exp \left(-\beta \hbar \omega_{i}\right)}},EX,,False,EN,Math Derivation
3103,Mechanics and Thermodynamics,Statistical Mechanics,Fermi-Dirac Statistics,"Calculate the Fermi energy $\varepsilon_{\mathrm{F}}$ of a one-dimensional system of $N$ electrons at absolute zero. Assume the density of states for a one-dimensional free electron gas is given by $D(\varepsilon) = \frac{L(2m)^{1/2}}{h} \varepsilon^{-1/2}$, with periodic boundary conditions over a length $L$.","At temperature $T = 0 \mathrm{~K}$, the electrons will occupy all states with energies from 0 up to the Fermi energy $\varepsilon_{\mathrm{F}}$.

$$
N = \int_{0}^{\varepsilon_{\mathrm{F}}} D(\varepsilon) \mathrm{d}\varepsilon
$$

From this, we obtain

$$
\varepsilon_{\mathrm{F}} = \frac{\hbar^{2}}{2m}\left(\pi \frac{N}{L}\right)^{2}
$$","\[
\boxed{\frac{\hbar^{2}}{2m}\left(\pi \frac{N}{L}\right)^{2}}
\]",EX,,False,EN,Math Derivation
3104,Mechanics and Thermodynamics,Statistical Mechanics,Distribution Function and Statistical Entropy,"In a cubic box with side length \(L\), the particle energy is given by \(\varepsilon(n)=\frac{n h^{2}}{2 m L^{2}}\), where \(h\) is Planck's constant, and \(n=n_{x}^{2}+n_{y}^{2}+n_{z}^{2}\). The quantum numbers \(n_{x}, n_{y}, n_{z}=0, \pm 1, \pm 2, \cdots\). Try to provide the quantum states \((n_{x}, n_{y}, n_{z})\) included in the energy level \(\varepsilon(n)\) and the degeneracy \(g(n)\) when \(n=4\).","An array \((n_{x}, n_{y}, n_{z})\) corresponds to a quantum state. From \(n=n_{x}^{2}+n_{y}^{2}+n_{z}^{2}\), we can determine that for the given energy level \(n=4\), the quantum states and the degeneracy \(g(n)\) are as shown in the table below:

\[
\begin{center}
\begin{tabular}{c|c|c|c|c}
\hline
\(n\) & \(n_{x}\) & \(n_{y}\) & \(n_{z}\) & \(g(n)\) \\
\hline
4 & \(\pm 2\) & 0 & 0 & 6 \\
 & 0 & \(\pm 2\) & 0 & \\
 & 0 & 0 & \(\pm 2\) & \\
 & \(\pm 1\) & \(\pm 1\) & 0 & \\
 & 0 & \(\pm 1\) & \(\pm 1\) & \\
 & \(\pm 1\) & 0 & \(\pm 1\) & \\
\hline
\end{tabular}
\end{center}
\]",\boxed{6},NV,,False,EN,Laws Application
3105,Mechanics and Thermodynamics,Statistical Mechanics,Bose-Einstein Statistics,"What is the relationship between the specific heat capacity of a phonon gas in a solid and temperature at low temperatures? Phonons are bosons. The phonon gas in a solid obeys Bose-Einstein statistics, with the internal energy given by 

$$
U=U_{0}+\int_{0}^{\omega_{\mathrm{D}}} D(\omega) \frac{\hbar \omega}{\exp (\hbar \omega / k T)-1} \mathrm{~d} \omega=U_{0}+9 N \frac{k}{x^{3}} T \int_{0}^{x} \frac{y^{3}}{\exp y-1} \mathrm{~d} y
$$

where $D(\omega)=B \omega^{2}$, $x=\hbar \omega_{\mathrm{D}} / k T$, $\omega_{\mathrm{D}}=\sqrt{9 N / B}$, $B$ is a factor independent of the angular frequency $\omega$, and $y=\hbar \omega / k T$.","At high temperatures, $y \leqslant x=\hbar \omega_{\mathrm{D}} / k T \ll 1$, and $\exp y \approx 1+y$; from the above expression, we have $U=U_{0}+3 N k T$. At this point, the specific heat capacity of the phonon gas in the solid is $c_{v}=3 N k$, which is independent of temperature $T$. At low temperatures, $x=\hbar \omega_{\mathrm{D}} / k T \gg 1$, we can take the upper limit of the integral as $x=\infty$. At this point, the specific heat capacity of the phonon gas in the solid is $c_{v} \propto T^{3}$; it follows the Debye T³ law.",\boxed{c_v \propto T^3},EX,,False,EN,Math Derivation
3106,Mechanics and Thermodynamics,Statistical Mechanics,Kinetic Theory of Gases,Calculate the collision frequency per unit time under standard conditions using the ratio of pressure to viscosity. The viscosity under standard conditions is $1.8 \times 10^{-4}$ in CGS units.,"The pressure under standard conditions is $p = 1.013 \times 10^{6} \mathrm{dyn} / \mathrm{cm}^{2}$. Therefore, the collision frequency per unit time is:

$$
z = \frac{p}{\eta} = \frac{1.013 \times 10^{6}}{1.8 \times 10^{-4}} = 5.63 \times 10^{9} / \mathrm{s}
$$",\boxed{5.63 \times 10^{9}},NV,/ \mathrm{s},False,EN,Knowledge Recall
3107,Mechanics and Thermodynamics,Statistical Mechanics,Kinetic Theory of Gases,"Estimate the mean free path of protons in cosmic rays near sea level. Protons interact and scatter with the nucleons of air molecules. Using the known number density of atmospheric molecules $n=\frac{N}{V}=\frac{p}{kT}$, and assuming a molecular diameter $d = 10^{-13} \mathrm{~cm}$, temperature $T = 300 \mathrm{~K}$, and pressure $p = 10^{6} \mathrm{~dyne/cm^2}$, calculate the mean free path $l$.","$$
l=\frac{1}{\sqrt{2} \sigma} \cdot \frac{kT}{p} \approx \frac{1}{\pi \cdot (10^{-13})^{2}} \cdot \frac{1.38 \times 10^{-16} \times 300}{10^{6}} \approx 10^{6} \mathrm{~cm}
$$",\boxed{10^6},NV,,False,EN,Laws Application
3108,Mechanics and Thermodynamics,Statistical Mechanics,Bose-Einstein Statistics,Black body radiation. Derive the relationship between the total radiation intensity \( I \) and the temperature \( T \).,"The total emissive power \( P \) or total radiation intensity \( I \) per unit area of a radiator is given by

\[
I(T)=\int_{0}^{\infty} I(\lambda, T) \mathrm{d} \lambda=\sigma T^{4} \tag{8}
\]

where \(\sigma=\pi^{2} k^{4} / 60 \hbar^{3} c^{2}\) is the Stefan-Boltzmann constant.",\boxed{I(T) = \sigma T^{4}},EQ,,False,EN,Laws Application
3109,Mechanics and Thermodynamics,Statistical Mechanics,Maxwell-Boltzmann Statistics,"Consider the emission and absorption of visible light by hot gases. Provide the distribution of spectral line deviations from the central frequency $\nu_{0}$ due to Doppler broadening. Assume the gas is an ideal gas with molecular mass $M$, temperature $T$, and the direction of light propagation is along the $z$-axis.","Observe along the $z$ direction. According to the Maxwell-Boltzmann distribution law, the distribution function of $v_{z}$ is

$$
\mathrm{d}P = \left(\frac{M}{2 \pi k T}\right)^{1/2} \mathrm{e}^{-\frac{M v_{z}^2}{2 k T}} \, \mathrm{d}v_{z}
$$

By the Doppler shift, the frequency is

$$
\nu = \nu_{0}\left(1+\frac{v_{z}}{c}\right)
$$

where $c$ is the speed of light, thus

$$
v_{z} = c\left(\frac{\nu-\nu_{0}}{\nu_{0}}\right)
$$

Therefore,

$$
\mathrm{d}P = \frac{1}{\nu_{0}}\left(\frac{M c^{2}}{2 \pi k T}\right)^{1/2} \mathrm{e}^{-\frac{M c^{2} (\nu-\nu_{0})^{2}}{2 k T \nu_{0}^2}} \, \mathrm{d}\nu
$$",\boxed{\frac{1}{\nu_{0}}\left(\frac{M c^{2}}{2 \pi k T}\right)^{1/2} \mathrm{e}^{-\frac{M c^{2} (\nu-\nu_{0})^{2}}{2 k T \nu_{0}^2}}},EX,,False,EN,Math Derivation
3110,Mechanics and Thermodynamics,Statistical Mechanics,Maxwell-Boltzmann Statistics,"Considering only rotational motion, the rotational energy levels of a heteronuclear diatomic molecule are given by $\varepsilon_{j}=j(j+1) \hbar^{2} / 2 I$, where \(j=0,1,2,\cdots\). Derive the high-temperature approximation of the heat capacity, simplifying the answer from (2). What is the effective range of this approximation?","In the limit as \(T \rightarrow \infty (\beta \rightarrow 0)\), many states will be heavily populated, i.e., many energy levels will contribute to the summations in equations (3) and (5). In this scenario, it becomes reasonable to replace discrete sums with integrals; the error becomes negligible as long as \(T\) is sufficiently large. Therefore, at high temperatures, considering only rotational motion, equation (3) becomes

\[
z = \int_{0}^{\infty} (2j+1) \exp \left[-\frac{\beta \hbar^{2}}{2 I} j(j+1)\right] \mathrm{d} j = \frac{2 I}{\beta \hbar^{2}} \tag{11}  
\]

From equation (11), we obtain

\[
\ln z = -\ln \beta + \ln \left(\frac{2 I}{\hbar^{2}}\right) \tag{12}  
\]

Substituting equation (12) into equation (5), we find that the average energy of the molecule at high temperatures, considering only rotational motion, is

\[
\bar{\varepsilon} = \frac{1}{\beta} = k T \tag{13}  
\]

From equation (13), we determine that the heat capacity of the molecule at high temperatures, considering only rotational motion, is

\[
c = k \tag{14}  
\]

These results are consistent with classical theory. At high temperatures, as long as \(j\) is much greater than 1, \(\beta \varepsilon_{j} \ll 1\), and the Boltzmann factors are large. Thus, our results are valid under the condition \(k T \gg \varepsilon_{1} = \hbar^{2} / I\). Of course, this validity is subject to another limitation, namely, that the temperature must not be so high as to cause molecular dissociation.",\boxed{k},EX,,False,EN,Math Derivation
3111,Mechanics and Thermodynamics,Statistical Mechanics,Fermi-Dirac Statistics,"Consider at what particle number density the following reaction can occur due to the electron kinetic energy of the free electron gas:

$$
\text{Proton} + \text{Electron} + 0.8 \, \mathrm{MeV} \rightarrow \text{Neutron}
$$

Assume the temperature is $T = 0 \, \mathrm{K}$.","At $T = 0 \, \mathrm{K}$, the Fermi energy of the electron gas is related to the number density as follows:

$$
n = \frac{8 \pi}{3} \left( \frac{2 m \varepsilon_{\mathrm{F}}}{h^2} \right)^{3/2}
$$

The condition for the reaction to occur is $\varepsilon_{\mathrm{F}} \geqslant 0.8 \, \mathrm{MeV}$. Therefore,

$$
n_{\min} = 3.24 \times 10^{36} \, \mathrm{m}^{-3}
$$",\boxed{3.24 \times 10^{36}},NV,\mathrm{m}^{-3},False,EN,Laws Application
3112,Mechanics and Thermodynamics,Statistical Mechanics,Fermi-Dirac Statistics,"In a volume \( V \) containing \( N \) particles of an electron gas, find the Fermi energy at temperature \( T \approx 0 \, \mathrm{K} \).","At temperature \( T \approx 0 \, \mathrm{K} \), the maximum energy of the electrons \( \varepsilon_{0} \) is the Fermi energy \( \varepsilon_{\mathrm{F}} \). For all states with energy \( \varepsilon > \varepsilon_{\mathrm{F}} \), the occupancy number is \( f(\varepsilon > \varepsilon_{\mathrm{F}}) = 0 \); for all states with energy \( \varepsilon < \varepsilon_{\mathrm{F}} \), the occupancy number is \( f(\varepsilon < \varepsilon_{\mathrm{F}}) = 1 \). In a volume \( V \), the number of quantum states of a single particle with energy between \( \varepsilon \) and \( \varepsilon + \mathrm{d} \varepsilon \) is given by

\[
D(\varepsilon) \mathrm{d} \varepsilon = 4 \pi V \left(\frac{2 m}{h^{2}}\right)^{3/2} \sqrt{\varepsilon} \, \mathrm{d} \varepsilon
\]

From this, we obtain

\[
N = \int_{0}^{\varepsilon_{\mathrm{F}}} D(\varepsilon) \, \mathrm{d} \varepsilon
\]

The Fermi energy is

\[
\varepsilon_{\mathrm{F}} = \frac{h^{2}}{2 m} \left(\frac{3 n}{8 \pi}\right)^{2/3}
\]

where \( n = N / V \) is the particle number density of the gas.","\[
\boxed{\varepsilon_{\mathrm{F}} = \frac{h^{2}}{2 m} \left(\frac{3 n}{8 \pi}\right)^{2/3}}
\]",EQ,,False,EN,Laws Application
3113,Mechanics and Thermodynamics,Statistical Mechanics,Bose-Einstein Statistics,(2) Derive the qualitative result for the constant-volume heat capacity of a photon gas.,"The energy of a photon gas is given by

\[
U = \int \frac{V}{\pi^{2} \hbar^{3} c^{3}} \varepsilon^{2} \frac{\varepsilon}{e^{\varepsilon \beta}-1} \, \mathrm{d} \varepsilon = k T V \left(\frac{k T}{\hbar c}\right)^{3} \cdot \frac{1}{\pi^{2}} \int_{0}^{\infty} \frac{x^{3} \, \mathrm{d} x}{e^{x}-1}
\]

Therefore, the heat capacity is

\[
c_{v} \propto T^{3}
\]",\boxed{c_{v} \propto T^{3}},EX,,False,EN,Math Derivation
3114,Mechanics and Thermodynamics,Statistical Mechanics,Maxwell-Boltzmann Statistics,"Given the internal energy of one mole of gas $U=\frac{N_{\mathrm{A}}}{2} \hbar \omega_{0}+\frac{N_{\mathrm{A}} \hbar \omega_{0}}{\exp \left(\beta \hbar \omega_{0}\right)-1}$, derive the expression for the molar specific heat capacity $c_{\text{vib}}$, and determine its limits at high and low temperatures.","The molar specific heat capacity is given by

$$
c_{\text{vib}}=\left(\frac{\partial U}{\partial T}\right)_{V}=R \frac{x^{2} \mathrm{e}^{x}}{\left(\mathrm{e}^{x}-1\right)^{2}}, \quad x=\frac{\hbar \omega_{0}}{k T} \equiv \frac{\theta}{T}
$$

(i) At the high-temperature limit $T \gg \theta$, i.e., $x \ll 1$, therefore $c_{\text{vib}} \approx R$.\\
(ii) At the low-temperature limit $T \ll \theta$, i.e., $x \gg 1$, therefore

$$
c_{\text{vib}} \approx R\left(\frac{\theta}{T}\right)^{2} \exp \left(-\frac{\theta}{T}\right)
$$","\boxed{R, R\left(\frac{\theta}{T}\right)^{2} \exp \left(-\frac{\theta}{T}\right)}","NV, EX",,True,EN,Math Derivation
3115,Mechanics and Thermodynamics,Statistical Mechanics,Ensemble Theory,"A classical gas system consists of \(N\) particles, with a volume \(V\), and a temperature \(T\). There is a pairwise interaction between the particles \(\phi\left(r_{ij}\right)\), where \(r_{ij} = \left|\boldsymbol{r}_i - \boldsymbol{r}_j\right|\). Assume the interaction is a hard-sphere potential:

$$
\phi\left(r_{ij}\right)= \begin{cases}\infty, & r_{ij}<a \\ 0, & r_{ij}\geq a\end{cases}
$$

The virial expansion of the equation of state is given by

$$
\frac{p V}{N k T} = 1+\frac{A_{1}(T)}{V}+\frac{A_{2}(T)}{V^{2}}+\cdots
$$

Find the virial coefficient \(A_{1}(T)\).","Using the canonical ensemble, the partition function is

$$
\begin{aligned}
& Z=\frac{1}{N!} \frac{1}{h^{3N}} \int \mathrm{e}^{-\beta E} \mathrm{~d} \boldsymbol{q} \mathrm{~d} \boldsymbol{p}=\frac{1}{N!}\left(\frac{2 \pi m}{\beta h^{2}}\right)^{3N/2} \cdot Q \\
& Q=\int \cdots \int \exp \left(-\beta \sum_{i>j} \phi\left(r_{ij}\right)\right) \mathrm{d} q_{1} \cdots \mathrm{~d} q_{3N}
\end{aligned}
$$

where \(q_i\) is the coordinate and \(p_i\) is the momentum. Introduce the function \(f_{ij}=\exp \left(-\beta \phi\left(r_{ij}\right)\right)-1\). When \(r_{ij}>a\), \(f_{ij}=0\); when \(r_{ij}<a\), \(f_{ij}=-1\), so

$$
Q=\int \cdots \int\left(1+\sum_{i<j} f_{ij}+\sum_{i<j} f_{ij} \cdot \sum_{i'<j'} f_{i'j'}+\cdots\right) \mathrm{d} q_{1} \cdots \mathrm{~d} q_{3N}
$$

Taking the first two terms in approximation, we have

$$
Q=\int \cdots \int\left(1+\sum_{i<j} f_{ij}\right) \mathrm{d} q_{1} \cdots \mathrm{~d} q_{3N}
$$

Thus,

$$
Q \approx V^N + \frac{N^2}{2} V^{N-1} \int f_{12} \mathrm{d} q_{1} \mathrm{d} q_{2} = V^N\left(1+\frac{N^2}{2 V} \cdot(-\tau)\right)
$$

where \(\tau=\frac{4 \pi a^3}{3}\). Therefore,

$$
\ln Q = N \ln V + \ln \left[1-\frac{\tau}{2 V} N^2\right] \approx N \ln V - \frac{\tau}{2 V} N^2
$$

The pressure is

$$
p = \frac{1}{\beta} \frac{\partial}{\partial V} \ln Z = \frac{1}{\beta} \frac{\partial}{\partial V} \ln Q = \frac{1}{\beta}\left(\frac{N}{V} + \frac{\tau N^2}{2 V^2}\right)
$$

Thus,

$$
\frac{p V}{N k T} = 1+\frac{\tau N}{2 V}
$$

Therefore,

$$
A_{1}(T) = \frac{\tau N}{2} = \frac{2 \pi a^3}{3} N
$$",\boxed{\frac{2 \pi a^3}{3} N},EX,,False,EN,Math Derivation
3116,Mechanics and Thermodynamics,Statistical Mechanics,Maxwell-Boltzmann Statistics,"A gas composed of atoms with spin $\frac{1}{2}$ and density $n$, where each atom has an inherent magnetic moment $\mu$, ignoring interactions between atoms. Assume the system follows classical statistics. Find the magnetic susceptibility $\chi(\mu)$.","The magnetic susceptibility

$$
\chi(\mu) = \frac{\bar{M}}{H} \approx \begin{cases} 
n \mu^{2} / 3 k T &, \text{ at high temperatures } \\ 
\infty &, \text{ at low temperatures } 
\end{cases}
$$

There is spontaneous magnetic moment in the low-temperature limit.","\boxed{\frac{n \mu^{2}}{3 k T}, \infty}","NV, NV","\text{None}, \text{None}",True,EN,Laws Application
3117,Mechanics and Thermodynamics,Statistical Mechanics,Maxwell-Boltzmann Statistics,"Based on the vibrational energy levels and the partition function $Z_{\text{vib}}=\frac{\mathrm{e}^{-x/2}}{1-\mathrm{e}^{-x}}$, where $x=\beta \hbar \omega_{0}$, derive the expression for the internal energy of one mole of gas.","The internal energy is

$$
U=F-T \frac{\partial F}{\partial T}=\frac{N_{\mathrm{A}}}{2} \hbar \omega_{0}+\frac{N_{\mathrm{A}} \hbar \omega_{0}}{\exp \left(\beta \hbar \omega_{0}\right)-1}
$$",\boxed{\frac{N_{\mathrm{A}}}{2} \hbar \omega_{0} + \frac{N_{\mathrm{A}} \hbar \omega_{0}}{\exp \left(\beta \hbar \omega_{0}\right)-1}},EX,,False,EN,Math Derivation
3118,Mechanics and Thermodynamics,Statistical Mechanics,Fermi-Dirac Statistics,"Consider a Fermi gas at low temperatures, where \( k T \ll \mu(0) \) and \(\mu(0)\) is the chemical potential of the gas at \( T = 0 \ \mathrm{K} \). From a qualitative discussion, provide the leading term of the energy \( E \) concerning its dependence on temperature. The zero point of energy is taken at the energy of the lowest orbital.","At low temperatures, only the particles within a range of \( k T \) below the ""Fermi sea"" surface are sufficiently thermally excited, with each particle having an energy on the order of \( k T \).

\( E = E(0) + a (k T)^2 \), which implies \( E - E(0) \propto T^2 \).",\boxed{E - E(0) \propto T^{2}},EX,,False,EN,Laws Application
3119,Mechanics and Thermodynamics,Statistical Mechanics,Bose-Einstein Statistics,Find the power exponent \( n \) in the energy-temperature relationship of an \( r \)-dimensional blackbody.,"The energy of an \( r \)-dimensional photon gas or blackbody radiation is given by

\[
U = \int_{0}^{\infty} \frac{\hbar \omega}{\exp(\hbar \omega / kT) - 1} \cdot 2^{1-r} \mathrm{d}\Omega = 2A \left(\frac{a}{c \hbar}\right)^{r} k^{r+1} T^{r+1} \int_{0}^{\infty} \frac{x^{r} \mathrm{d}x}{\exp(x) - 1}
\]

From the above expression, we can derive that in the energy-temperature relationship of an \( r \)-dimensional blackbody, the power exponent \( n = r + 1 \).",\boxed{r + 1},NV,,False,EN,Math Derivation
3120,Mechanics and Thermodynamics,Statistical Mechanics,Fermi-Dirac Statistics,"In a strongly degenerate Fermi gas, the pressure is expressed as

\[
p=\frac{2}{5V} N \mu_0 \left(1+\frac{5}{12} \theta^2\right)
\]

Find the partial derivative of pressure with respect to density, keeping entropy and the number of particles constant.","From the pressure expression, we have

\[
\left(\frac{\partial p}{\partial \rho}\right)_{S,N}=\frac{2\mu_0}{3m}\left(1+\frac{5}{12} \theta^2\right)
\]",\boxed{\frac{2\mu_0}{3m}\left(1+\frac{5}{12} \theta^2\right)},EX,,False,EN,Math Derivation
3122,Mechanics and Thermodynamics,Statistical Mechanics,Fermi-Dirac Statistics,"In a volume \( V \), \( N \) electrons form a non-interacting Fermi gas. At \( T = 0 \, \mathrm{K} \), determine the maximum kinetic energy of an electron.","At \( T = 0 \, \mathrm{K} \), the Fermi distribution is

\[
f= 
\begin{cases}
1, & \varepsilon < \varepsilon_{\mathrm{F}} \\
0, & \varepsilon > \varepsilon_{\mathrm{F}}
\end{cases}
\]

The density of quantum states is given by

\[
D(\varepsilon)=\frac{4 \pi}{h^{3}}(2 m)^{3 / 2} \sqrt{\varepsilon}
\]

Thus, we have

\[
\frac{N}{V}=\int_{0}^{\varepsilon_{\mathrm{F}}} \frac{4 \pi}{h^{3}}(2 m)^{3 / 2} \sqrt{\varepsilon} \, \mathrm{d} \varepsilon
\]

From this, we can derive the Fermi energy as

\[
\varepsilon_{\mathrm{F}}=\frac{h^{2}}{2 m}\left(\frac{3 N}{8 \pi V}\right)^{2 / 3}
\]",\boxed{\frac{h^{2}}{2 m}\left(\frac{3 N}{8 \pi V}\right)^{2 / 3}},EX,,False,EN,Math Derivation
3123,Mechanics and Thermodynamics,Statistical Mechanics,Maxwell-Boltzmann Statistics,"A solid contains $N$ non-interacting particles. The spin quantum number of the particles is 1. Each particle has three quantum states with quantum numbers $m = -1, 0, 1$. In the solid, particles in the quantum states $m = 1$ and $m = -1$ have the same energy $\varepsilon, \varepsilon > 0$. Particles in the state $m = 0$ have zero energy. Derive the expression for the heat capacity in the high-temperature limit $\varepsilon / k T \ll 1$.","The internal energy of the solid $U = F + S T$, from the expressions for free energy and entropy, we obtain 

\[
U = 2 N \varepsilon\left[2 + \exp \left(\frac{\varepsilon}{k T}\right)\right]^{-1} \tag{4}
\]

The heat capacity of the solid $c = \mathrm{d} U / \mathrm{d} T$. In the high-temperature condition $\varepsilon / k T \ll 1$, $\exp (\varepsilon / k T) \approx 1$; from equation (4) we get 

\[
c = \frac{2 N \varepsilon^{2}}{k T^{2}}\left[2 + \exp \left(\frac{\varepsilon}{k T}\right)\right]^{-2} \exp \left(\frac{\varepsilon}{k T}\right) \approx \frac{2 N k}{9}\left(\frac{\varepsilon}{k T}\right)^{2} \tag{5}
\]","\[
\boxed{\frac{2 N k}{9}\left(\frac{\varepsilon}{k T}\right)^{2}}
\]",EX,,False,EN,Math Derivation
3124,Mechanics and Thermodynamics,Statistical Mechanics,Maxwell-Boltzmann Statistics,"Consider a container filled with argon gas at a pressure of 10 Torr and a temperature of $200^{\circ} \mathrm{C}$. A small amount of sodium vapor is introduced. Knowing that the absorption line of sodium is $5896 \, \AA$, estimate the magnitude of line broadening due to collisions. Assume the number of sodium atoms is small, and make suitable approximations as needed in the calculations. The atomic mass of sodium is 23.","For collisional broadening,

$$
\Delta \nu \approx \frac{1}{\tau}
$$

where $\tau$ is the mean free time between two collisions (for sodium atoms), $\tau = \frac{\Lambda}{v}$, $v$ is the average speed (of sodium atoms), $\Lambda$ is the mean free path (of sodium atoms), and $\Lambda = \frac{1}{n \sigma}$ where $n$ is the particle number density of argon molecules and $\sigma$ is the scattering cross-section.

$$
\sigma = \pi r^{2} = \pi \cdot \left(10^{-8} \mathrm{~cm}\right)^{2} \approx 3 \times 10^{-20} \mathrm{~m}^{2}
$$

Let $N_{A}$ be Avogadro's number, then

$$
n = \frac{p}{R T} \times N_{A} = \frac{1.01 \times 10^{5} \times 10 / 760}{8.3 \times 473} \times 6.02 \times 10^{23} = 2.04 \times 10^{23} \, (\mathrm{m}^{-3})
$$

$\Lambda \approx 1.7 \times 10^{-4} \, \mathrm{m}$

$$
v \approx \sqrt{\frac{k T}{M}} = \left(\frac{8.3 \times 473}{23 \times 10^{-3}}\right)^{1/2} \approx 413 \, (\mathrm{m/s})
$$

Thus,

$$
\tau \approx 4 \times 10^{-7} \, \mathrm{s}
$$

Therefore,

$$
\Delta \lambda = \frac{\lambda^{2}}{c \tau} \approx 3 \times 10^{-5} \, \AA
$$",\boxed{3 \times 10^{-5}},NV,\AA,False,EN,
3125,Mechanics and Thermodynamics,Statistical Mechanics,Fermi-Dirac Statistics,"In an electron gas with volume $V$ and particle number $N$, find the Fermi temperature when the temperature $T \approx 0 \mathrm{~K}$.","The Fermi temperature is derived from $\varepsilon_{\mathrm{F}} = k T_{\mathrm{F}}$

\[
T_{\mathrm{F}} = \frac{h^{2}}{2 m k} \left(\frac{3 n}{8 \pi}\right)^{2/3}
\]",\boxed{\frac{h^{2}}{2 m k} \left(\frac{3 n}{8 \pi}\right)^{2/3}},EX,,False,EN,
3126,Mechanics and Thermodynamics,Statistical Mechanics,Bose-Einstein Statistics,"What is the relationship between the specific heat capacity and temperature for the electron gas in a ""free electron"" metal solid at low temperatures? The electron gas in the metal solid is a strongly degenerate Fermi gas. The internal energy of this electron gas is given by

$$
U=\int_{0}^{\infty} D(\varepsilon) \frac{\varepsilon}{\exp [(\varepsilon-\mu) / k T]+1} \mathrm{~d} \varepsilon=\frac{3}{5} N \mu(0)\left[1+\frac{5}{12}\left(\frac{\pi k T}{\mu(0)}\right)^{2}\right]
$$

where $D(\varepsilon)=4 \pi V(2 m)^{3 / 2} \sqrt{\varepsilon} / h^{3}$ is the density of states of the electron gas.","In the metal solid, the specific heat capacity of the electron gas $c_{v} \propto T$.",\boxed{c_v \propto T},EX,,False,EN,
3127,Mechanics and Thermodynamics,Statistical Mechanics,Maxwell-Boltzmann Statistics,"Consider a classical ideal gas where the molecular velocity distribution function is given by

\[
f\left(v_{x}, v_{y}, v_{z}\right)=\exp \left\{a-b\left[\left(v_{x}-v_{0 x}\right)^{2}+\left(v_{y}-v_{0 y}\right)^{2}+\left(v_{z}-v_{0 z}\right)^{2}\right]\right\}
\]

where \(v_{x}, v_{y}, v_{z}\) are the three components of the molecular velocity and \(a, b, v_{0 x}, v_{0 y}, v_{0 z}\) are parameters to be determined. Determine the undetermined parameters \(v_{0x}, v_{0y}, v_{0z}\) using the conditions:

\[
\bar{v}_{x} = \frac{1}{n} \iiint v_{x} f\left(v_{x}, v_{y}, v_{z}\right) \mathrm{d} v_{x} \mathrm{~d} v_{y} \mathrm{~d} v_{z}
\]

\[
\bar{v}_{y} = \frac{1}{n} \iiint v_{y} f\left(v_{x}, v_{y}, v_{z}\right) \mathrm{d} v_{x} \mathrm{~d} v_{y} \mathrm{~d} v_{z}
\]

\[
\bar{v}_{z} = \frac{1}{n} \iiint v_{z} f\left(v_{x}, v_{y}, v_{z}\right) \mathrm{d} v_{x} \mathrm{~d} v_{y} \mathrm{~d} v_{z}
\]

where \(\bar{v}_{x}, \bar{v}_{y}, \bar{v}_{z}\) are the three components of the average molecular velocity.","Substituting the original expression, we obtain:

\[
\bar{v}_{x} =\frac{1}{n} \int_{-\infty}^{\infty}\left(\zeta+v_{0 x}\right) \exp \left(-b \zeta^{2}\right) \mathrm{d} \zeta\left[2 \int_{0}^{\infty} \exp \left(-b \xi^{2}\right) \mathrm{d} \xi\right]^{2} \exp (a) 
= \frac{1}{n} v_{0 x}\left(\frac{\pi}{b}\right)^{3 / 2} \exp (a)
\]

From the above, it follows that:

\[
v_{0 x}=\bar{v}_{x}
\]

Similarly, we have:

\[
v_{0 y}=\bar{v}_{y} 
\]

\[
v_{0 z}=\bar{v}_{z}
\]","\boxed{v_{0x}=\bar{v}_{x}, v_{0y}=\bar{v}_{y}, v_{0z}=\bar{v}_{z}}",EQ,"None, None, None",True,EN,Math Derivation
3128,Mechanics and Thermodynamics,Statistical Mechanics,Distribution Function and Statistical Entropy,"A monoatomic crystal has $N \approx 10^{23}$ atoms, which are respectively located in two different potential wells. ""O"" represents lattice points or ""normal positions,"" and ""X"" represents ""interstitial positions."" The number of normal positions and interstitial positions are both $N$. The energy of an atom at position $X$ is higher by $\varepsilon$ than at position $O$. At low temperatures, where $k T \ll \varepsilon$, calculate the fraction of interstitial positions occupied when there are $n$ atoms in the interstitial positions. Assume that atoms at normal positions can only jump to 8 nearest neighboring positions, and ignore interactions between atoms.","Under low temperature conditions $k T \ll \varepsilon$, we can discuss using thermodynamics and statistical mechanics theories, respectively.

1. Thermodynamic Theory:

The temperature $T$ relates to entropy $S$, internal energy $U$, and volume $V$ as follows:

\begin{equation*}
\left(\frac{\partial S}{\partial U}\right)_{V}=\frac{1}{T} \tag{7}
\end{equation*}

Since $U=n \varepsilon$, we can rewrite equation (7) as:

\begin{equation*}
\left(\frac{\partial S}{\partial n}\right)_{V}=\frac{\varepsilon}{T} \tag{8}
\end{equation*}

Using equations (4) and (8), we can obtain the fraction of occupied interstitial positions as:

\begin{equation*}
\frac{n}{N}=8 \exp \left(-\frac{\varepsilon}{k T}\right) \tag{9}
\end{equation*}

2. Statistical Mechanics Theory:

The probability $P$ of a system being in a state with energy $E$ and degeneracy $g$ is given by:

\begin{equation*}
P=\frac{g \exp (-\beta E)}{Z} \tag{11}
\end{equation*}

where $\beta=1 / k T$, $E=n \varepsilon$, and $Z$ is the partition function of the system (a constant). In case (1), the probability of the system being in a state with $n$ excited atoms is

\begin{equation*}
P(n) \propto 8^{n} \cdot\binom{N}{n} \cdot \exp (-\beta n \varepsilon) \tag{12}
\end{equation*}

This probability reaches a maximum at a specific value $ \bar{n} $ of $n$, which can be determined by:

\begin{equation*}
\left(\frac{\partial \ln P(n)}{\partial n}\right)_{n=\bar{n}}=0 \tag{13}
\end{equation*}

Substituting equation (12) into equation (13), we again obtain equation (9).","\[
\boxed{\frac{n}{N} = 8 \exp \left(-\frac{\varepsilon}{k T}\right)}
\]",EQ,,False,EN,Math Derivation
3129,Mechanics and Thermodynamics,Statistical Mechanics,Fermi-Dirac Statistics,"In the very early universe, it is a good approximation to ignore particle mass and chemical potential compared to \( kT \).  
Assume that at \( T \approx 10^{11} \mathrm{~K} \), the fermions are primarily electrons and positrons;  
(4) If the cross-section of electron-positron gas is of the typical Thomson scattering cross-section magnitude \( \sigma_{\mathrm{T}} = \frac{8\pi}{3} r_{0}^{2} \) (classical electron radius \( r_{0} = 2.8 \times 10^{-13} \mathrm{~cm} \)), estimate the mean free time between particle collisions. If the expansion rate in (2) is \( \approx 10^{4} \mathrm{~s}^{-1} \), is it reasonable to assume that the gas remains in thermal equilibrium? Why?","(4) The mean free time \(t \approx \left(n v \sigma_{\mathrm{T}}\right)^{-1}\), where the average speed is

\[
v \approx \left(\frac{kT}{m_{e}}\right)^{1/2}
\]

Therefore,

\[
t \approx \left(\frac{kT}{\hbar c}\right)^{-3} \sigma_{\mathrm{T}}^{-1} \left(\frac{kT}{m_{e}}\right)^{-1/2} \approx 10^{-23} \mathrm{~s}
\]

It can be seen that the mean free time of the particles is approximately 0 compared to the expansion time scale of \(10^{-4} \mathrm{~s}\). Such rapid and frequent collisions between particles can maintain the system in thermal equilibrium.",\boxed{Yes},TF,,False,EN,
3131,Mechanics and Thermodynamics,Statistical Mechanics,Maxwell-Boltzmann Statistics,"Considering only rotational motion, a heteronuclear diatomic molecule has a moment of inertia \( I \). In quantum mechanics, this system has rotational energy levels \(\varepsilon_{j} = j(j+1) \hbar^{2} / 2 I\), where \( j \) is the rotational quantum number, \( j = 0,1,2,\cdots \). The energy level \( j \) has a degeneracy of \( 2j+1 \), meaning the degeneracy of level \( j \) is \( g_{j} = 2j+1 \). Using quantum statistical mechanics, find the single-particle partition function \( z \) for this system, and the relationship of the average energy \(\bar{\varepsilon}\) with temperature \( T \). There is no need to perform specific calculations of the expressions involved.","The single-particle partition function is defined as the sum of the Boltzmann factors \(\exp (-\varepsilon / k T)\) over all quantum states of the particle. The single-particle partition function for the diatomic molecule is  

\[
z = \sum_{j=0}^{\infty} g_{j} \exp \left(-\beta \varepsilon_{j}\right) \tag{3}  
\]

where \(\beta = 1 / k T\). Considering only rotational motion, the rotational energy levels \(\varepsilon_{j} = j(j+1) \hbar^{2} / 2 I\), where \( j \) is the rotational quantum number, \( j = 0,1,2, \cdots, I \) is the moment of inertia; the degeneracy of energy level \( j \) is \( g_{j} = 2 j+1 \). According to the Boltzmann distribution, the probability of the particle occupying an energy level \( j \) with energy \(\varepsilon_{j}\) and degeneracy \(g_{j}\) is  

\[
P_{j} = \frac{g_{j}}{z} \exp \left(-\beta \varepsilon_{j}\right) \tag{4}  
\]

From equations (3) and (4), the average energy of the molecule is  

\[
\bar{\varepsilon} = \sum_{j=0}^{\infty} P_{j} \varepsilon_{j} = -\frac{\partial \ln z}{\partial \beta} \tag{5}  
\]","\boxed{z, \bar{\varepsilon}}","EX, EX",,True,EN,Math Derivation
3132,Mechanics and Thermodynamics,Statistical Mechanics,Fermi-Dirac Statistics,"Given the density of lead (Pb) $\rho = 11.4 \ \mathrm{g/cm}^3$, electron mass $m = 9.11 \times 10^{-31} \ \mathrm{kg}$, Planck's constant $h = 6.63 \times 10^{-34} \ \mathrm{J \cdot s}$, and Fermi energy $\varepsilon_{\mathrm{F}} = 9.4 \ \mathrm{eV}$. Find the number density of conduction electrons $n_{\mathrm{e}}$ in Pb.","At a temperature $T \approx 0 \ \mathrm{K}$, the Fermi energy is given by

\begin{equation*}
\varepsilon_{\mathrm{F}} = \frac{h^{2}}{2m}\left(\frac{3n}{8 \pi}\right)^{2/3} \tag{1}
\end{equation*}

where $n$ is the number density of conduction electrons. From equation (1), we can derive the expression for the number density of conduction electrons in Pb as

\begin{equation*}
n_{e} = \frac{8 \pi}{3}\left(\frac{2 m \varepsilon_{\mathrm{F}}}{h^{2}}\right)^{3/2} \tag{2}
\end{equation*}

Substituting the electron mass $m = 9.11 \times 10^{-31} \ \mathrm{kg}$, Planck's constant $h = 6.63 \times 10^{-34} \ \mathrm{J \cdot s}$, Fermi energy $\varepsilon_{\mathrm{F}} = 9.4 \ \mathrm{eV}$, and $1 \ \mathrm{eV} = 1.60 \times 10^{-19} \ \mathrm{J}$ into equation (2), we find the number density of conduction electrons in Pb

\begin{equation*}
n_{e} = 1.30 \times 10^{29} \ \mathrm{m}^{-3} = 1.30 \times 10^{23} \ \mathrm{cm}^{-3} \tag{3}
\end{equation*}",\boxed{1.30 \times 10^{23}},NV,,False,EN,Math Derivation
3133,Mechanics and Thermodynamics,Statistical Mechanics,Kinetic Theory of Gases,"A container is divided into two parts by a partition with a small hole of diameter \( D \). The helium gas in the two parts of the container is maintained at \( T_{1}=150 \, \mathrm{K} \) and \( T_{2}=300 \, \mathrm{K} \) (through the heater walls). Let \( l_{1} \) and \( l_{2} \) be the mean free paths of the gas molecules. When \( l_{1} \gg D \) and \( l_{2} \gg D \), what is the value of \( l_{1} / l_{2} \) in the steady state?","When \( l_{1} \gg D \) and \( l_{2} \gg D \), the steady state condition is  

$$
\frac{n_{1} \bar{v}_{1}}{4} = \frac{n_{2} \bar{v}_{2}}{4}
$$

where \( \bar{v}_{1} \) and \( \bar{v}_{2} \) are the respective mean velocities, therefore  

$$
\frac{l_{1}}{l_{2}} = \frac{n_{2}}{n_{1}} = \frac{\bar{v}_{1}}{\bar{v}_{2}} = \sqrt{\frac{T_{1}}{T_{2}}} = 0.707
$$",\boxed{0.707},NV,,False,EN,Laws Application
3134,Mechanics and Thermodynamics,Statistical Mechanics,Maxwell-Boltzmann Statistics,"Derive the energy relation using the center of mass coordinate system: $\frac{1}{2} M v_{\mathrm{c}}^{2} + \frac{1}{2} \mu v_{r}^{2} = \frac{1}{2} m v_{1}^{2} + \frac{1/2} m v_{2}^{2}$, and calculate the Jacobian determinant $J$.","From equations (1) and (3), we can obtain

\[
\frac{1}{2} M v_{\mathrm{c}}^{2} + \frac{1}{2} \mu v_{r}^{2} = \frac{1}{2} m v_{1}^{2} + \frac{1/2} m v_{2}^{2} \tag{4}
\]

where $M = 2m$ is the center of mass of the two molecules, and $\mu = m / 2$ is the reduced mass of the two molecules. Additionally,

\[
\mathrm{d} \boldsymbol{v}_{c} \mathrm{~d} \boldsymbol{v}_{r} = |J| \mathrm{d} \boldsymbol{v}_{1} \mathrm{~d} \boldsymbol{v}_{2} \tag{5}
\]

where $J$ is the Jacobian determinant. From equations (1) and (3), we can further derive

\[
J = \frac{\partial\left(v_{c x}, v_{c y}, v_{c z}, v_{r x}, v_{r y}, v_{r z}\right)}{\partial\left(v_{1 x}, v_{1 y}, v_{1 z}, v_{2 x}, v_{2 y}, v_{2 z}\right)} = 1 \tag{6}
\]",\boxed{1},NV,,False,EN,Math Derivation
3135,Mechanics and Thermodynamics,Statistical Mechanics,Maxwell-Boltzmann Statistics,"Given a piston with a sudden addition of a weight of mass $M_{2}$, the gas undergoes adiabatic compression to a new thermal equilibrium state, satisfying:

\begin{gather*}
\frac{T_{2}}{T_{1}}=\frac{5 M_{1}+2 M_{2}+5 p_{0} A / g}{5 M_{1}+5 p_{0} A / g}  \\
\frac{p_{2}}{p_{1}}=\frac{M_{1}+M_{2}+p_{0} A / g}{M_{1}+p_{0} A / g} 
\end{gather*}

Find the change in entropy:

\begin{equation*}
S_{2}-S_{1}=N k\left(\frac{5}{2} \ln \frac{5 M_{1}+2 M_{2}+5 p_{0} A / g}{5 M_{1}+5 p_{0} A / g}-\ln \frac{M_{1}+M_{2}+p_{0} A / g}{M_{1}+p_{0} A / g}\right)
\end{equation*}","Substituting equations (6) and (7) into the formula for the change in gas entropy, we obtain that, after a sudden addition of a weight of mass $M_{2}$ on the piston, the change in gas entropy is:

\begin{equation*}
S_{2}-S_{1}=N k\left(\frac{5}{2} \ln \frac{5 M_{1}+2 M_{2}+5 p_{0} A / g}{5 M_{1}+5 p_{0} A / g}-\ln \frac{M_{1}+M_{2}+p_{0} A / g}{M_{1}+p_{0} A / g}\right) \tag{8}
\end{equation*}",\boxed{N k\left(\frac{5}{2} \ln \frac{5 M_{1}+2 M_{2}+5 p_{0} A / g}{5 M_{1}+5 p_{0} A / g}-\ln \frac{M_{1}+M_{2}+p_{0} A / g}{M_{1}+p_{0} A / g}\right)},EX,,False,EN,Math Derivation
3136,Mechanics and Thermodynamics,Statistical Mechanics,Ensemble Theory,"A system consists of two atoms, each with three quantum states, with energies $0, \varepsilon$, and $2 \varepsilon$. The system is in contact with a large heat reservoir at temperature $T$. Please write down the partition function $Z$ of the system under the classical statistics assumption and considering the particles are indistinguishable.",$Z = \frac{1}{2}\left(1 + \mathrm{e}^{-\beta \varepsilon} + \mathrm{e}^{-2 \beta \varepsilon}\right)^{2}$,\boxed{\frac{1}{2}\left(1 + \mathrm{e}^{-\beta \varepsilon} + \mathrm{e}^{-2 \beta \varepsilon}\right)^{2}},EX,,False,EN,Laws Application
3137,Mechanics and Thermodynamics,Statistical Mechanics,Bose-Einstein Statistics,"What is the relationship between the specific heat capacity of an electron gas in a ""weakly coupled"" superconductor and temperature at low temperatures? In such a superconductor, electrons form bound states, i.e., Cooper pairs, with opposite momentum and spin through electron-phonon-electron interactions. Cooper pairs have a spin of zero and therefore exhibit many characteristics of bosons.","In a ""weakly coupled"" superconductor, the specific heat capacity of the electron gas $c_{v} \propto \exp (-A / T)$, where $A$ is a constant that is independent of temperature $T$.",\boxed{c_{v} \propto \exp (-A / T)},EX,,False,EN,Knowledge Recall
3138,Mechanics and Thermodynamics,Statistical Mechanics,Maxwell-Boltzmann Statistics,"Given that the distribution function of a classical ideal gas molecule's speed is 

\[
f\left(v_{x}, v_{y}, v_{z}\right)=\exp \left\{a-b\left[\left(v_{x}-v_{0 x}\right)^{2}+\left(v_{y}-v_{0 y}\right)^{2}+\left(v_{z}-v_{0 z}\right)^{2}\right]\right\}
\]

where \(v_{x} , v_{y} , v_{z}\) are the three components of the molecular velocity; \(a, b, v_{0 x}, v_{0 y}, v_{0 z}\) are undetermined parameters. Determine the parameter \(a\) using the following condition:

\[
n = \iiint f\left(v_{x}, v_{y}, v_{z}\right) \mathrm{d} v_{x} \mathrm{~d} v_{y} \mathrm{~d} v_{z}
\]

where \(n = N / V, N, V, n\) are the number of particles, volume, and number density of the gas, respectively.","The expression \(f\left(v_{x}, v_{y}, v_{z}\right) \mathrm{d} v_{x} \mathrm{~d} v_{y} \mathrm{~d} v_{z}\) represents the number of molecules within unit volume whose speed components are between \(v_{x}\) and \(v_{x}+\mathrm{d} v_{x}, v_{y}\) and \(v_{y}+\mathrm{d} v_{y}, v_{z}\) and \(v_{z}+\mathrm{d} v_{z}\). Substituting the expression of the distribution function \(f\), we get:

\[
n=\left[2 \int_{0}^{\infty} \exp \left(-b \xi^{2}\right) \mathrm{d} \xi\right]^{3} \exp (a)=\left(\frac{\pi}{b}\right)^{3 / 2} \exp (a)
\]

Then substitute:

\[
a = \ln \left[n\left(\frac{m}{2 \pi k T}\right)^{3 / 2}\right]
\]",\boxed{a = \ln \left[n\left(\frac{m}{2 \pi k T}\right)^{3 / 2}\right]},EQ,,False,EN,Math Derivation
3139,Mechanics and Thermodynamics,Statistical Mechanics,Fermi-Dirac Statistics,"Consider a box with a volume \( V \) that contains electron-positron pairs and photons in equilibrium at temperature \( T = (k \beta)^{-1} \). Suppose this equilibrium is established by the reaction \( \gamma \leftrightarrow \mathrm{e}^{+} + \mathrm{e}^{-} \). The reaction does not occur in free space, but it is assumed that the walls of the box act as a catalyst. If there is a matter-antimatter imbalance, ignoring the role of the walls is not strictly permissible. If this imbalance results in electrons having a non-zero chemical potential \( \mu \neq 0 \), find the chemical potential of the positrons.","Since \( \mu_{\mathrm{e}^{+}} + \mu_{\mathrm{e}^{-}} = 0 \), it follows that \( \mu_{\mathrm{e}^{+}} = -\mu_{\mathrm{e}^{-}} = -\mu \).",\boxed{-\mu},EX,,False,EN,Laws Application
3140,Mechanics and Thermodynamics,Statistical Mechanics,Bose-Einstein Statistics,"We are surrounded by 3 K blackbody radiation. Consider whether it is possible that there also exists a background of thermal neutrinos.  
(2) An additional photon energy density of $10^{-6}$ is needed to close the universe. If the universe is at most just closed, what is the order of magnitude for the upper limit of the neutrino temperature?","(2) The energy density of neutrinos is given by $\rho_{\nu} \approx a T_{\nu}^{4}$, and the energy density of photons is $\rho_{\gamma}=a T^{4}$. We have $\rho_{\nu} \leq 10^{-6} \rho_{\gamma}$, which implies $T_{\nu} \leq 10^{-1.5} T$. Also, $T \approx 3 \mathrm{~K}$. Therefore, $T_{\nu} \leq 0.1 \mathrm{~K}$.",\boxed{0.1},NV,\mathrm{K},False,EN,Laws Application
3141,Mechanics and Thermodynamics,Statistical Mechanics,Bose-Einstein Statistics,"Consider a gas composed of identical, non-interacting, non-relativistic bosons. Discuss whether Bose-Einstein condensation, which occurs in a three-dimensional gas, also exists in a two-dimensional Bose gas, and explain the reasons.","Assume the condition for Bose-Einstein condensation is $\mu = 0$. For a two-dimensional Bose gas with an area $A$,

$$
\begin{aligned}
N & = \frac{2 \pi m A}{h^{2}} \int_{0}^{\infty} \frac{\mathrm{d} \varepsilon}{\mathrm{e}^{(\varepsilon-\mu) / k T}-1} = \frac{2 \pi m A}{h^{2}} \int_{0}^{\infty} \left(\sum_{l=1}^{\infty} \mathrm{e}^{-l(\varepsilon-\mu) / k T}\right) \mathrm{d} \varepsilon \\
& = \frac{2 \pi m A}{h^{2}} k T \sum_{l=1}^{\infty} \frac{1}{l} \mathrm{e}^{l \mu / k T}
\end{aligned}
$$

If $\mu = 0$, the above expression diverges. Thus, there is no Bose-Einstein condensation.",\boxed{No},TF,,False,EN,Laws Application
3142,Mechanics and Thermodynamics,Statistical Mechanics,Ensemble Theory,"A system contains particles with two non-degenerate energy levels: $\varepsilon_1 = 0$ and $\varepsilon_2 = \varepsilon$. The system allows for a maximum of two identical bosons. Find the grand partition function of the system, the average number of particles, and the average occupancy of each energy level.","For a boson system, the occupancy of particles is given by $N = N_1 + N_2$, and the energy is $E = N_2 \varepsilon$.

1. The grand partition function is

\[
\Xi_b = 1 + \lambda \left[1 + \exp\left(-\frac{\varepsilon}{kT}\right)\right] + \lambda^2 \left[1 + \exp\left(-\frac{\varepsilon}{kT}\right) + \exp\left(-\frac{2\varepsilon}{kT}\right)\right]
\]

2. The average number of particles in the system is

\[
\bar{N}_b = \frac{1}{\Xi} \lambda\left[1 + \exp\left(-\frac{\varepsilon}{kT}\right)\right] + \frac{2}{\Xi} \lambda^2\left[1 + \exp\left(-\frac{\varepsilon}{kT}\right) + \exp\left(-\frac{2\varepsilon}{kT}\right)\right]
\]

3. The average occupancy of energy level 1 is

\[
\overline{N_{1,b}} = \frac{1}{\Xi} \lambda\left[1 + 2\lambda + \lambda\exp\left(-\frac{\varepsilon}{kT}\right)\right]
\]

4. The average occupancy of energy level 2 is

\[
\overline{N_{2,b}} = \frac{1}{\Xi} \lambda\left[1 + \lambda + 2\lambda \exp\left(-\frac{\varepsilon}{kT}\right)\right] \exp\left(-\frac{\varepsilon}{kT}\right)
\]","\[
\boxed{\Xi_b = 1 + \lambda \left[1 + \exp\left(-\frac{\varepsilon}{kT}\right)\right] + \lambda^2 \left[1 + \exp\left(-\frac{\varepsilon}{kT}\right) + \exp\left(-\frac{2\varepsilon}{kT}\right)\right], \bar{N}_b = \frac{1}{\Xi} \lambda\left[1 + \exp\left(-\frac{\varepsilon}{kT}\right)\right] + \frac{2}{\Xi} \lambda^2\left[1 + \exp\left(-\frac{\varepsilon}{kT}\right) + \exp\left(-\frac{2\varepsilon}{kT}\right)\right], \overline{N_{1,b}} = \frac{1}{\Xi} \lambda\left[1 + 2\lambda + \lambda\exp\left(-\frac{\varepsilon}{kT}\right)\right], \overline{N_{2,b}} = \frac{1}{\Xi} \lambda\left[1 + \lambda + 2\lambda \exp\left(-\frac{\varepsilon}{kT}\right)\right] \exp\left(-\frac{\varepsilon}{kT}\right)}
\]","EX, EX, EX, EX",,False,EN,Laws Application
3143,Mechanics and Thermodynamics,Statistical Mechanics,Fermi-Dirac Statistics,"A white dwarf star is composed of a strongly degenerate electron gas with a temperature much lower than the Fermi temperature. As long as the electrons are non-relativistic, this system can resist gravitational collapse and remain stable. Find the electron number density when the Fermi momentum is $\frac{m_{\mathrm{e}} c}{10}$.","$$
\begin{gathered}
N=\frac{2 V}{h^{3}} \iiint_{p \leq p_{\mathrm{F}}} \mathrm{~d} \boldsymbol{p} \\
n=\frac{N}{V}=\frac{8 \pi}{3}\left(\frac{p_{\mathrm{F}}}{h}\right)^{3}
\end{gathered}
$$

Therefore, when $p_{\mathrm{F}}=\frac{m_{\mathrm{e}} c}{10}$, $n=\frac{8 \pi}{3}\left(\frac{m_{\mathrm{e}} c}{10 h}\right)^{3}=5.8 \times 10^{32} \mathrm{~m}^{-3}$.",\boxed{5.8 \times 10^{32}},NV,,False,EN,
3144,Mechanics and Thermodynamics,Statistical Mechanics,Fermi-Dirac Statistics,"Assume the conduction electrons in a metal are free electrons. Given the electron density \( n \) and Fermi energy \( \varepsilon_{F} \), find the expression for the isothermal compressibility \(\kappa = -\frac{1}{V}\left(\frac{\partial V}{\partial p}\right)_{T}\) at \( T=0 \, \mathrm{K} \) when the pressure and energy are known.","For a Fermi gas, it is known that the pressure at \( T=0 \, \mathrm{K} \) is \( p = \frac{2}{5} n \varepsilon_{\mathrm{F}} \). Substituting into the expression for the isothermal compressibility,

$$
\kappa = \frac{3}{5 p}
$$

we obtain:

$$
\kappa = \frac{3}{2 n \varepsilon_{\mathrm{F}}} \quad (T=0 \, \mathrm{K})
$$",\boxed{\frac{3}{2 n \varepsilon_{\mathrm{F}}}},EX,,False,EN,Laws Application
3145,Mechanics and Thermodynamics,Statistical Mechanics,Bose-Einstein Statistics,"A cubic box with side length \( L \) is empty inside, and its walls are maintained at an absolute temperature \( T \) in thermal equilibrium with the electromagnetic radiation inside. Determine the dependency of the total electromagnetic energy density on the temperature (Hint: to answer this question, you do not need to integrate the results from part (1)).","The total electromagnetic energy density

\[
u = \int_{0}^{\infty} \mathrm{d} u_{\omega} = \frac{(k T)^{4}}{\pi^{2}(\hbar c)^{3}} \int_{0}^{\infty} \frac{x^{3} \mathrm{~d} x}{\mathrm{e}^{x}-1}
\]

indicates that \(u \propto T^{4}\).",\boxed{u \propto T^4},EX,,False,EN,Laws Application
3146,Mechanics and Thermodynamics,Statistical Mechanics,Bose-Einstein Statistics,"There are \(3N\) oscillators, with a vibrational spectrum given by \(g(\nu)=\nu^{2}\), where \(\nu\) represents the vibration frequency, and \(0 \leqslant \nu \leqslant \nu_{\text{max}}\). Please express \(\gamma\) in terms of \(\nu_{\text{max}}\) and \(N\) under the condition \(\int_{0}^{\nu_{\text{max}}} g(\nu) \, \mathrm{d}\nu=3N\).","There are \(3N\) oscillators, with a vibrational spectrum of \(g(\nu)=\nu^{2}\), where \(\nu\) represents the vibration frequency, and \(0 \leqslant \nu \leqslant \nu_{\text{max}}\). From the given condition  

\[
\int_{0}^{\nu_{\max}} g(\nu) \, \mathrm{d}\nu = 3N  \tag{1}
\]

we obtain  

\[
\gamma = \frac{9N}{\nu_{\max}^{3}}  \tag{2}
\]

Let \(h\nu_{\text{max}}=k T_{\text{D}}\), where \(T_{\text{D}}\) is the Debye temperature, then  

\[
\gamma = 9N\left( \frac{h}{k T_{\text{D}}}\right)^{3}  \tag{3}
\]",\boxed{\frac{9N}{\nu_{\max}^{3}}},NV,,False,EN,Math Derivation
3147,Mechanics and Thermodynamics,Statistical Mechanics,Fermi-Dirac Statistics,"An ideal Fermi gas consists of particles with a total number $N$, a volume $V$, and an energy $E$. The state vector of the particles is denoted as $|i, j, s\rangle$, where $i$ and $j$ are orbital quantum numbers, and $s$ is the spin quantum number, which can take the values $1/2$ and $-1/2$. The energy level $\varepsilon_{i}$ of the particles depends only on the quantum number $i$, thus it is degenerate with a degeneracy of $g_{i}$. Assume that at most one particle can occupy each quantum state, and two quantum states $|i, j, 1/2\rangle$ and $|i, j, -1/2\rangle$ with the same orbital quantum numbers $i$ and $j$ cannot be occupied simultaneously. Provide the expression for the number of particles $N_{i}$ occupying the energy level $\varepsilon_{i}$ in thermodynamic equilibrium. The equations for the total number of particles and the energy of the gas are given as follows:

The total number of particles in the gas is

\begin{equation*}
N=\sum_{i} N_{i} \tag{1}
\end{equation*}

The energy of the gas is

\begin{equation*}
E=\sum_{i} N_{i} \varepsilon_{i} \tag{2}
\end{equation*}","Since for the same pair of $i$ and $j$, the spin can have two different orientations, and the quantum states $|i, j, 1/2\rangle$ and $|i, j, -1/2\rangle$ cannot be simultaneously occupied, the number of microstates for the gas given a set $\left\{\varepsilon_{i}, g_{i}, N_{i}\right\}$ is

\begin{equation*}
w=\prod_{i}\left[\frac{\left(g_{i}/2\right)!}{N_{i}!\left(g_{i}/2-N_{i}\right)!} 2^{N_{i}}\right] \tag{3}
\end{equation*}

According to the principle of equal probabilities or the principle of maximum likelihood, the equation determining the most probable distribution or equilibrium distribution is

\begin{equation*}
-\frac{\partial}{\partial N_{i}}\left[\ln w+\alpha\left(N-\sum_{i} N_{i}\right)+\beta\left(E-\sum_{i} N_{i} \varepsilon_{i}\right)\right]=0 \tag{4}
\end{equation*}

Here, $\alpha$ and $\beta$ are two Lagrange multipliers. Finally, assuming $N_{i} \gg 1, g_{i}/2-N_{i} \gg 1$, by using the Stirling approximation, from equations (3) and (4) we can obtain

\begin{equation*}
N_{i}=\frac{g_{i}}{\exp \left(\alpha+\beta \varepsilon_{i}\right)+2} \tag{5}
\end{equation*}

where $\alpha=-\beta \mu, \beta=1/(k T), T$ and $\mu$ are the temperature and chemical potential of the gas respectively, and $k$ is the Boltzmann constant.",\boxed{N_{i}=\frac{g_{i}}{\exp \left(\alpha+\beta \varepsilon_{i}\right)+2}},EQ,,False,EN,Math Derivation
3148,Mechanics and Thermodynamics,Statistical Mechanics,Fermi-Dirac Statistics,"Consider an ideal gas composed of $N$ fermions with spin $\frac{1}{2}$, occupying a volume $V$. In the limit of absolute zero temperature, calculate the Pauli spin susceptibility and prove that in Gaussian units, the susceptibility can be expressed as $3 \mu_{\mathrm{B}}^{2} N / 2 \mu(0) V$, where $\mu_{\mathrm{B}}$ is the Bohr magneton and $\mu(0)$ is the chemical potential at absolute zero. Assume that the interaction energy of each fermion with an external magnetic field is $2 \mu_{\mathrm{B}} H s_{z}$, where $s_{z}$ is the $z$ component of the spin.","In the case where $\mu(0) \gg \mu_{\mathrm{B}} H$, the magnetization is:

$$
M=\mu_{\mathrm{B}}\left(N_{-}-N_{+}\right) / V=\frac{3 \mu_{\mathrm{B}}^{2} N}{2 \mu(0) V} H=\chi H
$$

Therefore, the Pauli spin susceptibility is:

$$
\chi=\frac{3 N \mu_{\mathrm{B}}^{2}}{2 \mu(0) V}
$$",\boxed{\frac{3 N \mu_{\mathrm{B}}^{2}}{2 \mu(0) V}},EX,,False,EN,
3149,Mechanics and Thermodynamics,Statistical Mechanics,Bose-Einstein Statistics,"A Bose gas contains $N$ particles, where $N \gg 1$. Each particle has two energy levels, with energies of 0 and $\varepsilon$, respectively; the degeneracies are $g_{1}$ and $g_{2}$. Find the occupation numbers of the lower energy level $N_1$ and the higher energy level $N_2$ when the occupation number of the lower energy level is twice that of the higher energy level.","Let $N_{1}$ and $N_{2}$ be the occupation numbers of the lower and higher energy levels, respectively, then $N_{1} + N_{2} = N$. Thus, given $N_{1} = 2N_{2}$, we have

\[
N_{1} = \frac{2N}{3} \tag{1}
\]
\[
N_{2} = \frac{N}{3} \tag{2}
\]","\boxed{\frac{2N}{3}, \frac{N}{3}}","NV, NV","None, None",True,EN,Knowledge Recall
3150,Mechanics and Thermodynamics,Statistical Mechanics,Bose-Einstein Statistics,"Inside a cube with side length \( L \), which is empty, its walls are maintained at an absolute temperature \( T \) and are in thermal equilibrium with the electromagnetic field radiation inside. Find the average electromagnetic energy density in the frequency interval between \(\omega\) and \(\omega+\mathrm{d} \omega\), expressed as a function of frequency \(\omega\) and temperature \(T\) (if starting from a known distribution function, such as the Maxwell-Boltzmann distribution, Planck distribution, etc., the function used does not need to be derived).","The average electromagnetic energy \(\mathrm{d} E_{p}\) in the momentum interval between \(p\) and \(p+\mathrm{d} p\) is given by

\[
\mathrm{d} E_{p} = 2 \cdot \frac{V}{(2 \pi \hbar)^{3}} \cdot \frac{4 \pi p^{2} \mathrm{d} p \cdot \hbar \omega}{\mathrm{e}^{\hbar \omega / k T}-1}
\]

The factor 2 corresponds to the two polarizations of the electromagnetic wave, with \(V=L^{3}\). Using \(p=\hbar \omega / c\), we can find the average electromagnetic energy \(\mathrm{d} E_{\omega}\) in the frequency interval between \(\omega\) and \(\omega+\mathrm{d} \omega\),

\[
\mathrm{d} E_{\omega} = \frac{V \hbar}{\pi^{2} c^{3}} \frac{\omega^{3} \mathrm{~d} \omega}{\mathrm{e}^{\hbar \omega / k T}-1}
\]

The corresponding energy density is

\[
\mathrm{d} u_{\omega} = \frac{\hbar}{\pi^{2} c^{3}} \frac{\omega^{3} \mathrm{~d} \omega}{\mathrm{e}^{\hbar \omega / k T}-1}
\]","\[
\boxed{\mathrm{d} u_{\omega} = \frac{\hbar}{\pi^{2} c^{3}} \frac{\omega^{3} \mathrm{~d} \omega}{\mathrm{e}^{\hbar \omega / k T}-1}}
\]",EX,,False,EN,Laws Application
3151,Mechanics and Thermodynamics,Statistical Mechanics,Bose-Einstein Statistics,"Consider a gas composed of the same kind of non-interacting, non-relativistic bosons. Discuss whether Bose-Einstein condensation in three-dimensional gases also occurs in one-dimensional boson gases, and explain the reasons.","For a one-dimensional gas of length $L$,

$$
N = \frac{\sqrt{2 m} L}{2 h} \int_{0}^{\infty} \frac{\mathrm{d} \varepsilon}{\sqrt{\varepsilon}\left(\mathrm{e}^{(\varepsilon-\mu) / k T}-1\right)}
$$

When $\mu = 0$, the integral diverges. Therefore, Bose-Einstein condensation does not occur. Of course, these conclusions are directly related to setting $\mu = 0$.",\boxed{No},TF,,False,EN,Laws Application
3152,Mechanics and Thermodynamics,Statistical Mechanics,Kinetic Theory of Gases,Consider a cubic container with an edge length of 10 cm that contains helium gas under standard conditions. Estimate the order of magnitude of the number of atomic collisions with a wall of the container per unit time.,"Under standard conditions, the pressure \( p \approx 10^{6} \text{ dyn/cm}^2 \) and the temperature \( T \approx 273 \text{ K} \). The number of collisions per unit time is

\[
N \approx \frac{1}{6} \bar{v} n \cdot S = \frac{2 p S}{3 \sqrt{2 \pi m k T}} \approx 5 \times 10^{25} \text{ s}^{-1}
\]

where \(\bar{v}\) is the average speed, \(n\) is the number density of gas molecules, and \(S\) is the surface area of one wall of the container.",\boxed{5 \times 10^{25}},NV,,False,EN,Laws Application
3153,Mechanics and Thermodynamics,Statistical Mechanics,Bose-Einstein Statistics,"Given that the equation of state for a weakly degenerate Bose gas is $p=n k T\left(1-0.1768 y-3.300 \times 10^{-3} y^{2}\right)$, find the internal energy $U$ of the weakly degenerate Bose gas.","The internal energy $U$ of a non-relativistic ideal gas is $U=3 p V / 2$. From the pressure equation, the internal energy of the weakly degenerate Bose gas can be expressed as

\begin{equation*}
U=\frac{3}{2} N k T\left(1-0.1768 y-3.300 \times 10^{-3} y^{2}\right) \tag{3}
\end{equation*}",\boxed{U=\frac{3}{2} N k T\left(1-0.1768 y-3.300 \times 10^{-3} y^{2}\right)},EQ,,False,EN,Laws Application
3154,Mechanics and Thermodynamics,Statistical Mechanics,Fermi-Dirac Statistics,"Consider the scenario where phonons (quantum of sound waves) follow Fermi-Dirac statistics instead of Bose-Einstein statistics. Under this assumption, for temperatures $T$ much higher than the Debye temperature $T_{\mathrm{D}}$, determine the relationship between heat capacity and temperature without calculating the constant factors.","If phonons obey Fermi-Dirac statistics instead of Bose-Einstein statistics, the internal energy of the solid is given by

\[
U=U_{0}+\int_{0}^{\omega_{D}} \frac{\hbar \omega D(\omega) \mathrm{d} \omega}{\exp (\hbar \omega / k T)+1}=U_{0}+9 N k T x^{-3} \int_{0}^{x} \frac{y^{3} \mathrm{~d} y}{\exp (y)+1}
\]

where $x=\hbar \omega_{\mathrm{D}} / k T=T_{\mathrm{D}} / T$, $T_{\mathrm{D}}=\hbar \omega_{\mathrm{D}} / k$ is the Debye temperature, and $y=\hbar \omega / k T$. When $T \gg T_{\mathrm{D}}$, $x \ll 1$, and $\exp (y) \approx 1$, the internal energy approximates to

\[
U \approx U_{0}+\frac{9}{8} N \hbar \omega_{\mathrm{D}}=U_{0}+\frac{9}{8} N k T 
\]

In this situation, the specific heat capacity at constant volume $c_{v} \approx 0$.",\boxed{c_{v} \approx 0},NV,,False,EN,
3155,Mechanics and Thermodynamics,Statistical Mechanics,Bose-Einstein Statistics,"Consider replacing the usual three-dimensional black body with an $r$-dimensional black body, where $r$ is a positive integer. The energy of a photon is given by $\varepsilon = \hbar \omega$, where $\omega$ is the angular frequency. The chemical potential of the photon gas is $\mu = 0$. According to the Bose-Einstein distribution, the number of photons in a quantum state with energy $\varepsilon$ is

\[
f = \frac{1}{\exp(\varepsilon / kT) - 1}
\]

Assuming that the radiation consists of standing waves in an $r$-dimensional cube with side length $a$, determine the spatial variation of the field vector in the expression.","The spatial variation of the field vector is given by:

\[
\prod_{i=1}^{r} \sin \left(k_{i} x_{i}\right) = \prod_{i=1}^{r} \sin \left(\frac{n_{i} x_{i} \pi}{a}\right)
\]","\[
\boxed{\prod_{i=1}^{r} \sin \left(\frac{n_{i} x_{i} \pi}{a}\right)}
\]",EX,,False,EN,Math Derivation
3156,Mechanics and Thermodynamics,Statistical Mechanics,Bose-Einstein Statistics,"Consider a photon gas at temperature $T$ within a volume $V$. Photons have zero rest mass, i.e., $\varepsilon = p c$. The energy density can be expressed as $\frac{\bar{E}}{V} = \int_{0}^{\infty} \rho(\omega) \mathrm{d} \omega$. Determine the energy density spectrum $\rho(\omega)$.","The energy density of the photon gas is given by

$$
\frac{\bar{E}}{V}=\int \frac{\omega^{2}}{\pi^{2} c^{3}} \frac{\mathrm{d} \omega}{\mathrm{e}^{\hbar \omega / k T}-1}=\frac{(k T)^{4}}{\pi^{2} c^{3} \hbar^{3}} \int_{0}^{\infty} \frac{\xi^{3} \mathrm{d} \xi}{\mathrm{e}^{\xi}-1}
$$

Therefore, the energy density spectrum is

$$
\rho(\omega)=\frac{\hbar \omega^{3}}{\pi^{2} c^{3} (\mathrm{e}^{\hbar \omega / k T}-1)}
$$",\boxed{\rho(\omega)=\frac{\hbar \omega^{3}}{\pi^{2} c^{3} (\mathrm{e}^{\hbar \omega / k T}-1)}},EQ,,False,EN,Math Derivation
3157,Mechanics and Thermodynamics,Statistical Mechanics,Kinetic Theory of Gases,"A thin-walled container with a volume of $V$ contains $N_{0}$ ideal gas molecules, maintaining a constant temperature. Starting from time $t=0$, the molecules in the container escape through a small hole with an area of $A$ in the wall. Assuming that the pressure outside the container can be neglected, calculate the number of molecules remaining in the container at time $t$. Express the result in terms of $N_{0}$, $A$, $V$, and the average speed $\bar{v}$.","Considering the initial condition $N(0) = N_{0}$, the solution is

$$
N(t) = N_{0} \mathrm{e}^{-A \bar{v} t / 4 V}
$$

This is the number of molecules remaining in the container at time $t$.",\(\boxed{N(t) = N_{0} \mathrm{e}^{-A \bar{v} t / 4 V}}\),EQ,,False,EN,Math Derivation
3158,Mechanics and Thermodynamics,Statistical Mechanics,Maxwell-Boltzmann Statistics,"Due to the Doppler effect, the emission spectral lines of the gas in a high-temperature furnace are broadened. Determine the average wavelength \(\bar{\lambda}\) of the spectral line and the dispersion width \(\Delta \lambda = \sqrt{\overline{(\lambda-\bar{\lambda})^{2}}}\).","Using equation (2), we obtain the average wavelength as

\[
\bar{\lambda} = \int_{0}^{2 \lambda_{0}} \lambda h(\lambda) \mathrm{d} \lambda = \int_{-\lambda_{0}}^{\lambda_{0}}\left(\lambda^{*} + \lambda_{0}\right) h\left(\lambda^{*} + \lambda_{0}\right) \mathrm{d} \lambda^{*} = \lambda_{0} \int_{0}^{2 \lambda_{0}} h(\lambda) \mathrm{d} \lambda = \lambda_{0} \tag{4}
\]

where \(\lambda^{*} = \lambda - \lambda_{0}\). Also, the average of the square of the wavelength is

\[
\overline{\lambda^{2}} = \int_{0}^{2 \lambda_{0}} \lambda^{2} h(\lambda) \mathrm{d} \lambda = \int_{-\lambda_{0}}^{\lambda_{0}}\left(\lambda^{*} + \lambda_{0}\right)^{2} h\left(\lambda^{*} + \lambda_{0}\right) \mathrm{d} \lambda^{*} = \lambda_{0}^{2} + \frac{k T \lambda_{0}^{2}}{m c^{2}} \tag{5}
\]

From equations (4) and (5), we find the dispersion width of the wavelength to be

\[
\Delta \lambda = \sqrt{\overline{(\lambda-\bar{\lambda})^{2}}} = \frac{1}{c} \sqrt{\frac{k T}{m}} \lambda_{0} \tag{6}
\]","\boxed{\lambda_{0}, \frac{1}{c} \sqrt{\frac{k T}{m}} \lambda_{0}}","EX, EX","None, \text{m}",True,EN,Math Derivation
3159,Mechanics and Thermodynamics,Statistical Mechanics,Fermi-Dirac Statistics,"Find the chemical potential $\mu_0$ of a strongly degenerate Fermi gas at a temperature $T \approx 0 \, \mathrm{K}$. The density of states for the gas is given by

\begin{equation*}
D(\varepsilon) = a \sqrt{\varepsilon}
\end{equation*}

where $a = \frac{2 \pi g V (2 m)^{3/2}}{h^3}$ and $g$ is the degeneracy factor.","Let $\mu_0 = \mu(T = 0 \, \mathrm{K})$. The chemical potential can be determined by the integration:

\begin{equation*}
N = \int_{0}^{\mu_0} D(\varepsilon) \, \mathrm{d} \varepsilon = \frac{2}{3} a \mu_0^{3/2}
\end{equation*}

Therefore, the chemical potential $\mu_0$ is

\begin{equation*}
\mu_0 = \left(\frac{3 N}{2 a}\right)^{2/3}
\end{equation*}",\boxed{\left(\frac{3 N}{2 a}\right)^{2/3}},NV,,False,EN,Math Derivation
3160,Mechanics and Thermodynamics,Statistical Mechanics,Maxwell-Boltzmann Statistics,A one-dimensional quantum harmonic oscillator (whose ground state energy is $\frac{1}{2} \hbar \omega$) is in thermal equilibrium with a heat reservoir at temperature $T$. Find the root mean square fluctuation $\Delta E$ of the energy concerning $\bar{E}$.,"\[  
\Delta E = \sqrt{k T^{2} \frac{\partial \bar{E}}{\partial T}} = \frac{\hbar \omega}{2 \sinh\left(\frac{\hbar \omega}{2 k T}\right)}  
\]",\boxed{\frac{\hbar \omega}{2 \sinh\left(\frac{\hbar \omega}{2 k T}\right)}},NV,,False,EN,Math Derivation
3161,Mechanics and Thermodynamics,Statistical Mechanics,Kinetic Theory of Gases,Consider a non-interacting relativistic Fermi gas at zero temperature. Write down the pressure and energy density in the rest frame of the gas. What is the equation of state?,"The energy-momentum relation for relativistic particles is given by \(\varepsilon = p c\), thus the energy density

$$
u = \frac{4 \pi}{h^{3}}(2 J+1) \int_{0}^{p_{\mathrm{F}}} \varepsilon p^{2} \, \mathrm{d} p = (2 J+1) \frac{\pi c}{h^{3}} p_{\mathrm{F}}^{4}
$$

where \( J \) denotes the spin quantum number of the fermions, and \( p_{\mathrm{F}} \) is determined by \( N=(2 J+1) \frac{V}{h^{3}} \frac{4}{3} \pi p_{\mathrm{F}}^{3} \), therefore,

$$
u = \hbar c \left[\frac{81 \pi^{2}}{32(2 J+1)}\right]^{1 / 3}\left(\frac{N}{V}\right)^{4 / 3}
$$

The pressure \( p = -\left(\frac{\partial E}{\partial V}\right)_{N} = \frac{1}{3} u\), hence the equation of state is

$$
p V = \frac{1}{3} E
$$",\boxed{p V = \frac{1}{3} E},EQ,,False,EN,Math Derivation
3162,Mechanics and Thermodynamics,Statistical Mechanics,Kinetic Theory of Gases,"From the results of the previous problem-solving step, it is concluded that the pressure of blackbody radiation depends only on temperature, \( p = p(T) \), and that the internal energy \( U \) is given by \( U = 3pV \), where \( V \) is the volume of the cavity. Using these two facts, derive the functional form of \( p(T) \) based purely on thermodynamical reasoning. The result may differ by an unknown constant factor.","From \(\left(\frac{\partial F}{\partial V}\right)_{T} = -p = -\frac{1}{3} u(T)\), and considering the free energy \( F \) as an extensive quantity, we obtain \( F = -\frac{1}{3} u(T) V \). Since \( S = -\left(\frac{\partial F}{\partial T}\right)_{V} = \frac{1}{3} \frac{\mathrm{d} u(T)}{\mathrm{d} T} V \), and noting that \( F = U - TS \), we derive \(\mathrm{d} u / u = 4 \mathrm{~d} T / T\), hence \( u = a T^{4} \). Consequently, \( p = \frac{1}{3} a T^{4} \), where \( a \) is a constant.",\boxed{p=\frac{1}{3} a T^{4}},EQ,,False,EN,Math Derivation
3163,Mechanics and Thermodynamics,Statistical Mechanics,Fermi-Dirac Statistics,"Consider a box with volume \( V \), containing electron-positron pairs and photons, which is in equilibrium at temperature \( T = (k \beta)^{-1} \). Assume this equilibrium is established by the reaction \( \gamma \leftrightarrow \mathrm{e}^{+} + \mathrm{e}^{-} \). The reaction does not occur in free space, but the walls of the box can be assumed to act as a catalyst. Apart from facilitating the reaction, ignore the influence of the walls. Find the chemical potential of the fermions.","For a chemical reaction \( \mathrm{A} \leftrightarrow \mathrm{B} + \mathrm{C} \) at equilibrium, \( \mu_{\mathrm{A}} = \mu_{\mathrm{B}} + \mu_{\mathrm{C}} \). Since the chemical potential of a photon gas \( \mu_\gamma = 0 \), we have \( \mu_{\mathrm{e}^{+}} + \mu_{\mathrm{e}^{-}} = 0 \). Also, due to particle-antiparticle symmetry, \( \mu_{\mathrm{e}^{+}} = \mu_{\mathrm{e}^{-}} \), thus, we finally have

$$
\mu_{e^{+}} = \mu_{e^{-}} = 0
$$",\boxed{0},NV,,False,EN,Laws Application
3164,Mechanics and Thermodynamics,Statistical Mechanics,Kinetic Theory of Gases,"The cooling of a gas during expansion can be expressed by the formula: $\frac{T_{0}}{T}=1+\frac{M^{2}}{3}$, where $T_{0}$ is the equilibrium temperature inside the container, $T$ is the temperature after expansion, and $M$ is the ratio of the flow speed $v$ to the speed of sound $c$ at temperature $T$ (i.e., the Mach number). Derive a relation similar to $\frac{p_{0}}{p}$ and calculate $M$ when $\frac{p_{0}}{p}=10^{4}$.","Using the adiabatic equation and the result from equation (1), we can obtain
$$
\frac{p_{0}}{p}=\left(\frac{T_{0}}{T}\right)^{\frac{\gamma}{\gamma-1}}=\left(1+\frac{M^{2}}{3}\right)^{\frac{5}{2}}
$$
Thus,
$$
M=\sqrt{3\left[\left(\frac{p_{0}}{p}\right)^{\frac{2}{5}}-1\right]}
$$
When $\frac{p_{0}}{p}=10^{4}$, $M=11$.",\boxed{11},NV,,False,EN,Math Derivation
3165,Mechanics and Thermodynamics,Statistical Mechanics,Bose-Einstein Statistics,"Consider a non-relativistic spinless ideal Bose gas:  
(3) Assuming \(d \gg \lambda\), find the average energy of the particles, accurate up to the first-order correction term.","Using equation (4), under the condition of weak degeneracy \(\exp (\mu / k T)<1\), we can obtain

\[
\frac{1}{\exp [(\varepsilon-\mu) / k T]-1}=\exp \left(\frac{\mu-\varepsilon}{k T}\right)\left[1+\exp \left(\frac{\mu-\varepsilon}{k T}\right)\right]
= g_{s}^{-1}\left(\frac{\lambda}{d}\right)^{3}\left[\exp \left(-\frac{\varepsilon}{k T}\right)+g_{s}^{-1}\left(\frac{\lambda}{d}\right)^{3} \exp \left(-\frac{2 \varepsilon}{k T}\right)\right]
\]

From equations (2) and (6), we obtain that the average energy of molecules in a weakly degenerate Bose gas is

\[
\bar{\varepsilon}=\frac{1}{N}\int_{0}^{\infty} \varepsilon N(\varepsilon) \mathrm{d} \varepsilon=\frac{3}{2} N k T\left[1-\frac{1}{4 \sqrt{2} g_{s}}\left(\frac{\lambda}{d}\right)^{3}\right]
\]",\boxed{\frac{3}{2} NkT\left[1-\frac{1}{4 \sqrt{2} g_{s}}\left(\frac{\lambda}{d}\right)^{3}\right]},EX,,False,EN,Math Derivation
3166,Mechanics and Thermodynamics,Statistical Mechanics,Bose-Einstein Statistics,"What is the relationship between the specific heat capacity of an electron gas and temperature in an insulator at low temperatures? In an insulator, electrons fill the full band energy levels. The band gap is large, making it difficult for thermal excitation to enable electrons to cross the band gap and jump into the conduction band.","In an insulator, the specific heat capacity of an electron gas is zero.",\boxed{0},NV,,False,EN,Knowledge Recall
3167,Mechanics and Thermodynamics,Statistical Mechanics,Bose-Einstein Statistics,Find the internal energy and the specific heat at constant volume of a solid; discuss the high-temperature limit. The solid obeys Bose statistics with the chemical potential $\mu = 0$. Use the relation $pV = kT \ln E$ to derive the relevant physical quantities.,"At high temperatures, if $x_{\mathrm{D}} \ll 1$ and $\exp(x) \approx 1 + x$, then from
\[
\ln \Xi = \frac{3N}{x_{\mathrm{D}}^{3}} \int_{0}^{x_{\mathrm{D}}} \frac{x^{3}}{\exp(x) - 1} \, \mathrm{d}x 
\]
we can obtain
\[
\ln E = N 
\]

Using the relation $pV = kT \ln E$, the pressure of the phonon gas is $p = NkT / V$. The internal energy $U = 3pV = 3NkT$. The specific heat at constant volume, $c_{\mathrm{v}} = (\partial U / \partial T)_{V} = 3Nk$. The enthalpy $H = U + pV = 4pV = 4NkT$. The specific heat at constant pressure $c_{\mathrm{p}} = (\partial H / \partial T)_{p} = 4Nk$. The Gibbs function $G = N\mu = H - TS = 0$. Hence, the entropy $S = H / T = 4Nk$. The free energy $F = U - TS = -NkT$.","\boxed{3N, 3N}","NV, NV","k, kT",True,EN,Math Derivation
3168,Mechanics and Thermodynamics,Statistical Mechanics,Kinetic Theory of Gases,"Calculate the speed of sound \( c_{\mathrm{s}} \) in air at room temperature. The speed of sound is expressed by the adiabatic compressibility of a dilute gas as:

$$
c_{s}^{2} = \gamma \frac{k T}{M}
$$

where \( M \) is the average molecular mass, \( k \) is the Boltzmann constant, and \( \gamma \) is the heat capacity ratio.","The speed of sound is

$$
c_{\mathrm{s}} = \sqrt{\gamma \frac{k T}{M}} = 350\, \text{m/s}
$$",\boxed{350},NV,\text{m/s},False,EN,Knowledge Recall
3169,Mechanics and Thermodynamics,Statistical Mechanics,Kinetic Theory of Gases,"The common method of forming a molecular beam is to open a small hole in the wall, allowing molecules to effuse into the vacuum outside. The total intensity of the molecular beam is defined as the number of molecules escaping per unit time. Determine how the total intensity of the molecular beam changes when the area of the small hole is increased by 4 times.","The total intensity of the molecular beam is given by

$$
I=\frac{1}{4} n \bar{v} A
$$

where the molecular number density $n=p / k T$, $p$ is the pressure, $T$ is the temperature; the average molecular speed $\bar{v}=\sqrt{\frac{8 k T}{\pi m}}$, $m$ is the molecular mass; $A$ is the area of the small hole. Therefore,

$$
I=\frac{1}{4} A p \sqrt{\frac{8}{\pi m k T}}
$$

When other factors remain unchanged and $A \rightarrow 4 A$, then $I \rightarrow 4 I$.",\boxed{4 I},EX,,False,EN,Laws Application
3170,Mechanics and Thermodynamics,Statistical Mechanics,Maxwell-Boltzmann Statistics,"A permanent magnetic dipole possesses a magnetic moment $\mu_{\mathrm{m}}$. Derive the expression for the susceptibility of a permanent magnetic dipole in a dilute solution, where the magnetic moment can orient arbitrarily with respect to a weak magnetic field.","A permanent magnetic dipole has a magnetic moment $\mu_{\mathrm{m}}$, which can orient arbitrarily with respect to a weak magnetic field. Let $\theta$ be the angle between the magnetic moment $\mu_{\mathrm{m}}$ and the magnetic field $\boldsymbol{H}$, then the energy of the magnetic moment is $\varepsilon=-\mu_{\mathrm{m}} H \cos \theta$. Therefore, according to the Boltzmann distribution, the probability of the orientation of the magnetic moment $\mu_{\mathrm{m}}$ maintains symmetricity about the direction of the magnetic field $\boldsymbol{H}$; in the direction orthogonal to the magnetic field $\boldsymbol{H}$, the average component of the magnetic moment is zero. Thus, according to the Boltzmann distribution, in thermodynamic equilibrium, the average magnetic moment of a permanent magnetic dipole is given by

\[
\overline{\mu_{\mathrm{m}} \cos \theta} = \frac{\int_{0}^{\pi} \mu_{\mathrm{m}} \cos \theta \sin \theta \exp \left(\frac{\mu_{\mathrm{m}} H \cos \theta}{k T}\right) \mathrm{d} \theta}{\int_{0}^{\pi} \sin \theta \exp \left(\frac{\mu_{\mathrm{m}} H \cos \theta}{k T}\right) \mathrm{d} \theta} = \mu_{\mathrm{m}}\left[\operatorname{coth}\left(\frac{\mu_{\mathrm{m}} H}{k T}\right) - \frac{k T}{\mu_{\mathrm{m}} H}\right] \approx \frac{\mu_{\mathrm{m}}^2 H}{3 k T}
\]

Here, we have used the weak field condition $x = \mu_{\mathrm{m}} H / k T \ll 1, \operatorname{coth} x \approx x^{-1} + x / 3$. Thus, we obtain the classical susceptibility of a permanent magnetic dipole in a dilute solution as

\[
\chi_{\mathrm{mC}} = \frac{\mu_{\mathrm{m}}^2}{3 k T}
\]",\boxed{\chi_{\mathrm{mC}}=\frac{\mu_{\mathrm{m}}^{2}}{3 k T}},EQ,,False,EN,Math Derivation
3171,Mechanics and Thermodynamics,Statistical Mechanics,Bose-Einstein Statistics,"If the Sun is like a black body with a diameter of $10^{6} \, \mathrm{km}$ and a temperature of 6000 K, what is the microwave power it emits per megahertz bandwidth at a wavelength of 3 cm?","For solar radiation in the microwave band at a wavelength of $\lambda = 3 \, \mathrm{cm}$, $x = h \nu / k T \ll 1$, hence $\exp(x) \approx 1 + x$; equation (4) becomes

\begin{equation*}
I(\nu, T) = \frac{2 \pi k T \nu^{2}}{c^{2}} \tag{5}
\end{equation*}

From equation (5), the microwave power emitted by the Sun in the microwave band at a wavelength of $\lambda = 3 \, \mathrm{cm}$ per megahertz bandwidth is

\begin{equation*}
4 \pi R_{\mathrm{s}}^{2} \cdot I(\nu, T) \Delta \nu = 4 \pi R_{\mathrm{s}}^{2} \cdot \frac{2 \pi k T \nu^{2}}{c^{2}} \Delta \nu = 4 \pi R_{\mathrm{s}}^{2} \cdot \frac{2 \pi k T}{\lambda^{2}} \cdot \Delta \nu = 1.82 \times 10^{9} \, \mathrm{W} \tag{6}
\end{equation*}",\boxed{1.82 \times 10^{9}},NV,\mathrm{W},False,EN,Laws Application
3172,Mechanics and Thermodynamics,Statistical Mechanics,Maxwell-Boltzmann Statistics,"A hydrogen molecular gas is initially in equilibrium at a temperature of \( T = 1000 \, \mathrm{K} \). The gas is rapidly cooled to 20 K, with the nuclear spin states of the molecules unchanged, and only the translational and rotational degrees of freedom altered through collisions. The ratio of para-hydrogen to ortho-hydrogen is \( 1:3 \). At the low temperature of 20 K, the rotational energies of each molecule are \(\bar{E}_{\text{rot,para}} = 0\) and \(\bar{E}_{\text{rot,ortho}} = 180 \, \mathrm{K}\). What is the average rotational energy \(\bar{E}_{\text{rot}}\)?","After rapid cooling, para-hydrogen and ortho-hydrogen are no longer in equilibrium with each other, but remain in equilibrium within themselves through collisions. At the low temperature of 20 K, \(\mathrm{e}^{-\beta A} = \mathrm{e}^{-90 / 20} \ll 1\), so both para-hydrogen and ortho-hydrogen are effectively in their ground states. Thus, \(\bar{E}_{\text{rot,para}} = 0\), \(\bar{E}_{\text{rot,ortho}} = A(1+1) \cdot 1 = 2A = 180 \, \mathrm{K}\). Therefore, the average rotational energy is \(\bar{E}_{\text{rot}} = \frac{1}{4} \bar{E}_{\text{rot,para}} + \frac{3}{4} \bar{E}_{\text{rot,ortho}} = 135 \, \mathrm{K}\).",\boxed{135},NV,\mathrm{K},False,EN,Practical Application
3173,Mechanics and Thermodynamics,Statistical Mechanics,Fermi-Dirac Statistics,"In the very early universe, neglecting the particle mass and chemical potential compared to \( kT \) is a good approximation. Assume that at \( T \approx 10^{11} \mathrm{~K} \), the main fermions are electrons and positrons. (3) For the assumption made in (1), namely that particles do not interact, is it reasonable? Why? [Hint: What is the average value of the Coulomb interaction energy? The charge of a positron \( =1.6 \times 10^{-19} \mathrm{C} \), Boltzmann constant \( k=1.38 \times 10^{-16} \mathrm{erg} \cdot \mathrm{K}^{-1} \)].","(3) The average separation between particles \( r \propto n^{-1/3} \). The ratio of Coulomb interaction to particle kinetic energy is

\[
\frac{e^{2} / r}{kT} \propto \frac{e^{2} n^{1/3}}{kT} \propto \frac{e^{2}}{\hbar c} \approx \frac{1}{137}
\]

This means the interaction is much smaller than the kinetic energy, indicating that the assumption in (1) is reasonable.","Final Answer:
\boxed{Yes}",TF,,False,EN,
3174,Mechanics and Thermodynamics,Statistical Mechanics,Fermi-Dirac Statistics,"In the very early universe, it is a good approximation to ignore particle mass and chemical potential compared to \( kT \).  
(2) If the gas undergoes a quasistatic adiabatic expansion, how do the average particle number density and energy density depend on the scale of the system?","(2) The quasistatic adiabatic expansion process satisfies the equation \(\mathrm{d}(\rho V)=-p \mathrm{~d} V\). Ignoring mass, we know the pressure \( p = \frac{1}{3} \rho \) (similar to photons), thus we have

\[
\begin{gathered}
\mathrm{d}\rho / \rho = -\frac{4}{3} \mathrm{~d}V / V \\
\rho \propto V^{-4/3}
\end{gathered}
\]

From this, we can also derive \( T \propto V^{-1/3} \), so the particle number density \( n \propto V^{-1} \).","\boxed{\rho \propto V^{-4/3}, n \propto V^{-1}}",EX,"\text{None, None}",True,EN,Math Derivation
3175,Mechanics and Thermodynamics,Statistical Mechanics,Bose-Einstein Statistics,"Blackbody radiation. Derive the relationship between the position of the peak spectral radiance, $\lambda_{\text{max}}$, and the temperature $T$.","Let $x = \lambda T$. The relationship between the position of the peak spectral radiance $\lambda_{\max}$ and the temperature $T$ is given by

\[
\lambda_{\max} T = x_{\max} \tag{5}
\]

where $x_{\max}$ is the solution of the following equation:

\[
\frac{\mathrm{d}}{\mathrm{~d} x}\left\{x^{5}\left[\exp\left(\frac{h c}{k x}\right)-1\right]\right\}=0 \tag{6}
\]

The solution to equation (6) is

\[
x_{\max} = \frac{h c}{4.9651 k} = 2.898 \times 10^{-3} \mathrm{~m} \cdot \mathrm{~K} \tag{7}
\]",\boxed{\lambda_{\max } T = 2.898 \times 10^{-3}},EQ,\mathrm{m \cdot K},False,EN,Math Derivation
3176,Mechanics and Thermodynamics,Statistical Mechanics,Maxwell-Boltzmann Statistics,"Derive the approximate expression for the electrical conductivity $\sigma$ of a degenerate electron gas. Assume the particle number density of the electron gas is $n$ electrons/cm, and use the effective collision time $\tau$ for electrons.","When the gas is in equilibrium at temperature \(T\), it follows the Maxwell velocity distribution law. The number of molecules within a unit volume with velocities between \(\boldsymbol{v}\) and \(\boldsymbol{v}+\mathrm{d} \boldsymbol{v}\) is given by:

\[
f(v) \mathrm{d} v=n\left(\frac{m}{2 \pi k T}\right)^{3 / 2} \exp \left(-\frac{m v^{2}}{2 k T}\right) \mathrm{d} v \tag{1}
\]

To calculate the number of collisions, consider the two types of molecules as elastic hard spheres with diameters \(d_{1}\) and \(d_{2}\). Using the center of a molecule of the first type as the sphere's center and a radius of \(d_{12}=(d_{1}+d_{2})/2\), the sphere surface is conceptualized. When two molecules collide, the center of the second type must be on this imaginary sphere, with \(v_{r}=v_{2}-v_{1}\) being the relative velocity of molecule 2 concerning molecule 1. In a time \(\mathrm{d} t\), for the second type of molecule to collide with the first within the solid angle element \(\mathrm{d} \Omega\) along the axis direction \(\boldsymbol{n}\), it must be located within a cylinder with base \(d_{12}^{2} \mathrm{d} \Omega\) and height \(v_{r} \cos \theta \mathrm{d} t\). The volume of this cylinder is:

\[
\mathrm{d} \tau=d_{12}^{2} v_{r} \cos \theta \mathrm{d} \Omega \mathrm{d} t \tag{2}
\]

Therefore, in time \(\mathrm{d} t\), the number of collisions within the solid angle element \(\mathrm{d} \Omega\) along the axis \(\boldsymbol{n}\) between a molecule 1 with speed \(\boldsymbol{v}_{1}\) and molecule 2 with speeds in the range \(\boldsymbol{v}_{2}\) to \(\boldsymbol{v}_{2}+\mathrm{d} \boldsymbol{v}_{2}\) is:

\[
f_{2}\left(\boldsymbol{v}_{2}\right) \mathrm{d} \boldsymbol{v}_{2} \mathrm{d} \tau = d_{12}^{2} v_{r} \cos \theta f_{2}\left(\boldsymbol{v}_{2}\right) \mathrm{d} \boldsymbol{v}_{2} \mathrm{d} \Omega \mathrm{d} t \tag{3}
\]

Thus, the average number of collisions in unit time between one molecule of the first type and all molecules of the second type is:

\[
\overline{\Theta_{12}} = \frac{1}{n_{1}} \iiint d_{12}^{2} v_{r} \cos \theta \cdot f_{1}\left(\boldsymbol{v}_{1}\right) f_{2}\left(\boldsymbol{v}_{2}\right) \mathrm{d} \boldsymbol{v}_{1} \mathrm{d} \boldsymbol{v}_{2} \mathrm{d} \Omega \tag{5}
\]

Completing the angular integration:

\[
\int \cos \theta \mathrm{d} \Omega = \int_{0}^{2 \pi} \mathrm{d} \varphi \cdot \int_{0}^{\pi} \cos \theta \sin \theta \mathrm{d} \theta = \pi \tag{6}
\]

We find:

\[
\overline{\Theta_{12}} = \pi n_{2} d_{12}^{2}\left(\frac{m_{1}}{2 \pi k T}\right)^{3/2}\left(\frac{m_{2}}{2 \pi k T}\right)^{3/2} \iint v_{r} \exp \left(-\frac{m_{1} v_{1}^{2}+m_{2} v_{2}^{2}}{2 k T}\right) \mathrm{d} \boldsymbol{v}_{1} \mathrm{d} \boldsymbol{v}_{2} \tag{7}
\]

Introducing the velocity of the center of mass:

\[
\boldsymbol{v}_{\mathrm{c}} = \frac{1}{m_{1}+m_{2}}\left(m_{1} \boldsymbol{v}_{1}+m_{2} \boldsymbol{v}_{2}\right) \tag{8}
\]

We have:

\[
\frac{1}{2} m_{1} v_{1}^{2}+\frac{1}{2} m_{2} v_{2}^{2}=\frac{1}{2} M v_{\mathrm{c}}^{2}+\frac{1}{2} \mu v_{r}^{2} \tag{9}
\]

And

\[
\mathrm{d} \boldsymbol{v}_{\mathrm{c}} \mathrm{d} \boldsymbol{v}_{r}=|J| \mathrm{d} \boldsymbol{v}_{1} \mathrm{d} \boldsymbol{v}_{2} \tag{10}
\]

where \(M=m_{1}+m_{2}\) is the total mass of the two molecules, and \(\mu=m_{1} m_{2} /(m_{1}+m_{2})\) is the reduced mass of the two molecules. The absolute value of the Jacobian determinant is:

\[
|J|= \left|\frac{\partial(\boldsymbol{v}_{\mathrm{c}}, \boldsymbol{v}_{r})}{\partial(\boldsymbol{v}_{1}, \boldsymbol{v}_{2})}\right|=1 \tag{11}
\]

Substituting these results into equation (7), we finally obtain the average frequency of collisions between a molecule of the first type and those of the second type:

\[
\overline{\Theta_{12}} = \pi n_{2} d_{12}^{2}\left(\frac{m_{1}}{2 \pi k T}\right)^{3/2}\left(\frac{m_{2}}{2 \pi k T}\right)^{3/2} \int \exp \left(-\frac{M v_{c}^{2}}{2 k T}\right) \mathrm{d} v_{\mathrm{c}} \cdot \int v_{r} \exp \left(-\frac{\mu v_{r}^{2}}{2 k T}\right) \mathrm{d} v_{r} = \pi n_{2} d_{12}^{2} \sqrt{\frac{8 k T}{\pi \mu}} = \pi n_{2} d_{12}^{2}\left(1+\frac{m_{1}}{m_{2}}\right)^{1/2} \overline{v_{1}} \tag{12}
\]

where \(\overline{v_{1}}=\sqrt{8 k T / \pi m_{1}}\) is the average speed of the first type of molecule, and \(n_{1}\) and \(n_{2}\) are the molecular number densities of the first and second types of gas molecules, respectively. For identical molecules, the average collision frequency is \(\Theta=\sqrt{2} n \pi d^{2} v\).",\boxed{\frac{e^2 n \tau}{m}},EX,,False,EN,
3178,Mechanics and Thermodynamics,Statistical Mechanics,Fermi-Dirac Statistics,"For a highly degenerate three-dimensional electron gas, determine the power $n$ of temperature in the leading term of the constant-volume heat capacity, providing a concise justification.","First, consider the integral

$$
I = \int_{0}^{\infty} \frac{f(\varepsilon) \mathrm{d} \varepsilon}{\mathrm{e}^{(\varepsilon-\mu) / k T} + 1} = \int_{-\mu / k T}^{\infty} \frac{f(\mu + k T z)}{\mathrm{e}^{z} + 1} k T \mathrm{d} z
$$

$$
\begin{aligned}
&= k T \int_{0}^{\mu / k T} \frac{f(\mu - k T z)}{\mathrm{e}^{-z} + 1} \mathrm{d} z + k T \int_{0}^{\infty} \frac{f(\mu + k T z)}{\mathrm{e}^{z} + 1} \mathrm{d} z \\
&= \int_{0}^{\mu} f(x) \mathrm{d} x - k T \int_{0}^{\mu / k T} \frac{f(\mu - k T z)}{\mathrm{e}^{z} + 1} \mathrm{d} z + k T \int_{0}^{\infty} \frac{f(\mu + k T z) \mathrm{d} z}{\mathrm{e}^{z} + 1}
\end{aligned}
$$

where we used $k T z = \varepsilon - \mu$. Since $\mu / k T \gg 1$, we can replace the upper limit of the second integral with $\infty$, giving

$$
\begin{aligned}
I &= \int_{0}^{\mu} f(x) \mathrm{d} x + k T \int_{0}^{\infty} \frac{f(\mu + k T z) - f(\mu - k T z)}{\mathrm{e}^{z} + 1} \mathrm{d} z \\
&= \int_{0}^{\mu} f(x) \mathrm{d} x + 2(k T)^{2} f^{\prime}(\mu) \int_{0}^{\infty} \frac{z \mathrm{d} z}{\mathrm{e}^{z} + 1} + \cdots, \quad f^{\prime}(\mu) = \frac{\mathrm{d} f(\mu)}{\mathrm{d} \mu}
\end{aligned}
$$

The density of states is proportional to $\varepsilon^{1/2}$, so let $f(\varepsilon) = \varepsilon^{3/2}$, then the internal energy $E \propto I$, and thus $c_{v} = \frac{\partial E}{\partial T} \approx T$, implying $n = 1$. In fact, at $T \approx 0 \mathrm{~K}$, due to the small thermal energy, only electrons in the transition band of width approximately $T$ at the Fermi surface are thermally excited to energy levels of about $k T$. Therefore, the part of the internal energy related to $T$ is $\bar{N} T \propto T^{2}$, which means $c_{\mathrm{v}} \propto T$.",\boxed{n = 1},EQ,,False,EN,Math Derivation
3179,Mechanics and Thermodynamics,Statistical Mechanics,Kinetic Theory of Gases,"Given that the molecular weights of argon and helium are $m_{\mathrm{A}}=40$ and $m_{\mathrm{He}}=4$, respectively, and their viscosity coefficients at standard state are $\eta_{\mathrm{A}}=21.0 \times 10^{-6} \, \mathrm{kg} \cdot \mathrm{s}^{-1} \cdot \mathrm{m}^{-1}$ and $\eta_{\mathrm{He}}=18.8 \times 10^{-6} \, \mathrm{kg} \cdot \mathrm{s}^{-1} \cdot \mathrm{m}^{-1}$, respectively. Find the ratio of the mean free path of argon to that of helium at standard state.","It is known that the viscosity coefficient of a gas is given by $\eta = \rho \bar{v} \bar{\lambda} / 3$, where the mass density $\rho = n m$, $n$ is the number density of particles, $m$ is the molecular mass, the average molecular speed $\bar{v} = \sqrt{8 k T / \pi m}$, and $\bar{\lambda}$ is the mean free path. Therefore, the ratio of the mean free paths of argon and helium at standard state is

\[
\frac{\bar{\lambda}_{\mathrm{A}}}{\bar{\lambda}_{\mathrm{He}}} = \left(\frac{m_{\mathrm{He}}}{m_{\mathrm{A}}}\right)^{1/2} \cdot \frac{\eta_{\mathrm{A}}}{\eta_{\mathrm{He}}} = 0.353 \tag{1}
\]",\boxed{0.353},NV,,False,EN,Laws Application
3180,Mechanics and Thermodynamics,Statistical Mechanics,Bose-Einstein Statistics,"Given \( g(j_{1}, j_{2}, j_{3}) = (j_{2} + 1)(j_{3} + 1) + \frac{m_{z} j_{3}(j_{3} + 1)}{2} \) (Equation 3), calculate \( g(j_{1}, 0, 0) \) and \( g(j_{1}, 1, 0) \).","From Equation (3), \( g(j_{1}, 0, 0) = 1 \). From Equation (3), \( g(j_{1}, 1, 0) = 2 \).","\boxed{1, 2}","NV, NV","None, None",True,EN,Knowledge Recall
3181,Mechanics and Thermodynamics,Statistical Mechanics,Bose-Einstein Statistics,"The cavity with a volume of \( V \) is filled with electromagnetic waves, and these waves obey the Planck distribution. Let \( u(\omega) \) represent the energy of photons per unit angular frequency, and \( \omega_i \) be the angular frequency at which \( u(\omega) \) reaches its maximum. If the volume undergoes adiabatic expansion to become \( 2V \), find the new angular frequency \( \omega_f \) at which \( u(\omega) \) reaches its maximum after the expansion.","Since the Planck distribution is given by \(\frac{1}{\mathrm{e}^{\hbar \omega / k T}-1}\), and the density of states for photons is

\[
D(\omega) \mathrm{d} \omega = a \omega^{2} \mathrm{~d} \omega,
\]

the angular frequency \( \omega \) at which \( u(\omega) \) is maximized is \( \omega = \gamma T \), where \( \gamma \) is a constant. On the other hand, from \(\mathrm{d} U = T \mathrm{~d} S - p \mathrm{~d} V\) and \( U = 3pV \), we get that when \(\mathrm{d} S = 0\), \( V^{4}p^{3} = \text{constant} \). Since the pressure \( p \propto T^{4} \), it follows that

\[
\begin{aligned}
VT^{3} &= \text{constant}, \\
T_{f} &= T_{i}\left(\frac{V_{i}}{V_{f}}\right)^{1/3} = \frac{T_{i}}{\sqrt[3]{2}}, \\
\omega_{f} &= \frac{\omega_{i}}{\sqrt[3]{2}}.
\end{aligned}
\]",\[\boxed{\frac{\omega_{i}}{\sqrt[3]{2}}}\],EX,,False,EN,Laws Application
3182,Mechanics and Thermodynamics,Statistical Mechanics,Maxwell-Boltzmann Statistics,"A string, with a length of \( l \), has its endpoints fixed. The distance between the endpoints is \( x \). A point mass \( m \) is attached at the midpoint of the string. The point mass rotates about an axis passing through the endpoints of the string and is in thermal contact with the environment. The environmental temperature is \( T \). Find the tension \( f \) in the string, and express it as a function of \( x \) and \( \frac{\mathrm{d} \theta}{\mathrm{d} t} \).","From the expression for kinetic energy, the tension \( f = -\frac{\partial E}{\partial x} \) in the string is

\[
f = \frac{m x}{4}\left(\frac{\mathrm{d} \theta}{\mathrm{d} t}\right)^2 \tag{2}
\]",\boxed{\frac{m x}{4}\left(\frac{\mathrm{d} \theta}{\mathrm{d} t}\right)^2},EX,,False,EN,Math Derivation
3183,Mechanics and Thermodynamics,Statistical Mechanics,Kinetic Theory of Gases,"Estimate the mean free path of protons in cosmic rays near sea level. Protons interact and scatter with nucleons of air molecules. The number density of atmospheric molecules near sea level is given by

$$
n=\frac{N}{V}=\frac{p}{kT}
$$

How is the mean free path $l$ of the protons related to the number density $n$ and the molecular cross-section $\sigma$? Here, $l=\bar{v} / \bar{z}, \bar{v}$ is the average velocity, $\bar{z}=\sigma \bar{u} n$ is the collision frequency, $\sigma=\pi d^{2}$ is the collision cross-section, and $d$ is the effective diameter of a molecule, with $\bar{u}=\sqrt{2} \bar{v}$ being the average relative velocity.","$$
l=\frac{1}{\sqrt{2} n \sigma}
$$",\boxed{\frac{1}{\sqrt{2} n \sigma}},EX,,False,EN,Math Derivation
3184,Mechanics and Thermodynamics,Statistical Mechanics,Kinetic Theory of Gases,"(3) At temperatures close to 2 K, does the ratio of the thermal conductivities of gases $^{3}\mathrm{He}$ and $^{4}\mathrm{He}$ exhibit any anomalies?","When the temperature approaches 2 K, $^{3}\mathrm{He}$ is in the liquid phase, and $^{4}\mathrm{He}$ is in the superfluid phase. The previously applicable two-body collision model is no longer valid, and the ratio of thermal conductivities will show a sudden change.",\boxed{Yes},TF,,False,EN,Laws Application
3185,Mechanics and Thermodynamics,Statistical Mechanics,Kinetic Theory of Gases,"The equation of state and the specific heat capacity at constant volume of an interacting atomic gas are given by the following expressions:

$$
\begin{aligned}
p(T, V) &= a T^{1/2} + b T^{3} + c V^{-2}, \\
c_{\mathrm{v}}(T, V) &= d T^{1/2} V + e T^{2} V + f T^{1/2}
\end{aligned}
$$

where $a \sim f$ are constants independent of $T$ and $V$.  
(2) Determine the relationships among the constants $a \sim f$ based on the fact that $U(T,V)$ is a state function.","(2) $\mathrm{d} U(T, V)$ must be an exact differential, which requires

$$
\begin{aligned}
\frac{\partial}{\partial V}\left(\frac{\partial U}{\partial T}\right)_{V} &= \frac{\partial}{\partial T}\left(\frac{\partial U}{\partial V}\right)_{T}, \\
d T^{1/2} + e T^{2} &= \left(\frac{1}{4} a T^{-1/2} - 6 b T^{2}\right)
\end{aligned}
$$

Therefore, $a = 0, d = 0, e = 6b$.","\boxed{a = 0, d = 0, e = 6b}","EQ, EQ, EQ",,True,EN,Math Derivation
3186,Mechanics and Thermodynamics,Statistical Mechanics,Kinetic Theory of Gases,"A gas consists of $N$ nearly independent particles, with particle kinetic energy $\varepsilon = a p^l$, where $p$ is the particle's momentum, and $a$ and $l$ are constants. The probability that a gas particle has a momentum magnitude between $p$ and $p+\mathrm{d} p$, and its direction is within the solid angle element $\mathrm{d} \Omega$, is given by

$$
\mathrm{d} W = f(p) p^2 \, \mathrm{d} p \, \mathrm{d} \Omega
$$

where $f(p)$ is a function of momentum $p$. Determine the relationship between the gas pressure $P$ and the average energy density $u$ of the gas particles.","By substituting equation (1) into equation (3) and using equation (4), we obtain

$$
P = \frac{l}{3} u \tag{5}
$$

If the gas consists of non-relativistic molecules or ions with non-zero rest mass, then $l = 2$, thus the pressure $P = \frac{2}{3} u$. For a photon gas or a gas of extremely relativistic particles with zero rest mass, $l = 1$, hence the pressure $P = \frac{1}{3} u$.",\boxed{\frac{l}{3} u},EX,,False,EN,Math Derivation
3187,Mechanics and Thermodynamics,Statistical Mechanics,Kinetic Theory of Gases,"Express the equilibrium heat flow equation in terms of specific heat capacity, phonon or particle velocity, mean free path, and temperature gradient (in a 3-component form).","The heat flow equation is \( j = -\kappa \Delta T \), where the thermal conductivity \(\kappa = \frac{1}{3} c_{\mathrm{v}} \bar{v} l\). Here, \(c_{\mathrm{v}}\) denotes the specific heat capacity, \(\bar{v}\) is the average velocity of particles, and \(l\) is the mean free path. This essentially assumes that electron conduction is much greater than lattice conduction (which is true at room temperature).",\boxed{j = -\frac{1}{3} c_{\mathrm{v}} \bar{v} l \Delta T},EQ,,False,EN,Knowledge Recall
3188,Mechanics and Thermodynamics,Statistical Mechanics,Kinetic Theory of Gases,"A common method to form molecular beams is to create a small hole in the wall, allowing molecules to effuse into the outside vacuum. The total intensity of the molecular beam is defined as the number of molecules escaping per unit time. Determine how the total intensity of the molecular beam changes when using a gas with a molecular mass four times the original molecular mass, while maintaining constant temperature and pressure.","The total intensity of the molecular beam is given by

$$
I=\frac{1}{4} n \bar{v} A
$$

where the molecular number density $n=p / k T$, $p$ is the pressure, $T$ is the temperature; the average molecular speed $\bar{v}=\sqrt{\frac{8 k T}{\pi m}}$, $m$ is the molecular mass; and $A$ is the area of the small hole. Therefore,

$$
I=\frac{1}{4} A p \sqrt{\frac{8}{\pi m k T}}
$$

With other factors remaining constant and $T, p$ unchanged, if $m \rightarrow 4 m$, then $I \rightarrow \frac{I}{2}$.",\boxed{\frac{I}{2}},NV,,False,EN,Laws Application
3189,Mechanics and Thermodynamics,Statistical Mechanics,Kinetic Theory of Gases,"A sealed bottle with a volume of $ \frac{1}{4} \mathrm{~L}$ contains oxygen at $10^{-4} \mathrm{~atm}$, and this bottle is left by an astronaut on the surface of the moon. When the temperature of the bottle is 400 K, a $2 \mu \mathrm{~m}$ hole appears in the thin wall of the bottle. How long will it take for the number of gas molecules in the bottle to decrease to $\frac{1}{10}$ of the original amount? (Assume the temperature remains constant; the Boltzmann constant $k=1.38 \times 10^{-16} \mathrm{erg} / \mathrm{K}$)","Let the number of particles in the bottle at time $\tau$ be $N$, then

$$
\tau = \frac{4 V}{A \bar{v}} \ln \frac{N_{0}}{N}
$$ 

Substituting $\bar{v} = \sqrt{\frac{8 k T}{\pi m}} \approx 514 \mathrm{~m} / \mathrm{s}, V = 0.25 \times 10^{-3} \mathrm{~m}^{3}, A = \pi \cdot (10^{-6})^{2} \mathrm{~m}^{2}, N_{0} / N = 10$ into the above formula, we get $\tau \approx 1.43 \times 10^{6} \mathrm{~s}$.",\boxed{1.43 \times 10^{6}},NV,\mathrm{s},False,EN,Practical Application
3190,Mechanics and Thermodynamics,Statistical Mechanics,Kinetic Theory of Gases,"The common method for forming a molecular beam is to open a small hole in the container wall, allowing molecules to effuse into the external vacuum. The total intensity of the molecular beam is defined as the number of molecules escaping per unit time. Determine the change in the total intensity of the molecular beam when the pressure increases by 4 times while the temperature remains constant.","The total intensity of the molecular beam is given by

$$
I=\frac{1}{4} n \bar{v} A
$$

where the molecular number density $n=p / k T$, with $p$ as the pressure and $T$ as the temperature; the average molecular speed $\bar{v}=\sqrt{\frac{8 k T}{\pi m}}$, where $m$ is the molecular mass; and $A$ is the area of the small hole. Thus,

$$
I=\frac{1}{4} A p \sqrt{\frac{8}{\pi m k T}}
$$

When other factors remain unchanged, $T$ remains constant while $p \rightarrow 4 p$, hence $I \rightarrow 4 I$.",\boxed{4I},EX,,False,EN,Laws Application
3191,Mechanics and Thermodynamics,Statistical Mechanics,Fermi-Dirac Statistics,"A white dwarf star is supported by electron degeneracy pressure. As a simplified model, consider an ideal gas sphere composed of electrons and fully ionized silicon ($\mathrm{Si}^{28}$) ions with uniform density. Let $n_{i}$ denote the number density of silicon ions, and $n_{e}=14 n_{i}$ denote the number density of electrons (since the atomic number of silicon is 14). If the static mass density of the gas is $\rho=10^{9} \mathrm{~g/cm^3}$, find $\bar{E}_{\mathrm{e}}$ (expressed in MeV), and calculate the average energy of silicon ions $\bar{E}_{i}$ at the center of the white dwarf. Assume $T=10^{8} \mathrm{~K}$, and that the ionic gas can be treated with Maxwell-Boltzmann statistics. Verify that $\bar{E}_{\mathrm{e}} \gg \bar{E}_{i}$.","When $\rho=10^{9} \mathrm{~g/cm^3}$,

$$
n_{\mathrm{e}}=14 n_{i}=3 \times 10^{38} \mathrm{~m}^{-3}
$$

$$
\begin{aligned}
\bar{E}_{\mathrm{e}} & =5 \times 10^{-13} \mathrm{~J}=3 \mathrm{MeV} \\
\bar{E}_{i} & =\frac{3}{2} k T=2 \times 10^{-15} \mathrm{~J}=1.3 \times 10^{-2} \mathrm{MeV}
\end{aligned}
$$

Clearly,

$$
\bar{E}_{i} \ll \bar{E}_{e}
$$","\boxed{3, 1.3 \times 10^{-2}}","NV, NV",,True,EN,Laws Application
3192,Mechanics and Thermodynamics,Statistical Mechanics,Ensemble Theory,"In a lattice, there are $N$ nearly independent ions, each with a spin of $1/2$ and a magnetic moment of $\mu_{0}$. The initial temperature of the crystal is $T=1 \mathrm{~K}$, and the initial magnetic field is $B_{i}=1.0 \times 10^{5} \mathrm{G}$. What happens when the crystal undergoes adiabatic demagnetization to a final magnetic field of $B_{f}=1.0 \times 10^{2} \mathrm{G}$?","From the expression for entropy, we know that $\sigma$ is a function of $\frac{\mu_{0} B}{k T}$. If the entropy of the spin portion is kept constant, i.e., $\frac{\mu_{0} B}{k T}$ is constant, adiabatic demagnetization will lead to a decrease in the temperature of the spin part. In the crystal, as the spin temperature decreases, it can further transfer heat to reduce the temperature of lattice vibrations, cooling the entire crystal through ""adiabatic demagnetization."" From the relation $T_{f} / B_{f} = T_{i} / B_{i}$, we find $T_{f}=10^{-3} \mathrm{~K}$.",\boxed{T_{f}=10^{-3}},NV,\mathrm{K},False,EN,Laws Application
3193,Mechanics and Thermodynamics,Statistical Mechanics,Kinetic Theory of Gases,"A gas consists of two types of molecules, with molecular masses and number densities denoted as $M_{1}$, $M_{2}$, $N_{1}$, and $N_{2}$, respectively. Summing over all possible molecular pairs composed of different types of molecules, determine the average kinetic energy of the center of mass motion.","According to the Maxwell distribution:

$$
f \mathrm{~d} v=N\left(\frac{M}{2 \pi k T}\right)^{3 / 2} \mathrm{e}^{-\frac{M v^{2}}{2 k T}} \mathrm{~d} v
$$

The average kinetic energy $\varepsilon$ is given by:

$$
\varepsilon=\frac{1}{N_{1} N_{2}} \iint \frac{1}{2}\left(M_{1}+M_{2}\right) \cdot\left(\frac{M_{1} \boldsymbol{v}_{1}+M_{2} \boldsymbol{v}_{2}}{M_{1}+M_{2}}\right)^{2} f_{1} f_{2} \mathrm{~d} \boldsymbol{v}_{1} \mathrm{~d} \boldsymbol{v}_{2}
$$

where $v^{2}=v \cdot v$. Noting that the cross-term integral results in zero, we find $\varepsilon=3 k T / 2$.",\boxed{\frac{3kT}{2}},NV,,False,EN,Math Derivation
3195,Mechanics and Thermodynamics,Statistical Mechanics,Fermi-Dirac Statistics,"Consider phonons (quantum particles of sound waves) that obey Bose-Einstein statistics. Under this assumption, find the relationship between heat capacity and temperature for the case where the temperature \( T \) is much higher than the Debye temperature \( T_{\mathrm{D}} \).","For a gas of phonons that obey Bose-Einstein statistics, the internal energy of the solid is given by

\[
U = U_{0} + \int_{0}^{\omega_{D}} \frac{\hbar \omega D(\omega) \mathrm{d} \omega}{\exp (\hbar \omega / k T)-1} = U_{0} + 9 N k T x^{-3} \int_{0}^{x} \frac{y^{3} \mathrm{~d} y}{\exp (y)-1}
\]

When \( T \gg T_{\mathrm{D}} \), \( x \ll 1 \), and \(\exp (y) \approx 1+y\), the internal energy can be simplified to

\[
U = U_{0} + 3 N k T
\]

At this point, the constant volume heat capacity is independent of temperature: \( c_{v} = 3 N k \neq 0 \).",\boxed{c_v = 3Nk},EQ,,False,EN,Math Derivation
3196,Mechanics and Thermodynamics,Statistical Mechanics,Kinetic Theory of Gases,"A gas consists of two types of molecules, with molecular masses and particle number densities represented by $M_{1}$, $M_{2}$, $N_{1}$, and $N_{2}$, respectively. The collision cross-section between the two different molecules is given as $A|\boldsymbol{v}_{12}|$, where $A$ is a constant and $|\boldsymbol{v}_{12}|$ represents the magnitude of the relative velocity. How many collisions occur between the different types of molecules per unit volume and per unit time?","The number of collisions between different types of molecules per unit volume and per unit time is given by:  
\[ J = \iint A |\boldsymbol{v}_{12}| f_{1} f_{2} \mathrm{~d} \boldsymbol{v}_{1} \mathrm{~d} \boldsymbol{v}_{2} = A \iint (\boldsymbol{v}_{1}-\boldsymbol{v}_{2})^{2} f_{1} f_{2} \mathrm{~d} \boldsymbol{v}_{1} \mathrm{~d} \boldsymbol{v}_{2} = 3 A N_{1} N_{2} k T\left(\frac{1}{M_{1}}+\frac{1}{M_{2}}\right) \]",\boxed{3 A N_{1} N_{2} k T\left(\frac{1}{M_{1}}+\frac{1}{M_{2}}\right)},EX,,False,EN,Math Derivation
3197,Mechanics and Thermodynamics,Statistical Mechanics,Ensemble Theory,"A crystal lattice composed of Ising spins has each spin at a position taking $s_{l} = \pm 1$. When there is an external field $\boldsymbol{H} = \left(0, 0, H_{0}\right)$, the Hamiltonian of the system is

$$
H = -J \sum_{l, l^{\prime}} s_{l} s_{l^{\prime}} - \mu_{B} H_{0} \sum_{l} s_{l}
$$

where $J > 0$ is a constant, and $\sum_{l, l'}$ denotes the sum over all nearest neighbor positions (each position has $P$ nearest neighbors).

Using the mean field approximation, derive the equation to calculate the transient magnetization $m = \overline{S_{0}}$ when $H_{0} = 0^{+}$, and find the critical temperature $T_{\mathrm{c}}$ (where $T < T_{\mathrm{c}}$, $m \neq 0$).","Using the mean field approximation: the proportion of nearest neighbor pairs with spins pointing up equals the probability of the alignment of spins pointing up at neighboring lattice points, that is

$$
\frac{2 N_{A A}}{P N} = \left(\frac{N_{A}}{N}\right)^{2}
$$

Thus,

$$
H = -2 P J \left(\frac{N_{A}}{N}\right)^{2} N + 2(P J - \mu_{B} H_{0}) N_{A} + \left(-\frac{P J}{2} + \mu_{B} H_{0}\right) N
$$

Partition function

$$
Z = \sum_{N_{A} = 0}^{N} C_{N}^{N_{A}} \mathrm{e}^{-H / k T}
$$

Introduce magnetization

$$
m \equiv \frac{N_{A} - N_{B}}{N_{A} + N_{B}}
$$

then $N_{A} / N = (1 + m) / 2, N_{B} / N = (1 - m) / 2$,

$$
\frac{1}{N} \ln Z \approx -\frac{H}{N k T} - \frac{1}{2}(1 + m) \ln \frac{1 + m}{2} - \frac{1}{2}(1 - m) \ln \frac{1 - m}{2}
$$

From $\frac{\partial}{\partial m} \ln Z = 0$, we obtain

$$
\frac{\mu_{B} H_{0}}{k T} + \frac{P J}{k T} m - \frac{1}{2} \ln \frac{1 + m}{1 - m} = 0
$$

or

$$
\frac{\mu_{B} H_{0}}{k T} + \frac{P J m}{k T} = \tanh^{-1} m
$$

For $H_{0} = 0, m = \tanh \left(\frac{T_{\mathrm{c}}}{T} m\right)$, so the equation only has a solution $m \neq 0$ if $T < T_{\mathrm{c}} \equiv \frac{P J}{k}$. Hence, the critical temperature is $T_{\mathrm{c}} = \frac{P J}{k}$.",\boxed{\frac{P J}{k}},NV,,False,EN,Math Derivation
3198,Mechanics and Thermodynamics,Statistical Mechanics,Maxwell-Boltzmann Statistics,"In the hard-sphere model of gravitation, prove that the viscosity coefficient of a gas is $\eta = \eta_{0}(T / 273)^{3 / 2}[(273+C) / (T+C)]$, where $\eta_{0}$ is the viscosity coefficient at a temperature of 273 K or 0 C.","When the gas is in equilibrium at temperature \(T\), it follows the Maxwell velocity distribution law. The number of molecules within a unit volume with velocities between \(\boldsymbol{v}\) and \(\boldsymbol{v}+\mathrm{d} \boldsymbol{v}\) is given by:

\[
f(v) \mathrm{d} v=n\left(\frac{m}{2 \pi k T}\right)^{3 / 2} \exp \left(-\frac{m v^{2}}{2 k T}\right) \mathrm{d} v \tag{1}
\]

To calculate the number of collisions, consider the two types of molecules as elastic hard spheres with diameters \(d_{1}\) and \(d_{2}\). Using the center of a molecule of the first type as the sphere's center and a radius of \(d_{12}=(d_{1}+d_{2})/2\), the sphere surface is conceptualized. When two molecules collide, the center of the second type must be on this imaginary sphere, with \(v_{r}=v_{2}-v_{1}\) being the relative velocity of molecule 2 concerning molecule 1. In a time \(\mathrm{d} t\), for the second type of molecule to collide with the first within the solid angle element \(\mathrm{d} \Omega\) along the axis direction \(\boldsymbol{n}\), it must be located within a cylinder with base \(d_{12}^{2} \mathrm{d} \Omega\) and height \(v_{r} \cos \theta \mathrm{d} t\). The volume of this cylinder is:

\[
\mathrm{d} \tau=d_{12}^{2} v_{r} \cos \theta \mathrm{d} \Omega \mathrm{d} t \tag{2}
\]

Therefore, in time \(\mathrm{d} t\), the number of collisions within the solid angle element \(\mathrm{d} \Omega\) along the axis \(\boldsymbol{n}\) between a molecule 1 with speed \(\boldsymbol{v}_{1}\) and molecule 2 with speeds in the range \(\boldsymbol{v}_{2}\) to \(\boldsymbol{v}_{2}+\mathrm{d} \boldsymbol{v}_{2}\) is:

\[
f_{2}\left(\boldsymbol{v}_{2}\right) \mathrm{d} \boldsymbol{v}_{2} \mathrm{d} \tau = d_{12}^{2} v_{r} \cos \theta f_{2}\left(\boldsymbol{v}_{2}\right) \mathrm{d} \boldsymbol{v}_{2} \mathrm{d} \Omega \mathrm{d} t \tag{3}
\]

Thus, the average number of collisions in unit time between one molecule of the first type and all molecules of the second type is:

\[
\overline{\Theta_{12}} = \frac{1}{n_{1}} \iiint d_{12}^{2} v_{r} \cos \theta \cdot f_{1}\left(\boldsymbol{v}_{1}\right) f_{2}\left(\boldsymbol{v}_{2}\right) \mathrm{d} \boldsymbol{v}_{1} \mathrm{d} \boldsymbol{v}_{2} \mathrm{d} \Omega \tag{5}
\]

Completing the angular integration:

\[
\int \cos \theta \mathrm{d} \Omega = \int_{0}^{2 \pi} \mathrm{d} \varphi \cdot \int_{0}^{\pi} \cos \theta \sin \theta \mathrm{d} \theta = \pi \tag{6}
\]

We find:

\[
\overline{\Theta_{12}} = \pi n_{2} d_{12}^{2}\left(\frac{m_{1}}{2 \pi k T}\right)^{3/2}\left(\frac{m_{2}}{2 \pi k T}\right)^{3/2} \iint v_{r} \exp \left(-\frac{m_{1} v_{1}^{2}+m_{2} v_{2}^{2}}{2 k T}\right) \mathrm{d} \boldsymbol{v}_{1} \mathrm{d} \boldsymbol{v}_{2} \tag{7}
\]

Introducing the velocity of the center of mass:

\[
\boldsymbol{v}_{\mathrm{c}} = \frac{1}{m_{1}+m_{2}}\left(m_{1} \boldsymbol{v}_{1}+m_{2} \boldsymbol{v}_{2}\right) \tag{8}
\]

We have:

\[
\frac{1}{2} m_{1} v_{1}^{2}+\frac{1}{2} m_{2} v_{2}^{2}=\frac{1}{2} M v_{\mathrm{c}}^{2}+\frac{1}{2} \mu v_{r}^{2} \tag{9}
\]

And

\[
\mathrm{d} \boldsymbol{v}_{\mathrm{c}} \mathrm{d} \boldsymbol{v}_{r}=|J| \mathrm{d} \boldsymbol{v}_{1} \mathrm{d} \boldsymbol{v}_{2} \tag{10}
\]

where \(M=m_{1}+m_{2}\) is the total mass of the two molecules, and \(\mu=m_{1} m_{2} /(m_{1}+m_{2})\) is the reduced mass of the two molecules. The absolute value of the Jacobian determinant is:

\[
|J|= \left|\frac{\partial(\boldsymbol{v}_{\mathrm{c}}, \boldsymbol{v}_{r})}{\partial(\boldsymbol{v}_{1}, \boldsymbol{v}_{2})}\right|=1 \tag{11}
\]

Substituting these results into equation (7), we finally obtain the average frequency of collisions between a molecule of the first type and those of the second type:

\[
\overline{\Theta_{12}} = \pi n_{2} d_{12}^{2}\left(\frac{m_{1}}{2 \pi k T}\right)^{3/2}\left(\frac{m_{2}}{2 \pi k T}\right)^{3/2} \int \exp \left(-\frac{M v_{c}^{2}}{2 k T}\right) \mathrm{d} v_{\mathrm{c}} \cdot \int v_{r} \exp \left(-\frac{\mu v_{r}^{2}}{2 k T}\right) \mathrm{d} v_{r} = \pi n_{2} d_{12}^{2} \sqrt{\frac{8 k T}{\pi \mu}} = \pi n_{2} d_{12}^{2}\left(1+\frac{m_{1}}{m_{2}}\right)^{1/2} \overline{v_{1}} \tag{12}
\]

where \(\overline{v_{1}}=\sqrt{8 k T / \pi m_{1}}\) is the average speed of the first type of molecule, and \(n_{1}\) and \(n_{2}\) are the molecular number densities of the first and second types of gas molecules, respectively. For identical molecules, the average collision frequency is \(\Theta=\sqrt{2} n \pi d^{2} v\).",\boxed{\eta = \eta_{0} \left( \frac{T}{273} \right)^{3/2} \left(\frac{273+C}{T+C}\right)},EQ,,False,EN,Math Derivation
3199,Mechanics and Thermodynamics,Statistical Mechanics,Bose-Einstein Statistics,"Why do the differences between Boltzmann statistics, Fermi-Dirac statistics, and Bose-Einstein statistics become negligible in the high-temperature limit? What temperature is required for this to occur? Please do not merely cite equations.","From the result of the first problem, we know that when \( e^{\alpha} \gg 1 \), or equivalently \( e^{-\alpha} \ll 1 \),

$$
\frac{\omega_{l}}{e^{\alpha+\beta \varepsilon_{l}} \pm 1} \approx \omega_{l} e^{-\alpha-\beta \varepsilon_{l}}
$$

Fermi-Dirac and Bose-Einstein statistics transition to Boltzmann statistics, making the differences among them disappear. We have

$$
e^{-\alpha}=n\left(\frac{h^{2}}{2 \pi m k T}\right)^{3 / 2}
$$

where \( n \) is the particle number density. It is understood that when \( T \gg \frac{n^{2/3} h^{2}}{2 \pi m k} \), the above condition is satisfied. Thus, in the high-temperature, low-density limit, the differences among these three statistics become unimportant. Physically, this can be understood as follows: when \( e^{\alpha} \gg 1 \), clearly \( \frac{a_{l}}{\omega_{l}} \ll 1 \), meaning the average number of particles in any quantum state is much less than 1. This is because at high temperatures and low densities, the number of microscopic states available for particles far exceeds the total number of particles. Thus, the probability of two particles occupying the same quantum state is very small, automatically satisfying the Pauli exclusion principle, and hence the distinct statistical properties of fermions and bosons vanish.",\(\boxed{T \gg \frac{n^{2/3} h^{2}}{2 \pi m k}}\),EX,,False,EN,Laws Application
3202,Mechanics and Thermodynamics,Statistical Mechanics,Kinetic Theory of Gases,"Consider a rarefied gas with a molecular mass $m$, an average speed $\bar{v}$, and a mean velocity in the $x$ direction $u_{x}$, which increases monotonically with $z$, that is, $u_{x} = u_{x}(z)$. Moreover, $\left|u_{x}\right| \ll \bar{v}$, and all derivatives of $u_{x}$ are small. Let $n$ be the molecular number density, and $l$ be the mean free path of the molecules with $l \gg d$ and $l \ll L$, where $d$ is the molecular diameter and $L$ is the size of the pipe. If the cross-section for molecular collisions $\sigma \propto E_{\mathrm{cm}}^2$, where $E_{\mathrm{cm}}$ is the center-of-mass energy of the colliding particles, how does the viscosity coefficient $\eta$ depend on temperature? Use the Maxwell distribution.","If $\sigma \propto E_{\mathrm{cm}}^2 \propto T^2$, then $\eta \propto T^{-3/2}$, independent of pressure.",\boxed{\eta \propto T^{-3/2}},EX,,False,EN,Math Derivation
3203,Mechanics and Thermodynamics,Statistical Mechanics,Kinetic Theory of Gases,"The cooling of a gas during expansion can be expressed by the equation: $\frac{T_{0}}{T}=1+\frac{M^{2}}{3}$, where $T_{0}$ is the equilibrium temperature inside the container, $T$ is the temperature after expansion, and $M$ is the ratio of flow speed $v$ to the speed of sound $c$ at temperature $T$ (i.e., the Mach number). Derive this relationship, specifically $\frac{T_{0}}{T}=1+\frac{M^{2}}{3}$.","Consider the process of a gas mass flowing through a small orifice. When the gas mass enters the orifice, the internal energy carried by the gas mass is $N c_{v} T_{0}$, and the work done by the gas on the gas mass is $p_{0} V_{0}=N k T_{0}$. When the gas mass exits the orifice, the internal energy is $N c_{v} T$, the work done externally is $p V=N k T$, and the kinetic energy is $\frac{1}{2} N m v^{2}$. Therefore, we have
$$
c_{\mathrm{p}} T_{0}=c_{\mathrm{p}} T+\frac{1}{2} m v^{2}
$$
where
$$
c_{\mathrm{p}}=c_{\mathrm{v}}+k=\frac{\gamma}{\gamma-1} k, \quad \gamma=c_{\mathrm{p}} / c_{\mathrm{v}}
$$
Noting that $c^{2}=(\partial P / \partial \rho)_{s}=\gamma \frac{k T}{m}$, where $c$ is the speed of sound, we can obtain
$$
\frac{T_{0}}{T}=1+\frac{\gamma-1}{2} M^{2}
$$
For argon, $\gamma=5 / 3$, or $\frac{T_{0}}{T}=1+\frac{M^{2}}{3}$.",\boxed{\frac{T_{0}}{T}=1+\frac{M^{2}}{3}},EQ,,False,EN,Math Derivation
3206,Mechanics and Thermodynamics,Statistical Mechanics,Kinetic Theory of Gases,"A thin-walled container with a volume $V$ contains $N_0$ ideal gas molecules and is maintained at a constant temperature. Starting from time $t=0$, the molecules inside the container escape through a small hole of area $A$ on the wall. Assuming that the pressure outside the container can be neglected, calculate the number of molecules escaping per unit time through the small hole of area $A$. Express the result in terms of $N_0$, $A$, $V$, and the average speed $\bar{v}$.","According to the Maxwell speed distribution, the number of particles colliding with the unit area of the wall per unit time is given by $\frac{1}{4} n \bar{v}$, where $n$ is the particle number density, and $\bar{v}$ is the average speed. Therefore, the number of molecules escaping per unit time through the small hole of area $A$ is

$$
-\frac{\mathrm{d} N}{\mathrm{d} t} = \frac{A}{4} n \bar{v} = \frac{A}{4 V} N \bar{v}
$$",\boxed{\frac{A}{4V} N_{0} \bar{v}},EX,,False,EN,Practical Application
3207,Mechanics and Thermodynamics,Statistical Mechanics,Kinetic Theory of Gases,"Find the current density of a charged particle in a weak electric field and prove that the conductivity \(\sigma=n e^{2} \bar{\tau}_{0} / m\), where \(\bar{\tau}_{0}\) is the average relaxation time.","The current density is

\[
\begin{align*}
j_{z} & = e \int v_{z} f \, \mathrm{d}v = e \int_{-\infty}^{\infty} v_{z} f(v_{z}) \, \mathrm{d}v_{z} \\
& = e \int_{-\infty}^{\infty} v_{z} f_{0}(v_{z}) \, \mathrm{d}v_{z} - e \int_{-\infty}^{\infty} v_{z} \frac{e E_{z} \tau_{0}}{m} \frac{\partial f_{0}}{\partial v_{z}} \, \mathrm{d}v_{z} = \frac{e^{2}}{m} n \bar{\tau}_{0} E_{z} \tag{7}
\end{align*}
\]

where \(\bar{\tau}_{0}\) is the average relaxation time. Generally, \(\tau_{0}\) is a slowly varying function of \(v_{z}\). Since we are only concerned with first-order small quantities, in the integration, we have replaced \(\tau_{0}\) with \(\bar{\tau}_{0}\). From equation (7), it can be obtained that the conductivity \(\sigma=j_{z} / E_{z}\) is

\[
\sigma=\frac{e^{2}}{m} n \bar{\tau}_{0} \tag{8}
\]",\boxed{\sigma = \frac{e^{2}}{m} n \bar{\tau}_{0}},EQ,,False,EN,Math Derivation
3208,Mechanics and Thermodynamics,Statistical Mechanics,Ensemble Theory,"A crystal lattice composed of Ising spins, where each position can take spin values $s_{l}= \pm 1$, has a Hamiltonian given by 

$$
H=-J \sum_{l, l^{\prime}} s_{l} s_{l^{\prime}}-\mu_{B} H_{0} \sum_{l} s_{l}
$$

when subjected to an external field $\boldsymbol{H}=\left(0,0, H_{0}\right)$. Here, $J>0$ is a constant, and $\sum_{l, l'}$ denotes a sum over all nearest neighbor positions (each position has $P$ nearest neighbors).

As $T \rightarrow T_{\mathrm{c}}$, $m\left(T, H_{0}=0\right) \approx$ constant. $\left(1-\frac{T}{T_{\mathrm{c}}}\right)^{\beta}$, find the critical exponent $\beta$.","When $H_{0}=0$, we have

$$
m=\tanh \left(\frac{T_{\mathrm{c}}}{T} m\right)
$$

As $T \rightarrow T_{\mathrm{c}}$, applying the Taylor expansion gives

$$
m \propto \text { const }\left(1-\frac{T}{T_{\mathrm{c}}}\right)^{1 / 2}
$$

Therefore,

$$
\beta=\frac{1}{2}
$$",\boxed{\frac{1}{2}},NV,,False,EN,Laws Application
3210,Mechanics and Thermodynamics,Statistical Mechanics,Kinetic Theory of Gases,"The typical method of forming a molecular beam is to create a small hole in the wall, allowing molecules to effuse into the vacuum outside. The total intensity of the molecular beam is defined as the number of molecules escaping per unit time. Determine the change in the total intensity of the molecular beam when the gas pressure remains constant, and the temperature increases fourfold.","The total intensity of the molecular beam is given by

$$
I=\frac{1}{4} n \bar{v} A
$$

where the molecular number density $n=p / k T$, $p$ is the pressure, and $T$ is the temperature; the average molecular speed $\bar{v}=\sqrt{\frac{8 k T}{\pi m}}$, $m$ is the molecular mass; and $A$ is the area of the small hole. Therefore, 

$$
I=\frac{1}{4} A p \sqrt{\frac{8}{\pi m k T}}
$$

With other factors unchanged, $p$ is constant, $T \rightarrow 4 T$, hence $I \rightarrow \frac{I}{2}$.",\boxed{\frac{I}{2}},EX,,False,EN,Laws Application
3211,Mechanics and Thermodynamics,Statistical Mechanics,Kinetic Theory of Gases,"Transport properties of a simple gas. The system of colliding hard spheres, as a simple model for atomic gases, can estimate many properties of atomic gases. The objective of this problem is to derive approximate expressions for the coefficients that qualitatively describe various phenomena. Represent the various coefficients using the following quantities: the Boltzmann constant $k$, temperature $T$, atomic radius $R$, atomic mass $m$, heat capacity per gram of substance $c$, and mass density $\rho$.  
(3) Derive the diffusion coefficient $D(\mathrm{cm}^{2} / \mathrm{s})$, which characterizes the system containing two types of gases, linking the rate of change of a particular gas's density with its density nonuniformity. Coefficients of order 1 can be neglected.","The mean free path $\lambda \approx m / (R^{2} \rho)$, and the average speed $\bar{v} \approx (k T / m)^{1 / 2}$.  

Assuming density $\rho(z)$ is nonuniform along the $z$ direction, the mass flux in the $z$ direction is:

$$
J_{z} \approx \rho \bar{v} - \left(\rho + \lambda \frac{\partial}{\partial z} \rho\right) \bar{v} \approx -\lambda \bar{v} \frac{\partial}{\partial z} \rho(z)
$$

Thus:

$$
D \approx \lambda \bar{v} \approx \frac{(m k T)^{1 / 2}}{R^{2} \rho}
$$",\(\boxed{\frac{(m k T)^{1 / 2}}{R^{2} \rho}}\),EX,,False,EN,Math Derivation
3214,Mechanics and Thermodynamics,Statistical Mechanics,Kinetic Theory of Gases,Consider a non-interacting non-relativistic electron gas. Find the density of states $N(E)$ (where $E$ is the energy) when particles are confined to move within a three-dimensional space of volume $V$.,"In a three-dimensional cube, the energy level is $E(n)=\frac{\hbar^{2}}{2 m}\left(\frac{\pi n}{L}\right)^{2}\left(L^{3}=V\right)$

$$
n^{2}=n_{x}^{2}+n_{y}^{2}+n_{z}^{2}
$$

where $n_{x}=1,2, \cdots, n_{y}=1,2, \cdots, n_{z}=1,2, \cdots$. The number of states between $n$ and $n+\mathrm{d} n$ is

$$
2 \times \frac{1}{8} \times 4 \pi n^{2} \mathrm{~d} n=\pi n^{2} \mathrm{~d} n
$$

Therefore,

$$
N(E)=\pi n^{2} \frac{\mathrm{~d} n}{\mathrm{~d} E}=\frac{V}{2 \pi^{2}}\left(\frac{2 m}{\hbar^{2}}\right)^{3 / 2} E^{1 / 2}
$$","\[
\boxed{\frac{V}{2 \pi^{2}}\left(\frac{2 m}{\hbar^{2}}\right)^{3 / 2} E^{1 / 2}}
\]",EX,,False,EN,Math Derivation
3215,Mechanics and Thermodynamics,Statistical Mechanics,Kinetic Theory of Gases,"Given that the molecular weights of argon and helium are $m_{\mathrm{A}}=40$ and $m_{\mathrm{He}}=4$, respectively, and their viscosity coefficients under standard conditions are $\eta_{\mathrm{A}}=21.0 \times 10^{-6} \, \mathrm{kg} \cdot \mathrm{s}^{-1} \cdot \mathrm{m}^{-1}$ and $\eta_{\mathrm{He}}=18.8 \times 10^{-6} \, \mathrm{kg} \cdot \mathrm{s}^{-1} \cdot \mathrm{m}^{-1}$, respectively. Find the ratio of the thermal conductivities of argon and helium under standard conditions.","Given that the thermal conductivity $\kappa = c_{v} \eta$, where $c_{v}$ is the specific heat capacity at constant volume per unit mass, the ratio of the thermal conductivities of argon and helium under standard conditions is

\[
\frac{\kappa_{\mathrm{A}}}{\kappa_{\mathrm{He}}} = \frac{m_{\mathrm{He}}}{m_{\mathrm{A}}} \cdot \frac{\eta_{\mathrm{A}}}{\eta_{\mathrm{He}}} = 0.112 \tag{3}
\]",\boxed{0.112},NV,,False,EN,Practical Application
3216,Mechanics and Thermodynamics,Statistical Mechanics,Kinetic Theory of Gases,A degenerate electron system reaches thermal equilibrium at a very low temperature under the combined influence of density gradient and electric field. How does the Fermi energy $E_{\mathrm{F}}$ depend on the electron density $n$?,"From

$$
N=2 \cdot \frac{V}{(2 \pi \hbar)^{3}} \cdot \frac{4}{3} \pi p_{\mathrm{F}}^{3}=2 \cdot \frac{V}{(2 \pi \hbar)^{3}} \cdot \frac{4}{3} \pi\left(2 m E_{\mathrm{F}}\right)^{3 / 2}
$$

we obtain the Fermi energy as

$$
E_{\mathrm{F}}=\left(3 \pi^{2}\right)^{2 / 3} \hbar^{2} n^{2 / 3} / 2 m
$$",\boxed{E_{\mathrm{F}} = \frac{\hbar^2}{2m} (3\pi^2)^{\frac{2}{3}} n^{\frac{2}{3}}},EQ,,False,EN,Math Derivation
3217,Mechanics and Thermodynamics,Statistical Mechanics,Kinetic Theory of Gases,"In a container, a mixed gas with temperature $T$ and pressure $p$ escapes into the vacuum through a small hole with an area of $A$ on the container's wall, assuming the radius of the hole is much smaller than the mean free path of the gas. If the gas is mixed, does the relative rate of mass escape depend solely on the relative composition?","If it is a mixed gas, each component gas satisfies its respective Maxwell distribution. From the results above, it is known that the relative rate of mass escape $\left(M_{1}^{\prime}+M_{2}^{\prime}\right) /\left(M_{1}+M_{2}\right)$ depends not only on the relative composition but also on the mass of the gas molecules (mean velocity).",\boxed{\text{No}},TF,,False,EN,Laws Application
3218,Mechanics and Thermodynamics,Statistical Mechanics,Bose-Einstein Statistics,"Consider a photon gas with volume $V$ at temperature $T$. The rest mass of a photon is zero, i.e., $\varepsilon = p c$. What is the chemical potential of the photon gas? Why?","The chemical potential of the photon gas is zero. This is because, at a given temperature and volume, the number of photons is not conserved, and there is no Lagrange multiplier $\alpha = -\beta \mu$ introduced due to the conservation of photon number. From $\alpha = 0$, we obtain $\mu = 0$.",\boxed{0},NV,,False,EN,Knowledge Recall
3221,Mechanics and Thermodynamics,Statistical Mechanics,Ensemble Theory,"(2) Provide the relationship between the specific heat of a system and $\frac{\partial^{2} \ln z}{\partial \beta^{2}}$, where $\beta=\frac{1}{k T}$.","The internal energy of the system $\quad \bar{E}=-\frac{\partial}{\partial \beta} \ln z$

$$
c_{v}=\frac{\partial \bar{E}}{\partial T}=-k \beta^{2} \frac{\partial}{\partial \beta} \bar{E}=k \beta^{2} \frac{\partial^{2}}{\partial \beta^{2}} \ln z
$$",\boxed{c_{v} = k \beta^{2} \frac{\partial^{2}}{\partial \beta^{2}} \ln z},EQ,,False,EN,Math Derivation
3224,Mechanics and Thermodynamics,Statistical Mechanics,Maxwell-Boltzmann Statistics,"Consider a heteronuclear diatomic molecule with a moment of inertia $I$. Applying quantum statistical mechanics, the energy levels of the system are given by

$$
E_{j}=\frac{\hbar^{2}}{2 I} j(j+1), \quad j=0, 1, 2, \cdots
$$

and each energy level $j$ is $(2j+1)$-fold degenerate. Find the partition function $Z$ and the average energy $\bar{E}$ of the system.","For quantum statistics

$$
\begin{gathered}
Z=\sum_{j=0}^{\infty} (2j+1) \exp \left[-\frac{\beta \hbar^{2}}{2 I} j(j+1)\right], \\
\bar{E}=-\frac{1}{Z} \frac{\partial Z}{\partial \beta} = \frac{\sum_{j=0}^{\infty} (2j+1) \frac{\hbar^{2}}{2 I} j(j+1) \exp \left[-\frac{\beta \hbar^{2}}{2 I} j(j+1)\right]}{\sum_{j=0}^{\infty} (2j+1) \exp \left[-\frac{\beta \hbar^{2}}{2 I} j(j+1)\right]}.
\end{gathered}
$$","\boxed{Z=\sum_{j=0}^{\infty} (2j+1) \exp \left[-\frac{\beta \hbar^{2}}{2 I} j(j+1)\right], \, \bar{E}=\frac{\sum_{j=0}^{\infty} (2j+1) \frac{\hbar^{2}}{2 I} j(j+1) \exp \left[-\frac{\beta \hbar^{2}}{2 I} j(j+1)\right]}{\sum_{j=0}^{\infty} (2j+1) \exp \left[-\frac{\beta \hbar^{2}}{2 I} j(j+1)\right]}}","EX, EX",,True,EN,Laws Application
3226,Mechanics and Thermodynamics,Statistical Mechanics,Kinetic Theory of Gases,"Under the combined influence of a density gradient and an electric field, a degenerate electron system reaches thermal equilibrium at a very low temperature. How is the chemical potential $\mu$ related to the Fermi energy $E_{\mathrm{F}}$ and the electrostatic potential $\phi(x)$ of this system?","From the distribution $n_{\varepsilon}=\left\{\mathrm{e}^{[\varepsilon-\mu-e \phi(x)] / k T}+1\right\}^{-1}$, it follows that $E_{\mathrm{F}}=\mu+e \phi(x)$.",\boxed{E_{\mathrm{F}} = \mu + e \phi(x)},EQ,,False,EN,Math Derivation
3227,Mechanics and Thermodynamics,Statistical Mechanics,Fermi-Dirac Statistics,"For a highly degenerate relativistic Fermi gas, the grand potential \(J=-p V\) is given by

\[
J(T, V, \mu)=-a\left(\frac{1}{12} \mu^{4}+\frac{\pi^{2}}{6 \beta^{2}} \mu^{2}+\frac{7 \pi^{4}}{180 \beta^{4}}\right)
\]

where \(a=4 \pi g V / h^{3} c^{3}\), \(g\) is the degeneracy factor related to ""internal structure"" (such as spin), \(c\) is the speed of light, \(\beta=1 / k T\), \(T\) and \(\mu\) are the temperature and chemical potential of the gas respectively, and \(k\) is the Boltzmann constant. Find the enthalpy of the highly degenerate relativistic Fermi gas.","Using Equation (8), for a highly degenerate relativistic Fermi gas, the enthalpy \(H=U+p V=4 U / 3\), we obtain

\[
H=N \mu_{0}\left(1+\frac{2}{3} \theta^{2}+\frac{11}{45} \theta^{4}\right) \tag{11}
\]",\boxed{N \mu_{0}\left(1+\frac{2}{3} \theta^{2}+\frac{11}{45} \theta^{4}\right)},EX,,False,EN,Laws Application
3230,Mechanics and Thermodynamics,Statistical Mechanics,Ensemble Theory,"Sub-problem 2:**
For an ideal gas composed of nearly independent particles, use Boltzmann statistical integrals and the relation of gas entropy to derive the relationship between the gas pressure \(p\), volume \(V\), temperature \(T\), and the logarithm of the grand partition function \(\ln \Xi\) as \(p V = k T \ln \Xi\). Assume:
1. \(E\) and \(N\) are the energy and the number of particles of the gas, respectively.
2. The energy distribution is \(\{\varepsilon_{i}, g_{i}, N_{i}\}\).
3. The number of gas particles is \(N = \sum_{i} N_{i}\).
4. The energy of the gas is \(E = \sum_{i} N_{i} \varepsilon_{i}\).

Consider a Boltzmann gas: assume \(N_{i} \gg 1\), the number of microstates \(W\) satisfies:
\[ 
W = \prod_{i} \frac{g_{i}^{N_{i}}}{N_{i}!} 
\]","Using equations (5) to (7), the possible distribution is:
\[
N_{i} = g_{i} \exp \left(-\alpha-\beta \varepsilon_{i}\right)
\]
The entropy of the gas is:
\[
S = k \ln W = k \sum_{i}\left[N_{i} \ln g_{i} - N_{i} \ln N_{i} + N_{i}\right] = \alpha k N + \beta k E + k \ln \Xi 
\]
Using the grand Gibbs function relation defined in the equations: \(p V = G - E + T S\), and the expression for entropy, we obtain:
\[
p V = k T \ln \Xi
\]",\boxed{p V = k T \ln \Xi},EQ,,False,EN,Math Derivation
3231,Mechanics and Thermodynamics,Statistical Mechanics,Bose-Einstein Statistics,"The fugacity of a non-degenerate Bose gas is given by $y=(n / g) \cdot\left(h^{2} / 2 \pi m k T\right)^{3 / 2} \ll 1$, where $n=N / V$ is the particle number density of the gas, $m$ is the mass of the particles, and $g$ is the weight factor or degree of degeneracy associated with the ""internal structure"" (such as spin). For a weakly degenerate Bose gas, the fugacity $\lambda=\exp (\beta \mu)=\exp (-\alpha)<1$, where $\alpha=-\beta \mu, \beta=1 / k T$. We can express this as:

$$
\lambda=a_{1} y+a_{2} y^{2}+a_{3} y^{3}+\cdots
$$

Find the expansion coefficients $a_{1}, a_{2}, a_{3}$.","Let $\varepsilon_{l}$ and $g_{l}$ be the energy and degeneracy of the single-particle energy level $l$, respectively. Then, the logarithm of the grand partition function of an ideal Bose gas is:

\[
\ln \Xi=-\sum_{l} g_{l} \ln \left[1-\lambda \exp \left(-\beta \varepsilon_{l}\right)\right]=-\int_{0}^{\infty} D(\varepsilon) \ln [1-\lambda \exp (-\beta \varepsilon)] \mathrm{d} \varepsilon 
\]

Under the weak degeneracy condition, $\lambda<1, x=\lambda \exp (-\beta \varepsilon)<1$. Using the expansion:

$$
\ln (1-x)=-\sum_{l=1}^{\infty} \frac{x^{l}}{l}
$$

The above equation can be rewritten as:

\[
\ln \Xi=\frac{N}{y} \sum_{l=1}^{\infty} \frac{\lambda^{l}}{l^{5 / 2}}
\]

By using the above equation, the number of particles in the gas can be expressed as:

\[
N=-\left(\frac{\partial \ln \Xi}{\partial \alpha}\right)_{\beta, V}=\lambda\left(\frac{\partial \ln \Xi}{\partial \lambda}\right)_{\beta, V}=\frac{N}{y} \sum_{l=1}^{\infty} \frac{\lambda^{l}}{l^{3 / 2}}
\]

Thus, we derive:

\[
y=\sum_{l=1}^{\infty} \frac{\lambda^{l}}{l^{3 / 2}} 
\]

Solve $\lambda=\sum_{l=1}^{\infty} a_{l} y^{l}$ and compare the coefficients of the same power of $y$, leading to the expansion coefficients:

\[
\begin{gather*}
a_{1}=1 \\
a_{2}=-\frac{1}{2 \sqrt{2}} \approx -0.3536 \\
a_{3}=\frac{1}{4}-\frac{1}{3 \sqrt{3}} \approx 0.05755 
\end{gather*}
\]","\boxed{a_{1}=1, a_{2}=-\frac{1}{2 \sqrt{2}}, a_{3}=\frac{1}{4}-\frac{1}{3 \sqrt{3}}}",EQ,,True,EN,Math Derivation
3234,Mechanics and Thermodynamics,Statistical Mechanics,Kinetic Theory of Gases,"A two-dimensional ideal gas at temperature $T$ consists of $N$ monoatomic particles each with mass $M$. The gas can only move in the $xy$ plane, such that the pressure $p$ is defined as the force per unit length (rather than area).  
(2) Provide the equation of state.","(2) First, determine the number of molecules hitting the wall using the Maxwell distribution

$$
f \mathrm{~d} v_{x} \mathrm{~d} v_{y} = \frac{M N}{2 \pi k T} \mathrm{e}^{-\frac{M}{2 k T}\left(v_{x}^{2}+v_{y}^{2}\right)} \mathrm{d} v_{x} \mathrm{~d} v_{y}
$$

The pressure is

$$
p = \iint \frac{2 M v_{x}^{2}}{A} f \mathrm{~d} v_{x} \mathrm{~d} v_{y} = \frac{N}{A} k T = n k T
$$

Therefore, the equation of state is $p A = N k T$.",\boxed{p A = N k T},EQ,,False,EN,
3235,Mechanics and Thermodynamics,Statistical Mechanics,Maxwell-Boltzmann Statistics,"A centrifuge with a radius \(R\) and length \(L\) contains \(N\) molecules each with mass \(M\), rotating around its axis with an angular velocity \(\omega\). Ignore the effects of gravity and assume that the rotation time is sufficient for the particles to reach equilibrium. Solve for the energy of the particles at a radial position \emph{r} in the stationary system \(S\) and the energy of stationary particles in the rotating system \(S^{\prime}\).","In the stationary system \(S\), the energy \(E(r)\) is independent of the radial position. In the rotating system \(S^{\prime}\), the energy of a stationary particle is

\[ 
E(r)=\frac{1}{2} M r^{2} \omega^{2} 
\]",\boxed{E(r)=\frac{1}{2} M r^{2} \omega^{2}},EX,,False,EN,Laws Application
3237,Mechanics and Thermodynamics,Statistical Mechanics,Kinetic Theory of Gases,"A two-dimensional ideal gas at a temperature $T$ consists of $N$ atoms, each with a mass $M$. The gas can only move in the $xy$ plane, and in this scenario, the pressure $p$ is the force per unit length (not area).  
(1) Provide the expression $f(\boldsymbol{v}) \mathrm{d} \boldsymbol{v}$, which represents the number of gas molecules within the range $\boldsymbol{v} \sim \boldsymbol{v}+\mathrm{d} \boldsymbol{v}$ (assuming the classical limit can be used);","(1) According to the Maxwell velocity distribution,

$$
f \mathrm{~d} v \propto \mathrm{e}^{-\frac{M}{2 k T}\left(v_{x}^{2}+v_{y}^{2}\right)} \mathrm{d} v_{x} \mathrm{~d} v_{y}
$$

Therefore, we have

$$
f \mathrm{~d} v = c \mathrm{e}^{-\frac{M v^{2}}{2 k T}} v \mathrm{~d} v
$$

where $c = \frac{M N}{k T}$ is the normalization constant, determined by

$$
N = \int_{0}^{\infty} f \mathrm{~d} v
$$

Thus,

$$
f \mathrm{~d} v = \frac{M N}{k T} v \mathrm{e}^{-\frac{M v^{2}}{2 k T}} \mathrm{~d} v
$$",\boxed{\frac{M N}{k T} v \mathrm{e}^{-\frac{M v^{2}}{2 k T}} \mathrm{d} v},EX,,False,EN,Math Derivation
3243,Mechanics and Thermodynamics,Statistical Mechanics,Maxwell-Boltzmann Statistics,"A metal wire with length \( l \), mass per unit length \(\mu\), has its two ends fixed and is under tension with a coefficient of \(\tau\), reaching thermal equilibrium with a heat reservoir at temperature \( T \). Determine the root mean square fluctuation of the midpoint of this wire according to classical statistics, considering all vibration modes. A useful series is:

\[
\sum_{m=0}^{\infty}(2m+1)^{-2} = \pi^{2} / 8
\]","Given a metal wire of length \( l \) and mass per unit length \(\mu\), with its two ends fixed and tension coefficient \(\tau\). Firstly, we derive the equation of motion for the wire. When the wire element \(\Delta x\) undergoes a transverse displacement \(\mathrm{d}y\), the force experienced by it is

\[
f = \left.\tau \frac{\mathrm{d} y}{\mathrm{~d} x}\right|_{x+\Delta x} - \left.\tau \frac{\mathrm{d} y}{\mathrm{~d} x}\right|_{x} = \tau \frac{\mathrm{d}^{2} y}{\mathrm{~d} x^{2}} \Delta x
\]

According to Newton's law, we have

\[
f = \mu \Delta x \frac{\mathrm{~d}^{2} y}{\mathrm{~d} t^{2}}
\]

Substituting the above into the equation gives

\[
\frac{\mathrm{d}^{2} y}{\mathrm{~d} t^{2}} = \frac{\tau}{\mu} \frac{\mathrm{d}^{2} y}{\mathrm{~d} x^{2}}
\]

Solving this wave equation, the vibrations of the wire satisfy the boundary conditions \( y(x=0) = y(x=l) = 0 \) and take the form:

\[
y_{n}(x, t) = A_{n} \sin (\omega_{n} t + \alpha) \sin (k_{n} x)
\]

According to the vibration frequency and wave number:

\[
\omega_{n}^{2} / k_{n}^{2} = \tau / \mu
\]
\[
k_{n} = n \pi / l
\]

Thus, for symmetric vibration modes we only consider odd values of \( n \), i.e., \( n=2m+1, m=0,1,2,\cdots \). In terms of energy distribution, the energy of each mode is determined by its maximum kinetic energy, and in thermal equilibrium, the equipartition theorem gives:

\[
\overline{E_{n}} = k_{\mathrm{B}} T
\]

Hence, the average amplitude of this mode is:

\[
\overline{A_{n}^{2}} = \frac{4 l k_{\mathrm{B}} T}{\tau \pi^{2} n^{2}}
\]

Furthermore, using these formulas, calculate the mean square value of the displacement of the wire's midpoint \( x=l/2 \):

\[
\overline{y_{\text{mid}}^{2}} = \frac{l k_{\mathrm{B}} T}{4 \tau}
\]

Finally, the root mean square value of the displacement of the wire's midpoint is:

\[
y_{\mathrm{rms}} = \frac{1}{2} \sqrt{\frac{l k_{\mathrm{B}} T}{\tau}}
\]",\boxed{\frac{1}{2} \sqrt{\frac{l k_{\mathrm{B}} T}{\tau}}},NV,,False,EN,Math Derivation
3247,Mechanics and Thermodynamics,Statistical Mechanics,Kinetic Theory of Gases,"A charged particle system in a container $V$ is placed in a constant electric field $E$ along the $z$ direction and is in thermal equilibrium at temperature $T$. When equilibrium is reached, the total flux is zero, thereby establishing the Einstein relation

$$
\mu = \frac{e}{k} \frac{D}{T}
$$","At equilibrium, the total flux is zero, i.e., $J_{D} + J_{\mu} = 0$, thus the mobility $\mu = \frac{e D}{k T}$.",\boxed{\mu = \frac{e D}{k T}},EQ,,False,EN,Laws Application
3249,Mechanics and Thermodynamics,Statistical Mechanics,Maxwell-Boltzmann Statistics,"A cylindrical container with height \( L \) and cross-sectional area \( A \) is filled with a classical ideal gas, where the molecular mass is \( m \). Influenced by a gravitational field, the gravitational acceleration is constant \( g \). Assuming the system is in thermal equilibrium, examine the limiting behavior of the average isochoric specific heat per molecule as \( T \rightarrow 0 \, \text{K} \) and \( T \rightarrow \infty \).","The limiting behavior is

\[ 
c_{\mathrm{v}} = \left\{
\begin{array}{ll}
\frac{5}{2} k, & T \rightarrow 0 \, \text{K} \\
\frac{3}{2} k, & T \rightarrow \infty
\end{array}
\right.
\]

where \( k \) is the Boltzmann constant.","\boxed{\frac{5}{2} k, \frac{3}{2} k}","NV, NV","None, None",True,EN,Laws Application
3250,Mechanics and Thermodynamics,Statistical Mechanics,Kinetic Theory of Gases,"Write the probability density \(P\left(v_{x}, v_{y}, v_{z}\right)\) of the Maxwell velocity distribution for a velocity \(v\), temperature \(T\), and molecular mass \(M\).","The probability density of the Maxwell velocity distribution is

\[
P\left(v_{x}, v_{y}, v_{z}\right)=\left(\frac{M}{2 \pi k T}\right)^{3 / 2} \mathrm{e}^{-\frac{M}{2 k T}\left(v_{x}^{2}+v_{y}^{2}+v_{z}^{2}\right)}
\]",\boxed{\left(\frac{M}{2 \pi k T}\right)^{3 / 2} \mathrm{e}^{-\frac{M}{2 k T}\left(v_{x}^{2}+v_{y}^{2}+v_{z}^{2}\right)}},EX,,False,EN,Knowledge Recall
3251,Mechanics and Thermodynamics,Statistical Mechanics,Kinetic Theory of Gases,"The equation of state and the constant-volume heat capacity of an interacting atomic gas are given by the following equations:

$$
\begin{aligned}
p(T, V) &= a T^{1/2} + b T^{3} + c V^{-2}, \\
c_{\mathrm{v}}(T, V) &= d T^{1/2} V + e T^{2} V + f T^{1/2}
\end{aligned}
$$

where \(a \sim f\) are constants that are independent of \(T\) and \(V\).  
(1) Express the differential of internal energy \(\mathrm{d} U(T, V)\) in terms of \(\mathrm{d} T\) and \(\mathrm{d} V\).","(1) \(\mathrm{d} U(T, V) = c_{\mathrm{v}} \mathrm{d} T + \left(\frac{\partial U}{\partial V}\right)_{T} \mathrm{d} V\)

$$
= \left(d T^{1/2} V + e T^{2} V + f T^{1/2}\right) \mathrm{d} T - \left(\frac{a}{2} T^{1/2} V^{-2} + 2b T^{3} - c V^{-3}\right) \mathrm{d} V
$$

In this equation, the relationship \(p = \left(\frac{\partial F}{\partial V}\right)_{T} = \left(\frac{\partial U}{\partial V}\right)_{T} - T\left(\frac{\partial p}{\partial T}\right)_{V}\) is utilized.","\boxed{\mathrm{d} U(T, V) = \left(d T^{1/2} V + e T^{2} V + f T^{1/2}\right) - \left(\frac{a}{2} T^{1/2} V^{-2} + 2b T^{3} - c V^{-3}\right)}",EQ,\mathrm{None},False,EN,Math Derivation
3252,Mechanics and Thermodynamics,Statistical Mechanics,Fermi-Dirac Statistics,"The electrons in a solid metal can be regarded as a three-dimensional free electron gas. Derive the allowable values of the wave number \( k \), and illustrate the Fermi sphere shell in \(\boldsymbol{k}\)-space (assuming periodic boundary conditions with a length \( L \)).","The periodic boundary conditions require that the length \( L \) of the container is an integer multiple of the De Broglie wavelength \(\lambda\) for the possible motion states of the particle, i.e.,

\[
L = n_{x} \lambda, \quad n_{x}=0,1,2, \cdots
\]

Using the relation between wave number and wavelength \( k_{x}=\frac{2 \pi}{\lambda} \), and considering there are two propagation directions in each dimension, the allowable values of \( k_{x} \) are given by

\[
k_{x}=\frac{2 \pi}{L} n_{x}, \quad n_{x}=0, \pm 1, \pm 2, \cdots
\]

Similarly, we have

\[
\begin{array}{ll}
k_{y}=\frac{2 \pi}{L} n_{y}, & n_{y}=0, \pm 1, \pm 2, \cdots \\
k_{z}=\frac{2 \pi}{L} n_{z}, & n_{z}=0, \pm 1, \pm 2, \cdots
\end{array}
\]

\[
<image 1>
\]

Figure 9.7

Thus, the energy \(\varepsilon=\frac{p^{2}}{2 m}=\frac{\hbar^{2} k^{2}}{2 m}\) is discrete. The Fermi sphere shell is illustrated in Figure 9.7.","\boxed{k_x = \frac{2 \pi}{L} n_x, k_y = \frac{2 \pi}{L} n_y, k_z = \frac{2 \pi}{L} n_z}",EQ,"None, None, None",True,EN,
3253,Mechanics and Thermodynamics,Statistical Mechanics,Kinetic Theory of Gases,"In a container $V$, a charged particle system is placed in a constant electric field $E$ along the $z$ direction and is in thermal equilibrium at temperature $T$. Assume that the diffusion coefficient of this system is $D$. Using the definition of $D$ and results from the previous section, calculate the diffusion flux $J_{D}$.","According to the definition

$$
J_{D} = -D \frac{\mathrm{d} n(z)}{\mathrm{d} z} = D \frac{e E}{k T} n(z) = D \frac{e E}{k T} n_{0} \exp\left(-\frac{e E z}{k T}\right)
$$",\boxed{D \frac{e E}{k T} n_{0} \exp\left(-\frac{e E z}{k T}\right)},EX,,False,EN,Laws Application
3254,Mechanics and Thermodynamics,Statistical Mechanics,Maxwell-Boltzmann Statistics,"A piece of metal can be considered an electron source with a work function of $W = 4 \text{ eV}$. We only consider the ground state of $\mathrm{H}$ (which can accommodate a maximum of two electrons), with the dissociation energy of the ground state electron being $\varepsilon_{1} = 13.6 \text{ eV}$, and the electron affinity being $\varepsilon_{2} = 0.6 \text{ eV}$. At thermal equilibrium between the hydrogen atoms and the metal at $T = 300 \text{ K}$, if the probabilities of $\mathrm{H}^{0}$ and $\mathrm{H}^{-}$ are equal, what should the work function be?","If $P_{\mathrm{H}^{0}} = P_{\mathrm{H}^{-}}$, i.e., $[\mathrm{H}^{0}] = [\mathrm{H}^{-}]$, we have

$$
W = -\mu_{\mathrm{e}} = \varepsilon_{2} - k T \ln 2 \approx \varepsilon_{2} = 0.6 \text{ eV}
$$",\boxed{0.6},NV,\text{eV},False,EN,Laws Application
3255,Mechanics and Thermodynamics,Statistical Mechanics,Kinetic Theory of Gases,"If a macroscopic small object is placed in a fluid with temperature \(T\), prove that due to the collisions with fluid molecules, the small object will experience a damping force: \(-\gamma v\) (where \(\gamma\) is the viscosity) and a random force \(f(t)\), such that the equation of motion is:

\[ m \frac{\mathrm{d} v}{\mathrm{~d} t}=-\gamma v+f(t) \]

where \(\overline{f(t)}=0\), \(\overline{f(t) f(t^{\prime})}=a \delta(t-t^{\prime})\). Determine \(a\).","Due to the thermal motion of fluid molecules, the force on the small object can be attributed to a damping force: \(-\gamma v\) (where \(\gamma\) is the viscosity) and a random force \(f(t)\), with \(\overline{f(t)}=0\), \(\overline{f(t) f(t^{\prime})}=a \delta(t-t^{\prime})\), where \(a\) is to be determined. The equation of motion for the small object is

\[ m \frac{\mathrm{d} v}{\mathrm{~d} t}=-\gamma v+f(t) \]

Suppose \(v(0)=0\), then

\[ v(t)=\int_{0}^{t} \mathrm{d}s \, \mathrm{e}^{-(t-s) \beta} F(s) \]

where \(t>0\), \(\beta=\gamma / m\), and \(F(t)=f(t) / m\). Therefore,

\[
\begin{aligned}
\overline{v(t) v(t^{\prime})} 
&= \int_{0}^{t} \mathrm{d}s \int_{0}^{t^{\prime}} \mathrm{d}s^{\prime} \, \mathrm{e}^{-(t-s) \beta-(t^{\prime}-s^{\prime}) \beta} \overline{F(s) F(s^{\prime})} \\
&= \frac{a}{m^{2}} \int_{0}^{t} \mathrm{d}s \int_{0}^{t^{\prime}} \mathrm{d}s^{\prime} \, \mathrm{e}^{-(t+t^{\prime}) \beta+(s+s^{\prime}) \beta} \delta(s-s^{\prime}) \\
&= \frac{a}{m^{2}} \mathrm{e}^{-(t+t^{\prime}) \beta} \int_{0}^{\min(t, t^{\prime})} \mathrm{d}s \, \mathrm{e}^{2 \beta s} \\
&= \frac{a}{m^{2}} \mathrm{e}^{-(t+t^{\prime}) \beta} \frac{1}{2 \beta} \exp\left[2 \beta \min(t, t^{\prime})\right] \\
&= \frac{a}{2 \beta m^{2}} \exp\left(-\beta |t-t^{\prime}|\right)
\end{aligned} 
\]

At thermal equilibrium, \(\langle v^2(t)\rangle = \frac{k T}{m}\), so

\[ a = 2 \beta m k T = 2 \gamma k T \]",\boxed{2 \gamma k T},NV,,False,EN,Math Derivation
3256,Mechanics and Thermodynamics,Statistical Mechanics,Kinetic Theory of Gases,"Sound waves propagating in a gas cause periodic changes in temperature. The effects of thermal conductivity can eliminate these changes, but it is generally assumed that the fluctuations are adiabatic, meaning the thermal conductivity is very slow. According to the kinetic theory of gas molecules, the thermal conductivity coefficient is given by $\kappa \approx c_{v} \bar{v} l$, where $c_{v}$ is the specific heat capacity per unit volume, $\bar{v}$ is the average thermal speed, and $l$ is the mean free path. Determine the condition for $\lambda$ where thermal conductivity loses its effect.",The condition for thermal conductivity to lose its effect is $\frac{\delta T}{\Delta T} \ll 1$. This requires that $\lambda \gg l$.,"\boxed{(\lambda, \infty)}",IN,,False,EN,Practical Application
3258,Mechanics and Thermodynamics,Statistical Mechanics,Fermi-Dirac Statistics,"At temperature $T \approx 0 \mathrm{~K}$, what is the relationship between the pressure $p$ and volume $V$ of an electron gas? Prove that at $T \approx 0 \mathrm{~K}$, the bulk modulus of the electron gas $B = -V \left(\frac{\partial p}{\partial V}\right)_{N}$ is $B = \frac{10}{9} \frac{E_{0}}{V}$.","The spin quantum number of an electron is $s=\frac{1}{2}$, and the spin degeneracy $g_{s}=2s+1=2$. The density of states for a three-dimensional electron gas is given by

\[
D(\varepsilon) = 4\pi V \left( \frac{2m}{h^{2}} \right)^{3/2} \sqrt{\varepsilon}
\]

At temperature $T \approx 0 \mathrm{~K}$, using $pV = \frac{2}{3} U$, and employing the previously derived equations (3) and (4), the pressure of the electron gas is

\[
p(T \approx 0 \mathrm{~K}) = \frac{2}{5} \cdot \frac{N \varepsilon_{\mathrm{F}}}{V} = \frac{Nh^{2}}{5m} \left(\frac{3N}{8\pi}\right)^{2/3} V^{-5/3}
\]

Therefore, at temperature $T \approx 0 \mathrm{~K}$, the bulk modulus of the electron gas is

\[
B = -V \left(\frac{\partial p}{\partial V}\right)_{N} = \frac{5}{3} p(T \approx 0 \mathrm{~K}) = \frac{10}{9} \frac{E_{0}}{V} = \frac{2}{3} \cdot \frac{N \varepsilon_{\mathrm{F}}}{V} = \frac{Nh^{2}}{3m} \left(\frac{3N}{8\pi}\right)^{2/3} V^{-5/3}
\]",\boxed{\frac{10}{9} \frac{E_{0}}{V}},NV,,False,EN,Math Derivation
3262,Mechanics and Thermodynamics,Statistical Mechanics,Fermi-Dirac Statistics,Determine the relationship of the chemical potential with temperature at low temperatures (where $\mu \gg kT$).,"The above equation implicitly determines the dependency of the chemical potential $\mu$ on temperature $T$, such that $\mu = \mu(T)$. At low temperatures, $\mu \gg kT$.

$$
\begin{aligned}
N & =\int_{0}^{\infty} \frac{D(E) \mathrm{d} E}{\mathrm{e}^{(E-\mu) / k T}+1}=\int_{0}^{\mu} D(E) \mathrm{d} E+\frac{\pi^{2}}{6}(k T)^{2} D^{\prime}(\mu)+\frac{7 \pi^{4}}{360}(k T)^{4} D^{\prime \prime \prime}(\mu)+\cdots \\
& \approx \frac{8 \pi V(2 m)^{3 / 2}}{3 h^{3}} \mu^{3 / 2}\left[1+\frac{\pi^{2}}{8}\left(\frac{k T}{\mu}\right)^{2}\right]
\end{aligned}
$$

Thus, we find that

$$
\mu \approx E_{\mathrm{F}}\left[1-\frac{\pi^{2}}{12}\left(\frac{k T}{E_{\mathrm{F}}}\right)^{2}\right]
$$

In this expression, $E_{\mathrm{F}} = \mu_{0} = \left(h^{2} / 2m\right) \cdot(3N / 8\pi V)^{2 / 3}$.",\boxed{\mu \approx E_{\mathrm{F}}\left[1-\frac{\pi^{2}}{12}\left(\frac{k T}{E_{\mathrm{F}}}\right)^{2}\right]},EX,,False,EN,Math Derivation
3264,Mechanics and Thermodynamics,Statistical Mechanics,Ensemble Theory,Discuss the conditions under which fermions or bosons can be treated as Boltzmann particles.,"When the non-degenerate condition $\mathrm{e}^{-\sigma} \approx \frac{N}{V}\left(\frac{h^{2}}{2 \pi m k T}\right)^{3 / 2} \ll 1$ is satisfied, the principle of indistinguishability is not significant, and both fermions and bosons can be treated as Boltzmann particles.",\boxed{\mathrm{e}^{-\sigma} \approx \frac{N}{V}\left(\frac{h^{2}}{2 \pi m k T}\right)^{3 / 2} \ll 1},EX,,False,EN,Knowledge Recall
3265,Mechanics and Thermodynamics,Statistical Mechanics,Fermi-Dirac Statistics,"Electrons in the energy band of an ideal crystal. The relationship between the electron's energy and momentum is isotropic, but not parabolic, and is given by $\varepsilon(k)=\sqrt{a+b k^{2}}$, where $\varepsilon$ and $k$ are the electron's energy and wave number, respectively, and $a$ and $b$ are two numerical factors. At $T \approx 0 \mathrm{~K}$, the conduction band and valence band are separated at $k=0$ by an energy gap $E_{\mathrm{g}}=2 \sqrt{a}$. Assuming the conduction and valence bands have mirror symmetric dispersion relations, photons with energy $2 E_{\mathrm{g}}$ can induce direct optical transitions between bands. Calculate the $k$ value corresponding to this transition.","The wave number corresponding to the optical transition is $k_{\mathrm{p}}$. The bottom of the conduction band and the top of the valence band are both located at wave number $k=0$, with an energy gap $E_{\mathrm{g}}=2 \sqrt{a}$ between them. The energy of the photon inducing the interband optical transition is $\varepsilon_{\mathrm{p}}=2 E_{\mathrm{g}}=4 \sqrt{a}$. The electron energy is given by $\varepsilon=\sqrt{a+b k^{2}}$. By equating the photon energy to twice the electron energy $\varepsilon_{\mathrm{p}}=2 \varepsilon$, we can find the wave number $k_{\mathrm{p}}$ as:

\[
k_{\mathrm{p}}=\sqrt{\frac{3 a}{b}} 
\]",\boxed{\sqrt{\frac{3a}{b}}},NV,,False,EN,Math Derivation
3267,Mechanics and Thermodynamics,Statistical Mechanics,Fermi-Dirac Statistics,"Given that \( D(E) \) is the density of states for a certain metal, and \( \mu \) is the chemical potential, provide the expression for the total number of electrons in this system at \( T \neq 0 \, \text{K} \).","At \( T \neq 0 \, \text{K} \),

$$
N=\int_{0}^{\infty} \frac{D(E)}{\mathrm{e}^{(E-\mu) / k T}+1} \, \mathrm{d} E
$$",\boxed{N=\int_{0}^{\infty} \frac{D(E)}{\mathrm{e}^{(E-\mu) / k T}+1} \mathrm{~d} E},EQ,,False,EN,Laws Application
3268,Mechanics and Thermodynamics,Statistical Mechanics,Bose-Einstein Statistics,"Classical physics' discussion of blackbody radiation historically posed a significant challenge. Now consider a simple model of an ideal blackbody: a cubic cavity with side length $L$, with a small hole on one side. Assuming the classical equipartition theorem holds, derive the average energy per unit volume and per unit frequency interval (this is the Rayleigh-Jeans law). How does this result deviate from experimental observations?","For any array formed by three positive integers ($n_{1}, n_{2}, n_{3}$), the thermal equilibrium electromagnetic field inside the cavity has two vibration modes, each with a frequency $\nu(n_{1}, n_{2}, n_{3}) = \frac{c}{2L}\left(n_{1}^{2} + n_{2}^{2} + n_{3}^{2}\right)^{1/2}$. Therefore, in the frequency interval $\Delta \nu$, there are $\left(\frac{4 \pi}{8} \nu^{2} \Delta \nu\right)\left(\frac{2 L}{c}\right)^{3} \cdot 2$ modes in total. According to the equipartition theorem of energy per degree of freedom, the energy density sought is

$$
u_{\nu} = \frac{1}{L^{3}} \frac{\mathrm{d} E}{\mathrm{~d} \nu} = \frac{1}{L^{3}} \cdot \frac{k T \cdot \frac{4 \pi}{8} \nu^{2} \Delta \nu \cdot \left(\frac{2 L}{c}\right)^{3} \cdot 2}{\Delta \nu} = \frac{8 \pi \nu^{2} k T}{c^{3}}
$$

When $\nu$ is very large, there is a deviation from the experimental results.",\boxed{8 \pi \nu^{2} k T / c^{3}},EX,,False,EN,Math Derivation
3272,Mechanics and Thermodynamics,Statistical Mechanics,Maxwell-Boltzmann Statistics,"A system has a volume \( V \) and energy \( E \). The system is composed of two localized subsystems, both of which are nearly independent. The number of particles in the two subsystems are \( N_{1} \) and \( N_{2} \), respectively. The energy and degeneracy of the single-particle energy levels are \( \varepsilon_{1 i}, g_{1 i} \) and \( \varepsilon_{2 j}, g_{2 j} \), and the occupation numbers of these levels are \(\{a_{1 i}\}\) and \(\{a_{2 j}\}\), respectively. Find the distribution \(\{\overline{a_{1 i}}\}, \{\overline{a_{2 j}}\}\) in thermodynamic equilibrium.","The system is composed of two localized subsystems, both of which are nearly independent. The number of particles in the two subsystems are \( N_{1} \) and \( N_{2} \), respectively; the energy and degeneracy of the single-particle energy levels are \( \varepsilon_{1 i}, g_{1 i} \) and \( \varepsilon_{2 j}, g_{2 j} \). The occupation numbers on these single-particle energy levels are \(\{a_{1 i}\}\) and \(\{a_{2 j}\}\), respectively. The distribution of the system in thermodynamic equilibrium is the most probable distribution, subject to the constraints of particle number and energy conservation:

\[
\begin{align*}
\sum_{i} a_{1 i} &= N_{1}  \tag{1}\\
\sum_{j} a_{2 j} &= N_{2}  \tag{2}\\
\sum_{i} a_{1 i} \varepsilon_{1 i} + \sum_{j} a_{2 j} \varepsilon_{2 j} &= E \tag{3}
\end{align*}
\]

(2) The distribution of the system in thermodynamic equilibrium: According to the principle of equal probability or the most probable principle, the equation determining the most probable distribution is:

\[
\begin{align*}
\frac{\partial}{\partial a_{1 i}}\left[\ln W - \alpha_{1} \sum_{i} a_{1 i} - \alpha_{2} \sum_{j} a_{2 j} - \beta\left(\sum_{i} a_{1 i} \varepsilon_{1 i} + \sum_{j} a_{2 j} \varepsilon_{2 j}\right)\right] &= 0  \tag{6}\\
\frac{\partial}{\partial a_{2 j}}\left[\ln W - \alpha_{1} \sum_{i} a_{1 i} - \alpha_{2} \sum_{j} a_{2 j} - \beta\left(\sum_{i} a_{1 i} \varepsilon_{1 i} + \sum_{j} a_{2 j} \varepsilon_{2 j}\right)\right] &= 0 \tag{7}
\end{align*}
\]

In the expressions, \(\alpha_{1}, \alpha_{2}, \beta\) are the three Lagrange multipliers. From equations (6) and (7), the distribution in thermodynamic equilibrium can be obtained as:

\[
\begin{align*}
\overline{a_{1 i}} &= g_{1 i} \exp \left[-\left(\alpha_{1} + \beta \varepsilon_{1 i}\right)\right] = \frac{N_{1}}{z_{1}} g_{1 i} \exp \left(-\beta \varepsilon_{1 i}\right)  \tag{8}\\
\overline{a_{2 j}} &= g_{2 j} \exp \left[-\left(\alpha_{2} + \beta \varepsilon_{2 j}\right)\right] = \frac{N_{2}}{z_{2}} g_{2 j} \exp \left(-\beta \varepsilon_{2 j}\right) \tag{9}
\end{align*}
\]

Here, \(z_{1}\) and \(z_{2}\) are the single-particle partition functions for the two subsystems, respectively:

\[
\begin{align*}
z_{1} &= \sum_{i} g_{1 i} \exp \left(-\beta \varepsilon_{1 i}\right) = N_{1} \exp \left(\alpha_{1}\right)  \tag{10}\\
z_{2} &= \sum_{j} g_{2 j} \exp \left(-\beta \varepsilon_{2 j}\right) = N_{2} \exp \left(\alpha_{2}\right) \tag{11}
\end{align*}
\]","\boxed{\{\overline{a_{1 i}}\} = \frac{N_{1}}{z_{1}} g_{1 i} \exp \left(-\beta \varepsilon_{1 i}\right), \{\overline{a_{2 j}}\} = \frac{N_{2}}{z_{2}} g_{2 j} \exp \left(-\beta \varepsilon_{2 j}\right)}","EX, EX","None, None",True,EN,Math Derivation
3273,Mechanics and Thermodynamics,Statistical Mechanics,Distribution Function and Statistical Entropy,"The elasticity of a rubber rod can be modeled as a one-dimensional polymer consisting of $N$ molecules connected end-to-end. In the absence of an external force, the direction of the bonds between molecules is taken to be $0^{\circ}$ or $180^{\circ}$ with equal probability. Find the external force required to maintain a length $L$ (where $L \ll N d$).","From the thermodynamic equation $\mathrm{d}F = -S \mathrm{~d}T + f \mathrm{~d}L$, we have

$$
\begin{aligned}
\left(\frac{\partial f}{\partial L}\right)_{T} & = -\left(\frac{\partial S}{\partial L}\right)_{T} = \frac{k L}{Nd^{2}} \\
f & = \frac{k T L}{Nd^{2}} + C
\end{aligned}
$$

Noting that when $L=0$, $f=0$, we have $C=0$,

$$
f = \frac{k T L}{Nd^{2}}
$$",\boxed{\frac{k T L}{Nd^{2}}},EX,,False,EN,Math Derivation
3274,Mechanics and Thermodynamics,Statistical Mechanics,Maxwell-Boltzmann Statistics,"The lowest three energy levels of a certain molecule are \(E_{1}=0, E_{2}=\varepsilon, E_{3}=10 \varepsilon\). Calculate the average energy \(E\) of the molecule at temperature \(T\).","The average energy of the molecule is

$$
E=\frac{\varepsilon\left(\mathrm{e}^{-\varepsilon / k T}+10 \mathrm{e}^{-10 \varepsilon / k T}\right)}{1+\mathrm{e}^{-\varepsilon / k T}+\mathrm{e}^{-10 \varepsilon / k T}}
$$",\boxed{\frac{\varepsilon\left(\mathrm{e}^{-\varepsilon / k T}+10 \mathrm{e}^{-10 \varepsilon / k T}\right)}{1+\mathrm{e}^{-\varepsilon / k T}+\mathrm{e}^{-10 \varepsilon / k T}}},EX,,False,EN,Laws Application
3275,Mechanics and Thermodynamics,Statistical Mechanics,Kinetic Theory of Gases,"An ideal gas is contained inside a spherical container with a radius of $R$, at temperature $T$. The mass of the gas molecules is $m$, and the number density of the molecules is $n$. Based on the average kinetic energy of the gas molecules, find the average kinetic energy density $u$.","The average kinetic energy density of the gas molecules is

\begin{equation*}  
u=\frac{3}{2} n k T  
\end{equation*}",\boxed{\frac{3}{2} n k T},EX,,False,EN,Knowledge Recall
3276,Mechanics and Thermodynamics,Statistical Mechanics,Kinetic Theory of Gases,"An ideal gas is contained within a spherical container with a radius of $R$ at a temperature of $T$. The mass of the gas molecules is $m$, and the number density of molecules is $n$. Based on the classical ideal gas law, find the average kinetic energy of a gas molecule.","The state equation for a classical ideal gas is

\begin{equation*}  
p=n k T  
\end{equation*}

From $p=\frac{2}{3} u$ and $p=n k T$, we can derive that the average kinetic energy of a gas molecule is

\begin{equation*}  
\bar{\varepsilon}=\frac{3}{2} k T  
\end{equation*}",\boxed{\frac{3}{2} k T},NV,,False,EN,Laws Application
3277,Mechanics and Thermodynamics,Statistical Mechanics,Maxwell-Boltzmann Statistics,"A piece of metal can be considered as an electron source, with a work function of $W = 4 \text{ eV}$. We only consider the ground state of $\mathrm{H}$ (which can accommodate up to two electrons), where the dissociation energy of ground state electrons is $\varepsilon_{1} = 13.6 \text{ eV}$, and the electron affinity is $\varepsilon_{2} = 0.6 \text{ eV}$. When hydrogen atoms and metal reach thermal equilibrium at $T = 300 \text{ K}$, find the probability of finding $\mathrm{H}^{+}$ near the metal.","Refer to Figure 8.7. We have the equilibrium $\mathrm{e} + \mathrm{H}^{+} \leftrightarrows \mathrm{H}$, where the chemical potential of the electron gas is $\mu_{\mathrm{e}} = -W$. From classical statistics, it is straightforward to derive the concentrations of electrons and hydrogen ions as

$$
\begin{gathered}
[\mathrm{e}] = 2 \mathrm{e}^{\mu_{\mathrm{e}} / k T} \left(\frac{2 \pi m_{\mathrm{e}} k T}{h^{2}}\right)^{3 / 2} \\
[\mathrm{H}^{+}] = 2 \mathrm{e}^{\mu_{\mathrm{H}^{+}} / k T} \left(\frac{2 \pi m_{\mathrm{p}} k T}{h^{2}}\right)^{3 / 2}
\end{gathered}
$$

Here, 2 represents the internal spin degrees of freedom. For the chemical equilibrium condition $\mu_{\mathrm{H}^{0}} = \mu_{\mathrm{e}} + \mu_{\mathrm{H}^{+}}$, we obtain

$$
\frac{[\mathrm{H}^{0}]}{[\mathrm{H}^{+}]} = 2 \exp \left(\frac{\mu_{\mathrm{e}} + \varepsilon_{1}}{k T}\right)
$$

Thus, it is found that the relative probability of $\mathrm{H}^{+}$ is

$$
P_{\mathrm{H}^{+}} = 1
$$",\boxed{1},NV,,False,EN,Practical Application
3282,Mechanics and Thermodynamics,Statistical Mechanics,Kinetic Theory of Gases,"(1) Starting from the simplest molecular kinetic theory, derive an approximate expression for the diffusion coefficient $D$ of a gas. Assume there is an area element $\mathrm{d} S$ at position $z=z_{0}$, which divides the gas into parts $A$ and $B$. Among all the molecules within any volume, only $\frac{1}{6}$ of the particles are moving either upwards or downwards parallel to the $z$-axis. Calculate the mass of the gas transported in the positive direction along the $z$-axis through the area element $\mathrm{d} S$ in time $\mathrm{d} t$ and its relationship with the gas density gradient, and derive an expression for the gas diffusion coefficient.","Take the area element $\mathrm{d} S$ at $z=z_{0}$, which divides the gas into parts $A$ and $B$ (as shown in Figure 11.3). Among all the molecules within any volume, only $\frac{1}{6}$ of the particles are moving either upwards or downwards parallel to the $z$-axis. This determines that the mass of the gas transported in the positive direction along the $z$-axis through the area element $\mathrm{d} S$ in time $\mathrm{d} t$ is:

$$
\begin{aligned}
\mathrm{d} M & =m\left(\frac{1}{6} n_{A} \bar{v} \mathrm{~d} S \mathrm{~d} t-\frac{1}{6} n_{B} \bar{v} \mathrm{~d} S \mathrm{~d} t\right)=\frac{1}{6} \bar{v} \mathrm{~d} S \mathrm{~d} t\left(\rho_{A}-\rho_{B}\right) \\
& =-\frac{1}{6} \bar{v} \mathrm{~d} S \mathrm{~d} t \cdot 2 \bar{\lambda}\left(\frac{\mathrm{~d} \rho}{\mathrm{~d} z}\right)_{z_{0}}=-\frac{1}{3} \bar{v}\left(\frac{\mathrm{~d} \rho}{\mathrm{~d} z}\right)_{z_{0}} \mathrm{~d} S \mathrm{~d} t
\end{aligned}
$$

According to the definition of the diffusion coefficient, we have:

$$
D=\frac{1}{3} \bar{v} \bar{\lambda}
$$

where $\bar{v}$ is the average speed of the gas particles and $\bar{\lambda}$ is the mean free path.",\boxed{D = \frac{1}{3} \bar{v} \bar{\lambda}},EQ,,False,EN,Math Derivation
3284,Mechanics and Thermodynamics,Statistical Mechanics,Fermi-Dirac Statistics,"In a mixture of ${ }^{3} \mathrm{He}$ and ${ }^{4} \mathrm{He}$ liquids at low temperatures, the concentrated phase can be considered as an ideal degenerate Fermi gas with particle density $n_{c}$ and mass $m_{3}$. Estimate the specific heat capacity $c_{c}\left(T, T_{\mathrm{Fc}}\right)$ of the concentrated phase at low temperatures and provide the relationship of the specific heat capacity with respect to $T$ and $T_{\mathrm{Fc}}$.","For a low-temperature degenerate Fermi gas, only particles with energy in the range $\left(\varepsilon_{\mathrm{F}} - kT\right) \sim \left(\varepsilon_{\mathrm{F}} + kT\right)$ contribute to the specific heat capacity. The effective particle density is given by

$$
n_{\mathrm{eff}} = n \cdot \frac{kT}{\varepsilon_{\mathrm{F}}}
$$

Thus, the specific heat capacity is

$$
c_{\mathrm{V}} = \alpha \frac{T}{T_{\mathrm{F}}}
$$

where $\alpha$ is a proportionality constant.",\boxed{c_{\mathrm{V}} = \alpha \frac{T}{T_{\mathrm{F}}}},EQ,,False,EN,Math Derivation
3285,Mechanics and Thermodynamics,Statistical Mechanics,Kinetic Theory of Gases,"A two-dimensional ideal gas at temperature \( T \) consists of \( N \) monoatomic particles, each with mass \( M \). The gas is confined to move in the \( xy \)-plane, thus the pressure \( p \) is the force exerted per unit length (as opposed to area).  
(4) Derive the formula for the number of molecules striking a unit length of the container wall per unit time, expressed in terms of \( M, T, N, \) and \( A \).","(4) First, calculate the number of molecules hitting the wall. According to the Maxwell distribution,

\[
f \, \mathrm{d}v_{x} \, \mathrm{d}v_{y} = \frac{M N}{2 \pi k T} \mathrm{e}^{-\frac{M}{2 k T}(v_{x}^{2}+v_{y}^{2})} \mathrm{d}v_{x} \, \mathrm{d}v_{y}
\]

Therefore, the number of molecules striking a unit length of the wall per unit time is

\[
n = \iint_{v_{x}>0} \frac{v_{x}}{A} \cdot \frac{M N}{2 \pi k T} e^{-\frac{M(v_{x}^{2}+v_{y}^{2})}{2 k T}} \, \mathrm{d}v_{x} \, \mathrm{d}v_{y} = \frac{N}{A} \cdot \sqrt{\frac{k T}{2 \pi M}} = \frac{1}{4} n \bar{v}
\]

where \( A \) is the area of the system, \( n = N / A, \) and \( \bar{v} = \sqrt{\frac{8 k T}{\pi M}} \).",\boxed{\frac{N}{A} \cdot \sqrt{\frac{k T}{2 \pi M}}},EX,,False,EN,Math Derivation
3287,Mechanics and Thermodynamics,Statistical Mechanics,Fermi-Dirac Statistics,"For an extreme relativistic strongly degenerate Fermi gas, the grand potential \( J = -p V \) is given by

\[
J(T, V, \mu) = -a\left(\frac{1}{12} \mu^{4} + \frac{\pi^{2}}{6 \beta^{2}} \mu^{2} + \frac{7 \pi^{4}}{180 \beta^{4}}\right)
\]

where \( a = 4 \pi g V / h^{3} c^{3} \), \( g \) is a degeneracy factor or weight related to ""internal structure"" (such as spin), \( c \) is the speed of light, \(\beta = 1 / k T\), and \( T \) and \(\mu\) represent the temperature and chemical potential of the gas, respectively. \( k \) is Boltzmann's constant. Find the internal energy of the extreme relativistic strongly degenerate Fermi gas.","Using equation (7) and the relationship \( p V = 2 U / 3 \), the internal energy of the extreme relativistic strongly degenerate Fermi gas can be derived as

\[
U = \frac{1}{4} a \mu^{4}\left[1 + 2\left(\frac{\pi}{\beta \mu}\right)^{2} + \frac{7}{15}\left(\frac{\pi}{\beta \mu}\right)^{4}\right] = \frac{3}{4} N \mu_{0}\left(1 + \frac{2}{3} \theta^{2} + \frac{11}{45} \theta^{4}\right) \tag{8}
\]",\boxed{U=\frac{1}{4} a \mu^{4}\left[1+2\left(\frac{\pi}{\beta \mu}\right)^{2}+\frac{7}{15}\left(\frac{\pi}{\beta \mu}\right)^{4}\right]},EQ,,False,EN,Math Derivation
3291,Mechanics and Thermodynamics,Statistical Mechanics,Bose-Einstein Statistics,"A gas of $N$ spinless bosons each with mass $m$ is enclosed in a volume $V$ at temperature $T$. When $T < T_{\mathrm{c}}$, what is the chemical potential $\mu(T)$? For $T < T_{\mathrm{c}}$, describe the average number of particles $\bar{n}(\varepsilon, T)$.","For bosons, the chemical potential $\mu < 0$. When $T \leq T_{\mathrm{c}}$, $\mu \approx 0$, and we have:

$$
\begin{aligned}
\bar{N}_{\varepsilon > 0} & = \frac{1}{e^{\varepsilon / kT} - 1} \\
\bar{n}_{\varepsilon = 0} & = n \left[ 1 - \frac{2 \pi}{h^3} (2mkT)^{3/2} \int_{0}^{\infty} x^{1/2} \frac{\mathrm{d} x}{e^x - 1} \right] = n \left[ 1 - \left( \frac{T}{T_{\mathrm{c}}} \right)^{3/2} \right]
\end{aligned}
$$","\boxed{\mu \approx 0, \bar{n}(\varepsilon, T) = \frac{1}{e^{\varepsilon / kT} - 1} \text{ for } \varepsilon > 0, \bar{n}(\varepsilon = 0) = n \left[ 1 - \left( \frac{T}{T_{\mathrm{c}}} \right)^{3/2} \right]}","EX, EQ, EQ","\text{None}, \text{None}, \text{None}",True,EN,Math Derivation
3293,Mechanics and Thermodynamics,Statistical Mechanics,Kinetic Theory of Gases,"A container is divided into two parts by a partition, which has a small hole with a diameter of \( D \). The helium gas in the two parts of the container is maintained at \( T_{1}=150 \, \mathrm{K} \) and \( T_{2}=300 \, \mathrm{K} \) (using heater walls). When \( D \gg l_{1} \) and \( D \gg l_{2} \), what is the ratio \( l_{1} / l_{2} \) at steady state?","When \( l_{1} \ll D \) and \( l_{2} \ll D \), the steady state is \( p_{1} = p_{2} \), thus

$$
\frac{l_{1}}{l_{2}} = \frac{n_{2}}{n_{1}} = \frac{T_{1}}{T_{2}} = 0.5
$$",\boxed{0.5},NV,,False,EN,Laws Application
3294,Mechanics and Thermodynamics,Statistical Mechanics,Bose-Einstein Statistics,"(2) If the displacement of an atom vibrating near the equilibrium position in a solid is $x$, then the average of the square of the displacement is given by

$$
\overline{x^2} = \frac{\hbar^2}{2M} \int_{0}^{\infty} \frac{\mathrm{d} \varepsilon}{\varepsilon} g(\varepsilon)[1+2n(\varepsilon)]
$$

where $M$ is the atomic mass, $g(\varepsilon)$ is the normalized density of states, and $n(\varepsilon)$ is the Bose-Einstein distribution factor for a phonon with energy $\varepsilon$. Assume the Debye model for the density of states as

$$
\begin{gathered}
g(\varepsilon) = \frac{9\varepsilon^2}{(\hbar \omega_{\mathrm{D}})^3}, \quad \text{when } \varepsilon < \hbar \omega_{\mathrm{D}} \\
g(\varepsilon) = 0, \quad \text{when } \varepsilon > \hbar \omega_{\mathrm{D}}
\end{gathered}
$$

where $\omega_{\mathrm{D}}$ is the Debye frequency. Determine the temperature dependence of $\overline{x^2}$ at very high and very low temperatures. Does your result make sense?","(2) Phonons are bosons, and the occupation factor for energy $\varepsilon$ is

$$
n(\varepsilon) = \frac{1}{e^{\varepsilon / kT} - 1}
$$

Therefore,

$$
\overline{x^2} = \frac{\hbar^2}{2M} \int_{0}^{\hbar \omega_{\mathrm{D}}} \frac{\mathrm{d} \varepsilon}{\varepsilon} \frac{9 \varepsilon^2}{(\hbar \omega_{\mathrm{D}})^3}\left[1 + \frac{2}{e^{\varepsilon / kT} - 1}\right] = \frac{9 \hbar^2}{4M} \cdot \frac{1}{\hbar \omega_{\mathrm{D}}} + \frac{9 \hbar^2}{M} \cdot \frac{1}{(\hbar \omega_{\mathrm{D}})^3} \int_{0}^{\hbar \omega_{\mathrm{D}}} \frac{\varepsilon}{e^{\varepsilon / kT} - 1} \mathrm{d} \varepsilon
$$

At very high temperatures, where $kT \gg \varepsilon$, we have

$$
\overline{x^2} \approx \frac{9 \hbar^2}{4M} \cdot \frac{1}{\hbar \omega_{\mathrm{D}}} + \frac{9 \hbar^2}{M} \cdot \frac{1}{(\hbar \omega_{\mathrm{D}})^3} \int_{0}^{\hbar \omega_{\mathrm{D}}} \varepsilon \cdot \frac{kT}{\varepsilon} \mathrm{d} \varepsilon \approx \frac{9 \hbar^2}{M} \cdot \frac{kT}{(\hbar \omega_{\mathrm{D}})^2} \propto T
$$

At very low temperatures, where $kT \ll \varepsilon$, we find

$$
\overline{x^2} \approx \frac{9 \hbar^2}{4M} \cdot \frac{1}{\hbar \omega_{\mathrm{D}}}
$$

This indicates that $\overline{x^2}$ increases with rising temperature, meaning that the movement of atoms becomes increasingly active as the temperature rises. However, at $T = 0$ K, $\overline{x^2}$ is not zero, implying that at absolute zero, atoms are not all at the equilibrium position.","\boxed{\overline{x^2} \propto T, \overline{x^2} \approx \frac{9 \hbar^2}{4M} \cdot \frac{1}{\hbar \omega_{\mathrm{D}}}}","EX, EX","\text{None}, \text{None}",True,EN,Math Derivation
3296,Mechanics and Thermodynamics,Statistical Mechanics,Kinetic Theory of Gases,A system of charged particles in a container of volume $V$ is placed in a constant electric field $E$ along the $z$ direction and is in thermal equilibrium at temperature $T$. Let $n(z)$ be the density of the particles at height $z$. Use equilibrium statistical mechanics to find the proportional constant of $\mathrm{d} n / \mathrm{d} z$ with respect to $n(z)$.,"Let the charge of the particle be $e$. Its potential energy in the electric field $E$ is

$$
\phi = -e E z
$$

Thus, the distribution of particle density at equilibrium is

$$
n(z) = n_{0} \exp\left(-\frac{e E z}{k T}\right)
$$

where $n_{0}$ is the particle concentration at $z=0$. Therefore, we have

$$
\frac{\mathrm{d} n(z)}{\mathrm{d} z} = -\frac{e E}{k T} n(z)
$$

$$
<image 1>
$$",\boxed{-\frac{e E}{k T}},EX,,False,EN,Laws Application
3300,Mechanics and Thermodynamics,Statistical Mechanics,Maxwell-Boltzmann Statistics,"$N_0$ non-interacting harmonic oscillators are in thermal equilibrium at temperature $T$. The energy levels of a single oscillator are given by $E_m=\left(m+\frac{1}{2}\right) \gamma V^{-1}, m=0,1,2, \cdots$ (where $\gamma$ is a constant, and the oscillators and volume $V$ are one-dimensional). Determine the relationship of $U$ and $c_v$ as functions of $T$.","The partition function $z=\sum_{m=0}^{\infty} \mathrm{e}^{-\beta(m+\frac{1}{2}) \gamma V^{-1}}=\frac{\mathrm{e}^{-\beta \gamma / 2 V}}{1-\mathrm{e}^{-\beta \gamma / V}}=\frac{1}{2} \operatorname{csch} \frac{\gamma \beta}{2 V}$

Thus:

$$
U=-N_0 \frac{\partial}{\partial \beta} \ln z=\frac{N_0 \gamma}{2 V} \operatorname{coth} \frac{\gamma \beta}{2 V}=\frac{N_0 \gamma}{2 V} \operatorname{coth} \frac{\gamma}{2 V k T}
$$

Heat capacity:

$$
c_v=\left(\frac{\partial U}{\partial T}\right)_V=N_0 k\left(\frac{\gamma}{2 V k T}\right)^2 \operatorname{csch}^2\left(\frac{\gamma}{2 V k T}\right)
$$","\[
\boxed{\frac{N_0 \gamma}{2 V} \operatorname{coth} \frac{\gamma}{2 V k T}, N_0 k\left(\frac{\gamma}{2 V k T}\right)^2 \operatorname{csch}^2\left(\frac{\gamma}{2 V k T}\right)}
\]","EX, EX",,False,EN,Math Derivation
3301,Mechanics and Thermodynamics,Statistical Mechanics,Bose-Einstein Statistics,"Determine the single-particle density matrix in the position representation $\boldsymbol{r}$ using quantum statistical mechanics, where $\boldsymbol{r}$ is the position vector of the particle.","The single-particle Hamiltonian is $H = \frac{p^{2}}{2m}$, and its energy eigenstate is $|E\rangle$. The density matrix in the energy representation is given by $\rho(E) = \mathrm{e}^{-E / k_{\mathrm{B}} T}$. We switch to the coordinate representation.

$$
\begin{aligned}
\langle\boldsymbol{r}| \rho\left|\boldsymbol{r}^{\prime}\right\rangle & =\sum_{E,E^{\prime}}\langle\boldsymbol{r} \mid E\rangle\langle E| \mathrm{e}^{-H / k_{\mathrm{B}} T}\left|E^{\prime}\right\rangle\left\langle E^{\prime} \mid \boldsymbol{r}^{\prime}\right\rangle \\
& =\sum_{E} \varphi_{E}(\boldsymbol{r}) \mathrm{e}^{-E / k_{\mathrm{B}} T} \varphi_{E}^{*}\left(\boldsymbol{r}^{\prime}\right)
\end{aligned}
$$

The single-particle stationary wave function is $\varphi_{E}(\boldsymbol{r})=\frac{1}{\sqrt{V}} \mathrm{e}^{i \boldsymbol{k} \cdot \boldsymbol{r}}$, with $E=\frac{\hbar^{2} k^{2}}{2m}$. Thus, $\langle\boldsymbol{r}| \rho\left|\boldsymbol{r}^{\prime}\right\rangle=\frac{1}{V} \sum_{k} \mathrm{e}^{i \boldsymbol{k} \cdot\left(\boldsymbol{r}-\boldsymbol{r}^{\prime}\right)}\mathrm{e}^{-\frac{\hbar^{2}k^{2}}{2m k_{\mathrm{B}} T}}=\frac{1}{(2 \pi)^{3}} \int \mathrm{d}^{3} \boldsymbol{k} \mathrm{e}^{i \boldsymbol{k} \cdot\left(\boldsymbol{r}-\boldsymbol{r}^{\prime}\right)}\mathrm{e}^{-\frac{\hbar^{2} k^{2}}{2 m k_{\mathrm{B}} T}}=\left(\frac{m k_{\mathrm{B}} T}{2 \pi \hbar^{2}}\right)^{3 / 2} \mathrm{e}^{-\frac{2 m k_{\mathrm{B}} T}{\hbar^{2}}(\boldsymbol{r}-\boldsymbol{r}^{\prime})^{2}}$, where $k_{\mathrm{B}}$ is the Boltzmann constant.",\boxed{\left(\frac{m k_{\mathrm{B}} T}{2 \pi \hbar^{2}}\right)^{3 / 2} \mathrm{e}^{-\frac{2 m k_{\mathrm{B}} T}{\hbar^{2}}(\boldsymbol{r}-\boldsymbol{r}^{\prime})^{2}}},EX,,False,EN,Knowledge Recall
3313,Mechanics and Thermodynamics,Statistical Mechanics,Distribution Function and Statistical Entropy,"A system of $N$ non-interacting particles, each with a fixed position and a magnetic moment $\mu$, is placed in a magnetic field $H$. Each particle can occupy an energy level of $E = 0$ or $E = 2 \mu H$. The particles are considered distinguishable. Use the result from (3) to re-express the result from (2). Find the extremum points of the function $S(n)$.","(4)

$$
\frac{S}{k} \approx N \ln \frac{N}{N-n} - n \ln \frac{n}{N-n}
$$

From

$$
\frac{\mathrm{d} S}{\mathrm{~d} n} = \frac{N}{N-n} - 1 - \ln n - \frac{n}{N-n} + \ln (N-n) = 0
$$

When $n = N / 2$, $S = S_{\text{max}}$.",\boxed{n = \frac{N}{2}},EQ,,False,EN,Math Derivation
3314,Mechanics and Thermodynamics,Statistical Mechanics,Maxwell-Boltzmann Statistics,"Given that the energy level difference between the first excited rotational state and the ground state is $k T_{\mathrm{e}}$, with $T_{\mathrm{e}} = 64 \mathrm{~K}$, find the contribution of rotational specific heat capacity $c_{r}$ at the following temperature: $T = 100 \mathrm{~K}$.","When $T = 100 \mathrm{~K}$, considering two excited states, we have

$$
\begin{aligned}
\bar{E} &= k T_{\mathrm{e}} \frac{3 e^{-T_{\mathrm{e}} / T} + 15 e^{-3 T_{\mathrm{e}} / T}}{1 + 3 e^{-T_{\mathrm{e}} / T} + 5 e^{-3 T_{\mathrm{e}} / T}} \\
c_{r} &= \frac{\mathrm{d} \bar{E}}{\mathrm{d} T} = 3 k \left(\frac{T_{\mathrm{e}}}{T}\right)^{2} \cdot \frac{e^{-T_{\mathrm{e}} / T} + 15 e^{-3 T_{\mathrm{e}} / T} + 20 e^{-4 T_{\mathrm{e}} / T}}{\left(1 + 3 e^{-T_{\mathrm{e}} / T} + 5 e^{-3 T_{\mathrm{e}} / T}\right)^{2}} = 0.22 k
\end{aligned}
$$",\boxed{0.22},NV,k,False,EN,Math Derivation
3319,Mechanics and Thermodynamics,Statistical Mechanics,Kinetic Theory of Gases,"Thermal radiation within a cavity can be treated as a photon gas, where the momentum $k$ and energy $\varepsilon$ of the photon are related by $\varepsilon = k c$, with $c$ being the speed of light. Prove that during an adiabatic compression process, when the photon gas fills a cavity with perfectly reflective walls, the relation $p V^{\gamma} = \text{constant}$ is satisfied. Determine the value of $\gamma$.","Using the basic thermodynamic equations, we have

$$
\begin{aligned}
\mathrm{d} U &= T \mathrm{~d} S - p \mathrm{~d} V, \\
p &= \frac{1}{3} \cdot \frac{U}{V}, \\
\mathrm{~d} U &= 3 p \mathrm{~d} V + 3 V \mathrm{~d} p, \\
4 p \mathrm{~d} V + 3 V \mathrm{~d} p &= T \mathrm{~d} S.
\end{aligned}
$$

When $\mathrm{d} S = 0$,

$$
4 \frac{\mathrm{~d} V}{V} + 3 \frac{\mathrm{~d} p}{p} = 0.
$$

Thus,

$$
p V^{4 / 3} = \text{constant,} \quad \gamma = \frac{4}{3}.
$$",\boxed{\frac{4}{3}},NV,,False,EN,Math Derivation
3320,Mechanics and Thermodynamics,Statistical Mechanics,Kinetic Theory of Gases,"The transport properties of simple gases. A system of colliding hard spheres, taken as a simple model of atomic gases, allows for the estimation of many properties of atomic gases. The aim of this problem is to derive approximate expressions for coefficients that qualitatively describe various phenomena. Express the various coefficients in terms of the following quantities: Boltzmann constant $k$, temperature $T$, atomic radius $R$, atomic mass $m$, specific heat per gram of substance $c$, and mass density $\rho$.  
(1) Derive the thermal conductivity coefficient $\kappa(\mathrm{g} \cdot \mathrm{cm} / (\mathrm{s}^{3} \cdot \mathrm{K}))$, which appears in the relation between heat flow and temperature gradient.","The mean free path $\lambda \approx m / (R^{2} \rho)$, and the average speed $\bar{v} \approx (k T / m)^{1 / 2}$.

Assume the system has a temperature gradient along the $x$ direction, i.e., $\frac{\partial}{\partial x} T \neq 0$. Since the probability of gas molecules moving in all directions is equal, the net heat energy exchanged by two molecules passing through a cross-section perpendicular to the $x$ direction is

$$
q \approx m c T - m c \left(T + \lambda \frac{\partial}{\partial x} T\right) = -\lambda \frac{\partial T}{\partial x} m c
$$

The number of molecule pairs exchanged per unit area per unit time is $\bar{v} \rho / m$, therefore the net heat flux $J_{x} \approx -\bar{v} \rho c \lambda \frac{\partial}{\partial x} T$, hence

$$
\kappa \approx \lambda \bar{v} \rho c \approx \frac{c}{R^{2}} (m k T)^{1 / 2}
$$",\boxed{\frac{c}{R^{2}} (m k T)^{1 / 2}},EX,,False,EN,Math Derivation
3324,Mechanics and Thermodynamics,Statistical Mechanics,Fermi-Dirac Statistics,"Electrons in the energy band of an ideal crystal. The relationship between the electron energy and momentum is isotropic but not parabolic, given by $\varepsilon(k)=\sqrt{a+b k^{2}}$, where $\varepsilon$ and $k$ are the electron's energy and wave number, respectively, and $a$ and $b$ are two numerical factors. Calculate the Fermi energy $\varepsilon_{\mathrm{F}}$.","Fermi energy $\varepsilon_{\mathrm{F}}$ of the electron gas. At the bottom of the conduction band, the wave number $k=0$, and the electron energy is $\varepsilon_{0}=\sqrt{a}$. Let $N$ be the total number of electrons in the conduction band. Using the relationship of the density of states and integration,

\[
\int_{\varepsilon_{0}}^{\varepsilon_{\mathrm{F}}} D(\varepsilon) \mathrm{d} \varepsilon=N 
\]

we can derive the Fermi energy $\varepsilon_{\mathrm{F}}$ of the conduction band electrons as

\[
\varepsilon_{\mathrm{F}}=\sqrt{\left(3 n \pi^{2}\right)^{2 / 3} b+a} 
\]

where $n=N / V$ is the electron number density in the conduction band.",\boxed{\varepsilon_{\mathrm{F}}=\sqrt{\left(3 n \pi^{2}\right)^{2 / 3} b+a}},EQ,,False,EN,Math Derivation
3325,Mechanics and Thermodynamics,Statistical Mechanics,Bose-Einstein Statistics,"A one-dimensional lattice consists of \( N \) particles (\( N \gg 1 \)), with elastic interactions between adjacent particles. The normal mode frequencies are given by:
\[
\omega_{n}=\omega \sqrt{2\left(1-\cos \frac{2 \pi n}{N}\right)}
\]
where \(\omega\) is a constant, and \(n\) is an integer ranging from \(-N / 2\) to \(N / 2\). The system is in thermal equilibrium at a temperature \(T\), and \(c_{v}\) is the specific heat at constant ""volume (length)"". For \(T \rightarrow 0 \mathrm{~K}\), \(c_{v} \rightarrow A \omega^{-\alpha} T^{\gamma}\), where \(A\), \(\alpha\), and \(\gamma\) are constants. Calculate \(\alpha\) and \(\gamma\). This problem should be resolved using quantum statistics.","When \(k T \ll \hbar \omega\),
\[
U=\sum_{n=-N / 2}^{N / 2} \hbar \omega_{n} \frac{1}{\mathrm{e}^{\hbar \omega_{n} / k T}-1} = 2 \sum_{n=0}^{N / 2} \hbar \omega_{n} \mathrm{e}^{-\hbar \omega_{n} / k T}
\]
Therefore,
\[
c_{\mathrm{v}}=\frac{\mathrm{d} U}{\mathrm{~d} T}=2 \sum_{n=0}^{N / 2} \frac{\left(\hbar \omega_{n}\right)^{2}}{k T^{2}} \mathrm{e}^{-\hbar \omega_{n} / k T}
\]
When \(N \gg 1\), the above expression can be rewritten as
\[
\begin{aligned}
c_{v} & =2 \frac{\hbar^{2} \omega^{2}}{k T^{2}} \int_{0}^{N / 2} 2\left(1-\cos \frac{2 \pi x}{N}\right) \mathrm{e}^{-(2 \hbar \omega / k T) \sin (\pi x / N)} \mathrm{d} x \\
& =8 \frac{\hbar^{2} \omega^{2}}{k T^{2}} \int_{0}^{N / 2} \frac{\sin ^{2} \frac{\pi x}{N} \mathrm{e}^{-(2 \hbar \omega / k T) \sin (\pi x / N)}}{\cos \frac{\pi x}{N}} \cdot \frac{N}{\pi} \mathrm{~d}\left(\sin \frac{\pi x}{N}\right)
\end{aligned}
\]

\[
=\frac{8 \hbar^{2} \omega^{2}}{k T^{2}} \frac{N}{\pi} \int_{0}^{1} \frac{t^{2} \mathrm{e}^{-2 \hbar \omega t / k T}}{\sqrt{1-t^{2}}} \mathrm{~d} t
\]

Since, as \(t \rightarrow 1\), \(\mathrm{e}^{-2 \hbar \omega t / k T}\) rapidly decreases, thus
\[
c_{v} \approx \frac{8 \hbar^{2} \omega^{2}}{k T^{2}} \cdot \frac{N}{\pi} \int_{0}^{1} t^{2} \mathrm{e}^{-2 \hbar \omega t / k T} \mathrm{~d} t=\frac{\hbar^{2} \omega^{2}}{k T^{2}} \cdot \frac{N}{\pi} \cdot \left(\frac{k T}{\hbar \omega}\right)^{3} \cdot \int_{0}^{\infty} \xi^{2} \mathrm{e}^{-\xi} \mathrm{d} \xi=A \omega^{-1} T
\]

Hence, \(\alpha=\gamma=1\).","\boxed{\alpha=1, \gamma=1}",EQ,"None, None",True,EN,Math Derivation
3344,Mechanics and Thermodynamics,Statistical Mechanics,Distribution Function and Statistical Entropy,"Consider a drunken man. He starts walking from a lamppost and takes steps of length $L$, with each step in a random direction chosen from the four cardinal directions: north, south, east, or west. What is the probability that the drunken man will still be within a circle of radius $2L$, centered at the lamppost, after taking three steps?","The drunken man has a total of $4 \times 4 \times 4 = 64$ possible paths; there are two types of paths that lead him outside the circle, totaling $4 + 24 = 28$. Therefore, the probability that he remains inside the circle after three steps is

$$
p = 1 - \frac{4 + 24}{64} = \frac{9}{16}
$$",\boxed{\frac{9}{16}},NV,,False,EN,Practical Application
3370,Mechanics and Thermodynamics,Statistical Mechanics,Distribution Function and Statistical Entropy,"Consider a system consisting of \(N(N \gg 1)\) distinguishable non-free-moving, non-interacting atoms. Each atom can occupy two non-degenerate energy levels: \(0, \varepsilon > 0\). The average energy per atom is given by \(E / N\). In thermal equilibrium, compute the entropy \(S / N\) of each atom using the average energy \(E / N\).","When the average energy is \(E / N\), there are \(E / \varepsilon\) particles in the state with energy \(\varepsilon\). The number of microstates is then

\[
\Omega = \frac{N!}{\left(\frac{E}{\varepsilon}\right)!\left(N-\frac{E}{\varepsilon}\right)!}
\]

Therefore, the entropy is

\[
S = k \ln \frac{N!}{\left(\frac{E}{\varepsilon}\right)!\left(N-\frac{E}{\varepsilon}\right)!}
\]

If \(\frac{E}{\varepsilon} \gg 1\) and \(\left(N-\frac{E}{\varepsilon}\right) \gg 1\), we have

\[
\begin{aligned}
\frac{S}{N} & = k\left[\ln N - \frac{E / \varepsilon}{N} \ln \frac{E}{\varepsilon} - \left(1 - \frac{E / \varepsilon}{N}\right) \ln \left(N - \frac{E}{\varepsilon}\right)\right] \\
& = k\left[\frac{E}{N \varepsilon} \ln \frac{N \varepsilon}{E} + \left(1 - \frac{E}{N \varepsilon}\right) \ln \frac{1}{1 - \frac{E}{N \varepsilon}}\right]
\end{aligned}
\]","\[
\boxed{k\left[\frac{E}{N \varepsilon} \ln \frac{N \varepsilon}{E} + \left(1 - \frac{E}{N \varepsilon}\right) \ln \frac{1}{1 - \frac{E}{N \varepsilon}}\right]}
\]",EX,,False,EN,Math Derivation
3372,Mechanics and Thermodynamics,Statistical Mechanics,Ensemble Theory,"A system consisting of \(N\) nearly independent particles follows Boltzmann statistics, where each particle can occupy any of three non-degenerate energy levels \(-E, 0, +E\). The system is in contact with a heat reservoir at temperature \(T\). What is the most probable energy of the system?","When \(N \gg 1\), the most probable energy is approximately the average energy

\[
N E_{p} \approx \overline{N E} = -N E \frac{\mathrm{e}^{E / k T} - \mathrm{e}^{-E / k T}}{\mathrm{e}^{E / k T} + 1 + \mathrm{e}^{-E / k T}} = -\frac{2 N E \sinh \left(\frac{E}{k T}\right)}{1 + 2 \cosh \left(\frac{E}{k T}\right)}
\]","\[
\boxed{-\frac{2 N E \sinh \left(\frac{E}{k T}\right)}{1 + 2 \cosh \left(\frac{E}{k T}\right)}}
\]",NV,,False,EN,Math Derivation
3373,Mechanics and Thermodynamics,Statistical Mechanics,Distribution Function and Statistical Entropy,"Provide the definition of Boltzmann statistics and briefly explain its physical significance. Consider a two-level system with energies $E_{1}, E_{2}$ \($E_{2}>E_{1}$\), and particle numbers $n_{1}$, $n_{2}$, with the condition that $n_{1}+n_{2}=N$. This system is in contact with a heat reservoir at temperature $T$. Using the change in entropy of the two-level system and the heat reservoir, determine the Boltzmann distribution of $n_{1} / n_{2}$, assuming $n_{2} \rightarrow n_{2}-1, n_{1} \rightarrow n_{1}+1$, and for $n_{1} \gg 1, n_{2} \gg 1$.","From $\Delta S_{1} + \Delta S_{2} = 0$, we obtain

$$
\frac{n_{2}}{n_{1}} = \exp \left(-\frac{E_{2}-E_{1}}{k T}\right)
$$",\boxed{\frac{n_{1}}{n_{2}} = \exp \left(-\frac{E_{1}-E_{2}}{k T}\right)},EQ,,False,EN,Math Derivation
3374,Mechanics and Thermodynamics,Statistical Mechanics,Distribution Function and Statistical Entropy,"Consider an ideal lattice model that has $N$ lattice points and an equal number of void positions (i.e., positions between the lattice points, which atoms can also occupy). $E$ is the energy required to move an atom from a lattice point to a void position. Let $n$ represent the number of atoms occupying void positions at equilibrium. What is the internal energy of the system?","If the internal energy of the crystal with no atoms occupying the voids is denoted as $U_{0}$, then when there are $n$ occupied voids, the internal energy of the crystal is $U = U_{0} + nE$.",\boxed{U = U_{0} + nE},EQ,,False,EN,Laws Application
3378,Mechanics and Thermodynamics,Statistical Mechanics,Ensemble Theory,"Using the obtained expression, calculate the $\frac{\widetilde{\Delta E}}{\bar{E}}$ for a monoatomic ideal gas.","For a monoatomic ideal gas, $\bar{E} = \frac{3}{2} N k T, c_{v} = \frac{3}{2} N k$, therefore

$$
\frac{\widetilde{\Delta E}}{\bar{E}} = \sqrt{\frac{2}{3 N}}
$$",\boxed{\sqrt{\frac{2}{3 N}}},NV,,False,EN,Math Derivation
3385,Mechanics and Thermodynamics,Statistical Mechanics,Ensemble Theory,"The system has two non-degenerate energy levels: $\varepsilon_{1}=0, \varepsilon_{2}=\varepsilon$. If the system can have at most one particle, find the average number of particles in the system.","The system has two non-degenerate energy levels: $\varepsilon_{1}=0, \varepsilon_{2}=\varepsilon$. The system can have at most one particle. The grand partition function of the system is  

\[
\Xi=\sum_{N=0}^{1} \sum_{N_{2}=0}^{N} \lambda^{N} \exp \left(-\frac{E}{k T}\right)
\]

where $\lambda=\exp (\mu / k T)=\exp (-\alpha)$ is the fugacity of the gas, $\mu$ is the chemical potential of the gas, and $k$ is the Boltzmann constant. The probability of the system having $N$ particles and energy $E$ is  

\[
P(N, E)=\frac{1}{\Xi} \lambda^{N} \exp \left(-\frac{E}{k T}\right)
\]

Thus, the average number of particles in the system is  

\[
\bar{N}=\sum_{N=1}^{1} \sum_{N_{2}=0}^{N} N P\left(N, E=N_{2} \varepsilon\right) = \frac{1}{\Xi} \lambda\left[1+\exp \left(-\frac{\varepsilon}{k T}\right)\right]
\]",\boxed{\frac{\lambda\left[1+\exp \left(-\frac{\varepsilon}{k T}\right)\right]}{\Xi}},EX,,False,EN,Math Derivation
3392,Mechanics and Thermodynamics,Statistical Mechanics,Distribution Function and Statistical Entropy,A localized particle system with a large number of particles $N$ is in an external magnetic field $\boldsymbol{H}$. Each particle has a spin of $\frac{1}{2}$. Determine the value of $M_{\mathrm{s}}$ when the number of system states is maximized.,"From Stirling's formula, we have

$$
\begin{aligned}
\ln \Omega & =\ln \frac{N!}{N_{\uparrow}! N_{\downarrow}!} = N \ln N - N_{\uparrow} \ln N_{\uparrow} - N_{\downarrow} \ln N_{\downarrow} \\
& = N \ln N - N_{\uparrow} \ln N_{\uparrow} - \left(N - N_{\uparrow}\right) \ln \left(N - N_{\uparrow}\right)
\end{aligned}
$$

By solving

$$
\frac{\partial \ln \Omega}{\partial N_{\uparrow}} = -\ln N_{\uparrow} + \ln \left(N - N_{\uparrow}\right) = 0
$$

we can find that $N_{\uparrow} = \frac{N}{2}$, which means that the number of system states is maximized when $M_{\mathrm{s}} = 0$.",\boxed{M_{\mathrm{s}} = 0},EQ,,False,EN,Math Derivation
3393,Mechanics and Thermodynamics,Statistical Mechanics,Ensemble Theory,"For a Fermi gas with particles that have only one non-degenerate energy level $\varepsilon$, how do you calculate the mean value of the square of the particle number $N^{2}$?","For a Fermi gas with particles having only one non-degenerate energy level, according to the previous formula, the average value of $N^{2}$ for the Fermi gas is

\begin{equation*}
\overline{N^{2}} = \frac{1}{Z} \sum_{N=0}^{1} N^{2} \lambda^{N} \exp \left(-\frac{N \varepsilon}{k T}\right) = \frac{1}{Z} \lambda \exp \left(-\frac{\varepsilon}{k T}\right) = \bar{N}
\end{equation*}",\boxed{\overline{N^{2}} = \bar{N}},EQ,,False,EN,
3395,Mechanics and Thermodynamics,Statistical Mechanics,Ensemble Theory,Consider \( N \) fixed-position and non-interacting magnetic dipoles \(\mu_{0}\) in thermal equilibrium with a uniform external field \( B \) at temperature \( T \). Each magnetic dipole can be oriented parallel or anti-parallel to \( B \). Calculate the partition function of the system.,"Since the magnetic dipoles are nearly independent, we can consider a single magnetic dipole, whose partition function is \(\mathrm{e}^{\mu_{0} B / k T} + \mathrm{e}^{-\mu_{0} B / k T}\). Therefore, the partition function of the entire system is  
\[
Z = \left(\mathrm{e}^{\mu_{0} B / k T} + \mathrm{e}^{-\mu_{0} B / k T}\right)^{N}
\]","\[
\boxed{\left(\mathrm{e}^{\mu_{0} B / k T} + \mathrm{e}^{-\mu_{0} B / k T}\right)^{N}}
\]",EX,,False,EN,Knowledge Recall
3396,Mechanics and Thermodynamics,Statistical Mechanics,Distribution Function and Statistical Entropy,"Given a classical harmonic oscillator with mass \( m \) and spring constant \( k \) having a total energy \( E \), but with an uncertain initial phase. Find the probability density function \( p(x) \), where \( p(x) \, \mathrm{d}x \) represents the probability of locating the mass \( m \) in the interval \( (x, x+\mathrm{d}x) \).","According to the conservation of energy, we have \(\frac{k}{2}l^{2}=\frac{k}{2}x^{2}+\frac{m}{2}\dot{x}^{2}\), where \( l \) is the amplitude. Hence, the period \( T \) is

\[ 
T = 2 \int_{-l}^{l} \frac{\mathrm{d}x}{\sqrt{\frac{2E-kx^{2}}{m}}} = 2\pi \sqrt{\frac{m}{k}} 
\]

The velocity \(\dot{x} = \mathrm{d}x / \mathrm{d}t\), thus the probability is

\[ 
p(x) \mathrm{d}x = \frac{2\, \mathrm{d}t}{T} = \frac{2}{T} \left( \frac{m}{2E-kx^{2}} \right)^{\frac{1}{2}} \mathrm{d}x 
\]

Therefore,

\[ 
p(x) = \frac{1}{\pi} \left( \frac{k}{2E-kx^{2}} \right)^{\frac{1}{2}} 
\]",\boxed{\frac{1}{\pi} \left( \frac{k}{2E-kx^{2}} \right)^{\frac{1}{2}}},EX,,False,EN,Math Derivation
3400,Mechanics and Thermodynamics,Statistical Mechanics,Ensemble Theory,"A chain consists of \(N\) links, which can only be opened sequentially from one end, meaning that the \(s\)-th link can only be opened after the preceding \(s-1\) links have been opened. The energy of a closed link is zero, while the energy of an open link is \(\varepsilon\). This is a simple model representing two intertwined DNA strands. Calculate the average number of open links when \(\varepsilon > kT\).","The probability of having \(s\) open links is given by
\[
P(s)=\frac{1}{Z} \exp \left(-\frac{s \varepsilon}{kT}\right) \tag{2}
\]

Using equations (1) and (2), the average number of open links is calculated as
\[
\bar{s}=\frac{1}{Z} \sum_{s=0}^{N} s \exp\left(-\frac{s \varepsilon}{kT}\right)=\frac{1}{Z} \cdot \frac{x}{1-x}\left(\frac{1-x^{N+1}}{1-x}-N x^{N}\right)=\frac{x}{1-x}-\frac{(1+N) x^{N+1}}{1-x^{N+1}} \tag{3}
\]

where \(x=\exp (-\varepsilon / kT)\). When \(\varepsilon > kT\), we can approximate \(x^{N+1} \approx 0\). At this point, equation (3) becomes
\[
\bar{s}=\frac{x}{1-x} \approx x=\exp \left(-\frac{\varepsilon}{kT}\right) \tag{4}
\]

From equation (4), when \(\varepsilon > kT\), \(\bar{s}=\exp (-\varepsilon / kT)\), which increases exponentially with temperature \(T\). When \(\varepsilon \gg kT\), the average number of open links \(\bar{s}=\exp (-\varepsilon / kT) \approx 0\).",\boxed{\exp \left(-\frac{\varepsilon}{kT}\right)},NV,,False,EN,Math Derivation
3404,Mechanics and Thermodynamics,Statistical Mechanics,Maxwell-Boltzmann Statistics,"The temperature of a surface is $800^{\circ} \mathrm{C}$. When chlorine atoms evaporate from the same surface, the number of chlorine atoms outside the surface is a million times the number of chloride ions. Find the electron affinity $V$ of chlorine.","When an electron leaves the metal and combines with a neutral chlorine atom to form a chloride ion, the increase in energy is $W-e V$, where $V$ is the electron affinity of chlorine. Thus, the energy of the chloride ion is $W-e V$ higher than that of the chlorine atom, hence:

\[
\frac{N\left(\mathrm{Cl}^{-}\right)}{N(\mathrm{Cl})}=\exp\left(\frac{e V-W}{k T}\right)=10^{-6}
\]

where $N\left(\mathrm{Cl}^{-}\right)$ and $N(\mathrm{Cl})$ are the number of chloride ions and chlorine atoms, respectively. From

\[
\exp\left[\frac{e(V-\Phi)}{k T}\right]=10^{-4}
\]

or

\[
e(V-\Phi)=-9.2 k T
\]

substituting $\Phi=5.1 \mathrm{~V}$, $T=1073 \mathrm{~K}$, $1 \mathrm{eV}=1.60 \times 10^{-19} \mathrm{~J}=1.16 \times 10^{4} k \mathrm{~K}$, $k=1.38 \times 10^{-23} \mathrm{~J} \cdot \mathrm{~K}^{-1}$ into the equation, we obtain the electron affinity of chlorine:

\[
V=4.25 \mathrm{~V}
\]",\boxed{4.25},NV,\mathrm{V},False,EN,Practical Application
3405,Mechanics and Thermodynamics,Statistical Mechanics,Ensemble Theory,How is the average particle number $\bar{N}$ of a Fermi gas with particles that have only one non-degenerate energy level $\varepsilon$ calculated?,"For a Fermi gas where the particles only have one non-degenerate energy level $\varepsilon$, the energy of the gas is given by $E = N \varepsilon$. The grand partition function of the gas is

\begin{equation*}
Z = \sum_{N=0}^{1} \lambda^{N} \exp \left(-\frac{N \varepsilon}{k T}\right) = 1 + \lambda \exp \left(-\frac{\varepsilon}{k T}\right)
\end{equation*}

where $\lambda = \exp (\mu / k T)$ is the fugacity of the gas, $\mu$ is the chemical potential, $T$ is the temperature of the gas, and $k$ is the Boltzmann constant. The probability of the gas having particle number $N$ and energy $E$ is given by

\begin{equation*}
P(N, E) = \frac{1}{Z} \lambda^{N} \exp \left(-\frac{N \varepsilon}{k T}\right)
\end{equation*}

Using the grand partition function $Z$ and the probability function $P(N, E)$ provided above, the average particle number $\bar{N}$ of the Fermi gas is

\begin{equation*}
\bar{N} = \frac{1}{Z} \sum_{N=0}^{1} N \lambda^{N} \exp \left(-\frac{N \varepsilon}{k T}\right) = \frac{1}{Z} \lambda \exp \left(-\frac{\varepsilon}{k T}\right)
\end{equation*}",\boxed{\frac{\lambda \exp \left(-\frac{\varepsilon}{k T}\right)}{1 + \lambda \exp \left(-\frac{\varepsilon}{k T}\right)}},EX,,False,EN,Laws Application
3407,Mechanics and Thermodynamics,Statistical Mechanics,Ensemble Theory,"The system's particles have two non-degenerate energy levels: \(\varepsilon_{1}=0, \varepsilon_{2}=\varepsilon\). If the system can have at most one particle, find the grand partition function of the system.","The system's particles have two non-degenerate energy levels: \(\varepsilon_{1}=0, \varepsilon_{2}=\varepsilon\). The system can have at most one particle. Let \(N_{1}\) and \(N_{2}\) be the occupation numbers for single-particle level 1 and level 2, respectively. Then, the number of particles in the system \(N=N_{1}+N_{2}\), and the energy of the system \(E= N_{2} \varepsilon=(N-N_{1}) \varepsilon\). The grand partition function of the system is given by

\[
\Xi=\sum_{N=0}^{1} \sum_{N_{2}=0}^{N} \lambda^{N} \exp \left(-\frac{E}{k T}\right) = 1+\lambda\left[1+\exp \left(-\frac{\varepsilon}{k T}\right)\right]
\]

where \(\lambda=\exp (\mu / k T)=\exp (-\alpha)\) is the fugacity of the gas, \(\mu\) is the chemical potential of the gas, and \(k\) is the Boltzmann constant.",\boxed{1+\lambda\left[1+\exp \left(-\frac{\varepsilon}{k T}\right)\right]},EX,,False,EN,Laws Application
3409,Mechanics and Thermodynamics,Statistical Mechanics,Ensemble Theory,"If the particles of a Fermi gas have an energy level $\varepsilon$ with a degeneracy of $g=2$, find the grand partition function of the gas.","The particles of a Fermi gas have an energy level $\varepsilon$ with a degeneracy of $g=2$. The energy of the gas is $E=N \varepsilon$. The grand partition function of a Fermi gas is

\[
E = \sum_{N=0}^{2} \lambda^{N} \frac{g!}{N!(g-N)!} \exp\left(-\frac{E}{k T}\right) = 1 + 2 \lambda \exp\left(-\frac{\varepsilon}{k T}\right) + \lambda^{2} \exp\left(-\frac{2 \varepsilon}{k T}\right)
= \left[1 + \lambda \exp\left(-\frac{\varepsilon}{k T}\right)\right]^{2} \tag{1}
\]

where $\lambda = \exp (\mu / k T) = \exp (-\alpha)$ is the fugacity of the gas, $\mu$ is the chemical potential of the gas, and $k$ is the Boltzmann constant.",\boxed{\left[1 + \lambda \exp\left(-\frac{\varepsilon}{k T}\right)\right]^{2}},EX,,False,EN,Laws Application
3410,Mechanics and Thermodynamics,Statistical Mechanics,Ensemble Theory,"Consider a diatomic gas molecule composed of two different atoms, where the gas is dilute, and the molecules rotate around an axis passing through the center of mass and perpendicular to the line connecting the two atoms, with a moment of inertia $I$. Consider the contributions of rotation to the heat capacity and molar entropy. Under the limiting condition $k T \ll \hbar^{2} / I$, calculate the lowest non-zero order contribution.","The contribution of rotation to the partition function is

$$
Z_{R}=\left(z_{R}\right)^{N}
$$

where $N$ is the total number of gas molecules in one mole, and

$$
z_{R}=\sum_{J}(2 J+1) \mathrm{e}^{-\beta \varepsilon_{J}}, \quad \varepsilon_{J}=\frac{\hbar^{2}}{2 I} J(J+1)
$$

The contribution to the energy is

$$
E_{R}=-\frac{\partial}{\partial \beta} \ln Z_{R}=-N \frac{\partial}{\partial \beta} \ln z_{R}
$$

The contribution to the heat capacity is

$$
c_{R}=\frac{\partial E_{R}}{\partial T}
$$

The contribution to entropy is

$$
S_{R}=k N \ln z_{R}+\frac{E_{R}}{T}
$$

When $k T \ll \hbar^{2} / I$, we have

$$
\begin{aligned}
z_{R} & = 1+3 A+\cdots \approx 1+3 A \\
E_{R} & = 3 N \frac{\left(\hbar^{2} / I\right) A}{1+3 A} \approx \frac{3 N \hbar^{2}}{I} A \\
c_{R} & = \frac{3 N \hbar^{4}}{I^{2} k T^{2}} A \\
S_{R} & = k N \ln (1+3 A)+\frac{3 N \hbar^{2}}{I T} A \approx \frac{3 N \hbar^{2}}{I T} A
\end{aligned}
$$

where $A=\exp \left(-\beta \hbar^{2} / I\right)$.","\boxed{\frac{3 N \hbar^{4}}{I^{2} k T^{2}} A, \frac{3 N \hbar^{2}}{I T} A}","EX, EX","\frac{\hbar^{4}}{I^{2} k T^{2}}, \frac{\hbar^{2}}{I T}",True,EN,Math Derivation
3411,Mechanics and Thermodynamics,Statistical Mechanics,Ensemble Theory,(3) A classical system has two discrete energy states $E_{0}$ and $E_{1}$. Find the partition function $Z$ and the specific heat capacity at constant volume $c_{v}$.,"For the two-level system

$$
\begin{gathered}
Z = \mathrm{e}^{-\beta E_{0}} + \mathrm{e}^{-\beta E_{1}} \\
c_{v} = k T\left[\frac{\partial^{2}}{\partial T^{2}}\left[T \ln \left(\mathrm{e}^{-\beta E_{0}} + \mathrm{e}^{-\beta E_{1}}\right)\right]\right]_{V} = \frac{\left(E_{1} - E_{0}\right)^{2}}{4 k T^{2} \cosh^{2}\left(\frac{E_{1} - E_{0}}{2 k T}\right)}
\end{gathered}
$$","\boxed{Z=\mathrm{e}^{-\beta E_{0}}+\mathrm{e}^{-\beta E_{1}}, \frac{\left(E_{1}-E_{0}\right)^{2}}{4 k T^{2} \cosh^{2}\left(\frac{E_{1}-E_{0}}{2 k T}\right)}}","EQ, EX","None, \mathrm{J/K}",True,EN,
3413,Mechanics and Thermodynamics,Statistical Mechanics,Ensemble Theory,"In a lattice, there are $N$ nearly independent ions, each with a spin of $1/2$ and a magnetic moment of $\mu_{0}$. The system is placed in a uniform external field $B$ at temperature $T$. Calculate the average energy $\bar{E}$.","The average energy is given by
$$
\bar{E}=-\frac{\partial}{\partial \beta} \ln z=-N \mu_{0} B \tanh \left(\frac{\mu_{0} B}{k T}\right)
$$",\boxed{-N \mu_{0} B \tanh \left(\frac{\mu_{0} B}{k T}\right)},EX,,False,EN,Math Derivation
3414,Mechanics and Thermodynamics,Statistical Mechanics,Ensemble Theory,"In extreme relativistic conditions, an ideal Boltzmann gas composed of \( N \) indistinguishable particles is contained within a volume \( V \). Find the pressure \( p \) of the system at equilibrium temperature \( T \).","Let the single-particle partition function be \( z \), the total partition function be \( Z \), and the pressure be \( p \). Under extreme relativistic conditions, using the relation between energy and momentum for particles, we have:

$$
z = \frac{4 \pi V}{h^{3} c^{3}} \int_{0}^{\infty} \varepsilon^{2} \mathrm{e}^{-\varepsilon / k T} \mathrm{~d} \varepsilon = \frac{8 \pi V}{h^{3} c^{3}}(k T)^{3}
$$

The total partition function is:

$$
Z = \frac{z^{N}}{N!} = \frac{1}{N!} \left( \frac{8 \pi V}{h^{3} c^{3}} \right)^{N} (k T)^{3 N}
$$

The pressure \( p \) is:

$$
p = \frac{1}{\beta} \frac{\partial}{\partial V} \ln Z = \frac{N}{\beta V} = \frac{N k T}{V}
$$",\boxed{\frac{N k T}{V}},EX,,False,EN,Math Derivation
3420,Mechanics and Thermodynamics,Statistical Mechanics,Distribution Function and Statistical Entropy,"A system is composed of \(N (N \gg 1)\) nearly independent particles. Each particle's energy can only take two values: \(\varepsilon_{1} = 0\) and \(\varepsilon_{2} = \varepsilon > 0\). The number of particles at energy levels \(\varepsilon_{1}\) and \(\varepsilon_{2}\) are \(N_{1}\) and \(N_{2}\), respectively. Find the entropy \(S\) of the system.","For any given distribution \(\left\{\varepsilon_{1}, N_{1}; \varepsilon_{2}, N_{2}\right\}\), if the following conditions are satisfied:

\[
N_{1} + N_{2} = N \tag{1}
\]
\[
N_{1} \varepsilon_{1} + N_{2} \varepsilon_{2} = N_{2} \varepsilon = E \tag{2}
\]

then the number of states of the system is given by

\[
W = \frac{N!}{N_{1}! \cdot N_{2}!} \tag{3}
\]

Assuming \(N, N_{1}, N_{2} \gg 1\), we can use Stirling's approximation: \(\ln x! = x(\ln x - 1)\). Using equation (3) and Boltzmann's entropy formula \(S = k \ln W\), the entropy of the system can be expressed as

\[
S = k\left(N \ln N - N_{1} \ln N_{1} - N_{2} \ln N_{2}\right) \tag{4}
\]

From equations (1) and (2), we have \(N_{1} = N - E / \varepsilon\), \(N_{2} = E / \varepsilon\). Thus, equation (4) can be rewritten as

\[
S = k\left[N \ln N - \left(N - \frac{E}{\varepsilon}\right) \ln \left(N - \frac{E}{\varepsilon}\right) - \frac{E}{\varepsilon} \ln \frac{E}{\varepsilon}\right] \tag{5}
\]",\boxed{k\left[N \ln N-\left(N-\frac{E}{\varepsilon}\right) \ln \left(N-\frac{E}{\varepsilon}\right)-\frac{E}{\varepsilon} \ln \frac{E}{\varepsilon}\right]},EX,,False,EN,Math Derivation
3423,Mechanics and Thermodynamics,Statistical Mechanics,Ensemble Theory,"In a lattice, there are $N$ nearly independent ions, each with a spin of $1/2$ and a magnetic moment of $\mu_{0}$. The system is subjected to a uniform external field $B$ and at a temperature $T$. Calculate the partition function.","Since the ions are nearly independent, the total partition function of the system is
$$
z=\left(e^{\alpha}+e^{-\alpha}\right)^{N}
$$
where $\alpha=\frac{\mu_{0} B}{k T}$.",\boxed{\left(e^{\alpha}+e^{-\alpha}\right)^{N}},EX,,False,EN,Knowledge Recall
3425,Mechanics and Thermodynamics,Statistical Mechanics,Distribution Function and Statistical Entropy,"Assuming the continuation of the above hypothesis, let \( L = \ln W + \alpha \left( N - \sum_{i=1}^{2} N_i \right) + \beta \left( E - \sum_{i=1}^{2} N_i \varepsilon_i \right) \), where \( \alpha \) and \( \beta \) are two Lagrange multipliers. According to the principle of equal probability or the principle of maximum likelihood, find the most probable distribution of atoms in the crystal. Express \( N_1 \) and \( N_2 \).","Let \( L = \ln W + \alpha \left( N - \sum_{i=1}^{2} N_i \right) + \beta \left( E - \sum_{i=1}^{2} N_i \varepsilon_i \right) \), where \( \alpha \) and \( \beta \) are two Lagrange multipliers. According to the principle of equal probability or the principle of maximum likelihood, the most probable distribution of atoms in the crystal is determined by the equation \(\partial L / \partial N_i = 0\). From this, we obtain

\[
N_1 = \exp \left[-\left(\alpha + \beta \varepsilon_1\right)\right] = \exp (-\alpha) \tag{2}
\]
\[
N_2 = \exp \left[-\left(\alpha + \beta \varepsilon_2\right)\right] = \exp [-(\alpha + \beta w)] \tag{3}
\]","\boxed{N_1 = \exp(-\alpha), N_2 = \exp[-(\alpha + \beta w)]}","EQ, EQ","None, None",True,EN,Laws Application
3428,Mechanics and Thermodynamics,Statistical Mechanics,Ensemble Theory,"In a box with a side length of \(10^{-2} \mathrm{~cm}\), there are \(10^{10}\) identical spinless particles that obey classical statistics. The particle mass \(m=m_{\mathrm{e}}\) is the mass of an electron. The interaction between the particles is very weak; there are two interactions between the particles and the box: one is attractive, resulting in a bound state near the center of the box with energy \(\Phi=-1 \mathrm{eV}\); the other is strongly repulsive, preventing the particles from escaping through the walls of the box. Given that the pressure inside the box is 1 atm, find the temperature \(T_0\).","From equation (1), the pressure of the gas is

\[
P = k T \left(\frac{\partial}{\partial V} \ln Z \right)_{T} = \frac{N k T}{V} \left[1 + \frac{1}{V} \left(\frac{h^{2}}{2 \pi m k T}\right)^{3/2} \exp \left(-\frac{\Phi}{k T}\right)\right]^{-1} \tag{2}
\]

where \(m = m_{\mathrm{e}} = 9.11 \times 10^{-31} \mathrm{~kg}, k = 1.381 \times 10^{-23} \mathrm{~J} \cdot \mathrm{K}^{-1}, h = 6.626 \times 10^{-34} \mathrm{~J} \cdot \mathrm{s}, N = 1.000 \times 10^{10}, V = 1.000 \times 10^{-12} \mathrm{~m}^{3}, \Phi = -1 \mathrm{eV} = -1.602 \times 10^{-19} \mathrm{~J}\). Let \(P = 1 \mathrm{~atm} = 1.033 \times 10^{5} \mathrm{N} \cdot \mathrm{m}^{-2}\). Substitute \(P\) into equation (2) and neglect the second term inside the brackets, we get

\[
T_{0} = \frac{P V}{N k} = 7.48 \times 10^{5} \mathrm{~K} \tag{3}
\]",\boxed{7.48 \times 10^{5}},NV,\mathrm{K},False,EN,Laws Application
3429,Mechanics and Thermodynamics,Statistical Mechanics,Maxwell-Boltzmann Statistics,"Polarized substances (such as $\mathrm{HCl}$, $\mathrm{H}_{2} \mathrm{O}$, etc.) respond to an external electric field, which can be described by a classical model assigning a permanent dipole moment of magnitude $p$ to each molecule. Write the general expression for the average polarization (dipole moment per unit volume) of a dilute system with molecular number density $n$ at temperature $T$ in a uniform electric field $E$.","The electrostatic energy $u_{\mathrm{e}} = -\boldsymbol{p} \cdot \boldsymbol{E} = -p E \cos \theta$, and the single-particle partition function is

$$
z \approx \int_{0}^{\pi} \mathrm{e}^{p E \cos \theta / k T} \sin \theta \mathrm{~d} \theta = \frac{2 k T}{p E} \sinh \left(\frac{p E}{k T}\right)
$$

The average polarization

$$
\bar{p} = -\left(\frac{\partial f}{\partial E}\right)_{V, T, N} = n k T \frac{\partial \ln z}{\partial E} = -\frac{n k T}{E} + n p \operatorname{coth} \frac{p E}{k T}
$$

Here, $f = -n k T \ln z$ is the free energy density.",\boxed{-\frac{n k T}{E} + n p \operatorname{coth} \frac{p E}{k T}},EX,,False,EN,Math Derivation
3432,Mechanics and Thermodynamics,Statistical Mechanics,Distribution Function and Statistical Entropy,"Provide the definition of Boltzmann statistics and briefly explain its physical significance. Consider a two-level system with energies $E_{1}$ and $E_{2}$ ($E_{2}>E_{1}$), and particle numbers $n_{1}$ and $n_{2}$, where $n_{1}+n_{2}=N$. This system is in contact with a heat reservoir at temperature $T$. Find the change in entropy $\Delta S_{1}$ of the two-level system, assuming $n_{2} \rightarrow n_{2}-1, n_{1} \rightarrow n_{1}+1$, for $n_{1} \gg 1, n_{2} \gg 1$.","Entropy $S=k \ln \Omega$, where $\Omega$ is the number of microstates of the system. Its physical significance is that entropy is a measure of the disorder of the system.

The change in entropy of the two-level system is given by

$$
\begin{aligned}
\Delta S_{1} & = k \ln \frac{N!}{\left(n_{2}-1\right)!\left(n_{1}+1\right)!} - k \ln \frac{N!}{n_{1}!n_{2}!} \\
& = k \ln \frac{n_{2}}{n_{1}+1} \cong k \ln \frac{n_{2}}{n_{1}}
\end{aligned}
$$",\boxed{k \ln \frac{n_{2}}{n_{1}}},EX,,False,EN,Math Derivation
3433,Mechanics and Thermodynamics,Statistical Mechanics,Ensemble Theory,"At high temperature $T$, consider $N$ spin-1/2 particles arranged in a line with interactions occurring between nearest neighbors. This is the one-dimensional Ising model for a ferromagnet. Find the partition function of the system at temperature $T$.","The partition function for this ensemble is

\[
Z = \sum_{\{\text{configurations}\}} \exp(-E/kT) = 2 \sum_{N_{\mathrm{p}}=0}^{N-1} \frac{(N-1)!}{N_{\mathrm{p}}! \cdot N_{\mathrm{a}}!} \exp\left[-\frac{J(N_{\mathrm{p}} - N_{\mathrm{a}})}{kT}\right]
\]

\[
= 2 \exp\left[\frac{J(N-1)}{kT}\right] \sum_{N_{\mathrm{p}}=0}^{N-1} \frac{(N-1)!}{N_{\mathrm{p}}! \cdot (N-1-N_{\mathrm{p}})!} \exp\left(-\frac{2JN_{\mathrm{p}}}{kT}\right) \tag{3}
\]

\[
= 2\left[1+\exp\left(-\frac{2J}{kT}\right)\right]^{N-1} \cdot \exp\left[\frac{J(N-1)}{kT}\right] = 2^{N} \cosh^{N-1}\left(\frac{J}{kT}\right)
\]

The factor of 2 in the above expression arises because reversing the direction of all spins does not change $N_{\mathrm{p}}$ and $N_{\mathrm{a}}$, but results in a new configuration.","\[
\boxed{2^{N} \cosh^{N-1}\left(\frac{J}{kT}\right)}
\]",EX,,False,EN,Math Derivation
3437,Mechanics and Thermodynamics,Statistical Mechanics,Maxwell-Boltzmann Statistics,"The temperature of a surface is $800^{\circ} \mathrm{C}$. When sodium atoms evaporate from this surface, the number of sodium positive ions outside the surface is one hundred times the number of sodium atoms. The ionization potential of Na is $\Phi=5.1 \mathrm{~V}$. Determine the ionization state of sodium after it evaporates from the surface.","When an electron leaves a sodium atom and enters the metal, the increase in energy is $e \Phi - W$, where $\Phi$ is the ionization potential of Na and $W$ is the work function of the metal. Thus, the energy of sodium positive ions is higher than that of sodium atoms by $e \Phi - W$. The gas molecules follow the Boltzmann distribution according to energy distribution, so we have:

\[
\frac{N\left(\mathrm{Na}^{+}\right)}{N(\mathrm{Na})}=\exp\left(\frac{W-e \Phi}{k T}\right)=10^{2}
\]

where $N\left(\mathrm{Na}^{+}\right)$ and $N(\mathrm{Na})$ are the numbers of sodium positive ions and sodium atoms, respectively.",\boxed{e^\Phi = W + 2kT},EQ,,False,EN,Math Derivation
3439,Mechanics and Thermodynamics,Statistical Mechanics,Maxwell-Boltzmann Statistics,"A sample of hydrogen gas molecules is initially in equilibrium at a temperature of \( T = 1000 \, \mathrm{K} \). The gas is rapidly cooled to 20 K, during which the nuclear spin states of the molecules remain unchanged, and only the translational and rotational degrees of freedom are altered through collisions. Calculate the average energy of translational kinetic energy \(\bar{E}_{\text{trans}}\).","According to the equipartition theorem, \(\bar{E}_{\text{trans}} = \frac{3}{2} k T = 30 \, \mathrm{K}\).",\boxed{30},NV,\mathrm{K},False,EN,Laws Application
3440,Mechanics and Thermodynamics,Statistical Mechanics,Ensemble Theory,"The dispersion relation for the surface tension wave of a liquid free surface is given by $\omega^{2}=\sigma k^{3} / \rho$, where $\omega$ is the angular frequency of the surface wave, $k$ is the wave number, $\sigma$ is the surface tension of the liquid, and $\rho$ is the density of the liquid. Derive the internal energy formula for the surface waves using the partition function, and then simplify the internal energy formula further using the dispersion relation.","The internal energy of the surface waves is

\[
U=-\frac{\partial}{\partial \beta} \ln Z=U_{0}+\sum_{i=1}^{2 N} \frac{\hbar \omega_{i}}{\exp \left(\beta \hbar \omega_{i}\right)-1}
\]

Given the dispersion relation $\omega^{2}=\sigma k^{3} / \rho$, the wave number $k=\left(\rho \omega^{2} / \sigma\right)^{1 / 3}$. The number of states within the phase space volume element $2 \pi A p \mathrm{~d} p$ is

\[
2 \pi A p \mathrm{~d} p / h^{2}=B \omega^{1 / 3} \mathrm{~d} \omega 
\]

where $A$ is the surface area of the liquid, $B=(A / 3 \pi)(\rho / \sigma)^{2 / 3}$. The Debye frequency is

\[
\omega_{\mathrm{D}}=(8 \pi N / A)^{3 / 4}(\sigma / \rho)^{1 / 2}
\]

Consequently, the internal energy formula can be simplified to

\[
U=U_{0}+\int_{0}^{\omega_{\mathrm{D}}} \frac{\hbar \omega}{\exp (\beta \hbar \omega)-1} B \omega^{1 / 3} \mathrm{~d} \omega=U_{0}+a(T) T^{7 / 3}
\]",\boxed{U = U_{0} + a(T) T^{7 / 3}},EX,,False,EN,Math Derivation
3441,Mechanics and Thermodynamics,Statistical Mechanics,Maxwell-Boltzmann Statistics,"Consider a rigid lattice composed of distinguishable atoms with spin $\frac{1}{2}$ in a magnetic field. The spins have two states relative to the magnetic field: up ($\uparrow$) and down ($\downarrow$), corresponding to energies of $-\mu_{0} H$ and $+\mu_{0} H$, respectively. The temperature of this system is $T$. Find the total magnetic moment of this system, $M=\mu_{0}\left(N_{+}-N_{-}\right)$.","The total magnetic moment

$$  
M=\mu_{0}\left(N_{+}-N_{-}\right)=N k T \frac{\partial}{\partial H} \ln z=N \mu_{0} \frac{\mathrm{e}^{\mu_{0} H / k T}-\mathrm{e}^{-\mu_{0} H / k T}}{\mathrm{e}^{\mu_{0} H / k T}+\mathrm{e}^{-\mu_{0} H / k T}}=N \mu_{0} \tanh \left(\mu_{0} H / k T\right)  
$$",\boxed{N \tanh \left(\mu_{0} H / k T\right)},EX,\mu_{0},False,EN,Math Derivation
3445,Mechanics and Thermodynamics,Statistical Mechanics,Maxwell-Boltzmann Statistics,The average kinetic energy of hydrogen atoms in the atmosphere of a certain star is 1.0 eV. What is the ratio of the number of atoms in the second excited state \(n=3\) to the number in the ground state?,"The energy levels of hydrogen atoms are given by

\[
E_{n}=-\frac{13.6}{n^{2}} \, \text{eV}
\]

According to the Boltzmann distribution, we have

\[
\frac{N_{3}}{N_{1}}=\exp \left[\frac{E_{1}-E_{3}}{k T}\right]
\]

Substituting \(E_{1}=-13.6 \, \text{eV}, E_{3}=-\frac{13.6}{9} \, \text{eV}, k T=\frac{2}{3} \, \text{eV}\), we obtain

\[
\frac{N_{3}}{N_{1}} \approx 1.33 \times 10^{-8}
\]",\boxed{1.33 \times 10^{-8}},NV,,False,EN,Laws Application
3446,Mechanics and Thermodynamics,Statistical Mechanics,Ensemble Theory,"An absorption membrane is in thermal equilibrium, with $N$ sites available for atoms to adsorb, each having potential energy $\varepsilon_{0}$. Find the grand partition function $\Xi$ for the absorption membrane.","The grand partition function of the absorption membrane is given by
\[
\Xi=\sum_{n=0}^{N} \lambda^{n} Z_{s}
\]
where $\lambda=\exp \left(\mu_{\mathrm{s}} / k T\right)$ is the fugacity of the absorption membrane, $\mu_{\mathrm{s}}$ is the chemical potential of the absorption membrane, and $Z_{\mathrm{s}}$ is the partition function of the absorption membrane with $n$ adsorbed particles:
\[
Z_{\mathrm{s}}=\frac{N!}{n!(N-n)!} \exp \left(\frac{n \varepsilon_{0}}{k T}\right)
\]",\boxed{\Xi=\sum_{n=0}^{N} \lambda^{n} Z_{s}},EQ,,False,EN,Knowledge Recall
3447,Mechanics and Thermodynamics,Statistical Mechanics,Maxwell-Boltzmann Statistics,"In a closed container, there are 1 g each of ice, water, and water vapor in thermal equilibrium, with a pressure of 4.58 mmHg and a temperature of 0.01C. The system is heated with 60 cal. The total volume remains unchanged. Calculate the weight of the ice, water, and water vapor \( x \), \( y \), and \( z \) at equilibrium.","When the gas is in equilibrium at temperature \(T\), it follows the Maxwell velocity distribution law. The number of molecules within a unit volume with velocities between \(\boldsymbol{v}\) and \(\boldsymbol{v}+\mathrm{d} \boldsymbol{v}\) is given by:

\[
f(v) \mathrm{d} v=n\left(\frac{m}{2 \pi k T}\right)^{3 / 2} \exp \left(-\frac{m v^{2}}{2 k T}\right) \mathrm{d} v \tag{1}
\]

To calculate the number of collisions, consider the two types of molecules as elastic hard spheres with diameters \(d_{1}\) and \(d_{2}\). Using the center of a molecule of the first type as the sphere's center and a radius of \(d_{12}=(d_{1}+d_{2})/2\), the sphere surface is conceptualized. When two molecules collide, the center of the second type must be on this imaginary sphere, with \(v_{r}=v_{2}-v_{1}\) being the relative velocity of molecule 2 concerning molecule 1. In a time \(\mathrm{d} t\), for the second type of molecule to collide with the first within the solid angle element \(\mathrm{d} \Omega\) along the axis direction \(\boldsymbol{n}\), it must be located within a cylinder with base \(d_{12}^{2} \mathrm{d} \Omega\) and height \(v_{r} \cos \theta \mathrm{d} t\). The volume of this cylinder is:

\[
\mathrm{d} \tau=d_{12}^{2} v_{r} \cos \theta \mathrm{d} \Omega \mathrm{d} t \tag{2}
\]

Therefore, in time \(\mathrm{d} t\), the number of collisions within the solid angle element \(\mathrm{d} \Omega\) along the axis \(\boldsymbol{n}\) between a molecule 1 with speed \(\boldsymbol{v}_{1}\) and molecule 2 with speeds in the range \(\boldsymbol{v}_{2}\) to \(\boldsymbol{v}_{2}+\mathrm{d} \boldsymbol{v}_{2}\) is:

\[
f_{2}\left(\boldsymbol{v}_{2}\right) \mathrm{d} \boldsymbol{v}_{2} \mathrm{d} \tau = d_{12}^{2} v_{r} \cos \theta f_{2}\left(\boldsymbol{v}_{2}\right) \mathrm{d} \boldsymbol{v}_{2} \mathrm{d} \Omega \mathrm{d} t \tag{3}
\]

Thus, the average number of collisions in unit time between one molecule of the first type and all molecules of the second type is:

\[
\overline{\Theta_{12}} = \frac{1}{n_{1}} \iiint d_{12}^{2} v_{r} \cos \theta \cdot f_{1}\left(\boldsymbol{v}_{1}\right) f_{2}\left(\boldsymbol{v}_{2}\right) \mathrm{d} \boldsymbol{v}_{1} \mathrm{d} \boldsymbol{v}_{2} \mathrm{d} \Omega \tag{5}
\]

Completing the angular integration:

\[
\int \cos \theta \mathrm{d} \Omega = \int_{0}^{2 \pi} \mathrm{d} \varphi \cdot \int_{0}^{\pi} \cos \theta \sin \theta \mathrm{d} \theta = \pi \tag{6}
\]

We find:

\[
\overline{\Theta_{12}} = \pi n_{2} d_{12}^{2}\left(\frac{m_{1}}{2 \pi k T}\right)^{3/2}\left(\frac{m_{2}}{2 \pi k T}\right)^{3/2} \iint v_{r} \exp \left(-\frac{m_{1} v_{1}^{2}+m_{2} v_{2}^{2}}{2 k T}\right) \mathrm{d} \boldsymbol{v}_{1} \mathrm{d} \boldsymbol{v}_{2} \tag{7}
\]

Introducing the velocity of the center of mass:

\[
\boldsymbol{v}_{\mathrm{c}} = \frac{1}{m_{1}+m_{2}}\left(m_{1} \boldsymbol{v}_{1}+m_{2} \boldsymbol{v}_{2}\right) \tag{8}
\]

We have:

\[
\frac{1}{2} m_{1} v_{1}^{2}+\frac{1}{2} m_{2} v_{2}^{2}=\frac{1}{2} M v_{\mathrm{c}}^{2}+\frac{1}{2} \mu v_{r}^{2} \tag{9}
\]

And

\[
\mathrm{d} \boldsymbol{v}_{\mathrm{c}} \mathrm{d} \boldsymbol{v}_{r}=|J| \mathrm{d} \boldsymbol{v}_{1} \mathrm{d} \boldsymbol{v}_{2} \tag{10}
\]

where \(M=m_{1}+m_{2}\) is the total mass of the two molecules, and \(\mu=m_{1} m_{2} /(m_{1}+m_{2})\) is the reduced mass of the two molecules. The absolute value of the Jacobian determinant is:

\[
|J|= \left|\frac{\partial(\boldsymbol{v}_{\mathrm{c}}, \boldsymbol{v}_{r})}{\partial(\boldsymbol{v}_{1}, \boldsymbol{v}_{2})}\right|=1 \tag{11}
\]

Substituting these results into equation (7), we finally obtain the average frequency of collisions between a molecule of the first type and those of the second type:

\[
\overline{\Theta_{12}} = \pi n_{2} d_{12}^{2}\left(\frac{m_{1}}{2 \pi k T}\right)^{3/2}\left(\frac{m_{2}}{2 \pi k T}\right)^{3/2} \int \exp \left(-\frac{M v_{c}^{2}}{2 k T}\right) \mathrm{d} v_{\mathrm{c}} \cdot \int v_{r} \exp \left(-\frac{\mu v_{r}^{2}}{2 k T}\right) \mathrm{d} v_{r} = \pi n_{2} d_{12}^{2} \sqrt{\frac{8 k T}{\pi \mu}} = \pi n_{2} d_{12}^{2}\left(1+\frac{m_{1}}{m_{2}}\right)^{1/2} \overline{v_{1}} \tag{12}
\]

where \(\overline{v_{1}}=\sqrt{8 k T / \pi m_{1}}\) is the average speed of the first type of molecule, and \(n_{1}\) and \(n_{2}\) are the molecular number densities of the first and second types of gas molecules, respectively. For identical molecules, the average collision frequency is \(\Theta=\sqrt{2} n \pi d^{2} v\).","\boxed{x = 0, y = 0, z = 3}",EQ,"\text{g}, \text{g}, \text{g}",True,EN,Laws Application
3448,Mechanics and Thermodynamics,Statistical Mechanics,Ensemble Theory,"Two magnetic dipoles $M_{1}$ and $M_{2}$ are separated by a distance $R$. The positions of the dipoles are fixed, but their orientations can be freely chosen. They reach thermal equilibrium with an environment at temperature $T$. In the high temperature limit $\frac{M_{1} M_{2}}{k T R^{3}} \ll 1$, the problem can be approached using classical methods. Calculate the classical partition function $Z$. The potential energy between the two dipoles is given by

$$
\phi = \frac{3\left(\boldsymbol{M}_{1} \cdot \boldsymbol{R}\right) \left(\boldsymbol{M}_{2} \cdot \boldsymbol{R}\right) - \left(\boldsymbol{M}_{1} \cdot \boldsymbol{M}_{2}\right) \boldsymbol{R}^{2}}{R^{5}}
$$","Taking the line joining the two dipoles as the $z$-axis, we have

$$
\phi = \frac{M_{1} M_{2}}{R^{3}} \left[2 \cos \theta_{1} \cos \theta_{2} - \sin \theta_{1} \sin \theta_{2} \cos \left(\varphi_{1} - \varphi_{2}\right)\right]
$$

The classical partition function is

$$
Z = \int \mathrm{e}^{-\beta \phi} \mathrm{d}\Omega_{1} \mathrm{d}\Omega_{2} = \int \exp \left[-\frac{\beta M_{1} M_{2}}{R^{3}} \left(2 \cos \theta_{1} \cos \theta_{2} - \sin \theta_{1} \sin \theta_{2} \cos \left(\varphi_{1} - \varphi_{2}\right)\right)\right] \mathrm{d} \Omega_{1} \mathrm{d} \Omega_{2}
$$

Since $\lambda = \frac{\beta M_{1} M_{2}}{R^{3}} \ll 1$, we expand the integrand, retaining terms up to the first non-zero term in $\lambda$, and noting that the integration of linear terms involving $\cos \theta$ yields 0, we obtain

$$
Z = \int \left[1 + \frac{\lambda^{2}}{2} \left(2 \cos \theta_{1} \cos \theta_{2} - \sin \theta_{1} \sin \theta_{2} \cos \left(\varphi_{1} - \varphi_{2}\right)\right)^{2}\right] \mathrm{d} \Omega_{1} \mathrm{d} \Omega_{2}
$$

$$
= 16 \pi^{2} + \frac{32 \pi^{2}}{9} \lambda^{2} + \frac{16 \pi^{2}}{9} \lambda^{2} = 16 \pi^{2} \left(1 + \frac{1}{3} \lambda^{2}\right)
$$",\(\boxed{16 \pi^{2} \left(1 + \frac{1}{3} \lambda^{2}\right)}\),NV,,False,EN,Math Derivation
3449,Mechanics and Thermodynamics,Statistical Mechanics,Ensemble Theory,"The steam and the absorption membrane are in thermal equilibrium. Given the chemical potential of the absorption membrane, $\mu_{\mathrm{s}}$, and the chemical potential of the steam, $\mu_{\mathrm{g}}$, determine the functional relationship between the vapor pressure $p_{\mathrm{g}}$ and the coverage $\sigma$.","Using the thermodynamic equilibrium condition $\mu_{\mathrm{s}} = \mu_{\mathrm{g}}$, and combining it with the relevant equations, the functional relationship between the vapor pressure $p_{\mathrm{g}}$ and the coverage $\sigma$ is given by
\[
p_{\mathrm{g}} = \left(\frac{2 \pi m k T}{h^{2}}\right)^{3 / 2} \frac{k T}{1 / \sigma - 1} \exp \left(-\frac{\varepsilon_{0}}{k T}\right)
\]",\(\boxed{p_{\mathrm{g}}=\left(\frac{2 \pi m k T}{h^{2}}\right)^{3 / 2} \frac{k T}{1 / \sigma-1} \exp \left(-\frac{\varepsilon_{0}}{k T}\right)}\),EQ,,False,EN,Math Derivation
3457,Mechanics and Thermodynamics,Statistical Mechanics,Ensemble Theory,"$N$ spin-$1/2$ particles are arranged in a straight line, where interactions exist only between nearest neighbors. When both neighboring spins are either both up or both down, the interaction energy between them is $J$. When one spin is up and the other is down, the interaction energy is $-J$. This describes the one-dimensional Ising model of a ferromagnet. Derive the expression for the energy of a given configuration.","There are $N-1$ interaction pairs among $N$ spins. Let $N_{\mathrm{p}}$ be the number of parallel spin pairs and $N_{\mathrm{a}}$ the number of antiparallel spin pairs. Thus,

\[
N_{\mathrm{p}} + N_{\mathrm{a}} = N-1 \tag{1}
\]

The energy for a given configuration is

\[
E = J(N_{\mathrm{p}} - N_{\mathrm{a}}) = J(2 N_{\mathrm{p}} - N + 1) \tag{2}
\]

where $J$ is the interaction constant.",\boxed{E = J(2 N_{\mathrm{p}} - N + 1)},EQ,,False,EN,Math Derivation
3458,Mechanics and Thermodynamics,Statistical Mechanics,Ensemble Theory,"A system consisting of \(N\) nearly independent particles obeys Boltzmann statistics. Each particle can occupy any one of three non-degenerate energy levels \(-E, 0, +E\). The system is in contact with a heat reservoir at temperature \(T\). If \(c(T)\) is the specific heat capacity of the system, what is the value of

\[
\int_{0}^{\infty} \frac{c(T)}{T} \, \mathrm{d} T = ?
\]","\(\int_{0}^{\infty} \frac{c(T)}{T} \, \mathrm{d} T = \int_{0}^{\infty} \mathrm{d} S = S(\infty) - S(0) = N k \ln 3\)",\boxed{N k \ln 3},NV,,False,EN,Laws Application
3459,Mechanics and Thermodynamics,Statistical Mechanics,Ensemble Theory,"In a box with a side length of \(10^{-2} \mathrm{~cm}\), there are \(10^{10}\) identical spinless particles that obey classical statistics. The particle mass \(m = m_{\mathrm{e}}\) is the mass of an electron. The interaction between particles is very weak; there are two types of interactions with the box: one is attractive, which leads to a bound state near the center of the box with an energy of \(\Phi = -1 \mathrm{eV}\); the other is strongly repulsive, preventing the particles from escaping through the box walls. Find the partition function of the gas under specific conditions.","The interaction between the gas particles is very weak; there are two types of interactions between the particles and the box: one is attractive, leading to a bound state near the center of the box with an energy of \(\Phi = -1 \mathrm{eV}\); the other is strongly repulsive, preventing the particles from escaping through the box walls. Thus, the energy of the gas particles is \(p_{i}^{2} / 2 m\) or \(\Phi\), where \(p_{i}\) is the momentum of particle \(i\), and \(\Phi = -1 \mathrm{eV}\) is the energy of the particle's bound state. The partition function of the gas is

\[
Z = \sum_{\{\text{states}\}} \exp \left(-\frac{E}{k T}\right) = \left[\frac{4 \pi V}{h^{3}} \int_{0}^{\infty} p^{2} \exp \left(-\frac{p^{2}}{2 m k T}\right) \mathrm{d} p + \exp \left(-\frac{\Phi}{k T}\right)\right]^{N}
\]

\[
= \left[V \left(\frac{2 \pi m k T}{h^{2}}\right)^{3/2} + \exp \left(-\frac{\Phi}{k T}\right)\right]^{N} \tag{1}
\]",\boxed{V \left(\frac{2 \pi m k T}{h^{2}}\right)^{3/2} + \exp \left(-\frac{\Phi}{k T}\right)},EX,,False,EN,Laws Application
3460,Mechanics and Thermodynamics,Statistical Mechanics,Maxwell-Boltzmann Statistics,"Consider a rigid lattice composed of distinguishable atoms with spin $\frac{1}{2}$ in a magnetic field. The spin has two states relative to the magnetic field: up ( $\uparrow$ ) and down ( $\downarrow$ ), corresponding to energies of $-\mu_{0} H$ and $+\mu_{0} H$, respectively. The temperature of this system is $T$. Find the canonical partition function $Z$ of this system.","The single-particle partition function is  

$$  
z=\mathrm{e}^{\mu_{0} H / k T}+\mathrm{e}^{-\mu_{0} H / k T}  
$$  

The partition function of the system is  

$$  
Z=z^{N}  
$$",\boxed{Z = \left( \mathrm{e}^{\mu_{0} H / k T} + \mathrm{e}^{-\mu_{0} H / k T} \right)^{N}},EQ,,False,EN,Knowledge Recall
3462,Mechanics and Thermodynamics,Statistical Mechanics,Ensemble Theory,"The system's particles have two non-degenerate energy levels: $\varepsilon_{1}=0, \varepsilon_{2}=\varepsilon$. If the system can have at most one particle, find the average occupation number for each energy level.","The system's particles have two non-degenerate energy levels: $\varepsilon_{1}=0, \varepsilon_{2}=\varepsilon$. The system can have at most one particle. The average occupation number at energy level 1 is

\[
\overline{N_{1}}=\sum_{N=1}^{1} \sum_{N_{1}=0}^{N} N_{1} P\left(N, E=(N-N_{1}) \varepsilon\right)=P(N=1, E=0)=\frac{\lambda}{\Xi}
\]

The average occupation number at energy level 2 is

\[
\overline{N_{2}}=\sum_{N=1}^{1} \sum_{N_{2}=0}^{N} N_{2} P\left(N, E=N_{2} \varepsilon\right)=P(N=1, E=\varepsilon)=\frac{\lambda}{\Xi} \exp \left(-\frac{\varepsilon}{k T}\right)
\]","\boxed{\frac{\lambda}{\Xi}, \frac{\lambda}{\Xi} \exp \left(-\frac{\varepsilon}{k T}\right)}",EX,"None, None",True,EN,Laws Application
3463,Mechanics and Thermodynamics,Statistical Mechanics,Ensemble Theory,"\(N\) particles, each with mass \(m\), are absorbed by a surface of area \(A\), forming a two-dimensional gas at temperature \(T\). The energy of the particles is given by \(\varepsilon = \frac{p^{2}}{2m} - \varepsilon_{0}\), where \(p = (p_{x}, p_{y})\) and \(\varepsilon_{0}\) is the binding energy. Calculate the chemical potential \(\mu\) of this gas.","The classical partition function of the two-dimensional gas is

\[
z = \frac{A^{N}}{N!}\left(\frac{2 \pi m k T}{h^{2}}\right)^{N} \cdot \mathrm{e}^{N \varepsilon_{0} / kT}
\]

Thus, we have

\[
\begin{gathered}
G = F + pA = -kT \ln z + NkT = -NkT\left[\ln \frac{A}{N} + \ln \left(\frac{2 \pi m k T}{h^{2}}\right) + \frac{\varepsilon_{0}}{kT}\right] \\
\mu = -kT\left[\ln \frac{A}{N} + \ln \left(\frac{2 \pi m k T}{h^{2}}\right) + \frac{\varepsilon_{0}}{kT}\right]
\end{gathered}
\]",\boxed{-kT\left[\ln \frac{A}{N} + \ln \left(\frac{2 \pi m k T}{h^{2}}\right) + \frac{\varepsilon_{0}}{kT}\right]},EX,,False,EN,Math Derivation
3464,Mechanics and Thermodynamics,Statistical Mechanics,Maxwell-Boltzmann Statistics,"A paramagnetic solid consists of \(N\) particles with spin quantum number \(s\), where the particles are fixed in position on lattice points. Find the entropy.","By using the result of the partition function, the entropy of the paramagnetic solid can be expressed as

\[
S = N k\left[\ln z-\beta \frac{\partial \ln z}{\partial \beta}\right] = N k\{\ln \sinh [(2 s+1) x]-\ln \sinh x+x \operatorname{coth} x-(2 s+1) x \operatorname{coth}[(2 s+1) x]\} 
\]","\boxed{S = N k\{\ln \sinh [(2 s+1) x]-\ln \sinh x+x \operatorname{coth} x-(2 s+1) x \operatorname{coth}[(2 s+1) x]\}}
```",EQ,,False,EN,Math Derivation
3465,Mechanics and Thermodynamics,Statistical Mechanics,Maxwell-Boltzmann Statistics,A homogeneous rod with mass $M$ and length $L$ forms a pendulum. The upper endpoint of the rod serves as the pivot. The rod is weakly coupled to a heat reservoir at temperature $T$. Determine the average value of the square of the velocity of the pendulum's center of mass under the influence of gravity. Assume $x \ll L$.,"The average value of the square of the center of mass velocity is given by

\[
\overline{\left( \frac{\mathrm{d} x_{\mathrm{C}}}{\mathrm{d} t} \right)^{2}} = \omega^{2} \overline{x_{\mathrm{C}}^{2}} \tag{3}
\]

According to the equipartition theorem, the average kinetic energy of the motion of the pendulum's center of mass is

\[
\overline{E_{k}} = \overline{\frac{1}{2} M \left( \frac{\mathrm{d} x_{\mathrm{C}}}{\mathrm{d} t} \right)^{2}} = \frac{1}{2} k T \tag{4}
\]

From equation (4), we can deduce that the average value of the square of the center of mass velocity is $\overline{\left( \frac{\mathrm{d} x_{\mathrm{C}}}{\mathrm{d} t} \right)^{2}} = \frac{k T}{M}$.",\boxed{\frac{k T}{M}},NV,\mathrm{None},False,EN,Laws Application
3466,Mechanics and Thermodynamics,Statistical Mechanics,Maxwell-Boltzmann Statistics,"A paramagnetic solid consists of \(N\) particles with a spin quantum number \(s\), with the particles fixed at lattice points. Find the internal energy.","Using the result of the partition function, we can obtain the internal energy of the paramagnetic solid as

\[
U = -N \frac{\partial \ln z}{\partial \beta} = N \mu_{\mathrm{B}} H\{\operatorname{coth} x-(2 s+1) \operatorname{coth}[(2 s+1) x]\} 
\]",\boxed{N \mu_{\mathrm{B}} H\{\operatorname{coth} x-(2 s+1) \operatorname{coth}[(2 s+1) x]\}},EX,,False,EN,Math Derivation
3467,Mechanics and Thermodynamics,Statistical Mechanics,Ensemble Theory,"The surface area of a metal is \( A \). To move a helium atom from the metal surface to infinity, \( \Phi \) amount of work is required. There is no interaction between helium atoms, and they can move freely on the metal surface. If the volume of helium gas is \( V \), pressure is \( p \), temperature is \( T \), and it is in thermal equilibrium with the metal, calculate the total partition function \( Z \) of the system.","The total partition function of the system is 

\[
Z=Z_{\mathrm{g}} \cdot Z_{\mathrm{s}} \tag{3}
\]",\boxed{Z=Z_{\mathrm{g}} \cdot Z_{\mathrm{s}}},EQ,,False,EN,Knowledge Recall
3468,Mechanics and Thermodynamics,Statistical Mechanics,Maxwell-Boltzmann Statistics,"A monoatomic classical ideal gas has a number of particles \(N\), volume \(V\), and temperature \(T\). Each atom has two internal energy levels \(\varepsilon_{1}=0\) and \(\varepsilon_{2}=\Delta\). Find the pressure \(p\) of the gas.","Using equation (8), from equation (7) we obtain

\[
p=-\left(\frac{\partial F}{\partial V}\right)=n k T \tag{10}
\]",\boxed{n k T},EX,,False,EN,Knowledge Recall
3470,Mechanics and Thermodynamics,Statistical Mechanics,Maxwell-Boltzmann Statistics,"A gas of hydrogen molecules is initially in equilibrium at a temperature of $T = 1000 \,\mathrm{K}$. The gas is rapidly cooled to 20 K, and the nuclear spin state of the molecules does not change; only the translational and rotational degrees of freedom are altered through collisions. The ratio of orthohydrogen to para-hydrogen is $1:3$. The average rotational energy is known to be $\bar{E}_{\text{rot}} = 135 \, \mathrm{K}$, and the average translational kinetic energy is $\bar{E}_{\text{trans}} = 30 \, \mathrm{K}$. Please compute the average energy $\bar{E}$ of the molecules.","Therefore, the average energy of a molecule $\bar{E} = \bar{E}_{\text{trans}} + \bar{E}_{\text{rot}} = 165 \, \mathrm{K}$. $1 \, \mathrm{K}$ (energy) $ = 1 \, k T(T=1 \, \mathrm{K}) = 1.38 \times 10^{-23} \, \mathrm{J}$.",\boxed{165},NV,\mathrm{K},False,EN,Knowledge Recall
3471,Mechanics and Thermodynamics,Statistical Mechanics,Maxwell-Boltzmann Statistics,Kinematic properties of a classical gas. A container is filled with a gas with a molecular weight of $M$ at temperature $T$. Find the average speed of the molecules.,"The Maxwell velocity distribution is given by:
$$
\mathrm{d} \omega = \left(\frac{m}{2 \pi k T}\right)^{3/2} \exp\left[-\frac{m v^{2}}{2 k T}\right] \mathrm{d} v_{x} \mathrm{~d} v_{y} \mathrm{~d} v_{z}
$$

The average velocity $\bar{v}_{x}$ is calculated as:
$$
\bar{v}_{x} = \left(\frac{m}{2 \pi k T}\right)^{3/2} \iiint_{-\infty}^{\infty} \exp\left[-\frac{m\left(v_{x}^{2} + v_{y}^{2} + v_{z}^{2}\right)}{2 k T}\right] v_{x} \mathrm{~d} v_{x} \mathrm{~d} v_{y} \mathrm{~d} v_{z} = 0
$$

Similarly, we have $\bar{v}_{y} = \bar{v}_{z} = 0$. Thus, the average speed $\bar{v} = 0$.",\boxed{0},NV,,False,EN,Laws Application
3472,Mechanics and Thermodynamics,Statistical Mechanics,Maxwell-Boltzmann Statistics,"Consider a system in which each lattice point is occupied by a fixed atom (spin $s=1$), with spins that can assume three orientations. The energies are $1, 0, -1$, and the energy levels are non-degenerate. Calculate the single atom's $\bar{\varepsilon}$ (average energy) and $\overline{\varepsilon^{2}}$ (average of the square of the energy).","For a single atom,

$$
\begin{aligned}
& \bar{\varepsilon} = -\frac{e^{\beta} - e^{-\beta}}{1 + e^{\beta} + e^{-\beta}}, \\
& \overline{\varepsilon^{2}} = \frac{e^{\beta} + e^{-\beta}}{1 + e^{\beta} + e^{-\beta}}.
\end{aligned}
$$","\boxed{\bar{\varepsilon} = -\frac{e^{\beta} - e^{-\beta}}{1 + e^{\beta} + e^{-\beta}}, \overline{\varepsilon^{2}} = \frac{e^{\beta} + e^{-\beta}}{1 + e^{\beta} + e^{-\beta}}}","EQ, EQ",,True,EN,Math Derivation
3473,Mechanics and Thermodynamics,Statistical Mechanics,Maxwell-Boltzmann Statistics,A paramagnetic solid is composed of \(N\) particles with a spin quantum number of \(s\). The particles are fixed at lattice sites. Find the specific heat capacity.,"Using the result of the internal energy, we can obtain the specific heat capacity of the paramagnetic solid as

\[
c = \frac{\partial U}{\partial T} = N k x^{2}\left\{\operatorname{csch}^{2} x-(2 s+1)^{2} \operatorname{csch}^{2}[(2 s+1) x]\right\} 
\]",\boxed{c = N k x^{2}\left\{\operatorname{csch}^{2} x-(2 s+1)^{2} \operatorname{csch}^{2}[(2 s+1) x]\right\}},EQ,,False,EN,Knowledge Recall
3475,Mechanics and Thermodynamics,Statistical Mechanics,Maxwell-Boltzmann Statistics,"An ideal gas molecule consists of two atoms, each with mass $m$, separated by a distance $d$ (where $d$ is a constant). The two atoms carry charges $\pm q$, respectively, and the entire gas is placed in an external field with field strength $\varepsilon$. Determine the polarizability of each molecule, ignoring quantum effects.","Let the angle between the molecular dipole moment and the external field be $\theta$. Then, considering only the energy due to the molecular orientation, we have

$$
E = -E_0 \cos \theta, \quad E_0 = dq\varepsilon
$$

Therefore, the average dipole moment is

$$
\bar{p} = \frac{\int dq \cos \theta \, e^{E_0 \cos \theta / kT} \, d\Omega}{\int e^{E_0 \cos \theta / kT} \, d\Omega} = dq \frac{\int_0^{\pi} \cos \theta \, e^{E_0 \cos \theta / kT} \sin \theta \, d\theta}{\int_0^{\pi} e^{E_0 \cos \theta / kT} \sin \theta \, d\theta} = dq \left[ \coth \left(\frac{E_0}{kT}\right) - \frac{kT}{E_0} \right]
$$

The polarizability is

$$
\chi = \frac{\partial \bar{p}}{\partial \varepsilon} = \frac{dq}{\varepsilon} \cdot \frac{kT}{E_0} \left[ 1 - \frac{\left(\frac{E_0}{kT}\right)^2}{\sinh^2\left(\frac{E_0}{kT}\right)} \right]
$$","\[
\boxed{\frac{dq^2}{kT}\left[1 - \frac{\left(\frac{dq\varepsilon}{kT}\right)^2}{\sinh^2\left(\frac{dq\varepsilon}{kT}\right)}\right]}
\]",EX,,False,EN,Math Derivation
3476,Mechanics and Thermodynamics,Statistical Mechanics,Maxwell-Boltzmann Statistics,"Consider a monoatomic molecular gas, which has two energy levels: the ground state with a degeneracy of $g_{1}$ and an excited state with an energy $E$ higher than the ground state, having a degeneracy of $g_{2}$. Calculate the average energy $\varepsilon$ of each atom.","According to the Boltzmann distribution, the average energy of each atom is

$$
\varepsilon = \frac{3}{2} k T + E_{0} + \frac{g_{2} E \mathrm{e}^{-E / k T}}{g_{1} + g_{2} \mathrm{e}^{-E / k T}}
$$

where $E_{0}$ is the dissociation energy of the ground state (here we take the ground state energy as the zero point of energy).",\boxed{\frac{3}{2} k T+E_{0}+\frac{g_{2} E \mathrm{e}^{-E / k T}}{g_{1}+g_{2} \mathrm{e}^{-E / k T}}},EX,,False,EN,Laws Application
3477,Mechanics and Thermodynamics,Statistical Mechanics,Ensemble Theory,"Assume that particles in a gas possess a non-degenerate energy level $\varepsilon$. Calculate the average energy of a particle under Fermi statistics, Bose statistics, and Maxwell-Boltzmann statistics.","Under Fermi statistics, the average energy of a particle is:

\begin{equation*}
u_{\mathrm{F}} = \left[\frac{1}{\exp(\alpha + \varepsilon / k T) + 1}\right] \cdot \varepsilon \tag{4}
\end{equation*}

Under Bose statistics, the average energy of a particle is:

\begin{equation*}
u_{\mathrm{B}} = \left[\frac{1}{\exp(\alpha + \varepsilon / k T) - 1}\right] \cdot \varepsilon \tag{5}
\end{equation*}

Under Maxwell-Boltzmann statistics, the average energy of a particle is:

\begin{equation*}
u_{\mathrm{MB}} = \left[\frac{1 + 2 \exp(-\alpha - \varepsilon / k T)}{\exp(\alpha + \varepsilon / k T) + 1 + \exp(-\alpha - \varepsilon / k T)}\right] \cdot \varepsilon \tag{6}
\end{equation*}","\boxed{u_{\mathrm{F}} = \left[\frac{1}{\exp(\alpha + \varepsilon / k T) + 1}\right], u_{\mathrm{B}} = \left[\frac{1}{\exp(\alpha + \varepsilon / k T) - 1}\right], u_{\mathrm{p}} = \left[\frac{1 + 2 \exp(-\alpha - \varepsilon / k T)}{\exp(\alpha + \varepsilon / k T) + 1 + \exp(-\alpha - \varepsilon / k T)}\right]}","EX, EX, EX","\varepsilon, \varepsilon, \varepsilon",True,EN,Knowledge Recall
3479,Mechanics and Thermodynamics,Statistical Mechanics,Ensemble Theory,"Two magnetic dipoles $M_{1}$ and $M_{2}$ are separated by a distance $R$. The positions of the dipoles are fixed, but their orientations can be freely chosen. They achieve thermal equilibrium with an environment at temperature $T$. In the high-temperature limit, where $\frac{M_{1} M_{2}}{k T R^{3}} \ll 1$, the system can be treated classically. The partition function is given by $Z = 16 \pi^{2} \left(1 + \frac{1}{3} \lambda^{2}\right)$. Calculate the average force $F$ between the two dipoles. Here, $\lambda = \frac{\beta M_{1} M_{2}}{R^{3}}$.","The average interaction energy between the two particles is

$$
u = -\frac{1}{Z} \frac{\partial Z}{\partial \beta} = \frac{16 \lambda}{37 + 8 \lambda^{2}} \cdot \frac{M_{1} M_{2}}{R^{3}}
$$

The average force between the two dipoles is

$$
F = -\frac{\partial u}{\partial R} = \frac{16 k T}{R} \cdot \frac{74 \lambda^{2}}{37 + 8 \lambda^{2}}
$$",\boxed{\frac{16 k T}{R} \cdot \frac{74 \lambda^{2}}{37 + 8 \lambda^{2}}},EX,,False,EN,Math Derivation
3480,Mechanics and Thermodynamics,Statistical Mechanics,Maxwell-Boltzmann Statistics,"Assume that the collision between gas molecules and the wall is an inelastic collision. During the collision, molecules can only transfer a portion $\alpha$ of their energy to the wall. Determine the energy transferred to the unit area of the wall per unit time. The temperature of the gas is $T$, the molecular mass is $m$, and the number density of molecules is $n$. Let $\theta$ be the angle between the molecular velocity $v$ and the normal direction of the wall.","When a molecule with velocity $v$ collides with the wall, the energy transferred to the wall is $\alpha m v^2 / 2$. Therefore, the energy transferred to the unit area of the wall per unit time by the gas is

\[
q = n \left(\frac{m}{2 \pi k T}\right)^{3/2} \frac{\alpha m}{2} \int_{0}^{\infty} v^5 \exp \left(-\frac{m v^2}{2 k T}\right) \mathrm{d} v \int_{0}^{2 \pi} \mathrm{d} \varphi \int_{0}^{\pi} \cos \theta \sin \theta \mathrm{d} \theta = \alpha \frac{\pi m n}{2}\left(\frac{2 k T}{\pi m}\right)^{3/2} \tag{2}
\]","\[
\boxed{\alpha \frac{\pi m n}{2}\left(\frac{2 k T}{\pi m}\right)^{3/2}}
\]",EX,,False,EN,Math Derivation
3483,Mechanics and Thermodynamics,Statistical Mechanics,Maxwell-Boltzmann Statistics,An isolated hydrogen atom weakly interacts with a heat reservoir. Write out the part of the partition function of the hydrogen atom corresponding to its internal energy levels. Does this expression diverge at $T=0 \mathrm{~K}$ and $T \neq 0 \mathrm{~K}$?,"The internal energy levels of a hydrogen atom are $-\frac{E_{0}}{n^{2}}$, with a degeneracy of $2n^{2}$, where $n$ can take values $1,2,3, \cdots$. Therefore,

$$
z=\sum_{n=1}^{\infty} 2n^{2} \mathrm{e}^{E_{0} / n^{2} k T}
$$

At $T=0 \mathrm{~K}$, this expression is meaningless; at $T \neq 0 \mathrm{~K}$, it diverges.",\boxed{Yes},TF,,False,EN,Laws Application
3484,Mechanics and Thermodynamics,Statistical Mechanics,Maxwell-Boltzmann Statistics,A pendulum is composed of a homogeneous rod with mass $M$ and length $L$. The upper endpoint of the rod is the pivot point. The rod is weakly coupled to a heat reservoir at temperature $T$. Find the mean square displacement of the center of mass of the pendulum under the influence of gravity. Assume $x \ll L$.,"The mean square displacement of the center of mass is

\[
\overline{x_{\mathrm{C}}^{2}} = \left\langle x_{0}^{2} \sin^{2}(\omega t+\varphi) \right\rangle = \frac{1}{2} \overline{x_{0}^{2}} \tag{2}
\]

Substituting the mean square of the center of mass velocity $\overline{\left( \frac{\mathrm{d} x_{\mathrm{C}}}{\mathrm{d} t} \right)^{2}} = \frac{k T}{M}$ obtained from the previous problem, we get

\[
\overline{x_{\mathrm{C}}^{2}} = \frac{k T}{M \omega^{2}} = \frac{k T L}{M g} \tag{5}
\]",\[\boxed{\frac{k T L}{M g}}\],EX,,False,EN,Laws Application
3485,Mechanics and Thermodynamics,Statistical Mechanics,Maxwell-Boltzmann Statistics,"Potassium chloride \((^{39} \mathrm{K}^{35} \mathrm{Cl})\) is a colorless, transparent ionic crystal with a density \(\rho=2.0 \, \mathrm{g/cm}^{3}\). Calculate the nearest neighbor distance between \(\mathrm{K}^{+}\) and \(\mathrm{Cl}^{-}\) ions in this solid.","The density of the potassium chloride \(^{39} \mathrm{K}^{35} \mathrm{Cl}\) crystal is \(\rho=2.0 \, \mathrm{g/cm}^{3}\), and the molecular mass is \(m=(39+35) \times 1.67 \times 10^{-27} \, \mathrm{kg}\). Therefore, the molecular number density is \(n=\rho / m=1.62 \times 10^{22} \, \mathrm{cm}^{-3}\). Thus, the nearest neighbor distance between \(\mathrm{K}^{+}\) and \(\mathrm{Cl}^{-}\) ions is

\[
l=\frac{\sqrt{3}}{2} n^{-1/3}=3.4 \times 10^{-8} \, \mathrm{cm}=3.4 \, \mathrm{\AA}
\]",\boxed{3.4},NV,\mathrm{\AA},False,EN,Knowledge Recall
3486,Mechanics and Thermodynamics,Statistical Mechanics,Ensemble Theory,"An absorption membrane is in thermal equilibrium, with $N$ sites available for atoms to be adsorbed, each with a potential energy $\varepsilon_{0}$. Given the grand partition function $\Xi$ of the absorption membrane, determine the average number of atoms $\overline{N_{\mathrm{s}}}$ on the membrane.","From $\Xi$, the average number of atoms on the absorption membrane is given by
\[
\overline{N_{\mathrm{s}}}=k T \frac{\partial}{\partial \mu_{\mathrm{s}}} \ln \Xi=\frac{N}{\exp \left(-\frac{\mu_{\mathrm{s}}+\varepsilon_{0}}{k T}\right)+1}
\]","\[
\boxed{\frac{N}{\exp \left(-\frac{\mu_{\mathrm{s}}+\varepsilon_{0}}{k T}\right)+1}}
\]",EX,,False,EN,Math Derivation
3488,Mechanics and Thermodynamics,Statistical Mechanics,Maxwell-Boltzmann Statistics,"The number of particles in a classic ideal gas with monatomic molecules is \(N\), the volume is \(V\), and the temperature is \(T\). Each atom has two internal energy levels, \(\varepsilon_{1}=0\) and \(\varepsilon_{2}=\Delta\). Find the specific heat capacity at constant pressure \(c_{\mathrm{p}}\).","The internal energy \(U\) of the gas and its specific heat capacity \(c\). The internal energy \(U=F+T S\). Using equations (8) and (9), we obtain

\[
U=\frac{3}{2} N k T+\frac{N \Delta}{1+\exp (\Delta / k T)} \tag{11}
\]

The specific heat capacity at constant volume \(c_{v}=\left(\frac{\partial U}{\partial T}\right)_{N, V}\). From equation (11), we derive

\[
c_{\mathrm{v}}=\frac{3}{2} N k+\frac{N k}{4}\left(\frac{\Delta}{k T}\right)^{2}\left[\cosh \left(\frac{\Delta}{2 k T}\right)\right]^{-2} \tag{12}
\]

The specific heat capacity at constant pressure \(c_{\mathrm{p}}=c_{\mathrm{v}}+N k\). Using equation (12), we arrive at

\[
c_{\mathrm{p}}=\frac{5}{2} N k+\frac{N k}{4}\left(\frac{\Delta}{k T}\right)^{2}\left[\cosh \left(\frac{\Delta}{2 k T}\right)\right]^{-2} \tag{13}
\]",\boxed{\frac{5}{2} N k+\frac{N k}{4}\left(\frac{\Delta}{k T}\right)^{2}\left[\cosh \left(\frac{\Delta}{2 k T}\right)\right]^{-2}},EX,,False,EN,Math Derivation
3489,Mechanics and Thermodynamics,Statistical Mechanics,Maxwell-Boltzmann Statistics,"A paramagnetic solid consists of \(N\) particles with a spin quantum number \(s\), fixed at the lattice points. Determine the partition function.","The paramagnetic solid consists of \(N\) particles with a spin quantum number \(s\), where the magnetic moment of the particles is \(\mu = -2 \mu_{\mathrm{B}} s\). Here, \(\mu_{B} = e \hbar / 2 m c\) is the Bohr magneton, and \(s\) is the spin angular momentum. Alternatively, the magnetic moment of the particle can be \(\mu_{j} = -2 j \mu_{B}, -s \leqslant j \leqslant s\). The energy of the particles is given by \(\varepsilon_{j} = -\mu_{j} H = 2 j \mu_{\mathrm{B}} H\). Thus, the single particle partition function is

\[
z = \sum_{j=-s}^{s} \exp \left(-\beta \varepsilon_{j}\right) = \sum_{j=-s}^{s} \exp (-2 j x) = \frac{\sinh [(2 s+1) x]}{\sinh x} 
\]

where \(x = \beta \mu_{\mathrm{B}} H\) and \(\beta = 1 / k T\).",\boxed{\frac{\sinh [(2 s+1) x]}{\sinh x}},EX,,False,EN,Laws Application
3491,Mechanics and Thermodynamics,Statistical Mechanics,Maxwell-Boltzmann Statistics,"Kinetic properties of a classical gas. A container holds gas with a molecular weight of \( M \), at a temperature \( T \). Determine the average speed of the molecules.",The average speed \(\bar{v} = 4 \pi \left(\frac{m}{2 \pi k T}\right)^{3/2} \int_{0}^{\infty} v f(v) \mathrm{d} v = \sqrt{\frac{8 k T}{\pi m}}\).,\boxed{\sqrt{\frac{8 k T}{\pi m}}},EX,\text{m/s},False,EN,Laws Application
3492,Mechanics and Thermodynamics,Statistical Mechanics,Ensemble Theory,"An interaction-free spin system is subjected to an external magnetic field \( H \). From the relation \( S = k(\ln z + \beta E) \), derive how \( S \) relates to \( H \) and \( T \) as \( S = f(H / T) \). Here, \( z \) is the partition function, \( E \) is the energy, \(\beta = 1 / kT\), and \( f(x) \) is some function which need not be explicitly determined. A single spin has only two energy levels: \(\mu H\), \(-\mu H\).

Find the expressions for the partition function \( Z \) of the system and the energy \( E \).","The partition function for a single spin is \( z = \mathrm{e}^{-\beta \mu H} + \mathrm{e}^{\beta \mu H} \). The partition function of the system is \( Z = [z]^{N} = \left(2 \cosh \frac{\mu H}{k T}\right)^{N} \), where \( N \) is the total number of spins. Therefore, the energy is

\[
E = -\frac{\partial}{\partial \beta} \ln z = -N \frac{\partial}{\partial \beta} \ln [2 \cosh (\mu H \beta)] = -N \mu H \tanh \left(\frac{\mu H}{k T}\right)
\]","\boxed{Z = \left(2 \cosh \frac{\mu H}{k T}\right)^{N}, E = -N \mu H \tanh \left(\frac{\mu H}{k T}\right)}","EQ, EQ","None, None",True,EN,Math Derivation
3493,Mechanics and Thermodynamics,Statistical Mechanics,Distribution Function and Statistical Entropy,"In a cubic box with side length $L$, the energy of a particle is given by $\varepsilon(n)=\frac{n h^{2}}{2 m L^{2}}$, where $h$ is Planck's constant, and $n=n_{x}^{2}+n_{y}^{2}+n_{z}^{2}$, with quantum numbers $n_{x}, n_{y}, n_{z}=0, \pm 1, \pm 2, \cdots$. Determine the quantum states $\left(n_{x}, n_{y}, n_{z}\right)$ and the degeneracy $g(n)$ for the energy level $\varepsilon(n)$ when $n=2$.","Each set $\left(n_{x}, n_{y}, n_{z}\right)$ corresponds to a quantum state. From $n=n_{x}^{2}+n_{y}^{2}+n_{z}^{2}$, the quantum states and the degeneracy $g(n)$ for the given energy level $n=2$ are as shown in the table below:

\begin{center}
\begin{tabular}{c|c|c|c|c}
\hline
$n$ & $n_{x}$ & $n_{y}$ & $n_{z}$ & $g(n)$ \\
\hline
2 & $\pm 1$ & $\pm 1$ & 0 & 3 \\
 & 0 & $\pm 1$ & $\pm 1$ & \\
 & $\pm 1$ & 0 & $\pm 1$ & \\
\hline
\end{tabular}
\end{center}",\boxed{3},NV,,False,EN,Laws Application
3498,Mechanics and Thermodynamics,Statistical Mechanics,Fermi-Dirac Statistics,"Convert \(4.2 \times 10^{21}\) electrons into neutrons and confine them in a box with a volume of \(1 \, \text{cm}^3\). Determine the Fermi wavelength and Fermi energy.","When electrons are replaced by neutrons, we have

\[
\begin{gathered}
\lambda'_F = \lambda_F = 12.5 \, \text{Å} \\
\varepsilon'_F = \frac{m}{m'} \varepsilon_F = 5.2 \times 10^{-4} \, \text{eV}
\end{gathered}
\]","\boxed{12.5, 5.2 \times 10^{-4}}","NV, NV","\text{}, \text{eV}",True,EN,Laws Application
3499,Mechanics and Thermodynamics,Statistical Mechanics,Ensemble Theory,"The surface area of a metal is \( A \). To move a helium atom from the metal surface to infinity, work \(\Phi\) is required. There is no interaction between helium atoms, and they can move freely on the metal surface. If the volume of helium gas is \( V \), the pressure is \( p \), and the temperature is \( T \), and it is in thermal equilibrium with the metal, calculate the partition function \( Z_{\mathrm{s}} \) of the helium atoms adsorbed on the metal surface.","Assuming the number of helium atoms adsorbed on the metal surface is \( N_{\mathrm{s}} \), the energy of these atoms is \( E_{\mathrm{s}}=\sum_{j} \frac{p_{j}^{2}}{2m} - N_{\mathrm{s}} \Phi \), where \( p_{j} \) is the momentum of particle \( j \). Considering the complete indistinguishability of particles or that the particles are indistinguishable, the partition function of the helium atoms adsorbed on the metal surface is

\[
Z_{\mathrm{s}}=\frac{1}{N_{\mathrm{s}}!} \cdot \frac{1}{h^{2N_{\mathrm{s}}}} \int \exp \left(-\frac{E_{\mathrm{s}}}{kT}\right) \mathrm{d} \Omega_{\mathrm{s}}=\frac{1}{N_{\mathrm{s}}!}\left[\frac{2 \pi m kT}{h^{2}} A \exp \left(\frac{\Phi}{kT}\right)\right]^{N_{\mathrm{s}}} \tag{2}
\]",\boxed{Z_{\mathrm{s}}=\frac{1}{N_{\mathrm{s}}!}\left[\frac{2 \pi m kT}{h^{2}} A \exp \left(\frac{\Phi}{kT}\right)\right]^{N_{\mathrm{s}}}},EX,,False,EN,Math Derivation
3500,Mechanics and Thermodynamics,Statistical Mechanics,Maxwell-Boltzmann Statistics,"A paramagnetic system is composed of $N$ magnetic dipoles, each with a magnetic moment of $\mu$. When the system reaches equilibrium in a uniform external field $H$ at temperature $T$, use classical statistics to determine the specific heat given $H$.","The specific heat

$$
c = \frac{\partial U}{\partial T} = -H \frac{\partial M}{\partial T} = N k\left[1 - \left(\frac{\mu H}{k T}\right)^{2} \operatorname{csch}^{2}\left(\frac{\mu H}{k T}\right)\right]
$$",\(\boxed{N k \left[1 - \left(\frac{\mu H}{k T}\right)^{2} \operatorname{csch}^{2}\left(\frac{\mu H}{k T}\right)\right]}\),EX,,False,EN,Math Derivation
3501,Mechanics and Thermodynamics,Statistical Mechanics,Maxwell-Boltzmann Statistics,"In the low-temperature limit, find the root mean square (rms) value of the noise voltage across the parallel inductor $L$ and capacitor $C$ in an AC circuit.","In the low-temperature limit, the mean square value of the noise voltage is

\[
\overline{V^{2}} = \frac{\hbar \omega}{2 C}
\]

Thus, the root mean square value of the noise voltage is $\sqrt{\overline{V^{2}}} = \sqrt{\frac{\hbar \omega}{2 C}}$.",\boxed{\sqrt{\frac{\hbar \omega}{2 C}}},NV,,False,EN,Knowledge Recall
3502,Mechanics and Thermodynamics,Statistical Mechanics,Distribution Function and Statistical Entropy,"A crystal has \(N\) atoms and possesses Frenkel defects. The numbers of normal positions and interstitial positions are \(N\) and \(N^{\prime}\) respectively. The energy when an atom is in normal and interstitial positions is \(\varepsilon_{1}\) and \(\varepsilon_{2}\), with \(\varepsilon_{2} - \varepsilon_{1} = w > 0\). Derive the function relationship of the most probable number of interstitial atoms \(n\) as a function of temperature \(T\) (assuming \(n, N, N^{\prime} \gg 1\)).","According to the principle of equal probability or the principle of maximum likelihood, derive the function relationship of the most probable number of interstitial atoms \(n\) and temperature \(T\) by maximizing the number of microstates. For a given distribution \(\left(\varepsilon_{i}, N_{l}\right), l=1,2\), the number of microstates \(W\) of the crystal is:

\[
W = \frac{N!}{N_{1}!\left(N-N_{1}\right)!} \cdot \frac{N^{\prime}!}{N_{2}!\left(N^{\prime}-N_{2}\right)!} \tag{1}
\]

Using Stirling's approximation, from equation (1) we obtain:

\[
\delta \ln W = -\left[\ln N_{1} - \ln \left(N-N_{1}\right)\right] \delta N_{1} - \left[\ln N_{2} - \ln \left(N^{\prime}-N_{2}\right)\right] \delta N_{2} \tag{2}
\]

Substitute equation (2) into the following:

\[
\delta \ln W - \alpha \sum_{l=1}^{2} \delta N_{l} - \beta \sum_{l=1}^{2} \varepsilon_{l} \delta N_{l} = 0 \tag{3}
\]

In the equation, \(\alpha\) and \(\beta\) are two Lagrange multipliers, \(\beta = \frac{1}{k T}\), \(T\) is the temperature, and \(k\) is the Boltzmann constant. We can get:

\[
\frac{N-N_{1}}{N_{1}} = \exp \left(\alpha + \beta \varepsilon_{1}\right) \tag{4}
\]

and

\[
\frac{N^{\prime} - N_{2}}{N_{2}} = \exp \left(\alpha + \beta \varepsilon_{2}\right) \tag{5}
\]

Since \(N_{1} = N-n, N_{2} = n, \varepsilon_{2} - \varepsilon_{1} = w\), from equations (4) and (5), we obtain:

\[
\frac{n^{2}}{(N-n)\left(N^{\prime}-n\right)} = \exp(-\beta w) = \exp\left(-\frac{w}{k T}\right) \tag{6}
\]",\boxed{\frac{n^{2}}{(N-n)\left(N^{\prime}-n\right)} = \exp\left(-\frac{w}{k T}\right)},EQ,,False,EN,Math Derivation
3503,Mechanics and Thermodynamics,Statistical Mechanics,Maxwell-Boltzmann Statistics,"Consider that neutral hydrogen gas is heated to a high temperature \( T \), at which hydrogen atoms are completely dissociated, but still satisfy \( k T / m_{\mathrm{e}} c^{2} \ll 1 \) (where \( m_{\mathrm{e}} \) is the rest mass of the electron). In the gas, there exists the reaction \(\mathrm{e}^{-}+\mathrm{p} \leftrightarrow \mathrm{e}^{-}+\mathrm{p}+\mathrm{e}^{-}+\mathrm{e}^{+}\), producing a certain amount of positrons. Given that the proton density is \( 10^{10} \, \text{cm}^{-3} \), find the electron chemical potential and temperature when the positron number density \( n_{+}=1 \, \text{cm}^{-3} \).","Under the condition \( k T / m_{\mathrm{e}} c^{2} \ll 1 \), nuclear reactions can be neglected. By charge conservation, we have \( n_{-}=n_{\mathrm{p}}+n_{+} \), where \( n_{-} \) and \( n_{+} \) are the electron and positron number densities respectively, and \( n_{\mathrm{p}} \) is the proton number density. For the non-relativistic and non-degenerate case,

$$
n_{-}=2\left(\frac{2 \pi m_{\mathrm{e}} k T}{h^{2}}\right)^{3 / 2} \exp \left(\frac{\mu_{-}-m_{\mathrm{e}} c^{2}}{k T}\right)
$$

$$
n_{+}=2\left(\frac{2 \pi m_{\mathrm{e}} k T}{h^{2}}\right)^{3 / 2} \exp \left(\frac{\mu_{+}-m_{\mathrm{e}} c^{2}}{k T}\right)
$$

where \(\mu_{-}, \mu_{+}\) are the chemical potentials of electrons and positrons, respectively. From the condition of chemical equilibrium, we have \(\mu_{-}=-\mu_{+}=\mu\), thus

$$
n_{+} / n_{-}=\exp (-2 \mu / k T)
$$

When \( n_{+}=1 \, \text{cm}^{-3} \), \( n_{-} \approx n_{\mathrm{p}}=10^{10} \, \text{cm}^{-3} \), therefore, \(\exp (\mu / k T)=10^{5}\), \(\mu / k T \approx 11.5\). Substituting into the expression for \( n_{-} \) gives \( T \approx 1.2 \times 10^{8} \, \text{K} \), thus \(\mu \approx 1.6 \times 10^{-7} \, \text{erg}\).","\boxed{\mu \approx 1.6 \times 10^{-7}, T \approx 1.2 \times 10^{8}}","NV, NV","\text{erg}, \text{K}",True,EN,Practical Application
3504,Mechanics and Thermodynamics,Statistical Mechanics,Ensemble Theory,"Assume that the particles in a gas have a non-degenerate energy level $\varepsilon$ and obey para-statistics, where each single-particle state can be occupied by at most two particles. Find the average energy.","The average energy $\bar{E}$ can be expressed as:

\begin{equation*}
\bar{E} = \bar{N} \varepsilon = \frac{\lambda[1 + 2 \lambda \exp(-\beta \varepsilon)]}{\Xi_{\mathrm{p}}} \varepsilon \exp(-\beta \varepsilon) \tag{3}
\end{equation*}",\boxed{\bar{E} = \frac{\lambda[1 + 2 \lambda \exp(-\beta \varepsilon)]}{\Xi_{\mathrm{p}}} \varepsilon \exp(-\beta \varepsilon)},EX,\varepsilon,False,EN,Math Derivation
3505,Mechanics and Thermodynamics,Statistical Mechanics,Ensemble Theory,"Gas molecules adsorbed on a metal surface have energy $\varepsilon = \frac{m v^{2}}{2} - \varepsilon_{0}, \varepsilon_{0}$ is the binding energy. The adsorbed molecules can move freely on the metal surface and form a two-dimensional ideal gas. If the gas and the metal have reached thermal equilibrium, find the number of molecules adsorbed per unit area of the metal surface $n$.","The chemical potential of the gas is

\[
\mu_{\mathrm{g}} = k T \ln \left[\left(\frac{h^{2}}{2 \pi m k T}\right)^{3 / 2} \frac{p}{k T}\right]
\]

where $p$ is the pressure of the gas. At equilibrium, $\mu_{\mathrm{s}} = \mu_{\mathrm{g}}$. From the above chemical potential and the expression for the partition function of the adsorbed molecules, the number of molecules adsorbed per unit area of the metal surface is

\[
n = \frac{p h}{k T \sqrt{2 \pi m k T}} \exp \left(\frac{\varepsilon_{0}}{k T}\right)
\]",\boxed{\frac{p h}{k T \sqrt{2 \pi m k T}} \exp \left(\frac{\varepsilon_{0}}{k T}\right)},EX,,False,EN,Math Derivation
3506,Mechanics and Thermodynamics,Statistical Mechanics,Maxwell-Boltzmann Statistics,"Calculate the minimum work required by a refrigerator to cool 1 mol of air from $20^{\circ} \mathrm{C}$ to $18^{\circ} \mathrm{C}$. It is known that the refrigerator releases heat to an environment at $40^{\circ} \mathrm{C}$, using the algebraic formula $\mathrm{d}W = \frac{T_{1} - T_{2}}{T_{2}} \mathrm{~d}Q$.","Since $\mathrm{d}W = \frac{T_{1} - T_{2}}{T_{2}} \mathrm{~d}Q$, we have  
$$
\Delta W \approx \frac{T_{1} - T_{2}}{T_{2}} c_{\mathrm{p}} \Delta T = 4.0 \mathrm{~J}
$$",\boxed{4.0},NV,\mathrm{J},False,EN,
3507,Mechanics and Thermodynamics,Statistical Mechanics,Ensemble Theory,"An absorption film is in a state of thermal equilibrium. There are $N$ available sites on the absorption film where atoms can be adsorbed, each with a potential energy $\varepsilon_{0}$. Given the average number of atoms $\overline{N_{\mathrm{s}}}$ on the absorption film, find the coverage (atomic concentration on the film) $\sigma = \overline{N_{\mathrm{s}}} / N$.","The coverage (atomic concentration on the film) $\sigma = \overline{N_{\mathrm{s}}} / N$ is given by
\[
\sigma = \frac{1}{\exp \left(-\frac{\mu_{\mathrm{s}}+\varepsilon_{0}}{k T}\right) + 1}
\]","\[
\boxed{\frac{1}{\exp \left(-\frac{\mu_{\mathrm{s}}+\varepsilon_{0}}{k T}\right)+1}}
\]",EX,,False,EN,Knowledge Recall
3508,Mechanics and Thermodynamics,Statistical Mechanics,Maxwell-Boltzmann Statistics,"An object contains $N$ particles, each having two energy levels, with energies and degeneracies of $\varepsilon_{1}, g_{1}$ and $\varepsilon_{2}, g_{2}$, respectively, where $\varepsilon_{2}>\varepsilon_{1}, g_{2}>g_{1}$. Find the internal energy $U(T)$ of the object.","The object has $N$ particles, each with two energy levels. According to the Boltzmann distribution, if $\varepsilon_{i}$ and $g_{i}$ are the energy and degeneracy of the single-particle energy level $i$, respectively, then the partition function $Z$ of a single particle is given by

\[
Z = g_{1} \exp \left(-\beta \varepsilon_{1}\right) + g_{2} \exp \left(-\beta \varepsilon_{2}\right) \tag{1}
\]

where $\beta = 1 / k T$, $T$ is the temperature of the object, and $k$ is the Boltzmann constant.

From equation (1), the internal energy of the object is

\[
U = -N \frac{\partial}{\partial \beta} \ln Z = \frac{N}{Z} \left[g_{1} \varepsilon_{1} \exp \left(-\beta \varepsilon_{1}\right) + g_{2} \varepsilon_{2} \exp \left(-\beta \varepsilon_{2}\right)\right] \tag{2}
\]",\boxed{U(T) = \frac{N}{Z} \left[g_{1} \varepsilon_{1} \exp \left(-\beta \varepsilon_{1}\right) + g_{2} \varepsilon_{2} \exp \left(-\beta \varepsilon_{2}\right)\right]},EQ,,False,EN,Laws Application
3509,Mechanics and Thermodynamics,Statistical Mechanics,Ensemble Theory,"Suppose each atom and its nearest neighbors, totaling $n$ atoms, generate an ""average field"" $\bar{H}$ at the position of the atom, where $g \mu_{\mathrm{B}} \bar{H}=2 \alpha \left\langle \sum_{k=1}^{n}\left(S_{k}\right)_{z} \right\rangle$, with $\alpha$ as a parameter characterizing the interaction strength. Using the mean field approximation and magnetization $M=\sum_{i=1}^{N} \overline{\left(\mu_{i}\right)_{z}}=-\frac{\partial F}{\partial H}=k T\left(\frac{\partial}{\partial H} \ln z\right)_{T}=\frac{N g \mu_{\mathrm{B}}}{2} \tanh \frac{g \mu_{\mathrm{B}} H}{2 k T}$ and $\chi=M / H$, calculate the temperature $T_{\mathrm{c}}$ at which the magnetic susceptibility $\chi$ tends to infinity in the weak field (high temperature) limit.","According to the definition of the mean field, $\bar{H}=\frac{2 \alpha}{g \mu_{\mathrm{B}}} \cdot \frac{n}{N} \cdot \frac{M}{g \mu_{\mathrm{B}}}$, where $M$ is the total magnetic moment. Using the previous results:

$$
M \approx \frac{N}{4 k T}\left(g \mu_{\mathrm{B}}\right)^{2}(H+\bar{H})=\frac{N}{4 k T}\left(g \mu_{\mathrm{B}}\right)^{2}\left[H+\frac{2 \alpha}{\left(g \mu_{\mathrm{B}}\right)^{2}} \cdot \frac{n}{N} M\right]
$$

Thus, we have

$$
M=H \frac{N}{4 k T}\left(g \mu_{B}\right)^{2} /\left(1-\frac{\alpha n}{2 k T}\right)
$$

$$
\chi=\frac{N}{4 k T}\left(g \mu_{\mathrm{B}}\right)^{2} /\left(1-\frac{\alpha n}{2 k T}\right)
$$

When $T=T_{\mathrm{c}}=\alpha n / 2 k$, $\chi \rightarrow \infty$.",\boxed{T_{\mathrm{c}}=\frac{\alpha n}{2k}},EQ,,False,EN,Math Derivation
3510,Mechanics and Thermodynamics,Statistical Mechanics,Maxwell-Boltzmann Statistics,"Consider a glass in which some constituent atoms can occupy two slightly different positions, resulting in an energy level deviation. For the \(i\)-th atom, this energy level difference is \(\Delta_{i}\). If all \(\Delta_{i}\) are equal and denoted as \(\Delta\), find the contribution to the specific heat capacity arising from this (excluding Debye heat).","The average energy for each atom is

$$
\bar{\varepsilon}=-\Delta \tanh \left(\frac{\Delta}{k T}\right)
$$

The contribution to the specific heat capacity is

$$
c_{\mathrm{v}}=\frac{\mathrm{d} \bar{\varepsilon}}{\mathrm{~d} T}=4 k\left(\frac{\Delta}{k T}\right)^{2} \frac{1}{\left(\mathrm{e}^{\Delta / k T}+\mathrm{e}^{-\Delta / k T}\right)^{2}}
$$

Summing over all such atoms, we have

$$
c_{\mathrm{v}}=4 N k\left(\frac{\Delta}{k T}\right)^{2} \cdot \frac{1}{\left(\mathrm{e}^{\Delta / k T}+\mathrm{e}^{-\Delta / k T}\right)^{2}}
$$",\boxed{4 N k\left(\frac{\Delta}{k T}\right)^{2} \cdot \frac{1}{\left(\mathrm{e}^{\Delta / k T}+\mathrm{e}^{-\Delta / k T}\right)^{2}}},EX,,False,EN,Math Derivation
3511,Mechanics and Thermodynamics,Statistical Mechanics,Ensemble Theory,"Gas molecules adsorbed on the surface of a metal have energy $\varepsilon = \frac{m v^{2}}{2} - \varepsilon_{0}$, where $\varepsilon_{0}$ is the binding energy. The adsorbed molecules can move freely on the metal surface and form a two-dimensional ideal gas. If the gas and the metal have reached thermal equilibrium, find the chemical potential of the adsorbed molecules.","On the metal surface, the energy of the gas molecules is $\varepsilon = \frac{m v^{2}}{2} - \varepsilon_{0}$. Therefore, the single-particle partition function of the two-dimensional gas is

\[
z = \int \exp \left(-\frac{\varepsilon}{k T}\right) \mathrm{d} \Omega = A \left(\frac{2 \pi m k T}{h^{2}}\right) \exp \left(\frac{\varepsilon_{0}}{k T}\right)
\]

where $A$ is the surface area of the metal and $T$ is the temperature of the gas. Let $n$ be the number of molecules adsorbed per unit area of the metal surface. The number of particles on the metal surface $N_{\mathrm{s}} = n A$ is given by

\[
N_{\mathrm{s}} = n A = z \exp (-\alpha) = z \exp \left(\frac{\mu}{k T}\right)
\]

From the above equations, the chemical potential of the adsorbed molecules is

\[
\mu_{\mathrm{s}} = k T \ln \left(\frac{n A}{z}\right) = k T \ln \left[n\left(\frac{h^{2}}{2 \pi m k T}\right) \exp \left(-\frac{\varepsilon_{0}}{k T}\right)\right]
\]",\boxed{k T \ln \left[n\left(\frac{h^{2}}{2 \pi m k T}\right) \exp \left(-\frac{\varepsilon_{0}}{k T}\right)\right]},EX,,False,EN,Math Derivation
3513,Mechanics and Thermodynamics,Statistical Mechanics,Ensemble Theory,"Gas molecules adsorbed on a metal surface have an energy of $\varepsilon = \frac{m v^{2}}{2} - \varepsilon_{0}$, where $\varepsilon_{0}$ is the binding energy. The adsorbed molecules can move freely over the metal surface and form a two-dimensional ideal gas. If the gas and the metal have reached thermal equilibrium, calculate the grand partition function of the adsorbed gas.","For a Boltzmann gas, considering the indistinguishability of particles, the grand partition function of the adsorbed gas is

\[
E = \sum_{N} \exp (-N \alpha) \frac{1}{N!} z^{N} = \exp [z \exp (-\alpha)]
\]

where $\alpha = -\beta \mu_{\mathrm{s}}$, $\mu_{\mathrm{s}}$ is the chemical potential of the adsorbed molecules, and $z$ is the single-particle partition function of the adsorbed molecules. The average number of molecules adsorbed per unit area on the metal surface is 

\[
\bar{n} = -\frac{1}{A} \cdot \frac{\partial}{\partial \alpha} \ln E = \frac{1}{A} z \exp (-\alpha)
\]

In equilibrium, $\mu_{\mathrm{s}} = \mu_{\mathrm{g}}$. Through this calculation, we again obtain the number of molecules adsorbed per unit area of the metal surface: 

\[
n = \frac{p h}{k T \sqrt{2 \pi m k T}} \exp \left(\frac{\varepsilon_{0}}{k T}\right)
\]",\boxed{E = \exp \left[z \exp \left(\beta \mu_{\mathrm{s}}\right)\right]},EQ,,False,EN,Math Derivation
3514,Mechanics and Thermodynamics,Statistical Mechanics,Distribution Function and Statistical Entropy,"A chain consists of \(N\) links, each of length \(a\), all aligned on the \(x\)-axis. If the chain is not subjected to any force, each link can independently orient either right or left with equal probability. If a force \(f\) is applied, the distance between the two ends of the chain is \(L\); the chain is in thermal equilibrium at a temperature \(T\). Determine the root mean square length \(\sqrt{\overline{L^{2}}}\) of the chain.","The root mean square value of the chain length \(L\) is \(\sqrt{\overline{L^{2}}}\). When a link is oriented to the right, it contributes a length \(a\) to the chain, whereas a left orientation contributes \(-a\). The probabilities of these orientations are respectively \(P_{1}=\frac{N_{1}}{N}=Z^{-1} \exp (\beta \varepsilon)\) and \(P_{2}=\frac{N_{2}}{N}=Z^{-1} \exp (-\beta \varepsilon)\). Let the length of the \(i\)-th link be \(x_{i}=a\). By using equation (5), the average length of the chain \(L\) is

\[
\bar{L}=\overline{\sum_{j=1}^{N} \bar{\nu}_{i}}=N \overline{x_{i}}=Na\tanh (\beta \varepsilon) \tag{8}
\]

From equation (8), it is evident that the higher the temperature, the smaller the average length \(\bar{L}\) of the chain is. Comparing equations (7) and (8), we find \(\bar{L}=L_{\mathrm{m}}\). The average value of \(L^{2}\) is

\[
\overline{L^{2}}=\overline{\left(\sum_{i=1}^{N} x_{i}\right)^{2}}=\sum_{i=1}^{N} \overline{x_{i}^{2}}+\sum_{i \neq j} \overline{x_{i}} \cdot \overline{x_{j}}=N \overline{x_{i}^{2}}+N(N-1){\overline{x_{i}}}^{2} \tag{9}
\]

\[ 
=Na^{2}+N(N-1)a^{2}\tanh^{2}(\beta\varepsilon)=Na^{2}\left[1+N\sinh^{2}(\beta\varepsilon)\right]\operatorname{sech}^{2}(\beta\varepsilon)
\]

From equations (8) and (9), at high temperatures, as \(\beta\varepsilon \rightarrow 0\), \(\bar{L} \rightarrow 0, \overline{L^{2}} \rightarrow Na^{2}\); at low temperatures, as \(\beta\varepsilon \rightarrow \infty\), \(\bar{L} \rightarrow Na, \overline{L^{2}} \rightarrow N^{2}a^{2}\). If the force \(f=0\), then the energy \(\varepsilon=0\); hence from equations (8) and (9), \(\bar{L}=0, \overline{L^{2}}=Na^{2}\). This is independent of the temperature.",\boxed{\sqrt{Na^{2}\left[1+N\sinh^{2}(\beta\varepsilon)\right]\operatorname{sech}^{2}(\beta\varepsilon)}},EX,,False,EN,Math Derivation
3515,Mechanics and Thermodynamics,Statistical Mechanics,Maxwell-Boltzmann Statistics,"The quantum energy levels of a rigid rotor are given by $\varepsilon_{j}=j(j+1) \frac{h^{2}}{8 \pi^{2} m a^{2}}, j=0,1,2, \cdots$. The degeneracy of the energy levels is $g_{j}=2 j+1$. \\
Calculate the internal energy and the heat capacity at high temperatures.","At high temperatures,

$$
\begin{gathered}
U=k T^{2} \frac{\partial}{\partial T} \ln Z=k T \\
c_{\mathrm{v}}=\frac{\partial U}{\partial T}=k
\end{gathered}
$$","\boxed{kT, k}","EX, EX","\text{None}, \text{None}",True,EN,Laws Application
3516,Mechanics and Thermodynamics,Statistical Mechanics,Ensemble Theory,"At temperature \(T\), the adsorbed particles and the surrounding gas reach equilibrium, which implies there is a relationship between their chemical potentials. Using this relationship, determine the average number of particles adsorbed per unit area \(n\). At this time, the pressure of the surrounding gas is \(p\).","The chemical potential of the three-dimensional gas is equal to that of the two-dimensional gas. Note that in the expression for the chemical potential of the three-dimensional gas, \(\frac{V}{N} = \frac{kT}{p}\); and in the expression for the two-dimensional gas chemical potential, \(\frac{A}{N} = \frac{1}{n}\). From the equality of \(\mu\), we obtain

\[
n = \frac{p}{kT}\left(\frac{h^{2}}{2 \pi m kT}\right)^{1/2} \mathrm{e}^{\varepsilon_{0} / kT}
\]","\[
\boxed{\frac{p}{kT}\left(\frac{h^{2}}{2 \pi m kT}\right)^{1/2} \mathrm{e}^{\varepsilon_{0} / kT}}
\]",EX,,False,EN,Math Derivation
3517,Mechanics and Thermodynamics,Statistical Mechanics,Ensemble Theory,"A vapor (dilute gas) is in thermal equilibrium. Given the partition function \( Z \) of the vapor, find the chemical potential \( \mu_{\mathrm{g}} \) of the vapor.","The free energy of the vapor is \( F = -k T \ln Z \). Thus, the chemical potential of the vapor is
\[
\mu_{\mathrm{g}} = \frac{\partial}{\partial N_{\mathrm{g}}} F = -k T \frac{\partial}{\partial N_{\mathrm{g}}} \ln Z = k T \ln \left[\left(\frac{2 \pi m k T}{h^{2}}\right)^{-3/2} \cdot \frac{N_{\mathrm{g}}}{V}\right]
\]",\boxed{k T \ln \left[\left(\frac{2 \pi m k T}{h^{2}}\right)^{-3 / 2} \cdot \frac{N_{\mathrm{g}}}{V}\right]},EX,,False,EN,Math Derivation
3518,Mechanics and Thermodynamics,Statistical Mechanics,Maxwell-Boltzmann Statistics,"For a two-dimensional oscillator \( n = n_{x} + n_{y}, E_{n_{x}} = \left(n_{x} + \frac{1}{2}\right) \hbar \omega_{x}, E_{n_{y}} = \left(n_{y} + \frac{1}{2}\right) \hbar \omega_{y}, n_{x} = 0,1,2, \cdots, n_{y} = 0,1,2, \cdots \), find the partition function of the oscillator at any temperature. Simplify the above result in the case of degeneracy when \( \omega_{x} = \omega_{y} \).","An oscillator with 2 degrees of freedom is no different from two independent one-dimensional oscillators, and the partition function is

\[ 
Z = \frac{\mathrm{e}^{\alpha_{x} / 2}}{\mathrm{e}^{\alpha_{x}} - 1} \cdot \frac{\mathrm{e}^{\alpha_{y} / 2}}{\mathrm{e}^{\alpha_{y}} - 1} 
\]

When \( \omega_{x} = \omega_{y} \), \( \alpha_{x} = \alpha_{y} = \alpha \), then 

\[ 
Z = \frac{\mathrm{e}^{\alpha}}{\left(\mathrm{e}^{\alpha} - 1 \right)^{2}} 
\]",\boxed{\frac{\mathrm{e}^{\alpha}}{\left(\mathrm{e}^{\alpha} - 1 \right)^{2}}},EX,,False,EN,Math Derivation
3519,Mechanics and Thermodynamics,Statistical Mechanics,Ensemble Theory,"There are two containers with volumes \( V_1 \) and \( V_2 \) containing ideal gases at temperature \( T \), with the number of gas molecules in each being \( N \), and pressures being \( p_1 \) and \( p_2 \), respectively. Find the total entropy of the two gases (expressed in terms of \( p_1, p_2, T, N \)).","The expression for entropy is

\[ 
S = k\left(\ln Z - \beta \frac{\partial}{\partial \beta} \ln Z\right) = Nk\left(\ln \frac{V}{N} + \frac{3}{2} \ln \left(\frac{2 \pi mkT}{h^2}\right) + \frac{5}{2} + \ln z_0 - \beta \frac{\partial}{\partial \beta} \ln z_0\right) 
\]

\[ 
S_1 = Nk\left(\ln \frac{V_1}{N} + \frac{3}{2} \ln \left(\frac{2 \pi mkT}{h^2}\right) + \frac{5}{2} + S_0\right) 
\]

\[ 
S_2 = Nk\left(\ln \frac{V_2}{N} + \frac{3}{2} \ln \left(\frac{2 \pi mkT}{h^2}\right) + \frac{5}{2} + S_0\right) 
\]

where \( S_0 = \ln z_0 - \beta \frac{\partial}{\partial \beta} \ln z_0 \). Therefore,

\[ 
S = S_1 + S_2 = 2Nk\left[\ln \frac{\sqrt{V_1 V_2}}{N} + \frac{3}{2} \ln \left(\frac{2 \pi mkT}{h^2}\right) + \frac{5}{2} + S_0\right] 
\]",\boxed{2Nk\left[\ln \frac{\sqrt{V_1 V_2}}{N} + \frac{3}{2} \ln \left(\frac{2 \pi mkT}{h^2}\right) + \frac{5}{2} + S_0\right]},EX,,False,EN,Math Derivation
3520,Mechanics and Thermodynamics,Statistical Mechanics,Maxwell-Boltzmann Statistics,A two-level system with energy levels \(E_{0}\) and \(E_{1}\) is occupied by \(N\) particles at temperature \(T\). The occupation follows classical statistical laws. Derive the expression for the specific heat of this \(N\)-particle system.,"Specific heat capacity (molar specific heat)

\[
c = N_{\mathrm{A}} \frac{\partial u}{\partial T} = N_{\mathrm{A}} \frac{\partial u}{\partial \beta} \cdot \frac{\partial \beta}{\partial T} = R\left(\frac{\Delta E}{k T}\right)^{2} \frac{\mathrm{e}^{-\Delta E / k T}}{\left(1 + \mathrm{e}^{-\Delta E / k T}\right)^{2}}
\]",\boxed{R\left(\frac{\Delta E}{k T}\right)^{2} \frac{\mathrm{e}^{-\Delta E / k T}}{\left(1 + \mathrm{e}^{-\Delta E / k T}\right)^{2}}},EX,,False,EN,Math Derivation
3522,Mechanics and Thermodynamics,Statistical Mechanics,Ensemble Theory,"Assume that the particles in a gas have a non-degenerate energy level $\varepsilon$ and follow para-statistics, where a single-particle state can accommodate up to two particles. Find the average number of particles.","In this case, the grand partition function $\Xi_{\mathrm{p}}$ is given by:

\begin{equation*}
\Xi_{\mathrm{p}} = 1 + \lambda \exp(-\beta \varepsilon) + \lambda^2 \exp(-2 \beta \varepsilon) \tag{1}
\end{equation*}

where $\lambda = \exp(\beta \mu)$ is the fugacity of the gas, $\beta = 1 / k T$, $\mu$ and $T$ are the chemical potential and temperature of the gas respectively, and $k$ is the Boltzmann constant. The average number of particles $\bar{N}$ is calculated as follows:

\begin{equation*}
\bar{N} = \frac{\lambda}{\Xi_{\mathrm{p}}} \cdot \frac{\partial}{\partial \lambda} \Xi_{\mathrm{p}} = \frac{\lambda}{\Xi_{\mathrm{p}}}[1 + 2 \lambda \exp(-\beta \varepsilon)] \exp(-\beta \varepsilon) \tag{2}
\end{equation*}",\boxed{\frac{\lambda[1 + 2 \lambda \exp(-\beta \varepsilon)] \exp(-\beta \varepsilon)}{1 + \lambda \exp(-\beta \varepsilon) + \lambda^2 \exp(-2 \beta \varepsilon)}},EX,,False,EN,Math Derivation
3523,Mechanics and Thermodynamics,Statistical Mechanics,Ensemble Theory,"The particles of a Fermi gas have three non-degenerate energy levels $0, \varepsilon, 2 \varepsilon$. If the gas can have at most 2 particles, find the grand partition function of the gas.","The particles of a Fermi gas have three non-degenerate energy levels $0, \varepsilon, 2 \varepsilon$. The gas can have at most 2 particles. Let the occupation numbers for the three single-particle energy levels be $N_{0}, N_{1}, N_{2}$ respectively. Then, the number of particles in the gas, $N$, is given by

\[
N = N_{0} + N_{1} + N_{2} \tag{1}
\]

The energy of the gas, $E$, is given by

\[
E = \left(N_{1} + 2N_{2}\right) \varepsilon \tag{2}
\]

Thus, the grand partition function of the Fermi gas is

\[
\begin{align*}
Z = & \sum_{N=0}^{2} \lambda^{N} \sum_{\left\{N_{1}, N_{2}\right\}} \exp \left(-\frac{E}{kT}\right) \\
= & 1 + \lambda[1 + \exp (-\varepsilon / kT) + \exp (-2\varepsilon / kT)] \\
& + \lambda^{2} \exp (-\varepsilon / kT)[1 + \exp (-\varepsilon / kT) + \exp (-2\varepsilon / kT)] \tag{3}
\end{align*}
\]

where $\lambda = \exp (\mu / kT) = \exp (-\alpha)$ is the fugacity of the gas, $\mu$ is the chemical potential of the gas, and $k$ is the Boltzmann constant.",\boxed{1 + \lambda[1 + \exp (-\varepsilon / kT) + \exp (-2\varepsilon / kT)] + \lambda^{2} \exp (-\varepsilon / kT)[1 + \exp (-\varepsilon / kT) + \exp (-2\varepsilon / kT)]},EX,,False,EN,Laws Application
3524,Mechanics and Thermodynamics,Statistical Mechanics,Maxwell-Boltzmann Statistics,Kinematic properties of classical gases. A container holds a gas with a molecular mass of $M$ and a temperature of $T$. Find the most probable speed of the molecules.,"The Maxwell velocity distribution is given by:
$$
\mathrm{d} \omega = \left(\frac{m}{2 \pi k T}\right)^{3/2} \exp\left[-\frac{m v^{2}}{2 k T}\right] \mathrm{d} v_{x} \mathrm{~d} v_{y} \mathrm{~d} v_{z}
$$

Set $f(v) = v^{2} \exp\left(-\frac{m v^{2}}{2 k T}\right)$, then by $\frac{\mathrm{d}}{\mathrm{d} v} f(v) = 0$, the most probable speed $v_{\mathrm{m}} = \sqrt{\frac{2 k T}{m}}$.",\boxed{v_{\mathrm{m}} = \sqrt{\frac{2 k T}{m}}},EQ,\mathrm{meters \; per \; second},False,EN,Math Derivation
3525,Mechanics and Thermodynamics,Statistical Mechanics,Maxwell-Boltzmann Statistics,"In a low-temperature experiment, a sample absorbs heat at a constant rate of $q=0.01 \mathrm{~W}$. The change in entropy of the sample over time is shown in the table below. What is the temperature of the sample at $t=500 \mathrm{~s}$?

$\begin{array}{llllllll}\text{Time} / \mathrm{s} & 100 & 200 & 300 & 400 & 500 & 600 & 700 \end{array}$  
Entropy (J/K) $2.30 \quad 2.50 \quad 2.70 \quad 2.90 \quad 3.00 \quad 3.20 \quad 3.40$","Using the central difference method to estimate $\frac{\mathrm{d}S}{\mathrm{~d}t}$ at $t=500 \mathrm{~s}$, we have

$$
\frac{\mathrm{d}S}{\mathrm{~d}t} = \frac{3.20 - 3.00}{600 - 400} = 1.0 \times 10^{-3} \, (\mathrm{J} / \mathrm{s} \cdot \mathrm{K})
$$

Therefore,

$$
T = \frac{q}{\frac{\mathrm{d}S}{\mathrm{~d}t}} = 10 \, \text{K}
$$",\boxed{10},NV,\text{K},False,EN,Laws Application
3526,Mechanics and Thermodynamics,Statistical Mechanics,Fermi-Dirac Statistics,"The metal Na has approximately \(2.6 \times 10^{22} \, \text{cm}^{-3}\) conduction electrons, which can be approximately considered as a free electron gas. Calculate the approximate value of the electronic specific heat at room temperature.","Specific Heat

\[
c \approx \frac{1}{M} \frac{N}{E_{\mathrm{F}}} k^{2} T=\frac{k}{m_{\mathrm{e}}} \cdot \frac{k T}{E_{\mathrm{F}}}
\]

where \(m_{\mathrm{e}}=9.11 \times 10^{-31} \, \text{kg}\) is the mass of an electron, and \(k=1.38 \times 10^{-23} \, \text{J} \cdot \text{K}^{-1}\) is the Boltzmann constant. At room temperature, \(k T \approx \frac{1}{40} \, \text{eV}\). Substituting \(E_{\mathrm{F}}\) into the above equation yields \(c \approx 118 \, \text{J} \cdot \text{K}^{-1} \cdot \text{g}^{-1}\).",\boxed{118},NV,,False,EN,Laws Application
3527,Mechanics and Thermodynamics,Statistical Mechanics,Ensemble Theory,"An absorption membrane is in a state of thermal equilibrium. The membrane has $N$ sites where atoms can be adsorbed, each with a potential energy $\varepsilon_{0}$. Given the coverage rate $\sigma$, find the chemical potential $\mu_{\mathrm{s}}$ of the absorption membrane.","From $\sigma$, the chemical potential of the absorption membrane is given by
\[
\mu_{\mathrm{s}}=-k T \ln \left[\left(\frac{1}{\sigma}-1\right) \exp \left(\frac{\varepsilon_{0}}{k T}\right)\right]
\]",\boxed{-k T \ln \left[\left(\frac{1}{\sigma}-1\right) \exp \left(\frac{\varepsilon_{0}}{k T}\right)]},EX,,False,EN,Laws Application
3528,Mechanics and Thermodynamics,Statistical Mechanics,Fermi-Dirac Statistics,"In a strongly degenerate Fermi gas, it is known that the speed of sound is related to the partial derivative of pressure with respect to density, as shown below:

\[
v_S=\sqrt{\left(\frac{\partial p}{\partial \rho}\right)_{S,N}}
\]

Using the previously obtained expressions and given conditions, solve for the speed of sound in a strongly degenerate Fermi gas.","From the formula for the partial derivative of pressure with respect to density, we can obtain the speed of sound in a strongly degenerate Fermi gas as

\[
v_S=\sqrt{\frac{2\mu_0}{3m}}\left(1+\frac{5}{24} \theta^2\right)
\]

The Fermi velocity is \(v_{\mathrm{F}}=\sqrt{\mu_0 / 2m}\). Using equation (7), we obtain \(v_S \approx 2v_{\mathrm{F}}/\sqrt{3}=1.15v_{\mathrm{F}} \approx v_{\mathrm{F}}\), which means the speed of sound \(v_S\) in a strongly degenerate Fermi gas is approximately equal to the Fermi velocity \(v_{\mathrm{F}}\).",\boxed{v_{\mathrm{F}}},EX,,False,EN,Laws Application
3529,Mechanics and Thermodynamics,Statistical Mechanics,Distribution Function and Statistical Entropy,"In a three-dimensional isotropic harmonic oscillator potential, $\nu_{r} = \nu_{z} = \nu$. Calculate the particle energy and degeneracy.","If $m_{r} = m_{z} = 1$, then $j_{1} = j_{2} = 0, \, \nu_{r} = \nu_{z} = \nu$. In this case, let $n = j_{3} = i_{1} + i_{2} + i_{3}$, then the energy expression becomes

\[
\varepsilon(n) = \varepsilon_{0} + n h \nu 
\]

The expression for degeneracy becomes

\[
g(n) = \frac{(n+1)(n+2)}{2} 
\]

This corresponds exactly to the expression for the particle energy and the level degeneracy in a three-dimensional isotropic harmonic oscillator potential.","\boxed{\varepsilon(n) = \varepsilon_{0} + n h \nu, g(n) = \frac{(n+1)(n+2)}{2}}",EQ,"\text{None}, \text{None}",True,EN,Laws Application
3530,Mechanics and Thermodynamics,Statistical Mechanics,Fermi-Dirac Statistics,"A white dwarf is composed of a strongly degenerate electron gas with a temperature far below the Fermi temperature. As long as the electrons remain non-relativistic, the system can resist gravitational collapse and maintain stability. Calculate the pressure of the electron gas when the Fermi momentum is \(\frac{m_{\mathrm{e}} c}{10}\).","The energy of the strongly degenerate Fermi gas (in the zero temperature approximation) is  

$$
\bar{E}=\frac{3}{5} N \mu_{0}
$$

The pressure is  

$$
p=\frac{2}{3} \frac{\bar{E}}{V}=\frac{2}{5} n \mu_{0}=\frac{2}{5} n \cdot \frac{p_{\mathrm{F}}^{2}}{2 m_{\mathrm{e}}}=9.4 \times 10^{16} \mathrm{~N} / \mathrm{m}^{2}
$$",\boxed{9.4 \times 10^{16}},NV,\text{N/m}^2,False,EN,Laws Application
3531,Mechanics and Thermodynamics,Statistical Mechanics,Fermi-Dirac Statistics,"In an electron gas with volume $V$ and number of particles $N$, determine the Fermi momentum at a temperature $T \approx 0 \mathrm{~K}$.","The Fermi momentum can be obtained from $\varepsilon_{\mathrm{F}} = p_{\mathrm{F}}^{2} / 2 m$

\[
p_{\mathrm{F}} = \left(\frac{3 n}{8 \pi}\right)^{1/3} h
\]",\boxed{\left(\frac{3 n}{8 \pi}\right)^{1/3} h},EX,,False,EN,
3532,Mechanics and Thermodynamics,Statistical Mechanics,Maxwell-Boltzmann Statistics,An ideal monoatomic gas is enclosed within a cylinder with a radius of $a$ and a length of $L$. The cylinder rotates around its symmetrical axis with an angular velocity $\omega$. The ideal gas is in thermal equilibrium within the rotating frame of reference at a temperature $T$. Assume the mass of the gas atoms is $m$. The gas follows classical statistics. Find the partition function $Z$ of the system.,"The partition function is

$$
\begin{aligned}
Z & =\frac{1}{h^{3}} \iint \mathrm{~d}^{3} \boldsymbol{p}^{\prime} \mathrm{d}^{3} \boldsymbol{r} \mathrm{e}^{-\beta\left(p^{\prime 2} / 2 m+\phi-m \omega^{2} r^{2} / 2\right)} \\
& =\frac{L}{m^{2} \omega^{2}}(2 \pi m k T)^{5 / 2}\left(\mathrm{e}^{m \omega^{2} a^{2} / 2 k T}-1\right)
\end{aligned}
$$

where $\beta=1 / k T$, and $h$ is the Planck constant.",\boxed{\frac{L}{m^{2} \omega^{2}}(2 \pi m k T)^{5 / 2} (\mathrm{e}^{m \omega^{2} a^{2} / 2 k T}-1)},EX,,False,EN,Math Derivation
3533,Mechanics and Thermodynamics,Statistical Mechanics,Fermi-Dirac Statistics,"Relativistic Electron Gas. Consider a degenerate (i.e., \( T = 0 \, \text{K} \)) gas consisting of \( N \) non-interacting electrons in a volume \( V \). For a real electron gas (i.e., a gas with electrons of mass \( m \)), derive the conditions on \( N \) and \( V \) under which the results in the extreme relativistic case become approximately correct.","For real electrons, if \( p c \gg m c^2 \), the electron energy is

$$
\varepsilon = \sqrt{\left(m c^2\right)^2 + (p c)^2} \approx p c \left[1 + \frac{1}{2}\left(\frac{m c}{p}\right)^2\right]
$$

Thus,

$$
E \approx \frac{2 \pi V c}{h^3}\left[p_{F}^4 + (m c)^2 p_{F}^2\right]
$$

The condition for the results to be approximately correct in the extreme relativistic case is \( p_{F} \gg m c \), hence

$$
N / V \gg \frac{8 \pi}{3}\left(\frac{m c}{h}\right)^3
$$

Either \( N \rightarrow \infty \) or \( V \rightarrow 0 \) can fulfill the approximation condition in the extreme relativistic scenario.",\boxed{N / V \gg \frac{8 \pi}{3}\left(\frac{m c}{h}\right)^3},EX,,False,EN,
3534,Mechanics and Thermodynamics,Statistical Mechanics,Fermi-Dirac Statistics,Calculate the enthalpy $H$ of a strongly degenerate Fermi gas.,"The enthalpy $H = U + pV$. Using the results for internal energy and pressure, the enthalpy is

\begin{equation*}
H = N \mu_0 \left( 1 + \frac{5}{12} \theta^2 - \frac{1}{16} \theta^4 \right)
\end{equation*}",\boxed{N \mu_0 \left( 1 + \frac{5}{12} \theta^2 - \frac{1}{16} \theta^4 \right)},EX,,False,EN,Laws Application
3535,Mechanics and Thermodynamics,Statistical Mechanics,Maxwell-Boltzmann Statistics,"A container with volume $V$ is divided into two parts by a partition, with the volume of the left part being $V_{1}$ and the volume of the right part being $V_{2}$. The container is filled with a dilute gas, and the gas molecules cannot pass through the partition. The entire system is in thermal equilibrium with an external heat reservoir at temperature $T$. In the first scenario, there are $N_{1}$ $\mathrm{He}^{4}$ molecules on the left and $N_{2}$ $\mathrm{He}^{3}$ molecules on the right. After making a small hole in the partition, the gases on both sides can evenly mix. Find the change in entropy of the gas before and after mixing. It can be assumed that the temperature is very high, dealing with a classical ideal gas.","The entropy for a classical gas is given by

\[
S=\frac{5}{2} N k-N k \ln \left(n \lambda^{3}\right) \tag{1}
\]

where $n=N / V$ is the molecular density of the gas, and $\lambda$ is the thermal de Broglie wavelength:

\[
\lambda=\frac{h}{\sqrt{2 \pi m k T}} \tag{2}
\]

Since the ideal gas is always in contact with the same heat reservoir, the gas mixes isothermally. Before and after mixing, the de Broglie wavelength $\lambda$ remains the same.

In the first scenario, the change in entropy of the gas before and after mixing is the sum of the changes in entropy of the two gases before and after mixing, respectively. From equation (1), we have

\[
\Delta S =-N_{1} k\left[\ln \left(\frac{N_{1}}{V} \lambda_{1}^{3}\right)-\ln \left(\frac{N_{1}}{V_{1}} \lambda_{1}^{3}\right)\right]-N_{2} k\left[\ln \left(\frac{N_{2}}{V} \lambda_{2}^{3}\right)-\ln \left(\frac{N_{2}}{V_{2}} \lambda_{2}^{3}\right)\right] 
\]

\[
= N_{1} k \ln \left(\frac{V}{V_{1}}\right) + N_{2} k \ln \left(\frac{V}{V_{2}}\right) \tag{3}
\]

where $V=V_{1}+V_{2}$. From equation (3), it is clear that $\Delta S>0$; after mixing, the entropy of the gas increases.","\[
\boxed{N_{1} k \ln \left(\frac{V}{V_{1}}\right) + N_{2} k \ln \left(\frac{V}{V_{2}}\right)}
\]",EX,,False,EN,Laws Application
3536,Mechanics and Thermodynamics,Statistical Mechanics,Maxwell-Boltzmann Statistics,"The energy levels of a one-dimensional harmonic oscillator are given by $E_{n}=\left(n+\frac{1}{2}\right) \hbar \omega$, where $\omega$ is the characteristic frequency, and $n=0,1,2,\cdots$. Suppose the oscillator is in contact with a thermal reservoir at temperature $T$, with $\frac{k T}{\hbar \omega} \ll 1$. Find the average energy of the oscillator.","Let $\alpha \equiv \frac{\hbar \omega}{k T}=\hbar \omega \beta$, then the partition function of the oscillator is

$$
Z=\sum_{n=0}^{\infty} \mathrm{e}^{-(n+1 / 2) \alpha} = \frac{\mathrm{e}^{\alpha / 2}}{\mathrm{e}^{\alpha}-1}
$$

The average energy is

$$
\bar{E} = -\frac{1}{Z} \frac{\partial Z}{\partial \beta} = \frac{\hbar \omega}{2} + \frac{\hbar \omega}{\mathrm{e}^{\alpha}-1}
$$",\boxed{\frac{\hbar \omega}{2} + \frac{\hbar \omega}{1-1}},NV,,False,EN,Laws Application
3537,Mechanics and Thermodynamics,Statistical Mechanics,Ensemble Theory,"A metal has a surface area of $A$. It requires work $\Phi$ to move a helium atom from the metal surface to a point at infinity. There is no interaction between helium atoms, and they can freely move on the metal surface. If the volume of the helium gas is $V$, the pressure is $p$, the temperature is $T$, and it is in thermal equilibrium with the metal, using the free energy formula, calculate the chemical potential $\mu_{\mathrm{s}}$ of the helium atoms adsorbed on the metal surface.","The free energy of the system is given by $F = -kT \ln Z$. Since $N_{\mathrm{g}} \gg 1$ and $N_{\mathrm{s}} \gg 1$, we can use the Stirling approximation to obtain from $Z_{\mathrm{s}}$:

\[
F = kT N_{\mathrm{s}} \ln \left[\left(\frac{2 \pi m k T}{h^{2}}\right)^{-1} \cdot \frac{N_{\mathrm{s}}}{A}\right] - N_{\mathrm{s}} \Phi
\]

The chemical potential of the helium atoms adsorbed on the metal surface is:

\[
\mu_{\mathrm{s}} = \frac{\partial}{\partial N_{\mathrm{s}}} F = kT \ln \left[\left(\frac{2 \pi m k T}{h^{2}}\right)^{-1} \cdot \frac{N_{\mathrm{s}}}{A}\right] - \Phi \tag{6}
\]",\boxed{\mu_{\mathrm{s}}=kT \ln \left[\left(\frac{2 \pi m k T}{h^{2}}\right)^{-1} \cdot \frac{N_{\mathrm{s}}}{A}\right]-\Phi},EX,,False,EN,Math Derivation
3538,Mechanics and Thermodynamics,Statistical Mechanics,Fermi-Dirac Statistics,Find the specific heat ratio of a strongly degenerate Fermi gas.,"The specific heat ratio \(\gamma \equiv \frac{c_{\mathrm{p}}}{c_{\mathrm{v}}}\) of a strongly degenerate Fermi gas is

\[
\gamma = 1 + \frac{1}{3} \theta^{2} \tag{11}
\]",\boxed{1+\frac{1}{3} \theta^{2}},EX,,False,EN,Math Derivation
3539,Mechanics and Thermodynamics,Statistical Mechanics,Maxwell-Boltzmann Statistics,A pendulum is constituted by a homogeneous rod with mass $M$ and length $L$. The upper end of the rod is the pivot point. The rod is weakly coupled with a heat reservoir at temperature $T$. Calculate the average of the square of the displacement of the pendulum's end under the influence of gravity. Assume $x \ll L$.,"The displacement of the pendulum's end is $x = 2 x_{\mathrm{C}}$. Therefore, from the equation

\[
\overline{x_{\mathrm{C}}^{2}} = \frac{k T L}{M g} \tag{5}
\]

we can conclude that the average of the square of the pendulum's end displacement is

\[
\overline{x^{2}} = \frac{4 k T L}{M g} \tag{6}
\]",\boxed{\frac{4 k T L}{M g}},EX,,False,EN,Laws Application
3540,Mechanics and Thermodynamics,Statistical Mechanics,Bose-Einstein Statistics,Find the entropy of black body radiation.,"From the Gibbs function $G = N \mu = H - T S = 0$, we can derive that the entropy of a photon gas is $S = \frac{4}{3} a T^{3} V$.",\boxed{\frac{4aT^3V}{3}},NV,,False,EN,Math Derivation
3541,Mechanics and Thermodynamics,Statistical Mechanics,Fermi-Dirac Statistics,"A system consists of ""non-interacting"" electrons with a number of electrons \(N\). Each electron can either occupy a bound state with energy \(\varepsilon = -E_{d}\) or become a free electron with energy \(\varepsilon = \frac{p^{2}}{2m}\). Calculate the density of states of the electrons at the continuous energy spectrum.","The density of states for free electrons is

\[ 
D(\varepsilon) = \frac{4 \pi}{h^{3}} (2m)^{3/2} \sqrt{\varepsilon} 
\]","\[
\boxed{\frac{4 \pi}{h^{3}}(2m)^{3/2} \sqrt{\varepsilon}}
\]",EX,,False,EN,Math Derivation
3542,Mechanics and Thermodynamics,Statistical Mechanics,Bose-Einstein Statistics,"A Bose gas contains $N$ particles, where $N \gg 1$. Each particle has two energy levels, with energies 0 and $\varepsilon$, respectively, and degeneracies $g_{1}$ and $g_{2}$ respectively. Using the distribution of the Bose gas and the occupancy number of the lower energy level, find the chemical potential $\mu$.","Let $\varepsilon_{i}$, $g_{i}$, and $N_{i}$ represent the energy, degeneracy, and occupancy number of energy level $i$, respectively. The most probable distribution of the Bose gas is given by

\[
N_{i} = \frac{g_{i}}{\exp\left[\beta\left(\varepsilon_{i} - \mu\right)\right] - 1} \tag{3}
\]

where $\beta = \frac{1}{kT}$. Using equations (1) and (3), we get

\[
N_{1} = \frac{2N}{3} = \frac{g_{1}}{\exp(-\mu / kT) - 1} \tag{4}
\]

From equation (4), we can derive

\[
\mu = -kT \ln\left(1 + \frac{3g_{1}}{2N}\right) \tag{5}
\]",\boxed{-kT \ln\left(1 + \frac{3g_{1}}{2N}\right)},EX,,False,EN,Math Derivation
3543,Mechanics and Thermodynamics,Statistical Mechanics,Maxwell-Boltzmann Statistics,"An AC circuit is composed of an inductor $L$ and a capacitor $C$ connected in parallel, and the noise voltage $V$ across them is measured. Find the root mean square (rms) value of the noise voltage as a function of temperature $T$.","The parallel combination of inductor $L$ and capacitor $C$ forms an AC circuit with the Hamiltonian given by

\[
H = \frac{L}{2}\left(\frac{\mathrm{d} Q}{\mathrm{d} t}\right)^{2} + \frac{1}{2 C} Q^{2}
\]

where $Q$ is the charge on the capacitor. This AC circuit is an oscillator with angular frequency $\omega = \frac{1}{\sqrt{LC}}$. The energy eigenvalues of the circuit are

\[
E_{n} = \hbar \omega \left(n + \frac{1}{2}\right)
\]

At thermal equilibrium, the internal energy $U$ associated with the motion of charge in the circuit is the mean energy $\bar{E}$:

\[
U = \frac{\sum_{n} E_{n} \exp \left(-\beta E_{n}\right)}{\sum_{n} \exp \left(-\beta E_{n}\right)} = \frac{\hbar \omega}{2} + \frac{\hbar \omega}{\exp (\beta \hbar \omega) - 1} = \frac{\hbar \omega}{2} \operatorname{coth}\left(\frac{\hbar \omega}{2kT}\right)
\]

$V$ is the voltage, $I = \mathrm{d} Q / \mathrm{d} t$ is the current, and $\overline{C V^{2}}/{2} = \overline{L I^{2}}/{2}$, hence

\[
U = \frac{\overline{C V^{2}}}{2} + \frac{\overline{L I^{2}}}{2} = C \overline{V^{2}} = L \overline{I^{2}}
\]

The resulting mean squared noise voltage is

\[
\overline{V^{2}} = \frac{\hbar \omega}{2 C} \operatorname{coth}\left(\frac{\hbar \omega}{2kT}\right)
\]",\boxed{\sqrt{\frac{\hbar \omega}{2 C} \operatorname{coth}\left(\frac{\hbar \omega}{2kT}\right)}},EX,,False,EN,Math Derivation
3544,Mechanics and Thermodynamics,Statistical Mechanics,Maxwell-Boltzmann Statistics,"Consider a system composed of two non-interacting atoms. Each atom is fixed at a lattice point with a spin $s=1$, which can take three directions, and the energy levels of the atoms are $1, 0, -1$, with no degeneracy of energy levels. Calculate the system's $\bar{E}$ and $\overline{E^{2}}$.","For the two atoms:

$$
\begin{aligned}
& \bar{E} = \bar{\varepsilon}_{1} + \bar{\varepsilon}_{2} = -2 \frac{e^{\beta} - e^{-\beta}}{1 + e^{\beta} + e^{-\beta}}, \\
& \overline{E^{2}} = \overline{\left(\varepsilon_{1} + \varepsilon_{2}\right)^{2}} = \overline{\varepsilon_{1}^{2}} + \overline{\varepsilon_{2}^{2}} + \overline{2 \varepsilon_{1} \varepsilon_{2}}.
\end{aligned}
$$

Because

$$
\overline{\varepsilon_{1} \varepsilon_{2}} = \overline{\varepsilon_{1}} \cdot \overline{\varepsilon_{2}},
$$

Therefore

$$
\overline{E^{2}} = 2 \frac{2\left(e^{2 \beta} + e^{-2 \beta}\right) + e^{\beta} + e^{-\beta}}{\left(1 + e^{\beta} + e^{-\beta}\right)^{2}}.
$$","\boxed{-2 \frac{e^{\beta} - e^{-\beta}}{1 + e^{\beta} + e^{-\beta}}, 2 \frac{2(e^{2 \beta} + e^{-2 \beta}) + e^{\beta} + e^{-\beta}}{(1 + e^{\beta} + e^{-\beta})^{2}}}","EX, EX","None, None",True,EN,Laws Application
3545,Mechanics and Thermodynamics,Statistical Mechanics,Fermi-Dirac Statistics,"Assume that in a certain sample, the electronic density of states is given by

$$
D(\varepsilon)=\begin{cases} 
D_{0}, & \varepsilon > 0 \\
0, & \varepsilon < 0 
\end{cases}
$$

The total number of electrons is $N$.  
(1) Find the Fermi energy $\mu_{0}$ at $T = 0 \, \mathrm{K}$.","(1) At $T = 0 \, \mathrm{K}$, the low energy states for $\varepsilon \leq \mu_{0}$ are completely filled, while the states for $\varepsilon > \mu_{0}$ are all empty. Considering the $1/2$ spin of electrons, each state can hold two electrons, thus

$$
\begin{gathered}
V \cdot 2 D_{0} \cdot \mu_{0} = N \\
\mu_{0} = \frac{N}{2 V D_{0}}
\end{gathered}
$$

where $V$ is the volume of the sample.",\boxed{\frac{N}{2 V D_{0}}},EX,,False,EN,Knowledge Recall
3546,Mechanics and Thermodynamics,Statistical Mechanics,Fermi-Dirac Statistics,"Consider a Fermi gas model of an atomic nucleus, where nucleons within a heavy nucleus are assumed to move freely inside a sphere corresponding to the nuclear volume $V$, subject to the Pauli exclusion principle. The nucleons can be regarded as a completely degenerate Fermi gas. Assume the volume of the nucleus is $V=\frac{4 \pi}{3} R_{0}^{3} A$, with $R_{0} \approx 1.4 \times 10^{-13} \mathrm{~cm}$. Calculate the total kinetic energy of the nucleons, $E_{\mathrm{kin}}$.","The total kinetic energy of the nucleons is given by

$$
E_{\mathrm{kin}}=\int \frac{p^{2}}{2 m} \mathrm{~d} n=\frac{16 \pi V}{2 m h^{3}} \int_{0}^{p_{\mathrm{F}}} p^{4} \mathrm{~d} p=\frac{16 \pi V}{5 h^{3}} \frac{p_{\mathrm{F}}^{5}}{2 m}
$$",\boxed{\frac{16 \pi V}{5 h^{3}} \frac{p_{\mathrm{F}}^{5}}{2 m}},EX,,False,EN,Math Derivation
3547,Mechanics and Thermodynamics,Statistical Mechanics,Maxwell-Boltzmann Statistics,"The quantum energy levels of a rigid rotor are given by $\varepsilon_{j}=j(j+1) \frac{h^{2}}{8 \pi^{2} m a^{2}}, j=0,1,2, \cdots$. The degeneracy of each energy level is $g_{j}=2 j+1$.\\
Find the low-temperature limit of $Z_{0} , U$, and $c_{v}$.","At low temperatures, only the first two terms of $Z$ need to be considered, $Z \approx 1+3 \mathrm{e}^{-\theta / T}$, where $\theta=\frac{h^{2}}{4 \pi^{2} m a^{2} k}$. Thus,

$$
\begin{gathered}
U=3 k \theta \mathrm{e}^{-\theta / T} /\left(1+3 \mathrm{e}^{-\theta / T}\right) \\
c_{\mathrm{v}}=3 k(\theta / T)^{2} \mathrm{e}^{-\theta / T} /\left(1+3 \mathrm{e}^{-\theta / T}\right)^{2}
\end{gathered}
$$","\boxed{Z_{0} \approx 1+3 e^{-\theta / T}, U=3 k \theta e^{-\theta / T} /\left(1+3 e^{-\theta / T}\right), c_{v}=3 k(\theta / T)^{2} e^{-\theta / T} /\left(1+3 e^{-\theta / T}\right)^{2}}",EX,"None, \mathrm{J}, \mathrm{J/K}",True,EN,Math Derivation
3548,Mechanics and Thermodynamics,Statistical Mechanics,Fermi-Dirac Statistics,"Assume that the conduction electrons in a metal are free electrons. Given the electron density \( n \) and the Fermi energy \( \varepsilon_{F} \), find the value of the isothermal compressibility \(\kappa = -\frac{1}{V}\left(\frac{\partial V}{\partial p}\right)_{T}\) at a temperature of \( T=0 \mathrm{~K} \). Assume the total energy \( E \) and pressure \( p \) satisfy the relation \( p V = \frac{2}{3} E \).","At \( T=0 \mathrm{~K} \), the free energy \( F = E \), therefore the pressure is given by

$$
p = -\left(\frac{\partial E}{\partial V}\right)_{T}
$$

For an ideal Fermi gas, the total energy and pressure satisfy \( p V = \frac{2}{3} E \). Therefore, we can derive

$$
p = -\left(\frac{\partial E}{\partial V}\right)_{T} = -\left[\frac{\partial}{\partial V}\left(\frac{3}{2} p V\right)\right]_{T} = -\frac{3}{2}\left[V\left(\frac{\partial p}{\partial V}\right)_{T} + p\right]
$$

From this, we obtain

$$
V\left(\frac{\partial p}{\partial V}\right)_{T} = -\frac{5}{3} p
$$

Therefore, the isothermal compressibility \(\kappa\) is:

$$
\kappa = -\frac{1}{V}\left(\frac{\partial V}{\partial p}\right)_{T} = \frac{3}{5 p} \quad (T=0 \mathrm{~K})
$$",\boxed{\frac{3}{5p}},NV,,False,EN,Math Derivation
3549,Mechanics and Thermodynamics,Statistical Mechanics,Distribution Function and Statistical Entropy,"A monatomic crystal consists of \( N \approx 10^{23} \) atoms, each located in two different potential wells. ""O"" represents a lattice site or ""normal position,"" while ""X"" represents an ""interstitial position."" The number of normal positions and interstitial positions are both \( N \). The energy of the atom in position X is higher than in position O by \( \varepsilon \). Assume that an atom in the O position can only jump to 8 nearest neighbor positions, with \( N \gg n \gg 1 \). Calculate the entropy of the crystal when there are \( n \) atoms in the interstitial positions.","The entropy \( S \) of a macroscopic state is proportional to the natural logarithm of the number of its microscopic states \( W \), \( S = k \ln W \), where \( k \) is the Boltzmann constant.

When \( n \) atoms jump into interstitial positions, the number of possible configurations is given by the combination of picking \( n \) atoms out of \( N \) atoms:

\[
\binom{N}{n} = \frac{N!}{n!(N-n)!} \tag{1}
\]

Each of these atoms can occupy any of the 8 positions, so the total number of arrangements or number of microscopic states is:

\[
W = 8^{n} \cdot \binom{N}{n} \tag{2}
\]

Since \( n \ll N \), we assume that no two atoms jump into the same interstitial position. Using Boltzmann's entropy formula \( S = k \ln W \), from equation (2), we can obtain the entropy of the crystal:

\[
S = k \left( n \ln 8 + \ln \frac{N!}{n!(N-n)!} \right) \tag{3}
\]

Using the Stirling approximation and neglecting terms of order \( n / N \), we get:

\[
S \approx k n \left( \ln 8 + \ln \frac{N}{n} \right) \approx k n \ln \frac{N}{n} \tag{4}
\]",\boxed{k n \ln \frac{N}{n}},EX,,False,EN,Math Derivation
3550,Mechanics and Thermodynamics,Statistical Mechanics,Fermi-Dirac Statistics,"Find the average energy of non-relativistic fermions at $T = 0 \mathrm{~K}$, given that $\varepsilon_{\mathrm{F}}$ is the Fermi energy. When the momentum $p \ll mc$, fermions are non-relativistic particles (where $p$ is the momentum, $m$ is the rest mass) with energy $\varepsilon = p^{2} / 2m$, and the density of states is

$$  
D(\varepsilon) = \frac{\text{constant}}{\sqrt{\varepsilon}}  
$$","For non-relativistic particles with $p \ll mc$, the energy is $\varepsilon = p^{2} / 2m$, and the density of states is

$$ 
D(\varepsilon) = \frac{\text{constant}}{\sqrt{\varepsilon}} 
$$",\boxed{\frac{3}{5} \varepsilon_{\text{F}}},NV,,False,EN,Math Derivation
3551,Mechanics and Thermodynamics,Statistical Mechanics,Maxwell-Boltzmann Statistics,"Consider a classical ideal gas of monatomic molecules with particle number \(N\), volume \(V\), and temperature \(T\). Each atom has two internal energy levels \(\varepsilon_{1}=0\) and \(\varepsilon_{2}=\Delta\). Find the free energy \(F\) of the gas.","Since \(N \gg 1\), using Stirling's approximation \(\ln N!=N(\ln N-1)\), we obtain

\[
F=-k T \ln \left(\frac{z^{N}}{N!}\right)=N k T\left[\ln \left(n V_{\mathrm{q}}\right)-\ln z_{\mathrm{int}}-1\right] \tag{6}
\]

Alternatively, using equation (5) and the thermodynamic equation

\[
\mathrm{d} F=-S \mathrm{~d} T-p \mathrm{~d} V+\mu \mathrm{d} N \tag{7}
\]

we can derive

\[
F=\int \mu \mathrm{d} N=N k T\left[\ln \left(n V_{\mathrm{q}}\right)-\ln z_{\mathrm{int}}-1\right] \tag{8}
\]",\boxed{N k T\left[\ln \left(n V_{\mathrm{q}}\right)-\ln z_{\mathrm{int}}-1\right]},EX,,False,EN,Math Derivation
3552,Mechanics and Thermodynamics,Statistical Mechanics,Ensemble Theory,"The particles of a Fermi gas have three non-degenerate energy levels: $0, \varepsilon, 2 \varepsilon$. If the gas can have at most 2 particles, determine the average number of particles in the gas.","The particles of a Fermi gas have three non-degenerate energy levels: $0, \varepsilon, 2 \varepsilon$. The gas can have at most 2 particles. Let the occupancy numbers on the three single-particle energy levels be $N_{0}, N_{1}, N_{2}$, respectively. Then the number of particles $N$ in the gas is given by:

\[
N = N_{0} + N_{1} + N_{2} \tag{1}
\]

The energy $E$ of the gas is:

\[
E = \left(N_{1} + 2N_{2}\right) \varepsilon \tag{2}
\]

The grand partition function of the gas is:

\[
Z = 1 + \lambda[1 + \exp (-\varepsilon / kT) + \exp (-2\varepsilon / kT)] + \lambda^{2} \exp (-\varepsilon / kT)[1 + \exp (-\varepsilon / kT) + \exp (-2\varepsilon / kT)] \tag{3}
\]

The probability that the gas has particle number $N$ and energy $E$ is:

\[
P(N, E) = \frac{1}{Z} \lambda^{N} \exp \left(-\frac{E}{kT}\right) \tag{4}
\]

The average number of particles in the Fermi gas is:

\[
\begin{align*}
\bar{N} = & \sum_{N=1}^{2} \sum_{E} N P(N, E) \\
= & \frac{1}{Z} \lambda[1 + \exp (-\varepsilon / kT) + \exp (-2\varepsilon / kT)] \\
& + \frac{2}{Z} \lambda^{2}[\exp (-\varepsilon / kT) + \exp (-2\varepsilon / kT) + \exp (-3\varepsilon / kT)] \\
= & \frac{1}{Z} \lambda[1 + \exp (-\varepsilon / kT) + \exp (-2\varepsilon / kT)] \cdot [1 + 2\lambda \exp (-\varepsilon / kT)] \tag{5}
\end{align*}
\]",\boxed{\bar{N} = \frac{1}{Z} \lambda[1 + \exp (-\varepsilon / kT) + \exp (-2\varepsilon / kT)] \cdot [1 + 2\lambda \exp (-\varepsilon / kT)]},EQ,,False,EN,Laws Application
3554,Mechanics and Thermodynamics,Statistical Mechanics,Maxwell-Boltzmann Statistics,"A paramagnetic solid consists of \(N\) particles, each with a spin quantum number \(s\), fixed at lattice sites. Determine the magnetic moment.","Using the result of the partition function, we can obtain the average magnetic moment of the paramagnetic solid as

\[
\bar{M} = N \sum_{j=-s}^{s} P_{j} \mu_{j} = -\frac{2 N \mu_{\mathrm{B}}}{z} \sum_{j=-s}^{s} j \exp (-2 j x) = N \mu_{\mathrm{B}} \frac{\partial \ln z}{\partial x} = \frac{N}{\beta}\left(\frac{\partial \ln z}{\partial H}\right)_{\beta} = \frac{N}{H}\left(\frac{\partial \ln z}{\partial \beta}\right)_{H} = N \mu_{\mathrm{B}}\{(2 s+1) \operatorname{coth}[(2 s+1) x]-\operatorname{coth} x\}
\]",\boxed{N \{(2 s+1) \operatorname{coth}[(2 s+1) x]-\operatorname{coth} x\}},EX,,False,EN,Math Derivation
3556,Mechanics and Thermodynamics,Statistical Mechanics,Maxwell-Boltzmann Statistics,"In a vacuum tube, a hot filament produces an electron gas with a temperature \( T \) and a particle number density of \( n \). The electron gas forms an electron beam through a small aperture with an area of \( A \), entering a decelerating electric field with a potential of \( U \). Determine the number of electrons that can pass through the decelerating electric field with potential \( U \) per unit time.","Assume the dimensions of the aperture are smaller than the mean free path of the electron gas, so it can be considered to be always in equilibrium. Suppose the decelerating electric field is in the \( x \)-direction, then only electrons with energy \( \frac{m v_{x}^{2}}{2} > e U \) can pass through the decelerating electric field with potential \( U \). Thus, let \( \frac{m v_{x0}^{2}}{2} = e U \), then the number of electrons that can pass through the decelerating electric field per unit time is

\[
\frac{\mathrm{d} N}{\mathrm{~d} t} = A \int_{v_{x0}}^{\infty} v_{x} \mathrm{~d} v_{x} \int_{-\infty}^{\infty} \mathrm{d} v_{y} \int_{-\infty}^{\infty} \mathrm{d} v_{z} f(v)
\]

\[
= n A \left(\frac{m}{2 \pi k T}\right)^{1 / 2} \int_{v_{x0}}^{\infty} v_{x} \exp \left(-\frac{m v_{x}^{2}}{2 k T}\right) \mathrm{d} v_{x}
\]

\[
= n A \left(\frac{k T}{2 \pi m}\right)^{1 / 2} \exp \left(-\frac{m v_{x0}^{2}}{2 k T}\right) = \frac{1}{4} n A \bar{v} \exp \left(-\frac{e U}{k T}\right) \tag{2}
\]

where \( \bar{v} = \sqrt{\frac{8 k T}{\pi m}} \) is the average speed of the electron gas.","\[
\boxed{\frac{1}{4} n A \bar{v} \exp \left(-\frac{e U}{k T}\right)}
\]",EX,,False,EN,Math Derivation
3557,Mechanics and Thermodynamics,Statistical Mechanics,Ensemble Theory,"The surface area of a metal is $A$, and to move a helium atom from the metal surface to infinity requires work $\Phi$. There is no interaction between helium atoms, and they can move freely on the metal surface. If the volume of helium gas is $V$, the pressure is $p$, the temperature is $T$, and it is in thermal equilibrium with the metal, use the free energy formula to calculate the chemical potential $\mu_{\mathrm{g}}$ of the portion of helium atoms in the gas.","The free energy of the system is given by $F=-kT \ln Z$. Since $N_{\mathrm{g}} \gg 1, N_{\mathrm{s}} \gg 1$, we can use the Stirling approximation. From $Z_{\mathrm{g}}$, we derive:

\begin{equation*}
F=kT N_{\mathrm{g}} \ln \left[\left(\frac{2 \pi m k T}{h^{2}}\right)^{-3/2} \cdot \frac{N_{\mathrm{g}}}{V}\right]
\end{equation*}

The chemical potential of the gaseous portion of helium atoms is:

\begin{equation*}
\mu_{\mathrm{g}}=\frac{\partial}{\partial N_{\mathrm{g}}} F=kT \ln \left[\left(\frac{2 \pi m k T}{h^{2}}\right)^{-3/2} \cdot \frac{N_{\mathrm{g}}}{V}\right]  \tag{5}
\end{equation*}",\boxed{\mu_{\mathrm{g}} = kT \ln \left[\left(2 \pi m k T\right)^{-3/2} \cdot \frac{N_{\mathrm{g}}}{V}\right]},EQ,,False,EN,Laws Application
3559,Mechanics and Thermodynamics,Statistical Mechanics,Maxwell-Boltzmann Statistics,"A helium-neon laser produces quasi-monochromatic light with a wavelength of $6328 \, \text{}$, a beam power of $1 \, \text{mW}$, a divergence angle of $10^{-4}$ radians, and a bandwidth of $0.01 \, \text{}$. Please calculate the blackbody temperature.","When the gas is in equilibrium at temperature \(T\), it follows the Maxwell velocity distribution law. The number of molecules within a unit volume with velocities between \(\boldsymbol{v}\) and \(\boldsymbol{v}+\mathrm{d} \boldsymbol{v}\) is given by:

\[
f(v) \mathrm{d} v=n\left(\frac{m}{2 \pi k T}\right)^{3 / 2} \exp \left(-\frac{m v^{2}}{2 k T}\right) \mathrm{d} v \tag{1}
\]

To calculate the number of collisions, consider the two types of molecules as elastic hard spheres with diameters \(d_{1}\) and \(d_{2}\). Using the center of a molecule of the first type as the sphere's center and a radius of \(d_{12}=(d_{1}+d_{2})/2\), the sphere surface is conceptualized. When two molecules collide, the center of the second type must be on this imaginary sphere, with \(v_{r}=v_{2}-v_{1}\) being the relative velocity of molecule 2 concerning molecule 1. In a time \(\mathrm{d} t\), for the second type of molecule to collide with the first within the solid angle element \(\mathrm{d} \Omega\) along the axis direction \(\boldsymbol{n}\), it must be located within a cylinder with base \(d_{12}^{2} \mathrm{d} \Omega\) and height \(v_{r} \cos \theta \mathrm{d} t\). The volume of this cylinder is:

\[
\mathrm{d} \tau=d_{12}^{2} v_{r} \cos \theta \mathrm{d} \Omega \mathrm{d} t \tag{2}
\]

Therefore, in time \(\mathrm{d} t\), the number of collisions within the solid angle element \(\mathrm{d} \Omega\) along the axis \(\boldsymbol{n}\) between a molecule 1 with speed \(\boldsymbol{v}_{1}\) and molecule 2 with speeds in the range \(\boldsymbol{v}_{2}\) to \(\boldsymbol{v}_{2}+\mathrm{d} \boldsymbol{v}_{2}\) is:

\[
f_{2}\left(\boldsymbol{v}_{2}\right) \mathrm{d} \boldsymbol{v}_{2} \mathrm{d} \tau = d_{12}^{2} v_{r} \cos \theta f_{2}\left(\boldsymbol{v}_{2}\right) \mathrm{d} \boldsymbol{v}_{2} \mathrm{d} \Omega \mathrm{d} t \tag{3}
\]

Thus, the average number of collisions in unit time between one molecule of the first type and all molecules of the second type is:

\[
\overline{\Theta_{12}} = \frac{1}{n_{1}} \iiint d_{12}^{2} v_{r} \cos \theta \cdot f_{1}\left(\boldsymbol{v}_{1}\right) f_{2}\left(\boldsymbol{v}_{2}\right) \mathrm{d} \boldsymbol{v}_{1} \mathrm{d} \boldsymbol{v}_{2} \mathrm{d} \Omega \tag{5}
\]

Completing the angular integration:

\[
\int \cos \theta \mathrm{d} \Omega = \int_{0}^{2 \pi} \mathrm{d} \varphi \cdot \int_{0}^{\pi} \cos \theta \sin \theta \mathrm{d} \theta = \pi \tag{6}
\]

We find:

\[
\overline{\Theta_{12}} = \pi n_{2} d_{12}^{2}\left(\frac{m_{1}}{2 \pi k T}\right)^{3/2}\left(\frac{m_{2}}{2 \pi k T}\right)^{3/2} \iint v_{r} \exp \left(-\frac{m_{1} v_{1}^{2}+m_{2} v_{2}^{2}}{2 k T}\right) \mathrm{d} \boldsymbol{v}_{1} \mathrm{d} \boldsymbol{v}_{2} \tag{7}
\]

Introducing the velocity of the center of mass:

\[
\boldsymbol{v}_{\mathrm{c}} = \frac{1}{m_{1}+m_{2}}\left(m_{1} \boldsymbol{v}_{1}+m_{2} \boldsymbol{v}_{2}\right) \tag{8}
\]

We have:

\[
\frac{1}{2} m_{1} v_{1}^{2}+\frac{1}{2} m_{2} v_{2}^{2}=\frac{1}{2} M v_{\mathrm{c}}^{2}+\frac{1}{2} \mu v_{r}^{2} \tag{9}
\]

And

\[
\mathrm{d} \boldsymbol{v}_{\mathrm{c}} \mathrm{d} \boldsymbol{v}_{r}=|J| \mathrm{d} \boldsymbol{v}_{1} \mathrm{d} \boldsymbol{v}_{2} \tag{10}
\]

where \(M=m_{1}+m_{2}\) is the total mass of the two molecules, and \(\mu=m_{1} m_{2} /(m_{1}+m_{2})\) is the reduced mass of the two molecules. The absolute value of the Jacobian determinant is:

\[
|J|= \left|\frac{\partial(\boldsymbol{v}_{\mathrm{c}}, \boldsymbol{v}_{r})}{\partial(\boldsymbol{v}_{1}, \boldsymbol{v}_{2})}\right|=1 \tag{11}
\]

Substituting these results into equation (7), we finally obtain the average frequency of collisions between a molecule of the first type and those of the second type:

\[
\overline{\Theta_{12}} = \pi n_{2} d_{12}^{2}\left(\frac{m_{1}}{2 \pi k T}\right)^{3/2}\left(\frac{m_{2}}{2 \pi k T}\right)^{3/2} \int \exp \left(-\frac{M v_{c}^{2}}{2 k T}\right) \mathrm{d} v_{\mathrm{c}} \cdot \int v_{r} \exp \left(-\frac{\mu v_{r}^{2}}{2 k T}\right) \mathrm{d} v_{r} = \pi n_{2} d_{12}^{2} \sqrt{\frac{8 k T}{\pi \mu}} = \pi n_{2} d_{12}^{2}\left(1+\frac{m_{1}}{m_{2}}\right)^{1/2} \overline{v_{1}} \tag{12}
\]

where \(\overline{v_{1}}=\sqrt{8 k T / \pi m_{1}}\) is the average speed of the first type of molecule, and \(n_{1}\) and \(n_{2}\) are the molecular number densities of the first and second types of gas molecules, respectively. For identical molecules, the average collision frequency is \(\Theta=\sqrt{2} n \pi d^{2} v\).",\boxed{6 \times 10^{9}},NV,\text{K},False,EN,Math Derivation
3560,Mechanics and Thermodynamics,Statistical Mechanics,Fermi-Dirac Statistics,"Consider the Fermi gas model of an atomic nucleus, where nucleons in a heavy atomic nucleus are assumed to move freely within a sphere corresponding to the nuclear volume $V$, obeying the Pauli principle. The nucleons can be regarded as a completely degenerate Fermi gas. Let $A=N$ (number of neutrons) $+Z$ (number of protons), and suppose $N=Z$. Assume the volume of the atomic nucleus is given by $V=\frac{4 \pi}{3} R_{0}^{3} A$, where $R_{0} \approx 1.4 \times 10^{-13} \mathrm{~cm}$. Calculate the Fermi momentum $p_{\mathrm{F}}$.","From the volume relation

$$
V=\frac{4 \pi}{3} R_{0}^{3} A=\frac{3h^{3}}{16 \pi} p_{\mathrm{F}}^{-3} A
$$

we obtain the Fermi momentum

$$
p_{\mathrm{F}}=\left(\frac{3}{8 \pi}\right)^{1/3} \frac{h}{R_{0}}
$$",\boxed{\left(\frac{3}{8 \pi}\right)^{1/3} \frac{h}{R_{0}}},EX,,False,EN,Math Derivation
3561,Mechanics and Thermodynamics,Statistical Mechanics,Ensemble Theory,"An absorbing membrane is in thermal equilibrium, with $N$ sites available for atom adsorption, each having a potential energy of $\varepsilon_{0}$. Given the partition function of the absorbing membrane $Z_{\mathrm{s}}$, find the simplified form of the grand partition function $\Xi$ for the absorbing membrane.","By substituting $Z_{\mathrm{s}}$ into the grand partition function $\Xi$, we obtain
\[
\Xi=\left[1+\exp \left(\frac{\mu_{\mathrm{s}}+\varepsilon_{0}}{k T}\right)\right]^{N}
\]",\[\boxed{\left[1+\exp \left(\frac{\mu_{\mathrm{s}}+\varepsilon_{0}}{k T}\right)\right]^{N}}\],EX,,False,EN,Math Derivation
3562,Mechanics and Thermodynamics,Statistical Mechanics,Ensemble Theory,"The surface area of a metal is \( A \). To move a helium atom from the metal surface to infinity requires work \(\Phi\). The helium atoms do not interact with each other and can move freely on the metal surface. If the volume of helium gas is \( V \), the pressure is \( p \), the temperature is \( T \), and it is in thermal equilibrium with the metal, calculate the partition function \( Z_{\mathrm{g}} \) of the gas.","Let the number of helium atoms in the gas be \( N_{\mathrm{g}} \), and the energy of the helium atoms in the gas be \( E_{\mathrm{g}} = \sum_{i} \frac{p_{i}^{2}}{2m} \), where \( p_{i} \) is the momentum of particle \( i \). Considering the indistinguishability or indistinctness of the particles, the partition function of the gas is:

\[
Z_{\mathrm{g}}=\frac{1}{N_{\mathrm{g}}!} \cdot \frac{1}{h^{3N_{\mathrm{g}}}} \int \exp \left(-\frac{E_{\mathrm{g}}}{kT}\right) \mathrm{d} \Omega_{\mathrm{g}}=\frac{1}{N_{\mathrm{g}}!}\left[\left(\frac{2 \pi m k T}{h^{2}}\right)^{3/2} V\right]^{N_{\mathrm{g}}} \tag{1}
\]",\boxed{\frac{1}{N_{\mathrm{g}}!} \left[\left(\frac{2 \pi m k T}{h^{2}}\right)^{3/2} V\right]^{N_{\mathrm{g}}}},EX,,False,EN,Math Derivation
3563,Mechanics and Thermodynamics,Statistical Mechanics,Bose-Einstein Statistics,Find the constant pressure heat capacity of blackbody radiation.,"The isobaric process of a photon gas is also an isothermal process, therefore the constant pressure heat capacity of a photon gas is $c_{p}=\infty$.",\boxed{c_{p} = \infty},EQ,,False,EN,Knowledge Recall
3564,Mechanics and Thermodynamics,Statistical Mechanics,Fermi-Dirac Statistics,"Assume that in a certain sample, the electronic state density is given by

$$
D(\varepsilon)=\begin{cases} 
D_{0}, & \varepsilon > 0 \\
0, & \varepsilon < 0 
\end{cases}
$$

The total number of electrons is $N$.  
(2) Find the non-degenerate condition when $T \neq 0 \, \mathrm{K}$.","(2) The non-degenerate condition requires the fugacity of the gas $\mathrm{e}^{\mu / k T} \ll 1$. At this point,

$$
\frac{1}{\mathrm{e}^{(\varepsilon - \mu) / k T} + 1} \approx \mathrm{e}^{\mu / k T} \cdot \mathrm{e}^{-\varepsilon / k T}
$$

Under this approximation,

$$
\frac{N}{V}=\int_{0}^{\infty} \frac{2 D_{0}}{\mathrm{e}^{(\varepsilon - \mu) / k T} + 1} \, \mathrm{d} \varepsilon = 2 D_{0} \cdot k T \cdot \mathrm{e}^{\mu / k T}
$$

Therefore, the non-degenerate condition is $k T \gg \left(\frac{N}{V}\right) / 2 D_{0} = \mu_{0}$.",\boxed{k T \gg \mu_{0}},EX,\mathrm{J} \gg \mathrm{J},False,EN,Math Derivation
3565,Mechanics and Thermodynamics,Statistical Mechanics,Bose-Einstein Statistics,"Consider a photon gas within a volume $V$ at temperature $T$. The rest mass of the photon is zero, i.e., $\varepsilon = p c$. How does the average energy $\bar{E}$ depend on $T$?","$$
\bar{E} \propto T^{4}
$$",\boxed{T^4},NV,,False,EN,Laws Application
3566,Mechanics and Thermodynamics,Statistical Mechanics,Ensemble Theory,"An ideal gas composed of \( N \) spinless atoms occupies a volume \( V \) at a temperature \( T \). Each atom has only two energy levels with an energy gap \( \Delta \). Determine the chemical potential, free energy, pressure, and heat capacity at constant pressure.","The classical ideal gas satisfies the non-degeneracy condition. The partition function of the system is

\[
z = \mathrm{e}^{-\beta E_{1}} + \mathrm{e}^{-\beta E_{2}}, \quad E_{1} = E_{2} + \Delta
\]

Free energy

\[
Z = \left(\mathrm{e}^{-\beta E_{1}} + \mathrm{e}^{-\beta E_{2}}\right)^{N} / N!
\]

Chemical potential

\[
\mu = \left(\frac{\partial F}{\partial N}\right)_{T, V} = -k T \ln \left(\mathrm{e}^{-\beta E_{1}} + \mathrm{e}^{-\beta E_{2}}\right) + k T \ln N
\]

Pressure

\[
p = k T \frac{\partial}{\partial V} \ln Z = -N \frac{\frac{\partial E_{1}}{\partial V} \mathrm{e}^{-\beta E_{1}} + \frac{\partial E_{2}}{\partial V} \mathrm{e}^{-\beta E_{2}}}{\mathrm{e}^{-\beta E_{1}} + \mathrm{e}^{-\beta E_{2}}}
\]

Entropy

\[
\begin{aligned}
S & = N k \left(\ln z - \beta \frac{\partial}{\partial \beta} \ln z\right) - k \ln N! \\
& = N k \left[1 + \ln \left(\frac{\mathrm{e}^{-\beta E_{1}} + \mathrm{e}^{-\beta E_{2}}}{N}\right)\right] + \frac{N\left(E_{1} \mathrm{e}^{-\beta E_{1}} + E_{2} \mathrm{e}^{-\beta E_{2}}\right)}{T\left(\mathrm{e}^{-\beta E_{1}} + \mathrm{e}^{-\beta E_{2}}\right)}
\end{aligned}
\]

Heat capacity at constant pressure

\[
c_{\mathrm{p}} = \left(\frac{\partial U}{\partial T}\right)_{p} = \frac{\partial}{\partial T}\left[N k T^{2} \frac{\partial}{\partial T} \ln z\right]_{p} = \frac{N \Delta^{2}}{2 k T^{2}\left(1 + \cosh \frac{\Delta}{k T}\right)} = \frac{N \Delta^{2}}{4 k T^{2} \cosh^{2}\left(\frac{\Delta}{2 k T}\right)}
\]","\boxed{\mu=-k T \ln \left(\mathrm{e}^{-\beta E_{1}}+\mathrm{e}^{-\beta E_{2}}\right)+k T \ln N, F=\left(\mathrm{e}^{-\beta E_{1}}+\mathrm{e}^{-\beta E_{2}}\right)^{N} / N!, p=-N \frac{\frac{\partial E_{1}}{\partial V} \mathrm{e}^{-\beta E_{1}}+\frac{\partial E_{2}}{\partial V} \mathrm{e}^{-\beta E_{2}}}{\mathrm{e}^{-\beta E_{1}}+\mathrm{e}^{-\beta E_{2}}}, c_{\mathrm{p}}=\frac{N \Delta^{2}}{4 k T^{2} \cosh ^{2}\left(\frac{\Delta}{2 k T}\right)}}","EX, EX, EX, EX","\text{Joules}, \text{Joules}, \text{Pascals}, \text{Joules per Kelvin}",True,EN,Math Derivation
3567,Mechanics and Thermodynamics,Statistical Mechanics,Bose-Einstein Statistics,"Find the grand partition function for blackbody radiation $E=E(\alpha, \beta, V)$.","Blackbody radiation is a gas of photons. Photon gas follows Bose-Einstein statistics, with the chemical potential $\mu=0$. The energy of a photon is $\varepsilon = \hbar \omega$, where $\omega$ is the angular frequency; the momentum is $p=\varepsilon / c$, where $c$ is the speed of light. The number of states for photons in the range $\omega$ to $\omega+\mathrm{d} \omega$ is given by

\[
D(\omega) \mathrm{d} \omega=\frac{8 \pi V}{h^{3}} p^{2} \mathrm{~d} p=\frac{V}{\pi^{2} c^{3}} \omega^{2} \mathrm{~d} \omega \tag{1}
\]

The logarithm of the grand partition function for the photon gas is

\[
\ln \Xi =-\sum_{i} \ln \left[1-\exp \left(-\beta \hbar \omega_{i}\right)\right]=-\int_{0}^{\infty} D(\omega) \ln [1-\exp (-\beta \hbar \omega)] \mathrm{d} \omega 
\]

\[
= \frac{1}{\pi^{2}}\left(\frac{k T}{\hbar c}\right)^{3} V \int_{0}^{\infty} x^{2} \ln [1-\exp (-x)] \mathrm{d} x=\frac{1}{3 \pi^{2}}\left(\frac{k T}{\hbar c}\right)^{3} V \int_{0}^{\infty} \frac{x^{3}}{\exp (x)-1} \mathrm{~d} x=\frac{1}{3 k} a T^{3} V \tag{2}
\]

where $a=\pi^{2} k^{4} / 15 \hbar^{3} c^{3}$.",\boxed{\frac{1}{3} a T^{3} V},EX,,False,EN,Math Derivation
3568,Mechanics and Thermodynamics,Statistical Mechanics,Ensemble Theory,"In a system of $N$ particles at temperature $T$, the interactions between particles can be ignored when calculating the energy. Each particle has three non-degenerate energy levels: $0, \varepsilon_{1}, \varepsilon_{2}$, and $\varepsilon_{2} \gg \varepsilon_{1} > 0$. Use the canonical ensemble to derive the partition function, free energy, and entropy of the system. Consider the approximation: $k T \ll \varepsilon_{2}$.","When $k T \ll \varepsilon_{2}$ or $\beta \varepsilon_{2} \gg 1$, $\exp(-\beta \varepsilon_{2}) \approx 0$, equations (2) through (4) simplify to

\[
Z = \left[1 - \exp\left(-\beta \varepsilon_{1}\right)\right]^{-N}  \tag{5}
\]

\[
F = N k T \ln \left[1 - \exp\left(-\beta \varepsilon_{1}\right)\right]  \tag{6}
\]

\[
S = N k \left\{-\ln \left[1 - \exp\left(-\beta \varepsilon_{1}\right)\right] + \frac{\beta \varepsilon_{1}}{\exp(\beta \varepsilon_{1}) - 1}\right\} \tag{7}
\]","\boxed{Z = \left[1 - \exp\left(-\beta \varepsilon_{1}\right)\right]^{-N}, F = N k T \ln \left[1 - \exp\left(-\beta \varepsilon_{1}\right)\right], S = N k \left\{-\ln \left[1 - \exp\left(-\beta \varepsilon_{1}\right)\right] + \frac{\beta \varepsilon_{1}}{\exp(\beta \varepsilon_{1}) - 1}\right\}}",EQ,"None, J, J/K",True,EN,Math Derivation
3570,Mechanics and Thermodynamics,Statistical Mechanics,Distribution Function and Statistical Entropy,"A monoatomic crystal has $N \approx 10^{23}$ atoms, which are respectively situated in two different potential wells. ""O"" represents the lattice sites or ""normal positions,"" and ""X"" represents ""interstitial sites."" The number of normal positions and interstitial positions are both $N$. The energy of an atom at the X position is $\varepsilon$ higher than at the O position. Assume that the $n$ vacancies (""holes"") in the O lattice are independent of the $n$ occupied interstitial positions. Calculate the entropy of the crystal when there are $n$ atoms in the interstitial positions.","Assume the $n$ vacancies (""holes"") in the O lattice are independent of the $n$ occupied interstitial positions. The occupied O positions are independent of the occupied X positions; therefore, the total number of occupancy configurations $W$, or degeneracy $g$, is the product of the degeneracies of vacancies in the O lattice and those of occupied positions in the X lattice. Each of these degeneracies is given by equation (1). Thus,

\begin{equation*}
W=g=\binom{N}{n}^{2} \tag{5}
\end{equation*}

Hence, the entropy $S$ of the crystal is

\begin{equation*}
S \approx 2 k n \ln \frac{N}{n} \tag{6}
\end{equation*}",\boxed{S \approx 2 k n \ln \frac{N}{n}},EX,,False,EN,Laws Application
3571,Mechanics and Thermodynamics,Statistical Mechanics,Fermi-Dirac Statistics,"Calculate the pressure $p$ of an extremely relativistic and strongly degenerate Fermi gas. It is known that the relation $p V = k T \ln \Xi$ serves as an important bridge or link between statistical mechanics and thermodynamics, and

\[\ln \Xi = \frac{\pi}{4} N \theta^{-1}\left(1+\frac{2}{3} \theta^{2}+\frac{11}{45} \theta^{4}\right)\]","From the relation and the expression for $\ln \Xi$, we obtain the pressure of the extremely relativistic and strongly degenerate Fermi gas as

\[p = \frac{1}{4 V} N \mu_{0}\left(1+\frac{2}{3} \theta^{2}+\frac{11}{45} \theta^{4}\right)\]",\boxed{\frac{1}{4} N \mu_{0} \left(1+\frac{2}{3} \theta^{2}+\frac{11}{45} \theta^{4}\right)},EX,,False,EN,
3572,Mechanics and Thermodynamics,Statistical Mechanics,Bose-Einstein Statistics,"Inside a container, there is a strongly degenerate Bose gas, and outside the container is a vacuum. There is a small hole on one wall of the container. The area of the hole is \( A \), and the diameter of the hole is much smaller than the mean free path of the gas molecules. The kinetic energy of a particle is \( \varepsilon = \frac{1}{2} m v^{2} \), where \( m \) and \( v \) are the mass and velocity of the particle, respectively. The spin degeneracy of the particles is \( g_{s} = 2s + 1\), where \( s \) is the spin quantum number. Find the occupancy number of the single-particle state \( i \) based on the Bose-Einstein distribution.","According to the Bose-Einstein distribution, the occupancy number of the single-particle state \( i \) is

\[
f\left(\varepsilon_{i}\right) = \frac{1}{\exp\left[\beta\left(\varepsilon_{i} - \mu\right)\right] - 1}
\]

where \( \beta = \frac{1}{kT} \), and \( T \) and \( \mu \) are the temperature and chemical potential of the gas, respectively. For a strongly degenerate Bose gas, \( \mu \approx 0 \).",\boxed{f\left(\varepsilon_{i}\right) = \frac{1}{\exp\left(\beta \varepsilon_{i}\right) - 1}},EX,,False,EN,Knowledge Recall
3573,Mechanics and Thermodynamics,Statistical Mechanics,Maxwell-Boltzmann Statistics,"The interatomic potential in a hydrogen molecule is given by the empirical formula:

\[ 
V = D\left\{\mathrm{e}^{-2 a\left(r-r_{0}\right)} - 2 \mathrm{e}^{-a\left(r-r_{0}\right)}\right\} 
\]

where \( r \) is the interatomic distance, \( D = 7 \times 10^{-12} \, \mathrm{erg} \), \( a = 2 \times 10^{8} \, \mathrm{cm}^{-1} \), \( r_{0} = 8 \times 10^{-9} \, \mathrm{cm} \). Calculate the temperature values at which rotational and vibrational contributions to the specific heat begin to appear.","The average distance between the diatomic atoms is approximately the equilibrium distance, given by

\[
\left(\frac{\partial V}{\partial r}\right)_{r=d} = 0
\]

yielding \( d = r_{0} \). The angular frequency of the radial vibration of the two atoms is \( \omega = \sqrt{\frac{k}{\mu}} \), where \( \mu = \frac{m_{\mathrm{H}}}{2} \) is the reduced mass, and

\[
k = \left.\frac{\partial^{2} V}{\partial r^{2}}\right|_{r=d} = 2 a^{2} D
\]

Thus,

\[
\omega = \sqrt{\frac{4 a^{2} D}{m_{\mathrm{H}}}}
\]

The characteristic energy of rotational levels is

\[
k \theta_{R} = \frac{\hbar^{2}}{2 \mu d^{2}}
\]

Therefore,

\[
\theta_{R} = \frac{\hbar^{2}}{k m_{\mathrm{H}} r_{0}^{2}} = 75 \, \mathrm{K}
\]

The characteristic energy of vibration is

\[
k \theta_{\mathrm{V}} = \hbar \omega
\]

Thus,

\[
\theta_{\mathrm{v}} = \frac{\hbar \omega}{k} = \frac{2 a \hbar}{k} \sqrt{\frac{D}{m_{H}}} = 6250 \, \mathrm{K}
\]

Hence, the rotational contribution to the specific heat begins at \( T = 75 \, \mathrm{K} \), and the vibrational contribution begins at \( T = 6250 \, \mathrm{K} \).","\boxed{75, 6250}","NV, NV","\mathrm{K}, \mathrm{K}",True,EN,Practical Application
3574,Mechanics and Thermodynamics,Statistical Mechanics,Fermi-Dirac Statistics,"(1) For a non-interacting, spin-\(\frac{1}{2}\) degenerate Fermi gas at \(T=0 \ \mathrm{K}\), find the energy of \(N\) such particles within a volume \(V\).","The number of electronic states between energies \(\varepsilon\) and \(\varepsilon+\mathrm{d} \varepsilon\) is given by

\[
D(\varepsilon) \mathrm{d} \varepsilon = \frac{4 \pi V}{h^{3}}(2 m)^{3 / 2} \sqrt{\varepsilon} \mathrm{~d} \varepsilon
\]

Therefore, the total number of electrons is

\[
N = \frac{4 \pi V}{h^{3}}(2 m)^{3 / 2} \int_{0}^{\varepsilon_{\mathrm{F}}} \sqrt{\varepsilon} \mathrm{~d} \varepsilon = \frac{8 \pi V}{3}\left(\frac{2 m \varepsilon_{\mathrm{F}}}{h^{2}}\right)^{3 / 2}
\]

The total energy of the Fermi gas is

\[
\bar{E} = \frac{4 \pi}{h^{3}} V \int_{0}^{\varepsilon_{\mathrm{F}}}(2 m)^{3 / 2} \varepsilon \sqrt{\varepsilon} \mathrm{~d} \varepsilon = \frac{3}{5} N \varepsilon_{\mathrm{F}} = \frac{3 N}{5} \frac{h^{2}}{2 m}\left(\frac{3 N}{8 \pi V}\right)^{2 / 3}
\]",\boxed{\frac{3 N}{5} \frac{h^{2}}{2 m}\left(\frac{3 N}{8 \pi V}\right)^{2 / 3}},EX,,False,EN,Math Derivation
3575,Mechanics and Thermodynamics,Statistical Mechanics,Maxwell-Boltzmann Statistics,"A one-dimensional quantum harmonic oscillator, whose ground state energy is $\frac{1}{2} \hbar \omega$, is in thermal equilibrium with a heat bath at temperature $T$. As a function of $T$, what is the average energy $\bar{E}$ of this oscillator?","\[  
Z = \sum_{n=0}^{\infty} e^{-E_{n} / k T} = \sum_{n=0}^{\infty} e^{-(n+1/2) \hbar \omega / k T} = \frac{2}{\sinh\left(\frac{\hbar \omega}{2 k T}\right)}  
\]

\[  
\bar{E} = k T^{2} \frac{\partial}{\partial T} \ln Z = \frac{\hbar \omega}{2} \coth\left(\frac{\hbar \omega}{2 k T}\right)  
\]",\[\boxed{\frac{\hbar \omega}{2} \coth\left(\frac{\hbar \omega}{2 k T}\right)}\],EX,,False,EN,Math Derivation
3576,Mechanics and Thermodynamics,Statistical Mechanics,Fermi-Dirac Statistics,"Find the free energy \( F \) of an extremely relativistic, strongly degenerate Fermi gas. Given the internal energy relationship \( F = N \mu - p V \).","Using the relation between chemical potential and pressure, we can obtain the free energy of a strongly degenerate Fermi gas as

\[ F = \frac{3}{4} N \mu_{0}\left(1-\frac{2}{3} \theta^{2}-\frac{11}{135} \theta^{4}\right) \]",\boxed{\frac{3}{4} N \mu_{0}\left(1-\frac{2}{3} \theta^{2}-\frac{11}{135} \theta^{4}\right)},EX,,False,EN,Math Derivation
3577,Mechanics and Thermodynamics,Statistical Mechanics,Ensemble Theory,"A spherical container with a radius of $R$ contains $N$ indistinguishable, non-relativistic particles, which do not interact with each other. Each particle is attracted to the center of the sphere by a constant force $f$. The potential energy of the particles is zero at the center of the sphere. Derive the expression for the free energy $F$ of the gas using the canonical distribution; provide the leading term in the expansion for the two extreme cases of $f R \gg k T$ and $f R \ll k T$.","In a spherical container of radius $R$, each particle is attracted to the center of the sphere by a constant force $f$. The energy of the gas is given by

\[
E=\sum_{i=1}^{N}\left(\frac{p_{i}^{2}}{2 m}+f r_{i}\right) \tag{1}
\]

where $p_{i}$ and $r_{i}$ are the momentum and position vector of particle $i$, respectively. The partition function of the gas is

\[
Z =\sum_{\text {states}} \exp (-\beta E)=\frac{1}{N!h^{3 N}} \int \exp (-\beta E) \mathrm{d} \Omega =\frac{1}{N!}\left\{\frac{1}{h^{3}} \int \exp \left[-\beta\left(\frac{p^{2}}{2 m}+f r\right)\right] \mathrm{d} \omega\right\}^{N}=\frac{1}{N!}\left(\frac{2 \pi m k T}{h^{2}}\right)^{3 N / 2} V_{\text{eff}}^{N} \tag{2}
\]

where $\beta=1 / k T$, $k$ is the Boltzmann constant, and $\mathrm{d} \Omega$ is the phase space volume element of the gas, $\mathrm{d} \omega=\mathrm{d} \boldsymbol{r} \cdot \mathrm{d} \boldsymbol{p}$. In this expression for the partition function, the volume $V$ of the box is replaced by an effective volume $V_{\text{eff}}$. The effective volume is

\[
V_{\mathrm{eff}}=4 \pi \int_{0}^{R} r^{2} \exp (-\beta f r) \mathrm{d} r=\frac{8 \pi}{(\beta f)^{3}}-\frac{4 \pi}{\beta f}\left[R^{2}+\frac{2 R}{\beta f}+\frac{2}{(\beta f)^{2}}\right] \exp (-\beta f R) \tag{3}
\]

The free energy of the gas is $F=-k T \ln Z$. From equation (2), we can obtain

\[
F=-\frac{3}{2} N k T \ln \left(\frac{2 \pi m k T}{h^{2}}\right)+N k T \ln \left(\frac{N}{V_{\text{eff}}}\right)-N k T \tag{4}
\]

When $f R \gg k T$, i.e., $\beta f R \gg 1$, equations (3) and (4) respectively become

\[
V_{\text{eff}}=\frac{8 \pi}{(\beta f)^{3}}=8 \pi\left(\frac{k T}{f}\right)^{3} \tag{5}
\]

\[
F=-\frac{3}{2} N k T \ln \left(\frac{2 \pi m k T}{h^{2}}\right)+N k T \ln \left[\frac{N}{8 \pi}\left(\frac{f}{k T}\right)^{3}\right] \tag{6}
\]

When $f R \ll k T$, i.e., $\beta f R \ll 1$, equations (3) and (4) respectively become

\[
V_{\mathrm{eff}} \approx(1-3 \beta f R / 4) V \approx V \tag{7}
\]

\[
F=-\frac{3 N k T}{2} \ln \left(\frac{2 \pi m k T}{h^{2}}\right)+N k T \ln \left(\frac{N}{V}\right) \tag{8}
\]","\[
\boxed{F=-\frac{3}{2} N k T \ln \left(\frac{2 \pi m k T}{h^{2}}\right)+N k T \ln \left[\frac{N}{8 \pi}\left(\frac{f}{k T}\right)^{3}\right], \, F=-\frac{3 N k T}{2} \ln \left(\frac{2 \pi m k T}{h^{2}}\right)+N k T \ln \left(\frac{N}{V}\right)}
\]","EX, EX",,False,EN,Math Derivation
3578,Mechanics and Thermodynamics,Statistical Mechanics,Maxwell-Boltzmann Statistics,"A three-dimensional rotor system with quantized energy (having two degrees of rotational freedom and no translational motion) follows Boltzmann statistics. Calculate the heat capacity of each rotor at high temperatures. The energy of the rotor is given by

$$
\varepsilon_{j}=j(j+1) \hbar^{2} / 2 I=A j(j+1)
$$

where $I$ is the moment of inertia of the rotor, the rotational quantum number $j=0,1,2, \cdots$, Planck's constant $\hbar=1.055 \times 10^{-34} \mathrm{~J} \cdot \mathrm{~s}$, and $A=\hbar^{2} / 2 I$. The degeneracy of the energy level $\varepsilon_{j}$ is $g_{j}=2 j+1$. The partition function of the rotor is

\begin{align*}
Z & =\sum_{j=0}^{\infty}(2 j+1) \exp \left[-\frac{A j(j+1)}{k T}\right] \\
& =2 \exp \left(\frac{A}{4 k T}\right) \sum_{j=0}^{\infty}\left(j+\frac{1}{2}\right) \exp \left[-\frac{A}{k T}\left(j+\frac{1}{2}\right)^{2}\right]
\end{align*}

Using the Euler formula, the expression can be obtained as

\begin{equation*}
Z=\left(\frac{k T}{A}+\frac{1}{12}\right) \exp \left(\frac{A}{4 k T}\right)
\end{equation*}","The heat capacity of the rotor is

\begin{equation*}
c=\frac{\partial U}{\partial T}=\frac{k}{1+A / 12 k T}-\frac{A}{12 T(1+A / 12 k T)^{2}}
\end{equation*}",\boxed{c=\frac{k}{1+\frac{A}{12 k T}}-\frac{A}{12 T\left(1+\frac{A}{12 k T}\right)^{2}}},EX,,False,EN,Math Derivation
3579,Mechanics and Thermodynamics,Statistical Mechanics,Fermi-Dirac Statistics,"Using the result of pressure, find the internal energy \( U \) of a strongly degenerate Fermi gas.","The internal energy \( U = \frac{3}{2} p V \). Using the previous expression for pressure, the internal energy is

\[
U = \frac{3}{5} N \mu_0 \left( 1 + \frac{5}{12} \theta^2 - \frac{1}{16} \theta^4 \right)
\]",\boxed{\frac{3}{5} N \mu_0 \left( 1 + \frac{5}{12} \theta^2 - \frac{1}{16} \theta^4 \right)},EX,,False,EN,Laws Application
3580,Mechanics and Thermodynamics,Statistical Mechanics,Maxwell-Boltzmann Statistics,"A material composed of \( N \) independent particles is placed in a weak external magnetic field \( \boldsymbol{H} \). Each particle can have a magnetic moment \( m \mu \) along the direction of the magnetic field, where \( m = J, J-1, \cdots, -J+1, -J, -J \) are integers, and \( \mu \) is a constant. The system's temperature is \( T \). Calculate the average magnetization \( \bar{M} \) of this material.","\[
\bar{M} = -\left(\frac{\partial F}{\partial H}\right)_{T} = N k T \left(\frac{\partial}{\partial H} \ln z\right)_{T} = \frac{N \mu}{2} \left[(2 J+1) \coth \frac{(2 J+1) \mu H}{2 k T} - \coth \frac{\mu H}{2 k T}\right]
\]","\[
\boxed{\frac{N \mu}{2}\left[(2 J+1) \operatorname{coth} \frac{(2 J+1) \mu H}{2 k T}-\operatorname{coth} \frac{\mu H}{2 k T}\right]}
\]",EX,,False,EN,Math Derivation
3582,Mechanics and Thermodynamics,Statistical Mechanics,Bose-Einstein Statistics,"Consider a photon gas within a volume \( V \) at temperature \( T \). The rest mass of a photon is zero, i.e., \( \varepsilon = pc \). Determine the dependence of the photon number on temperature.","The number of states between momentum \( p \) and \( p + \mathrm{d}p \) is given by \( \frac{8 \pi V}{h^{3}} p^{2} \mathrm{d}p \), which is equivalent to \( \frac{V}{\pi^{2} c^{3}} \omega^{2} \mathrm{d}\omega \). The total number of photons is

$$
\bar{N} = \int \frac{V}{\pi^{2} c^{3}} \omega^{2} \frac{1}{\mathrm{e}^{\hbar \omega / k T}-1} \mathrm{d}\omega = \frac{V}{\pi^{2} c^{3}}\left(\frac{k T}{\hbar}\right)^{3} \int_{0}^{\infty} \frac{\xi^{2} \mathrm{d}\xi}{\mathrm{e}^{\xi}-1} \propto T^{3}
$$",\boxed{T^3},EX,,False,EN,Math Derivation
3583,Mechanics and Thermodynamics,Statistical Mechanics,Maxwell-Boltzmann Statistics,"The vibrational energy levels of a diatomic molecule are given by $\varepsilon_{\nu}=\hbar \omega_{0}\left(\nu+\frac{1}{2}\right)$, where $\nu=0,1,2,\cdots$, and the partition function is $Z_{\text{vib}}=\sum_{\nu=0}^{\infty} \exp\left\{-\beta \hbar \omega_{0}\left(\nu+\frac{1}{2}\right)\right\} = \frac{\mathrm{e}^{-x/2}}{1-\mathrm{e}^{-x}}$. Calculate the free energy of one mole of gas.","The free energy of one mole of gas is

$$
F=-N_{\mathrm{A}} k T \ln Z_{\text{vib}}=\frac{N_{\mathrm{A}}}{2} \hbar \omega_{0}+\frac{N_{\mathrm{A}}}{\beta} \ln \left[1-\exp \left(-\beta \hbar \omega_{0}\right)\right]
$$",\boxed{\frac{N_{\mathrm{A}}}{2} \hbar \omega_{0}+\frac{N_{\mathrm{A}}}{\beta} \ln \left[1-\exp \left(-\beta \hbar \omega_{0}\right)\right]},EX,,False,EN,Knowledge Recall
3584,Mechanics and Thermodynamics,Statistical Mechanics,Bose-Einstein Statistics,Find the internal energy of blackbody radiation.,"Thus, the internal energy of the photon gas \( U = 3pV = aT^4V \).",\boxed{a T^{4} V},EX,,False,EN,Knowledge Recall
3585,Mechanics and Thermodynamics,Statistical Mechanics,Fermi-Dirac Statistics,"For a weakly degenerate Fermi gas, its grand partition function's logarithm is given by

$$
\ln \Xi=N\left[1+\frac{y}{4 \sqrt{2}}-\left(\frac{2}{9 \sqrt{3}}-\frac{1}{8}\right) y^{2}+\cdots\right]
$$

Given that the pressure-related expression is known, derive the free energy $F$ of the weakly degenerate Fermi gas.","According to the definition of free energy $F=U-T S$, in conjunction with the known internal energy and entropy, the free energy of the weakly degenerate Fermi gas can be obtained as

\begin{equation*}
F=-N k T\left(1-\ln y-0.177 y+1.650 \times 10^{-3} y^{2}\right)
\end{equation*}",\boxed{-N k T\left(1-\ln y-0.177 y+1.650 \times 10^{-3} y^{2}\right)},EX,,False,EN,Math Derivation
3586,Mechanics and Thermodynamics,Statistical Mechanics,Ensemble Theory,"A Fermi gas has particles with only a single energy level of degeneracy $g=2$, and if both states are fully occupied, the energy of the gas becomes infinite. Calculate the grand partition function $\Xi$ of this gas.","For a Fermi gas, particles have a single energy level with degeneracy $g=2$, and if both states are fully occupied, the energy of the gas becomes infinite. Therefore, for gas particle numbers $N=0, 1, 2$, the corresponding gas energy is $E=0, \varepsilon, \infty$. The grand partition function of the Fermi gas is  

\[
\Xi = \sum_{N=0}^{2} \lambda^{N} \frac{g!}{N!(g-N)!} \exp \left(-\frac{E}{k T}\right) = 1 + 2\lambda \exp \left(-\frac{\varepsilon}{k T}\right)
\]

where $\lambda = \exp (\mu / k T) = \exp (-\alpha)$ is the fugacity of the gas, $\mu$ is the chemical potential of the gas, and $k$ is the Boltzmann constant. Since the gas cannot have infinite energy, ""if both states are fully occupied, the energy of the gas becomes infinite"" is equivalent to saying ""both states cannot be simultaneously occupied.""",\[\boxed{1 + 2\lambda \exp \left(-\frac{\varepsilon}{k T}\right)}\],EX,,False,EN,Laws Application
3588,Mechanics and Thermodynamics,Statistical Mechanics,Fermi-Dirac Statistics,Find the isochoric heat capacity of a strongly degenerate Fermi gas.,"It is known that the internal energy of a strongly degenerate Fermi gas is given by

\[
U=\frac{3}{5} N \mu_{0}\left(1+\frac{5}{12} \theta^{2}\right) \tag{1}
\]

where the parameter \(\theta=\pi k T / \mu_{0}\), \(\mu_{0}=b V^{-2 / 3}\) is the chemical potential at temperature \(T=0 \mathrm{~K}\), \(b=\left(\frac{h^{2}}{2 m}\right)\left(\frac{3 N}{4 \pi g}\right)^{2 / 3}\), and \(g\) is the degeneracy factor or weight related to ""internal structures"" (such as spin). We can rewrite equation (1) as

\[
U=\frac{3 b}{5} N V^{-2 / 3}+\frac{\pi^{2} k^{2}}{4 b} N V^{2 / 3} T^{2} \tag{2}
\]

The isochoric heat capacity \(c_{v}=\left(\frac{\partial U}{\partial T}\right)_{V}\). From equations (1) and (2), we obtain

\[
c_{v}=\frac{\pi^{2} k^{2}}{2 \mu_{0}} N T=\frac{\pi k}{2} N \theta \tag{3}
\]",\boxed{\frac{\pi^{2} k^{2}}{2 \mu_{0}} N T},EX,,False,EN,Math Derivation
3589,Mechanics and Thermodynamics,Statistical Mechanics,Maxwell-Boltzmann Statistics,"Consider a lattice of $N$ atoms $\left(N \approx 10^{23}\right)$. The spin quantum number of the atoms is $s = \frac{1}{2}, m_{\mathrm{s}} = \pm \frac{1}{2}$, and the magnetic moment of the $i$-th atom is $\mu_{i} = g \mu_{\mathrm{B}} s_{i}$, where $g$ is the Land factor, and $\mu_{\mathrm{B}}$ is the Bohr magneton ($\mu_{\mathrm{B}} = e \hbar / 2 m c$). Assuming the interactions between atoms are negligible, they are in equilibrium at temperature $T$. They are subjected to an external magnetic field $\mathbf{H} = H \mathbf{z}$. Determine the expression for the entropy $S$ of the crystal (considering only the contribution from the spin states) and calculate the limits of $S$ in strong magnetic field $(\eta \gg 1)$ and weak magnetic field $(\eta \ll 1)$.","When the gas is in equilibrium at temperature \(T\), it follows the Maxwell velocity distribution law. The number of molecules within a unit volume with velocities between \(\boldsymbol{v}\) and \(\boldsymbol{v}+\mathrm{d} \boldsymbol{v}\) is given by:

\[
f(v) \mathrm{d} v=n\left(\frac{m}{2 \pi k T}\right)^{3 / 2} \exp \left(-\frac{m v^{2}}{2 k T}\right) \mathrm{d} v \tag{1}
\]

To calculate the number of collisions, consider the two types of molecules as elastic hard spheres with diameters \(d_{1}\) and \(d_{2}\). Using the center of a molecule of the first type as the sphere's center and a radius of \(d_{12}=(d_{1}+d_{2})/2\), the sphere surface is conceptualized. When two molecules collide, the center of the second type must be on this imaginary sphere, with \(v_{r}=v_{2}-v_{1}\) being the relative velocity of molecule 2 concerning molecule 1. In a time \(\mathrm{d} t\), for the second type of molecule to collide with the first within the solid angle element \(\mathrm{d} \Omega\) along the axis direction \(\boldsymbol{n}\), it must be located within a cylinder with base \(d_{12}^{2} \mathrm{d} \Omega\) and height \(v_{r} \cos \theta \mathrm{d} t\). The volume of this cylinder is:

\[
\mathrm{d} \tau=d_{12}^{2} v_{r} \cos \theta \mathrm{d} \Omega \mathrm{d} t \tag{2}
\]

Therefore, in time \(\mathrm{d} t\), the number of collisions within the solid angle element \(\mathrm{d} \Omega\) along the axis \(\boldsymbol{n}\) between a molecule 1 with speed \(\boldsymbol{v}_{1}\) and molecule 2 with speeds in the range \(\boldsymbol{v}_{2}\) to \(\boldsymbol{v}_{2}+\mathrm{d} \boldsymbol{v}_{2}\) is:

\[
f_{2}\left(\boldsymbol{v}_{2}\right) \mathrm{d} \boldsymbol{v}_{2} \mathrm{d} \tau = d_{12}^{2} v_{r} \cos \theta f_{2}\left(\boldsymbol{v}_{2}\right) \mathrm{d} \boldsymbol{v}_{2} \mathrm{d} \Omega \mathrm{d} t \tag{3}
\]

Thus, the average number of collisions in unit time between one molecule of the first type and all molecules of the second type is:

\[
\overline{\Theta_{12}} = \frac{1}{n_{1}} \iiint d_{12}^{2} v_{r} \cos \theta \cdot f_{1}\left(\boldsymbol{v}_{1}\right) f_{2}\left(\boldsymbol{v}_{2}\right) \mathrm{d} \boldsymbol{v}_{1} \mathrm{d} \boldsymbol{v}_{2} \mathrm{d} \Omega \tag{5}
\]

Completing the angular integration:

\[
\int \cos \theta \mathrm{d} \Omega = \int_{0}^{2 \pi} \mathrm{d} \varphi \cdot \int_{0}^{\pi} \cos \theta \sin \theta \mathrm{d} \theta = \pi \tag{6}
\]

We find:

\[
\overline{\Theta_{12}} = \pi n_{2} d_{12}^{2}\left(\frac{m_{1}}{2 \pi k T}\right)^{3/2}\left(\frac{m_{2}}{2 \pi k T}\right)^{3/2} \iint v_{r} \exp \left(-\frac{m_{1} v_{1}^{2}+m_{2} v_{2}^{2}}{2 k T}\right) \mathrm{d} \boldsymbol{v}_{1} \mathrm{d} \boldsymbol{v}_{2} \tag{7}
\]

Introducing the velocity of the center of mass:

\[
\boldsymbol{v}_{\mathrm{c}} = \frac{1}{m_{1}+m_{2}}\left(m_{1} \boldsymbol{v}_{1}+m_{2} \boldsymbol{v}_{2}\right) \tag{8}
\]

We have:

\[
\frac{1}{2} m_{1} v_{1}^{2}+\frac{1}{2} m_{2} v_{2}^{2}=\frac{1}{2} M v_{\mathrm{c}}^{2}+\frac{1}{2} \mu v_{r}^{2} \tag{9}
\]

And

\[
\mathrm{d} \boldsymbol{v}_{\mathrm{c}} \mathrm{d} \boldsymbol{v}_{r}=|J| \mathrm{d} \boldsymbol{v}_{1} \mathrm{d} \boldsymbol{v}_{2} \tag{10}
\]

where \(M=m_{1}+m_{2}\) is the total mass of the two molecules, and \(\mu=m_{1} m_{2} /(m_{1}+m_{2})\) is the reduced mass of the two molecules. The absolute value of the Jacobian determinant is:

\[
|J|= \left|\frac{\partial(\boldsymbol{v}_{\mathrm{c}}, \boldsymbol{v}_{r})}{\partial(\boldsymbol{v}_{1}, \boldsymbol{v}_{2})}\right|=1 \tag{11}
\]

Substituting these results into equation (7), we finally obtain the average frequency of collisions between a molecule of the first type and those of the second type:

\[
\overline{\Theta_{12}} = \pi n_{2} d_{12}^{2}\left(\frac{m_{1}}{2 \pi k T}\right)^{3/2}\left(\frac{m_{2}}{2 \pi k T}\right)^{3/2} \int \exp \left(-\frac{M v_{c}^{2}}{2 k T}\right) \mathrm{d} v_{\mathrm{c}} \cdot \int v_{r} \exp \left(-\frac{\mu v_{r}^{2}}{2 k T}\right) \mathrm{d} v_{r} = \pi n_{2} d_{12}^{2} \sqrt{\frac{8 k T}{\pi \mu}} = \pi n_{2} d_{12}^{2}\left(1+\frac{m_{1}}{m_{2}}\right)^{1/2} \overline{v_{1}} \tag{12}
\]

where \(\overline{v_{1}}=\sqrt{8 k T / \pi m_{1}}\) is the average speed of the first type of molecule, and \(n_{1}\) and \(n_{2}\) are the molecular number densities of the first and second types of gas molecules, respectively. For identical molecules, the average collision frequency is \(\Theta=\sqrt{2} n \pi d^{2} v\).","\boxed{N k(1+2 \eta) \exp(-2 \eta), N k \ln 2}","EX, EX","None, None",True,EN,Laws Application
3590,Mechanics and Thermodynamics,Statistical Mechanics,Maxwell-Boltzmann Statistics,"An object has $N$ particles, each with two energy levels, with energies and degeneracies given by $\varepsilon_{1}, g_{1}$ and $\varepsilon_{2}, g_{2}$, respectively, where $\varepsilon_{2} > \varepsilon_{1}$ and $g_{2} > g_{1}$. Determine the specific heat capacity $c(T)$ of the object.","The specific heat capacity of the object $c = \mathrm{d} U / \mathrm{d} T = -\beta^{2} k \mathrm{~d} U / \mathrm{d} \beta$. From equation (2), we can obtain

\[
c = \frac{N \beta^{2} k}{Z}\left\{g_{1} \varepsilon_{1}^{2} \exp \left(-\beta \varepsilon_{1}\right) + g_{2} \varepsilon_{2}^{2} \exp \left(-\beta \varepsilon_{2}\right) - \frac{\left[g_{1} \varepsilon_{1} \exp \left(-\beta \varepsilon_{1}\right) + g_{2} \varepsilon_{2} \exp \left(-\beta \varepsilon_{2}\right)\right]^{2}}{Z}\right\} \tag{3}
\]",\boxed{\frac{N \beta^{2} k}{Z}\left\{g_{1} \varepsilon_{1}^{2} \exp \left(-\beta \varepsilon_{1}\right) + g_{2} \varepsilon_{2}^{2} \exp \left(-\beta \varepsilon_{2}\right) - \frac{\left[g_{1} \varepsilon_{1} \exp \left(-\beta \varepsilon_{1}\right) + g_{2} \varepsilon_{2} \exp \left(-\beta \varepsilon_{2}\right)\right]^{2}}{Z}\right\}},EX,,False,EN,Math Derivation
3591,Mechanics and Thermodynamics,Statistical Mechanics,Maxwell-Boltzmann Statistics,"A substance is composed of $N$ independent paramagnetic particles, each with a magnetic moment $\mu_{\mathrm{m}}$ and a spin quantum number of $1/2$. This substance is in an external magnetic field $H$, and the particles follow Boltzmann statistics. Given $N=10^{3}$ and $\mu_{\mathrm{m}} H / k T=0.1$, find the probability of $M=0$.","According to the principle of equal probability, when the system is in thermodynamic equilibrium, all its microscopic quantum states appear with equal probability. When $M=0$, the number of particles whose magnetic moments are parallel ($N_{1}$) and antiparallel ($N_{2}$) to the external magnetic field are equal, each being $N / 2$. Thus, the probability for $M=0$ is

\[
P = \frac{N!}{(N / 2)!\cdot(N / 2)!}\left[\frac{\exp \left(\mu_{\mathrm{m}} H / k T\right)}{z}\right]^{N / 2} \cdot\left[\frac{\exp \left(-\mu_{\mathrm{m}} H / k T\right)}{z}\right]^{N / 2} = \frac{N!}{[(N / 2)!]^{2}} z^{-N} \tag{4}
\]

where $z$ is the single particle partition function. Substituting the given data into equation (2), we find $z=2.010$. Since $N=1000 \gg 1$, using Stirling's approximation, the probability of $M=0$ is

\[
P = (2 / z)^{N} = 6.82 \times 10^{-3} \tag{5}
\]

where $2 / z=0.995$. If $N=10000$, then $P=0.995^{10000}=2.18 \times 10^{-22}$. The probability $P$ for $M=0$ decreases sharply with the increase in the number of particles $N$. If $N>1000$, then $P \approx 0$.",\boxed{6.82 \times 10^{-3}},NV,,False,EN,Practical Application
3592,Mechanics and Thermodynamics,Statistical Mechanics,Fermi-Dirac Statistics,Given a system of $N=2 \times 10^{22}$ electrons contained within a box with a volume $V=1 \mathrm{~cm}^{3}$. The walls of the box are infinite potential barriers. Calculate the pressure on the walls of the box.,"The pressure on the walls of the box is given by

$$
p=-\frac{\mathrm{d} \bar{E}}{\mathrm{d} V}=\frac{2}{3} \frac{N E_{\mathrm{F}}}{V}
$$",\boxed{\frac{2}{3} \frac{N E_{\mathrm{F}}}{V}},EX,,False,EN,Knowledge Recall
3593,Mechanics and Thermodynamics,Statistical Mechanics,Maxwell-Boltzmann Statistics,"Consider a classical ideal gas of monoatomic molecules with a particle number \(N\), volume \(V\), and temperature \(T\). Each atom has two internal energy levels \(\varepsilon_{1}=0\) and \(\varepsilon_{2}=\Delta\). Find the chemical potential \(\mu\) of the gas molecules.","Given the ideal gas with a particle number \(N\), volume \(V\), and temperature \(T\), where each atom has two internal energy levels \(\varepsilon_{1}=0\) and \(\varepsilon_{2}=\Delta\), the single-particle partition function is:

\[
z=\sum_{i} \exp \left(-\frac{E_{i}}{k T}\right) \tag{1}
\]

where \(E=\varepsilon+\varepsilon_{\text{int}}\), \(\varepsilon\) represents the kinetic energy of the atomic center of mass, and \(\varepsilon_{\mathrm{int}}\) is the internal energy of the atom. Thus, we have:

\[
z=z_{1} z_{\text{int}} \tag{2}
\]

where,

\[
z_{1}=\sum_{j} \exp \left(-\frac{\varepsilon_{j}}{k T}\right)=\frac{V}{V_{\mathrm{q}}} \tag{3}
\]

The quantum volume \(V_{\mathrm{q}}=\left(2 \pi m k T / h^{2}\right)^{-3 / 2}\),

\[
z_{\mathrm{int}}=1+\exp \left(-\frac{\Delta}{k T}\right) \tag{4}
\]

Using equations (2) to (4), with \(N=z \exp (\mu / k T)\), we obtain

\[
\mu=k T \ln \left(\frac{N}{z}\right)=k T \ln \left(n V_{\mathrm{q}}\right)-k T \ln z_{\mathrm{int}} \tag{5}
\]

where \(n=N / V\) is the particle number density.",\boxed{\mu = k T \ln \left(n V_{\mathrm{q}}\right) - k T \ln z_{\mathrm{int}}},EQ,,False,EN,Math Derivation
3594,Mechanics and Thermodynamics,Statistical Mechanics,Fermi-Dirac Statistics,"For a weakly degenerate Fermi gas, the logarithm of its grand partition function is given by

$$
\ln \Xi=N\left[1+\frac{y}{4 \sqrt{2}}-\left(\frac{2}{9 \sqrt{3}}-\frac{1}{8}\right) y^{2}+\cdots\right]
$$

Derive the enthalpy $H$ of the weakly degenerate Fermi gas.","Using $U=3 p V / 2$, $p V=k T \ln \Xi$, and the known expression, the enthalpy of a weakly degenerate Fermi gas can be obtained as

\begin{equation*}
H=\frac{5}{2} N k T\left(1+0.1768 y-3.300 \times 10^{-3} y^{2}\right)
\end{equation*}",\boxed{H = \frac{5}{2} N k T\left(1+0.1768 y-3.300 \times 10^{-3} y^{2}\right)},EQ,,False,EN,Math Derivation
3595,Mechanics and Thermodynamics,Statistical Mechanics,Fermi-Dirac Statistics,"Given that the grand potential \( J = -pV \) for a strongly degenerate Fermi gas is

$$
J(T, V, \mu) = -a\left(\frac{4}{15} \mu^{5/2} + \frac{\pi^{2}}{6 \beta^{2}} \mu^{1/2} - \frac{7 \pi^{4}}{1440 \beta^{4}} \mu^{-3/2}\right)
$$

where \( a = 2 \pi g V (2m)^{3/2} / h^{3} \), and \( g \) is the degeneracy factor associated with ""internal structures"" (such as spin), \( \beta = 1 / kT \), \( T \), \( \mu \) are the temperature and chemical potential of the gas respectively, and \( k \) is the Boltzmann constant. Find the internal energy of the strongly degenerate Fermi gas.","Using equation (8) and the relation \( pV = 2U/3 \), the internal energy of the strongly degenerate Fermi gas can be derived as

\begin{equation*}
U = \frac{2}{5} a \mu^{5/2}\left[1 + \frac{5}{8}\left(\frac{\pi}{\beta \mu}\right)^{2} - \frac{7}{384}\left(\frac{\pi}{\beta \mu}\right)^{4}\right] = \frac{3}{5} N \mu_{0}\left(1 + \frac{5}{12} \theta^{2} - \frac{1}{16} \theta^{4}\right) \tag{9}
\end{equation*}",\boxed{\frac{2}{5} a \mu^{5 / 2}\left[1+\frac{5}{8}\left(\frac{\pi}{\beta \mu}\right)^{2}-\frac{7}{384}\left(\frac{\pi}{\beta \mu}\right)^{4}\right]},EX,,False,EN,Math Derivation
3596,Mechanics and Thermodynamics,Statistical Mechanics,Fermi-Dirac Statistics,"Assume a neutron star is a highly degenerate, non-relativistic neutron gas with a spherically symmetric equilibrium structure. Ignore all interactions between neutrons. Suppose the core mass of the neutron star is \(M\). It is known that for \(r > r_{0}\), the pressure is given by \(p = \frac{\alpha G M}{r} \rho\). Determine the density distribution of the neutron star in this region.","To find the density distribution of the neutron star, we use the pressure expression \(p = a \rho^{5/3}\) in conjunction with the given pressure formula \(p = \frac{\alpha G M}{r} \rho \). We arrive at:

\[
\rho = \left(\frac{\alpha G M}{a} \cdot \frac{1}{r}\right)^{3/2}
\]",\[\boxed{\rho = \left(\frac{\alpha G M}{a} \cdot \frac{1}{r}\right)^{3/2}}\],EQ,,False,EN,Math Derivation
3597,Mechanics and Thermodynamics,Statistical Mechanics,Fermi-Dirac Statistics,"Consider a weakly degenerate Fermi gas, where the logarithm of its grand partition function is given by

$$
\ln \Xi = N \left[ 1 + \frac{y}{4 \sqrt{2}} - \left(\frac{2}{9 \sqrt{3}} - \frac{1}{8}\right) y^{2} + \cdots \right]
$$

Here, $y$ is the fugacity of the non-degenerate Fermi gas: $y = g^{-1} n \left(h^{2} / 2 \pi m k T\right)^{3 / 2} \ll 1$, $n = N / V$ is the particle number density, $m$ is the particle mass, $T$ is the temperature, $h$ and $k$ are Planck's constant and Boltzmann's constant respectively, and $g$ is the degeneracy factor related to ""internal structure"" (e.g., spin). Using this expression, solve for the pressure $p$ of the weakly degenerate Fermi gas.","According to the relationship $p V = k T \ln \Xi$, from the expression for the logarithm of the grand partition function, the pressure of the weakly degenerate Fermi gas can be obtained as

\begin{equation*}
p = n k T \left(1 + 0.1768 y - 3.300 \times 10^{-3} y^{2} \right)
\end{equation*}",\boxed{p = n k T \left(1 + 0.1768 y - 3.300 \times 10^{-3} y^{2}\right)},EQ,,False,EN,
3598,Mechanics and Thermodynamics,Statistical Mechanics,Fermi-Dirac Statistics,"In a strongly degenerate Fermi gas, the pressure is given by

\[
p=\frac{2}{5V} N \mu_0 \left(1+\frac{5}{12} \theta^2\right)
\]

Using the expression for the entropy density provided earlier, rewrite the expression for pressure in terms of density.","Using the entropy expression in terms of density, we can rewrite the pressure as

\[
p=\frac{2bN}{5} V^{-5/3}+\frac{\pi^2 k^2}{6b} N V^{-1/3} T^2=\left[\frac{2bN}{5(Nm)^{5/3}}+\frac{2b}{3\pi^2 k^2 N(Nm)^{5/3}} S^2\right] \rho^{5/3} 
\]",\boxed{\frac{2bN}{5(Nm)^{5/3}}+\frac{2b}{3\pi^2 k^2 N(Nm)^{5/3}} S^2},EX,,False,EN,Math Derivation
3599,Mechanics and Thermodynamics,Statistical Mechanics,Maxwell-Boltzmann Statistics,"A three-dimensional rotor system with quantized energy (having two degrees of rotational freedom and no translational movement) obeys Boltzmann statistics. Calculate the internal energy of each rotor at high temperatures. The energy of the rotor is given by

$$
\varepsilon_{j}=j(j+1) \hbar^{2} / 2 I=A j(j+1)
$$

where $I$ is the moment of inertia of the rotor, the rotational quantum number $j=0,1,2, \cdots$, Plancks constant $\hbar=1.055 \times 10^{-34} \mathrm{~J} \cdot \mathrm{~s}$, and $A=\hbar^{2} / 2 I$. The degeneracy of the energy level $\varepsilon_{j}$ is $g_{j}=2 j+1$. The partition function of the rotor is

\begin{align*}
Z & =\sum_{j=0}^{\infty}(2 j+1) \exp \left[-\frac{A j(j+1)}{k T}\right] \\
& =2 \exp \left(\frac{A}{4 k T}\right) \sum_{j=0}^{\infty}\left(j+\frac{1}{2}\right) \exp \left[-\frac{A}{k T}\left(j+\frac{1}{2}\right)^{2}\right]
\end{align*}

Using Euler's formula, the above expression yields

\begin{equation*}
Z=\left(\frac{k T}{A}+\frac{1}{12}\right) \exp \left(\frac{A}{4 k T}\right)
\end{equation*}","When the gas is in equilibrium at temperature \(T\), it follows the Maxwell velocity distribution law. The number of molecules within a unit volume with velocities between \(\boldsymbol{v}\) and \(\boldsymbol{v}+\mathrm{d} \boldsymbol{v}\) is given by:

\[
f(v) \mathrm{d} v=n\left(\frac{m}{2 \pi k T}\right)^{3 / 2} \exp \left(-\frac{m v^{2}}{2 k T}\right) \mathrm{d} v \tag{1}
\]

To calculate the number of collisions, consider the two types of molecules as elastic hard spheres with diameters \(d_{1}\) and \(d_{2}\). Using the center of a molecule of the first type as the sphere's center and a radius of \(d_{12}=(d_{1}+d_{2})/2\), the sphere surface is conceptualized. When two molecules collide, the center of the second type must be on this imaginary sphere, with \(v_{r}=v_{2}-v_{1}\) being the relative velocity of molecule 2 concerning molecule 1. In a time \(\mathrm{d} t\), for the second type of molecule to collide with the first within the solid angle element \(\mathrm{d} \Omega\) along the axis direction \(\boldsymbol{n}\), it must be located within a cylinder with base \(d_{12}^{2} \mathrm{d} \Omega\) and height \(v_{r} \cos \theta \mathrm{d} t\). The volume of this cylinder is:

\[
\mathrm{d} \tau=d_{12}^{2} v_{r} \cos \theta \mathrm{d} \Omega \mathrm{d} t \tag{2}
\]

Therefore, in time \(\mathrm{d} t\), the number of collisions within the solid angle element \(\mathrm{d} \Omega\) along the axis \(\boldsymbol{n}\) between a molecule 1 with speed \(\boldsymbol{v}_{1}\) and molecule 2 with speeds in the range \(\boldsymbol{v}_{2}\) to \(\boldsymbol{v}_{2}+\mathrm{d} \boldsymbol{v}_{2}\) is:

\[
f_{2}\left(\boldsymbol{v}_{2}\right) \mathrm{d} \boldsymbol{v}_{2} \mathrm{d} \tau = d_{12}^{2} v_{r} \cos \theta f_{2}\left(\boldsymbol{v}_{2}\right) \mathrm{d} \boldsymbol{v}_{2} \mathrm{d} \Omega \mathrm{d} t \tag{3}
\]

Thus, the average number of collisions in unit time between one molecule of the first type and all molecules of the second type is:

\[
\overline{\Theta_{12}} = \frac{1}{n_{1}} \iiint d_{12}^{2} v_{r} \cos \theta \cdot f_{1}\left(\boldsymbol{v}_{1}\right) f_{2}\left(\boldsymbol{v}_{2}\right) \mathrm{d} \boldsymbol{v}_{1} \mathrm{d} \boldsymbol{v}_{2} \mathrm{d} \Omega \tag{5}
\]

Completing the angular integration:

\[
\int \cos \theta \mathrm{d} \Omega = \int_{0}^{2 \pi} \mathrm{d} \varphi \cdot \int_{0}^{\pi} \cos \theta \sin \theta \mathrm{d} \theta = \pi \tag{6}
\]

We find:

\[
\overline{\Theta_{12}} = \pi n_{2} d_{12}^{2}\left(\frac{m_{1}}{2 \pi k T}\right)^{3/2}\left(\frac{m_{2}}{2 \pi k T}\right)^{3/2} \iint v_{r} \exp \left(-\frac{m_{1} v_{1}^{2}+m_{2} v_{2}^{2}}{2 k T}\right) \mathrm{d} \boldsymbol{v}_{1} \mathrm{d} \boldsymbol{v}_{2} \tag{7}
\]

Introducing the velocity of the center of mass:

\[
\boldsymbol{v}_{\mathrm{c}} = \frac{1}{m_{1}+m_{2}}\left(m_{1} \boldsymbol{v}_{1}+m_{2} \boldsymbol{v}_{2}\right) \tag{8}
\]

We have:

\[
\frac{1}{2} m_{1} v_{1}^{2}+\frac{1}{2} m_{2} v_{2}^{2}=\frac{1}{2} M v_{\mathrm{c}}^{2}+\frac{1}{2} \mu v_{r}^{2} \tag{9}
\]

And

\[
\mathrm{d} \boldsymbol{v}_{\mathrm{c}} \mathrm{d} \boldsymbol{v}_{r}=|J| \mathrm{d} \boldsymbol{v}_{1} \mathrm{d} \boldsymbol{v}_{2} \tag{10}
\]

where \(M=m_{1}+m_{2}\) is the total mass of the two molecules, and \(\mu=m_{1} m_{2} /(m_{1}+m_{2})\) is the reduced mass of the two molecules. The absolute value of the Jacobian determinant is:

\[
|J|= \left|\frac{\partial(\boldsymbol{v}_{\mathrm{c}}, \boldsymbol{v}_{r})}{\partial(\boldsymbol{v}_{1}, \boldsymbol{v}_{2})}\right|=1 \tag{11}
\]

Substituting these results into equation (7), we finally obtain the average frequency of collisions between a molecule of the first type and those of the second type:

\[
\overline{\Theta_{12}} = \pi n_{2} d_{12}^{2}\left(\frac{m_{1}}{2 \pi k T}\right)^{3/2}\left(\frac{m_{2}}{2 \pi k T}\right)^{3/2} \int \exp \left(-\frac{M v_{c}^{2}}{2 k T}\right) \mathrm{d} v_{\mathrm{c}} \cdot \int v_{r} \exp \left(-\frac{\mu v_{r}^{2}}{2 k T}\right) \mathrm{d} v_{r} = \pi n_{2} d_{12}^{2} \sqrt{\frac{8 k T}{\pi \mu}} = \pi n_{2} d_{12}^{2}\left(1+\frac{m_{1}}{m_{2}}\right)^{1/2} \overline{v_{1}} \tag{12}
\]

where \(\overline{v_{1}}=\sqrt{8 k T / \pi m_{1}}\) is the average speed of the first type of molecule, and \(n_{1}\) and \(n_{2}\) are the molecular number densities of the first and second types of gas molecules, respectively. For identical molecules, the average collision frequency is \(\Theta=\sqrt{2} n \pi d^{2} v\).","\[
\boxed{\frac{k T}{1+A / 12 k T}-\frac{A}{4}}
\]",EX,,False,EN,Math Derivation
3600,Mechanics and Thermodynamics,Statistical Mechanics,Fermi-Dirac Statistics,"Assume a neutron star is a highly degenerate, non-relativistic neutron gas with a spherically symmetric equilibrium structure. Ignore all interactions between neutrons. Suppose the core mass of the neutron star is \(M\). Solve for the pressure \(p\) in the region outside the core, \(r > r_{0}\).","The density of a degenerate Fermi gas \(\rho \propto \mu^{3/2}\), and the pressure \(p \propto \mu^{5/2}\), where \(\mu\) is the chemical potential. Therefore, \(p = a \rho^{5/3}\), where \(a\) is a proportionality constant.

When the gas expands causing the sphere's radius to increase by \(\mathrm{d}r\), the gas does work against gravity by \(4 \pi r^{2} p \mathrm{~d}r\), increasing the gas's potential energy by \(\alpha G M \cdot \frac{4 \pi r^{2} \rho \mathrm{~d}r}{r}\), where \(\alpha\) is a numerical factor of order 1, \(G\) is the gravitational constant, and \(M\) is the mass of the neutron star's core. Equating both gives the pressure

\[
p = \frac{\alpha G M}{r} \rho
\]",\boxed{p = \frac{\alpha G M}{r} \rho},EQ,,False,EN,Math Derivation
3601,Mechanics and Thermodynamics,Statistical Mechanics,Bose-Einstein Statistics,What is the reduced density matrix in coordinate and momentum space?,"The reduced density matrix is the matrix representation of the density operator $\hat{\rho}(t)$ in an orthogonal and complete single-particle state representation. The density operator $\hat{\rho}(t)$ is defined by the formula $\hat{\rho}=\frac{\exp(-\beta \hat{H})}{\operatorname{tr}[\exp(-\beta \hat{H})]}$, and the expectation value of any operator $O$ is given by

$$
\langle \hat{O} \rangle = \operatorname{tr}[\hat{O} \hat{\rho}(t)]
$$

With an orthogonal and complete basis set of single-particle states in coordinate space $\{|\boldsymbol{r}\rangle\}$, the coordinate space reduced density matrix is $\langle \boldsymbol{r}^{\prime}|\hat{\rho}(t)|\boldsymbol{r} \rangle$. Similarly, the momentum space reduced density matrix is $\langle \boldsymbol{p}^{\prime}|\hat{\rho}(t)|\boldsymbol{p} \rangle$, where $\{|\boldsymbol{p}\rangle\}$ represents the orthogonal and complete basis set of single-particle states in momentum space.","\boxed{\langle \boldsymbol{r}^{\prime}|\hat{\rho}(t)|\boldsymbol{r} \rangle, \langle \boldsymbol{p}^{\prime}|\hat{\rho}(t)|\boldsymbol{p} \rangle}","EX, EX","None, None",True,EN,Knowledge Recall
3602,Mechanics and Thermodynamics,Statistical Mechanics,Fermi-Dirac Statistics,"Consider the Fermi gas model of a nucleus, where nucleons in a heavy nucleus are assumed to move freely within a sphere corresponding to the nuclear volume $V$, obeying the Pauli exclusion principle. The nucleons can be regarded as a completely degenerate Fermi gas. Let $A = N$ (number of neutrons) $+ Z$ (number of protons), and assume $N = Z$. Assume the volume of the nucleus is $V = \frac{4 \pi}{3} R_{0}^{3} A$, where $R_{0} \approx 1.4 \times 10^{-13} \mathrm{~cm}$. Calculate the kinetic energy per nucleon, $E_{\mathrm{kin}} / A$, in the Fermi gas model and convert it to MeV units.","The kinetic energy per nucleon is

$$
\frac{E_{\mathrm{kin}}}{A}=\frac{3}{5} \frac{p_{\mathrm{F}}^{2}}{2 m}
$$

Using the Fermi momentum

$$
p_{\mathrm{F}}=\left(\frac{3}{8 \pi}\right)^{1/3} \frac{h}{R_{0}}
$$

Thus, we obtain

$$
\frac{E_{\mathrm{kin}}}{A}=\frac{3}{10}\left(\frac{3}{8 \pi}\right)^{2/3} \frac{h^{2}}{m R_{0}^{2}} \approx 15 \mathrm{MeV}
$$",\boxed{15},NV,\mathrm{MeV},False,EN,Laws Application
3603,Mechanics and Thermodynamics,Statistical Mechanics,Fermi-Dirac Statistics,"Determine the chemical potential of an ultra-relativistic, highly degenerate Fermi gas. It is known that the density of energy states for an ultra-relativistic Fermi gas is given by $D(\varepsilon) = a \varepsilon^{2}$, where $\varepsilon$ is the energy of the particles, $a = 4 \pi g V / h^{3} c^{3}$, $g$ is a degeneracy factor related to the ""internal structure"", and $c$ is the speed of light.","Let $\mu_{0} = \mu(T \approx 0 \mathrm{~K})$, then

\[N = \int_{0}^{\mu_{0}} D(\varepsilon) \mathrm{d} \varepsilon = \frac{1}{3} a \mu_{0}^{3}\]

From this, we can find

\[\mu_{0} = \left(\frac{3 N}{a}\right)^{1 / 3} = \left(\frac{3 N}{4 \pi g}\right)^{1 / 3} h c\]

It is known that the logarithm of the grand partition function of an ultra-relativistic, highly degenerate Fermi gas is

\[\ln \Xi(\alpha, \beta, V) = a\left[\frac{1}{12}(-\alpha)^{4} + \frac{\pi^{2}}{6}(-\alpha)^{2} + \frac{7 \pi^{4}}{180}\right] \beta^{-3}\]

Using this expression and the formula, the average particle number for an ultra-relativistic, highly degenerate Fermi gas is given by

\[N = -\left(\frac{\partial \ln \Xi}{\partial \alpha}\right)_{\beta, V} = \left[\frac{1}{3}(-\alpha)^{3} + \frac{\pi^{2}}{3}(-\alpha)\right] a \beta^{-3} = \frac{1}{3} a \mu^{3}\left[1+\left(\frac{\pi}{\beta \mu}\right)^{2}\right]\]

Substituting into the expression, the chemical potential is obtained as

\[\mu = \mu_{0}\left[1+\left(\frac{\pi}{\beta \mu}\right)^{2}\right]^{-1 / 3} = \mu_{0}\left(1-\frac{1}{3} \theta^{2}\right)\]

where $\theta = \pi / \beta \mu_{0} = \pi k T / \mu_{0}$.",\boxed{\mu = \mu_{0}\left(1-\frac{1}{3} \theta^{2}\right)},EQ,,False,EN,Math Derivation
3604,Mechanics and Thermodynamics,Statistical Mechanics,Maxwell-Boltzmann Statistics,"A paramagnetic system consists of $N$ magnetic dipoles, each with a magnetic moment $\mu$. When the system reaches equilibrium in a uniform external field $H$ at temperature $T$, determine the system's induced magnetic moment using classical statistics.","The average magnetic moment of each dipole is

$$
\bar{\mu} = \frac{\int \mu \cos \theta \, \mathrm{e}^{\mu H \cos \theta / k T} \, \mathrm{d} \Omega}{\int \mathrm{e}^{\mu H \cos \theta / k T} \, \mathrm{d} \Omega} = \mu \frac{\int_{0}^{\pi} \cos \theta \, \mathrm{e}^{\mu H \cos \theta / k T} \sin \theta \, \mathrm{d} \theta}{\int_{0}^{\pi} \mathrm{e}^{\mu H \cos \theta / k T} \sin \theta \, \mathrm{d} \theta} = \mu \left[\operatorname{coth}\left(\frac{\mu H}{k T}\right) - \frac{k T}{\mu H}\right]
$$

Therefore, the induced magnetic moment of the entire system is

$$
M = N \mu \left[\operatorname{coth}\left(\frac{\mu H}{k T}\right) - \frac{k T}{\mu H}\right]
$$",\boxed{N \mu \left[\operatorname{coth}\left(\frac{\mu H}{k T}\right) - \frac{k T}{\mu H}\right]},EX,,False,EN,Math Derivation
3605,Mechanics and Thermodynamics,Statistical Mechanics,Bose-Einstein Statistics,"For a non-relativistic spinless ideal Bose gas:  
(1) Determine the number of particles with energies between $\varepsilon$ and $\varepsilon + \mathrm{d} \varepsilon$.","The density of states for particles with spin quantum number $s$ is given by  

\begin{equation*}
D(\varepsilon)=\frac{2 \pi}{h^{3}} V(2 m)^{3 / 2} g_{s} \sqrt{\varepsilon}
\end{equation*}

where $g_{s}=2s+1$ is the spin degeneracy. If $s=0$, then $g_{s}=1$. Using equation (1) and the Bose-Einstein distribution, the number of particles with energies between $\varepsilon$ and $\varepsilon + \mathrm{d} \varepsilon$ is  

\begin{equation*}
N(\varepsilon) \mathrm{d} \varepsilon=\frac{2 \pi}{h^{3}} V(2 m)^{3 / 2} g_{s} \cdot \frac{\sqrt{\varepsilon}}{\exp [(\varepsilon-\mu) / k T]-1} \mathrm{~d} \varepsilon
\end{equation*}","\[
\boxed{N(\varepsilon) \mathrm{d} \varepsilon = \frac{2 \pi}{h^{3}} V(2 m)^{3 / 2} g_{s} \cdot \frac{\sqrt{\varepsilon}}{\exp [(\varepsilon-\mu) / k T]-1}}
\]",EQ,,False,EN,Math Derivation
3606,Mechanics and Thermodynamics,Statistical Mechanics,Fermi-Dirac Statistics,"In the extremely relativistic and highly degenerate electron gas inside a white dwarf star, determine the following physical quantity:

(c) Determine the internal energy \(U\) of the electron gas.","From equations (1) and (3), the internal energy of the electron gas is given by

\[
U = \int_{0}^{\varepsilon_{\mathrm{F}}} \varepsilon D(\varepsilon) \, \mathrm{d} \varepsilon = \frac{3}{4} N \varepsilon_{\mathrm{F}} = \frac{3}{4} h c N \left(\frac{3 N}{8 \pi V}\right)^{1 / 3} 
\]",\boxed{\frac{3}{4} h c N \left(\frac{3 N}{8 \pi V}\right)^{1 / 3}},EX,,False,EN,Math Derivation
3607,Mechanics and Thermodynamics,Statistical Mechanics,Bose-Einstein Statistics,Blackbody radiation. Derive the relationship between the spectral radiation intensity \(I(\lambda)\) and the wavelength \(\lambda\).,"The energy of a photon is \(\varepsilon=\hbar \omega\), where \(\omega\) is the angular frequency; the momentum \(p=\varepsilon / c\), where \(c\) is the speed of light. The number of photon states in the range \(\omega\) to \(\omega+\mathrm{d} \omega\) is given by

\[
D(\omega) \mathrm{d} \omega=\frac{8 \pi V}{h^{3}} p^{2} \mathrm{~d} p=\frac{V}{\pi^{2} c^{3}} \omega^{2} \mathrm{~d} \omega \tag{1}
\]

The chemical potential of the photon gas \(\mu=0\), and it follows the Bose-Einstein distribution. Therefore, according to equation (1), the radiation energy in the range \(\omega\) to \(\omega+\mathrm{d} \omega\) is

\[
U(\omega, T) \mathrm{d} \omega=\frac{\hbar \omega D(\omega) \mathrm{d} \omega}{\exp (\hbar \omega / k T)-1} \tag{2}
\]

Here, \(T\) is the temperature of the photon gas, and \(k\) is the Boltzmann constant. The spectral radiation intensity of the photon gas is

\[
J(\omega, T)=\frac{c}{4} \cdot \frac{U(\omega, T)}{V} \tag{3}
\]

Let \(\lambda\) be the wavelength of the photon, then \(\omega=2 \pi \cdot c / \lambda, \mathrm{d} \omega=2 \pi \cdot c \mathrm{~d} \lambda / \lambda^{2}\). Utilizing equations (1) through (3), from \(I(\lambda, T) \mathrm{d} \lambda=J(\omega, T) \mathrm{d} \omega\), we obtain

\[
I(\lambda, T)=2 \pi \frac{c}{\lambda^{2}} J(\omega, T)=\frac{2 \pi h c^{2}}{\lambda^{5}} \cdot \frac{1}{\exp(h c / k T \lambda)-1} \tag{4}
\]",\boxed{\frac{2 \pi h c^{2}}{\lambda^{5}} \cdot \frac{1}{\exp(h c / k T \lambda)-1}},EX,,False,EN,Math Derivation
3608,Mechanics and Thermodynamics,Statistical Mechanics,Fermi-Dirac Statistics,"Given the grand potential \( J = -pV \) for a strongly degenerate Fermi gas as

$$
J(T, V, \mu) = -a \left( \frac{4}{15} \mu^{5/2} + \frac{\pi^2}{6 \beta^2} \mu^{1/2} - \frac{7 \pi^4}{1440 \beta^4} \mu^{-3/2} \right)
$$

where \( a = 2 \pi g V (2m)^{3/2} / h^3 \), \( g \) is the weighting factor or degeneracy related to ""internal structure"" (e.g., spin), \(\beta = 1/kT\), and \( T, \mu \) are the temperature and chemical potential of the gas, respectively, and \( k \) is the Boltzmann constant. Find the enthalpy of the strongly degenerate Fermi gas.","Using equations (8) and (9), from the enthalpy \( H = U + pV \), the enthalpy of the strongly degenerate Fermi gas can be expressed as

\begin{equation*}
H = N \mu_{0}\left(1 + \frac{5}{12} \theta^2 - \frac{1}{16} \theta^4 \right) \tag{12}
\end{equation*}",\boxed{N \mu_{0}\left(1+\frac{5}{12} \theta^{2}-\frac{1}{16} \theta^{4}\right)},EX,,False,EN,Math Derivation
3609,Mechanics and Thermodynamics,Statistical Mechanics,Fermi-Dirac Statistics,"Consider an ideal gas composed of $N$ fermions each with spin $\frac{1}{2}$, and occupying a volume $V$. Calculate the pressure of the gas at the absolute zero limit. Assume the interaction energy of each fermion with an external magnetic field is $2 \mu_{\mathrm{B}} H s_{z}$, where $s_{z}$ is the $z$ component of the spin.","The pressure is given by the formula:

$$
p=-\frac{\partial E}{\partial V}=-\frac{\partial E}{\partial \mu(0)} \cdot \frac{\partial \mu(0)}{\partial V}=\frac{2 N}{5 V} \mu(0)=\frac{2}{5} n \mu(0)
$$",\boxed{\frac{2}{5} n \mu(0)},EX,,False,EN,Math Derivation
3610,Mechanics and Thermodynamics,Statistical Mechanics,Fermi-Dirac Statistics,"A white dwarf star is supported by the degeneracy pressure of electrons. As a simplified model, we consider an ideal gas sphere consisting of electrons and completely ionized silicon ($\mathrm{Si}^{28}$) ions with uniform density. Let $n_{i}$ represent the number density of silicon ions, and $n_{e}=14 n_{i}$ represent the number density of electrons (the atomic number of silicon is 14). If $M$ is the mass of the star and $R$ is its radius, the gravitational potential energy is given by

$$
u_{\mathrm{G}}=\frac{3 G M^{2}}{5 R}
$$

In the case where the internal energy is mainly the kinetic energy of extremely relativistic electrons, the virial theorem implies that the internal energy is approximately equal to the gravitational potential energy. Assuming the contribution of electron mass to the stellar mass can be neglected, prove that the star's (white dwarf) mass can be expressed in terms of fundamental physical constants and provide a result comparing it with the solar mass, $M_{\odot}=2 \times 10^{30} \mathrm{~kg}$. It can be shown that this is an approximation of the upper mass limit for white dwarfs.","According to the virial theorem,

$$
\left(\frac{4 \pi}{3} R^{3} n_{\mathrm{e}}\right) \cdot \frac{3}{4} h c\left(\frac{3 n_{\mathrm{e}}}{8 \pi}\right)^{1 / 3}=\frac{3}{5} \frac{G M^{2}}{R}
$$

Note that

$$
\begin{aligned}
M & =\frac{4 \pi}{3} R^{3} \frac{n_{\mathrm{e}}}{14} m_{i}=\frac{8 \pi}{3} R^{3} n_{\mathrm{e}} m_{\mathrm{p}} \\
R & =\frac{1}{8 m_{\mathrm{p}}}\left(\frac{15 h c}{\pi G n_{\mathrm{e}}}\right)^{1 / 2}\left(\frac{3 n_{\mathrm{e}}}{8 \pi}\right)^{1 / 6}
\end{aligned}
$$

Thus, we obtain

$$
M=\frac{15}{128 \pi} \cdot \frac{h c}{G m_{\mathrm{p}}^{2}} \sqrt{\frac{5 h c}{2 G}}=8.5 \times 10^{30} \mathrm{~kg}=4.1 M_{\odot}
$$",\boxed{4.1},NV,M_{\odot},False,EN,Math Derivation
3611,Mechanics and Thermodynamics,Statistical Mechanics,Kinetic Theory of Gases,"Given that the molecular weights of argon and helium are $m_{\mathrm{A}}=40$ and $m_{\mathrm{He}}=4$, respectively, and their viscosity coefficients at standard conditions are $\eta_{\mathrm{A}}=21.0 \times 10^{-6} \, \mathrm{kg} \cdot \mathrm{s}^{-1} \cdot \mathrm{m}^{-1}$ and $\eta_{\mathrm{He}}=18.8 \times 10^{-6} \, \mathrm{kg} \cdot \mathrm{s}^{-1} \cdot \mathrm{m}^{-1}$, respectively. Calculate the ratio of the diffusion coefficients of argon and helium at standard conditions.","Given that the diffusion coefficient $D = \eta / \rho$, the ratio of the diffusion coefficients of argon and helium at standard conditions is

\[
\frac{D_{\mathrm{A}}}{D_{\mathrm{He}}} = \frac{m_{\mathrm{He}}}{m_{\mathrm{A}}} \cdot \frac{\eta_{\mathrm{A}}}{\eta_{\mathrm{He}}} = 0.112 \tag{4}
\]",\boxed{0.112},NV,,False,EN,Knowledge Recall
3612,Mechanics and Thermodynamics,Statistical Mechanics,Fermi-Dirac Statistics,Determine the internal energy \( U \) of an extremely relativistic strongly degenerate Fermi gas. It is known that the internal energy of an extremely relativistic gas \( U = 3 \mathrm{pV} \).,"Using the pressure formula, we find that the internal energy of the extremely relativistic strongly degenerate Fermi gas is

\[ U = \frac{3}{4} N \mu_{0}\left(1+\frac{2}{3} \theta^{2}+\frac{11}{45} \theta^{4}\right) \]",\boxed{U = \frac{3}{4} N \mu_{0}\left(1+\frac{2}{3} \theta^{2}+\frac{11}{45} \theta^{4}\right)},EX,,False,EN,Laws Application
3613,Mechanics and Thermodynamics,Statistical Mechanics,Fermi-Dirac Statistics,Find the isobaric heat capacity of a strongly degenerate Fermi gas.,"Since \(p V=\frac{2 U}{3}\), and using equation (2), the pressure of a strongly degenerate Fermi gas is given by

\[
p=\frac{2 b N}{5} V^{-5 / 3}+\frac{\pi^{2} k^{2}}{6 b} N V^{-1 / 3} T^{2} \tag{4}
\]

From equation (4), we obtain

\[
\left(\frac{\partial V}{\partial T}\right)_{p}=\frac{\pi k}{2} \mu_{0}^{-1} V\left(1-\frac{1}{12} \theta^{2}\right) \theta \tag{5}
\]

The enthalpy \(H = U + pV = \frac{5 p V}{2}\). From equation (4), we can find the enthalpy of a strongly degenerate Fermi gas as

\[
H=b N V^{-2 / 3}+\frac{5 \pi^{2} k^{2}}{12 b} N V^{2 / 3} T^{2} \tag{6}
\]

From equation (6), we derive

\[
\left(\frac{\partial H}{\partial T}\right)_{V}=\frac{5 \pi k}{6} N \theta  \tag{7}
\]

\[
\left(\frac{\partial H}{\partial V}\right)_{T}=-\frac{2}{3} N \mu_{0} V^{-1}\left(1-\frac{5}{12} \theta^{2}\right) \tag{8}
\]

The isobaric heat capacity \(c_{\mathrm{p}}=\left(\frac{\partial H}{\partial T}\right)_{p}\). Using equations (5) through (8), we find

\[
c_{\mathrm{p}}=\left(\frac{\partial H}{\partial T}\right)_{V}+\left(\frac{\partial H}{\partial V}\right)_{T} \cdot\left(\frac{\partial V}{\partial T}\right)_{p}=\frac{\pi k}{2} N \theta\left(1+\frac{1}{3} \theta^{2}\right) \tag{9}
\]",\boxed{\frac{\pi k}{2} N \theta\left(1+\frac{1}{3} \theta^{2}\right)},EX,,False,EN,Math Derivation
3614,Mechanics and Thermodynamics,Statistical Mechanics,Fermi-Dirac Statistics,Find the enthalpy $H$ of an ultra-relativistic strongly degenerate Fermi gas. It is known that the enthalpy formula is $H = U + p V = 4 p V$.,"Using the pressure formula, we can find that the enthalpy of an ultra-relativistic strongly degenerate Fermi gas is

\[H = N \mu_{0}\left(1+\frac{2}{3} \theta^{2}+\frac{11}{45} \theta^{4}\right)\]",\boxed{H = N \mu_{0}\left(1+\frac{2}{3} \theta^{2}+\frac{11}{45} \theta^{4}\right)},EQ,,False,EN,Knowledge Recall
3615,Mechanics and Thermodynamics,Statistical Mechanics,Fermi-Dirac Statistics,"Consider an ideal gas consisting of $N$ fermions with spin $\frac{1}{2}$, occupying a volume $V$. Calculate the chemical potential $\mu(0)$ in the limiting case of absolute zero. Assume that each fermion interacts with an external magnetic field with an interaction energy of $2 \mu_{\mathrm{B}} H s_{z}$, where $s_{z}$ is the $z$-component of the spin.","The total particle number formula is:

$$
N=N_{+}+N_{-}=\frac{4 \pi V(2 m)^{3 / 2}}{3 h^{3}}\left[\left(\mu(0)-\mu_{\mathrm{B}} H\right)^{3 / 2}+\left(\mu(0)+\mu_{\mathrm{B}} H\right)^{3 / 2}\right]
$$

If $\mu(0) \gg \mu_{\mathrm{B}} H$, the chemical potential is:

$$
\mu(0)=\frac{\hbar^{2}}{2 m}\left(3 \pi^{2} \frac{N}{V}\right)^{2 / 3}
$$",\boxed{\mu(0) = \frac{\hbar^{2}}{2 m}\left(3 \pi^{2} \frac{N}{V}\right)^{2 / 3}},EQ,,False,EN,Math Derivation
3616,Mechanics and Thermodynamics,Statistical Mechanics,Maxwell-Boltzmann Statistics,"For a heteronuclear diatomic molecule with a moment of inertia $I$, considering only its rotational motion in classical statistical mechanics, find the specific heat capacity of the system.","For a classical rotor,

$$
\begin{gathered}
E=\frac{1}{2 I}\left(p_{\theta}^{2}+\frac{1}{\sin^2 \theta} p_{\phi}^{2}\right), \\
Z=\int \mathrm{e}^{-\beta E} \mathrm{~d} p_{\theta} \mathrm{d} p_{\phi} \mathrm{d} \theta \mathrm{~d} \varphi=\frac{8 \pi^{2} I}{\beta}, \\
\bar{E}=-\frac{\partial}{\partial \beta} \ln Z=\frac{1}{\beta}=kT,
\end{gathered}
$$

Therefore,

$$
c(T)=k.
$$",\boxed{k},NV,,False,EN,Laws Application
3617,Mechanics and Thermodynamics,Statistical Mechanics,Fermi-Dirac Statistics,"The electron gas is highly degenerate and extremely relativistic. The central temperature of a white dwarf is \(T \approx 10^{7} \, \mathrm{K}\), containing \(N\) electrons and \(N / 2\) helium nuclei. Since the Fermi temperature \(T_{\mathrm{F}} \approx 10^{9} \, \mathrm{K}\), the electron gas can be considered an ideal Fermi gas. Find the following physical quantity:

(a) Determine the density of states \(D(\varepsilon)\) of the electron gas.","In an extremely relativistic gas, the relationship between the energy \(\varepsilon\) and momentum \(p\) of the electrons is \(\varepsilon = c p\), where \(c\) is the speed of light. For the energy between \(\varepsilon\) and \(\varepsilon + \mathrm{d} \varepsilon\), the number of electron states is given by

\[
D(\varepsilon) \, \mathrm{d} \varepsilon = \frac{8 \pi V p^{2} \, \mathrm{d} p}{h^{3}} = \frac{8 \pi V \varepsilon^{2}}{h^{3} c^{3}} \, \mathrm{d} \varepsilon
\]",\boxed{\frac{8 \pi V \varepsilon^{2}}{h^{3} c^{3}}},EX,,False,EN,Math Derivation
3618,Mechanics and Thermodynamics,Statistical Mechanics,Bose-Einstein Statistics,"A one-dimensional molecular crystal consists of $N$ diatomic molecules, each of which can freely rotate at its lattice point. Calculate the specific heat capacity $c$ of the molecular crystal.","For homonuclear diatomic molecules, the rotational partition function of the molecule can be defined as

\[
Z_{\mathrm{r}}=Z_{\mathrm{rO}}^{N_{\mathrm{O}} / N} Z_{\mathrm{rP}}^{N_{\mathrm{P}} / N} \tag{7}
\]

Thus, in the range of normal temperatures, $Z_{\mathrm{r}} \approx Z_{\mathrm{rO}} \approx Z_{\mathrm{rP}}$; the single-molecule partition function is

\[
Z=Z_{\mathrm{v}} \cdot Z_{\mathrm{r}} \approx Z_{\mathrm{v}} \cdot Z_{\mathrm{rO}} \approx Z_{\mathrm{v}} \cdot Z_{\mathrm{rP}} \tag{8}
\]

Using equations (2), (6), and (8), the internal energy of the molecular crystal can be obtained as

\[
U=-N \frac{\partial \ln Z}{\partial \beta}=2NkT \tag{9}
\]

From this, the specific heat capacity of the molecular crystal can be determined as

\[
c=2Nk \tag{10}
\]

The molar specific heat capacity of the molecular crystal is

\[
c=2R \tag{11}
\]

where $R=N_{\mathrm{A}}k$ is the molar gas constant.","\boxed{2N, 2}",NV,,True,EN,Math Derivation
3619,Mechanics and Thermodynamics,Statistical Mechanics,Fermi-Dirac Statistics,"Consider phonons (quanta of sound waves) following Bose-Einstein statistics. Under this assumption, for temperatures \( T \) much less than the Debye temperature \( T_{\mathrm{D}} \), find the relationship between the specific heat and temperature.","For a phonon gas obeying Bose-Einstein statistics, the internal energy of a solid is given by

\[
U=U_{0}+\int_{0}^{\omega_{D}} \frac{\hbar \omega D(\omega) \mathrm{d} \omega}{\exp (\hbar \omega / k T)-1}=U_{0}+9 N k T x^{-3} \int_{0}^{x} \frac{y^{3} \mathrm{~d} y}{\exp (y)-1} 
\]

When \( T \ll T_{\mathrm{D}} \), \( x \gg 1 \), we can approximate

\[
b=\int_{0}^{x} \frac{y^{3} \mathrm{~d} y}{\exp (y)-1} \approx \int_{0}^{\infty} \frac{y^{3} \mathrm{~d} y}{\exp (y)-1}=\frac{\pi^{4}}{15} 
\]

The internal energy can then be expressed as

\[
U=U_{0}+9 b N k T x^{-3} 
\]

At this point, the specific heat at constant volume is proportional to the cube of the temperature:

\[
c_{v}=36 b N k\left(\frac{k}{\hbar \omega_{\mathrm{D}}}\right)^{3} T^{3}=\frac{12 \pi^{4}}{5}\left(\frac{T}{T_{\mathrm{D}}}\right)^{3} N k 
\]",\boxed{\frac{12 \pi^{4}}{5}\left(\frac{T}{T_{\mathrm{D}}}\right)^{3} N k},EX,,False,EN,Math Derivation
3620,Mechanics and Thermodynamics,Statistical Mechanics,Fermi-Dirac Statistics,"Find the constant pressure heat capacity \( c_{\mathrm{p}} \) of a strongly degenerate Fermi gas. It is given that: \( c_{\mathrm{p}} = \left(\frac{\partial H}{\partial T}\right)_{p} \), with the parameter \( \theta = \pi / \beta \mu_{0} = \pi k T / \mu_{0}, \mu_{0} = b V^{-2/3} \) being the chemical potential at temperature \( T \approx 0 \ \text{K} \), where \( b = \left(h^2 / 2m\right) \left(3N / 4\pi g\right)^{2/3}, g \) is the weight factor or degeneracy related to the ""internal structure"" (such as spin).","The constant pressure heat capacity of a strongly degenerate Fermi gas is known to be
\[
c_{\mathrm{p}} = \left(\frac{\partial H}{\partial T}\right)_{p} = \frac{\pi^2 k^2}{2} N \theta \left(1 + \frac{1}{3} \theta^{2}\right) \tag{1}
\]",\(\boxed{\frac{\pi^2 k^2}{2} N \theta \left(1 + \frac{1}{3} \theta^{2}\right)}\),EX,,False,EN,Knowledge Recall
3621,Mechanics and Thermodynamics,Statistical Mechanics,Maxwell-Boltzmann Statistics,"Consider a heteronuclear diatomic molecule with a moment of inertia $I$. At high temperatures ($\frac{\beta \hbar^{2}}{2 I} \ll 1$ or $kT \gg \frac{\hbar^{2}}{2 I}$), determine the heat capacity $c(T)$ and establish the temperature range for which this approximation is valid.","Under the high-temperature approximation, $\frac{\beta \hbar^{2}}{2 I} \ll 1$, i.e., $kT \gg \frac{\hbar^{2}}{2 I}$, the summation can be approximated by an integral.

$$
\begin{gathered}
Z=\int_{0}^{\infty} (2x+1) \exp \left[-\frac{\beta \hbar^{2}}{2 I} x(x+1)\right] \mathrm{d}x=\frac{2 I}{\hbar^{2}} kT, \\
\bar{E}=-\frac{\partial}{\partial \beta} \ln Z = kT.
\end{gathered}
$$

Therefore,

$$
c(T)=k.
$$",\boxed{k},NV,,False,EN,Math Derivation
3622,Mechanics and Thermodynamics,Statistical Mechanics,Bose-Einstein Statistics,"A Bose gas consists of $N$ particles, where $N \gg 1$. Each particle has two energy levels, with energies of 0 and $\varepsilon$ respectively; the degeneracies are $g_{1}$ and $g_{2}$, respectively. Determine the temperature $T$ when the number of particles in the lower energy level is twice the number in the higher energy level.","Using the expression for the chemical potential $\mu$ (expression 5) and the expression for the energy difference (expression 7), we find that the required temperature is:

\[
T = \frac{\varepsilon}{k \ln\left[\frac{2N + 6g_{2}}{2N + 3g_{1}}\right]} \tag{8}
\]","\[
\boxed{\frac{\varepsilon}{k \ln\left[\frac{2N + 6g_{2}}{2N + 3g_{1}}\right]}}
\]",EX,,False,EN,Math Derivation
3624,Mechanics and Thermodynamics,Statistical Mechanics,Maxwell-Boltzmann Statistics,"In a cubic copper structure with a side length of \( 100 \, \text{} \), the valence electrons form a Fermi gas. Calculate the difference in energy \( \Delta \varepsilon \) between the ground state energy and the first excited state energy of this Fermi gas. Given that the density and atomic mass of copper are \( \rho=8.93 \mathrm{~g/cm}^{3} \) and \( A=63.5 \), respectively.","When the gas is in equilibrium at temperature \(T\), it follows the Maxwell velocity distribution law. The number of molecules within a unit volume with velocities between \(\boldsymbol{v}\) and \(\boldsymbol{v}+\mathrm{d} \boldsymbol{v}\) is given by:

\[
f(v) \mathrm{d} v=n\left(\frac{m}{2 \pi k T}\right)^{3 / 2} \exp \left(-\frac{m v^{2}}{2 k T}\right) \mathrm{d} v \tag{1}
\]

To calculate the number of collisions, consider the two types of molecules as elastic hard spheres with diameters \(d_{1}\) and \(d_{2}\). Using the center of a molecule of the first type as the sphere's center and a radius of \(d_{12}=(d_{1}+d_{2})/2\), the sphere surface is conceptualized. When two molecules collide, the center of the second type must be on this imaginary sphere, with \(v_{r}=v_{2}-v_{1}\) being the relative velocity of molecule 2 concerning molecule 1. In a time \(\mathrm{d} t\), for the second type of molecule to collide with the first within the solid angle element \(\mathrm{d} \Omega\) along the axis direction \(\boldsymbol{n}\), it must be located within a cylinder with base \(d_{12}^{2} \mathrm{d} \Omega\) and height \(v_{r} \cos \theta \mathrm{d} t\). The volume of this cylinder is:

\[
\mathrm{d} \tau=d_{12}^{2} v_{r} \cos \theta \mathrm{d} \Omega \mathrm{d} t \tag{2}
\]

Therefore, in time \(\mathrm{d} t\), the number of collisions within the solid angle element \(\mathrm{d} \Omega\) along the axis \(\boldsymbol{n}\) between a molecule 1 with speed \(\boldsymbol{v}_{1}\) and molecule 2 with speeds in the range \(\boldsymbol{v}_{2}\) to \(\boldsymbol{v}_{2}+\mathrm{d} \boldsymbol{v}_{2}\) is:

\[
f_{2}\left(\boldsymbol{v}_{2}\right) \mathrm{d} \boldsymbol{v}_{2} \mathrm{d} \tau = d_{12}^{2} v_{r} \cos \theta f_{2}\left(\boldsymbol{v}_{2}\right) \mathrm{d} \boldsymbol{v}_{2} \mathrm{d} \Omega \mathrm{d} t \tag{3}
\]

Thus, the average number of collisions in unit time between one molecule of the first type and all molecules of the second type is:

\[
\overline{\Theta_{12}} = \frac{1}{n_{1}} \iiint d_{12}^{2} v_{r} \cos \theta \cdot f_{1}\left(\boldsymbol{v}_{1}\right) f_{2}\left(\boldsymbol{v}_{2}\right) \mathrm{d} \boldsymbol{v}_{1} \mathrm{d} \boldsymbol{v}_{2} \mathrm{d} \Omega \tag{5}
\]

Completing the angular integration:

\[
\int \cos \theta \mathrm{d} \Omega = \int_{0}^{2 \pi} \mathrm{d} \varphi \cdot \int_{0}^{\pi} \cos \theta \sin \theta \mathrm{d} \theta = \pi \tag{6}
\]

We find:

\[
\overline{\Theta_{12}} = \pi n_{2} d_{12}^{2}\left(\frac{m_{1}}{2 \pi k T}\right)^{3/2}\left(\frac{m_{2}}{2 \pi k T}\right)^{3/2} \iint v_{r} \exp \left(-\frac{m_{1} v_{1}^{2}+m_{2} v_{2}^{2}}{2 k T}\right) \mathrm{d} \boldsymbol{v}_{1} \mathrm{d} \boldsymbol{v}_{2} \tag{7}
\]

Introducing the velocity of the center of mass:

\[
\boldsymbol{v}_{\mathrm{c}} = \frac{1}{m_{1}+m_{2}}\left(m_{1} \boldsymbol{v}_{1}+m_{2} \boldsymbol{v}_{2}\right) \tag{8}
\]

We have:

\[
\frac{1}{2} m_{1} v_{1}^{2}+\frac{1}{2} m_{2} v_{2}^{2}=\frac{1}{2} M v_{\mathrm{c}}^{2}+\frac{1}{2} \mu v_{r}^{2} \tag{9}
\]

And

\[
\mathrm{d} \boldsymbol{v}_{\mathrm{c}} \mathrm{d} \boldsymbol{v}_{r}=|J| \mathrm{d} \boldsymbol{v}_{1} \mathrm{d} \boldsymbol{v}_{2} \tag{10}
\]

where \(M=m_{1}+m_{2}\) is the total mass of the two molecules, and \(\mu=m_{1} m_{2} /(m_{1}+m_{2})\) is the reduced mass of the two molecules. The absolute value of the Jacobian determinant is:

\[
|J|= \left|\frac{\partial(\boldsymbol{v}_{\mathrm{c}}, \boldsymbol{v}_{r})}{\partial(\boldsymbol{v}_{1}, \boldsymbol{v}_{2})}\right|=1 \tag{11}
\]

Substituting these results into equation (7), we finally obtain the average frequency of collisions between a molecule of the first type and those of the second type:

\[
\overline{\Theta_{12}} = \pi n_{2} d_{12}^{2}\left(\frac{m_{1}}{2 \pi k T}\right)^{3/2}\left(\frac{m_{2}}{2 \pi k T}\right)^{3/2} \int \exp \left(-\frac{M v_{c}^{2}}{2 k T}\right) \mathrm{d} v_{\mathrm{c}} \cdot \int v_{r} \exp \left(-\frac{\mu v_{r}^{2}}{2 k T}\right) \mathrm{d} v_{r} = \pi n_{2} d_{12}^{2} \sqrt{\frac{8 k T}{\pi \mu}} = \pi n_{2} d_{12}^{2}\left(1+\frac{m_{1}}{m_{2}}\right)^{1/2} \overline{v_{1}} \tag{12}
\]

where \(\overline{v_{1}}=\sqrt{8 k T / \pi m_{1}}\) is the average speed of the first type of molecule, and \(n_{1}\) and \(n_{2}\) are the molecular number densities of the first and second types of gas molecules, respectively. For identical molecules, the average collision frequency is \(\Theta=\sqrt{2} n \pi d^{2} v\).",\boxed{4.4 \times 10^{-24}},NV,,False,EN,Laws Application
3625,Mechanics and Thermodynamics,Statistical Mechanics,Ensemble Theory,"At each vertex of an equilateral triangle, there is a particle with a spin quantum number of $1/2$, and the interaction Hamiltonian between them is given by
$$
H = \frac{\lambda}{3} \left(\sigma_{1} \cdot \sigma_{2} + \sigma_{2} \cdot \sigma_{3} + \sigma_{3} \cdot \sigma_{1}\right)
$$
where $\sigma$ are the Pauli operators, and $\lambda$ is the interaction constant. Determine the energy levels $E$ of this spin system.","The system consists of three particles, each with a spin quantum number of $1/2$. The Hamiltonian of the system is
$$
H = \frac{\lambda}{3} \left(\sigma_{1} \cdot \sigma_{2} + \sigma_{2} \cdot \sigma_{3} + \sigma_{3} \cdot \sigma_{1}\right)
$$
where $\sigma$ are the Pauli operators, and $\lambda$ is the interaction constant. The total spin operator of the system is
$$
\boldsymbol{S} = \frac{1}{2} \left(\sigma_{1} + \sigma_{2} + \sigma_{3}\right)
$$
Since $\sigma_{i} \cdot \sigma_{j} = \sigma_{j} \cdot \sigma_{i}$ and $\sigma \cdot \sigma = \sigma_{x}^{2} + \sigma_{y}^{2} + \sigma_{z}^{2} = 3$. From the above expression, the Hamiltonian of the system can be written as
$$
H = \frac{\lambda}{6}(4 \boldsymbol{S} \cdot \boldsymbol{S} - 9)
$$
From the above expression, the energy of the system is
$$
E = \frac{\lambda}{6}[4 S(S + 1) - 9]
$$
where $S$ is the total spin quantum number; $S = 3/2, 1/2$. When $S = 3/2$, the energy $E = \lambda$; when $S = 1/2$, the energy $E = -\lambda$.","\boxed{\lambda, -\lambda}","NV, NV","None, None",True,EN,Math Derivation
3626,Mechanics and Thermodynamics,Statistical Mechanics,Kinetic Theory of Gases,"In air at room temperature, calculate the ratio of the mean free path \( l \) to the characteristic wavelength \( \lambda \), where the characteristic frequency \( \nu = 300\, \text{Hz} \).","The mean free path is much smaller than the characteristic wavelength \( \lambda \).

$$
\frac{l}{\lambda} = \frac{l}{c_{\mathrm{s}} / \nu} = 3.4 \times 10^{-6}
$$",\boxed{3.4 \times 10^{-6}},NV,,False,EN,Knowledge Recall
3627,Mechanics and Thermodynamics,Statistical Mechanics,Bose-Einstein Statistics,"Derive the expression for the physical quantity $ L_{\mathrm{q}} $ known as the ""quantum length"" in a one-dimensional Bose gas, and verify it using the integral formula.","Consider the particle energy $\varepsilon = m v^{2} / 2$, where $v$ is the particle velocity. For a one-dimensional Bose gas,

\[
\sum_{i>0} g_{i} \exp \left(-l \varepsilon_{i} / k T\right) = \frac{2 m L}{h} \int_{0}^{\infty} \exp \left(-\frac{l m v^{2}}{k T}\right) \mathrm{d} v = \frac{L}{L_{\mathrm{q}}} l^{-1 / 2} \tag{3}
\]

where $L$ is the length of the one-dimensional system, and $L_{\mathrm{q}}$ is the ""quantum length"":

\[
L_{\mathrm{q}} = \left[\frac{h^{2}}{2 \pi m k T}\right]^{1 / 2} \tag{4}
\]",\boxed{\left[\frac{h^{2}}{2 \pi m k T}\right]^{1 / 2}},EX,,False,EN,Math Derivation
3628,Mechanics and Thermodynamics,Statistical Mechanics,Bose-Einstein Statistics,"Consider an $r$-dimensional black body instead of the usual three-dimensional black body, where $r$ is a positive integer. The energy of a photon is given by $\varepsilon = \hbar \omega$, where $\omega$ is the angular frequency. In the $r$-dimensional parameter space, the components of the wave vector satisfy

\[
k_{i} = n_{i} \pi / a \quad \text{and} \quad \sum_{i=1}^{r} k_{i}^{2} = \omega^{2}/c^{2}
\]

Find the expression for the radius $R$ of its sphere.","The radius of the sphere is

\[
R = \sqrt{\sum_{i=1}^{r} n_{i}^{2}} = \frac{a \omega}{c \pi}
\]",\boxed{\frac{a \omega}{c \pi}},NV,,False,EN,Math Derivation
3629,Mechanics and Thermodynamics,Statistical Mechanics,Kinetic Theory of Gases,"Given that the molecular weights of argon and helium are $m_{\mathrm{A}}=40$ and $m_{\mathrm{He}}=4$, respectively, and their viscosity coefficients under standard conditions are $\eta_{\mathrm{A}}=21.0 \times 10^{-6} \, \mathrm{kg} \cdot \mathrm{s}^{-1} \cdot \mathrm{m}^{-1}$ and $\eta_{\mathrm{He}}=18.8 \times 10^{-6} \, \mathrm{kg} \cdot \mathrm{s}^{-1} \cdot \mathrm{m}^{-1}$, find the ratio of the effective cross-sectional areas of argon and helium under standard conditions.","Given the mean free path $\bar{\lambda} = 1 / \sqrt{2} n \sigma$, the ratio of the effective cross-sectional areas of argon and helium under standard conditions is

\[
\frac{\sigma_{\mathrm{A}}}{\sigma_{\mathrm{He}}} = \frac{\bar{\lambda}_{\mathrm{He}}}{\bar{\lambda}_{\mathrm{A}}} = 2.83 \tag{2}
\]",\boxed{2.83},NV,,False,EN,Laws Application
3630,Mechanics and Thermodynamics,Statistical Mechanics,Bose-Einstein Statistics,"Consider a one-dimensional container with a length of $L$ and a number of gas particles $N$. It is known that the energy of the single-particle ground state energy level is $\varepsilon_{0}=0$. Find the fugacity $\lambda$ of the gas, such that the expression for the occupancy number $N_{0}$ at the single-particle ground state energy level of a one-dimensional Bose gas is $N_{0} = \frac{g_{0} \lambda}{1-\lambda}$.","The number of gas particles is $N$, where $N=N_{0}+N_{\mathrm{e}}$, with $N_{0}$ and $N_{\mathrm{e}}$ being the occupancy numbers for the single-particle ground state energy level and the excited state, respectively. It is known that the energy of the single-particle ground state energy level is $\varepsilon_{0}=0$. According to the Bose-Einstein distribution, the occupancy number at the single-particle ground state energy level is

\[
N_{0} = \frac{g_{0}}{\exp (-\mu / k T)-1} = \frac{g_{0} \lambda}{1-\lambda} \tag{1}
\]

where the fugacity of the gas is $\lambda=\exp (\mu / k T)<1$.",\boxed{\lambda = \exp(\mu / k T)},EQ,,False,EN,Laws Application
3631,Mechanics and Thermodynamics,Statistical Mechanics,Fermi-Dirac Statistics,"Consider a weakly degenerate Fermi gas, for which the logarithm of the grand partition function is given by

$$
\ln \Xi=N\left[1+\frac{y}{4 \sqrt{2}}-\left(\frac{2}{9 \sqrt{3}}-\frac{1}{8}\right) y^{2}+\cdots\right]
$$

The chemical potential is

$$
\mu=k T\left(\ln y+0.3536 y-4.950 \times 10^{-3} y^{2}\right)
$$

where $y$ is the fugacity of the non-degenerate Fermi gas: $y=g^{-1} n\left(h^{2} / 2 \pi m k T\right)^{3 / 2} \ll 1$. Given the grand partition function and chemical potential, find the entropy $S$ of the weakly degenerate Fermi gas.","Using $S=(p V-N \mu+U) / T$ and the given chemical potential and internal energy, the entropy of the weakly degenerate Fermi gas can be found as

\begin{align*}
S & =N k\left[2.5-\ln y+\frac{y}{8 \sqrt{2}}-\left(\frac{2}{9 \sqrt{3}}-\frac{1}{8}\right) y^{2}\right] \\
& =\frac{5}{2} N k\left(1-0.4 \ln y+3.536 \times 10^{-2} y-1.320 \times 10^{-3} y^{2}\right)
\end{align*}",\boxed{\frac{5}{2} N k\left(1-0.4 \ln y+3.536 \times 10^{-2} y-1.320 \times 10^{-3} y^{2}\right)},EX,,False,EN,Math Derivation
3632,Mechanics and Thermodynamics,Statistical Mechanics,Kinetic Theory of Gases,Find the distance a slow molecule travels between two consecutive collisions.,"Starting from the Maxwell distribution and through precise calculation, the mean free path of a molecule with a velocity of $v=\sqrt{\frac{2 k T}{m}} x$ can be obtained as

$$
\bar{\lambda}_{v} = \frac{1}{\sqrt{\pi} n d^{2}} \frac{x^{2}}{\Psi(x)}
$$

where $\Psi(x) = x \mathrm{e}^{-x^{2}} + \left(2x^{2} + 1\right) \int_{0}^{x} \mathrm{e}^{-y^{2}} \mathrm{d} y$.  
For a slow molecule, $v \rightarrow 0$, hence $x \rightarrow 0, \Psi(x) \approx x$,

$$
\bar{\lambda}_{v} \approx \frac{x}{\sqrt{\pi} n d^{2}} = \sqrt{\frac{m}{2 \pi k T}} \frac{v}{n d^{2}}
$$",\boxed{\sqrt{\frac{m}{2 \pi k T}} \frac{v}{n d^{2}}},EX,,False,EN,Math Derivation
3633,Mechanics and Thermodynamics,Statistical Mechanics,Kinetic Theory of Gases,"A certain amount of chlorine gas is contained in a vessel at a temperature of \( T_{0} = 300 \, \mathrm{K} \). Determine the average flow velocity at a low temperature.","The average velocity is

$$
v = \frac{\int v \cdot v^{3} \mathrm{e}^{-\frac{m}{2 k T_{0}} v^{2}} \mathrm{d} v}{\int v^{3} \mathrm{e}^{-\frac{m}{2 k T_{0}} v^{2}} \mathrm{d} v} = \frac{3}{2} \sqrt{\frac{\pi k T_{0}}{2 m}} = 468 \, \mathrm{m/s}
$$",\boxed{468},NV,\mathrm{m/s},False,EN,Math Derivation
3635,Mechanics and Thermodynamics,Statistical Mechanics,Fermi-Dirac Statistics,Find the entropy $S$ of an ultra-relativistic strongly degenerate Fermi gas. It is known that the entropy formula is $S = \left(U - F\right) / T$.,"Using the expressions for internal energy and free energy, we can find the entropy of an ultra-relativistic strongly degenerate Fermi gas as

\[S = \frac{1}{T} N \mu_{0} \theta^{2}\left(1+\frac{11}{45} \theta^{2}\right)\]",\boxed{\frac{1}{T} N \mu_{0} \theta^{2}\left(1+\frac{11}{45} \theta^{2}\right)},EX,,False,EN,Math Derivation
3638,Mechanics and Thermodynamics,Statistical Mechanics,Bose-Einstein Statistics,"Given the equation of state for a weakly degenerate Bose gas as $p=n k T\left(1-0.1768 y-3.300 \times 10^{-3} y^{2}\right)$, use the enthalpy formula for a non-relativistic ideal gas $H=U+p V=5 p V / 2$ to find the enthalpy $H$ of the weakly degenerate Bose gas.","From the pressure equation and the enthalpy formula, the enthalpy of the weakly degenerate Bose gas is

\begin{equation*}
H=\frac{5}{2} N k T\left(1-0.1768 y-3.300 \times 10^{-3} y^{2}\right) \tag{7}
\end{equation*}",\boxed{\frac{5}{2} N k T\left(1-0.1768 y-3.300 \times 10^{-3} y^{2}\right)},EX,,False,EN,Laws Application
3639,Mechanics and Thermodynamics,Statistical Mechanics,Ensemble Theory,"An insulating solid contains $N_{\mathrm{A}}$ non-magnetic atoms and $N_{I}$ magnetic impurity atoms, each with a spin of $\frac{3}{2}$. The spin of each impurity atom is free and independent of the other atoms. Assume the specific heat capacity of this solid is $c=3 N_{\mathrm{A}} k$, where $k$ is the Boltzmann constant. What is the temperature change induced by adiabatic demagnetization? (Ignore all possible volume change effects within the solid.)","In the presence of a magnetic field, the entropy of the solid is $S=3 N_{\mathrm{A}} k \ln \left(T / T_{0}\right)$. After removing the magnetic field, the entropy is $S=3 N_{\mathrm{A}} k \ln \left(T^{\prime} / T_{0}\right) + N_{I} k \ln 4$. Since entropy remains unchanged during adiabatic demagnetization, we have

$$
T^{\prime}=a T
$$

where $a=4^{-N_{I} / 3 N_{\mathrm{A}}}$.",\boxed{T^{\prime}=a T},EQ,,False,EN,Laws Application
3641,Mechanics and Thermodynamics,Statistical Mechanics,Fermi-Dirac Statistics,Find the isothermal bulk modulus of a strongly degenerate Fermi gas.,"It is known that the pressure of a strongly degenerate Fermi gas is given by

\[
p=\frac{2}{5 V} N \mu_{0}\left(1+\frac{5}{12} \theta^{2}\right) \tag{1}
\]

where the parameter \(\theta=\frac{\pi}{\beta \mu_{0}}=\frac{\pi k T}{\mu_{0}}\), \(\mu_{0}=b V^{-2 / 3}\) is the chemical potential at temperature \(T=0 \mathrm{~K}\), \(b=\left(\frac{h^{2}}{2 m}\right) \cdot \left(\frac{3 N}{4 \pi g}\right)^{2 / 3}\), and \(g\) is the weighting factor or degeneracy related to the ""internal structure"" (e.g., spin).

We can rewrite equation (1) as

\[
p=\frac{2 b N}{5} V^{-5 / 3}+\frac{\pi^{2} k^{2}}{6 b} N V^{-1 / 3} T^{2} \tag{2}
\]

From equation (2), we obtain

\[
\left(\frac{\partial p}{\partial V}\right)_{T}=-\frac{2}{3} N \mu_{0}\left(1+\frac{1}{12} \theta^{2}\right) V^{-2} \tag{7}
\]

Using equations (2), (4), (6), and (8), we can verify that the following holds:  
The isothermal bulk modulus of a strongly degenerate Fermi gas is

\[
E_{T} \equiv-V\left(\frac{\partial p}{\partial V}\right)_{T}=\frac{1}{\kappa_{T}}=\frac{2 n \mu_{0}}{3}\left(1+\frac{1}{12} \theta^{2}\right) \tag{10}
\]",\boxed{\frac{2 n \mu_{0}}{3}\left(1+\frac{1}{12} \theta^{2}\right)},EX,,False,EN,Math Derivation
3642,Mechanics and Thermodynamics,Statistical Mechanics,Fermi-Dirac Statistics,"For a known strongly degenerate Fermi gas, find the average number of particles $N$ and the chemical potential $\mu$ of the gas. Utilize the given logarithmic expression of the grand partition function

\[
\ln \Xi = a \left[ \frac{4}{15}(-\alpha)^{5/2} + \frac{\pi^2}{6}(-\alpha)^{1/2} - \frac{7 \pi^4}{1440}(-\alpha)^{-3/2} \right] \beta^{-3/2}
\]

where $\alpha = -\beta \mu , \, \beta = 1 / k T$.","To find the average number of particles $N$ based on the grand partition function:

\[
N = -\left(\frac{\partial \ln \Xi}{\partial \alpha}\right)_{\beta, V} = a \left[ \frac{2}{3}(-\alpha)^{3/2} + \frac{\pi^2}{12}(-\alpha)^{-1/2} + \frac{7 \pi^4}{960}(-\alpha)^{-5/2} \right] \beta^{-3/2}
\]

\[
= \frac{2}{3} a \left( \mu^{3/2} + \frac{\pi^2}{8 \beta^2} \mu^{-1/2} + \frac{7 \pi^4}{640 \beta^4} \mu^{-5/2} \right)
\]

The chemical potential $\mu$ is given by

\[
\mu = \mu_0 \left[ 1 + \frac{1}{8} \left(\frac{\pi}{\beta \mu}\right)^2 + \frac{7}{640} \left(\frac{\pi}{\beta \mu}\right)^4 \right]^{-2/3}
\]

\[
= \mu_0 \left[ 1 - \frac{1}{12} \left(\frac{\pi k T}{\mu}\right)^2 + \frac{1}{720} \left(\frac{\pi k T}{\mu}\right)^4 \right]
\]","\boxed{N = \frac{2}{3} a \left( \mu^{3/2} + \frac{\pi^2}{8 \beta^2} \mu^{-1/2} + \frac{7 \pi^4}{640 \beta^4} \mu^{-5/2} \right), \mu_0 \left[ 1 - \frac{1}{12} \left(\frac{\pi k T}{\mu}\right)^2 + \frac{1}{720} \left(\frac{\pi k T}{\mu}\right)^4 \right]}","EQ, EX","None, None",True,EN,Math Derivation
3643,Mechanics and Thermodynamics,Statistical Mechanics,Kinetic Theory of Gases,"In air at room temperature, calculate the average molecular collision frequency $f$ and the mean free path $l$. The formula for calculating the mean free path is:

$$
l = \frac{1}{n \sigma} = \frac{k T}{p \sigma}
$$","Mean free path

$$
l = \frac{1}{n \sigma} = \frac{k T}{p \sigma} = 4 \times 10^{-6}\, \text{m}
$$

Collision frequency

$$
f = \bar{v} / l = 1.2 \times 10^{8}\, \text{Hz}
$$","\boxed{4 \times 10^{-6}, 1.2 \times 10^{8}}","NV, NV","\text{m}, \text{Hz}",True,EN,Practical Application
3644,Mechanics and Thermodynamics,Statistical Mechanics,Bose-Einstein Statistics,"The grand partition function of a weakly degenerate Bose gas is given by

$$
\Xi=\exp \left\{N\left[1-\frac{y}{4 \sqrt{2}}-\left(\frac{2}{9 \sqrt{3}}-\frac{1}{8}\right) y^{2}+\cdots\right]\right\}
$$

where $y=(n / g) \cdot\left(h^{2} / 2 \pi m k T\right)^{3 / 2}$ is the fugacity of the non-degenerate Bose gas, $n=N / V$ is the number density of the gas particles, $m$ is the mass of the particles, and $g$ is a weighting factor or degeneracy related to ""internal structure"" (such as spin). The relation $p V=k T \ln \Xi$ is an important bridge or link between statistical mechanics and thermodynamics. Find the pressure $p$ of the weakly degenerate Bose gas.","The logarithm of the grand partition function for the weakly degenerate Bose gas is given by

\begin{equation*}
\ln \Xi=N\left[1-\frac{y}{4 \sqrt{2}}-\left(\frac{2}{9 \sqrt{3}}-\frac{1}{8}\right) y^{2}+\cdots\right] \tag{1}
\end{equation*}

Using the relation $p V=k T \ln \Xi$, from equation (1), the pressure of the weakly degenerate Bose gas is

\begin{equation*}
p=n k T\left(1-0.1768 y-3.300 \times 10^{-3} y^{2}\right) \tag{2}
\end{equation*}","\[
\boxed{n k T\left(1-0.1768 y-3.300 \times 10^{-3} y^{2}\right)}
\]",EX,,False,EN,Laws Application
3645,Mechanics and Thermodynamics,Statistical Mechanics,Kinetic Theory of Gases,"A certain amount of chlorine gas is contained within a vessel at a temperature of \( T_0 = 300 \, \mathrm{K} \). The pressure inside and outside the vessel is controlled just right to maintain the macroscopic motion of the gas, and the effects of viscosity, turbulence, and heat transfer across the wall can be neglected. In this diffusive flow, the gas is cooled to \( T = 30 \, \mathrm{K} \). Find the speed of sound at the low temperature.","The speed of sound is given by

\[ 
c = \sqrt{\left(\frac{\mathrm{d} p}{\mathrm{~d} \rho}\right)_{\mathrm{s}}} 
\]

Using the adiabatic equation \( p = \rho^{\gamma} \times \) constant, we have

\[ 
c = \sqrt{\gamma \frac{k T}{m}} 
\]

where \( T = 30 \, \mathrm{K}, \gamma = c_{\mathrm{p}} / c_{\mathrm{v}} \) is the ratio of specific heats. For argon gas, \( \gamma = \frac{5}{3} \), so the speed of sound is

\[ 
c = 101 \, \mathrm{m/s} 
\]",\boxed{101},NV,m / s,False,EN,Laws Application
3646,Mechanics and Thermodynamics,Statistical Mechanics,Fermi-Dirac Statistics,"Given the known constant pressure heat capacity and expansion coefficient of a strongly degenerate Fermi gas, determine its Joule-Thomson coefficient $\mu_{J-T}$. It is known that: $\mu_{J-T} \equiv \left(\frac{\partial T}{\partial p}\right)_{H} = \frac{V(T \alpha - 1)}{c_{\mathrm{p}}}$.","From equations (1) and (2), the Joule-Thomson coefficient of a strongly degenerate Fermi gas is  
\begin{equation*}
\mu_{J-T} \equiv \left(\frac{\partial T}{\partial p}\right)_{H} = \frac{V}{c_{\mathrm{p}}}(T \alpha - 1) = -\frac{2V}{\pi k N \theta} \left(1 - \frac{5}{6} \theta^{2}\right) \tag{3}
\end{equation*}

Thus, the inversion curve of a strongly degenerate Fermi gas is an adiabatic curve.",\boxed{-\frac{2V}{\pi k N \theta} \left(1 - \frac{5}{6} \theta^{2}\right)},EX,,False,EN,Math Derivation
3648,Mechanics and Thermodynamics,Statistical Mechanics,Maxwell-Boltzmann Statistics,A two-level system with energy levels \(E_{0}\) and \(E_{1}\) is occupied by \(N\) particles at temperature \(T\). The occupation follows classical statistical rules. Calculate the heat capacity as \(T \rightarrow 0 \mathrm{~K}\) and \(T \rightarrow \infty\).,"As \(T \rightarrow 0 \mathrm{~K}\),

\[
c \approx R \cdot \left(\frac{\Delta E}{k T}\right)^{2} \cdot \mathrm{e}^{-\Delta E / k T}
\]

As \(T \rightarrow \infty\),

\[
c \approx \frac{R}{4} \cdot \left(\frac{\Delta E}{k T}\right)^{2}
\]","\boxed{0, \frac{R}{4}}","NV, EX","\text{None}, R",True,EN,Math Derivation
3649,Mechanics and Thermodynamics,Statistical Mechanics,Bose-Einstein Statistics,"A one-dimensional molecular crystal consists of $N$ diatomic molecules, each of which can freely rotate on its lattice site. Calculate the vibrational partition function $Z_{v}$ for the vibrational quantum number $n$ of each molecule in the crystal.","Let $\omega$ be the vibrational angular frequency of the molecule, then the vibrational energy of the one-dimensional molecular crystal is

\[
\varepsilon_{\mathrm{v}}=\left(n+\frac{1}{2}\right) \hbar \omega \tag{1}
\]

The molecular vibrational partition function is

\[
Z_{v}=\sum_{n=0}^{\infty} \exp \left(-\beta \varepsilon_{v}\right)=\frac{\exp(\beta \hbar \omega / 2)}{\exp(\beta \hbar \omega)-1} \tag{2}
\]","\[
\boxed{\frac{\exp(\beta \hbar \omega / 2)}{\exp(\beta \hbar \omega)-1}}
\]",EX,,False,EN,Knowledge Recall
3650,Mechanics and Thermodynamics,Statistical Mechanics,Fermi-Dirac Statistics,"The grand potential \(J=-p V\) of an extremely relativistic strongly degenerate Fermi gas is given by

\[
J(T, V, \mu)=-a\left(\frac{1}{12} \mu^{4}+\frac{\pi^{2}}{6 \beta^{2}} \mu^{2}+\frac{7 \pi^{4}}{180 \beta^{4}}\right)
\]

where \(a=4 \pi g V / h^{3} c^{3}\), \(g\) is a weight factor or degree of degeneracy related to ""internal structure"" (e.g., spin), \(c\) is the speed of light, \(\beta=1 / k T\), \(T\) and \(\mu\) are the temperature and chemical potential of the gas, respectively, and \(k\) is the Boltzmann constant. Determine the entropy of the extremely relativistic strongly degenerate Fermi gas.","Using equations (1) and (6), from \(S=-(\partial J / \partial T)_{V, \mu}\), the entropy of the extremely relativistic strongly degenerate Fermi gas is obtained as

\[
S=\frac{1}{T} N \mu_{0} \theta^{2}\left(1+\frac{11}{45} \theta^{2}\right) \tag{9}
\]

From equation (9), the adiabatic reversible process (or isentropic process) of a strongly degenerate Fermi gas is a process where the parameter \(\theta\) remains constant, i.e., an isothermal \(\theta\) process. In such an adiabatic reversible process, the gas still retains the property \(\theta \ll 1\). Therefore, in an adiabatic reversible process, the strongly degenerate Fermi gas can maintain its strong degeneracy. Because \(\theta=\pi / \beta \mu_{0}=\pi k T / \mu_{0}\), from equation (9), as the temperature \(T \rightarrow 0 \mathrm{~K}\), the entropy \(S \rightarrow 0 \mathrm{~J} / \mathrm{K}\).",\boxed{\frac{1}{T} N \mu_{0} \theta^{2}\left(1+\frac{11}{45} \theta^{2}\right)},EX,,False,EN,Math Derivation
3651,Mechanics and Thermodynamics,Statistical Mechanics,Bose-Einstein Statistics,"A bosonic gas consists of $N$ particles, with $N \gg 1$. Each particle has two energy levels, with energies 0 and $\varepsilon$; the degeneracies of these levels are $g_{1}$ and $g_{2}$, respectively. Using the chemical potential $\mu$ and the occupation number for the high energy level, derive the energy difference $\varepsilon - \mu$.","Using equation (2) and the distribution for a bosonic gas (equation 3), we obtain

\[
N_{2} = \frac{N}{3} = \frac{g_{2}}{\exp\left[(\varepsilon - \mu)/kT\right] - 1} \tag{6}
\]

From equation (6), we have

\[
\varepsilon - \mu = kT \ln\left(1 + \frac{3g_{2}}{N}\right) \tag{7}
\]",\boxed{kT \ln\left(1 + \frac{3g_{2}}{N}\right)},EX,,False,EN,Math Derivation
3652,Mechanics and Thermodynamics,Statistical Mechanics,Kinetic Theory of Gases,"In a gas with a viscosity coefficient of $\eta = 180 \, \mu \mathrm{Pa} \cdot \mathrm{s}$ and a temperature of $27 \, \mathrm{C}$, there is an oil droplet with a radius of $R = 0.0001 \, \mathrm{cm}$. Find the root mean square of the oil droplet's displacement after $10 \, \mathrm{s}$. Ignore the effects of gravity.

Since the gas is isotropic, $\overline{x^{2}} = \overline{y^{2}} = \overline{z^{2}}$. Therefore, the mean value of the square of displacement $\overline{r^{2}} = \overline{x^{2}}+\overline{y^{2}}+\overline{z^{2}} = 3 \overline{x^{2}}$.","Using equation (5), we can determine the mean square of the oil droplet's displacement as

\[
\overline{r^{2}} = \frac{kT}{\pi R \eta} t \tag{6}
\]

Substituting $T = 300 \, \mathrm{K}$, $t = 10 \, \mathrm{s}$, $\eta = 180 \times 10^{-6} \, \mathrm{Pa \cdot s}$, and $R = 10^{-4} \, \mathrm{cm}$ into equation (6), we find that the root mean square of the oil droplet's displacement is

\[
\sqrt{\overline{r^{2}}} = 2.7 \times 10^{-3} \, \mathrm{cm} \tag{7}
\]",\boxed{2.7 \times 10^{-3}},NV,,False,EN,Laws Application
3653,Mechanics and Thermodynamics,Statistical Mechanics,Kinetic Theory of Gases,"The cooling of a gas during expansion can be expressed by the following equation: $\frac{T_{0}}{T}=1+\frac{M^{2}}{3}$, where $T_{0}$ is the equilibrium temperature inside the container, $T$ is the temperature after expansion, and $M$ is the ratio of the flow speed $v$ to the speed of sound $c$ at temperature $T$ (i.e., the Mach number). Find the maximum limiting value of $v$ as $T \rightarrow 0 \mathrm{~K}$.","As $T \rightarrow 0 \mathrm{~K}$, from the energy equation, we have
$$
\frac{1}{2} m v_{m}^{2}=c_{\mathrm{p}} T_{0}
$$
Therefore,
$$
v_{m}=\sqrt{\frac{2 c_{\mathrm{p}} T_{0}}{m}}=\sqrt{\frac{5 k T_{0}}{m}}=557 \mathrm{~m} / \mathrm{s}
$$",\boxed{557},NV,\mathrm{m/s},False,EN,Laws Application
3654,Mechanics and Thermodynamics,Statistical Mechanics,Fermi-Dirac Statistics,"A white dwarf star is supported by the degeneracy pressure of electrons. As a simplified model, we consider an ideal gas sphere composed of electrons and completely ionized silicon ($\mathrm{Si}^{28}$) ions with uniform density. Let $n_{i}$ represent the number density of silicon ions, and $n_{e} = 14 n_{i}$ represent the number density of electrons (the atomic number of silicon is 14). Find the relationship between the average kinetic energy of electrons $\bar{E}_{\mathrm{e}}$ and the number density of electrons $n_{\mathrm{e}}$. Assume the electron number density is large enough that the electrons are extremely relativistic, i.e., their rest energy can be neglected compared to their total energy.","Using the strong degeneracy approximation for the electron gas and $\varepsilon = p c$, from the density of quantum states for electrons 

$$
\frac{2}{h^{3}} \mathrm{~d} \boldsymbol{p}=\frac{8 \pi}{h^{3} c^{3}} \varepsilon^{2} \mathrm{~d} \varepsilon
$$

we have

$$
n_{\mathrm{e}}=\int_{0}^{\varepsilon_{\mathrm{F}}} \frac{8 \pi}{h^{3} c^{3}} \varepsilon^{2} \mathrm{~d} \varepsilon=\frac{8 \pi}{3 h^{3} c^{3}} \varepsilon_{\mathrm{F}}^{3}
$$

Thus,

$$
\begin{aligned}
\varepsilon_{\mathrm{F}} & =h c\left(\frac{3 n_{\mathrm{e}}}{8 \pi}\right)^{1 / 3} \\
\bar{E}_{\mathrm{e}} & =\frac{\int_{0}^{\varepsilon_{\mathrm{F}}} \varepsilon \cdot \varepsilon^{2} \mathrm{~d} \varepsilon}{\int_{0}^{\varepsilon_{\mathrm{F}}} \varepsilon^{2} \mathrm{~d} \varepsilon}=\frac{3}{4} \varepsilon_{\mathrm{F}}=\frac{3}{4} h c\left(\frac{3 n_{\mathrm{e}}}{8 \pi}\right)^{1 / 3}
\end{aligned}
$$",\boxed{\bar{E}_{\mathrm{e}} = \frac{3}{4} h c \left( \frac{3 n_{\mathrm{e}}}{8 \pi} \right)^{1/3}},EQ,,False,EN,Math Derivation
3655,Mechanics and Thermodynamics,Statistical Mechanics,Bose-Einstein Statistics,Calculate the energy of the single-particle energy level $\varepsilon_{n_{j}}$ and the energy of the lowest degenerate energy level $\varepsilon_{d_{m}}$.,"The energy of the degenerate energy level is:

\[ \varepsilon_{n_{j}}=E(j, 0, 0)=E_{0}+j h \nu_{z} \tag{4} \]

where $0 \leqslant j=j_{1} \leqslant m_{r}-1$. The energy of the lowest degenerate energy level is:

\[ \varepsilon_{d_{m}}=E(0, 1, 0)=E_{0}+h \nu_{r} \tag{5} \]","\boxed{\varepsilon_{n_{j}} = E_{0} + j h \nu_{z}, \varepsilon_{d_{m}} = E_{0} + h \nu_{r}}","EQ, EX","None, None",True,EN,Knowledge Recall
3656,Mechanics and Thermodynamics,Statistical Mechanics,Bose-Einstein Statistics,Find the free energy of black body radiation.,"Thus, the free energy of a photon gas \( F = U - T S = -p V = -\frac{a T^{4} V}{3} \).",\boxed{-\frac{a T^{4} V}{3}},NV,,False,EN,Laws Application
3657,Mechanics and Thermodynamics,Statistical Mechanics,Maxwell-Boltzmann Statistics,"A string of length $l$ has its endpoints fixed. The distance between the endpoints is $x$. A point mass with mass $m$ is attached at the midpoint of the string. The mass rotates around an axis passing through the endpoints of the string and is in thermal contact with the environment. The environmental temperature is $T$. Determine the average tension $\bar{f}$ in the string, and express it as a function of $x$, $l$, $k$, and $T$.","From the expression for tension and the average value of the square of the angular velocity, the average tension experienced by the mass is given by

\[
\bar{f} = \frac{k T x}{l^2 - x^2} \tag{4}
\]",\boxed{\frac{k T x}{l^2 - x^2}},EX,,False,EN,Math Derivation
3658,Mechanics and Thermodynamics,Statistical Mechanics,Maxwell-Boltzmann Statistics,"Consider the vibrational energy of a diatomic molecule given by $\varepsilon_{\nu} = \frac{p^{2}}{2\mu} + \frac{a q^{2}}{2} - b q^{3} + c q^{4}$, where $\mu$ is the reduced mass, and $\frac{p^{2}}{2\mu}$ is the vibrational kinetic energy. Here, $a = \mu \omega^{2}$, where $\omega$ is the angular frequency of vibration, and $\frac{a q^{2}}{2}$ is the harmonic vibrational potential energy. The last two terms represent the anharmonic vibrational potential energy, which are very small. Determine the vibrational partition function.","The single-molecule vibrational partition function of a diatomic molecule is given by $z = z_{\mathrm{k}} \cdot z_{\mathrm{p}}$, where $z_{\mathrm{k}}$ is the contribution of the vibrational kinetic energy to the single-molecule partition function:

\[
z_{\mathrm{k}} = \frac{1}{h} \int_{-\infty}^{\infty} \exp \left(-\frac{p^{2}}{2 \mu k T}\right) \mathrm{d} p = \frac{\sqrt{2 \pi \mu k T}}{h} \tag{2}
\]

$z_{\mathrm{p}}$ is the contribution of the vibrational potential energy to the single-molecule partition function:

\[
z_{\mathrm{p}} = \int_{-\infty}^{\infty} \exp \left(-\frac{a q^{2} / 2-b q^{3} + c q^{4}}{k T}\right) \mathrm{d} q = \int_{-\infty}^{\infty} \left[1 + \frac{b q^{3} - c q^{4}}{k T} + \frac{\left(b q^{3} - c q^{4}\right)^2}{2(k T)^{2}}\right] \exp \left(-\frac{a q^{2}}{2 k T}\right) \mathrm{d} q \tag{3}
\]

\[
= \sqrt{\frac{2 \pi k T}{a}} \left(1 - \frac{3 c k T}{a^{2}} + \frac{15 b^{2} k T}{2 a^{3}}\right)
\]",\boxed{\frac{\sqrt{2 \pi \mu k T}}{h} \cdot \sqrt{\frac{2 \pi k T}{a}} \left(1 - \frac{3 c k T}{a^{2}} + \frac{15 b^{2} k T}{2 a^{3}}\right)},EX,,False,EN,
3659,Mechanics and Thermodynamics,Statistical Mechanics,Kinetic Theory of Gases,"Calculate the ratio of the characteristic frequency $\nu = 300\, \text{Hz}$ to the collision frequency $f$ in air at room temperature.","The characteristic frequency $\nu$ is much smaller than the collision frequency

$$
\nu / f = 2.5 \times 10^{-6}
$$",\boxed{2.5 \times 10^{-6}},NV,,False,EN,Knowledge Recall
3660,Mechanics and Thermodynamics,Statistical Mechanics,Kinetic Theory of Gases,"A certain amount of chlorine gas is contained in a vessel at a temperature of \( T_{0}=300 \, \text{K} \). Find the most probable speed of the molecules.","The Maxwell distribution is given by

\[ 
f \, \mathrm{d} \boldsymbol{v} = \left( \frac{m}{2 \pi k T} \right)^{3/2} \mathrm{e}^{-\frac{m}{2 k T} v^{2}} \, \mathrm{d} \boldsymbol{v} 
\]

or

\[ 
f \, \mathrm{d} v = 4 \pi \left( \frac{m}{2 \pi k T} \right)^{3/2} v^{2} \mathrm{e}^{-\frac{m}{2 k T} v^{2}} \, \mathrm{d} v 
\]

The most probable speed is the value of \( v \) that maximizes \( f \). From \( \frac{\partial f}{\partial v}=0 \), we obtain

\[ 
v_{p} = \sqrt{\frac{2 k T_{0}}{m}} = 352 \, \text{m/s} 
\]

where \( T_{0}=300 \, \text{K}, m=39.9 \times 1.66 \times 10^{-27} \, \text{kg} \).",\boxed{352},NV,\mathrm{m/s},False,EN,Laws Application
3661,Mechanics and Thermodynamics,Statistical Mechanics,Maxwell-Boltzmann Statistics,"A three-dimensional rotor system with quantized energy levels (having two rotational degrees of freedom, without translational motion) follows Boltzmann statistics. Calculate the entropy of each rotor at high temperature. The energy of the rotor is given by

$$
\varepsilon_{j}=j(j+1) \hbar^{2} / 2 I=A j(j+1)
$$

where $I$ is the moment of inertia of the rotor, and the rotational quantum number is $j=0,1,2, \cdots$. The Planck constant is $\hbar=1.055 \times 10^{-34} \mathrm{~J} \cdot \mathrm{~s}$, and $A=\hbar^{2} / 2 I$. The degeneracy of the energy level $\varepsilon_{j}$ is $g_{j}=2 j+1$. The partition function of the rotor is

\begin{align*}
Z & =\sum_{j=0}^{\infty}(2 j+1) \exp \left[-\frac{A j(j+1)}{k T}\right] \\
& =2 \exp \left(\frac{A}{4 k T}\right) \sum_{j=0}^{\infty}\left(j+\frac{1}{2}\right) \exp \left[-\frac{A}{k T}\left(j+\frac{1}{2}\right)^{2}\right]
\end{align*}

Using Euler's formula, from the above equation we obtain

\begin{equation*}
Z=\left(\frac{k T}{A}+\frac{1}{12}\right) \exp \left(\frac{A}{4 k T}\right)
\end{equation*}","The entropy of the rotor is

\begin{equation*}
S=-\frac{\partial F}{\partial T}=k \ln \left(\frac{k T}{A}+\frac{1}{12}\right)+\frac{k}{1+A / 12 k T}
\end{equation*}",\boxed{k \ln \left(\frac{k T}{A}+\frac{1}{12}\right)+\frac{k}{1+A / 12 k T}},EX,,False,EN,Practical Application
3662,Mechanics and Thermodynamics,Statistical Mechanics,Maxwell-Boltzmann Statistics,"Consider a gas composed of atoms with spin $\frac{1}{2}$ and density $n$, each having an inherent magnetic moment $\mu$. Ignore the interactions between atoms. Assume the system follows classical statistics. At absolute temperature $T$, what is the probability density that the magnetic moment $\boldsymbol{\mu}$ of an atom is parallel to an external magnetic field $\boldsymbol{H}$? What is the probability density that $\boldsymbol{\mu}$ is antiparallel to $\boldsymbol{H}$?","The interaction energy of each atom with the external magnetic field is $\varepsilon = -\boldsymbol{\mu} \cdot \boldsymbol{H}$. According to the classical Boltzmann distribution, the number of atoms per unit volume in the solid angle element $\mathrm{d} \Omega$ in the direction $(\theta, \varphi)$ is given by

$$
g \mathrm{e}^{-\beta \varepsilon} \mathrm{d} \Omega = g \mathrm{e}^{\mu H \cos \theta / k T} \mathrm{d} \Omega
$$

where $\theta$ is the angle between $\boldsymbol{\mu}$ and $\boldsymbol{H}$, and $g$ is the normalization factor. From

$$
2 \pi g \int_{0}^{\pi} \mathrm{e}^{\mu H \cos \theta / k T} \sin \theta \mathrm{d} \theta = n
$$

we obtain

$$
g = \frac{n \mu H}{4 \pi k T \sinh \left(\frac{\mu H}{k T}\right)}
$$

Therefore, the probability density of finding an atom with its magnetic moment parallel to $\boldsymbol{H}$ is

$$
\frac{g}{n} \mathrm{e}^{\mu H / k T} = \frac{1}{4 \pi} \left(\frac{\mu H}{k T}\right) \frac{\mathrm{e}^{\mu H / k T}}{\sinh \left(\frac{\mu H}{k T}\right)}
$$

The probability density of finding an atom with its magnetic moment antiparallel to $\boldsymbol{H}$ is

$$
\frac{g}{n} \mathrm{e}^{-\mu H / k T} = \frac{1}{4 \pi} \left(\frac{\mu H}{k T}\right) \frac{\mathrm{e}^{-\mu H / k T}}{\sinh \left(\frac{\mu H}{k T}\right)}.
$$","\boxed{\frac{1}{4 \pi} \left(\frac{\mu H}{k T}\right) \frac{\mathrm{e}^{\mu H / k T}}{\sinh \left(\frac{\mu H}{k T}\right)}, \frac{1}{4 \pi} \left(\frac{\mu H}{k T}\right) \frac{\mathrm{e}^{-\mu H / k T}}{\sinh \left(\frac{\mu H}{k T}\right)}}","EX, EX",,True,EN,Math Derivation
3664,Mechanics and Thermodynamics,Statistical Mechanics,Kinetic Theory of Gases,"A box with a volume of $2V$ is divided into two equal parts by a thin partition. The left side contains an ideal gas at a pressure of $p_0$, while the right side is a vacuum. There is a small hole on the partition with an area of $A$. Find how the number of particles per unit volume $n_1(t)$ on the left side changes with time. Assume the temperature on both sides is constant and express the result in terms of the average speed $\bar{v}$.","Since the hole is very small, we assume that the gases on both sides are in thermal equilibrium at any moment $t$. Let the number of particles per unit volume on the left side at time $t=0$ be $n_0$. Then, at time $t$, the number of particles per unit volume on the left and right sides are $n_1(t)$ and $n_0-n_1(t)$, respectively. We have

$$
\frac{\mathrm{d} n_1(t)}{\mathrm{d} t} = -\frac{A}{4V} n_1 \bar{v} + \frac{A}{4V} (n_0 - n_1) \bar{v}
$$

where $\bar{v} = \sqrt{\frac{8kT}{\pi m}}$ is the average speed. The first term in the equation represents the rate of decrease of particles on the left due to molecules escaping to the right; the second term represents the rate of increase due to molecules moving from right to left. Simplifying gives

$$
\frac{\mathrm{d} n_1(t)}{\mathrm{d} t} + \frac{A}{2V} n_1 \bar{v} = \frac{A}{4V} n_0 \bar{v}
$$

Considering the initial condition $n_1(0) = n_0$, solving this yields the particle density on the left as

$$
n_1(t) = \frac{n_0}{2} \left( 1 + \mathrm{e}^{-\frac{A \bar{v} t}{2V}} \right)
$$",\boxed{n_1(t) = \frac{n_0}{2} \left( 1 + \mathrm{e}^{-\frac{A \bar{v} t}{2V}} \right)},EX,,False,EN,Math Derivation
3665,Mechanics and Thermodynamics,Statistical Mechanics,Bose-Einstein Statistics,"Given that the internal energy of a weakly degenerate Bose gas is $U=\frac{3}{2} N k T\left(1-0.1768 y-3.300 \times 10^{-3} y^{2}\right)$ and the entropy is $S=N k\left(2.5-\ln y-8.839 \times 10^{-2} y-3.300 \times 10^{-3} y^{2}\right)$, use the formula for free energy $F=U-T S$ to find the free energy $F$ of the weakly degenerate Bose gas.","From the internal energy and the given entropy equation, the free energy of the weakly degenerate Bose gas is

\[
F=-N k T\left(1-\ln y+0.177 y+1.650 \times 10^{-3} y^{2}\right)
\]",\boxed{-N k T\left(1-\ln y+0.177 y+1.650 \times 10^{-3} y^{2}\right)},EX,,False,EN,Laws Application
3667,Mechanics and Thermodynamics,Statistical Mechanics,Fermi-Dirac Statistics,Determine the volumetric expansion coefficient of a strongly degenerate Fermi gas.,"It is known that the pressure of a strongly degenerate Fermi gas is given by

\[
p=\frac{2}{5 V} N \mu_{0}\left(1+\frac{5}{12} \theta^{2}\right) \tag{1}
\]

where the parameter \(\theta=\frac{\pi}{\beta \mu_{0}}=\frac{\pi k T}{\mu_{0}}\), \(\mu_{0}=b V^{-2 / 3}\) is the chemical potential at temperature \(T=0 \mathrm{~K}\), \(b=\left(\frac{h^{2}}{2 m}\right) \cdot \left(\frac{3 N}{4 \pi g}\right)^{2 / 3}\), and \(g\) is the weighting factor or degeneracy associated with ""internal structure"" (such as spin).

We can rewrite equation (1) as

\[
p=\frac{2 b N}{5} V^{-5 / 3}+\frac{\pi^{2} k^{2}}{6 b} N V^{-1 / 3} T^{2} \tag{2}
\]

From equation (2), we have

\[
\left(\frac{\partial V}{\partial T}\right)_{p}=\frac{\pi^{2} k^{2}}{2 \mu_{0}^{2}}\left(1-\frac{1}{12} \theta^{2}\right) V T \tag{3}
\]

From equation (3), the volumetric expansion coefficient of a strongly degenerate Fermi gas is

\[
\alpha \equiv \frac{1}{V}\left(\frac{\partial V}{\partial T}\right)_{p}=\frac{\pi^{2} k^{2}}{2 \mu_{0}^{2}}\left(1-\frac{1}{12} \theta^{2}\right) T \tag{4}
\]",\boxed{\alpha = \frac{\pi^{2} k^{2}}{2 \mu_{0}^{2}}\left(1-\frac{1}{12} \theta^{2}\right) T},EQ,,False,EN,Math Derivation
3668,Mechanics and Thermodynamics,Statistical Mechanics,Bose-Einstein Statistics,"The universe is filled with blackbody radiation photons at a temperature of $T=3 \mathrm{~K}$, which can be considered as remnants of the Big Bang. Derive the analytical expression for the photon number density as a function of $T$.","The Bose distribution is given by

$$
n(k)=\frac{1}{\mathrm{e}^{\beta \epsilon(k)}-1}
$$

The total number of photons is

$$
N=2 \cdot V \int \frac{\mathrm{d}^{3} \boldsymbol{k}}{(2 \pi)^{3}} \frac{1}{\mathrm{e}^{\beta \hbar k c}-1}
$$

Here, $\epsilon(k)=\hbar k c$, where $k$ is the wave number, $c$ is the speed of light, and the factor of 2 comes from the two polarization directions, with $\beta=\frac{1}{k_{\mathrm{B}} T}$. Thus,

$$
\frac{N}{V}=n=\frac{1}{\pi^{2}}\left(\frac{k_{\mathrm{B}} T}{\hbar c}\right)^{3} \cdot I
$$

where

$$
I=\int_{0}^{\infty} \mathrm{d} x \frac{x^{2}}{\mathrm{e}^{x}-1}=\sum_{n=1}^{\infty} \int_{0}^{\infty} \mathrm{d} x \cdot x^{2} \mathrm{e}^{-n x}=2 \sum_{n=1}^{\infty} \frac{1}{n^{3}} \approx 2.404
$$",\boxed{\frac{2.404}{\pi^{2}}\left(\frac{k_{\mathrm{B}} T}{\hbar c}\right)^{3}},EX,,False,EN,Math Derivation
3669,Mechanics and Thermodynamics,Statistical Mechanics,Kinetic Theory of Gases,"Taking air as an example, assume the molecular mass of air is $M = 29 \times 1.67 \times 10^{-27} \mathrm{~kg}$, the molecular scattering cross-sectional area is $\sigma = 10^{-19} \mathrm{~m}^{2}$, the specific heat capacity at constant volume is $c_{v} = 2.5 \times 1.38 \times 10^{-23} \mathrm{~J} / \mathrm{K}$, and the temperature is $T = 300 \mathrm{~K}$. Calculate the thermal conductivity $\kappa$.","Taking air as an example, with $M = 29 \times 1.67 \times 10^{-27} \mathrm{~kg}$, $\sigma = 10^{-19} \mathrm{~m}^{2}$, $c_{v} = 2.5 \times 1.38 \times 10^{-23} \mathrm{~J} / \mathrm{K}$, and $T = 300 \mathrm{~K}$, substituting these values yields $\kappa = 0.054 \mathrm{~J} / (\mathrm{s} \cdot \mathrm{K} \cdot \mathrm{m})$.",\boxed{0.054},NV,\mathrm{J} / (\mathrm{s} \cdot \mathrm{K} \cdot \mathrm{m}),False,EN,Laws Application
3670,Mechanics and Thermodynamics,Statistical Mechanics,Kinetic Theory of Gases,"A two-dimensional ideal gas at temperature $T$ consists of $N$ monatomic particles each with a mass $M$. The gas can only move in the $xy$ plane, where the pressure $p$ is the force exerted per unit length (rather than per unit area).  
(3) Provide the specific heat capacity at constant volume and constant pressure.","(3) According to the equipartition theorem, the specific heat capacity at constant volume $c_{v} = N k$, and the specific heat capacity at constant pressure

$$
c_{\mathrm{p}} = c_{\mathrm{v}} + N k = 2 N k
$$","\boxed{Nk, 2Nk}","NV, NV","\text{None}, \text{None}",True,EN,Laws Application
3671,Mechanics and Thermodynamics,Statistical Mechanics,Kinetic Theory of Gases,"Consider a relativistic Fermi gas with no interactions at zero temperature. Treat the system as a homogeneous, stationary fluid and derive the wave equation for small density fluctuations, obtaining the expression for the speed of sound in the gas.","Assume $\rho = \rho_{0} + \delta \rho, \, p = p_{0} + \delta p$, where $\rho_{0}$ and $p_{0}$ are the density and pressure of the fluid, respectively, and $\delta \rho$ and $\delta p$ are the corresponding fluctuations. For a stationary fluid, assuming the velocity $v \approx \delta v$, retaining the continuity equation to first order gives

$$
\frac{\partial \delta \rho}{\partial t} + \rho_{0} \nabla \cdot \delta v = 0
$$

Under the same approximation, the Euler equation is

$$
\frac{\partial \delta v}{\partial t} = -\frac{\nabla \delta p}{\rho_{0}}
$$

The motion of an ideal fluid is adiabatic, thus

$$
\delta p = \left(\frac{\partial p}{\partial \rho}\right)_{s} \delta \rho = \left(\frac{\partial p_{0}}{\partial \rho_{0}}\right)_{s} \delta \rho
$$

Therefore, the wave equation can be obtained as

$$
\frac{\partial^{2}}{\partial t^{2}} \delta \rho - v^{2} \nabla^{2} \delta \rho = 0
$$

where $v = \sqrt{\left|\frac{\partial p_{0}}{\partial \rho_{0}}\right|}$ represents the speed of sound in the gas. Using $p_{0} = \frac{1}{3} \alpha \rho_{0}^{4 / 3}$, where $\alpha = \frac{\hbar c}{m}\left[\frac{81 \pi^{2}}{32(2 J+1) m}\right]^{1 / 3}, \rho_{0} = m N / V$, and $m$ is the mass of the particles, we obtain $v = \frac{2}{3} \sqrt{\alpha} \rho_{0}^{1 / 6}$.",\boxed{v = \frac{2}{3} \sqrt{\alpha} \rho_{0}^{1 / 6}},EX,,False,EN,Math Derivation
3672,Mechanics and Thermodynamics,Statistical Mechanics,Maxwell-Boltzmann Statistics,"Consider only rotational motion; a heteronuclear diatomic molecule has a moment of inertia \( I \). Using classical statistics, calculate the specific heat capacity \( c(T) \) of this system at temperature \( T \).","In classical statistics, once the degrees of freedom of a system are known, its internal energy and specific heat capacity can be determined using the equipartition theorem. According to classical theory, the angular momentum vector of a heteronuclear diatomic molecule can take any direction and is free concerning the orientation of the molecule. Because the rotational energy is \(\left( I_{1} \omega_{1}^{2} + I_{2} \omega_{2}^{2} + I_{3} \omega_{3}^{2} \right) / 2\), it can be expected to have three degrees of freedom. However, according to quantum mechanics, a diatomic molecule cannot rotate about its symmetry axis. For a diatomic molecule, this means there cannot be an angular momentum component along the axis connecting the two atoms. This microscopic restriction results in the macroscopic effect of reducing the rotational degrees of freedom from 3 to 2. It is often ""deduced"" classically by considering the moment of inertia around the symmetry axis to be zero. Therefore, the average rotational energy of the diatomic molecule is

\[
\bar{\varepsilon} = 2 \times \frac{k T}{2} = k T \tag{1}  
\]

Thus, its heat capacity or specific heat capacity is  

\[
c = k \tag{2}  
\]",\boxed{k},NV,,False,EN,Laws Application
3674,Mechanics and Thermodynamics,Statistical Mechanics,Bose-Einstein Statistics,"Consider a two-dimensional square container with a side length of $L$, containing $N$ gas particles. The energy of the single-particle ground state level is $\varepsilon_{0}=0$. According to the Bose-Einstein distribution, prove that there exists a temperature $T_{2N}$ such that when $T=T_{2N}$, the occupation number of the single-particle ground state level $N_{0}$ is greater than $N / 2$. Calculate the expression for the ground state occupation number when $g_{0} n A_{\mathrm{q}} = N$.","When $g_{0} n A_{\mathrm{q}}=N$, from equation (6), we have

\begin{equation*}
N_{0}=\frac{N}{2} \cdot \frac{1}{1-2^{-1} \sum_{l=1}^{\infty} \lambda^{l} / l(l+1)}>\frac{N}{2} \tag{8}
\end{equation*}",\boxed{\frac{N}{2} \cdot \frac{1}{1 - 2^{-1} \sum_{l=1}^{\infty} \lambda^{l} / l(l+1)}},EX,,False,EN,Math Derivation
3675,Mechanics and Thermodynamics,Statistical Mechanics,Maxwell-Boltzmann Statistics,"For a classical ideal gas undergoing an adiabatic compression when a weight is suddenly placed on the piston, the change in internal energy is given by the formula

\[
U_{2}-U_{1}=\frac{3}{2} N k\left(T_{2}-T_{1}\right)=\frac{3}{2}\left(p_{2} V_{2}-p_{1} V_{1}\right)
\]

where \( p_{1}=p_{0}+\frac{M_{1} g}{A} \) and \( p_{2}=p_{0}+\frac{\left(M_{1}+M_{2}\right) g}{A} \). Assuming the process is adiabatic and based on the law of energy conservation, find

\[
\frac{T_{2}}{T_{1}} \text{ and } \frac{p_{2}}{p_{1}}
\]","Assuming the process is adiabatic, according to the law of energy conservation, we have

\[
U_{2}-U_{1}=\frac{\left(M_{1}+M_{2}\right)\left(V_{1}-V_{2}\right) g}{A}+p_{0}\left(V_{1}-V_{2}\right)=p_{2}\left(V_{1}-V_{2}\right)
\]

From equations (4) and (5), we can derive

\[
\frac{T_{2}}{T_{1}}=\frac{5 M_{1}+2 M_{2}+5 \frac{p_{0} A}{g}}{5 M_{1}+5 \frac{p_{0} A}{g}}
\]

\[
\frac{p_{2}}{p_{1}}=\frac{M_{1}+M_{2}+\frac{p_{0} A}{g}}{M_{1}+\frac{p_{0} A}{g}}
\]","\boxed{\frac{T_{2}}{T_{1}}=\frac{5 M_{1}+2 M_{2}+5 p_{0} A / g}{5 M_{1}+5 p_{0} A / g}, \frac{p_{2}}{p_{1}}=\frac{M_{1}+M_{2}+p_{0} A / g}{M_{1}+p_{0} A / g}}","EQ, EQ",,True,EN,Laws Application
3676,Mechanics and Thermodynamics,Statistical Mechanics,Bose-Einstein Statistics,"Imagine that the universe is a spherical cavity with a radius of \(10^{28} \, \text{cm}\), and the cavity walls are impenetrable. If the temperature is \(0 \, \text{K}\), and there are \(10^{80}\) electrons in the universe, find the Fermi momentum of the electrons.","The Fermi momentum is:

\[ 
p_{\mathrm{F}} = \hbar \left( 3 \pi^{2} \frac{N}{V} \right)^{1/3} \approx 2.0 \times 10^{-28} \, \text{g} \cdot \text{cm/s} 
\]",\boxed{2.0 \times 10^{-28}},NV,\text{g} \cdot \text{cm/s},False,EN,Practical Application
3678,Mechanics and Thermodynamics,Statistical Mechanics,Fermi-Dirac Statistics,"Find the adiabatic compression coefficient of a strongly degenerate Fermi gas.

It is known that the entropy of a strongly degenerate Fermi gas is

\[
S = \frac{\pi k}{2} N \theta
\]

where the parameter \(\theta = \pi / \beta \mu_{0} = \pi k T / \mu_{0}\), \(\mu_{0} = b V^{-2/3}\) is the chemical potential at temperature \(T = 0 \, \mathrm{K}\), and \(b = \left(h^{2} / 2m\right) \cdot \left(3N / 4\pi g\right)^{2/3}\), with \(g\) being the weighting factor or degree of degeneracy related to ""internal structure"" (such as spin).

Moreover, the pressure of the strongly degenerate Fermi gas is

\[
p = \frac{2}{5V} N \mu_{0}\left(1 + \frac{3}{12} g^{2}\right)
\]

Using the above information, find the adiabatic compression coefficient \(\kappa_{S}\).","Utilizing the entropy \(S = \frac{\pi k}{2} N \theta\) and pressure \(p = \frac{2}{5V} N \mu_{0}\left(1 + \frac{3}{12} g^{2}\right)\), we obtain

\[
p = \left[\frac{2N}{5} + \frac{2b}{3\pi^{2}k^{2}N} S^{2}\right] V^{-5/3}
\]

From this, the adiabatic compression coefficient of the strongly degenerate Fermi gas is derived as

\[
\kappa_{S} \equiv -\frac{1}{V}\left(\frac{\partial V}{\partial p}\right)_{S} = \frac{3}{2n\mu_{0}}\left(1 - \frac{5}{12} \theta^{2}\right)
\]",\boxed{\frac{3}{2n\mu_{0}}\left(1 - \frac{5}{12} \theta^{2}\right)},EX,,False,EN,Math Derivation
3680,Mechanics and Thermodynamics,Statistical Mechanics,Bose-Einstein Statistics,"Given that the chemical potential of a weakly degenerate Bose gas is

$$
\mu=k T\left(\ln y-0.3536 y-4.950 \times 10^{-3} y^{2}\right)
$$

Using the entropy formula $S=(p V-N \mu+U) / T$, attempt to find the entropy $S$ of the weakly degenerate Bose gas.","From the entropy formula and the given equation for the chemical potential, the entropy of a weakly degenerate Bose gas is

\begin{equation*}
S=N k\left(2.5-\ln y-8.839 \times 10^{-2} y-3.300 \times 10^{-3} y^{2}\right) \tag{5}
\end{equation*}",\boxed{N k\left(2.5-\ln y-8.839 \times 10^{-2} y-3.300 \times 10^{-3} y^{2}\right)},EX,,False,EN,Math Derivation
3681,Mechanics and Thermodynamics,Statistical Mechanics,Maxwell-Boltzmann Statistics,"By separating variables and combining with the Jacobian, the average relative speed of two gas molecules is ultimately obtained as $\overline{v_{r}} = \sqrt{2} \bar{v}$. Assume $v = v_{r} / \sqrt{2}$, and $\bar{v}$ is the average speed of gas molecules $\bar{v} = \sqrt{8 k T / \pi m}$.","Substituting equations (4) and (6) into equation (2), the average relative speed of two gas molecules is obtained as:

\[
\overline{v_{r}} = \left(\frac{m}{2 \pi k T}\right)^{3} \int \exp \left(-\frac{M v_{c}^{2}}{2 k T}\right) \mathrm{d} v_{c} \int v_{r} \exp \left(-\frac{\mu v_{r}^{2}}{2 k T}\right) \mathrm{d} v_{r} = \left(\frac{m}{4 \pi k T}\right)^{3 / 2} \int v_{r} \exp \left(-\frac{\mu v_{r}^{2}}{2 k T}\right) \mathrm{d} v_{r}
\]

\[
= \sqrt{2} \left(\frac{m}{2 \pi k T}\right)^{3 / 2} \int v \exp \left(-\frac{m v^{2}}{2 k T}\right) \mathrm{d} v = \sqrt{2} \bar{v} \tag{7}
\]

Where $v = v_{r} / \sqrt{2}$, and $\bar{v}$ is the average speed of gas molecules:

\[
\bar{v} = \left(\frac{m}{2 \pi k T}\right)^{3 / 2} \int v \exp \left(-\frac{m v^{2}}{2 k T}\right) \mathrm{d} v = \sqrt{\frac{8 k T}{\pi m}} \tag{8}
\]",\boxed{\overline{v_{r}} = \sqrt{2} \bar{v}},EQ,,False,EN,Math Derivation
3682,Mechanics and Thermodynamics,Statistical Mechanics,Fermi-Dirac Statistics,"In a white dwarf star, the electron gas is highly degenerate and can be considered an ideal Fermi gas. The central temperature of the white dwarf is \(T \approx 10^{7} \, \mathrm{K}\), and the Fermi temperature is \(T_{\mathrm{F}} \approx 10^{9} \, \mathrm{K}\). Determine the following physical quantity:

(b) Determine the Fermi energy \(\varepsilon_{\mathrm{F}}\) of the strongly degenerate electron gas.","The Fermi energy \(\varepsilon_{\mathrm{F}} = \mu \approx \mu(T \approx 0 \, \mathrm{K}) = \varepsilon_{0}\) for the strongly degenerate electron gas, where \(\varepsilon_{0}\) is the maximum energy of electrons at a temperature \(T \approx 0 \, \mathrm{K}\). From equation (1) and the equation:

\[
\int_{0}^{\varepsilon_{\mathrm{F}}} D(\varepsilon) \, \mathrm{d} \varepsilon = N 
\]

it can be deduced that the Fermi energy of an extremely relativistic strongly degenerate electron gas is:

\[
\varepsilon_{\mathrm{F}} = h c \left(\frac{3 N}{8 \pi V}\right)^{1 / 3} 
\]","\[
\boxed{h c \left(\frac{3 N}{8 \pi V}\right)^{1 / 3}}
\]",EX,,False,EN,Math Derivation
3683,Mechanics and Thermodynamics,Statistical Mechanics,Kinetic Theory of Gases,"In a gas with a viscosity coefficient $\eta=180 \, \mu \mathrm{Pa} \cdot \mathrm{s}$ and a temperature of $27 \, \mathrm{C}$, there is an oil droplet with a radius $R=0.0001 \, \mathrm{cm}$. Find the root mean square displacement of the oil droplet after $10 \, \mathrm{s}$. Neglect the effect of gravity.

In one-dimensional space, the equation of motion for the particle is

\[
M \frac{\mathrm{d}^{2} x}{\mathrm{d} t^{2}} = -\gamma \frac{\mathrm{d} x}{\mathrm{d} t} + F(t) \tag{1}
\]

where $\gamma = 6 \pi \eta R$ (Stokes' law), $\eta$ is the viscosity coefficient, $R$ is the radius of the oil droplet, and $F(t)$ is the fluctuating force due to molecular collisions. We can rewrite equation (1) as

\[
\frac{M}{2} \frac{\mathrm{d}^{2}}{\mathrm{d} t^{2}} x^{2} + \frac{\gamma}{2} \frac{\mathrm{d}}{\mathrm{d} t} x^{2} - M \left( \frac{\mathrm{d}}{\mathrm{d} t} x \right)^{2} = x F(t) \tag{2}
\]

Neglect the effect of gravity.","Since $x$ and $F(t)$ are uncorrelated, by taking the average over a large number of oil droplets (ensemble average), we have $\overline{x F(t)} = \overline{x} \cdot \overline{F(t)} = 0$. Also, we have $\overline{M(\mathrm{d} x / \mathrm{d} t)^{2}} = kT$. Thus, taking the average of equation (2), we have

\[
\frac{\mathrm{d}}{\mathrm{d} t} \overline{\frac{\mathrm{d}}{\mathrm{d} t} x^{2}} + \frac{\gamma}{M} \frac{\mathrm{d}}{\mathrm{d} t} \overline{x^{2}} - \frac{2kT}{M} = 0 \tag{3}
\]

From equation (3), we obtain

\[
\overline{\frac{\mathrm{d}}{\mathrm{d} t} x^{2}} = \frac{2kT}{\gamma} + C \exp\left(-\frac{\gamma}{M} t\right) \tag{4}
\]

where $C$ is an integration constant. Neglecting the transient term in equation (4), we have

\[
\overline{x^{2}} = \frac{2kT}{\gamma} t = \frac{kT}{3 \pi R \eta} t \tag{5}
\]",\boxed{\sqrt{\frac{kT}{3 \pi R \eta} t}},EX,,False,EN,Laws Application
3684,Mechanics and Thermodynamics,Statistical Mechanics,Maxwell-Boltzmann Statistics,"A metal wire has a length of $l$, a mass per unit length of $\mu$, is fixed at both ends, and has a tension coefficient of $\tau$. It is in thermal equilibrium with a heat reservoir at temperature $T$. Determine, using classical statistics, the root mean square fluctuation of the midpoint position of the wire considering only the fundamental mode.","If we wish to quickly answer the problem, we can estimate the root mean square value of the midpoint displacement of the wire considering only the fundamental mode $n=1$. In this case,

\begin{equation*}
y_{\mathrm{rms}}^{\prime} = \frac{\sqrt{2}}{\pi} \sqrt{\frac{l k_{\mathrm{B}} T}{\tau}}
\end{equation*}

From this, it is known that $y_{\mathrm{rms}}^{\prime} = 0.9 y_{\mathrm{rms}}$. Thus, among all the vibrational modes, the fundamental mode contributes the most to the fluctuation of the midpoint displacement of the wire.",\boxed{\frac{\sqrt{2}}{\pi} \sqrt{\frac{l k_{\mathrm{B}} T}{\tau}}},EX,,False,EN,Laws Application
3685,Mechanics and Thermodynamics,Statistical Mechanics,Fermi-Dirac Statistics,"Consider an ideal gas consisting of $N$ fermions with spin $\frac{1}{2}$, contained in a volume $V$. At the absolute zero limit, calculate the average energy per particle. Assume that the interaction energy of each fermion with an external magnetic field is $2 \mu_{\mathrm{B}} H s_{z}$, where $s_{z}$ is the $z$ component of the spin.","For particles with spin $z$ components $\frac{1}{2}$ and $-\frac{1}{2}$, the Fermi momenta are:

$$
p_{+}=\left[2 m\left(\mu(0)-\mu_{\mathrm{B}} H\right)\right]^{1 / 2}, \quad p_{-}=\left[2 m\left(\mu(0)+\mu_{\mathrm{B}} H\right)\right]^{1 / 2}
$$

The total energy of those parts of the particles is respectively:

$$
\begin{aligned}
& E_{+}=\frac{4 \pi V}{h^{3}} \int_{0}^{p_{+}}\left(\frac{p^{2}}{2 m}+\mu_{\mathrm{B}} H\right) p^{2} \mathrm{~d} p=\frac{4 \pi V}{h^{3}}\left[\frac{p_{+}^{5}}{10 m}+\frac{\mu_{\mathrm{B}} H}{3} p_{+}^{3}\right] \\
& E_{-}=\frac{4 \pi V}{h^{3}}\left[\frac{p_{-}^{5}}{10 m}-\frac{\mu_{\mathrm{B}} H}{3} p_{-}^{3}\right]
\end{aligned}
$$

Therefore, the average energy per particle is

$$
\frac{E}{N}=\frac{E_{+}+E_{-}}{N}=\frac{4 \pi V}{h^{3} N}\left[\frac{1}{10 m}\left(p_{+}^{5}+p_{-}^{5}\right)+\frac{\mu_{\mathrm{B}} H}{3}\left(p_{+}^{3}-p_{-}^{3}\right)\right]
$$

For $\mu(0) \gg \mu_{\mathrm{B}} H$, this is approximately

$$
\frac{E}{N} \approx \frac{3}{5} \mu(0)\left[1-\frac{5}{2}\left(\frac{\mu_{\mathrm{B}} H}{\mu(0)}\right)^{2}\right]
$$","\[
\boxed{\frac{3}{5} \mu(0)\left[1-\frac{5}{2}\left(\frac{\mu_{\mathrm{B}} H}{\mu(0)}\right)^{2}\right]}
\]",EX,,False,EN,Math Derivation
3687,Mechanics and Thermodynamics,Statistical Mechanics,Distribution Function and Statistical Entropy,"For a spin $1/2$ ion undergoing a transition from paramagnetism to ferromagnetism, the molar heat capacity's relation to temperature is given as: when the temperature $T_{0}/2 < T < T_{0}$, $c = c_{\text{max}}\left(2T/T_{0} - 1\right)$; otherwise, $c = 0$. Calculate the change in entropy $\Delta S$ as the temperature increases from $T = 0 \, \mathrm{K}$ to $T > T_{0}$ based on the relationship between heat capacity $c$ and entropy $S$.","The relationship between heat capacity $c$ and entropy $S$ is given by
\[
c = T \frac{\mathrm{d}S}{\mathrm{d}T} \tag{1}
\]

Thus, the change in entropy as the temperature increases from $T = 0 \, \mathrm{K}$ to $T > T_{0}$ is
\[
\Delta S = \int_{0}^{T} \frac{c \, \mathrm{d}T}{T} = \int_{T_{0}/2}^{T_{0}} \frac{c \, \mathrm{d}T}{T} = c_{\max}(1 - \ln 2) \tag{2}
\]",\boxed{c_{\max}(1 - \ln 2)},NV,,False,EN,Laws Application
3688,Mechanics and Thermodynamics,Statistical Mechanics,Fermi-Dirac Statistics,"Given a system of electrons with a quantity $N=2 \times 10^{22}$, these electrons are confined in a box with volume $V=1 \mathrm{~cm}^{3}$. The walls of the box are infinite potential barriers. Calculate the average kinetic energy $\bar{E}$.","The average kinetic energy

$$
\bar{E}=\int_{0}^{E_{\mathrm{F}}} E D(E) \mathrm{d}E = \frac{2}{5} D\left(E_{\mathrm{F}}\right) E_{\mathrm{F}}^{2} = \frac{3}{5} N E_{\mathrm{F}}
$$",\boxed{\frac{3}{5} N E_{\mathrm{F}}},EX,,False,EN,Laws Application
3689,Mechanics and Thermodynamics,Statistical Mechanics,Kinetic Theory of Gases,"A charged particle with mass \( m \) and charge \( e \) follows the Maxwell velocity distribution. Assume that in a weak electric field, the distribution function of the particle slightly deviates from the Maxwell distribution. Using the first-order perturbation approximation, determine the corrected distribution function for the particle.","In a weak electric field, \( f \) deviates negligibly from \( f_{0} \). We can let

\[
f = f_{0} + f_{1} \tag{4}
\]

where \( f_{1} \ll f_{0} \). Substitute (4) into equation (3), and retain only terms of first-order smallness, yielding

\[
f_{1} = -\frac{e E_{z} \tau_{0}}{m} \frac{\partial f_{0}}{\partial v_{z}} \tag{5}
\]

Therefore, we have

\[
f = f_{0} - \frac{e E_{z} \tau_{0}}{m} \frac{\partial f_{0}}{\partial v_{z}} \tag{6}
\]",\boxed{f = f_{0} - \frac{e E_{z} \tau_{0}}{m} \frac{\partial f_{0}}{\partial v_{z}}},EQ,,False,EN,Math Derivation
3690,Mechanics and Thermodynamics,Statistical Mechanics,Fermi-Dirac Statistics,"Assuming a white dwarf star is composed of a highly degenerate and extremely relativistic electron gas, and its radiation is negligible. When the degenerate pressure of the gas and the self-gravity reach a steady-state equilibrium, derive the expression for the critical mass \(M_{\mathrm{c}}\) of the white dwarf star.","The condition for the degenerate pressure of the gas and self-gravity to reach a transient equilibrium is that when the adiabatic change in the star's radius \(\mathrm{d} R\) occurs, the change in internal energy of the gas plus the change in gravitational potential energy is zero:

\[
-p \cdot 4 \pi R^{2} \, \mathrm{d} R + \alpha \frac{G M^{2}}{R^{2}} \, \mathrm{d} R = 0 
\]

where \(M\) and \(R\) are the mass and radius of the star, respectively, \(G\) is the gravitational constant, and \(\alpha\) is a numerical factor of order 1, depending on the density distribution of the star. From this, the gas pressure within the star can be obtained as

\[
p = \frac{\alpha}{4 \pi} \cdot \frac{G M^{2}}{R^{4}} 
\]

Also, \(M \approx N m_{\mathrm{He}} / 2 \approx 2 N m_{\mathrm{p}}\), where \(m_{\mathrm{He}}\) and \(m_{\mathrm{p}}\) are the mass of a helium atom and a proton, respectively. Thus, from equations (5) and (7), the critical mass \(M_{\mathrm{c}}\) is given by

\[
M_{\mathrm{c}} = \frac{3}{64 \pi m_{\mathrm{p}}^{2}} \left(\frac{3 h c}{2 \alpha G}\right)^{3 / 2} 
\]

In the extremely relativistic case, only when the star has mass \(M_{\mathrm{c}}\), can the degenerate pressure of the electron gas balance the self-gravity. If the mass of the star is less than \(M_{c}\), the degenerate pressure of the electron gas is greater than the self-gravity, causing the star to expand and reduce the kinetic energy of electrons, making most of the electrons non-relativistic. If the mass of the star is greater than \(M_{c}\), the degenerate pressure of the electron gas is insufficient to counteract the self-gravity, and the star will collapse until its density becomes high enough to trigger new processes.

If the particle number density is sufficiently high, a neutrino star can be regarded as a strongly degenerate relativistic Fermi gas. The discussion and results of this problem can be applied to neutrino stars.","\[
\boxed{M_{\mathrm{c}} = \frac{3}{64 \pi m_{\mathrm{p}}^{2}} \left(\frac{3 h c}{2 \alpha G}\right)^{3 / 2}}
\]",EQ,,False,EN,Math Derivation
3692,Mechanics and Thermodynamics,Statistical Mechanics,Fermi-Dirac Statistics,"Find the adiabatic bulk modulus of a strongly degenerate Fermi gas.

The entropy of a strongly degenerate Fermi gas is given by

\begin{equation*}
S = \frac{\pi k}{2} N \theta
\end{equation*}

where the parameter $\theta = \pi / \beta \mu_{0} = \pi k T / \mu_{0}$, $\mu_{0} = b V^{-2/3}$ is the chemical potential at temperature $T = 0 \mathrm{~K}$, and $b = \left(h^{2} / 2m\right) \cdot \left(3N / 4\pi g\right)^{2/3}$, with $g$ being the weighting factor or degeneracy associated with ""internal structure"" (e.g., spin).

The pressure of a strongly degenerate Fermi gas is given by

\begin{equation*}
p = \frac{2}{5V} N \mu_{0}\left(1 + \frac{3}{12} g^{2}\right)
\end{equation*}

Using the above information, find the adiabatic bulk modulus $E_{S}$.","Using the entropy $S = \frac{\pi k}{2} N \theta$ and the pressure $p = \frac{2}{5V} N \mu_{0}\left(1 + \frac{3}{12} g^{2}\right)$, along with the known $\kappa_{S}$, we find that the adiabatic bulk modulus of the strongly degenerate Fermi gas is

\begin{equation*}
E_{S} \equiv -V\left(\frac{\partial p}{\partial V}\right)_{S} = \frac{1}{\kappa_{S}} = \frac{2n\mu_{0}}{3}\left(1 + \frac{5}{12} \theta^{2}\right)
\end{equation*}",\boxed{\frac{2n\mu_{0}}{3}\left(1 + \frac{5}{12} \theta^{2}\right)},EX,\mathrm{None},False,EN,Math Derivation
3693,Mechanics and Thermodynamics,Statistical Mechanics,Fermi-Dirac Statistics,"For a strongly degenerate Fermi gas, the grand potential $J=-pV$ is given by

$$
J(T, V, \mu) = -a \left( \frac{4}{15} \mu^{5/2} + \frac{\pi^2}{6 \beta^2} \mu^{1/2} - \frac{7 \pi^4}{1440 \beta^4} \mu^{-3/2} \right)
$$

where $a= 2 \pi g V (2m)^{3/2} / h^3$, $g$ is the degeneracy factor related to ""internal structure"" (such as spin), $\beta = 1 / kT$, and $T$ and $\mu$ are the temperature and chemical potential of the gas, respectively. $k$ is the Boltzmann constant. Find the pressure of the strongly degenerate Fermi gas.","Using equations (4) and (7), and by $p=-(\partial J / \partial V)_{T, \mu}$, the pressure of the strongly degenerate Fermi gas can be obtained as

\begin{equation*}
p=\frac{4}{15 V} a \mu^{5/2}\left[1+\frac{5}{8}\left(\frac{\pi}{\beta \mu}\right)^{2}-\frac{7}{384}\left(\frac{\pi}{\beta \mu}\right)^{4}\right]=\frac{2}{5 V} N \mu_{0}\left(1+\frac{5}{12} \theta^{2}-\frac{1}{16} \theta^{4}\right) \tag{8}
\end{equation*}",\boxed{p=\frac{4}{15 V} a \mu^{5 / 2}\left[1+\frac{5}{8}\left(\frac{\pi}{\beta \mu}\right)^{2}-\frac{7}{384}\left(\frac{\pi}{\beta \mu}\right)^{4}\right]},EQ,,False,EN,Math Derivation
3694,Mechanics and Thermodynamics,Statistical Mechanics,Kinetic Theory of Gases,"A certain amount of chlorine gas is contained in a vessel at a temperature of $T_{0}=300 \mathrm{~K}$. A small hole is opened in the wall of the vessel, and the gas effuses through the hole. Find the most probable speed of the molecules exiting through the vessel wall.","The speed distribution of the effusing gas is given by  

$$
F \mathrm{~d} v=a v^{3} \mathrm{e}^{-\frac{m}{2 k T} v^{2}} \mathrm{~d} v
$$  

where $a$ is a normalization factor. By solving $\frac{\partial F}{\partial v}=0$, we find  

$$
v_{m}=\sqrt{\frac{3 k T_{0}}{m}}=431 \mathrm{~m} / \mathrm{s}
$$",\boxed{431},NV,,False,EN,Laws Application
3695,Mechanics and Thermodynamics,Statistical Mechanics,Fermi-Dirac Statistics,"In the very early universe, it is a good approximation to neglect particle mass and chemical potential compared to \( kT \).  
(1) Write down the average particle number density and energy density of a non-interacting Fermi gas, which is in thermal equilibrium, under these conditions (there is no need to calculate dimensionless integrals of order 1).","(1) According to the approximation conditions, the particle energy is \(\varepsilon = cp, \mu / kT \approx 0\), therefore

\[
N = \frac{V}{(2\pi\hbar)^{3}} 4\pi \int_{0}^{\infty} p^{2} \mathrm{~d} p /\left(\mathrm{e}^{cp/kT} + 1\right)
\]

Average particle number density

\[
n = \frac{1}{2\pi^{2}}\left(\frac{kT}{\hbar c}\right)^{3} \int_{0}^{\infty} \frac{x^{2} \mathrm{~d} x}{\mathrm{e}^{x} + 1}
\]

Average energy density

\[
\rho = \frac{1}{2\pi^{2}}\left(\frac{kT}{\hbar c}\right)^{3} kT \int_{0}^{\infty} \frac{x^{3} \mathrm{~d} x}{\mathrm{e}^{x} + 1}
\]","\boxed{n = \frac{1}{2\pi^{2}}\left(\frac{kT}{\hbar c}\right)^{3} \int_{0}^{\infty} \frac{x^{2} \mathrm{~d} x}{\mathrm{e}^{x} + 1}, \rho = \frac{1}{2\pi^{2}}\left(\frac{kT}{\hbar c}\right)^{3} \int_{0}^{\infty} \frac{x^{3} \mathrm{~d} x}{\mathrm{e}^{x} + 1}}","EQ, EQ","\mathrm{m}^{-3}, \mathrm{J \, m}^{-3}",True,EN,Laws Application
3696,Mechanics and Thermodynamics,Statistical Mechanics,Kinetic Theory of Gases,"The cooling of a gas during expansion can be expressed by the equation: $\frac{T_{0}}{T}=1+\frac{M^{2}}{3}$, where $T_{0}$ is the equilibrium temperature within the container, $T$ is the temperature after the expansion, and $M$ is the Mach number, which is the ratio of the flow velocity $v$ to the speed of sound $c$ at temperature $T$. Given $\frac{p_{0}}{p}=10^{4}, T_{0}=300 \mathrm{~K}$, find the temperature $T$ after expansion.","$$
T=T_{0}\left(\frac{p}{p_{0}}\right)^{\frac{2}{5}}=7.5 \mathrm{~K}
$$",\boxed{7.5},NV,\mathrm{K},False,EN,Laws Application
3697,Mechanics and Thermodynamics,Statistical Mechanics,Distribution Function and Statistical Entropy,"In a magnetic field, the approximate expression for the entropy of an ideal paramagnet is given by

$$
S = S_{0} - C U^{2}
$$

where $U$ is the energy of the spin system, and $C$ is a constant when the mechanical parameters of the system are fixed. Determine the functional relationship between the energy $U$ of the spin system and the temperature $T$ according to the definition of temperature.","According to the definition of temperature,

$$
T = \left(\frac{\partial U}{\partial S}\right)_{V} = -\frac{1}{2CU}
$$

Therefore, we obtain

$$
U = -\frac{1}{2CT}
$$",\boxed{U = -\frac{1}{2C}},EQ,\frac{1}{T},False,EN,Math Derivation
3699,Mechanics and Thermodynamics,Statistical Mechanics,Fermi-Dirac Statistics,"Given the grand potential $J=-pV$ of a strongly degenerate Fermi gas is

$$
J(T, V, \mu)=-a\left(\frac{4}{15} \mu^{5 / 2}+\frac{\pi^{2}}{6 \beta^{2}} \mu^{1 / 2}-\frac{7 \pi^{4}}{1440 \beta^{4}} \mu^{-3 / 2}\right)
$$

where $a=2 \pi g V (2 m)^{3 / 2} / h^{3}$, $g$ is a weighting factor or degeneracy related to the ""internal structure"" (e.g., spin), $\beta= 1 / k T$, and $T, \mu$ are the temperature and chemical potential of the gas respectively, with $k$ being the Boltzmann constant. Try to find the free energy of the strongly degenerate Fermi gas.","Using equations (9) and (10), from the free energy $F=U-TS$, the free energy of the strongly degenerate Fermi gas can be obtained as

\begin{equation*}
F=\frac{3}{5} N \mu_{0}\left(1-\frac{5}{12} \theta^{2}+\frac{1}{48} \theta^{4}\right) \tag{11}
\end{equation*}",\boxed{\frac{3}{5} N \mu_{0}\left(1-\frac{5}{12} \theta^{2}+\frac{1}{48} \theta^{4}\right)},EX,,False,EN,Math Derivation
3700,Mechanics and Thermodynamics,Statistical Mechanics,Fermi-Dirac Statistics,"A free-electron metal. Consider a metal with an electron density of \( n \) at a temperature \( T \approx 0 \, \text{K} \). Initially, it is in the form of a cube with side length \( L \). It is then stretched in the \( z \)-direction, changing its length to \( L^{\prime} = (1 + \alpha)L \), where \( \alpha \ll 1 \). The lengths in the other two directions remain unchanged. Assume the metal is isolated from the outside for a long time after stretching, and the weak interactions between electrons allow them to reach equilibrium. Determine the temperature of the electron gas after the adiabatic stretching, computed to the first order in \( \alpha \). The Fermi energy is given by \( \varepsilon_{\mathrm{F}} = \hbar^{2}(3 \pi^{2} n)^{2/3} / 2m \). When \( T \ll T_{\mathrm{F}} \), the single-electron specific heat capacity at constant volume of the Fermi gas is \( c = (\pi^{2} / 2)(k T / \varepsilon_{\mathrm{F}}) k \).","From equation (10), if the temperature remains constant, the energy of the electron gas decreases after stretching. However, during adiabatic stretching, the energy of the electron gas remains constant, which means the temperature must increase. Let the temperature of the electron gas after stretching be \( T \), then the energy is given by

\[
U^{\prime}(T) = \frac{3}{5} N \varepsilon_{\mathrm{F}}^{\prime} \left[ 1 + \frac{5}{12}\left(\frac{\pi k T}{\varepsilon_{\mathrm{F}}^{\prime}}\right)^{2} \right]
\tag{11}
\]

Using equations (5), (7), and (11), from \( U^{\prime}(T) = U(T \approx 0 \, \text{K}) \) we can deduce

\[
T = \frac{2}{\pi k} \sqrt{\frac{2 \alpha}{5}} \varepsilon_{\mathrm{F}}
\tag{12}
\]

Alternatively, using the specific heat capacity of electrons \( c = (\pi^{2} / 2) \cdot (k T / \varepsilon_{\mathrm{F}}) \cdot k \), we have

\[
U^{\prime}(T) - U^{\prime}(T = 0 \, \text{K}) = N \int_{0}^{T} c \, \mathrm{d}T = N\left(\frac{\pi k T}{2}\right)^{2} \cdot \varepsilon_{\mathrm{F}}^{-1}
\tag{13}
\]

Using \( U^{\prime}(T) = U(T \approx 0 \, \text{K}) \), equations (5), (10), and the result from equation (13), we can derive equation (12).",\boxed{\frac{2}{\pi k} \sqrt{\frac{2 \alpha}{5}} \varepsilon_{\mathrm{F}}},EX,\mathrm{energy},False,EN,Math Derivation
3701,Mechanics and Thermodynamics,Statistical Mechanics,Maxwell-Boltzmann Statistics,"$N_0$ non-interacting oscillators are in thermal equilibrium at a temperature $T$. The energy levels for a single oscillator are given by $E_m=\left(m+\frac{1}{2}\right) \gamma V^{-1}, m=0,1,2, \cdots$ (where $\gamma$ is a constant, and the oscillator and volume $V$ are one-dimensional). Determine the equation of state for the system.","Pressure:

$$
p=\frac{N_0}{\beta} \frac{\partial}{\partial V} \ln z=\frac{N_0 \gamma}{2 V^2} \operatorname{coth}\left(\frac{\gamma}{2 V k T}\right)
$$",\boxed{p = \frac{N_0 \gamma}{2 V^2} \operatorname{coth}\left(\frac{\gamma}{2 V k T}\right)},EQ,,False,EN,Math Derivation
3702,Mechanics and Thermodynamics,Statistical Mechanics,Fermi-Dirac Statistics,"A free electron metal. A metal at a temperature of $T \approx 0 \mathrm{~K}$ with an electron number density of $n$ initially forms a cube with a side length of $L$. It is then stretched in the $z$ direction such that the length becomes $L^{\prime}=(1+\alpha) L, \alpha \ll 1$; the lengths in the other two directions remain unchanged. Determine the change in energy of the electron gas after isothermal stretching, calculated to the lowest order in $\alpha$.","Before the metal is stretched, the density of states of the electrons is

\begin{equation*}
D(\varepsilon)=\pi V\left(\frac{2 m}{h^{2}}\right)^{3 / 2} \sqrt{\varepsilon} \tag{3}
\end{equation*}

At a temperature $T \approx 0 \mathrm{~K}$, the Fermi energy of the electrons is

\begin{equation*}
\varepsilon_{\mathrm{F}}=\frac{h^{2}}{2 m}\left(\frac{3 N}{8 V}\right)^{2 / 3} \tag{4}
\end{equation*}

At a temperature $T \approx 0 \mathrm{~K}$, the energy of the electron gas is

\begin{equation*}
U(T=0 \mathrm{~K})=\int_{0}^{\varepsilon_{\mathrm{F}}} D(\varepsilon) \mathrm{d} \varepsilon=\frac{3}{5} N \varepsilon_{\mathrm{F}} \tag{5}
\end{equation*}

After the metal is stretched, the density of states of the electrons becomes

\begin{equation*}
D^{\prime}(\varepsilon)=\pi V^{\prime}\left(\frac{2 m}{h^{2}}\right)^{3 / 2} \sqrt{\varepsilon} \tag{6}
\end{equation*}

where $V^{\prime}=(1+\alpha) V$. At this point, the Fermi energy of the electrons is

\begin{equation*}
\varepsilon_{\mathrm{F}}^{\prime}=\frac{h^{2}}{2 m}\left(\frac{3 N}{8 V^{\prime}}\right)^{2 / 3}=\left(\frac{1}{1+\alpha}\right)^{2 / 3} \varepsilon_{\mathrm{F}}=\left(1-\frac{2}{3} \alpha\right) \varepsilon_{\mathrm{F}} \tag{7}
\end{equation*}

After the metal is stretched, the energy of the electron gas at a temperature $T \approx 0 \mathrm{~K}$ is

\begin{equation*}
U^{\prime}(T \approx 0 \mathrm{~K})=\frac{3}{5} N \varepsilon_{\mathrm{F}}^{\prime} \tag{8}
\end{equation*}

From equations (4), (5), (7), and (8), the relative change in energy of the electron gas at $T \approx 0 \mathrm{~K}$ before and after the metal is stretched is

\begin{equation*}
\left(\frac{U^{\prime}-U}{U}\right)_{T=0 \mathrm{~K}}=\frac{\varepsilon_{\mathrm{F}}^{\prime}-\varepsilon_{\mathrm{F}}}{\varepsilon_{\mathrm{F}}}=\left(\frac{V}{V^{\prime}}\right)^{2 / 3}-1=\left(\frac{1}{1+\alpha}\right)^{2 / 3}-1 \tag{9}
\end{equation*}

Since $\alpha \ll 1$, equation (9) can be reduced to

\begin{equation*}
\left(\frac{U^{\prime}-U}{U}\right)_{T=0 \mathrm{~K}}=-\frac{2}{3} \alpha \tag{10}
\end{equation*}",\boxed{-\frac{2}{3} \alpha},NV,,False,EN,Math Derivation
3703,Mechanics and Thermodynamics,Statistical Mechanics,Maxwell-Boltzmann Statistics,"Given that the energy level difference between the first excited rotational state and the ground state is $k T_{\mathrm{e}}$, where $T_{\mathrm{e}} = 64 \mathrm{~K}$, find the contribution of rotational heat capacity $c_{r}$ at the temperature $T = 300 \mathrm{~K}$.","When $T = 300 \mathrm{~K}$, it can be assumed that the energy levels are sufficiently excited,

$$
c_{r} = 1.0 k
$$",\boxed{1.0},NV,,False,EN,Knowledge Recall
3705,Mechanics and Thermodynamics,Statistical Mechanics,Maxwell-Boltzmann Statistics,"A centrifuge with a radius \(R\) and length \(L\) contains \(N\) molecules, each with mass \(M\), rotating around its axis with an angular velocity \(\omega\). Ignore the effects of gravity and assume that the rotation time is sufficient for the particles to reach equilibrium. Determine the equivalent external field \(U(r)\) added to the stationary system \(S\) due to the rotation effect.","The effect of the rotation is equivalent to adding an external field in the system \(S\)

\[ 
U(r)=-\frac{1}{2} M r^{2} \omega^{2} 
\]",\boxed{-\frac{1}{2} M r^{2} \omega^{2}},EX,,False,EN,Laws Application
3707,Mechanics and Thermodynamics,Statistical Mechanics,Fermi-Dirac Statistics,"Given the grand potential of an extremely relativistic, strongly degenerate Fermi gas \(J=-p V\) as

\[
J(T, V, \mu)=-a\left(\frac{1}{12} \mu^{4}+\frac{\pi^{2}}{6 \beta^{2}} \mu^{2}+\frac{7 \pi^{4}}{180 \beta^{4}}\right)
\]

where \(a=4 \pi g V / h^{3} c^{3}\), \(g\) is the weighting factor or degeneracy associated with ""internal structure"" (such as spin), \(c\) is the speed of light, \(\beta=1 / k T\), and \(T\) and \(\mu\) are the temperature and chemical potential of the gas, respectively, with \(k\) being the Boltzmann constant. Find the free energy of the extremely relativistic, strongly degenerate Fermi gas.","Using equations (8) and (9), and the relation \(F=U-T S\), the free energy of the extremely relativistic, strongly degenerate Fermi gas can be determined as

\[
F=\frac{3}{4} N \mu_{0}\left(1-\frac{2}{3} \theta^{2}-\frac{11}{135} \theta^{4}\right) \tag{10}
\]","\[
\boxed{\frac{3}{4} N \mu_{0}\left(1-\frac{2}{3} \theta^{2}-\frac{11}{135} \theta^{4}\right)}
\]",EX,,False,EN,Laws Application
3708,Mechanics and Thermodynamics,Statistical Mechanics,Fermi-Dirac Statistics,"Consider a Fermi gas model of an atomic nucleus, where the nucleons in a heavy nucleus are assumed to move freely within a sphere corresponding to the nuclear volume \( V \), obeying the Pauli exclusion principle. The nucleons can be regarded as a completely degenerate Fermi gas. Let \( A = N \) (neutron number) \( + Z \) (proton number), and assume \( N = Z \). The volume of the nucleus is given by \( V = \frac{4 \pi}{3} R_{0}^{3} A, R_{0} \approx 1.4 \times 10^{-13} \mathrm{~cm} \). Calculate the number of nucleons \( A \).","Assume \( p \) is the momentum, and the number of quantum states between \( p \) and \( p+\mathrm{d} p \) is

$$
\mathrm{d} n = 16 \pi p^{2} \mathrm{~d} p \frac{V}{h^{3}}
$$

The number of nucleons is

$$
A = \int \mathrm{d} n = 16 \pi \frac{V}{h^{3}} \int_{0}^{p_{\mathrm{F}}} p^{2} \mathrm{~d} p = \frac{16 \pi V}{3 h^{3}} p_{\mathrm{F}}^{3}
$$","\[
\boxed{\frac{16 \pi V}{3 h^{3}} p_{\mathrm{F}}^{3}}
\]",EX,,False,EN,Math Derivation
3709,Mechanics and Thermodynamics,Statistical Mechanics,Bose-Einstein Statistics,"A gas consisting of $N$ spinless bosons with mass $m$ is enclosed in a volume $V$ at a temperature $T$. When $T<T_{\mathrm{c}}$, derive the exact expression for the total energy $U(T, V)$ of this gas using a dimensionless integral representation.","When $T < T_{\mathrm{c}}$,

$$
U = \frac{2 \pi V}{h^3} (2m)^{3/2} (kT)^{5/2} \int_{0}^{\infty} \frac{x^{3/2} \mathrm{d} x}{e^x - 1} = 0.770NkT \left( \frac{T}{T_{\mathrm{c}}} \right)^{3/2}
$$",\boxed{0.770NkT \left( \frac{T}{T_{\mathrm{c}}} \right)^{3/2}},EX,,False,EN,Math Derivation
3713,Mechanics and Thermodynamics,Statistical Mechanics,Maxwell-Boltzmann Statistics,An electrical resistance wire heats 1 kg of water from 20C to 99C (under atmospheric pressure). Calculate the change in the internal energy of the water.,"When the gas is in equilibrium at temperature \(T\), it follows the Maxwell velocity distribution law. The number of molecules within a unit volume with velocities between \(\boldsymbol{v}\) and \(\boldsymbol{v}+\mathrm{d} \boldsymbol{v}\) is given by:

\[
f(v) \mathrm{d} v=n\left(\frac{m}{2 \pi k T}\right)^{3 / 2} \exp \left(-\frac{m v^{2}}{2 k T}\right) \mathrm{d} v \tag{1}
\]

To calculate the number of collisions, consider the two types of molecules as elastic hard spheres with diameters \(d_{1}\) and \(d_{2}\). Using the center of a molecule of the first type as the sphere's center and a radius of \(d_{12}=(d_{1}+d_{2})/2\), the sphere surface is conceptualized. When two molecules collide, the center of the second type must be on this imaginary sphere, with \(v_{r}=v_{2}-v_{1}\) being the relative velocity of molecule 2 concerning molecule 1. In a time \(\mathrm{d} t\), for the second type of molecule to collide with the first within the solid angle element \(\mathrm{d} \Omega\) along the axis direction \(\boldsymbol{n}\), it must be located within a cylinder with base \(d_{12}^{2} \mathrm{d} \Omega\) and height \(v_{r} \cos \theta \mathrm{d} t\). The volume of this cylinder is:

\[
\mathrm{d} \tau=d_{12}^{2} v_{r} \cos \theta \mathrm{d} \Omega \mathrm{d} t \tag{2}
\]

Therefore, in time \(\mathrm{d} t\), the number of collisions within the solid angle element \(\mathrm{d} \Omega\) along the axis \(\boldsymbol{n}\) between a molecule 1 with speed \(\boldsymbol{v}_{1}\) and molecule 2 with speeds in the range \(\boldsymbol{v}_{2}\) to \(\boldsymbol{v}_{2}+\mathrm{d} \boldsymbol{v}_{2}\) is:

\[
f_{2}\left(\boldsymbol{v}_{2}\right) \mathrm{d} \boldsymbol{v}_{2} \mathrm{d} \tau = d_{12}^{2} v_{r} \cos \theta f_{2}\left(\boldsymbol{v}_{2}\right) \mathrm{d} \boldsymbol{v}_{2} \mathrm{d} \Omega \mathrm{d} t \tag{3}
\]

Thus, the average number of collisions in unit time between one molecule of the first type and all molecules of the second type is:

\[
\overline{\Theta_{12}} = \frac{1}{n_{1}} \iiint d_{12}^{2} v_{r} \cos \theta \cdot f_{1}\left(\boldsymbol{v}_{1}\right) f_{2}\left(\boldsymbol{v}_{2}\right) \mathrm{d} \boldsymbol{v}_{1} \mathrm{d} \boldsymbol{v}_{2} \mathrm{d} \Omega \tag{5}
\]

Completing the angular integration:

\[
\int \cos \theta \mathrm{d} \Omega = \int_{0}^{2 \pi} \mathrm{d} \varphi \cdot \int_{0}^{\pi} \cos \theta \sin \theta \mathrm{d} \theta = \pi \tag{6}
\]

We find:

\[
\overline{\Theta_{12}} = \pi n_{2} d_{12}^{2}\left(\frac{m_{1}}{2 \pi k T}\right)^{3/2}\left(\frac{m_{2}}{2 \pi k T}\right)^{3/2} \iint v_{r} \exp \left(-\frac{m_{1} v_{1}^{2}+m_{2} v_{2}^{2}}{2 k T}\right) \mathrm{d} \boldsymbol{v}_{1} \mathrm{d} \boldsymbol{v}_{2} \tag{7}
\]

Introducing the velocity of the center of mass:

\[
\boldsymbol{v}_{\mathrm{c}} = \frac{1}{m_{1}+m_{2}}\left(m_{1} \boldsymbol{v}_{1}+m_{2} \boldsymbol{v}_{2}\right) \tag{8}
\]

We have:

\[
\frac{1}{2} m_{1} v_{1}^{2}+\frac{1}{2} m_{2} v_{2}^{2}=\frac{1}{2} M v_{\mathrm{c}}^{2}+\frac{1}{2} \mu v_{r}^{2} \tag{9}
\]

And

\[
\mathrm{d} \boldsymbol{v}_{\mathrm{c}} \mathrm{d} \boldsymbol{v}_{r}=|J| \mathrm{d} \boldsymbol{v}_{1} \mathrm{d} \boldsymbol{v}_{2} \tag{10}
\]

where \(M=m_{1}+m_{2}\) is the total mass of the two molecules, and \(\mu=m_{1} m_{2} /(m_{1}+m_{2})\) is the reduced mass of the two molecules. The absolute value of the Jacobian determinant is:

\[
|J|= \left|\frac{\partial(\boldsymbol{v}_{\mathrm{c}}, \boldsymbol{v}_{r})}{\partial(\boldsymbol{v}_{1}, \boldsymbol{v}_{2})}\right|=1 \tag{11}
\]

Substituting these results into equation (7), we finally obtain the average frequency of collisions between a molecule of the first type and those of the second type:

\[
\overline{\Theta_{12}} = \pi n_{2} d_{12}^{2}\left(\frac{m_{1}}{2 \pi k T}\right)^{3/2}\left(\frac{m_{2}}{2 \pi k T}\right)^{3/2} \int \exp \left(-\frac{M v_{c}^{2}}{2 k T}\right) \mathrm{d} v_{\mathrm{c}} \cdot \int v_{r} \exp \left(-\frac{\mu v_{r}^{2}}{2 k T}\right) \mathrm{d} v_{r} = \pi n_{2} d_{12}^{2} \sqrt{\frac{8 k T}{\pi \mu}} = \pi n_{2} d_{12}^{2}\left(1+\frac{m_{1}}{m_{2}}\right)^{1/2} \overline{v_{1}} \tag{12}
\]

where \(\overline{v_{1}}=\sqrt{8 k T / \pi m_{1}}\) is the average speed of the first type of molecule, and \(n_{1}\) and \(n_{2}\) are the molecular number densities of the first and second types of gas molecules, respectively. For identical molecules, the average collision frequency is \(\Theta=\sqrt{2} n \pi d^{2} v\).",\boxed{7.9 \times 10^{4}},NV,\mathrm{cal},False,EN,Laws Application
3716,Mechanics and Thermodynamics,Statistical Mechanics,Kinetic Theory of Gases,"A spacecraft with a volume \(V\) is filled with an ideal diatomic molecular gas with a molecular mass of \(m\). There is a small hole in the wall of the spacecraft with an area of \(A\), and the diameter of the hole is smaller than the mean free path of the gas molecules. Determine the law governing the change of the number density of gas molecules inside the spacecraft over time.","At time \(t\), the number density of molecules inside the spacecraft is \(n = n(t)\). The decrease in the number density of gas particles inside the spacecraft within a time interval \(\mathrm{d} t\) is given by

\[ 
\mathrm{d} n = -\frac{1}{4} n \bar{v} \frac{A}{V} \mathrm{d} t \tag{5} 
\]

where \(\bar{v} = \sqrt{\frac{8 k T}{\pi m}}\) is the average speed of the gas molecules inside the spacecraft. By using

\[ 
\frac{\mathrm{d} n}{n} = 5 \frac{\mathrm{d} T}{T} \tag{7} 
\]

and the law governing the change of temperature of the gas inside the spacecraft over time

\[ 
T(t) = T_{0}\left(1 + \frac{A}{40 V} \sqrt{\frac{8 k T_{0}}{\pi m}} \cdot t\right)^{-2} \tag{10} 
\]

we can find that the number density of gas molecules inside the spacecraft is

\[ 
n(t) = n_{0}\left(1 + \frac{A}{40 V} \sqrt{\frac{8 k T_{0}}{\pi m}} \cdot t\right)^{-10} \tag{11} 
\]",\boxed{n(t) = n_{0}\left(1 + \frac{A}{40 V} \sqrt{\frac{8 k T_{0}}{\pi m}} \cdot t\right)^{-10}},EX,,False,EN,Math Derivation
3718,Mechanics and Thermodynamics,Statistical Mechanics,Kinetic Theory of Gases,"A box with a volume of $2V$ is divided into two equal parts by a thin partition. The left side contains an ideal gas at a pressure of $p_0$, while the right side is a vacuum. There is a small hole with an area of $A$ in the partition. Find the function describing how the pressure $p_1(t)$ on the left side changes with time. Assume the temperatures on both sides remain constant and express the result in terms of the average velocity $\bar{v}$.","The pressure on the left side is

$$
p_1(t) = \frac{p_0}{2} \left( 1 + \mathrm{e}^{-\frac{A \bar{v} t}{2V}} \right)
$$",\boxed{\frac{p_0}{2} \left( 1 + \mathrm{e}^{-\frac{A \bar{v} t}{2V}} \right)},EX,,False,EN,Math Derivation
3723,Mechanics and Thermodynamics,Statistical Mechanics,Fermi-Dirac Statistics,Find the isothermal compressibility of a strongly degenerate Fermi gas.,"The pressure of a strongly degenerate Fermi gas is given by

\[
p = \frac{2}{5 V} N \mu_{0}\left(1+\frac{5}{12} \theta^{2}\right) \tag{1}
\]

where the parameter \(\theta = \frac{\pi}{\beta \mu_{0}} = \frac{\pi k T}{\mu_{0}}\), \(\mu_{0} = b V^{-2/3}\) is the chemical potential at temperature \(T = 0 \mathrm{~K}\), \(b=\left(\frac{h^{2}}{2 m}\right) \cdot \left(\frac{3 N}{4 \pi g}\right)^{2/3}\), and \(g\) is a weight factor or degeneracy related to ""internal structure"" (such as spin).

We can rewrite equation (1) as

\[
p = \frac{2 b N}{5} V^{-5/3} + \frac{\pi^{2} k^{2}}{6 b} N V^{-1/3} T^{2} \tag{2}
\]

From equation (2), we obtain

\[
\left(\frac{\partial p}{\partial V}\right)_{T} = -\frac{2}{3} N \mu_{0}\left(1+\frac{1}{12} \theta^{2}\right) V^{-2} \tag{7}
\]

From equation (7), the isothermal compressibility of a strongly degenerate Fermi gas is

\[
\kappa_{T} \equiv -\frac{1}{V}\left(\frac{\partial V}{\partial p}\right)_{T} = \frac{3}{2 n \mu_{0}}\left(1-\frac{1}{12} \theta^{2}\right) \tag{8}
\]

where \(n = \frac{N}{V}\) is the particle number density of the gas.",\boxed{\kappa_{T} = \frac{3}{2 n \mu_{0}}\left(1-\frac{1}{12} \theta^{2}\right)},EX,,False,EN,Math Derivation
3724,Mechanics and Thermodynamics,Statistical Mechanics,Maxwell-Boltzmann Statistics,"Formation of Fhn. Moist air continuously flows adiabatically over a mountain slope and then descends along the slope after crossing the peak. Atmospheric pressure at meteorological stations $H_{0}$ and $H_{3}$ is both measured to be $10^{5} \mathrm{~Pa}$. At $H_{0}$, the air temperature is $20^{\circ} \mathrm{C}$. The air ascends to $H_{1}$, where the pressure is measured as $8.45 \times 10^{4} \mathrm{~Pa}$, and clouds begin to form. Assume the air is an ideal gas, and the effects of water vapor on the specific heat capacity and density of the air can be neglected. The specific heat capacity of air is $c_{\mathrm{p}}=1.005 \mathrm{~kJ} \cdot \mathrm{~kg}^{-1} \cdot \mathrm{~K}^{-1}$, the latent heat of vaporization of water is $l=2500 \mathrm{~kJ} \cdot \mathrm{~kg}^{-1}$, $\gamma=c_{\mathrm{p}} / c_{\mathrm{v}}=1.4$, and $g=9.80 \mathrm{~m} \cdot \mathrm{~s}^{-2}$. At $H_{0}$, the air density $\rho_{0}=1.189 \mathrm{~kg} \cdot \mathrm{~m}^{-3}$.

(2) Assuming the air density decreases linearly with height, what is the height of the cloud base $H_{1}$?","When the gas is in equilibrium at temperature \(T\), it follows the Maxwell velocity distribution law. The number of molecules within a unit volume with velocities between \(\boldsymbol{v}\) and \(\boldsymbol{v}+\mathrm{d} \boldsymbol{v}\) is given by:

\[
f(v) \mathrm{d} v=n\left(\frac{m}{2 \pi k T}\right)^{3 / 2} \exp \left(-\frac{m v^{2}}{2 k T}\right) \mathrm{d} v \tag{1}
\]

To calculate the number of collisions, consider the two types of molecules as elastic hard spheres with diameters \(d_{1}\) and \(d_{2}\). Using the center of a molecule of the first type as the sphere's center and a radius of \(d_{12}=(d_{1}+d_{2})/2\), the sphere surface is conceptualized. When two molecules collide, the center of the second type must be on this imaginary sphere, with \(v_{r}=v_{2}-v_{1}\) being the relative velocity of molecule 2 concerning molecule 1. In a time \(\mathrm{d} t\), for the second type of molecule to collide with the first within the solid angle element \(\mathrm{d} \Omega\) along the axis direction \(\boldsymbol{n}\), it must be located within a cylinder with base \(d_{12}^{2} \mathrm{d} \Omega\) and height \(v_{r} \cos \theta \mathrm{d} t\). The volume of this cylinder is:

\[
\mathrm{d} \tau=d_{12}^{2} v_{r} \cos \theta \mathrm{d} \Omega \mathrm{d} t \tag{2}
\]

Therefore, in time \(\mathrm{d} t\), the number of collisions within the solid angle element \(\mathrm{d} \Omega\) along the axis \(\boldsymbol{n}\) between a molecule 1 with speed \(\boldsymbol{v}_{1}\) and molecule 2 with speeds in the range \(\boldsymbol{v}_{2}\) to \(\boldsymbol{v}_{2}+\mathrm{d} \boldsymbol{v}_{2}\) is:

\[
f_{2}\left(\boldsymbol{v}_{2}\right) \mathrm{d} \boldsymbol{v}_{2} \mathrm{d} \tau = d_{12}^{2} v_{r} \cos \theta f_{2}\left(\boldsymbol{v}_{2}\right) \mathrm{d} \boldsymbol{v}_{2} \mathrm{d} \Omega \mathrm{d} t \tag{3}
\]

Thus, the average number of collisions in unit time between one molecule of the first type and all molecules of the second type is:

\[
\overline{\Theta_{12}} = \frac{1}{n_{1}} \iiint d_{12}^{2} v_{r} \cos \theta \cdot f_{1}\left(\boldsymbol{v}_{1}\right) f_{2}\left(\boldsymbol{v}_{2}\right) \mathrm{d} \boldsymbol{v}_{1} \mathrm{d} \boldsymbol{v}_{2} \mathrm{d} \Omega \tag{5}
\]

Completing the angular integration:

\[
\int \cos \theta \mathrm{d} \Omega = \int_{0}^{2 \pi} \mathrm{d} \varphi \cdot \int_{0}^{\pi} \cos \theta \sin \theta \mathrm{d} \theta = \pi \tag{6}
\]

We find:

\[
\overline{\Theta_{12}} = \pi n_{2} d_{12}^{2}\left(\frac{m_{1}}{2 \pi k T}\right)^{3/2}\left(\frac{m_{2}}{2 \pi k T}\right)^{3/2} \iint v_{r} \exp \left(-\frac{m_{1} v_{1}^{2}+m_{2} v_{2}^{2}}{2 k T}\right) \mathrm{d} \boldsymbol{v}_{1} \mathrm{d} \boldsymbol{v}_{2} \tag{7}
\]

Introducing the velocity of the center of mass:

\[
\boldsymbol{v}_{\mathrm{c}} = \frac{1}{m_{1}+m_{2}}\left(m_{1} \boldsymbol{v}_{1}+m_{2} \boldsymbol{v}_{2}\right) \tag{8}
\]

We have:

\[
\frac{1}{2} m_{1} v_{1}^{2}+\frac{1}{2} m_{2} v_{2}^{2}=\frac{1}{2} M v_{\mathrm{c}}^{2}+\frac{1}{2} \mu v_{r}^{2} \tag{9}
\]

And

\[
\mathrm{d} \boldsymbol{v}_{\mathrm{c}} \mathrm{d} \boldsymbol{v}_{r}=|J| \mathrm{d} \boldsymbol{v}_{1} \mathrm{d} \boldsymbol{v}_{2} \tag{10}
\]

where \(M=m_{1}+m_{2}\) is the total mass of the two molecules, and \(\mu=m_{1} m_{2} /(m_{1}+m_{2})\) is the reduced mass of the two molecules. The absolute value of the Jacobian determinant is:

\[
|J|= \left|\frac{\partial(\boldsymbol{v}_{\mathrm{c}}, \boldsymbol{v}_{r})}{\partial(\boldsymbol{v}_{1}, \boldsymbol{v}_{2})}\right|=1 \tag{11}
\]

Substituting these results into equation (7), we finally obtain the average frequency of collisions between a molecule of the first type and those of the second type:

\[
\overline{\Theta_{12}} = \pi n_{2} d_{12}^{2}\left(\frac{m_{1}}{2 \pi k T}\right)^{3/2}\left(\frac{m_{2}}{2 \pi k T}\right)^{3/2} \int \exp \left(-\frac{M v_{c}^{2}}{2 k T}\right) \mathrm{d} v_{\mathrm{c}} \cdot \int v_{r} \exp \left(-\frac{\mu v_{r}^{2}}{2 k T}\right) \mathrm{d} v_{r} = \pi n_{2} d_{12}^{2} \sqrt{\frac{8 k T}{\pi \mu}} = \pi n_{2} d_{12}^{2}\left(1+\frac{m_{1}}{m_{2}}\right)^{1/2} \overline{v_{1}} \tag{12}
\]

where \(\overline{v_{1}}=\sqrt{8 k T / \pi m_{1}}\) is the average speed of the first type of molecule, and \(n_{1}\) and \(n_{2}\) are the molecular number densities of the first and second types of gas molecules, respectively. For identical molecules, the average collision frequency is \(\Theta=\sqrt{2} n \pi d^{2} v\).",\boxed{1410},NV,\mathrm{m},False,EN,Practical Application
3727,Mechanics and Thermodynamics,Statistical Mechanics,Maxwell-Boltzmann Statistics,"Given that the energy level difference between the first excited state and the ground state of rotational levels is $k T_{\mathrm{e}}$, where $T_{\mathrm{e}} = 64 \mathrm{~K}$, find the contribution to the rotational specific heat capacity $c_{r}$ at the temperature $T = 20 \mathrm{~K}$.","The rotational energy is given by $\varepsilon_{j} = j(j+1) \frac{\hbar^{2}}{2I}$, with degeneracy of energy levels as $g_{j} = 2j + 1$, and $\varepsilon_{1} = k T_{\mathrm{e}}$. At $T = 20 \mathrm{~K}$, we can ignore the excitation of higher rotational levels and consider only the ground state and the first excited state. Thus, we have:

$$
\begin{aligned}
\bar{E} &= \frac{3 k T_{\mathrm{e}} e^{-T_{\mathrm{e}} / T}}{1 + 3 e^{-T_{\mathrm{e}} / T}} \\
c_{r} &= \frac{\mathrm{d} \bar{E}}{\mathrm{d} T} = 3 k \left(\frac{T_{\mathrm{e}}}{T}\right)^{2} \frac{e^{-T_{\mathrm{e}} / T}}{\left(1 + 3 e^{-T_{\mathrm{e}} / T}\right)^{2}} = 0.1 k
\end{aligned}
$$",\boxed{0.1k},EX,,False,EN,Math Derivation
3729,Mechanics and Thermodynamics,Statistical Mechanics,Maxwell-Boltzmann Statistics,"A piece of metal can be considered as an electron source with a work function of \( W = 4 \text{ eV} \). We only consider the ground state of \(\mathrm{H}\) (which can be occupied by at most two electrons). The dissociation energy of the ground state electron is \( \varepsilon_{1} = 13.6 \text{ eV} \), and the electron affinity is \( \varepsilon_{2} = 0.6 \text{ eV} \). Find the probability of locating \(\mathrm{H}^{-}\) near the metal when hydrogen atoms and metal reach thermal equilibrium at \( T = 300 \text{ K} \).","Figure 8.7. We have \(\mathrm{e} + \mathrm{H} \leftrightarrows \mathrm{H}^{-}\), where the chemical potential of the electron gas is \(\mu_{\mathrm{e}} = -W\).

For \(\mathrm{H}^{-}\), both electrons are in the ground state, and the spatial wave function is symmetric with respect to particle exchange, requiring the spin to be in a singlet state with a total spin of 0. Therefore, the spin degrees of freedom of \(\mathrm{H}^{-}\) are limited to the two spin states of its nucleus. The concentration of the hydrogen anion is given by

$$
[\mathrm{H}^{-}] = 2 \mathrm{e}^{\mu_{\mathrm{H}^{-}} / k T} \left(\frac{2 \pi m_{\mathrm{p}} k T}{h^{2}}\right)^{3 / 2} \exp \left(\frac{\varepsilon_{1} + \varepsilon_{2}}{k T}\right)
$$

The chemical equilibrium condition \(\mu_{\mathrm{H}^{-}} = \mu_{\mathrm{e}} + \mu_{\mathrm{H}^{0}}\) leads to

$$
\frac{[\mathrm{H}^{-}]}{[\mathrm{H}^{0}]} = \frac{1}{2} \exp \left(\frac{\mu_{\mathrm{e}} + \varepsilon_{2}}{k T}\right)
$$

Therefore, the relative probability of \(\mathrm{H}^{-}\) is found to be

$$
P_{\mathrm{H}^{-}} = \exp \left(\frac{2 \mu_{\mathrm{e}} + \varepsilon_{1} + \varepsilon_{2}}{k T}\right)
$$","\[
\boxed{\exp \left(\frac{2 \mu_{\mathrm{e}} + \varepsilon_{1} + \varepsilon_{2}}{k T}\right)}
\]",EX,,False,EN,Math Derivation
3730,Mechanics and Thermodynamics,Statistical Mechanics,Bose-Einstein Statistics,"Consider replacing the ordinary three-dimensional black body with an $r$-dimensional black body, where $r$ is a positive integer. The energy of a photon is given by $\varepsilon = \hbar \omega$, where $\omega$ is the angular frequency. The relationship between the volume of a spherical shell and its radius $R$ is

\[
R = \sqrt{\sum_{i=1}^{r} n_{i}^{2}}
\]

Find the number of photon states with angular frequencies between $\omega$ and $\omega+\mathrm{d}\omega$.","The volume of the spherical shell is

\[
\mathrm{d} \Omega = A R^{r-1} \mathrm{d}R = A \left(\frac{a}{c \pi}\right)^{r} \omega^{r-1} \mathrm{d}\omega
\]

When $n_{i} \rightarrow -n_{i}$, new modes of vibration are not produced; furthermore, each vibrational mode has two polarization states. Therefore, the number of photon states with angular frequencies between $\omega$ and $\omega+\mathrm{d}\omega$ is $2^{1-r} \mathrm{d}\Omega$.",\boxed{2^{1-r} A \left(\frac{a}{c \pi}\right)^{r} \omega^{r-1} \mathrm{d}\omega},EX,\mathrm{d}\omega,False,EN,Math Derivation
3732,Mechanics and Thermodynamics,Statistical Mechanics,Fermi-Dirac Statistics,"In a white dwarf, the electron gas is highly degenerate and can be considered as an ideal Fermi gas. Find the following physical quantity:

(d) Determine the pressure \(p\) of the electron gas.","From equation (4), the pressure \(p\) of an extremely relativistic strongly degenerate electron gas is:

\[
p = \frac{U}{3 V} = \frac{N}{4 V} \varepsilon_{\mathrm{F}} = \frac{h c}{4} \left(\frac{3}{8 \pi}\right)^{1 / 3} \left(\frac{N}{V}\right)^{4 / 3} 
\]",\boxed{\frac{h c}{4} \left(\frac{3}{8 \pi}\right)^{1 / 3} \left(\frac{N}{V}\right)^{4 / 3}},EX,,False,EN,Math Derivation
3733,Mechanics and Thermodynamics,Statistical Mechanics,Maxwell-Boltzmann Statistics,"A piece of metal can be considered as an electron source, with a work function of $W = 4 \text{ eV}$. We only consider the ground state of hydrogen (which can accommodate up to two electrons), where the dissociation energy of the ground state electron is $\varepsilon_{1} = 13.6 \text{ eV}$, and the electron affinity is $\varepsilon_{2} = 0.6 \text{ eV}$. Find the probability of finding a neutral hydrogen atom $\mathrm{H}^{0}$ near the metal when the hydrogen atom and metal reach thermal equilibrium at $T = 300 \text{ K}$.","As shown in Figure 8.7, we have the reaction $\mathrm{e} + \mathrm{H}^{+} \leftrightarrows \mathrm{H}$, where the chemical potential of the electron gas is $\mu_{\mathrm{e}} = -W$.

For the hydrogen atom, there are a total of 4 possible spin states of the electron and proton spins, so the concentration of neutral hydrogen atoms is given by

$$
[\mathrm{H}^{0}] = 4 \mathrm{e}^{\mu_{\mathrm{H}^{0}} / k T} \left(\frac{2 \pi m_{\mathrm{p}} k T}{h^{2}}\right)^{3 / 2} \mathrm{e}^{\varepsilon_{1} / k T}
$$

The condition for chemical equilibrium is $\mu_{\mathrm{H}^{0}} = \mu_{\mathrm{e}} + \mu_{\mathrm{H}^{+}}$, yielding

$$
\frac{[\mathrm{H}^{0}]}{[\mathrm{H}^{+}]} = 2 \exp \left(\frac{\mu_{\mathrm{e}} + \varepsilon_{1}}{k T}\right)
$$

Thus, the relative probability of the existence of $\mathrm{H}^{0}$ is

$$
P_{\mathrm{H}^{0}} = 2 \exp \left(\frac{\mu_{\mathrm{e}} + \varepsilon_{1}}{k T}\right)
$$",\boxed{2 \exp \left(\frac{\mu_{\mathrm{e}} + \varepsilon_{1}}{k T}\right)},EX,,False,EN,Laws Application
3735,Mechanics and Thermodynamics,Statistical Mechanics,Kinetic Theory of Gases,"In a container $V$, a system of charged particles is placed in a constant electric field $E$ along the $z$ direction and is in thermal equilibrium at temperature $T$. Assuming the mobility related to the drift velocity of the particles is $\mu$. Derive the drift flux $J_{\mu}$ from the mobility.","Under the influence of the external electric field $E$, the drift velocity is given by $\bar{v} = \mu E$, where $\mu$ is the mobility. The drift flux of charged particles in the direction of the electric field is

$$
J_{\mu} = n(z) \bar{v} = n(z) \mu E = \mu E n_{0} \exp\left(-\frac{e E z}{k T}\right)
$$",\boxed{\mu E n_{0} \exp\left(-\frac{e E z}{k T}\right)},EX,,False,EN,Math Derivation
3736,Mechanics and Thermodynamics,Statistical Mechanics,Kinetic Theory of Gases,"A certain gas consists of $N$ nearly independent particles, with the kinetic energy of each particle given by $\varepsilon = a p^l$, where $p$ is the particle momentum, and $a$ and $l$ are constants. The probability that the particles of the gas have momentum magnitude between $p$ and $p+\mathrm{d} p$, and direction within the solid angle element $\mathrm{d} \Omega$ is:

$$
\mathrm{d} W = f(p) p^2 \, \mathrm{d} p \, \mathrm{d} \Omega
$$

where $f(p)$ is a function of the momentum $p$. Determine the pressure $P$ exerted by the gas on the container walls.","The kinetic energy of the gas molecules is $\varepsilon = a p^l$, where $p$ is the momentum of the particles, and $a$ and $l$ are constants. The molecular speed can be derived from the relationship between kinetic energy and momentum:

$$
v = \frac{\partial \varepsilon}{\partial p} = l a p^{l-1} = l \frac{\varepsilon}{p} \tag{1}
$$

The probability that the gas particles have momentum magnitude between $p$ and $p+\mathrm{d} p$, and direction within the solid angle element $\mathrm{d} \Omega$ is:

$$
\mathrm{d} W = f(p) p^2 \, \mathrm{d} p \, \mathrm{d} \Omega \tag{2}
$$

where $f(p)$ is a function of the momentum $p$. When the gas molecules collide with the container walls, there is an exertion of force between them. The pressure exerted by the gas on the container wall is equal to the change in momentum of the gas molecules colliding with the wall per unit time and unit area. Taking the molecular number density as $n$, with the $z$-axis orthogonal to the wall, and the angle between the molecular momentum $p$ and the $z$-axis being $\theta$, the solid angle element is $\mathrm{d} \Omega = \sin \theta \mathrm{d} \varphi \mathrm{d} \theta$. Using equation (2), the pressure is:

$$
P = n \int 2 p \cos \theta v \cos \theta \, \mathrm{d} W = 2 n \int_{0}^{\infty} v p^3 f(p) \mathrm{d} p \int_{0}^{2 \pi} \mathrm{d} \varphi \int_{0}^{\pi/2} \cos^2 \theta \sin \theta \mathrm{d} \theta 
= \frac{4 \pi}{3} n \int_{0}^{\infty} v p^3 f(p) \mathrm{d} p \tag{3}
$$",\boxed{\frac{4 \pi}{3} n \int_{0}^{\infty} v p^3 f(p) \mathrm{d} p},EX,,False,EN,Math Derivation
3738,Mechanics and Thermodynamics,Statistical Mechanics,Kinetic Theory of Gases,"Consider a two-dimensional classical system with a Hamiltonian given by
$$
H=\frac{1}{2m}\left(P_{1}^{2}+P_{2}^{2}\right)+\frac{1}{2}\mu^{2}\left(x_{1}^{2}+x_{2}^{2}\right)-\frac{1}{4}\lambda\left(x_{1}^{2}+x_{2}^{2}\right)^{2}
$$
This Hamiltonian describes a potential well containing $N$ particles, each with mass $m$, in thermal equilibrium at temperature $T$. When $T$ is very low, the majority of the particles are in the quadratic part of the potential well, but a few high-energy particles can escape from the well. In the one-dimensional profile of the potential, the edge of the potential well is at $x_{1}=b$. Find $b$.","From the Hamiltonian, we obtain $b=\mu / \sqrt{\lambda}$.",\boxed{\frac{\mu}{\sqrt{\lambda}}},NV,,False,EN,Math Derivation
3739,Mechanics and Thermodynamics,Statistical Mechanics,Distribution Function and Statistical Entropy,"The elasticity of a rubber rod can be modeled using a one-dimensional polymer composed of $N$ molecules connected end-to-end. Without any external force, the molecular bond directions take either $0^{\circ}$ or $180^{\circ}$ with equal probability. For $m \ll N$, the expression for the number of microstates is $g(N, m) \approx g(N, 0) \mathrm{e}^{-2 m^{2} / N}$. Determine the dependence of the system's entropy on the chain length $L$ ($N \gg 1, L \ll Nd$).","Using $g(N, m) \approx g(N, 0) \mathrm{e}^{-2m^{2}/N}$ and Stirling's approximation, for $m \ll N$, the system's entropy is given by

$$
S = k \ln g(N, m) = k \ln g(N, 0) - \frac{k L^{2}}{2Nd^{2}}
$$","\boxed{S = k \ln g(N, 0) - \frac{k L^{2}}{2Nd^{2}}}",EQ,,False,EN,Math Derivation
3741,Mechanics and Thermodynamics,Statistical Mechanics,Ensemble Theory,Consider a collection of \(N\) two-level systems in thermal equilibrium at a temperature \(T\). Each system has only two energy levels: a ground state with energy 0 and an excited state with energy \(\varepsilon\). Find the entropy of the entire collection and illustrate its dependence on temperature.,"The partition function for the collection

$$
Z_{N} = \left[1 + e^{-\varepsilon / kT}\right]^{N}
$$

The free energy

$$
F = -kT \ln Z_{N}
$$

The entropy of the collection

$$
S = -\left(\frac{\partial F}{\partial T}\right)_{V} = \frac{N \varepsilon}{T} \left(1 + e^{\varepsilon / kT}\right)^{-1} + Nk \ln \left(1 + e^{-\varepsilon / kT}\right)
$$

The relationship between entropy and temperature is shown in Figure 7.4(b).

$$
<image 1>
$$",\boxed{\frac{N \varepsilon}{T} \left(1 + e^{\varepsilon / kT}\right)^{-1} + Nk \ln \left(1 + e^{-\varepsilon / kT}\right)},EX,,False,EN,Math Derivation
3742,Mechanics and Thermodynamics,Statistical Mechanics,Fermi-Dirac Statistics,"Given the grand potential \(J = -p V\) of an extremely relativistic strongly degenerate Fermi gas as

\[
J(T, V, \mu) = -a\left(\frac{1}{12} \mu^{4} + \frac{\pi^{2}}{6 \beta^{2}} \mu^{2} + \frac{7 \pi^{4}}{180 \beta^{4}}\right)
\]

where \(a = \frac{4 \pi g V}{h^{3} c^{3}}\), \(g\) is the degeneracy factor or weight associated with ""internal structures"" (such as spin), \(c\) is the speed of light, \(\beta = \frac{1}{k T}\), and \(T\) and \(\mu\) are the temperature and chemical potential of the gas, respectively, and \(k\) is the Boltzmann constant. Find the pressure of an extremely relativistic strongly degenerate Fermi gas.","Using equations (1) and (6), and based on \(p = -(\partial J / \partial V)_{T, \mu}\), the pressure of an extremely relativistic strongly degenerate Fermi gas is

\[
p = \frac{1}{12 V} a \mu^{4}\left[1+2\left(\frac{\pi}{\beta \mu}\right)^{2}+\frac{7}{15}\left(\frac{\pi}{\beta \mu}\right)^{4}\right] = \frac{1}{4 V} N \mu_{0}\left(1+\frac{2}{3} \theta^{2}+\frac{11}{45} \theta^{4}\right) \tag{7}
\]",\boxed{p=\frac{1}{4 V} N \mu_{0}\left(1+\frac{2}{3} \theta^{2}+\frac{11}{45} \theta^{4}\right)},EQ,,False,EN,Math Derivation
3743,Mechanics and Thermodynamics,Statistical Mechanics,Maxwell-Boltzmann Statistics,"A centrifuge with a radius \(R\) and length \(L\) contains \(N\) molecules, each with mass \(M\), rotating about its axis with an angular velocity \(\omega\). Neglect the influence of gravity, and assume that the rotation time is sufficient for the particles to reach equilibrium. Use the Boltzmann distribution to calculate the particle number density \(n(r)\) at a radial distance \emph{r}.","Using the Boltzmann distribution for particle number density, we have

\[ 
n(r)=A \exp \left(-\frac{U(r)}{k T}\right)=A \exp \left(\frac{M \omega^{2} r^{2}}{2 k T}\right) 
\]","\[
\boxed{n(r) = A \exp \left(\frac{M \omega^{2} r^{2}}{2 k T}\right)}
\]",EQ,,False,EN,Laws Application
3744,Mechanics and Thermodynamics,Statistical Mechanics,Distribution Function and Statistical Entropy,"A battery can be in either a normal state or a failed state, with the probability of being in the normal state being \( p \). Suppose the electromotive force (emf) of a normal battery is \( \varepsilon \), and the emf of a failed battery is 0. There are \( N \) batteries connected in series with a resistor. Find the average power consumed by the resistor.","Method 1: The probability of a single battery being in the normal state is \( p \), and the probability of being in the failed state is \( q = 1 - p \). Thus, the probability that the battery group has \( n \) batteries in the normal state is 

\[
P(n) = \frac{N!}{n! \cdot (N-n)!} p^{n} q^{N-n} \tag{1}
\]

Equation (1) represents a binomial distribution. If the battery group has \( n \) batteries in the normal state, then the electromotive force of the battery group is \( E = n \varepsilon \). From equation (1), the average value of the square of the electromotive force of the battery group is 

\[
\overline{E^{2}} = \varepsilon^{2} \sum_{n=0}^{N} n^{2} P(n) = \varepsilon^{2} \sum_{n=0}^{N} n^{2} \frac{N!}{n!(N-n)!} p^{n} q^{N-n}
\]

\[
= \varepsilon^{2}\left\{p \frac{\partial}{\partial p}\left[p \frac{\partial}{\partial p} \sum_{n=0}^{N} \frac{N!}{n!(N-n)!} p^{n} q^{N-n}\right]_{q, N}\right\}_{q, N}  \tag{2}
\]

\[
= N p \varepsilon^{2} \frac{\partial}{\partial p}\left[p(p+q)^{N-1}\right]_{q, N} = \left(1 + \frac{1-p}{N p}\right)(N p)^{2}
\]

The power \( P \) consumed by the resistor \( R \) is \( P = \overline{E^{2}} / R \). From equation (2), we obtain 

\[
P = \frac{1}{R}\left(1 + \frac{1-p}{N p}\right)(N p \varepsilon)^{2} \tag{3}
\]","\[
\boxed{\frac{1}{R}\left(1 + \frac{1-p}{N p}\right)(N p \varepsilon)^{2}}
\]",EX,,False,EN,Math Derivation
3745,Mechanics and Thermodynamics,Statistical Mechanics,Maxwell-Boltzmann Statistics,"Given a mixed ideal gas composed of two types of molecules at temperature \(T\). The mass and number density of the first type of molecule are \(m_{1}\) and \(n_{1}\), and for the second type, they are \(m_{2}\) and \(n_{2}\), respectively. Assume the molecules are elastic hard spheres with diameters \(d_{1}\) and \(d_{2}\). Find the average number of collisions in unit time between a molecule of the first type and all molecules of the second type.","When the gas is in equilibrium at temperature \(T\), it follows the Maxwell velocity distribution law. The number of molecules within a unit volume with velocities between \(\boldsymbol{v}\) and \(\boldsymbol{v}+\mathrm{d} \boldsymbol{v}\) is given by:

\[
f(v) \mathrm{d} v=n\left(\frac{m}{2 \pi k T}\right)^{3 / 2} \exp \left(-\frac{m v^{2}}{2 k T}\right) \mathrm{d} v \tag{1}
\]

To calculate the number of collisions, consider the two types of molecules as elastic hard spheres with diameters \(d_{1}\) and \(d_{2}\). Using the center of a molecule of the first type as the sphere's center and a radius of \(d_{12}=(d_{1}+d_{2})/2\), the sphere surface is conceptualized. When two molecules collide, the center of the second type must be on this imaginary sphere, with \(v_{r}=v_{2}-v_{1}\) being the relative velocity of molecule 2 concerning molecule 1. In a time \(\mathrm{d} t\), for the second type of molecule to collide with the first within the solid angle element \(\mathrm{d} \Omega\) along the axis direction \(\boldsymbol{n}\), it must be located within a cylinder with base \(d_{12}^{2} \mathrm{d} \Omega\) and height \(v_{r} \cos \theta \mathrm{d} t\). The volume of this cylinder is:

\[
\mathrm{d} \tau=d_{12}^{2} v_{r} \cos \theta \mathrm{d} \Omega \mathrm{d} t \tag{2}
\]

Therefore, in time \(\mathrm{d} t\), the number of collisions within the solid angle element \(\mathrm{d} \Omega\) along the axis \(\boldsymbol{n}\) between a molecule 1 with speed \(\boldsymbol{v}_{1}\) and molecule 2 with speeds in the range \(\boldsymbol{v}_{2}\) to \(\boldsymbol{v}_{2}+\mathrm{d} \boldsymbol{v}_{2}\) is:

\[
f_{2}\left(\boldsymbol{v}_{2}\right) \mathrm{d} \boldsymbol{v}_{2} \mathrm{d} \tau = d_{12}^{2} v_{r} \cos \theta f_{2}\left(\boldsymbol{v}_{2}\right) \mathrm{d} \boldsymbol{v}_{2} \mathrm{d} \Omega \mathrm{d} t \tag{3}
\]

Thus, the average number of collisions in unit time between one molecule of the first type and all molecules of the second type is:

\[
\overline{\Theta_{12}} = \frac{1}{n_{1}} \iiint d_{12}^{2} v_{r} \cos \theta \cdot f_{1}\left(\boldsymbol{v}_{1}\right) f_{2}\left(\boldsymbol{v}_{2}\right) \mathrm{d} \boldsymbol{v}_{1} \mathrm{d} \boldsymbol{v}_{2} \mathrm{d} \Omega \tag{5}
\]

Completing the angular integration:

\[
\int \cos \theta \mathrm{d} \Omega = \int_{0}^{2 \pi} \mathrm{d} \varphi \cdot \int_{0}^{\pi} \cos \theta \sin \theta \mathrm{d} \theta = \pi \tag{6}
\]

We find:

\[
\overline{\Theta_{12}} = \pi n_{2} d_{12}^{2}\left(\frac{m_{1}}{2 \pi k T}\right)^{3/2}\left(\frac{m_{2}}{2 \pi k T}\right)^{3/2} \iint v_{r} \exp \left(-\frac{m_{1} v_{1}^{2}+m_{2} v_{2}^{2}}{2 k T}\right) \mathrm{d} \boldsymbol{v}_{1} \mathrm{d} \boldsymbol{v}_{2} \tag{7}
\]

Introducing the velocity of the center of mass:

\[
\boldsymbol{v}_{\mathrm{c}} = \frac{1}{m_{1}+m_{2}}\left(m_{1} \boldsymbol{v}_{1}+m_{2} \boldsymbol{v}_{2}\right) \tag{8}
\]

We have:

\[
\frac{1}{2} m_{1} v_{1}^{2}+\frac{1}{2} m_{2} v_{2}^{2}=\frac{1}{2} M v_{\mathrm{c}}^{2}+\frac{1}{2} \mu v_{r}^{2} \tag{9}
\]

And

\[
\mathrm{d} \boldsymbol{v}_{\mathrm{c}} \mathrm{d} \boldsymbol{v}_{r}=|J| \mathrm{d} \boldsymbol{v}_{1} \mathrm{d} \boldsymbol{v}_{2} \tag{10}
\]

where \(M=m_{1}+m_{2}\) is the total mass of the two molecules, and \(\mu=m_{1} m_{2} /(m_{1}+m_{2})\) is the reduced mass of the two molecules. The absolute value of the Jacobian determinant is:

\[
|J|= \left|\frac{\partial(\boldsymbol{v}_{\mathrm{c}}, \boldsymbol{v}_{r})}{\partial(\boldsymbol{v}_{1}, \boldsymbol{v}_{2})}\right|=1 \tag{11}
\]

Substituting these results into equation (7), we finally obtain the average frequency of collisions between a molecule of the first type and those of the second type:

\[
\overline{\Theta_{12}} = \pi n_{2} d_{12}^{2}\left(\frac{m_{1}}{2 \pi k T}\right)^{3/2}\left(\frac{m_{2}}{2 \pi k T}\right)^{3/2} \int \exp \left(-\frac{M v_{c}^{2}}{2 k T}\right) \mathrm{d} v_{\mathrm{c}} \cdot \int v_{r} \exp \left(-\frac{\mu v_{r}^{2}}{2 k T}\right) \mathrm{d} v_{r} = \pi n_{2} d_{12}^{2} \sqrt{\frac{8 k T}{\pi \mu}} = \pi n_{2} d_{12}^{2}\left(1+\frac{m_{1}}{m_{2}}\right)^{1/2} \overline{v_{1}} \tag{12}
\]

where \(\overline{v_{1}}=\sqrt{8 k T / \pi m_{1}}\) is the average speed of the first type of molecule, and \(n_{1}\) and \(n_{2}\) are the molecular number densities of the first and second types of gas molecules, respectively. For identical molecules, the average collision frequency is \(\Theta=\sqrt{2} n \pi d^{2} v\).",\boxed{\pi n_{2} d_{12}^{2}\left(1+\frac{m_{1}}{m_{2}}\right)^{1/2} \overline{v_{1}}},EX,,False,EN,
3747,Mechanics and Thermodynamics,Statistical Mechanics,Fermi-Dirac Statistics,Utilize the known logarithm of the grand partition function of a strongly degenerate Fermi gas to find the pressure $p$ of the gas. Use the relation $p V = k T \ln E$ and the expression for the chemical potential $\mu$.,"Since $p V = k T \ln \Xi$, the pressure is given by

\begin{equation*}
p = \frac{1}{V} k T \ln \Xi = \frac{2}{5 V} N \mu_0 \left( 1 + \frac{5}{12} \theta^2 - \frac{1}{16} \theta^4 \right)
\end{equation*}",\boxed{\frac{2}{5 V} N \mu_0 \left( 1 + \frac{5}{12} \theta^2 - \frac{1}{16} \theta^4 \right)},"EX
  
Problem:  
 $p$ $p V = k T \ln E$  $\mu$ ",,False,EN,Math Derivation
3748,Mechanics and Thermodynamics,Statistical Mechanics,Distribution Function and Statistical Entropy,"An atom initially is located at a specific position within a one-dimensional lattice with lattice constant \( a \). Every \(\tau\) seconds, the atom jumps to the nearest position. The probability of jumping to the right is \( p \), and the probability of jumping to the left is \( q=1-p \). Calculate the mean square deviation \(\overline{(x-\bar{x})^{2}}\) of the average position at time \( t \).","\[
\begin{aligned}
\overline{x^{2}} &= \sum_{n=0}^{N} \frac{N!}{n!(N-n)!}(2n - N)^{2} a^{2} p^{n} q^{N-n} \\
&= 4a^{2} p^{2} \frac{\partial^{2}}{\partial p^{2}}(p+q)^{N} - 4(N-1)a^{2} p \frac{\partial}{\partial p}(p+q)^{N} + N^{2} a^{2} \\
&= N a^{2} \left[(N-1)(p-q)^{2} + 1\right]
\end{aligned}
\]

Therefore,

\[
\overline{(x-\bar{x})^{2}} = \overline{x^{2}} - \bar{x}^{2} = 4 N a^{2} p q
\]","\[
\boxed{4 N a^{2} p q}
\]",EX,,False,EN,Math Derivation
3750,Mechanics and Thermodynamics,Statistical Mechanics,Kinetic Theory of Gases,"In metals, when \( T \ll T_{\mathrm{F}} \), the electron gas is scattered by phonons and impurities, resulting in finite conductivity. At this time, the conductivity \( \sigma \) can be expressed as

\[
\sigma = e^{2} D N\left(E_{\mathrm{F}}\right)
\]

(i) Calculate the dependency of \( \sigma \) on the electron density by discussing the following three cases separately: (1) Particles are confined to move along a line segment of length \( L \); (2) Particles are confined to move within a planar area of size \( A \); (3) Particles are confined to a volume of \( V \) in three-dimensional space.","At this time, the conductivity \(\sigma = e^{2} D N\left(E_{\mathrm{F}}\right) \propto e^{2} v_{\mathrm{F}}^{2} \propto E_{\mathrm{F}}\). Denote the total number of electrons as \( N \), and the electron density as \( n \), then

\[
n= \begin{cases}N / L & (\text{one-dimensional}) \\ N / A & (\text{two-dimensional}) \\ N / V & (\text{three-dimensional})\end{cases}
\]

The Fermi energy is

\[
E_{\mathrm{F}}=\frac{\hbar^{2}}{2 m}\left(\frac{\pi z}{L}\right)^{2}
\]

where \( z \) is related to the total number of particles \( N \) as

\[
N= \begin{cases}2 \cdot z & (\text{one-dimensional}) \\ 2 \cdot \frac{1}{4} \cdot \pi z^{2} & (\text{two-dimensional}) \\ 2 \cdot \frac{1}{8} \cdot \frac{4}{3} \pi z^{3} & (\text{three-dimensional})\end{cases}
\]

Thus, the conductivity is

\[
\sigma \propto E_{\mathrm{F}} \propto\left\{\begin{array}{cl}
n^{2} & (\text{one-dimensional}) \\
n & (\text{two-dimensional}) \\
n^{2 / 3} & (\text{three-dimensional})
\end{array}\right.
\]

These results differ significantly from classical theory because only electrons near the Fermi surface contribute to conductivity.","\boxed{n^2, n, n^{2/3}}","EX, EX, EX","None, None, None",True,EN,Math Derivation
3754,Mechanics and Thermodynamics,Statistical Mechanics,Kinetic Theory of Gases,"Consider a non-relativistic, non-interacting electron gas. Find the density of states \( N(E) \) (where \( E \) is the energy) when the particles are constrained to move along a line segment of length \( L \).","Consider a line segment of length \( L \). In this case, the eigen wave functions of the particles are

$$
\sin \frac{n \pi x}{L}, \quad n=1,2, \cdots
$$

From the Schrödinger equation, we know that the quantized energy levels are

$$
E_{n}=\frac{\hbar^{2}}{2 m}\left(\frac{\pi n}{L}\right)^{2}
$$

Thus,

$$
n=\frac{L}{\pi}\left(\frac{2 m}{\hbar^{2}}\right)^{1 / 2} E^{1 / 2}
$$

The number of states corresponding to each \( n \) is \( \frac{\mathrm{d} \bar{N}}{\mathrm{~d} n}=2 \), which is the result of spin degeneracy. Therefore, the density of states is

$$
N(E)=\frac{\mathrm{d} \bar{N}}{\mathrm{~d} E}=\frac{\mathrm{d} \bar{N}}{\mathrm{~d} n} \cdot \frac{\mathrm{~d} n}{\mathrm{~d} E}=2 \frac{\mathrm{~d} n}{\mathrm{~d} E}=\frac{L}{\pi}\left(\frac{2 m}{\hbar^{2} E}\right)^{1 / 2}
$$",\boxed{\frac{L}{\pi}\left(\frac{2 m}{\hbar^{2} E}\right)^{1 / 2}},EX,,False,EN,
3755,Mechanics and Thermodynamics,Statistical Mechanics,Bose-Einstein Statistics,"A gas consisting of $N$ spinless bosons with mass $m$ is confined within a volume $V$ at temperature $T$. Derive the expression for the Bose-Einstein condensation temperature $T_{\mathrm{c}}$. Below $T_{\mathrm{c}}$, there must be a macroscopic occupation of a certain single-particle state. Express the answer using dimensionless integrals.","Let $n$ represent the particle number density, and $T_{\mathrm{c}}$ be the critical temperature. Noting that at $T_{\mathrm{c}}$, the chemical potential approaches zero and the ground state particle number remains nearly zero, we have

$$
n = \frac{2 \pi}{h^3} (2mkT_{\mathrm{c}})^{3/2} \int_{0}^{\infty} \frac{x^{1/2} \mathrm{d} x}{e^x - 1}
$$

The integral $A = \int_{0}^{\infty} \frac{x^{1/2} \mathrm{d} x}{e^x - 1} = 1.306 \sqrt{\pi}$, hence

$$
T_{\mathrm{c}} = \frac{h^2}{2mk} \left( \frac{n}{2 \pi A} \right)^{2/3}
$$",\boxed{T_{\mathrm{c}} = \frac{h^2}{2mk} \left( \frac{n}{2 \pi A} \right)^{2/3}},EQ,,False,EN,Math Derivation
3757,Mechanics and Thermodynamics,Statistical Mechanics,Ensemble Theory,"A system composed of two identical particles, where the particles can occupy any of the energy levels $\varepsilon_{n}=n \varepsilon, n=0,1,2$, with the lowest energy state $\varepsilon_{0}=0$ being doubly degenerate, is in thermal equilibrium at temperature $T$. Determine the partition function and energy for the case where the particles follow Bose statistics, and list the configurations.","Using the canonical ensemble, the partition function of the system is

$$
z=\sum_{n} \omega_{n} \mathrm{e}^{-\beta E_{n}}
$$

where $\omega_{n}$ is the degeneracy of energy level $n$, $E_{n}$ is the energy of the system, and $\beta=1 / k T$.

The particles follow Bose statistics, and the configuration is shown in Figure 7.2(b).

$$
z = 3 + 2 \mathrm{e}^{-\beta \varepsilon} + 3 \mathrm{e}^{-2 \beta \varepsilon} + \mathrm{e}^{-3 \beta \varepsilon} + \mathrm{e}^{-4 \beta \varepsilon}
$$

The energy is given by

$$
E = -\frac{1}{z} \frac{\partial z}{\partial \beta} = \frac{\varepsilon}{z} \mathrm{e}^{-\beta \varepsilon} \left(2 + 6 \mathrm{e}^{-\beta \varepsilon} + 3 \mathrm{e}^{-2 \beta \varepsilon} + 4 \mathrm{e}^{-3 \beta \varepsilon}\right)
$$

$$
<image 1>
$$
\end{center}","\boxed{z = 3 + 2 \mathrm{e}^{-\beta \varepsilon} + 3 \mathrm{e}^{-2 \beta \varepsilon} + \mathrm{e}^{-3 \beta \varepsilon} + \mathrm{e}^{-4 \beta \varepsilon}, E = \frac{\varepsilon}{z} \left(2 + 6 \mathrm{e}^{-\beta \varepsilon} + 3 \mathrm{e}^{-2 \beta \varepsilon} + 4 \mathrm{e}^{-3 \beta \varepsilon}\right)}",EQ,"None, \varepsilon",True,EN,Practical Application
3758,Mechanics and Thermodynamics,Statistical Mechanics,Kinetic Theory of Gases,"An ideal gas is contained within a spherical container with a radius of $R$, at a temperature $T$. The mass of each gas molecule is $m$, and the number density of molecules is $n$. Assuming the gas molecules undergo elastic collisions with the container walls, determine the pressure $p$ exerted by the gas on the walls of the container.","The radius of the spherical container is $R$, hence its surface area is $S = 4 \pi R^{2}$. Consider a molecule $i$, with a velocity magnitude of $v_{i}$, moving at an angle $\theta_{i}$ with respect to the normal at the point on the wall where it will collide. Due to elastic collision, the collision does not change the magnitude of the molecule's velocity, nor the angle $\theta_{i}$ between the velocity direction and the normal at the point of collision. The reflection angle is equal to the incidence angle, so $\angle O A C_{2} = \angle O A C_{1} = \theta_{i}$. The distance traveled by the molecule between two consecutive collisions with the wall is $2 R \cos \theta_{i}$. Therefore, the frequency of collisions of this molecule with the wall per unit time is

\begin{equation*}  
z_{i} = \frac{v_{i}}{2 R \cos \theta_{i}}  
\end{equation*}

In each collision, the momentum imparted to the wall is always parallel to the normal at the point of collision and directed toward the wall, with a magnitude of $2 m v_{i} \cos \theta_{i}$. Since the spatial distribution of the gas molecules is uniform and the motion is isotropic, the pressure exerted on every point of the spherical wall is the same, and its magnitude is

\begin{equation*}  
p = \frac{1}{S} \sum_{i=1}^{N} z_{i} \cdot 2 m v_{i} \cos \theta_{i} = \frac{m}{R S} \sum_{i=1}^{N} v_{i}^{2}  
\end{equation*}",\boxed{p = \frac{1}{3} m n v_{\text{rms}}^{2}},EQ,,False,EN,Math Derivation
3759,Mechanics and Thermodynamics,Statistical Mechanics,Fermi-Dirac Statistics,"At low temperatures, a liquid mixture of \(^{3}\text{He}\) and \(^{4}\text{He}\) exists in two phases: a concentrated phase and a dilute phase. The concentrated phase is nearly pure \(^{3}\text{He}\), while the dilute phase contains approximately 6.5% \(^{3}\text{He}\) when \(T \ll 0.1 \text{ K}\). The excitations of superfluid \(^{4}\text{He}\) can be neglected. The thermodynamic behavior of the dilute phase can be regarded as an ideal degenerate Fermi gas with particle density \(n_{d}\) and effective mass \(m^{*}\), where \(m^{*} \approx 2.4 m_{3}\), and \(m_{3}\) is the nucleon mass of \(^{3}\text{He}\). The concentrated phase can be treated as an ideal degenerate Fermi gas with particle density \(n_{c}\) and mass \(m_{3}\). Calculate the Fermi energy for both phases.","Since

\[
n = \frac{8 \pi}{3} \left( \frac{2 m \varepsilon_{\text{F}}}{h^{2}} \right)^{3/2}
\]

we have

\[
\begin{gathered}
\varepsilon_{\text{F} c} = \frac{h^{2}}{2 m_{3}} \left( \frac{3 n_{c}}{8 \pi} \right)^{2/3} \\
\varepsilon_{\text{F} d} = \frac{h^{2}}{2 m^{*}} \left( \frac{3 n_{d}}{8 \pi} \right)^{2/3}
\end{gathered}
\]","\boxed{\varepsilon_{\mathrm{F} c} = \frac{h^{2}}{2 m_{3}} \left( \frac{3 n_{c}}{8 \pi} \right)^{2/3}, \varepsilon_{\mathrm{F} d} = \frac{h^{2}}{2 m^{*}} \left( \frac{3 n_{d}}{8 \pi} \right)^{2/3}}",EX,"None, None",True,EN,Laws Application
3760,Mechanics and Thermodynamics,Statistical Mechanics,Ensemble Theory,"A system consisting of three spins aligned in a straight line is coupled through nearest-neighbor interactions. Each spin, $s=\frac{1}{2}$, has a magnetic moment $\mu=2 \mu \mathrm{s}$ aligned with the spin. This system is in thermal equilibrium in an external magnetic field $H$ along the $z$-axis at a temperature $T$. The Hamiltonian $\mathscr{H}$ of the system is approximately given by the Ising model.

Find the analytical expression for the partition function $Q(T, H)$.","The partition function

$$
\begin{aligned}
Q & =e^{-\beta(J / 2-3 \mu H)}+e^{\beta(J / 2+\mu H)}+2 e^{\beta \mu H}+e^{-\beta(-J / 2+\mu H)}+2 e^{-\beta \mu H}+e^{-\beta(J / 2+3 \mu H)} \\
& =2 e^{-\beta J / 2} \cosh (3 \beta \mu H)+2\left(e^{\beta J / 2}+2\right) \cosh (\beta \mu H) \quad \left(\text{where } \beta=\frac{1}{k T}\right)
\end{aligned}
$$",\boxed{2 e^{-\beta J / 2} \cosh (3 \beta \mu H)+2\left(e^{\beta J / 2}+2\right) \cosh (\beta \mu H)},EX,,False,EN,
3761,Mechanics and Thermodynamics,Statistical Mechanics,Bose-Einstein Statistics,Determine the expression for the occupation number $N_{\mathrm{e}}$ on a single-particle excited state using the calculation formula.,"According to the formula for the number of gas particles $N = N_{0}+N_{\mathrm{e}}$, the occupation number on a single-particle excited state is

\[
N_{\mathrm{e}} = \sum_{i>0} \frac{g_{i}}{\exp \left[\left(\varepsilon_{i}-\mu\right) / k T\right]-1} = \sum_{l=1}^{\infty} \lambda^{l} \sum_{i>0} g_{i} \exp \left(-l \varepsilon_{i} / k T\right) \tag{2}
\]",\boxed{N_{\mathrm{e}} = \sum_{i>0} \frac{g_{i}}{\exp \left[\left(\varepsilon_{i}-\mu\right) / k T\right]-1} = \sum_{l=1}^{\infty} \lambda^{l} \sum_{i>0} g_{i} \exp \left(-l \varepsilon_{i} / k T\right)},EQ,,False,EN,Math Derivation
3763,Mechanics and Thermodynamics,Statistical Mechanics,Ensemble Theory,"A system consisting of three spins arranged in a line is coupled through nearest-neighbor interactions. Each spin $s=\frac{1}{2}$ has a magnetic moment $\mu=2 \mu s$ aligned with the spin. This system is in thermal equilibrium in an external magnetic field $H$ along the $z$ axis, with a temperature of $T$. The Hamiltonian $\mathscr{H}$ of the system is approximately given by the Ising model.

Find the expression for the magnetization $M(T, H)$, and derive an approximate expression for $M(T, H)$ when $kT \gg \mu H$ and $J$.","The magnetization

$$
M=\frac{1}{\beta} \frac{\partial}{\partial H} \ln Q=\frac{2 \mu}{Q}\left[3 e^{-\beta J / 2} \sinh (3 \beta \mu H)+\left(e^{\beta J / 2}+2\right) \sinh (\beta \mu H)\right]
$$

When $k T \gg \mu H$ and $J$, $Q \approx 8$, thus $M \approx 3 \beta \mu^{2} H$.",\boxed{3 \beta \mu^{2} H},EX,,False,EN,Math Derivation
3764,Mechanics and Thermodynamics,Statistical Mechanics,Bose-Einstein Statistics,"Consider a three-dimensional cubic container with an edge length of \( L \), containing \( N \) gas particles, where the energy of the ground state energy level of a single particle is \(\varepsilon_{0} = 0\). According to the Bose-Einstein distribution, prove that there exists a temperature \( T_{3N} \) such that when \( T = T_{3N} \), the occupancy of the single-particle ground state energy level \( N_{0} \) is greater than \( N / 2 \). Provide the expression for \( T_{3N} \).","The number of gas particles is \( N \), where \( N = N_{0} + N_{\mathrm{e}} \). Here, \( N_{0} \) and \( N_{\mathrm{e}} \) are the occupancies of the single-particle ground state energy level and the excited state respectively. The energy of the single-particle ground state energy level is given by \(\varepsilon_{0} = 0\). According to the Bose-Einstein distribution, the occupancy of the single-particle ground state energy level is:

\[
N_{0} = \frac{g_{0}}{\exp(-\mu / kT) - 1} = \frac{g_{0} \lambda}{1 - \lambda}
\]

In this expression, the fugacity of the gas \(\lambda = \exp(\mu / kT) < 1\). Therefore, for \( x = \exp[(\mu - \varepsilon_{i}) / kT] < 1 \), it follows that \( 1/(1-x) = \sum_{l=0}^{\infty} x^{l} \). Consequently, the occupancy of the single-particle excited energy levels is:

\[
N_{\mathrm{e}} = \sum_{i > 0} \frac{g_{i}}{\exp[(\varepsilon_{i} - \mu) / kT] - 1} = \sum_{l=1}^{\infty} \lambda^{l} \sum_{i > 0} g_{i} \exp\left(-\frac{l \varepsilon_{i}}{kT}\right)
\]

Assuming the particle energy \(\varepsilon = mv^{2} / 2\), where \( v \) is the velocity of the particle, for a three-dimensional Bose gas:

\[
\sum_{i > 0} g_{i} \exp\left(-\frac{l \varepsilon_{i}}{kT}\right) = \frac{m^{3} V}{h^{3}} \int_{0}^{\infty} 4\pi v^{2} \exp\left(-\frac{l mv^{2}}{2 kT}\right) \mathrm{d}v = \frac{V}{V_{\mathrm{q}}} l^{-3/2}
\]

Where \( V = L^{3} \) is the volume of the three-dimensional system, and the ""quantum volume"" \( V_{\mathrm{q}} \) is:

\[
V_{\mathrm{q}} = \left(\frac{h^{2}}{2\pi mkT}\right)^{3/2}
\]

From the above equations, we derive:

\[
\frac{N_{e}}{N_{0}} = \frac{V}{g_{0} V_{\mathrm{q}}}\left[\sum_{l=1}^{\infty} \lambda^{l-1} l^{-3/2} - \sum_{l=1}^{\infty} \lambda^{l} l^{-3/2}\right] = \frac{V}{g_{0} V_{\mathrm{q}}}\left[1-\sum_{l=1}^{\infty} \frac{[(l+1)^{3/2}-l^{3/2}] \lambda^{l}}{[l(l+1)]^{3/2}}\right]
\]

Since \( N_{\mathrm{e}} = N - N_{0} \), we have:

\[
N_{0} = g_{0} n V_{\mathrm{q}} \cdot \frac{1}{1 + g_{0} V_{\mathrm{q}} / V - \sum_{l=1}^{\infty} [(l+1)^{3/2} - l^{3/2}] \lambda^{l} / [l(l+1)]^{3/2}}
\]

Where \( n = N / V \) is the particle number density. When \( g_{0} n V_{\mathrm{q}} = N \), we have:

\[
T = T_{3N} = \left(\frac{g_{0}}{V}\right)^{2/3} \cdot \frac{h^{2}}{2\pi km}
\]

When \( g_{0} n V_{\mathrm{q}} = N \), we get:

\[
N_{0} = \frac{N}{2} \cdot \frac{1}{1 - 2^{-1} \sum_{l=1}^{\infty} [(l+1)^{3/2} - l^{3/2}] \lambda^{l} / [l(l+1)]^{3/2}} > \frac{N}{2}
\]

Thus, when \( T = T_{3N} \), \( N_{0} > N / 2 \).",\boxed{T_{3N} = \left(\frac{g_{0}}{V}\right)^{2/3} \cdot \frac{h^{2}}{2\pi km}},EX,,False,EN,Math Derivation
3766,Mechanics and Thermodynamics,Statistical Mechanics,Maxwell-Boltzmann Statistics,"$N_0$ non-interacting oscillators are in thermal equilibrium at temperature $T$. The energy level of a single oscillator is given by $E_m=\left(m+\frac{1}{2}\right) \gamma V^{-1}, m=0,1,2, \cdots$ ($\gamma$ is a constant, and both the oscillators and the volume $V$ are one-dimensional). Find the number of oscillators at the $m$-th energy level.",$a_m=\mathrm{e}^{-\alpha-\beta(m+\frac{1}{2}) \gamma V^{-1}}=\frac{N_0}{z} \mathrm{e}^{-\beta(m+\frac{1}{2}) \gamma V^{-1}}=2 N_0 \mathrm{e}^{-\beta(m+\frac{1}{2}) \gamma V^{-1}} \cdot \sinh \left(\frac{\gamma \beta}{2 V}\right)$,\boxed{2 N_0 \mathrm{e}^{-\beta(m+\frac{1}{2}) \gamma V^{-1}} \cdot \sinh \left(\frac{\gamma \beta}{2 V}\right)},EX,,False,EN,Math Derivation
3768,Mechanics and Thermodynamics,Statistical Mechanics,Distribution Function and Statistical Entropy,"An atom initially located at a specific position in a one-dimensional lattice with lattice constant \( a \) jumps to the nearest position every \(\tau\) seconds. The probability of jumping to the right is \( p \), and to the left is \( q=1-p \). Calculate the atom's average position \(\bar{x}\) at time \( t=N \tau \), where \( N \gg 1 \).","Choose the atom's initial position as the origin \( x=0 \), with the \( x \) axis directed to the right.

\[
\begin{align*}
\bar{x} &= \sum_{n=0}^{N} \frac{N!}{n!(N-n)!}(2n - N) a p^{n} q^{N-n} = 2a p \frac{\partial}{\partial p}\left(\sum_{n=0}^{N} \frac{N!}{n!(N-n)!} p^{n} q^{N-n}\right) - N a \\
&= 2a p \frac{\partial}{\partial p}(p+q)^{N} - N a \\
&= N a(p-q)
\end{align*}
\]",\boxed{N a(p-q)},EX,a,False,EN,
3769,Mechanics and Thermodynamics,Statistical Mechanics,Bose-Einstein Statistics,"A one-dimensional molecular crystal consists of \( N \) diatomic molecules, each of which can freely rotate at its lattice site. Calculate the rotational partition functions \( Z_{\mathrm{rO}} \) and \( Z_{\mathrm{rP}} \) for molecules with a rotational quantum number \( l \).","Let \( I \) be the moment of inertia of the molecule. The rotational energy of the molecule is given by

\[
\varepsilon_{\mathrm{r}} = \frac{\hbar^{2}}{2 I} l(l+1) \tag{3}
\]

For homonuclear diatomic molecules, the rotational states of the molecule are related to the nuclear spin. For example, for hydrogen molecules, the rotational partition function for ortho-hydrogen is

\[
Z_{\mathrm{rO}} = \sum_{l=1,3,\ldots}(2l+1) \exp\left(-\beta \varepsilon_{\mathrm{r}}\right) \tag{4}
\]

and for para-hydrogen, the rotational partition function is

\[
Z_{\mathrm{rP}} = \sum_{l=0,2,\ldots}(2l+1) \exp\left(-\beta \varepsilon_{\mathrm{r}}\right) \tag{5}
\]

In the range of normal temperatures, where \( kT \gg \hbar^{2} / 2I \), it holds that \( Z_{\mathrm{rO}} \approx Z_{\mathrm{rP}} \). We have

\[
Z_{\mathrm{rO}} \approx Z_{\mathrm{rP}} \approx \frac{1}{2} \int_{0}^{\infty} (2l+1) \exp\left(-\beta \varepsilon_{\mathrm{r}}\right) \mathrm{d}l = \frac{1}{2} \int_{0}^{\infty} \exp\left(-\frac{\beta \hbar^2}{2I}x\right) \mathrm{d}x = \frac{IkT}{\hbar^2} \tag{6}
\]","\boxed{Z_{\mathrm{rO}} = \frac{IkT}{\hbar^2}, Z_{\mathrm{rP}} = \frac{IkT}{\hbar^2}}","EQ, EQ","\text{None}, \text{None}",True,EN,Math Derivation
3770,Mechanics and Thermodynamics,Statistical Mechanics,Fermi-Dirac Statistics,"In a mixture of liquid ${ }^{3} \mathrm{He}$ and ${ }^{4} \mathrm{He}$ at low temperatures, the concentrated phase is almost pure ${ }^{3} \mathrm{He}$, and the dilute phase contains approximately $6.5\%$ ${ }^{3} \mathrm{He}$ at $T \ll 0.1 \mathrm{~K}$. Calculate the amount of heat required to raise the temperature of both the concentrated phase and the dilute phase from $T=0 \mathrm{~K}$ to $T$.","The heat required to raise the temperature is given by

$$
\begin{aligned}
Q_{c} & = \int_{0}^{T} c_{\mathrm{V}} \ \mathrm{d}T = \frac{\alpha_{c} T^{2}}{2 T_{\mathrm{Fc}}} \\
Q_{d} & = \int_{0}^{T} c_{\mathrm{V}} \ \mathrm{d}T = \frac{\alpha_{d} T^{2}}{2 T_{\mathrm{F} d}}
\end{aligned}
$$","\boxed{\frac{\alpha_{c} T^{2}}{2 T_{\mathrm{Fc}}}, \frac{\alpha_{d} T^{2}}{2 T_{\mathrm{F} d}}}","EX, EX","\text{None}, \text{None}",True,EN,Laws Application
3771,Mechanics and Thermodynamics,Statistical Mechanics,Ensemble Theory,"A system consists of two identical particles, where the particles can occupy any of the energy levels $\varepsilon_{n} = n \varepsilon, n = 0, 1, 2$. The lowest energy state $\varepsilon_{0} = 0$ is doubly degenerate. The system is in thermal equilibrium at temperature $T$. Determine the partition function and energy of the particles assuming they are distinguishable and follow Boltzmann statistics, and list the configurations.","Using a canonical ensemble, the partition function of the system is

$$
z = \sum_{n} \omega_{n} \mathrm{e}^{-\beta E_{n}}
$$

where $\omega_{n}$ is the degeneracy of energy level $n$, $E_{n}$ is the system energy, and $\beta = 1 / k T$.

The particles follow Boltzmann statistics, and the configurations are shown in Figure 7.2(c).

$$
z = 4 + 4 \mathrm{e}^{-\beta \varepsilon} + 5 \mathrm{e}^{-2 \beta \varepsilon} + 2 \mathrm{e}^{-3 \beta \varepsilon} + \mathrm{e}^{-4 \beta \varepsilon}
$$

The energy is

$$
E = \frac{2 \varepsilon}{z} \mathrm{e}^{-\beta \varepsilon} \left(2 + 5 \mathrm{e}^{-\beta \varepsilon} + 3 \mathrm{e}^{-2 \beta \varepsilon} + 2 \mathrm{e}^{-3 \beta \varepsilon}\right)
$$

$$
<image 1>
$$","\boxed{z = 4 + 4 \mathrm{e}^{-\beta \varepsilon} + 5 \mathrm{e}^{-2 \beta \varepsilon} + 2 \mathrm{e}^{-3 \beta \varepsilon} + \mathrm{e}^{-4 \beta \varepsilon}, E = \frac{2 \varepsilon}{z} \mathrm{e}^{-\beta \varepsilon} \left(2 + 5 \mathrm{e}^{-\beta \varepsilon} + 3 \mathrm{e}^{-2 \beta \varepsilon} + 2 \mathrm{e}^{-3 \beta \varepsilon}\right)}",EQ,"None, \varepsilon",True,EN,Math Derivation
3772,Mechanics and Thermodynamics,Statistical Mechanics,Fermi-Dirac Statistics,"Given the fugacity of a non-degenerate Fermi gas \( y = g^{-1} n\left(\frac{h^{2}}{2 \pi m k T}\right)^{3/2} \ll 1 \), where \( n = \frac{N}{V} \) denotes the particle number density, \( m \) is the particle mass, \( T \) is the temperature, and \( h \) and \( k \) are the Planck's constant and Boltzmann's constant respectively. The factor \( g \) is associated with the ""internal structure"" (e.g., spin) as a weighting factor or degree of degeneracy. The fugacity \(\lambda = \exp \left(\frac{\mu}{k T}\right) = \exp (-\alpha) < 1\), can be expressed as \(\lambda = a_{1} y + a_{2} y^{2} + a_{3} y^{3} + \cdots\). Find the expansion coefficients \( a_{1}, a_{2}, a_{3} \) and the chemical potential of the weakly degenerate Fermi gas.","For an ideal Fermi gas with volume \( V \), the density of states is given by

\[
D(\varepsilon) = 2 \pi g V\left(\frac{2 m}{h^{2}}\right)^{3/2} \sqrt{\varepsilon} \tag{1}
\]

The logarithm of the grand partition function is

\[
\ln \Xi = \sum_{l} g_{l} \ln \left[1 + \lambda \exp \left(-\beta \varepsilon_{l}\right)\right] = \int_{0}^{\infty} D(\varepsilon) \ln \left[1 + \lambda \exp (-\beta \varepsilon)\right] d \varepsilon \tag{2}
\]

Under the condition of weak degeneracy, where fugacity \(\lambda = \exp \left(\frac{\mu}{k T}\right) = \exp (-\alpha) < 1\), the logarithmic function in equation (2) can be expanded as a power series in \(\lambda\). Therefore, from equation (2) we have

\[
\ln \Xi = \frac{N}{y} \sum_{l=1}^{\infty}(-1)^{l-1} \frac{\lambda^{l}}{l^{5/2}} \tag{3}
\]

Using equation (3), the particle number \( N \) is given by

\[
N = -\left(\frac{\partial \ln \Xi}{\partial \alpha}\right)_{\beta, V} = \lambda\left(\frac{\partial \ln \Xi}{\partial \lambda}\right)_{T, V} = \frac{N}{y} \sum_{l=1}^{\infty}(-1)^{l-1} \frac{\lambda^{l}}{l^{3/2}} \tag{4}
\]

From equation (4), it follows that

\[
y = \sum_{l=1}^{\infty}(-1)^{l-1} \frac{\lambda^{l}}{l^{3/2}} \tag{5}
\]

Assuming the fugacity

\[
\lambda=\sum_{l=1}^{\infty} a_{l} y^{l} \tag{6}
\]

Substituting equation (6) into equation (5) and equating the coefficients of the same powers of \( y \) on both sides, we obtain

\[
\begin{aligned}
a_{1} &= 1 \\
a_{2} &= \frac{1}{2 \sqrt{2}} = 0.3536 \\
a_{3} &= \frac{1}{4} - \frac{1}{3 \sqrt{3}} = 0.05755 \tag{7}
\end{aligned}
\]

From equations (6) and (7), we can find

\[
\mu = k T \ln \lambda = k T\left(\ln y + 0.3536 y - 4.950 \times 10^{-3} y^{2}\right) \tag{8}
\]","\boxed{a_1 = 1, a_2 = \frac{1}{2 \sqrt{2}}, a_3 = \frac{1}{4} - \frac{1}{3 \sqrt{3}}, \mu = k T\left(\ln y + 0.3536 y - 4.950 \times 10^{-3} y^{2}\right)}","NV, EX","None, None, None, J",True,EN,Math Derivation
3774,Mechanics and Thermodynamics,Statistical Mechanics,Fermi-Dirac Statistics,"The grand potential $J = -pV$ for a strongly degenerate Fermi gas is given as

$$
J(T, V, \mu) = -a\left(\frac{4}{15} \mu^{5 / 2} + \frac{\pi^{2}}{6 \beta^{2}} \mu^{1 / 2} - \frac{7 \pi^{4}}{1440 \beta^{4}} \mu^{-3 / 2}\right)
$$

where $a = 2 \pi g V (2m)^{3/2} / h^{3}$, and $g$ is a weighting factor or degeneracy associated with the ""internal structure"" (e.g., spin), $\beta = 1 / kT$, $T$, and $\mu$ are the temperature and chemical potential of the gas, respectively, and $k$ is the Boltzmann constant. Find the chemical potential of the strongly degenerate Fermi gas.","The density of states for the gas is

\begin{equation*}
D(\varepsilon) = a \sqrt{\varepsilon} \tag{1}
\end{equation*}

where $a = 2 \pi g V (2m)^{3/2} / h^{3}$, and $g$ is a weighting factor or degeneracy associated with the ""internal structure"" (e.g., spin). Let $\mu_{0} = \mu(T = 0 \mathrm{~K})$, then we have

\begin{equation*}
N = \int_{0}^{\mu_{0}} D(\varepsilon) \mathrm{d} \varepsilon = \frac{2}{3} a \mu_{0}^{3/2} \tag{2}
\end{equation*}

From equation (2), the chemical potential at temperature $T = 0 \mathrm{~K}$ is given by

\begin{equation*}
\mu_{0} = \left(\frac{3N}{2a}\right)^{2/3} \tag{3}
\end{equation*}

The grand potential for a strongly degenerate Fermi gas is

\begin{equation*}
J = -pV = -a\left(\frac{4}{15} \mu^{5/2} + \frac{\pi^{2}}{6 \beta^{2}} \mu^{1/2} - \frac{7 \pi^{4}}{1440 \beta^{4}} \mu^{-3/2}\right) \tag{4}
\end{equation*}

Using equation (4) and the relation $N = -(\partial J / \partial \mu)_{T, V}$, the average number of particles in the strongly degenerate Fermi gas is

\begin{equation*}
N = \frac{2}{3} a \left(\mu^{3/2} + \frac{\pi^{2}}{8 \beta^{2}} \mu^{-1/2} + \frac{7 \pi^{4}}{640 \beta^{4}} \mu^{-5/2}\right) \tag{6}
\end{equation*}

Using equations (2) and (6), the chemical potential for the strongly degenerate Fermi gas is

\begin{align*}
\mu & = \mu_{0} \left[1 + \frac{1}{8}\left(\frac{\pi}{\beta \mu}\right)^{2} + \frac{7}{640}\left(\frac{\pi}{\beta \mu}\right)^{4}\right]^{-2 / 3} = \mu_{0} \left[1 - \frac{1}{12}\left(\frac{\pi k T}{\mu}\right)^{2} + \frac{1}{720}\left(\frac{\pi k T}{\mu}\right)^{4}\right] \\
& = \mu_{0} \left(1 - \frac{1}{12} \theta^{2} - \frac{1}{80} \theta^{4}\right) \tag{7}
\end{align*}

where $\theta = \pi / \beta \mu_{0} = \pi k T / \mu_{0}$.",\boxed{\mu_{0}\left(1-\frac{1}{12} \theta^{2}-\frac{1}{80} \theta^{4}\right)},EX,,False,EN,Math Derivation
3776,Mechanics and Thermodynamics,Statistical Mechanics,Kinetic Theory of Gases,Consider a non-interacting non-relativistic electron gas. Determine the density of states $N(E)$ (where $E$ is the energy) when the particles are constrained to move within a planar region of area $A$.,"Consider a square region with side length $L$ (where $L^{2}=A$). The eigenfunctions of the particles are

$$
\sin \frac{n_{x} \pi x}{L} \sin \frac{n_{y} \pi y}{L},\left\{\begin{array}{l}
n_{x}=1,2, \cdots \\
n_{y}=1,2, \cdots
\end{array}\right.
$$

The energy levels are

$$
E\left(n_{x}, n_{y}\right)=\frac{\hbar^{2}}{2 m} \cdot \frac{\pi^{2}}{L^{2}}\left(n_{x}^{2}+n_{y}^{2}\right) \equiv \frac{\hbar^{2}}{2 m} \frac{\pi^{2}}{L^{2}} n^{2} \equiv E(n)
$$

The number of states between $n$ and $n+\mathrm{d} n$ is

$$
2 \cdot \frac{1}{4} \cdot 2 \pi n \mathrm{~d} n=\pi n \mathrm{~d} n
$$

Therefore, the density of states is

$$
N(E) = \pi n \frac{\mathrm{d} n}{\mathrm{d} E} = \frac{A}{2 \pi} \left( \frac{2 m}{\hbar^2} \right) E^{-1/2}
$$",\[\boxed{\frac{A}{2 \pi} \left( \frac{2 m}{\hbar^2} \right) E^{-1/2}}\],EX,,False,EN,
3778,Mechanics and Thermodynamics,Statistical Mechanics,Fermi-Dirac Statistics,"Electrons in the energy band of an ideal crystal. The relationship between the energy and momentum of the electrons is isotropic but not parabolic; it is given by $\varepsilon(k) = \sqrt{a + b k^2}$, where $\varepsilon$ and $k$ are the electron's energy and wave number, respectively, and $a$ and $b$ are two numerical factors. Calculate the density of states $D(\varepsilon)$ in this energy band.","The density of states for the electron gas $D(\varepsilon)$. Using the relationship between the wave number and electron energy, we have

\[
D(\varepsilon) \mathrm{d} \varepsilon = \frac{8 \pi}{h^{3}} V p^{2} \mathrm{~d} p = \frac{V \varepsilon \sqrt{\varepsilon^{2} - a}}{\pi^{2} b^{3/2}} \mathrm{~d} \varepsilon 
\]",\boxed{\frac{V \varepsilon \sqrt{\varepsilon^{2}-a}}{\pi^{2} b^{3 / 2}}},EX,,False,EN,Math Derivation
3779,Mechanics and Thermodynamics,Statistical Mechanics,Kinetic Theory of Gases,"When a clean solid surface is exposed to a gas with a velocity \(v\), temperature \(T\), and molecular mass \(M\), it absorbs molecules at a rate \(W\) (in molecules \(/(\mathrm{s} \cdot \mathrm{cm}^{2})\)). If the probability of absorption for molecules is zero when their normal velocity component is less than \(v_{T}\), and one when it is greater than \(v_{T}\), derive an expression for \(W\).","Let the normal direction to the solid surface be the \(x\)-axis. The distribution of the velocity component \(v_{x}\) is given by

\[
P\left(v_{x}\right)=\left(\frac{M}{2 \pi k T}\right)^{\frac{1}{2}} \mathrm{e}^{-\frac{M}{2 k T} v_{x}^{2}}
\]

From this, we obtain

\[
W=\int_{v_{T}}^{\infty} n v_{x} P\left(v_{x}\right) \mathrm{d} v_{x}=n\left(\frac{k T}{2 \pi M}\right)^{\frac{1}{2}} \mathrm{e}^{-\frac{M v_{T}^{2}}{2 k T}}
\]

where \(n\) is the molecular number density.",\(\boxed{n\left(\frac{k T}{2 \pi M}\right)^{\frac{1}{2}} \mathrm{e}^{-\frac{M v_{T}^{2}}{2 k T}}}\),EX,,False,EN,Math Derivation
3780,Mechanics and Thermodynamics,Statistical Mechanics,Fermi-Dirac Statistics,"Assume that inside a metal, electrons are confined in a square potential well with a depth of \( W \). A vacuum diode's plate has a negative voltage \( V \). Starting from the Pauli principle, derive the current formula for the vacuum diode. It is known that \( m \) is the mass of the electron, \( p_{x}, p_{y}, p_{z} \) are the components of the electron's momentum, and the kinetic energy of the electron is given by

\[
\varepsilon = \frac{1}{2m}\left(p_{x}^{2} + p_{y}^{2} + p_{z}^{2}\right)
\]

According to the Fermi-Dirac distribution, the number of electrons occupying a quantum state with energy \( \varepsilon \) is

\[
f = \frac{1}{\exp[(\varepsilon - \mu) / kT] + 1}
\]

where \( T \) and \( \mu \) are the temperature and chemical potential of the electron gas in the metal, and \( k \) is the Boltzmann constant. Let \( E_{0} \) be the minimum energy needed for an electron to escape the metal and reach the plate, then

\[
E_{0} = \varepsilon_{F} + \Phi + eV
\]

where \( \varepsilon_{F} \) is the Fermi energy of electrons at a temperature \( T \approx 0 \, \text{K} \), \( \Phi \) is the work function of the metal, and \( e \) is the electron charge, \( V \) is the retarding voltage. The potential well depth \( W = \varepsilon_{F} + \Phi \). Let \( x \) be the direction of electron emission, the number of electrons per unit area of the metal surface escaping and reaching the plate per unit time is

\[
R = \frac{2}{m h^{3}} \int_{\sqrt{2mE_{0}}}^{\infty} p_{x} \, \mathrm{d}p_{x} \int_{-\infty}^{\infty} \mathrm{d}p_{y} \int_{-\infty}^{\infty} f \, \mathrm{d}p_{z}
\]

\[
= \frac{4\pi}{h^{3}} kT \int_{\sqrt{2mE_{0}}}^{\infty} p_{x} \ln \left[ 1 + \exp \left(\frac{\mu - p_{x}^{2} / 2m}{kT}\right)\right] \, \mathrm{d}p_{x}
\]","In general, \( x = \exp \left[\left(\mu - E_{0}\right) / kT\right] \ll 1, \ln(1 + x) \approx x \), therefore the number of electrons per unit area of the metal surface escaping and reaching the plate per unit time is

\[
R = \frac{4\pi}{h^{3}} kT \int_{\sqrt{2mE_{0}}}^{\infty} p_{x} \exp \left(\frac{\mu - p_{x}^{2} / 2m}{kT}\right) \, \mathrm{d}p_{x} = \frac{4\pi}{h^{3}} mk^{2}T^{2} \exp \left(\frac{\mu - E_{0}}{kT}\right)
\]

The thermal electron current density reaching the plate is

\[
J = eR = \frac{4\pi}{h^{3}} emk^{2}T^{2} \exp \left(\frac{\mu - E_{0}}{kT}\right)
\]",\boxed{J = \frac{4\pi}{h^{3}} emk^{2}T^{2} \exp \left(\frac{\mu-E_{0}}{kT}\right)},EQ,,False,EN,Math Derivation
3782,Mechanics and Thermodynamics,Statistical Mechanics,Ensemble Theory,"A system consists of two identical particles, where the particles can occupy any of the energy levels $\varepsilon_{n}=n \varepsilon, n=0,1,2$. The lowest energy state $\varepsilon_{0}=0$ is doubly degenerate. The system is in thermal equilibrium at temperature $T$. Determine the partition function and energy of the system under the assumption that the particles obey Fermi-Dirac statistics, and enumerate the configurations.","Using the canonical ensemble, the partition function of the system is given by

$$
z=\sum_{n} \omega_{n} \mathrm{e}^{-\beta E_{n}}
$$

where $\omega_{n}$ is the degeneracy of energy level $n$, $E_{n}$ is the energy of the system, and $\beta=1 / k T$.

The particles obey Fermi-Dirac statistics, and the configurations are shown in Fig. 7.2(a).

$$
z = 1 + 2 \mathrm{e}^{-\beta \varepsilon} + \mathrm{e}^{-3 \beta \varepsilon} \left(1 + 2 \mathrm{e}^{\beta \varepsilon}\right)
$$

The energy is given by

$$
E = -\frac{\partial}{\partial \beta} \ln z = -\frac{1}{z} \frac{\partial z}{\partial \beta} = \frac{\varepsilon}{z} \mathrm{e}^{-\beta \varepsilon} \left(2 + 4 \mathrm{e}^{-\beta \varepsilon} + 3 \mathrm{e}^{-2 \beta \varepsilon}\right)
$$

$$
<image 1>
$$
\end{center}","\boxed{z = 1 + 2 \mathrm{e}^{-\beta \varepsilon} + \mathrm{e}^{-3 \beta \varepsilon} \left(1 + 2 \mathrm{e}^{\beta \varepsilon}\right), E = \frac{\varepsilon}{z} \mathrm{e}^{-\beta \varepsilon} \left(2 + 4 \mathrm{e}^{-\beta \varepsilon} + 3 \mathrm{e}^{-2 \beta \varepsilon}\right)}",EQ,"None, \varepsilon",True,EN,Laws Application
3783,Mechanics and Thermodynamics,Statistical Mechanics,Bose-Einstein Statistics,"Consider a two-dimensional square container with a side length of $L$ and a gas particle number of $N$. The energy of the single-particle ground state energy level is $\varepsilon_{0}=0$. According to the Bose-Einstein distribution, prove that there exists a temperature $T_{2N}$ such that when $T=T_{2N}$, the occupancy number $N_{0}$ of the single-particle ground state energy level is greater than $N/2$. Calculate the expression for $T_{2N}$.","The number of gas particles is $N$, with $N=N_{0}+N_{\mathrm{e}}$, where $N_{0}$ and $N_{\mathrm{e}}$ are the occupancy numbers of the single-particle ground state energy level and the excited states, respectively. It is known that the energy of the single-particle ground state energy level is $\varepsilon_{0}=0$. According to the Bose-Einstein distribution, the occupancy number of the single-particle ground state energy level is given by

\begin{equation*}
N_{0}=\frac{g_{0}}{\exp (-\mu / k T)-1}=\frac{g_{0} \lambda}{1-\lambda} \tag{1}
\end{equation*}

where the fugacity of the gas $\lambda=\exp (\mu / k T)<1$. Consequently, $x=\exp \left[\left(\mu-\varepsilon_{i}\right) / k T\right]<1$, and $1/(1-x)=\sum_{l=0}^{\infty} x^{l}$. Thus, the occupancy number of the single-particle excited states is

\begin{equation*}
N_{\mathrm{e}}=\sum_{i>0} \frac{g_{i}}{\exp \left[\left(\varepsilon_{i}-\mu\right) / k T\right]-1}=\sum_{l=1}^{\infty} \lambda^{l} \sum_{i>0} g_{i} \exp \left(-l \varepsilon_{i} / k T\right) \tag{2}
\end{equation*}

For particle energy $\varepsilon=m v^{2} / 2$, where $v$ is the particle velocity, in a two-dimensional Bose gas

\begin{equation*}
\sum_{i>0} g_{i} \exp \left(-\frac{l \varepsilon_{i}}{k T}\right)=\frac{m^{2} A}{h^{2}} \int_{0}^{\infty} 2 \pi v \exp \left(-\frac{m v^{2} l}{2 k T}\right) \mathrm{d} v=\frac{A}{A_{\mathrm{q}}} l^{-1} \tag{3}
\end{equation*}

where $A=L^{2}$ is the area of the two-dimensional system, and $A_{\mathrm{q}}$ is the ""quantum area"":

\begin{equation*}
A_{\mathrm{q}}=\frac{h^{2}}{2 \pi m k T} \tag{4}
\end{equation*}

From equations (1)–(4), we can derive

\begin{equation*}
\frac{N_{\mathrm{e}}}{N_{0}}=\frac{A}{g_{0} A_{\mathrm{q}}}\left[\sum_{l=1}^{\infty} \lambda^{l-1} l^{-1}-\sum_{l=1}^{\infty} \lambda^{l} l^{-1}\right]=\frac{A}{g_{0} A_{\mathrm{q}}}\left[1-\sum_{l=1}^{\infty} \frac{\lambda^{l}}{l(l+1)}\right] \tag{5}
\end{equation*}

Since $N_{\mathrm{e}}=N-N_{0}$, from equation (5) we obtain

\begin{equation*}
N_{0}=g_{0} n A_{\mathrm{q}} \cdot \frac{1}{1+g_{0} A_{\mathrm{q}} / A-\sum_{l=1}^{\infty} \lambda^{l} / l(l+1)} \tag{6}
\end{equation*}

where $n=N / A$ is the particle number surface density. When $g_{0} n A_{\mathrm{q}}=N$, from equation (4) we get

\begin{equation*}
T=T_{2N}=\frac{g_{0}}{A} \cdot \frac{h^{2}}{2 \pi k m} \tag{7}
\end{equation*}",\boxed{\frac{g_{0}}{A} \cdot \frac{h^{2}}{2 \pi k m}},EX,,False,EN,Math Derivation
