index,domain,subject,topic,problem,solution,answers,answer_type,unit,is_multiple_answer,language,level
1574,Mechanics and Thermodynamics,Theoretical Mechanics,Small Vibrations of Finite System,"In a vacuum, a satellite with a mass of 950 kg is being towed by a spaceship using a homogeneous rope that is 50 m long, with a linear density of 1 kg/m, at a uniform acceleration of 5 m/sÂ² in a straight line. Calculate the force exerted by the spaceship on the rope.","The generalized forces for generalized coordinates $x, s$ are

$$
Q_{x}=F_{0} \cos \Omega t, \quad Q_{s}=0
$$

After applying the normal coordinates $\xi, \eta$, the relationship for generalized forces is given by:

$$
\begin{pmatrix} Q_{\xi} \\ Q_{\eta} \end{pmatrix} =\left(\begin{array}{cc} \frac{1}{2} & -\frac{3}{2} \\ -\frac{\sqrt{3}}{2} & -\frac{\sqrt{3}}{2} \end{array}\right) \begin{pmatrix} Q_{x} \\ Q_{s} \end{pmatrix}
$$

where the transformation matrix is $\boldsymbol{G}^{\boldsymbol{T}}$. Substituting $Q_{x}, Q_{s}$ gives

$$
Q_{\xi}=\frac{1}{2} F_{0} \cos \Omega t, \quad Q_{\eta}=-\frac{\sqrt{3}}{2} F_{0} \cos \Omega t
$$

The differential equations are:

$$
\begin{gathered}
2 m \ddot{\xi}+k \xi=\frac{1}{2} F_{0} \cos \Omega t \\
6 m \ddot{\eta}+k \eta=-\frac{\sqrt{3}}{2} F_{0} \cos \Omega t
\end{gathered}
$$

The particular solutions are:

$$
\begin{aligned}
\xi^{*}= & \frac{\frac{F_{0}}{4 m}}{\frac{k}{2 m}-\Omega^{2}} \cos \Omega t=\frac{F_{0} l}{2 m\left(3 g-2 l \Omega^{2}\right)} \cos \Omega t \\
\eta^{*}= & \frac{-\sqrt{3} F_{0}}{\frac{k}{6 m}-\Omega^{2}} \cos \Omega t=\frac{-\sqrt{3} F_{0} l}{6 m\left(g-2 l \Omega^{2}\right)} \cos \Omega t
\end{aligned}
$$

The general solutions are:

$$
\begin{aligned}
& \xi=\frac{F_{0} l}{2 m\left(3 g-2 l \Omega^{2}\right)} \cos \Omega t+C_{1}^{\prime} \cos \left(\sqrt{\frac{3 g}{2 l}} t+\alpha_{1}\right) \\
& \eta=-\frac{\sqrt{3} F_{0} l}{6 m\left(g-2 l \Omega^{2}\right)} \cos \Omega t+C_{2}^{\prime} \cos \left(\sqrt{\frac{g}{2 l}} t+\alpha_{2}\right)
\end{aligned}
$$

Further, we obtain:

$$
\begin{aligned}
x= & \frac{1}{2} \xi - \frac{\sqrt{3}}{2} \eta = \left[\frac{F_{0} l}{4 m(3 g-2 l \Omega^{2})} + \frac{F_{0} l}{4 m(g-2 l \Omega^{2})}\right] \cos \Omega t \\
& + C_{1} \cos \left(\sqrt{\frac{3g}{2l}} t+\alpha_{1}\right) + C_{2} \cos \left(\sqrt{\frac{g}{2l}} t+\alpha_{2}\right) \\
\theta= & -\frac{3}{2 l} \xi - \frac{\sqrt{3}}{2 l} \eta = \left[-\frac{3 F_{0}}{4 m(3g-2l\Omega^{2})} + \frac{F_{0}}{4m(g-2l\Omega^{2})}\right] \cos \Omega t 
\end{aligned}
$$

$$
-\frac{3}{l} C_{1} \cos \left(\sqrt{\frac{3g}{2l}} t+\alpha_{1}\right) + \frac{1}{l} C_{2} \cos \left(\sqrt{\frac{g}{2l}} t+\alpha_{2}\right)
$$

Figure 10.59 \\
$$
<image 1>
$$",\boxed{5000},NV,\mathrm{N},False,EN,Practical Application
1630,Mechanics and Thermodynamics,Theoretical Mechanics,Small Vibrations of Finite System,"In a vacuum, a satellite with a mass of 950 kg is being pulled by a spaceship using a homogenous rope that is 50 meters long with a linear density of 1 kg/m. The satellite is moving with a constant acceleration of 5 m/sÂ² in a straight line. Calculate the tension distribution in the rope.","The generalized forces for generalized coordinates $x, s$ are

$$
Q_{x}=F_{0} \cos \Omega t, \quad Q_{s}=0
$$

After applying the normal coordinates $\xi, \eta$, the relationship for generalized forces is given by:

$$
\begin{pmatrix} Q_{\xi} \\ Q_{\eta} \end{pmatrix} =\left(\begin{array}{cc} \frac{1}{2} & -\frac{3}{2} \\ -\frac{\sqrt{3}}{2} & -\frac{\sqrt{3}}{2} \end{array}\right) \begin{pmatrix} Q_{x} \\ Q_{s} \end{pmatrix}
$$

where the transformation matrix is $\boldsymbol{G}^{\boldsymbol{T}}$. Substituting $Q_{x}, Q_{s}$ gives

$$
Q_{\xi}=\frac{1}{2} F_{0} \cos \Omega t, \quad Q_{\eta}=-\frac{\sqrt{3}}{2} F_{0} \cos \Omega t
$$

The differential equations are:

$$
\begin{gathered}
2 m \ddot{\xi}+k \xi=\frac{1}{2} F_{0} \cos \Omega t \\
6 m \ddot{\eta}+k \eta=-\frac{\sqrt{3}}{2} F_{0} \cos \Omega t
\end{gathered}
$$

The particular solutions are:

$$
\begin{aligned}
\xi^{*}= & \frac{\frac{F_{0}}{4 m}}{\frac{k}{2 m}-\Omega^{2}} \cos \Omega t=\frac{F_{0} l}{2 m\left(3 g-2 l \Omega^{2}\right)} \cos \Omega t \\
\eta^{*}= & \frac{-\sqrt{3} F_{0}}{\frac{k}{6 m}-\Omega^{2}} \cos \Omega t=\frac{-\sqrt{3} F_{0} l}{6 m\left(g-2 l \Omega^{2}\right)} \cos \Omega t
\end{aligned}
$$

The general solutions are:

$$
\begin{aligned}
& \xi=\frac{F_{0} l}{2 m\left(3 g-2 l \Omega^{2}\right)} \cos \Omega t+C_{1}^{\prime} \cos \left(\sqrt{\frac{3 g}{2 l}} t+\alpha_{1}\right) \\
& \eta=-\frac{\sqrt{3} F_{0} l}{6 m\left(g-2 l \Omega^{2}\right)} \cos \Omega t+C_{2}^{\prime} \cos \left(\sqrt{\frac{g}{2 l}} t+\alpha_{2}\right)
\end{aligned}
$$

Further, we obtain:

$$
\begin{aligned}
x= & \frac{1}{2} \xi - \frac{\sqrt{3}}{2} \eta = \left[\frac{F_{0} l}{4 m(3 g-2 l \Omega^{2})} + \frac{F_{0} l}{4 m(g-2 l \Omega^{2})}\right] \cos \Omega t \\
& + C_{1} \cos \left(\sqrt{\frac{3g}{2l}} t+\alpha_{1}\right) + C_{2} \cos \left(\sqrt{\frac{g}{2l}} t+\alpha_{2}\right) \\
\theta= & -\frac{3}{2 l} \xi - \frac{\sqrt{3}}{2 l} \eta = \left[-\frac{3 F_{0}}{4 m(3g-2l\Omega^{2})} + \frac{F_{0}}{4m(g-2l\Omega^{2})}\right] \cos \Omega t 
\end{aligned}
$$

$$
-\frac{3}{l} C_{1} \cos \left(\sqrt{\frac{3g}{2l}} t+\alpha_{1}\right) + \frac{1}{l} C_{2} \cos \left(\sqrt{\frac{g}{2l}} t+\alpha_{2}\right)
$$

Figure 10.59 \\
$$
<image 1>
$$",\boxed{5 \times 10^{3} - 5x},EX,\mathrm{N},False,EN,Math Derivation
1730,Mechanics and Thermodynamics,Theoretical Mechanics,Lagrangian Formulation of Mechanics,"A particle with mass $m$, under the influence of gravity, falls vertically from rest and is subject to a resistive force that can be described by the dissipation function $R=\frac{1}{2} \gamma \dot{x}^{2}$. Prove that the maximum velocity of the particle is $\frac{mg}{\gamma}$.","Take the $x$-axis vertically downward,

From

$$
\begin{aligned}
& T=\frac{1}{2} m \dot{x}^{2}, \quad V=-mgx, \\
& L=T-V=\frac{1}{2} m \dot{x}^{2} + mgx, \\
& R=\frac{1}{2} \gamma \dot{x}^{2}, \quad Q=-\frac{\partial R}{\partial \dot{x}}=-\gamma \dot{x}, \\
& \frac{\mathrm{d}}{\mathrm{d} t}\left(\frac{\partial L}{\partial \dot{x}}\right) - \frac{\partial L}{\partial x}=Q \\
& m \ddot{x} - mg = -\gamma \dot{x}
\end{aligned}
$$

When the maximum velocity is reached, $\ddot{x}=0$. Substituting into the above equation gives

$$
\dot{x}_{\max} = \frac{mg}{\gamma}
$$",\boxed{\frac{mg}{\gamma}},NV,,False,EN,Math Derivation
1765,Mechanics and Thermodynamics,Theoretical Mechanics,Small Vibrations of Finite System,"A particle with mass $m$ moves on a smooth parabola in the vertical plane described by $z=\frac{1}{a} x^{2}$ (where $a$ is a constant, and the $z$-axis is vertically upwards). Write the Lagrangian function.","Using $x$ as the generalized coordinate,

$$
\begin{gathered}
T=\frac{1}{2} m\left(\dot{x}^{2}+\dot{z}^{2}\right)=\frac{1}{2} m\left(1+\frac{4 x^{2}}{a^{2}}\right) \dot{x}^{2}, \\
V=m g z=\frac{1}{a} m g x^{2}, \\
L=\frac{1}{2} m\left(1+\frac{4 x^{2}}{a^{2}}\right) \dot{x}^{2}-\frac{1}{a} m g x^{2}.
\end{gathered}
$$",\boxed{L = \frac{1}{2} m\left(1+\frac{4 x^{2}}{a^{2}}\right) \dot{x}^{2} - \frac{1}{a} m g x^{2}},EX,,False,EN,Laws Application
1769,Mechanics and Thermodynamics,Theoretical Mechanics,Lagrangian Formulation of Mechanics,"A particle moving in a uniform gravitational field is described using spherical coordinates, with the vertical upward direction taken as the polar axis. Find the generalized force component of gravity in the \( \varphi \) direction.","Solution

Thus

$$
\begin{aligned}
Q_{\varphi} & =0
\end{aligned}
$$",\boxed{0},NV,,False,EN,Knowledge Recall
1776,Mechanics and Thermodynamics,Theoretical Mechanics,Lagrangian Formulation of Mechanics,"Consider a homogeneous rod of length $l$ and mass $M$ moving in the vertical $xz$ plane. One end of the rod, $A$, is constrained to slide along the line $z = x \tan \alpha$ (where $\alpha$ is the angle of the line with respect to the horizontal $x$ axis). Using the generalized coordinates shown in Figure 7.59: $s$ and $\theta$. Under the condition of pure translation, determine the value of $\theta$.","In pure translation, $\dot{\theta}=0, \ddot{\theta}=0$. Substituting into the motion differential equations, we have:

$$
\begin{aligned}
& \ddot{s} - g \sin \alpha = 0 \\
& \ddot{s} \cos (\theta-\alpha) - g \sin \theta = 0
\end{aligned}
$$

Eliminating $\ddot{s}$ from the second equation using the first equation, we get:

$$
\begin{aligned}
& \sin \alpha \cos (\theta-\alpha) - \sin \theta = 0 \\
& \sin \alpha(\cos \theta \cos \alpha + \sin \theta \sin \alpha) - \sin \theta = 0 \\
& \sin \alpha \cos \alpha \cos \theta - \sin \theta \left(1-\sin^{2} \alpha\right) = 0 \\
& \sin \alpha \cos \theta - \sin \theta \cos \alpha = 0 \\
& \sin (\alpha-\theta) = 0 \\
& \quad \theta = \alpha \text{ or } \pi + \alpha
\end{aligned}
$$","\boxed{\alpha, \pi + \alpha}","NV, NV",,True,EN,Math Derivation
1779,Mechanics and Thermodynamics,Theoretical Mechanics,Small Vibrations of Finite System,"A solid sphere with mass $m$ and radius $r$ rolls on the inner surface of a fixed spherical shell with radius $R$. Assuming the condition for pure rolling exists: $(R - r) \dot{\theta} - r \dot{\varphi} = 0$, find the expression for $\dot{\varphi}$.","Due to pure rolling,

$$
\begin{gathered}
(R - r) \dot{\theta} - r \dot{\varphi} = 0 \\
\dot{\varphi} = \frac{R - r}{r} \dot{\theta}
\end{gathered}
$$",\boxed{\dot{\varphi} = \frac{R - r}{r} \dot{\theta}},EQ,,False,EN,Laws Application
1780,Mechanics and Thermodynamics,Theoretical Mechanics,Small Vibrations of Finite System,A solid sphere with mass $m$ and radius $r$ rolls on the inner surface of a fixed spherical shell with radius $R$. Use the Lagrangian equation to determine the period $T$ of small oscillations of the sphere near its equilibrium position.,"From the Lagrangian equation

$$
\frac{\mathrm{d}}{\mathrm{d} t}\left(\frac{\partial L}{\partial \dot{\theta}}\right) - \frac{\partial L}{\partial \theta} = 0
$$

we obtain

$$
\begin{gathered}
\frac{7}{5} m (R - r)^{2} \ddot{\theta} + m g (R - r) \theta = 0 \\
\omega = \sqrt{\frac{5 g}{7 (R - r)}} \\
T = \frac{2 \pi}{\omega} = 2 \pi \sqrt{\frac{7 (R - r)}{5 g}}
\end{gathered}
$$","\[
\boxed{2 \pi \sqrt{\frac{7 (R - r)}{5 g}}}
\]",EX,,False,EN,Math Derivation
1782,Mechanics and Thermodynamics,Theoretical Mechanics,Lagrangian Formulation of Mechanics,"Consider a homogeneous rod of length \( l \) and mass \( M \), moving within a vertical \( xz \) plane. One end, \( A \), of the rod is constrained to slide along the line \( z = x \tan \alpha \) (where \( \alpha \) is the angle of the line with respect to the horizontal \( x \)-axis). Utilize the generalized coordinates shown in Figure 7.59: \( s \) and \( \theta \). Compute the expressions for the kinetic energy \( T \) and the potential energy \( V \).","The kinetic energy is:

$$
T = \frac{1}{2} M\left(\dot{x}_{C}^{2} + \dot{z}_{C}^{2}\right) + \frac{1}{2} \cdot \frac{1}{12} M l^{2} \dot{\theta}^{2}
$$

Simplifying gives:

$$
T = \frac{1}{2} M \left[ \dot{s}^{2} + \frac{1}{3} l^{2} \dot{\theta}^{2} - l \dot{s} \dot{\theta} \cos (\theta-\alpha) \right]
$$

The potential energy is:

$$
V = -M g z_{C} = -M g \left( s \sin \alpha + \frac{l}{2} \cos \theta \right)
$$","\boxed{T, V}","EX, EX","None, None",True,EN,Practical Application
1789,Mechanics and Thermodynamics,Theoretical Mechanics,Lagrangian Formulation of Mechanics,"Given two types of vector potentials: \( \boldsymbol{A} = \frac{1}{2} r B_{0} \boldsymbol{e}_{\varphi} \) and \( \boldsymbol{A}^{\prime} = -B_{0} r \sin \varphi \left( \cos \varphi \, \boldsymbol{e}_{r} - \sin \varphi \, \boldsymbol{e}_{\varphi} \right) \). Prove that there exists a \( \Lambda \) such that \( \boldsymbol{A}^{\prime} = \boldsymbol{A} + \nabla \Lambda \), and determine this \( \Lambda \).","A \( \Lambda \) can be found such that \( \boldsymbol{A}^{\prime} = \boldsymbol{A} + \nabla \Lambda \). This \( \Lambda \) is:

\[
\Lambda = -\frac{1}{2} B_{0} r^{2} \sin \varphi \cos \varphi
\]",\boxed{-\frac{1}{2} B_{0} r^{2} \sin \varphi \cos \varphi},EX,,False,EN,Math Derivation
1791,Mechanics and Thermodynamics,Theoretical Mechanics,Lagrangian Formulation of Mechanics,"In a Cartesian coordinate system rotating with a constant angular velocity \(\omega\) about the \(z\)-axis relative to an inertial frame, a particle of mass \(m\) moves under the influence of a potential energy \(V(x, y, z)\). Using \(x, y, z\) as generalized coordinates, write the Lagrangian function for this particle.","The kinetic energy \(T\) is

\[
T = \frac{1}{2} m \left[(\dot{x} - \omega y)^2 + (\dot{y} + \omega x)^2 + \dot{z}^2\right] = \frac{1}{2} m \left( \dot{x}^2 + \dot{y}^2 + \dot{z}^2 \right) + \frac{1}{2} m \omega^2 (x^2 + y^2) + m \omega (x \dot{y} - y \dot{x})
\]

The Lagrangian function \(L\) is:

\[
L = T - V = \frac{1}{2} m \left( \dot{x}^2 + \dot{y}^2 + \dot{z}^2 \right) + \frac{1}{2} m \omega^2 (x^2 + y^2) + m \omega (x \dot{y} - y \dot{x}) - V(x, y, z)
\]","\boxed{\frac{1}{2} m \left( \dot{x}^2 + \dot{y}^2 + \dot{z}^2 \right) + \frac{1}{2} m \omega^2 (x^2 + y^2) + m \omega (x \dot{y} - y \dot{x}) - V(x, y, z)}",EX,,False,EN,Math Derivation
1793,Mechanics and Thermodynamics,Theoretical Mechanics,Hamiltonian Formulation of Mechanics,"For a particle of mass \( m \) under the force \( f = \frac{k}{x^{2}} \mathrm{e}^{-\frac{t}{\tau}} \), is its Hamiltonian a constant of motion?","Since \(\frac{\partial H}{\partial t} \neq 0\), \( H \) is not a constant of motion.",\boxed{No},TF,,False,EN,Laws Application
1794,Mechanics and Thermodynamics,Theoretical Mechanics,Lagrangian Formulation of Mechanics,A particle with mass $m$ moves in a plane using $r$ and $\sin \varphi$ as generalized coordinates. Find the kinetic energy of the particle.,"Let $x = r \cos \varphi, \ y = r \sin \varphi$. Now using $r$ and $q = \sin \varphi$ as generalized coordinates,

$$
\begin{aligned}
x & = r \cos \varphi = r \sqrt{1-q^{2}} \\
y & = r \sin \varphi = r q \\
\dot{x} & = \dot{r} \sqrt{1-q^{2}} - \frac{r q \dot{q}}{\sqrt{1-q^{2}}} \\
\dot{y} & = \dot{r} q + r \dot{q} \\
T & = \frac{1}{2} m\left(\dot{x}^{2} + \dot{y}^{2}\right) = \frac{1}{2} m\left[\left(\dot{r} \sqrt{1-q^{2}} - \frac{r q \dot{q}}{\sqrt{1-q^{2}}}\right)^{2} + (\dot{r} q + r \dot{q})^{2}\right] \\
& = \frac{1}{2} m\left(\dot{r}^{2} + \frac{r^{2} \dot{q}^{2}}{1-q^{2}}\right)
\end{aligned}
$$","\[
\boxed{\frac{1}{2} m\left(\dot{r}^{2} + \frac{r^{2} \dot{q}^{2}}{1-q^{2}}\right)}
\]",EX,,False,EN,Math Derivation
1795,Mechanics and Thermodynamics,Theoretical Mechanics,Hamiltonian Formulation of Mechanics,A particle with unit mass moves along the \( x \)-axis under the action of an external force \( F=-(x+t) \). It is located at \( x=0 \) at both \( t=0 \) and \( t=1 \). Determine the exact solution to this problem.,"\[
\begin{gathered}
T=\frac{1}{2} \dot{x}^{2}, \quad V=-\frac{1}{2}(x+t)^{2} \\
L=\frac{1}{2} \dot{x}^{2}+\frac{1}{2}(x+t)^{2}
\end{gathered}
\]

Using Hamilton's principle or the Lagrange equation, the differential equation of motion is obtained as

\[
\ddot{x}=-(x+t)
\]

To find the exact solution, let \( y=x+t \), then \( x=y-t \), thus

\[
\begin{gathered}
\dot{x}=\dot{y}-1, \quad \ddot{x}=\ddot{y} \\
\ddot{y}=-y \\
y=c_{1} \sin \left(t+c_{2}\right) \\
x=c_{1} \sin \left(t+c_{2}\right)-t
\end{gathered}
\]

By using \( x=0 \) at \( t=0 \) and \( t=1 \), solve for \( c_{1} \) and \( c_{2} \), obtaining

\[
\begin{gathered}
c_{1}=\frac{1}{\sin 1}, \quad c_{2}=0 \\
x=\frac{\sin t}{\sin 1}-t
\end{gathered}
\]",\boxed{x=\frac{\sin t}{\sin 1}-t},EQ,,False,EN,Math Derivation
1796,Mechanics and Thermodynamics,Theoretical Mechanics,Lagrangian Formulation of Mechanics,"In the $xy$ plane, any point can be represented using coordinates $c, x$, where $c$ satisfies $xy = c$. If gravity acts in the negative direction along the $y$-axis, determine the generalized force exerted by gravity on a particle of mass $m$.","When choosing $c, x$ as generalized coordinates,

$$
\delta W=-m g \delta y
$$

Since

$$
\begin{gathered}
y=\frac{c}{x}, \quad \delta y=\frac{1}{x} \delta c-\frac{1}{x^{2}} \delta x \\
\delta W=-m g\left(\frac{1}{x} \delta c-\frac{1}{x^{2}} \delta x\right) \\
Q_{c}=-\frac{m g}{x}, \quad Q_{x}=\frac{m g c}{x^{2}}
\end{gathered}
$$","\boxed{Q_{c} = -\frac{m g}{x}, Q_{x} = \frac{m g c}{x^{2}}}",EX,"None, None",True,EN,Math Derivation
1799,Mechanics and Thermodynamics,Theoretical Mechanics,Hamiltonian Formulation of Mechanics,A particle with mass $m$ is moving in one dimension under the influence of a force $f=\frac{k}{x^{2}} \mathrm{e}^{-\frac{t}{\tau}}$ (where $k$ and $\tau$ are positive constants). Write down its Hamiltonian function.,"\[
H=\frac{1}{2m} p_{x}^{2}+\frac{k}{x} \mathrm{e}^{-\frac{t}{\tau}}
\]",\boxed{H=\frac{1}{2m} p_{x}^{2}+\frac{k}{x} \mathrm{e}^{-\frac{t}{\tau}}},EQ,,False,EN,Laws Application
1800,Mechanics and Thermodynamics,Theoretical Mechanics,Lagrangian Formulation of Mechanics,"A particle with mass $m$ moves on a smooth plane under the influence of an attractive force from a fixed point $P$ on the plane. The magnitude of the force is inversely proportional to the square of the distance from point $P$, with a proportionality constant of $k$. Write the Lagrangian function of this particle in polar coordinates.","Take point $P$ as the origin of the polar coordinate system,

$$
\boldsymbol{F} = -\frac{k}{r^2} \hat{\boldsymbol{r}}
$$

Assume the potential energy at infinity is zero,

$$
\begin{aligned}
V(r) &= -\int_{\infty}^{r} \boldsymbol{F} \cdot \mathrm{d} \boldsymbol{r} = \int_{r}^{\infty}\left(-\frac{k}{r^2}\right) \mathrm{d}r = -\frac{k}{r}, \\
T &= \frac{1}{2} m\left(\dot{r}^2 + r^2 \dot{\varphi}^2\right), \\
L &= T - V = \frac{1}{2} m\left(\dot{r}^2 + r^2 \dot{\varphi}^2\right) + \frac{k}{r}.
\end{aligned}
$$",\boxed{L = \frac{1}{2} m\left(\dot{r}^2 + r^2 \dot{\varphi}^2\right) + \frac{k}{r}},EQ,,False,EN,Math Derivation
1801,Mechanics and Thermodynamics,Theoretical Mechanics,Hamiltonian Formulation of Mechanics,A particle with mass $m$ moves in one dimension under the influence of a force $f = \frac{k}{x^{2}} \mathrm{e}^{-\frac{t}{\tau}}$ (where both $k$ and $\tau$ are positive constants). Write down its Lagrangian function.,"\[
L = \frac{1}{2} m \dot{x}^{2} - \frac{k}{x} \mathrm{e}^{-\frac{t}{\tau}}
\]",\boxed{L = \frac{1}{2} m \dot{x}^{2} - \frac{k}{x} \mathrm{e}^{-\frac{t}{\tau}}},EQ,,False,EN,
1802,Mechanics and Thermodynamics,Theoretical Mechanics,Hamiltonian Formulation of Mechanics,"A particle with mass \(m\) moves on the surface of a sphere with radius \(R\), without being subjected to any external forces.  
How many generalized coordinates are required for this problem?","Since the particle is constrained to move on a spherical surface, two generalized coordinates are needed to describe its motion.",\boxed{2},NV,,False,EN,Knowledge Recall
1804,Mechanics and Thermodynamics,Theoretical Mechanics,Hamiltonian Formulation of Mechanics,"A particle with unit mass moves along the \( x \)-axis under the external force \( F=-(x+t) \). It is located at \( x=0 \) at both \( t=0 \) and \( t=1 \). Use the Ritz method to find an approximate solution for this problem, calculating only for \( n=0 \).","Below, we use the Ritz method to find the approximate solution:

\[
\int L \mathrm{~d} t=\int\left[\frac{1}{2} \dot{x}^{2}-\frac{1}{2}(x+t)^{2}\right] \mathrm{d} t
\]

Assume:

\[
\begin{gathered}
x(t)=\alpha_{0} t(1-t) \\
\dot{x}=\alpha_{0}-2 \alpha_{0} t \\
\phi\left(\alpha_{0}\right)=\int_{0}^{1}\left[\frac{1}{2}\left(\alpha_{0}-2 \alpha_{0} t\right)^{2}-\frac{1}{2}\left(\alpha_{0} t-\alpha_{0} t^{2}+t\right)^{2}\right] \mathrm{d} t
\end{gathered}
\]

Upon calculation, we get:

\[
\phi\left(\alpha_{0}\right)=\frac{3}{20} \alpha_{0}^{2}-\frac{1}{12} \alpha_{0}-\frac{1}{6}
\]

Determine the value of \( \alpha_{0} \) by finding the extremum of \( \phi\left(\alpha_{0}\right) \),

The approximate solution is:

\[
\begin{gathered}
\frac{d \phi}{d \alpha_{0}}=\frac{3}{10} \alpha_{0}-\frac{1}{12}=0 \\
\alpha_{0}=\frac{5}{18} \\
x=\frac{5}{18}t(1-t)
\end{gathered}
\]",\boxed{\frac{5}{18}t(1-t)},EX,,False,EN,Math Derivation
1806,Mechanics and Thermodynamics,Theoretical Mechanics,Lagrangian Formulation of Mechanics,"A particle moves in a uniform gravitational field, described using spherical coordinates, with the vertically upward direction as the polar axis. Find the component of the generalized force of gravity in the \( r \) direction.","Solution

So

$$
\begin{aligned}
\delta W & =-m g \delta z \\
z & =r \cos \theta \\
\delta z & =\cos \theta \, \delta r - r \sin \theta \, \delta \theta \\
\delta W & =-m g \cos \theta \, \delta r + m g r \sin \theta \, \delta \theta \\
Q_{r} & =-m g \cos \theta \\
\end{aligned}
$$",\boxed{-mg \cos \theta},EX,,False,EN,Math Derivation
1807,Mechanics and Thermodynamics,Theoretical Mechanics,Lagrangian Formulation of Mechanics,"Determine the dissipation function \( R \) of a ring with radius \( r \), given that the mass element of the ring is located in the region \(\alpha \sim \alpha+\mathrm{d}\alpha\). The frictional force acting on each element of the ring is described by the following expression:

$$
\begin{aligned}
& -f \frac{\left[\dot{x}-r \dot{\varphi} \sin (\varphi+\alpha)\right] i+\left[\dot{y}+r \dot{\varphi} \cos (\varphi+\alpha)\right] j}{\left\{\left[\dot{x}-r \dot{\varphi} \sin (\varphi+\alpha)\right]^{2}+\left[\dot{y}+r \dot{\varphi} \cos (\varphi+\alpha)\right]^{2}\right\}^{1 / 2}} r \mathrm{~d} \alpha \\
& \dot{x}^{\prime}=\dot{x}-r \dot{\varphi} \sin (\varphi+\alpha), \\
& \dot{y}^{\prime}=\dot{y}+r \dot{\varphi} \cos (\varphi+\alpha).
\end{aligned}
$$","$$
\begin{aligned}
R= & \int_{0}^{2 \pi}\left(f \frac{\left[\dot{x}-r \dot{\varphi} \sin (\varphi+\alpha)\right] \mathrm{d}[\dot{x}-r \dot{\varphi} \sin (\varphi+\alpha)]}{\left\{\left[\dot{x}-r \dot{\varphi} \sin (\varphi+\alpha)\right]^{2}+\left[\dot{y}+r \dot{\varphi} \cos (\varphi+\alpha)\right]^{2}\right\}^{1 / 2}}\right. \\
& \left.+f \frac{\left[\dot{y}+r \dot{\varphi} \cos (\varphi+\alpha)\right] \mathrm{d}[\dot{y}+r \dot{\varphi} \cos (\varphi+\alpha)]}{\left\{\left[\dot{x}-r \dot{\varphi} \sin (\varphi+\alpha)\right]^{2}+\left[\dot{y}+r \dot{\varphi} \cos (\varphi+\alpha)\right]^{2}\right\}^{1 / 2}}\right) r \mathrm{~d} \alpha \\
= & r f \int_{0}^{2 \pi} \frac{\frac{1}{2} \mathrm{d}\left\{\left[\dot{x}-r \dot{\varphi} \sin (\varphi+\alpha)\right]^{2}+\left[\dot{y}+r \dot{\varphi} \cos (\varphi+\alpha)\right]^{2}\right\}}{\left\{\left[\dot{x}-r \dot{\varphi} \sin (\varphi+\alpha)\right]^{2}+\left[\dot{y}+r \dot{\varphi} \cos (\varphi+\alpha)\right]^{2}\right\}^{1 / 2}} \mathrm{~d} \alpha \\
= & r f \int_{0}^{2 \pi}\left\{\left[\dot{x}-r \dot{\varphi} \sin (\varphi+\alpha)\right]^{2}+\left[\dot{y}+r \dot{\varphi} \cos (\varphi+\alpha)\right]^{2}\right\}^{1 / 2} \mathrm{~d} \alpha
\end{aligned}
$$",\(\boxed{r f \int_{0}^{2 \pi}\left\{\left[\dot{x}-r \dot{\varphi} \sin (\varphi+\alpha)\right]^{2}+\left[\dot{y}+r \dot{\varphi} \cos (\varphi+\alpha)\right]^{2}\right\}^{1 / 2} \mathrm{~d} \alpha}\),EX,,False,EN,
1809,Mechanics and Thermodynamics,Theoretical Mechanics,Lagrangian Formulation of Mechanics,"Given a one-dimensional Lagrangian function

$$
L = e^{\gamma t} \left(\frac{1}{2} m \dot{q}^{2} - \frac{1}{2} k q^{2}\right)
$$

where $\gamma, m, k$ are all positive constants. If we use the generalized coordinate $s$, with the transformation relation to the original generalized coordinate $q$ given by $s = e^{\frac{1}{2} \gamma t} q$, rewrite the Lagrangian function, the Lagrange equation, and discuss whether any constants of motion can be directly written. Also, explain the relationship between the two solutions.","If we use the generalized coordinate $s$, where $s = e^{\frac{1}{2} \gamma t} q$, then

\begin{align*}
& q = e^{-\frac{1}{2} \gamma t} s, \quad \dot{q} = e^{-\frac{1}{2} \gamma t} \dot{s} - \frac{1}{2} \gamma e^{-\frac{1}{2} \gamma t} s, \\
& L = e^{\gamma t} \left[\frac{1}{2} m \left(e^{-\frac{1}{2} \gamma t} \dot{s} - \frac{1}{2} \gamma e^{-\frac{1}{2} \gamma t} s\right)^{2} - \frac{1}{2} k \left(e^{-\frac{1}{2} \gamma t} s\right)^{2}\right] \\
& = \frac{1}{2} m \left(\dot{s} - \frac{1}{2} \gamma s\right)^{2} - \frac{1}{2} k s^{2} \\
& \frac{\partial L}{\partial \dot{s}} = m \left(\dot{s} - \frac{1}{2} \gamma s\right), \quad \frac{\mathrm{d}}{\mathrm{d} t} \left(\frac{\partial L}{\partial \dot{s}}\right) = m \left(\ddot{s} - \frac{1}{2} \gamma \dot{s}\right) \\
& \frac{\partial L}{\partial s} = -\frac{1}{2} m \gamma \left(\dot{s} - \frac{1}{2} \gamma s\right) - k s = -\frac{1}{2} m \gamma \dot{s} - \left(k - \frac{1}{4} m \gamma^{2}\right) s \\
& m \left(\ddot{s} - \frac{1}{2} \gamma \dot{s}\right) + \frac{1}{2} m \gamma \dot{s} + \left(k - \frac{1}{4} m \gamma^{2}\right) s = 0 \\
& \ddot{s} + \left(\frac{k}{m} - \frac{\gamma^{2}}{4}\right) s = 0 \tag{1}
\end{align*}

Since $\frac{\partial L}{\partial t} = 0$, we can directly write a constant of motion:

$$
\frac{\partial L}{\partial \dot{s}} \dot{s} - L = \text{constant}
$$

i.e.,

$$
\frac{1}{2} m \dot{s}^{2} + \frac{1}{2} m \left(\frac{k}{m} - \frac{\gamma^{2}}{4}\right) s^{2} = \text{constant}
$$

From the differential equation of motion (1), it is evident that if $\frac{k}{m} > \frac{\gamma^{2}}{4}$, i.e., $\frac{\gamma}{2} < \sqrt{\frac{k}{m}}$, the particle exhibits simple harmonic motion using coordinate $s$; using coordinate $q$, the particle exhibits underdamped motion.

If $\frac{k}{m} < \frac{\gamma^{2}}{4}$, i.e., $\frac{\gamma}{2} > \sqrt{\frac{k}{m}}$, regardless of whether using coordinate $s$ or $q$, the particle's motion is overdamped.

If $\frac{k}{m} = \frac{\gamma^{2}}{4}$, i.e., $\frac{\gamma}{2} = \sqrt{\frac{k}{m}}$, regardless of whether using coordinate $s$ or $q$, the particle's motion is critically damped.",\boxed{Yes},TF,,False,EN,Laws Application
1810,Mechanics and Thermodynamics,Theoretical Mechanics,Hamiltonian Formulation of Mechanics,"A particle with mass \(m\) moves along a straight line in a time-dependent potential field, given by \(V = m A x t^{2}\), where \(A\) is a constant. Use the Lagrange-Hamilton method to find the general solution for the motion of this particle. Calculate the Lagrangian equation and the corresponding momentum.","\[
\begin{gathered}
L = \frac{1}{2} m \dot{x}^{2} - m A x t^{2} \\
p = \frac{\partial L}{\partial \dot{x}} = m \dot{x}
\end{gathered}
\]","\boxed{L=\frac{1}{2} m \dot{x}^{2}-m A x t^{2}, p=m \dot{x}}","EQ, EX","None, \text{kg} \cdot \text{m/s}",True,EN,Math Derivation
1812,Mechanics and Thermodynamics,Theoretical Mechanics,Lagrangian Formulation of Mechanics,"A particle is moving in a uniform gravitational field, and the motion of the particle is described using spherical coordinates, with the vertical upward direction as the polar axis. Find the generalized force component of gravity in the \( \theta \) direction.","Solution

Therefore

$$
\begin{aligned}
\delta W & =-m g \delta z \\
z & =r \cos \theta \\
\delta z & =\cos \theta \, \delta r - r \sin \theta \, \delta \theta \\
\delta W & =-m g \cos \theta \, \delta r + m g r \sin \theta \, \delta \theta \\
Q_{\theta} & =m g r \sin \theta \\
\end{aligned}
$$",\boxed{m g r \sin \theta},EX,,False,EN,Math Derivation
1814,Mechanics and Thermodynamics,Theoretical Mechanics,Small Vibrations of Finite System,"A simple classical model of $\mathrm{CO}_{2}$ consists of a linear structure formed by three particles, with interatomic forces replaced by spring forces. The natural length of the two springs is $l$, and the spring constant is $k$. Movement is allowed only along the line. The mass of $\mathrm{C}^{4+}$ is $M$, and the mass of $\mathrm{O}^{2-}$ is $m$.  
(1) How many vibrational degrees of freedom does this system have?","(1) The system has three degrees of freedom, but only two vibrational degrees of freedom.",\boxed{2},NV,,False,EN,Laws Application
1816,Mechanics and Thermodynamics,Theoretical Mechanics,Hamiltonian Formulation of Mechanics,"Using polar coordinates \( (r, \varphi) \), write the Hamiltonian function for a particle of unit mass moving in a generalized potential field \(U=\frac{1+\dot{r}^{2}}{r}\).","$$
\begin{gathered}
T = \frac{1}{2}\left(\dot{r}^{2}+r^{2} \dot{\varphi}^{2}\right), \\
U = \frac{1+\dot{r}^{2}}{r}, \\
L = T - U = \frac{1}{2}\left(\dot{r}^{2}+r^{2} \dot{\varphi}^{2}\right) - \frac{1+\dot{r}^{2}}{r}, \\
p_{r} = \frac{\partial L}{\partial \dot{r}} = \dot{r} - \frac{2 \dot{r}}{r}, \quad \dot{r} = \frac{r}{r-2} p_{r}, \\
p_{\varphi} = \frac{\partial L}{\partial \dot{\varphi}} = r^{2} \dot{\varphi}, \quad \dot{\varphi} = \frac{1}{r^{2}} p_{\varphi}, \\
H = p_{r} \dot{r} + p_{\varphi} \dot{\varphi} - L = \frac{r}{2(r-2)} p_{r}^{2} + \frac{1}{2 r^{2}} p_{\varphi}^{2} + \frac{1}{r}, \\
\end{gathered}
$$",\boxed{H = \frac{r}{2(r-2)} p_{r}^{2} + \frac{1}{2 r^{2}} p_{\varphi}^{2} + \frac{1}{r}},EQ,,False,EN,Math Derivation
1818,Mechanics and Thermodynamics,Theoretical Mechanics,Lagrangian Formulation of Mechanics,"Two particles with masses $m_1$ and $m_2$ are connected by a light spring with a spring constant $k$, resting on a smooth horizontal surface. Is it possible to apply an impulse to $m_1$ so that the system transitions from rest to non-oscillatory rotation?","It is not possible, because in order to apply an impulse to $m_1$ that transitions the system from rest to non-oscillatory rotation, the impulse must be perpendicular to the spring. If the impulse is $I$, the velocity of $m_1$ becomes $\frac{I}{m_1}$, while the velocity of $m_2$ remains zero. Assuming that afterward, $m_1$ rotates around $m_2$ without oscillation, and taking the reference frame of $m_2$ as moving linearly, considering it as a two-body problem, $m_1$'s mass is replaced with an effective mass. The centripetal force needed for this rotation is

$$
\frac{m_1 m_2}{m_1 + m_2}\left(\frac{I}{m_1}\right)^2,
$$

where $l$ is the natural length of the spring, but the spring remains in its original length state and exerts no force on $m_1$, thus unable to provide the required centripetal force. Therefore, it is impossible to apply an impulse to $m_1$ that transitions the system from rest to non-oscillatory rotation.",\boxed{No},TF,,False,EN,Laws Application
1822,Mechanics and Thermodynamics,Theoretical Mechanics,Small Vibrations of Finite System,"A pendulum is suspended from a support that is driven horizontally as a function of time, as shown in Figure 10.55. Given the motion of the support \( x_{\mathrm{s}}(t) \), write the differential equation of motion that the angle \(\theta\) between the pendulum string and the vertical satisfies.","Taking the support as the reference frame,

\[
L = \frac{1}{2} m l^{2} \dot{\theta}^{2} - m g l(1 - \cos \theta)
\]

The inertial force acting to the right on the pendulum bob is

\[
\begin{aligned}
&-m \ddot{x}_{\mathrm{s}}(t) \\
&\delta W = -m \ddot{x}_{\mathrm{s}}(t) \cos \theta \cdot l \delta \theta
\end{aligned}
\]

The generalized force of the inertial force is

\[
Q = -m l \ddot{x}_{\mathrm{s}}(t) \cos \theta
\]

According to \(\frac{\mathrm{d}}{\mathrm{d} t}\left(\frac{\partial L}{\partial \dot{\theta}}\right) - \frac{\partial L}{\partial \theta} = Q\), the differential equation of motion is

\[
l \ddot{\theta} + g \sin \theta = -\ddot{x}_{\mathrm{s}}(t) \cos \theta
\]",\boxed{l \ddot{\theta} + g \sin \theta = -\ddot{x}_{\mathrm{s}}(t) \cos \theta},EQ,,False,EN,Math Derivation
1827,Mechanics and Thermodynamics,Theoretical Mechanics,Small Vibrations of Finite System,"A solid sphere with a mass of $m$ and a radius of $r$ rolls inside the surface of a fixed spherical shell of radius $R$. Based on the given expression for $\dot{\varphi}$, derive the expressions for the kinetic energy $T$ and the potential energy $V$ of the sphere during small oscillations.","Using the expression for $\dot{\varphi}$ from the condition of pure rolling,

$$
\begin{gathered}
T = \frac{7}{10} m r^{2}\left(\frac{R - r}{r} \dot{\theta} \right)^{2} = \frac{7}{10} m (R - r)^{2} \dot{\theta}^{2} \\
V = m g (R - r) (1 - \cos \theta) \approx \frac{1}{2} m g (R - r) \theta^{2}
\end{gathered}
$$","\boxed{\frac{7}{10} m (R - r)^{2} \dot{\theta}^{2}, \frac{1}{2} m g (R - r) \theta^{2}}","EX, EX",,True,EN,Math Derivation
1831,Mechanics and Thermodynamics,Theoretical Mechanics,Hamiltonian Formulation of Mechanics,"Find the canonical transformation generated by the generating function \( S_{3}(\boldsymbol{q}, \boldsymbol{P}, t) = \sum_{i=1}^{s} q_{i} P_{i} \).","\[
\left\{\begin{array}{l}
p_{i}=\frac{\partial S_{3}}{\partial q_{i}}=P_{i} \\
Q_{i}=\frac{\partial S_{3}}{\partial P_{i}}=q_{i}
\end{array} \quad(i=1,2, \cdots, s)\right.
\]

is an identity transformation.","\boxed{p_{i} = P_{i}, Q_{i} = q_{i}}",EQ,"None, None",True,EN,Math Derivation
1835,Mechanics and Thermodynamics,Theoretical Mechanics,Hamiltonian Formulation of Mechanics,"A particle with mass $m$ undergoes one-dimensional motion under the potential energy $V(x) = F|x|$ (where $F$ is a positive constant). Use the action variable to calculate $J = \oint p \, \mathrm{d}x$ and solve for $E$ as a function of $J$.","$$
\begin{aligned}
J &= \oint p \, \mathrm{d}x = 2 \int_{-\frac{E}{F}}^{\frac{E}{F}} \sqrt{2m(E - V)} \, \mathrm{d} x \\
&= 2 \left[ \int_{-\frac{E}{F}}^{0} \sqrt{2m(E + Fx)} \, \mathrm{d}x + \int_{0}^{\frac{E}{F}} \sqrt{2m(E - Fx)} \, \mathrm{d}x \right] \\
&= \frac{8 \sqrt{2m}}{3F} E^{3/2} \\
E &= \left( \frac{3FJ}{8 \sqrt{2m}} \right)^{2/3} \\
\end{aligned}
$$","\(\boxed{\frac{8 \sqrt{2m}}{3F} E^{3/2}, \left( \frac{3FJ}{8 \sqrt{2m}} \right)^{2/3}}\)","EX, EX",,False,EN,Math Derivation
1837,Mechanics and Thermodynamics,Theoretical Mechanics,Hamiltonian Formulation of Mechanics,"Write the Hamiltonian function for a particle of mass \( m \) moving in a potential field \( V(x, y, z) \) using cylindrical coordinates.","In cylindrical coordinates \( r, \varphi, z \),

\[
\begin{gathered}
x = r \cos \varphi, \quad y = r \sin \varphi, \\
\dot{x} = \dot{r} \cos \varphi - r \dot{\varphi} \sin \varphi, \\
\dot{y} = \dot{r} \sin \varphi + r \dot{\varphi} \cos \varphi, \\
T = \frac{1}{2} m\left(\dot{x}^{2} + \dot{y}^{2} + \dot{z}^{2}\right) = \frac{1}{2} m\left(\dot{r}^{2} + r^{2} \dot{\varphi}^{2} + \dot{z}^{2}\right), \\
L = \frac{1}{2} m\left(\dot{r}^{2} + r^{2} \dot{\varphi}^{2} + \dot{z}^{2}\right) - V(r \cos \varphi, r \sin \varphi, z), \\
p_{r} = \frac{\partial L}{\partial \dot{r}} = m \dot{r}, \quad p_{\varphi} = \frac{\partial L}{\partial \dot{\varphi}} = m r^{2} \dot{\varphi}, \quad p_{z} = m \dot{z}, \\
H = p_{r} \dot{r} + p_{\varphi} \dot{\varphi} + p_{z} \dot{z} - L, \\
= \frac{p_{r}^{2}}{2 m} + \frac{p_{\varphi}^{2}}{2 m r^{2}} + \frac{p_{z}^{2}}{2 m} + V(r \cos \varphi, r \sin \varphi, z).
\end{gathered}
\]","\boxed{\frac{p_{r}^{2}}{2 m} + \frac{p_{\varphi}^{2}}{2 m r^{2}} + \frac{p_{z}^{2}}{2 m} + V(r \cos \varphi, r \sin \varphi, z)}",EX,,False,EN,Math Derivation
1838,Mechanics and Thermodynamics,Theoretical Mechanics,Hamiltonian Formulation of Mechanics,"A particle with mass $m$ is suspended from one end of a massless, inextensible string. The string passes through a small hole on a table and is pulled upwards at a constant rate $\alpha$. Initially, the string's length is $l_0$, and the particle moves in a vertical plane. The Hamiltonian of the system is given by $H = \frac{p_{\theta}^{2}}{2m\left(l_0 - \alpha t\right)^{2}} - \frac{1}{2} m \alpha^{2} - mg\left(l_0 - \alpha t\right) \cos \theta$. Is this Hamiltonian the total energy? Is it a constant of motion?","Since $T = T_{2} + T_{1} + T_{0}$ (where $T_{2}$, $T_{1}$, $T_{0}$ are respectively quadratic, linear, and constant functions of the generalized velocities),

$$
H = T_{2} - T_{0} + V \neq T + V
$$

Therefore, $H$ is not the total energy. Because $\frac{\partial H}{\partial t} \neq 0$, $H$ is also not a constant of motion.","\boxed{No, No}","TF, TF","None, None",True,EN,Laws Application
1839,Mechanics and Thermodynamics,Theoretical Mechanics,Hamiltonian Formulation of Mechanics,"Find the canonical transformation generated by the generating function \( S_{1}(\boldsymbol{q}, \boldsymbol{Q}, t)=\sum_{i=1}^{s} q_{i} Q_{i} \).","From \(\sum_{i=1}^{s} p_{i} \, \mathrm{d} q_{i}-\sum_{i=1}^{s} P_{i} \, \mathrm{d} Q_{i}=\mathrm{d} S_{1}(\boldsymbol{q}, \boldsymbol{Q})\) we obtain

$$
\left\{\begin{array}{l}
p_{i}=\frac{\partial S_{1}}{\partial q_{i}}=Q_{i} \\
P_{i}=-\frac{\partial S_{1}}{\partial Q_{i}}=-q_{i}
\end{array} \quad (i=1,2, \cdots, s)\right.
$$","\boxed{p_{i} = Q_{i}, P_{i} = -q_{i}}",EQ,"None, None",True,EN,Math Derivation
1843,Mechanics and Thermodynamics,Theoretical Mechanics,Small Vibrations of Finite System,"A particle with mass \( m \) moves under the influence of gravity on a smooth surface described by the equation

\[ z = x^{2} + y^{2} - x y \]

where the \( z \) axis points vertically upward. Determine the normal frequencies of small oscillations of the particle around the stable equilibrium position.","At the equilibrium position, \(\dot{x} = 0, \dot{y} = 0, \ddot{x} = 0, \ddot{y} = 0\). From the differential equations of motion or by \(\frac{\partial V}{\partial x} = 0, \frac{\partial V}{\partial y} = 0\), the equations satisfied at the equilibrium position are

\[  
\begin{aligned}  
& -2gx + gy = 0 \\  
& -2gy + gx = 0  
\end{aligned}  
\]  

Thus, it is evident that \( x = 0, y = 0 \) is the equilibrium position.

Near the equilibrium position, considering only second-order small quantities, the Lagrangian function can be approximated as

\[ L \approx \frac{1}{2}m(\dot{x}^{2} + \dot{y}^{2}) - mg(x^{2} + y^{2} - xy) \]

Using \(\frac{d}{dt}\left(\frac{\partial L}{\partial \dot{q}_{i}}\right) - \frac{\partial L}{\partial q_{i}} = 0\) or by approximating the differential equations of motion to consider only first-order small quantities, the differential equations of motion near the equilibrium position can be derived as

Let

\[  
\begin{aligned}  
& \ddot{x} = -2gx + gy \\  
& \ddot{y} = -2gy + gx \\  
& x = u_{1} \cos (\omega t + \alpha) \\  
& y = u_{2} \cos (\omega t + \alpha)  
\end{aligned}  
\]

Substituting these into the differential equations of motion, we get

\[  
\begin{pmatrix}  
2g - \omega^{2} & -g \\  
-g & 2g - \omega^{2}  
\end{pmatrix}  
\binom{u_{1}}{u_{2}} = 0  
\]  

The characteristic equation is

Solving yields

\[  
\begin{gathered}  
\left|\begin{array}{cc}  
2g - \omega^{2} & -g \\  
-g & 2g - \omega^{2}  
\end{array}\right| = 0 \\  
\omega^{4} - 4g\omega^{2} + 3g^{2} = 0  
\end{gathered}  
\]  

\(\omega_{1} = \sqrt{g}, \quad \omega_{2} = \sqrt{3g}\)","\boxed{\omega_1 = \sqrt{g}, \omega_2 = \sqrt{3g}}","NV, NV","\text{None, None}",True,EN,Math Derivation
1845,Mechanics and Thermodynamics,Theoretical Mechanics,Hamiltonian Formulation of Mechanics,Use the canonical transformation generated by the generating function \( S_{1} = Q_{1}^{1/2} q_{1} - \frac{2}{3}(Q_{2} - q_{2})^{3/2} - (Q_{1} + Q_{2}) t \) to find the expressions for \( P_{1} \) and \( P_{2} \) in the system where the Hamiltonian is \( H = p_{1}^{2} + p_{2}^{2} + q_{2} \).,"The canonical transformation is generated by the generating function
\[ 
S_{1} = Q_{1}^{1/2} q_{1} - \frac{2}{3}(Q_{2} - q_{2})^{3/2} - (Q_{1} + Q_{2}) t.
\]
The expressions are given by:
\[
\begin{aligned}
& P_{1} = -\frac{\partial S_{1}}{\partial Q_{1}} = \frac{1}{2} Q_{1}^{-1/2} q_{1} + t, \\
& P_{2} = -\frac{\partial S_{1}}{\partial Q_{2}} = \left(Q_{2} - q_{2}\right)^{1/2} + t.
\end{aligned}
\]","\boxed{P_{1} = \frac{1}{2} Q_{1}^{-1/2} q_{1} + t, P_{2} = \left(Q_{2} - q_{2}\right)^{1/2} + t}",EQ,"None, None",True,EN,Math Derivation
1846,Mechanics and Thermodynamics,Theoretical Mechanics,Hamiltonian Formulation of Mechanics,"Find a curve in the \(xy\) plane that passes through two fixed points, such that its moment of inertia around the \(z\) axis is minimized. Write out the differential equation that this curve must satisfy using polar coordinates in the plane.","The curve's infinitesimal arc length is given by:

$$
\begin{gathered}
\mathrm{d} s=\sqrt{(\mathrm{d} r)^{2}+(r \mathrm{~d} \varphi)^{2}}=\sqrt{1+r^{2} \left(\varphi^{\prime}\right)^2} \mathrm{~d} r, \\
\phi=\frac{\mathrm{d} \varphi}{\mathrm{~d} r}
\end{gathered}
$$

Assuming a line density of \(\eta\), the moment of inertia of the infinitesimal arc length around the \(z\) axis is:

$$
\mathrm{d} I=\eta r^{2} \mathrm{~d} s=\eta r^{2} \sqrt{1+r^{2} \left(\varphi^{\prime}\right)^2} \mathrm{~d} r
$$

Thus, the moment of inertia of the curve around the \(z\) axis is:

$$
I=\int_{r_{0}}^{r_{1}} \eta r^{2} \sqrt{1+r^{2} \left(\varphi^{\prime}\right)^2} \mathrm{~d} r
$$

To minimize \(I\),

$$
\begin{gathered}
\delta I=\delta \int_{r_{0}}^{r_{1}} \eta r^{2} \sqrt{1+r^{2} \phi^{2}} \mathrm{~d} r=0 \\
F=r^{2} \sqrt{1+r^{2} \left(\varphi^{\prime}\right)^2}
\end{gathered}
$$

Assume

$$
\frac{\mathrm{d}}{\mathrm{~d} t}\left(\frac{\partial F}{\partial \varphi^{\prime}}\right)-\frac{\partial F}{\partial \varphi}=0
$$

Given \(\frac{\partial F}{\partial \varphi}=0\), we have \(\frac{\partial F}{\partial \varphi^{\prime}}=C\) (where \(C\) is a constant), leading to:

$$
\begin{aligned}
r^{2} \frac{2 r^{2} \phi^{\prime}}{2 \sqrt{1+r^{2} \phi^{2}}} & =C \\
\frac{r^{4}}{\sqrt{1+r^{2} \phi^{2}}} \phi^{\prime} & =C
\end{aligned}
$$

This is the required differential equation. Solving this equation yields a solution with an integration constant, and two integration constants are determined by the two fixed points the curve passes through.",\boxed{\frac{r^{4}}{\sqrt{1+r^{2} \phi^{2}}} \phi^{\prime} = C},EQ,,False,EN,Math Derivation
1847,Mechanics and Thermodynamics,Theoretical Mechanics,Lagrangian Formulation of Mechanics,"A spherical pendulum consists of a particle with mass \(m\), suspended from a fixed point with a lightweight, non-stretchable string of length \(l\). The particle is constrained to move on the surface of a sphere. If the angle \(\theta_{0}\) between the string and the vertical remains constant, what is the angular velocity of the particle in this circular motion?","Let the angular velocity of this circular motion be \(\omega\). Consider a reference frame rotating with an angular velocity \(\omega\) around the vertical axis. At \(\theta = \theta_{0}\), the particle is in equilibrium. Using the principle of virtual work,

\[
V = -m g l \cos \theta - \frac{1}{2} m l^{2} \omega^{2} \sin^{2} \theta
\]

At \(\theta = \theta_{0}\), \(\frac{\partial V}{\partial \theta} = 0\), which leads to

\[
\begin{gathered}
m g l \sin \theta_{0} - m l^{2} \omega^{2} \sin \theta_{0} \cos \theta_{0} = 0 \\
\omega = \sqrt{\frac{g}{l \cos \theta_{0}}}
\end{gathered}
\]","\[
\boxed{\omega=\sqrt{\frac{g}{l \cos \theta_{0}}}}
\]",EQ,,False,EN,Math Derivation
1848,Mechanics and Thermodynamics,Theoretical Mechanics,Hamiltonian Formulation of Mechanics,"A particle with mass $m$ in a uniform gravitational field is constrained to move on the surface of a sphere. The radius of the sphere $r$ changes with time, given by $r=r(t)$. With the center of the sphere as the origin and the vertical axis as the polar axis, using spherical coordinates $\theta, \varphi$ as generalized coordinates, determine whether the Hamiltonian function is the total energy.","Since $T$ contains $T_{0}\left(T_{0}=\frac{1}{2} m \dot{r}^{2}\right.$, which is a known function of $t$), $H=T_{2}-T_{0}+V \neq T+V$, the Hamiltonian function is not the total energy.",\boxed{No},TF,,False,EN,Laws Application
1850,Mechanics and Thermodynamics,Theoretical Mechanics,Small Vibrations of Finite System,"Consider a particle of mass $m$ moving in a two-dimensional potential field

$$
V(x, y) = -\frac{1}{2} k x^2 + \frac{1}{2} \lambda_{0} x^2 y^2 + \frac{1}{4} \lambda_{1} x^4
$$

where $(k, \lambda_{0}, \lambda_{1} > 0)$. Determine the normal frequencies of small oscillations around the equilibrium position, where the equilibrium condition is provided by $(x_0, y_0)$.","For small oscillations near the stable equilibrium positions $(\sqrt{\frac{k}{\lambda_{1}}}, 0)$ or $(-\sqrt{\frac{k}{\lambda_{1}}}, 0)$, the Lagrange equations are identical,

$$
\begin{aligned}
& m \ddot{x}^{\prime} + 2 k x^{\prime} = 0 \\
& m \ddot{y}^{\prime} + \frac{k \lambda_{0}}{\lambda_{1}} y^{\prime} = 0
\end{aligned}
$$

There are two normal frequencies: $\omega_{1} = \sqrt{\frac{2 k}{m}}$ for oscillations along the $x$-direction, and $\omega_{2} = \sqrt{\frac{k \lambda_{0}}{\lambda_{1}}}$ for oscillations along the $y$-direction. In other directions, the motion is a combination of simple harmonic motion with angular frequency $\omega_{1}$ in the $x$ direction and angular frequency $\omega_{2}$ in the $y$ direction.

For small oscillations near the third group of stable equilibrium positions $(0, y_{30})$,

$$
m \ddot{x} + \left(-k + \lambda_{0} y_{30}^{2}\right) x = 0
$$

there is one normal frequency: $\omega = \sqrt{\frac{-k + \lambda_{0} y_{30}^{2}}{m}}$, where $y_{30} > \sqrt{\frac{k}{\lambda_{0}}}$ or $y_{30} < -\sqrt{\frac{k}{\lambda_{0}}}$. However, these small oscillations are limited to the direction parallel to the $x$-axis, and thus, strictly speaking, these points cannot be considered stable equilibrium positions.","\boxed{\omega_{1} = \sqrt{\frac{2 k}{m}}, \omega_{2} = \sqrt{\frac{k \lambda_{0}}{\lambda_{1}}}}","EX, EX","\text{Hz}, \text{Hz}",True,EN,Laws Application
1853,Mechanics and Thermodynamics,Theoretical Mechanics,Hamiltonian Formulation of Mechanics,"The Lagrangian function for a particle of mass \(m\) moving in one dimension is given by \(L=\frac{1}{2} m e^{\gamma t}(\dot{x}^{2}-\omega^{2} x^{2})\), where \(m\), \(\gamma\), and \(\omega\) are positive real numbers. Is the Hamiltonian function a constant of motion? Is the mechanical energy conserved?","\(\frac{\partial H}{\partial t} \neq 0\), so \(H\) is not a constant of motion, and the mechanical energy is not conserved. The elastic force is a conservative force, allowing the introduction of potential energy, but the resistance is a non-conservative force and does negative work overall, resulting in constantly decreasing mechanical energy.","\boxed{No, No}",TF,"None, None",True,EN,Laws Application
1857,Mechanics and Thermodynamics,Theoretical Mechanics,Hamiltonian Formulation of Mechanics,"If two known functions $\varphi(\boldsymbol{q}, \boldsymbol{p}, t)$ and $\psi(\boldsymbol{q}, \boldsymbol{p}, t)$ satisfy the following identity:
$$
\varphi\left\{\frac{\partial \varphi}{\partial t}+[\varphi, H]\right\} \equiv \frac{\partial \psi}{\partial t}+[\psi, H]
$$
where $H$ is the Hamiltonian function, and both $[\varphi, H]$ and $[\psi, H]$ represent Poisson brackets, find a constant of motion for this canonical equation.","$$
\begin{gathered}
\varphi\left\{\frac{\partial \varphi}{\partial t}+[\varphi, H]\right\} \equiv \frac{\partial \psi}{\partial t}+[\psi, H] \\
\varphi\left\{\frac{\partial \varphi}{\partial t}+[\varphi, H]\right\}=\frac{\partial}{\partial t}\left(\frac{1}{2} \varphi^{2}\right)+\left[\frac{1}{2} \varphi^{2}, H\right] \equiv \frac{\partial \psi}{\partial t}+[\psi, H] \\
\frac{\partial}{\partial t}\left(\frac{1}{2} \varphi^{2}-\psi\right)+\left[\frac{1}{2} \varphi^{2}-\psi, H\right]=0
\end{gathered}
$$

Therefore, $\frac{1}{2} \varphi^{2}-\psi$ is a constant of motion.",\boxed{\frac{1}{2} \varphi^{2}-\psi},EX,,False,EN,Math Derivation
1858,Mechanics and Thermodynamics,Theoretical Mechanics,Hamiltonian Formulation of Mechanics,"Identify the first integral of motion for an isotropic three-dimensional harmonic oscillator. The Lagrangian function of the oscillator is given as

$$ L = \frac{1}{2} m(\dot{x}^2 + \dot{y}^2 + \dot{z}^2) - \frac{1}{2} k(x^2 + y^2 + z^2) $$","The Hamiltonian function is

$$ H = \frac{1}{2m}(p_x^2 + p_y^2 + p_z^2) + \frac{1}{2} k(x^2 + y^2 + z^2) $$

Since $\frac{\partial H}{\partial t} = 0$, $H$ is a conserved quantity, which leads to the integral of motion

$$ F_1 = H = \frac{1}{2m}(p_x^2 + p_y^2 + p_z^2) + \frac{1}{2} k(x^2 + y^2 + z^2) = C_1 $$",\boxed{C_1},EX,,False,EN,Knowledge Recall
1859,Mechanics and Thermodynamics,Theoretical Mechanics,Small Vibrations of Finite System,"Given a circle with radius \( r \) that is stationary in the inertial frame \( S^{\prime} \), and the center of the circle at position \( (x', y', z') = (0, 0, 0) \) in the \( S^{\prime} \) frame. The circle is moving with velocity \( v \) along the \( x \)-axis relative to the observerâs frame \( S \). Find the area of the circle as measured by the observer in the \( S \) frame.","The generalized forces for generalized coordinates $x, s$ are

$$
Q_{x}=F_{0} \cos \Omega t, \quad Q_{s}=0
$$

After applying the normal coordinates $\xi, \eta$, the relationship for generalized forces is given by:

$$
\begin{pmatrix} Q_{\xi} \\ Q_{\eta} \end{pmatrix} =\left(\begin{array}{cc} \frac{1}{2} & -\frac{3}{2} \\ -\frac{\sqrt{3}}{2} & -\frac{\sqrt{3}}{2} \end{array}\right) \begin{pmatrix} Q_{x} \\ Q_{s} \end{pmatrix}
$$

where the transformation matrix is $\boldsymbol{G}^{\boldsymbol{T}}$. Substituting $Q_{x}, Q_{s}$ gives

$$
Q_{\xi}=\frac{1}{2} F_{0} \cos \Omega t, \quad Q_{\eta}=-\frac{\sqrt{3}}{2} F_{0} \cos \Omega t
$$

The differential equations are:

$$
\begin{gathered}
2 m \ddot{\xi}+k \xi=\frac{1}{2} F_{0} \cos \Omega t \\
6 m \ddot{\eta}+k \eta=-\frac{\sqrt{3}}{2} F_{0} \cos \Omega t
\end{gathered}
$$

The particular solutions are:

$$
\begin{aligned}
\xi^{*}= & \frac{\frac{F_{0}}{4 m}}{\frac{k}{2 m}-\Omega^{2}} \cos \Omega t=\frac{F_{0} l}{2 m\left(3 g-2 l \Omega^{2}\right)} \cos \Omega t \\
\eta^{*}= & \frac{-\sqrt{3} F_{0}}{\frac{k}{6 m}-\Omega^{2}} \cos \Omega t=\frac{-\sqrt{3} F_{0} l}{6 m\left(g-2 l \Omega^{2}\right)} \cos \Omega t
\end{aligned}
$$

The general solutions are:

$$
\begin{aligned}
& \xi=\frac{F_{0} l}{2 m\left(3 g-2 l \Omega^{2}\right)} \cos \Omega t+C_{1}^{\prime} \cos \left(\sqrt{\frac{3 g}{2 l}} t+\alpha_{1}\right) \\
& \eta=-\frac{\sqrt{3} F_{0} l}{6 m\left(g-2 l \Omega^{2}\right)} \cos \Omega t+C_{2}^{\prime} \cos \left(\sqrt{\frac{g}{2 l}} t+\alpha_{2}\right)
\end{aligned}
$$

Further, we obtain:

$$
\begin{aligned}
x= & \frac{1}{2} \xi - \frac{\sqrt{3}}{2} \eta = \left[\frac{F_{0} l}{4 m(3 g-2 l \Omega^{2})} + \frac{F_{0} l}{4 m(g-2 l \Omega^{2})}\right] \cos \Omega t \\
& + C_{1} \cos \left(\sqrt{\frac{3g}{2l}} t+\alpha_{1}\right) + C_{2} \cos \left(\sqrt{\frac{g}{2l}} t+\alpha_{2}\right) \\
\theta= & -\frac{3}{2 l} \xi - \frac{\sqrt{3}}{2 l} \eta = \left[-\frac{3 F_{0}}{4 m(3g-2l\Omega^{2})} + \frac{F_{0}}{4m(g-2l\Omega^{2})}\right] \cos \Omega t 
\end{aligned}
$$

$$
-\frac{3}{l} C_{1} \cos \left(\sqrt{\frac{3g}{2l}} t+\alpha_{1}\right) + \frac{1}{l} C_{2} \cos \left(\sqrt{\frac{g}{2l}} t+\alpha_{2}\right)
$$

Figure 10.59 \\
$$
<image 1>
$$","\[
\boxed{\pi r^{2} \sqrt{1-\left(\frac{v}{c}\right)^{2}}}
\]",EX,,False,EN,Laws Application
1865,Mechanics and Thermodynamics,Theoretical Mechanics,Lagrangian Formulation of Mechanics,"Find the dissipation function \( R \) for a system where the following relationships hold:
\[ y_{1}=y+y_{3}, \quad \dot{y}_{1}=\dot{y}+\dot{y}_{3}, \quad \dot{y}_{2}=\dot{y}-\dot{y}_{3} \]
Here, \(\alpha_{1}\) and \(\alpha_{2}\) are constants. Please calculate the dissipation function.","$$
R=\frac{1}{2} \alpha_{1}\left(\dot{y}+\dot{y}_{3}\right)^{2}+\frac{1}{2} \alpha_{2}\left(\dot{y}-\dot{y}_{3}\right)^{2}
$$",\boxed{R=\frac{1}{2} \alpha_{1}\left(\dot{y}+\dot{y}_{3}\right)^{2}+\frac{1}{2} \alpha_{2}\left(\dot{y}-\dot{y}_{3}\right)^{2}},EQ,,False,EN,Practical Application
1867,Mechanics and Thermodynamics,Theoretical Mechanics,Hamiltonian Formulation of Mechanics,"Two point masses with masses $m$ and $M$ interact with each other, and their potential energy is given by $V(r)$, where $r$ is the distance between the two point masses. Choose the Cartesian coordinates $X, Y, Z$ of the center of mass of the system and the spherical coordinates $r, \theta, \varphi$ of the mass $m$ relative to $M$ as generalized coordinates. Write out the Hamiltonian function of the system.","$$
\begin{aligned}
& T = \frac{1}{2}(m+M)\left(\dot{X}^{2}+\dot{Y}^{2}+\dot{Z}^{2}\right)+\frac{1}{2} m\left(\dot{r}_{1}^{2}+r_{1}^{2} \dot{\theta}^{2}+r_{1}^{2} \sin ^{2} \theta \dot{\varphi}^{2}\right) \\
& \quad + \frac{1}{2} M\left(\dot{r}_{2}^{2}+r_{2}^{2} \dot{\theta}^{2}+r_{2}^{2} \sin ^{2} \theta \dot{\varphi}^{2}\right) \\
& r_{1} = \frac{M}{m+M} r, \quad r_{2} = \frac{m}{m+M} r \\
& m \dot{r}_{1}^{2} + M \dot{r}_{2}^{2} = m\left(\frac{M}{m+M} \dot{r}\right)^{2} + M\left(\frac{m}{m+M} \dot{r}\right)^{2} = \frac{m M}{m+M} \dot{r}^{2}
\end{aligned}
$$

Similarly, we can get $m r_{1}^{2} + M r_{2}^{2} = \frac{m M}{m+M} r^{2}$.

$$
\begin{aligned}
& T = \frac{1}{2}(m+M)\left(\dot{X}^{2}+\dot{Y}^{2}+\dot{Z}^{2}\right) + \frac{1}{2} \frac{m M}{m+M}\left(\dot{r}^{2} + r^{2} \dot{\theta}^{2} + r^{2} \sin ^{2} \theta \dot{\varphi}^{2}\right) \\
& L = T - V \\
& H = \frac{1}{2(m+M)}\left(p_{X}^{2} + p_{Y}^{2} + p_{Z}^{2}\right) + \frac{m+M}{2 m M}\left(p_{r}^{2} + \frac{1}{r^{2}} p_{\theta}^{2} + \frac{p_{\varphi}^{2}}{r^{2} \sin ^{2} \theta}\right) + V(r)
\end{aligned}
$$","\[
\boxed{\frac{1}{2(m+M)}\left(p_{X}^{2} + p_{Y}^{2} + p_{Z}^{2}\right) + \frac{m+M}{2 m M}\left(p_{r}^{2} + \frac{1}{r^{2}} p_{\theta}^{2} + \frac{p_{\varphi}^{2}}{r^{2} \sin ^{2} \theta}\right) + V(r)}
\]",EX,,False,EN,Math Derivation
1868,Mechanics and Thermodynamics,Theoretical Mechanics,Hamiltonian Formulation of Mechanics,"For the motion of a particle with the Hamiltonian $H=\frac{1}{2} p^{2}$, solve the Hamilton-Jacobi equation for the generating function $S(q, \alpha, t)$ and find the canonical transformation $q=q(\beta, \alpha), p=p(\beta, \alpha)$, where $\beta$ and $\alpha$ are the transformed coordinate and momentum, respectively. Explain the obtained result;","Solution

$$
\frac{\partial S}{\partial t} + H(q, p, t) = 0
$$

Now we solve for $S(q, \alpha, t)$, where $\alpha$ is the transformed momentum $P$, therefore

$$
\begin{gathered}
p = \frac{\partial S}{\partial q} \\
Q = \beta = \frac{\partial S}{\partial P} = \frac{\partial S}{\partial \alpha}
\end{gathered}
$$

Now, with $H = \frac{1}{2} p^{2}$, the Hamilton-Jacobi equation is

$$
\frac{\partial S}{\partial t} + \frac{1}{2} \left( \frac{\partial S}{\partial q} \right)^{2} = 0
$$

Since $\frac{\partial H}{\partial t} = 0$, we can let $S = -h t + W$,

$$
\begin{gathered}
\frac{\mathrm{d} W}{\mathrm{~d} q} = \sqrt{2 h}, \quad W = \sqrt{2 h} q \\
S = -h t + \sqrt{2 h} q
\end{gathered}
$$

Since $\frac{\partial H}{\partial x} = 0$, we can let

$$
S = -h t + \alpha q
$$

By comparing the two expressions of $S$, we deduce $\alpha = \sqrt{2 h}, h = \frac{1}{2} \alpha^{2}$,

Thus

$$
\begin{gathered}
S = -\frac{1}{2} \alpha^{2} t + \alpha q \\
p = \frac{\partial S}{\partial q} = \alpha = P \\
\beta = Q = \frac{\partial S}{\partial P} = \frac{\partial S}{\partial \alpha} = -\alpha t + q
\end{gathered}
$$

Therefore

$$
q = \beta + \alpha t
$$

Both $\beta$ and $\alpha$ are constants, representing uniform motion with constant velocity $\alpha$ in the original reference frame.\\","\boxed{q = \beta + \alpha t, p = \alpha}","EQ, EX","None, None",True,EN,Math Derivation
1870,Mechanics and Thermodynamics,Theoretical Mechanics,Lagrangian Formulation of Mechanics,"A massless spring with a natural length of \(l_{0}\) and a spring constant \(k\) is fixed at one end, while the other end is connected to a particle of mass \(m\). The system is constrained to move in a vertical plane under the influence of gravity. The generalized coordinates \(\varphi\) and \(\lambda=\frac{r-r_{0}}{r_{0}}\) (where \(r_{0}\) is the length of the spring when in a state of static equilibrium) are used. Write the Lagrangian equations using \(\omega_{s}^{2}=\frac{k}{m}\) and \(\omega_{p}^{2}=\frac{g}{r_{0}}\).","Using the previously derived Lagrangian \(L\), we apply the Euler-Lagrange equations:

From \(\frac{\mathrm{d}}{\mathrm{d} t}\left(\frac{\partial L}{\partial \dot{\lambda}}\right)-\frac{\partial L}{\partial \lambda}=0\), we have:
\[ m r_{0}^{2} \ddot{\lambda}+m r_{0}^{2}(\lambda+1) \dot{\varphi}^{2}+k r_{0}^{2} \lambda+m g r_{0}(1-\cos \varphi)=0. \]

From \(\frac{\mathrm{d}}{\mathrm{d} t}\left(\frac{\partial L}{\partial \dot{\varphi}}\right)-\frac{\partial L}{\partial \varphi}=0\), we have:
\[ m r_{0}^{2}(\lambda+1)^{2} \ddot{\varphi}+2 m r_{0}^{2}(\lambda+1) \dot{\lambda} \dot{\varphi}+m g r_{0}(\lambda+1) \sin \varphi=0. \]

By introducing the substitutions \(\omega_{s}^{2}=\frac{k}{m}\) and \(\omega_{p}^{2}=\frac{g}{r_{0}}\), these equations can be rewritten as:
\[
\begin{gathered}
\ddot{\lambda}-(\lambda+1) \dot{\varphi}^{2}+\omega_{s}^{2} \lambda+\omega_{p}^{2}(1-\cos \varphi)=0, \\
(\lambda+1) \ddot{\varphi}+2 \dot{\lambda} \dot{\varphi}+\omega_{p}^{2} \sin \varphi=0.
\end{gathered}
\]","\boxed{\ddot{\lambda}-(\lambda+1) \dot{\varphi}^{2}+\omega_{s}^{2} \lambda+\omega_{p}^{2}(1-\cos \varphi)=0, (\lambda+1) \ddot{\varphi}+2 \dot{\lambda} \dot{\varphi}+\omega_{p}^{2} \sin \varphi=0}",EQ,"None, None",True,EN,Math Derivation
1871,Mechanics and Thermodynamics,Theoretical Mechanics,Hamiltonian Formulation of Mechanics,"Consider a particle of mass \( m \) moving in a one-dimensional potential \( V(x) = F|x| \), where \( F \) is a positive constant that changes slowly over time. Analyze how the energy \( E \), oscillation period \( T \), and oscillation amplitude \( A \) of the particle change with the variation of \( F \).","The equations corresponding to the energy and period of the particle as the parameter \( F \) changes slowly over time are as follows:
$$
E \propto F^{2/3}
$$
and
$$
T \propto F^{-2/3}.
$$

In this scenario, the amplitude is:
Since \( E \propto F^{2/3} \), therefore
$$
A \propto F^{2/3 - 1} = F^{-1/3}.
$$","\boxed{E \propto F^{2/3}, T \propto F^{-2/3}, A \propto F^{-1/3}}","EX, EX, EX","None, None, None",True,EN,Math Derivation
1872,Mechanics and Thermodynamics,Theoretical Mechanics,Hamiltonian Formulation of Mechanics,"A particle with mass \(m\) moves along a straight line in a time-dependent potential field, \(V = m A x t^{2}\), where \(A\) is a constant. Use the Lagrange-Charpit method to find the general solution for the motion of this particle. Calculate the Hamiltonian.","\[
H = \frac{p^{2}}{2 m} + m A x t^{2}
\]",\boxed{H=\frac{p^{2}}{2 m}+m A x t^{2}},EX,,False,EN,Math Derivation
1873,Mechanics and Thermodynamics,Theoretical Mechanics,Small Vibrations of Finite System,"The simple classical model of $\mathrm{CO}_{2}$ consists of a linear structure with three particles, where the interatomic forces are replaced by spring forces. The natural lengths of the two springs are $l$, and their stiffness is given by $k$, allowing movement only along the line of connection. The mass of $\mathrm{C}^{4+}$ is $M$, and the mass of $\mathrm{O}^{2-}$ is $m$.  
(2) Write the differential equations of motion for each particle.","(2) Let $x_{1}$, $x_{2}$, and $x_{3}$ represent the displacements of $\mathrm{O}^{2-}$, $\mathrm{C}^{4+}$, and $\mathrm{O}^{2-}$ from their original equilibrium positions, respectively,

$$
\begin{aligned}
T &= \frac{1}{2} m \dot{x}_{1}^{2} + \frac{1}{2} M \dot{x}_{2}^{2} + \frac{1}{2} m \dot{x}_{3}^{2}, \\
V &= \frac{1}{2} k (x_{2} - x_{1})^{2} + \frac{1}{2} k (x_{3} - x_{2})^{2}, \\
L &= T - V = \frac{1}{2} m (\dot{x}_{1}^{2} + \dot{x}_{3}^{2}) + \frac{1}{2} M \dot{x}_{2}^{2} - \frac{1}{2} k (x_{2} - x_{1})^{2} - \frac{1}{2} k (x_{3} - x_{2})^{2}.
\end{aligned}
$$

Using the Lagrange's equation

$$
\frac{\mathrm{d}}{\mathrm{d}t} \left(\frac{\partial L}{\partial \dot{x}_{i}}\right) - \frac{\partial L}{\partial x_{i}} = 0
$$

we obtain the differential equations of motion:

$$
\begin{aligned}
m \ddot{x}_{1} - k (x_{2} - x_{1}) &= 0, \\
M \ddot{x}_{2} - k (x_{1} - 2x_{2} + x_{3}) &= 0, \\
m \ddot{x}_{3} + k (x_{3} - x_{2}) &= 0.
\end{aligned}
$$","\boxed{m \ddot{x}_{1} - k (x_{2} - x_{1}) = 0, M \ddot{x}_{2} - k (x_{1} - 2x_{2} + x_{3}) = 0, m \ddot{x}_{3} + k (x_{3} - x_{2}) = 0}",EQ,"None, None, None",True,EN,Laws Application
1879,Mechanics and Thermodynamics,Theoretical Mechanics,Small Vibrations of Finite System,"Assuming the maximum wavelength visible to the human eye is $6500 \, \text{Ã}$, at what speed must a rocket emitting green light ($5000 \, \text{Ã}$) travel away from Earth for its light to become invisible to an observer on Earth?","The generalized forces for generalized coordinates $x, s$ are

$$
Q_{x}=F_{0} \cos \Omega t, \quad Q_{s}=0
$$

After applying the normal coordinates $\xi, \eta$, the relationship for generalized forces is given by:

$$
\begin{pmatrix} Q_{\xi} \\ Q_{\eta} \end{pmatrix} =\left(\begin{array}{cc} \frac{1}{2} & -\frac{3}{2} \\ -\frac{\sqrt{3}}{2} & -\frac{\sqrt{3}}{2} \end{array}\right) \begin{pmatrix} Q_{x} \\ Q_{s} \end{pmatrix}
$$

where the transformation matrix is $\boldsymbol{G}^{\boldsymbol{T}}$. Substituting $Q_{x}, Q_{s}$ gives

$$
Q_{\xi}=\frac{1}{2} F_{0} \cos \Omega t, \quad Q_{\eta}=-\frac{\sqrt{3}}{2} F_{0} \cos \Omega t
$$

The differential equations are:

$$
\begin{gathered}
2 m \ddot{\xi}+k \xi=\frac{1}{2} F_{0} \cos \Omega t \\
6 m \ddot{\eta}+k \eta=-\frac{\sqrt{3}}{2} F_{0} \cos \Omega t
\end{gathered}
$$

The particular solutions are:

$$
\begin{aligned}
\xi^{*}= & \frac{\frac{F_{0}}{4 m}}{\frac{k}{2 m}-\Omega^{2}} \cos \Omega t=\frac{F_{0} l}{2 m\left(3 g-2 l \Omega^{2}\right)} \cos \Omega t \\
\eta^{*}= & \frac{-\sqrt{3} F_{0}}{\frac{k}{6 m}-\Omega^{2}} \cos \Omega t=\frac{-\sqrt{3} F_{0} l}{6 m\left(g-2 l \Omega^{2}\right)} \cos \Omega t
\end{aligned}
$$

The general solutions are:

$$
\begin{aligned}
& \xi=\frac{F_{0} l}{2 m\left(3 g-2 l \Omega^{2}\right)} \cos \Omega t+C_{1}^{\prime} \cos \left(\sqrt{\frac{3 g}{2 l}} t+\alpha_{1}\right) \\
& \eta=-\frac{\sqrt{3} F_{0} l}{6 m\left(g-2 l \Omega^{2}\right)} \cos \Omega t+C_{2}^{\prime} \cos \left(\sqrt{\frac{g}{2 l}} t+\alpha_{2}\right)
\end{aligned}
$$

Further, we obtain:

$$
\begin{aligned}
x= & \frac{1}{2} \xi - \frac{\sqrt{3}}{2} \eta = \left[\frac{F_{0} l}{4 m(3 g-2 l \Omega^{2})} + \frac{F_{0} l}{4 m(g-2 l \Omega^{2})}\right] \cos \Omega t \\
& + C_{1} \cos \left(\sqrt{\frac{3g}{2l}} t+\alpha_{1}\right) + C_{2} \cos \left(\sqrt{\frac{g}{2l}} t+\alpha_{2}\right) \\
\theta= & -\frac{3}{2 l} \xi - \frac{\sqrt{3}}{2 l} \eta = \left[-\frac{3 F_{0}}{4 m(3g-2l\Omega^{2})} + \frac{F_{0}}{4m(g-2l\Omega^{2})}\right] \cos \Omega t 
\end{aligned}
$$

$$
-\frac{3}{l} C_{1} \cos \left(\sqrt{\frac{3g}{2l}} t+\alpha_{1}\right) + \frac{1}{l} C_{2} \cos \left(\sqrt{\frac{g}{2l}} t+\alpha_{2}\right)
$$

Figure 10.59 \\
$$
<image 1>
$$",\boxed{0.2565},NV,c,False,EN,Laws Application
1884,Mechanics and Thermodynamics,Theoretical Mechanics,Hamiltonian Formulation of Mechanics,"The Lagrangian function for a particle of mass \(m\) in one-dimensional motion is given by \(L=\frac{1}{2} m e^{\gamma t}(\dot{x}^{2}-\omega^{2} x^{2})\), where \(m\), \(\gamma\), and \(\omega\) are all positive real numbers. Find the generalized momentum and construct the Hamiltonian function from it.","\[
\begin{align*}
p &= \frac{\partial L}{\partial \dot{x}} = m e^{\gamma t} \dot{x}, \quad \dot{x} = \frac{1}{m} e^{-\gamma t} p \tag{2} \\
H &= p \dot{x} - L \\
&= p \cdot \frac{1}{m} e^{-\gamma t} p - \frac{1}{2} m e^{\gamma t}\left[\left(\frac{1}{m} e^{-\gamma t} p\right)^{2} - \omega^{2} x^{2}\right] \\
&= \frac{1}{2m} e^{-\gamma t} p^{2} + \frac{1}{2} m e^{\gamma t} \omega^{2} x^{2}
\end{align*}
\]","\boxed{m e^{\gamma t} \dot{x}, \frac{1}{2m} e^{-\gamma t} p^{2} + \frac{1}{2} m e^{\gamma t} \omega^{2} x^{2}}","EX, EX","\text{None}, \text{None}",True,EN,Math Derivation
1885,Mechanics and Thermodynamics,Theoretical Mechanics,Small Vibrations of Finite System,"A small object with a mass of $m$ and a charge of $q$ is constrained to move without friction on the inner surface of a cone with an opening angle of $2\alpha$. A charge of $-q$ is fixed at the apex of the cone. Neglecting gravity and assuming $v \ll c$ (the speed of light), so radiation is negligible, find the Lagrangian function $L$.","$$
L = \frac{1}{2} m\left(\dot{r}^{2} \csc^{2} \alpha + r^{2} \dot{\varphi}^{2}\right) + \frac{q^{2} \sin \alpha}{4 \pi \varepsilon_{0} r}
$$","\[
\boxed{\frac{1}{2} m\left(\dot{r}^{2} \csc^{2} \alpha + r^{2} \dot{\varphi}^{2}\right) + \frac{q^{2} \sin \alpha}{4 \pi \varepsilon_{0} r}}
\]",EX,,False,EN,Math Derivation
1888,Mechanics and Thermodynamics,Theoretical Mechanics,Hamiltonian Formulation of Mechanics,"A particle with mass \(m\) moves in a linear trajectory within a potential field that varies with time, given by \(V=m A x t^{2}\), where \(A\) is a constant. Use the Lagrange-Sabatier method to find the general solution for the motion of this particle. Solve the corresponding equation through the transformation \(\alpha=x, t=y\).","\[
\begin{aligned}
& F = q + \frac{1}{2 m} p^{2} + m A x y^{2} \\
& X = \frac{\partial F}{\partial x} = m A y^{2} \\
& Y = \frac{\partial F}{\partial y} = 2 m A x y \\
& P = \frac{\partial F}{\partial p} = \frac{p}{m} \\
& Q = \frac{\partial F}{\partial q} = 1 \\
& \frac{\mathrm{d} x}{P} - \frac{\mathrm{d} y}{Q} = -\frac{\mathrm{d} p}{X} = -\frac{\mathrm{d} q}{Y}
\end{aligned}
\]

Yields

\[
\begin{aligned}
& \frac{\mathrm{d} x}{p} \\
& \frac{m}{2} \frac{\mathrm{d} y}{1} = -\frac{\mathrm{d} p}{m A y^{2}} = -\frac{\mathrm{d} q}{2 m A x y} \\
& p = -m A y^{2} \mathrm{d} y \\
& p = -\frac{1}{3} m A y^{3} + \alpha m \\
& \mathrm{d} x = \frac{p}{m} \mathrm{d} y = \frac{1}{m}\left(-\frac{1}{3} m A y^{3} + \alpha m\right) \mathrm{d} y \\
& x = -\frac{1}{12} A y^{4} + \alpha y + \beta
\end{aligned}
\]

Which is

\[
x = -\frac{1}{12} A y^{4} + \alpha t + \beta
\]",\boxed{x=-\frac{1}{12} A t^{4}+\alpha t+\beta},EX,,False,EN,Math Derivation
1891,Mechanics and Thermodynamics,Theoretical Mechanics,Lagrangian Formulation of Mechanics,"A particle with mass \( m \) is constrained to move along a horizontal circular metal wire with radius \( a \), with a friction coefficient \( \mu \) and initial velocity \( v_{0} \). Neglecting the effect of gravity, determine the relationship between the angular position of the particle and time.

\[
L = T = \frac{1}{2} m\left(\dot{r}^{2} + r^{2} \dot{\varphi}^{2}\right), \quad r = a, \quad \delta r = 0, \quad f = r - a = 0, \quad \frac{\partial f}{\partial r} = 1, \quad \frac{\partial f}{\partial \varphi} = 0.
\]

From \(\frac{\mathrm{d}}{\mathrm{d} t}\left(\frac{\partial L}{\partial q_{i}}\right) - \frac{\partial L}{\partial q_{i}} = Q_{i} + \lambda \frac{\partial f}{\partial q_{i}}\), where \( Q_{r} = 0 \),

\begin{gather*}
m \ddot{r} - m r \dot{\varphi}^{2} = \lambda, \tag{1}\\
m r^{2} \ddot{\varphi} + 2 m r \dot{r} \dot{\varphi} = -\mu|\lambda| r, \tag{2}\\
r = a. \tag{3}
\end{gather*}

Here, \( Q_{\varphi} = -\mu|\lambda| r \) arises from frictional force.

From equation (3) and simplifying equations (1) and (2), we have

$$
-m a \dot{\varphi}^{2} = \lambda, \\
m a \ddot{\varphi} = -\mu|\lambda| = \mu \lambda.
$$","From the previous expressions, it is evident that \(\lambda < 0\). Eliminating \(\lambda\), we obtain

$$
\ddot{\varphi} = -\mu \dot{\varphi}^{2}.
$$

Using \(\ddot{\varphi} = \frac{\mathrm{d} \dot{\varphi}}{\mathrm{d} t}\), we integrate the above equation applying the initial conditions: at \( t=0 \), \(\varphi=0, \dot{\varphi}=\frac{v_{0}}{a}\),

$$
\begin{aligned}
& -\int_{\frac{v_{0}}{a}}^{\dot{\varphi}} \frac{\mathrm{d} \dot{\varphi}}{\dot{\varphi}} = \int_{0}^{\varphi} \mu \,\mathrm{d} \varphi, \\
& -\ln \dot{\varphi} + \ln \frac{v_{0}}{a} = \mu \varphi, \\
& \dot{\varphi} = \frac{v_{0}}{a} \mathrm{e}^{-\mu \varphi}, \\
& \int_{0}^{\varphi} \mathrm{e}^{\mu \varphi} \,\mathrm{d} \varphi = \int_{0}^{t} \frac{v_{0}}{a} \,\mathrm{d} t, \\
& \varphi = \frac{1}{\mu} \ln \left(1 + \frac{\mu v_{0}}{a} t \right).
\end{aligned}
$$","\[
\boxed{\varphi = \frac{1}{\mu} \ln \left(1+\frac{\mu v_{0}}{a} t \right)}
\]",EX,,False,EN,Math Derivation
1892,Mechanics and Thermodynamics,Theoretical Mechanics,Hamiltonian Formulation of Mechanics,"Find the canonical transformation generated by the generating function \( S_{2}(p, Q, t) = -\tan p\left(e^{Q}-1\right) \).","\[
\begin{aligned}
& q = -\frac{\partial S_{2}}{\partial p} = \sec^{2} p\left(e^{Q}-1\right) \\
& P = -\frac{\partial S_{2}}{\partial Q} = e^{Q} \tan p
\end{aligned}
\]

The transformation can also be expressed as

\[
\begin{gathered}
Q = \ln \left(1+q \cos^{2} p\right) \\
P = \left(1+q \cos^{2} p\right) \tan p
\end{gathered}
\]","\boxed{Q=\ln \left(1+q \cos^{2} p\right), P=\left(1+q \cos^{2} p\right) \tan p}",EQ,"None, None",True,EN,Math Derivation
1896,Mechanics and Thermodynamics,Theoretical Mechanics,Hamiltonian Formulation of Mechanics,Use the canonical transformation generated by the generating function \(S_{1}=Q_{1}^{1/2} q_{1}-\frac{2}{3}(Q_{2}-q_{2})^{3/2}-(Q_{1}+Q_{2}) t\) to find the expression for \(H^{*}\) in the system where the Hamiltonian function is \(H=p_{1}^{2}+p_{2}^{2}+q_{2}\).,"From \(H^{*} = H + \frac{\partial S_{1}}{\partial t}\), we get
$$
H^{*} = p_{1}^{2} + p_{2}^{2} + q_{2} - \left(Q_{1} + Q_{2}\right),
$$

which simplifies to
$$
H^{*} = Q_{1} + \left(Q_{2} - q_{2}\right) + q_{2} - \left(Q_{1} + Q_{2}\right) = 0.
$$",\boxed{0},NV,,False,EN,Math Derivation
1897,Mechanics and Thermodynamics,Theoretical Mechanics,Hamiltonian Formulation of Mechanics,"The Lagrangian function for a particle of mass \(m\) undergoing one-dimensional motion is given by \(L=\frac{1}{2} m e^{\gamma t}(\dot{x}^{2}-\omega^{2} x^{2})\), where \(m\), \(\gamma\), and \(\omega\) are all positive real numbers. Find the equation of motion and provide some explanation regarding the type of forces acting on the particle.","\[
\begin{aligned}
L &= \frac{1}{2} m e^{\gamma t} (\dot{x}^{2}-\omega^{2} x^{2}) \\
\frac{\partial L}{\partial \dot{x}} &= m e^{\gamma t} \dot{x} \\
\frac{d}{dt} \left(\frac{\partial L}{\partial \dot{x}}\right) &= m e^{\gamma t} \ddot{x} + m \gamma e^{\gamma t} \dot{x} \\
\frac{\partial L}{\partial x} &= -m e^{\gamma t} \omega^{2} x
\end{aligned}
\]

The equation of motion is

\[ 
m \ddot{x} + m \gamma \dot{x} + m \omega^{2} x = 0 
\]

or

\[ 
m \ddot{x} = -m \gamma \dot{x} - m \omega^{2} x 
\]

The particle experiences two forces: \(-m \gamma \dot{x}\), which is a damping force proportional to the velocity, and a restoring force proportional to the displacement from the equilibrium position. The differential equation is that of damped oscillations.",\boxed{m \ddot{x} = -m \gamma \dot{x} - m \omega^{2} x},EQ,,False,EN,Math Derivation
1899,Mechanics and Thermodynamics,Theoretical Mechanics,Hamiltonian Formulation of Mechanics,"A mechanical system has kinetic energy $T=\frac{1}{2}\left(\dot{q}_{1}^{2}+\frac{\dot{q}_{2}^{2}}{a+b q_{1}^{2}}\right)$ and potential energy $V=\frac{1}{2}\left(k_{1} q_{1}^{2}+k_{2}\right)$, where $a$, $b$, $k_{1}$, and $k_{2}$ are constants. Given the Routhian $R$, write the Routh equations.","$$
\begin{aligned}
\dot{q}_{2} & =\frac{\partial R}{\partial p_{2}}=\left(a+b q_{1}^{2}\right) p_{2}, \\
\dot{p}_{2} & =-\frac{\partial R}{\partial q_{2}}=0, \\
\ddot{q}_{1} & +\left(p_{2}^{2} b+k_{1}\right) q_{1}=0,
\end{aligned}
$$

where $p_{2}=\frac{\dot{q}_{2}}{a+b q_{1}^{2}}=C$ is a constant determined by the initial conditions.","\boxed{\dot{q}_{2}=\left(a+b q_{1}^{2}\right) p_{2}, \dot{p}_{2}=0, \ddot{q}_{1}+\left(p_{2}^{2} b+k_{1}\right) q_{1}=0}",EQ,"None, None, None",True,EN,Math Derivation
1900,Mechanics and Thermodynamics,Theoretical Mechanics,Hamiltonian Formulation of Mechanics,Find the potential energy of a symmetric top rotating around a fixed point under the influence of gravity.,"Take the fixed point as the origin of coordinates, and let the center of mass be at a distance \(l\) above the fixed point. The gravitational potential energy is:

\[
V = m g l \cos \theta
\]",\boxed{m g l \cos \theta},EX,,False,EN,Knowledge Recall
1901,Mechanics and Thermodynamics,Theoretical Mechanics,Hamiltonian Formulation of Mechanics,"In a polar coordinate system of a unit mass particle, the potential energy expressed in polar coordinates is $V = \frac{k \cos \varphi}{r^{2}}$ (where $k$ is a constant). If at $t=0$, $r = a, \dot{r} = 0$, find the differential equation for $r(t)$ that satisfies $\ddot{r} = \frac{2 E}{r} - \frac{\dot{r}^{2}}{r}$.","By substituting the potential energy into the Hamiltonian, we obtain:

$$
\dot{\varphi}^{2} = \frac{2 E}{r^{2}} - \frac{2 k \cos \varphi}{r^{4}} - \frac{\dot{r}^{2}}{r^{2}}
$$

and

$$
\ddot{r} = \frac{2 E}{r} - \frac{2 k \cos \varphi}{r^{3}} - \frac{\dot{r}^{2}}{r} + \frac{2 k \cos \varphi}{r^{3}} = \frac{2 E}{r} - \frac{\dot{r}^{2}}{r}.
$$",\boxed{\ddot{r} = \frac{2 E}{r} - \frac{\dot{r}^{2}}{r}},EQ,,False,EN,Math Derivation
1910,Mechanics and Thermodynamics,Theoretical Mechanics,Hamiltonian Formulation of Mechanics,"The Lagrangian function for a particle of mass \(m\) undergoing one-dimensional motion is given by \(L=\frac{1}{2} m e^{\gamma t}(\dot{x}^{2}-\omega^{2} x^{2})\), where \(m\), \(\gamma\), and \(\omega\) are all positive real numbers. If the initial conditions are \(x(0)=0, \dot{x}(0)=v_{0}\), what does \(x(t)\) asymptotically equal when \(t \rightarrow \infty\)?","\[
\ddot{x} + \gamma \dot{x} + \omega^{2} x = 0 \tag{4}
\]

The characteristic equation is

\[
r^{2} + \gamma r + \omega^{2} = 0
\]

Solving this gives

\[
r = \frac{1}{2} \left(-\gamma \pm \sqrt{\gamma^{2} - 4 \omega^{2}}\right)
\]

If \(\gamma^{2} < 4 \omega^{2}\), i.e., \(\frac{\gamma}{2} < \omega\), the general solution is

\[
\begin{aligned}
x &= A e^{-\frac{1}{2} \gamma t} \cos \left(\omega_{r} t + \alpha\right) \\
\omega_{r} &= \sqrt{\omega^{2} - \frac{1}{4} \gamma^{2}}
\end{aligned}
\]

If \(\gamma^{2} > 4 \omega^{2}\), i.e., \(\frac{\gamma}{2} > \omega\), the general solution is

\[
x = C_{1} e^{\left(-\frac{\gamma}{2} + \frac{1}{2} \sqrt{\gamma^{2} - 4 \omega^{2}}\right) t} + C_{2} e^{\left(-\frac{\gamma}{2} - \frac{1}{2} \sqrt{\gamma^{2} - 4 \omega^{2}}\right) t}
\]

If \(\gamma^{2} = 4 \omega^{2}\), i.e., \(\frac{\gamma}{2} = \omega\), the general solution is

\[
x = \left(B_{1} + B_{2} t\right) e^{-\frac{1}{2} \gamma t}
\]

Regardless of the relationship between \(\frac{\gamma}{2}\) and \(\omega\), and irrespective of the initial conditions, as \(t \rightarrow \infty\), we have \(x \rightarrow 0\).",\boxed{0},NV,,False,EN,Math Derivation
1915,Mechanics and Thermodynamics,Theoretical Mechanics,Hamiltonian Formulation of Mechanics,"A particle with mass $m$ moves in a potential field expressed in spherical coordinates, where the potential field can be written as $V=f(r) + \frac{1}{r^{2}} g(\theta)$, with $f(r)$ and $g(\theta)$ being known functions. Determine the Lagrangian $L$ of the particle and the momenta $p_r$, $p_\theta$, and $p_\varphi$.","$$
\begin{aligned}
L &= \frac{1}{2} m \left(\dot{r}^{2} + r^{2} \dot{\theta}^{2} + r^{2} \sin^{2} \theta \dot{\varphi}^{2}\right) - f(r) - \frac{1}{r^{2}} g(\theta), \\
p_{r} &= \frac{\partial L}{\partial \dot{r}} = m \dot{r}, \quad p_{\theta} = \frac{\partial L}{\partial \dot{\theta}} = m r^{2} \dot{\theta}, \\
p_{\varphi} &= \frac{\partial L}{\partial \dot{\varphi}} = m r^{2} \sin^{2} \theta \dot{\varphi}.
\end{aligned}
$$","\[
\boxed{\frac{1}{2} m \left(\dot{r}^{2} + r^{2} \dot{\theta}^{2} + r^{2} \sin^{2} \theta \dot{\varphi}^{2}\right) - f(r) - \frac{1}{r^{2}} g(\theta), \, m \dot{r}, \, m r^{2} \dot{\theta}, \, m r^{2} \sin^{2} \theta \dot{\varphi}}
\]","EX, EX, EX, EX",,False,EN,Laws Application
1927,Mechanics and Thermodynamics,Theoretical Mechanics,Hamiltonian Formulation of Mechanics,"Consider a particle of mass $m$ undergoing one-dimensional motion under the influence of a potential energy $V = -\frac{k}{|x|}$ (where $k$ is a positive constant), with a negative energy value. Assuming the parameter $k$ changes slowly from its initial value, how does the energy of the particle change?","The known period is 

$$
J = \frac{2 \pi \sqrt{2 m} k}{\sqrt{-E}} 
$$

Thus,

$$
-E = \frac{8 \pi^{2} m k^{2}}{J^{2}}
$$

That is,

$$
-E \propto k^{2}
$$",\boxed{-E \propto k^{2}},EX,,False,EN,Math Derivation
1928,Mechanics and Thermodynamics,Theoretical Mechanics,Hamiltonian Formulation of Mechanics,Use the canonical transformation generated by the generating function \( S_{1}=Q_{1}^{1/2} q_{1}-\frac{2}{3}(Q_{2}-q_{2})^{3/2}-(Q_{1}+Q_{2}) t \) to find the values of \( p_{1} \) and \( p_{2} \) in the system where the Hamiltonian is \( H=p_{1}^{2}+p_{2}^{2}+q_{2} \).,"The canonical transformation is generated by the generating function
$$
S_{1}=Q_{1}^{1/2} q_{1}-\frac{2}{3}(Q_{2}-q_{2})^{3/2}-(Q_{1}+Q_{2}) t.
$$
The corresponding equations for the canonical transformation are
$$
\begin{aligned}
& p_{1} = \frac{\partial S_{1}}{\partial q_{1}} = Q_{1}^{1/2}, \\
& p_{2} = \frac{\partial S_{1}}{\partial q_{2}} = \left(Q_{2} - q_{2}\right)^{1/2}.
\end{aligned}
$$","\boxed{p_{1} = Q_{1}^{1/2}, p_{2} = \left(Q_{2} - q_{2}\right)^{1/2}}","EQ, EX","None, None",True,EN,Math Derivation
1930,Mechanics and Thermodynamics,Theoretical Mechanics,Hamiltonian Formulation of Mechanics,"A system with one degree of freedom has the Hamiltonian $H = \frac{p^{2}}{2 \alpha} - b q p \mathrm{e}^{-\alpha} + \frac{1}{2} b a \mathrm{e}^{-\alpha}(\alpha + b \mathrm{e}^{-\alpha}) + \frac{1}{2} k q^{2}$, where $a$, $b$, $\alpha$, and $k$ are constants. Determine the Lagrangian of this system.","First, the Hamiltonian is given by:

$$
H = \frac{p^{2}}{2 \alpha} - b q p \mathrm{e}^{-\alpha} + \frac{1}{2} b a \mathrm{e}^{-\alpha}(\alpha + b \mathrm{e}^{-\alpha}) + \frac{1}{2} k q^{2}
$$

From the Hamiltonian $H$, we can obtain the time derivative of the generalized coordinate:

$$
\dot{q} = \frac{\partial H}{\partial p} = \frac{p}{\alpha} - b q \mathrm{e}^{-\alpha}
$$

Solving for the generalized momentum:

$$
p = \alpha \left( \dot{q} + b q \mathrm{e}^{-\alpha} \right)
$$

Next, we use the Hamiltonian to find the Lagrangian $L$:

$$
L = p \dot{q} - H
$$

Which gives:

$$
\begin{aligned}
L = & \, \alpha \left( \dot{q} + b q \mathrm{e}^{-\alpha} \right) \dot{q} - \frac{1}{2 \alpha} \left[ \alpha \left( \dot{q} + b q \mathrm{e}^{-\alpha} \right) \right]^{2} \\
& \, + b q \alpha \left( \dot{q} + b q \mathrm{e}^{-\alpha} \right) \mathrm{e}^{-\alpha} - \frac{1}{2} b a \mathrm{e}^{-\alpha} \left( \alpha + b \mathrm{e}^{-\alpha} \right) - \frac{1}{2} k q^{2} \\
= & \, \frac{1}{2} \alpha \left( \dot{q} + b q \mathrm{e}^{-\alpha} \right)^{2} - \frac{1}{2} b a \mathrm{e}^{-\alpha} \left( \alpha + b \mathrm{e}^{-\alpha} \right) - \frac{1}{2} k q^{2}
\end{aligned}
$$",\boxed{\frac{1}{2} \alpha \left( \dot{q} + b q \mathrm{e}^{-\alpha} \right)^{2} - \frac{1}{2} b a \mathrm{e}^{-\alpha} \left( \alpha + b \mathrm{e}^{-\alpha} \right) - \frac{1}{2} k q^{2}},EX,,False,EN,Math Derivation
1931,Mechanics and Thermodynamics,Theoretical Mechanics,Hamiltonian Formulation of Mechanics,"A mechanical system has kinetic energy \( T=\frac{1}{2}\left(\dot{q}_{1}^{2}+\frac{\dot{q}_{2}^{2}}{a+b q_{1}^{2}}\right) \) and potential energy \( V=\frac{1}{2}\left(k_{1} q_{1}^{2}+k_{2}\right) \), where \( a, b, k_{1}, \) and \( k_{2} \) are all constants. Write down the Lagrangian function \( L \) and the corresponding variable \( p_{2} \).","\[ 
T=\frac{1}{2}\left(\dot{q}_{1}^{2}+\frac{\dot{q}_{2}^{2}}{a+b q_{1}^{2}}\right) 
\]

\[ 
\begin{aligned}
V & =\frac{1}{2}\left(k_{1} q_{1}^{2}+k_{2}\right) \\
L & =\frac{1}{2}\left(\dot{q}_{1}^{2}+\frac{\dot{q}_{2}^{2}}{a+b q_{1}^{2}}\right)-\frac{1}{2}\left(k_{1} q_{1}^{2}+k_{2}\right) \\
\frac{\partial L}{\partial \dot{q}_{2}} & =\frac{\dot{q}_{2}}{a+b q_{1}^{2}} \\
\dot{q}_{2} & =\left(a+b q_{1}^{2}\right) p_{2} 
\end{aligned} 
\]","\boxed{L = \frac{1}{2}\left(\dot{q}_{1}^{2}+\frac{\dot{q}_{2}^{2}}{a+b q_{1}^{2}}\right)-\frac{1}{2}\left(k_{1} q_{1}^{2}+k_{2}\right), p_{2} = \frac{\dot{q}_{2}}{a+b q_{1}^{2}}}","EQ, EQ","None, None",True,EN,Laws Application
1934,Mechanics and Thermodynamics,Theoretical Mechanics,Small Vibrations of Finite System,"A lightweight elastic string with a length of $4a$ is fixed at both ends and is in a taut state. At a distance $a$ from each endpoint, a mass point with mass $m$ is attached. The tension of the string is $\tau$. Find the normal frequencies and modes of free vibration (ignoring resistance and external forces).","$$
\begin{gathered}
|\mathbf{H}| = \begin{vmatrix} \frac{3}{2} k - m \omega^{2} & -\frac{1}{2} k \\ -\frac{1}{2} k & \frac{3}{2} k - m \omega^{2} \end{vmatrix} = 0, \\
(m \omega^{2})^{2} - 3 k m \omega^{2} + 2 k^{2} = 0, \\
\omega_{1}^{2} = \frac{k}{m}, \quad \omega_{2}^{2} = \frac{2 k}{m}
\end{gathered}
$$","\boxed{\omega_{1} = \sqrt{\frac{k}{m}}, \omega_{2} = \sqrt{\frac{2k}{m}}}","NV, NV","\text{None}, \text{None}",True,EN,Math Derivation
1935,Mechanics and Thermodynamics,Theoretical Mechanics,Small Vibrations of Finite System,Consider a particle of mass \( m \) that is moving in one dimension under the influence of a potential energy \( V = -\frac{k}{|x|} \) (where \( k \) is a positive constant) and has negative energy. Suppose the parameter \( k \) is slowly changed from its initial value. How does the amplitude of the particleâs oscillation change?,"The generalized forces for generalized coordinates $x, s$ are

$$
Q_{x}=F_{0} \cos \Omega t, \quad Q_{s}=0
$$

After applying the normal coordinates $\xi, \eta$, the relationship for generalized forces is given by:

$$
\begin{pmatrix} Q_{\xi} \\ Q_{\eta} \end{pmatrix} =\left(\begin{array}{cc} \frac{1}{2} & -\frac{3}{2} \\ -\frac{\sqrt{3}}{2} & -\frac{\sqrt{3}}{2} \end{array}\right) \begin{pmatrix} Q_{x} \\ Q_{s} \end{pmatrix}
$$

where the transformation matrix is $\boldsymbol{G}^{\boldsymbol{T}}$. Substituting $Q_{x}, Q_{s}$ gives

$$
Q_{\xi}=\frac{1}{2} F_{0} \cos \Omega t, \quad Q_{\eta}=-\frac{\sqrt{3}}{2} F_{0} \cos \Omega t
$$

The differential equations are:

$$
\begin{gathered}
2 m \ddot{\xi}+k \xi=\frac{1}{2} F_{0} \cos \Omega t \\
6 m \ddot{\eta}+k \eta=-\frac{\sqrt{3}}{2} F_{0} \cos \Omega t
\end{gathered}
$$

The particular solutions are:

$$
\begin{aligned}
\xi^{*}= & \frac{\frac{F_{0}}{4 m}}{\frac{k}{2 m}-\Omega^{2}} \cos \Omega t=\frac{F_{0} l}{2 m\left(3 g-2 l \Omega^{2}\right)} \cos \Omega t \\
\eta^{*}= & \frac{-\sqrt{3} F_{0}}{\frac{k}{6 m}-\Omega^{2}} \cos \Omega t=\frac{-\sqrt{3} F_{0} l}{6 m\left(g-2 l \Omega^{2}\right)} \cos \Omega t
\end{aligned}
$$

The general solutions are:

$$
\begin{aligned}
& \xi=\frac{F_{0} l}{2 m\left(3 g-2 l \Omega^{2}\right)} \cos \Omega t+C_{1}^{\prime} \cos \left(\sqrt{\frac{3 g}{2 l}} t+\alpha_{1}\right) \\
& \eta=-\frac{\sqrt{3} F_{0} l}{6 m\left(g-2 l \Omega^{2}\right)} \cos \Omega t+C_{2}^{\prime} \cos \left(\sqrt{\frac{g}{2 l}} t+\alpha_{2}\right)
\end{aligned}
$$

Further, we obtain:

$$
\begin{aligned}
x= & \frac{1}{2} \xi - \frac{\sqrt{3}}{2} \eta = \left[\frac{F_{0} l}{4 m(3 g-2 l \Omega^{2})} + \frac{F_{0} l}{4 m(g-2 l \Omega^{2})}\right] \cos \Omega t \\
& + C_{1} \cos \left(\sqrt{\frac{3g}{2l}} t+\alpha_{1}\right) + C_{2} \cos \left(\sqrt{\frac{g}{2l}} t+\alpha_{2}\right) \\
\theta= & -\frac{3}{2 l} \xi - \frac{\sqrt{3}}{2 l} \eta = \left[-\frac{3 F_{0}}{4 m(3g-2l\Omega^{2})} + \frac{F_{0}}{4m(g-2l\Omega^{2})}\right] \cos \Omega t 
\end{aligned}
$$

$$
-\frac{3}{l} C_{1} \cos \left(\sqrt{\frac{3g}{2l}} t+\alpha_{1}\right) + \frac{1}{l} C_{2} \cos \left(\sqrt{\frac{g}{2l}} t+\alpha_{2}\right)
$$

Figure 10.59 \\
$$
<image 1>
$$",\boxed{A \propto k^{-1}},EX,,False,EN,Practical Application
1938,Mechanics and Thermodynamics,Theoretical Mechanics,Small Vibrations of Finite System,"The kinetic energy and potential energy of a system are given by

\[
T=\frac{1}{2}\left(\dot{q}_{1}^{2}+\dot{q}_{2}^{2}+\dot{q}_{3}^{2}\right)
\]

\[
V=2 q_{1}^{2}+\frac{5}{2} q_{2}^{2}+2 q_{3}^{2}-q_{1} q_{2}-q_{2} q_{3}
\]

Given that initially, \(q_{1}=q_{10}, q_{2}=q_{20}, q_{3}=q_{30}, \dot{q}_{1}=\dot{q}_{2}=\dot{q}_{3}=0\), determine the equations of motion for the system.","The Lagrangian function \(L\) of the system is

\[
L = T - V = \frac{1}{2}\left(\dot{q}_{1}^{2}+\dot{q}_{2}^{2}+\dot{q}_{3}^{2}\right)-2 q_{1}^{2}-\frac{5}{2} q_{2}^{2}-2 q_{3}^{2}+q_{1} q_{2}+q_{2} q_{3}
\]

Using the Lagrange equation \(\frac{\mathrm{d}}{\mathrm{d} t}\left(\frac{\partial L}{\partial \dot{q}_{i}}\right)-\frac{\partial L}{\partial q_{i}}=0\), we obtain the differential equations of motion:

\[
\begin{aligned}
\ddot{q}_{1}+4 q_{1}-q_{2}&=0 \\
\ddot{q}_{2}+5 q_{2}-q_{1}-q_{3}&=0 \\
\ddot{q}_{3}+4 q_{3}-q_{2}&=0
\end{aligned}
\]","\boxed{\ddot{q}_{1}+4 q_{1}-q_{2}=0, \ddot{q}_{2}+5 q_{2}-q_{1}-q_{3}=0, \ddot{q}_{3}+4 q_{3}-q_{2}=0}",EQ,"None, None, None",True,EN,Laws Application
1939,Mechanics and Thermodynamics,Theoretical Mechanics,Lagrangian Formulation of Mechanics,A particle of mass $m$ is subject to a force with a potential energy $V(r)$ where $r$ is in spherical coordinates. Write the Lagrangian function of the particle in a spherical coordinate system rotating around the $z$-axis with angular velocity $\omega$.,"The reference frame is still an inertial reference frame at rest, but the generalized coordinates used are those of the rotating spherical coordinate system $r$, $\theta$, and $\varphi$. The absolute velocity of the particle is given by

$$
\begin{aligned}
& \boldsymbol{v}=\boldsymbol{v}^{\prime}+\omega \times \boldsymbol{r}=\dot{\boldsymbol{r}} \boldsymbol{e}_{r}+r \dot{\theta} \boldsymbol{e}_{\theta}+r \sin \theta \dot{\varphi} \boldsymbol{e}_{\varphi}+\omega \times r \boldsymbol{e}_{r}, \\
& \omega=\omega\left(\cos \theta \boldsymbol{e}_{r}-\sin \theta \boldsymbol{e}_{\theta}\right)
\end{aligned}
$$

Therefore,

$$
\boldsymbol{v} = \dot{r} \boldsymbol{e}_{r} + r \dot{\theta} \boldsymbol{e}_{\theta}+(\dot{r} \sin \theta+\omega r \sin \theta) \boldsymbol{e}_{\varphi}
$$

The kinetic energy is

$$
T=\frac{1}{2} m \boldsymbol{v} \cdot \boldsymbol{v} = \frac{1}{2} m\left[\dot{r}^{2}+r^{2} \dot{\theta}^{2}+(r \dot{\varphi} \sin \theta+\omega r \sin \theta)^{2}\right]
$$

$$
\begin{aligned}
= & \frac{1}{2} m\left(\dot{r}^{2}+r^{2} \dot{\theta}^{2}+r^{2} \dot{\varphi}^2 \sin ^{2} \theta+\omega^{2} r^{2} \sin ^{2} \theta+2 \omega r^{2} \sin ^{2} \theta \dot{\varphi}\right) \\
L= & T-V=\frac{1}{2} m\left(\dot{r}^{2}+r^{2} \dot{\theta}^{2}+r^{2} \dot{\varphi}^{2} \sin ^{2} \theta\right)-V(r) \\
& +\frac{1}{2} m\left(\omega^{2} r^{2} \sin ^{2} \theta+2 \omega r^{2} \sin ^{2} \theta \dot{\varphi}\right)
\end{aligned}
$$",\boxed{L = \frac{1}{2} m\left(\dot{r}^{2}+r^{2} \dot{\theta}^{2}+r^{2} \dot{\varphi}^{2} \sin^{2} \theta\right) + \frac{1}{2} m\left(\omega^{2} r^{2} \sin^{2} \theta + 2 \omega r^{2} \sin^{2} \theta \dot{\varphi}\right) - V(r)},EX,,False,EN,Math Derivation
1950,Mechanics and Thermodynamics,Theoretical Mechanics,Small Vibrations of Finite System,"Two small metallic spheres, each with mass \( m \) and charge \( e \), are suspended by non-extensible, lightweight insulating strings of the same length \( l \) on the same horizontal line. The points of suspension are separated by a distance \( a \). Let the spheres make small oscillations around their equilibrium positions. Determine the kinetic energy of the moving spheres.","The kinetic energy can be expressed as:
\[
T = \frac{1}{2} m l^{2} \dot{\theta}_{1}^{2} + \frac{1}{2} m l^{2} \dot{\theta}_{2}^{2}
\]",\boxed{\frac{1}{2} m l^{2} \dot{\theta}_{1}^{2}+\frac{1}{2} m l^{2} \dot{\theta}_{2}^{2}},EX,,False,EN,Laws Application
1951,Mechanics and Thermodynamics,Theoretical Mechanics,Hamiltonian Formulation of Mechanics,"Given the Hamiltonian $H = \frac{p_{r}^{2}}{2 m} + \frac{1}{2 m r^{2}}\left(p_{\varphi} - \frac{1}{2} q B_{0} r^{2}\right)^{2} + \frac{p_{z}^{2}}{2 m} - q E_{0} \ln r$, derive the equations of motion for the system.","According to $\dot{q}_{i} = \frac{\partial H}{\partial p_{i}}, \quad \dot{p}_{i} = -\frac{\partial H}{\partial q_{i}}$, we obtain

$$
\begin{align*}
\dot{r} &= \frac{p_{r}}{m}, \quad \dot{\varphi} = \frac{1}{m r^{2}}\left(p_{\varphi} - \frac{1}{2} q B_{0} r^{2}\right) \\
\dot{z} &= \frac{p_{z}}{m} \\
\dot{p}_{r} &= \frac{1}{m r^{2}}\left(p_{\varphi}^{2} - \frac{1}{4} q^{2} B_{0}^{2} r^{4}\right) + \frac{q E_{0}}{r} \quad \tag{1}\\
\dot{p}_{\varphi} &= 0 \\
p_{\varphi} &= mr^{2} \dot{\varphi} + \frac{1}{2} q B_{0} r^{2} = \text{constant} \quad \tag{2}\\
\dot{p}_{z} &= 0 \\
p_{z} &= m \dot{z} = \text{constant} \quad \tag{3}
\end{align*}
$$

Substituting $p_{r} = m \dot{r}, \quad p_{\varphi} = m r^{2} \dot{\varphi} + \frac{1}{2} q B_{0} r^{2}$ into equation (1), we obtain

$$
m \ddot{r} - m r \dot{\varphi}^{2} - q B_{0} r \dot{\varphi} - \frac{q E_{0}}{r} = 0 \quad \tag{4}
$$

Equations (2), (3), and (4) are the desired equations of motion.","\boxed{\dot{r} = \frac{p_{r}}{m}, \dot{\varphi} = \frac{1}{m r^{2}}\left(p_{\varphi} - \frac{1}{2} q B_{0} r^{2}\right), \dot{z} = \frac{p_{z}}{m}, \dot{p}_{r} = \frac{1}{m r^{2}}\left(p_{\varphi}^{2} - \frac{1}{4} q^{2} B_{0}^{2} r^{4}\right) + \frac{q E_{0}}{r}, \dot{p}_{\varphi} = 0, \dot{p}_{z} = 0}",EQ,"None, None, None, None, None, None",True,EN,Math Derivation
1963,Mechanics and Thermodynamics,Theoretical Mechanics,Hamiltonian Formulation of Mechanics,"Two inert gas atoms, each with a mass of $m$, have a classical interaction potential energy between them given by

$$
V(r) = -\frac{2A}{r^{6}} + \frac{B}{r^{12}}
$$

where $A, B > 0$ are constants, and $r$ is the distance between the two atoms.  
(3) If the energy is slightly higher than the minimum energy state obtained in (2), find the vibrational frequency of this system.","Perform a Taylor expansion of $V(r)$ around $r = r_{0} = \left( \frac{B}{A} \right)^{\frac{1}{6}}$, or let $r^{\prime} = r - r_{0}$ and perform a Taylor expansion around $r^{\prime} = 0$, retaining only the second-order small quantities,

$$
\begin{aligned}
V\left(r^{\prime}\right) & \approx V\left(r_{0}\right) + \frac{1}{2} \times \left. \frac{\mathrm{d}^{2} V}{\mathrm{~d} r^{2}} \right|_{r = r_{0}} r^{\prime 2} \\
& = -\frac{A^{2}}{B} + \left. \frac{1}{2} \left( -84 \frac{A}{r^{8}} + 156 \frac{B}{r^{14}} \right) \right|_{r = \left( \frac{B}{A} \right)^{\frac{1}{6}}} r^{\prime 2} \\
& = -\frac{A^{2}}{B} + 36 \frac{A^{7/3}}{B^{4/3}} r^{\prime 2}
\end{aligned}
$$

Near the minimum energy state,

$$
\begin{aligned}
L &= m \left( \dot{x}^{2} + \dot{y}^{2} + \dot{z}^{2} \right) + \frac{1}{4} m \left[ \dot{r}^{\prime 2} + \left( r_{0} + r^{\prime} \right)^{2} \dot{\theta}^{2} + \left( r_{0} + r^{\prime} \right)^{2} \sin^{2} \theta \dot{\varphi}^{2} \right] - 36 \frac{A^{7/3}}{B^{4/3}} r^{\prime 2} + \frac{A^{2}}{B}
\end{aligned}
$$

Note: $r^{\prime}, \dot{r}^{\prime}, \ddot{r}^{\prime}, \dot{\theta}, \dot{\varphi}, \ddot{\theta}, \ddot{\varphi}$ are all small quantities. From $\frac{\mathrm{d}}{\mathrm{d} t} \left( \frac{\partial L}{\partial \dot{q}_{i}} \right) - \frac{\partial L}{\partial q_{i}} = 0$ we obtain the equations of motion. By retaining only the first-order small quantities in the differential equations, it is evident that only the differential equation concerning $r^{\prime}$ is a vibrational equation. We derive

$$
\frac{1}{2} m \ddot{r}^{\prime} + 72 \frac{A^{7/3}}{B^{4/3}} r^{\prime} = 0
$$

The angular frequency of small vibrations near the minimum energy state is

$$
\omega = \sqrt{72 \frac{A^{7/3}}{B^{4/3}} / \frac{1}{2} m} = 12 m^{-1/2} A^{7/6} B^{-2/3}
$$",\boxed{12 m^{-1/2} A^{7/6} B^{-2/3}},NV,,False,EN,Math Derivation
1969,Mechanics and Thermodynamics,Theoretical Mechanics,Hamiltonian Formulation of Mechanics,"A particle with mass $m$ moves in a potential field $V(r)=\frac{k}{r^{2}}$ (where $k>0$ is a constant). Using the Lagrange-Jacobi method, solve the following:

4. Using the auxiliary functions $F, X, Y, P, Q$ obtained, find the detailed solution of the orbital equation and choose integration constants to deduce the complete orbital equation.","From

$$
\begin{gathered}
\frac{\mathrm{d} x}{\frac{1}{m} p}=\frac{\mathrm{d} y}{\frac{1}{mx^{2}} q}=\frac{\mathrm{d} p}{\frac{q^{2}}{mx^{3}}+\frac{2k}{x^{3}}}=-\frac{\mathrm{d} q}{0} \\
\mathrm{~d} q=0
\end{gathered}
$$

Thus

$$
\begin{gathered}
q=\alpha \\
\frac{1}{m} p \mathrm{~d} p=\left(\frac{\alpha^{2}}{mx^{3}}+\frac{2k}{x^{3}}\right) \mathrm{d} x=\left(\frac{\alpha^{2}}{m}+2k\right) \frac{1}{x^{3}} \mathrm{~d} x \\
\frac{1}{2m} p^{2}=-\frac{1}{2}\left(\frac{\alpha^{2}}{m}+2k\right) \frac{1}{x^{2}}+h \\
p=\frac{1}{x} \sqrt{2mhx^{2}-\left(\alpha^{2}+2mk\right)} \\
\frac{\mathrm{d} x}{\frac{1}{m} \cdot \frac{1}{x} \sqrt{2mhx^{2}-\left(\alpha^{2}+2mk\right)}}=\frac{\mathrm{d} y}{\frac{1}{mx^{2}} \alpha} \\
\mathrm{~d} y=\frac{\alpha}{x \sqrt{2mhx^{2}-\left(\alpha^{2}+2mk\right)}} \mathrm{d} x
\end{gathered}
$$

Let $x=\frac{1}{u}, \mathrm{~d} x=-\frac{1}{u^{2}} \mathrm{~d} u$,

$$
\mathrm{d} y=-\frac{\alpha}{\sqrt{2mh}} \frac{\mathrm{~d} u}{\sqrt{1-\frac{\alpha^{2}+2mk}{2mh} u^{2}}}
$$

$$
\varphi=y=\frac{\alpha}{\sqrt{\alpha^{2}+2mk}}\left[\arccos \left(\sqrt{\frac{\alpha^{2}+2mk}{2mh}} u\right)+\frac{\pi}{2}\right]
$$

Choosing appropriate polar axes, the above integration constants are obtained,

$$
\begin{gathered}
\sqrt{\frac{\alpha^{2}+2mk}{2mh}} u=\cos \left(\sqrt{\frac{\alpha^{2}+2mk}{\alpha}} \varphi-\frac{\pi}{2}\right)=\sin \left(\sqrt{\frac{\alpha^{2}+2mk}{\alpha}} \varphi\right) \\
r=\frac{1}{u}=\sqrt{\frac{\alpha^{2}+2mk}{2mh}} \csc \left(\sqrt{1+\frac{2mk}{\alpha^{2}}} \varphi\right)
\end{gathered}
$$",\boxed{r=\sqrt{\frac{\alpha^{2}+2mk}{2mh}} \csc \left(\sqrt{1+\frac{2mk}{\alpha^{2}}} \varphi\right)},EX,,False,EN,Math Derivation
1977,Mechanics and Thermodynamics,Theoretical Mechanics,Hamiltonian Formulation of Mechanics,"A linear oscillator with a force constant \(k\) suddenly has its mass increased by a small amount \(\varepsilon\). Use canonical perturbation theory to find the frequency increment \(\nu - \nu^{0}\) of the oscillator, calculated up to the second order in \(\varepsilon\). Use the method of action-angle variables.","The expression for the Hamiltonian is:

\[
H = \frac{1}{2(m+\varepsilon)} p^{2} + \frac{1}{2} k q^{2} = \frac{1}{2 m\left(1+\frac{\varepsilon}{m}\right)} p^{2} + \frac{1}{2} k q^{2}
\]

\[
= \frac{1}{2 m}\left(1-\frac{\varepsilon}{m}+\frac{\varepsilon^{2}}{m^{2}}\right) p^{2} + \frac{1}{2} k q^{2} = H_{0} + \varepsilon H_{1} + \varepsilon^{2} H_{2}
\]

\[
H_{0} = \frac{1}{2 m} p^{2} + \frac{1}{2} k q^{2}, \quad H_{1} = -\frac{1}{2 m^{2}} p^{2}, \quad H_{2} = \frac{1}{2 m^{3}} p^{2}
\]

Find the exact solution using action and angle variables.

\[
\frac{1}{2(m+\varepsilon)} p^{2} + \frac{1}{2} k q^{2} = E
\]

\[
\frac{p^{2}}{2(m+\varepsilon) E} + \frac{q^{2}}{2 E / k} = 1
\]

\[
J = \oint p \mathrm{~d} q = \pi \sqrt{2(m+\varepsilon) E} \cdot \sqrt{\frac{2 E}{k}} = 2 \pi E \sqrt{\frac{m+\varepsilon}{k}}
\]

\[
H^{*} = E = \frac{1}{2 \pi} \sqrt{\frac{k}{m+\varepsilon}} J
\]

\[
\nu = \dot{w} = \frac{\partial H^{*}}{\partial J} = \frac{1}{2 \pi} \sqrt{\frac{k}{m+\varepsilon}}
\]

\[
\dot{J} = -\frac{\partial H^{*}}{\partial w} = 0
\]

\[
w = \nu t + \beta
\]

\[
\nu = \frac{1}{2 \pi} \sqrt{\frac{k}{m+\varepsilon}}
\]

Expand up to the second order in \(\varepsilon\):

\[
\nu = \frac{1}{2 \pi} \sqrt{\frac{k}{m}}\left(1-\frac{\varepsilon}{2 m}+\frac{3 \varepsilon^{2}}{8 m^{2}}\right)
\]

Zero order approximation:

\[
\nu^{0} = \left.\nu\right|_{\varepsilon=0} = \frac{1}{2 \pi} \sqrt{\frac{k}{m}}
\]

\[
\nu-\nu^{0} = \frac{1}{2 \pi} \sqrt{\frac{k}{m}}\left(-\frac{\varepsilon}{2 m}+\frac{3 \varepsilon^{2}}{8 m^{2}}\right) = -\frac{1}{4 \pi} \varepsilon k^{1 / 2} m^{-3 / 2} + \frac{3}{16 \pi} \varepsilon^{2} k^{1 / 2} m^{-5 / 2}
\]",\boxed{-\frac{1}{4 \pi} \varepsilon k^{1 / 2} m^{-3 / 2}+\frac{3}{16 \pi} \varepsilon^{2} k^{1 / 2} m^{-5 / 2}},EX,,False,EN,Math Derivation
1979,Mechanics and Thermodynamics,Theoretical Mechanics,Hamiltonian Formulation of Mechanics,"For a particle in motion, its action is related to the Hamilton-Jacobi equation. Given its Hamiltonian is

$$
H = \frac{2}{m(\xi+\eta)} (\xi p_\xi^2 + \eta p_\eta^2) + \frac{1}{2m \xi \eta} p_\theta^2 + \frac{2A}{\xi+\eta} - \frac{1}{2} B(\xi-\eta).
$$

Find its Hamilton-Jacobi equation.","The Hamilton-Jacobi equation is

$$
\frac{\partial S}{\partial t} + \frac{2}{m(\xi+\eta)}\left[\xi\left(\frac{\partial S}{\partial \xi}\right)^2 + \eta\left(\frac{\partial S}{\partial \eta}\right)^2\right] + \frac{1}{2m \xi \eta} \left(\frac{\partial S}{\partial \theta}\right)^2 + \frac{2A}{\xi+\eta} - \frac{1}{2} B(\xi-\eta) = 0.
$$",\boxed{\frac{\partial S}{\partial t} + \frac{2}{m(\xi+\eta)}\left[\xi\left(\frac{\partial S}{\partial \xi}\right)^2 + \eta\left(\frac{\partial S}{\partial \eta}\right)^2\right] + \frac{1}{2m \xi \eta} \left(\frac{\partial S}{\partial \theta}\right)^2 + \frac{2A}{\xi+\eta} - \frac{1}{2} B(\xi-\eta) = 0},EQ,,False,EN,Math Derivation
1993,Mechanics and Thermodynamics,Theoretical Mechanics,Hamiltonian Formulation of Mechanics,"A particle with mass $m$ moves in a force field consisting of a constant force and a force inversely proportional to the square of the distance from the force center. Its potential energy is given by $V=\frac{A}{r}-Bz$ (where $A$ and $B$ are constants, and $r$ is in spherical coordinates). Using parabolic coordinates $\xi$, $\eta$, $\theta$, which are related to cylindrical coordinates $\rho$, $\varphi$, $z$ as follows:

$$
\xi = r + z, \quad \eta = r - z, \quad \theta = \varphi, \quad r^2 = \rho^2 + z^2.
$$

First, express $r$, $\rho$, $\varphi$, $z$ as functions of $\xi$, $\eta$, $\theta$ and write the Lagrangian $L$.","To express $r$, $\rho$, $\varphi$, $z$ as functions of $\xi$, $\eta$, $\theta$, we have:

$$
\begin{aligned}
r & = \frac{1}{2}(\xi + \eta), \quad z = \frac{1}{2}(\xi - \eta), \\
\rho^2 & = r^2 - z^2 = \xi \eta, \quad \varphi = \theta, \\
L & = \frac{1}{2} m\left(\dot{\rho}^2 + \rho^2 \dot{\varphi}^2 + \dot{z}^2\right) - \frac{A}{r} + B z, \\
& = \frac{1}{2} m\left[\frac{(\xi \dot{\eta} + \dot{\xi} \eta)^2}{4 \xi \eta} + \xi \eta \dot{\theta}^2 + \frac{1}{4}(\dot{\xi} - \dot{\eta})^2\right] - \frac{2A}{\xi + \eta} + \frac{1}{2} B(\xi - \eta).
\end{aligned}
$$",\boxed{\frac{1}{2} m\left[\frac{(\xi \dot{\eta} + \dot{\xi} \eta)^2}{4 \xi \eta} + \xi \eta \dot{\theta}^2 + \frac{1}{4}(\dot{\xi} - \dot{\eta})^2\right] - \frac{2A}{\xi + \eta} + \frac{1}{2} B(\xi - \eta)},EX,,False,EN,Math Derivation
1995,Mechanics and Thermodynamics,Theoretical Mechanics,Hamiltonian Formulation of Mechanics,"For the Hamilton-Jacobi equation

$$
\frac{\partial S}{\partial t} + \frac{2}{m(\xi+\eta)}\left[\xi\left(\frac{\partial S}{\partial \xi}\right)^2 + \eta\left(\frac{\partial S}{\partial \eta}\right)^2\right] + \frac{1}{2m \xi \eta} \left(\frac{\partial S}{\partial \theta}\right)^2 + \frac{2A}{\xi+\eta} - \frac{1}{2} B(\xi-\eta) = 0,
$$

and given that

$$
\frac{\partial H}{\partial t} = 0, \quad \frac{\partial H}{\partial \theta} = 0,
$$

write the form of the action $S$.","We can let

$$
S = -ht + \alpha_\theta \theta + W(\xi, \eta).
$$","\boxed{S = -ht + \alpha_\theta \theta + W(\xi, \eta)}",EQ,,False,EN,Math Derivation
1998,Mechanics and Thermodynamics,Theoretical Mechanics,Hamiltonian Formulation of Mechanics,"A particle with mass $m$ is projected into the air, which is free of resistance, with an initial velocity $v$ at an angle $\alpha$ with respect to the horizontal. Use the Hamilton-Jacobi equation to determine the motion of the particle.

Utilizing the given conditions and the Hamilton-Jacobi method, find the equations of motion $y(t)$ and $x(t)$ for the projectile motion.","Based on $W$ and the given initial conditions,

$$
W = -\frac{2\sqrt{2m}}{3mg}\left(h - \frac{\alpha'^{2}}{2m} - mgy\right)^{3/2} + \alpha'x
$$

Let $\beta = t - \frac{\partial W}{\partial h} = t + \frac{\sqrt{2m}}{mg}\left(h - \frac{\alpha'^{2}}{2m} - mgy\right)^{1/2}$

\begin{equation*}
h - \frac{\alpha'^{2}}{2m} - mgy = \left[\frac{mg}{\sqrt{2m}}(\beta - t)\right]^{2} = \frac{1}{2}mg^{2}(\beta - t)^{2} \tag{1}
\end{equation*}

Substitute the constant conditions $h$ and $\alpha'$,

$$
\begin{aligned}
& h = \frac{1}{2m}\left(p_{x 0}^{2} + p_{y 0}^{2}\right) = \frac{1}{2m}(mv)^{2} = \frac{1}{2}mv^{2} \\
& \alpha' = p_{x 0} = mv \cos \alpha
\end{aligned}
$$

Substitute into equation (1),

\begin{equation*}
\frac{1}{2}mv^{2} - \frac{1}{2m}(mv \cos \alpha)^{2} - mgy = \frac{1}{2}mg^{2}(\beta - t)^{2} \tag{2}
\end{equation*}

From $t = 0$ and $y = 0$, we find $\beta = \frac{1}{g}v \sin \alpha$. Substitute into equation (2) to solve for

$$
\begin{aligned}
y & = vt \sin \alpha - \frac{1}{2}gt^{2} \\
p_{x} & = \alpha' = mv \cos \alpha \\
\dot{x} & = v \cos \alpha \\
x & = \int_{0}^{t} v \cos \alpha \, \mathrm{d}t = vt \cos \alpha
\end{aligned}
$$","\boxed{y = vt \sin \alpha - \frac{1}{2}gt^{2}, x = vt \cos \alpha}",EQ,"\text{None}, \text{None}",True,EN,Math Derivation
1999,Mechanics and Thermodynamics,Theoretical Mechanics,Hamiltonian Formulation of Mechanics,"A certain two-dimensional oscillator has kinetic energy and potential energy given by

\[
\begin{gathered}
T=\frac{1}{2} m\left(\dot{x}^{2}+\dot{y}^{2}\right) \\
V=\frac{1}{2} k\left(x^{2}+y^{2}\right)+c x y
\end{gathered}
\]

where \(c\) and \(k\) are constants. If \(c=0\), find the third constant of motion.","If \(c=0\), the two-dimensional oscillator is isotropic,

\[
H=\frac{1}{2 m}\left(p_{x}^{2}+p_{y}^{2}\right)+\frac{1}{2} k\left(x^{2}+y^{2}\right)
\]

We can find

\[
J=m\left(x p_{y}-y p_{x}\right)=C_{3}
\]

as the third integral of motion. The proof is as follows:

\[
\begin{aligned}
\frac{\mathrm{d} J}{\mathrm{~d} t}= & \frac{\partial J}{\partial t}+[J, H]=\left[m\left(x p_{y}-y p_{x}\right), H\right] \\
= & {\left[m x p_{y}, \frac{1}{2 m} p_{x}^{2}\right]+\left[m x p_{y}, \frac{1}{2} k y^{2}\right] } \\
& -\left[m y p_{x}, \frac{1}{2 m} p_{y}^{2}\right]-\left[m y p_{x}, \frac{1}{2} k x^{2}\right] \\
= & m p_{y} \cdot \frac{1}{2 m} \cdot 2 p_{x}+m x \cdot \frac{1}{2} k(-2 y) \\
& -m p_{x} \cdot \frac{1}{2 m} \cdot 2 p_{y}-m y \cdot \frac{1}{2} k(-2 x) \\
= & 0
\end{aligned}
\]",\boxed{J = m(x p_{y} - y p_{x})},EQ,,False,EN,Math Derivation
2001,Mechanics and Thermodynamics,Theoretical Mechanics,Hamiltonian Formulation of Mechanics,"For a symmetric top in a gravitational field, use the Euler-Lagrange equations to derive the differential equations of motion for the non-cyclic coordinates. Given that the distance from the center of mass to the fixed point is $h$, and the principal moments of inertia about the fixed point are $I_{1}, I_{1}, I_{3}$, find the kinetic energy and potential energy of the top and write the Lagrangian function.","$$
\begin{gathered}
T = \frac{1}{2}\left(I_{1} \omega_{x}^{2} + I_{1} \omega_{y}^{2} + I_{3} \omega_{z}^{2}\right), \\
\omega_{x} = \dot{\varphi} \sin \theta \sin \psi + \dot{\theta} \cos \psi, \\
\omega_{y} = \dot{\varphi} \sin \theta \cos \psi - \dot{\theta} \sin \psi, \\
\omega_{z} = \dot{\varphi} \cos \theta + \dot{\psi}, \\
T = \frac{1}{2} I_{1} \dot{\theta}^{2} + \frac{1}{2} I_{1} \dot{\varphi}^{2} \sin^{2} \theta + \frac{1}{2} I_{3}(\dot{\varphi} \cos \theta + \dot{\psi})^{2}, \\
V = m g h \cos \theta, \\
L = \frac{1}{2} I_{1} \dot{\theta}^{2} + \frac{1}{2} I_{1} \dot{\varphi}^{2} \sin^{2} \theta + \frac{1}{2} I_{3}(\dot{\varphi} \cos \theta + \dot{\psi})^{2} - m g h \cos \theta
\end{gathered}
$$","\boxed{T = \frac{1}{2} I_{1} \dot{\theta}^{2} + \frac{1}{2} I_{1} \dot{\varphi}^{2} \sin^{2} \theta + \frac{1}{2} I_{3}(\dot{\varphi} \cos \theta + \dot{\psi})^{2}, V = m g h \cos \theta, L = \frac{1}{2} I_{1} \dot{\theta}^{2} + \frac{1}{2} I_{1} \dot{\varphi}^{2} \sin^{2} \theta + \frac{1}{2} I_{3}(\dot{\varphi} \cos \theta + \dot{\psi})^{2} - m g h \cos \theta}",EX,"None, \text{J}, \text{J}",True,EN,Math Derivation
2002,Mechanics and Thermodynamics,Theoretical Mechanics,Small Vibrations of Finite System,"When a light source approaches the Earth at a speed of $V_{1}$, a person A, stationary on Earth, observes the light emitted from the source as green light with a wavelength of $\lambda_{1}=5000$ Ã. Meanwhile, a person B moving relative to the Earth at a speed of $V_{2}$ sees the light as red with a wavelength of $\lambda_{2}=6000$ Ã. When the light source moves away from the Earth at the same speed $V_{1}$, person A also sees the light as red with a wavelength of $\lambda_{2}$. Determine the wavelength $\lambda_{0}$ of the light emitted by the light source.","The generalized forces for generalized coordinates $x, s$ are

$$
Q_{x}=F_{0} \cos \Omega t, \quad Q_{s}=0
$$

After applying the normal coordinates $\xi, \eta$, the relationship for generalized forces is given by:

$$
\begin{pmatrix} Q_{\xi} \\ Q_{\eta} \end{pmatrix} =\left(\begin{array}{cc} \frac{1}{2} & -\frac{3}{2} \\ -\frac{\sqrt{3}}{2} & -\frac{\sqrt{3}}{2} \end{array}\right) \begin{pmatrix} Q_{x} \\ Q_{s} \end{pmatrix}
$$

where the transformation matrix is $\boldsymbol{G}^{\boldsymbol{T}}$. Substituting $Q_{x}, Q_{s}$ gives

$$
Q_{\xi}=\frac{1}{2} F_{0} \cos \Omega t, \quad Q_{\eta}=-\frac{\sqrt{3}}{2} F_{0} \cos \Omega t
$$

The differential equations are:

$$
\begin{gathered}
2 m \ddot{\xi}+k \xi=\frac{1}{2} F_{0} \cos \Omega t \\
6 m \ddot{\eta}+k \eta=-\frac{\sqrt{3}}{2} F_{0} \cos \Omega t
\end{gathered}
$$

The particular solutions are:

$$
\begin{aligned}
\xi^{*}= & \frac{\frac{F_{0}}{4 m}}{\frac{k}{2 m}-\Omega^{2}} \cos \Omega t=\frac{F_{0} l}{2 m\left(3 g-2 l \Omega^{2}\right)} \cos \Omega t \\
\eta^{*}= & \frac{-\sqrt{3} F_{0}}{\frac{k}{6 m}-\Omega^{2}} \cos \Omega t=\frac{-\sqrt{3} F_{0} l}{6 m\left(g-2 l \Omega^{2}\right)} \cos \Omega t
\end{aligned}
$$

The general solutions are:

$$
\begin{aligned}
& \xi=\frac{F_{0} l}{2 m\left(3 g-2 l \Omega^{2}\right)} \cos \Omega t+C_{1}^{\prime} \cos \left(\sqrt{\frac{3 g}{2 l}} t+\alpha_{1}\right) \\
& \eta=-\frac{\sqrt{3} F_{0} l}{6 m\left(g-2 l \Omega^{2}\right)} \cos \Omega t+C_{2}^{\prime} \cos \left(\sqrt{\frac{g}{2 l}} t+\alpha_{2}\right)
\end{aligned}
$$

Further, we obtain:

$$
\begin{aligned}
x= & \frac{1}{2} \xi - \frac{\sqrt{3}}{2} \eta = \left[\frac{F_{0} l}{4 m(3 g-2 l \Omega^{2})} + \frac{F_{0} l}{4 m(g-2 l \Omega^{2})}\right] \cos \Omega t \\
& + C_{1} \cos \left(\sqrt{\frac{3g}{2l}} t+\alpha_{1}\right) + C_{2} \cos \left(\sqrt{\frac{g}{2l}} t+\alpha_{2}\right) \\
\theta= & -\frac{3}{2 l} \xi - \frac{\sqrt{3}}{2 l} \eta = \left[-\frac{3 F_{0}}{4 m(3g-2l\Omega^{2})} + \frac{F_{0}}{4m(g-2l\Omega^{2})}\right] \cos \Omega t 
\end{aligned}
$$

$$
-\frac{3}{l} C_{1} \cos \left(\sqrt{\frac{3g}{2l}} t+\alpha_{1}\right) + \frac{1}{l} C_{2} \cos \left(\sqrt{\frac{g}{2l}} t+\alpha_{2}\right)
$$

Figure 10.59 \\
$$
<image 1>
$$",\boxed{5477},NV,,False,EN,
2004,Mechanics and Thermodynamics,Theoretical Mechanics,Small Vibrations of Finite System,"A particle with mass \( m \) moves under gravity on a smooth surface described by the equation

\[ z = x^{2} + y^{2} - x y \]

where the \( z \) axis points vertically upwards. If the particle is slightly displaced from its equilibrium position and then released, what should the displacement ratio of \( x \) and \( y \) be to ensure only the mode with the higher frequency is excited?","Substitute \(\omega_{2}\) into equation (1) to get

\[  
\begin{gathered}  
(2g-3g)u_{1}^{(2)} - gu_{2}^{(2)} = 0 \\  
\frac{u_{2}^{(2)}}{u_{1}^{(2)}} = -1  
\end{gathered}  
\]

Therefore, when the initial displacements of \( x \) and \( y \) are equal in magnitude and opposite in sign, releasing it from rest will only excite the vibration mode with the higher frequency. The displacement ratio \(\frac{u_{1}^{(2)}}{u_{2}^{(2)}} = -1\) is the required ratio of displacements for \( x \) and \( y \).",\boxed{-1},NV,,False,EN,Math Derivation
2015,Mechanics and Thermodynamics,Theoretical Mechanics,Hamiltonian Formulation of Mechanics,"Two inert gas atoms, each with a mass of \( m \), interact with each other through a classical potential energy given by

\[
V(r) = -\frac{2A}{r^{6}} + \frac{B}{r^{12}}
\]

where \( A, B > 0 \) and are constants, and \( r \) is the distance between the two atoms.  
(2) Find the lowest energy classical state of this system.","In the lowest classical state, at \( T=0 \), \( V \) takes its minimum value,

\[
\begin{gathered}
\frac{\mathrm{d}}{\mathrm{d} r}\left(-\frac{2A}{r^{6}} + \frac{B}{r^{12}}\right)=0 \\
\frac{12A}{r^{7}} - \frac{12B}{r^{13}}=0
\end{gathered}
\]

\[
\begin{gathered}
r = \left( \frac{B}{A} \right)^{\frac{1}{6}} \\
E_{\min} = V_{\min} = \left. \left( -\frac{2A}{r^{6}} + \frac{B}{r^{12}} \right) \right|_{r = \left( \frac{B}{A} \right)^{\frac{1}{6}}} = -\frac{A^{2}}{B}
\end{gathered}
\]","\boxed{r = \left( \frac{B}{A} \right)^{\frac{1}{6}}, E_{\min} = -\frac{A^{2}}{B}}","EQ, NV","None, None",True,EN,Math Derivation
2019,Mechanics and Thermodynamics,Theoretical Mechanics,Lagrangian Formulation of Mechanics,"A bead of mass \( m \) slides without friction on a rotating circular ring of radius \( a \), which rotates with a constant angular velocity \( \omega \) about a vertical diameter, as shown in Figure 9.72. Determine which of these equilibrium positions are stable and which are unstable.","The stability of the equilibrium position can be determined by examining the sign of either \(\frac{\mathrm{d}^{2} V}{\mathrm{d} \varphi^{2}}\) or \(-\frac{\mathrm{d} Q}{\mathrm{d} \varphi}\). If the result is greater than zero, the position is a stable equilibrium; if less than zero, it is an unstable equilibrium:
\[ \frac{\mathrm{d}^{2} V}{\mathrm{d} \varphi^{2}} = -\frac{\mathrm{d} Q}{\mathrm{d} \varphi} = -m\left[\omega^{2} a^{2}\left(\cos^{2} \varphi - \sin^{2} \varphi\right) - g a \cos \varphi\right] \]

When \(\omega < \sqrt{\frac{g}{a}}\),
\[ \begin{aligned}
& \left.\frac{\mathrm{d}^{2} V}{\mathrm{d} \varphi^{2}}\right|_{\varphi=0} = -m\left(\omega^{2} a^{2} - g a\right) > 0 \\
& \left.\frac{\mathrm{d}^{2} V}{\mathrm{d} \varphi^{2}}\right|_{\varphi=\pi} = -m\left(\omega^{2} a^{2} + g a\right) < 0
\end{aligned} \]

Thus, \(\varphi = 0\) is a stable equilibrium position, and \(\varphi = \pi\) is an unstable equilibrium position.

When \(\omega > \sqrt{\frac{g}{a}}\),
\[ \begin{aligned}
&\left.\frac{\mathrm{d}^{2} V}{\mathrm{d} \varphi^{2}}\right|_{\varphi=0} < 0, \quad \left.\frac{\mathrm{d}^{2} V}{\mathrm{d} \varphi^{2}}\right|_{\varphi=\pi} < 0 \\
&\left.\frac{\mathrm{d}^{2} V}{\mathrm{d} \varphi^{2}}\right|_{\varphi=\arccos \frac{g}{\omega^{2} a}} = -m\left(\omega^{2} a^{2} - \frac{g^{2}}{\omega^{2}}\right) > 0
\end{aligned} \]

Thus, both \(\varphi = 0\) and \(\varphi = \pi\) are unstable equilibrium positions, while \(\varphi = \arccos \left(\frac{g}{\omega^{2} a}\right)\) is a stable equilibrium position.","\boxed{\varphi = 0 \text{ is stable}, \varphi = \pi \text{ is unstable when } \omega < \sqrt{\frac{g}{a}}; \varphi = 0 \text{ and } \varphi = \pi \text{ are unstable, } \varphi = \arccos \left(\frac{g}{\omega^{2} a}\right) \text{ is stable when } \omega > \sqrt{\frac{g}{a}}}",EX,,True,EN,Laws Application
2034,Mechanics and Thermodynamics,Theoretical Mechanics,Small Vibrations of Finite System,"In particle physics, the weak interaction at high energies is of particular interest, such as the decay of Ï mesons and K mesons in flight to produce neutrino beams. Consider a Ï meson with a momentum of $200 \, \text{GeV}/c$ decaying via the reaction $\pi \rightarrow \mu+\nu$ to produce a neutrino. The lifetime of the Ï meson in its rest frame is $\tau_{\pi \pm}=2.60 \times 10^{-8} \, \text{s}$, with a rest energy of $139.6 \, \text{MeV}$, and the rest energy of the muon is $105.7 \, \text{MeV}$. The neutrino is massless. Calculate the maximum angle of the muon in the laboratory frame relative to the direction of motion of the Ï meson.","The generalized forces for generalized coordinates $x, s$ are

$$
Q_{x}=F_{0} \cos \Omega t, \quad Q_{s}=0
$$

After applying the normal coordinates $\xi, \eta$, the relationship for generalized forces is given by:

$$
\begin{pmatrix} Q_{\xi} \\ Q_{\eta} \end{pmatrix} =\left(\begin{array}{cc} \frac{1}{2} & -\frac{3}{2} \\ -\frac{\sqrt{3}}{2} & -\frac{\sqrt{3}}{2} \end{array}\right) \begin{pmatrix} Q_{x} \\ Q_{s} \end{pmatrix}
$$

where the transformation matrix is $\boldsymbol{G}^{\boldsymbol{T}}$. Substituting $Q_{x}, Q_{s}$ gives

$$
Q_{\xi}=\frac{1}{2} F_{0} \cos \Omega t, \quad Q_{\eta}=-\frac{\sqrt{3}}{2} F_{0} \cos \Omega t
$$

The differential equations are:

$$
\begin{gathered}
2 m \ddot{\xi}+k \xi=\frac{1}{2} F_{0} \cos \Omega t \\
6 m \ddot{\eta}+k \eta=-\frac{\sqrt{3}}{2} F_{0} \cos \Omega t
\end{gathered}
$$

The particular solutions are:

$$
\begin{aligned}
\xi^{*}= & \frac{\frac{F_{0}}{4 m}}{\frac{k}{2 m}-\Omega^{2}} \cos \Omega t=\frac{F_{0} l}{2 m\left(3 g-2 l \Omega^{2}\right)} \cos \Omega t \\
\eta^{*}= & \frac{-\sqrt{3} F_{0}}{\frac{k}{6 m}-\Omega^{2}} \cos \Omega t=\frac{-\sqrt{3} F_{0} l}{6 m\left(g-2 l \Omega^{2}\right)} \cos \Omega t
\end{aligned}
$$

The general solutions are:

$$
\begin{aligned}
& \xi=\frac{F_{0} l}{2 m\left(3 g-2 l \Omega^{2}\right)} \cos \Omega t+C_{1}^{\prime} \cos \left(\sqrt{\frac{3 g}{2 l}} t+\alpha_{1}\right) \\
& \eta=-\frac{\sqrt{3} F_{0} l}{6 m\left(g-2 l \Omega^{2}\right)} \cos \Omega t+C_{2}^{\prime} \cos \left(\sqrt{\frac{g}{2 l}} t+\alpha_{2}\right)
\end{aligned}
$$

Further, we obtain:

$$
\begin{aligned}
x= & \frac{1}{2} \xi - \frac{\sqrt{3}}{2} \eta = \left[\frac{F_{0} l}{4 m(3 g-2 l \Omega^{2})} + \frac{F_{0} l}{4 m(g-2 l \Omega^{2})}\right] \cos \Omega t \\
& + C_{1} \cos \left(\sqrt{\frac{3g}{2l}} t+\alpha_{1}\right) + C_{2} \cos \left(\sqrt{\frac{g}{2l}} t+\alpha_{2}\right) \\
\theta= & -\frac{3}{2 l} \xi - \frac{\sqrt{3}}{2 l} \eta = \left[-\frac{3 F_{0}}{4 m(3g-2l\Omega^{2})} + \frac{F_{0}}{4m(g-2l\Omega^{2})}\right] \cos \Omega t 
\end{aligned}
$$

$$
-\frac{3}{l} C_{1} \cos \left(\sqrt{\frac{3g}{2l}} t+\alpha_{1}\right) + \frac{1}{l} C_{2} \cos \left(\sqrt{\frac{g}{2l}} t+\alpha_{2}\right)
$$

Figure 10.59 \\
$$
<image 1>
$$",\boxed{0.0113^\circ},NV,,False,EN,Practical Application
2043,Mechanics and Thermodynamics,Theoretical Mechanics,Small Vibrations of Finite System,"A long-range rocket is launched from the Earth's surface with a radius \(R\) at a velocity \(v=v_{r} \boldsymbol{e}_{r}+v_{\varphi} \boldsymbol{e}_{\varphi}\). Neglect air friction and Earth's rotation, but consider the precise gravitational field. Using the conservation of angular momentum and the conservation of mechanical energy with respect to the Earthâs center, derive the equation that determines the maximum height \(H\) the rocket can reach.","The generalized forces for generalized coordinates $x, s$ are

$$
Q_{x}=F_{0} \cos \Omega t, \quad Q_{s}=0
$$

After applying the normal coordinates $\xi, \eta$, the relationship for generalized forces is given by:

$$
\begin{pmatrix} Q_{\xi} \\ Q_{\eta} \end{pmatrix} =\left(\begin{array}{cc} \frac{1}{2} & -\frac{3}{2} \\ -\frac{\sqrt{3}}{2} & -\frac{\sqrt{3}}{2} \end{array}\right) \begin{pmatrix} Q_{x} \\ Q_{s} \end{pmatrix}
$$

where the transformation matrix is $\boldsymbol{G}^{\boldsymbol{T}}$. Substituting $Q_{x}, Q_{s}$ gives

$$
Q_{\xi}=\frac{1}{2} F_{0} \cos \Omega t, \quad Q_{\eta}=-\frac{\sqrt{3}}{2} F_{0} \cos \Omega t
$$

The differential equations are:

$$
\begin{gathered}
2 m \ddot{\xi}+k \xi=\frac{1}{2} F_{0} \cos \Omega t \\
6 m \ddot{\eta}+k \eta=-\frac{\sqrt{3}}{2} F_{0} \cos \Omega t
\end{gathered}
$$

The particular solutions are:

$$
\begin{aligned}
\xi^{*}= & \frac{\frac{F_{0}}{4 m}}{\frac{k}{2 m}-\Omega^{2}} \cos \Omega t=\frac{F_{0} l}{2 m\left(3 g-2 l \Omega^{2}\right)} \cos \Omega t \\
\eta^{*}= & \frac{-\sqrt{3} F_{0}}{\frac{k}{6 m}-\Omega^{2}} \cos \Omega t=\frac{-\sqrt{3} F_{0} l}{6 m\left(g-2 l \Omega^{2}\right)} \cos \Omega t
\end{aligned}
$$

The general solutions are:

$$
\begin{aligned}
& \xi=\frac{F_{0} l}{2 m\left(3 g-2 l \Omega^{2}\right)} \cos \Omega t+C_{1}^{\prime} \cos \left(\sqrt{\frac{3 g}{2 l}} t+\alpha_{1}\right) \\
& \eta=-\frac{\sqrt{3} F_{0} l}{6 m\left(g-2 l \Omega^{2}\right)} \cos \Omega t+C_{2}^{\prime} \cos \left(\sqrt{\frac{g}{2 l}} t+\alpha_{2}\right)
\end{aligned}
$$

Further, we obtain:

$$
\begin{aligned}
x= & \frac{1}{2} \xi - \frac{\sqrt{3}}{2} \eta = \left[\frac{F_{0} l}{4 m(3 g-2 l \Omega^{2})} + \frac{F_{0} l}{4 m(g-2 l \Omega^{2})}\right] \cos \Omega t \\
& + C_{1} \cos \left(\sqrt{\frac{3g}{2l}} t+\alpha_{1}\right) + C_{2} \cos \left(\sqrt{\frac{g}{2l}} t+\alpha_{2}\right) \\
\theta= & -\frac{3}{2 l} \xi - \frac{\sqrt{3}}{2 l} \eta = \left[-\frac{3 F_{0}}{4 m(3g-2l\Omega^{2})} + \frac{F_{0}}{4m(g-2l\Omega^{2})}\right] \cos \Omega t 
\end{aligned}
$$

$$
-\frac{3}{l} C_{1} \cos \left(\sqrt{\frac{3g}{2l}} t+\alpha_{1}\right) + \frac{1}{l} C_{2} \cos \left(\sqrt{\frac{g}{2l}} t+\alpha_{2}\right)
$$

Figure 10.59 \\
$$
<image 1>
$$",\boxed{\frac{1}{2}\left(v_{r}^{2}+v_{\varphi}^{2}\right)-\frac{G M}{R}=\frac{1}{2}\left(\frac{R}{R+H}\right)^{2} v_{\varphi}^{2}-\frac{G M}{R+H}},EQ,,False,EN,Laws Application
2046,Mechanics and Thermodynamics,Theoretical Mechanics,Hamiltonian Formulation of Mechanics,"For a particle of mass $m$ in a force field with potential energy $V=\frac{A}{r}-Bz$, its Lagrangian is given by

$$
L = \frac{1}{2} m\left[\frac{(\xi \dot{\eta} + \dot{\xi} \eta)^2}{4 \xi \eta} + \xi \eta \dot{\theta}^2 + \frac{1}{4}(\dot{\xi} - \dot{\eta})^2\right] - \frac{2A}{\xi + \eta} + \frac{1}{2} B(\xi - \eta).
$$

Write the expressions for the momenta $p_\xi$, $p_\eta$, $p_\theta$.","The momenta are given by

$$
p_\xi = \frac{\partial L}{\partial \dot{\xi}} = \frac{m (\xi + \eta)}{4 \xi} \dot{\xi}, \quad p_\eta = \frac{m (\xi + \eta)}{4 \eta} \dot{\eta}, \quad p_\theta = \frac{\partial L}{\partial \dot{\theta}} = m \xi \eta \dot{\theta}.
$$","\boxed{p_\xi = \frac{m (\xi + \eta)}{4 \xi} \dot{\xi}, p_\eta = \frac{m (\xi + \eta)}{4 \eta} \dot{\eta}, p_\theta = m \xi \eta \dot{\theta}}","EQ, EQ, EQ","None, None, None",True,EN,Math Derivation
2076,Mechanics and Thermodynamics,Theoretical Mechanics,Hamiltonian Formulation of Mechanics,"For a certain two-dimensional oscillator, the kinetic energy and potential energy are given by

\[
\begin{gathered}
T=\frac{1}{2} m\left(\dot{x}^{2}+\dot{y}^{2}\right) \\
V=\frac{1}{2} k\left(x^{2}+y^{2}\right)+c x y
\end{gathered}
\]

where \(c\) and \(k\) are constants. Find two constants of motion and prove them using the relation \(\frac{\mathrm{d} a}{\mathrm{~d} t}=\frac{\partial a}{\partial t}+[a, H]\).","\[
\begin{aligned}
L=\frac{1}{2} m\left(\dot{\xi}^{2}+\dot{\eta}^{2}\right)-\frac{1}{2}(k-c) \xi^{2}-\frac{1}{2}(k+c) \eta^{2} \\
H=\frac{1}{2 m}\left(p_{\xi}^{2}+p_{\eta}^{2}\right)+\frac{1}{2}(k-c) \xi^{2}+\frac{1}{2}(k+c) \eta^{2} \\
= H_{1}+H_{2}
\end{aligned}
\]

where

\[
\begin{gathered}
H_{1}=\frac{1}{2 m} p_{\xi}^{2}+\frac{1}{2}(k-c) \xi^{2} \\
H_{2}=\frac{1}{2 m} p_{\eta}^{2}+\frac{1}{2}(k+c) \eta^{2} \\
\frac{\mathrm{~d} H_{1}}{\mathrm{~d} t}=\frac{\partial H_{1}}{\partial t}+\left[H_{1}, H\right]=\left[H_{1}, H_{1}+H_{2}\right]=\left[H_{1}, H_{2}\right]=0
\end{gathered}
\]

Similarly,

\[
\frac{\mathrm{d} H_{2}}{\mathrm{~d} t}=\left[H_{2}, H_{1}+H_{2}\right]=\left[H_{2}, H_{1}\right]=0
\]

Therefore,

\[
\begin{aligned}
H_{1}=\frac{1}{2 m} p_{\xi}^{2}+\frac{1}{2}(k-c) \xi^{2}=C_{1} \\
H_{2}=\frac{1}{2 m} p_{\eta}^{2}+\frac{1}{2}(k+c) \eta^{2}=C_{2}
\end{aligned}
\]

are constants of motion,

\[
\begin{aligned}
p_{\xi}=m \dot{\xi}=m \cdot \frac{1}{\sqrt{2}}(\dot{x}-\dot{y})=\frac{1}{\sqrt{2}}\left(p_{x}-p_{y}\right) \\
p_{\eta}=m \dot{\eta}=\frac{1}{\sqrt{2}}\left(p_{x}+p_{y}\right)
\end{aligned}
\]

The two constants of motion can also be expressed as

\[
\begin{aligned}
\frac{1}{4 m}\left(p_{x}-p_{y}\right)^{2}+\frac{1}{4}(k-c)(x-y)^{2}=C_{1} \\
\frac{1}{4 m}\left(p_{x}+p_{y}\right)^{2}+\frac{1}{4}(k+c)(x+y)^{2}=C_{2}
\end{aligned}
\]","\boxed{C_{1}, C_{2}}","EX, EX","\text{None}, \text{None}",True,EN,Math Derivation
2079,Mechanics and Thermodynamics,Theoretical Mechanics,Hamiltonian Formulation of Mechanics,"A linear harmonic oscillator with a force constant \(k\) has its mass suddenly increased by a small amount \(\varepsilon\). Calculate the frequency shift \(\nu - \nu^{0}\) of the oscillator using canonical perturbation theory, considering terms up to the second order in \(\varepsilon\).","First, consider the case where \(\varepsilon = 0\),

\[
H(q, p, 0) = H_{0}(q, p)
\]

The characteristic function \(W^{0}\) satisfies the equation

\[
\frac{1}{2 m}\left(\frac{\mathrm{~d} W^{0}}{\mathrm{~d} q}\right)^{2}+\frac{1}{2} k q^{2} = E
\]

\[
W^{0} = \int \sqrt{2 m\left(E-\frac{1}{2} k q^{2}\right)} \mathrm{d} q
\]

Using Method 1 to obtain the function relationship of \(E\) and \(J\), setting \(\varepsilon = 0\), yields the function relationship between \(E\) and \(J^{0}\),

\[
J^{0} = 2 \pi E \sqrt{\frac{m}{k}}
\]

\[
E = \frac{J^{0}}{2 \pi} \sqrt{\frac{k}{m}}
\]

\[
w^{0} = \frac{\partial W^{0}}{\partial J^{0}} = \frac{\partial W^{0}}{\partial E} \frac{\partial E}{\partial J^{0}}
\]

\[
= \frac{1}{2 \pi} \sqrt{\frac{k}{m}} \int \frac{\sqrt{2 E}}{2 \sqrt{E-\frac{1}{2} k q^{2}}} \mathrm{~d} q = \frac{1}{2 \pi} \arcsin \left(\sqrt{\frac{\pi \sqrt{k m}}{J^{0}}} q\right)
\]

\[
q = \sqrt{\frac{J^{0}}{\pi \sqrt{k m}}} \sin \left(2 \pi w^{0}\right)
\]

\[
H_{0}^{*}=E=\frac{1}{2 \pi} \sqrt{\frac{k}{m}} J^{0}
\]

\[
\dot{w}^{0}=\nu^{0}=\frac{\partial H_{0}^{*}}{\partial J^{0}}=\frac{1}{2 \pi} \sqrt{\frac{k}{m}}
\]

\[
\sqrt{\frac{J^{0}}{\pi \sqrt{k m}}}=\sqrt{\frac{2 J^{0}}{k} \cdot \frac{1}{2 \pi} \sqrt{\frac{k}{m}}}=\sqrt{\frac{2 J^{0} \nu^{0}}{k}}
\]

Thus,

\[
q=\sqrt{\frac{2 J^{0} \nu^{0}}{k}} \sin \left(2 \pi w^{0}\right)
\]

\[
\rho=m \dot{q}=m \sqrt{\frac{2 J^{0} \nu^{0}}{k}} 2 \pi \nu^{0} \cos \left(2 \pi w^{0}\right)
\]

\[
=2 \pi m \nu^{0} \sqrt{\frac{2 J^{0} \nu^{0}}{k}} \cos \left(2 \pi w^{0}\right)
\]

Substituting the above \(q, p\) into equation (1): yields \(H^{*}\left(w^{0}, J^{0}, \varepsilon\right)\),

\[
H^{*}\left(w^{0}, J^{0}, \varepsilon\right) = \frac{1}{2 m}\left(1-\frac{\varepsilon}{m}+\frac{\varepsilon^{2}}{m^{2}}\right) 4 \pi^{2} m^{2}\left(\nu^{0}\right)^{2} \frac{2 J^{0} \nu^{0}}{k} \cos ^{2}\left(2 \pi w^{0}\right)
\]

\[
+ \frac{1}{2} k \frac{2 J^{0} \nu^{0}}{k} \sin ^{2}\left(2 \pi w^{0}\right) = J^{0} \nu^{0}+J^{0} \nu^{0}\left(-\frac{\varepsilon}{m}+\frac{\varepsilon^{2}}{m^{2}}\right) \cos ^{2}\left(2 \pi w^{0}\right)
\]

Thus,

\[
\left\{\begin{array}{l}
H_{0}^{*}\left(J^{0}\right)=\nu^{0} J^{0}\\
H_{1}^{*}\left(w^{0}, J^{0}\right)=-\frac{J^{0} \nu^{0}}{m} \cos ^{2}\left(2 \pi w^{0}\right)=-\frac{J^{0} \nu^{0}}{2 m}\left[1-\cos \left(4 \pi w^{0}\right)\right] \\
H_{2}^{*}\left(w^{0}, J^{0}\right)=\frac{J^{0} \nu^{0}}{2 m^{2}}\left[1-\cos \left(4 \pi w^{0}\right)\right]
\end{array}\right.
\]

From equation (2), we can directly write

\[
H_{0}^{*}(J)=\nu^{0} J
\]

\[
H_{1}^{*}\left(w^{0}, J\right)=-\frac{J \nu^{0}}{2 m}\left[1-\cos \left(4 \pi w^{0}\right)\right]
\]

\[
H_{2}^{*}\left(w^{0}, J\right)=\frac{J \nu^{0}}{2 m^{2}}\left[1-\cos \left(4 \pi w^{0}\right)\right]
\]

\[
H_{1}^{*}(J)=\overline{H_{1}^{*}\left(w^{0}, J\right)}=\int_{0}^{1}\left(-\frac{J \nu^{0}}{2 m}\right)\left[1-\cos \left(4 \pi w^{0}\right)\right] \mathrm{d} w^{0}=-\frac{1}{2 m} \nu^{0} J
\]

\[
\overline{H_{2}^{*}}=\overline{H_{2}^{*}\left(w^{0}, J\right)}=\int_{0}^{1} H_{2}^{*}\left(w^{0}, J\right) \mathrm{d} w^{0}=\frac{J \nu^{0}}{2 m^{2}}
\]

\[
\overline{\frac{\partial H_{1}^{*}}{\partial J}}=\overline{\frac{\partial H_{1}^{*}\left(w^{0}, J\right)}{\partial J}}=\int_{0}^{1}\left(-\frac{1}{2 m} \nu^{0}\right)\left[1-\cos \left(4 \pi w^{0}\right)\right] \mathrm{d} w^{0}=-\frac{\nu^{0}}{2 m}
\]

\[
\overline{\left(\frac{\partial H_{1}^{*}}{\partial J} H_{1}^{*}\right)}=\overline{\left[\frac{\partial H_{1}^{*}\left(w^{0}, J\right)}{\partial J} H_{1}^{*}\left(w^{0}, J\right)\right]}
\]

\[
=\int_{0}^{1}\left(-\frac{\nu^{0}}{2 m}\right)\left[1-\cos \left(4 \pi w^{0}\right)\right]\left(-\frac{J \nu^{0}}{2 m}\right)\left[1-\cos \left(4 \pi w^{0}\right)\right] \mathrm{d} w^{0}
\]

\[
=\frac{3 J\left(\nu^{0}\right)^{2}}{8 m^{2}}
\]

\[
\frac{\partial \nu^{0}}{\partial J}=0
\]

\[
H_{2}^{*}(J)=\overline{H_{2}^{*}}+\frac{1}{\nu^{0}(J)}\left[\overline{\frac{\partial H_{1}^{*}}{\partial J}} \cdot \overline{H_{1}^{*}}-\overline{\left(\frac{\partial H_{1}^{*}}{\partial J} H_{1}^{*}\right)}\right]
\]

\[
+\frac{1}{2 \nu^{0^{2}}} \frac{\partial \nu^{0}}{\partial J}\left[\overline{\left(H_{1}^{*}\right)^{2}}-\left(\overline{H_{1}^{*}}\right)^{2}\right]
\]

\[
=\frac{J \nu^{0}}{2 m^{2}}+\frac{1}{\nu^{0}}\left[\left(-\frac{\nu^{0}}{2 m}\right)\left(-\frac{1}{2 m} \nu^{0} J\right)-\frac{3 J \nu^{0^{2}}}{8 m^{2}}\right]
\]

\[
=\frac{3 J\left(\nu^{0}\right)^{2}}{8 m^{2}}
\]

From equations (1), (3), (4), (5),

\[
H^{*}(J) = H_{0}^{*}(J)+\varepsilon H_{1}^{*}(J)+\varepsilon^{2} H_{2}^{*}(J)
\]

\[
= \nu^{0} J-\frac{\varepsilon}{2 m} \nu^{0} J+\varepsilon^{2} \frac{3 \nu^{0} J}{8 m^{2}}
\]

Using Hamilton's canonical equations,

\[
\nu = \dot{\omega} = \frac{\partial H^{*}(J, \varepsilon)}{\partial J} = \nu^{0}-\frac{\varepsilon}{2 m} \nu^{0}+\frac{3 \varepsilon^{2} \nu^{0}}{8 m^{2}}
\]

\[
\nu-\nu^{0} = -\frac{\varepsilon}{2 m} \nu^{0}+\frac{3 \varepsilon^{2}}{8 m^{2}} \nu^{0} = \frac{1}{2 \pi} \sqrt{\frac{k}{m}}\left(-\frac{\varepsilon}{2 m}+\frac{3 \varepsilon^{2}}{8 m^{2}}\right)
\]

At the same order approximation, the results obtained by both methods are identical.","\[
\boxed{\nu-\nu^{0} = \frac{1}{2 \pi} \sqrt{\frac{k}{m}}\left(-\frac{\varepsilon}{2 m}+\frac{3 \varepsilon^{2}}{8 m^{2}}\right)}
\]",EX,,False,EN,Math Derivation
2091,Mechanics and Thermodynamics,Theoretical Mechanics,Hamiltonian Formulation of Mechanics,"Let \(\boldsymbol{A}\) be the Laplace-Runge-Lenz vector in the central force motion under the inverse square law,

\[
\boldsymbol{A} = \boldsymbol{p} \times \boldsymbol{J} - m^{2} \alpha \frac{\boldsymbol{r}}{r}
\]

where \(\boldsymbol{J}\) is the angular momentum with respect to the force center, \(\alpha\) is the coefficient in the central force, and \(\boldsymbol{F} = -\frac{m \alpha}{r^{2}} \boldsymbol{e}_{r}\). Using the properties of the Poisson bracket, find \([A_{x}, H]\) (the subscript \(x\) represents the Cartesian coordinate component) and prove that it is a conserved quantity.","\[
\begin{aligned}
& \text{Solution} \quad \boldsymbol{A} = \boldsymbol{p} \times \boldsymbol{J} - m^{2} \alpha \frac{\boldsymbol{r}}{r} \\
& \boldsymbol{p} = p_{x} \boldsymbol{i} + p_{y} \boldsymbol{j}, \quad \boldsymbol{r} = x \boldsymbol{i} + y \boldsymbol{j} \\
& \boldsymbol{J} = \boldsymbol{r} \times \boldsymbol{p} = (x p_{y} - y p_{x}) \boldsymbol{k} \\
& \boldsymbol{A} = (p_{x} \boldsymbol{i} + p_{y} \boldsymbol{j}) \times (x p_{y} - y p_{x}) \boldsymbol{k} - m^{2} \alpha \frac{x \boldsymbol{i} + y \boldsymbol{j}}{\sqrt{x^{2} + y^{2}}} \\
& = \left[x p_{y}^{2} - y p_{x} p_{y} - m^{2} \alpha \frac{x}{\sqrt{x^{2} + y^{2}}}\right] \boldsymbol{i} + \left[y p_{x}^{2} - x p_{x} p_{y} - m^{2} \alpha \frac{y}{\sqrt{x^{2} + y^{2}}}\right] \boldsymbol{j} \\
& H = \frac{1}{2 m}(p_{x}^{2} + p_{y}^{2}) - \frac{m \alpha}{\sqrt{x^{2} + y^{2}}} \\
& [A_{x}, H] = [p_{y}(x p_{y} - y p_{x}) - m^{2} \alpha \frac{x}{\sqrt{x^{2} + y^{2}}}, \frac{1}{2 m}(p_{x}^{2} + p_{y}^{2})- \frac{m \alpha}{\sqrt{x^{2} + y^{2}}}] \\
& = [x p_{y}^{2}, \frac{1}{2 m} p_{x}^{2}] - [y p_{x} p_{y}, \frac{1}{2 m} p_{y}^{2}] \\
& + [x p_{y}^{2}, -\frac{m \alpha}{\sqrt{x^{2} + y^{2}}}] + [y p_{x} p_{y}, \frac{m \alpha}{\sqrt{x^{2} + y^{2}}}] \\
& - m^{2} \alpha\left[\frac{x}{\sqrt{x^{2} + y^{2}}}, \frac{1}{2 m} p_{x}^{2}\right] - m^{2} \alpha\left[\frac{x}{\sqrt{x^{2} + y^{2}}}, \frac{1}{2 m} p_{y}^{2}\right] \\
& = \frac{1}{2 m} p_{y}^{2}[x, p_{x}^{2}] - \frac{1}{2 m} p_{x} p_{y}[y, p_{y}^{2}] \\
& + m \alpha x\left[\frac{1}{\sqrt{x^{2} + y^{2}}}, p_{y}^{2}\right] + y p_{y}\left[p_{x}, \frac{m \alpha}{\sqrt{x^{2} + y^{2}}}\right] \\
& + y p_{x}\left[p_{y}, \frac{m \alpha}{\sqrt{x^{2} + y^{2}}}\right] - \frac{1}{2} m \alpha \left[\frac{x}{\sqrt{x^{2} + y^{2}}}, p_{x}^{2}\right] \\
& - \frac{1}{2} m \alpha \left[\frac{x}{\sqrt{x^{2} + y^{2}}}, p_{y}^{2}\right] \\
& = \frac{1}{m} p_{y}^{2} p_{x} - \frac{1}{m} p_{x} p_{y}^{2} - m \alpha x \frac{y}{(x^{2} + y^{2})^{3/2}} \cdot 2 p_{y} \\
& + m \alpha y p_{y} \frac{x}{(x^{2} + y^{2})^{3/2}} + y p_{x} \cdot m \alpha \cdot \frac{y}{(x^{2} + y^{2})^{3/2}} \\
& - \frac{1}{2} m \alpha\left[\frac{1}{\sqrt{x^{2} + y^{2}}} - \frac{x^{2}}{(x^{2} + y^{2})^{3/2}}\right] \cdot 2 p_{x} \\
& - \frac{1}{2} m \alpha x\left[-\frac{y}{(x^{2} + y^{2})^{3/2}}\right] 2 p_{y} = 0
\end{aligned}
\]

After calculation, we find that \([A_{x}, H] = 0\), thus it is a conserved quantity.",\boxed{0},NV,,False,EN,Math Derivation
2102,Mechanics and Thermodynamics,Theoretical Mechanics,Lagrangian Formulation of Mechanics,Two spheres $A$ and $B$ with weights $P$ and $Q$ respectively are connected by a light rod of length $2l$ and placed inside a smooth spherical shell with a radius of $R$. Calculate the angle $\alpha$ between the rod and the horizontal line at equilibrium.,"Consider the $xy$ coordinate system shown in Figure 9.18,

$$
\begin{aligned}
& y_{A} = R \sin \left(\alpha + \arccos \frac{l}{R}\right), \\
& y_{B} = R \sin \left(\arccos \frac{l}{R} - \alpha\right), \\
& \delta y_{A} = R \cos \left(\alpha + \arccos \frac{l}{R}\right) \delta \alpha, \\
& \delta y_{B} = -R \cos \left(\arccos \frac{l}{R} - \alpha\right) \delta \alpha, \\
& P \delta y_{A} + Q \delta y_{B} = 0.
\end{aligned}
$$

Thus, we have

$$
\begin{aligned}
& \left[PR \cos \left(\alpha + \arccos \frac{l}{R}\right) - QR \cos \left(\arccos \frac{l}{R} - \alpha\right)\right] \delta \alpha = 0, \\
& P \left[\cos \alpha \cos \left(\arccos \frac{l}{R}\right) - \sin \alpha \sin \left(\arccos \frac{l}{R}\right)\right] \\
& - Q \left[\cos \alpha \cos \left(\arccos \frac{l}{R}\right) + \sin \alpha \sin \left(\arccos \frac{l}{R}\right)\right] = 0, \\
& \sin \left(\arccos \frac{l}{R}\right) = \sqrt{1-\frac{l^{2}}{R^{2}}} = \frac{1}{R} \sqrt{R^{2}-l^{2}}, \\
& (P-Q)l \cos \alpha - (P+Q) \sin \alpha \cdot \sqrt{R^{2}-l^{2}} = 0, \\
& \tan \alpha = \frac{(P-Q)l}{(P+Q) \sqrt{R^{2}-l^{2}}}.
\end{aligned}
$$",\boxed{\tan \alpha = \frac{(P-Q)l}{(P+Q) \sqrt{R^{2}-l^{2}}}},EQ,,False,EN,Math Derivation
2107,Mechanics and Thermodynamics,Theoretical Mechanics,Lagrangian Formulation of Mechanics,"A particle with mass \( m \) is moving in a plane under a central force 
\[ F(r) = -\frac{k}{r^{2}} + \frac{k'}{r^{3}} \quad (k > 0) \].

(1) Write down the Lagrangian function of the system.","(1)
\[
\begin{gathered}
F(r) = -\frac{k}{r^{2}} + \frac{k'}{r^{3}} \\
V(r) = -\int_{\infty}^{r} F(r) \, \mathrm{d}r = \int_{r}^{\infty} F(r) \, \mathrm{d}r = -\frac{k}{r} + \frac{k'}{2r^{2}} \\
L = \frac{1}{2} m \left(\dot{r}^{2} + r^{2} \dot{\varphi}^{2}\right) + \frac{k}{r} - \frac{k'}{2r^{2}}
\end{gathered}
\]",\boxed{L = \frac{1}{2} m\left(\dot{r}^{2}+r^{2} \dot{\varphi}^{2}\right) + \frac{k}{r} - \frac{k^{\prime}}{2 r^{2}}},EX,,False,EN,Math Derivation
2117,Mechanics and Thermodynamics,Theoretical Mechanics,Lagrangian Formulation of Mechanics,"The capacitance of a variable capacitor is given by $C = \frac{A_2}{d-x}$, and the equilibrium length of the spring with mass $m$ on the plate is $l_0$. The spring constant is $k_2$. Write the differential equation of motion related to $x$. In this sub-problem, do not consider the effects of $\theta$ and other charges $q_1$, $q_2$.","Using the Lagrangian equation for $x$, we obtain

$$
m \ddot{x} + k_2 x - \frac{1}{2 A_2} (q_2 - q_1)^2 = 0.
$$",\boxed{m \ddot{x} + k_2 x - \frac{1}{2 A_2} (q_2 - q_1)^2 = 0},EQ,,False,EN,Laws Application
2121,Mechanics and Thermodynamics,Theoretical Mechanics,Small Vibrations of Finite System,"Solve the characteristic equation

$$
|\boldsymbol{H}|=\left(-3 A+B \omega^{2}\right)\left(-B^{2} \omega^{4}+3 A B \omega^{2}\right)=0
$$

to obtain the normal frequencies of the system.","We find

$$
\omega_{1}=0
$$

$$
\omega_{2}=\omega_{3}=\sqrt{\frac{3 A}{B}}=\sqrt{\frac{3 V_{0} e^{-2 \pi / 3}}{m b^{2}}}
$$

$\omega_{1}=0$ indicates that the system undergoes uniform angular motion along the circle and is not a normal mode of vibration. There are only two normal frequencies, which are degenerate.",\boxed{\sqrt{\frac{3 A}{B}}},NV,,False,EN,Math Derivation
2123,Mechanics and Thermodynamics,Theoretical Mechanics,Small Vibrations of Finite System,"An elastic spring with a spring constant of $k$ connects a block of mass $m$ to a wedge of mass $M$. The inclined plane of the wedge forms an angle $\alpha$ with the horizontal. The wedge slides on a horizontal plane, and all contact surfaces are frictionless. Given the original length of the spring is $d$, find the length of the spring $s_{0}$ when both the block and the wedge are at rest.","When the block is in equilibrium, the net force along the inclined plane is zero,

$$
\begin{gathered}
m g \sin \alpha - k(s_{0} - d) = 0 \\
s_{0} = \frac{1}{k} m g \sin \alpha + d
\end{gathered}
$$",\boxed{\frac{1}{k} m g \sin \alpha + d},NV,,False,EN,Laws Application
2125,Mechanics and Thermodynamics,Theoretical Mechanics,Small Vibrations of Finite System,"A homogeneous rectangular plate with a mass of $M$, a length of $a$, and a width of $b$ is supported at each corner by identical light springs with a stiffness coefficient of $k$. These springs can only move in the vertical direction. Assuming that the position of the center of mass when in equilibrium is the origin of the static vertical coordinate axis $\zeta$, and defining a moving coordinate system $C x y z$ fixed to the plate, where the $x$ and $y$ axes are parallel and perpendicular to the edges of the rectangle, respectively. Find the normal frequency of small oscillations about the $y$-axis.","According to the Lagrange equation, from $\frac{1}{12} M b^{2} \ddot{\theta} + k b^{2} \theta = 0$, the normal frequency of small oscillations about the $y$-axis is

$$
\omega_{3} = \sqrt{\frac{12 k}{M}} = 2 \sqrt{\frac{3 k}{M}}
$$",\boxed{2 \sqrt{\frac{3 k}{M}}},NV,,False,EN,Laws Application
2129,Mechanics and Thermodynamics,Theoretical Mechanics,Small Vibrations of Finite System,"A homogeneous rectangular plate with mass $M$, length $a$, and width $b$ is supported at each corner by identical light springs, each with a spring constant $k$. These springs can only move in the vertical direction. Assume that at equilibrium, the position of the center of mass is at the origin of a static vertical coordinate axis $\zeta$. Additionally, consider a moving coordinate system $C x y z$ attached to the plate, where the $x$ and $y$ axes lie on the plate parallel and perpendicular to the edges of the rectangle, respectively. Find the normal frequency of small vibrations at the center of mass coordinates.","According to the Lagrangian equation, from $M \ddot{\zeta} + 4 k \zeta = 0$, the normal frequency of small vibrations at the center of mass coordinates is

$$
\omega_{1} = \sqrt{\frac{4 k}{M}} = 2 \sqrt{\frac{k}{M}}
$$",\boxed{2 \sqrt{\frac{k}{M}}},NV,,False,EN,Laws Application
2135,Mechanics and Thermodynamics,Theoretical Mechanics,Small Vibrations of Finite System,"Three particles, each with a mass of $m$, move frictionlessly on a horizontal circle of radius $b$ under the influence of potential energy given by

$$
V=V_{0}\left(e^{-\alpha}+e^{-\beta}+e^{-\gamma}\right)
$$

When $\alpha=\beta=\gamma=\frac{2 \pi}{3}$, the system is in equilibrium. Assuming the angular displacements from the equilibrium positions are $\theta_{1}, \theta_{2}, \theta_{3}$, find the expression for the energy.","When the three particles are in equilibrium and the angular displacements from the equilibrium positions are $\theta_{1}, \theta_{2}, \theta_{3}$, the angular distances between them are

$$
\begin{aligned}
& \alpha=\frac{2 \pi}{3}+\theta_{2}-\theta_{1} \\
& \beta=\frac{2 \pi}{3}+\theta_{3}-\theta_{2} \\
& \gamma=\frac{2 \pi}{3}+\theta_{1}-\theta_{3}
\end{aligned}
$$

Therefore, the potential energy can be expanded into the quadratic terms of small angular displacements:

$$
V(\theta_{1}, \theta_{2}, \theta_{3}) \approx V_{0} e^{-\frac{2 \pi}{3}}\left[3+\frac{1}{2}(\theta_{1}-\theta_{2})^{2}+\frac{1}{2}(\theta_{2}-\theta_{3})^{2}+\frac{1}{2}(\theta_{3}-\theta_{1})^{2}\right]
$$

Thus,

$$
V \approx V_{0} e^{-\frac{2 \pi}{3}}\left(3+\theta_{1}^{2}+\theta_{2}^{2}+\theta_{3}^{2}-\theta_{1}\theta_{2}-\theta_{2}\theta_{3}-\theta_{3}\theta_{1}\right)
$$

The kinetic energy is:

$$
T=\frac{1}{2} m b^{2}\left(\dot{\theta}_{1}^{2}+\dot{\theta}_{2}^{2}+\dot{\theta}_{3}^{2}\right)
$$","\boxed{T = \frac{1}{2} m b^{2}(\dot{\theta}_{1}^{2} + \dot{\theta}_{2}^{2} + \dot{\theta}_{3}^{2}), V \approx V_{0} e^{-\frac{2\pi}{3}}(3 + \theta_{1}^{2} + \theta_{2}^{2} + \theta_{3}^{2} - \theta_{1}\theta_{2} - \theta_{2}\theta_{3} - \theta_{3}\theta_{1})}","EX, EX",,True,EN,Math Derivation
2142,Mechanics and Thermodynamics,Theoretical Mechanics,Small Vibrations of Finite System,A simple pendulum consisting of a particle of mass $m$ and a light string of length $l$ is suspended from an object of mass $M$. This object is placed on a smooth horizontal surface and is connected to a fixed point by a light horizontal spring with a spring constant $k$. Write down the Lagrangian function of the system.,"The origin of the $x$-axis is taken at the position of the object when the spring is at its natural length,

$$
\begin{aligned}
T = & \frac{1}{2} M \dot{x}^{2} + \frac{1}{2} m \left(\dot{x}^{2} + l^{2} \dot{\theta}^{2} + 2 l \dot{x} \dot{\theta} \cos \theta \right), \\
V = & \frac{1}{2} k x^{2} + m g l (1 - \cos \theta), \\
L = & \frac{1}{2} (M + m) \dot{x}^{2} + \frac{1}{2} m l^{2} \dot{\theta}^{2} + m l \dot{x} \dot{\theta} \cos \theta - \frac{1}{2} k x^{2} - m g l (1 - \cos \theta).
\end{aligned}
$$",\boxed{\frac{1}{2}(M+m) \dot{x}^{2}+\frac{1}{2} m l^{2} \dot{\theta}^{2}+m l \dot{x} \dot{\theta} \cos \theta-\frac{1}{2} k x^{2}-m g l(1-\cos \theta)},EX,,False,EN,Math Derivation
2143,Mechanics and Thermodynamics,Theoretical Mechanics,Lagrangian Formulation of Mechanics,"A homogeneous disk with a radius of $R$ rolls purely along the horizontal $x$-axis. A homogeneous thin rod of length $2l$ maintains non-slipping contact with the disk, with one end sliding along the $x$-axis. During motion, the disk and the rod remain in the same vertical plane. Choose appropriate coordinates and write the following relationship: Let $x_1, y_1$ represent the position of the rod's center of mass, $\theta_1$ represent the angle of rotation of the rod around its center of mass, $x_2$ represent the position of the disk's center of mass, $\theta_2$ represent the angle of rotation of the disk around its center of mass, and use $s$ as the distance from the point of tangency between the rod and the disk to the rod's center of mass.

1. List the geometrical constraint relationship between $y_1$ and $\theta_1$.","Evidently, there is a constraint relationship between $y_1$ and $\theta_1$

\[
y_1 = l \sin \theta_1 \tag{1}
\]",\boxed{y_1 = l \sin \theta_1},EQ,,False,EN,Knowledge Recall
2145,Mechanics and Thermodynamics,Theoretical Mechanics,Lagrangian Formulation of Mechanics,"A dumbbell consisting of two particles with masses $m$ and $M$ is connected by a massless rod of length $a$ and starts from rest. Suddenly, it receives an impulse $I$ at a point on the rod located at a distance $b$ from $M$, perpendicular to the rod. Consider the position and change of the center of mass $C$ and the point of application of the impulse $P$. Determine the corresponding change in generalized momentum.","The position and corresponding change of the center of mass $C$ and the point of application of the impulse $P$ are:

$$
\begin{gathered}
x_{P}=x+\left(b-\frac{m a}{m+M}\right) \sin \varphi \\
\delta x_{P}=\delta x+\left(b-\frac{m a}{m+M}\right) \cos \varphi \delta \varphi
\end{gathered}
$$

The effect of the impulse on the change in position is given by

$$
I \delta x_{P}=I \delta x+I\left(b-\frac{m a}{m+M}\right) \cos \varphi \delta \varphi
$$",\boxed{I \left(b-\frac{m a}{m+M}\right) \cos \varphi \delta \varphi},EX,,False,EN,Math Derivation
2150,Mechanics and Thermodynamics,Theoretical Mechanics,Hamiltonian Formulation of Mechanics,"Use Hamilton's principle to solve problem 7.4.30, assuming that the angles of deviation from equilibrium positions for $O_{1}A$ and $O_{2}B$ are $\varphi$. Use the kinetic energy $T$ and potential energy $V$ obtained in problem 7.4.30. The expressions for kinetic and potential energy are as follows:

$$
T=\left[\frac{1}{2} m(a-b)^{2}+2Ma^{2}\right] \dot{\varphi}^{2},
$$
$$
V=\frac{1}{2}\left(mgb+ka^{2}\right) \varphi^{2}.
$$

Apply the Lagrangian function $L = T - V$, and the action $S = \int_{t_{0}}^{t_{1}} L \, \mathrm{d}t$. According to Hamilton's principle, determine the equations of motion for the system.","$$
L=T-V=\left[\frac{1}{2} m(a-b)^{2}+2Ma^{2}\right] \dot{\varphi}^{2}-\frac{1}{2}\left(mgb+ka^{2}\right) \varphi^{2},
$$
$$
S=\int_{t_{0}}^{t_{1}}\left\{\left[\frac{1}{2} m(a-b)^{2}+2Ma^{2}\right] \dot{\varphi}^{2}-\frac{1}{2}\left(mgb+ka^{2}\right) \varphi^{2}\right\} \, \mathrm{d}t.
$$

Hamilton's principle $\delta S=0$ requires that the integrand $F(\varphi, \dot{\varphi})$ satisfy

$$
\frac{\mathrm{d}}{\mathrm{d}t}\left(\frac{\partial F}{\partial \dot{\varphi}}\right)-\frac{\partial F}{\partial \varphi}=0,
$$

yielding the equation of motion for the system:

$$
[(4M+m) a^{2}+mb(b-2a)] \ddot{\varphi}+(mgb+ka^{2}) \varphi=0.
$$","\[
\boxed{[(4M+m) a^{2}+mb(b-2a)] \ddot{\varphi}+(mgb+ka^{2}) \varphi=0}
\]",EQ,,False,EN,Math Derivation
2154,Mechanics and Thermodynamics,Theoretical Mechanics,Lagrangian Formulation of Mechanics,"A dumbbell composed of two particles with masses \( m \) and \( M \), connected by a massless rod of length \( a \), is initially at rest. Suddenly, an impulse \( I \) perpendicular to the rod is applied at a point \( b \) from mass \( M \). Assuming the coordinates of the center of mass are \( x \) and \( y \), and the angle between the rod and the \( y \)-axis is \( \varphi \), find the Lagrangian function \( L \) for the system.","Take the coordinates of the center of mass \( x \), \( y \), and the angle \( \varphi \) between the rod and the \( y \)-axis as the generalized coordinates. The \( y \)-axis is along the direction of the rod when at rest, and the \( x \)-axis is along the direction of the impulse,

$$
L = T = \frac{1}{2}(m+M)\left(\dot{x}^{2}+\dot{y}^{2}\right) + \frac{1}{2} \cdot \frac{m M}{m+M} a^{2} \dot{\varphi}^{2}
$$",\boxed{L = \frac{1}{2}(m+M)\left(\dot{x}^{2}+\dot{y}^{2}\right)+\frac{1}{2} \cdot \frac{m M}{m+M} a^{2} \dot{\varphi}^{2}},EQ,,False,EN,Laws Application
2156,Mechanics and Thermodynamics,Theoretical Mechanics,Lagrangian Formulation of Mechanics,"A dumbbell consisting of two particles with masses $m$ and $M$, connected by a massless rod of length $a$, is initially at rest. Suddenly, an impulse $I$ is applied perpendicular to the rod at a point on the rod that is located at a distance $b$ from $M$. Determine the moment of inertia about an axis that passes through the center of mass and is perpendicular to the rod.","The moment of inertia for rotation about an axis through the center of mass and perpendicular to the rod is given by

$$
M\left(\frac{m a}{m+M}\right)^{2} + m\left(\frac{M a}{m+M}\right)^{2} = \frac{m M}{m+M} a^{2}
$$",\boxed{\frac{m M}{m+M} a^{2}},NV,,False,EN,Math Derivation
2157,Mechanics and Thermodynamics,Theoretical Mechanics,Lagrangian Formulation of Mechanics,"Identify which motion integrals exist, and prove that as long as the two cylinders remain in contact, the following holds:

$$
\dot{\theta}^{2}=\frac{12 g(1-\cos \theta)}{R\left(17+4 \cos \theta-4 \cos ^{2} \theta\right)}
$$

where $\theta$ is the angle between the plane determined by the two axes and the vertical plane through one of the axes.","Since $\frac{\partial L}{\partial \varphi}=0$, it follows that $\frac{\partial L}{\partial \dot{\varphi}}=$ constant. Using the initial conditions: at $t = 0$, $\dot{\theta} = 0, \dot{\varphi} = 0$, we obtain

$$
3 M R^{2} \dot{\varphi} + M R^{2} \dot{\theta}(2 \cos \theta -1) = 0
$$

Since $\frac{\partial L}{\partial t}=0$, we have $\sum_{i} \frac{\partial L}{\partial \dot{q}_{i}} \dot{q}_{i} - L=$ constant, thus

$$
\frac{3}{2} M R^{2} \dot{\varphi}^{2} + 3 M R^{2} \dot{\theta}^{2} + M R^{2} \dot{\varphi} \dot{\theta}(2 \cos \theta-1) - 2 M g R(1-\cos \theta) = 0
$$

Here, the initial conditions are used: at $t=0$, $\dot{\varphi} = \dot{\theta} = 0, \theta = 0$, hence the constant on the right-hand side of the equation is zero. Solving for $\dot{\theta}^{2}$ from the expressions for the two motion integrals, we get

$$
\dot{\theta}^{2}=\frac{12 g(1-\cos \theta)}{R\left(17+4 \cos \theta-4 \cos ^{2} \theta\right)}
$$",\boxed{\dot{\theta}^{2}=\frac{12 g(1-\cos \theta)}{R\left(17+4 \cos \theta-4 \cos ^{2} \theta\right)}},EQ,,False,EN,Math Derivation
2160,Mechanics and Thermodynamics,Theoretical Mechanics,Small Vibrations of Finite System,"Two point masses, each with a mass $m$, and one with a mass $M$ are connected by two light springs with spring constants $k$ and natural lengths of zero. These masses are constrained to move inside a smooth vertical circular tube with a radius $R$. Using $\theta_3$ to represent the angular displacement of the mass $m_3$ from its equilibrium position, and defining $x_3 = R \theta_3$, derive the equation of motion for the system's small oscillations.","Use $\theta_3$ to denote the angular displacement of the object $m_3$ from its equilibrium position. Assume counterclockwise direction to be positive.

Lagrangian function:
\[ L = \frac{1}{2} m \left(\dot{x}_3^2\right) - \left[\frac{1}{2} \left(k + \frac{m g}{R}\right) x_3^2 - k x_2 x_3 \right] \]

From $\frac{\mathrm{d}}{\mathrm{d} t}\left(\frac{\partial L}{\partial \dot{x}_3}\right) - \frac{\partial L}{\partial x_3} = 0$, we obtain:
\[ m \ddot{x}_3 + \left(k + \frac{m g}{R}\right) x_3 - k x_2 = 0 \]",\boxed{m \ddot{x}_3 + \left(k + \frac{m g}{R}\right) x_3 - k x_2 = 0},EQ,,False,EN,Math Derivation
2168,Mechanics and Thermodynamics,Theoretical Mechanics,Small Vibrations of Finite System,"For the differential equation of forced oscillation of a simple pendulum approximation, \( L \ddot{\theta} + g \theta = b \Omega^{2} \sin (\Omega t + \varphi) \), find the steady-state solution of its forced oscillation.","This is the differential equation for forced oscillation, where the oscillation angular frequency of the steady-state solution is the angular frequency of the driving force. Assume the steady-state solution is

\[ 
\theta = A \sin (\Omega t + \alpha).
\]

From the amplitude vector relationship diagram 10.58, we have:

\[
\begin{gathered}
\alpha = \varphi, \\
g A - L \Omega^{2} A = b \Omega^{2}.
\end{gathered}
\]

Therefore, the steady-state solution is

\[
\begin{gathered}
A = \frac{b \Omega^{2}}{g - L \Omega^{2}}, \\
\theta = \frac{b \Omega^{2}}{g - L \Omega^{2}} \sin (\Omega t + \varphi).
\end{gathered}
\]",\boxed{\theta=\frac{b \Omega^{2}}{g-L \Omega^{2}} \sin (\Omega t+\varphi)},EQ,,False,EN,Math Derivation
2171,Mechanics and Thermodynamics,Theoretical Mechanics,Lagrangian Formulation of Mechanics,"The force between two particles with masses \( m_1 \) and \( m_2 \) is a central force, and the potential energy is \( V(r) = \frac{1}{2} k r^2 \), where \( r \) is the relative position vector and \( k \) is a positive constant. Given the total energy \( E \) and angular momentum \( J \), find the expressions for the maximum and minimum values of \( r \) during the motion.","Substituting \( r^2 \dot{\varphi}_2 = \frac{J}{\mu} \) and \( V(r) = \frac{1}{2} k r^2 \) obtained earlier,

$$
\frac{1}{2} \mu\left(\dot{r}^2 + \frac{J^2}{\mu^2 r^2}\right) + \frac{1}{2} k r^2 = E.
$$

When \( r \) is at a maximum or minimum value, \( \dot{r} = 0 \). Therefore, the equations that \( r_{\max} \) and \( r_{\min} \) satisfy are

$$
\begin{aligned}
& \frac{J^2}{2\mu r^2} + \frac{1}{2} k r^2 = E, \\
& k r^4 - 2E r^2 + \frac{J^2}{\mu} = 0, \\
& r_{\max} = \sqrt{\frac{1}{k}\left(E + \sqrt{E^2 - \frac{k}{\mu} J^2}\right)}, \\
& r_{\min} = \sqrt{\frac{1}{k}\left(E - \sqrt{E^2 - \frac{k}{\mu} J^2}\right)}.
\end{aligned}
$$","\(\boxed{r_{\max} = \sqrt{\frac{1}{k}\left(E + \sqrt{E^2 - \frac{k}{\mu} J^2}\right)}, r_{\min} = \sqrt{\frac{1}{k}\left(E - \sqrt{E^2 - \frac{k}{\mu} J^2}\right)}}\)",EX,,False,EN,Math Derivation
2173,Mechanics and Thermodynamics,Theoretical Mechanics,Lagrangian Formulation of Mechanics,"Consider a binary star system. Perform a transformation that keeps the differential equations of motion, derived from the Lagrangian function, unchanged. Through this, determine the connection between the rotational period and the system's orbital dimensions according to Kepler's third law.","Take the translational reference frame where the center of mass of the binary star system is at rest. Let $\boldsymbol{r}_{1}$ and $\boldsymbol{r}_{2}$ represent the position vectors of the two stars relative to the center of mass, respectively. According to the definition of the center of mass,

$$
m_{1} \boldsymbol{r}_{1}+m_{2} \boldsymbol{r}_{2}=0
$$

Let the position vector of star $m_{1}$ relative to star $m_{2}$ be $\boldsymbol{r}$, then

$$
\begin{aligned}
\boldsymbol{r} & =\boldsymbol{r}_{1}-(-\boldsymbol{r}_{2})=\boldsymbol{r}_{1}+\boldsymbol{r}_{2} \\
\boldsymbol{r}_{1} & =\frac{m_{2}}{m_{1}+m_{2}} \boldsymbol{r}, \quad \boldsymbol{r}_{2}=-\frac{m_{1}}{m_{1}+m_{2}} \boldsymbol{r} \\
T & =\frac{1}{2} m_{1}\left|\dot{\boldsymbol{r}}_{1}\right|^{2}+\frac{1}{2} m_{2}\left|\dot{\boldsymbol{r}}_{2}\right|^{2} \\
& =\frac{1}{2} m_{1}\left(\frac{m_{2}}{m_{1}+m_{2}}\right)^{2}|\dot{\boldsymbol{r}}|^{2}+\frac{1}{2} m_{2}\left(\frac{m_{1}}{m_{1}+m_{2}}\right)^{2}|\dot{\boldsymbol{r}}|^{2} \\
& =\frac{1}{2} \frac{m_{1} m_{2}}{m_{1}+m_{2}}|\dot{\boldsymbol{r}}|^{2} \\
V & =-\frac{G m_{1} m_{2}}{r} \\
L & =T-V=\frac{1}{2} \frac{m_{1} m_{2}}{m_{1}+m_{2}}|\dot{\boldsymbol{r}}|^{2}+\frac{G m_{1} m_{2}}{r}
\end{aligned}
$$

Perform a transformation where the new Lagrangian function differs from the original Lagrangian function only by a constant factor, ensuring the derived differential equations of motion remain unaffected. The new Lagrangian function is

$$
L=\frac{1}{2} m_{1}|\dot{\boldsymbol{r}}|^{2}+\frac{G m_{1}\left(m_{1}+m_{2}\right)}{r}
$$

The resulting differential equations of motion correspond to a scenario where a star of mass $m_{1}$ moves under the gravitational influence of a stationary star with mass $\left(m_{1}+m_{2}\right)$. From Kepler's third law, the relationship between the rotational period $T$ of the binary stars and the semi-major axis $a$ of their elliptical orbit is:

$$
\frac{T^{2}}{a^{3}}=\frac{4 \pi^{2}}{G\left(m_{1}+m_{2}\right)}
$$",\boxed{\frac{T^{2}}{a^{3}}=\frac{4 \pi^{2}}{G\left(m_{1}+m_{2}\right)}},EQ,,False,EN,Math Derivation
2177,Mechanics and Thermodynamics,Theoretical Mechanics,Small Vibrations of Finite System,"A uniform hemispherical bowl with a mass of $4m$ and a radius of $2b$ is resting on a smooth table, with its edge on a horizontal plane. Inside it lies a perfectly rough uniform sphere with a mass of $m$ and a radius of $b$. Using a stationary coordinate system $Oxy$, let $x_{1}, \, y_{1}$ represent the coordinates of the bowl's center of mass $C$, and $x_{2}, \, y_{2}$ denote the coordinates of the sphere's center $D$. Find the expressions for the kinetic energy $T$ and potential energy $V$.","The expression for kinetic energy $T$ is:

$$
\begin{aligned}
T = & \frac{1}{2} \times 4m \left(\dot{x}_{1}^{2} + \dot{y}_{1}^{2} \right) + \frac{1}{2} I_{\mathrm{C}} \dot{\varphi}^{2} + \frac{1}{2} m \left(\dot{x}_{2}^{2} + \dot{y}_{2}^{2} \right) + \frac{1}{2} \times \frac{2}{5} mb^{2} \dot{\psi}^{2} \\
= & 2m \left( \dot{x}_{O^{\prime}}^{2} + b^{2}\dot{\varphi}^{2} - 2b \dot{x}_{O^{\prime}} \dot{\varphi} \cos \varphi \right) + \frac{1}{2}m \left( \dot{x}_{O^{\prime}}^{2} + b^{2} \dot{\theta}^{2} \right. \\
& \left. + 2b \dot{x}_{O^{\prime}} \dot{\theta} \cos \theta \right) + \frac{10}{3} mb^{2} \dot{\varphi}^{2} + \frac{1}{5} mb^{2} (\dot{\theta} + 2\dot{\varphi})^{2}
\end{aligned}
$$

The expression for potential energy $V$ is:

$$
\begin{aligned}
V = & 4mg y_{1} + mg y_{2} \\
= & 4mg(2b - b \cos \varphi) + mg(2b - b \cos \theta)
\end{aligned}
$$","\boxed{T, V}",EX,"\text{None, None}",True,EN,Math Derivation
2178,Mechanics and Thermodynamics,Theoretical Mechanics,Lagrangian Formulation of Mechanics,Consider a binary star system. Write the Lagrangian function of the system using the Cartesian coordinates of the two stars.,"Let the masses of the two stars be $m_{1}$ and $m_{2}$, and their position vectors in the stationary Cartesian coordinates be $\boldsymbol{r}_{1}=x_{1} \boldsymbol{i}+y_{1} \boldsymbol{j}+z_{1} \boldsymbol{k}$ and $\boldsymbol{r}_{2}=x_{2} \boldsymbol{i}+y_{2} \boldsymbol{j}+z_{2} \boldsymbol{k}$, respectively.

The kinetic energy $T$ is given by:
$$
T = \frac{1}{2} m_{1}\left(\dot{x}_{1}^{2}+\dot{y}_{1}^{2}+\dot{z}_{1}^{2}\right) + \frac{1}{2} m_{2}\left(\dot{x}_{2}^{2}+\dot{y}_{2}^{2}+\dot{z}_{2}^{2}\right)
$$

The potential energy $V$ is given by:
$$
V = -\frac{G m_{1} m_{2}}{\left[\left(x_{2}-x_{1}\right)^{2}+\left(y_{2}-y_{1}\right)^{2}+\left(z_{2}-z_{1}\right)^{2}\right]^{1 / 2}}
$$

The Lagrangian $L$ is given by:
$$
L = T - V = \frac{1}{2} m_{1}\left(\dot{x}_{1}^{2}+\dot{y}_{1}^{2}+\dot{z}_{1}^{2}\right) + \frac{1}{2} m_{2}\left(\dot{x}_{2}^{2}+\dot{y}_{2}^{2}+\dot{z}_{2}^{2}\right) + \frac{G m_{1} m_{2}}{\left[\left(x_{2}-x_{1}\right)^{2}+\left(y_{2}-y_{1}\right)^{2}+\left(z_{2}-z_{1}\right)^{2}\right]^{1 / 2}}
$$",\boxed{\frac{1}{2} m_{1}\left(\dot{x}_{1}^{2}+\dot{y}_{1}^{2}+\dot{z}_{1}^{2}\right)+\frac{1}{2} m_{2}\left(\dot{x}_{2}^{2}+\dot{y}_{2}^{2}+\dot{z}_{2}^{2}\right)+\frac{G m_{1} m_{2}}{\left[\left(x_{2}-x_{1}\right)^{2}+\left(y_{2}-y_{1}\right)^{2}+\left(z_{2}-z_{1}\right)^{2}\right]^{1 / 2}}},EX,\text{Joules (J)},False,EN,Laws Application
2179,Mechanics and Thermodynamics,Theoretical Mechanics,Lagrangian Formulation of Mechanics,"A dumbbell consisting of two point masses, $m$ and $M$, connected by a massless rod of length $a$, is initially at rest. Suddenly, an impulsive force $I$ is applied perpendicular to the rod at a distance $b$ from mass $M$. Find the position of the center of mass of the system.",The center of mass of the system is located at a distance of $\frac{m a}{m+M}$ from mass $M$ along the rod.,\boxed{\frac{ma}{m+M}},NV,,False,EN,Laws Application
2180,Mechanics and Thermodynamics,Theoretical Mechanics,Hamiltonian Formulation of Mechanics,"Using the modified Hamilton's principle, derive the differential equations of motion for problem 9.3.27. The given Lagrangian function is as follows:

$$
\begin{aligned}
L= & \frac{1}{2} M\left[\dot{s}^{2}+\frac{1}{3} l^{2} \dot{\theta}^{2}-l \dot{s} \dot{\theta} \cos (\theta-\alpha)\right] \\
& +M g\left(s \sin \alpha+\frac{l}{2} \cos \theta\right)
\end{aligned}
$$

Use the modified Hamilton's principle to solve the differential equations of motion.","First, define the generalized momenta:

$$
\begin{aligned}
& p_{s}=\frac{\partial L}{\partial \dot{s}}=M \dot{s}-\frac{1}{2} M l \dot{\theta} \cos (\theta-\alpha) \\
& p_{\theta}=\frac{\partial L}{\partial \dot{\theta}}=\frac{1}{3} M l^{2} \dot{\theta}-\frac{1}{2} M l \dot{s} \cos (\theta-\alpha)
\end{aligned}
$$

Solve for $\dot{s}$ and $\dot{\theta}$:

$$
\begin{aligned}
& \dot{s}=\frac{1}{M l\left[2-\frac{3}{2} \cos ^{2}(\theta-\alpha)\right]}\left[2 l p_{s}+3 p_{\theta} \cos (\theta-\alpha)\right] \\
& \dot{\theta}=\frac{1}{M l^{2}\left[2-\frac{3}{2} \cos ^{2}(\theta-\alpha)\right]}\left[3 l p_{s} \cos (\theta-\alpha)+6 p_{\theta}\right]
\end{aligned}
$$

Define the Hamiltonian function:

$$
\begin{aligned}
H & = p_{s} \dot{s} + p_{\theta} \dot{\theta} - L \\
& = \frac{1}{M l^{2}\left[2-\frac{3}{2} \cos ^{2}(\theta-\alpha)\right]}\left[2 l^{2} p_{s}^{2}-\frac{3}{2} l^{2} p_{s}^{2} \cos ^{2}(\theta-\alpha)\right. \\
& \quad + 6 l p_{s} p_{\theta} \cos (\theta-\alpha) - \frac{9}{2} l p_{s} p_{\theta} \cos ^{3}(\theta-\alpha) + 6 p_{\theta}^{2} \\
& \quad \left.- \frac{9}{2} p_{\theta}^{2} \cos ^{2}(\theta-\alpha)\right] \\
& - M g\left(s \sin \alpha + \frac{l}{2} \cos \theta \right)
\end{aligned}
$$

By the modified Hamilton's principle:

$$
\delta \int\left[p_{s} \dot{s} + p_{\theta} \dot{\theta} - H \right] \mathrm{d} t = 0
$$

The Euler equations need to be satisfied:

$$
\left\{\begin{array}{l}
\frac{\mathrm{d}}{\mathrm{~d} t}\left(\frac{\partial F}{\partial \dot{q}_{i}}\right) - \frac{\partial F}{\partial q_{i}} = 0 \\
\frac{\mathrm{~d}}{\mathrm{~d} t}\left(\frac{\partial F}{\partial \dot{p}_{i}}\right) - \frac{\partial F}{\partial p_{i}} = 0 \quad (i=1,2,\cdots,s)
\end{array}\right.
$$

where $F = \sum_{i=1}^{s} p_{i} \dot{q}_{i} - H$, here $F = p_{s} \dot{s} + p_{\theta} \dot{\theta} - H$.

The equations of motion are actually the Hamilton's equations:

$$
\begin{gathered}
\dot{p}_{s} = -\frac{\partial H}{\partial s} \\
\dot{p}_{\theta} = -\frac{\partial H}{\partial \theta} \\
\frac{\mathrm{~d}}{\mathrm{~d} t}\left\{\frac{\partial}{\partial \dot{p}_{s}}\left[p_{s} \dot{s} + p_{\theta} \dot{\theta} - H\right]\right\} - \frac{\partial}{\partial p_{s}}\left[p_{s} \dot{s} + p_{\theta} \dot{\theta} - H\right] = 0 \\
\frac{\mathrm{~d}}{\mathrm{~d} t}\left\{\frac{\partial}{\partial \dot{p}_{\theta}}\left[p_{s} \dot{s} + p_{\theta} \dot{\theta} - H\right]\right\} - \frac{\partial}{\partial p_{\theta}}\left[p_{s} \dot{s} + p_{\theta} \dot{\theta} - H\right] = 0
\end{gathered}
$$

The differential equations of motion are:

$$
\begin{aligned}
& \dot{s} = \frac{\partial H}{\partial p_{s}} \\
& \dot{\theta} = \frac{\partial H}{\partial p_{\theta}}
\end{aligned}
$$

As known from section 11.1, the equations of motion derived from Hamilton's canonical equations are entirely the same as those derived from the Lagrangian equations (using the same generalized coordinates), and further details are omitted here.","\boxed{\dot{s} = \frac{\partial H}{\partial p_{s}}, \dot{\theta} = \frac{\partial H}{\partial p_{\theta}}}",EQ,"None, None",True,EN,Math Derivation
2183,Mechanics and Thermodynamics,Theoretical Mechanics,Small Vibrations of Finite System,"Two particles with masses \(M\) and \(m\), where \(M > m\), are suspended by two inextensible light strings of length \(l\) from a support. They are connected by a light spring with a stiffness coefficient \(k\) and a natural length equal to the distance between the two suspension points. Determine the normal frequencies of small oscillations around the equilibrium position along the line connecting the two particles. Provide the relationship between the motions of \(m\) and \(M\) in each mode, and write the general solution.","The Lagrangian function is:
\[ 
L = \frac{1}{2} m l^{2} \dot{\theta}_{1}^{2} + \frac{1}{2} M l^{2} \dot{\theta}_{2}^{2} - \frac{1}{2} k l^{2}(\theta_{2} - \theta_{1})^{2} - m g l (1 - \cos \theta_{1}) - M g l (1 - \cos \theta_{2}) 
\]

Under the small angle approximation:
\[ 
\approx \frac{1}{2} m l^{2} \dot{\theta}_{1}^{2} + \frac{1}{2} M l^{2} \dot{\theta}_{2}^{2} - \frac{1}{2}(k l^{2} + m g l) \theta_{1}^{2} - \frac{1}{2}(k l^{2} + M g l) \theta_{2}^{2} + k l^{2} \theta_{1} \theta_{2} 
\]

From the equation:
\[ 
\frac{\mathrm{d}}{\mathrm{d} t}\left(\frac{\partial L}{\partial \dot{\theta}_{i}}\right) - \frac{\partial L}{\partial \theta_{i}} = 0 
\]

We obtain:
\[
\begin{aligned}
& m l \ddot{\theta}_{1} + (k l + m g) \theta_{1} - k l \theta_{2} = 0 \\
& M l \ddot{\theta}_{2} + (k l + M g) \theta_{2} - k l \theta_{1} = 0
\end{aligned}
\]

The equation satisfied by the normal frequency \(\omega\) is:
\[
\begin{vmatrix}
k l + m g - m l \omega^{2} & -k l \\
-k l & k l + M g - M l \omega^{2}
\end{vmatrix} = 0
\]

Solving, we find:
\[
\omega_{1} = \sqrt{\frac{g}{l}}
\]

and
\[
\omega_{2} = \sqrt{\frac{mMg + k l(m + M)}{mMl}}
\]

Taking \(u_{1}^{(1)} = 1, u_{1}^{(2)} = 1\), we get \(u_{2}^{(1)} = 1, u_{2}^{(2)} = -\frac{m}{M}\).\\

Vibration modes: In the first vibration mode, the normal frequency is \(\omega_{1}\), and \(m\) and \(M\) oscillate in phase with equal amplitude; in the second vibration mode, the normal frequency is \(\omega_{2}\), \(m\) and \(M\) oscillate in opposite phase, with different amplitudes, and the amplitude ratio of \(m\) to \(M\) is \(1: \frac{m}{M}\).

The general solution is:
\[
\begin{aligned}
\theta_{1} & = C_{1} u_{1}^{(1)} \cos (\omega_{1} t + \alpha_{1}) + C_{2} u_{1}^{(2)} \cos (\omega_{2} t + \alpha_{2}) \\
& = C_{1} \cos \left(\sqrt{\frac{g}{l}} t + \alpha_{1}\right) + C_{2} \cos \left(\sqrt{\frac{mMg + k l(m + M)}{mMl}} t + \alpha_{2}\right) \\
\theta_{2} & = C_{1} u_{2}^{(1)} \cos (\omega_{1} t + \alpha_{1}) + C_{2} u_{2}^{(2)} \cos (\omega_{2} t + \alpha_{2}) \\
& = C_{1} \cos \left(\sqrt{\frac{g}{l}} t + \alpha_{1}\right) - \frac{m}{M} C_{2} \cos \left(\sqrt{\frac{mMg + k l(m + M)}{mMl}} t + \alpha_{2}\right)
\end{aligned}
\]","\boxed{\omega_{1} = \sqrt{\frac{g}{l}}, \omega_{2} = \sqrt{\frac{mMg+k l(m+M)}{mMl}}}","NV, NV",,True,EN,Math Derivation
2184,Mechanics and Thermodynamics,Theoretical Mechanics,Small Vibrations of Finite System,"A bead with mass \( m \) is constrained to move on a smooth circular ring with a radius of \( b \). The ring rotates with a fixed angular velocity about a fixed vertical axis that coincides with its diameter. Find the critical angular velocity \( \Omega \), such that when \( \omega < \Omega \), the bottom of the ring is a position of stable equilibrium for the bead.","When the bead moves near the bottom of the ring, let \(\theta = \pi + \theta^{\prime}\), where \(\theta^{\prime}\) is a small quantity,

$$
\begin{aligned}
& \sin \theta = \sin(\pi + \theta^{\prime}) \approx \sin \pi + \cos \pi \cdot \theta^{\prime} = -\theta^{\prime}, \\
& \cos \theta = \cos(\pi + \theta^{\prime}) \approx \cos \pi - \sin \pi \cdot \theta^{\prime} = -1.
\end{aligned}
$$

The equation of motion can be approximated as

$$
b \ddot{\theta}^{\prime} + \left(g - b \omega^{2}\right) \theta^{\prime} = 0.
$$

For the bottom of the ring to be a position of stable equilibrium for the bead, the motion near \(\theta = \pi\), which is near \(\theta^{\prime} = 0\), must be small oscillations. This requires \(\frac{g - b \omega^{2}}{b} > 0\). From this, the critical angular velocity \(\Omega\) can be found as

$$
g - b \Omega^{2} = 0, \quad \Omega = \sqrt{\frac{g}{b}}.
$$",\boxed{\Omega = \sqrt{\frac{g}{b}}},EQ,,False,EN,Math Derivation
2185,Mechanics and Thermodynamics,Theoretical Mechanics,Hamiltonian Formulation of Mechanics,"Let $\boldsymbol{A}$ be the Laplace-Runge-Lenz vector in the central force motion under the inverse square law of force,

$$
\boldsymbol{A} = \boldsymbol{p} \times \boldsymbol{J} - m^{2} \alpha \frac{\boldsymbol{r}}{r}
$$

where $\boldsymbol{J}$ is the angular momentum with respect to the force center, $\alpha$ is the coefficient of the central force, and $\boldsymbol{F} = -\frac{m \alpha}{r^{2}} \boldsymbol{e}_{r}$. Using the properties of Poisson brackets, find $[A_{y}, H]$ (the subscript $y$ denotes the Cartesian coordinate component) and prove that it is a conserved quantity.","$$
\begin{aligned}
& \text{Solution} \quad \boldsymbol{A} = \boldsymbol{p} \times \boldsymbol{J} - m^{2} \alpha \frac{\boldsymbol{r}}{r} \\
& \boldsymbol{p} = p_{x} \boldsymbol{i} + p_{y} \boldsymbol{j}, \quad \boldsymbol{r} = x \boldsymbol{i} + y \boldsymbol{j} \\
& \boldsymbol{J} = \boldsymbol{r} \times \boldsymbol{p} = (x p_{y} - y p_{x}) \boldsymbol{k} \\
& \boldsymbol{A} = (p_{x} \boldsymbol{i} + p_{y} \boldsymbol{j}) \times (x p_{y} - y p_{x}) \boldsymbol{k} - m^{2} \alpha \frac{x \boldsymbol{i} + y \boldsymbol{j}}{\sqrt{x^{2} + y^{2}}} \\
& = \left[x p_{y}^{2} - y p_{x} p_{y} - m^{2} \alpha \frac{x}{\sqrt{x^{2} + y^{2}}}\right] \boldsymbol{i} + \left[y p_{x}^{2} - x p_{x} p_{y} - m^{2} \alpha \frac{y}{\sqrt{x^{2} + y^{2}}}\right] \boldsymbol{j} \\
& H = \frac{1}{2 m}(p_{x}^{2} + p_{y}^{2}) - \frac{m \alpha}{\sqrt{x^{2} + y^{2}}} \\
& [A_{y}, H] = [y p_{x}^{2} - x p_{x} p_{y} - m^{2} \alpha \frac{y}{\sqrt{x^{2} + y^{2}}}, \frac{1}{2 m}(p_{x}^{2} + p_{y}^{2}) - \frac{m \alpha}{\sqrt{x^{2} + y^{2}}}] \\
& = [y p_{x}^{2}, \frac{1}{2 m} p_{y}^{2}] - [x p_{x} p_{y}, \frac{1}{2 m} p_{x}^{2}] + [y p_{x}^{2}, -\frac{m \alpha}{\sqrt{x^{2} + y^{2}}}] \\
& + [x p_{x} p_{y}, \frac{m \alpha}{\sqrt{x^{2} + y^{2}}}] - m^{2} \alpha \left[\frac{y}{\sqrt{x^{2} + y^{2}}}, \frac{1}{2 m}(p_{x}^{2} + p_{y}^{2})\right] \\
& = \frac{1}{2 m} p_{x}^{2}[y, p_{y}^{2}] - \frac{1}{2 m} p_{x} p_{y}[x, p_{x}^{2}] - m \alpha y\left[p_{x}^{2}, \frac{1}{\sqrt{x^{2} + y^{2}}}\right] \\
& + x p_{x}\left[p_{y}, \frac{m \alpha}{\sqrt{x^{2} + y^{2}}}\right] + x p_{y}\left[p_{x}, \frac{m \alpha}{\sqrt{x^{2} + y^{2}}}\right] \\
& - \frac{1}{2} m \alpha\left[\frac{y}{\sqrt{x^{2} + y^{2}}}, p_{x}^{2}\right] - \frac{1}{2} m \alpha\left[\frac{y}{\sqrt{x^{2} + y^{2}}}, p_{y}^{2}\right] \\
= & \frac{1}{m} p_{x}^{2} p_{y} - \frac{1}{m} p_{x}^{2} p_{y} - m \alpha y \frac{x}{(x^{2} + y^{2})^{3/2}} \cdot 2 p_{x} \\
& + x p_{x} \cdot m \alpha \frac{y}{(x^{2} + y^{2})^{3/2}} + x p_{y} \cdot m \alpha \cdot \frac{x}{(x^{2} + y^{2})^{3/2}} \\
& - \frac{1}{2} m \alpha\left[-\frac{y x}{(x^{2} + y^{2})^{3/2}}\right] \cdot 2 p_{x} - \frac{1}{2} m \alpha\left[\frac{1}{\sqrt{x^{2} + y^{2}}} - \frac{y^{2}}{(x^{2} + y^{2})^{3/2}}\right] 2 p_{y} = 0
\end{aligned}
$$

Through calculation, we find that $[A_{y}, H] = 0$, hence it is a conserved quantity.",\boxed{0},NV,,False,EN,Math Derivation
2190,Mechanics and Thermodynamics,Theoretical Mechanics,Small Vibrations of Finite System,A bead of mass $m$ is constrained to move on a smooth circular ring of radius $b$. The ring rotates with a fixed angular velocity about a vertical axis that coincides with its diameter. Find the stable equilibrium position of the bead when $\omega > \Omega$.,"When $\omega > \Omega$,

$$
b \ddot{\theta} - b \omega^{2} \sin \theta \cos \theta - g \sin \theta = 0.
$$

At the equilibrium position, $\ddot{\theta} = 0$,

$$
\sin \theta(b \omega^{2} \cos \theta + g) = 0.
$$

$\sin \theta_{0} = 0, \theta_{0} = 0$ is an equilibrium position, but as noted, it is not stable when $\omega > \Omega$,

$$
\begin{gathered}
b \omega^{2} \cos \theta_{0} + g = 0, \\
\theta_{0} = \arccos \left(-\frac{g}{b \omega^{2}}\right),
\end{gathered}
$$

is an equilibrium position, with $\theta_{0}$ in the interval $ \left(\frac{\pi}{2}, \pi\right)$.

To examine the stability at this position, let $\theta = \theta_{0} + \theta^{\prime}$, where $\theta^{\prime}$ is small. Expand $\sin \theta$ and $\cos \theta$ using Taylor series at $\theta = \theta_{0}$, keeping only first-order terms,

$$
\begin{aligned}
& \sin \theta = \sin \theta_{0} + \cos \theta_{0} \theta^{\prime}, \\
& \cos \theta = \cos \theta_{0} - \sin \theta_{0} \theta^{\prime}.
\end{aligned}
$$

The differential equation of motion near $\theta = \theta_{0}$ can be approximated as

$$
\ddot{\theta}^{\prime} + \omega^{2} \sin^{2} \theta_{0} \theta^{\prime} = 0.
$$

Since $\omega^{2} \sin^{2} \theta_{0} > 0$, $\theta_{0} = \arccos \left(-\frac{g}{b \omega^{2}}\right)$ is a stable equilibrium position.",\boxed{\theta_{0}=\arccos \left(-\frac{g}{b \omega^{2}}\right)},EQ,,False,EN,Math Derivation
2191,Mechanics and Thermodynamics,Theoretical Mechanics,Small Vibrations of Finite System,"A particle with mass \(m_{2}\) is attached to another particle with an inextensible light string of length \(l_{2}\), and its motion is described in terms of the generalized coordinate \(\varphi\). Calculate the system's kinetic and potential energy, and determine its simple model and angular frequency.","Take \(\varphi\) as the generalized coordinate,

\[
\begin{aligned}
x_{2}&=l_{2} \sin \varphi, & y_{2}&=l_{2} \cos \varphi
\end{aligned}
\]

The kinetic energy of the system (assuming small oscillations) is

\[
T =\frac{1}{2} m_{2} l_{2}^{2} \dot{\varphi}^{2}
\]

The potential energy of the system (assuming small oscillations) is

\[
V=-m_{2} g y_{2} \approx V_{0}+\frac{1}{2} m_{2} g l_{2} \varphi^{2}
\]

where \(V_{0} \) is a constant, and the zero point of potential energy can be chosen arbitrarily. The value of \(V_{0} \) is not important.",\boxed{\sqrt{\frac{g}{l_{2}}}},NV,\text{s}^{-1},False,EN,Laws Application
2192,Mechanics and Thermodynamics,Theoretical Mechanics,Small Vibrations of Finite System,"A particle of mass \( m \) is tied with a non-extendable light string of length \( l \) to another particle of mass \( m \). This particle is in turn tied with the same light string to a small ring of mass \( 2m \) that is sliding on a smooth horizontal rod. Analyze and prove that in the small oscillation modes near the equilibrium position, the angle formed by the lower segment of the string with the vertical is always twice the angle formed by the upper segment of the string with the vertical.","Proof: Let \( x \), \( \theta \), and \( \varphi \) be generalized coordinates as shown in Figure 10.29.

\[
\begin{aligned}
T= & \frac{1}{2} \times 2m \dot{x}^{2}+\frac{1}{2} m\left[(\dot{x}+l \dot{\theta} \cos \theta)^{2}+(l \dot{\theta} \sin \theta)^{2}\right] \\
&\ +\frac{1}{2} m\left[(\dot{x}+l \dot{\theta} \cos \theta+l \dot{\varphi} \cos \varphi)^{2}+(l \dot{\theta} \sin \theta+l \dot{\varphi} \sin \varphi)^{2}\right] \\
= & 2m \dot{x}^{2}+m l^{2} \dot{\theta}^{2}+\frac{1}{2} m l^{2} \dot{\varphi}^{2}+m l \dot{x}(2 \dot{\theta} \cos \theta+\dot{\varphi} \cos \varphi)+m l^{2} \dot{\theta} \dot{\varphi} \cos (\theta-\varphi) \\
\approx & 2m \dot{x}^{2}+m l^{2} \dot{\theta}^{2}+\frac{1}{2} m l^{2} \dot{\varphi}^{2}+m l \dot{x}(2 \dot{\theta}+\dot{\varphi})+m l^{2} \dot{\theta} \dot{\varphi}
\end{aligned}
\]

Here, the small oscillation approximation is used, and \( \theta \), \( \varphi \), \( \dot{\theta} \), \( \dot{\varphi} \) are all small quantities.

\[
\begin{aligned}
V & =mg l(1-\cos \theta)+mg l(1-\cos \theta)+mg l(1-\cos \varphi) \\
& \approx mg l \theta^{2}+\frac{1}{2} mg l \varphi^{2} \\
L & =T-V
\end{aligned}
\]

Since

\[
\frac{\partial L}{\partial x}=0, \quad \frac{\partial L}{\partial \dot{x}}=\text{constant}
\]

As stated in the previous problem, initial conditions can be chosen to make this constant zero,

\[
\dot{x}=-\frac{1}{4} l(2 \dot{\theta}+\dot{\varphi})
\]

This is also an integrable geometric constraint, using it can eliminate one non-oscillating degree of freedom,

\[
\begin{aligned}
& T=2 m\left[-\frac{1}{4} l(2 \dot{\theta}+\dot{\varphi})\right]^{2}+m l^{2} \dot{\theta}^{2}+\frac{1}{2} m l^{2} \dot{\varphi}^{2} \\
&\ -\frac{1}{4} m l^{2}(2 \dot{\theta}+\dot{\varphi})^{2}+m l^{2} \dot{\theta} \dot{\varphi} \\
& =\frac{1}{2} m l^{2}\left(\dot{\theta}^{2}+\frac{3}{4} \dot{\varphi}^{2}+\dot{\theta} \dot{\varphi}\right) \\
& \boldsymbol{M}=\begin{pmatrix} m l^{2} & \frac{1}{2} m l^{2} \\ \frac{1}{2} m l^{2} & \frac{3}{4} m l^{2} \end{pmatrix} \\
& \boldsymbol{K}=\begin{pmatrix} 2m g l & 0 \\ 0 & mg l \end{pmatrix} \\
& |\boldsymbol{H}|=\left|\begin{pmatrix} 2m g l - m l^{2} \omega^{2} & -\frac{1}{2} m l^{2} \omega^{2} \\ -\frac{1}{2} m l^{2} \omega^{2} & mg l - \frac{3}{4} m l^{2} \omega^{2} \end{pmatrix}\right|=0 \\
& \omega^{4}-\frac{5g}{l} \omega^{2}+4 \frac{g^{2}}{l^{2}}=0 \\
& \omega_{1}=\sqrt{\frac{g}{l}}, \quad \omega_{2}=2 \sqrt{\frac{g}{l}}
\end{aligned}
\]

Substituting \(\omega_{1}\) into \(\boldsymbol{H} \cdot \boldsymbol{u}=0\), leads to the equation

Thus

\[
mg l u_{1}^{(1)} - \frac{1}{2} mg l u_{2}^{(1)}=0
\]

\[
\frac{u_{2}^{(1)}}{u_{1}^{(1)}}=2
\]

This proves that the mode with a normal frequency of \(\sqrt{\frac{g}{l}}\) is such that at any time, \( \varphi=2 \theta \).",\boxed{\varphi = 2\theta},EQ,,False,EN,Math Derivation
2194,Mechanics and Thermodynamics,Theoretical Mechanics,Small Vibrations of Finite System,"A bead of mass $m$ is constrained to move on a smooth ring of radius $b$, which rotates with a constant angular velocity about a fixed vertical axis coinciding with its diameter. Write the Lagrangian function and the differential equation of motion for the bead.","Using a static reference frame, take $\theta$ from Figure 10.11 as the generalized coordinate,

$$
\begin{aligned}
& T=\frac{1}{2} m\left(b^{2} \dot{\theta}^{2}+b^{2} \sin ^{2} \theta \omega^{2}\right), \\
& V=m g b \cos \theta, \\
& L=\frac{1}{2} m b^{2}\left(\dot{\theta}^{2}+\omega^{2} \sin ^{2} \theta\right)-m g b \cos \theta, \\
& \qquad \frac{\mathrm{d}}{\mathrm{d} t}\left(\frac{\partial L}{\partial \dot{\theta}}\right)-\frac{\partial L}{\partial \theta}=0,
\end{aligned}
$$

yielding the differential equation of motion

$$
b \ddot{\theta}-b \omega^{2} \sin \theta \cos \theta-g \sin \theta=0.
$$","\boxed{L=\frac{1}{2} m b^{2}\left(\dot{\theta}^{2}+\omega^{2} \sin ^{2} \theta\right)-m g b \cos \theta, b \ddot{\theta}-b \omega^{2} \sin \theta \cos \theta-g \sin \theta=0}","EX, EQ","None, None",True,EN,Math Derivation
2198,Mechanics and Thermodynamics,Theoretical Mechanics,Hamiltonian Formulation of Mechanics,"Use the Maupertuis principle to solve for the oscillation period in problem 7.4.30. Assume the kinetic energy \( T \) and potential energy \( V \) are given by:

$$
T = \left[\frac{1}{2} m (a-b)^{2} + 2 M a^{2}\right] \dot{\varphi}^{2}
$$

$$
V = \frac{1}{2} \left(m g b + k a^{2}\right) \varphi^{2}
$$

and apply the Jacobi form of Maupertuis' principle and Jacobi's equation.","According to the Jacobi form of Maupertuis' principle and Jacobi's equation, we have:

$$
\Delta W = \delta W = \delta \int_{t_{0}}^{t_{1}} \sqrt{2(E-V)} \cdot \sqrt{\sum_{i,j=1}^{s} a_{ij} q_{i}^{\prime} q_{j}^{\prime}} \mathrm{d} \tau = 0
$$

$$
\frac{\mathrm{d}}{\mathrm{~d} t} \left(\frac{\partial F}{\partial q_{i}^{\prime}}\right) - \frac{\partial F}{\partial q_{i}} = 0 \quad (i = 1, 2, \cdots, s)
$$

where

$$
F = \sqrt{2 \left(E - \frac{1}{2} \left(m g b + k a^{2}\right) \varphi^{2}\right)} \cdot \sqrt{\left[m (a-b)^{2} + 4 M a^{2}\right] \dot{\varphi}^{2}}
$$

Through computation, we obtain:

$$
\frac{\partial F}{\partial \dot{\varphi}} = \left[m (a-b)^{2} + 4 M a^{2}\right] \dot{\varphi}
$$

$$
\frac{\partial F}{\partial \varphi} = -\left(m g b + k a^{2}\right) \varphi
$$

Thus, the equation is:

$$
\left[m (a-b)^{2} + 4 M a^{2}\right] \ddot{\varphi} + \left(m g b + k a^{2}\right) \varphi = 0
$$

The angular frequency of the oscillation \(\omega\) is:

$$
\omega = \sqrt{\frac{m g b + k a^{2}}{m (a-b)^{2} + 4 M a^{2}}}
$$

The period of the oscillation is:

$$
\frac{2 \pi}{\omega} = 2 \pi \sqrt{\frac{m (a-b)^{2} + 4 M a^{2}}{m g b + k a^{2}}}
$$

or

$$
2 \pi \sqrt{\frac{(4 M + m) a^{2} + m b(b-2 a)}{m g b + k a^{2}}}
$$","\boxed{2 \pi \sqrt{\frac{m (a-b)^{2} + 4 M a^{2}}{m g b + k a^{2}}}, 2 \pi \sqrt{\frac{(4 M + m) a^{2} + m b(b-2 a)}{m g b + k a^{2}}}}","EX, EX","\text{s}, \text{s}",True,EN,Math Derivation
2200,Mechanics and Thermodynamics,Theoretical Mechanics,Small Vibrations of Finite System,"Calculate the ratio of the average density of the Earth to that of the Sun, \(\frac{\rho_{\mathrm{e}}}{\rho_{\mathrm{s}}}\). The given data includes: the Earth's orbital period \(t = 1\) year \(= 3 \times 10^{7} \ \mathrm{s}\), gravitational acceleration \(g = 10 \ \mathrm{m/s}^{2}\), and the length of 1Â° of latitude on the Earthâs surface \(l = 100 \ \mathrm{km}\).","The generalized forces for generalized coordinates $x, s$ are

$$
Q_{x}=F_{0} \cos \Omega t, \quad Q_{s}=0
$$

After applying the normal coordinates $\xi, \eta$, the relationship for generalized forces is given by:

$$
\begin{pmatrix} Q_{\xi} \\ Q_{\eta} \end{pmatrix} =\left(\begin{array}{cc} \frac{1}{2} & -\frac{3}{2} \\ -\frac{\sqrt{3}}{2} & -\frac{\sqrt{3}}{2} \end{array}\right) \begin{pmatrix} Q_{x} \\ Q_{s} \end{pmatrix}
$$

where the transformation matrix is $\boldsymbol{G}^{\boldsymbol{T}}$. Substituting $Q_{x}, Q_{s}$ gives

$$
Q_{\xi}=\frac{1}{2} F_{0} \cos \Omega t, \quad Q_{\eta}=-\frac{\sqrt{3}}{2} F_{0} \cos \Omega t
$$

The differential equations are:

$$
\begin{gathered}
2 m \ddot{\xi}+k \xi=\frac{1}{2} F_{0} \cos \Omega t \\
6 m \ddot{\eta}+k \eta=-\frac{\sqrt{3}}{2} F_{0} \cos \Omega t
\end{gathered}
$$

The particular solutions are:

$$
\begin{aligned}
\xi^{*}= & \frac{\frac{F_{0}}{4 m}}{\frac{k}{2 m}-\Omega^{2}} \cos \Omega t=\frac{F_{0} l}{2 m\left(3 g-2 l \Omega^{2}\right)} \cos \Omega t \\
\eta^{*}= & \frac{-\sqrt{3} F_{0}}{\frac{k}{6 m}-\Omega^{2}} \cos \Omega t=\frac{-\sqrt{3} F_{0} l}{6 m\left(g-2 l \Omega^{2}\right)} \cos \Omega t
\end{aligned}
$$

The general solutions are:

$$
\begin{aligned}
& \xi=\frac{F_{0} l}{2 m\left(3 g-2 l \Omega^{2}\right)} \cos \Omega t+C_{1}^{\prime} \cos \left(\sqrt{\frac{3 g}{2 l}} t+\alpha_{1}\right) \\
& \eta=-\frac{\sqrt{3} F_{0} l}{6 m\left(g-2 l \Omega^{2}\right)} \cos \Omega t+C_{2}^{\prime} \cos \left(\sqrt{\frac{g}{2 l}} t+\alpha_{2}\right)
\end{aligned}
$$

Further, we obtain:

$$
\begin{aligned}
x= & \frac{1}{2} \xi - \frac{\sqrt{3}}{2} \eta = \left[\frac{F_{0} l}{4 m(3 g-2 l \Omega^{2})} + \frac{F_{0} l}{4 m(g-2 l \Omega^{2})}\right] \cos \Omega t \\
& + C_{1} \cos \left(\sqrt{\frac{3g}{2l}} t+\alpha_{1}\right) + C_{2} \cos \left(\sqrt{\frac{g}{2l}} t+\alpha_{2}\right) \\
\theta= & -\frac{3}{2 l} \xi - \frac{\sqrt{3}}{2 l} \eta = \left[-\frac{3 F_{0}}{4 m(3g-2l\Omega^{2})} + \frac{F_{0}}{4m(g-2l\Omega^{2})}\right] \cos \Omega t 
\end{aligned}
$$

$$
-\frac{3}{l} C_{1} \cos \left(\sqrt{\frac{3g}{2l}} t+\alpha_{1}\right) + \frac{1}{l} C_{2} \cos \left(\sqrt{\frac{g}{2l}} t+\alpha_{2}\right)
$$

Figure 10.59 \\
$$
<image 1>
$$",\boxed{3.3},NV,,False,EN,Math Derivation
2201,Mechanics and Thermodynamics,Theoretical Mechanics,Small Vibrations of Finite System,"Two point masses of mass $m$ and a third point mass of mass $M$ are connected by two light springs with spring constants $k$ and natural lengths of zero. They are constrained to move within a smooth vertical circular tube with a radius $R$. Let $\theta_1$ denote the angular displacement of object $m_1$ from the equilibrium position, assuming $\theta_1 = R \theta_1$. Consider the small oscillations around the equilibrium position of the system, and derive the equation of motion for the small oscillations.","Let $\theta_1$ represent the angular displacement of object $m_1$ from the equilibrium position, with counterclockwise direction considered positive.

Kinetic energy $T = \frac{1}{2} m R^2 \dot{\theta}_1^2$.
The potential energy is approximately:
\[ V \approx \frac{1}{2} k R^2 \theta_1^2 + \frac{1}{2} m g R \theta_1^2 \]

Lagrangian function:
\[ L = T - V = \frac{1}{2} m \left(\dot{x}_1^2\right) - \left[\frac{1}{2} \left(k + \frac{m g}{R}\right) x_1^2\right] \]

From $\frac{\mathrm{d}}{\mathrm{d} t}\left(\frac{\partial L}{\partial \dot{x}_1}\right) - \frac{\partial L}{\partial x_1} = 0$, we obtain:
\[ m \ddot{x}_1 + \left(k + \frac{m g}{R}\right) x_1 = 0 \]",\boxed{m \ddot{x}_1 + \left(k + \frac{m g}{R}\right) x_1 = 0},EQ,,False,EN,Math Derivation
2208,Mechanics and Thermodynamics,Theoretical Mechanics,Lagrangian Formulation of Mechanics,"A homogeneous cylinder $A$ with mass $m$ and radius $a$ rests on top of a fixed cylinder $B$ with a radius $b$, with the axes of the two cylinders being parallel and horizontal. Gently displace cylinder $A$ from its equilibrium position, allowing it to roll without slipping on cylinder $B$. Determine the position at which the two cylinders separate.","Use the polar coordinates $r$ and $\theta$ to denote the position of the axis of cylinder $A$, with the origin on the axis of the fixed cylinder $B$. In Figure 9.77, $\varphi$ represents the angle of rotation of cylinder $A$. Use $r$, $\theta$, and $\varphi$ as generalized coordinates,

$$
<image 1>
$$

Figure 9.77

Integrate the above equation using the initial condition $\theta = 0$, $\dot{\theta} = 0$,

$$
\begin{gather*}
\frac{3}{4} (a + b) \dot{\theta}^{2} = g (1 - \cos \theta) \\
\dot{\theta}^{2} = \frac{4 g}{3(a + b)} (1 - \cos \theta)  \tag{9}
\end{gather*}
$$

Differentiate both sides of Equation (9) with respect to $t$,

$$
2 \dot{\theta} \ddot{\theta} = \frac{4 g}{3(a + b)} \sin \theta \dot{\theta}
$$

$$
\begin{gathered}
\ddot{\theta} = \frac{2 g}{3(a + b)} \sin \theta \\
F_{\theta} = \mu = m (a + b) \ddot{\theta} - m g \sin \theta = -\frac{1}{3} m g \sin \theta
\end{gathered}
$$

By integrating Equation (9), we can find $\theta = \theta(t)$, and consequently, the relationship between $F_{r}$, $F_{\theta}$, and $t$.\\
When the two cylinders separate, $F_{r} = 0$,

$$
7 \cos \theta - 4 = 0
$$

Therefore, the two cylinders separate at $\theta = \arccos \left(\frac{4}{7}\right)$.\\",\boxed{\theta = \arccos\left(\frac{4}{7}\right)},EQ,,False,EN,Laws Application
2212,Mechanics and Thermodynamics,Theoretical Mechanics,Small Vibrations of Finite System,"Three light springs, each with a natural length of $\sqrt{2}$ and a spring constant of $k$, are connected to a particle of mass $m$. The other ends of the three springs are fixed at $(-1, 1)$, $(1, 1)$, and $(-1, -1)$, respectively. The particle $m$ moves only on a horizontal and frictionless $xy$ plane. Write the Lagrangian function of the system.","$L = T - V = \frac{1}{2} m \dot{x}^{2} + \frac{1}{2} m \dot{y}^{2} - \frac{1}{2} k \left\{ \left[ (x+1)^{2} + (y-1)^{2} \right]^{1/2} - \sqrt{2} \right\}^2$

$$
\begin{aligned}
& -\frac{1}{2} k\left\{\left[(x-1)^{2}+(y-1)^{2}\right]^{1/2}-\sqrt{2}\right\}^2 \\
& -\frac{1}{2} k\left\{\left[(x+1)^{2}+(y+1)^{2}\right]^{1/2}-\sqrt{2}\right\}^2
\end{aligned}
$$",\boxed{L = \frac{1}{2} m \dot{x}^{2} + \frac{1}{2} m \dot{y}^{2} - \frac{1}{2} k \left\{ \left[ (x+1)^{2} + (y-1)^{2} \right]^{1/2} - \sqrt{2} \right\}^2 -\frac{1}{2} k\left\{\left[(x-1)^{2}+(y-1)^{2}\right]^{1/2}-\sqrt{2}\right\}^2 -\frac{1}{2} k\left\{\left[(x+1)^{2}+(y+1)^{2}\right]^{1/2}-\sqrt{2}\right\}^2},EX,,False,EN,
2226,Mechanics and Thermodynamics,Theoretical Mechanics,Small Vibrations of Finite System,"Three light springs with natural lengths of $\sqrt{2}$ and spring constant $k$ are connected to a mass $m$. The other ends of the three springs are fixed at $(-1,1)$, $(1,1)$, and $(-1,-1)$. The mass $m$ moves only in a horizontal and smooth $xy$ plane. Find the normal frequencies and normal coordinates.","From the expressions for kinetic energy and potential energy, the inertia matrix and the stiffness matrix can be written as:

$$
\boldsymbol{M}=\begin{pmatrix} m & 0 \\ 0 & m \end{pmatrix}, \quad \boldsymbol{K}=\begin{pmatrix} \frac{3}{2} k & \frac{1}{2} k \\ \frac{1}{2} k & \frac{3}{2} k \end{pmatrix}
$$

$$
\boldsymbol{H}=\boldsymbol{K}-\omega^{2} \boldsymbol{M}
$$

$$
\boldsymbol{H} \cdot \boldsymbol{u}=0
$$

$$
\left(
\begin{array}{cc}
\frac{3}{2} k-m \omega^{2} & \frac{1}{2} k \\
\frac{1}{2} k & \frac{3}{2} k-m \omega^{2}
\end{array}
\right)
\begin{pmatrix} u_{1} \\ u_{2} \end{pmatrix} = 0
$$

The characteristic equation is

$$
m^{2} \omega^{4} - 3 m k \omega^{2} + 2 k^{2}=0
$$

Solving this gives

$$
\omega_{1}=\sqrt{\frac{2 k}{m}}, \quad \omega_{2}=\sqrt{\frac{k}{m}}
$$

Substituting $\omega_{1}$ into the equation and choosing $u_{1}^{(1)}=1$, we get $u_{2}^{(1)}=-1$; substituting $\omega_{2}$ into the equation and choosing $u_{1}^{(2)}=1$, we get $u_{2}^{(2)}=1$.

The relationship between the normal coordinates and the original coordinates is given by

$$
\begin{pmatrix} \xi \\ \eta \end{pmatrix}=\begin{pmatrix} u_{1}^{(1)} & u_{2}^{(1)} \\ u_{1}^{(2)} & u_{2}^{(2)} \end{pmatrix}
\begin{pmatrix} m & 0 \\ 0 & m \end{pmatrix}
\begin{pmatrix} x \\ y \end{pmatrix}
$$

$$
=\begin{pmatrix} 1 & -1 \\ 1 & 1 \end{pmatrix}
\begin{pmatrix} m & 0 \\ 0 & m \end{pmatrix}
\begin{pmatrix} x \\ y \end{pmatrix}
= m\begin{pmatrix} x-y \\ x+y \end{pmatrix}
$$

A constant multiple of the normal coordinates is also a normal coordinate, so we can choose

$$
\xi=x-y, \quad \eta=x+y
$$

as the normal coordinates.","\boxed{\omega_{1}=\sqrt{\frac{2 k}{m}}, \omega_{2}=\sqrt{\frac{k}{m}}, \xi=x-y, \eta=x+y}","EX, EX, EX, EX","\text{s}^{-1}, \text{s}^{-1}, \text{None}, \text{None}",True,EN,Math Derivation
2235,Mechanics and Thermodynamics,Theoretical Mechanics,Small Vibrations of Finite System,"Calculate the frequency and vibration modes of small oscillations around the equilibrium position of the system. Assume the motion of the three objects above is expressed by $x_i = u_i \cos(\omega t + \alpha)$. Solve for the characteristic frequencies $\omega_1, \omega_2, \omega_3$ and find the vibration modes.","Assume $x_i = u_i \cos(\omega t + \alpha)$, then we have the matrix equation:

\[
\left(\begin{array}{ccc}
k + \frac{m g}{R} - m \omega^2 & -k & 0 \\
-k & 2k + \frac{M g}{R} - M \omega^2 & -k \\
0 & -k & k + \frac{m g}{R} - m \omega^2
\end{array}\right)
\left(\begin{array}{l}
u_1 \\
u_2 \\
u_3
\end{array}\right) = 0
\]

The condition for non-zero solutions of $u_1, u_2, u_3$:

\[
\left|\begin{array}{ccc}
k + \frac{m g}{R} - m \omega^2 & -k & 0 \\
-k & 2k + \frac{M g}{R} - M \omega^2 & -k \\
0 & -k & k + \frac{m g}{R} - m \omega^2
\end{array}\right| = 0
\]

Solve for $\omega_1, \omega_2, \omega_3$ and substitute, choosing $u_1^{(1)} = u_1^{(2)} = u_1^{(3)} = 1$, we get:
\[
u_2^{(1)} = 0, u_3^{(1)} = -1; u_2^{(2)} = -\frac{2m}{M}, u_3^{(2)} = 1; u_2^{(3)} = 1, u_3^{(3)} = 1
\]

The corresponding vibration modes are:
First mode $\omega_1$: The mass $M$ remains stationary while the two masses $m$ vibrate in opposite phases;
Second mode $\omega_2$: The two masses $m$ vibrate in phase, with the amplitude of $M$ being in opposite phase and $\frac{2m}{M}$ times the amplitude of $m$;
Third mode $\omega_3$: All objects vibrate in phase.","\boxed{\omega_1, \omega_2, \omega_3}",NV,"None, None, None",True,EN,Math Derivation
2278,Mechanics and Thermodynamics,Theoretical Mechanics,Small Vibrations of Finite System,"Two pendulums of equal length \( l \) and mass \( m \) are suspended on the same horizontal line. A massless spring with spring constant \( k \) connects the two masses, and the natural length of the spring is equal to the distance between the suspension points. Find the normal frequencies and normal coordinates for small oscillations of the system near the equilibrium position.","Take \(\theta_{1}, \theta_{2}\) from Figure 10.15 as the generalized coordinates. Let the distance between the suspension points be \( a \).

\[
\begin{gathered}
T=\frac{1}{2} m l^{2} \dot{\theta}_{1}^{2}+\frac{1}{2} m l^{2} \dot{\theta}_{2}^{2} \\
V=\frac{1}{2} k\left\{\left[a+l \sin \theta_{2}-l \sin \theta_{1}\right)^{2}+\left(-l \cos \theta_{1}+l \cos \theta_{2}\right)^{2}\right]^{\frac{1}{2}}-a\right\}^{2} \\
+m g\left[l\left(1-\cos \theta_{1}\right)+l\left(1-\cos \theta_{2}\right)\right] \\
\approx \\
\frac{1}{2} k l^{2}\left(\theta_{2}-\theta_{1}\right)^{2}+\frac{1}{2} m g l\left(\theta_{1}^{2}+\theta_{2}^{2}\right) \\
=\frac{1}{2}\left(k l^{2}+m g l\right) \theta_{1}^{2}-k l^{2} \theta_{1} \theta_{2}+\frac{1}{2}\left(k l^{2}+m g l\right) \theta_{2}^{2} \\
\boldsymbol{M}=\begin{pmatrix}
m l^{2} & 0 \\
0 & m l^{2}
\end{pmatrix}, \quad \boldsymbol{K}=\begin{pmatrix}
k l^{2}+m g l & -k l^{2} \\
-k l^{2} & k l^{2}+m g l
\end{pmatrix} \\
|\boldsymbol{H}|=\left|\boldsymbol{K}-\omega^{2} \boldsymbol{M}\right|=\begin{vmatrix}
k l^{2}+m g l-m l^{2} \omega^{2} & -k l^{2} \\
-k l^{2} & k l^{2}+m g l-m l^{2} \omega^{2}
\end{vmatrix}=0\\
\end{gathered}
\]

Solving this yields

\[
\omega_{1}=\sqrt{\frac{g}{l}}, \quad \omega_{2}=\sqrt{\frac{g}{l}+\frac{2 k}{m}}
\]

Substitute \(\omega_{1}\) into \(\boldsymbol{H} \cdot \boldsymbol{u}=0\),

\[
\begin{pmatrix}
k l & -k l \\
-k l & k l
\end{pmatrix}\begin{pmatrix}
u_{1}^{(1)} \\
u_{2}^{(1)}
\end{pmatrix}=0
\]

Choose \(u_{1}^{(1)}=1\), then \(u_{2}^{(1)}=1\).\\
Substitute \(\omega_{2}\) into \(\boldsymbol{H} \cdot \boldsymbol{u}=0\),

\[
\begin{pmatrix}
-k l & -k l \\
-k l & -k l
\end{pmatrix}\begin{pmatrix}
u_{1}^{(2)} \\
u_{2}^{(2)}
\end{pmatrix}=0
\]

Choose \(u_{1}^{(2)}=1\), then \(u_{2}^{(2)}=-1\).\\
The two solutions are

\[
\begin{aligned}
\left\{
\begin{array}{l}
\theta_{1}^{(1)}=\cos \left(\sqrt{\frac{g}{l}} t+\alpha_{1}\right) \\
\theta_{2}^{(1)}=\cos \left(\sqrt{\frac{g}{l}} t+\alpha_{1}\right)
\end{array}\right. \\
\left\{
\begin{array}{l}
\theta_{1}^{(2)}=\cos \left(\sqrt{\frac{g}{l}+\frac{2 k}{m}} t+\alpha_{2}\right) \\
\theta_{2}^{(2)}=-\cos \left(\sqrt{\frac{g}{l}+\frac{2 k}{m}} t+\alpha_{2}\right)
\end{array}\right.
\end{aligned}
\]

Substitute \(u_{1}^{(1)}, u_{2}^{(1)}, u_{1}^{(2)}, u_{2}^{(2)}\) into the relation between normal coordinates \(\xi_{1}, \xi_{2}\) and the original coordinates \(\theta_{1}, \theta_{2}\),

\[
\begin{aligned}
\begin{pmatrix}
\xi_{1} \\
\xi_{2}
\end{pmatrix} & =\begin{pmatrix}
u_{1}^{(1)} & u_{2}^{(1)} \\
u_{1}^{(2)} & u_{2}^{(2)}
\end{pmatrix}\begin{pmatrix}
m l^{2} & 0 \\
0 & m l^{2}
\end{pmatrix}\begin{pmatrix}
\theta_{1} \\
\theta_{2}
\end{pmatrix} \\
& =\begin{pmatrix}
1 & 1 \\
1 & -1
\end{pmatrix}\begin{pmatrix}
m l^{2} & 0 \\
0 & m l^{2}
\end{pmatrix}\begin{pmatrix}
\theta_{1} \\
\theta_{2}
\end{pmatrix} = m l^{2}\begin{pmatrix}
\theta_{1}+\theta_{2} \\
\theta_{1}-\theta_{2}
\end{pmatrix} \\
\xi_{1} & =m l^{2}\left(\theta_{1}+\theta_{2}\right), \quad \xi_{2}=m l^{2}\left(\theta_{1}-\theta_{2}\right)
\end{aligned}
\]

Normal coordinates, scaled by a constant factor, remain normal coordinates, thus

\[
\xi_{1}=\theta_{1}+\theta_{2}, \quad \xi_{2}=\theta_{1}-\theta_{2}
\]","\boxed{\omega_{1}=\sqrt{\frac{g}{l}}, \omega_{2}=\sqrt{\frac{g}{l}+\frac{2 k}{m}}, \xi_{1}=\theta_{1}+\theta_{2}, \xi_{2}=\theta_{1}-\theta_{2}}","EX, EX, EX, EX",,True,EN,Math Derivation
2308,Mechanics and Thermodynamics,Theoretical Mechanics,Lagrangian Formulation of Mechanics,"Given the known dissipation function \( R \), find \( Q_{y} \).","$$
Q_{y} = -\frac{\partial R}{\partial \dot{y}} = -\alpha_{1}\left(\dot{y}+\dot{y}_{3}\right) - \alpha_{2}\left(\dot{y}-\dot{y}_{3}\right)
$$",\boxed{-\alpha_{1}\left(\dot{y}+\dot{y}_{3}\right)-\alpha_{2}\left(\dot{y}-\dot{y}_{3}\right)},EX,,False,EN,Knowledge Recall
2321,Mechanics and Thermodynamics,Theoretical Mechanics,Lagrangian Formulation of Mechanics,"Consider a uniform rod of length $l$ and mass $M$ moving within the vertical $xz$ plane. One end of the rod, point $A$, is constrained to slide along the line $z = x \tan \alpha$ (where $\alpha$ is the angle of the line with respect to the horizontal $x$-axis). Use the generalized coordinates shown in Figure 7.59: $s$ and $\theta$. Calculate the velocity components of coordinate point $C$.","In Figure 7.59, the coordinates of point $C$ are:

$$
\begin{aligned}
& x_{C} = s \cos \alpha - \frac{l}{2} \sin \theta \\
& z_{C} = s \sin \alpha + \frac{l}{2} \cos \theta \\
& \dot{x}_{C} = \dot{s} \cos \alpha - \frac{l}{2} \dot{\theta} \cos \theta \\
& \dot{z}_{C} = \dot{s} \sin \alpha - \frac{l}{2} \dot{\theta} \sin \theta \\
\end{aligned}
$$","\boxed{\dot{x}_{C} = \dot{s} \cos \alpha - \frac{l}{2} \dot{\theta} \cos \theta, \dot{z}_{C} = \dot{s} \sin \alpha - \frac{l}{2} \dot{\theta} \sin \theta}","EX, EX","None, None",True,EN,Math Derivation
2335,Mechanics and Thermodynamics,Theoretical Mechanics,Lagrangian Formulation of Mechanics,"A homogeneous rod $OA$ with mass $M$ and length $2a$ is mounted on a smooth pivot at a fixed point. Another mass $m$ is attached to point $O$ by a light spring with natural length $a$ and spring constant $k$ and is positioned on the rod such that it can slide frictionlessly. Let $\theta$ be the angle between $OA$ and the vertical line, $\varphi$ be the angle between the vertical plane containing $OA$ and another fixed vertical plane, and $r$ be the distance between $O$ and $P$.

1. Using $r, \theta, \varphi$ as generalized coordinates, write the Lagrangian function of the system.","Take the $z$-axis to be vertically upward and the $x$-axis horizontal, with the $x$-axis rotating around the $z$-axis along with the rod, such that the $x$-axis, $z$-axis, and the rod are always in the same vertical plane, as shown in Figure 9.56.

The moments of inertia and products of inertia of the rod about point $O$ are given by:

$$
\begin{aligned}
& I_{xx}=\frac{1}{3} M(2a \cos \theta)^{2}=\frac{4}{3} Ma^{2} \cos^{2} \theta, \\
& I_{yy}=\frac{1}{3} M(2a)^{2}=\frac{4}{3} Ma^{2}, \\
& I_{zz}=\frac{1}{3} M(2a \sin \theta)^{2}=\frac{4}{3} Ma^{2} \sin^{2} \theta, \\
& I_{xy}=I_{yz}=0, \quad I_{xz} \neq 0.
\end{aligned}
$$

However, because $\omega_{x}=0$ in this problem, we do not need to compute $I_{xz}$.

$$
\begin{aligned}
T = & \frac{1}{2}\left(I_{xx} \omega_{x}^{2} + I_{yy} \omega_{y}^{2} + I_{zz} \omega_{z}^{2} + 2 I_{xz} \omega_{x} \omega_{z}\right. \\
& \left.+ 2 I_{xy} \omega_{x} \omega_{y} + 2 I_{yz} \omega_{y} \omega_{z}\right) + \frac{1}{2} m\left(\dot{r}^{2} + r^{2} \dot{\theta}^{2} + r^{2} \sin^{2} \theta \dot{\varphi}^{2}\right)
\end{aligned}
$$

Now, considering

$$
\omega_{x}=0, \quad \omega_{y}=-\dot{\theta}, \quad \omega_{z}=\dot{\varphi}
$$

we have

$$
\begin{aligned}
T = & \frac{1}{2} m \dot{r}^{2} + \frac{1}{2}\left(m r^{2} + \frac{4}{3} M a^{2}\right)\left(\dot{\theta}^{2} + \dot{\varphi}^{2} \sin^{2} \theta\right), \\
V = & -M g a \cos \theta - m g r \cos \theta + \frac{1}{2} k(r-a)^{2}, \\
L = & T-V = \frac{1}{2} m \dot{r}^{2} + \frac{1}{2}\left(m r^{2} + \frac{4}{3} M a^{2}\right)\left(\dot{\theta}^{2} + \dot{\varphi}^{2} \sin^{2} \theta\right) \\
& + (M a + m r) g \cos \theta - \frac{1}{2} k(r-a)^{2}.
\end{aligned}
$$",\boxed{L = \frac{1}{2} m \dot{r}^{2} + \frac{1}{2}\left(m r^{2} + \frac{4}{3} M a^{2}\right)\left(\dot{\theta}^{2} + \dot{\varphi}^{2} \sin^{2} \theta\right) + (M a + m r) g \cos \theta - \frac{1}{2} k(r-a)^{2}},EX,,False,EN,Math Derivation
2341,Mechanics and Thermodynamics,Theoretical Mechanics,Lagrangian Formulation of Mechanics,"A smooth metal wire is bent into a helical shape, described by the equation $z = a\varphi, \rho = b$, where $a$ and $b$ are constants, and $\rho$, $\varphi$, and $z$ are cylindrical coordinates. The origin is the center of attraction, with the magnitude of the attraction proportional to the distance, with a proportionality constant $k$. A bead of mass $m$ slides frictionlessly on the wire. Find the $\rho$ component of the force exerted by the wire on the bead (ignoring the effect of gravity).","$$
L = \frac{1}{2} m\left(\dot{\rho}^{2} + \rho^{2} \dot{\varphi}^{2} + \dot{z}^{2}\right) \\
\rho = b, \quad \delta \rho = 0 \\
\boldsymbol{r} = \rho \boldsymbol{e}_{\rho} + z \boldsymbol{k} \\
Q_{\rho} = -k \rho \\
$$

The Lagrange equation with an undetermined multiplier is

$$
m\left(\ddot{\rho} - \rho \dot{\varphi}^{2}\right) = -k \rho + \lambda
$$

Substituting $\rho = b$ gives

$$
-m \frac{b}{a^{2}} \dot{z}^{2} = -k b + \lambda
$$

Therefore, we have

$$
F_{\rho} = \lambda = k b - \frac{m b}{a^{2}} \dot{z}^{2}
$$",\[\boxed{k b - \frac{m b}{a^{2}} \dot{z}^{2}}\],EX,,False,EN,Math Derivation
2347,Mechanics and Thermodynamics,Theoretical Mechanics,Lagrangian Formulation of Mechanics,"A particle with mass $m$ moves on a smooth plane, subject to an attractive force from a fixed point $P$ on the plane. The magnitude of the force is inversely proportional to the square of the distance from point $P$, with a proportionality constant $k$. Write the differential equation for the motion of the particle using polar coordinates.","From $\frac{\mathrm{d}}{\mathrm{d} t}\left(\frac{\partial L}{\partial \dot{r}}\right) - \frac{\partial L}{\partial r} = 0, \; \frac{\mathrm{d}}{\mathrm{d} t}\left(\frac{\partial L}{\partial \dot{\varphi}}\right) - \frac{\partial L}{\partial \varphi} = 0,$ the differential equation of motion for the particle is given by

$$
\begin{gathered}
m\left(\ddot{r} - r \dot{\varphi}^2\right) + \frac{k}{r^2} = 0, \\
\frac{\mathrm{d}}{\mathrm{d} t}\left(m r^2 \dot{\varphi}\right) = 0.
\end{gathered}
$$","\boxed{m\left(\ddot{r} - r \dot{\varphi}^2\right) + \frac{k}{r^2} = 0, \frac{\mathrm{d}}{\mathrm{d} t}\left(m r^2 \dot{\varphi}\right) = 0}","EQ, EQ","None, None",True,EN,Math Derivation
2355,Mechanics and Thermodynamics,Theoretical Mechanics,Small Vibrations of Finite System,"A solid sphere with mass $m$ and radius $r$ rolls on the inner surface of a fixed spherical shell with radius $R$. Using the expressions for kinetic energy $T$ and potential energy $V$, write down the Lagrangian $L = T - V$.","The Lagrangian is

$$
L = T - V = \frac{7}{10} m (R - r)^{2} \dot{\theta}^{2} - \frac{1}{2} m g (R - r) \theta^{2}
$$",\boxed{\frac{7}{10} m (R - r)^{2} \dot{\theta}^{2} - \frac{1}{2} m g (R - r) \theta^{2}},EX,,False,EN,Laws Application
2359,Mechanics and Thermodynamics,Theoretical Mechanics,Lagrangian Formulation of Mechanics,"If the plate described in the previous problem is a rectangular plate with side lengths of $2a$ and $2b$, and $O^{\prime}$ is at its center, with the $x^{\prime}$ and $y^{\prime}$ axes parallel to the edges of the rectangle, where the $x^{\prime}$ axis is parallel to the side with length $2a$ and the $y^{\prime}$ axis is parallel to the side with length $2b$, find the generalized force $Q_y$ of the viscous resistance.","Using the integral expression for $Q_{y}$ derived in the previous problem,

$$
Q_{y} = -4ab\alpha \dot{y}
$$",\boxed{-4ab\alpha \dot{y}},EX,,False,EN,Knowledge Recall
2360,Mechanics and Thermodynamics,Theoretical Mechanics,Lagrangian Formulation of Mechanics,"Two masses, \( m_{1} \) and \( m_{2} \), are connected by a non-stretchable lightweight rope of length \( l \), which passes through a smooth small hole on a smooth horizontal surface. \( m_{1} \) moves on the horizontal plane, while \( m_{2} \) moves along the vertical line. What initial velocity must be given to \( m_{1} \) to keep \( m_{2} \) stationary at a position \( d \) below the plane?","\( m_{1} \) must be given an initial velocity \( v_{0} \) perpendicular to the rope, so that the required centripetal force for circular motion of radius \( l-d \) matches the gravitational force acting on \( m_{2} \).

\[
\frac{m_{1} v_{0}^{2}}{l-d}=m_{2} g
\]

Therefore,

\[
v_{0}=\sqrt{\frac{m_{2} g(l-d)}{m_{1}}}
\]","\[
\boxed{\sqrt{\frac{m_{2} g(l-d)}{m_{1}}}}
\]",EX,,False,EN,Laws Application
2362,Mechanics and Thermodynamics,Theoretical Mechanics,Small Vibrations of Finite System,A particle with mass $m$ is moving on a smooth parabola $z=\frac{1}{a} x^{2}$ (where $a$ is a constant and the $z$-axis is oriented vertically upwards) within a vertical plane. Derive the differential equation of motion for small oscillations about the equilibrium position and solve it.,"From

$$
\frac{\mathrm{d}}{\mathrm{d} t}\left(\frac{\partial L}{\partial \dot{x}}\right)-\frac{\partial L}{\partial x}=0
$$

we obtain the differential equation of motion:

$$
\left(1+\frac{4 x^{2}}{a^{2}}\right) \ddot{x}+\frac{2 g}{a} x=0.
$$

At the equilibrium position, $\ddot{x}=0$ or $\frac{\partial V}{\partial x}=0$, we find that $x=0$ is the equilibrium position, and $\left.\frac{\partial^{2} V}{\partial x^{2}}\right|_{x=0}=\frac{2}{a} m g>0$, indicating that $x=0$ is a stable equilibrium position.

Near the equilibrium position, since $x$ and $\ddot{x}$ are both first-order small quantities, retaining only the first-order small terms, the differential equation of motion can be approximated as:

$$
\begin{array}{r}
\ddot{x}+\frac{2 g}{a} x=0, \\
x=A \cos \left(\sqrt{\frac{2 g}{a}} t+\alpha\right).
\end{array}
$$

Here, $A$ and $\alpha$ are integration constants determined by initial conditions.",\boxed{x = A \cos \left(\sqrt{\frac{2 g}{a}} t+\alpha\right)},EQ,,False,EN,Math Derivation
2369,Mechanics and Thermodynamics,Theoretical Mechanics,Lagrangian Formulation of Mechanics,"If the plate described in the previous problem is a rectangular plate with side lengths of $2a$ and $2b$, and $O^{\prime}$ is located at its center, with the $x^{\prime}$ and $y^{\prime}$ axes parallel to the sides of the rectangle, the $x^{\prime}$ axis parallel to the side of length $2a$, and the $y^{\prime}$ axis parallel to the side of length $2b$, find the generalized force $Q_x$ of the viscous resistance.","Using the integral expression for $Q_{x}$ derived in the previous problem,

$$
\begin{aligned}
Q_{x} &= -\alpha \int_{-b}^{b} \mathrm{d}y^{\prime} \int_{-a}^{a} \left( \dot{x} - x^{\prime} \dot{\varphi} \sin \varphi - y^{\prime} \dot{\varphi} \cos \varphi \right) \mathrm{d}x^{\prime} \\
&= -\alpha \int_{-b}^{b} \left( 2a \dot{x} - \left. \frac{1}{2} x^{\prime 2} \right|_{-a}^{a} \dot{\varphi} \sin \varphi - 2a y^{\prime} \dot{\varphi} \cos \varphi \right) \mathrm{d}y^{\prime} \\
&= -\alpha \left( 4ab \dot{x} - \left. a y^{\prime 2} \right|_{-b}^{b} \dot{\varphi} \cos \varphi \right) = -4ab\alpha \dot{x}
\end{aligned}
$$",\boxed{-4ab\alpha \dot{x}},EX,,False,EN,Math Derivation
2373,Mechanics and Thermodynamics,Theoretical Mechanics,Small Vibrations of Finite System,"Using the following form of a particular solution, find the eigenvalues and eigenvectors for symmetric vibration:

\[
\begin{gathered}
\ddot{q}_{1}+4 q_{1}-q_{2}=0 \\
\ddot{q}_{2}+5 q_{2}-q_{1}-q_{3}=0 \\
\ddot{q}_{3}+4 q_{3}-q_{2}=0
\end{gathered}
\]

Assume the particular solution is: \(q_{j}=u_{j} e^{i \omega t}\)","Substituting the particular solution \(q_{j}=u_{j} e^{i \omega t}\) into the differential equations of motion, we obtain the linear system:

\[
\begin{aligned}
(4-\omega^{2}) u_{1}-u_{2}&=0 \\
-u_{1}+(5-\omega^{2}) u_{2}-u_{3}&=0 \\
-u_{2}+(4-\omega^{2}) u_{3}&=0
\end{aligned}
\]

The characteristic equation is

\[
\left|\begin{array}{ccc}
4-\omega^{2} & -1 & 0 \\
-1 & 5-\omega^{2} & -1 \\
0 & -1 & 4-\omega^{2}
\end{array}\right|=0
\]

This yields the eigenvalues

\[
\omega_{1}=\sqrt{3}, \quad \omega_{2}=2, \quad \omega_{3}=\sqrt{6}.
\]","\boxed{\omega_{1}=\sqrt{3}, \omega_{2}=2, \omega_{3}=\sqrt{6}}","NV, NV, NV","None, None, None",True,EN,Math Derivation
2375,Mechanics and Thermodynamics,Theoretical Mechanics,Hamiltonian Formulation of Mechanics,"A particle with unit mass moves along the \( x \)-axis under the external force \( F=-(x+t) \). At \( t=0.5 \), solve for and compare the exact solution and the Ritz method approximate solution of the motion.","At \( t=0.5 \), the exact solution is \( x=0.0607 \), and the approximate solution is \( x=0.0694 \).","\boxed{0.0607, 0.0694}","NV, NV","None, None",True,EN,Math Derivation
2379,Mechanics and Thermodynamics,Theoretical Mechanics,Lagrangian Formulation of Mechanics,"In a Cartesian coordinate system rotating with a constant angular velocity \(\omega\) about the \(z\)-axis relative to an inertial frame, a particle of mass \(m\) moves under the force derived from the potential energy \(V(x, y, z)\). Using \(x, y, z\) as generalized coordinates, find the Lagrangian equations and prove that these equations are identical to the motion differential equations in the inertial frame where the particle experiences a force \(-\nabla V\) and another force derived from a generalized potential \(U\). Write down this generalized potential \(U\).","Calculate the derivatives:

\[
\frac{\partial L}{\partial \dot{x}} = m \dot{x} - m \omega y, \quad \frac{\partial L}{\partial x} = m \omega^2 x + m \omega \dot{y} - \frac{\partial V}{\partial x}
\]

\[
\frac{\partial L}{\partial \dot{y}} = m \dot{y} + m \omega x, \quad \frac{\partial L}{\partial y} = m \omega^2 y - m \omega \dot{x} - \frac{\partial V}{\partial y}
\]

\[
\frac{\partial L}{\partial \dot{z}} = m \dot{z}, \quad \frac{\partial L}{\partial z} = -\frac{\partial V}{\partial z}
\]

From the Lagrangian equations:

\[
\begin{gathered}
m \ddot{x} = -\frac{\partial V}{\partial x} + m \omega^2 x + 2 m \omega \dot{y} \\
m \ddot{y} = -\frac{\partial V}{\partial y} + m \omega^2 y - 2 m \omega \dot{x} \\
m \ddot{z} = -\frac{\partial V}{\partial z}
\end{gathered}
\]

By comparing the Lagrangian function in non-inertial and inertial frames, find \(U\):

\[
U = -\frac{1}{2} m \omega^2 (x^2 + y^2) - m \omega (x \dot{y} - y \dot{x})
\]

The generalized force derived from the generalized potential is:

\[
Q_x = m \omega^2 x + 2 m \omega \dot{y}, \quad Q_y = m \omega^2 y - 2 m \omega \dot{x}, \quad Q_z = 0
\]

These generalized forces are precisely caused by centrifugal and Coriolis forces.",\boxed{U = -\frac{1}{2} m \omega^2 (x^2 + y^2) - m \omega (x \dot{y} - y \dot{x})},EQ,,False,EN,Math Derivation
2383,Mechanics and Thermodynamics,Theoretical Mechanics,Hamiltonian Formulation of Mechanics,"Given a small-angle pendulum, use the Euler-Lagrange equation to find its equation of motion and its period.","Let $\tau = t$,

$$
\begin{aligned}
& \frac{\partial F}{\partial \dot{\theta}} = \sqrt{2 I} \cdot \sqrt{E - \frac{1}{2} m g l \theta^2} = \sqrt{2 I} \sqrt{T} = I \dot{\theta} \\
& \frac{\partial F}{\partial \theta} = \sqrt{2 I} \dot{\theta} \frac{\left(-\frac{1}{2} m g l\right) \cdot 2 \theta}{2 \sqrt{E - \frac{1}{2} m g l \theta^2}} = -\sqrt{2 I} \dot{\theta} \frac{m g l \theta}{2 \sqrt{\frac{1}{2} \dot{\theta}^2}} = -m g l \theta
\end{aligned}
$$

From $\frac{\mathrm{d}}{\mathrm{d} t}\left(\frac{\partial F}{\partial \dot{\theta}}\right) - \frac{\partial F}{\partial \theta} = 0$, we obtain

$$
I \ddot{\theta} + m g l \theta = 0
$$

The period is

$$
\begin{gathered}
\omega = \sqrt{\frac{m g l}{I}} \\
\frac{2 \pi}{\omega} = 2 \pi \sqrt{\frac{I}{m g l}}
\end{gathered}
$$","\boxed{I \ddot{\theta} + m g l \theta = 0, 2\pi \sqrt{\frac{I}{mgl}}}","EQ, EX",,True,EN,Math Derivation
2385,Mechanics and Thermodynamics,Theoretical Mechanics,Lagrangian Formulation of Mechanics,"A smooth metal wire is bent into a helical shape with the equation $z=a \varphi, \rho=b$, where $a$ and $b$ are constants, and $\rho, \varphi, z$ are cylindrical coordinates. The origin is the center of attraction, and the gravitational force is proportional to the distance, with proportionality constant $k$. A bead with mass $m$ slides on the wire without friction. Find the $\varphi$ component of the force exerted by the wire on the bead (neglecting the effect of gravity).","$$
L=\frac{1}{2} m\left(\dot{\rho}^{2}+\rho^{2} \dot{\varphi}^{2}+\dot{z}^{2}\right) \\
\rho=b, \quad \delta \rho=0 \\
z=a \varphi, \quad \delta z-a \delta \varphi=0 \\
\boldsymbol{r}=\rho \boldsymbol{e}_{\rho}+z \boldsymbol{k} \\
$$

The Lagrange equation with an undetermined multiplier is

$$
m\left(\rho^{2} \ddot{\varphi}+2 \rho \dot{\rho} \dot{\varphi}\right)=-a \mu
$$

Using $\rho=b$ and $z=a \varphi$, we get

$$
m \frac{b^{2}}{a} \ddot{z} =-a \mu
$$

Thus, the $\varphi$ component of the force is

$$
F_{\varphi}=-\frac{a}{b} \mu=-\frac{a}{b}\left(-m \frac{b^{2}}{a^{2}} \ddot{z}\right)=\frac{m b}{a} \ddot{z}
$$",\boxed{\frac{m b}{a} \ddot{z}},EX,,False,EN,Math Derivation
2387,Mechanics and Thermodynamics,Theoretical Mechanics,Lagrangian Formulation of Mechanics,"A smooth metal wire is shaped into a helical line, described by the equation \( z = a \varphi, \rho = b \), where \( a \) and \( b \) are constants, and \( \rho \), \( \varphi \), and \( z \) are cylindrical coordinates. The origin is the center of gravitational attraction, and the gravitational force is proportional to the distance, with a proportionality constant \( k \). A bead of mass \( m \) slides frictionlessly along the wire. Find the \( z \)-component of the force exerted by the wire on the bead (disregarding the effect of gravity).","\[
L = \frac{1}{2} m \left( \dot{\rho}^2 + \rho^2 \dot{\varphi}^2 + \dot{z}^2 \right)
\]
\[
\rho = b, \quad \delta \rho = 0
\]
\[
z = a \varphi, \quad \delta z - a \delta \varphi = 0
\]
\[
\boldsymbol{r} = \rho \boldsymbol{e}_{\rho} + z \boldsymbol{k}
\]
\[
Q_z = -k z
\]

The Lagrange equation with an undetermined multiplier is
\[
m \ddot{z} = -k z + \mu
\]

After eliminating \(\mu\), we obtain
\[
m \left(1 + \frac{b^2}{a^2}\right) \ddot{z} + k z = 0
\]

The solution is
\[
z = A \cos (\omega t + \alpha)
\]

where \(\omega = a \sqrt{\frac{k}{m\left(a^2 + b^2\right)}}\), and \( A \) and \(\alpha\) are determined by the initial conditions. Finally, we have
\[
F_z = \mu = m \ddot{z} + k z
\]

Substitute \( z(t) \) to obtain the relationship between \( F_z \) and \( t \).",\boxed{F_z = 0},EQ,,False,EN,
2388,Mechanics and Thermodynamics,Theoretical Mechanics,Lagrangian Formulation of Mechanics,"As shown in Figure 9.33, a homogeneous garage door $AB$ has a mass of $m$ and a length of $2r$. Side $A$ can move along a smooth horizontal groove, and each end of side $B$ is connected to a spring. The natural length of the springs is $r-a$, meaning that when $\theta=\pi$, the springs are unstrained. Side $B$ is hinged to the crank $OB$, where $OB=r$ and its mass is negligible. The crank $OB$ can rotate around a fixed point $O$. To ensure the door closes smoothly when it reaches the vertical position ($\theta=0$), what should the spring constant $k$ be?

Method 2: Find $k$ using $\left.\frac{\mathrm{d}^{2}V}{\mathrm{~d}\theta^{2}}\right|_{\theta=0}=0$.","Previously, it was derived that

$$
\begin{aligned}
\frac{\mathrm{d}V}{\mathrm{~d}\theta}= & -2kar\sin\theta\left(1-\frac{r-a}{\sqrt{r^{2}+a^{2}+2ra\cos\theta}}\right)+\frac{1}{2}mgr\sin\theta, \\
\frac{\mathrm{~d}^{2}V}{\mathrm{~d}\theta^{2}}= & -2kar\cos\theta\left(1-\frac{r-a}{\sqrt{r^{2}+a^{2}+2ra\cos\theta}}\right) \\
& +2kar\sin\theta \frac{\mathrm{~d}}{\mathrm{~d}\theta}\left(\frac{r-a}{\sqrt{r^{2}+a^{2}+2ra\cos\theta}}\right)+\frac{1}{2}mgr\cos\theta.
\end{aligned}
$$

Given $\left.\frac{\mathrm{d}^{2}V}{\mathrm{~d}\theta^{2}}\right|_{\theta=0}=0$, solve for

$$
\begin{gathered}
-2kar\left(1-\frac{r-a}{r+a}\right)+\frac{1}{2}mgr=0, \\
k=\frac{mg(r+a)}{8a^2}.
\end{gathered}
$$",\boxed{\frac{mg(r+a)}{8a^2}},NV,,False,EN,Math Derivation
2389,Mechanics and Thermodynamics,Theoretical Mechanics,Small Vibrations of Finite System,"A small object with mass $m$ and charge $q$ is constrained to move without friction on the inner surface of a conical surface with an apex angle of $2 \alpha$. A charge $-q$ is fixed at the apex of the cone. Gravity is neglected, and it is assumed that $v \ll c$ (the speed of light), so radiation can be ignored. For an equilibrium orbit where $\ddot{r} = 0, r = r_{0}, \dot{\varphi} = \dot{\varphi}_{0}$, find the relation.","For an equilibrium orbit, where $\ddot{r} = 0, r = r_{0}, \dot{\varphi} = \dot{\varphi}_{0}$, we have

$$ 
m r^{2} \dot{\varphi} = J \text{ (constant) }
$$

leading to

$$
m r_{0} \dot{\varphi}_{0}^{2} = \frac{q^{2}}{4 \pi \varepsilon_{0}} \cdot \frac{\sin \alpha}{r_{0}^{2}}
$$",\boxed{m r_{0} \dot{\varphi}_{0}^{2} = \frac{q^{2}}{4 \pi \varepsilon_{0}} \cdot \frac{\sin \alpha}{r_{0}^{2}}},EQ,,False,EN,Laws Application
2391,Mechanics and Thermodynamics,Theoretical Mechanics,Hamiltonian Formulation of Mechanics,"Use the Hamilton-Jacobi equation to find the motion of the system with the Hamiltonian function \( H = p^{2} - q \) using Method 1:

Method 1: Use

\[
H\left(\boldsymbol{x}, -\frac{\partial W}{\partial \boldsymbol{x}}\right)=h
\]

Let \( x = p \), then \( y = -q \), and take the negative sign before \(\frac{\partial W}{\partial x}\) in the above equation.","\[
\begin{gathered}
p^{2} + \frac{\mathrm{d} W}{\mathrm{~d} p} = h \\
\frac{\mathrm{d} W}{\mathrm{~d} p} = h - p^{2}, \quad W = hp - \frac{1}{3} p^{3} \\
S = -ht + W = -ht + hp - \frac{1}{3} p^{3} \\
-q = \frac{\partial S}{\partial p} = h - p^{2} \\
\beta = \frac{\partial S}{\partial h} = -t + p
\end{gathered}
\]

\[
\begin{gathered}
p = t + \beta \\
q = p^{2} - h = (t + \beta)^{2} - h
\end{gathered}
\]","\boxed{p = t + \beta, q = (t + \beta)^2 - h}",EQ,,True,EN,Math Derivation
2392,Mechanics and Thermodynamics,Theoretical Mechanics,Lagrangian Formulation of Mechanics,"A spherical pendulum consists of a particle with mass \(m\), suspended from a fixed point by an inextensible light string of length \(l\), with the particle constrained to move on the surface of a sphere. For small amplitude vibrations near \(\theta_{0}\), determine the angular frequency of vibration.","The Lagrangian is given by:

\[ 
L=\frac{1}{2} m l^{2}\left(\dot{\theta}^{2}+\dot{\varphi}^{2} \sin^{2} \theta\right)+mgl\cos \theta 
\]

Applying the Euler-Lagrange equation \(\frac{\mathrm{d}}{\mathrm{d} t}\left(\frac{\partial L}{\partial \dot{\theta}}\right)-\frac{\partial L}{\partial \theta}=0\), we obtain

\[
l \ddot{\theta} - l \dot{\varphi}^2 \sin \theta \cos \theta + g \sin \theta = 0
\]

From \(\frac{\partial L}{\partial \varphi}=0\), it follows that \(\frac{\partial L}{\partial \dot{\varphi}}\) is a constant:

\[
\dot{\varphi} \sin^2 \theta = \sqrt{\frac{g}{l \cos \theta_{0}}} \sin^2 \theta_{0}
\]

Using this to eliminate \(\dot{\varphi}\) from the previous expression, we acquire

\[
\ddot{\theta} - \frac{g}{l \cos \theta_{0}} \frac{\sin^4 \theta_{0}}{\sin^3 \theta} \cos \theta + \frac{g}{l} \sin \theta = 0
\]

Expanding \(\sin \theta\) and \(\cos \theta\) using Taylor series at \(\theta_{0}\) and retaining only the first-order terms, let \(\Delta \theta = \theta - \theta_{0}\),

\[
\begin{aligned}
\sin \theta & \approx \sin \theta_{0} + \cos \theta_{0} \cdot \Delta \theta \\
\cos \theta & \approx \cos \theta_{0} - \sin \theta_{0} \Delta \theta \\
\sin^{-3} \theta & \approx \left(\sin \theta_{0} + \cos \theta_{0} \Delta \theta\right)^{-3} \\
& = \sin^{-3} \theta_{0} \left(1 + \operatorname{ctg} \theta_{0} \Delta \theta\right)^{-3} \approx \sin^{-3} \theta_{0} \left(1 - 3 \operatorname{ctg} \theta_{0} \Delta \theta\right)
\end{aligned}
\]

Substituting back into equation (1), we find

\[
\begin{gathered}
\ddot{\theta} = \frac{\mathrm{d}^2}{\mathrm{d} t^2} \left(\theta_{0} + \Delta \theta\right) = \frac{\mathrm{d}^2 (\Delta \theta)}{\mathrm{d} t^2} \\
\frac{\mathrm{d}^2 (\Delta \theta)}{\mathrm{d} t^2} + \frac{g\left(1+3 \cos^2 \theta_{0}\right)}{l \cos \theta_{0}} \Delta \theta = 0
\end{gathered}
\]

The angular frequency of the small-amplitude vibration of the particle about \(\theta = \theta_{0}\) is

\[
\omega = \sqrt{\frac{g\left(1+3 \cos^2 \theta_{0}\right)}{l \cos \theta_{0}}}
\]",\[\boxed{\omega=\sqrt{\frac{g\left(1+3 \cos ^{2} \theta_{0}\right)}{l \cos \theta_{0}}}}\],EQ,,False,EN,Math Derivation
2395,Mechanics and Thermodynamics,Theoretical Mechanics,Hamiltonian Formulation of Mechanics,"Use the Hamilton-Jacobi equation to determine the motion of a system where the Hamiltonian function is \( H = p^{2} - q \), utilizing Method 2:

Method 2: When using \( H\left(x, \frac{\partial W}{\partial \boldsymbol{x}}\right) = h \), take \( x = q \), then \( y = p \), and choose the positive sign for \(\frac{\partial W}{\partial x}\).","\[
\begin{gathered}
\left(\frac{\mathrm{d} W}{\mathrm{~d} q}\right)^{2} - q = h \\
\frac{\mathrm{d} W}{\mathrm{~d} q} = \sqrt{q + h} \\
W = \int \sqrt{q + h} \, \mathrm{d} q = \frac{2}{3}(q + h)^{3/2} \\
S = -ht + W = -ht + \frac{2}{3}(q + h)^{3/2} \\
\beta = \frac{\partial S}{\partial h} = -t + (q + h)^{1/2} \\
q + h = (t + \beta)^{2}, \quad q = (t + \beta)^{2} - h
\end{gathered}
\]",\(\boxed{q=(t+\beta)^{2}-h}\),EQ,,False,EN,Math Derivation
2397,Mechanics and Thermodynamics,Theoretical Mechanics,Hamiltonian Formulation of Mechanics,"Using the known conserved quantity $p_{\varphi}$, solve for the Routhian $R$ and write the differential equation of motion for the $\rho$ coordinate.","$$
R = p_{\varphi} \dot{\varphi} - L = \frac{1}{2 m \rho^{2}} p_{\varphi}^{2} - \frac{1}{2} m \left(1 + 4 \rho^{2}\right) \dot{\rho}^{2} + m g \rho^{2}
$$

$$
\frac{\partial R}{\partial \dot{\rho}} = -m \left(1 + 4 \rho^{2}\right) \dot{\rho}
$$

$$
\frac{\mathrm{d}}{\mathrm{d} t}\left(\frac{\partial R}{\partial \dot{\rho}}\right) = -m \left(1 + 4 \rho^{2}\right) \ddot{\rho} - 8 m \rho \dot{\rho}^{2}
$$

$$
\frac{\partial R}{\partial \rho} = -\frac{1}{m \rho^{3}} p_{\varphi}^{2} - 4 m \rho \dot{\rho}^{2} + 2 m g \rho
$$

Substituting $p_{\varphi} = m C$, we get

$$
\frac{\partial R}{\partial \rho} = -m C^{2} \rho^{-3} - 4 m \rho \dot{\rho}^{2} + 2 m g \rho
$$

From $\frac{\mathrm{d}}{\mathrm{d} t}\left(\frac{\partial R}{\partial \dot{\rho}}\right) - \frac{\partial R}{\partial \rho} = 0$, we obtain

$$
\left(1 + 4 \rho^{2}\right) \ddot{\rho} + 4 \rho \dot{\rho}^{2} - C^{2} \rho^{-3} + 2 g \rho = 0
$$

where $C = \rho^{2} \dot{\varphi}$ is a constant determined by initial conditions.",\boxed{\left(1 + 4 \rho^{2}\right) \ddot{\rho} + 4 \rho \dot{\rho}^{2} - C^{2} \rho^{-3} + 2 g \rho = 0},EQ,,False,EN,Math Derivation
2400,Mechanics and Thermodynamics,Theoretical Mechanics,Lagrangian Formulation of Mechanics,"If the plate described in the previous problem is a rectangular plate with side lengths $2a$ and $2b$, and $O^{\prime}$ is taken at its center, with the $x^{\prime}$ and $y^{\prime}$ axes parallel to the sides of the rectangle, the $x^{\prime}$ axis parallel to the side of length $2a$, and the $y^{\prime}$ axis parallel to the side of length $2b$, find the generalized force $Q_{\varphi}$ of the viscous resistance.","Using the integral expression for $Q_{\varphi}$ derived in the previous problem,

$$
\begin{aligned}
Q_{\varphi} &= -\alpha \int_{-b}^{b} \mathrm{d}y^{\prime} \int_{-a}^{a} \left[ \left( x^{\prime 2} + y^{\prime 2} \right) \dot{\varphi} + \left( \dot{y} x^{\prime} - \dot{x} y^{\prime} \right) \cos \varphi \right. \\
& \left. - \left( \dot{x} x^{\prime} + \dot{y} y^{\prime} \right) \sin \varphi \right] \mathrm{d}x^{\prime} \\
&= -\alpha \int_{-b}^{b} \left[ \left( \frac{1}{3} x^{\prime 3} \bigg|_{-a}^{a} + 2a y^{\prime 2} \right) \dot{\varphi} + \left( \frac{1}{2} \dot{y} x^{\prime 2} \bigg|_{-a}^{a} - 2a \dot{x} y^{\prime} \right) \cos \varphi \right. \\
& \left. - \left( \frac{1}{2} \dot{x} x^{\prime 2} \bigg|_{-a}^{a} + 2a \dot{y} y^{\prime} \right) \sin \varphi \right] \mathrm{d}y^{\prime} \\
&= -\alpha \left[ \left( \frac{2}{3} a^{3} \cdot 2b + \frac{2}{3} a \cdot 2b^{3} \right) \dot{\varphi} \right] \\
&= -\frac{4}{3} \alpha ab \left( a^{2} + b^{2} \right) \dot{\varphi}
\end{aligned}
$$","\[
\boxed{-\frac{4}{3} \alpha ab \left( a^{2} + b^{2} \right) \dot{\varphi}}
\]",EX,,False,EN,Math Derivation
2404,Mechanics and Thermodynamics,Theoretical Mechanics,Lagrangian Formulation of Mechanics,"A uniform rod \(PQ\), each with mass \(m\) and length \(2a\), is connected at point \(Q\) by a frictionless hinge to another uniform rod \(QR\). Initially, they are placed in a straight line on a smooth table. A horizontal impulse \(I\) perpendicular to \(PQ\) is applied at the end \(P\) of \(PQ\). Determine the initial velocity of the center of mass and the initial angular velocity of the rod \(PQ\).","Regarding the coordinates of the center of mass of rod \(PQ\), \(x_1, y_1\), since the resulting \(\dot{x}_1, \dot{y}_1\) are independent of the rod length, the results are exactly the same as the previous problem. Since no impulse is received in the \(x\)-direction, using vector mechanics, the conservation of momentum in the \(x\)-direction can reduce the degree of freedom.","\boxed{\frac{I}{m}, \frac{3I}{2ma}}",NV,,True,EN,Laws Application
2408,Mechanics and Thermodynamics,Theoretical Mechanics,Lagrangian Formulation of Mechanics,"If in problem 9.1.10 the resistance between the magnet and the thin iron plate is proportional to the square of the relative speed, find \( Q_{y_2} \).","The resistance experienced by the magnetic rod is

$$
- \alpha_1 \left| \dot{y}_1 \right| \dot{y}_1 = -4 \alpha_1 \left| \dot{y}_1 \right| \dot{y}_1
$$

The resistance experienced by magnetic pole \( A \) is

$$
-\alpha_2 \left| \dot{y}_2 - 2\dot{y}_1 \right| \left( \dot{y}_2 - 2\dot{y}_1 \right)
$$

The resistance experienced by magnetic pole \( B \) is

$$
\alpha_3 \left| 2\dot{y}_1 + \dot{y}_2 \right| \left( 2\dot{y}_1 + \dot{y}_2 \right)
$$

Finally, \( Q_{y_2} \) is obtained as:

$$
Q_{y_2} = -\alpha_2 \left| \dot{y}_2 - 2 \dot{y}_1 \right| (\dot{y}_2 - 2\dot{y}_1) - \alpha_3 \left| 2 \dot{y}_1 + \dot{y}_2 \right| (2 \dot{y}_1 + \dot{y}_2)
$$",\boxed{-\alpha_2 \left| \dot{y}_2 - 2 \dot{y}_1 \right| (\dot{y}_2 - 2\dot{y}_1) - \alpha_3 \left| 2 \dot{y}_1 + \dot{y}_2 \right| (2 \dot{y}_1 + \dot{y}_2)},EX,,False,EN,Math Derivation
2410,Mechanics and Thermodynamics,Theoretical Mechanics,Lagrangian Formulation of Mechanics,"A massless spring with natural length $l_{0}$ and stiffness constant $k$ is fixed at one end, with the other end connected to a particle of mass $m$. In the presence of gravity, it is constrained to move within a vertical plane. Using $\varphi$ and $\lambda=\frac{r-r_{0}}{r_{0}}$ (where $r_{0}$ is the length of the spring when in static equilibrium) as generalized coordinates, write the Lagrangian function.","The kinetic energy $T$ is given by:
\[ T=\frac{1}{2} m\left(\dot{r}^{2}+r^{2} \dot{\varphi}^{2}\right). \]

Using the substitution:
\[ \lambda=\frac{r-r_{0}}{r_{0}}, \quad r=r_{0} \lambda+r_{0}, \quad \dot{r}=r_{0} \dot{\lambda}, \]

we can rewrite the kinetic energy as:
\[ T=\frac{1}{2} m r_{0}^{2}\left[\dot{\lambda}^{2}+(\lambda+1)^{2} \dot{\varphi}^{2}\right]. \]

The potential energy $V$ is:
\[ V=-m g r \cos \varphi+m g r_{0}+\frac{1}{2} k\left(r-l_{0}\right)^{2}-\frac{1}{2} k\left(r_{0}-l_{0}\right)^{2}. \]

Substituting for $r$:
\[ V=-m g\left(r_{0} \lambda+r_{0}\right) \cos \varphi+m g r_{0}+\frac{1}{2} k\left(r_{0} \lambda+r_{0}-l_{0}\right)^{2}-\frac{1}{2} k\left(r_{0}-l_{0}\right)^{2}. \]

Simplifying, we get:
\[ V=-m g\left(r_{0} \lambda+r_{0}\right) \cos \varphi+m g r_{0}+\frac{1}{2} k r_{0}^{2} \lambda^{2}+k r_{0}\left(r_{0}-l_{0}\right) \lambda. \]

Thus, the Lagrangian $L = T - V$ is:
\[ 
L= \frac{1}{2} m r_{0}^{2}\left[\dot{\lambda}^{2}+(\lambda+1)^{2} \dot{\varphi}^{2}\right]+m g\left(r_{0} \lambda+r_{0}\right) \cos \varphi -m g r_{0}-\frac{1}{2} k r_{0}^{2} \lambda^{2}-k r_{0}\left(r_{0}-l_{0}\right) \lambda. 
\]

Here, the equilibrium condition is used:
\[ k\left(r_{0}-l_{0}\right)=m g. \]",\boxed{\frac{1}{2} m r_{0}^{2}\left[\dot{\lambda}^{2}+(\lambda+1)^{2} \dot{\varphi}^{2}\right]+m g\left(r_{0} \lambda+r_{0}\right) \cos \varphi -m g r_{0}-\frac{1}{2} k r_{0}^{2} \lambda^{2}-k r_{0}\left(r_{0}-l_{0}\right) \lambda},EX,,False,EN,Math Derivation
2411,Mechanics and Thermodynamics,Theoretical Mechanics,Small Vibrations of Finite System,"Two metallic small spheres, each with mass \( m \) and charge \( e \), are connected by a light, inextensible insulating string of the same length \( l \), placed on the same horizontal line. The suspension points are separated by a distance \( a \). The task is to determine the equilibrium positions when the spheres undergo small oscillations near their equilibrium positions.","The linear terms of \(\theta_{1}, \theta_{2}\) appearing in the potential energy function are the cause of the non-homogeneous terms in the second-order differential equation. This occurs because \(\theta_{1}=0, \theta_{2}=0\) are not the equilibrium positions. The equilibrium positions \(\theta_{10}, \theta_{20}\) are a specific particular solution to this non-homogeneous equation, satisfying the following algebraic equations:

\[
\left(\frac{g}{l}+\frac{e^{2}}{\pi \varepsilon_{0} m a^{3}}\right) \theta_{10}-\frac{e^{2}}{\pi \varepsilon_{0} m a^{3}} \theta_{20}+\frac{e^{2}}{4 \pi \varepsilon_{0} m l a^{2}}=0
\]

\[
\left(\frac{g}{l}+\frac{e^{2}}{\pi \varepsilon_{0} m a^{3}}\right) \theta_{20}-\frac{e^{2}}{\pi \varepsilon_{0} m a^{3}} \theta_{10}-\frac{e^{2}}{4 \pi \varepsilon_{0} m l a^{2}}=0
\]

Due to symmetry, we know that \(\theta_{20}=-\theta_{10}\), which gives:

\[
\theta_{20}=-\theta_{10}=\frac{e^{2} a}{4\left(\pi \varepsilon_{0} m a^{3} g+2 e^{2} l\right)}
\]",\boxed{\theta_{10}=-\theta_{20}=\frac{e^{2} a}{4\left(\pi \varepsilon_{0} m a^{3} g+2 e^{2} l\right)}},EX,,False,EN,Math Derivation
2412,Mechanics and Thermodynamics,Theoretical Mechanics,Hamiltonian Formulation of Mechanics,"A particle with mass $m$ slides under the influence of gravity on the surface $z = x^2 + y^2$, with the $z$-axis oriented vertically upwards. Using cylindrical coordinates, where $z = \rho^2$, derive the Lagrangian function $L$ for a particle of mass $m$.","$$
\begin{gathered}
L = \frac{1}{2} m \left(\dot{\rho}^{2} + \rho^{2} \dot{\varphi}^{2} + \dot{z}^{2}\right) - m g z \\
z = \rho^{2}, \quad \dot{z} = 2 \rho \dot{\rho} \\
L = \frac{1}{2} m \left(\dot{\rho}^{2} + \rho^{2} \dot{\varphi}^{2} + 4 \rho^{2} \dot{\rho}^{2}\right) - m g \rho^{2}
\end{gathered}
$$",\(\boxed{\frac{1}{2} m \left(\dot{\rho}^{2} + \rho^{2} \dot{\varphi}^{2} + 4 \rho^{2} \dot{\rho}^{2}\right) - m g \rho^{2}}\),EX,,False,EN,Math Derivation
2415,Mechanics and Thermodynamics,Theoretical Mechanics,Lagrangian Formulation of Mechanics,"A particle with mass $m$ is subjected to a force $\boldsymbol{F}=F_{x} \boldsymbol{i}+F_{y} \boldsymbol{j}+F_{z} \boldsymbol{k}$ and a nonholonomic constraint $\dot{x}-t \dot{y}=a$, where $a$ is a constant. Determine the equations of motion, especially the equations of motion after eliminating the Lagrange multiplier $\lambda$.","$$
\begin{gathered}
L = T = \frac{1}{2} m\left(\dot{x}^{2}+\dot{y}^{2}+\dot{z}^{2}\right) \\
Q_{x} = F_{x}, \quad Q_{y} = F_{y}, \quad Q_{z} = F_{z} \\
\dot{x} - t \dot{y} = a \\
\mathrm{d}x - t \mathrm{d}y = a \mathrm{d}t \\
\delta x - t \delta y = 0
\end{gathered}
$$

The equations of motion are

\begin{gather*}
m \ddot{x} = F_{x} + \lambda \tag{1} \\
m \ddot{y} = F_{y} - \lambda t \tag{2} \\
m \ddot{z} = F_{z} \tag{3} \\
\dot{x} - t \dot{y} = a \tag{4}
\end{gather*}

Eliminating $\lambda$ from the first two equations, we obtain

\begin{equation*}
m t \ddot{x} + m \ddot{y} = F_{x} t + F_{y} \tag{5}
\end{equation*}

The equations of motion can be expressed using equations (5), (3), and (4).","\boxed{m t \ddot{x} + m \ddot{y} = F_{x} t + F_{y}, m \ddot{z} = F_{z}, \dot{x} - t \dot{y} = a}",EX,"\text{None, None, None}",True,EN,Math Derivation
2416,Mechanics and Thermodynamics,Theoretical Mechanics,Lagrangian Formulation of Mechanics,"The radius \( r \) of a soap bubble changes with time according to the formula \( r = a t + b \) (where \( a, b \) are constants). A particle with mass \( m \) remains on the surface and moves along it. At \( t=0 \), the particle is given a tangential velocity \( v \). Disregarding the influence of gravity, determine the motion of the particle.","Using spherical coordinates, place the particle at \( \theta=\frac{\pi}{2}, \varphi=0, v=b \dot{\varphi}_0 \) at \( t=0 \).

Constraint equations:

\[
r = a t + b, \quad \dot{r} = a, \quad \delta r = 0
\]

Assume that at any moment \(\theta=\frac{\pi}{2}\) (at t=0, \(\theta=\frac{\pi}{2}\)), substitute into the Lagrangian equation:

\[
r^{2} \dot{\varphi} \sin^{2} \theta = m b^{2} \sin^{2} \frac{\pi}{2} \cdot \frac{v}{b}
\]

Substitute \(\theta=\frac{\pi}{2}\) to obtain:

\[
r^{2} \dot{\varphi} = b v
\]

Integrating gives:

\[
\int_{0}^{\varphi} \mathrm{d} \varphi = \int \frac{b v}{r^{2}} \mathrm{d} t = \int_{0}^{t} \frac{b v}{(a t+b)^{2}} \mathrm{d} t
\]

The result is:

\[
\varphi = \frac{v}{a}\left(1-\frac{b}{r}\right)
\]

The motion of the particle can be summarized as follows:

\[
r = a t + b, \quad \theta = \frac{\pi}{2}, \quad \varphi = \frac{v}{a}\left(1-\frac{b}{r}\right)
\]","\boxed{r = a t + b, \theta = \frac{\pi}{2}, \varphi = \frac{v}{a}\left(1-\frac{b}{r}\right)}","EQ, EX, EX","None, None, None",True,EN,Math Derivation
2417,Mechanics and Thermodynamics,Theoretical Mechanics,Hamiltonian Formulation of Mechanics,"A particle is moving under the influence of gravity on the smooth inner surface of a rotating paraboloid whose axis of symmetry is vertical. If \(\frac{\mathrm{d} \varphi}{\mathrm{d} t}=0\), prove that the particle can perform small oscillations around the lowest point of the paraboloid, and find the angular frequency of these small oscillations.","When \(\dot{\varphi} = 0\), and the particle makes small oscillations near the lowest point of the paraboloid, \(r\), \(\dot{r}\), and \(\ddot{r}\) are all first-order small quantities. Retaining only the first-order small terms in the differential equation, we get

\[
\ddot{r} + 2 g A r = 0.
\]

The angular frequency of the small oscillations is

\[
\omega = \sqrt{2 g A}.
\]",\boxed{\omega = \sqrt{2 g A}},EX,,False,EN,Laws Application
2422,Mechanics and Thermodynamics,Theoretical Mechanics,Hamiltonian Formulation of Mechanics,"A particle with mass $m$ is suspended from one end of a massless, inextensible string. The string is pulled upwards through a small hole in the table at a constant rate $\alpha$. Initially, the length of the string is $l_0$, and the particle moves in the vertical plane. Choose the angle $\theta$ between the string and the vertical line as the generalized coordinate, and write the Hamiltonian function of the system.","$$
\begin{aligned}
& T=\frac{1}{2} m\left(\dot{r}^{2} + r^{2} \dot{\theta}^{2}\right) = \frac{1}{2} m\left[(-\alpha)^{2} + \left(l_0 - \alpha t\right)^{2} \dot{\theta}^{2}\right], \\
& V=-mg\left(l_0 - \alpha t\right) \cos \theta, \\
& L=\frac{1}{2} m\left[\alpha^{2} + \left(l_0 - \alpha t\right)^{2} \dot{\theta}^{2}\right] + mg\left(l_0 - \alpha t\right) \cos \theta, \\
& p_{\theta}=\frac{\partial L}{\partial \dot{\theta}} = m\left(l_0 - \alpha t\right)^{2} \dot{\theta}, \\
& H=p_{\theta} \dot{\theta} - L = \frac{p_{\theta}^{2}}{2m\left(l_0 - \alpha t\right)^{2}} - \frac{1}{2} m \alpha^{2} - mg\left(l_0 - \alpha t\right) \cos \theta.
\end{aligned}
$$",\boxed{\frac{p_{\theta}^2}{2m(l_0 - \alpha t)^2} - \frac{1}{2} m \alpha^2 - mg(l_0 - \alpha t) \cos \theta},EX,,False,EN,Math Derivation
2424,Mechanics and Thermodynamics,Theoretical Mechanics,Hamiltonian Formulation of Mechanics,"A particle with mass $m$ undergoes circular motion under the action of a central force $f(r)$ represented by potential energy $V(r)$. Using polar coordinates, solve the steady-state motion conditions with the Lagrangian equation.","$$
\begin{gathered}
L=\frac{1}{2} m\left(\dot{r}^{2}+r^{2} \dot{\varphi}^{2}\right)-V(r) \\
p_{\varphi}=\frac{\partial L}{\partial \dot{\varphi}}=m r^{2} \dot{\varphi} \\
R=p_{\varphi} \dot{\varphi}-L=\frac{1}{2 m r^{2}} p_{\varphi}^{2}-\frac{1}{2} m \dot{r}^{2}+V(r)
\end{gathered}
$$

Because

$$
\begin{gathered}
\frac{\partial R}{\partial \varphi}=0, \quad p_{\varphi}=C(\text{constant}) \\
R=\frac{C^{2}}{2 m r^{2}}-\frac{1}{2} m \dot{r}^{2}+V(r)
\end{gathered}
$$

The steady-state motion condition is

$$
\left.\left(\frac{\partial R}{\partial r}\right)\right|_{r=r_{0}}=0
$$

That is,

$$
\left.\left(\frac{\mathrm{d} V}{\mathrm{~d} r}\right)\right|_{r=r_{0}}-\frac{C^{2}}{m r_{0}^{2}}=0
$$",\boxed{\left.\frac{\mathrm{d} V}{\mathrm{~d} r}\right|_{r=r_{0}}-\frac{C^{2}}{m r_{0}^{2}}=0},EQ,,False,EN,Math Derivation
2425,Mechanics and Thermodynamics,Theoretical Mechanics,Hamiltonian Formulation of Mechanics,"A point mass \( m \) is constrained to move on a spherical surface in a uniform gravitational field, where the radius of the sphere \( r \) changes with time, \( r = r(t) \). With the center of the sphere as the origin and the vertical upward direction as the polar axis, using spherical coordinates \( \theta, \varphi \) as the generalized coordinates, write the Hamiltonian function of the system.","$$
\begin{gathered}
T=\frac{1}{2} m\left(\dot{r}^{2}+r^{2} \dot{\theta}^{2}+r^{2} \sin ^{2} \theta \dot{\varphi}^{2}\right), \\
V=m g z=m g r \cos \theta, \\
L=\frac{1}{2} m\left(\dot{r}^{2}+r^{2} \dot{\theta}^{2}+r^{2} \sin ^{2} \theta \dot{\varphi}^{2}\right)-m g r \cos \theta, \\
H=p_{\theta} \dot{\theta}+p_{\varphi} \dot{\varphi}-L, \\
=\frac{1}{2 m r^{2}} p_{\theta}^{2}+\frac{1}{2 m r^{2} \sin ^{2} \theta} p_{\varphi}^{2}-\frac{1}{2} m \dot{r}^{2}+m g r \cos \theta, \\
r=r(t), \quad \dot{r}=\frac{\mathrm{d} r(t)}{\mathrm{d} t}.
\end{gathered}
$$",\boxed{\frac{1}{2} p_{\theta}^2 + \frac{1}{2 \sin^2 \theta} p_{\varphi}^2 - \frac{1}{2} \dot{r}^2 + g \cos \theta},EX,,False,EN,Math Derivation
2426,Mechanics and Thermodynamics,Theoretical Mechanics,Hamiltonian Formulation of Mechanics,"Given
$$
\varphi=f_{1}\left(q_{1}, p_{1}\right) f_{2}\left(q_{2}, p_{2}\right), \\
\psi=f_{3}\left(q_{1}, p_{1}\right) f_{4}\left(q_{2}, p_{2}\right).
$$
Use the properties of the Poisson bracket operation to compute the Poisson bracket $[\varphi, \psi]$.","This involves a direct calculation using the definition of the Poisson bracket, but a more convenient approach is to utilize the properties of the Poisson bracket operation,
$$
\begin{aligned}
{[\varphi, \psi]=} & {\left[f_{1}\left(q_{1}, p_{1}\right) f_{2}\left(q_{2}, p_{2}\right), f_{3}\left(q_{1}, p_{1}\right) f_{4}\left(q_{2}, p_{2}\right)\right]} \\
= & f_{2}\left(q_{2}, p_{2}\right)\left[f_{1}\left(q_{1}, p_{1}\right), f_{3}\left(q_{1}, p_{1}\right)\right] f_{4}\left(q_{2}, p_{2}\right) \\
& +f_{1}\left(q_{1}, p_{1}\right)\left[f_{2}\left(q_{2}, p_{2}\right), f_{4}\left(q_{2}, p_{2}\right)\right] f_{3}\left(q_{1}, p_{1}\right) \\
= & f_{2} f_{4}\left[f_{1}, f_{3}\right]+f_{1} f_{3}\left[f_{2}, f_{4}\right].
\end{aligned}
$$","\boxed{f_{2} f_{4}\left[f_{1}, f_{3}\right] + f_{1} f_{3}\left[f_{2}, f_{4}\right]}",EX,,False,EN,Math Derivation
2429,Mechanics and Thermodynamics,Theoretical Mechanics,Hamiltonian Formulation of Mechanics,"A particle with mass $m$ undergoes one-dimensional motion under the potential energy $V(x) = F|x|$, where $F$ is a positive constant. Use the action-angle variables to determine the period $T$ of the system as a function of energy $E$.","$$
\begin{aligned}
\nu &= \frac{\partial H^{*}}{\partial J} = \left( \frac{3F}{8 \sqrt{2m}} \right)^{2/3} \cdot \frac{2}{3} J^{-1/3} \\
&= \left( \frac{3F}{8 \sqrt{2m}} \right)^{2/3} \cdot \frac{2}{3} \left( \frac{8 \sqrt{2m}}{3F} E^{3/2} \right)^{-1/3} = \frac{F}{4 \sqrt{2mE}} \\
T &= \frac{1}{\nu} = \frac{4 \sqrt{2mE}}{F}
\end{aligned}
$$",\[\boxed{\frac{4 \sqrt{2mE}}{F}}\],EX,,False,EN,Math Derivation
2430,Mechanics and Thermodynamics,Theoretical Mechanics,Hamiltonian Formulation of Mechanics,"In a generalized potential field \( U = \frac{1+\dot{r}^{2}}{r} \), the Hamiltonian function \( H \) of a unit mass particle's motion is a constant of motion. Find two related constants of motion.","\[
\begin{gathered}
\frac{\partial H}{\partial \varphi} = 0, \quad p_{\varphi} = r^{2} \dot{\varphi} = h \text{ (constant)}, \\
\frac{\partial H}{\partial t} = 0.
\end{gathered}
\]

\[
H = \frac{r}{2(r-2)} p_{r}^{2} + \frac{1}{2 r^{2}} p_{\varphi}^{2} + \frac{1}{r} = E \text{ (constant)}.
\]

The latter constant of motion can also be written as:

\[
r(r-2) \dot{r}^{2} + h^{2} + 2r = 2 r^{2} E.
\]","\boxed{p_{\varphi}, E}","EX, EX","None, None",True,EN,Math Derivation
2433,Mechanics and Thermodynamics,Theoretical Mechanics,Lagrangian Formulation of Mechanics,"A particle with mass $m$ is constrained to move along a horizontal circular metal wire bent with a radius $a$, with a friction coefficient $\mu$, and an initial speed of $v_{0}$. Ignoring the effect of gravity, find the force exerted by the metal wire on the particle.

\[
L = T = \frac{1}{2} m\left(\dot{r}^{2} + r^{2} \dot{\varphi}^{2}\right), \quad r = a, \quad \delta r = 0, \quad f = r - a = 0, \quad \frac{\partial f}{\partial r} = 1, \quad \frac{\partial f}{\partial \varphi} = 0.
\]

From $\frac{\mathrm{d}}{\mathrm{d} t}\left(\frac{\partial L}{\partial q_{i}}\right) - \frac{\partial L}{\partial q_{i}} = Q_{i} + \lambda \frac{\partial f}{\partial q_{i}}$, given $Q_{r} = 0$,

\begin{gather*}
m \ddot{r} - m r \dot{\varphi}^{2} = \lambda, \tag{1}\\
m r^{2} \ddot{\varphi} + 2 m r \dot{r} \dot{\varphi} = -\mu |\lambda| r, \tag{2}\\
r = a. \tag{3}
\end{gather*}

where $Q_{\varphi} = -\mu |\lambda| r$ arises from the frictional force.

Simplified using Equations (3), (1), and (2):

$$
-m a \dot{\varphi}^{2} = \lambda, \\
m a \ddot{\varphi} = -\mu |\lambda| = \mu \lambda.
$$","The force exerted by the metal wire on the particle is

$$
\begin{aligned}
& \boldsymbol{F} = F_{r} \boldsymbol{e}_{r} + F_{\varphi} \boldsymbol{e}_{\varphi}, \\
& F_{r} = \lambda = -m a \dot{\varphi}^{2} = \frac{m a v_{0}^{2}}{\left(a + \mu v_{0} t \right)^{2}}, \\
& F_{\varphi} = -\mu |\lambda| = \mu F_{r}.
\end{aligned}
$$",\boxed{\boldsymbol{F} = \frac{m a v_{0}^{2}}{\left(a + \mu v_{0} t \right)^{2}} \boldsymbol{e}_{r} + \mu \frac{m a v_{0}^{2}}{\left(a + \mu v_{0} t \right)^{2}} \boldsymbol{e}_{\varphi}},EX,,False,EN,Practical Application
2434,Mechanics and Thermodynamics,Theoretical Mechanics,Lagrangian Formulation of Mechanics,"A spherical pendulum is composed of a particle with mass \(m\), suspended from a fixed point by an inextensible light string of length \(l\), with the particle constrained to move on a spherical surface. When the particle, initially on a circular path described in part (1), receives an impulse perpendicular to its velocity, the string makes an angle \(\theta_{1}\) with the vertical when the particle reaches the highest point on its path. Write the equation that the angle \(\theta_{2}\) between the string and the vertical satisfies when the particle is at its lowest point (solving the equation is not necessary).","In a static reference frame, use the spherical coordinates \(\theta, \varphi\) as generalized coordinates:

\[
L=T-V=\frac{1}{2} m l^{2}\left(\dot{\theta}^{2}+\dot{\varphi}^{2} \sin ^{2} \theta\right)+m g l \cos \theta
\]

Because

\[
\frac{\partial L}{\partial \varphi}=0
\]

\[
\frac{\partial L}{\partial \dot{\varphi}}=m l^{2} \dot{\varphi} \sin ^{2} \theta=m l^{2} \sqrt{\frac{g}{l \cos \theta_{0}}} \sin ^{2} \theta_{0}
\]

Here, it is considered that the impulse does not affect \(\dot{\varphi}\) at this position \(\left(\theta=\theta_{0}\right)\) (\(\dot{\varphi}\) is the \(\omega\) solved in part (1)).  
Since \(\frac{\partial L}{\partial t}=0\) and \(T\) is a homogeneous quadratic function of generalized velocities,

\[
T+V=\frac{1}{2} m l^{2}\left(\dot{\theta}^{2}+\dot{\varphi}^{2} \sin ^{2} \theta\right)-m g l \cos \theta=\frac{1}{2} m l^{2} \dot{\varphi}_{1}^{2} \sin ^{2} \theta_{1}-m g l \cos \theta_{1}
\]

When the particle reaches the highest and lowest points, use equation (1) at the highest point, and at the lowest point use equation (2), considering \(\dot{\theta}_{2}=0\),

\[
\begin{gathered}
\dot{\varphi}_{1} \sin ^{2} \theta_{1}=\sqrt{\frac{g}{l \cos \theta_{0}}} \sin ^{2} \theta_{0} \\
\dot{\varphi}_{2} \sin ^{2} \theta_{2}=\sqrt{\frac{g}{l \cos \theta_{0}}} \sin ^{2} \theta_{0} \\
\frac{1}{2} l \dot{\varphi}_{2}^{2} \sin ^{2} \theta_{2}-g \cos \theta_{2}=\frac{1}{2}\left(\dot{\varphi}_{1}^{2} \sin ^{2} \theta_{1}-g \cos \theta_{1}\right)
\end{gathered}
\]

From the three equations above, eliminating \(\dot{\varphi}_{1}, \dot{\varphi}_{2}\), the equation satisfied by \(\theta_{2}\) is obtained as

\[
\frac{\sin ^{4} \theta_{0}}{\cos \theta_{0}}\left(\frac{1}{\sin ^{2} \theta_{2}}-\frac{1}{\sin ^{2} \theta_{1}}\right)=2\left(\cos \theta_{2}-\cos \theta_{1}\right)
\]",\boxed{\frac{\sin ^{4} \theta_{0}}{\cos \theta_{0}}\left(\frac{1}{\sin ^{2} \theta_{2}}-\frac{1}{\sin ^{2} \theta_{1}}\right)=2\left(\cos \theta_{2}-\cos \theta_{1}\right)},EQ,,False,EN,Math Derivation
2435,Mechanics and Thermodynamics,Theoretical Mechanics,Hamiltonian Formulation of Mechanics,"Using Hamilton's principle, determine the period of small oscillations of a compound pendulum. Assume the moment of inertia of the pendulum is \(I\), the gravitational acceleration is \(g\), the length of the pendulum is \(l\), and the displacement angle of the compound pendulum is \(\theta\).","Solution

$$
\begin{aligned}
& L = \frac{1}{2} I \dot{\theta}^{2} - m g l (1 - \cos \theta) \approx \frac{1}{2} I \dot{\theta}^{2} - \frac{1}{2} m g l \theta^{2} \\
& \begin{array}{c}
S[\theta(t)] = \int_{t_{0}}^{t_{1}} L \, \mathrm{d} t = \int_{t_{0}}^{t_{1}} \left( \frac{1}{2} I \dot{\theta}^{2} - \frac{1}{2} m g l \theta^{2} \right) \mathrm{d} t \\
\delta S = \int_{t_{0}}^{t_{1}} (I \dot{\theta} \delta \dot{\theta} - m g l \theta \delta \theta) \, \mathrm{d} t \\
= \int_{t_{0}}^{t_{1}} \left( I \dot{\theta} \frac{\mathrm{d}}{\mathrm{d} t} \delta \theta - m g l \theta \delta \theta \right) \, \mathrm{d} t
\end{array}
\end{aligned}
$$

$$
\begin{aligned}
& = \int_{t_{0}}^{t_{1}} \left\{ \frac{\mathrm{d}}{\mathrm{d} t} (I \dot{\theta} \delta \theta) - \left[ \frac{\mathrm{d}}{\mathrm{d} t} (I \dot{\theta}) + m g l \theta \right] \delta \theta \right\} \, \mathrm{d} t \\
& = I \dot{\theta} \delta \theta \bigg|_{t_{0}}^{t_{1}} - \int_{t_{0}}^{t_{1}} (I \ddot{\theta} + m g l \theta) \delta \theta \, \mathrm{d} t \\
& = -\int_{t_{0}}^{t_{1}} (I \ddot{\theta} + m g l \theta) \delta \theta \, \mathrm{d} t = 0
\end{aligned}
$$

Here, it is used that at \(t = t_{0}\) and \(t = t_{1}, \delta \theta = 0\),

$$
\begin{aligned}
& I \ddot{\theta} + m g l \theta = 0 \\
& \omega = \sqrt{\frac{m g l}{I}}, \quad T = \frac{2 \pi}{\omega} = 2 \pi \sqrt{\frac{I}{m g l}}
\end{aligned}
$$",\boxed{T = 2 \pi \sqrt{\frac{I}{m g l}}},EX,,False,EN,Math Derivation
2437,Mechanics and Thermodynamics,Theoretical Mechanics,Hamiltonian Formulation of Mechanics,"A mechanical system has kinetic energy \( T = \frac{1}{2}\left(\dot{q}_{1}^{2} + \frac{\dot{q}_{2}^{2}}{a + b q_{1}^{2}}\right) \) and potential energy \( V = \frac{1}{2}\left(k_{1} q_{1}^{2} + k_{2}\right) \), where \( a \), \( b \), \( k_{1} \), and \( k_{2} \) are constants. Write down the Routhian function \( R \).","\[
\begin{aligned}
R & = p_{2} \dot{q}_{2} - L = \frac{1}{2}\left(a + b q_{1}^{2}\right) p_{2}^{2} - \frac{1}{2} \dot{q}_{1}^{2} + \frac{1}{2}\left(k_{1} q_{1}^{2} + k_{2}\right)
\end{aligned}
\]",\boxed{\frac{1}{2}\left(a+b q_{1}^{2}\right) p_{2}^{2}-\frac{1}{2} \dot{q}_{1}^{2}+\frac{1}{2}\left(k_{1} q_{1}^{2}+k_{2}\right)},EX,,False,EN,Math Derivation
2438,Mechanics and Thermodynamics,Theoretical Mechanics,Lagrangian Formulation of Mechanics,"As shown in Figure 9.33, a uniform garage door $AB$ has a mass $m$ and length $2r$. The end at $A$ can move along a smooth horizontal slot, and each end of the edge at $B$ is connected to a spring. The natural length of the spring is $r-a$, which means that when $\theta=\pi$, the springs are not under any force. The end at $B$ is hinged to a crank $OB$, where $OB=r$ and its mass is negligible. The crank can rotate around a fixed point $O$. To ensure that the door closes smoothly in the vertical position ($\theta=0$), what should the spring constant $k$ be?

Method 1: Find the spring constant $k$ that ensures the door closes smoothly at $\theta=0$.","For the door to close smoothly at $\theta=0$, it must be in static equilibrium near $\theta=0$, meaning for small $\theta$, $\frac{\mathrm{d}V}{\mathrm{~d}\theta}=0$. Therefore, it must satisfy:

$$
\begin{aligned}
&\left.\frac{\mathrm{d}^{2}V}{\mathrm{~d}\theta^{2}}\right|_{\theta=0}=0, \\
&V=2 \times \frac{1}{2} k\left[\sqrt{r^{2}+a^{2}+2ra\cos\theta}-(r-a)\right]^{2}+mgy_{C}, \\
&y_{B}=-r \cos\theta, \\
&y_{C}=y_{B}+\frac{1}{2}(r-y_{B})=\frac{1}{2}(r+y_{B})=\frac{1}{2}r(1-\cos\theta), \\
&V=k\left[\sqrt{r^{2}+a^{2}+2ra\cos\theta}-(r-a)\right]^{2}+\frac{1}{2}mgr(1-\cos\theta), \\
&\frac{\mathrm{d}V}{\mathrm{~d}\theta}=2k\left[\sqrt{r^{2}+a^{2}+2ra\cos\theta}-(r-a)\right] \frac{1}{2} \frac{-2ra\sin\theta}{\sqrt{r^{2}+a^{2}+2ra\cos\theta}}+\frac{1}{2}mgr\sin\theta, \\
&=-2kar\sin\theta\left(1-\frac{r-a}{\sqrt{r^{2}+a^{2}+2ra\cos\theta}}\right)+\frac{1}{2}mgr\sin\theta.
\end{aligned}
$$

At $\theta=0$ and $\theta=\pi$, $\frac{\mathrm{d}V}{\mathrm{~d}\theta}=0$, indicating equilibrium positions. 
For small $\theta$, $\sin\theta \approx \theta$, and $\cos\theta \approx 1$,

$$
\begin{aligned}
\frac{\mathrm{d}V}{\mathrm{~d}\theta} & \approx -2kar\theta\left(1-\frac{r-a}{r+a}\right)+\frac{1}{2}mgr\theta, \\
& =-4ka^2r\frac{\theta}{r+a}+\frac{1}{2}mgr\theta.
\end{aligned}
$$

For small $\theta$, requiring equilibrium, $\frac{\mathrm{d}V}{\mathrm{~d}\theta}=0$,

$$
\begin{gathered}
-4ka^2r\frac{1}{r+a}+\frac{1}{2}mgr=0, \\
k=\frac{mg(r+a)}{8a^2}.
\end{gathered}
$$",\boxed{\frac{mg(r+a)}{8a^2}},NV,,False,EN,Math Derivation
2439,Mechanics and Thermodynamics,Theoretical Mechanics,Hamiltonian Formulation of Mechanics,"Find the generating function that produces the above canonical transformation.  
Hint: Use \(\mathrm{d} S = -q \mathrm{~d} p - 2 P \mathrm{~d} Q\).","\[
\mathrm{d} S  = -q \mathrm{~d} p - 2 P \mathrm{~d} Q.
\]

By calculation,

\[
\mathrm{d} S = -\left(\mathrm{e}^{Q} - 1\right)^{2} \sec ^{2} p \mathrm{~d} p - 2 \mathrm{e}^{Q} \left(\mathrm{e}^{Q} - 1\right) \tan p \mathrm{~d} Q = \mathrm{d}\left[-\left(\mathrm{e}^{Q} - 1\right)^{2} \tan p\right].
\]

Therefore,

\[
S(p, Q) = -\left(\mathrm{e}^{Q} - 1\right)^{2} \tan p.
\]",\boxed{-\left(\mathrm{e}^{Q} - 1\right)^{2} \tan p},EX,,False,EN,Math Derivation
2441,Mechanics and Thermodynamics,Theoretical Mechanics,Small Vibrations of Finite System,"Two metal spheres, each with mass \( m \) and charge \( e \), are suspended in a horizontal line using identical non-extensible light insulating strings of length \( l \). The suspension points are separated by a distance \( a \). Allow the spheres to undergo small oscillations near their equilibrium positions. After a change of variables, write down the characteristic equation of the homogeneous second-order differential equation and find the normal frequencies.","Let \(\theta_{1}^{\prime}=\theta_{1}-\theta_{10}\) and \(\theta_{2}^{\prime}=\theta_{2}-\theta_{20}\); the second-order differential equation will be homogeneous. Whether using \(\theta_{1}, \theta_{2}\) or \(\theta_{1}^{\prime}, \theta_{2}^{\prime}\) as generalized coordinates, not only are the normal frequencies identical, but the characteristic equation that these normal frequencies satisfy is also the same. The characteristic equation is

\[
\left|\begin{array}{cc}
\frac{g}{l}+A-\omega^{2} & -A \\
-A & \frac{g}{l}+A-\omega^{2}
\end{array}\right|=0
\]

where

\[
A=\frac{e^{2}}{\pi \varepsilon_{0} m a^{3}}
\]

Solving this, we find

\[
\omega_{1}=\sqrt{\frac{g}{l}}, \quad \omega_{2}=\sqrt{\frac{g}{l}+2 A}=\sqrt{\frac{g}{l}+\frac{2 e^{2}}{\pi \varepsilon_{0} m a^{3}}}
\]","\boxed{\omega_{1}=\sqrt{\frac{g}{l}}, \omega_{2}=\sqrt{\frac{g}{l}+\frac{2 e^{2}}{\pi \varepsilon_{0} m a^{3}}}}","EX, EX",,True,EN,Math Derivation
2442,Mechanics and Thermodynamics,Theoretical Mechanics,Small Vibrations of Finite System,"If a system is in an equilibrium position, with the mass of the left particle being $m$, the mass of the middle particle being $M$, and the mass of the right particle also being $m$, suddenly the left particle is subjected to an impulse $p$. Find the subsequent equation of motion for the left particle.","From the vibration modes, the general solution for the motion of the three particles can be written as

$$
\begin{aligned}
& x_{1}=C \cos \left(\omega_{1} t+\alpha_{1}\right)+D \cos \left(\omega_{2} t+\alpha_{2}\right)+a t+b, \\
& x_{2}=-\frac{2 m}{M} D \cos \left(\omega_{2} t+\alpha_{2}\right)+a t+b, \\
& x_{3}=-C \cos \left(\omega_{1} t+\alpha_{1}\right)+D \cos \left(\omega_{2} t+\alpha_{2}\right)+a t+b.
\end{aligned}
$$

where $a t+b$ is the particular solution for uniform translation.\\
$C, D, \alpha_{1}, \alpha_{2}, a, b$ are undetermined constants, determined by the initial conditions: at $t=0$, $x_{1}=x_{2}=x_{3}=0$, $\dot{x}_{1}=\frac{p}{m}$, $\dot{x}_{2}=\dot{x}_{3}=0$. We have

$$
\begin{aligned}
C=\frac{p}{2 m \omega_{1}}, \quad D & =\frac{p M}{2 m(M+2 m) \omega_{2}}, \quad \alpha_{1}=\alpha_{2}=-\frac{\pi}{2}, \\
a & =\frac{p}{M+2 m}, \quad b=0.
\end{aligned}
$$

The equation of motion for the left particle is

$$
x_{1}=\frac{p}{2 m \omega_{1}} \sin \omega_{1} t+\frac{p M}{2 m(M+2 m) \omega_{2}} \sin \omega_{2} t+\frac{p t}{M+2 m}.
$$",\boxed{x_{1} = \frac{p}{2 m \omega_{1}} \sin \omega_{1} t + \frac{p M}{2 m (M+2 m) \omega_{2}} \sin \omega_{2} t + \frac{p t}{M+2 m}},EQ,,False,EN,Math Derivation
2443,Mechanics and Thermodynamics,Theoretical Mechanics,Hamiltonian Formulation of Mechanics,A particle with mass $m$ moves in one dimension under the influence of the potential energy $V(x) = F|x|$ (where $F$ is a positive constant). Write down the Hamiltonian $H$ of the system and describe the range of motion of the particle.,"$$
H = \frac{1}{2m} p^{2} + F|x|
$$

which is equivalent to

$$
H = \begin{cases} 
\frac{1}{2m} p^{2} + Fx & 0 \leq x \leq \frac{E}{F} \\ 
\frac{1}{2m} p^{2} - Fx & -\frac{E}{F} \leq x \leq 0 
\end{cases}
$$

As for the range of motion of the particle, it is described as $\left[-\frac{E}{F}, \frac{E}{F}\right]$ (where $E$ is the total energy) as follows: Since the mechanical energy of the particle is conserved,

$$
\frac{1}{2m} p^{2} + F|x| = E
$$

At the maximum value of $x$, $p = 0, x_{\max} = \frac{E}{F}$. Similarly, at the minimum value of $x$, $p = 0, F(-x_{\min}) = E, x_{\min} = -\frac{E}{F}$,","\boxed{H = \frac{1}{2m} p^{2} + F|x|, \left[-\frac{E}{F}, \frac{E}{F}\right]}","EQ, IN","\text{None, None}",True,EN,Laws Application
2450,Mechanics and Thermodynamics,Theoretical Mechanics,Lagrangian Formulation of Mechanics,"A homogeneous thin cylinder of mass \( m \) and radius \( a \) rolls without slipping within another homogeneous thin cylinder of mass \( M \) and radius \( 2a \), which itself rolls without slipping on a horizontal surface. Let the angle \( \varphi \) between the plane formed by the axes of the two cylinders and the vertical plane serve as the generalized coordinate. Determine the generalized force component \( Q_{\varphi} \) acting on the system.","The main force acting on the system is only the gravitational force on the smaller cylinder. The support force and static friction force from the horizontal surface on the larger cylinder do not perform work, and neither does the gravitational force on the larger cylinder. The support force from the larger cylinder on the smaller cylinder and its reaction (the pressure from the smaller cylinder on the larger cylinder) result in zero net work, as there is no relative velocity at the contact points in the direction of the action line. Similarly, the pair of static friction forces between the two cylinders results in zero net work for the same reason. Due to the stable bilateral geometric constraints related to these forces, the possible displacements align with the virtual displacements, meaning the constraint forces do no actual work for any possible displacements or virtual work for any virtual displacements.

Taking the \( z \)-axis vertically upwards and the origin on the horizontal plane, the coordinates of the center of mass of the smaller cylinder are given by
\[
z = 2a - a \cos \varphi
\]

The virtual work \(\delta W\) is expressed as
\[
\delta W = -mg \delta z = -mg a \sin \varphi \delta \varphi
\]

Thus, the generalized force component acting on the system is \( Q_{\varphi} = -mg a \sin \varphi \).",\boxed{-mg a \sin \varphi},EX,,False,EN,Laws Application
2451,Mechanics and Thermodynamics,Theoretical Mechanics,Hamiltonian Formulation of Mechanics,"Two particles with masses $m$ and $M$, respectively, interact with a potential energy $V(r)$, where $r$ is the distance between the two particles. Choose the Cartesian coordinates $X, Y, Z$ of the system's center of mass and the spherical coordinates $r, \theta, \varphi$ of particle $m$ relative to $M$ as the generalized coordinates. Identify the six constants of motion for the system.","Since $\frac{\partial H}{\partial X} = 0$, $\frac{\partial H}{\partial Y} = 0$, $\frac{\partial H}{\partial Z} = 0$, $\frac{\partial H}{\partial t} = 0$, and $\frac{\partial H}{\partial \varphi} = 0$, $p_{X}, p_{Y}, p_{Z}, H, p_{\varphi}$ are all constants of motion. This can be proven using the method from the previous problem.

$$
p_{\theta}^{2} + \frac{p_{\varphi}^{2}}{\sin ^{2} \theta} = \text{ constant }
$$","\boxed{p_{X}, p_{Y}, p_{Z}, H, p_{\varphi}, p_{\theta}^{2} + \frac{p_{\varphi}^{2}}{\sin ^{2} \theta}}",EX,"None, None, None, None, None, None",True,EN,Math Derivation
2456,Mechanics and Thermodynamics,Theoretical Mechanics,Lagrangian Formulation of Mechanics,"Two particles with masses \( m_1 \) and \( m_2 \) are connected by a light spring with a spring constant \( k \), and they are initially at rest on a frictionless horizontal plane. Suddenly, an impulse \( I \) is applied to \( m_1 \) in the direction from \( m_1 \) to \( m_2 \). Determine how far \( m_2 \) travels before coming to rest for the first time after the collision.","Consider \( x_1 \) and \( x_2 \) axes in the direction from \( m_1 \) to \( m_2 \), with the origin at the equilibrium positions of the particles,

$$
\begin{gathered}
L=\frac{1}{2} m_1 \dot{x}_1^2 + \frac{1}{2} m_2 \dot{x}_2^2 - \frac{1}{2} k(x_2-x_1)^2, \\
p_1 = \frac{\partial L}{\partial \dot{x}_1} = m_1 \dot{x}_1, \quad p_2 = \frac{\partial L}{\partial \dot{x}_2} = m_2 \dot{x}_2, \\
k_1 = I, \quad k_2 = 0, \\
\Delta p_1 = m_1 \dot{x}_1 = I, \quad \dot{x}_1 = \frac{I}{m_1}, \\
\Delta p_2 = m_2 \dot{x}_2 = 0, \quad \dot{x}_2 = 0.
\end{gathered}
$$

Because

$$
\Delta x_1 = 0, \quad \Delta x_2 = 0,
$$

it follows that

$$
x_1 = 0, \quad x_2 = 0.
$$

This describes the state of the system after the impulse is applied and the initial conditions for subsequent motion, i.e., at \( t=0 \), \( x_1 = x_2 = 0, \dot{x}_1 = \frac{I}{m_1}, \dot{x}_2 = 0 \).

The differential equations for subsequent motion are given by \( \frac{\mathrm{d}}{\mathrm{d} t}\left(\frac{\partial L}{\partial \dot{x}_i}\right) - \frac{\partial L}{\partial x_i} = 0 \),

\begin{align*}
& m_1 \ddot{x}_1 - k(x_2 - x_1) = 0, \tag{1} \\
& m_2 \ddot{x}_2 + k(x_2 - x_1) = 0. \tag{2}
\end{align*}

Adding equation (1) and equation (2) gives

$$
m_1 \ddot{x}_1 + m_2 \ddot{x}_2 = 0.
$$

Integrating this equation using initial conditions, we obtain

\begin{align*}
& m_1 \dot{x}_1 + m_2 \dot{x}_2 = I, \\
& m_1 x_1 + m_2 x_2 = I t. \tag{3}
\end{align*}

Multiplying equation (2) by \( m_1 \) and subtracting equation (1) multiplied by \( m_2 \), we get

$$
\begin{gathered}
\frac{m_1 m_2}{m_1 + m_2}(\ddot{x}_2 - \ddot{x}_1) + k(x_2 - x_1) = 0, \\
x_2 - x_1 = A \sin (\omega t + \alpha),
\end{gathered}
$$

where

$$
\omega = \sqrt{\frac{k(m_1 + m_2)}{m_1 m_2}}.
$$

Using initial conditions: at \( t=0 \), \( x_1 = 0, x_2 = 0, \dot{x}_1 = \frac{I}{m_1}, \dot{x}_2 = 0 \), we find

\begin{gather*}
\alpha = 0, \quad A = -\frac{I}{m_1 \omega}, \\
x_2 - x_1 = -\frac{I}{m_1 \omega} \sin \omega t. \tag{4}
\end{gather*}

Adding equation (3) to equation (4) multiplied by \( m_1 \), we get

$$
\begin{gathered}
x_2 = \frac{I t}{m_1 + m_2} - \frac{I}{(m_1 + m_2) \omega} \sin \omega t, \\
\dot{x}_2 = \frac{I}{m_1 + m_2} - \frac{I}{m_1 + m_2} \cos \omega t.
\end{gathered}
$$

When \( m_2 \) momentarily comes to rest after the collision, \( \dot{x}_2 = 0 \), which implies

$$
\cos \omega t = 1.
$$

Aside from \( t=0 \), the first time of rest is at

$$
t_1 = \frac{2 \pi}{\omega} = 2 \pi \sqrt{\frac{m_1 m_2}{k(m_1 + m_2)}}.
$$

The distance traveled by \( m_2 \) from \( t=0 \) to \( t=t_1 \) is

$$
x_2(t_1) = \frac{2 \pi I}{m_1 + m_2} \sqrt{\frac{m_1 m_2}{k(m_1 + m_2)}}.
$$","\[
\boxed{\frac{2 \pi I}{m_1 + m_2} \sqrt{\frac{m_1 m_2}{k(m_1 + m_2)}}}
\]",NV,,False,EN,Math Derivation
2457,Mechanics and Thermodynamics,Theoretical Mechanics,Small Vibrations of Finite System,"A pendulum of length $4l$ and mass $m$ is suspended below another pendulum of length $3l$ and mass $m$. For this coupled double pendulum, derive the equations of motion and determine its normal frequencies.","Let $(x_{1}, y_{1})$ and $(x_{2}, y_{2})$ represent the coordinates of the upper and lower masses, respectively.

$$
\begin{aligned}
& x_{1}=3l \sin \theta, \quad y_{1}=3l \cos \theta, \\
& x_{2}=3l \sin \theta + 4l \sin \varphi, \\
& y_{2}=3l \cos \theta + 4l \cos \varphi.
\end{aligned}
$$

The kinetic energy is given by:
$$
T=\frac{1}{2}m\left(\dot{x}_{1}^{2}+\dot{y}_{1}^{2}\right)+\frac{1}{2}m\left(\dot{x}_{2}^{2}+\dot{y}_{2}^{2}\right)
$$

Calculating, we obtain:
$$
\begin{aligned}
T = \frac{1}{2}m\left[18l^{2} \dot{\theta}^{2} + 16l^{2} \dot{\varphi}^{2} + 24l^{2} \dot{\theta} \dot{\varphi} \cos(\theta-\varphi)\right]
\end{aligned}
$$

The potential energy is:
$$
L = -mg y_{1} - mg y_{2} = -mg(6l \cos \theta + 4l \cos \varphi)
$$

Thus, the Lagrangian function is:
$$
\begin{aligned}
L = \frac{1}{2} m l^{2} \left[18 \dot{\theta}^{2} + 16 \dot{\varphi}^{2} + 24 \dot{\theta} \dot{\varphi} \cos(\theta-\varphi)\right] + mg l(6 \cos \theta + 4 \cos \varphi)
\end{aligned}
$$

The Lagrange equations are:
$$
\frac{\mathrm{d}}{\mathrm{d} t}\left(\frac{\partial L}{\partial \dot{q}_{i}}\right) - \frac{\partial L}{\partial q_{i}} = 0
$$

The equations of motion are:
$$
\begin{aligned}
3 \ddot{\theta} + 2 \ddot{\varphi} \cos(\theta-\varphi) - 2 \dot{\varphi} (\dot{\theta} - \dot{\varphi}) \sin(\theta-\varphi) + \frac{g}{l} \sin \theta = 0 \\
4 \ddot{\varphi} + 3 \ddot{\theta} \cos(\theta-\varphi) - 3 \dot{\theta} (\dot{\theta} - \dot{\varphi}) \sin(\theta-\varphi) + \frac{g}{l} \sin \varphi = 0
\end{aligned}
$$

For small oscillations, keep only the first-order small quantities in the above two equations and substitute the trial solution:
$$
\begin{aligned}
\theta = \theta_{0} \mathrm{e}^{\mathrm{i} \omega t}, \quad \varphi = \varphi_{0} \mathrm{e}^{\mathrm{i} \omega t}
\end{aligned}
$$

Substituting this into the equations yields the linear system:
$$
\begin{aligned}
& \left(\frac{g}{l} - 3 \omega^{2}\right)\theta_{0} - 2 \omega^{2} \varphi_{0} = 0 \tag{1} \\
& -3 \omega^{2} \theta_{0} + \left(\frac{g}{l} - 4 \omega^{2}\right)\varphi_{0} = 0
\end{aligned}
$$

The characteristic equation is:
$$
\left|\begin{array}{cc}
\frac{g}{l} - 3 \omega^{2} & -2 \omega^{2} \\
-3 \omega^{2} & \frac{g}{l} - 4 \omega^{2}
\end{array}\right| = 0
$$

Solving gives the normal frequencies:
$$
\omega_{1} = \sqrt{\frac{g}{l}}, \quad \omega_{2} = \sqrt{\frac{g}{6l}}
$$","\boxed{\omega_{1} = \sqrt{\frac{g}{l}}, \omega_{2} = \sqrt{\frac{g}{6l}}}","EX, EX","\text{None}, \text{None}",True,EN,Math Derivation
2460,Mechanics and Thermodynamics,Theoretical Mechanics,Lagrangian Formulation of Mechanics,"A bead with mass $m$ slides frictionlessly on a rotating circular ring with radius $a$. The ring rotates with a constant angular velocity $\omega$ around a vertical diameter, as shown in Figure 9.72. Determine the equilibrium position of the bead for $\omega < \omega_{0}$ and $\omega > \omega_{0} \left(\omega_{0} = \sqrt{\frac{g}{a}}\right)$.","At the equilibrium position, $Q = 0$,
\[ m\left(\omega^{2} a \sin \varphi \cos \varphi - g \sin \varphi\right) = 0 \]
\[ \sin \varphi \left(\omega^{2} a \cos \varphi - g\right) = 0 \]

When $\omega < \sqrt{\frac{g}{a}}$, $\frac{g}{a \omega^{2}} > 1, \omega^{2} a \cos \varphi - g \neq 0$, at the equilibrium position,
\[ \sin \varphi = 0 \]

$\varphi = 0, \pi$ are the equilibrium positions.

When $\omega > \sqrt{\frac{g}{a}}$, $\frac{g}{a \omega^{2}} < 1$, at the equilibrium position,
\[ \sin \varphi = 0 \text{ or } \omega^{2} a \cos \varphi - g = 0 \]

$\varphi = 0, \pi$, and $\varphi = \arccos \left(\frac{g}{\omega^{2} a}\right)$ are the equilibrium positions.","\boxed{\varphi = 0, \varphi = \pi, \varphi = \arccos \left(\frac{g}{\omega^{2} a}\right)}","NV, NV, EX","None, None, None",True,EN,Laws Application
2461,Mechanics and Thermodynamics,Theoretical Mechanics,Hamiltonian Formulation of Mechanics,"A particle is moving under the influence of gravity on the inner surface of a smooth rotational paraboloid, whose symmetrical axis is vertical. Using the radial distance \( r \) from the axis and the azimuthal angle \( \varphi \) as generalized coordinates, find the Lagrangian function, generalized momenta, and Hamiltonian function of the system.","Assume the equation of the rotating paraboloid is

\[
z= A r^2 \quad (A \text{ is a constant})
\]

The Lagrangian function, generalized momenta, and Hamiltonian function are given by:

\[
\begin{aligned}
T &= \frac{1}{2} m \left(\dot{r}^2 + r^2 \dot{\varphi}^2 \right) + \frac{1}{2} m \dot{z}^2 = \frac{1}{2} m \left(1+4 A^2 r^2 \right) \dot{r}^2 + \frac{1}{2} m r^2 \dot{\varphi}^2, \\
V &= m g z = m g A r^2, \\
L &= \frac{1}{2} m \left(1+4 A^2 r^2 \right) \dot{r}^2 + \frac{1}{2} m r^2 \dot{\varphi}^2 - m g A r^2, \\
p_r &= \frac{\partial L}{\partial \dot{r}} = m \left(1+4 A^2 r^2 \right) \dot{r}, \\
p_{\varphi} &= \frac{\partial L}{\partial \dot{\varphi}} = m r^2 \dot{\varphi}, \\
H &= p_r \dot{r} + p_{\varphi} \dot{\varphi} - L = \frac{1}{2 m \left(1+4 A^2 r^2 \right)} p_r^2 + \frac{1}{2 m r^2} p_{\varphi}^2 + m g A r^2.
\end{aligned}
\]","\boxed{L = \frac{1}{2} m \left(1+4 A^2 r^2 \right) \dot{r}^2 + \frac{1}{2} m r^2 \dot{\varphi}^2 - m g A r^2, p_r = m \left(1+4 A^2 r^2 \right) \dot{r}, p_{\varphi} = m r^2 \dot{\varphi}, H = \frac{1}{2 m \left(1+4 A^2 r^2 \right)} p_r^2 + \frac{1}{2 m r^2} p_{\varphi}^2 + m g A r^2}","EQ, EX, EX, EQ","None, \text{kg} \cdot \text{m/s}, \text{kg} \cdot \text{m}^2/\text{s}, \text{J}",True,EN,Math Derivation
2464,Mechanics and Thermodynamics,Theoretical Mechanics,Lagrangian Formulation of Mechanics,"Determine the dissipation function \( R\left(\dot{x}_{1}, \dot{q}_{1}, \dot{q}_{2}\right) \) for the system described in problem 9.1.12.","Let's solve:

\[
\begin{aligned}
R = & \int\left(Q_{x_{1}} \, \mathrm{d} \dot{x}_{1} + Q_{x_{2}} \, \mathrm{d} \dot{x}_{2} + Q_{x_{3}} \, \mathrm{d} \dot{x}_{3}\right) \\
= & \int\left\{\left[\alpha_{1} \dot{x}_{1} - \alpha_{4}\left(\dot{x}_{2}-\dot{x}_{1}\right)\right] \mathrm{d} \dot{x}_{1} + \left[\alpha_{2} \dot{x}_{2} + \alpha_{4}\left(\dot{x}_{2}-\dot{x}_{1}\right)\right.\right. \\
& \left.\left. - \alpha_{5}\left(\dot{x}_{3}-\dot{x}_{2}\right)\right] \mathrm{d} \dot{x}_{2} + \left[\alpha_{3} \dot{x}_{3} + \alpha_{5}\left(\dot{x}_{3}-\dot{x}_{2}\right)\right] \mathrm{d} \dot{x}_{3}\right\} \\
= & \int\left(\alpha_{1} + \alpha_{4}\right) \dot{x}_{1} \, \mathrm{d} \dot{x}_{1} + \int\left(\alpha_{2} + \alpha_{4} + \alpha_{5}\right) \dot{x}_{2} \, \mathrm{d} \dot{x}_{2} + \int\left(\alpha_{3} + \alpha_{5}\right) \dot{x}_{3} \, \mathrm{d} \dot{x}_{3} \\
& + \int\left[-\alpha_{4} \dot{x}_{2} \, \mathrm{d} \dot{x}_{1} - \left(\alpha_{4} \dot{x}_{1} + \alpha_{5} \dot{x}_{3}\right) \mathrm{d} \dot{x}_{2} - \alpha_{5} \dot{x}_{2} \, \mathrm{d} \dot{x}_{3}\right] \\
= & \frac{1}{2}\left(\alpha_{1} + \alpha_{4}\right) \dot{x}_{1}^{2} + \frac{1}{2}\left(\alpha_{2} + \alpha_{4} + \alpha_{5}\right) \dot{x}_{2}^{2} + \frac{1}{2}\left(\alpha_{3} + \alpha_{5}\right) \dot{x}_{3}^{2} \\
& - \alpha_{4} \dot{x}_{1} \dot{x}_{2} - \alpha_{5} \dot{x}_{2} \dot{x}_{3}.
\end{aligned}
\]

Since

\[
\dot{x}_{2} = \dot{x}_{1} + \dot{q}_{1}, \quad \dot{x}_{3} = \dot{x}_{1} + \dot{q}_{1} + \dot{q}_{2}
\]

Therefore, \( R\left(\dot{x}_{1}, \dot{q}_{1}, \dot{q}_{2}\right) = \frac{1}{2}\left(\alpha_{1} + \alpha_{4}\right) \dot{x}_{1}^{2} + \frac{1}{2}\left(\alpha_{2} + \alpha_{4} + \alpha_{5}\right)\left(\dot{x}_{1} + \dot{q}_{1}\right)^{2} \)

\[
\begin{aligned}
& + \frac{1}{2}\left(\alpha_{3} + \alpha_{5}\right)\left(\dot{x}_{1} + \dot{q}_{1} + \dot{q}_{2}\right)^{2} - \alpha_{4} \dot{x}_{1}\left(\dot{x}_{1} + \dot{q}_{1}\right) - \alpha_{5}\left(\dot{x}_{1} + \dot{q}_{1}\right)\left(\dot{x}_{1} + \dot{q}_{1} + \dot{q}_{2}\right).
\end{aligned}
\]","\[
\boxed{\frac{1}{2}\left(\alpha_{1} + \alpha_{4}\right) \dot{x}_{1}^{2} + \frac{1}{2}\left(\alpha_{2} + \alpha_{4} + \alpha_{5}\right)\left(\dot{x}_{1} + \dot{q}_{1}\right)^{2} + \frac{1}{2}\left(\alpha_{3} + \alpha_{5}\right)\left(\dot{x}_{1} + \dot{q}_{1} + \dot{q}_{2}\right)^{2} - \alpha_{4} \dot{x}_{1}\left(\dot{x}_{1} + \dot{q}_{1}\right) - \alpha_{5}\left(\dot{x}_{1} + \dot{q}_{1}\right)\left(\dot{x}_{1} + \dot{q}_{1} + \dot{q}_{2}\right)}
\]",EX,,False,EN,Math Derivation
2465,Mechanics and Thermodynamics,Theoretical Mechanics,Hamiltonian Formulation of Mechanics,Use action variables and angle variables to find the frequencies of a three-dimensional harmonic oscillator with different force constants.,"$$
\nu_{1}=\frac{\partial H^{*}}{\partial J_{1}}=\frac{1}{2 \pi} \sqrt{\frac{k_{1}}{m}}, \\
\nu_{2}=\frac{1}{2 \pi} \sqrt{\frac{k_{2}}{m}}, \quad \nu_{3}=\frac{1}{2 \pi} \sqrt{\frac{k_{3}}{m}}.
$$","\boxed{\frac{1}{2 \pi} \sqrt{\frac{k_{1}}{m}}, \frac{1}{2 \pi} \sqrt{\frac{k_{2}}{m}}, \frac{1}{2 \pi} \sqrt{\frac{k_{3}}{m}}}",EX,"\text{None, None, None}",True,EN,Knowledge Recall
2467,Mechanics and Thermodynamics,Theoretical Mechanics,Hamiltonian Formulation of Mechanics,"Consider a particle of mass \( m \) moving in a one-dimensional potential \( V(x) = F|x| \) (where \( F \) is a positive constant). Given the initial conditions at \( t=0 \) with \( x=x_0>0\) and \(\dot{x}=v_0>0\), use Newton's equation to calculate the oscillation amplitude of the particle through vector mechanics, and verify that the result obtained by this method is consistent with another physical method.","In this system, the maximum and minimum displacements of the particle can be determined from the mechanical equations:

For \( x \geqslant 0 \),
$$
x_{\max } = x_0 + \frac{m v_0^2}{2F}
$$
For \( x \leqslant 0 \),
$$
x_{\min } = -\left(x_0 + \frac{m v_0^2}{2F}\right)
$$

The amplitude is
$$
A = \frac{1}{2}(x_{\max} - x_{\min}) = \frac{E}{F}
$$

Verification:
$$
x_{\max } = \frac{E}{F}, \quad x_{\min } = -\frac{E}{F}.
$$

The results obtained by both methods are the same, indicating that whether using the adiabatic invariant or directly through mechanical equations, both analytical methods yield the same amplitude relationship with \( F \).",\boxed{\frac{E}{F}},EX,,False,EN,Laws Application
2468,Mechanics and Thermodynamics,Theoretical Mechanics,Hamiltonian Formulation of Mechanics,"Use the Poisson theorem to find the eighth, ninth, and tenth integrals of motion for an isotropic three-dimensional harmonic oscillator. Search for higher-order integrals of motion obtained through the Poisson brackets.","From the Poisson theorem, we have

$$
\begin{aligned}
F_8 &= \left[F_2, F_5\right] = \left[x p_y - y p_x, \frac{1}{2m} p_x^2 + \frac{1}{2} k x^2\right] \\
&= \frac{1}{m} p_y p_x - \frac{1}{2} k y (-2x) = \frac{1}{m} p_x p_y + k xy = C_8
\end{aligned}
$$

By symmetry, we obtain

$$
\begin{aligned}
F_9 &= \frac{1}{m} p_y p_z + k yz = C_9 \\
F_{10} &= \frac{1}{m} p_x p_z + k xz = C_{10}
\end{aligned}
$$

Finally, the Poisson theorem confirms that no new integrals of motion can be derived from these integrals.","\boxed{C_8, C_9, C_{10}}",EX,"None, None, None",True,EN,Math Derivation
2470,Mechanics and Thermodynamics,Theoretical Mechanics,Lagrangian Formulation of Mechanics,"Two particles with masses \( m_{1} \) and \( m_{2} \) are connected by an inextensible light string of length \( l \) that passes through a smooth small hole on a frictionless horizontal surface. \( m_{1} \) moves on the horizontal surface, while \( m_{2} \) moves vertically. If \( m_{2} \) is slightly displaced from its vertical equilibrium position, it will cause small oscillations. Use Lagrange's equation to find the period of the oscillation.","Let the polar coordinates \( r, \varphi \) of \( m_{1} \) relative to the small hole (as the origin of the coordinate system) be the generalized coordinates,

\[
L=\frac{1}{2} m_{1}\left(\dot{r}^{2}+r^{2} \dot{\varphi}^{2}\right)+\frac{1}{2} m_{2} \dot{r}^{2}+m_{2} g(l-r)
\]

From \(\frac{\mathrm{d}}{\mathrm{d} t}\left(\frac{\partial L}{\partial \dot{r}}\right)-\frac{\partial L}{\partial r}=0\), we obtain

\[
(m_{1}+m_{2}) \ddot{r}-m_{1} r \dot{\varphi}^{2}+m_{2} g=0 \quad \tag{1}
\]

From \(\frac{\partial L}{\partial \varphi}=0, \frac{\mathrm{d}}{\mathrm{d} t}\left(\frac{\partial L}{\partial \dot{\varphi}}\right)=0\),

\[
m_{1} r^{2} \dot{\varphi}=m_{1}(l-d) v_{0}=m_{1} \sqrt{\frac{m_{2} g}{m_{1}}}(l-d)^{3/2} \quad \tag{2}
\]

Substituting equation (2) into equation (1),

\[
(m_{1}+m_{2}) \ddot{r}-\frac{m_{2} g(l-d)^{3}}{r^{3}}+m_{2} g=0 \quad \tag{3}
\]

Equilibrium position:

\[
r=r_{0}=l-d
\]

Let

\[
x=r-r_{0}=r-(l-d)
\]

\( m_{2} \) undergoes small oscillations near the equilibrium position, and \( m_{1} \)'s radial movement near \( r=r_{0} \) also executes small oscillations,

\[
\left[\frac{(l-d)}{r}\right]^{3}=\left(\frac{l-d}{l-d+x}\right)^{3}=\left(1+\frac{x}{l-d}\right)^{-3} \approx 1-\frac{3x}{l-d}
\]

Using this approximation, equation (3) approximates to

\[
(m_{1}+m_{2}) \ddot{x}+\frac{3 m_{2} g}{l-d} x=0
\]

The angular frequency \(\omega\) and the period \(T\) of the small oscillations are

\[
\begin{gathered}
\omega=\sqrt{\frac{3 m_{2} g}{(m_{1}+m_{2})(l-d)}} \\
T=\frac{2 \pi}{\omega}=2 \pi \sqrt{\frac{(m_{1}+m_{2})(l-d)}{3 m_{2} g}}
\end{gathered}
\]",\boxed{2 \pi \sqrt{\frac{(m_{1}+m_{2})(l-d)}{3 m_{2} g}}},NV,,False,EN,Math Derivation
2471,Mechanics and Thermodynamics,Theoretical Mechanics,Small Vibrations of Finite System,"Two small metal spheres, each with mass \( m \) and charge \( e \), are attached by non-extensible light insulating strings of the same length \( l \) along the same horizontal line, with their suspension points separated by a distance \( a \). The spheres perform small oscillations near their equilibrium positions. Using the small oscillation approximation, find \( r'\) and \( r'^{-1}\).","With the small oscillations, \( r^{\prime} \) can be approximated as:
\[
r^{\prime} \approx a\left[1+\frac{l}{a}\left(\theta_{2}-\theta_{1}\right)+\frac{l^{2}}{a^{2}}\left(\theta_{2}-\theta_{1}\right)^{2}\right]
\]

Therefore, \( r^{\prime-1} \) can be approximated as:
\[
r^{\prime-1} =\frac{1}{a}\left[1-\frac{l}{a}\left(\theta_{2}-\theta_{1}\right)+\frac{l^{2}}{a^{2}}\left(\theta_{2}-\theta_{1}\right)^{2}\right]
\]","\boxed{r' \approx a\left[1+\frac{l}{a}\left(\theta_{2}-\theta_{1}\right)+\frac{l^{2}}{a^{2}}\left(\theta_{2}-\theta_{1}\right)^{2}\right], \frac{1}{a}\left[1-\frac{l}{a}\left(\theta_{2}-\theta_{1}\right)+\frac{l^{2}}{a^{2}}\left(\theta_{2}-\theta_{1}\right)^{2}\right]}","EX, EX","None, None",True,EN,Laws Application
2472,Mechanics and Thermodynamics,Theoretical Mechanics,Lagrangian Formulation of Mechanics,"Given the known dissipation function \( R \), find \( Q_{y_{3}} \).","\[  
Q_{y_{3}} = -\frac{\partial R}{\partial \dot{y}_{3}} = -\alpha_{1}\left(\dot{y}+\dot{y}_{3}\right)+\alpha_{2}\left(\dot{y}-\dot{y}_{3}\right)  
\]",\boxed{-\alpha_{1}\left(\dot{y}+\dot{y}_{3}\right)+\alpha_{2}\left(\dot{y}-\dot{y}_{3}\right)},EX,,False,EN,Math Derivation
2474,Mechanics and Thermodynamics,Theoretical Mechanics,Hamiltonian Formulation of Mechanics,"Determine the values of the parameters $\alpha$ and $\beta$ when the following transformation satisfies the canonical condition:

$$
Q = q^{\alpha} \cos(\beta p), \quad P = q^{\alpha} \sin(\beta p)
$$

and verify using the canonical transformation condition.","Method 1: Using the canonical transformation condition:

From

$$
\begin{aligned}
p \, \mathrm{d}q + c \, Q \, \mathrm{d}P = \mathrm{d}S, \\
Q = q^{\alpha} \cos(\beta p), \quad P = q^{\alpha} \sin(\beta p)
\end{aligned}
$$

we obtain

$$
\begin{aligned}
p &= \frac{1}{\beta} \arcsin\left(P q^{-\alpha}\right), \\
Q &= q^{\alpha} \sqrt{1 - P^2 q^{-2\alpha}}, \\
p \, \mathrm{d}q + c \, Q \, \mathrm{d}P &= \frac{1}{\beta} \arcsin\left(P q^{-\alpha}\right) \mathrm{d}q + c q^{\alpha} \sqrt{1 - P^2 q^{-2\alpha}} \, \mathrm{d}P,
\end{aligned}
$$

\[
\frac{\partial}{\partial P} \left[\frac{1}{\beta} \arcsin\left(P q^{-\alpha}\right)\right] = \frac{1}{\beta} \frac{1}{\sqrt{q^{2\alpha} - P^2}},
\]

\[
\frac{\partial}{\partial q} \left[c q^{\alpha} \sqrt{1 - P^2 q^{-2\alpha}}\right] = \frac{c \alpha q^{2\alpha-1}}{\sqrt{q^{2\alpha} - P^2}}.
\]

For the transformation to be canonical, the two partial derivatives must be equal,

$$
\frac{1}{\beta} \cdot \frac{1}{\sqrt{q^{2\alpha} - P^2}} = \frac{c \alpha q^{2\alpha-1}}{\sqrt{q^{2\alpha} - P^2}}
$$

which results in

$$
\frac{1}{\beta} = c \alpha q^{2\alpha-1}
$$

Therefore, $\alpha = \frac{1}{2}, \beta = \frac{1}{c\alpha} = \frac{2}{c} = c'$ (where $c'$ can be any non-zero constant).","\boxed{\alpha = \frac{1}{2}, \beta = c'}",EQ,"None, None",True,EN,Math Derivation
2475,Mechanics and Thermodynamics,Theoretical Mechanics,Hamiltonian Formulation of Mechanics,"A particle with mass $m$ moves in a potential field $V(r)=\frac{k}{r^{2}}$ (where $k>0$ and is a constant). Using the Hamiltonian function and the Hamilton-Jacobi equation, solve:

1. Define the expression for the Hamiltonian function $H$.","$$
H=\frac{1}{2m}\left(p_{r}^{2}+\frac{1}{r^{2}} p_{\varphi}^{2}\right)+\frac{k}{r^{2}}
$$",\boxed{H=\frac{1}{2m}\left(p_{r}^{2}+\frac{1}{r^{2}} p_{\varphi}^{2}\right)+\frac{k}{r^{2}}},EQ,,False,EN,Knowledge Recall
2476,Mechanics and Thermodynamics,Theoretical Mechanics,Hamiltonian Formulation of Mechanics,"Write the Hamiltonian function of a particle with mass \( m \) moving in a potential field \( V(x, y, z) \) using spherical coordinates.","Using spherical coordinates \( r, \varphi, \theta \),

\[
\begin{aligned}
x &= r \sin \theta \cos \varphi, \\
y &= r \sin \theta \sin \varphi, \\
z &= r \cos \theta,
\end{aligned}
\]

\[
\begin{aligned}
\dot{x} &= \dot{r} \sin \theta \cos \varphi + r \dot{\theta} \cos \theta \cos \varphi - r \dot{\varphi} \sin \theta \sin \varphi, \\
\dot{y} &= \dot{r} \sin \theta \sin \varphi + r \dot{\theta} \cos \theta \sin \varphi + r \dot{\varphi} \sin \theta \cos \varphi, \\
\dot{z} &= \dot{r} \cos \theta - r \dot{\theta} \sin \theta, \\
T &= \frac{1}{2} m\left(\dot{x}^{2} + \dot{y}^{2} + \dot{z}^{2}\right) = \frac{1}{2} m\left(\dot{r}^{2} + r^{2} \dot{\theta}^{2} + r^{2} \sin^{2} \theta \cdot \dot{\varphi}^{2}\right), \\
L &= \frac{1}{2} m\left(\dot{r}^{2} + r^{2} \dot{\theta}^{2} + r^{2} \dot{\varphi}^{2} \sin^{2} \theta\right) - V(r \sin \theta \cos \varphi, r \sin \theta \sin \varphi, r \cos \theta), \\
p_{r} &= \frac{\partial L}{\partial \dot{r}} = m \dot{r}, \quad p_{\theta} = \frac{\partial L}{\partial \dot{\theta}} = m r^{2} \dot{\theta}, \quad p_{\varphi} = \frac{\partial L}{\partial \dot{\varphi}} = m r^{2} \dot{\varphi} \sin^{2} \theta,
\end{aligned}
\]

\[
\begin{aligned}
H &= \frac{p_{r}^{2}}{2 m} + \frac{p_{\theta}^{2}}{2 m r^{2}} + \frac{p_{\varphi}^{2}}{2 m r^{2} \sin^{2} \theta} + V(r \sin \theta \cos \varphi, r \sin \theta \sin \varphi, r \cos \theta).
\end{aligned}
\]","\boxed{H = \frac{p_{r}^{2}}{2} + \frac{p_{\theta}^{2}}{2 r^{2}} + \frac{p_{\varphi}^{2}}{2 r^{2} \sin^{2} \theta} + V(r \sin \theta \cos \varphi, r \sin \theta \sin \varphi, r \cos \theta)}",EQ,,False,EN,Math Derivation
2478,Mechanics and Thermodynamics,Theoretical Mechanics,Hamiltonian Formulation of Mechanics,"On the $xy$-plane, there is a curve $y = y(x)$ that passes through two points $P_{1}(x_{1}, y_{1})$ and $P_{2}(x_{2}, y_{2})$. The surface area of the surface generated when this curve is rotated about the $x$-axis is minimized. Determine the function $y(x)$ for this type of problem.","Let's consider an infinitesimal line segment $\mathrm{d} S$ on the curve, whose rotation around the $x$-axis sweeps out an area given by

$$
\mathrm{d} A = 2 \pi y \, \mathrm{d} S
$$

The area swept out by one complete rotation of the curve from point $P_{1}$ to $P_{2}$ around the $x$-axis is

$$
A = \int_{P_{1}}^{P_{2}} 2 \pi y \, \mathrm{d} S = 2 \pi \int_{x_{1}}^{x_{2}} y \sqrt{1+\left(\frac{\mathrm{d} y}{\mathrm{~d} x}\right)^{2}} \, \mathrm{d} x
$$

To minimize $A$, the condition is $\delta A = 0$. Ultimately, we derive

$$
\sqrt{1+y^{\prime 2}}-\frac{\mathrm{d}}{\mathrm{~d} x}\left[y y^{\prime}\left(1+y^{\prime 2}\right)^{-\frac{1}{2}}\right]=0
$$

Since

$$
1+y^{\prime 2} \neq 0 \Rightarrow 1+y^{\prime 2}-y y^{\prime \prime}=0
$$

Substituting into the equation, we obtain

$$
y=\frac{1}{C_{1}} \cosh \left(C_{1} x+C_{2}\right)
$$

where $C_{1}$ and $C_{2}$ are integration constants that are determined by $y_{1}=y(x_{1})$ and $y_{2}=y(x_{2})$.",\boxed{y = \frac{1}{C_{1}} \cosh \left(C_{1} x+C_{2}\right)},EQ,,False,EN,Math Derivation
2479,Mechanics and Thermodynamics,Theoretical Mechanics,Hamiltonian Formulation of Mechanics,"Find the second constant of motion for an isotropic three-dimensional harmonic oscillator. Use cylindrical coordinates, and rewrite the Lagrangian as

$$ L = \frac{1}{2} m(\dot{r}^2 + r^2 \dot{\varphi}^2 + \dot{z}^2) - \frac{1}{2} k(r^2 + z^2) $$","The Hamiltonian is

$$ H = \frac{1}{2m}(p_r^2 + \frac{1}{r^2} p_{\varphi}^2 + p_z^2) + \frac{1}{2} k(r^2 + z^2) $$

Since $\frac{\partial H}{\partial \varphi} = 0$, it follows that $p_{\varphi} = \frac{\partial L}{\partial \dot{\varphi}} = m r^2 \dot{\varphi} = C_2$ is a constant of motion. Rewriting in Cartesian coordinates, this can be expressed as

$$ F_2 = J_z = m(x \dot{y} - y \dot{x}) = x p_y - y p_x = C_2 $$",\boxed{p_{\varphi} = C_2},EQ,,False,EN,Math Derivation
2480,Mechanics and Thermodynamics,Theoretical Mechanics,Hamiltonian Formulation of Mechanics,"In a spherical coordinate system, a point mass with mass $m$ moves in a potential field described by $V=f(r) + \frac{1}{r^{2}} g(\theta)$. Find the solution for $W$ using the separation of variables $W(r, \theta) = W_{1}(\theta) + W_{2}(r)$.","$$
\begin{aligned}
W(r, \theta) &= W_{1}(\theta) + W_{2}(r), \\
\left(\frac{\mathrm{d} W_{1}}{\mathrm{d} \theta}\right)^{2} + \frac{\alpha_{\varphi}^{2}}{\sin^{2} \theta} + 2m g(\theta) &= \alpha_{\theta}, \\
r^{2} \left(\frac{\mathrm{d} W_{2}}{\mathrm{d} r}\right)^{2} + 2m r^{2} f(r) - 2m h r^{2} &= -\alpha_{\theta}.
\end{aligned}
$$","\boxed{W(r, \theta) = W_{1}(\theta) + W_{2}(r)}",EQ,,False,EN,Math Derivation
2481,Mechanics and Thermodynamics,Theoretical Mechanics,Hamiltonian Formulation of Mechanics,A particle slides along a smooth curve from one point to another within a vertical plane without initial velocity. Find the differential equation that this smooth curve must satisfy so that the time required is minimized.,"Solution

$$
J=\int \frac{\mathrm{d} s}{v}=\int_{x_{0}}^{x_{1}} \frac{\sqrt{1+y^{\prime 2}}}{\sqrt{2 g y}} \, \mathrm{d} x
$$

$$
\begin{gathered}
\delta \int_{x_{0}}^{x_{1}} \frac{\sqrt{1+y^{\prime 2}}}{\sqrt{y}} \, \mathrm{d} x=0 \\
F=\frac{\sqrt{1+y^{\prime 2}}}{\sqrt{y}} \\
\frac{\partial F}{\partial y^{\prime}}=\frac{y^{\prime}}{\sqrt{y} \cdot \sqrt{1+y^{\prime 2}}}, \quad \frac{\partial F}{\partial y}=-\sqrt{1+y^{\prime 2}} \frac{1}{2 y^{3 / 2}} \\
\frac{\mathrm{d}}{\mathrm{d} x}\left(\frac{\partial F}{\partial y^{\prime}}\right)=\frac{y^{\prime \prime}}{\sqrt{y} \cdot \sqrt{1+y^{\prime 2}}}-\frac{y^{\prime}}{\sqrt{y}} \frac{y^{\prime} \cdot y^{\prime \prime}}{\left(1+y^{\prime 2}\right)^{3 / 2}}-\frac{y^{\prime}}{\sqrt{1+y^{\prime 2}}} \cdot \frac{y^{\prime}}{2 y^{3 / 2}} \\
=\frac{y^{\prime \prime}}{y^{1 / 2}\left(1+y^{\prime 2}\right)^{3 / 2}}-\frac{y^{\prime 2}}{2 y^{3 / 2}\left(1+y^{\prime 2}\right)^{1 / 2}}
\end{gathered}
$$

From the Euler equation $\frac{\mathrm{d}}{\mathrm{d} x}\left(\frac{\partial F}{\partial y^{\prime}}\right)-\frac{\partial F}{\partial y}=0$, we get

$$
\frac{y^{\prime \prime}}{y^{1 / 2}\left(1+y^{\prime 2}\right)^{3 / 2}}+\frac{1}{2 y^{3 / 2}\left(1+y^{\prime 2}\right)^{1 / 2}}=0
$$

Multiplying both sides by a non-zero factor $2 y^{3 / 2}\left(1+y^{\prime 2}\right)^{3 / 2}$, the differential equation can be written as

$$
2 y y^{\prime \prime}+y^{\prime 2}+1=0
$$",\boxed{2 y y^{\prime \prime}+y^{\prime 2}+1=0},EQ,,False,EN,Math Derivation
2482,Mechanics and Thermodynamics,Theoretical Mechanics,Lagrangian Formulation of Mechanics,"The radius \( r \) of a soap bubble changes with time according to the law \( r = a t + b \) (where \( a \) and \( b \) are constants), and a particle of mass \( m \) remains in motion on its surface. At \( t=0 \), the particle is given a tangential velocity \( v \). Ignoring the effect of gravity, find the force exerted by the surface on the particle.","Consider spherical coordinates, with the particle at \( t=0 \) positioned at \( \theta=\frac{\pi}{2}, \varphi=0, v=b \dot{\varphi}_0 \).

Constraint equations:

\[
r = a t + b, \quad \dot{r} = a, \quad \delta r = 0
\]

Substitute the formula \( r^{2} \dot{\varphi} = b v \) into the Lagrange equation

\[
m \ddot{r} - m r \dot{\theta}^{2} - m r \dot{\varphi}^{2} \sin^{2} \theta = \lambda
\]

Note that \(\ddot{r}=0, \theta=\frac{\pi}{2}, \dot{\theta}=0\), thus the constraint force is obtained as

\[
\lambda = -m r\left(\frac{b v}{r^{2}}\right)^{2} = -\frac{m b^{2} v^{2}}{r^{3}}
\]

The negative value indicates that the constraint force is a tensile force.",\boxed{-\frac{m b^{2} v^{2}}{r^{3}}},NV,,False,EN,Math Derivation
2483,Mechanics and Thermodynamics,Theoretical Mechanics,Hamiltonian Formulation of Mechanics,"Under the given problem conditions, find the function of the Hamiltonian \( H^{*}(J) \) and the frequency \( \nu \), and then derive the expression for the period \( T \).","We derive the following:
\[
E=-\frac{8\pi^{2}mk^{2}}{J^{2}}
\]

The function for the Hamiltonian \( H^{*}(J) \) is:
\[
H^{*}(J)=E=-\frac{8\pi^{2}mk^{2}}{J^{2}}
\]

The frequency is:
\[
\nu=\frac{\partial H^{*}}{\partial J}=16\pi^{2}mk^{2}J^{-3}=\frac{(-E)^{3/2}}{\pi k \sqrt{2m}}
\]

The period \( T \) is:
\[
T=\frac{1}{\nu}=\pi k \sqrt{2m}(-E)^{-3/2}
\]","\boxed{-\frac{8\pi^{2}mk^{2}}{J^{2}}, \frac{(-E)^{3/2}}{\pi k \sqrt{2m}}, \pi k \sqrt{2m}(-E)^{-3/2}}","EX, EX, EX",,True,EN,Math Derivation
2484,Mechanics and Thermodynamics,Theoretical Mechanics,Hamiltonian Formulation of Mechanics,"In spherical coordinates, a particle of mass \( m \) has a potential field given by \( V = f(r) + \frac{1}{r^{2}} g(\theta) \). It is known that the Hamiltonian is expressed as \( H = \frac{1}{2m} \left(p_{r}^{2} + \frac{1}{r^{2}} p_{\theta}^{2} + \frac{1}{r^{2} \sin^{2} \theta} p_{\varphi}^{2}\right) + f(r) + \frac{1}{r^{2}} g(\theta) \). Find the action \( S \) of the generalized momenta \(\alpha_{\varphi}\) and \(\alpha_{\theta}\).","$$
\begin{aligned}
S &= -h t + \alpha_{\varphi} \varphi + W, \\
\frac{1}{2m} \left[\left(\frac{\partial W}{\partial r}\right)^{2} + \frac{1}{r^{2}}\left(\frac{\partial W}{\partial \theta}\right)^{2} + \frac{1}{r^{2} \sin^{2} \theta} \alpha_{\varphi}^{2}\right]+ f(r) + \frac{1}{r^{2}} g(\theta) = h, \\
r^{2} \left(\frac{\partial W}{\partial r}\right)^{2} + 2m r^{2} f(r) - 2m h r^{2} + \left(\frac{\partial W}{\partial \theta}\right)^{2} + \frac{\alpha_{\varphi}^{2}}{\sin^{2} \theta} + 2m g(\theta) = 0.
\end{aligned}
$$","\boxed{\alpha_{\varphi}, \alpha_{\theta}}",EX,"None, None",True,EN,Math Derivation
2487,Mechanics and Thermodynamics,Theoretical Mechanics,Hamiltonian Formulation of Mechanics,"A particle is moving under the influence of gravity on the inner surface of a smooth, rotating paraboloid whose axis is vertical. Using the radial distance \( r \) and azimuthal angle \( \varphi \) as generalized coordinates, derive the differential equation of motion that \( r \) satisfies as a function of time.","From \(\frac{\mathrm{d}}{\mathrm{d} t}\left(\frac{\partial L}{\partial \dot{q}_i}\right) - \frac{\partial L}{\partial q_i} = 0\), we have

\[
\begin{aligned}
\left(1 + 4 A^2 r^2 \right) \ddot{r} + 4 A^2 r \dot{r}^2 - r \dot{\varphi}^2 + 2 g A r = 0, \\
r^2 \dot{\varphi} = h \quad \text{(constant)}.
\end{aligned}
\]

Using the second equation to eliminate \(\dot{\varphi}\) in the first equation, we get

\[
\left(1 + 4 A^2 r^2 \right) r^3 \ddot{r} + 4 A^2 r^4 \dot{r}^2 + 2 g A r^4 = h^2.
\]",\boxed{\left(1 + 4 A^2 r^2 \right) r^3 \ddot{r} + 4 A^2 r^4 \dot{r}^2 + 2 g A r^4 = h^2},EQ,,False,EN,Math Derivation
2491,Mechanics and Thermodynamics,Theoretical Mechanics,Hamiltonian Formulation of Mechanics,"The Hamiltonian function of a certain system is  

$$  
H=\frac{1}{2m} p_{1}^{2}+\frac{1}{2m}\left(p_{2}-k q_{1}\right)^{2}  
$$

where \( m, k \) are constants. Use Hamilton's canonical equations to solve the motion trajectory of this system.","The Hamiltonian function is  

$$  
H=\frac{1}{2m} p_{1}^{2}+\frac{1}{2m}\left(p_{2}-k q_{1}\right)^{2}  
$$

Solve using Hamilton's canonical equations,  

$$  
\begin{gathered}  
\dot{q}_{1}=\frac{\partial H}{\partial p_{1}}=\frac{p_{1}}{m}, \\  
\dot{q}_{2}=\frac{\partial H}{\partial p_{2}}=\frac{1}{m}\left(p_{2}-k q_{1}\right), \\  
\dot{p}_{1}=-\frac{\partial H}{\partial q_{1}}=\frac{k}{m}\left(p_{2}-k q_{1}\right), \\  
\dot{p}_{2}=-\frac{\partial H}{\partial q_{2}}=0, \\  
p_{2}=\alpha, \\  
\dot{p}_{1}=\frac{k}{m}\left(\alpha-k q_{1}\right), \\  
\ddot{q}_{1}=\frac{1}{m} \dot{p}_{1}=\frac{k}{m^{2}}\left(\alpha-k q_{1}\right)=\frac{k^{2}}{m^{2}}\left(\frac{\alpha}{k}-q_{1}\right), \\  
q_{1}^{\prime}=q_{1}-\frac{\alpha}{k}, \\  
\ddot{q}_{1}^{\prime}+\frac{k^{2}}{m^{2}} q_{1}^{\prime}=0, \\  
q_{1}^{\prime}=A \cos \left(\frac{k}{m} t+\varphi\right), \\  
q_{1}=\frac{\alpha}{k}+A \cos \left(\frac{k}{m} t+\varphi\right), \\  
\dot{q}_{2}=\frac{1}{m}\left(\alpha-k q_{1}\right)=-\frac{k}{m} A \cos \left(\frac{k}{m} t+\varphi\right), \\  
q_{2}=-A \sin \left(\frac{k}{m} t+\varphi\right)+\beta.  
\end{gathered}  
$$

Eliminate \( t \) to obtain the trajectory equation  

$$  
\left(q_{1}-\frac{\alpha}{k}\right)^{2}+\left(q_{2}-\beta\right)^{2}=A^{2}.  
$$

If the amplitude \( A \) is expressed using the energy \( h \) of the system, then  

$$  
\begin{gathered}  
h=\frac{1}{2} m\left(\dot{q}_{1}^{2}+\dot{q}_{2}^{2}\right)=\frac{A^{2} k^{2}}{2m}, \\  
A^{2}=\frac{2mh}{k^{2}}.  
\end{gathered}  
$$

The trajectory equation can be expressed as  

$$  
\left(q_{1}-\frac{\alpha}{k}\right)^{2}+\left(q_{2}-\beta\right)^{2}=\frac{2mh}{k^{2}}.  
$$",\boxed{\left(q_{1}-\frac{\alpha}{k}\right)^{2}+\left(q_{2}-\beta\right)^{2}=\frac{2mh}{k^{2}}},EQ,,False,EN,Math Derivation
2492,Mechanics and Thermodynamics,Theoretical Mechanics,Lagrangian Formulation of Mechanics,"A massless spring with a natural length of $l_{0}$ and spring constant $k$ has one end fixed, while the other end is connected to a particle of mass $m$. The system moves within a vertical plane under the influence of gravity. Using $\varphi$ and $\lambda=\frac{r-r_{0}}{r_{0}}$ (where $r_{0}$ is the spring's length when in static equilibrium) as generalized coordinates, find the lowest order approximate solution of the motion when both $\lambda$ and $\varphi$ are very small. Given the initial conditions: at $t=0$, $\varphi=0$, $\lambda=A$, $\dot{\varphi}=\omega_{p} B$, and $\dot{\lambda}=0$, where $A$ and $B$ are constants.","When both $\lambda$ and $\varphi$ are small, and considering that $\lambda$, $\varphi$, $\dot{\lambda}$, $\dot{\varphi}$, $\ddot{\lambda}$, and $\ddot{\varphi}$ are all first-order small quantities, the equations simplify to:

\[
\begin{aligned}
& \ddot{\lambda}+\omega_{s}^{2} \lambda=0, \\
& \ddot{\varphi}+\omega_{p}^{2} \varphi=0.
\end{aligned}
\]

Using the given initial conditions: at $t = 0$, $\lambda = A$, $\dot{\lambda} = 0$, $\varphi = 0$, and $\dot{\varphi} = \omega_{p} B$, we solve these equations to get:

\[
\begin{aligned}
& \lambda=A \cos \omega_{s} t, \\
& \varphi=B \sin \omega_{p} t.
\end{aligned}
\]","\boxed{\lambda = A \cos \omega_{s} t, \varphi = B \sin \omega_{p} t}",EX,,True,EN,Laws Application
2494,Mechanics and Thermodynamics,Theoretical Mechanics,Small Vibrations of Finite System,"A lightweight elastic rope of length $4a$ is fixed at both ends and is in a state of tension. At points $a$ away from each end, there is a mass point with mass $m$ attached. Both mass points experience air resistance, which is proportional to their velocity, with a proportionality constant of $\beta$. Determine the expression for the resistance on the two mass points (neglecting external forces).","$$
R = \frac{1}{2} \beta \dot{x}_{1}^{2} + \frac{1}{2} \beta \dot{x}_{2}^{2}
$$

$$
\mathbf{R} = \begin{pmatrix} \beta & 0 \\ 0 & \beta \end{pmatrix}
$$","\boxed{R = \frac{1}{2} \beta \dot{x}_{1}^{2} + \frac{1}{2} \beta \dot{x}_{2}^{2}, \mathbf{R} = \begin{pmatrix} \beta & 0 \\ 0 & \beta \end{pmatrix}}","EX, EX","\text{None}, \text{None}",True,EN,Knowledge Recall
2496,Mechanics and Thermodynamics,Theoretical Mechanics,Hamiltonian Formulation of Mechanics,"The potential energy of a nonlinear oscillator is given by

$$
V(x) = \frac{1}{2} k x^{2} - \frac{1}{3} m \lambda x^{3}
$$

where $\lambda$ is a small parameter. Determine the relationship between the action variable $w$ and the unperturbed action $J^0$.","$$
\begin{aligned}
& w = \frac{\partial S}{\partial J} = w^{0} - \frac{\lambda}{18 \pi} m \nu^{0 1/2} \cdot \frac{3}{2} \left(\frac{2 J}{k}\right)^{1 / 2} \cdot \frac{2}{k} \left[3 \cos (2 \pi w^{0}) - \cos^{3}(2 \pi w^{0})\right] \\
& = w^{0} - \frac{\lambda m}{6 \pi k} \left(\frac{2 J \nu^{0}}{k}\right)^{1 / 2} \left[3 \cos (2 \pi w^{0}) - \cos^{3}(2 \pi w^{0})\right]
\end{aligned}
$$",\boxed{w = w^{0} - \frac{\lambda m}{6 \pi k} \left(\frac{2 J \nu^{0}}{k}\right)^{1 / 2} \left[3 \cos (2 \pi w^{0}) - \cos^{3}(2 \pi w^{0})\right]},EQ,,False,EN,Math Derivation
2497,Mechanics and Thermodynamics,Theoretical Mechanics,Hamiltonian Formulation of Mechanics,"Use the Hamilton-Jacobi equation to find the trajectory of a particle whose Hamiltonian is given by

$$
H=\frac{1}{2}\left(p_{1}^{2}+p_{2}^{2}\right)\left(q_{1}^{2}+q_{2}^{2}\right)^{-1}+\left(q_{1}^{2}+q_{2}^{2}\right)^{-1}.
$$

This requires determining the particle's motion trajectory using the Hamilton-Jacobi equation and the given Hamiltonian.","The Hamilton-Jacobi equation is:

$$
H=\frac{1}{2}\left(p_{1}^{2}+p_{2}^{2}\right)\left(q_{1}^{2}+q_{2}^{2}\right)^{-1}+\left(q_{1}^{2}+q_{2}^{2}\right)^{-1}.
$$

Define the action $S$ as $S=-ht+W$, where $W$ satisfies the reduced Hamilton-Jacobi equation:

$$
\frac{1}{2\left(q_{1}^{2}+q_{2}^{2}\right)}\left[\left(\frac{\partial W}{\partial q_{1}}\right)^{2}+\left(\frac{\partial W}{\partial q_{2}}\right)^{2}\right]+\frac{1}{q_{1}^{2}+q_{2}^{2}}=h.
$$

Let $W=W_{1}\left(q_{1}\right)+W_{2}\left(q_{2}\right)$, then

$$
\frac{1}{2}\left[\left(\frac{\partial W}{\partial q_{1}}\right)^{2}+\left(\frac{\partial W}{\partial q_{2}}\right)^{2}\right]-h\left(q_{1}^{2}+q_{2}^{2}\right)+1=0.
$$

This leads to two independent equations:

$$
\frac{1}{2}\left(\frac{\mathrm{d} W_{1}}{\mathrm{d} q_{1}}\right)^{2}-hq_{1}^{2}+\frac{1}{2}=\alpha
$$

and

$$
\frac{1}{2}\left(\frac{\mathrm{d} W_{2}}{\mathrm{d} q_{2}}\right)^{2}-hq_{2}^{2}+\frac{1}{2}=-\alpha.
$$

Solve these as:

$$
\left(\frac{\mathrm{d} W_{1}}{\mathrm{d} q_{1}}\right)^{2}=2\left(hq_{1}^{2}+\alpha-\frac{1}{2}\right),
$$

$$
\left(\frac{\mathrm{d} W_{2}}{\mathrm{d} q_{2}}\right)^{2}=2\left(hq_{2}^{2}-\alpha-\frac{1}{2}\right).
$$

Integrating these equations yields:

$$
W_{1}=\int \sqrt{2\left(hq_{1}^{2}+\alpha-\frac{1}{2}\right)} \,\mathrm{d} q_{1},
$$

$$
W_{2}=\int \sqrt{2\left(hq_{2}^{2}-\alpha-\frac{1}{2}\right)} \,\mathrm{d} q_{2}.
$$

Then, the action $S$ is given by:

$$
S=-ht+\int \sqrt{2\left(hq_{1}^{2}+\alpha-\frac{1}{2}\right)} \,\mathrm{d} q_{1}.
$$

Define:

$$
\beta^{\prime}=\frac{\partial S}{\partial \alpha}=\int \sqrt{2\left(hq_{2}^{2}-\alpha-\frac{1}{2}\right)} \,\mathrm{d} q_{2}.
$$

The trajectory is expressed as:

$$
\frac{\mathrm{d} q_{1}}{\sqrt{hq_{1}^{2}-\left(\frac{1}{2}-\alpha\right)}}-\sqrt{2} \int \frac{\mathrm{d} q_{2}}{\sqrt{hq_{2}^{2}-\left(\alpha+\frac{1}{2}\right)}}
$$

Solving with the integral formula:

$$
\int \frac{\mathrm{d} x}{\sqrt{x^{2}+a^{2}}}=\ln \left(x+\sqrt{x^{2}+a^{2}}\right),
$$

results in:

$$
\beta^{\prime}=\sqrt{\frac{2}{h}}\left[\ln \left(\sqrt{h} q_{1}+\sqrt{hq_{1}^{2}+\alpha-\frac{1}{2}}\right)-\ln \left(\sqrt{h} q_{2}+\sqrt{hq_{2}^{2}-\alpha-\frac{1}{2}}\right)\right].
$$

Introduce another constant $\beta=\exp \left(\sqrt{\frac{h}{2}} \beta^{\prime}\right)$, so the trajectory equation can be written as:

$$
\sqrt{h} q_{1}+\sqrt{hq_{1}^{2}+\alpha-\frac{1}{2}}=\beta\left(\sqrt{h} q_{2}+\sqrt{hq_{2}^{2}-\alpha-\frac{1}{2}}\right).
$$",\boxed{\sqrt{h} q_{1}+\sqrt{hq_{1}^{2}+\alpha-\frac{1}{2}}=\beta\left(\sqrt{h} q_{2}+\sqrt{hq_{2}^{2}-\alpha-\frac{1}{2}}\right)},EQ,,False,EN,Math Derivation
2499,Mechanics and Thermodynamics,Theoretical Mechanics,Hamiltonian Formulation of Mechanics,"A particle with mass $m$ is confined to move only along the $x$ axis inside a box, with the sides of the box moving towards the center at a rate $v$ much smaller than the speed of the particle. When the walls of the box are at a distance $x$ apart, determine the magnitude of the average external force that must be applied to each wall for them to move at a constant speed $v$.","The force exerted by the particle on the walls only exists during collisions. When considering the average force, it can be regarded as a continuous effect. Treating the walls and the particle as a system, let the magnitude of the average external force on each wall be $\bar{F}$, with the same direction as their velocity.

Method 1: Using the system's kinetic energy theorem, note that the kinetic energy of the walls remains constant,

therefore

$$
\frac{\mathrm{d}}{\mathrm{d}t}\left(\frac{1}{2m} p^{2}\right) = 2\bar{F}v,
$$

$$
\frac{\mathrm{d}}{\mathrm{d}t}\left[\frac{1}{2m} \frac{p_{0}^{2} x_{0}^{2}}{(x_{0} - 2vt)^{2}}\right] = 2 \bar{F} v,
$$

$$
\frac{1}{2m} p_{0}^{2} x_{0}^{2}(-2) \frac{-2v}{(x_{0} - 2vt)^{3}} = 2\bar{F}v,
$$

$$
\bar{F} = \frac{p_{0}^{2} x_{0}^{2}}{m(x_{0} - 2vt)^{3}} = \frac{p_{0}^{2} x_{0}^{2}}{mx^{3}}.
$$

Method 2: Consider the change in momentum when the particle collides with the box wall. With respect to the box wall, when the walls are at distance $x$, the speed of the particle relative to the stationary frame is $\frac{p}{m}$, and relative to the box wall, the speed is $\frac{p}{m} + v$. In an elastic collision, the change in momentum (absolute value) of the particle is

$$
\Delta p = m \left(\frac{p}{m} + v\right) - \left[-m\left(\frac{p}{m} + v\right)\right] = 2(p + mv).
$$

The time duration of such a collision is

$$
\Delta t = \frac{2x}{\frac{p}{m}} = \frac{2mx}{p}.
$$

The magnitude of the average force exerted on the particle, which is also the average force on one box wall, is

$$
\bar{F} = \frac{\Delta p}{\Delta t} = \frac{2(p + mv)}{\frac{2mx}{p}} \approx \frac{p^{2}}{mx}.
$$

Here, $p \gg mv$ was used. Substituting $p = \frac{p_{0} x_{0}}{x}$, we obtain

$$
\bar{F} = \frac{p_{0}^{2} x_{0}^{2}}{mx^{3}}.
$$",\boxed{\frac{p_{0}^{2} x_{0}^{2}}{mx^{3}}},EX,,False,EN,Math Derivation
2500,Mechanics and Thermodynamics,Theoretical Mechanics,Lagrangian Formulation of Mechanics,"If the resistance between the magnet and the thin iron plate in Problem 9.1.10 is proportional to the square of the relative velocity, find \( Q_{y_1} \).","The resistance experienced by the magnetic rod is

\[ 
- \alpha_1 \left| \dot{y}_1 \right| \dot{y}_1 = -4 \alpha_1 \left| \dot{y}_1 \right| \dot{y}_1 
\]

The resistance experienced by magnetic pole \( A \) is

\[ 
-\alpha_2 \left| \dot{y}_2 - 2\dot{y}_1 \right| \left( \dot{y}_2 - 2\dot{y}_1 \right) 
\]

The resistance experienced by magnetic pole \( B \) is

\[ 
\alpha_3 \left| 2\dot{y}_1 + \dot{y}_2 \right| \left( 2\dot{y}_1 + \dot{y}_2 \right) 
\]

Ultimately, \( Q_{y_1} \) is found to be:

\[ 
Q_{y_1} = -8 \alpha_1 \left| \dot{y}_1 \right| \dot{y}_1 + 2 \alpha_2 \left| \dot{y}_2 - 2 \dot{y}_1 \right| (\dot{y}_2 - 2\dot{y}_1) - 2 \alpha_3 \left| 2 \dot{y}_1 + \dot{y}_2 \right| (2 \dot{y}_1 + \dot{y}_2) 
\]",\boxed{-8 \alpha_1 \left| \dot{y}_1 \right| \dot{y}_1 + 2 \alpha_2 \left| \dot{y}_2 - 2 \dot{y}_1 \right| (\dot{y}_2 - 2\dot{y}_1) - 2 \alpha_3 \left| 2 \dot{y}_1 + \dot{y}_2 \right| (2 \dot{y}_1 + \dot{y}_2)},EX,,False,EN,Math Derivation
2501,Mechanics and Thermodynamics,Theoretical Mechanics,Hamiltonian Formulation of Mechanics,"The potential energy of a nonlinear oscillator is given by

$$
V(x) = \frac{1}{2} k x^{2} - \frac{1}{3} m \lambda x^{3}
$$

where $\lambda$ is a small quantity. Please express the inverse solution equation of the nonlinear oscillator.","\begin{gather*}
H = \frac{1}{2 m} p^{2} + \frac{1}{2} k x^{2} - \frac{1}{3} m \lambda x^{3} \tag{1} \\
H_{0} = \frac{1}{2 m} p^{2} + \frac{1}{2} k x^{2} \\
H_{1} = -\frac{1}{3} m \lambda x^{3} \\
\frac{1}{2 m} p^{2} + \frac{1}{2} k x^{2} = E \\
\frac{p^{2}}{2 m E} + \frac{x^{2}}{\frac{2 E}{k}} = 1
\end{gather*}",\boxed{\frac{p^{2}}{2 m E} + \frac{x^{2}}{\frac{2 E}{k}} = 1},EQ,,False,EN,Math Derivation
2503,Mechanics and Thermodynamics,Theoretical Mechanics,Small Vibrations of Finite System,"Write out the particular solution and the general solution of the system, and apply the initial conditions at \(t=0\) as \(q_{1}=q_{10}, q_{2}=q_{20}, q_{3}=q_{30}, \dot{q}_{1}=\dot{q}_{2}=\dot{q}_{3}=0\) to obtain the specific solution.","Using eigenvalues and eigenvectors, the form of the vibration can be written as

\[
\begin{gathered}
\left\{\begin{array}{l}
q_{1}^{(1)}=\cos \left(\sqrt{3} t+\alpha_{1}\right) \\
q_{2}^{(1)}=\cos \left(\sqrt{3} t+\alpha_{1}\right) \\
q_{3}^{(1)}=\cos \left(\sqrt{3} t+\alpha_{1}\right)
\end{array}\right. \\
\left\{\begin{array}{l}
q_{1}^{(2)}=\cos \left(2 t+\alpha_{2}\right) \\
q_{2}^{(2)}=0 \\
q_{3}^{(2)}=-\cos \left(2 t+\alpha_{2}\right)
\end{array}\right. \\
\left\{\begin{array}{l}
q_{1}^{(3)}=\cos \left(\sqrt{6} t+\alpha_{3}\right) \\
q_{2}^{(3)}=-2 \cos \left(\sqrt{6} t+\alpha_{3}\right) \\
q_{3}^{(3)}=\cos \left(\sqrt{6} t+\alpha_{3}\right)
\end{array}\right.
\end{gathered}
\]

The general solution is

\[
q_{j}=\sum_{i=1}^{3} C_{i} u_{j}^{(i)} \cos \left(\omega_{i} t+\alpha_{i}\right) \quad (j=1,2,3)
\]

\[
q_{1}=C_{1} \cos \left(\sqrt{3} t+\alpha_{1}\right)+C_{2} \cos \left(2 t+\alpha_{2}\right)+C_{3} \cos \left(\sqrt{6} t+\alpha_{3}\right)
\]

\[
\begin{gathered}
q_{2}=C_{1} \cos \left(\sqrt{3} t+\alpha_{1}\right)-2 C_{3} \cos \left(\sqrt{6} t+\alpha_{3}\right) \\
q_{3}=C_{1} \cos \left(\sqrt{3} t+\alpha_{1}\right)-C_{2} \cos \left(2 t+\alpha_{2}\right)+C_{3} \cos \left(\sqrt{6} t+\alpha_{3}\right)
\end{gathered}
\]

Using the initial conditions, we obtain

\[
\begin{aligned}
q_{1} & =\frac{1}{6}\left[2\left(q_{10}+q_{20}+q_{30}\right) \cos \sqrt{3} t+3\left(q_{10}-q_{30}\right) \cos 2 t+\left(q_{10}-2 q_{20}+q_{30}\right) \cos \sqrt{6} t\right] \\
q_{2} & =\frac{1}{3}\left[\left(q_{10}+q_{20}+q_{30}\right) \cos \sqrt{3} t-\left(q_{10}-2 q_{20}+q_{30}\right) \cos \sqrt{6} t\right] \\
q_{3} & =\frac{1}{6}\left[2\left(q_{10}+q_{20}+q_{30}\right) \cos \sqrt{3} t-3\left(q_{10}-q_{30}\right) \cos 2 t+\left(q_{10}-2 q_{20}+q_{30}\right) \cos \sqrt{6} t\right]
\end{aligned}
\]","\[
\boxed{
\begin{aligned}
&q_{1}=\frac{1}{6}\left[2\left(q_{10}+q_{20}+q_{30}\right) \cos \sqrt{3} t+3\left(q_{10}-q_{30}\right) \cos 2 t+\left(q_{10}-2 q_{20}+q_{30}\right) \cos \sqrt{6} t\right],\\
&q_{2}=\frac{1}{3}\left[\left(q_{10}+q_{20}+q_{30}\right) \cos \sqrt{3} t-\left(q_{10}-2 q_{20}+q_{30}\right) \cos \sqrt{6} t\right],\\
&q_{3}=\frac{1}{6}\left[2\left(q_{10}+q_{20}+q_{30}\right) \cos \sqrt{3} t-3\left(q_{10}-q_{30}\right) \cos 2 t+\left(q_{10}-2 q_{20}+q_{30}\right) \cos \sqrt{6} t\right]
\end{aligned}
}
\]",EQ,,False,EN,Math Derivation
2507,Mechanics and Thermodynamics,Theoretical Mechanics,Small Vibrations of Finite System,"A particle with mass \( m \) moves under the influence of gravity on a smooth surface defined by the equation

\[ z = x^{2} + y^{2} - xy \]

where the \( z \) axis points vertically upwards. Find the differential equation of motion for this particle.","\[  
\begin{aligned}  
& z = x^{2} + y^{2} - xy \\  
& \dot{z} = 2x\dot{x} + 2y\dot{y} - \dot{x}y - x\dot{y} = \dot{x}(2x-y) + \dot{y}(2y-x) \\  
& L = \frac{1}{2}m\left[\dot{x}^{2} + \dot{y}^{2} + \dot{x}^{2}(2x-y)^{2} + \dot{y}^{2}(2y-x)^{2}\right. \\  
& \quad + 2\dot{x}\dot{y}(2x-y)(2y-x)\right] - mg(x^{2} + y^{2} - xy)  
\end{aligned}  
\]  

From \(\frac{d}{dt}\left(\frac{\partial L}{\partial \dot{q}_{i}}\right) - \frac{\partial L}{\partial q_{i}} = 0\), we get  

\[  
\begin{aligned}  
& \frac{d}{dt}\left[\dot{x} + \dot{x}(2x-y)^{2} + \dot{y}(2x-y)(2y-x)\right] \\  
= & 2\dot{x}^{2}(2x-y) - \dot{y}^{2}(2y-x) + 2\dot{x}\dot{y}(2y-x) - \dot{x}\dot{y}(2x-y) - 2gx + gy \\  
& \frac{d}{dt}\left[\dot{y} + \dot{y}(2y-x)^{2} + \dot{x}(2x-y)(2y-x)\right] \\  
= & -\dot{x}^{2}(2x-y) + 2\dot{y}^{2}(2y-x) + \dot{x}\dot{y}(2y-x) - 2\dot{x}\dot{y}(2x-y) - 2gy + gx  
\end{aligned}  
\]","\boxed{\frac{d}{dt}\left[\dot{x} + \dot{x}(2x-y)^{2} + \dot{y}(2x-y)(2y-x)\right] = 2\dot{x}^{2}(2x-y) - \dot{y}^{2}(2y-x) + 2\dot{x}\dot{y}(2y-x) - \dot{x}\dot{y}(2x-y) - 2gx + gy, \frac{d}{dt}\left[\dot{y} + \dot{y}(2y-x)^{2} + \dot{x}(2x-y)(2y-x)\right] = -\dot{x}^{2}(2x-y) + 2\dot{y}(2y-x) - \dot{x}\dot{y}(2y-x) + 2\dot{x}\dot{y}(2x-y) - 2gy + gx}","EQ, EQ","None, None",True,EN,Math Derivation
2511,Mechanics and Thermodynamics,Theoretical Mechanics,Hamiltonian Formulation of Mechanics,"A particle with mass \( m \) is undergoing one-dimensional motion under the potential energy \( V = -\frac{k}{|x|} \) (where \( k \) is a positive constant). When the energy is negative, the motion is bounded and oscillatory. Derive the expression for the period \( T \) using the action variable \( J \).","The Hamiltonian is
\[
H = \frac{1}{2m} p^{2} - \frac{k}{|x|}
\]

Considering \( E < 0 \),

The momentum \( p \) is expressed as:
\[
p = \sqrt{2m\left(E + \frac{k}{|x|}\right)}
\]

The action variable \( J \) is:
\[
J = \oint p \, \mathrm{d} x = 2\left[\int_{\frac{k}{E}}^{0} \sqrt{2m\left(E - \frac{k}{x}\right)} \, \mathrm{d} x + \int_{0}^{-\frac{k}{E}} \sqrt{2m\left(E + \frac{k}{x}\right)} \, \mathrm{d} x\right]
\]

For the first integral, let \( x^{\prime} = -x, \, \mathrm{d} x = -\mathrm{d} x^{\prime} \),

\[
\int_{\frac{k}{E}}^{0} \sqrt{2m\left(E - \frac{k}{x}\right)} \, \mathrm{d} x = -\int_{-\frac{k}{E}}^{0} \sqrt{2m\left(E + \frac{k}{x^{\prime}}\right)} \, \mathrm{d} x^{\prime} = \int_{0}^{-\frac{k}{E}} \sqrt{2m\left(E + \frac{k}{x}\right)} \, \mathrm{d} x
\]

Therefore,
\[
J = 4 \int_{0}^{-\frac{k}{E}} \sqrt{2m\left(E + \frac{k}{x}\right)} \, \mathrm{d} x
\]

Using the substitution, let \( x = u^{2}, \, \mathrm{d} x = 2u \, \mathrm{d} u \),

\[
J = 4 \int_{0}^{\sqrt{-\frac{k}{E}}} \sqrt{2m\left(E + \frac{k}{u^{2}}\right)} \cdot 2u \, \mathrm{d} u = 8 \sqrt{2m} \int_{0}^{\sqrt{-\frac{k}{E}}} \sqrt{k - \sqrt{-E}u^{2}} \, \mathrm{d} u
\]

Using the integral formula:

\[
\int \sqrt{a^{2} - x^{2}} \, \mathrm{d} x = \frac{1}{2}\left[x \sqrt{a^{2} - x^{2}} + a^{2} \arcsin\left(\frac{x}{a}\right)\right]
\]

Finally, we obtain:
\[
J = \frac{2 \pi \sqrt{2m}k}{\sqrt{-E}}
\]","\[
\boxed{\frac{2 \pi \sqrt{2m}k}{\sqrt{-E}}}
\]",NV,,False,EN,
2514,Mechanics and Thermodynamics,Theoretical Mechanics,Small Vibrations of Finite System,"Two metallic small spheres, each with mass \( m \) and charge \( e \), are suspended on the same horizontal line using a non-stretchable light insulating string of length \( l \). The suspension points are separated by a distance of \( a \). Allow the two spheres to perform small oscillations near their equilibrium position. Find the Lagrangian function of the small spheres.","The Lagrangian function is:
\[
L = \frac{1}{2} m l^{2} \dot{\theta}_{1}^{2} + \frac{1}{2} m l^{2} \dot{\theta}_{2}^{2} - \left(\frac{1}{2} m g l + \frac{e^{2} l^{2}}{2 \pi \varepsilon_{0} a^{3}}\right) \left(\theta_{1}^{2} + \theta_{2}^{2}\right) + \frac{e^{2} l^{2}}{\pi \varepsilon_{0} a^{3}} \theta_{1} \theta_{2} + \frac{e^{2} l}{4 \pi \varepsilon_{0} a^{2}} \left(\theta_{2} - \theta_{1}\right)
\]",\boxed{L = \frac{1}{2} m l^{2} \dot{\theta}_{1}^{2}+\frac{1}{2} m l^{2} \dot{\theta}_{2}^{2}-\left(\frac{1}{2} m g l+\frac{e^{2} l^{2}}{2 \pi \varepsilon_{0} a^{3}}\right) \left(\theta_{1}^{2}+\theta_{2}^{2}\right) + \frac{e^{2} l^{2}}{\pi \varepsilon_{0} a^{3}} \theta_{1} \theta_{2}+\frac{e^{2} l}{4 \pi \varepsilon_{0} a^{2}}\left(\theta_{2}-\theta_{1}\right)},EX,J,False,EN,Math Derivation
2515,Mechanics and Thermodynamics,Theoretical Mechanics,Hamiltonian Formulation of Mechanics,"For a particle of mass \( m \) undergoing one-dimensional motion in a potential field \( V(q) = \frac{1}{2} m \omega^{2} q^{2} \), experiencing a resistance proportional to its velocity \(-2 m \gamma \dot{q}\), consider the case of weak damping \(\gamma < \omega\). Using the Hamiltonian after a canonical transformation \( H^{*}(Q,P,t) = \frac{1}{2 m} P^{2}+\frac{1}{2} m \omega^{2} Q^{2}+\gamma Q P \), find the solution of the damped oscillator, \( q(t) \).","\[
\begin{align*}
H^{*} & =\frac{1}{2 m} P^{2} + \frac{1}{2} m \omega^{2} Q^{2} + \gamma Q P \\
\dot{P} & = -\frac{\partial H^{*}}{\partial Q} = -m \omega^{2} Q - \gamma P \tag{1} \\
\dot{Q} & = \frac{\partial H^{*}}{\partial P} = \frac{1}{m} P + \gamma Q \tag{2} \\
P & = m(\dot{Q} - \gamma Q)
\end{align*}
\]

Differentiating both sides of equation (2) with respect to \( t \), eliminating \( \dot{P} \) using equation (1), and eliminating \( P \) using equation (2), we obtain

\[
\ddot{Q} + \left(\omega^{2} - \gamma^{2}\right) Q = 0
\]

For the weak damping scenario, \(\gamma < \omega\),

\[
Q = A \sin \left(\omega_{\gamma} t + \alpha\right)
\]

where \(\omega_{\gamma} = \sqrt{\omega^{2} - \gamma^{2}}, A,\) and \(\alpha\) are integration constants.

\[
\begin{aligned}
P & = m(\dot{Q} - \gamma Q) \\
& = m\left[A \omega_{\gamma} \cos \left(\omega_{\gamma} t + \alpha\right) - \gamma A \sin \left(\omega_{\gamma} t + \alpha\right)\right]
\end{aligned}
\]

It follows that \( H^{*} = \frac{1}{2 m} P^{2} + \frac{1}{2} m \omega^{2} Q^{2} + \gamma Q P = \frac{1}{2} m \omega_{\gamma}^{2} A^{2} \).

\[
\begin{gathered}
A = \frac{1}{\omega_{\gamma}} \sqrt{\frac{2 H^{*}}{m}} \\
q = e^{-\gamma t} Q = \frac{1}{\omega_{\gamma}} \sqrt{\frac{2 H^{*}}{m}} e^{-\gamma t} \sin \left(\omega_{\gamma} t + \alpha\right)
\end{gathered}
\]

where \(\omega_{\gamma} = \sqrt{\omega^{2} - \gamma^{2}}, H^{*},\) and \(\alpha\) are constants determined by initial conditions.",\boxed{q(t) = \frac{1}{\omega_{\gamma}} \sqrt{\frac{2 H^{*}}{m}} e^{-\gamma t} \sin \left(\omega_{\gamma} t + \alpha\right)},EX,,False,EN,Math Derivation
2516,Mechanics and Thermodynamics,Theoretical Mechanics,Hamiltonian Formulation of Mechanics,"If there is a disturbance, the Hamiltonian function becomes \(H = \frac{1}{2} q^{2} + \frac{1}{2} p^{2}\). Using the canonical transformation previously obtained, express the transformed Hamiltonian function \(H^{*}\) in terms of \(\alpha\), \(\beta\), and \(t\). Solve for \(\beta(t)\) and \(\alpha(t)\), and prove that the solution after the disturbance is harmonic.","Solution

The canonical transformation relations are

\[
\begin{gather*}
q = \beta + \alpha t, \quad p = \alpha \\
H = \frac{1}{2} p^{2} + \frac{1}{2} q^{2} \tag{2}
\end{gather*}
\]

Using the canonical transformation generated by the solved generating function,

\[
\begin{aligned}
H^{*} &= H + \frac{\partial S}{\partial t} = \frac{1}{2} p^{2} + \frac{1}{2} q^{2} - \frac{1}{2} \alpha^{2} \\
&= \frac{1}{2} \alpha^{2} + \frac{1}{2}(\beta + \alpha t)^{2} - \frac{1}{2} \alpha^{2} = \frac{1}{2}(\beta + \alpha t)^{2}
\end{aligned}
\]

By the Hamiltonian canonical equations. Noting \(Q = \beta, P = \alpha\), we have

\[
\begin{gathered}
\dot{\beta} = \frac{\partial H^{*}}{\partial \alpha} = (\beta + \alpha t) t \\
\dot{\alpha} = -\frac{\partial H^{*}}{\partial \beta} = -(\beta + \alpha t)
\end{gathered}
\]

Note: The canonical transformation used here is not generated by solving the Hamilton-Jacobi equation, therefore the transformed Hamiltonian function \(H^{*} \neq 0\), and naturally, the new canonical variables are no longer constants.

\[
\begin{aligned}
\ddot{\alpha} &= -(\dot{\beta} + \alpha + \dot{\alpha} t) \\
&= -[(\beta + \alpha t) t + \alpha - (\beta + \alpha t) t] = -\alpha
\end{aligned}
\]

Thus,

\[
\alpha = \alpha_{0} \sin (t + \varphi)
\]

where \(\alpha_{0}\), \(\varphi\) are constants,

\[
\beta = -\dot{\alpha} - \alpha t = -\alpha_{0} [\cos (t + \varphi) + t \sin (t + \varphi)]
\]

According to the coordinate transformation relations,

\[
\begin{gathered}
p = \alpha = \alpha_{0} \sin (t + \varphi) \\
q = \beta + \alpha t = -\dot{\alpha} = -\alpha_{0} \cos (t + \varphi)
\end{gathered}
\]

This proves that the solution after the disturbance is a simple harmonic motion.","\boxed{\alpha(t) = \alpha_{0} \sin (t + \varphi), \, \beta(t) = -\alpha_{0} [\cos (t + \varphi) + t \sin (t + \varphi)]}",EQ,"None, None",True,EN,Math Derivation
2517,Mechanics and Thermodynamics,Theoretical Mechanics,Hamiltonian Formulation of Mechanics,"The potential energy of a nonlinear oscillator is given by

$$
V(x) = \frac{1}{2} k x^{2} - \frac{1}{3} m \lambda x^{3}
$$

where $\lambda$ is a small quantity. Find the action $J^0$ of the perturbed linear oscillator.","$$
\begin{gathered}
J^{0} = \oint p \, \mathrm{d} q = \pi \sqrt{2 m E} \cdot \sqrt{\frac{2 E}{k}} = 2 \pi E \sqrt{\frac{m}{k}} \\
H_{0}^{*}(J^{0}) = E = \frac{J^{0}}{2 \pi} \sqrt{\frac{k}{m}} \\
\nu^{0} = \dot{w}^{0} = \frac{\partial H_{0}^{*}}{\partial J^{0}} = \frac{1}{2 \pi} \sqrt{\frac{k}{m}} \\
H_{0}^{*}(J^{0}) = \nu^{0} J^{0}
\end{gathered}
$$",\boxed{2 \pi E \sqrt{\frac{m}{k}}},EX,,False,EN,Math Derivation
2520,Mechanics and Thermodynamics,Theoretical Mechanics,Hamiltonian Formulation of Mechanics,"The potential energy of a nonlinear oscillator is given by

$$
V(x) = \frac{1}{2} k x^{2} - \frac{1}{3} m \lambda x^{3}
$$

where $\lambda$ is a small parameter. Calculate the average value of $H_1^*$ and list the generating function $S$.","$$
\begin{aligned}
& H_{1}^{0}(w^{0}, J^{0}) = -\frac{1}{3} m \lambda \left(\frac{2 \nu^{0} J^{0}}{k}\right)^{3 / 2} \sin^{3}(2 \pi w^{0}) \\
& H_{1}^{*}(J) = \overline{H_{1}^{*}(w^{0}, J)} = \overline{\left. H_{1}^{*}(w^{0}, J^{0}) \right|_{J^{0} \rightarrow J}} \\
& = -\frac{1}{3} m \lambda \left(\frac{2 \nu^{0} J}{k}\right)^{3 / 2} \int_{0}^{1} \sin^{3}(2 \pi w^{0}) \, \mathrm{d} w^{0} = 0 \\
& H_{0}^{*}(J) = \nu^{0} J \\
& H^{*}(J, \lambda) = H_{0}^{*}(J) + H_{1}^{*}(J) = \nu^{0} J \\
& \dot{w} = \nu = \frac{\partial H^{*}(J, \lambda)}{\partial J} = \nu^{0} \\
& S_{1}(w^{0}, J) = \int \frac{H_{1}^{*}(J) - H_{1}^{*}(w^{0}, J)}{\nu^{0}(J)} \, \mathrm{d} w^{0} \\
& = \frac{\lambda}{3} m \nu^{0 1/2} \left(\frac{2 J}{k}\right)^{3 / 2} \int \sin^{3}(2 \pi w^{0}) \, \mathrm{d} w^{0} \\
& = -\frac{\lambda}{18 \pi} m \nu^{0 1/2} \left(\frac{2 J}{k}\right)^{3 / 2} \left[3 \cos (2 \pi w^{0}) - \cos^{3}(2 \pi w^{0})\right] \\
& S_{0}(w^{0}, J) = w^{0} J \\
& S(w^{0}, J) = S_{0}(w^{0}, J) + S_{1}(w^{0}, J) \\
& = w^{0} J - \frac{\lambda}{18 \pi} m \nu^{0 1/2} \left(\frac{2 J}{k}\right)^{3 / 2} \left[3 \cos (2 \pi w^{0}) - \cos^{3}(2 \pi w^{0})\right]
\end{aligned}
$$","\boxed{0, S(w^{0}, J) = w^{0} J - \frac{\lambda}{18 \pi} m \nu^{0 1/2} \left(\frac{2 J}{k}\right)^{3 / 2} \left[3 \cos (2 \pi w^{0}) - \cos^{3}(2 \pi w^{0})\right]}","NV, EX","None, None",True,EN,Math Derivation
2521,Mechanics and Thermodynamics,Theoretical Mechanics,Hamiltonian Formulation of Mechanics,"Find the fifth, sixth, and seventh constants of motion for an isotropic three-dimensional harmonic oscillator. Determine these constants of motion through the decomposition of the Hamiltonian function.","The Hamiltonian function can be decomposed as

$$ H = H_1 + H_2 + H_3 $$

where

$$ 
\begin{aligned}
H_1 &= \frac{1}{2m} p_x^2 + \frac{1}{2} k x^2, \\
H_2 &= \frac{1}{2m} p_y^2 + \frac{1}{2} k y^2, \\
H_3 &= \frac{1}{2m} p_z^2 + \frac{1}{2} k z^2
\end{aligned}
$$

Solving gives the constants of motion:

$$
F_5 = \frac{1}{2m} p_x^2 + \frac{1}{2} k x^2 = C_5
$$

Similarly, we obtain

$$
\begin{aligned}
F_6 &= \frac{1}{2m} p_y^2 + \frac{1}{2} k y^2 = C_6 \\
F_7 &= \frac{1}{2m} p_z^2 + \frac{1}{2} k z^2 = C_7
\end{aligned}
$$

Obviously, only three of the functions $F_1, F_5, F_6, F_7$ are independent.","\boxed{F_5 = C_5, F_6 = C_6, F_7 = C_7}",EQ,"None, None, None",True,EN,Laws Application
2524,Mechanics and Thermodynamics,Theoretical Mechanics,Hamiltonian Formulation of Mechanics,"The Earth rotates with a constant angular velocity \(\omega = \omega \mathbf{k}\) with respect to an inertial reference frame, where \(\mathbf{k}\) is the unit vector along the \(z\)-axis fixed to the Earth. Using Cartesian coordinates \(x, y, z\) fixed to the Earth as generalized coordinates, write the Hamiltonian function for a particle of mass \(m\) moving in the potential field \(V(x, y, z)\).","\[
\begin{gathered}
v = \dot{x} \mathbf{i} + \dot{y} \mathbf{j} + \dot{z} \mathbf{k} + \omega \mathbf{k} \times (x \mathbf{i} + y \mathbf{j} + z \mathbf{k}) = (\dot{x} - \omega y) \mathbf{i} + (\dot{y} + \omega x) \mathbf{j} + \dot{z} \mathbf{k} \\
T = \frac{1}{2} m v \cdot v = \frac{1}{2} m \left[ (\dot{x} - \omega y)^2 + (\dot{y} + \omega x)^2 + \dot{z}^2 \right] \\
= \frac{1}{2} m \left( \dot{x}^2 + \dot{y}^2 + \dot{z}^2 - 2 \omega \dot{x} y + 2 \omega x \dot{y} + \omega^2 x^2 + \omega^2 y^2 \right) \\
L = \frac{1}{2} m \left( \dot{x}^2 + \dot{y}^2 + \dot{z}^2 - 2 \omega \dot{x} y + 2 \omega x \dot{y} + \omega^2 x^2 + \omega^2 y^2 \right) - V(x, y, z) \\
p_x = \frac{\partial L}{\partial \dot{x}} = m \dot{x} - m \omega y \\
\dot{x} = \frac{1}{m} \left( p_x + m \omega y \right) \\
p_y = \frac{\partial L}{\partial \dot{y}} = m \dot{y} + m \omega x \\
\dot{y} = \frac{1}{m} \left( p_y - m \omega x \right) \\
H = \frac{1}{m} p_x \left( p_x + m \omega y \right) + \frac{1}{2} m \left[ \frac{1}{m^2} \left( p_x + m \omega y \right)^2 \right. \\
+ \frac{1}{m^2} \left( p_y - m \omega x \right)^2 + \dot{z}^2 - 2 \omega y \cdot \frac{1}{m} \left( p_x + m \omega y \right) + 2 \omega x \cdot \frac{1}{m} \left( p_y - m \omega x \right) \\
\left. + \omega^2 x^2 + \omega^2 y^2 \right] + V(x, y, z) \\
= \frac{1}{2m} (p_x^2 + p_y^2 + p_z^2) + p_x \omega y - p_y \omega x + V(x, y, z)
\end{gathered}
\]","\[
\boxed{H = \frac{1}{2m} (p_x^2 + p_y^2 + p_z^2) + p_x \omega y - p_y \omega x + V(x, y, z)}
\]",EQ,,False,EN,Math Derivation
2529,Mechanics and Thermodynamics,Theoretical Mechanics,Hamiltonian Formulation of Mechanics,"For a symmetric top in a gravitational field, the distance from the center of mass to the fixed point is known to be $h$, and the three principal moments of inertia about the fixed point are $I_{1}, I_{1}, I_{3}$. Using generalized momentum, derive the expressions for $\dot{\varphi}$ and $\dot{\psi}$.","From the above expressions for $\dot{\varphi}$ and $\dot{\psi}$, we have

$$
\begin{gathered}
\dot{\varphi} = \frac{1}{I_{1} \sin^{2} \theta} \left( p_{\varphi} - p_{\psi} \cos \theta \right), \\
\dot{\psi} = \frac{p_{\psi}}{I_{3}} - \frac{\cos \theta}{I_{1} \sin^{2} \theta} \left( p_{\varphi} - p_{\psi} \cos \theta \right)
\end{gathered}
$$","\boxed{\dot{\varphi} = \frac{1}{I_{1} \sin^{2} \theta} \left( p_{\varphi} - p_{\psi} \cos \theta \right), \dot{\psi} = \frac{p_{\psi}}{I_{3}} - \frac{\cos \theta}{I_{1} \sin^{2} \theta} \left( p_{\varphi} - p_{\psi} \cos \theta \right)}",EQ,"None, None",True,EN,Math Derivation
2533,Mechanics and Thermodynamics,Theoretical Mechanics,Hamiltonian Formulation of Mechanics,Use the Hamilton-Jacobi equation to determine the motion of a particle in a two-dimensional potential field \( V = \frac{k}{r} \) (where \( k \) is a constant). The generalized coordinates are given as \( u = r + x \) and \( v = r - x \). Calculate the generalized momenta \( p_{u} \) and \( p_{v} \) as well as the corresponding Hamiltonian \( H \).,"$$
\begin{aligned}
& p_{u} = \frac{\partial L}{\partial \dot{u}} = \frac{m(u+v)}{4u} \dot{u}, \quad \dot{u} = \frac{4u}{m(u+v)} p_{u}, \\
& p_{v} = \frac{\partial L}{\partial \dot{v}} = \frac{m(u+v)}{4v} \dot{v}, \quad \dot{v} = \frac{4v}{m(u+v)} p_{v}, \\
& H = \frac{2}{m(u+v)} \left( u p_{u}^{2} + v p_{v}^{2} \right) + \frac{2k}{u+v}.
\end{aligned}
$$","\boxed{p_{u} = \frac{m(u+v)}{4u} \dot{u}, p_{v} = \frac{m(u+v)}{4v} \dot{v}, H = \frac{2}{m(u+v)} \left( u p_{u}^{2} + v p_{v}^{2} \right) + \frac{2k}{u+v}}",EQ,"\text{kg m/s}, \text{kg m/s}, \text{J}",True,EN,Math Derivation
2537,Mechanics and Thermodynamics,Theoretical Mechanics,Hamiltonian Formulation of Mechanics,"A particle with mass $m$ moves in the $xy$ plane and is subjected to a force field with force centers located at $(1,0)$ and $(-1,0)$, with potential energy given by $V = A_{1} r_{1}^{-1} + A_{2} r_{2}^{-1}$ (where $r_{1}$ and $r_{2}$ are the distances to the two force centers, and $A_{1}$ and $A_{2}$ are constants). Using elliptical coordinates $\xi$ and $\eta$ with the transformation to $x$ and $y$ as

$$
x = \operatorname{ch} \xi \cos \eta, \quad y = \operatorname{sh} \xi \sin \eta
$$

find the kinetic energy and potential energy of the particle.","The kinetic energy and potential energy are given by:

$$
\begin{gathered}
T = \frac{1}{2} m\left(\dot{x}^{2} + \dot{y}^{2}\right) \\
V = \frac{A_{1}}{r_{1}} + \frac{A_{2}}{r_{2}}
\end{gathered}
$$

where the expressions for the distances are:

$$
r_{1} = \left[(x - 1)^{2} + y^{2}\right]^{1/2}, \quad r_{2} = \left[(x + 1)^{2} + y^{2}\right]^{1/2}
$$","\boxed{T = \frac{1}{2} m\left(\dot{x}^{2} + \dot{y}^{2}\right), V = \frac{A_{1}}{r_{1}} + \frac{A_{2}}{r_{2}}}",EQ,"\text{None}, \text{None}",True,EN,Math Derivation
2543,Mechanics and Thermodynamics,Theoretical Mechanics,Small Vibrations of Finite System,"A photon with energy \( E_{\nu} \) collides with an electron whose energy is \( E \gg m_{0} c^{2} \) (\( m_{0} \) is the rest mass). If the angle between the photonâs direction of motion and the electronâs direction of motion in the laboratory frame is \( \theta \), what is the energy of the photon \( E_{\nu}^{\prime} \) in the electron's reference frame before the collision?","The generalized forces for generalized coordinates $x, s$ are

$$
Q_{x}=F_{0} \cos \Omega t, \quad Q_{s}=0
$$

After applying the normal coordinates $\xi, \eta$, the relationship for generalized forces is given by:

$$
\begin{pmatrix} Q_{\xi} \\ Q_{\eta} \end{pmatrix} =\left(\begin{array}{cc} \frac{1}{2} & -\frac{3}{2} \\ -\frac{\sqrt{3}}{2} & -\frac{\sqrt{3}}{2} \end{array}\right) \begin{pmatrix} Q_{x} \\ Q_{s} \end{pmatrix}
$$

where the transformation matrix is $\boldsymbol{G}^{\boldsymbol{T}}$. Substituting $Q_{x}, Q_{s}$ gives

$$
Q_{\xi}=\frac{1}{2} F_{0} \cos \Omega t, \quad Q_{\eta}=-\frac{\sqrt{3}}{2} F_{0} \cos \Omega t
$$

The differential equations are:

$$
\begin{gathered}
2 m \ddot{\xi}+k \xi=\frac{1}{2} F_{0} \cos \Omega t \\
6 m \ddot{\eta}+k \eta=-\frac{\sqrt{3}}{2} F_{0} \cos \Omega t
\end{gathered}
$$

The particular solutions are:

$$
\begin{aligned}
\xi^{*}= & \frac{\frac{F_{0}}{4 m}}{\frac{k}{2 m}-\Omega^{2}} \cos \Omega t=\frac{F_{0} l}{2 m\left(3 g-2 l \Omega^{2}\right)} \cos \Omega t \\
\eta^{*}= & \frac{-\sqrt{3} F_{0}}{\frac{k}{6 m}-\Omega^{2}} \cos \Omega t=\frac{-\sqrt{3} F_{0} l}{6 m\left(g-2 l \Omega^{2}\right)} \cos \Omega t
\end{aligned}
$$

The general solutions are:

$$
\begin{aligned}
& \xi=\frac{F_{0} l}{2 m\left(3 g-2 l \Omega^{2}\right)} \cos \Omega t+C_{1}^{\prime} \cos \left(\sqrt{\frac{3 g}{2 l}} t+\alpha_{1}\right) \\
& \eta=-\frac{\sqrt{3} F_{0} l}{6 m\left(g-2 l \Omega^{2}\right)} \cos \Omega t+C_{2}^{\prime} \cos \left(\sqrt{\frac{g}{2 l}} t+\alpha_{2}\right)
\end{aligned}
$$

Further, we obtain:

$$
\begin{aligned}
x= & \frac{1}{2} \xi - \frac{\sqrt{3}}{2} \eta = \left[\frac{F_{0} l}{4 m(3 g-2 l \Omega^{2})} + \frac{F_{0} l}{4 m(g-2 l \Omega^{2})}\right] \cos \Omega t \\
& + C_{1} \cos \left(\sqrt{\frac{3g}{2l}} t+\alpha_{1}\right) + C_{2} \cos \left(\sqrt{\frac{g}{2l}} t+\alpha_{2}\right) \\
\theta= & -\frac{3}{2 l} \xi - \frac{\sqrt{3}}{2 l} \eta = \left[-\frac{3 F_{0}}{4 m(3g-2l\Omega^{2})} + \frac{F_{0}}{4m(g-2l\Omega^{2})}\right] \cos \Omega t 
\end{aligned}
$$

$$
-\frac{3}{l} C_{1} \cos \left(\sqrt{\frac{3g}{2l}} t+\alpha_{1}\right) + \frac{1}{l} C_{2} \cos \left(\sqrt{\frac{g}{2l}} t+\alpha_{2}\right)
$$

Figure 10.59 \\
$$
<image 1>
$$",\boxed{\left[\frac{E}{m_{0} c^{2}}(1-\cos \theta)+\frac{m_{0} c^{2}}{2 E} \cos \theta\right] E_{\nu}},EX,,False,EN,Practical Application
2545,Mechanics and Thermodynamics,Theoretical Mechanics,Small Vibrations of Finite System,"Two metallic spheres, each with mass \( m \) and charge \( e \), are tied with strings of equal length \( l \), which are inextensible and lightweight insulating strings, on the same horizontal line. The two suspension points are separated by a distance \( a \). The spheres undergo small oscillations around their equilibrium positions. Using the small oscillation approximation, find the expression for the potential energy.","With the approximation, the potential energy can be expressed as:
\[
\begin{align*}
V & \approx \frac{1}{2} m g l \theta_{1}^{2}+\frac{1}{2} m g l \theta_{2}^{2}-\frac{e^{2} l}{4 \pi \varepsilon_{0} a^{2}}\left(\theta_{2}-\theta_{1}\right)+\frac{e^{2} l^{2}}{2 \pi \varepsilon_{0} a^{3}}\left(\theta_{2}-\theta_{1}\right)^{2}\\
& =\left(\frac{1}{2} m g l+\frac{e^{2} l^{2}}{2 \pi \varepsilon_{0} a^{3}}\right)\left(\theta_{1}^{2}+\theta_{2}^{2}\right)-\frac{e^{2} l^{2}}{\pi \varepsilon_{0} a^{3}} \theta_{1} \theta_{2}-\frac{e^{2} l}{4 \pi \varepsilon_{0} a^{2}}\left(\theta_{2}-\theta_{1}\right)
\end{align*}
\]",\boxed{\left(\frac{1}{2} m g l+\frac{e^{2} l^{2}}{2 \pi \varepsilon_{0} a^{3}}\right)\left(\theta_{1}^{2}+\theta_{2}^{2}\right)-\frac{e^{2} l^{2}}{\pi \varepsilon_{0} a^{3}} \theta_{1} \theta_{2}-\frac{e^{2} l}{4 \pi \varepsilon_{0} a^{2}}\left(\theta_{2}-\theta_{1}\right)},EX,,False,EN,Math Derivation
2550,Mechanics and Thermodynamics,Theoretical Mechanics,Hamiltonian Formulation of Mechanics,"A non-relativistic electron with mass \( m \) and charge \( -e \) moves inside a cylindrical magnetron. The magnetron consists of a wire with radius \( a \) and electric potential \(-\phi_{0} \), and a coaxial cylindrical surface with radius \( R \) and zero potential. There is a uniform magnetic field \( B \) parallel to the axis of the magnetron. Using the scalar potential \(\phi = -\phi_{0} \ln \left(\frac{r}{R}\right) / \ln \left(\frac{a}{R}\right)\) and the vector potential \( \boldsymbol{A} = \frac{1}{2} B r \boldsymbol{e}_{\varphi} \), write the Hamiltonian of the system.","The Hamiltonian function is given by:
\[
\boldsymbol{A}= \frac{1}{2} B r \boldsymbol{e}_{\varphi}
\]
\[
V = (-e) \phi - (-e) \dot{\boldsymbol{r}} \cdot \boldsymbol{A}
\]
\[
= e \phi_{0} \frac{\ln (r / R)}{\ln (a / R)} + e \left( \dot{r} \boldsymbol{e}_{r} + r \dot{\varphi} \boldsymbol{e}_{\varphi} + \dot{z} \boldsymbol{k} \right) \cdot \frac{1}{2} B r \boldsymbol{e}_{\varphi}
\]
\[
= e \phi_{0} \frac{\ln (r / R)}{\ln (a / R)} + \frac{1}{2} e B r^{2} \dot{\varphi}
\]

The Lagrangian is given by:
\[
L = \frac{1}{2} m \left( \dot{r}^{2} + r^{2} \dot{\varphi}^{2} + \dot{z}^{2} \right) 
- e \phi_{0} \frac{\ln (r / R)}{\ln (a / R)} - \frac{1}{2} e B r^{2} \dot{\varphi}
\]

The Hamiltonian is:
\[
\begin{aligned}
p_{r} &= \frac{\partial L}{\partial \dot{r}}= m \dot{r}, \\
p_{\varphi} &= \frac{\partial L}{\partial \dot{\varphi}} = m r^{2} \dot{\varphi} - \frac{1}{2} e B r^{2}, \\
p_{z} &= \frac{\partial L}{\partial \dot{z}}= m \dot{z}, \\
H &= p_{r} \dot{r} + p_{\varphi} \dot{\varphi} + p_{z} \dot{z} - L \\
&= \frac{1}{2 m}\left[ p_{r}^{2} + \frac{1}{r^{2}}\left( p_{\varphi} + \frac{1}{2} e B r^{2} \right)^{2} + p_{z}^{2} \right] + e \phi_{0} \frac{\ln (r / R)}{\ln (a / R)}
\end{aligned}
\]","\[
\boxed{H = \frac{1}{2 m}\left[ p_{r}^{2} + \frac{1}{r^{2}}\left( p_{\varphi} + \frac{1}{2} e B r^{2} \right)^{2} + p_{z}^{2} \right] + e \phi_{0} \frac{\ln (r / R)}{\ln (a / R)}}
\]",EQ,,False,EN,Math Derivation
2555,Mechanics and Thermodynamics,Theoretical Mechanics,Hamiltonian Formulation of Mechanics,"Analyze the motion of a particle under a central force by using action-angle variables, where the potential energy of the central force is given by

$$
V(r) = -\frac{k}{r} - \frac{\beta}{r^{2}}
$$

where $r$ is the distance of the particle from the center, and $k$ and $\beta$ are positive constants. Assume $-\frac{m k^{2}}{2 h^{2} - 4 m \beta} < E < 0$, where $E$ is the mechanical energy of the particle, and $h$ is the angular momentum of the particle with respect to the center of force. Within the range of $r$ spanned by the particle's motion, $\beta \ll k r$. Solve the Hamilton-Jacobi equation and obtain the characteristic function $W$.","The Hamiltonian is

$$
\begin{gathered}
H = \frac{p_{r}^{2}}{2 m} + \frac{p_{\varphi}^{2}}{2 m r^{2}} - \frac{k}{r} - \frac{\beta}{r^{2}} \\
\frac{\partial H}{\partial t} = 0
\end{gathered}
$$

The Hamilton-Jacobi equation satisfied by the characteristic function $W$ is

$$
\frac{1}{2 m}\left(\frac{\partial W}{\partial r}\right)^{2} + \frac{1}{2 m r^{2}}\left(\frac{\partial W}{\partial \varphi}\right)^{2} - \frac{k}{r} - \frac{\beta}{r^{2}} = E
$$

Through separation of variables, we have

$$
\begin{gathered}
W = W_{r}(r, E, h) + W_{\varphi}(\varphi, E, h) \\
\frac{1}{2 m}\left(\frac{\mathrm{d} W_{r}}{\mathrm{~d} r}\right)^{2} + \frac{1}{2 m r^{2}}\left(\frac{\partial W_{\varphi}}{\mathrm{d} \varphi}\right)^{2} - \frac{k}{r} - \frac{\beta}{r^{2}} = E
\end{gathered}
$$

Since

$$
\frac{\partial H}{\partial \varphi} = 0, \quad p_{\varphi} = h \quad (h \text{ is a constant})
$$

then

$$
\begin{gathered}
\frac{\mathrm{d} W_{\varphi}}{\mathrm{d} \varphi} = h \\
W_{\varphi} = h \varphi \\
\frac{\mathrm{~d} W_{r}}{\mathrm{~d} r} = \sqrt{2 m}\left(E + \frac{k}{r} + \frac{\beta}{r^{2}} - \frac{h^{2}}{2 m r^{2}}\right)^{1/2} \\
W_{r} = \pm \sqrt{2 m} \int\left(E + \frac{k}{r} + \frac{2 m \beta - h^{2}}{2 m r^{2}}\right)^{1/2} \mathrm{~d} r
\end{gathered}
$$","\boxed{W = W_{r}(r, E, h) + h \varphi}",EQ,,False,EN,Math Derivation
2559,Mechanics and Thermodynamics,Theoretical Mechanics,Small Vibrations of Finite System,"A simple pendulum is suspended on a support that is driven horizontally with time, as shown in Figure 10.55. If \( x_{\mathrm{s}} = A \cos \omega t \), and the angular displacement \( \theta \) is very small during the motion, determine the motion of the pendulum.","When \( \theta \) is very small,

\[
\begin{aligned}
x_{\mathrm{s}}(t) = A \cos \omega t  & \\
\sin \theta \approx \theta, \cos \theta \approx 1 &
\end{aligned}
\]

The equation of motion is

\[
l \ddot{\theta} + g \theta = A \omega^{2} \cos \omega t
\]

Assume the particular solution of the differential equation is

\[
\theta^{*} = B \cos \omega t
\]

Substituting into the differential equation, we can determine \( B \), yielding

\[
\theta^{*} = \frac{\omega^{2}}{g - l \omega^{2}} A \cos \omega t
\]

The general solution for the motion of the pendulum is

\[
\theta = C \cos \left(\sqrt{\frac{g}{l}} t + \alpha\right) + \frac{\omega^{2}}{g - l \omega^{2}} A \cos \omega t
\]

\( C, \alpha \) are integration constants determined by initial conditions. During the motion, \( \theta \) remains a small quantity, so no resonance occurs, i.e., \(\frac{g}{l} \neq \omega^{2}\).",\boxed{\theta = C \cos \left(\sqrt{\frac{g}{l}} t + \alpha\right) + \frac{\omega^{2}}{g - l \omega^{2}} A \cos \omega t},EQ,,False,EN,Math Derivation
2563,Mechanics and Thermodynamics,Theoretical Mechanics,Hamiltonian Formulation of Mechanics,"A nonlinear oscillator has a potential energy given by

$$
V(x) = \frac{1}{2} k x^{2} - \frac{1}{3} m \lambda x^{3}
$$

where $\lambda$ is a small parameter. Find the relationship between the action-angle variables $J^{0}$ and $w^{0}$.","$$
J^{0} = \frac{\partial S}{\partial w^{0}} = J + \frac{\lambda}{3} m \nu^{0 1/2} \left(\frac{2 J}{k}\right)^{3 / 2} \sin^{3}(2 \pi w^{0})
$$

where $\nu^{0} = \frac{1}{2 \pi} \sqrt{\frac{k}{m}}$.",\boxed{J^{0} = \frac{\partial S}{\partial w^{0}} = J + \frac{\lambda}{3} m \nu^{0 1/2} \left(\frac{2 J}{k}\right)^{3 / 2} \sin^{3}(2 \pi w^{0})},EQ,,False,EN,Math Derivation
2564,Mechanics and Thermodynamics,Theoretical Mechanics,Hamiltonian Formulation of Mechanics,"Given a particle in motion, its Hamiltonian is determined by the momentum and the Lagrangian. The potential energy of the particle is known to be $V=\frac{A}{r}-Bz$, and the momentum expressions are

$$
p_\xi = \frac{m (\xi + \eta)}{4 \xi} \dot{\xi}, \quad p_\eta = \frac{m (\xi + \eta)}{4 \eta} \dot{\eta}, \quad p_\theta = \frac{\partial L}{\partial \dot{\theta}} = m \xi \eta \dot{\theta}.
$$

Find the Hamiltonian $H$ of the particle.","The Hamiltonian is

$$
H = \frac{2}{m(\xi+\eta)} (\xi p_\xi^2 + \eta p_\eta^2) + \frac{1}{2m \xi \eta} p_\theta^2 + \frac{2A}{\xi+\eta} - \frac{1}{2} B(\xi-\eta).
$$","Final Answer(s):
\(\boxed{\frac{2}{m(\xi+\eta)} (\xi p_\xi^2 + \eta p_\eta^2) + \frac{1}{2m \xi \eta} p_\theta^2 + \frac{2A}{\xi+\eta} - \frac{1}{2} B(\xi-\eta)}\)",EX,,False,EN,Math Derivation
2567,Mechanics and Thermodynamics,Theoretical Mechanics,Hamiltonian Formulation of Mechanics,"The potential energy of a nonlinear oscillator is given by

$$
V(x) = \frac{1}{2} k x^{2} - \frac{1}{3} m \lambda x^{3}
$$

where $\lambda$ is a small parameter. Find the perturbed solutions for the coordinate $x$ and momentum $p$.","$$
x = \sqrt{\frac{2 E}{k}} \sin (2 \pi w^{0}) = \sqrt{\frac{2 \nu^{0} J^{0}}{k}} \sin (2 \pi w^{0})
$$
$$
p = m \dot{x} = m \sqrt{\frac{2 \nu^{0} J^{0}}{k}} \cdot 2 \pi \nu^{0} \cos (2 \pi w^{0}) = \sqrt{2 m \nu^{0} J^{0}} \cos (2 \pi w^{0})
$$","\boxed{x = \sqrt{\frac{2 \nu^{0} J^{0}}{k}} \sin (2 \pi w^{0}), p = \sqrt{2 m \nu^{0} J^{0}} \cos (2 \pi w^{0})}",EQ,"None, None",True,EN,Math Derivation
2568,Mechanics and Thermodynamics,Theoretical Mechanics,Small Vibrations of Finite System,Consider the generalized forces obtained earlier and the differential equations of motion to find the steady-state solution for the motion of two particles.,"The steady-state solution is

$$
\begin{aligned}
\xi_{1} & = \frac{\frac{F_{0}}{m}}{\sqrt{\left(\frac{k}{m} - \Omega^{2}\right)^{2} + \left(\frac{\beta}{m}\right)^{2} \Omega^{2}}} \cos \left(\Omega t + \varphi_{1}\right), \\
& = \frac{F_{0}}{\sqrt{\left(\frac{\tau}{a} - m \Omega^{2}\right)^{2} + \beta^{2} \Omega^{2}}} \cos \left(\Omega t + \varphi_{1}\right)
\end{aligned}
$$

$$
\begin{aligned}
\varphi_{1} & = -\arctan \left(\frac{\frac{\beta}{m} \Omega}{\frac{k}{m} - \Omega^{2}}\right), \\
& = -\arctan \left(\frac{\beta \Omega}{\frac{\tau}{a} - m \Omega^{2}}\right), \\
\xi_{2} & = \frac{\frac{F_{0}}{m}}{\sqrt{\left(\frac{2k}{m} - \Omega^{2}\right)^{2} + \left(\frac{\beta}{m}\right)^{2} \Omega^{2}}} \cos \left(\Omega t + \varphi_{2}\right), \\
& = \frac{F_{0}}{\sqrt{\left(\frac{2\tau}{a} - m \Omega^{2}\right)^{2} + \beta^{2} \Omega^{2}}} \cos \left(\Omega t + \varphi_{2}\right)
\end{aligned}
$$

where

$$
\varphi_{2} = -\arctan \left(\frac{\frac{\beta}{m} \Omega}{\frac{2k}{m} - \Omega^{2}}\right), \\
= -\arctan \left(\frac{\beta \Omega}{\frac{2\tau}{a} - m \Omega^{2}}\right)
$$

Given $\boldsymbol{x} = \boldsymbol{G} \cdot \boldsymbol{\xi}$,

$$
x_{1} = \frac{1}{2} (\xi_{1} + \xi_{2}), \quad x_{2} = \frac{1}{2} (\xi_{1} - \xi_{2})
$$","\boxed{x_{1} = \frac{1}{2} (\xi_{1} + \xi_{2}), x_{2} = \frac{1}{2} (\xi_{1} - \xi_{2})}",EQ,"None, None",True,EN,Math Derivation
2578,Mechanics and Thermodynamics,Theoretical Mechanics,Hamiltonian Formulation of Mechanics,"Express the Cartesian coordinates \( x \), \( y \), \( z \), and their conjugate momenta \( p_x \), \( p_y \), \( p_z \) as functions of action variables and angle variables.","$$
\begin{gathered}
x = \frac{1}{\sqrt{\frac{\pi}{J_1} \sqrt{m k_1}}} \sin(2 \pi w_1), \\
y = \frac{1}{\sqrt{\frac{\pi}{J_2} \sqrt{m k_2}}} \sin(2 \pi w_2), \\
z = \frac{1}{\sqrt{\frac{\pi}{J_3} \sqrt{m k_3}}} \sin(2 \pi w_3), \\
p_x = \sqrt{\frac{J_1}{\pi} \sqrt{m k_1}} \cos(2 \pi w_1), \\
p_y = \sqrt{\frac{J_2}{\pi} \sqrt{m k_2}} \cos(2 \pi w_2), \\
p_z = \sqrt{\frac{J_3}{\pi} \sqrt{m k_3}} \cos(2 \pi w_3),
\end{gathered}
$$
where \( w_1 = \nu_1 t + \varphi_1 \), \( w_2 = \nu_2 t + \varphi_2 \), \( w_3 = \nu_3 t + \varphi_3 \), and the six integration constants \( \varphi_1, \varphi_2, \varphi_3, E, \alpha_2, \alpha_3 \) are determined by the initial conditions.","\(\boxed{x=\frac{1}{\sqrt{\frac{\pi}{J_{1}} \sqrt{m k_{1}}}} \sin(2 \pi w_{1}), y=\frac{1}{\sqrt{\frac{\pi}{J_{2}} \sqrt{m k_{2}}}} \sin(2 \pi w_{2}), z=\frac{1}{\sqrt{\frac{\pi}{J_{3}} \sqrt{m k_{3}}}} \sin(2 \pi w_{3}), p_{x}=\sqrt{\frac{J_{1}}{\pi} \sqrt{m k_{1}}} \cos(2 \pi w_{1}), p_{y}=\sqrt{\frac{J_{2}}{\pi} \sqrt{m k_{2}}} \cos(2 \pi w_{2}), p_{z}=\sqrt{\frac{J_{3}}{\pi} \sqrt{m k_{3}}} \cos(2 \pi w_{3})}\)",EQ,,False,EN,Practical Application
2595,Mechanics and Thermodynamics,Theoretical Mechanics,Hamiltonian Formulation of Mechanics,"A particle with mass $m$ is confined in a box and can only move along the $x$ axis. The walls of the box move toward the center at a rate $v$, which is much smaller than the speed of the particle. When the distance between the walls is $x_{0}$, the momentum of the particle is $p_{0}$. Determine the momentum of the particle at any later time (assuming that the collisions between the particle and the walls of the box are perfectly elastic and that the speed of the particle remains much less than the speed of light during the time considered).","Since the speed $v$ of the walls is much smaller than the speed of the particle, the distance between the walls decreases slowly, making it an adiabatic invariant problem for the particle.

The action variable $J$ of the particle is invariant,

$$
\begin{aligned}
& J = \oint p \, \mathrm{d} x = p \cdot 2x = p_{0} \cdot 2x_{0}, \\
& p = \frac{p_{0} x_{0}}{x}.
\end{aligned}
$$

Taking the time when the walls are $x_{0}$ apart as $t=0$, then $x = x_{0} - 2vt$,  

$$
p = \frac{p_{0} x_{0}}{x_{0} - 2vt}.
$$",\boxed{\frac{p_{0} x_{0}}{x_{0} - 2vt}},EX,,False,EN,Laws Application
2599,Mechanics and Thermodynamics,Theoretical Mechanics,Hamiltonian Formulation of Mechanics,"A particle with mass $m$ moves in the $xy$ plane under the influence of a force field with centers located at $(1,0)$ and $(-1,0)$, with a potential energy given by $V = A_{1} r_{1}^{-1} + A_{2} r_{2}^{-1}$ (where $r_{1}$ and $r_{2}$ are the distances to the two force centers, and $A_{1}$ and $A_{2}$ are constants). Use elliptical coordinates $\xi$, $\eta$, where the transformation with respect to $x$ and $y$ is:

$$
x = \operatorname{ch} \xi \cos \eta, \quad y = \operatorname{sh} \xi \sin \eta
$$

to perform an elliptical coordinate transformation and find expressions for the kinetic energy and distances.","Perform the coordinate transformation to obtain:

$$
\begin{aligned}
& x = \operatorname{ch} \xi \cos \eta, \quad y = \operatorname{sh} \xi \sin \eta \\
& \dot{x} = \dot{\xi} \operatorname{sh} \xi \cos \eta - \dot{\eta} \operatorname{ch} \xi \sin \eta \\
& \dot{y} = \dot{\xi} \operatorname{ch} \xi \sin \eta + \dot{\eta} \operatorname{sh} \xi \cos \eta \\
& T = \frac{1}{2} m\left(\dot{\xi}^{2} + \dot{\eta}^{2}\right)\left(\operatorname{ch}^{2} \xi - \cos^{2} \eta\right)
\end{aligned}
$$

The transformed distances are expressed as:

$$
\begin{aligned}
& r_{1} = \left[(\operatorname{ch} \xi \cos \eta - 1)^{2} + (\operatorname{sh} \xi \sin \eta)^{2}\right]^{1/2} = \operatorname{ch} \xi - \cos \eta \\
& r_{2} = \left[(\operatorname{ch} \xi \cos \eta + 1)^{2} + (\operatorname{sh} \xi \sin \eta)^{2}\right]^{1/2} = \operatorname{ch} \xi + \cos \eta
\end{aligned}
$$","\boxed{T = \frac{1}{2} m\left(\dot{\xi}^{2} + \dot{\eta}^{2}\right)\left(\operatorname{ch}^{2} \xi - \cos^{2} \eta\right), r_{1} = \operatorname{ch} \xi - \cos \eta, r_{2} = \operatorname{ch} \xi + \cos \eta}","EX, EQ, EQ",,True,EN,Math Derivation
2610,Mechanics and Thermodynamics,Theoretical Mechanics,Hamiltonian Formulation of Mechanics,"Assume an electron with an initial velocity of zero leaves from the interior of a conducting tube. There exists a certain magnetic field value \( B_{c} \). When \( B \leqslant B_{c} \), the electron can reach the outer cylindrical surface, but when \( B > B_{c} \), it cannot reach the outer cylindrical surface. Determine the value of \( B_{c} \).","Initial conditions: At \( t=0 \), \( r=a, \dot{r}=0, \dot{\varphi}=0, \dot{z}=0 \). Determine the three constants of motion:
\[
\dot{z} = 0 \tag{1}
\]
\[
m r^{2} \dot{\varphi} - \frac{1}{2} e B r^{2} = -\frac{1}{2} e B a^{2} \tag{2}
\]
\[
\frac{1}{2} m \left( \dot{r}^{2} + r^{2} \dot{\varphi}^{2} + \dot{z}^{2} \right) + e \phi_{0} \frac{\ln (r / R)}{\ln (a / R)} = e \phi_{0} \tag{3}
\]

Substituting equations (1) and (2) into equation (3):
\[
\frac{1}{2} m\left\{ \dot{r}^{2} + r^{2} \left[ \frac{\frac{1}{2} e B\left(r^{2} - a^{2}\right)}{m r^{2}} \right]^{2} \right\} + e \phi_{0} \frac{\ln (r / R)}{\ln (a / R)} = e \phi_{0} \tag{4}
\]

Setting \( B = B_{c} \) and \( r = R \), \(\dot{r}=0\), solve:
\[
\frac{1}{2} m R^{2} \frac{1}{m^{2} R^{4}} \frac{1}{4} e^{2} B_{c}^{2} \left( R^{2} - a^{2} \right)^{2} = e \phi_{0}
\]
\[
B_{c} = \frac{2 R}{R^{2} - a^{2}} \sqrt{\frac{2 m \phi_{0}}{e}}
\]

From equation (4):  
When \( B < B_{c} \), for \( r=R \), \( \dot{r}^{2} > 0 \); for \( r<R \), \( \dot{r} > 0 \). As \( r \) increases, \( \dot{r}^{2} \) decreases, indicating that the electron can reach the outer cylindrical surface.

When \( B > B_{c} \), for \( r=R \), \( \dot{r}^{2} < 0 \) (which is not possible), thus the electron cannot reach \( r=R \). At some point \( r<R \), it becomes \( \dot{r} = 0 \).

The conclusion is based on:
\[
\frac{\left( r^{2} - a^{2} \right)^{2}}{r^{2}}
\]
being a monotonic increasing function of \( r \) because:
\[
\frac{\mathrm{d}}{\mathrm{~d} r}\left( \frac{r^{2} - a^{2}}{r} \right) = \frac{\mathrm{d}}{\mathrm{~d} r}\left( r - \frac{a^{2}}{r} \right) = 1 + \frac{a^{2}}{r^{2}} > 0
\]",\boxed{B_{c} = \frac{2 R}{R^{2} - a^{2}} \sqrt{\frac{2 m \phi_{0}}{e}}},EQ,,False,EN,Math Derivation
2625,Mechanics and Thermodynamics,Theoretical Mechanics,Small Vibrations of Finite System,"As is well known, planets move in elliptical orbits around the sun, but if only the effects of special relativity are considered, the orbit is a precessing ellipse.

Given that the average radius of Mercury's orbit is $58 \times 10^{6} \mathrm{~km}$ and the orbital period is 88 days, calculate the angle of precession of Mercuryâs orbit per 100 years (of course, this effect cannot account for Mercury's total precession rate).","The generalized forces for generalized coordinates $x, s$ are

$$
Q_{x}=F_{0} \cos \Omega t, \quad Q_{s}=0
$$

After applying the normal coordinates $\xi, \eta$, the relationship for generalized forces is given by:

$$
\begin{pmatrix} Q_{\xi} \\ Q_{\eta} \end{pmatrix} =\left(\begin{array}{cc} \frac{1}{2} & -\frac{3}{2} \\ -\frac{\sqrt{3}}{2} & -\frac{\sqrt{3}}{2} \end{array}\right) \begin{pmatrix} Q_{x} \\ Q_{s} \end{pmatrix}
$$

where the transformation matrix is $\boldsymbol{G}^{\boldsymbol{T}}$. Substituting $Q_{x}, Q_{s}$ gives

$$
Q_{\xi}=\frac{1}{2} F_{0} \cos \Omega t, \quad Q_{\eta}=-\frac{\sqrt{3}}{2} F_{0} \cos \Omega t
$$

The differential equations are:

$$
\begin{gathered}
2 m \ddot{\xi}+k \xi=\frac{1}{2} F_{0} \cos \Omega t \\
6 m \ddot{\eta}+k \eta=-\frac{\sqrt{3}}{2} F_{0} \cos \Omega t
\end{gathered}
$$

The particular solutions are:

$$
\begin{aligned}
\xi^{*}= & \frac{\frac{F_{0}}{4 m}}{\frac{k}{2 m}-\Omega^{2}} \cos \Omega t=\frac{F_{0} l}{2 m\left(3 g-2 l \Omega^{2}\right)} \cos \Omega t \\
\eta^{*}= & \frac{-\sqrt{3} F_{0}}{\frac{k}{6 m}-\Omega^{2}} \cos \Omega t=\frac{-\sqrt{3} F_{0} l}{6 m\left(g-2 l \Omega^{2}\right)} \cos \Omega t
\end{aligned}
$$

The general solutions are:

$$
\begin{aligned}
& \xi=\frac{F_{0} l}{2 m\left(3 g-2 l \Omega^{2}\right)} \cos \Omega t+C_{1}^{\prime} \cos \left(\sqrt{\frac{3 g}{2 l}} t+\alpha_{1}\right) \\
& \eta=-\frac{\sqrt{3} F_{0} l}{6 m\left(g-2 l \Omega^{2}\right)} \cos \Omega t+C_{2}^{\prime} \cos \left(\sqrt{\frac{g}{2 l}} t+\alpha_{2}\right)
\end{aligned}
$$

Further, we obtain:

$$
\begin{aligned}
x= & \frac{1}{2} \xi - \frac{\sqrt{3}}{2} \eta = \left[\frac{F_{0} l}{4 m(3 g-2 l \Omega^{2})} + \frac{F_{0} l}{4 m(g-2 l \Omega^{2})}\right] \cos \Omega t \\
& + C_{1} \cos \left(\sqrt{\frac{3g}{2l}} t+\alpha_{1}\right) + C_{2} \cos \left(\sqrt{\frac{g}{2l}} t+\alpha_{2}\right) \\
\theta= & -\frac{3}{2 l} \xi - \frac{\sqrt{3}}{2 l} \eta = \left[-\frac{3 F_{0}}{4 m(3g-2l\Omega^{2})} + \frac{F_{0}}{4m(g-2l\Omega^{2})}\right] \cos \Omega t 
\end{aligned}
$$

$$
-\frac{3}{l} C_{1} \cos \left(\sqrt{\frac{3g}{2l}} t+\alpha_{1}\right) + \frac{1}{l} C_{2} \cos \left(\sqrt{\frac{g}{2l}} t+\alpha_{2}\right)
$$

Figure 10.59 \\
$$
<image 1>
$$",\boxed{6.87},NV,\mathrm{arcseconds},False,EN,Math Derivation
2628,Mechanics and Thermodynamics,Theoretical Mechanics,Hamiltonian Formulation of Mechanics,Find the solution to the Hamilton-Jacobi equation for the motion of a symmetric gyroscope around a fixed point under the influence of gravity.,"Using the Hamilton-Jacobi equation with conservation of mechanical energy

\[
\begin{gathered}
H\left(\psi, \varphi, \theta, \frac{\partial W}{\partial \psi}, \frac{\partial W}{\partial \varphi}, \frac{\partial W}{\partial \theta}\right) = h \\
\frac{1}{2 I_{1} \sin^{2} \theta}\left(\frac{\partial W}{\partial \varphi} - \frac{\partial W}{\partial \psi} \cos \theta\right)^{2} + \frac{1}{2 I_{1}}\left(\frac{\partial W}{\partial \theta}\right)^{2} + \frac{1}{2 I_{3}}\left(\frac{\partial W}{\partial \psi}\right)^{2} + m g l \cos \theta = h \\
\frac{\partial W}{\partial \varphi} = p_{\varphi} = \alpha_{2}, \quad \frac{\partial W}{\partial \psi} = p_{\psi} = \alpha_{3} \\
W = \alpha_{2} \varphi + \alpha_{3} \psi + W^{\prime}(\theta)
\end{gathered}
\]

The differential equation satisfied by \(W^{\prime}(\theta)\) is

\[
\begin{gathered}
\frac{\mathrm{d} W^{\prime}}{\mathrm{d} \theta} = \left[2 I_{1} h - \frac{1}{\sin^{2} \theta}\left(\alpha_{2} - \alpha_{3} \cos \theta\right)^{2} - \frac{I_{1}}{I_{3}} \alpha_{3}^{2} - 2 I_{1} m g l \cos \theta\right]^{1 / 2} \\
W^{\prime} = \int \left[2 I_{1} h - \frac{1}{\sin^{2} \theta}\left(\alpha_{2} - \alpha_{3} \cos \theta\right)^{2} - \frac{I_{1}}{I_{3}} \alpha_{3}^{2} - 2 I_{1} m g l \cos \theta\right]^{1 / 2} \mathrm{d} \theta
\end{gathered}
\]

The Hamilton's principal function is

\[
\begin{aligned}
S = & -h t + W = -h t + \alpha_{2} \varphi + \alpha_{3} \psi + W^{\prime} \\
= & -h t + \alpha_{2} \varphi + \alpha_{3} \psi + \int\left[2 I_{1} h - \frac{1}{\sin^{2} \theta}\left(\alpha_{2} - \alpha_{3} \cos \theta\right)^{2}\right. \\
& \left. - \frac{I_{1}}{I_{3}} \alpha_{3}^{2} - 2 I_{1} m g l \cos \theta\right]^{1 / 2} \mathrm{d} \theta
\end{aligned}
\]

where \(h\) is the total mechanical energy, \(\alpha_{2}\) is the precession angular momentum, and \(\alpha_{3}\) is the spin angular momentum.",\boxed{\int \left[2 I_{1} h - \frac{1}{\sin^{2} \theta}\left(\alpha_{2} - \alpha_{3} \cos \theta\right)^{2} - \frac{I_{1}}{I_{3}} \alpha_{3}^{2} - 2 I_{1} m g l \cos \theta\right]^{1 / 2} \mathrm{d} \theta},EX,,False,EN,Math Derivation
2631,Mechanics and Thermodynamics,Theoretical Mechanics,Small Vibrations of Finite System,"Considering the relationship between the normal coordinates and the original coordinates, transform the generalized force $F_{0} \cos \Omega t$ of the system into the generalized force in the normal coordinates. Solve the system's differential equations of motion.","The generalized force

$$
\mathbf{Q} = \begin{pmatrix} F_{0} \cos \Omega t \\ 0 \end{pmatrix}
$$

is transformed into

$$
\mathbf{E} = \mathbf{G}^{T} \mathbf{Q} = \begin{pmatrix} \frac{1}{2} & \frac{1}{2} \\ \frac{1}{2} & -\frac{1}{2} \end{pmatrix} \begin{pmatrix} F_{0} \cos \Omega t \\ 0 \end{pmatrix} = \begin{pmatrix} \frac{1}{2} F_{0} \cos \Omega t \\ \frac{1}{2} F_{0} \cos \Omega t \end{pmatrix}
$$

The transformed differential equations of motion are

$$
\mathbf{M}^{\prime} \cdot \ddot{\boldsymbol{\xi}} + \mathbf{R}^{\prime} \cdot \dot{\boldsymbol{\xi}} + \mathbf{K}^{\prime} \cdot \boldsymbol{\xi} = \mathbf{E}
$$

That is,

$$
\begin{gathered}
\frac{1}{2} m \ddot{\xi}_{1} + \frac{1}{2} \beta \dot{\xi}_{1} + \frac{1}{2} k \xi_{1} = \frac{1}{2} F_{0} \cos \Omega t, \\
\frac{1}{2} m \ddot{\xi}_{2} + \frac{1}{2} \beta \dot{\xi}_{2} + k \xi_{2} = \frac{1}{2} F_{0} \cos \Omega t
\end{gathered}
$$

Rewritten in standard form, they become

$$
\begin{aligned}
& \ddot{\xi}_{1} + \frac{\beta}{m} \dot{\xi}_{1} + \frac{k}{m} \xi_{1} = \frac{F_{0}}{m} \cos \Omega t, \\
& \ddot{\xi}_{2} + \frac{\beta}{m} \dot{\xi}_{2} + \frac{2k}{m} \xi_{2} = \frac{F_{0}}{m} \cos \Omega t
\end{aligned}
$$","\boxed{\ddot{\xi}_{1} + \frac{\beta}{m} \dot{\xi}_{1} + \frac{k}{m} \xi_{1} = \frac{F_{0}} \cos \Omega t, \ddot{\xi}_{2} + \frac{\beta}{m} \dot{\xi}_{2} + \frac{2k}{m} \xi_{2} = \frac{F_{0}} \cos \Omega t}",EQ,"\text{None}, \text{None}",True,EN,Math Derivation
2633,Mechanics and Thermodynamics,Theoretical Mechanics,Small Vibrations of Finite System,"When a light source moves toward the Earth at a speed of \( V_{1} \), a person (denoted as person A) who is stationary on the Earth observes that the light emitted by the source has a wavelength of \( \lambda_{1}=5000 \text{ Ã} \), which is green light. Meanwhile, person B, moving relative to the Earth at a speed of \( V_{2} \), sees the light as having a wavelength of \( \lambda_{2}=6000 \text{ Ã} \), which is red light. When the light source moves away from the Earth at the same speed \( V_{1} \), person A also sees the light as having a wavelength of \( \lambda_{2} \), which is red light. Determine the values of \( V_{1} \) and \( V_{2} \).","The generalized forces for generalized coordinates $x, s$ are

$$
Q_{x}=F_{0} \cos \Omega t, \quad Q_{s}=0
$$

After applying the normal coordinates $\xi, \eta$, the relationship for generalized forces is given by:

$$
\begin{pmatrix} Q_{\xi} \\ Q_{\eta} \end{pmatrix} =\left(\begin{array}{cc} \frac{1}{2} & -\frac{3}{2} \\ -\frac{\sqrt{3}}{2} & -\frac{\sqrt{3}}{2} \end{array}\right) \begin{pmatrix} Q_{x} \\ Q_{s} \end{pmatrix}
$$

where the transformation matrix is $\boldsymbol{G}^{\boldsymbol{T}}$. Substituting $Q_{x}, Q_{s}$ gives

$$
Q_{\xi}=\frac{1}{2} F_{0} \cos \Omega t, \quad Q_{\eta}=-\frac{\sqrt{3}}{2} F_{0} \cos \Omega t
$$

The differential equations are:

$$
\begin{gathered}
2 m \ddot{\xi}+k \xi=\frac{1}{2} F_{0} \cos \Omega t \\
6 m \ddot{\eta}+k \eta=-\frac{\sqrt{3}}{2} F_{0} \cos \Omega t
\end{gathered}
$$

The particular solutions are:

$$
\begin{aligned}
\xi^{*}= & \frac{\frac{F_{0}}{4 m}}{\frac{k}{2 m}-\Omega^{2}} \cos \Omega t=\frac{F_{0} l}{2 m\left(3 g-2 l \Omega^{2}\right)} \cos \Omega t \\
\eta^{*}= & \frac{-\sqrt{3} F_{0}}{\frac{k}{6 m}-\Omega^{2}} \cos \Omega t=\frac{-\sqrt{3} F_{0} l}{6 m\left(g-2 l \Omega^{2}\right)} \cos \Omega t
\end{aligned}
$$

The general solutions are:

$$
\begin{aligned}
& \xi=\frac{F_{0} l}{2 m\left(3 g-2 l \Omega^{2}\right)} \cos \Omega t+C_{1}^{\prime} \cos \left(\sqrt{\frac{3 g}{2 l}} t+\alpha_{1}\right) \\
& \eta=-\frac{\sqrt{3} F_{0} l}{6 m\left(g-2 l \Omega^{2}\right)} \cos \Omega t+C_{2}^{\prime} \cos \left(\sqrt{\frac{g}{2 l}} t+\alpha_{2}\right)
\end{aligned}
$$

Further, we obtain:

$$
\begin{aligned}
x= & \frac{1}{2} \xi - \frac{\sqrt{3}}{2} \eta = \left[\frac{F_{0} l}{4 m(3 g-2 l \Omega^{2})} + \frac{F_{0} l}{4 m(g-2 l \Omega^{2})}\right] \cos \Omega t \\
& + C_{1} \cos \left(\sqrt{\frac{3g}{2l}} t+\alpha_{1}\right) + C_{2} \cos \left(\sqrt{\frac{g}{2l}} t+\alpha_{2}\right) \\
\theta= & -\frac{3}{2 l} \xi - \frac{\sqrt{3}}{2 l} \eta = \left[-\frac{3 F_{0}}{4 m(3g-2l\Omega^{2})} + \frac{F_{0}}{4m(g-2l\Omega^{2})}\right] \cos \Omega t 
\end{aligned}
$$

$$
-\frac{3}{l} C_{1} \cos \left(\sqrt{\frac{3g}{2l}} t+\alpha_{1}\right) + \frac{1}{l} C_{2} \cos \left(\sqrt{\frac{g}{2l}} t+\alpha_{2}\right)
$$

Figure 10.59 \\
$$
<image 1>
$$","\boxed{0.091, 0.18}","NV, NV","c, c",True,EN,Math Derivation
2634,Mechanics and Thermodynamics,Theoretical Mechanics,Hamiltonian Formulation of Mechanics,"For the expression

$$
\begin{aligned}
& \xi\left(\frac{\partial W}{\partial \xi}\right)^2 + \eta\left(\frac{\partial W}{\partial \eta}\right)^2 + \frac{\xi+\eta}{4 \xi \eta} \alpha_\theta^2 + mA - \frac{1}{4} m(\xi^2-\eta^2) = \frac{1}{2} m(\xi+\eta) h, \\
& \xi\left(\frac{\partial W}{\partial \xi}\right)^2 + \frac{1}{4 \xi} \alpha_\theta^2 - \frac{1}{4} m B \xi^2 - \frac{1}{2} mh \xi + \frac{1}{2} m A \\
& \quad + \eta\left(\frac{\partial W}{\partial \eta}\right)^2 + \frac{1}{4 \eta} \alpha_\theta^2 + \frac{1}{4} m B \eta^2 - \frac{1}{2} mh \eta + \frac{1}{2} m A = 0,
\end{aligned}
$$

separate $W(\xi, \eta)$ into $W_1(\xi) + W_2(\eta)$ and write down the following equations for $\xi$ and $\eta$:

$$
\xi\left(\frac{dW_1}{d\xi}\right)^2 + \frac{1}{4\xi} \alpha_\theta^2 - \frac{1}{4} m B \xi^2 - \frac{1}{2} mh \xi + \frac{1}{2} m A = \frac{1}{2} m \alpha.
$$","$W$ can be separated as

$$
W(\xi, \eta) = W_1(\xi) + W_2(\eta).
$$

Let

$$
\xi\left(\frac{dW_1}{d\xi}\right)^2 + \frac{1}{4\xi} \alpha_\theta^2 - \frac{1}{4} m B \xi^2 - \frac{1}{2} mh \xi + \frac{1}{2} m A = \frac{1}{2} m \alpha,
$$

then

$$
\begin{aligned}
& \eta\left(\frac{dW_2}{d\eta}\right)^2 + \frac{1}{4 \eta} \alpha_\theta^2 + \frac{1}{4} m B \eta^2 - \frac{1}{2} mh \eta + \frac{1}{2} m A = -\frac{1}{2} m \alpha, \\
\frac{dW_1}{d\xi} = & \left[\frac{1}{2} mh + \frac{1}{4} m B \xi + \frac{m(\alpha-A)}{2\xi} - \frac{\alpha_\theta^2}{4\xi^2} \right]^{1/2}, \\
\frac{dW_2}{d\eta} = & \left[\frac{1}{2} mh - \frac{1}{4} m B \eta - \frac{m(\alpha+A)}{2\eta} - \frac{\alpha_\theta^2}{4\eta^2} \right]^{1/2}.
\end{aligned}
$$","\boxed{\frac{dW_1}{d\xi} = \left[\frac{1}{2} mh + \frac{1}{4} m B \xi + \frac{m(\alpha-A)}{2\xi} - \frac{\alpha_\theta^2}{4\xi^2} \right]^{1/2}, \frac{dW_2}{d\eta} = \left[\frac{1}{2} mh - \frac{1}{4} m B \eta - \frac{m(\alpha+A)}{2\eta} - \frac{\alpha_\theta^2}{4\eta^2} \right]^{1/2}}","EX, EX","None, None",True,EN,Math Derivation
2643,Mechanics and Thermodynamics,Theoretical Mechanics,Hamiltonian Formulation of Mechanics,"Using regular perturbation theory, calculate the motion of a simple pendulum with finite amplitude vibration, assuming the total energy \( E \ll mgl \). Find the frequency increment for small amplitude pendulations, considering only the first-order approximation.

Hint:
\[
H = \frac{1}{2ml^2}p^2 + \frac{1}{2}mgl\theta^2 - \frac{1}{24}mgl\theta^4
\]","\[
\begin{align*}
& T = \frac{1}{2}ml^2\dot{\theta}^2 \\
& V = mgl(1-\cos \theta) = mgl\left[1 - \left(1 - \frac{1}{2}\theta^2 + \frac{1}{24}\theta^4\right)\right] \\
& = - \frac{1}{2}mgl\theta^2 - \frac{1}{24}mgl\theta^4 \\
& H = \frac{1}{2ml^2}p^2 + \frac{1}{2}mgl\theta^2 - \frac{\lambda}{24}mgl\theta^4 \tag{1}
\end{align*}
\]

(Let \(\lambda=1\) hereafter)

\[
\begin{aligned}
& H_0 = \frac{1}{2ml^2}p^2 + \frac{1}{2}mgl\theta^2 \\
& H_1 = -\frac{1}{24}mgl\theta^4 \\
& \frac{1}{2ml^2}p^2 + \frac{1}{2}mgl\theta^2 = E \\
& \frac{p^2}{2ml^2E} + \frac{\theta^2}{(2E/mgl)} = 1 \\
& J^0 = \oint p \, d\theta = \pi \sqrt{2ml^2E} \cdot \sqrt{\frac{2E}{mgl}} = 2\pi E \sqrt{\frac{l}{g}} \\
& H_0^* = E = \frac{J^0}{2\pi} \sqrt{\frac{g}{l}} \\
& \nu^0 = \dot{w}^0 = \frac{\partial H_0^*}{\partial J^0} = \frac{1}{2\pi} \sqrt{\frac{g}{l}} \\
& \frac{1}{2m}\left(\frac{dW^0}{d\theta}\right)^2 + \frac{1}{2}mgl\theta^2 = E \\
& W^0 = \int \sqrt{2ml^2} \sqrt{E - \frac{1}{2}mgl\theta^2} \, d\theta \\
& w^0 = \frac{\partial W^0}{\partial J^0} = \frac{\partial W^0}{\partial E} \frac{\partial E}{\partial J^0} = \frac{1}{2\pi}\sqrt{\frac{g}{l}} \int \sqrt{2ml^2} \cdot \frac{d\theta}{2\sqrt{E - \frac{1}{2}mgl\theta^2}} \\
& = \frac{1}{2\pi} \arcsin\left(\sqrt{\frac{mgl}{2E}}\theta\right) = \frac{1}{2\pi} \arcsin\left(\sqrt{\frac{\pi ml\sqrt{gl}}{J^0}} \theta\right)
\end{aligned}
\]

The last equation is obtained using \(E = \frac{J^0}{2\pi} \sqrt{\frac{g}{l}}\).

\[
\begin{gathered}
\theta = \sqrt{\frac{J^0}{\pi ml\sqrt{gl}}} \sin(2\pi w^0) \\
\dot{\theta} = \sqrt{\frac{J^0}{\pi ml\sqrt{gl}}} 2\pi \nu^0 \cos(2\pi w^0) = \sqrt{\frac{J^0}{\pi ml^2} \sqrt{\frac{g}{l}}} \cos(2\pi w^0)
\end{gathered}
\]

or

\[
\begin{gathered}
\dot{\theta} = \sqrt{\frac{2J^0 \nu^0}{ml^2}} \cos(2\pi w^0) \\
p = ml^2\dot{\theta} = \sqrt{2ml^2 J^0 \nu^0} \cos(2\pi w^0)
\end{gathered}
\]

Substituting \(\theta, p\) into equation (1), we have

\[
H^*(w^0, J^0, \lambda) = J^0 \nu^0 - \frac{\lambda J^{0^2} \nu^{0^2}}{6mgl} \sin^4(2\pi w^0)
\]

In the above calculation, we used \(\nu^0 = \frac{1}{2\pi} \sqrt{\frac{g}{l}}\).

\[
\begin{gathered}
H_0^*(J^0) = J^0 \nu^0 \\
H_1^*(w^0, J^0) = -\frac{J^{0^2} \nu^{0^2}}{6mgl} \sin^4(2\pi w^0) \\
= -\frac{J^{0^2}\nu^{0^2}}{6mgl}\left[\frac{1 - \cos(4\pi w^0)}{2}\right]^2 \\
= -\frac{J^{0^2}\nu^2}{24mgl}\left[\frac{3}{2} - 2\cos(4\pi w^0) + \frac{1}{2}\cos(8\pi w^0)\right] \\
H_1^*(J) = \overline{H_1^*(w^0, J)} = \overline{\left.H_1^*(w^0, J^0)\right|_{J^2 \rightarrow J} = -\frac{1}{16mgl}J^2\nu^{0^2}} \\
H^*(J, \lambda) = H_0^*(J) + \lambda H_1^*(J) = J\nu^0 - \frac{\lambda}{16mgl}J^2\nu^{0^2} \\
\nu = \left.\frac{\partial H^*(J, \lambda)}{\partial J}\right|_{\lambda=1} = \nu^0 - \frac{J \nu^{0^2}}{8mgl} \\
\nu - \nu^0 = -\frac{J \nu^{0^2}}{8mgl}
\end{gathered}
\]

where \(\nu^0 = \frac{1}{2\pi} \sqrt{\frac{g}{l}}\).

\[
\left.\begin{array}{rl}
S_1(w^0, J) = & \int \frac{\overline{H_1^*(w^0, J)} - H_1^*(w^0, J)}{\nu^0(J)} \, dw^0 \\
= & \int\left\{-\frac{J^2\nu^0}{16mgl} + \frac{J^2\nu^0}{24mgl}\left[\frac{3}{2} - 2\cos(4\pi w^0) + \frac{1}{2}\cos(8\pi w^0)\right]\right\} \, dw^0 \\
= & \frac{J^2\nu^0}{24mgl}\left[-\frac{1}{2\pi}\sin(4\pi w^0) + \frac{1}{16\pi}\sin(8\pi w^0)\right] \\
\quad S_0(w^0, J) = w^0 J
\end{array}\right\}
\]

According to the canonical transformation conditions

\[
\begin{aligned}
& p_i = \frac{\partial S(\boldsymbol{q}, \boldsymbol{P}, t)}{\partial q_i}, \quad Q_i = \frac{\partial S(\boldsymbol{q}, \boldsymbol{P}, t)}{\partial P_i} \\
& J^0 = \left.\frac{\partial S}{\partial w^0}\right|_{\lambda=1} = J - \frac{J^2\nu^0}{12mgl}\left[\cos(4\pi w^0) - \frac{1}{4}\cos(8\pi w^0)\right]
\end{aligned}
\]

\[
\begin{aligned}
w & = \left.\frac{\partial S}{\partial J}\right|_{\lambda=1} = w^0 + \frac{J \nu^0}{12mgl}\left[-\frac{1}{2\pi}\sin(4\pi w^0) + \frac{1}{16\pi}\sin(8\pi w^0)\right] \\
& = w^0 - \frac{J \nu^0}{192\pi mgl}\left[8\sin(4\pi w^0) - \sin(8\pi w^0)\right]
\end{aligned}
\]

Using \(H^*(J, \lambda)\) via Hamilton's canonical equations,

\[
\begin{aligned}
& \dot{J} = -\left.\frac{\partial H^*}{\partial w}\right|_{\lambda=1} = 0, \quad J = C_1 \\
& \dot{w} = \nu = \left.\frac{\partial H^*}{\partial J}\right|_{\lambda=1} = \nu^0 - \frac{J \nu^{0^2}}{8mgl} \\
& w = \nu t + C_2
\end{aligned}
\]

The transformation relationship between \(\theta, p\) and \(w^0, J^0\) was previously derived,

\[
\theta = \sqrt{\frac{J^0}{\pi ml\sqrt{gl}}} \sin(2\pi w^0)
\]

or

\[
\begin{gathered}
\theta = \sqrt{\frac{2J^0 \nu^0}{mgl}} \sin(2\pi w^0) \\
p = \sqrt{2ml^2 J^0 \nu^0} \cos(2\pi w^0) \\
p = 2\pi ml^2 \nu^0 \sqrt{\frac{2J^0 \nu^0}{mgl}} \cos(2\pi w^0)
\end{gathered}
\]",\[\boxed{\nu - \nu^0 = -\frac{J \nu^{0^2}}{8mgl}}\],EX,,False,EN,Math Derivation
2651,Mechanics and Thermodynamics,Theoretical Mechanics,Hamiltonian Formulation of Mechanics,"Two inert gas atoms, each with a mass of \( m \), interact with each other through a classical potential energy given by

\[
V(r) = -\frac{2A}{r^{6}} + \frac{B}{r^{12}}
\]

where \( A, B > 0 \) are constants, and \( r \) is the distance between the two atoms.  
(1) Write the Hamiltonian function for the system formed by these two atoms (choose appropriate generalized coordinates).","Use the center of mass coordinates \( x, y, z \) and the spherical coordinates \( r, \theta, \varphi \) for one atom relative to the other as the generalized coordinates.

\[
\begin{aligned}
L &= \frac{1}{2} \times 2m \left(\dot{x}^{2} + \dot{y}^{2} + \dot{z}^{2}\right) + 2 \times \frac{1}{2} m \left[ \left( \frac{\dot{r}}{2} \right)^{2} + \left( \frac{r}{2} \right)^{2} \dot{\theta}^{2} + \left( \frac{r}{2} \right)^{2} \sin^{2} \theta \dot{\varphi}^{2} \right] + \frac{2A}{r^{6}} - \frac{B}{r^{12}} \\
&= m \left( \dot{x}^{2} + \dot{y}^{2} + \dot{z}^{2} \right) + \frac{1}{4} m \left( \dot{r}^{2} + r^{2} \dot{\theta}^{2} + r^{2} \sin^{2} \theta \dot{\varphi}^{2} \right) + \frac{2A}{r^{6}} - \frac{B}{r^{12}} \\
p_{x} &= \frac{\partial L}{\partial \dot{x}} = 2m \dot{x} \\
p_{y} &= \frac{\partial L}{\partial \dot{y}} = 2m \dot{y} \\
p_{z} &= \frac{\partial L}{\partial \dot{z}} = 2m \dot{z} \\
p_{r} &= \frac{\partial L}{\partial \dot{r}} = \frac{1}{2} m \dot{r} \\
p_{\theta} &= \frac{\partial L}{\partial \dot{\theta}} = \frac{1}{2} m r^{2} \dot{\theta} \\
p_{\varphi} &= \frac{\partial L}{\partial \dot{\varphi}} = \frac{1}{2} m r^{2} \sin^{2} \theta \dot{\varphi} \\
H &= p_{x} \dot{x} + p_{y} \dot{y} + p_{z} \dot{z} + p_{r} \dot{r} + p_{\theta} \dot{\theta} + p_{\varphi} \dot{\varphi} - L \\
&= \frac{1}{4m} \left( p_{x}^{2} + p_{y}^{2} + p_{z}^{2} \right) + \frac{1}{m} \left( p_{r}^{2} + \frac{p_{\theta}^{2}}{r^{2}} + \frac{p_{\varphi}^{2}}{r^{2} \sin^{2} \theta} \right) - \frac{2A}{r^{6}} + \frac{B}{r^{12}}
\end{aligned}
\]",\boxed{H = \frac{1}{4m} \left( p_{x}^{2} + p_{y}^{2} + p_{z}^{2} \right) + \frac{1}{m} \left( p_{r}^{2} + \frac{p_{\theta}^{2}}{r^{2}} + \frac{p_{\varphi}^{2}}{r^{2} \sin^{2} \theta} \right) - \frac{2A}{r^{6}} + \frac{B}{r^{12}}},EQ,,False,EN,Math Derivation
2678,Mechanics and Thermodynamics,Theoretical Mechanics,Lagrangian Formulation of Mechanics,"A uniform chain with a linear density of $\sigma$ and a length of $l$ has each end connected to two spheres with weights $P$ and $Q$ respectively. It is placed on a smooth semicylindrical surface with a radius of $R$. In equilibrium, the chain and the two spheres are in a vertical plane perpendicular to the axis of the cylinder. Assuming the angle subtended by the chain at point $O$ is $2\alpha$, find $\alpha$, where $\alpha=\frac{l}{2R}$.","Assume the angle subtended by the chain at point $O$ is $2\alpha$, then we have $\alpha = \frac{l}{2R}$.",\boxed{\alpha = \frac{l}{2R}},EQ,,False,EN,Knowledge Recall
2693,Mechanics and Thermodynamics,Theoretical Mechanics,Lagrangian Formulation of Mechanics,"In a differential pulley system, based on the previously derived infinitesimal displacement $\delta x$, determine the infinitesimal work $\delta W$ and thereby derive the expression for the force $F$ required for the weight $P$ to be in equilibrium or ascend at a constant velocity.","The infinitesimal work $\delta W$ is:

$$
\begin{aligned}
\delta W &= F r_{2} \delta \varphi + P \delta x \\
&= \left[F r_{2} + \frac{1}{2} P (r_{1} - r_{2}) \right] \delta \varphi = 0
\end{aligned}
$$

Thus, we can find:

$$
F = \frac{r_{2} - r_{1}}{2 r_{2}} P
$$

This $F$ is the force required to keep the weight in equilibrium or to ascend at a constant velocity.",\boxed{F = \frac{r_{2} - r_{1}}{2 r_{2}} P},EQ,,False,EN,Math Derivation
2697,Mechanics and Thermodynamics,Theoretical Mechanics,Lagrangian Formulation of Mechanics,Use D'Alembert's principle to find the angular acceleration of rod \(DE\).,"The angular acceleration of rod \(DE\) is:

\[
\beta_{DE} = \frac{a}{d}\left(1+\frac{a}{b}\right) \omega^{2}
\]",\boxed{\frac{a}{d}\left(1+\frac{a}{b}\right) \omega^{2}},EX,,False,EN,Math Derivation
2703,Mechanics and Thermodynamics,Theoretical Mechanics,Hamiltonian Formulation of Mechanics,Find the potential energy and Lagrangian function of a particle in elliptical coordinates.,"The potential energy is:

$$
\begin{aligned}
V = & \frac{A_{1}}{\operatorname{ch} \xi - \cos \eta} + \frac{A_{2}}{\operatorname{ch} \xi + \cos \eta}
\end{aligned}
$$

The Lagrangian function is:

$$
\begin{aligned}
L = & \frac{1}{2} m\left(\dot{\xi}^{2} + \dot{\eta}^{2}\right)\left(\operatorname{ch}^{2} \xi - \cos^{2} \eta\right) - \frac{A_{1}}{\operatorname{ch} \xi - \cos \eta} - \frac{A_{2}}{\operatorname{ch} \xi + \cos \eta}
\end{aligned}
$$","\boxed{V = \frac{A_{1}}{\operatorname{ch} \xi - \cos \eta} + \frac{A_{2}}{\operatorname{ch} \xi + \cos \eta}, L = \frac{1}{2} m\left(\dot{\xi}^{2} + \dot{\eta}^{2}\right)\left(\operatorname{ch}^{2} \xi - \cos^{2} \eta\right) - \frac{A_{1}}{\operatorname{ch} \xi - \cos \eta} - \frac{A_{2}}{\operatorname{ch} \xi + \cos \eta}}","EQ, EX","\text{None}, \text{None}",True,EN,Math Derivation
2707,Mechanics and Thermodynamics,Theoretical Mechanics,Small Vibrations of Finite System,"Based on the setup of the spring and the mass, determine the angular frequency and period of this oscillating system.","Equations (1) and (2) can be rewritten as

\[
\begin{aligned}
& m \ddot{x}_{1} + (2 k' + k) x_{1} = 0 \\
& m \ddot{x}_{2} + (2 k' + k) x_{2} = 0
\end{aligned}
\]

From this, the angular frequency and period of the oscillation can be immediately obtained as

$$
\omega = \sqrt{\frac{2 k' + k}{m}}, \quad T = 2 \pi \sqrt{\frac{m}{2 k' + k}}
$$","\boxed{\omega = \sqrt{\frac{2 k' + k}{m}}, T = 2 \pi \sqrt{\frac{m}{2 k' + k}}}","EQ, EQ",,True,EN,Knowledge Recall
2711,Mechanics and Thermodynamics,Theoretical Mechanics,Hamiltonian Formulation of Mechanics,"For a particle moving under the potential energy $V(r) = -\frac{k}{r} - \frac{\beta}{r^2}$, use Hamilton's canonical equations to determine the precession rate, and compare $\nu_\varphi$ and $\nu_r$.","According to Hamilton's canonical equations,

$$
\begin{aligned}
& \dot{J}_{r} = -\frac{\partial H^{*}}{\partial w_{r}} = 0 \\
& \dot{J}_{\varphi} = -\frac{\partial H^{*}}{\partial w_{\varphi}} = 0 \\
& \dot{w}_{r} = \nu_{r} = \frac{\partial H^{*}}{\partial J_{r}} = \frac{4 m \pi^{2} k^{2}}{\left[\left(J_{\varphi}^{2} - 8 \pi^{2} m \beta\right)^{1/2} - J_{r}\right]^{3}} = \frac{(-2 m E)^{3/2}}{2 m^{2} \pi k}
\end{aligned}
$$

Here, we use the relation $\left(J_{\varphi}^{2} - 8 \pi^{2} m \beta\right)^{1/2} - J_{r} = \left(\frac{2 m \pi^{2} k^{2}}{-E}\right)^{1/2} = \frac{2 m \pi k}{(-2 m E)^{1/2}}$.

$$
\begin{aligned}
& \dot{w}_{\varphi} = \nu_{\varphi} = \frac{\partial H^{*}}{\partial J_{\varphi}} \\
& = \frac{4 m \pi^{2} k^{2}}{\left[\left(J_{\varphi}^{2} - 8 \pi^{2} m \beta\right)^{1/2} - J_{r}\right]^{3}} \cdot \frac{2 J_{\varphi}}{2\left(J_{\varphi}^{2} - 8 \pi^{2} m \beta\right)^{1/2}} \\
& = \frac{J_{\varphi}}{\left(J_{\varphi}^{2} - 8 \pi^{2} m \beta\right)^{1/2}} \nu_{r}
\end{aligned}
$$

By

$$
w_{i} = \sum_{k=1}^{s} \frac{\partial W_{k}\left(q_{k}, J\right)}{\partial J_{i}}
$$

\begin{align*}
w_{r} & = \frac{\partial W_{r}}{\partial J_{r}} + \frac{\partial W_{\varphi}}{\partial J_{r}} \\
& = \frac{\partial W_{r}}{\partial E} \frac{\partial E}{\partial J_{r}} + \frac{\partial W_{r}}{\partial h} \frac{\partial h}{\partial J_{r}} + \frac{\partial W_{\varphi}}{\partial E} \frac{\partial E}{\partial J_{r}} + \frac{\partial W_{\varphi}}{\partial h} \frac{\partial h}{\partial J_{r}} \\
& = \frac{\partial W_{r}}{\partial E} \nu_{r} = \nu_{r} F(r) \tag{1}
\end{align*}

Where

\begin{align*}
F(r) & = \frac{\partial W_{r}(r, E, h)}{\partial E} = \sqrt{\frac{m}{2}} \int\left(E + \frac{k}{r} + \frac{2 m \beta-h^{2}}{2 m r^{2}}\right)^{-1/2} \mathrm{~d} r \\
w_{\varphi} & = \frac{\partial W_{r}}{\partial J_{\varphi}} + \frac{\partial W_{\varphi}}{\partial J_{\varphi}} \\
& = \frac{\partial W_{r}}{\partial E} \frac{\partial E}{\partial J_{\varphi}} + \frac{\partial W_{r}}{\partial h} \frac{\partial h}{\partial J_{\varphi}} + \frac{\partial W_{\varphi}}{\partial E} \frac{\partial E}{\partial J_{\varphi}} + \frac{\partial W_{\varphi}}{\partial h} \frac{\partial h}{\partial J_{\varphi}} \\
& = \nu_{\varphi} F(r) - G(r) + \frac{\varphi}{2 \pi} \tag{2}
\end{align*}

Where $\quad G(r) = -\frac{\partial W_{r}}{\partial h} \frac{\partial h}{\partial J_{\varphi}} = \frac{1}{2 \pi} \sqrt{\frac{m}{2}} \int\left(E + \frac{k}{r} + \frac{2 m \beta-h^{2}}{2 m r^{2}}\right)^{-1/2}\left(\frac{h}{m r^{2}}\right) \mathrm{d} r$. From equation (1), in principle, we can obtain

\begin{equation*}
r = r\left(w_{r}\right) \tag{3}
\end{equation*}

$r$ is a periodic function of $w_{r}$, with a period of 1,

\begin{equation*}
w_{r} = \nu_{r} t + \lambda_{r} \tag{4}
\end{equation*}

\begin{equation*}
w_{\varphi} = \nu_{\varphi} t + \lambda_{\varphi} \tag{5}
\end{equation*}

$r$ is a periodic function of $t$, with a period of $\frac{1}{\nu_{r}}$. By substituting equation (3) into equation (2), and solving for $\varphi$, we get

\begin{equation*}
\varphi = \varphi\left(w_{r}, w_{\varphi}\right) \tag{6}
\end{equation*}

$\varphi$ is a doubly periodic function of $(w_{r}, w_{\varphi})$, with the unit periods $(1,0)$ and $(0,1)$. Over time, when time changes by $\frac{1}{\nu_{r}}$, $w_{r}$ changes by 1, and when time changes by $\frac{1}{\nu_{\varphi}}$, $w_{\varphi}$ changes by 1. Generally, $\varphi$ is not a periodic function of time, unless there exists a pair of integers $K_{r}, K_{\varphi}$, such that $\frac{K_{r}}{\nu_{r}} = \frac{K_{\varphi}}{\nu_{\varphi}}$, then $\varphi$ becomes a periodic function of time.

If one can obtain $r = r\left(w_{r}\right)$ and $\varphi = \varphi\left(w_{r}, w_{\varphi}\right)$, then equations (4) and (5) allow us to determine $r(t)$ and $\varphi(t)$. If $\beta = 0$ in the potential energy function, the particle moves in an inverse-square central force field,

$$
\nu_{r} = \nu_{\varphi} = \nu = \frac{(-2 m E)^{3/2}}{2 m^{2} \pi k}
$$

Both $r(t)$ and $\varphi(t)$ are periodic functions of time, with a period of $\frac{1}{\nu}$. In this case, the spatial orbit is closed, forming an ellipse.

If $\beta$ is a small non-zero quantity, the orbit, though not closed, approximates an ellipse, and the perihelion slowly precesses around the force center. Without determining $r(t)$ and $\varphi(t)$, the precession rate can still be known. Comparing equations (2) and (5),

$$
\begin{gathered}
\nu_{\varphi} F(r) - G(r) + \frac{\varphi}{2 \pi} = \nu_{\varphi} t + \lambda_{\varphi} \\
\varphi = 2 \pi \nu_{\varphi} t - 2 \pi \nu_{\varphi} F(r) + 2 \pi G(r) + 2 \pi \lambda_{\varphi}
\end{gathered}
$$

Since $r(t)$ is a periodic function of $t$, with a period of $\frac{1}{\nu_{r}}$, during this period, the change in $\varphi$ is

$$
\Delta \varphi = 2 \pi \nu_{\varphi} \frac{1}{\nu_{r}} = 2 \pi\left(\frac{\nu_{\varphi}}{\nu_{r}}\right)
$$

Here, $r\left(t + \frac{1}{\nu_{r}}\right) = r(t)$ is used. Thus,

$$
\begin{aligned}
& F\left[r\left(t + \frac{1}{\nu_{r}}\right)\right] = F[r(t)] \\
& G\left[r\left(t + \frac{1}{\nu_{r}}\right)\right] = G[r(t)]
\end{aligned}
$$

If $\nu_{\varphi} = \nu_{r}$, then $\Delta \varphi = 2 \pi$, with no precession; if $\nu_{\varphi} \neq \nu_{r}$, then $\Delta \varphi \neq 2 \pi$, and the precession angle is

$$
2 \pi\left(\nu_{\varphi} / \nu_{r}\right) - 2 \pi
$$

The precession rate is

$$
\frac{2 \pi\left(\nu_{\varphi} / \nu_{r}\right) - 2 \pi}{1 / \nu_{r}} = 2 \pi\left(\nu_{\varphi} - \nu_{r}\right)
$$",\boxed{2 \pi\left(\nu_{\varphi} - \nu_{r}\right)},EX,,False,EN,Math Derivation
2712,Mechanics and Thermodynamics,Theoretical Mechanics,Lagrangian Formulation of Mechanics,"A homogeneous disk with a radius \( R \) rolls without slipping along the horizontal \( x \)-axis. A homogeneous slender rod of length \( 2l \) remains in contact with the disk without slipping, with one end sliding along the \( x \)-axis. During the motion, the disk and rod remain in the same vertical plane. Choose appropriate coordinates and express the following relationships: Let \( x_1, y_1 \) denote the position of the rod's center of mass, and \( \theta_1 \) represent the angle of rotation of the rod around its center of mass. Let \( x_2 \) denote the position of the disk's center of mass, and \( \theta_2 \) represent the angle of rotation of the disk around its center of mass.  

4. Calculate the number of independent generalized coordinates, including necessary geometric constraints.","There are six original coordinates. Two geometric constraints, two differential constraints, and one additional geometric constraint are written, which is  

\[
x_2 - x_1 + l \cos \theta_1 = l + s
\]

Therefore, the independent generalized coordinates are three.",\boxed{3},NV,,False,EN,Math Derivation
2724,Mechanics and Thermodynamics,Theoretical Mechanics,Lagrangian Formulation of Mechanics,"The flat plate is moving in the $xy$ plane, and the coordinate system $O'x'y'$ is fixed to the plate. The configuration of the plate is described by the coordinates $x, y$ of point $O'$ in the stationary coordinate system $Oxy$ and the angle $\varphi$ between the $x'$ and $x$ axes. The viscous resistance on the area element $\mathrm{d} x' \mathrm{d} y'$ is given by

$$
\mathrm{d} f_{x} = -\alpha \dot{x} \, \mathrm{d} x' \mathrm{d} y', \quad \mathrm{d} f_{y} = -\alpha \dot{y} \, \mathrm{d} x' \mathrm{d} y'
$$

where $\dot{x}, \dot{y}$ are abbreviations for $\dot{x}(x', y'), \dot{y}(x', y')$, respectively, and should not be confused with the velocity components $\dot{x}, \dot{y}$ of point $O'$. Find $Q_{x}$.","$$
Q_{x} = -\alpha \int \left(\dot{x} - x' \dot{\varphi} \sin \varphi - y' \dot{\varphi} \cos \varphi\right) \mathrm{d} x' \mathrm{d} y'
$$

Note: In deriving equations (1) and (2), $x', y'$ are parameters, meaning they are constants when differentiating. In the integrals for $Q_{x}, Q_{y}, Q_{\varphi}$, the quantities $\dot{x}, \dot{y}, \dot{\varphi}$ and $\varphi$ are all parameters, meaning they are constants during integration.",\boxed{-\alpha \int \left(\dot{x} - x' \dot{\varphi} \sin \varphi - y' \dot{\varphi} \cos \varphi\right) \mathrm{d} x' \mathrm{d} y'},EX,,False,EN,Math Derivation
2737,Mechanics and Thermodynamics,Theoretical Mechanics,Small Vibrations of Finite System,"A homogeneous hemispherical bowl with a mass of $4m$ and a radius of $2b$ is resting on a smooth table, with the plane of its edge being horizontal. Inside it lies a completely rough and homogeneous sphere with a mass of $m$ and a radius of $b$. The moment of inertia of the bowl about a horizontal axis through its center is $I = \frac{32}{3} mb^{2}$. Find the moment of inertia about a horizontal axis through the center of mass, $I_{\mathrm{C}}$, using the parallel axis theorem.","The moment of inertia of the hemispherical bowl about a horizontal axis through its center is

$$
I = \frac{2}{3}(4m)(2b)^{2} = \frac{32}{3} mb^{2}
$$

Using the parallel axis theorem for the moment of inertia, the moment of inertia of the hemispherical bowl about a horizontal axis through the center of mass is

$$
I_{\mathrm{C}} = I - 4mb^{2} = \frac{20}{3} mb^{2}
$$",\boxed{\frac{20}{3} mb^{2}},NV,,False,EN,Laws Application
2740,Mechanics and Thermodynamics,Theoretical Mechanics,Lagrangian Formulation of Mechanics,"Two spheres $A$ and $B$ weigh $P$ and $Q$, respectively. They are connected by a light rod of length $2l$ and placed inside a smooth spherical shell of radius $R$. Given that the angle between the rod and the horizontal line is $\alpha$ at equilibrium, determine the constraints forces at points $A$ and $B$.","Method one: Use vector mechanics to find the constraint forces $N_{A}$ and $N_{B}$.\\
Considering that the net forces in the $x$ and $y$ directions are zero, we have

\begin{gather*}
N_{A} \cos (\beta + \alpha) - N_{B} \cos (\beta - \alpha) = 0, \tag{1} \\
N_{A} \sin (\beta + \alpha) + N_{B} \sin (\beta - \alpha) = P + Q. \tag{2}
\end{gather*}

where $\beta = \arccos \frac{l}{R}$.\\
Multiplying equation (1) by $\sin (\beta - \alpha)$ and adding it to equation (2) multiplied by $\cos (\beta - \alpha)$, we get

$$
N_{A} = \frac{\cos (\beta - \alpha)}{\sin 2\beta}(P + Q).
$$

Substituting this equation into equation (1), we continue to solve for $N_{B}$.","\boxed{N_{A} = \frac{\cos (\beta - \alpha)}{\sin 2\beta}(P + Q), N_{B}}",EX,"None, None",True,EN,Laws Application
2745,Mechanics and Thermodynamics,Theoretical Mechanics,Lagrangian Formulation of Mechanics,"A uniform thin rod $AB$ can freely rotate about a horizontal axis through a fixed point $O$ on the rod. This horizontal axis itself rotates at a constant angular velocity $\omega$ around a vertical axis through point $O$. Given $OA = a$ and $OB = b$, use D'Alembert's principle to determine the angle $\alpha$ that the rod $AB$ forms with the vertical axis during steady rotation.","Take point $O$ as the origin of the $x, z$ axes, with the $z$ axis pointing vertically upwards and the $x$ axis horizontal. The $z$ axis, $x$ axis, and the rod are in the same vertical plane, which is chosen as the reference frame. In this reference frame, find the equilibrium position of the rod, specifically the angle $\alpha$ shown in Figure 9.42.

According to D'Alembert's principle, when the rod is in equilibrium, the total virtual work is zero: $\delta W = \delta W_{1} + \delta W_{2} = 0$. This gives

$$
\frac{1}{2} \eta g \sin \alpha \left(b^{2} - a^{2}\right) + \frac{1}{3} \eta \omega^{2} \sin \alpha \cos \alpha \left(b^{3} + a^{3}\right) = 0
$$

Thus, we obtain

$$
\cos \alpha = \frac{\frac{1}{2} \eta g \left(a^{2} - b^{2}\right)}{\frac{1}{3} \eta \omega^{2} \left(a^{3} + b^{3}\right)} = \frac{3g(a-b)}{2 \omega^{2} \left(a^{2} - ab + b^{2}\right)}
$$",\(\boxed{\frac{3g(a-b)}{2 \omega^{2} \left(a^{2} - ab + b^{2}\right)}}\),NV,,False,EN,Math Derivation
2748,Mechanics and Thermodynamics,Theoretical Mechanics,Hamiltonian Formulation of Mechanics,"For the motion of a particle under the potential energy $V(r) = -\frac{k}{r} - \frac{\beta}{r^2}$, apply the action variables $J_r$ and $J_\varphi$ to solve the equations for $E$ and $h$ in the system.","The system is a separable periodic system, allowing for the definition of a set of action variables and angle variables,

$$
\begin{aligned}
J_{r}(E, h) & = \oint \frac{\partial W_{r}(r, E, h)}{\partial r} \mathrm{~d} r \\
& = \sqrt{2 m} \oint\left(E + \frac{k}{r} + \frac{2 m \beta-h^{2}}{2 m r^{2}}\right)^{1/2} \mathrm{~d} r \\
& = 2 \sqrt{2 m} \int_{r_{1}}^{r_{2}}\left(E + \frac{k}{r} + \frac{2 m \beta-h^{2}}{2 m r^{2}}\right)^{1/2} \mathrm{~d} r
\end{aligned}
$$

Here, $p_{r}(r, E, h)$ is symmetric with respect to the $r$ axis. Perform the transformation, let

$$
\begin{gathered}
r = \frac{1}{u}, \quad \mathrm{~d} r = -\frac{1}{u^{2}} \mathrm{~d} u \\
J_{r}(E, h) = -2 \sqrt{2 m} \int_{u_{1}}^{u_{2}} \frac{1}{u^{2}}\left(E + k u + \frac{2 m \beta-h^{2}}{2 m} u^{2}\right)^{1/2} \mathrm{~d} u
\end{gathered}
$$

Apply the following integral formulas:

$$
\int \sqrt{\frac{X}{x^{2}}} \mathrm{~d} x = -\sqrt{\frac{X}{x}} + \frac{b}{2} \int \frac{\mathrm{~d} x}{x \sqrt{X}} + c \int \frac{\mathrm{~d} x}{\sqrt{X}}
$$

$$
\int \frac{\mathrm{~d} x}{x \sqrt{X}} = \frac{1}{\sqrt{-a}} \arcsin \left(\frac{b x + 2 a}{x \sqrt{-q}}\right) \text{ (when } a<0, q<0 \text{)}
$$

$$
\int \frac{\mathrm{~d} x}{\sqrt{X}} = -\frac{1}{\sqrt{-c}} \arcsin \left(\frac{2 c x + b}{\sqrt{-q}}\right) \quad \text{(when } c<0, q<0 \text{)}
$$

Now,

$$
a = E < 0, \quad b = k, \quad c = \frac{2 m \beta-h^{2}}{2 m} < 0
$$

$$
q = 4 E \frac{2 m \beta-h^{2}}{2 m} - k^{2} = \frac{2 E\left(2 m \beta-h^{2}\right) - m k^{2}}{m} < 0
$$

Using the above integral formulas, we can compute and obtain

$$
\begin{aligned}
& J_{r}(E, h) = 2 \pi\left(h^{2}-2 m \beta\right)^{1/2} - \pi k\left(-\frac{2 m}{E}\right)^{1/2} \\
& J_{\varphi}(E, h) = \oint \frac{\partial W_{\varphi}(\varphi, E, h)}{\partial \varphi} \mathrm{d} \varphi = \oint h \mathrm{~d} \varphi = \int_{0}^{2 \pi} h \mathrm{~d} \varphi = 2 \pi h
\end{aligned}
$$

Solve for $E$ and $h$ from the above two equations,

$$
E = -\frac{2 m \pi^{2} k^{2}}{\left[\left(J_{\varphi}^{2}-8 \pi^{2} m \beta\right)^{1/2}-J_{r}\right]^{2}}
$$

$$
\begin{aligned}
& h = \frac{J_{\varphi}}{2 \pi} \\
& H^{*}\left(J_{r}, J_{\varphi}\right)=E = -\frac{2 m \pi^{2} k^{2}}{\left[\left(J_{\varphi}^{2}-8 \pi^{2} m \beta\right)^{1/2}-J_{r}\right]^{2}}
\end{aligned}
$$","\boxed{E = -\frac{2 m \pi^{2} k^{2}}{\left[\left(J_{\varphi}^{2}-8 \pi^{2} m \beta\right)^{1/2}-J_{r}\right]^{2}}, h = \frac{J_{\varphi}}{2 \pi}}",EQ,"\text{None, None}",True,EN,Math Derivation
2749,Mechanics and Thermodynamics,Theoretical Mechanics,Lagrangian Formulation of Mechanics,"On a tightly stretched elastic string, small balls are attached at equal distances (distance \(a\)), with both ends fixed. At equilibrium, the elastic string is horizontal (gravity can be ignored), and the motion of the balls is restricted to the vertical direction. The displacements are very small, meaning \(y_{1}\), \(y_{2}\), \(\cdots\), \(y_{5}\) are all small quantities. The tension in the string at equilibrium is \(\tau\). Write the potential energy of the entire system.","The potential energy of the system is:

\[
\begin{aligned}
V & = V_{10} + V_{12} + V_{23} + V_{34} + V_{45} + V_{56} \\
& = \frac{\tau}{2 a} y_{1}^{2} + \frac{\tau}{2 a} \left(y_{1} - y_{2}\right)^{2} \\
& \quad + \frac{\tau}{2 a} \left(y_{2} - y_{3}\right)^{2} + \frac{\tau}{2 a} \left(y_{3} - y_{4}\right)^{2} + \frac{\tau}{2 a} \left(y_{4} - y_{5}\right)^{2} + \frac{\tau}{2 a} y_{5}^{2} \\
& = \frac{\tau}{a} \left(y_{1}^{2} + y_{2}^{2} + \cdots + y_{5}^{2} - y_{1} y_{2} - y_{2} y_{3} - y_{3} y_{4} - y_{4} y_{5}\right).
\end{aligned}
\]",\boxed{\frac{\tau}{a} \left(y_{1}^{2} + y_{2}^{2} + \cdots + y_{5}^{2} - y_{1} y_{2} - y_{2} y_{3} - y_{3} y_{4} - y_{4} y_{5}\right)},EX,,False,EN,Knowledge Recall
2754,Mechanics and Thermodynamics,Theoretical Mechanics,Hamiltonian Formulation of Mechanics,"A particle with mass \(m\) is moving on the surface of a sphere with a radius \(R\), and the particle is not subjected to any external force. Write down the Hamiltonian of the system, and determine whether it is conserved.","Calculate the generalized momentum:

\[
\begin{aligned}
p_{\theta} &= \frac{\partial L}{\partial \dot{\theta}} = m R^{2} \dot{\theta} \\
p_{\varphi} &= \frac{\partial L}{\partial \dot{\varphi}} = m R^{2} \sin^{2} \theta \cdot \dot{\varphi}
\end{aligned}
\]

Solve for the velocities:

\[
\begin{aligned}
\dot{\theta} &= \frac{1}{m R^{2}} p_{\theta} \\
\dot{\varphi} &= \frac{1}{m R^{2} \sin^{2} \theta} p_{\varphi} 
\end{aligned}
\]

The Hamiltonian is

\[
H = p_{\theta} \dot{\theta} + p_{\varphi} \dot{\varphi} - L = \frac{1}{2 m R^{2}} \left( p_{\theta}^{2} + \frac{1}{\sin^{2} \theta} p_{\varphi}^{2} \right)
\]

Since \(\frac{\partial H}{\partial t} = 0\), the Hamiltonian \(H\) is conserved.","\boxed{\frac{1}{2 m R^{2}} \left( p_{\theta}^{2} + \frac{1}{\sin^{2} \theta} p_{\varphi}^{2} \right), Yes}","EX, TF","\text{None}, \text{None}",True,EN,Math Derivation
2755,Mechanics and Thermodynamics,Theoretical Mechanics,Small Vibrations of Finite System,A block of mass \( m \) is attached to a wedge of mass \( M \) using a spring with a spring constant \( k \). The wedge has an incline angle of \( \alpha \) with the horizontal plane and slides on a horizontal surface. All contact surfaces are smooth. Find the angular frequency of the vibration.,"By eliminating \(\ddot{x}\) from the previous equation, we obtain

$$
\frac{m(M + m \sin^{2} \alpha)}{M + m} \ddot{s} + k(s - d) - m g \sin \alpha = 0
$$

Let \(s^{\prime} = s - d - \frac{m g \sin \alpha}{k}\). The above equation can be rewritten as

$$
\frac{m(M + m \sin^{2} \alpha)}{M + m} \ddot{s}^{\prime} + k s^{\prime} = 0
$$

The angular frequency of the vibration is

$$
\omega = \sqrt{\frac{k(M + m)}{m(M + m \sin^{2} \alpha)}}
$$","\[
\boxed{\omega = \sqrt{\frac{k(M + m)}{m(M + m \sin^{2} \alpha)}}}
\]",EQ,,False,EN,Math Derivation
2756,Mechanics and Thermodynamics,Theoretical Mechanics,Small Vibrations of Finite System,"An object with mass $M$ is constrained to slide frictionlessly on a horizontal $x$-axis, while a particle with mass $m$ is connected to $M$ by a massless, inextensible string of length $b$. The particle $m$ is confined to move within a vertical $xy$ plane. Write the Lagrangian function of the system.","Using $x, \theta$ as generalized coordinates,

$$
T=\frac{1}{2} M \dot{x}^{2}+\frac{1}{2} m\left[(\dot{x}+b \dot{\theta} \cos \theta)^{2}+(b \dot{\theta} \sin \theta)^{2}\right]
$$

$$
\begin{aligned}
&=\frac{1}{2}(M+m) \dot{x}^{2}+\frac{1}{2} m b^{2} \dot{\theta}^{2}+m b \dot{x} \dot{\theta} \cos \theta \\
V&=m g b(1-\cos \theta) \\
L&=\frac{1}{2}(M+m) \dot{x}^{2}+\frac{1}{2} m b^{2} \dot{\theta}^{2}+m b \dot{x} \dot{\theta} \cos \theta-m g b(1-\cos \theta)
\end{aligned}
$$",\boxed{L=\frac{1}{2}(M+m) \dot{x}^{2}+\frac{1}{2} m b^{2} \dot{\theta}^{2}+m b \dot{x} \dot{\theta} \cos \theta-m g b(1-\cos \theta)},EX,,False,EN,Math Derivation
2758,Mechanics and Thermodynamics,Theoretical Mechanics,Lagrangian Formulation of Mechanics,"On a tightly stretched elastic string fixed at both ends, small balls are attached at equal distances (distance of \(a\)). When in equilibrium, the elastic string is horizontal (gravity can be ignored), and the balls are restricted to move only vertically. The displacements are very small, i.e., \(y_{1}\), \(y_{2}\), \(\cdots\), \(y_{5}\) are all small quantities. The tension in the string at equilibrium is \(\tau\). Find the net force \(f_1\) acting on ball 1 due to the string and introduce the corresponding potential energy.","Consider the forces \(f_{1}\) acting on balls 1 and 2 in the \(y\)-direction:

\[
f_{1} = f_{10} + f_{12} = -T_{10} \sin \alpha - T_{12} \sin \beta
\]

\[
= -T_{10} \cos \alpha \tan \alpha - T_{12} \cos \beta \cdot \tan \beta
\]

Since the net force in the horizontal direction is zero,

\[
T_{10} \cos \alpha = T_{12} \cos \beta = \tau
\]

Therefore,

\[
f_{1} = -\tau \tan \alpha - \tau \tan \beta = -\tau \frac{y_{1}}{a} - \tau \frac{y_{1} - y_{2}}{a}
\]

For \(f_{10}\), potential energy can be introduced:

\[
V_{10} = \frac{\tau}{2 a} y_{1}^{2}
\]

\[
f_{10} = -\frac{\partial V_{10}}{\partial y_{1}} = -\frac{\tau}{a} y_{1}
\]",\boxed{-\frac{\tau}{a} y_{1} - \frac{\tau}{a} (y_{1} - y_{2})},EX,,False,EN,Laws Application
2759,Mechanics and Thermodynamics,Theoretical Mechanics,Lagrangian Formulation of Mechanics,Analyze rod \(DE\) using D'Alembert's principle and solve for \(X_D\) and \(X_B\).,"For rod \(DE\) using D'Alembert's principle:

\[
\left(X_{D} d - \frac{1}{3} m d^{2} \beta_{DE}\right) \delta \psi = 0
\]

Here, \(X_{D}\) is the reaction force, and \(\psi\) is the angle of counterclockwise rotation of rod \(DE\) around point \(E\).

\[
\begin{gathered}
X_{D} d - \frac{1}{3} m d^{2} \beta_{DE} = 0 \\
X_{D} = \frac{1}{3} m d \beta_{DE} = \frac{1}{3} m a\left(1+\frac{a}{b}\right) \omega^{2}  \tag{4}
\end{gathered}
\]

From equation (1) and (4), we have:

\[
X_{B} = -\frac{1}{3} m a\left(4+\frac{5a}{2b}\right) \omega^{2}
\]","\boxed{\frac{1}{3} m a \left(1+\frac{a}{b}\right) \omega^{2}, -\frac{1}{3} m a \left(4+\frac{5a}{2b}\right) \omega^{2}}",EX,"\text{None, None}",True,EN,
2760,Mechanics and Thermodynamics,Theoretical Mechanics,Hamiltonian Formulation of Mechanics,"In the small oscillation limit, consider a simple pendulum with a mass $m$. Assume that the pendulum's string of length $l$ is being shortened very slowly. Find the simplified Hamiltonian function $H^{*}$ and the relationship between the frequency $\nu$ and $J$.","\[
\begin{gathered}
H^{*}=E=\frac{J}{2 \pi} \sqrt{\frac{g}{l}} \\
\nu=\frac{\partial H^{*}}{\partial J}=\frac{1}{2 \pi} \sqrt{\frac{g}{l}}
\end{gathered}
\]","\boxed{H^{*} = \frac{J}{2 \pi} \sqrt{\frac{g}{l}}, \nu = \frac{1}{2 \pi} \sqrt{\frac{g}{l}}}","EQ, EX","\text{None}, \text{Hz}",True,EN,Laws Application
2763,Mechanics and Thermodynamics,Theoretical Mechanics,Lagrangian Formulation of Mechanics,"A uniform wheel and axle with radius \( R \) and drum radius \( r \), and a weight of \( Q \), is placed on a rough inclined plane with an angle of inclination \( \alpha \). A weight \( P \) is suspended from a rope wound around the drum. The friction coefficient between the wheel and the inclined plane is \( \mu \). Determine the conditions under which the wheel and axle can maintain equilibrium without slipping.","Lastly, considering the rolling of the wheel and axle without any slipping, the system has two degrees of freedom, taking \( \delta x_{C} \) and \( \delta \varphi \) as independent virtual displacements,

\[
\begin{aligned}
& \delta l=-r \delta \varphi \\
& \delta x_{B}=\delta x_{C}+\sin \alpha \delta l=\delta x_{C}-r \sin \alpha \delta \varphi \\
& \delta y_{B}=\delta y_{C}-\cos \alpha \delta l=r \cos \alpha \delta \varphi \\
& \delta W=Q \sin \alpha \delta x_{C}-\mu(P+Q) \cos \alpha \delta x_{C}+\mu(P+Q) \cos \alpha \cdot R \delta \varphi \\
& \quad+P \sin \alpha\left(\delta x_{C}-r \sin \alpha \delta \varphi\right)-P \cos \alpha \cdot r \cos \alpha \delta \varphi=0 \\
& Q \sin \alpha-\mu(P+Q) \cos \alpha+P \sin \alpha=0 \\
& \mu(P+Q) R \cos \alpha-P r=0
\end{aligned}
\]

From the previous equations, we get \(\mu=\tan \alpha\). Substituting \(\mu=\tan \alpha\) into the latter equation gives

\[
P=\frac{R \sin \alpha}{r-R \sin \alpha} Q
\]

Since \(\mu\) must be greater than zero, it can be proved that there is no tendency for upward sliding. The requirements regarding the relationship between \(\mu\), \(P\), \(Q\), and the sizes of \(r\) and \(R\) are considered within the requirements of the previous two cases. Therefore, the conditions for the system's equilibrium are

\[
\mu \geqslant \tan \alpha, P=\frac{R \sin \alpha}{r-R \sin \alpha} Q \text{ and } r>R \sin \alpha
\]","\boxed{\mu \geqslant \tan \alpha, \frac{R \sin \alpha}{r - R \sin \alpha} Q, r > R \sin \alpha}","IN, EX, IN",,True,EN,Math Derivation
2764,Mechanics and Thermodynamics,Theoretical Mechanics,Small Vibrations of Finite System,"A homogeneous square thin plate with mass $m$ is suspended at two adjacent corners by springs with a spring constant of $k$. Calculate the normal frequencies $\omega_1, \omega_2, \omega_3$ of the system.","The normal frequencies are found to be:

\[
\omega_{1}=\sqrt{\frac{2 k}{m}}, \quad \omega_{2}=\sqrt{(4+\sqrt{10}) \frac{k}{m}}, \quad \omega_{3}=\sqrt{(4-\sqrt{10}) \frac{k}{m}}
\]","\boxed{\sqrt{\frac{2 k}{m}}, \sqrt{\left(4+\sqrt{10}\right) \frac{k}{m}}, \sqrt{\left(4-\sqrt{10}\right) \frac{k}{m}}}","EX, EX, EX","\text{rad/s}, \text{rad/s}, \text{rad/s}",True,EN,Math Derivation
2765,Mechanics and Thermodynamics,Theoretical Mechanics,Small Vibrations of Finite System,"A homogeneous thin circular disk with mass $M$ and radius $R$ is attached to two fixed points on a frictionless tabletop using two light springs, each with a spring constant $k$ and an original length $l_{0}$. The disk can move parallel to the plane on the tabletop. In equilibrium, the spring length is $l\left(>l_{0}\right)$. Find the normal frequency of the vibration along the $x$-direction for small oscillations around the equilibrium position.","Take the equilibrium position as the origin of the $x, y$ coordinates, and the line connecting the two fixed points as the $x$-axis. Consider the $x, y$ coordinates of the disk's center and the disk's rotation angle $\varphi$ as generalized coordinates. Calculate the kinetic energy $T$ and potential energy $V$, and apply the Lagrange equation:

Kinetic energy:
$$
T= \frac{1}{2} M\left(\dot{x}^{2}+\dot{y}^{2}\right)+\frac{1}{2} \times \frac{1}{2} M R^{2} \dot{\varphi}^{2}
$$

Potential energy (second-order small terms):
$$
V= \frac{1}{2} k\left[2 x^{2}+\ldots\right]
$$

The small vibration equation obtained from the Lagrange equation (considering the $x$ direction):
$$
M \ddot{x}+2 k x=0
$$

Therefore, the normal frequency along the $x$ direction is:
$$
\omega_{1}=\sqrt{\frac{2 k}{M}}
$$",\boxed{\omega_{1}=\sqrt{\frac{2 k}{M}}},EX,,False,EN,Laws Application
2766,Mechanics and Thermodynamics,Theoretical Mechanics,Small Vibrations of Finite System,"A mass $M$ is constrained to slide frictionlessly along the horizontal $x$ axis. A point mass $m$ is connected to $M$ by a massless, non-stretchable string of length $b$ and is constrained to move within the vertical $xy$ plane. Derive the equations of motion for the system expressed in normal coordinates.","$\dot{\eta}=\frac{C}{m+M}, \eta=\frac{C}{m+M} t+D$,

$$
\theta=A \cos \left(\sqrt{\frac{(m+M) g}{M b}} t+\alpha\right)
$$

$C, D, A$, and $\alpha$ are integration constants determined by the initial conditions.","\boxed{\dot{\eta}=\frac{C}{m+M}, \eta=\frac{C}{m+M} t+D, \theta=A \cos \left(\sqrt{\frac{(m+M) g}{M b}} t+\alpha\right)}","EQ, EX, EX","\text{None}, \text{s}, \text{rad}",True,EN,Math Derivation
2767,Mechanics and Thermodynamics,Theoretical Mechanics,Lagrangian Formulation of Mechanics,"A homogeneous rod \(OA\) with a mass of \(M\) and length \(2a\) is mounted on a smooth pivot at a fixed point. There is also a bead \(P\) with a mass of \(m\) connected to point \(O\) by a light spring with a natural length \(a\) and a spring constant \(k\). The bead can slide without friction along the rod. Let \(\theta\) be the angle between \(OA\) and the vertical line, \(\varphi\) be the angle between the vertical plane containing \(OA\) and a fixed vertical plane, and \(r\) be the distance between \(O\) and \(P\). 

2. Provide the two motion constants of the system.","Since \(\frac{\partial L}{\partial \varphi}=0\), it follows that \(\frac{\partial L}{\partial \varphi}=\) constant, which is expressed as:

\[
\left(m r^{2} + \frac{4}{3} M a^{2}\right) \dot{\varphi} \sin^{2} \theta = \text{constant}
\]

Since \(\frac{\partial L}{\partial t}=0\), it follows that \(\sum_{i} \frac{\partial L}{\partial \dot{q}_{i}} \dot{q}_{i} - L=\) constant, which is expressed as:

\[
\frac{1}{2} m \dot{r}^{2} + \frac{1}{2}\left(m r^{2} + \frac{4}{3} M a^{2}\right)\left(\dot{\theta}^{2} + \dot{\varphi}^{2} \sin^{2} \theta\right)
\]

\[
-(M a + m r) g \cos \theta + \frac{1}{2} k(r-a)^{2} = \text{constant}
\]","\boxed{\left(m r^{2} + \frac{4}{3} M a^{2}\right) \dot{\varphi} \sin^{2} \theta, \frac{1}{2} m \dot{r}^{2} + \frac{1}{2}\left(m r^{2} + \frac{4}{3} M a^{2}\right)\left(\dot{\theta}^{2} + \dot{\varphi}^{2} \sin^{2} \theta\right) -(M a + m r) g \cos \theta + \frac{1}{2} k(r-a)^{2}}","EX, EX","\text{None, \, J}",True,EN,Math Derivation
2769,Mechanics and Thermodynamics,Theoretical Mechanics,Lagrangian Formulation of Mechanics,"A flat plate is moving in the $xy$ plane, and the coordinate system $O'x'y'$ is fixed to the plate. The configuration of the plate is described by the coordinates $x, y$ of point $O'$, and the angle $\varphi$ between the $x'$ and $x$ axes in the stationary coordinate system $Oxy$. The viscous resistance experienced by the surface element $\mathrm{d} x' \mathrm{d} y'$ is given by

$$
\mathrm{d} f_{x} = -\alpha \dot{x} \, \mathrm{d} x' \mathrm{d} y', \quad \mathrm{d} f_{y} = -\alpha \dot{y} \, \mathrm{d} x' \mathrm{d} y'
$$

where $\dot{x}, \dot{y}$ are abbreviations for $\dot{x}(x', y'), \dot{y}(x', y')$ respectively, and should not be confused with the velocity components $\dot{x}, \dot{y}$ of point $O'$. Find $Q_{y}$.","$$
Q_{y} = -\alpha \int \left(\dot{y} + x' \dot{\varphi} \cos \varphi - y' \dot{\varphi} \sin \varphi\right) \mathrm{d} x' \mathrm{d} y'
$$

Note: In deriving equations (1) and (2), $x', y'$ are parameters and are treated as constants when differentiating. In the integrals for $Q_{x}, Q_{y}, Q_{\varphi}$, $\dot{x}, \dot{y}, \dot{\varphi}$ and $\varphi$ are all parameters and are considered constants during integration.",\boxed{-\alpha \int \left(\dot{y} + x' \dot{\varphi} \cos \varphi - y' \dot{\varphi} \sin \varphi\right) \mathrm{d} x' \mathrm{d} y'},EX,,False,EN,Math Derivation
2770,Mechanics and Thermodynamics,Theoretical Mechanics,Small Vibrations of Finite System,"A homogeneous rectangular plate with mass $M$, length $a$, and width $b$ is supported at each corner by identical light springs with a spring constant $k$. These springs can only move in the vertical direction. Assume the position of the center of mass at equilibrium serves as the origin of a static vertical coordinate axis $\zeta$. Additionally, consider a moving coordinate system $C x y z$ attached to the plate, where the $x$ and $y$ axes are parallel and perpendicular to the edges of the rectangle, respectively. Determine the normal frequency of small oscillations about the $x$-axis.","According to the Lagrange equation, from $\frac{1}{12} M a^{2} \ddot{\varphi} + k a^{2} \varphi = 0$, the normal frequency of small oscillations about the $x$-axis is

$$
\omega_{2} = \sqrt{\frac{12 k}{M}} = 2 \sqrt{\frac{3 k}{M}}
$$",\boxed{2 \sqrt{\frac{3 k}{M}}},NV,,False,EN,Math Derivation
2773,Mechanics and Thermodynamics,Theoretical Mechanics,Lagrangian Formulation of Mechanics,"A simple pendulum with a length \(b\) and a pendulum mass \(m\) is suspended from a spring of original length \(a\) and spring constant \(k\), with the suspension point restricted to vertical motion. The pendulum is in a viscous medium where the resistance force is proportional to its speed, with a proportionality coefficient \(\gamma\). Using the distance \(y\) of the pendulum's suspension point from the system's equilibrium position and the angle \(\theta\) between the pendulum and the vertical line as generalized coordinates, write the dissipation function.","Kinetic Energy:
\[
\begin{aligned}
T & = \frac{1}{2} m \left( (\dot{x})^2 + (\dot{y})^2 \right) \\
  & = \frac{1}{2} m \left[ (b \dot{\theta} \cos \theta)^2 + (\dot{y} - b \dot{\theta} \sin \theta)^2 \right] \\
  & = \frac{1}{2} m \left( b^2 \dot{\theta}^2 + \dot{y}^2 - 2b \dot{y} \dot{\theta} \sin \theta \right)
\end{aligned}
\]

Potential Energy:
\[
\begin{aligned}
V & = \frac{1}{2} k \left[ \left( \frac{mg}{k} + y \right)^2 - \left( \frac{mg}{k} \right)^2 \right] - mg[y - b(1-\cos \theta)] \\
  & = \frac{1}{2} k y^2 + mg b (1 - \cos \theta)
\end{aligned}
\]

Lagrangian Function:
\[
L = T - V = \frac{1}{2} m \left( \dot{y}^2 + b^2 \dot{\theta}^2 - 2b \dot{y} \dot{\theta} \sin \theta \right) - \frac{1}{2} k y^2 - mg b (1 - \cos \theta)
\]

Velocity of the Pendulum:
\[
v = b \dot{\theta} \cos \theta \mathbf{i} + (\dot{y} - b \dot{\theta} \sin \theta) \mathbf{j}
\]

Resistance:
\[
\mathbf{f} = -\gamma v = -\gamma b \dot{\theta} \cos \theta \mathbf{i} - \gamma (\dot{y} - b \dot{\theta} \sin \theta) \mathbf{j}
\]

Components:
\[
\begin{aligned}
f_x & = -\gamma b \dot{\theta} \cos \theta \\
f_y & = -\gamma (\dot{y} - b \dot{\theta} \sin \theta)
\end{aligned}
\]

Dissipation Function:
\[
R = \frac{1}{2} \gamma \left[ (b \dot{\theta} \cos \theta)^2 + (\dot{y} - b \dot{\theta} \sin \theta)^2 \right] = \frac{1}{2} \gamma \left( \dot{y}^2 + b^2 \dot{\theta}^2 - 2b \dot{y} \dot{\theta} \sin \theta \right)
\]",\boxed{\frac{1}{2} \gamma \left( \dot{y}^2 + b^2 \dot{\theta}^2 - 2b \dot{y} \dot{\theta} \sin \theta \right)},EX,,False,EN,Math Derivation
2774,Mechanics and Thermodynamics,Theoretical Mechanics,Small Vibrations of Finite System,"If the masses of the two particles in a double pendulum are \( m \), the lengths of the pendulum strings are \( l \), and the particles are subjected to a medium resistance whose magnitude is proportional to the velocity with a proportionality constant \( b \). Find: The condition for both frequencies of damped oscillation to be weakly damped.","The kinetic energy is 
\[ 
T = \frac{1}{2} m l^{2} \dot{\theta}_{1}^{2} + \frac{1}{2} m \left[ \left( l \dot{\theta}_{1} \cos \theta_{1} + l \dot{\theta}_{2} \cos \theta_{2} \right)^{2} + \left( l \dot{\theta}_{1} \sin \theta_{1} + l \dot{\theta}_{2} \sin \theta_{2} \right)^{2} \right] 
\]

\[
= \frac{1}{2} m l^{2} \dot{\theta}_{1}^{2} + \frac{1}{2} m \left[ l^{2} \dot{\theta}_{1}^{2} + l^{2} \dot{\theta}_{2}^{2} + 2 l^{2} \dot{\theta}_{1} \dot{\theta}_{2} \cos (\theta_{1} - \theta_{2}) \right]
\]

\[
\approx m l^{2} \dot{\theta}_{1}^{2} + \frac{1}{2} m l^{2} \dot{\theta}_{2}^{2} + m l^{2} \dot{\theta}_{1} \dot{\theta}_{2}
\]

The potential energy is

\[
V = m g l \left( 1 - \cos \theta_{1} \right) + m g l \left( 1 - \cos \theta_{2} \right) \approx m g l \theta_{1}^{2} + \frac{1}{2} m g l \theta_{2}^{2}
\]

where \( \theta_{1}, \theta_{2} \) are the angles between the pendulum strings and the vertically downward direction, respectively.

The Lagrangian is

\[
L = \frac{1}{2} m l^{2} \left( 2 \dot{\theta}_{1}^{2} + \dot{\theta}_{2}^{2} + 2 \dot{\theta}_{1} \dot{\theta}_{2} \right) - \frac{1}{2} m g l \left( 2 \theta_{1}^{2} + \theta_{2}^{2} \right)
\]

The Rayleigh dissipation function is

\[
R = \frac{1}{2} b l^{2} \left( 2 \dot{\theta}_{1}^{2} + \dot{\theta}_{2}^{2} + 2 \dot{\theta}_{1} \dot{\theta}_{2} \right)
\]

Using the equation
\[ 
\frac{d}{dt} \left( \frac{\partial L}{\partial \dot{\theta}_{i}} \right) - \frac{\partial L}{\partial \theta_{i}} = -\frac{\partial R}{\partial \dot{\theta}_{i}} 
\]
we obtain the motion differential equations

\[
\begin{aligned}
&2 \ddot{\theta}_{1} + \ddot{\theta}_{2} + \frac{b}{m} \left( 2 \dot{\theta}_{1} + \dot{\theta}_{2} \right) + \frac{2 g}{l} \theta_{1} = 0 \\
&\ddot{\theta}_{1} + \ddot{\theta}_{2} + \frac{b}{m} \left( \dot{\theta}_{1} + \dot{\theta}_{2} \right) + \frac{g}{l} \theta_{2} = 0
\end{aligned}
\]

To find the normal coordinates, first perform a coordinate transformation to make the potential energy function into a ""spherical"" quadratic sum, and take the coordinate transformation matrix

\[
\boldsymbol{D} = \begin{pmatrix} \frac{1}{\sqrt{2}} & 0 \\ 0 & 1 \end{pmatrix}
\]

Introduce new coordinates \( \varphi_{1}, \varphi_{2} \),

that is,

\[
\begin{aligned}
& \binom{\theta_{1}}{\theta_{2}} = \begin{pmatrix} \frac{1}{\sqrt{2}} & 0 \\ 0 & 1 \end{pmatrix} \binom{\varphi_{1}}{\varphi_{2}} \\
& \theta_{1} = \frac{1}{\sqrt{2}} \varphi_{1}, \quad \theta_{2} = \varphi_{2}
\end{aligned}
\]

After transformation, the new potential energy \( V^{\prime} \) and kinetic energy \( T^{\prime} \) are

\[
\begin{aligned}
&V^{\prime} = \frac{1}{2} m g l \left( \varphi_{1}^{2} + \varphi_{2}^{2} \right) \\
&T^{\prime} = \frac{1}{2} m l^{2} \left( \dot{\varphi}_{1}^{2} + \dot{\varphi}_{2}^{2} + \sqrt{2} \dot{\varphi}_{1} \dot{\varphi}_{2} \right)
\end{aligned}
\]

The mass matrix is

\[
\boldsymbol{M}^{\prime} = \begin{pmatrix} m l^{2} & \frac{1}{\sqrt{2}} m l^{2} \\ \frac{1}{\sqrt{2}} m l^{2} & m l^{2} \end{pmatrix}
\]

The stiffness matrix is

\[
\boldsymbol{K}^{\prime} = \begin{pmatrix} m g l & 0 \\ 0 & m g l \end{pmatrix}
\]

The dissipation function matrix is

\[
\boldsymbol{R}^{\prime} = \begin{pmatrix} b l^{2} & \frac{1}{\sqrt{2}} b l^{2} \\ \frac{1}{\sqrt{2}} b l^{2} & b l^{2} \end{pmatrix}
\]

Diagonalizing matrices \( \boldsymbol{M}, \boldsymbol{K} \) simultaneously also diagonalizes the three matrices \( \boldsymbol{M}, \boldsymbol{K}, \boldsymbol{R} \) simultaneously. Now find the orthogonal transformation matrix \( \boldsymbol{E} \), to diagonalize the \( \boldsymbol{M}^{\prime} \) matrix. For convenience, write \( \boldsymbol{M}^{\prime} \) in units of \( m l^{2} \). Find the eigenvalues \( \lambda \) of the \( \boldsymbol{M}^{\prime} \) matrix, whose characteristic equation is

\[
\left|\begin{array}{cc} 1 - \lambda & \frac{1}{\sqrt{2}} \\ \frac{1}{\sqrt{2}} & 1 - \lambda \end{array}\right| = 0 
\]

\[
\lambda^{2} - 2 \lambda + \frac{1}{2} = 0 
\]

\[
\lambda_{1} = 1 - \frac{1}{\sqrt{2}}, \quad \lambda_{2} = 1 + \frac{1}{\sqrt{2}}
\]

Solve and normalize eigenvectors to obtain

\[
\begin{aligned}
&\text{For} \, \lambda_{1}, \ \text{the eigenvector is} \ \left(\frac{1}{\sqrt{2}}, -\frac{1}{\sqrt{2}}\right), \\
&\text{For} \, \lambda_{2}, \ \text{the eigenvector is} \ \left(-\frac{1}{\sqrt{2}}, -\frac{1}{\sqrt{2}}\right)
\end{aligned}
\]

Form the \( \boldsymbol{E} \) matrix:

\[
\boldsymbol{E} = \begin{pmatrix} \frac{1}{\sqrt{2}} & -\frac{1}{\sqrt{2}} \\ -\frac{1}{\sqrt{2}} & -\frac{1}{\sqrt{2}} \end{pmatrix}
\]

Thus after diagonalization, we obtain

\[
\boldsymbol{M}^{\prime \prime} = \boldsymbol{E}^{T} \cdot \boldsymbol{M}^{\prime} \cdot \boldsymbol{E} = \begin{pmatrix} 1 - \frac{1}{\sqrt{2}} & 0 \\ 0 & 1 + \frac{1}{\sqrt{2}} \end{pmatrix} m l^{2}
\]

Similarly, after this transformation, the dissipation function matrix becomes

\[
\boldsymbol{R}^{\prime \prime} = \boldsymbol{E}^{T} \cdot \boldsymbol{R}^{\prime} \cdot \boldsymbol{E} = \begin{pmatrix} 1 - \frac{1}{\sqrt{2}} & 0 \\ 0 & 1 + \frac{1}{\sqrt{2}} \end{pmatrix} b l^{2}
\]

Keeping the stiffness matrix unchanged, i.e., \( \boldsymbol{K}^{\prime \prime} = \boldsymbol{K}^{\prime} \).

After the two transformations \( \boldsymbol{D}, \boldsymbol{E} \), \( \theta_{1}, \theta_{2} \) become \( \xi_{1}, \xi_{2} \), and the transformation relationship is

\[
\begin{gathered}
\binom{\theta_{1}}{\theta_{2}} = \begin{pmatrix} \frac{1}{\sqrt{2}} & 0 \\ 0 & 1 \end{pmatrix} \begin{pmatrix} \frac{1}{\sqrt{2}} & -\frac{1}{\sqrt{2}} \\ -\frac{1}{\sqrt{2}} & -\frac{1}{\sqrt{2}} \end{pmatrix} \binom{\xi_{1}}{\xi_{2}} = \begin{pmatrix} \frac{1}{2} & -\frac{1}{2} \\ -\frac{1}{\sqrt{2}} & -\frac{1}{\sqrt{2}} \end{pmatrix} \binom{\xi_{1}}{\xi_{2}} \\
\theta_{1} = \frac{1}{2} \xi_{1} - \frac{1}{2} \xi_{2} \tag{1} \\
\theta_{2} = -\frac{1}{\sqrt{2}} \xi_{1} - \frac{1}{\sqrt{2}} \xi_{2} \tag{2}
\end{gathered}
\]

After adopting \( \xi_{1}, \xi_{2} \), the motion differential equations are

\[
\begin{aligned}
& \left(1 - \frac{1}{\sqrt{2}}\right) m l^{2} \ddot{\xi}_{1} + \left(1 - \frac{1}{\sqrt{2}}\right) b l^{2} \dot{\xi}_{1} + m g l \xi_{1} = 0 \\
& \left(1 + \frac{1}{\sqrt{2}}\right) m l^{2} \ddot{\xi}_{2} + \left(1 + \frac{1}{\sqrt{2}}\right) b l^{2} \dot{\xi}_{2} + m g l \xi_{2} = 0
\end{aligned}
\]

After factoring out the common factor, it can be rewritten as

\[
\begin{align*}
& \ddot{\xi}_{1} + \left(\frac{b}{m}\right) \dot{\xi}_{1} + (2 + \sqrt{2}) \frac{g}{l} \xi_{1} = 0 \tag{3} \\
& \ddot{\xi}_{2} + \left(\frac{b}{m}\right) \dot{\xi}_{2} + (2 - \sqrt{2}) \frac{g}{l} \xi_{2} = 0 \tag{4}
\end{align*}
\]

The conditions for both frequencies of damped oscillation to be weakly damped are respectively

\[
\begin{aligned}
& \left(\frac{b}{2 m}\right)^{2} < (2+\sqrt{2}) \frac{g}{l} \\
& \left(\frac{b}{2 m}\right)^{2} < (2-\sqrt{2}) \frac{g}{l}
\end{aligned}
\]

Satisfying the latter condition implies the former condition as well. Thus, it requires \( \left(\frac{b}{2 m}\right)^{2} < (2-\sqrt{2}) \frac{g}{l} \).",\boxed{\left(\frac{b}{2 m}\right)^{2} < (2-\sqrt{2}) \frac{g}{l}},IN,,False,EN,Math Derivation
2776,Mechanics and Thermodynamics,Theoretical Mechanics,Lagrangian Formulation of Mechanics,"A dumbbell composed of two particles with masses $m$ and $M$, connected by a massless rod of length $a$, initially starts at rest. Suddenly, an impulse $I$ perpendicular to the rod is applied at a point on the rod located at a distance $b$ from mass $M$. Find the generalized forces $K_{x}$ and $K_{\varphi}$ acting on the system.","The generalized forces $K_{x}$ and $K_{\varphi}$ acting on the system are:

$$
\begin{gathered}
K_{x}=I, \quad K_{y}=0 \\
K_{\varphi}=\left.I\left(b-\frac{m a}{m+M}\right) \cos \varphi\right|_{\varphi=0}=I\left(b-\frac{m a}{m+M}\right)
\end{gathered}
$$","\boxed{K_{x}=I, K_{\varphi}=I\left(b-\frac{m a}{m+M}\right)}",EQ,,True,EN,Laws Application
2779,Mechanics and Thermodynamics,Theoretical Mechanics,Lagrangian Formulation of Mechanics,"A uniform solid cylinder with radius \( R \) and mass \( M \) is placed on a horizontal surface. Another identical cylinder is placed on top of it, tangent to its highest generatrix. Both cylinders begin rolling without slipping from rest. Write the Lagrangian function for this system.","In Figure 9.55, \( \varphi \) and \( \psi \) are the respective rotation angles of the two cylinders in their own translational reference frames at the center of mass,

\[
\begin{aligned}
T= & \frac{1}{2} M \dot{x}^{2} + \frac{1}{2} \times \frac{1}{2} M R^{2} \dot{\varphi}^{2} + \frac{1}{2} M\left[(\dot{x} + 2 R \dot{\theta} \cos \theta)^{2}\right. \\
& \left. + (2 R \dot{\theta} \sin \theta)^{2}\right] + \frac{1}{2} \cdot \frac{1}{2} M R^{2} \dot{\psi}^{2}
\end{aligned}
\]

Both cylinders undergo pure rolling,

\[
\begin{gathered}
\dot{x} - R \dot{\varphi} = 0 \\
2 R \dot{\theta} - R \dot{\psi} = R \dot{\varphi}
\end{gathered}
\]

From which we obtain

\[
\dot{x} = R \dot{\varphi}, \quad \dot{\psi} = 2 \dot{\theta} - \dot{\varphi}
\]

Choosing \( \varphi \) and \( \theta \) as the generalized coordinates, and using the above constraint relations, the kinetic energy can be rewritten as

\[
\begin{aligned}
T= & \frac{3}{2} M R^{2} \dot{\varphi}^{2} + 3 M R^{2} \dot{\theta}^{2} + 2 M R^{2} \dot{\varphi} \dot{\theta} \cos \theta - M R^{2} \dot{\theta} \dot{\varphi} \\
V= & -M g \cdot 2 R(1-\cos \theta) \\
L= & T - V = \frac{3}{2} M R^{2} \dot{\varphi}^{2} + 3 M R^{2} \dot{\theta}^{2} + M R^{2} \dot{\varphi} \dot{\theta}(2 \cos \theta - 1) \\
& + 2 M g R(1-\cos \theta)
\end{aligned}
\]",\boxed{L = \frac{3}{2} M R^{2} \dot{\varphi}^{2} + 3 M R^{2} \dot{\theta}^{2} + M R^{2} \dot{\varphi} \dot{\theta}(2 \cos \theta - 1) + 2 M g R(1-\cos \theta)},EX,,False,EN,Math Derivation
2782,Mechanics and Thermodynamics,Theoretical Mechanics,Lagrangian Formulation of Mechanics,"A homogeneous thin circular disk with mass $m$ and radius $a$ has its center of mass $C$ fixed to a massless rod $AC$ of length $b$, which is perpendicular to the disk's plane. This system is placed on a rough inclined plane with an inclination angle of $\alpha$. The end $A$ of the rod is fixed at point $O$ on the inclined plane, and the disk performs small oscillations (pure rolling) along a circle with radius $R=\sqrt{a^2+b^2}$ around its equilibrium position. Choose point $O$ as the origin of the coordinate system, the $\zeta$ axis is perpendicular to the inclined plane, and the $\eta$ axis points upwards along the inclined plane. The moving coordinate system attached to the disk also has its origin at point $O$, with the direction $AC$ as the $z$ axis. Find the potential energy of the system.","$$
V = m g \eta_{C} \sin \alpha + C.
$$

Take the equilibrium position as the potential energy zero point to determine the value of $C$.

$$
\begin{aligned}
& \eta_{C} = -b \cos \varphi \cos \beta = -\frac{b^2}{\sqrt{a^2 + b^2}} \cos \varphi, \\
& V = -m g \frac{b^2}{\sqrt{a^2 + b^2}} \sin \alpha \cos \varphi + C.
\end{aligned}
$$

At equilibrium position, $\varphi=0$:

$$
\begin{aligned}
0 & = -m g \frac{b^2}{\sqrt{a^2 + b^2}} \sin \alpha + C, \\
C & = m g \frac{b^2}{\sqrt{a^2 + b^2}} \sin \alpha, \\
V & = \frac{m g b^2}{\sqrt{a^2 + b^2}} \sin \alpha (1 - \cos \varphi).
\end{aligned}
$$

When performing small oscillations near the equilibrium position, $\varphi$ is very small,

$$
\begin{aligned}
\cos \varphi & \approx 1 - \frac{1}{2} \varphi^2, \\
V & = \frac{m g b^2 \sin \alpha}{2 \sqrt{a^2 + b^2}} \varphi^2.
\end{aligned}
$$",\boxed{\frac{m g b^{2} \sin \alpha}{2 \sqrt{a^{2}+b^{2}}} \varphi^{2}},EX,,False,EN,Math Derivation
2785,Mechanics and Thermodynamics,Theoretical Mechanics,Lagrangian Formulation of Mechanics,"Two rods, $AB$ and $BC$, each with a length of $a$ and a mass of $m$, are frictionlessly connected at point $B$ and placed on a smooth horizontal table. Initially, the two rods (i.e., points $A, B, C$) are collinear. An impulse $I$ is applied perpendicular to the line $ABC$ at point $A$. Determine the generalized impulse of the system $K_{x}, K_{y}, K_{\theta_{1}}, K_{\theta_{2}}$ after the impact.","The ""virtual work"" done by impulse $I$ is given by
$$
I \delta y_{A} = I \delta\left(y+a \sin \theta_{1}\right) = I\left(\delta y+a \cos \theta_{1} \delta \theta_{1}\right)
$$

The generalized impulse of $I$ is
$$
\begin{gathered}
K_{x} = 0, \quad K_{y} = I \\
K_{\theta_{1}} = \left.a I \cos \theta_{1}\right|_{\theta_{1}=0} = a I, \quad K_{\theta_{2}} = 0
\end{gathered}
$$","\boxed{K_{x} = 0, K_{y} = I, K_{\theta_{1}} = a I, K_{\theta_{2}} = 0}",EQ,,True,EN,Laws Application
2786,Mechanics and Thermodynamics,Theoretical Mechanics,Lagrangian Formulation of Mechanics,"A dumbbell consisting of two particles with masses $m$ and $M$ connected by a massless rod of length $a$ starts from a state of rest. Suddenly, an impulse $I$ is applied perpendicularly to the rod at a distance $b$ from mass $M$. Determine the motion states of the dumbbell in terms of coordinates $\dot{x}$, $\dot{y}$, and $\dot{\varphi}$.","According to the change in momentum $\Delta p_{i} = K_{i}$, the motion states of the dumbbell are:

$$
\begin{gathered}
\Delta p_{x} = (m + M) \dot{x} = I \\
\Delta p_{y} = (m + M) \dot{y} = 0 \\
\Delta p_{\varphi} = \frac{m M}{m + M} a^{2} \dot{\varphi} = I\left(b - \frac{m a}{m + M}\right) \\
\dot{x} = \frac{I}{m + M}, \quad \dot{y} = 0 \\
\dot{\varphi} = \frac{(m + M) b - m a}{m M a^{2}} I
\end{gathered}
$$","\boxed{\dot{x}=\frac{I}{m+M}, \dot{y}=0, \dot{\varphi}=\frac{(m+M) b-m a}{m M a^{2}} I}","EQ, EQ, EQ","\frac{I}{m+M}, None, \frac{I}{m M a^{2}}",True,EN,Laws Application
2787,Mechanics and Thermodynamics,Theoretical Mechanics,Small Vibrations of Finite System,"A mass $M$ object is constrained to slide without friction along the horizontal $x$-axis. A mass $m$ particle is connected to $M$ by a massless, inextensible string of length $b$, and $m$ is constrained to move within the vertical $xy$ plane. For small oscillations, find the normal coordinates and provide an explanation.","For small oscillations,

$$
L=\frac{1}{2}(M+m) \dot{x}^{2}+\frac{1}{2} m b^{2} \dot{\theta}^{2}+m b \dot{x} \dot{\theta}-\frac{1}{2} m g b \theta^{2}
$$

From $\frac{d}{d t}\left(\frac{\partial L}{\partial \dot{q}_{i}}\right)-\frac{\partial L}{\partial q_{i}}=0$, the differential equations of motion are

\begin{gather*}
(M+m) \dot{x}+m b \dot{\theta}=C \ (\text{constant}) \tag{1}\\
\ddot{x}+b \ddot{\theta}+g \theta=0 \tag{2}
\end{gather*}

If we let $\eta=x+\frac{m b}{m+M} \theta$, equation (1) can be rewritten as

$$
(m+M) \dot{\eta}=C \quad \text{or} \quad \ddot{\eta}=0
$$

$\eta$ is a normal coordinate, whose physical significance is the $x$ coordinate of the system's center of mass, moving at a constant velocity $\frac{C}{m+M}$ in the $x$ direction.

From $\ddot{\eta}=0$, $\ddot{x}=-\frac{m b}{m+M} \ddot{\theta}$, substituting this into equation (2), equation (2) becomes

$$
\frac{M b}{m+M} \ddot{\theta}+g \theta=0
$$

It is evident that $\theta$ is another normal coordinate.\\
The motion represented by $\theta$ is simple harmonic motion, with a normal frequency of

$$
\omega=\sqrt{\frac{(m+M) g}{M b}}
$$","\boxed{\eta, \theta}","EX, EX","None, None",True,EN,Math Derivation
2789,Mechanics and Thermodynamics,Theoretical Mechanics,Small Vibrations of Finite System,"Two particles with masses $2m$ and $m$ are suspended by two light springs with the same spring constant $k$ on a fixed bracket, considering only motion in the vertical direction. Determine the normal frequencies of the system and describe the motion for each mode.","Take the downward direction as the $y$-axis, with $y_{1}$ and $y_{2}$ representing the positions of the upper and lower particles respectively, with the origin at the suspension point. Let the natural lengths of the upper and lower springs be $l_{1}$ and $l_{2}$, respectively. Then

$$
\begin{aligned}
L = & T - V = \frac{1}{2} \times 2m \dot{y}_{1}^{2} + \frac{1}{2} m \dot{y}_{2}^{2} + 2mg y_{1} + mg y_{2} \\
& - \frac{1}{2} k (y_{1} - l_{1})^2 - \frac{1}{2} k (y_{2} - y_{1} - l_{2})^2 \\
= & \frac{1}{2} m (2 \dot{y}_{1}^{2} + \dot{y}_{2}^{2}) + mg (2 y_{1} + y_{2}) - \frac{1}{2} k (y_{1} - l_{1})^2 - \frac{1}{2} k (y_{2} - y_{1} - l_{2})^2
\end{aligned}
$$

From $\frac{\mathrm{d}}{\mathrm{d}t} \left( \frac{\partial L}{\partial \dot{y}_{i}} \right) - \frac{\partial L}{\partial y_{i}} = 0$, we get

$$
\left\{\begin{array}{l}
2m \ddot{y}_{1} + 2ky_{1} - ky_{2} - 2mg - kl_{1} + kl_{2} = 0 \\
m \ddot{y}_{2} + ky_{2} - ky_{1} - mg - kl_{2} = 0
\end{array}\right.
$$

Set $y_{1} = y_{1}^{\prime} + \eta_{1}, y_{2} = y_{2}^{\prime} + \eta_{2}$, so that

$$
\begin{gathered}
2k \eta_{1} - k \eta_{2} - 2mg - kl_{1} + kl_{2} = 0 \\
k \eta_{2} - k \eta_{1} - mg - kl_{2} = 0
\end{gathered}
$$

Thus, $\eta_{1} = \frac{1}{k} (3mg + kl_{1}), \eta_{2} = \frac{1}{k} (4mg + kl_{1} + kl_{2})$.

The equations of motion can then be rewritten as

$$
\begin{gathered}
2m \ddot{y}_{1}^{\prime} + 2ky_{1}^{\prime} - ky_{2}^{\prime} = 0 \\
m \ddot{y}_{2}^{\prime} + ky_{2}^{\prime} - ky_{1}^{\prime} = 0
\end{gathered}
$$

The positions $y_{1} = \eta_{1}$, $y_{2} = \eta_{2}$, or $y_{1}^{\prime} = 0$, $y_{2}^{\prime} = 0$, represent the system's equilibrium positions.

Assume $y_{1}^{\prime} = u_{1} \mathrm{e}^{\mathrm{i} \omega t}$, $y_{2}^{\prime} = u_{2} \mathrm{e}^{\mathrm{i} \omega t}$, to obtain the characteristic equation

$$
\begin{bmatrix}
2k - 2m\omega^{2} & -k \\
-k & k - m\omega^{2}
\end{bmatrix}
\begin{bmatrix}
u_{1} \\
u_{2}
\end{bmatrix}
= 0
$$

The determinant is given by

$$
\left|\begin{array}{cc}
2k - 2m\omega^{2} & -k \\
-k & k - m\omega^{2}
\end{array}\right| = 0
$$

Solving this yields

$$
\omega_{1} = \sqrt{\left(1 + \frac{\sqrt{2}}{2}\right) \frac{k}{m}}, \quad \omega_{2} = \sqrt{\left(1 - \frac{\sqrt{2}}{2}\right) \frac{k}{m}}
$$

Substituting $\omega_{1}, \omega_{2}$ into the equation system for $u_{1}, u_{2}$ and setting $u_{1}^{(1)} = 1, u_{1}^{(2)} = 1$, we find $u_{2}^{(1)} = -\sqrt{2}, u_{2}^{(2)} = \sqrt{2}$.

The modes of vibration can be expressed as

$$
\omega_{1}:\binom{1}{-\sqrt{2}}, \quad \omega_{2}:\binom{1}{\sqrt{2}}
$$

Describing the motion: In the mode with the normal frequency $\omega_{1}$, the vibrations of the upper and lower particles are in opposite phases, with an amplitude ratio of $1:\sqrt{2}$; in the mode with the normal frequency $\omega_{2}$, the vibrations of the upper and lower particles are in the same phase, also with an amplitude ratio of $1:\sqrt{2}$.","\boxed{\omega_{1} = \sqrt{\left(1 + \frac{\sqrt{2}}{2}\right) \frac{k}{m}}, \omega_{2} = \sqrt{\left(1 - \frac{\sqrt{2}}{2}\right) \frac{k}{m}}}","EX, EX","\text{None}, \text{None}",True,EN,Math Derivation
2790,Mechanics and Thermodynamics,Theoretical Mechanics,Lagrangian Formulation of Mechanics,"A homogeneous wheel and axle with a radius \( R \) and drum radius \( r \), weighing \( Q \), has a weight \( P \) suspended from a rope wound around the drum. It is placed on a rough inclined plane with an angle of inclination \( \alpha \). The coefficient of friction between the wheel and the inclined plane is \( \mu \). Determine the conditions under which the wheel and axle remain in equilibrium without pure sliding.","Equilibrium requires that the wheel and axle do not undergo pure sliding. Assume the friction force on the axle from the inclined plane is \( f \), directed along the negative \( x \) axis (indicating a tendency to slide down),

\[
\delta W=Q \sin \alpha \delta x - Q \cos \alpha \delta y + P \sin \alpha \delta x - P \cos \alpha \delta y - f \delta x + N \delta y = 0
\]

where \( N \) is the supporting force of the inclined plane on the axle, also the normal force exerted by the axle on the plane,

\[
\begin{aligned}
& (Q+P) \sin \alpha - f = 0 \\
& N - (Q+P) \cos \alpha = 0
\end{aligned}
\]

Solving gives

\[
f = (Q+P) \sin \alpha, \quad N = (Q+P) \cos \alpha
\]

At equilibrium, the friction force is the static friction force and must not exceed the maximum static friction force, i.e.,

\[
\begin{aligned}
& f \leqslant \mu N \\
& \mu \geqslant \frac{f}{N} = \tan \alpha
\end{aligned}
\]

This is the requirement for the coefficient of friction, and it can be seen that the tendency for pure slipping can only be in the direction assumed, which is the downward sliding tendency.","\boxed{[\tan \alpha, \infty)}",IN,,False,EN,Laws Application
2792,Mechanics and Thermodynamics,Theoretical Mechanics,Small Vibrations of Finite System,"A homogeneous square thin plate with mass $m$ is suspended by springs with spring constant $k$ at two adjacent corners. For the displacements of the center of mass $\Delta x_A$ and $\Delta y_A$, find the spring force $\boldsymbol{F}_{A}$ at point $A$ under the approximation of small oscillations.","Consider small oscillations near the equilibrium position. The displacements of point $A$ in the $x$ and $y$ directions are approximately

\[
\begin{aligned}
& \Delta x_{A} \approx x+\frac{1}{2} a \theta, \quad \Delta y_{A}=y-\frac{1}{2} a \theta
\end{aligned}
\]

The spring force at point $A$, $\boldsymbol{F}_{A}$, is given by

\[
\boldsymbol{F}_{A}=-k \Delta x_{A} \boldsymbol{i}-k \Delta y_{A} \boldsymbol{j}=-k\left(x+\frac{1}{2} a \theta\right) \boldsymbol{i}-k\left(y-\frac{1}{2} a \theta\right) \boldsymbol{j}
\]",\boxed{-k\left(x+\frac{1}{2} a \theta\right) \boldsymbol{i}-k\left(y-\frac{1}{2} a \theta\right) \boldsymbol{j}},EX,,False,EN,Laws Application
2795,Mechanics and Thermodynamics,Theoretical Mechanics,Small Vibrations of Finite System,Shaft \(AB\) forms an angle \(\alpha\) with the vertical \(Î¶\) axis. A cantilever \(CD\) of length \(a\) is firmly attached perpendicular to the shaft. \(CD\) makes an angle \(\theta\) with the vertical plane \(Î¶AB\). A force \(\boldsymbol{P}\) acts vertically downward at point \(D\). Find the position vector \(\overrightarrow{CD}\) and the expression for force \(\boldsymbol{P}\).,"The generalized forces for generalized coordinates $x, s$ are

$$
Q_{x}=F_{0} \cos \Omega t, \quad Q_{s}=0
$$

After applying the normal coordinates $\xi, \eta$, the relationship for generalized forces is given by:

$$
\begin{pmatrix} Q_{\xi} \\ Q_{\eta} \end{pmatrix} =\left(\begin{array}{cc} \frac{1}{2} & -\frac{3}{2} \\ -\frac{\sqrt{3}}{2} & -\frac{\sqrt{3}}{2} \end{array}\right) \begin{pmatrix} Q_{x} \\ Q_{s} \end{pmatrix}
$$

where the transformation matrix is $\boldsymbol{G}^{\boldsymbol{T}}$. Substituting $Q_{x}, Q_{s}$ gives

$$
Q_{\xi}=\frac{1}{2} F_{0} \cos \Omega t, \quad Q_{\eta}=-\frac{\sqrt{3}}{2} F_{0} \cos \Omega t
$$

The differential equations are:

$$
\begin{gathered}
2 m \ddot{\xi}+k \xi=\frac{1}{2} F_{0} \cos \Omega t \\
6 m \ddot{\eta}+k \eta=-\frac{\sqrt{3}}{2} F_{0} \cos \Omega t
\end{gathered}
$$

The particular solutions are:

$$
\begin{aligned}
\xi^{*}= & \frac{\frac{F_{0}}{4 m}}{\frac{k}{2 m}-\Omega^{2}} \cos \Omega t=\frac{F_{0} l}{2 m\left(3 g-2 l \Omega^{2}\right)} \cos \Omega t \\
\eta^{*}= & \frac{-\sqrt{3} F_{0}}{\frac{k}{6 m}-\Omega^{2}} \cos \Omega t=\frac{-\sqrt{3} F_{0} l}{6 m\left(g-2 l \Omega^{2}\right)} \cos \Omega t
\end{aligned}
$$

The general solutions are:

$$
\begin{aligned}
& \xi=\frac{F_{0} l}{2 m\left(3 g-2 l \Omega^{2}\right)} \cos \Omega t+C_{1}^{\prime} \cos \left(\sqrt{\frac{3 g}{2 l}} t+\alpha_{1}\right) \\
& \eta=-\frac{\sqrt{3} F_{0} l}{6 m\left(g-2 l \Omega^{2}\right)} \cos \Omega t+C_{2}^{\prime} \cos \left(\sqrt{\frac{g}{2 l}} t+\alpha_{2}\right)
\end{aligned}
$$

Further, we obtain:

$$
\begin{aligned}
x= & \frac{1}{2} \xi - \frac{\sqrt{3}}{2} \eta = \left[\frac{F_{0} l}{4 m(3 g-2 l \Omega^{2})} + \frac{F_{0} l}{4 m(g-2 l \Omega^{2})}\right] \cos \Omega t \\
& + C_{1} \cos \left(\sqrt{\frac{3g}{2l}} t+\alpha_{1}\right) + C_{2} \cos \left(\sqrt{\frac{g}{2l}} t+\alpha_{2}\right) \\
\theta= & -\frac{3}{2 l} \xi - \frac{\sqrt{3}}{2 l} \eta = \left[-\frac{3 F_{0}}{4 m(3g-2l\Omega^{2})} + \frac{F_{0}}{4m(g-2l\Omega^{2})}\right] \cos \Omega t 
\end{aligned}
$$

$$
-\frac{3}{l} C_{1} \cos \left(\sqrt{\frac{3g}{2l}} t+\alpha_{1}\right) + \frac{1}{l} C_{2} \cos \left(\sqrt{\frac{g}{2l}} t+\alpha_{2}\right)
$$

Figure 10.59 \\
$$
<image 1>
$$","\boxed{\overrightarrow{CD} = a\left(\sin \theta \, \hat{\xi} + \cos \theta \cos \alpha \, \hat{\eta} - \cos \theta \sin \alpha \, \hat{\zeta}\right), \boldsymbol{P} = -P}","EX, EX",,True,EN,Math Derivation
2796,Mechanics and Thermodynamics,Theoretical Mechanics,Lagrangian Formulation of Mechanics,"A dumbbell composed of two masses, $m$ and $M$, connected by a massless rod of length $a$, starts from rest. Suddenly, an impulse $I$ is applied at a point on the rod at a distance $b$ from $M$, perpendicular to the rod. Find the momenta $p_{x}$, $p_{y}$, and $p_{\varphi}$.","The momenta $p_{x}$, $p_{y}$, and $p_{\varphi}$ are:

$$
\begin{gathered}
p_{x}=\frac{\partial L}{\partial \dot{x}}=(m+M) \dot{x} \\
p_{y}=\frac{\partial L}{\partial \dot{y}}=(m+M) \dot{y} \\
p_{\varphi}=\frac{\partial L}{\partial \dot{\varphi}}=\frac{m M}{m+M} a^{2} \dot{\varphi}
\end{gathered}
$$","\boxed{(m+M) \dot{x}, (m+M) \dot{y}, \frac{m M}{m+M} a^{2} \dot{\varphi}}",EX,"None, None, None",True,EN,Laws Application
2797,Mechanics and Thermodynamics,Theoretical Mechanics,Small Vibrations of Finite System,"Three light springs, each with a natural length of \(\sqrt{2}\) and a spring constant of \(k\), are connected to a mass \(m\). The other ends of the three springs are fixed at \((-1,1)\), \((1,1)\), and \((-1,-1)\), respectively. The mass \(m\) moves only within the horizontal and frictionless \(xy\) plane. Write the Lagrangian function for small oscillations of the system near the equilibrium position.","Near the equilibrium position \((0,0)\),

$$
\begin{aligned}
V(x, y) & \approx V(0,0)+\frac{1}{2}\left[\left.\frac{\partial^{2} V}{\partial x^{2}}\right|_{(0,0)} x^{2}+\left.2 \frac{\partial^{2} V}{\partial x \partial y}\right|_{(0,0)} x y+\left.\frac{\partial^{2} V}{\partial y^{2}}\right|_{(0,0)} y^{2}\right] \\
& =\frac{1}{2}\left(\frac{3}{2} k x^{2}+k x y+\frac{3}{2} k y^{2}\right) \\
L & =\frac{1}{2} m \dot{x}^{2}+\frac{1}{2} m \dot{y}^{2}-\frac{1}{2} k\left(\frac{3}{2} x^{2}+x y+\frac{3}{2} y^{2}\right)
\end{aligned}
$$",\(\boxed{\frac{1}{2} m \dot{x}^{2}+\frac{1}{2} m \dot{y}^{2}-\frac{1}{2} k\left(\frac{3}{2} x^{2}+x y+\frac{3}{2} y^{2}\right)}\),EX,,False,EN,Math Derivation
2798,Mechanics and Thermodynamics,Theoretical Mechanics,Lagrangian Formulation of Mechanics,"A particle with mass \( m \) is under the influence of a central force 
\[ F(r) = -\frac{k}{r^{2}} + \frac{k^{\prime}}{r^{3}} \quad (k > 0) \]
and moves in a plane.

(3) If \( J^{2} > -m k^{\prime} \), find the orbital equation.","Let \( u = \frac{1}{r}, r = u^{-1} \),
\[
\begin{gathered}
\dot{r} = -u^{-2} \frac{\mathrm{d} u}{\mathrm{d} \varphi} \dot{\varphi} = -u^{-2} \frac{\mathrm{d} u}{\mathrm{d} \varphi} \frac{J}{m r^{2}} = -\frac{J}{m} \frac{\mathrm{d} u}{\mathrm{d} \varphi} \\
\ddot{r} = -\frac{J}{m} \frac{\mathrm{d}^{2} u}{\mathrm{d} \varphi^{2}} \dot{\varphi} = -\frac{J^{2}}{m^{2}} u \frac{\mathrm{d}^{2} u}{\mathrm{d} \varphi^{2}}
\end{gathered}
\]

Equation (1) can be rewritten as
\[
\frac{\mathrm{d}^{2} u}{\mathrm{d} \varphi^{2}} + \left(1 + \frac{m k^{\prime}}{J^{2}}\right) u = \frac{m k}{J^{2}} \tag{3}
\]

Since \( J^{2} > -m k^{\prime}, 1 + \frac{m k^{\prime}}{J^{2}} > 0 \). The solution to equation (3) is
\[
u = \frac{m k}{J^{2} + m k^{\prime}} + A \cos \left(\sqrt{1 + \frac{m k^{\prime}}{J^{2}}} \varphi + \alpha \right)
\]

By choosing an appropriate reference axis, we can let \( \alpha = 0 \), and the orbital equation becomes
\[
\begin{aligned}
u &= \frac{m k}{J^{2} + m k^{\prime}} + A \cos \left(\sqrt{1 + \frac{m k^{\prime}}{J^{2}}} \varphi \right) \\
r &= \frac{1}{\frac{m k}{J^{2} + m k^{\prime}} + A \cos \left(\sqrt{1 + \frac{m k^{\prime}}{J^{2}}} \varphi \right)}
\end{aligned}
\]",\boxed{r = \frac{1}{\frac{m k}{J^{2} + m k^{\prime}} + A \cos \left(\sqrt{1 + \frac{m k^{\prime}}{J^{2}}} \varphi \right)}},EQ,,False,EN,Math Derivation
2800,Mechanics and Thermodynamics,Theoretical Mechanics,Lagrangian Formulation of Mechanics,"Consider a mechanical system with three intermeshed gears $G_{1}$, $G_{2}$, $G_{3}$ coupled with three disks $D_{4}$, $D_{5}$, $D_{6}$. The radii of the three gears are $r_{1}$, $r_{2}$, $r_{3}$, and their moments of inertia about the axis of symmetry are $I_{1}$, $I_{2}$, $I_{3}$. The moments of inertia of the three disks about their axes of symmetry are $I_{4}$, $I_{5}$, $I_{6}$. The angular displacement of the gears from equilibrium are $\theta_{1}$, $\theta_{2}$, $\theta_{3}$, and for the disks, they are $\theta_{4}$, $\theta_{5}$, $\theta_{6}$. The torque constants of the three torsional springs concerning angular displacement are $k_{1}$, $k_{2}$, $k_{3}$. Determine the Lagrangian function $L$ of this system.","Based on the previous expressions for kinetic energy $T$ and potential energy $V$, the Lagrangian function $L$ is:

\[ 
L = T - V 
\]

Substitute the expressions for kinetic energy and potential energy:

\[ 
L = \frac{1}{2} r_{2}^{2}\left(\frac{I_{1}}{r_{1}^{2}} + \frac{I_{2}}{r_{2}^{2}} + \frac{I_{3}}{r_{3}^{2}}\right) \dot{\theta}_{2}^{2} + \frac{1}{2} I_{4} \dot{\theta}_{4}^{2} + \frac{1}{2} I_{5} \dot{\theta}_{5}^{2} + \frac{1}{2} I_{6} \dot{\theta}_{6}^{2} 
\]

\[ 
- \frac{1}{2} k_{1}(\theta_{4} - \theta_{2})^{2} - \frac{1}{2} k_{2} r_{2}^{2}\left(\frac{\theta_{2}}{r_{1}} - \frac{\theta_{5}}{r_{2}}\right)^{2} - \frac{1}{2} k_{3} r_{2}^{2}\left(\frac{\theta_{2}}{r_{3}} - \frac{\theta_{6}}{r_{2}}\right)^{2} 
\]","\[
\boxed{L = \frac{1}{2} r_{2}^{2}\left(\frac{I_{1}}{r_{1}^{2}} + \frac{I_{2}}{r_{2}^{2}} + \frac{I_{3}}{r_{3}^{2}}\right) \dot{\theta}_{2}^{2} + \frac{1}{2} I_{4} \dot{\theta}_{4}^{2} + \frac{1}{2} I_{5} \dot{\theta}_{5}^{2} + \frac{1}{2} I_{6} \dot{\theta}_{6}^{2} - \frac{1}{2} k_{1}(\theta_{4} - \theta_{2})^{2} - \frac{1}{2} k_{2} r_{2}^{2}\left(\frac{\theta_{2}}{r_{1}} - \frac{\theta_{5}}{r_{2}}\right)^{2} - \frac{1}{2} k_{3} r_{2}^{2}\left(\frac{\theta_{2}}{r_{3}} - \frac{\theta_{6}}{r_{2}}\right)^{2}}
\]",EQ,,False,EN,Math Derivation
2801,Mechanics and Thermodynamics,Theoretical Mechanics,Lagrangian Formulation of Mechanics,"A ring with radius $R$ is moving on a rough plane. Using the coordinates of the center of the ring $x, y$ and the angular displacement of the ring $\varphi$ as generalized coordinates, let $f$ be the magnitude of the frictional force per unit length experienced by the ring. Find the generalized frictional force $Q_{\varphi}$ associated with $\varphi$.","The virtual work done by the frictional force on this element of the ring is given by

$$
-f \frac{\mathbf{v}(\alpha) \cdot \delta \mathbf{r}(\alpha)}{|\mathbf{v}(\alpha)|} R \mathrm{~d} \alpha
$$

The term in the virtual work done by the frictional force on the ring that is related to $\varphi$ is

$$
-f \int_{0}^{2\pi} \frac{R^2 \dot{\varphi} + R [\dot{y} \cos (\varphi+\alpha) - \dot{x} \sin (\varphi+\alpha)]}{\sqrt{[\dot{x} - R \dot{\varphi} \sin (\varphi+\alpha)]^2 + [\dot{y} + R \dot{\varphi} \cos (\varphi+\alpha)]^2}} R \mathrm{~d} \alpha \delta \varphi
$$

Therefore, the generalized frictional force $Q_{\varphi}$ associated with $\varphi$ is

$$
Q_{\varphi} = -f \int_{0}^{2\pi} \frac{R^2 \dot{\varphi} + R [\dot{y} \cos (\varphi+\alpha) - \dot{x} \sin (\varphi+\alpha)]}{\sqrt{[\dot{x} - R \dot{\varphi} \sin (\varphi+\alpha)]^2 + [\dot{y} + R \dot{\varphi} \cos (\varphi+\alpha)]^2}} R \mathrm{~d} \alpha
$$",\boxed{-f \int_{0}^{2\pi} \frac{R^2 \dot{\varphi} + R [\dot{y} \cos (\varphi+\alpha) - \dot{x} \sin (\varphi+\alpha)]}{\sqrt{[\dot{x} - R \dot{\varphi} \sin (\varphi+\alpha)]^2 + [\dot{y} + R \dot{\varphi} \cos (\varphi+\alpha)]^2}} R \mathrm{~d} \alpha},EX,,False,EN,Math Derivation
2803,Mechanics and Thermodynamics,Theoretical Mechanics,Small Vibrations of Finite System,"Two point masses with mass $m$ and one point mass with mass $M$ are connected by two light springs with stiffness coefficient $k$ and natural length zero. They are all constrained to move inside a smooth vertical circular tube with a radius of $R$. Let $\theta_2$ denote the angular displacement of mass $M$ from its equilibrium position, and let $x_2 = R \theta_2$. Predict the small oscillations around the equilibrium position of the system and provide the frequency of these small oscillations and the mode of vibration.","Let $\theta_2$ represent the angular displacement of mass $M$ from its equilibrium position, with counterclockwise direction taken as positive.

Lagrangian function:
\[ L = \frac{1}{2} M \dot{x}_2^2 - \left[\frac{1}{2} \left(2k + \frac{M g}{R}\right) x_2^2 - k x_1 x_2 - k x_2 x_3 \right] \]

By using $\frac{\mathrm{d}}{\mathrm{d} t}\left(\frac{\partial L}{\partial \dot{x}_2}\right) - \frac{\partial L}{\partial x_2} = 0$, we obtain:
\[ M \ddot{x}_2 + \left(2k + \frac{M g}{R}\right) x_2 - k(x_1 + x_3) = 0 \]",\boxed{\omega = \sqrt{\frac{2k + \frac{Mg}{R}}{M}}},EX,,False,EN,Math Derivation
2804,Mechanics and Thermodynamics,Theoretical Mechanics,Lagrangian Formulation of Mechanics,"A disk with a radius of $r$ is mounted at the center of a horizontal elastic rod, with the other end of the elastic rod fixed. When the disk rotates by an angle $\theta$, the torque exerted on the disk by the elastic rod is $-k_{1} \theta$. Let $m_{1}$ and $m_{2}$ be the masses of two metal cylinders, connected by an insulated, non-stretchable light cord and spring that drape over the disk. When the disk rotates, there is no relative slipping between the disk and the cord. The moment of inertia of the disk about the elastic rod is $I$. Find the kinetic energy of the system.","There is no relative slipping between the disk and the cord,
$$ r \dot{\theta} = \dot{y}_{2}, \quad \dot{\theta} = \frac{1}{r} \dot{y}_{2} $$
According to the kinetic energy formula,
$$ T = \frac{1}{2} m_{1} \dot{y}_{1}^{2} + \frac{1}{2} m_{2} \dot{y}_{2}^{2} + \frac{1}{2} I\left(\frac{\dot{y}_{2}}{r}\right)^{2} + \frac{1}{2} L_{1} \dot{q}_{1}^{2} + \frac{1}{2} L_{2} \dot{q}_{2}^{2} + M \dot{q}_{1} \dot{q}_{2} $$",\boxed{\frac{1}{2} m_{1} \dot{y}_{1}^{2} + \frac{1}{2} m_{2} \dot{y}_{2}^{2} + \frac{1}{2} I\left(\frac{\dot{y}_{2}}{r}\right)^{2} + \frac{1}{2} L_{1} \dot{q}_{1}^{2} + \frac{1}{2} L_{2} \dot{q}_{2}^{2} + M \dot{q}_{1} \dot{q}_{2}},EX,,False,EN,Laws Application
2805,Mechanics and Thermodynamics,Theoretical Mechanics,Small Vibrations of Finite System,"Diagonalize the transformed \({\boldsymbol{M}}^{'}\) from Problem 2, and find its eigenvalues and eigenvectors. Using these results, write out the diagonalized inertia matrix \({\boldsymbol{M}}^{''}\).","Find the eigenvalues \(\lambda\):

\[
\lambda^{2} - 8\lambda + 12 = 0 
\]
\[
\lambda_{1} = 2, \quad \lambda_{2} = 6
\]

Adjugate matrix \(\operatorname{adj}\left(\begin{array}{cc} 3 & \sqrt{3} \\ \sqrt{3} & 1 \end{array}\right)\):

Normalize the column matrix to

\[
\left(\frac{1}{2}, -\frac{\sqrt{3}}{2}\right)
\]

Combine to get:

\(\boldsymbol{E} = \left(\begin{array}{cc} \frac{1}{2} & -\frac{\sqrt{3}}{2} \\ -\frac{\sqrt{3}}{2} & -\frac{1}{2} \end{array}\right)\)

Finally, the diagonalized \(\boldsymbol{M}^{''} = \left(\begin{array}{cc} 2m & 0 \\ 0 & 6m \end{array}\right)\).",\boxed{\boldsymbol{M}^{''} = \left(\begin{array}{cc} 2 & 0 \\ 0 & 6 \end{array}\right)},EQ,,False,EN,Math Derivation
2806,Mechanics and Thermodynamics,Theoretical Mechanics,Small Vibrations of Finite System,"A homogeneous square thin plate with mass $m$ is suspended at two adjacent corners by springs with a spring constant $k$. Given the expressions for the potential energy $V_A$ and $V_B$ at points $A$ and $B$ under the small oscillation approximation, determine the total potential energy $V$.","Both $\boldsymbol{F}_{A}$ and $\boldsymbol{F}_{B}$ are conservative forces, with potential energies given by

\[
\begin{gathered}
V_{A}=\frac{1}{2} k\left(\Delta x_{A}\right)^{2}+\frac{1}{2} k\left(\Delta y_{A}\right)^{2}=\frac{1}{2} k\left(x+\frac{1}{2} a \theta\right)^{2}+\frac{1}{2} k\left(y-\frac{1/2} a \theta\right)^{2} \\
V_{B}=\frac{1}{2} k\left(x+\frac{1}{2} a \theta\right)^{2}+\frac{1}{2} k\left(y+\frac{1/2} a \theta\right)^{2} \\
V=V_{A}+V_{B}=k\left(x+\frac{1}{2} a \theta\right)^{2}+k y^{2}+\frac{1}{4} k a^{2} \theta^{2}
\end{gathered}
\]",\boxed{k\left(x+\frac{1}{2} a \theta\right)^{2}+k y^{2}+\frac{1}{4} k a^{2} \theta^{2}},EX,,False,EN,Laws Application
2807,Mechanics and Thermodynamics,Theoretical Mechanics,Small Vibrations of Finite System,"Using the transformed equation of motion derived from the previous problem, solve for the motion of object $C$.","Using the above initial conditions, integrals (4), (5), (6) yield  

$$
\begin{aligned}
y_{1} &=\frac{f}{m \omega^{2}}(1-\cos \omega t), \\
y_{2} &=\frac{f}{k-m \omega^{2}}\left(\cos \omega t-\cos \omega_{2} t\right),
\end{aligned}
$$

where $\omega_{2}=\sqrt{\frac{k}{m}}$,  

$$
y_{3}=\frac{f}{3 k-m \omega^{2}}\left(\cos \omega t-\cos \omega_{3} t\right)
$$

where $\omega_{3}=\sqrt{\frac{3 k}{m}}$.  

The motion of object $C$ is  

$$
\begin{aligned}
x_{3} &=\frac{1}{6}\left(2 y_{1}-3 y_{2}+y_{3}\right), \\
&=\frac{f}{6}\left[\frac{2}{m \omega^{2}}(1-\cos \omega t)-\frac{3}{k-m \omega^{2}}\left(\cos \omega t-\cos \omega_{2} t\right)+\frac{1}{3 k-m \omega^{2}}\left(\cos \omega t-\cos \omega_{3} t\right)\right],
\end{aligned}
$$

where $\omega_{2}=\sqrt{\frac{k}{m}}, \omega_{3}=\sqrt{\frac{3 k}{m}}$.",\boxed{\frac{f}{6}\left[\frac{2}{m \omega^{2}}(1-\cos \omega t)-\frac{3}{k-m \omega^{2}}\left(\cos \omega t-\cos \omega_{2} t\right)+\frac{1}{3 k-m \omega^{2}}\left(\cos \omega t-\cos \omega_{3} t\right)\right]},EX,,False,EN,Math Derivation
2808,Mechanics and Thermodynamics,Theoretical Mechanics,Lagrangian Formulation of Mechanics,"A homogeneous wheel and axle with radius \( R \), and hub radius \( r \), has a weight of \( Q \). A weight \( P \) is suspended by a rope wound around the hub, and it is placed on a rough inclined plane with an angle of inclination \( \alpha \). The coefficient of friction between the axle and the inclined plane is \( \mu \). Find the condition for the wheel and axle to remain in equilibrium without pure rolling.","Considering the case without pure rolling, the frictional force and the support force between the inclined plane and the axle do no virtual work, as both are constraint forces. Let the center of mass of the axle be \( C \), and the weight be \( B \). The angle through which the axle rolls down the incline is \( \varphi \), and the perpendicular distance between \( C \) and \( B \) is \( l \):

\[
\begin{aligned}
& x_{B} = x_{C} - r \cos \alpha + l \sin \alpha \\
& y_{B} = y_{C} - r \sin \alpha - l \cos \alpha \\
& l = -r \varphi + \text{ constant }
\end{aligned}
\]

According to the pure rolling condition:

\[
\begin{aligned}
& \dot{x}_{C} - R \dot{\varphi} = 0 \\
& \delta x_{C} = R \delta \varphi, \quad \delta \varphi = \frac{1}{R} \delta x_{C} \\
& \delta l = -r \delta \varphi = -\frac{r}{R} \delta x_{C} \\
& \delta x_{B} = \delta x_{C} + \sin \alpha \delta l = \left(1 - \frac{r \sin \alpha}{R}\right) \delta x_{C} \\
& \delta y_{B} = \delta y_{C} - \cos \alpha \delta l = \frac{r \cos \alpha}{R} \delta x_{C}
\end{aligned}
\]

Here, we use \( \delta y_{C} = 0 \),

\[
\begin{aligned}
\delta W = & \, Q \sin \alpha \delta x_{C} - Q \cos \alpha \delta y_{C} + P \sin \alpha \delta x_{B} - P \cos \alpha \delta y_{B} \\
= & \, \left[Q \sin \alpha + P \sin \alpha \left(1 - \frac{r \sin \alpha}{R}\right) - P \cos \alpha \frac{r \cos \alpha}{R}\right] \delta x_{C} = 0 \\
& Q \sin \alpha + P \sin \alpha - \frac{P r}{R}=0 \\
P = & \, \frac{R \sin \alpha}{r - R \sin \alpha} Q
\end{aligned}
\]

Since both \( P \) and \( Q \) are greater than zero and finite, it can be seen from the above equation that the denominator must also be greater than zero, i.e.,

\[
r > R \sin \alpha
\]","\boxed{P = \frac{R \sin \alpha}{r-R \sin \alpha} Q, (r, \infty)}","EQ, IN",,True,EN,Math Derivation
2813,Mechanics and Thermodynamics,Theoretical Mechanics,Lagrangian Formulation of Mechanics,"A homogeneous thin circular disk with a mass of $m$ and a radius of $a$ has its centroid $C$ rigidly connected to a massless thin rod $AC$ of length $b$, with the rod being perpendicular to the plane of the disk. This system is placed on a rough inclined plane with an angle of inclination $\alpha$. The $A$ end of the rod is fixed at a point $O$ on the inclined plane, and the disk performs small oscillations (pure rolling) along a circle with a radius of $R=\sqrt{a^{2}+b^{2}}$ near its equilibrium position. Selecting point $O$ as the origin of the coordinate system, the $\zeta$ axis is perpendicular to the inclined plane, and the $\eta$ axis is oriented upward along the inclined plane. The moving coordinate system origin is also at point $O$, and the direction of $AC$ is the $z$ axis. Determine the kinetic energy of the system.","$$T=\frac{1}{2}(I_{1} \omega_{x}^{2} + I_{2} \omega_{y}^{2} + I_{3} \omega_{z}^{2})$$

$$
\begin{aligned}
& I_{1}=I_{2}=\frac{1}{4} m a^{2} + m b^{2}, \\
& I_{3}=\frac{1}{2} m a^{2}, \\
& \omega_{z}=\dot{\psi} + \dot{\varphi} \cos \theta = \dot{\psi} + \dot{\varphi} \sin \beta.
\end{aligned}
$$

The velocity at the contact point between the disk and the inclined plane is zero:

$$
b \sin \theta \dot{\varphi} + a \omega_{z} = 0,
$$

$$
b \cos \beta \dot{\varphi} + a(\dot{\psi} + \dot{\varphi} \sin \beta) = 0.
$$

Substituting $\cos \beta = \frac{b}{\sqrt{a^{2}+b^{2}}}, \quad \sin \beta = \frac{a}{\sqrt{a^{2}+b^{2}}}$ into the above equation, we obtain:

$$
\begin{aligned}
& \dot{\psi} = -\frac{\sqrt{a^{2}+b^{2}}}{a} \dot{\varphi}, \\
& \omega_{x} = -\frac{\sqrt{a^{2}+b^{2}}}{a} \dot{\varphi} + \dot{\varphi} \frac{a}{\sqrt{a^{2}+b^{2}}} = -\frac{b^{2}}{a \sqrt{a^{2}+b^{2}}} \dot{\varphi}, \\
& \sqrt{\omega_{x}^{2} + \omega_{y}^{2}} = \omega_{z} \tan \beta = \frac{a}{b} \omega_{z} = -\frac{b}{\sqrt{a^{2}+b^{2}}} \dot{\varphi}, \\
& T=\frac{1}{2} \left( \frac{1}{4} m a^{2} + m b^{2} \right) (\omega_{x}^{2} + \omega_{y}^{2}) + \frac{1}{2} \cdot \frac{1}{2} m a^{2} \omega_{z}^{2}, \\
& =\frac{1}{8} \left( m a^{2} + 4 m b^{2} \right) \cdot \frac{b^{2}}{a^{2} + b^{2}} \dot{\varphi}^{2} + \frac{1}{4} m a^{2} \cdot \frac{b^{4}}{a^{2}(a^{2} + b^{2})} \dot{\varphi}^{2}, \\
& =\frac{1}{8} m \frac{(a^{2} + 6 b^{2}) b^{2}}{a^{2} + b^{2}} \dot{\varphi}^{2}.
\end{aligned}
$$",\boxed{\frac{1}{8} m \frac{\left(a^{2}+6 b^{2}\right) b^{2}}{a^{2}+b^{2}} \dot{\varphi}^{2}},EX,,False,EN,Practical Application
2814,Mechanics and Thermodynamics,Theoretical Mechanics,Small Vibrations of Finite System,"For three particles moving on a circle, their kinetic energy is known as:

$$
T=\frac{1}{2} m b^{2}\left(\dot{\theta}_{1}^{2}+\dot{\theta}_{2}^{2}+\dot{\theta}_{3}^{2}\right)
$$

If the mass inertia matrix $\boldsymbol{M}$ and the stiffness matrix $\boldsymbol{K}$ are given by:

$$
\boldsymbol{M}=\left(\begin{array}{ccc}
B & 0 & 0 \\
0 & B & 0 \\
0 & 0 & B
\end{array}\right)
$$

$$
\boldsymbol{K}=\left(\begin{array}{ccc}
2 A & -A & -A \\
-A & 2 A & -A \\
-A & -A & 2 A
\end{array}\right)
$$

where $B=m b^{2}$ and $A=V_{0} e^{-\frac{2 \pi}{3}}$, find the characteristic equation formed by $\boldsymbol{M}$ and $\boldsymbol{K}$.","The characteristic equation is:

$$
|\boldsymbol{H}|=\left|\begin{array}{ccc}
2 A-B \omega^{2} & -A & -A \\
-A & 2 A-B \omega^{2} & -A \\
-A & -A & 2 A-B \omega^{2}
\end{array}\right|=0
$$

Find the simplified form of the characteristic equation:

First, add the first and third columns, then subtract the first row from the third row, and extract:

$$
\begin{gathered}
\left|\begin{array}{ccc}
0 & 0 & -3 A+B \omega^{2} \\
-2 A & 2 A-B \omega^{2} & -A \\
A-B \omega^{2} & -A & 2 A-B \omega^{2}
\end{array}\right|=0 \\
\left(-3 A+B \omega^{2}\right)\left[2 A^{2}-\left(A-B \omega^{2}\right)\left(2 A-B \omega^{2}\right)\right]=0 \\
\left(-3 A+B \omega^{2}\right)\left(-B^{2} \omega^{4}+3 A B \omega^{2}\right)=0
\end{gathered}
$$","\boxed{-3A + B\omega^2 = 0, -B^2\omega^4 + 3AB\omega^2 = 0}","EQ, EQ",,True,EN,Math Derivation
2817,Mechanics and Thermodynamics,Theoretical Mechanics,Lagrangian Formulation of Mechanics,"Two rods, each with length \(a\) and mass \(m\), labeled \(AB\) and \(BC\), are frictionlessly connected at point \(B\) and placed on a smooth horizontal table. Initially, the rods (i.e., points \(A\), \(B\), and \(C\)) are collinear. An impulse \(I\) is applied perpendicular to the \(ABC\) line at point \(A\). Determine the linear velocities \(\dot{x}, \dot{y}\) and the angular velocities \(\dot{\theta}_{1}, \dot{\theta}_{2}\) of the two rods after the impact.","From the Lagrange's equations for impulsive motion:
\[ 
\Delta\left(\frac{\partial L}{\partial \dot{q}_{i}}\right) = K_{i} 
\]

We obtain:
\[ 
\begin{gathered}
2 m \dot{x} + \left.\frac{1}{2} m a\left(-\dot{\theta}_{1} \sin \theta_{1} + \dot{\theta}_{2} \sin \theta_{2}\right)\right|_{\theta_{1}=\theta_{2}=0} = 0 \\
2 m \dot{y} + \left.\frac{1}{2} m a\left(\dot{\theta}_{1} \cos \theta_{1} - \dot{\theta}_{2} \cos \theta_{2}\right)\right|_{\theta_{1}=\theta_{2}=0} = I \\
\frac{1}{3} m a^{2} \dot{\theta}_{1} - \left.\frac{1}{2} m a \dot{x} \sin \theta_{1}\right|_{\theta_{1}=0} + \left.\frac{1}{2} m a \dot{y} \cos \theta_{1}\right|_{\theta_{1}=0} = a I \\
\frac{1}{3} m a^{2} \dot{\theta}_{2} + \left.\frac{1}{2} m a \dot{x} \sin \theta_{2}\right|_{\theta_{2}=0} - \left.\frac{1}{2} m a \dot{y} \cos \theta_{2}\right|_{\theta_{2}=0} = 0
\end{gathered} 
\]

This simplifies to:
\[ 
\begin{gathered}
2 m \dot{x} = 0 \\
2 m \dot{y} + \frac{1}{2} m a\left(\dot{\theta}_{1} - \dot{\theta}_{2}\right) = I \\
\frac{1}{3} m a^{2} \dot{\theta}_{1} + \frac{1}{2} m a \dot{y} = a I \\
\frac{1}{3} m a^{2} \dot{\theta}_{2} - \frac{1}{2} m a \dot{y} = 0
\end{gathered} 
\]

Solving these equations, we find:
\[ 
\begin{gathered}
\dot{x} = 0, \quad \dot{y} = -\frac{I}{m} \\
\dot{\theta}_{1} = \frac{9 I}{2 m a}, \quad \dot{\theta}_{2} = -\frac{3 I}{2 m a}
\end{gathered} 
\]","\boxed{\dot{x} = 0, \dot{y} = -\frac{I}{m}, \dot{\theta}_{1} = \frac{9 I}{2 m a}, \dot{\theta}_{2} = -\frac{3 I}{2 m a}}",EQ,"None, \text{m/s}, \text{rad/s}, \text{rad/s}",True,EN,Laws Application
2818,Mechanics and Thermodynamics,Theoretical Mechanics,Small Vibrations of Finite System,"A homogeneous thin circular disk with mass $M$ and radius $R$ is connected to two fixed points on a frictionless tabletop by two light springs, each with a spring constant $k$ and original length $l_{0}$. The disk can undergo planar parallel motion on the tabletop. The springs have a length $l\left(>l_{0}\right)$ when in equilibrium. Find the natural frequency of the rotational motion around the equilibrium position for small vibrations.","Let the equilibrium position be the origin of the $x, y$ coordinates, with the line connecting the two fixed points as the $x$ axis. Use the $x, y$ coordinates of the center of the disk and the disk's angle $\varphi$ as generalized coordinates. Calculate the kinetic energy $T$ and potential energy $V$, and apply the Lagrange equations:

Kinetic energy:
$$
T= \frac{1}{2} M\left(\dot{x}^{2}+\dot{y}^{2}\right)+\frac{1}{2} \times \frac{1}{2} M R^{2} \dot{\varphi}^{2}
$$

Potential energy (second-order small term):
$$
V= \ldots +2 R(l+R)\left(1-\frac{l_{0}}{l}\right) \varphi^{2}
$$

The equation of small vibrations obtained from the Lagrange equation (for rotational motion):
$$
\frac{1}{2} M R^{2} \ddot{\varphi}+2(l+R)\left(1-\frac{l_{0}}{l}\right) k \varphi=0
$$

Therefore, the natural frequency of the rotational motion is:
$$
\omega_{3}=\sqrt{\frac{4(l+R)\left(l-l_{0}\right) k}{M R l}}
$$",\boxed{\omega_{3}=\sqrt{\frac{4(l+R)\left(l-l_{0}\right) k}{M R l}}},EX,,False,EN,Laws Application
2821,Mechanics and Thermodynamics,Theoretical Mechanics,Lagrangian Formulation of Mechanics,"A uniform chain with a linear mass density of $\sigma$ and a length of $l$ is attached to two spheres with weights $P$ and $Q$ at its ends, respectively. It is placed on a smooth semicircular cylinder with a radius of $R$. In equilibrium, the chain and the two spheres lie in a vertical plane perpendicular to the axis of the cylinder. Calculate the equation for the equilibrium position using the principle of virtual work.","According to the principle of virtual work,
\[
-P \delta y_{A}-Q \delta y_{B}-\sigma l g \delta y_{C}=0 
\]
Calculate the virtual displacements using segment calculations:
\[
\delta y_{A}=R(-\sin \alpha \sin \varphi+\cos \alpha \cos \varphi) \delta \varphi \tag{2}
\]
\[
\delta y_{B}=R(\sin \alpha \sin \varphi+\cos \alpha \cos \varphi) \delta \varphi \tag{3}
\]
\[
\delta y_{C}=\frac{R \sin \alpha}{\alpha} \cos \varphi \delta \varphi \tag{4}
\]
Substitute equations (2), (3), and (4) into equation (1), and using $l=2 R \alpha$, we have:
\[
[-P R(-\sin \alpha \sin \varphi+\cos \alpha \cos \varphi)-Q R(\sin \alpha \sin \varphi+\cos \alpha \cos \varphi) \\
\left.-2 R \alpha \sigma g \frac{R \sin \alpha}{\alpha} \cos \varphi\right] \delta \varphi=0
\]
The equation for the equilibrium position is:
\[
\tan \varphi=\frac{(P+Q) \cos \alpha+2 R \sigma g \sin \alpha}{(P-Q) \sin \alpha}
\]",\(\boxed{\tan \varphi = \frac{(P+Q) \cos \alpha + 2 R \sigma g \sin \alpha}{(P-Q) \sin \alpha}}\),EQ,,False,EN,Math Derivation
2823,Mechanics and Thermodynamics,Theoretical Mechanics,Small Vibrations of Finite System,"If the vibration in problem 10.1.40 is subjected to resistance from a medium, where the force per unit area is proportional to the rate of speed, with the proportionality coefficient being $\beta$, find the condition under which the damping vibration for all three degrees of freedom is overdamped.","In solving problem 10.1.40, we obtained

$$
\begin{gathered}
T = \frac{1}{2} M \dot{\xi}^{2} + \frac{1}{24} M a^{2} \dot{\varphi}^{2} + \frac{1}{24} M b^{2} \dot{\theta}^{2}, \\
V = \frac{1}{2} k \left(4 \zeta^{2} + a^{2} \varphi^{2} + b^{2} \theta^{2}\right).
\end{gathered}
$$

The condition for the motion on $q_{1}$ to be overdamped is

$$
\left(\frac{a b \beta}{2 M}\right)^{2} > \frac{4 k}{M}, \text{ i.e., } (a b \beta)^{2} > 16 k M.
$$

The condition for the motion on $q_{2}, q_{3}$ to be overdamped is

$$
\left(\frac{a b \beta}{2 M}\right)^{2} > \frac{12 k}{M}, \text{ i.e., } (a b \beta)^{2} > 48 k M.
$$

Therefore, the condition for the vibrations in all three degrees of freedom to be overdamped is

$$
(a b \beta)^{2} > 48 k M.
$$",\boxed{(a b \beta)^{2} > 48 k M},EX,,False,EN,Math Derivation
2824,Mechanics and Thermodynamics,Theoretical Mechanics,Small Vibrations of Finite System,"A homogeneous square thin plate with mass $m$ is suspended by springs of stiffness $k$ at two adjacent corners. For the displacements $\Delta x_B$ and $\Delta y_B$ of the center of mass, find the spring force $\boldsymbol{F}_{B}$ at point $B$ under the small oscillation approximation.","The displacements at point $B$ in the $x, y$ directions are approximately

\[
\begin{aligned}
& \Delta x_{B} \approx x+\frac{1}{2} a \theta, \quad \Delta y_{B}=y+\frac{1}{2} a \theta
\end{aligned}
\]

\[
\boldsymbol{F}_{B}=-k \Delta x_{B} \boldsymbol{i}-k \Delta y_{B} \boldsymbol{j}=-k\left(x+\frac{1}{2} a \theta\right) \boldsymbol{i}-k\left(y+\frac{1}{2} a \theta\right) \boldsymbol{j}
\]",\boxed{-k\left(x+\frac{1}{2} a \theta\right) \boldsymbol{i}-k\left(y+\frac{1}{2} a \theta\right) \boldsymbol{j}},EX,,False,EN,Laws Application
2825,Mechanics and Thermodynamics,Theoretical Mechanics,Lagrangian Formulation of Mechanics,"A homogeneous chain with linear density $\sigma$ and length $l$ is attached to two spheres with weights $P$ and $Q$ at its ends, placed on a smooth semicylindrical surface with radius $R$. The chain and the two spheres are in equilibrium on a vertical plane perpendicular to the axis of the cylinder. Based on the position of the chain's center of mass $y_{C}$, please calculate $y_{C}^{\prime}$.","Set the coordinate system $O x^{\prime} y^{\prime}$, where the $y^{\prime}$ axis passes through the chain's center of mass $C$. From the definition of the center of mass,
$$
\begin{aligned}
y_{C}^{\prime}=\frac{1}{\sigma l} \int y^{\prime} \sigma \mathrm{d} s =\frac{1}{l} \int y^{\prime} \sqrt{1+\left(\frac{\mathrm{d} x^{\prime}}{\mathrm{d} y^{\prime}}\right)^{2}} \mathrm{~d} y^{\prime}
\end{aligned}
$$
and using the equation of the circle $x^{\prime 2}+y^{\prime 2}=R^{2}$, we obtain $y_{C}^{\prime}=\frac{R \sin \alpha}{\alpha}$.",\boxed{\frac{R \sin \alpha}{\alpha}},NV,,False,EN,Math Derivation
2826,Mechanics and Thermodynamics,Theoretical Mechanics,Lagrangian Formulation of Mechanics,"A homogeneous disk with a radius of $R$ is undergoing pure rolling along the horizontal $x$-axis. A homogeneous thin rod of length $2l$ maintains non-slipping contact with the disk, with one end sliding along the $x$-axis. During motion, both the disk and the rod remain within the same vertical plane. Select appropriate coordinates and write the following relationships: let $x_1, y_1$ denote the position of the rod's center of mass, $\theta_1$ represent the angle of rotation of the rod about its center of mass, let $x_2$ denote the position of the disk's center of mass, $\theta_2$ represent the angle of rotation of the disk about its center of mass, and use $s$ for the distance from the contact point between the rod and the disk to the rod's center of mass.

2. Calculate the velocity relationship at the contact point between the disk and the $x$-axis when the disk is in pure rolling motion, and express it as a geometric constraint equation.","For the disk undergoing pure rolling, the velocity at the contact point between the disk and the $x$-axis is zero.

\[
\dot{x}_{2} - R \dot{\theta}_{2} = 0
\]

Choosing the zero point for $x_2$ and $\theta_2$, we can integrate to obtain

\[
x_2 - R \theta_2 = 0 \tag{2}
\]",\boxed{x_2 - R \theta_2 = 0},EQ,,False,EN,Laws Application
2829,Mechanics and Thermodynamics,Theoretical Mechanics,Lagrangian Formulation of Mechanics,"Consider a mechanical system consisting of three intermeshing gears $G_{1}$, $G_{2}$, $G_{3}$ coupled with three disks $D_{4}$, $D_{5}$, $D_{6}$. The radii of the three gears are $r_{1}$, $r_{2}$, $r_{3}$, and their moments of inertia about the symmetry axis are $I_{1}$, $I_{2}$, $I_{3}$. The moments of inertia of the three disks about their symmetry axes are $I_{4}$, $I_{5}$, $I_{6}$. The angular displacements from the equilibrium position for the gears are $\theta_{1}$, $\theta_{2}$, $\theta_{3}$, and for the disks are $\theta_{4}$, $\theta_{5}$, $\theta_{6}$. The torsional spring constants with respect to angular displacement are $k_{1}$, $k_{2}$, $k_{3}$. Determine the kinetic energy $T$ of this system.","Let the kinetic energy $T$ be:

\[ 
T = \frac{1}{2} I_{1} \dot{\theta}_{1}^{2} + \frac{1}{2} I_{2} \dot{\theta}_{2}^{2} + \frac{1}{2} I_{3} \dot{\theta}_{3}^{2} + \frac{1}{2} I_{4} \dot{\theta}_{4}^{2} + \frac{1}{2} I_{5} \dot{\theta}_{5}^{2} + \frac{1}{2} I_{6} \dot{\theta}_{6}^{2} 
\]

Since there is no relative motion at the contact points of the gears, we have:

\[ 
r_{1} \dot{\theta}_{1} = r_{2} \dot{\theta}_{2}, \quad r_{2} \dot{\theta}_{2} = r_{3} \dot{\theta}_{3} 
\]

This implies:

\[ 
\dot{\theta}_{1} = \frac{r_{2}}{r_{1}} \dot{\theta}_{2}, \quad \dot{\theta}_{3} = \frac{r_{2}}{r_{3}} \dot{\theta}_{2} 
\]

By combining and simplifying these equations:

\[ 
T = \frac{1}{2} I_{1}\left(\frac{r_{2}}{r_{1}}\right)^{2} \dot{\theta}_{2}^{2} + \frac{1}{2} I_{2} \dot{\theta}_{2}^{2} + \frac{1}{2} I_{3}\left(\frac{r_{2}}{r_{3}}\right)^{2} \dot{\theta}_{2}^{2} + \frac{1}{2} I_{4} \dot{\theta}_{4}^{2} + \frac{1}{2} I_{5} \dot{\theta}_{5}^{2} + \frac{1}{2} I_{6} \dot{\theta}_{6}^{2} 
\]

\[ 
T = \frac{1}{2} r_{2}^{2}\left(\frac{I_{1}}{r_{1}^{2}} + \frac{I_{2}}{r_{2}^{2}} + \frac{I_{3}}{r_{3}^{2}}\right) \dot{\theta}_{2}^{2} + \frac{1}{2} I_{4} \dot{\theta}_{4}^{2} + \frac{1}{2} I_{5} \dot{\theta}_{5}^{2} + \frac{1}{2} I_{6} \dot{\theta}_{6}^{2} 
\]","\[
\boxed{T = \frac{1}{2} r_{2}^{2} \left( \frac{I_{1}}{r_{1}^{2}} + \frac{I_{2}}{r_{2}^{2}} + \frac{I_{3}}{r_{3}^{2}} \right) \dot{\theta}_{2}^{2} + \frac{1}{2} I_{4} \dot{\theta}_{4}^{2} + \frac{1}{2} I_{5} \dot{\theta}_{5}^{2} + \frac{1}{2} I_{6} \dot{\theta}_{6}^{2}}
\]",EQ,,False,EN,Math Derivation
2830,Mechanics and Thermodynamics,Theoretical Mechanics,Lagrangian Formulation of Mechanics,"A flat plate moves in the $xy$ plane, with the coordinate system $O'x'y'$ attached to the plate. The configuration of the plate is represented by the coordinates $x, y$ of point $O'$ in the static coordinate system $Oxy$ and the angle $\varphi$ between the $x'$ and $x$ axes. The viscous resistance on the surface element $\mathrm{d} x' \mathrm{d} y'$ is given by

$$
\mathrm{d} f_{x} = -\alpha \dot{x} \, \mathrm{d} x' \mathrm{d} y', \quad \mathrm{d} f_{y} = -\alpha \dot{y} \, \mathrm{d} x' \mathrm{d} y'
$$

where $\dot{x}, \dot{y}$ are abbreviations for $\dot{x}(x', y'), \dot{y}(x', y')$, respectively, and should not be confused with the velocity components $\dot{x}, \dot{y}$ of point $O'$. Find $Q_{\varphi}$.","$$
Q_{\varphi} = -\alpha \int \left[\left(x'^{2} + y'^{2}\right) \dot{\varphi} + \left(\dot{y} x' - \dot{x} y'\right) \cos \varphi - \left(\dot{x} x' + \dot{y} y'\right) \sin \varphi\right] \mathrm{d} x' \mathrm{d} y'
$$

Note: When obtaining equations (1) and (2), $x', y'$ are parameters and are constants when differentiated. In the integrals for $Q_{x}, Q_{y}, Q_{\varphi}$, $\dot{x}, \dot{y}, \dot{\varphi}$, and $\varphi$ are all parameters and are constants during integration.",\boxed{Q_{\varphi} = -\alpha \int \left[\left(x'^{2} + y'^{2}\right) \dot{\varphi} + \left(\dot{y} x' - \dot{x} y'\right) \cos \varphi - \left(\dot{x} x' + \dot{y} y'\right) \sin \varphi\right] \mathrm{d} x' \mathrm{d} y'},EQ,,False,EN,Math Derivation
2831,Mechanics and Thermodynamics,Theoretical Mechanics,Small Vibrations of Finite System,"A uniform thin circular disk with mass $M$ and radius $R$ is connected by two light springs, each with a stiffness coefficient $k$ and an original length of $l_{0}$, to two fixed points on a frictionless tabletop. The disk can undergo planar parallel motion on the tabletop. When in equilibrium, the spring length is $l\left(>l_{0}\right)$. Find the normal frequency of vibration along the $y$-direction for small oscillations around the equilibrium position.","Take the equilibrium position as the origin of the $x, y$ coordinates, with the line connecting the two fixed points as the $x$-axis. Use the $x, y$ coordinates of the disk's center and the disk's rotation angle $\varphi$ as generalized coordinates. Compute the kinetic energy $T$ and potential energy $V$, and apply the Lagrangian equation:

Kinetic energy:
$$
T= \frac{1}{2} M\left(\dot{x}^{2}+\dot{y}^{2}\right)+\frac{1}{2} \times \frac{1}{2} M R^{2} \dot{\varphi}^{2}
$$

Potential energy (considering second-order small quantities):
$$
V= \ldots +2\left(1-\frac{l_{0}}{l}\right) y^{2}+ \ldots
$$

The equation for small vibrations obtained from the Lagrangian equation (considering the $y$ direction):
$$
M \ddot{y}+2\left(1-\frac{l_{0}}{l}\right) k y=0
$$

Thus, the normal frequency of vibration along the $y$ direction is:
$$
\omega_{2}=\sqrt{\frac{2 k\left(l-l_{0}\right)}{M l}}
$$",\boxed{\omega_{2}=\sqrt{\frac{2 k(l-l_{0})}{M l}}},EX,,False,EN,Laws Application
2833,Mechanics and Thermodynamics,Theoretical Mechanics,Hamiltonian Formulation of Mechanics,"Under the small oscillation limit, consider a simple pendulum with mass $m$, and assume that the length $l$ of the pendulum string is being shortened very slowly. Determine the relationship between the amplitude $\theta$ and time $w$.","\[
\begin{gathered}
w=\frac{\partial W}{\partial J}=\frac{1}{2 \pi} \arcsin \left(\sqrt{\frac{m g l}{2 E}} \theta\right) \\
\theta=\sqrt{\frac{2 E}{m g l}} \sin (2 \pi w)
\end{gathered}
\]",\boxed{\theta=\sqrt{\frac{2 E}{m g l}} \sin (2 \pi w)},EQ,,False,EN,
2835,Mechanics and Thermodynamics,Theoretical Mechanics,Small Vibrations of Finite System,"If the vibration in Problem 10.1.40 is subject to resistance from the medium, where the force per unit area is proportional to the rate, with the proportionality coefficient being $\beta$, find:  
The general solution for the vibration of three degrees of freedom under overdamped conditions.","The characteristic equation of the above equation (1) is

$$
\begin{gathered}
Mr^{2} + a b \beta r + 4k = 0, \\
r = \frac{1}{2 M}\left[-a b \beta \pm \sqrt{(a b \beta)^{2} - 16 k M}\right].
\end{gathered}
$$

So,

$$
\zeta = q_{1} = C_{1} \exp\left\{\frac{1}{2 M}\left[-a b \beta + \sqrt{(a b \beta)^{2} - 16 k M}\right] t\right\} + C_{2} \exp\left\{\frac{1}{2 M}\left[-a b \beta - \sqrt{(a b \beta)^{2} - 16 k M}\right] t\right\}.
$$

The characteristic equations for differential equations (2) and (3) are both

$$
\begin{gathered}
\frac{1}{3} M r^{2} + \frac{1}{3} a b \beta r + 4k = 0, \\
Mr^{2} + a b \beta r + 12k = 0, \\
r = \frac{1}{2 M}\left[-a b \beta \pm \sqrt{(a b \beta)^{2} - 48 k M}\right].
\end{gathered}
$$

Therefore,

$$
\begin{aligned}
\varphi = \frac{2 q_{2}}{a} = & C_{1}' \exp\left\{\frac{1}{2 M}\left[-a b \beta + \sqrt{(a b \beta)^{2} - 48 k M}\right] t\right\} \\
& + C_{2}' \exp\left\{\frac{1}{2 M}\left[-a b \beta - \sqrt{(a b \beta)^{2} - 48 k M}\right] t\right\}, \\
\theta = \frac{2 q_{3}}{b} = & C_{1}'' \exp\left\{\frac{1}{2 M}\left[-a b \beta + \sqrt{(a b \beta)^{2} - 48 k M}\right] t\right\} \\
& + C_{2}'' \exp\left\{\frac{1}{2 M}\left[-a b \beta - \sqrt{(a b \beta)^{2} - 48 k M}\right] t\right\}.
\end{aligned}
$$","\boxed{C_1 \exp\left\{\frac{1}{2 M}\left[-a b \beta + \sqrt{(a b \beta)^{2} - 16 k M}\right] t\right\} + C_2 \exp\left\{\frac{1}{2 M}\left[-a b \beta - \sqrt{(a b \beta)^{2} - 16 k M}\right] t\right\}, \frac{2 C_1'}{a} \exp\left\{\frac{1}{2 M}\left[-a b \beta + \sqrt{(a b \beta)^{2} - 48 k M}\right] t\right\} + \frac{2 C_2'}{a} \exp\left\{\frac{1}{2 M}\left[-a b \beta - \sqrt{(a b \beta)^{2} - 48 k M}\right] t\right\}, \frac{2 C_1''}{b} \exp\left\{\frac{1}{2 M}\left[-a b \beta + \sqrt{(a b \beta)^{2} - 48 k M}\right] t\right\} + \frac{2 C_2''}{b} \exp\left\{\frac{1}{2 M}\left[-a b \beta - \sqrt{(a b \beta)^{2} - 48 k M}\right] t\right\}}","EX, EX, EX","None, None, None",True,EN,Math Derivation
2836,Mechanics and Thermodynamics,Theoretical Mechanics,Lagrangian Formulation of Mechanics,"A mechanism composed of four rods, each with length $2l$ and mass $m$, is connected by smooth hinges to form a square and initially rests on a smooth horizontal plane. An impulse $I$ is applied at point $A$ in the direction of $AD$. The movement of the rods is described using generalized coordinates: the $x$ and $y$ coordinates of point $M$, the angle $\theta_{1}$ between rod $BC$ and the $x$-axis, and the angle $\theta_{2}$ between rod $AB$ and the $x$-axis. Calculate the change in momentum in terms of impulsive velocity increment and momentum increment as $\Delta p_{x}, \Delta p_{y}, \Delta p_{\theta_{1}}, \Delta p_{\theta_{2}}$.","For the calculation of impulsive momentum,

$$
\begin{aligned}
y_{A} &= y_{E} + l \sin \theta_{2} = y - l \sin \theta_{1} + l \sin \theta_{2}, \\
K_{x} &= I \frac{\partial y_{A}}{\partial x} = 0, \\
K_{y} &= I \frac{\partial y_{A}}{\partial y} = I, \\
K_{\theta_{1}} &= \left.I \frac{\partial y_{A}}{\partial \theta_{1}}\right|_{\theta_{1}=\frac{\pi}{2}} = -\left.I l \cos \theta_{1}\right|_{\theta_{1}=\frac{\pi}{2}} = 0, \\
K_{\theta_{2}} &= \left.I \frac{\partial y_{A}}{\partial \theta_{2}}\right|_{\theta_{2}=\pi} = \left.I l \cos \theta_{2}\right|_{\theta_{2}=\pi} = -I l.
\end{aligned}
$$

From the impulsive motion Lagrangian equation $\Delta p_{i}=K_{i}$,

$$
\Delta p_{x} = 4m \dot{x} = 0,
$$

$$
\begin{aligned}
\Delta p_{y} &= 4m \dot{y} = I, \\
\Delta p_{\theta_{1}} &= \frac{8}{3} m l^{2} \dot{\theta}_{1} = 0, \\
\Delta p_{\theta_{2}} &= \frac{8}{3} m l^{2} \dot{\theta}_{2} = -Il.
\end{aligned}
$$

Therefore,

$$
\dot{x} = 0, \quad \dot{y} = \frac{I}{4m}, \quad \dot{\theta}_{1} = 0, \quad \dot{\theta}_{2} = -\frac{3I}{8ml}.
$$","\boxed{0, I, 0, -Il}",NV,"None, \text{N}\cdot\text{s}, None, \text{N}\cdot\text{s}\cdot\text{m}",True,EN,Laws Application
2837,Mechanics and Thermodynamics,Theoretical Mechanics,Hamiltonian Formulation of Mechanics,"A pendulum consists of a homogeneous rigid rod of length \( L \) and mass \( M \), and an insect with a mass of \(\frac{1}{3} M\) that crawls along the rod. One end of the rod is fixed on an axis, and it swings in a vertical plane. At \( t=0 \), the rod is at rest at an angle \(\theta_{0}\) from the vertical line, and the insect is located at the end of the rod near the axis, crawling towards the bottom end of the rod at a constant speed \( v \). Assume \(\theta_{0} \ll 1 \text{ rad}\). Determine the oscillation frequency of the pendulum when the insect has crawled a distance \( l \) along the rod.","\[
\begin{aligned}
& T = \frac{1}{2}\left(\frac{1}{3} M L^{2} + \frac{1}{3} M l^{2}\right) \dot{\theta}^{2} + \frac{1}{2} \times \frac{1}{3} M v^{2}, \\
& \approx \frac{1}{6} M\left(L^{2}+l^{2}\right) \dot{\theta}^{2}, \\
& \nu = \left(\frac{1}{2} M g L + \frac{1}{3} M g l\right)(1-\cos \theta) \approx \frac{1}{12} M g (3 L + 2 l) \theta^{2}, \\
& L = \frac{1}{6} M\left(L^{2}+l^{2}\right) \dot{\theta}^{2} - \frac{1}{12} M g (3 L + 2 l) \theta^{2}, \\
& p = \frac{\partial L}{\partial \dot{\theta}} = \frac{1}{3} M\left(L^{2}+l^{2}\right) \dot{\theta}, \\
& H = p \dot{\theta} - L = \frac{3 p^{2}}{2 M\left(L^{2}+l^{2}\right)} + \frac{1}{12} M g (3 L + 2 l) \theta^{2} = E, \\
& \frac{p^{2}}{\frac{2}{3} M\left(L^{2}+l^{2}\right) E} + \frac{\theta^{2}}{\frac{12 E}{M g(3 L+2 l)}} = 1, \\
& J = \oint p \, \mathrm{d} \theta = \pi \sqrt{\frac{2 M\left(L^{2}+l^{2}\right) E}{3}} \cdot \sqrt{\frac{12 E}{M g (3 L + 2 l)}}, \\
& = 2 \pi E \sqrt{\frac{2\left(L^{2}+l^{2}\right)}{(3 L + 2 l) g}}, \\
& H^{*} = E = \frac{J}{2 \pi} \sqrt{\frac{(3 L + 2 l) g}{2\left(L^{2}+l^{2}\right)}}, \\
& \frac{\partial H^{*}}{\partial J} = \frac{1}{2 \pi} \sqrt{\frac{(3 L + 2 l) g}{2\left(L^{2}+l^{2}\right)}}, \\
& \frac{3}{2 M\left(L^{2}+l^{2}\right)}\left(\frac{\mathrm{d} W}{\mathrm{d} \theta}\right)^{2} + \frac{1}{12} M g (3 L + 2 l) \theta^{2} = E, \\
& \frac{\mathrm{d} W}{\mathrm{d} \theta} = \sqrt{\frac{2 M\left(L^{2}+l^{2}\right)}{3}\left[E - \frac{1}{12} M g (3 L + 2 l) \theta^{2}\right]}, \\
& W = \sqrt{\frac{2 M\left(L^{2}+l^{2}\right)}{3}} \int \sqrt{E - \frac{1}{12} M g (3 L + 2 l) \theta^{2}} \, \mathrm{d} \theta, \\
& w = \frac{\partial W}{\partial J} = \frac{\partial W}{\partial E} \frac{\partial E}{\partial J}.
\end{aligned}
\]",\boxed{\frac{1}{2 \pi} \sqrt{\frac{(3 L + 2 l) g}{2\left(L^{2}+l^{2}\right)}}},EX,,False,EN,Math Derivation
2838,Mechanics and Thermodynamics,Theoretical Mechanics,Hamiltonian Formulation of Mechanics,"A pendulum is composed of a homogeneous rigid rod of length \( L \) and mass \( M \), along with an insect of mass \(\frac{1}{3} M\) crawling along the rod. The rod is fixed at one end on an axis and swings in a vertical plane. At time \( t=0 \), the rod is at rest and makes an angle \(\theta_{0}\) with the vertical, with the insect located at the end of the rod near the axis and crawling toward the bottom end at a constant velocity \( v \). Assume \(\theta_{0} \ll 1 \text{ rad}\). Determine the amplitude of the pendulum when the insect reaches the bottom of the rod.","\[
\begin{aligned}
& = \frac{1}{2 \pi} \sqrt{\frac{(3 L + 2 l) g}{2\left(L^{2}+l^{2}\right)}} \times \sqrt{\frac{2 M\left(L^{2}+l^{2}\right)}{3}} \cdot \int \frac{\mathrm{d} \theta}{2 \sqrt{E - \frac{1}{12} M g (3 L + 2 l) \theta^{2}}}, \\
& = \frac{1}{2 \pi} \int \frac{1}{\sqrt{E - \frac{1}{12} M g (3 L + 2 l) \theta^{2}}} \,\mathrm{d}\left(\sqrt{\frac{1}{12} M g (3 L + 2 l) \theta}\right), \\
& = \frac{1}{2 \pi} \arcsin \left(\sqrt{\frac{M g (3 L + 2 l)}{12 E}} \theta\right), \\
& \theta = \sqrt{\frac{12 E}{M g (3 L + 2 l)}} \sin(2 \pi w), \\
& A = \sqrt{\frac{12 E}{M g (3 L + 2 l)}} = \sqrt{\frac{12}{M g (3 L + 2 l)} \left(\sqrt{\frac{J}{2 \pi}} \cdot \sqrt{\frac{(3 L + 2 l) g}{2\left(L^{2}+l^{2}\right)}}\right)}.
\end{aligned}
\]

Amplitude

For a slowly varying system, the action variable \( J \) is approximately constant, and thus the amplitude \( A \) has a relation with the parameter \( l \) as

\[
A \propto \left[(3 L + 2 l)\left(L^{2} + l^{2}\right)\right]^{-1 / 4}
\]

When \( l=0 \), \( A=\theta_{0} \). Let \( l=L \), then \( A=\theta_{1} \), so

\[
\frac{\theta_{1}}{\theta_{0}} = \left[\frac{3 L \cdot L^{2}}{(3 L + 2 L)\left(L^{2}+L^{2}\right)}\right]^{1 / 4} = \left(\frac{3}{10}\right)^{1 / 4}
\]

\[
\theta_{1} = \left(\frac{3}{10}\right)^{1 / 4} \theta_{0}
\]",\boxed{\left(\frac{3}{10}\right)^{1/4} \theta_{0}},NV,,False,EN,Math Derivation
2840,Mechanics and Thermodynamics,Theoretical Mechanics,Hamiltonian Formulation of Mechanics,"Based on the previously derived equation of motion, calculate the angular frequency $\omega$ and the period of free vibration.","From the equation of motion

$$
[(4M+m) a^{2}+mb(b-2a)] \ddot{\varphi}+(mgb+ka^{2}) \varphi=0,
$$

the angular frequency $\omega$ is given by:

$$
\omega=\left[\frac{mgb+ka^{2}}{(4M+m) a^{2}+mb(b-2a)}\right]^{1/2}.
$$

The period is:

$$
\frac{2\pi}{\omega}=2\pi\left[\frac{(4M+m) a^{2}+mb(b-2a)}{mgb+ka^{2}}\right]^{1/2}.
$$","\boxed{\omega=\left[\frac{mgb+ka^{2}}{(4M+m) a^{2}+mb(b-2a)}\right]^{1/2}, \frac{2\pi}{\omega}=2\pi\left[\frac{(4M+m) a^{2}+mb(b-2a)}{mgb+ka^{2}}\right]^{1/2}}","EQ, EX","\text{rad/s}, \text{s}",True,EN,Practical Application
2841,Mechanics and Thermodynamics,Theoretical Mechanics,Lagrangian Formulation of Mechanics,"Consider a mechanical system with three intermeshed gears $G_{1}$, $G_{2}$, $G_{3}$ coupled with three discs $D_{4}$, $D_{5}$, $D_{6}$. The radii of the three gears are $r_{1}$, $r_{2}$, $r_{3}$, and their moments of inertia about the axis of symmetry are $I_{1}$, $I_{2}$, $I_{3}$. The angular displacements of the gears from their equilibrium positions are $\theta_{1}$, $\theta_{2}$, $\theta_{3}$, and those of the discs are $\theta_{4}$, $\theta_{5}$, $\theta_{6}$. The torsion constants for the angular displacements of the three torsional springs are $k_{1}$, $k_{2}$, $k_{3}$. Calculate the potential energy $V$ when each angle deviates from the equilibrium position of $0$.","The potential energy $V$ is given by:

\[ 
V = \frac{1}{2} k_{1}(\theta_{4} - \theta_{2})^{2} + \frac{1}{2} k_{2}(\theta_{1} - \theta_{5})^{2} + \frac{1}{2} k_{3}(\theta_{3} - \theta_{6})^{2} 
\]

Substituting the relationships for $\theta_{1}, \theta_{3}$:

\[ 
\theta_{1} = \frac{r_{2}}{r_{1}} \theta_{2}, \quad \theta_{3} = \frac{r_{2}}{r_{3}} \theta_{2} 
\]

Hence:

\[ 
V = \frac{1}{2} k_{1}(\theta_{4} - \theta_{2})^{2} + \frac{1}{2} k_{2}\left(\frac{r_{2}}{r_{1}} \theta_{2} - \theta_{5}\right)^{2} + \frac{1}{2} k_{3}\left(\frac{r_{2}}{r_{3}} \theta_{2} - \theta_{6}\right)^{2} 
\]

\[ 
V = \frac{1}{2} k_{1}(\theta_{4} - \theta_{2})^{2} + \frac{1}{2} k_{2} r_{2}^{2}\left(\frac{\theta_{2}}{r_{1}} - \frac{\theta_{5}}{r_{2}}\right)^{2} + \frac{1}{2} k_{3} r_{2}^{2}\left(\frac{\theta_{2}}{r_{3}} - \frac{\theta_{6}}{r_{2}}\right)^{2} 
\]",\boxed{\frac{1}{2} k_{1}(\theta_{4} - \theta_{2})^{2} + \frac{1}{2} k_{2} r_{2}^{2}\left(\frac{\theta_{2}}{r_{1}} - \frac{\theta_{5}}{r_{2}}\right)^{2} + \frac{1}{2} k_{3} r_{2}^{2}\left(\frac{\theta_{2}}{r_{3}} - \frac{\theta_{6}}{r_{2}}\right)^{2}},EX,"\text{energy unit, such as Joules (J)}",False,EN,Math Derivation
2842,Mechanics and Thermodynamics,Theoretical Mechanics,Lagrangian Formulation of Mechanics,"There is a double-mass pendulum system where a mass point with mass $m_{1}$ is connected to fixed points $A$ and $B$ via two springs. The spring constants of the two springs are $k_{1}$ and $k_{2}$, with natural lengths $l_{10}$ and $l_{20}$, respectively. The two mass points $m_{1}$, $m_{2}$, and the two springs all move within the same vertical plane. When $m_{1}$ is at point $O$, and $\varphi = 0$, the system is in equilibrium, and the springs are stretched. Please calculate the potential energy of the two springs.","The potential energy of the two springs is given by:

$$
\begin{aligned}
V = & \frac{1}{2} k_{1}\left[\sqrt{\left(x_{1}-x\right)^{2}+\left(y_{1}-y\right)^{2}}-l_{10}\right]^{2} \\
& + \frac{1}{2} k_{2}\left[\sqrt{\left(x_{2}-x\right)^{2}+\left(y_{2}-y\right)^{2}}-l_{20}\right]^{2}
\end{aligned}
$$

Where:

$$
\begin{aligned}
x = & r_{1} \sin \theta, \quad y = r_{1}(1-\cos \theta)
\end{aligned}
$$

Thus, the potential energy is:

$$
\begin{aligned}
V = & \frac{1}{2} k_{1}\left[\sqrt{\left(x_{1}-r_{1} \sin \theta\right)^{2}+\left(y_{1}-r_{1}+r_{1} \cos \theta\right)^{2}}-l_{10}\right]^{2} \\
& + \frac{1}{2} k_{2}\left[\sqrt{\left(x_{2}-r_{1} \sin \theta\right)^{2}+\left(y_{2}-r_{1}+r_{1} \cos \theta\right)^{2}}-l_{20}\right]^{2}
\end{aligned}
$$

$$
<image 1>
$$",\boxed{\frac{1}{2} k_{1}\left[\sqrt{\left(x_{1}-r_{1} \sin \theta\right)^{2}+\left(y_{1}-r_{1}+r_{1} \cos \theta\right)^{2}}-l_{10}\right]^{2} + \frac{1}{2} k_{2}\left[\sqrt{\left(x_{2}-r_{1} \sin \theta\right)^{2}+\left(y_{2}-r_{1}+r_{1} \cos \theta\right)^{2}}-l_{20}\right]^{2}},EX,,False,EN,Knowledge Recall
2843,Mechanics and Thermodynamics,Theoretical Mechanics,Small Vibrations of Finite System,"A simple pendulum, consisting of a particle with mass $m$ and a light string of length $l$, is suspended from an object with mass $M$. This object is placed on a smooth horizontal surface and is connected to a fixed point with a horizontal light spring of stiffness coefficient $k$. Determine the angular frequency for small oscillations of the system.","For small oscillations, $\theta, x, \dot{\theta}$, and $\dot{x}$ are all small quantities,

$$
L \approx \frac{1}{2}(M+m) \dot{x}^{2}+\frac{1}{2} m l^{2} \dot{\theta}^{2}+m l \dot{x} \dot{\theta}-\frac{1}{2} k x^{2}-\frac{1}{2} m g l \theta^{2}.
$$

From $\frac{\mathrm{d}}{\mathrm{d} t}\left(\frac{\partial L}{\partial \dot{q}_{i}}\right)-\frac{\partial L}{\partial q_{i}}=0$, we get

Assume

$$
\begin{gathered}
(M+m) \ddot{x}+m l \ddot{\theta}+k x=0, \\
m l \ddot{\theta}+m \ddot{x}+m g \theta=0, \\
x=u_{1} \cos (\omega t+\alpha),\ l \theta=u_{2} \cos (\omega t+\alpha).
\end{gathered}
$$

Substituting into the system of differential equations, we obtain

$$
\begin{pmatrix}
k-(M+m) \omega^{2} & -m \omega^{2} \\
-m \omega^{2} & \frac{m g}{l}-m \omega^{2}
\end{pmatrix}
\begin{pmatrix}
u_{1} \\
u_{2}
\end{pmatrix}
=0.
$$

For non-zero solutions of $u_{1}$ and $u_{2}$, the determinant of coefficients must equal zero,

$$
\begin{aligned}
\left|\begin{array}{cc}
k-(M+m) \omega^{2} & -m \omega^{2} \\
-m \omega^{2} & \frac{m g}{l}-m \omega^{2}
\end{array}\right|=0, \\
M \omega^{4}-\left[k+(M+m) \frac{g}{l}\right] \omega^{2}+\frac{k g}{l}=0.
\end{aligned}
$$

Solving gives

$$
\begin{aligned}
\omega_{1}=& \sqrt{\frac{(M+m) g+k l+\sqrt{[(M+m) g+k l]^{2}-4 k M g l}}{2 M l}}, \\
\omega_{2}=& \sqrt{\frac{(M+m) g+k l-\sqrt{[(M+m) g+k l]^{2}-4 k M g l}}{2 M l}}.
\end{aligned}
$$","\boxed{\omega_{1}=\sqrt{\frac{(M+m) g+k l+\sqrt{[(M+m) g+k l]^{2}-4 k M g l}}{2 M l}}, \omega_{2}=\sqrt{\frac{(M+m) g+k l-\sqrt{[(M+m) g+k l]^{2}-4 k M g l}}{2 M l}}}","EX, EX","\text{None}, \text{None}",True,EN,Math Derivation
2844,Mechanics and Thermodynamics,Theoretical Mechanics,Small Vibrations of Finite System,"Two pendulums, each with a length \( l \) and mass \( m \), hang on the same horizontal line. They are connected by a massless spring with a spring constant \( k \). The spring's natural length is equal to the distance between the two suspension points. Initially, if both masses are at equilibrium positions and the left mass receives an impulse that gives it a rightward horizontal velocity \( v_{0} \), express the motion of the system using normal coordinates.","The general solution is

\[
\begin{aligned}
& \theta_{1}=C_{1} \cos \left(\sqrt{\frac{g}{l}} t+\alpha_{1}\right)+C_{2} \cos \left(\sqrt{\frac{g}{l}+\frac{2 k}{m}} t+\alpha_{2}\right) \\
& \theta_{2}=C_{1} \cos \left(\sqrt{\frac{g}{l}} t+\alpha_{1}\right)-C_{2} \cos \left(\sqrt{\frac{g}{l}+\frac{2 k}{m}} t+\alpha_{2}\right)
\end{aligned}
\]

Initial conditions: At \(t=0\), \(\theta_{1}=0, \theta_{2}=0, \dot{\theta}_{1}=\frac{v_{0}}{l}, \dot{\theta}_{2}=0\), determine

\[
\begin{aligned}
\alpha_{1}=\alpha_{2} & =\frac{\pi}{2}, \quad C_{1}=-\frac{v_{0}}{2 l} \sqrt{\frac{l}{g}} \quad \text{or} \quad -\frac{v_{0}}{2 \omega_{1} l} \\
C_{2} & =-\frac{v_{0}}{2 l} \frac{1}{\sqrt{\frac{g}{l}+\frac{2 k}{m}}} \quad \text{or} \quad -\frac{v_{0}}{2 \omega_{2} l}
\end{aligned}
\]

The solution expressed in normal coordinates that satisfies the initial conditions is

\[
\xi_{1}=\frac{v_{0}}{\omega_{1} l} \sin \omega_{1} t, \quad \xi_{2}=\frac{v_{0}}{\omega_{2} l} \sin \omega_{2} t
\]

\[
\begin{aligned}
\theta_{1} & =\frac{v_{0}}{2 \omega_{1} l} \sin \omega_{1} t + \frac{v_{0}}{2 \omega_{2} l} \sin \omega_{2} t \\
\theta_{2} & =\frac{v_{0}}{2 \omega_{1} l} \sin \omega_{1} t - \frac{v_{0}}{2 \omega_{2} l} \sin \omega_{2} t
\end{aligned}
\]","\boxed{\theta_{1} = \frac{v_{0}}{2 \omega_{1} l} \sin \omega_{1} t + \frac{v_{0}}{2 \omega_{2} l} \sin \omega_{2} t, \theta_{2} = \frac{v_{0}}{2 \omega_{1} l} \sin \omega_{1} t - \frac{v_{0}}{2 \omega_{2} l} \sin \omega_{2} t}",EX,"None, None",True,EN,Laws Application
2845,Mechanics and Thermodynamics,Theoretical Mechanics,Small Vibrations of Finite System,"If at \(t=0\), \(m\) is at rest at its equilibrium position and \(M\) is released from rest from an initial positive displacement, the total energy of the system is \(E_{0}\) (taking the equilibrium position as the potential energy zero point), the spring is very weak, and \(M=2m\). Find the maximum energy acquired by \(m\) during subsequent motion. Explain where the condition of the spring being very weak is used.","For the following initial conditions:
\[
t=0, \theta_{1}=0, \quad \dot{\theta}_{1}=0, \quad \theta_{2}=\theta_{20}, \quad \dot{\theta}_{2}=0
\]

where \(\theta_{20}\) satisfies the following equation, taking the positive root:
\[
\begin{gathered}
\frac{1}{2} kl^{2} \theta_{20}^{2}+\frac{1}{2} Mgl \theta_{20}^{2}=E_{0} \\
\theta_{20}=\sqrt{\frac{2E_{0}}{kl^{2}+Mgl}}
\end{gathered}
\]

The equations to determine \(C_{1}, C_{2}, \alpha_{1}, \alpha_{2}\) are:
\[
\begin{gathered}
C_{1} \cos \alpha_{1}+C_{2} \cos \alpha_{2}=0 \\
-C_{1} \omega_{1} \sin \alpha_{1}-C_{2} \omega_{2} \sin \alpha_{2}=0 \\
C_{1} \cos \alpha_{1}-\frac{m}{M} C_{2} \cos \alpha_{2}=\theta_{20} \\
-C_{1} \omega_{1} \sin \alpha_{1}+\frac{m}{M} C_{2} \omega_{2} \sin \alpha_{2}=0
\end{gathered}
\]

Solving gives:
\[
\alpha_{1}=0, \quad \alpha_{2}=0
\]

\[
C_{1}=\frac{M}{m+M} \theta_{20}, \quad C_{2}=-\frac{M}{m+M} \theta_{20}
\]

Using the condition \(M=2m\):
\[
\begin{gathered}
C_{1}=\frac{2}{3} \theta_{20}, \quad C_{2}=-\frac{2}{3} \theta_{20} \\
\theta_{1}=\frac{2}{3} \theta_{20}(\cos \omega_{1} t-\cos \omega_{2} t) \\
\theta_{2}=\frac{2}{3} \theta_{20}(\cos \omega_{1} t+\frac{1}{2} \cos \omega_{2} t)
\end{gathered}
\]

Where
\[
\omega_{1}=\sqrt{\frac{g}{l}}, \quad \omega_{2}=\sqrt{\frac{2mg+3kl}{2ml}}, \quad \theta_{20}=\sqrt{\frac{2E_{0}}{kl^{2}+2mgl}}
\]

The energy of the particle \(m\) is:
\[
E_{1}=\frac{1}{2} ml^{2} \dot{\theta}_{1}^{2}+\frac{1}{2} mgl \theta_{1}^{2}
\]

The condition of the spring being very weak implies \(kl \ll mg\),
\[
\begin{aligned}
\omega_{2}&=\sqrt{\frac{2mg+3kl}{2ml}}=\sqrt{\frac{g}{l}\left(1+\frac{3kl}{2mg}\right)} \approx \sqrt{\frac{g}{l}}\left(1+\frac{3kl}{4mg}\right)=\omega_{1}(1+\delta) \\
\theta_{20}&=\sqrt{\frac{2E_{0}}{2mgl+kl^{2}}}=\sqrt{\frac{2E_{0}}{2mgl}}\left(1+\frac{kl}{2mg}\right)^{-\frac{1}{2}} \approx \sqrt{\frac{E_{0}}{mgl}}\left(1-\frac{kl}{4mg}\right)=\sqrt{\frac{E_{0}}{mgl}}\left(1-\frac{1}{3} \delta\right)
\end{aligned}
\]

Where \(\delta=\frac{3kl}{4mg} \ll 1\). With the weak spring approximation, we derive:

\[
\begin{aligned}
E_{1} &= \frac{2}{9} mgl \theta_{20}^{2}\left[1+(1+\delta)^{2} \sin^{2} \omega_{2} t+\cos^{2} \omega_{2} t\right] \\
&\quad -2(1+\delta) \sin(\omega_{1} t-\omega_{2} t)-2 \cos \omega_{1} t \cos \omega_{2} t \\
&\approx \frac{4}{9} E_{0}\left\{1-\cos [(\omega_{1}-\omega_{2}) t]\right\} \quad \text{(neglecting all small quantities)}
\end{aligned}
\]

Clearly, the maximum energy of particle \(m\) is:
\[
E_{1 \max}=\frac{4}{9} E_{0}[1-(-1)]=\frac{8}{9} E_{0}
\]","\[
\boxed{\frac{8}{9} E_{0}}
\]",NV,,False,EN,Math Derivation
2846,Mechanics and Thermodynamics,Theoretical Mechanics,Hamiltonian Formulation of Mechanics,"A particle with mass \(m\) moves on the surface of a sphere with radius \(R\), and the particle is not subject to any external forces.  
Choose a set of generalized coordinates and write out the system's Lagrangian function.","Select spherical coordinates \(\theta, \varphi\) as the generalized coordinates. The Lagrangian function is

\[
L = T = \frac{1}{2} m R^{2} \left( \dot{\theta}^{2} + \dot{\varphi}^{2} \sin^{2} \theta \right)
\]",\boxed{L = \frac{1}{2} m R^{2} \left( \dot{\theta}^{2} + \dot{\varphi}^{2} \sin^{2} \theta \right)},EX,,False,EN,Math Derivation
2847,Mechanics and Thermodynamics,Theoretical Mechanics,Small Vibrations of Finite System,"At the four vertices of a square, four particles are placed, each with a mass of \( m \), connected by springs that are massless and exert a force of \( k \) when at their original lengths. When the system deviates from its equilibrium position, the angular displacements of the particles are \(\theta_1, \theta_2, \theta_3, \theta_4\) in a counterclockwise direction. Calculate the total kinetic energy and total potential energy of the system.","Clearly, the system can be in equilibrium when the connecting lines of the four particles form a square. Number each particle in a counterclockwise direction, using the angular displacements \(\theta_{1}, \theta_{2}, \theta_{3}, \theta_{4}\) as generalized coordinates, deviating counterclockwise from the equilibrium position,

$$
\begin{gathered}
T=\frac{1}{2} m b^{2}\left(\dot{\theta}_{1}^{2}+\dot{\theta}_{2}^{2}+\dot{\theta}_{3}^{2}+\dot{\theta}_{4}^{2}\right) \\
V=\frac{1}{2} k \sum_{n=1}^{4}\left[2 b \sin \frac{1}{2}\left(\frac{\pi}{2}+\theta_{n+1}-\theta_{n}\right)-2 b \sin \frac{\pi}{4}\right]^{2}
\end{gathered}
$$

where \(\theta_{5}=\theta_{1}\).","\boxed{\frac{1}{2} m b^{2}\left(\dot{\theta}_{1}^{2}+\dot{\theta}_{2}^{2}+\dot{\theta}_{3}^{2}+\dot{\theta}_{4}^{2}\right), \frac{1}{2} k \sum_{n=1}^{4}\left[2 b \sin \frac{1}{2}\left(\frac{\pi}{2}+\theta_{n+1}-\theta_{n}\right)-2 b \sin \frac{\pi}{4}\right]^{2}}","EX, EX","\text{J}, \text{J}",True,EN,Math Derivation
2848,Mechanics and Thermodynamics,Theoretical Mechanics,Lagrangian Formulation of Mechanics,The system consists of a variable capacitor connected by two metal cylinders. Write the Lagrangian function $\widetilde{L}$.,"According to the formulas for kinetic and potential energy, the Lagrangian function is:
$$
\begin{gathered}
\widetilde{L} = \frac{1}{2} m_{1} \dot{y}_{1}^{2} + \frac{1}{2} m_{2} \dot{y}_{2}^{2} + \frac{1}{2} \frac{I}{r^{2}} \dot{y}_{2}^{2} + \frac{1}{2} L_{1} \dot{q}_{1}^{2} + \frac{1}{2} L_{2} \dot{q}_{2}^{2} + M \dot{q}_{1} \dot{q}_{2} - \frac{1}{2 C_{1}} q_{1}^{2} \\
-\frac{1}{2 C_{2}} q_{2}^{2} + E_{1} q_{1} + E_{2} q_{2} - \frac{1}{2} \frac{k_{1}}{r^{2}} y_{2}^{2} - \frac{1}{2} k_{2}\left(b-y_{1}-y_{2}\right)^{2} - m_{1} g y_{1} - m_{2} g y_{2} 
\end{gathered}
$$",\boxed{\widetilde{L} = \frac{1}{2} m_{1} \dot{y}_{1}^{2} + \frac{1}{2} m_{2} \dot{y}_{2}^{2} + \frac{1}{2} \frac{I}{r^{2}} \dot{y}_{2}^{2} + \frac{1}{2} L_{1} \dot{q}_{1}^{2} + \frac{1}{2} L_{2} \dot{q}_{2}^{2} + M \dot{q}_{1} \dot{q}_{2} - \frac{1}{2 C_{1}} q_{1}^{2} - \frac{1}{2 C_{2}} q_{2}^{2} + E_{1} q_{1} + E_{2} q_{2} - \frac{1}{2} \frac{k_{1}}{r^{2}} y_{2}^{2} - \frac{1}{2} k_{2}\left(b-y_{1}-y_{2}\right)^{2} - m_{1} g y_{1} - m_{2} g y_{2}},EQ,,False,EN,Knowledge Recall
2849,Mechanics and Thermodynamics,Theoretical Mechanics,Hamiltonian Formulation of Mechanics,"An electric motor drives a vertical shaft to rotate, the lower end of which suspends a pendulum of length \( l \) and mass \( m \). The pendulum is constrained to move within a plane, and this plane rotates with a constant angular velocity \( \omega \) due to the motor.

(1) Use the Lagrangian method to obtain the differential equation of motion for the particle.","\[
\begin{aligned}
T &= \frac{1}{2} m \left(l^{2} \dot{\theta}^{2} + l^{2} \sin^{2} \theta \omega^{2}\right), \\
V &= m g l (1 - \cos \theta), \\
L &= \frac{1}{2} m \left(l^{2} \dot{\theta}^{2} + l^{2} \omega^{2} \sin^{2} \theta\right) - m g l (1 - \cos \theta).
\end{aligned}
\]

\[
\begin{aligned}
p_{\theta} &= \frac{\partial L}{\partial \dot{\theta}} = m l^{2} \dot{\theta}, \\
H &= \frac{1}{2 m l^{2}} p_{\theta}^{2} - \frac{1}{2} m l^{2} \omega^{2} \sin^{2} \theta + m g l (1 - \cos \theta).
\end{aligned}
\]

The Hamilton-Jacobi equation is

\[
\frac{\partial S}{\partial t} + \frac{1}{2 m l^{2}} \left(\frac{\partial S}{\partial \theta}\right)^{2} - \frac{1}{2} m l^{2} \omega^{2} \sin^{2} \theta + m g l (1 - \cos \theta) = 0
\]

Using the Lagrangian method, let \( \theta = x \), \( t = y \), then

\[
\begin{aligned}
\frac{\partial S}{\partial \theta} &= p, \quad \frac{\partial S}{\partial t} = q, \\
F &= q + \frac{1}{2 m l^{2}} p^{2} - \frac{1}{2} m l^{2} \omega^{2} \sin^{2} x + m g l (1 - \cos x), \\
X &= \frac{\partial F}{\partial x} = -m l^{2} \omega^{2} \sin x \cos x + m g l \sin x, \\
Y &= \frac{\partial F}{\partial y} = 0, \\
P &= \frac{\partial F}{\partial p} = \frac{1}{m l^{2}} p, \\
Q &= \frac{\partial F}{\partial q} = 1.
\end{aligned}
\]

From \(\frac{\mathrm{d} x}{P} = \frac{\mathrm{d} y}{Q} = -\frac{\mathrm{d} p}{X} = -\frac{\mathrm{d} q}{Y}\), we have

\[
\begin{aligned}
\frac{\mathrm{d} x}{\frac{1}{m l^{2}} p} &= \frac{\mathrm{d} y}{1} = -\frac{\mathrm{d} q}{0} = \frac{\mathrm{d} p}{m l^{2} \omega^{2} \sin x \cos x - m g l \sin x}, \\
\frac{\mathrm{d} p}{\mathrm{d} y} &= m l^{2} \omega^{2} \sin x \cos x - m g l \sin x, \\
\frac{\mathrm{d} x}{\mathrm{d} y} &= \frac{1}{m l^{2}} p, \\
\frac{\mathrm{d}^{2} x}{\mathrm{d} y^{2}} &= \frac{1}{m l^{2}} \frac{\mathrm{d} p}{\mathrm{d} y} = \frac{1}{m l^{2}}\left(m l^{2} \omega^{2} \sin x \cos x - m g l \sin x\right) = \left(\omega^{2} \cos x - \frac{g}{l}\right) \sin x
\end{aligned}
\]

Replacing \(x\) and \(y\) back with \(\theta\) and \(t\), the equation becomes

\[
\ddot{\theta} - \left(\omega^{2} \cos \theta - \frac{g}{l}\right) \sin \theta = 0
\]",\boxed{\ddot{\theta} - \left(\omega^{2} \cos \theta - \frac{g}{l}\right) \sin \theta = 0},EQ,,False,EN,Math Derivation
