index,domain,subject,topic,problem,solution,answers,answer_type,unit,is_multiple_answer,language,level
2852,Mechanics and Thermodynamics,Thermodynamics,Second Law of Thermodynamics and Entropy,There is a large heat reservoir at $900 \ \mathrm{K}(H)$ and $300 \ \mathrm{K}(C)$. 100 cal of heat is transferred to $C$. What is the change in entropy of the entire system?,"The change in entropy of the entire system is

$$
\Delta S = Q\left(\frac{1}{T_{C}} - \frac{1}{T_{H}}\right) = 100\left(\frac{1}{300} - \frac{1}{900}\right) = \frac{2}{9} \ \mathrm{(cal/K)}
$$",\boxed{\frac{2}{9}},NV,\mathrm{cal/K},False,EN,Laws Application
2853,Mechanics and Thermodynamics,Thermodynamics,Second Law of Thermodynamics and Entropy,There is a large heat reservoir at $900 \ \mathrm{K}(H)$ and $300 \ \mathrm{K}(C)$. A real heat engine transfers heat from $C$ to $H$. What is the change in entropy for the entire system produced by this heat engine acting as a heat pump?,"Change in entropy

$$
\Delta S = -\frac{Q_{2}}{T_{C}} + \frac{Q_{1}}{T_{H}}
$$

where $Q_{2}$ is the heat released to the cold reservoir, and $Q_{1}$ is the heat absorbed from the hot reservoir. Because $Q_{2} / T_{C} - Q_{1} / T_{H} \leq 0$, therefore $\Delta S \geq 0$.",\boxed{0},NV,,False,EN,Laws Application
2854,Mechanics and Thermodynamics,Thermodynamics,Thermodynamic State and First Law of Thermodynamics,"The rate of change of temperature of a paramagnetic substance with magnetic field \( H \) and magnetization \( m \) are given by
\[
\left( \frac{\partial H}{\partial T} \right)_{m} = \frac{H}{T}, \quad \left( \frac{\partial m}{\partial T} \right)_{H} = -\frac{C H}{T^{2}}
\]
where \( C \) is a constant. Determine the equation of state for this paramagnetic substance.","Select \( T \) and \( H \) as the independent variables, then the equation of state for the paramagnetic substance is
\[
\begin{aligned}
& m = m(T, H) \\
& \mathrm{d} m = \left( \frac{\partial m}{\partial T} \right)_{H} \mathrm{d} T + \left( \frac{\partial m}{\partial H} \right)_{T} \mathrm{d} H = \left( \frac{\partial m}{\partial T} \right)_{H} \mathrm{d} T - \left( \frac{\partial m}{\partial T} \right)_{H}\left( \frac{\partial T}{\partial H} \right)_{m} \mathrm{d} H \\
& = -\frac{C H}{T^{2}} \mathrm{d} T + \frac{C}{T} \mathrm{d} H = \mathrm{d}\left( \frac{C H}{T} \right)
\end{aligned}
\]

Integrating the above expression, the equation of state for the paramagnetic substance is obtained as
\[
m = \frac{C H}{T}
\]
where the integration constant has been set to zero, as for a paramagnetic substance, when \( H = 0 \), \( m = 0 \).",\boxed{m = \frac{C H}{T}},EQ,,False,EN,Math Derivation
2855,Mechanics and Thermodynamics,Thermodynamics,Second Law of Thermodynamics and Entropy,"In a rigid box, there is one mole of air at the temperature \( T_0 \mathrm{~K} \). If a heat engine is used to extract heat from a large heat reservoir at temperature \( T_0 \) to warm the air to \( T_1 \), find the minimum work \( W \) done on the heat engine by the surroundings. Neglect the internal vibrational degrees of freedom of air molecules and the heat capacity of the box itself. Express \( W \) in terms of \( T_0 \), \( T_1 \), and the gas constant \( R \).","Let \( \Delta Q \) be the heat absorbed from the large heat reservoir, then \(\Delta Q + W = c_{\mathrm{v}}(T_1 - T_0)\). According to the second law of thermodynamics, the total entropy change of the air and the heat source is:

\[
0 \leqslant \Delta S_{\text{total}} = \Delta S_{\text{source}} + \Delta S_{\text{air}} = -\frac{\Delta Q}{T_0} + c_{\mathrm{v}} \ln \frac{T_1}{T_0}
\]

Thus, we have

\[
W = c_{\mathrm{v}} (T_1 - T_0) - c_{\mathrm{v}} T_0 \ln \frac{T_1}{T_0} = W_{\min}
\]","\[
\boxed{c_{\mathrm{v}} (T_1 - T_0) - c_{\mathrm{v}} T_0 \ln \frac{T_1}{T_0}}
\]",EX,,False,EN,Math Derivation
2856,Mechanics and Thermodynamics,Thermodynamics,Second Law of Thermodynamics and Entropy,"An object with a constant heat capacity $c_{\mathrm{p}}$ and an initial temperature of $T_{\mathrm{i}}$ is brought into contact with a heat reservoir at temperature $T_{\mathrm{f}}$ under constant pressure until equilibrium is reached. Find the change in entropy of the object, $\Delta S_1$.","Assume $T_{\mathrm{i}} \neq T_{\mathrm{f}}$ (because the change in entropy would be zero if $T_{\mathrm{i}}=T_{\mathrm{f}}$). The change in entropy of the object is given by

$$
\Delta S_{1} = \int_{T_{\mathrm{i}}}^{T_{\mathrm{f}}} \frac{c_{\mathrm{p}} \, \mathrm{d}T}{T} = c_{\mathrm{p}} \ln \frac{T_{\mathrm{f}}}{T_{\mathrm{i}}}
$$",\boxed{c_{\mathrm{p}} \ln \frac{T_{\mathrm{f}}}{T_{\mathrm{i}}}},EX,,False,EN,Laws Application
2857,Mechanics and Thermodynamics,Thermodynamics,Phase Transition and Equilibrium,"The superconducting transition temperature of $\mathrm{He}^{4}$ is less than 20 K. Determine its correctness, and answer with T (for true) and F (for false).",F.,\boxed{No},TF,,False,EN,Knowledge Recall
2858,Mechanics and Thermodynamics,Thermodynamics,Thermodynamic State and First Law of Thermodynamics,"An adiabatic piston-cylinder contains a diatomic ideal gas, and the piston can move without friction within the cylinder. Initially, the piston is at an equilibrium position, with the gas in the cylinder having a volume of $V_{0}=10 \ \mathrm{L}$ and a temperature of $T_{0}=27^{\circ} \mathrm{C}$. The atmospheric pressure is known to be $p_{0}=10^{5} \ \mathrm{Pa}$, and the cross-sectional area of the piston is $A=4 \ \mathrm{cm}^{2}$. Now, the piston is pushed inward with a constant force of $F=50 \ \mathrm{N}$. Is this process a quasi-static process? Can we write a process equation for it?","Since there is a finite pressure difference on the two sides of the piston, this is a non-quasi-static process, and a process equation cannot be written for it.",\boxed{No},TF,,False,EN,Knowledge Recall
2859,Mechanics and Thermodynamics,Thermodynamics,Thermodynamic Functions and Equilibrium Conditions,"The Gibbs function for a certain system is given by

$$
G(p, T) = R T \ln \left[\frac{a p}{(R T)^{5/2}}\right]
$$

where $a$ and $R$ are constants. Find the specific heat at constant pressure $c_p$.","$$
\begin{aligned}
& S = -\left(\frac{\partial G}{\partial T}\right)_{p} = \frac{5}{2} R - R \ln \left[\frac{a p}{(R T)^{5/2}}\right] \\
& c_p = T\left(\frac{\partial S}{\partial T}\right)_{p} = \frac{5}{2} R
\end{aligned}
$$",\boxed{\frac{5}{2} R},NV,,False,EN,Laws Application
2861,Mechanics and Thermodynamics,Thermodynamics,Second Law of Thermodynamics and Entropy,"An adiabatic box is divided into two parts by a partition (with volumes $V_{1}$ and $V_{2}$ respectively), with one part containing an ideal gas at temperature $T$, and the other part being empty (vacuum). The partition is suddenly removed, allowing the gas to fill the entire box and reach thermal equilibrium. What is the final temperature $T_{f}$ of the gas?","Since the gas undergoes free expansion, it does no external work, and no heat is transferred, the internal energy remains constant, i.e., $\mathrm{d}U=0$. The internal energy of an ideal gas is solely a function of its temperature, therefore, during this process, the temperature remains unchanged, which means

$$
T_{f}=T
$$",\boxed{T},NV,,False,EN,Laws Application
2862,Mechanics and Thermodynamics,Thermodynamics,Phase Transition and Equilibrium,"Liquid phase can exist at absolute zero. Determine its correctness, using T (for true) and F (for false) to indicate the answer.",F.,\boxed{No},TF,,False,EN,Knowledge Recall
2863,Mechanics and Thermodynamics,Thermodynamics,Thermodynamic State and First Law of Thermodynamics,"A spherical blackbody with a radius of \( r \) and a temperature of \( T \) is surrounded by a concentric spherical shell with a radius of \( R \), with both sides of the shell being black. Assume the ambient temperature is \( T_{0} \). Find the rate of energy loss \( Q \) of the blackbody before the shell is placed around it.","Before the shell is placed, the rate of energy loss of the blackbody is \( Q = 4 \pi r^{2} \sigma \left(T^{4} - T_{0}^{4}\right) \).",\boxed{4 \pi r^{2} \sigma \left(T^{4} - T_{0}^{4}\right)},EX,,False,EN,Laws Application
2864,Mechanics and Thermodynamics,Thermodynamics,Thermodynamic State and First Law of Thermodynamics,"For Dietrich gases, the equation of state is given by:

$$
p(V-b)=R T \mathrm{e}^{-\frac{a}{R T V}}
$$

where \( a \) and \( b \) are constants, and \(\left|\frac{b}{V}\right| \ll 1, \left|\frac{a}{V^{2} p}\right| \ll 1\). Find the second virial coefficient \( B(T) \) for this type of gas.","According to the problem, \(\left|\frac{b}{V}\right| \ll 1, \left|\frac{a}{V^{2} p}\right| \ll 1\).

The second condition can be rewritten as \(\left|\frac{a}{R T V}\right| \ll 1\), which allows us to approximate:

$$
p V \approx \frac{R T}{1-\frac{b}{V}} \mathrm{e}^{-\frac{a}{R T V}} \approx R T\left(1+\frac{b}{V}\right)\left(1-\frac{a}{R T V}\right)
$$

By listing the terms sequentially, we obtain the second virial coefficient for the Dietrich gas as:

$$
B(T)=b-\frac{a}{R T}
$$",\boxed{b-\frac{a}{RT}},EX,,False,EN,Math Derivation
2865,Mechanics and Thermodynamics,Thermodynamics,Phase Transition and Equilibrium,"A solid phase can exist above the critical temperature. Determine the correctness of this statement, with the answer indicated by T (for true) or F (for false).",F.,\boxed{No},TF,,False,EN,Knowledge Recall
2866,Mechanics and Thermodynamics,Thermodynamics,Second Law of Thermodynamics and Entropy,"A particle with mass $m$ is suspended on a spring, forming an adiabatic system. The spring's elastic coefficient is $k$, and its mass can be neglected. The particle is moved to a distance $A$ from the equilibrium position and then released from rest, starting to oscillate. Because the system is adiabatic, find the entropy change of the surroundings.","Since the system is adiabatic, there is no change in the entropy of the surroundings, i.e.,

$$
\Delta S_{\text{surroundings}} = 0
$$",\boxed{0},NV,,False,EN,
2867,Mechanics and Thermodynamics,Thermodynamics,Second Law of Thermodynamics and Entropy,"There is a large heat reservoir at $900 \ \mathrm{K}(H)$ and another at $300 \ \mathrm{K}(C)$. A reversible engine operates between $H$ and $C$. If 100 cal of heat is absorbed from $H$, how much work is done externally?","The work done by the heat engine is:

$$
W = \eta Q_{1} = \left(1 - \frac{T_{C}}{T_{H}}\right) Q_{1} = \left(1 - \frac{300}{900}\right) \times 100 = \frac{200}{3} \ \mathrm{cal}
$$

The heat transferred to $C$ is:

$$
Q_{2} = Q_{1} - W = \frac{100}{3} \ \mathrm{cal}
$$",\boxed{\frac{200}{3}},NV,\mathrm{cal},False,EN,Laws Application
2868,Mechanics and Thermodynamics,Thermodynamics,Second Law of Thermodynamics and Entropy,"Hydraulic Machine: A self-sufficient machine that only inputs equal amounts of steady flow of cold and hot water at temperatures $T_1$ and $T_2$. The only output is the jet of water. Assume that the specific heat capacity $c$ of water is independent of temperature. The machine is operating in a steady state, and the kinetic energy of the incoming water flow can be neglected. Express the velocity of the ejected water in terms of $T_1$, $T_2$, and $T$, where $T$ is the temperature of the water at the nozzle.","The increase in heat energy $\Delta Q$ per unit mass of water is

$$
\Delta Q = \frac{1}{2}[c(T_1 - T) - c(T - T_2)]
$$

The machine operates in a stable manner, so the increased heat energy is completely converted into kinetic energy by the outflow, i.e., $\frac{1}{2} v^2 = \Delta Q$, thus $v = \sqrt{c(T_1 + T_2 - 2T)}$.",\boxed{\sqrt{c(T_1 + T_2 - 2T)}},EX,,False,EN,
2869,Mechanics and Thermodynamics,Thermodynamics,Thermodynamic State and First Law of Thermodynamics,"Ignoring the variation in temperature and molar mass of the atmosphere with altitude, study whether the buoyant force on a freely expanding hydrogen balloon, which maintains equal internal and external pressure, changes during its ascent. Assume the atmospheric pressure at the ground is $p_{0}$, density is $\rho_{0}$, and the balloon's initial volume is $V_{0}$; at an altitude $h$, the atmospheric pressure is $p$, density is $\rho$, and the balloon's volume is $V$. The atmospheric temperature does not change with altitude.","(1) Since the atmospheric temperature does not change with altitude, Boyle's Law can be applied:

$$
p_{0} V_{0} = p V
$$

Using the ideal gas equation of state, we have:

\[
p_{0} = \frac{\rho_{0} R T_{0}}{\mu} \quad \text{and} \quad p = \frac{\rho R T_{0}}{\mu} 
\]

Substituting these equations, we get:

\[
\rho_{0} V_{0} = \rho V
\]

The buoyant force experienced by the balloon in the atmosphere is equal to the weight of the atmosphere it displaces. Thus, the buoyant force $F_{h}$ on the balloon at altitude $h$ is:

\[
F_{h} = \rho V g = \rho_{0} V_{0} g = F_{0} 
\]

where $F_{0}$ is the buoyant force experienced by the balloon at the ground. Therefore, for a hydrogen balloon that can freely expand, in an isothermal and constant molar mass atmosphere, the buoyant force $F$ remains constant and does not change with the balloon's altitude.",\boxed{No},TF,,False,EN,Laws Application
2870,Mechanics and Thermodynamics,Thermodynamics,Second Law of Thermodynamics and Entropy,"A reversible heat engine operates between two heat reservoirs with temperatures $T_{1}$ and $T_{2}$ ($T_{2} > T_{1}$). The heat reservoir at $T_{1}$ can be considered to have an infinite mass, while the heat reservoir at $T_{2}$ consists of a fixed volume of gas ($\mu$ moles, with heat capacity $c_{v}$). After the heat engine has been working for a long time, $T_{2} = T_{1}$. How much heat is absorbed from the heat source during the operation of the heat engine?",$Q_{\text{absorbed}} = \mu c_{v}(T_{2} - T_{1})$,\boxed{\mu c_{v}(T_{2} - T_{1})},EX,,False,EN,Laws Application
2871,Mechanics and Thermodynamics,Thermodynamics,Thermodynamic State and First Law of Thermodynamics,"(1) For 1 mol of an ideal gas at a temperature of $t=0^{\circ} \mathrm{C}$, it expands isothermally from the initial volume $V_{0}$ to $10V_{0}$. Find the work $W$ done by the gas.","(1)  
\[ 
W=\int_{V_{0}}^{10V_{0}} p \, \mathrm{d}V=\int_{V_{0}}^{10V_{0}} \frac{RT}{V} \, \mathrm{d}V=RT \ln 10=5.2 \times 10^{3} \, \mathrm{J} 
\]",\boxed{5.2 \times 10^{3}},NV,,False,EN,
2872,Mechanics and Thermodynamics,Thermodynamics,Second Law of Thermodynamics and Entropy,"Assuming a very deep mine shaft is drilled near the Earth's South Pole or North Pole, from a surface temperature of $-40^{\circ} \mathrm{C}$ down to a depth with a temperature of $800^{\circ} \mathrm{C}$. What is the theoretical maximum efficiency of a heat engine operating between these two temperatures?","The theoretical maximum efficiency of the heat engine is

$$
\eta=1-\frac{T_{2}}{T_{1}}=1-\frac{233}{1073}=78.3\%
$$",\boxed{78.3},NV,\%,False,EN,Laws Application
2873,Mechanics and Thermodynamics,Thermodynamics,Second Law of Thermodynamics and Entropy,"$1 \, \mathrm{kg}$ of water at $0^{\circ} \mathrm{C}$ is in contact with a heat source at $100^{\circ} \mathrm{C}$. What is the change in entropy of the entire system when the water's temperature reaches $100^{\circ} \mathrm{C}$?","The change in entropy of the heat source is

$$
\Delta S_{\text {heat\ source}} = -\frac{\left|Q_{\text {released}}\right|}{T} = -\frac{1000 \times 4.18 \times 100}{373} = -1121 \, \mathrm{J/K}
$$

Therefore, the change in entropy of the entire system is

$$
\Delta S = \Delta S_{\text {water}} + \Delta S_{\text {heat\ source}} = 184 \, \mathrm{J/K} > 0
$$

which is consistent with the principle of entropy increase.",\boxed{184},NV,\mathrm{J/K},False,EN,Laws Application
2874,Mechanics and Thermodynamics,Thermodynamics,Thermodynamic State and First Law of Thermodynamics,One mole of a monoatomic ideal gas undergoes expansion at constant pressure from an initial temperature \(T_{0}\) and volume \(V_{0}\) to a volume of \(2V_{0}\). Calculate the work done on the surroundings and the heat absorbed during this expansion process.,"In the case of constant pressure, the work done on the surroundings is given by

\[ 
W = \int_{V_{0}}^{2V_{0}} p \, \mathrm{d}V = p(V_{0}) = RT_{0} 
\]

The increase in internal energy is

\[ 
\Delta U = c_{v} \Delta T = \frac{3}{2} R \Delta T = \frac{3}{2} p \Delta V = \frac{3}{2} p V_{0} = \frac{3}{2} RT_{0} 
\]

Therefore, the heat absorbed from the surroundings is

\[ 
Q = \Delta U + W = \frac{5}{2} RT_{0} 
\]

Alternatively, from 

\[ 
Q = c_{p} \Delta T = \frac{5}{2} R \Delta T = \frac{5}{2} p \Delta V = \frac{5}{2} p V_{0} = \frac{5}{2} RT_{0} 
\]

we obtain the same result.","\boxed{RT_{0}, \frac{5}{2} RT_{0}}","EX, EX","\text{J}, \text{J}",True,EN,Laws Application
2875,Mechanics and Thermodynamics,Thermodynamics,Second Law of Thermodynamics and Entropy,"In the theory of the Big Bang, the radiative energy initially confined to a small region expands adiabatically in a spherically symmetric manner, describing the total entropy of a photon gas. Express the total entropy of the photon gas in terms of the temperature $T$, volume $V$, and constants $k, \hbar, c$.","$\mathrm{d} S = \frac{\mathrm{d} U}{T} + \frac{p}{T} \mathrm{~d} V = V \mathrm{~d} u / T + \frac{4}{3} u \mathrm{~d} V / T = \mathrm{d}\left(\frac{4}{3} a T^{3} V\right)$, hence $S = \frac{4}{3} a T^{3} V$. Through dimensional analysis, we know $a \approx k^{4} / (\hbar c)^{3}$. In fact, from statistical physics, $a = \frac{\pi^{2}}{15} \frac{k^{4}}{(\hbar c)^{3}}$, so $S = \frac{4 \pi^{2}}{45} \frac{k^{4}}{(\hbar c)^{3}} T^{3} V$.",\[\boxed{\frac{4 \pi^{2}}{45} \frac{k^{4}}{(\hbar c)^{3}} T^{3} V}\],EX,,False,EN,Math Derivation
2876,Mechanics and Thermodynamics,Thermodynamics,Second Law of Thermodynamics and Entropy,"Calculate the change in entropy for one gram-atom of silver when heated isochorically from $0^{\circ} \mathrm{C}$ to $30^{\circ} \mathrm{C}$. In this temperature range, $c_{v}$ can be considered constant, with a value of approximately $5.8 \, \mathrm{cal}/(\mathrm{mol} \cdot \mathrm{K})$.","The change in entropy

$$
\Delta S = \int_{T_{1}}^{T_{2}} \frac{c_{v} \, \mathrm{d}T}{T} = c_{v} \ln \frac{T_{2}}{T_{1}} = 5.8 \ln \frac{30 + 273}{273} \approx 0.61 \, \mathrm{(cal/K)}
$$",\boxed{0.61},NV,\mathrm{cal/K},False,EN,Laws Application
2877,Mechanics and Thermodynamics,Thermodynamics,Thermodynamic State and First Law of Thermodynamics,"Dalton Temperature Scale. Dalton proposed a temperature scale where, under a given pressure, the relative increase in the volume of an ideal gas is proportional to the increase in temperature. It uses the freezing point temperature of water at standard atmospheric pressure as 0 degrees Celsius and the boiling point as 100 degrees Celsius. Let the temperature increment of an ideal gas at constant pressure be $\mathrm{d} \tau$, and the corresponding relative volume increase be $\frac{\mathrm{d} V}{V}$. Find the proportionality coefficient $\alpha$ and the relationship between Dalton temperature $\tau$ and Celsius temperature $t$.","Let the proportionality coefficient be $\alpha$. According to the definition, we have

$$
\frac{\mathrm{d} V}{V} = \alpha \mathrm{d} \tau
$$

Integrating the above equation, considering that when the temperature is $\tau = \tau_{0}$, the volume of the gas is $V_{0}$, and when the temperature is $\tau$, the volume is $V$, we get

$$
\ln \frac{V}{V_{0}} = \alpha\left(\tau-\tau_{0}\right)
$$

On the other hand, for an ideal gas with a constant pressure on the Celsius scale $t$, we have

$$
\frac{V}{V_{0}} = \frac{T}{T_{0}} = \frac{t+273.15}{t_{0}+273.15}
$$

Substitute $\frac{V}{V_{0}}$ into the expression for $\ln \frac{V}{V_{0}}$, considering the calibration temperatures at the freezing and boiling points of water are $\tau_{0} = t_{0} = 0, \tau_{1} = t_{1} = 100$. Substituting these values, we get the proportionality coefficient

$$
\alpha = \frac{1}{100} \ln \frac{373.15}{273.15} = \frac{1}{320.55}
$$

Thus, the relationship between Dalton temperature $\tau$ and Celsius temperature $t$ is

$$
\tau = \frac{1}{\alpha} \ln \frac{V}{V_{0}} = 320.55 \ln \left(\frac{t}{273.15} + 1\right)
$$

The Dalton temperature scale is nonlinear, and hence it has a nonlinear relationship with the ideal gas Celsius scale.","\boxed{\alpha = \frac{1}{320.55}, \tau = 320.55 \ln \left(\frac{t}{273.15} + 1\right)}",EX,"None, None",True,EN,Math Derivation
2878,Mechanics and Thermodynamics,Thermodynamics,Thermodynamic Functions and Equilibrium Conditions,Find the specific heat capacity at constant volume \( c_{v} \) for a unit volume of a blackbody radiation field.,"Given that the energy density of a blackbody radiation field is \( u = a T^{4} \), where \( a \) is a constant. Therefore, the internal energy \( U \) and pressure \( p \) of the radiation field are

$$
\begin{aligned}
& U = u V = a T^{4} V, \\
& p = \frac{1}{3} u = \frac{1}{3} a T^{4}.
\end{aligned}
$$

Thus, the specific heat capacity at constant volume for a unit volume is

$$
c_{v} = \frac{1}{V}\left(\frac{\partial U}{\partial T}\right)_{V} = 4 a T^{3}.
$$",\boxed{4aT^{3}},EX,,False,EN,Knowledge Recall
2879,Mechanics and Thermodynamics,Thermodynamics,Phase Transition and Equilibrium,"The boiling point of oxygen is higher than that of nitrogen. Determine the correctness of this statement, with the answer expressed as T (for true) and F (for false).",T.,\boxed{Yes},TF,,False,EN,Knowledge Recall
2880,Mechanics and Thermodynamics,Thermodynamics,Second Law of Thermodynamics and Entropy,"Given the specific heat of water is $1 \mathrm{cal}/(\mathrm{g} \cdot \mathrm{K})$ and $1 \mathrm{cal} = 4.18 \mathrm{~J}$. A $1 \mathrm{~kg}$ quantity of water initially at $0^{\circ} \mathrm{C}$ first comes into contact with a heat reservoir at $50^{\circ} \mathrm{C}$. After reaching equilibrium, it then comes into contact with a heat reservoir at $100^{\circ} \mathrm{C}$. Determine the change in entropy of the entire system.","During this process, the change in entropy of the water is $\Delta S_{1}^{\prime} = 0.312 \mathrm{kcal}/\mathrm{K}$. The change in entropy of the heat reservoir is
$$
\begin{gathered}
\Delta S_{2}^{\prime} = -\frac{1 \times (50-0)}{273+50} - \frac{1 \times (100-50)}{273+100} = -0.289 \mathrm{kcal}/\mathrm{K} \\
\Delta S^{\prime} = \Delta S_{1}^{\prime} + \Delta S_{2}^{\prime} = 0.023 \mathrm{kcal}/\mathrm{K}
\end{gathered}
$$",\boxed{0.023},NV,\mathrm{kcal}/\mathrm{K},False,EN,Laws Application
2881,Mechanics and Thermodynamics,Thermodynamics,Thermodynamic Functions and Equilibrium Conditions,"Consider an ideal gas with entropy given by:

$$
S=\frac{n}{2}\left\{\sigma+5 R \ln \frac{U}{n}+2 R \ln \frac{V}{n}\right\}
$$

where $n$ is the number of moles, $R$ is the gas constant, $U$ is the energy, $V$ is the volume, and $\sigma$ is a constant. Calculate the heat capacities at constant pressure $c_{p}$ and at constant volume $c_{v}$.","The temperature $T$ is determined by the equation:

$$
\frac{1}{T}=\left(\frac{\partial S}{\partial U}\right)_{V}=\frac{n}{2} \cdot 5 R \cdot \frac{1}{U}, \quad \text{thus } U=\frac{5}{2} R n T
$$

Therefore, the heat capacity at constant volume is $c_{v}=\frac{1}{n}\left(\frac{\mathrm{d} U}{\mathrm{d} T}\right)_{V}=\frac{5}{2} R$, and the heat capacity at constant pressure is $c_{p}=c_{v}+R=\frac{7}{2} R$.","\boxed{c_{v} = \frac{5}{2} , c_{p} = \frac{7}{2}}","NV, NV","R, R",True,EN,Math Derivation
2882,Mechanics and Thermodynamics,Thermodynamics,Thermodynamic State and First Law of Thermodynamics,"(2) For 1 mol of an ideal gas initially at a temperature of $t_{i}=0^{\circ} \mathrm{C}$, adiabatically expand from an initial volume of $V_{0}$ to $10V_{0}$. Find the final temperature $t_{f}$.","(2)  
According to the adiabatic process equation $pV^{\gamma}=$ constant and the state equation $pV=RT$, we have $TV^{\gamma-1}=$ constant. Therefore,  
\[ 
T_{f}=T_{i}\left(\frac{V_{i}}{V_{f}}\right)^{\gamma-1} 
\]  
If the ideal gas is monoatomic, then $\gamma=\frac{5}{3}$, which results in $t_{f}=59 \, \mathrm{K}$, meaning $t_{f}=-214^{\circ} \mathrm{C}$.",\boxed{-214},NV,{}^{\circ} \mathrm{C},False,EN,Laws Application
2883,Mechanics and Thermodynamics,Thermodynamics,Thermodynamic State and First Law of Thermodynamics,"Two parallel plates in a vacuum have a separation much smaller than the dimensions of the plates. Given that $T_{1} = 300\, \text{K}$ and $T_{2} = 4.2\, \text{K}$, and assuming both plates are black bodies, find the net energy transferred per unit area per unit time, $W$, between the plates.","For black bodies, $e_{1}=E_{1}, e_{2}=E_{2}, W=E_{1}-E_{2}=\sigma\left(T_{1}^{4}-T_{2}^{4}\right)=460\, \mathrm{W/m^2}$.",\boxed{460},NV,\mathrm{W/m^2},False,EN,Laws Application
2884,Mechanics and Thermodynamics,Thermodynamics,Thermodynamic State and First Law of Thermodynamics,"How much heat is required to heat 1000 g of nitrogen from \(-20^{\circ} \mathrm{C}\) to \(100^{\circ} \mathrm{C}\) at constant pressure? Given that the constant volume specific heat of nitrogen \(c_{\mathrm{v}}=5\, \mathrm{cal}/\mathrm{mol}\cdot{}^{\circ}\mathrm{C}\), and \(R=2\, \mathrm{cal}/\mathrm{mol}\cdot{}^{\circ}\mathrm{C}\).","Assuming nitrogen is an ideal gas. The heat absorbed during this process is 

$$
Q = n\left(c_{\mathrm{v}} + R\right) \Delta T = \frac{1000}{28}(5 + 2) \times 120 = 30 \times 10^{3}\, \text{cal}
$$",\boxed{30 \times 10^{3}},NV,cal,False,EN,Laws Application
2885,Mechanics and Thermodynamics,Thermodynamics,Thermodynamic Functions and Equilibrium Conditions,"Near the surface of the Earth, an air parcel that rises slowly, adiabatically, and without being constrained, will neither keep rising indefinitely nor fall (the atmosphere is almost non-convective). When the height $z$ is small, the atmospheric pressure $p$ is given by $p = p_{0}(1-\alpha z)$, where $p_{0}$ is the atmospheric pressure at the Earth's surface. Determine the relationship between $\alpha$, the gravitational acceleration at the surface $g$, and the molecular weight $M$. Assume the air contains $\frac{4}{5} \mathrm{N}_{2}$ and $\frac{1}{5} \mathrm{O}_{2}$.","According to the problem, near the Earth's surface, $\mathrm{d} p / \mathrm{d} z = -\alpha p_{0}$, and also

$$
\mathrm{d} p / \mathrm{d} z = -\rho g
$$

Thus, $\alpha = \rho_{0} g / p_{0}$, where $\rho_{0}$ is the density of the atmosphere at the Earth's surface. Also,

$$
p_{0} = R T_{0} / V_{0} = R T_{0} \rho_{0} / M
$$

where $R$ is the ideal gas constant, $V_{0}$ is the molar volume, and $M$ is the molar mass:

$$
M = \frac{4}{5} \times 28 + \frac{1}{5} \times 32 = 29
$$

Hence, we have $\alpha = M g / R T_{0}$.",\boxed{\alpha = \frac{M g}{R T_0}},EQ,,False,EN,
2886,Mechanics and Thermodynamics,Thermodynamics,Thermodynamic Functions and Equilibrium Conditions,"The Gibbs function $G$ of a system can be expressed as

$$
G = G_{0} + A T + B p + \frac{1}{2} C T^{2} + D T p + \frac{1}{2} E p^{2}
$$

where $G_{0}$ is the value of $G$ as $T \rightarrow 0$ and $p \rightarrow 0$, and $A, B, C, D, E$ are constants. Find the entropy of the system $S = S(T, p)$.","The total differential $\mathrm{d} G$ of $G = G(T, p)$ is

$$
\mathrm{d} G = -S \mathrm{d} T + V \mathrm{d} p
$$

Thus, we have

$$
S = -\left(\frac{\partial G}{\partial T}\right)_{p} = -A - C T - D p
$$",\boxed{-A - C T - D p},EX,,False,EN,Laws Application
2887,Mechanics and Thermodynamics,Thermodynamics,Thermodynamic State and First Law of Thermodynamics,"One mole of gas obeys the Van der Waals equation of state, and its internal energy is given by the equation \( u = cT - \frac{a}{V} \) (where \( V \) is the molar volume, \( a \) is one of the constants of the equation of state, and \( c \) is a constant). Calculate the molar heat capacity \( c_{p} \).","\[ c_{p} = \left(\frac{\partial u}{\partial T}\right)_{p} + p\left(\frac{\partial V}{\partial T}\right)_{p} = \left(\frac{\partial u}{\partial T}\right)_{V} + \left[\left(\frac{\partial u}{\partial V}\right)_{T} + p\right]\left(\frac{\partial V}{\partial T}\right)_{p} = c + \left(\frac{a}{V^{2}} + p\right)\left(\frac{\partial V}{\partial T}\right)_{p} \]

From the Van der Waals equation:

\[ \left(p + \frac{a}{V^{2}}\right)(V-b) = RT \]

We find:

\[ \left(\frac{\partial V}{\partial T}\right)_{p} = \frac{R}{p - \frac{a}{V^{2}} + \frac{2ab}{V^{3}}} \]

Therefore:

\[ c_{p} = c + \frac{R\left(p + \frac{a}{V^{2}}\right)}{p - \frac{a}{V^{2}} + \frac{2ab}{V^{3}}} = c + \frac{R}{1 - \frac{2a(V-b)^{2}}{RTV^{3}}} \]",\boxed{c_{p} = c + \frac{R}{1-\frac{2a(V-b)^{2}}{RTV^{3}}}},EQ,,False,EN,Math Derivation
2888,Mechanics and Thermodynamics,Thermodynamics,Phase Transition and Equilibrium,"Given that the heat of vaporization of a certain liquid is \(10^{10} \, \mathrm{erg/g}\), the surface thickness is \(10^{-8} \, \mathrm{cm}\), and the liquid density is \(1 \, \mathrm{g/cm}^3\), estimate its surface tension.","Surface tension is the surface free energy per unit area. Therefore, the surface tension \(\sigma \approx Q \cdot r \cdot \rho\), where \(Q\) is the heat of vaporization, \(r\) is the surface thickness \((r=10^{-8} \, \mathrm{cm})\), and \(\rho\) is the liquid density \((\rho=1 \, \mathrm{g/cm}^3)\). Thus,

\[
\sigma = 10^{10} \times 10^{-8} \times 1 = 100 \, (\mathrm{dyn/cm})
\]",\boxed{100},NV,\mathrm{dyn/cm},False,EN,Practical Application
2889,Mechanics and Thermodynamics,Thermodynamics,Second Law of Thermodynamics and Entropy,1 mole of an ideal gas undergoes a reversible isothermal expansion process with its volume changing from \( V_{1} \) to \( 2V_{1} \). What is the total change in entropy of the entire system? How would the result differ if the expansion were free (irreversible) instead?,"The change in entropy of the heat reservoir \(\Delta S_{2} = -\Delta S_{1}\), therefore, the total change in entropy of the entire system is

\[
\Delta S = \Delta S_{1} + \Delta S_{2} = 0
\]

If it is a free expansion process, the internal energy of the system remains unchanged, so the final state of the system is the same as that in the isothermal process, and thus the entropy change is the same. In this case, since the state of the heat reservoir does not change, its entropy remains constant. Therefore, the change in entropy of the entire system is \(\Delta S = R \ln 2\).","\boxed{0, R \ln 2}","NV, EX","None, None",True,EN,
2890,Mechanics and Thermodynamics,Thermodynamics,Phase Transition and Equilibrium,"Liquid helium \(\mathrm{He}^{4}\) typically has a boiling point of \(4.2\, \text{K}\), but under a pressure of \(1 \, \text{mmHg}\), its boiling point becomes \(1.2\, \text{K}\). Use the Clausius-Clapeyron equation to estimate the average latent heat of vaporization of helium over this temperature range.","According to the Clausius-Clapeyron equation:

\[
\frac{\mathrm{d} p}{\mathrm{d} T} = \frac{L}{T(V_{\mathrm{g}} - V_{1})} \approx \frac{L}{T V_{\mathrm{g}}}
\]

Assuming \(L\) is a constant and substituting \(V_{\mathrm{g}} = \frac{N k T}{p}\), we have:

\[
\frac{\mathrm{d} p}{p} = \frac{L}{N k T^{2}} \, \mathrm{d} T
\]

Integrating the above equation gives:

\[
\ln \frac{p}{p_{0}} = \frac{L}{N k}\left(\frac{1}{T_{0}} - \frac{1}{T}\right)
\]

Solving for \(L\), we get:

\[
L = N k \ln \frac{p}{p_{0}} \Bigg/ \left(\frac{1}{T_{0}} - \frac{1}{T}\right)
\]

Here, \(N\) is Avogadro's number, and substituting \(p_{0} = 760 \, \text{mmHg}, p = 1 \, \text{mmHg}, T_{0} = 4.2 \, \text{K}, T = 1.2 \, \text{K}\), the average latent heat of vaporization is found to be:

\[
L = 93 \, \text{J} / \text{mol}
\]",\boxed{93},NV,\text{J} / \text{mol},False,EN,Laws Application
2891,Mechanics and Thermodynamics,Thermodynamics,Thermodynamic State and First Law of Thermodynamics,"What is the average molar mass of air? It is known that the volume percentages of several main components in the air are: $ \mathrm{N}_{2} - 78\%, \mathrm{O}_{2} - 21\%, \mathrm{Ar} - 1\%$.","Let subscripts $1, 2,$ and $3$ represent the quantities of $\mathrm{N}_{2}, \mathrm{O}_{2}$, and $\mathrm{Ar}$ respectively, with $x_{i} = \frac{V_{i}}{V}$ denoting the volume percentage of each component, where $V = \sum V_{i}$. We use a common method for calculating statistical averages—the weighted average method.

The state equation for the $i$-th component in the air is:

$$
\mu_{i} p V_{i} = M_{i} R T
$$

Summing over all components $i$, we obtain:

$$
p V = \frac{\sum_{i} M_{i} R T}{\sum_{i} \frac{V_{i}}{V} \mu_{i}} = \frac{M R T}{\sum_{i} x_{i} \mu_{i}}
$$

In this equation, $M = \sum_{i} M_{i}$ is the total mass of air. Comparing with the state equation of an ideal gas mixture $p V = \frac{M R T}{\mu}$ yields:

$$
\bar{\mu} = \mu = \sum_{i} x_{i} \mu_{i} = 29.0 \ \mathrm{g/mol}
$$

Here, $x_{i} = \frac{V_{i}}{V}$ serves as the statistical weight in calculating $\bar{\mu}$.",\boxed{29.0},NV,\mathrm{g/mol},False,EN,Math Derivation
2892,Mechanics and Thermodynamics,Thermodynamics,Second Law of Thermodynamics and Entropy,"Inside a cylindrical container, there is a frictionless piston, which is composed of a semipermeable membrane that only allows water to pass through. One side of the piston encloses $N$ moles of water with a volume of $V$, while the other side contains a dilute salt (NaCl) solution with a volume of $V^{\prime}$, consisting of $n$ moles of salt and $N^{\prime}$ moles of water. The entire system is in contact with a heat source at temperature $T$. Determine the mixing entropy of the salt solution.","The mixing entropy is the change in entropy resulting from isothermal and isobaric mixing. The entropy change for $N^{\prime}$ moles of water is

$$
\Delta S_{\text{water}} = -N^{\prime} R \ln x_{\text{water}}
$$

The entropy change for $n$ moles of salt is

$$
\Delta S_{\text{salt}} = -n R \ln x_{\text{salt}}
$$

where $x_{\text{water}} = \frac{N^{\prime}}{n + N^{\prime}}$ and $x_{\text{salt}} = \frac{n}{n + N^{\prime}}$ are the mole fractions of water and salt, respectively. Therefore, the mixing entropy is

$$
\Delta S = -N^{\prime} R \ln \frac{N^{\prime}}{N^{\prime} + n} - n R \ln \frac{n}{N^{\prime} + n}
$$",\boxed{-N^{\prime} R \ln \frac{N^{\prime}}{N^{\prime} + n} - n R \ln \frac{n}{N^{\prime} + n}},EX,,False,EN,Laws Application
2893,Mechanics and Thermodynamics,Thermodynamics,Thermodynamic State and First Law of Thermodynamics,"For a Dietrich gas, its equation of state is:

$$
p(V-b)=R T \mathrm{e}^{-\frac{a}{R T V}}
$$

where $a$ and $b$ are constants, and $\left|\frac{b}{V}\right| \ll 1, \left|\frac{a}{V^{2} p}\right| \ll 1$. Find the third virial coefficient $C(T)$ for this gas.","According to the conditions given, $\left|\frac{b}{V}\right| \ll 1, \left|\frac{a}{V^{2} p}\right| \ll 1$.

The second condition above can be rewritten as $\left|\frac{a}{R T V}\right| \ll 1$. Using this approximation, we have:

$$
p V =\frac{R T}{1-\frac{b}{V}} \mathrm{e}^{-\frac{a}{R T V}} \approx R T\left(1+\frac{b}{V}+\frac{b^{2}}{V^{2}}\right)\left(1-\frac{a}{R T V}+\frac{1}{2}\left(\frac{a}{R T V}\right)^{2}\right)
$$

From the expansion above, by comparing terms sequentially, the third virial coefficient for the Dietrich gas is obtained as:

$$
C(T)=b^{2}+\frac{a^{2}}{2 R^{2} T^{2}}-\frac{a b}{R T}
$$",\boxed{b^{2}+\frac{a^{2}}{2 R^{2} T^{2}}-\frac{a b}{R T}},EX,,False,EN,Math Derivation
2894,Mechanics and Thermodynamics,Thermodynamics,Thermodynamic Functions and Equilibrium Conditions,"A system has a constant volume heat capacity \(c_v\) given by

\[ 
c_v = \alpha V T^3 
\]

where \(\alpha\) is a constant. Find the internal energy \(U(T, V)\) of the system.","Using the relation \(c_v = \left(\frac{\partial U}{\partial T}\right)_V\), we integrate to obtain the internal energy of the system

\[ 
U(T, V) = \int c_v \, \mathrm{d} T + f(V) = \frac{\alpha}{4} V T^4 + f(V) 
\]

where \(f(V)\) is a function to be determined. When \(T \rightarrow 0, V \rightarrow 0\), \(U \rightarrow 0\) which implies \(C = 0\). Substituting this, we have

\[ 
U = \frac{\alpha}{4} V T^4 
\]",\boxed{\frac{\alpha}{4} V T^4},EX,,False,EN,Math Derivation
2895,Mechanics and Thermodynamics,Thermodynamics,Phase Transition and Equilibrium,"The value of $\gamma$ for a gas is always greater than 1. Determine its correctness, and express the answer using T (for true) and F (for false).",T.,\boxed{Yes},TF,,False,EN,Knowledge Recall
2896,Mechanics and Thermodynamics,Thermodynamics,Phase Transition and Equilibrium,"At an atmospheric pressure of 1 atm and at $100^{\circ} \mathrm{C}$, the specific heat of water is $0.31 \mathrm{cal}/(\mathrm{g} \cdot \mathrm{K})$, and under the same conditions, the specific heat of steam is $1.76 \mathrm{cal}/(\mathrm{g} \cdot \mathrm{K})$. Calculate the latent heat of vaporization of water at this temperature.","Latent heat of vaporization:

$$
L = T \cdot \Delta S = 540 \mathrm{cal}/\mathrm{g}
$$",\boxed{540},NV,\mathrm{cal}/\mathrm{g},False,EN,Laws Application
2897,Mechanics and Thermodynamics,Thermodynamics,Thermodynamic Functions and Equilibrium Conditions,"For an elastic rod, the following measurement can be conducted: one end of the elastic rod is fixed, and a weight \( W \) is hung on the other end. The frequency of small vibrations is measured to be \( \nu \). Find the elastic coefficient \( k \).","From \( \nu \), obtain the elastic coefficient of the rod

$$
k = \frac{W}{g}(2 \pi \nu)^{2}
$$",\(\boxed{\frac{W}{g}(2 \pi \nu)^{2}}\),EX,,False,EN,Laws Application
2898,Mechanics and Thermodynamics,Thermodynamics,Phase Transition and Equilibrium,"At an atmospheric pressure of 1 atm and $100^{\circ} \mathrm{C}$, the enthalpy of water vapor is $640 \mathrm{cal}/\mathrm{g}$. Find the enthalpy of water under the same conditions.","According to $\mathrm{d}H = T \mathrm{~d}S + V \mathrm{~d}p$, the enthalpy of water is given by $H_{\text{water}} = H_{\text{vapor}} - T \Delta S = 100 \mathrm{cal}/\mathrm{g}$.",\boxed{100},NV,\mathrm{cal}/\mathrm{g},False,EN,Laws Application
2899,Mechanics and Thermodynamics,Thermodynamics,Phase Transition and Equilibrium,"Given $100^{\circ} \mathrm{C}$, $1.0 \mathrm{~kg}$ of water and a piece of ice at $0^{\circ} \mathrm{C}$ but with a very large mass. A reversible machine transfers heat from the water to the ice, until the system can no longer perform work externally. What is the temperature of the water at that point?","Since the mass of the ice is very large, its temperature can be assumed constant. During the process, the temperature of the water continues to decrease. The system can no longer perform work externally when the efficiency of the cycle is zero.

$$
\eta=1-\frac{T_{\text{ice}}}{T}=0, \quad \text{which means} \quad T=T_{\text{ice}}=0^{\circ} \mathrm{C}=273 \mathrm{~K}
$$

Therefore, at this point, the temperature of the water is $0^{\circ} \mathrm{C}$.",\boxed{0^{\circ}},NV,\mathrm{C},False,EN,Laws Application
2900,Mechanics and Thermodynamics,Thermodynamics,Thermodynamic State and First Law of Thermodynamics,"An ideal gas is initially confined to the $V_{1}$ part of an adiabatic container with a total volume of $V_{1}+V_{2}$, while the remaining part of the container is empty. When the partition is removed, the gas expands to fill the entire container. If the initial temperature of the gas is $T$, determine its final temperature.","This is an adiabatic free expansion process of an ideal gas, where the internal energy remains constant, and hence the temperature does not change. Therefore, the final temperature is still $T$.",\boxed{T},NV,,False,EN,Laws Application
2901,Mechanics and Thermodynamics,Thermodynamics,Phase Transition and Equilibrium,"If 1 kg of water has been cooled to $0^{\circ} \text{C}$, what is the minimum work required to freeze it into ice at $0^{\circ} \text{C}$? The latent heat of fusion for ice is $80 \text{ cal/g}$, and $T_{0} = 25^{\circ} \text{C}$.","The minimum work can be calculated using the following equation:

$$
W_{2} = \frac{T_{0} - T_{f}}{T_{f}} L M = 7.3 \times 10^{3} \text{ cal}
$$",\boxed{7.3 \times 10^{3}},NV,cal,False,EN,Laws Application
2902,Mechanics and Thermodynamics,Thermodynamics,Thermodynamic State and First Law of Thermodynamics,"A spherical black body with a radius \( r \) and temperature \( T \) is surrounded by a concentric spherical shell with a radius \( R \). Both sides of the spherical shell are black. Prove that the ratio by which this radiation shield reduces the cooling rate of the sphere is determined by \( a R^{2} /\left(R^{2}+b r^{2}\right) \), and find the coefficients \( a \) and \( b \).","From previous results, the required ratio is \( Q^{\prime} / Q = R^{2} /\left(R^{2} + r^{2}\right) \), which gives \( a = 1, b = 1 \).","\boxed{a = 1, b = 1}",EQ,"None, None",True,EN,Laws Application
2903,Mechanics and Thermodynamics,Thermodynamics,Second Law of Thermodynamics and Entropy,"Define the specific heat capacity at constant pressure of a substance using heat $Q$, entropy $S$, and temperature $T$.",$c_{\mathrm{p}} = \left(\frac{\partial Q}{\partial T}\right)_{p} = T \left(\frac{\partial S}{\partial T}\right)_{p}$.,\boxed{c_{\mathrm{p}} = T \left(\frac{\partial S}{\partial T}\right)_{p}},EQ,,False,EN,Laws Application
2904,Mechanics and Thermodynamics,Thermodynamics,Second Law of Thermodynamics and Entropy,Calculate the change in entropy when 1 gram of liquid nitrogen solidifies at a temperature of $-196^{\circ} \mathrm{C}$. The latent heat of phase transition is given as $47.6 \mathrm{cal} / \mathrm{g}$ and the molecular weight of liquid nitrogen is 28.,"The change in entropy during the phase transition is given by

$$
\Delta S^{\prime \prime} = n \frac{L}{T_{2}} = 0.62 \, \mathrm{cal} / \mathrm{K}
$$

where $T_{2} = -196^{\circ} \mathrm{C} = 77 \, \mathrm{K}$, $L = 47.6 \mathrm{cal} / \mathrm{g}$, $n = \frac{1}{28} = 3.57 \times 10^{-2} \, (\mathrm{mol})$",\boxed{0.62},NV,\mathrm{cal} / \mathrm{K},False,EN,Laws Application
2905,Mechanics and Thermodynamics,Thermodynamics,Phase Transition and Equilibrium,"The coefficient of performance of a refrigerator can be greater than 1. Determine its correctness, with the answer represented by T (for true) and F (for false).",T.,\boxed{Yes},TF,,False,EN,Knowledge Recall
2906,Mechanics and Thermodynamics,Thermodynamics,Thermodynamic Functions and Equilibrium Conditions,"A resistor of $100 \, \Omega$ at room temperature 300 K carries a current of 10 A for 300 s.  
(2) What is the total change in entropy?","The heat transferred from the resistor to the surroundings (a constant temperature heat reservoir) is  

$$  
I^{2} R t = 3 \times 10^{6} \, \mathrm{J}  
$$  

The increase in entropy of the constant temperature heat reservoir is $\Delta S_{2} = \frac{3 \times 10^{6}}{300} = 10^{4} \, (\mathrm{J} / \mathrm{K})$. Therefore, the total change in entropy is  

$$  
\Delta S = \Delta S_{1} + \Delta S_{2} = 10^{4} \, \mathrm{J} / \mathrm{K}  
$$",\boxed{10^{4}},NV,\mathrm{J}/\mathrm{K},False,EN,Laws Application
2907,Mechanics and Thermodynamics,Thermodynamics,Thermodynamic State and First Law of Thermodynamics,"Using the expression \( p+\left(\frac{\partial U}{\partial V}\right)_{T}=T\left(\frac{\partial p}{\partial T}\right)_{V} \), find the heat capacity difference \( c_{\mathrm{p}} - c_{\mathrm{v}} \) for a Van der Waals gas given by the equation \( \left(p+\frac{a}{V^{2}}\right)(V-b)=RT \). With the result obtained, prove that under constant pressure \( p \), as \( V \rightarrow \infty \), the heat capacity difference approaches that of an ideal gas.","For a Van der Waals gas:

\[ 
\left(\frac{\partial p}{\partial T}\right)_{V} = \frac{R}{V-b} 
\]

\[ 
\left(\frac{\partial V}{\partial T}\right)_{p} = \frac{R}{\left(\frac{RT}{V-b}\right) - \left(\frac{2a(V-b)}{V^{3}}\right)} 
\]

Therefore, we have

\[ 
c_{\mathrm{p}} - c_{\mathrm{v}} = \frac{R}{1 - \frac{2a\left(1 - \frac{b}{V}\right)^{2}}{VRT}} 
\]

As \( V \rightarrow \infty \), we find that \( c_{\mathrm{p}} - c_{\mathrm{v}} \rightarrow R \), which is the result for an ideal gas.",\boxed{R},NV,,False,EN,Math Derivation
2908,Mechanics and Thermodynamics,Thermodynamics,Second Law of Thermodynamics and Entropy,"There are two identical objects, each with a constant specific heat capacity at constant pressure, denoted as \( c_{\mathrm{p}} \), and both have an initial temperature \( T_{0} \). A refrigerator operates between the two objects and works until the temperature of one of the objects drops to \( T_{2} \). Assuming the objects are maintained at constant pressure and no phase change occurs, find the change in entropy of object 1.","For object 1, with an initial temperature \( T_{0} \) and a final temperature \( T_{1} \), the heat absorbed \( Q_{1} \) and the change in entropy \( \Delta S_{1} \) are given by

$$
\begin{gathered}
Q_{1}=c_{\mathrm{p}}\left(T_{1}-T_{0}\right) \\
\Delta S_{1}=\int_{T_{0}}^{T_{1}} c_{\mathrm{p}} \frac{\mathrm{d} T}{T}=c_{\mathrm{p}} \ln \frac{T_{1}}{T_{0}}
\end{gathered}
$$",\boxed{c_{\mathrm{p}} \ln \frac{T_{1}}{T_{0}}},EX,,False,EN,Laws Application
2910,Mechanics and Thermodynamics,Thermodynamics,Thermodynamic State and First Law of Thermodynamics,"In a cylinder filled with pure oxygen, there is steel wool. The cylinder contains a frictionless piston that keeps the oxygen pressure constant at 1 atm. A slow chemical reaction occurs between the iron in the steel wool and the oxygen, producing $\mathrm{Fe}_{2}\mathrm{O}_{3}$. To maintain the process at a constant temperature of $25^{\circ} \mathrm{C}$, 2 moles of iron react to release 831 J of heat, with the chemical reaction equation given by

$$
2 \mathrm{Fe} + \frac{3}{2} \mathrm{O}_{2} \longrightarrow \mathrm{Fe}_{2} \mathrm{O}_{3}
$$

Try to calculate the change in internal energy $\Delta U$ during this process.","According to the first law of thermodynamics, the change in internal energy of the system is

$$
\Delta U = Q - W = -831 + 3.71 \times 10^{3} = 2.88 \times 10^{3} \mathrm{~J}
$$

That is, work is done on the system by the surroundings, the system undergoes an isothermal and isobaric oxidation reaction, releasing heat, and the internal energy of the system increases.",\boxed{2.88 \times 10^{3}},NV,,False,EN,Laws Application
2911,Mechanics and Thermodynamics,Thermodynamics,Second Law of Thermodynamics and Entropy,"Given that the specific heat capacity of water is $1 \mathrm{cal}/(\mathrm{g} \cdot \mathrm{K})$, and $1 \mathrm{cal} = 4.18 \mathrm{~J}$. A $1 \mathrm{~kg}$ mass of water at $0^{\circ} \mathrm{C}$ is brought into contact with a heat reservoir at $100^{\circ} \mathrm{C}$. Determine the change in entropy of the water, the change in entropy of the heat reservoir, and the change in entropy of the entire system when the water reaches $100^{\circ} \mathrm{C}$.","The change in entropy of the water is
$$
\Delta S_{1} = m \int_{T_{1}}^{T_{2}} \frac{c_{\mathrm{p}}}{T} \, \mathrm{d}T = m c_{\mathrm{p}} \ln \frac{T_{2}}{T_{1}} = 0.312 \mathrm{kcal}/\mathrm{K}
$$
where $m = 1 \mathrm{~kg}, c_{\mathrm{p}} = 1 \mathrm{cal}/(\mathrm{g} \cdot \mathrm{K}), T_{1} = 273 \mathrm{~K}, T_{2} = 373 \mathrm{~K}$. The change in entropy of the heat reservoir is
$$
\Delta S_{2} = -\frac{m c_{\mathrm{p}} \left(T_{2} - T_{1}\right)}{T_{2}} = -0.268 \mathrm{kcal}/\mathrm{K}
$$
Thus, the change in entropy of the entire system is
$$
\Delta S = 0.044 \mathrm{kcal}/\mathrm{K}
$$","\boxed{0.312, -0.268, 0.044}","NV, NV, NV","\mathrm{kcal/K}, \mathrm{kcal/K}, \mathrm{kcal/K}",True,EN,Laws Application
2912,Mechanics and Thermodynamics,Thermodynamics,Thermodynamic State and First Law of Thermodynamics,"An Earth-Sun model is described as follows: two blackbody spheres in a vacuum, where the sun has a temperature of $T_{\mathrm{s}}=6000 \, \mathrm{K}$. The effective heat transfer by the Earth's atmosphere and oceans regulates the Earth into a sphere with a uniform surface temperature. The radii of the Earth and the Sun are $R_{\mathrm{e}}=6 \times 10^{8} \, \mathrm{cm}$ and $R_{\mathrm{s}}=7 \times 10^{10} \, \mathrm{cm}$, respectively, with the Earth-Sun distance being $d=1.5 \times 10^{13} \, \mathrm{cm}$. Find the temperature of the Earth.","The radiation received by the Earth from the Sun is approximately

$$
q_{\mathrm{se}} = 4 \pi R_{\mathrm{s}}^{2} (\sigma T_{\mathrm{s}}^{4}) \cdot \frac{\pi R_{\mathrm{e}}^{2}}{4 \pi d^{2}}
$$

The radiation emitted by the Earth itself is

$$
q_{\mathrm{e}} = 4 \pi R_{\mathrm{e}}^{2} \cdot (\sigma T_{\mathrm{e}}^{4})
$$

If the internal heat sources of the Earth are neglected, the energy balance requires $q_{\mathrm{e}} = q_{\mathrm{se}}$, thus,

$$
T_{\mathrm{e}}^{4} = \frac{R_{\mathrm{s}}^{2}}{4 d^{2}} T_{\mathrm{s}}^{4}
$$

Which leads to

$$
T_{\mathrm{e}} = \sqrt{\frac{R_{\mathrm{s}}}{2 d}} \, T_{\mathrm{s}} = 290 \, \mathrm{K} = 17^{\circ} \mathrm{C}
$$","\boxed{290, 17}","NV, NV","\mathrm{K}, ^{\circ} \mathrm{C}",True,EN,Laws Application
2913,Mechanics and Thermodynamics,Thermodynamics,Thermodynamic State and First Law of Thermodynamics,"The speed of small amplitude longitudinal waves in an ideal gas is given by

$$
c=\sqrt{\frac{\mathrm{d} p}{\mathrm{~d} \rho}}
$$

where $p$ is the ambient pressure and $\rho$ is the density of the corresponding gas. Derive the speed of sound in the gas during isothermal compression and rarefaction.","In an isothermal process for an ideal gas, $p V =$ constant. We consider the general process $p V^{t} =$ constant, where $t$ is the polytropic index. By differentiating, we obtain

$$
\frac{\mathrm{d} p}{p}+t \frac{\mathrm{~d} V}{V}=0
$$

which leads to

$$
\left(\frac{\mathrm{d} p}{\mathrm{~d} V}\right)_{t}=-t \frac{p}{V}
$$

Also, since $\rho=M / V$, it follows that

$$
\left(\frac{\mathrm{d} p}{\mathrm{~d} \rho}\right)_{t}=\left(\frac{\mathrm{d} p}{\mathrm{~d} V}\right)_{t}\left(\frac{\mathrm{~d} V}{\mathrm{~d} \rho}\right)_{t}=\left(-t \frac{p}{V}\right)\left(-\frac{M}{\rho^{2}}\right)=t \frac{R T}{\mu}
$$

where $\mu$ is the molar mass of the gas. Finally, we have $c=\sqrt{\frac{\mathrm{d} p}{\mathrm{~d} \rho}}=\sqrt{\frac{t R T}{\mu}}$. For an isothermal process, $t=1$, so $c=\sqrt{\frac{R T}{\mu}}$.",\boxed{c=\sqrt{\frac{R T}{\mu}}},EQ,,False,EN,Math Derivation
2914,Mechanics and Thermodynamics,Thermodynamics,Thermodynamic Functions and Equilibrium Conditions,"The Gibbs function $G$ of a system can be expressed as

$$
G = G_{0} + A T + B p + \frac{1}{2} C T^{2} + D T p + \frac{1}{2} E p^{2}
$$

where $G_{0}$ is the value of $G$ as $T \rightarrow 0$ and $p \rightarrow 0$, and $A, B, C, D, E$ are constants. Given that $S = -A - C T - D p$, derive the expression for the enthalpy $H(p, S)$ of the system.","The enthalpy of the system is

$$
H = G + T S = G_{0} + B p - \frac{1}{2} C T^{2} + \frac{1}{2} E p^{2}
$$

Solving for $T$ from $S(T, p)$ gives

$$
T = -\frac{1}{C}(S + A + D p)
$$

Substituting into the expression for $H$ yields

$$
H(p, S) = G_{0} + B p + \frac{1}{2} E p^{2} - \frac{1}{2 C}(S + A + D p)^{2}
$$",\boxed{G_{0} + B p + \frac{1}{2} E p^{2} - \frac{1}{2 C}(S + A + D p)^{2}},EX,,False,EN,Math Derivation
2915,Mechanics and Thermodynamics,Thermodynamics,Thermodynamic State and First Law of Thermodynamics,"Determine the density of each component and the density of air under standard conditions. It is known that the volume percentages of the major components in air are: $\mathrm{N}_{2} - 78\%, \mathrm{O}_{2} - 21\%, \mathrm{Ar} - 1\%$, and the standard conditions are $p = 1 \ \mathrm{atm}, T = 273 \ \mathrm{K}$. The volume of 1 mol of gas under standard conditions is $22.4 \ \mathrm{L}$.","For air under standard conditions, the density of each component can be obtained from $p_{i} V = \frac{M_{i}}{\mu_{i}} R T$:

$$
\rho_{i} = \frac{M_{i}}{V} = \frac{p_{i} \mu_{i}}{R T} = \frac{V_{i}}{V} \mu_{i} \frac{p}{R T} = \frac{x_{i} \mu_{i}}{V_{0}}
$$

where $V_{0} = 22.4 \ \mathrm{L}$ is the volume of 1 mol of gas under standard conditions. Hence, the densities of $\mathrm{N}_{2}$, $\mathrm{O}_{2}$, and $\mathrm{Ar}$ are:

$$
\begin{aligned}
& \rho_{1} = 0.976 \ \mathrm{g/L} \\
& \rho_{2} = 0.300 \ \mathrm{g/L} \\
& \rho_{3} = 0.018 \ \mathrm{g/L}
\end{aligned}
$$

The density of air is:

$$
\rho = \frac{M}{V} = \sum \rho_{i} = 1.29 \ \mathrm{g/L}
$$","\boxed{0.976, 0.300, 0.018, 1.29}","NV, NV, NV, NV","\mathrm{g/L}, \mathrm{g/L}, \mathrm{g/L}, \mathrm{g/L}",True,EN,Laws Application
2916,Mechanics and Thermodynamics,Thermodynamics,Thermodynamic State and First Law of Thermodynamics,"One mole of a gas obeying the Van der Waals equation of state has its internal energy given by the equation $u = cT - \frac{a}{V}$ (where $V$ is the molar volume, $a$ is one of the constants in the equation of state, and $c$ is a constant). Calculate the molar heat capacity at constant volume $c_{v}$.",$c_{v}=\left(\frac{\partial u}{\partial T}\right)_{V}=c$,\boxed{c},EX,,False,EN,Knowledge Recall
2917,Mechanics and Thermodynamics,Thermodynamics,Phase Transition and Equilibrium,"Suppose the gas follows the state equation (Dieterici equation)

$$
p(V-b)=R T \mathrm{e}^{-\frac{a}{R T V}}
$$

Calculate the value of $\frac{p V}{R T}$ at the critical point.","Substituting back into the state equation gives

$$
\frac{p V}{R T}=2 \mathrm{e}^{-2}=0.27
$$",\boxed{0.27},NV,,False,EN,Math Derivation
2918,Mechanics and Thermodynamics,Thermodynamics,Second Law of Thermodynamics and Entropy,"A real refrigerator operates between two constant temperature heat reservoirs with temperatures of \( T_{1}=400 \, \text{K} \) and \( T_{2}=250 \, \text{K} \), respectively. The working material of the engine absorbs heat \( Q_{2}=500 \, \text{J} \) from the heat source \( T_{2} \) in each cycle. If the refrigerator is reversible, determine the work \( W^{\prime} \) done by the external environment in each cycle and the coefficient of performance \( \varepsilon^{\prime} \) of the refrigerator.","If the refrigerator is reversible, the entropy change of the large system after one cycle is \( \Delta S^{\prime} = 0 \). Therefore, we have
\[
\frac{Q_{1}^{\prime}}{T_{1}} - \frac{Q_{2}}{T_{2}} = 0
\]
The refrigerator releases heat to the heat source \( T_{1} \)
\[
Q_{1}^{\prime} = \frac{T_{1}}{T_{2}} Q_{2} = 800 \, \text{J}
\]
The work done by the external environment on the refrigerator
\[
W^{\prime} = Q_{1}^{\prime} - Q_{2} = 300 \, \text{J}
\]
The coefficient of performance of the reversible refrigerator
\[
\varepsilon^{\prime} = \frac{Q_{2}}{W^{\prime}} = 1.67
\]","\boxed{300, 1.67}","NV, NV","\text{J}, None",True,EN,Laws Application
2919,Mechanics and Thermodynamics,Thermodynamics,Phase Transition and Equilibrium,"The vapor pressure of solid ammonia is given by the relation

$$
\ln p = 23.03 - \frac{3754}{T}
$$

The vapor pressure of liquid ammonia is given by

$$
\ln p = 19.49 - \frac{3063}{T}
$$

where $p$ is the pressure in mmHg and $T$ is the absolute temperature.\\
(3) The sublimation heat at the triple point is $7508 \ \mathrm{cal} / \mathrm{mol}$. Find the heat of fusion at the triple point.","(3) Let $S_{\mathrm{g}}, S_{\mathrm{l}}, S_{\mathrm{s}}$ represent the entropies of the gas, liquid, and solid phases at the triple point, respectively. The heat of vaporization is $T_0(S_{\mathrm{g}} - S_{\mathrm{l}})$, and the sublimation heat is $T_0(S_{\mathrm{g}} - S_{\mathrm{s}})$. Hence, the heat of fusion is

$$
T(S_{\mathrm{l}} - S_{\mathrm{s}}) = T(S_{\mathrm{g}} - S_{\mathrm{s}}) - T(S_{\mathrm{g}} - S_{\mathrm{l}}) = 7508 - 6083 = 1425 \ (\mathrm{cal/mol})
$$",\boxed{1425},NV,cal/mol,False,EN,Laws Application
2920,Mechanics and Thermodynamics,Thermodynamics,Second Law of Thermodynamics and Entropy,"$M$ denotes a certain amount of coal. When it burns in a power plant at $1000^{\circ} \mathrm{C}$, we assume it can provide 100 J of heat. Assuming the power plant is ideal (without loss), the released heat is discharged into a river at $30^{\circ} \mathrm{C}$. How much heat will be supplied to the room when the generated electricity from burning $M$ in the power plant is then used to heat the room via a household heat pump, transferring heat from a cold source at $0^{\circ} \mathrm{C}$ to warm air at $30^{\circ} \mathrm{C}$?","After burning $M$ in the power plant, the work it can output is

$$
W=\eta Q_{2}=Q_{1}\left(1-\frac{T_{2}}{T_{1}}\right)=100 \times\left(1-\frac{273+30}{273+1000}\right)=76.2\, \mathrm{J}
$$

This portion of work is transported externally in the form of electrical energy, and when used in an ideal heat pump, it can transfer heat from the cold source to the hot source. Its coefficient of performance is

$$
\varepsilon=\frac{T_{2}^{\prime}}{T_{1}^{\prime}-T_{2}^{\prime}}=\frac{273.15}{30}
$$

Therefore, the amount of heat that can be supplied to the room is

$$
Q^{\prime}=(1+\varepsilon)W \approx 770\, \mathrm{J}
$$",\boxed{770},NV,\mathrm{J},False,EN,Practical Application
2921,Mechanics and Thermodynamics,Thermodynamics,Second Law of Thermodynamics and Entropy,1 mole of an ideal gas undergoes a reversible isothermal expansion process with the volume changing from $V_1$ to $2V_1$. What is the change in entropy of the gas?,"During the isothermal expansion process, the work done by the system is

$$
W = \int_{V_1}^{2V_1} p \, \mathrm{d}V = RT \int_{V_1}^{2V_1} \frac{\mathrm{d}V}{V} = RT \ln 2
$$

Since there is no change in internal energy during this process, the work is supplied by heat absorbed from the surroundings. Therefore, the increase in entropy of the gas is

$$
\Delta S_1 = \frac{\Delta Q}{T} = \frac{W}{T} = R \ln 2
$$",\boxed{R \ln 2},EX,,False,EN,Laws Application
2922,Mechanics and Thermodynamics,Thermodynamics,Second Law of Thermodynamics and Entropy,"For a certain substance, internal energy is only a function of temperature, with a linear expansion coefficient $\alpha$ that is a constant and $\alpha \ll 1$. Its specific heat capacity at constant volume $c_{v} = b T^{3}$. At constant pressure, the volume $V$ of this substance is only a function of temperature $T$. Calculate $\mathrm{d}V$, where the volumetric thermal expansion coefficient $\alpha \approx 3\mu$ and $V \approx V_{0}$.","At constant pressure, the volume $V$ of the substance is only a function of temperature $T$,

$$
\mathrm{d}V = \left(\frac{\partial V}{\partial T}\right)_{p} \mathrm{d}T = \alpha V \mathrm{d}T \approx 3\alpha V_{0} \mathrm{d}T
$$",\boxed{3\alpha V_{0} \mathrm{d}T},EX,,False,EN,Laws Application
2923,Mechanics and Thermodynamics,Thermodynamics,Thermodynamic State and First Law of Thermodynamics,How much work is done on the surroundings when 1000 g of nitrogen is heated from $-20^{\circ} \mathrm{C}$ to $100^{\circ} \mathrm{C}$ under constant pressure? It is known that the constant volume specific heat capacity of nitrogen is $c_{\mathrm{v}}=5 \mathrm{cal}/\mathrm{mol}\cdot{}^{\circ}\mathrm{C}$ and $R=2 \mathrm{cal}/\mathrm{mol}\cdot{}^{\circ}\mathrm{C}$.,"The work done on the surroundings is

$$
W = Q - \Delta U = 8.6 \times 10^{3}\, \text{cal}
$$",\boxed{8.6 \times 10^{3}},NV,\text{cal},False,EN,Laws Application
2924,Mechanics and Thermodynamics,Thermodynamics,Thermodynamic State and First Law of Thermodynamics,"Given a gas with a volume expansion coefficient $\alpha$ and an isothermal compressibility coefficient $\kappa$, its equation of state is:

$$
p = \frac{CT}{V\left(1 + \frac{a}{VT^{2}}\right)},
$$

Assuming the amount of gas is 1 mol, derive the equation of state for the gas as it approaches an ideal gas.","Assuming the amount of gas is 1 mol, when $V \rightarrow \infty$, the gas approaches an ideal gas, and its equation of state is $pV = RT$. From

$$
\lim_{V \rightarrow \infty} pV = \lim_{V \rightarrow \infty} \frac{CT}{1 + \frac{a}{VT^{2}}} = CT
$$

By comparison, we find $C = R$, thus the equation of state for the gas is:

$$
pV = \frac{RT}{1 + \frac{a}{VT^{2}}}.
$$",\boxed{pV = RT},EQ,,False,EN,Math Derivation
2925,Mechanics and Thermodynamics,Thermodynamics,Thermodynamic Functions and Equilibrium Conditions,"Using the following known relations

$$
U = \frac{\alpha}{4} V T^4, \quad p = \frac{\alpha}{12} T^4
$$

determine the entropy $S(T, V)$ and the Gibbs function $G$ of the system.","From the basic thermodynamic equation

$$
\mathrm{d} S = \frac{1}{T} \, \mathrm{d} U + \frac{p}{T} \, \mathrm{d} V = \alpha V T^2 \, \mathrm{d} T + \frac{\alpha}{3} T^3 \, \mathrm{d} V = \mathrm{d}\left( \frac{\alpha}{3} V T^3 \right)
$$

Integrating gives

$$
S = \frac{1}{3} \alpha V T^3
$$

In this expression, $S_0 = 0$ has been set when $T \rightarrow 0$ and $V \rightarrow 0$. The Gibbs function $G = U + pV - TS$. Substituting the obtained $U$, $p$, and $S$ gives

$$
G = 0
$$","\boxed{S = \frac{1}{3} \alpha V T^3, G = 0}","EQ, NV","\text{None}, \text{None}",True,EN,Math Derivation
2926,Mechanics and Thermodynamics,Thermodynamics,Second Law of Thermodynamics and Entropy,"Let $M$ represent a certain amount of coal. When it burns in a power plant at $1000^{\circ} \mathrm{C}$, we assume it can provide 100 J of heat. Assume the power plant is ideal (no losses), and the discharged heat is released into a river at $30^{\circ} \mathrm{C}$. How much heat will be provided to a room when $M$ burns in the power plant to generate electricity and is then used for heating through a home electric heater?","After $M$ burns in the power plant, the work it can output is

$$
W = \eta Q_{2} = Q_{1} \left(1 - \frac{T_{2}}{T_{1}}\right) = 100 \times \left(1 - \frac{273 + 30}{273 + 1000}\right) = 76.2 \, \mathrm{J}
$$

This portion of work is delivered externally in the form of electrical energy, and when used in a home electric heater, it will be entirely converted to heat $Q^{\prime} = W = 76.2 \, \mathrm{J}$.",\boxed{76.2},NV,\mathrm{J},False,EN,Laws Application
2928,Mechanics and Thermodynamics,Thermodynamics,Thermodynamic Functions and Equilibrium Conditions,"A cylindrical container is divided into two sections by an adiabatic and impermeable piston. Each section contains 1 mol of a monoatomic ideal gas, with initial volumes of \(V_{i}^{1} = 10 \mathrm{~L}\), \(V_{i}^{2} = 1 \mathrm{~L}\) respectively. The walls of the container are conductive, and the entire container is placed in a ""heat reservoir"" at a temperature of \(0^{\circ} \mathrm{C}\). The piston moves reversibly, resulting in final volumes of \(V_{f}^{1} = 6 \mathrm{~L}\), \(V_{f}^{2} = 5 \mathrm{~L}\). Determine the work done by the system on the surroundings.","The gases on both sides of the piston undergo isothermal processes. When \(\mathrm{d}T = 0\), \(\mathrm{d}F = -p \mathrm{~d}V\), so the work done by the system on the surroundings is

\[
W = \int \mathrm{d}W_{1} + \int \mathrm{d}W_{2} = -\int \mathrm{d}F^{1} - \int \mathrm{d}F^{2} = \left( N_{1} \ln \frac{V_{f}^{1}}{V_{i}^{1}} + N_{2} \ln \frac{V_{f}^{2}}{V_{i}^{2}} \right) RT = 2.5 \times 10^{3} \mathrm{~J}
\]",\boxed{2.5 \times 10^{3}},NV,,False,EN,Laws Application
2929,Mechanics and Thermodynamics,Thermodynamics,Second Law of Thermodynamics and Entropy,"A particle of mass $m$ is suspended from a spring, forming an adiabatic system. The spring has a spring constant $k$, and its mass can be neglected. The particle is displaced to a distance $A$ from the equilibrium position and then released from rest, starting to oscillate. As the system transitions from vibration to rest, its mechanical energy is gradually converted to thermal energy, causing the system's temperature to rise from $T_{0}$ to $T$. Given that the system has a specific heat capacity of $c$, find the final temperature $T$ of the system and the change in entropy of the system.","According to the law of conservation of energy:

$$
\frac{1}{2} k A^{2} = m c\left(T-T_{0}\right)
$$

Solving for $T$, we get:

$$
T = T_{0} + \frac{k A^{2}}{2 m c}
$$

The change in entropy of the system is:

$$
\Delta S_{\text{system}} = \int_{T_{0}}^{T} \frac{m c \mathrm{~d}T}{T} = m c \ln \frac{T}{T_{0}} = m c \ln \left(1 + \frac{k A^{2}}{2 m c T_{0}}\right)
$$","\boxed{T_{0} + \frac{k A^{2}}{2 m c}, m c \ln \left(1 + \frac{k A^{2}}{2 m c T_{0}}\right)}","EX, EX","\text{K}, \text{J/K}",True,EN,Laws Application
2930,Mechanics and Thermodynamics,Thermodynamics,Phase Transition and Equilibrium,Discuss: How does the internal energy change when two pure liquids with moles $n_{1}$ and $n_{2}$ mix into an ideal solution at constant temperature and pressure?,"(5) Internal energy $U = H - pV$. The change in internal energy of the solution before and after mixing is

$$
\Delta U = \Delta H - p \Delta V = 0.
$$

Therefore, the internal energy does not change before and after mixing because there is no heat of mixing and no work done, hence the internal energy remains unchanged.",\boxed{0},NV,,False,EN,Laws Application
2931,Mechanics and Thermodynamics,Thermodynamics,Thermodynamic Functions and Equilibrium Conditions,"The pressure \( p \) and constant volume heat capacity of a system are given by

$$
p = \beta T^4 \quad \text{and} \quad c_v = \alpha V T^3
$$

Find the function \( f(V) \) and the constant \( \alpha \) in the system, where \( \alpha \) and \( \beta \) are constants.","From

$$
\left(\frac{\partial U}{\partial V}\right)_T = T \left(\frac{\partial p}{\partial T}\right)_V - p
$$

substitute \( p = \beta T^4 \) and \( U(T, V) \) into the equation, giving

$$
\frac{\alpha}{4} T^4 + f^{\prime}(V) = 3 \beta T^4
$$

Comparing both sides of the equation yields

$$
\begin{gathered}
\alpha = 12 \beta \\
f^{\prime}(V) = 0
\end{gathered}
$$

Thus, \( f = C \), where \( C \) is a constant. When \( T \rightarrow 0, V \rightarrow 0 \), \( U \rightarrow 0 \), giving \( C = 0 \).","\boxed{\alpha = 12 \beta, f(V) = 0}","EQ, EX","None, None",True,EN,Math Derivation
2933,Mechanics and Thermodynamics,Thermodynamics,Phase Transition and Equilibrium,"Under atmospheric pressure $p = 760 \, \text{mmHg}$, the boiling point of helium is $4.2 \, \text{K}$. What is the boiling point temperature when the pressure drops to $p^{\prime} = 1 \, \text{mmHg}$?","The slope of the phase transition curve for helium from gas to liquid is given by the Clausius-Clapeyron equation:

$$
\frac{\mathrm{d} p}{\mathrm{d} T} = \frac{L}{T V} = \frac{L p}{R T^{2}}
$$

Integrating the above equation gives

$$
\ln \frac{p_{2}}{p_{1}} = \frac{L}{R}\left(\frac{1}{T_{1}} - \frac{1}{T_{2}}\right)
$$

or 

$$
T_{2} = \left(\frac{1}{T_{1}} - \frac{R}{L} \ln \frac{p_{2}}{p_{1}}\right)^{-1}
$$

Substituting $T_{1} = 4.2 \, \text{K}, \, p_{1} = 760 \, \text{mmHg}, \, p_{2} = 1 \, \text{mmHg}, \, L = 93 \, \text{J} \cdot \text{mol}^{-1}, \, R = 8.31 \, \text{J} \cdot \text{mol}^{-1} \cdot \text{K}^{-1}$ into the equation, we obtain the boiling point of liquid helium at a pressure of 1 mmHg:

$$
T_{2} = 1.20 \, \text{K}
$$",\boxed{1.20},NV,\text{K},False,EN,Laws Application
2934,Mechanics and Thermodynamics,Thermodynamics,Thermodynamic Functions and Equilibrium Conditions,"Use the Van der Waals equation of state to compute the difference between the specific heats at constant pressure and constant volume, $c_{\mathrm{p}} - c_{\mathrm{v}}$, for a Van der Waals gas.","The Van der Waals equation is given by
$$
p = \frac{RT}{V-b} - \frac{a}{V^{2}}
$$
where $R$ is the gas constant, and $a$ and $b$ are constants.\\

Using the relation $c_{\mathrm{p}} - c_{\mathrm{v}} = T \left( \frac{\partial p}{\partial T} \right)_{V} \left( \frac{\partial V}{\partial T} \right)_{p} = -T \frac{\left( \frac{\partial p}{\partial T} \right)_{V}^{2}}{\left( \frac{\partial p}{\partial V} \right)_{T}}$:

$$
\left( \frac{\partial p}{\partial T} \right)_{V} = \frac{R}{V-b}
$$

$$
\left( \frac{\partial p}{\partial V} \right)_{T} = -\frac{RT}{(V-b)^{2}} + \frac{2a}{V^{3}}
$$

Substituting into the formula, we get

$$
c_{\mathrm{p}} - c_{\mathrm{v}} = \frac{R}{1 - \frac{2a}{RT} \frac{(V-b)^{2}}{V^{3}}}
$$",\boxed{c_{\mathrm{p}} - c_{\mathrm{v}} = \frac{R}{1 - \frac{2a}{RT} \frac{(V-b)^{2}}{V^{3}}}},EQ,,False,EN,Math Derivation
2935,Mechanics and Thermodynamics,Thermodynamics,Second Law of Thermodynamics and Entropy,"A partition divides an adiabatic container with volume \(V\) into two equal parts. The left half of the container holds 1 mole of a Van der Waals gas at temperature \(T\), with a constant molar heat capacity at constant volume \(c_v\), while the right half is a vacuum. After the partition is removed, the gas expands and fills the entire container. Find the change in temperature \(\Delta T\) of the gas.","Choose \(T, V\) as state variables, \(U = U(T, V)\),

\[
\mathrm{d} U = \left(\frac{\partial U}{\partial T}\right)_{V} \mathrm{d} T + \left(\frac{\partial U}{\partial V}\right)_{T} \mathrm{d} V = c_v \mathrm{d} T + \left[T \left(\frac{\partial p}{\partial T}\right)_{V} - p \right] \mathrm{d} V = 0
\]

Thus,

\[
\mathrm{d} T = \frac{1}{c_v} \left[p - T \left(\frac{\partial p}{\partial T}\right)_{V}\right] \mathrm{d} V
\]

Using the Van der Waals equation \(p = \frac{R T}{V-b} - \frac{a}{V^{2}}\), we find

\[
p - T \left(\frac{\partial p}{\partial T}\right)_{V} = -\frac{a}{V^{2}}
\]

Substituting into the expression for \(\mathrm{d} T\), we get

\[
\mathrm{d} T = -\frac{a}{c_v V^{2}} \mathrm{d} V
\]

Integrating from \(V/2\) to \(V\), the change in temperature after gas expansion is

\[
\Delta T = -\int_{\frac{V}{2}}^{V} \frac{a}{c_v V^{2}} \mathrm{d} V = -\frac{a}{c_v V}
\]

The negative sign indicates a decrease in temperature after free expansion of the gas.",\boxed{-\frac{a}{c_v}},EX,,False,EN,Math Derivation
2936,Mechanics and Thermodynamics,Thermodynamics,Phase Transition and Equilibrium,"1 mol of a certain gas obeys the Van der Waals equation of state $\left(p+\frac{a}{V^{2}}\right)(V-b)=RT$. Rewrite the equation of state using the reduced variables $\tilde{p}=p/p_{\mathrm{c}}, \tilde{V}=V/V_{\mathrm{c}}, \tilde{T}=T/T_{\mathrm{c}}$. What conclusions can be drawn for all gases that comply with the Van der Waals equation of state?","Divide both sides of the Van der Waals equation by $p_{\mathrm{c}} V_{\mathrm{c}}=\frac{a}{9b}$, yielding:

$$
\left(\tilde{p}+\frac{a}{V^{2}} \cdot \frac{27b^{2}}{a}\right)\left(\tilde{V}-\frac{1}{3}\right)=RT \cdot \frac{9b}{a}
$$

After rearranging, we obtain:

$$
\left(\tilde{p}+\frac{3}{\tilde{V}^{2}}\right)\left(\tilde{V}-\frac{1}{3}\right)=\frac{8}{3}\tilde{T}
$$

The above equation is known as the Van der Waals reduced equation. In the reduced equation, the constants $a$ and $b$, which relate to the specific properties of the material, are no longer present. Therefore, if reduced variables are used, all gases that satisfy the Van der Waals equation of state exhibit the same reduced equation—this result is known as the law of corresponding states.",\boxed{\left(\tilde{p}+\frac{3}{\tilde{V}^{2}}\right)\left(\tilde{V}-\frac{1}{3}\right)=\frac{8}{3}\tilde{T}},EQ,,False,EN,Math Derivation
2937,Mechanics and Thermodynamics,Thermodynamics,Thermodynamic State and First Law of Thermodynamics,"A thin-walled cylindrical plummet with its open end facing downwards is submerged into a liquid with density \(\rho\). The initial pressure of the small amount of gas sealed by water is \(p_0\), and its volume is \(V_0\). The gas behaves as an ideal gas. When the external pressure is increased to \(2p_0\), the plummet sinks. Neglect the hydrostatic pressure difference caused by the initial level difference of the liquid inside and outside the plummet. Prove that the velocity \(v\) at which the plummet sinks to a depth \(h\) is given by

\[
v^2 = 2gh - \frac{2p_0}{\rho} \ln \left(1 + \frac{\rho gh}{2p_0}\right)
\]","The net force \(F(x)\) acting on the plummet is equal to the difference between its weight and the buoyant force, which can be expressed as

\[
F(x) = f_p - f_x = V_0 \rho g - \frac{p_0 V_0 \rho g}{2p_0 + \rho g x}
\]

According to the work-energy principle, the work done by the force \(F\) is equal to the increase in the kinetic energy of the plummet. When the plummet sinks to a depth \(h\), its velocity \(v\) is given by the integral

\[
\frac{1}{2} m v^2 = \int_0^h F(x)\, \mathrm{d}x = \int_0^h \left(V_0 \rho g - \frac{p_0 V_0 \rho g}{2p_0 + \rho g x}\right) \mathrm{d}x
\]

Completing the integral and simplifying, we obtain

\[
v^2 = 2gh - \frac{2p_0}{\rho} \ln \left(1 + \frac{\rho g h}{2p_0}\right)
\]",\boxed{v^2 = 2gh - \frac{2p_0}{\rho} \ln \left(1 + \frac{\rho gh}{2p_0}\right)},EQ,,False,EN,Math Derivation
2938,Mechanics and Thermodynamics,Thermodynamics,Second Law of Thermodynamics and Entropy,"1 mol of a Van der Waals gas undergoes free expansion into a vacuum, increasing its volume from $V_1$ to $2V_1$. The initial temperature of the gas is $T_1$, and the molar heat capacity at constant volume $c_v$ is assumed to be a constant. It is known that the final temperature is $T_2 = T_1 - \frac{a}{2c_v V_1}$. Determine the change in entropy of the gas.","To calculate the change in entropy of the gas, connect the initial and final states $\left(T_1, V_1\right)$ and $\left(T_2, 2V_1\right)$ using a reversible process.

$$
\mathrm{d} S = \frac{1}{T} \mathrm{d} u + \frac{p}{T} \mathrm{d} V = c_v \frac{\mathrm{d} T}{T} + \frac{R}{V-b} \mathrm{d} V
$$

Integrating the above equation gives the change in entropy of the gas:

$$
\begin{aligned}
\Delta S & = c_v \int_{T_1}^{T_2} \frac{\mathrm{d} T}{T} + \int_{V_1}^{2V_1} \frac{R}{V-b} \mathrm{d} V = c_v \ln \frac{T_2}{T_1} + R \ln \frac{2V_1-b}{V_1-b} \\
& = c_v \ln \left(1 - \frac{a}{2V_1 c_v T_1}\right) + R \ln \frac{2V_1-b}{V_1-b}
\end{aligned}
$$

For the free expansion of an ideal gas, where $a = 0, b = 0$, we obtain

$$
\Delta S = R \ln 2
$$

This is the familiar result.",\(\boxed{R \ln 2}\),NV,,False,EN,Math Derivation
2939,Mechanics and Thermodynamics,Thermodynamics,Thermodynamic Functions and Equilibrium Conditions,"A paramagnetic system, in a uniform external field and adiabatically isolated from the environment, has an induced magnetic moment given by $M = a \frac{H}{T}$. When $H$ is given, the heat capacity is $c_{H} = \frac{b}{T^{2}}$, where $a$ and $b$ are constants. How strong should the initial field intensity $H$ be to make the temperature half of its initial value?","If

$$
T_{f} = \frac{1}{2} T_{i}, \quad \text{then} \quad H_{i} = \sqrt{\frac{2 b}{a \mu_{0}} \ln 2}
$$",\boxed{\sqrt{\frac{2 b}{a \mu_{0}} \ln 2}},NV,,False,EN,Math Derivation
2940,Mechanics and Thermodynamics,Thermodynamics,Thermodynamic Functions and Equilibrium Conditions,The equation of state for a Van der Waals gas is given by $\left(p+\frac{a}{V^{2}}\right)(V-b)=RT$. The gas undergoes an isothermal expansion from volume $V_{1}$ to $V_{2}$. Calculate the change in Helmholtz free energy.,"The original equation can be rewritten as

$$
p=\frac{R T}{V-b}-\frac{a}{V^{2}}.
$$

During the isothermal process, the change in Helmholtz free energy is

$$
\Delta F=-\int_{V_{1}}^{V_{2}} p \, \mathrm{d}V = -\int_{V_{1}}^{V_{2}}\left(\frac{R T}{V-b}-\frac{a}{V^{2}}\right) \, \mathrm{d}V = -R T \ln \left(\frac{V_{2}-b}{V_{1}-b}\right) + a\left(\frac{1}{V_{1}}-\frac{1}{V_{2}}\right).
$$",\boxed{-R T \ln \left(\frac{V_{2}-b}{V_{1}-b}\right) + a\left(\frac{1}{V_{1}}-\frac{1}{V_{2}}\right)},EX,,False,EN,Practical Application
2942,Mechanics and Thermodynamics,Thermodynamics,Second Law of Thermodynamics and Entropy,"Assume the following relationship between entropy $S$, volume $V$, internal energy $U$, and number of particles $N$: $S = A[NVU]^{1/3}$, where $A$ is a constant. Find the relationship between the following quantities: (b) $p, N, V,$ and $T$.","$$
p = -\left(\frac{\partial U}{\partial V}\right)_{S, N} = \frac{S^{3}}{A^{3} N V^{2}} = \frac{U}{V} = \frac{1}{V} \sqrt{N V} \left(\frac{A T}{3}\right)^{3/2}.
$$",\boxed{p = \frac{1}{V} \sqrt{N V} \left(\frac{A T}{3}\right)^{3/2}},EQ,,False,EN,Math Derivation
2943,Mechanics and Thermodynamics,Thermodynamics,Second Law of Thermodynamics and Entropy,"A uniform conducting rod has a length of \( L \), cross-sectional area \( A \), density \( \rho \), and specific heat capacity at constant pressure \( c_{\mathrm{p}} \). One end of the rod is in contact with a heat source at temperature \( T_{H} \), while the other end is in contact with a cold source at temperature \( T_{C} \), resulting in a non-uniform temperature distribution along the rod. The rod is then removed from the heat and cold sources, ensuring both adiabatic and isobaric conditions are maintained. Prove that the change in entropy of the rod is:

\[
\Delta S = c_{\mathrm{p}}\left(1 + \ln T_{f} + \frac{T_{C}}{T_{H} - T_{C}} \ln T_{C} - \frac{T_{H}}{T_{H} - T_{C}} \ln T_{H}\right),
\]

where

\[
c_{\mathrm{p}} = c_{\mathrm{p}} \rho A L.
\]","Given that

\[
c_{\mathrm{p}} = T\left(\frac{\partial S}{\partial T}\right)_{p},
\]

we have

\[
\Delta S = c_{\mathrm{p}} \rho A \int_{0}^{L} \mathrm{d}x \int_{T_{x}}^{\left(T_{H} + T_{C}\right) / 2} \frac{\mathrm{d} T}{T} = c_{\mathrm{p}}\left(1 + \ln T_{f} + \frac{T_{C}}{T_{H} - T_{C}} \ln T_{C} - \frac{T_{H}}{T_{H} - T_{C}} \ln T_{H}\right).
\]

where

\[
c_{\mathrm{p}} = c_{\mathrm{p}} \rho A L.
\]

Note: The following integral formula was used to find the integral:

\[
\int \ln x \, \mathrm{d}x = x(\ln x - 1) + C.
\]",\boxed{\Delta S = c_{\mathrm{p}}\left(1 + \ln T_{f} + \frac{T_{C}}{T_{H} - T_{C}} \ln T_{C} - \frac{T_{H}}{T_{H} - T_{C}} \ln T_{H}\right)},EQ,,False,EN,Math Derivation
2944,Mechanics and Thermodynamics,Thermodynamics,Phase Transition and Equilibrium,"At an atmospheric pressure of 1 atm and a temperature of $0^{\circ} \mathrm{C}$, the heat of fusion for ice is $1.4363 \,\mathrm{kcal/mol}$. If 1 mol of ice is melted under these conditions, calculate the change in entropy.","Change in entropy

$$
\Delta S = \frac{Q}{T} = \frac{1.4363 \times 10^{3}}{273} \approx 5.26 \,\mathrm{cal/K}
$$",\boxed{5.26},NV,\mathrm{cal/K},False,EN,Laws Application
2945,Mechanics and Thermodynamics,Thermodynamics,Phase Transition and Equilibrium,"The vapor pressure of solid ammonia is given by the following relationship:

$$
\ln p = 23.03 - \frac{3754}{T}
$$

The vapor pressure of liquid ammonia is given by:

$$
\ln p = 19.49 - \frac{3063}{T}
$$

In these equations, $p$ is in mmHg and $T$ is the absolute temperature.  
(1) Determine the triple point temperature.","(1) The triple point temperature $T_0$ satisfies the equation $23.03 - \frac{3754}{T} = 19.49 - \frac{3063}{T}$. Solving for $T$, we find $T = 195 \ \mathrm{K}$.",\boxed{195},NV,\mathrm{K},False,EN,Knowledge Recall
2946,Mechanics and Thermodynamics,Thermodynamics,Second Law of Thermodynamics and Entropy,"A reversible heat engine operates between two heat reservoirs with temperatures $T_{1}$ and $T_{2}$ ($T_{2} > T_{1}$). The heat reservoir at $T_{1}$ can be considered as having an infinite mass, whereas the heat reservoir at $T_{2}$ is a finite amount of gas with constant volume ($\mu$ moles, and specific heat capacity $c_{v}$). After the heat engine has been working for a long time, $T_{2}$ equalizes with $T_{1}$. What is the change in entropy of the heat reservoir at $T_{2}$?","Since $\mathrm{d}S = \frac{\mathrm{d}Q}{T} = \frac{\mu c_{v} \mathrm{d}T}{T}$, thus $\Delta S = \mu c_{v} \ln \frac{T_{1}}{T_{2}}$",\boxed{\mu c_{v} \ln \frac{T_{1}}{T_{2}}},EX,,False,EN,Laws Application
2948,Mechanics and Thermodynamics,Thermodynamics,Thermodynamic State and First Law of Thermodynamics,"In a cylinder containing pure oxygen, steel wool is placed, and the cylinder has a frictionless piston that keeps the oxygen pressure constant at 1 atm. A slow chemical reaction occurs between the iron in the steel wool and oxygen, producing $\mathrm{Fe}_{2} \mathrm{O}_{3}$. To maintain the process at a constant temperature of $25^{\circ} \mathrm{C}$, 831 J of heat is released upon the reaction of 2 mol of iron. The chemical reaction equation is:

$$
2 \mathrm{Fe} + \frac{3}{2} \mathrm{O}_{2} \longrightarrow \mathrm{Fe}_{2} \mathrm{O}_{3}
$$

Try to calculate the work $W$ done by the system on the surroundings during the process.","The chemical reaction occurs under constant pressure and temperature conditions; to sustain the reaction, oxygen must be supplied continuously. 2 mol of Fe reacts with 1.5 mol of $\mathrm{O}_{2}$ in the chemical reaction, thus the oxygen decreases by 1.5 mol. The equation of state for the oxygen is $p V = n R T$, thus $p \Delta V = (\Delta n) R T$. The volume of the steel wool can be ignored, so the work done by the system on the surroundings is

$$
W = p \Delta V = (\Delta n) R T
$$

$\Delta n = -1.5 \mathrm{~mol}$, substituting in gives

$$
W = -3.71 \times 10^{3} \mathrm{~J}
$$

The negative sign indicates work is done on the oxygen and steel wool system by the surroundings to maintain constant oxygen pressure.",\boxed{-3.71 \times 10^{3}},NV,\mathrm{J},False,EN,Practical Application
2949,Mechanics and Thermodynamics,Thermodynamics,Phase Transition and Equilibrium,"(1) Through a simple thermodynamic discussion, derive the relationship between the logarithm of the melting temperature's variation with pressure $\frac{1}{T_{m}} \frac{\mathrm{~d} T_{m}}{\mathrm{~d} p}$ and the densities of the solid and liquid phases, as well as the latent heat of the phase transition.","During a phase transition, $\mu_{\ell} = \mu_{s}$, where the subscripts $\ell$ and $s$ represent the liquid and solid phases, respectively. According to the laws of thermodynamics, we have

$$
\mathrm{d} \mu = -S \mathrm{~d} T + V \mathrm{~d} p
$$

Thus,

$$
\begin{gathered}
\left(S_{\ell} - S_{s}\right) \mathrm{d} T_{m} = \left(V_{\ell} - V_{s}\right) \mathrm{d} p \\
\frac{1}{T_{m}} \cdot \frac{\mathrm{~d} T_{m}}{\mathrm{~d} p} = \frac{V_{\ell} - V_{s}}{T_{m}\left(S_{\ell} - S_{s}\right)} = \frac{V_{\ell} - V_{s}}{L}
\end{gathered}
$$

By substituting $V = 1 / \rho$ into the above equation, we obtain

$$
\frac{\mathrm{d} T_{m}}{T_{m} \mathrm{~d} p} = \frac{1}{L \rho_{\ell}}\left(1 - \frac{\rho_{\ell}}{\rho_{s}}\right)
$$",\boxed{\frac{1}{L \rho_{\ell}}\left(1 - \frac{\rho_{\ell}}{\rho_{s}}\right)},EX,,False,EN,Math Derivation
2950,Mechanics and Thermodynamics,Thermodynamics,Phase Transition and Equilibrium,"During the process where $10 \mathrm{~kg}$ of water at $20^{\circ} \mathrm{C}$ is transformed into ice at $-10^{\circ} \mathrm{C}$, a heat source at $-10^{\circ} \mathrm{C}$ absorbs heat, resulting in an increase in its entropy. Given the heat capacities and latent heat of fusion for the heating, condensation, and cooling processes experienced by water and ice as described above, calculate the change in entropy of the heat source.","In this process, the entropy of the heat source increases as it absorbs heat:

$$
\Delta S_{\mathrm{e}} = \frac{1}{263} (10 \times (4180 \times 20 + 3.34 \times 10^{5} + 2090 \times 10)) \approx 16673 \mathrm{~J} / \mathrm{K}
$$",\boxed{16673},NV,\mathrm{J/K},False,EN,Practical Application
2951,Mechanics and Thermodynamics,Thermodynamics,Thermodynamic Functions and Equilibrium Conditions,"A $100 \, \Omega$ resistor at a normal temperature of 300 K carries a current of 10 A for 300 seconds.  
(3) What is the change in the internal energy of the system?","The increase in the internal energy of the system is  

$$  
\Delta U = 3 \times 10^{6} \, \mathrm{J}  
$$",\boxed{3 \times 10^{6}},NV,\mathrm{J},False,EN,Laws Application
2952,Mechanics and Thermodynamics,Thermodynamics,Phase Transition and Equilibrium,"At $1 \mathrm{~atm}\left(p_{0}=1 \mathrm{~atm}\right)$, the boiling point of liquid helium is $T_{0}=4.2 \mathrm{~K}$. We continuously extract gas, keeping the vapor pressure at $p_{m} \ll p_{0}$. Assume that the latent heat $L$ does not depend on temperature, and that the vapor density is much lower than the liquid density. Determine the temperature $T_{m}$ under these conditions, and express the result in terms of $L, T_{0}, p_{0}, p_{m}$, and some other constants.","At this point:

Therefore:

$$
\begin{gathered}
\frac{\mathrm{d} p}{\mathrm{~d} T}=\frac{L}{R} \frac{p}{T^{2}} \\
\ln \frac{p_{0}}{p_{m}}=\frac{L}{R}\left(\frac{1}{T_{m}}-\frac{1}{T_{0}}\right)
\end{gathered}
$$

Thus:

$$
T_{m}=\frac{T_{0}}{1+\frac{R T_{0}}{L} \ln \frac{p_{0}}{p_{m}}}
$$","\[
\boxed{T_{m} = \frac{T_{0}}{1+\frac{R T_{0}}{L} \ln \frac{p_{0}}{p_{m}}}}
\]",EQ,,False,EN,Math Derivation
2953,Mechanics and Thermodynamics,Thermodynamics,Thermodynamic Functions and Equilibrium Conditions,"If the equation of state of a dielectric is $P = \frac{cVE}{T}$, where $P$ is the electric polarization, $E$ is the electric field intensity, $V$ is the volume of the dielectric, and $c$ is a constant. In a reversible adiabatic process, how much does the temperature of the dielectric change when the electric field $E$ changes from $E_{i}$ to $E_{f}$? Assume the specific heat capacity $c_{E}$ of the dielectric is constant.","In a reversible adiabatic process, $\mathrm{d}S = 0$. According to the equation $T \mathrm{d}S$:

$$
c_{E} \mathrm{~d} T - \frac{cV}{T} E \mathrm{~d} E = 0
$$

When the electric field $E$ changes from $E_{i}$ to $E_{f}$, the temperature of the dielectric changes from $T_{i}$ to $T_{f}$. Integrating the equation gives:

$$
\int_{T_{i}}^{T_{f}} T \mathrm{d} T = \frac{cV}{c_{E}} \int_{E_{i}}^{E_{f}} E \mathrm{d} E
$$

Completing the integration, we obtain:

$$
T_{f}^{2} - T_{i}^{2} = \frac{cV}{c_{E}}\left(E_{f}^{2} - E_{i}^{2}\right)
$$

The change in temperature of the dielectric is:

$$
\Delta T = T_{f} - T_{i} = T_{i} \left\{\sqrt{1 + \frac{cV}{c_{E} T_{i}^{2}}\left(E_{f}^{2} - E_{i}^{2}\right)} - 1\right\}
$$

If $\Delta E = E_{f} - E_{i}$ is a small quantity, the equation can be simplified to:

$$
\Delta T = \frac{cVE}{c_{E} T_{i}} \Delta E
$$",\boxed{\Delta T = T_{i}\left\{\sqrt{1+\frac{c V}{c_{E} T_{i}^{2}}\left(E_{f}^{2}-E_{i}^{2}\right)}-1\right\}},EX,,False,EN,Math Derivation
2955,Mechanics and Thermodynamics,Thermodynamics,Phase Transition and Equilibrium,"In an ideal gas mixture, a chemical reaction occurs:

$$
\nu_3 \mathrm{~A}_3 + \nu_4 \mathrm{~A}_4 - \nu_1 \mathrm{~A}_1 - \nu_2 \mathrm{~A}_2 = 0
$$

Determine the moles of $\mathrm{A}_3$ and $\mathrm{A}_4$ produced when the degree of reaction is $\varepsilon$.","The moles of gases $\mathrm{A}_3$ and $\mathrm{A}_4$ produced are respectively:

$$
n_3 = \varepsilon n_0 \nu_3, \quad n_4 = \varepsilon n_0 \nu_4
$$","\boxed{n_3 = \varepsilon n_0 \nu_3, n_4 = \varepsilon n_0 \nu_4}",EQ,"None, None",True,EN,Laws Application
2956,Mechanics and Thermodynamics,Thermodynamics,Thermodynamic State and First Law of Thermodynamics,"A hot air balloon has a volume of \( V = 1.2 \, \mathrm{m}^{3} \), which is non-expandable, and the mass of the balloon envelope is \( m = 0.2 \, \mathrm{kg} \). The volume of the balloon envelope is negligible. When the atmospheric pressure \( p_{0} = 1.0 \, \mathrm{atm} \) and the air temperature is \( t_{1} = 20^{\circ} \mathrm{C} \), the balloon is just floating in the atmosphere at ground level. What is the temperature \( t_{2} \) of the hot air inside the balloon? Assume the molar mass of air is \( \mu = 29 \, \mathrm{g/mol} \).","For the balloon to float in the atmosphere, two conditions must be met: first, the pressure inside and outside the balloon must be equal; second, the buoyant force on the balloon must equal its weight. Let the air density at temperatures \( t_{1} \) and \( t_{2} \) be \( \rho_{1} \) and \( \rho_{2} \) respectively. For an ideal gas, the relationship among pressure \( p \), density \( \rho \), and temperature \( T \) is given by the equation of state

\[ p = \frac{\rho R T}{\mu} \]

When the balloon is floating in the atmosphere, the pressures of the air inside and outside the balloon are equal, which gives the first condition:

\[
\rho_{1} T_{1} = \rho_{2} T_{2} \tag{1}
\]

The second condition is the equilibrium of buoyant force and weight:

\[
\rho_{1} V g = m g + \rho_{2} V g \tag{2}
\]

where \( \rho_{1} \) is the atmospheric density at \( T_{1} = 293 \, \mathrm{K} \) and \( p_{0} = 1.0 \, \mathrm{atm} \), with the value

\[
\rho_{1} = \frac{p_{0} \mu}{R T_{1}} = 1.21 \, \mathrm{kg/m}^{3}
\]

Solving equations (1) and (2), we find

\[
T_{2} = \frac{\rho_{1}}{\rho_{2}} T_{1} = \frac{\rho_{1}}{\rho_{1} - \frac{m}{V}} T_{1} = 340 \, \mathrm{K}
\]

Thus,

\[
t_{2} = T_{2} - 273 = 67^{\circ} \mathrm{C}
\]",\boxed{67},NV,^{\circ} \mathrm{C},False,EN,Laws Application
2960,Mechanics and Thermodynamics,Thermodynamics,Second Law of Thermodynamics and Entropy,"There are large thermal reservoirs at $900 \ \mathrm{K}(H)$ and $300 \ \mathrm{K}(C)$. A reversible engine operates between $H$ and $C$. If 100 cal of heat is absorbed from $H$, what is the change in entropy of the entire system during this process?","The change in entropy of the entire system is

$$
\Delta S = -\frac{Q_{1}}{T_{H}} + \frac{Q_{2}}{T_{C}} = -\frac{100}{900} + \frac{100/3}{300} = 0
$$",\boxed{0},NV,,False,EN,Laws Application
2962,Mechanics and Thermodynamics,Thermodynamics,Thermodynamic Functions and Equilibrium Conditions,"A thermally insulated cylinder with closed ends is divided into two parts by a frictionless, heat-conducting piston. Initially, the piston is positioned in the center, with one side containing \( 1 \, \text{L} \) of air at a temperature of \( 200 \, \text{K} \) and a pressure of \( 2 \, \text{atm} \); the other side also contains \( 1 \, \text{L} \) of air, but at a temperature of \( 300 \, \text{K} \) and a pressure of \( 1 \, \text{atm} \). The piston is loosened, and the system reaches equilibrium at its new position. Calculate the final pressure and temperature.","The number of particles on each side remains constant. Let's denote the number of particles on each side as \( N_{1} \) and \( N_{2} \), the final pressure as \( p \), and the temperature as \( T \). The air behaves as an ideal gas, thus

\[
p_{1} V_{0} = N_{1} k T_{1}, \quad p_{2} V_{0} = N_{2} k T_{2}
\]

where \( p_{1} = 2 \, \text{atm}, \, T_{1} = 200 \, \text{K}; \, p_{2} = 1 \, \text{atm}, \, T_{2} = 300 \, \text{K}; \, V_{0} = 1 \, \text{L} \). The piston is frictionless, does not consume the internal energy of the air, and the cylinder is adiabatic, so the total internal energy of the gas remains unchanged, i.e.,

\[
\frac{1}{2} \mu N_{1} k T_{1} + \frac{1}{2} \mu N_{2} k T_{2} = \frac{1}{2} \mu \left(N_{1} + N_{2}\right) k T
\]

where \(\mu\) is the degree of freedom of the gas molecules.

\[
T = \frac{T_{1} + \frac{N_{2}}{N_{1}} T_{2}}{N_{2} / N_{1} + 1} = \frac{1 + \frac{p_{2}}{p_{1}}}{1 + \frac{p_{2}}{p_{1}} \cdot \frac{T_{1}}{T_{2}}} T_{1} = 225 \, \text{K}
\]

Given that \( V_{1} + V_{2} = 2 V_{0} \), it follows that

\[
p = \frac{\left(N_{1} + N_{2}\right)}{2 V_{0}} k T = \frac{T}{2}\left(\frac{p_{1}}{T_{1}} + \frac{p_{2}}{T_{2}}\right) = 1.5 \, \text{atm}
\]","\boxed{225, 1.5}","NV, NV","\text{K}, \text{atm}",True,EN,Laws Application
2964,Mechanics and Thermodynamics,Thermodynamics,Second Law of Thermodynamics and Entropy,"A practical refrigerator operates between two constant temperature heat reservoirs, with temperatures \( T_{1}=400 \, \text{K} \) and \( T_{2}=250 \, \text{K} \). Assume that in each cycle, the working substance of the refrigerator absorbs heat \( Q_{2}=500 \, \text{J} \) from the heat reservoir at \( T_{2} \), and the total entropy change of the heat reservoirs and the working substance is \( \Delta S=2.1 \, \text{J/K} \). Find the work \( W \) done on the refrigerator by the surroundings per cycle and the coefficient of performance \( \varepsilon \) of the refrigerator.","The total entropy change of the large system composed of the refrigerator, heat reservoirs, and working substance is \( \Delta S = 2.1 \, \text{J/K} \). After one cycle, the refrigerator and working substance return to their original states, resulting in zero entropy change, thus we have
\[
\Delta S = \Delta S_{\text{system}} = \frac{Q_{1}}{T_{1}} - \frac{Q_{2}}{T_{2}}
\]
From this, solving for the heat released to the heat reservoir \( T_{1} \) by the refrigerator, \( Q_{1} \), we have
\[
Q_{1} = T_{1} \left( \Delta S + \frac{Q_{2}}{T_{2}} \right) = 1640 \, \text{J}
\]
The work done on the refrigerator by the surroundings is
\[
W = Q_{1} - Q_{2} = 1140 \, \text{J}
\]
Therefore, the coefficient of performance is
\[
\varepsilon = \frac{Q_{2}}{W} = 0.439
\]","\boxed{1140, 0.439}","NV, NV","\text{J}, None",True,EN,Practical Application
2965,Mechanics and Thermodynamics,Thermodynamics,Phase Transition and Equilibrium,"The specific volumes of water and water vapor are $1.043 \times 10^{-3} \mathrm{~m}^{3} /\mathrm{kg}$ and $1.673 \mathrm{~m}^{3} /\mathrm{kg}$, respectively. It is known that the enthalpy change for converting $1 \mathrm{~mol}$ of ice at $0^{\circ} \mathrm{C}$ to steam at $100^{\circ} \mathrm{C}$ at 1 atm is $5.417 \times 10^{4} \mathrm{~J}$. Calculate the change in internal energy $\Delta U$.","The change in internal energy of the system in an isobaric process is given by

$$
\begin{aligned}
\Delta U & = \Delta H - p \Delta V = \Delta H - p m \left(V_{\text{vapor}} - V_{\text{liquid}}\right) \\
& = 5.417 \times 10^{4} - 1.013 \times 10^{5} \times 0.018 \times \left(1.673 - 1.043 \times 10^{-3}\right) \\
& = 5.112 \times 10^{4} \mathrm{~J}
\end{aligned}
$$",\boxed{5.112 \times 10^{4}},NV,,False,EN,Laws Application
2966,Mechanics and Thermodynamics,Thermodynamics,Non-equilibrium Thermodynamics,"A container is divided into two parts by a partition, with both sides filled with the same type of gas at a temperature \(T\) and molar mass \(\mu\). The pressure and molecular number density of the gas are \(p_{1}\), \(n_{1}\) and \(p_{2}\), \(n_{2}\), respectively. If a small hole with an area \(A\) is made in the partition, such that the hole size is less than the mean free path of the gas molecules, prove that the mass of gas passing through the hole per second is given by

\[
\dot{M}=\sqrt{\frac{\mu}{2 \pi k T}} A\left(p_{1}-p_{2}\right)
\]

Assume \(p_{1}>p_{2}\).","Since the mean free path \(\bar{\lambda} > \sqrt{A}\), the gas on both sides of the partition is in equilibrium. The number of molecules passing through hole \(A\) from chamber I to chamber II per second is

\[
j_{N} = \left(\gamma_{1} - \gamma_{2}\right) A = \frac{1}{4}\left(n_{1} \bar{v}_{1} - n_{2} \bar{v}_{2}\right) A
\]

Using \(n = \frac{p}{k T}\) and \(\bar{v}_{1} = \bar{v}_{2} = \sqrt{\frac{8 k T}{\pi \mu}}\), substitute to obtain

\[
j_{N} = \frac{1}{4 k T} \sqrt{\frac{8 k T}{\pi \mu}} A\left(p_{1} - p_{2}\right)
\]

The mass of gas passing through hole \(A\) per second is

\[
\dot{M} = m j_{N} = \frac{m}{4 k T} \sqrt{\frac{8 k T}{\pi \mu}} A\left(p_{1} - p_{2}\right) = \sqrt{\frac{\mu}{2 \pi k T}} A\left(p_{1} - p_{2}\right)
\]",\boxed{\sqrt{\frac{\mu}{2 \pi k T}} A\left(p_{1} - p_{2}\right)},EX,,False,EN,Math Derivation
2969,Mechanics and Thermodynamics,Thermodynamics,Second Law of Thermodynamics and Entropy,"A frictionless, non-leaking piston with low thermal conductivity slides within an adiabatic cylindrical container. Both chambers $A$ and $B$ on either side of the piston contain equal amounts of monoatomic ideal gas. Assume that at the initial moment, the temperature of the gas in $A$ is $T_{0}$, and the temperature in $B$ is $3 T_{0}$. Throughout the process, the system can be considered to be in mechanical equilibrium, and eventually, the system will also reach thermal equilibrium. Determine the volume ratio of chambers $A$ and $B$ at the initial moment and at $t = \infty$.","According to the problem, the pressures in chambers $A$ and $B$ are $p_{A} = p_{B} = p$, the number of moles is $n_{A} = n_{B} = n$, and the initial temperatures are $T_{A} = T_{0}$, $T_{B} = 3 T_{0}$. Using the ideal gas law, at $t=0$ we have:

$$
\frac{V_{A}}{V_{B}} = \left(\frac{T_{A}}{T_{B}}\right)_{i} = \frac{1}{3}
$$

When $t=\infty$, the system reaches thermal equilibrium with $T_{A f} = T_{B f} = T_{\mathrm{f}}$, hence:

$$
\left(\frac{V_{A}}{V_{B}}\right)_{f} = 1
$$","\boxed{\frac{1}{3}, 1}","NV, NV","None, None",True,EN,Laws Application
2970,Mechanics and Thermodynamics,Thermodynamics,Second Law of Thermodynamics and Entropy,"There are two identical objects, each with a constant specific heat capacity at constant pressure, \( c_{\mathrm{p}} \). The initial temperature of both objects is \( T_{0} \). A refrigerator operates between the two objects until the temperature of one object drops to \( T_{2} \). Assuming the objects are maintained at constant pressure and do not undergo a phase change, determine the change in entropy of object 2.","Object 2: The initial temperature is \( T_{0} \), and the final temperature is \( T_{2} \). The heat released \( Q_{2} \) and the change in entropy \( \Delta S_{2} \) are given as:

$$
Q_{2} = c_{\mathrm{p}}(T_{0} - T_{2})
$$

$$
\Delta S_{2} = \int_{T_{0}}^{T_{2}} c_{\mathrm{p}} \frac{\mathrm{d}T}{T} = c_{\mathrm{p}} \ln \frac{T_{2}}{T_{0}}
$$",\boxed{c_{\mathrm{p}} \ln \frac{T_{2}}{T_{0}}},EX,,False,EN,Laws Application
2971,Mechanics and Thermodynamics,Thermodynamics,Second Law of Thermodynamics and Entropy,"A partition divides an adiabatic container with a volume of \(V\) into two equal parts. The left half of the container contains 1 mole of van der Waals gas at a temperature \(T\), with a constant molar heat capacity at constant volume \(c_v\). The right half is a vacuum. When the partition is removed, the gas expands and fills the entire container. Determine the change in entropy \(\Delta S\) of the gas.","Before the gas expands, its temperature and volume are \((T, \frac{V}{2})\). After free expansion, the temperature and volume of the gas are \((T+\Delta T, V)\). To calculate the change in entropy \(\Delta S\) of the gas, connect the initial and final states using a reversible process. According to the fundamental thermodynamic equation:

\[
T \mathrm{d} S=\mathrm{d} U+p \mathrm{d} V=c_v \mathrm{d} T+T\left(\frac{\partial p}{\partial T}\right)_{V} \mathrm{d} V=c_v \mathrm{d} T+\frac{R T}{V-b} \mathrm{d} V
\]

The change in entropy \(\Delta S\) of the gas from before to after expansion can be obtained by integrating the above equation:

\[
\begin{aligned}
\Delta S & =\int_{i}^{f} \mathrm{d} S=\int_{T}^{T+\Delta T} c_v \frac{\mathrm{d} T}{T}+\int_{\frac{V}{2}}^{V} \frac{R}{V-b} \mathrm{d} V=c_v \ln \frac{T+\Delta T}{T}+R \ln \frac{V-b}{\frac{V}{2}-b} \\
& =c_v \ln \left(1-\frac{a}{c_v T V}\right)+R\left(\ln 2+\ln \frac{1-\frac{b}{V}}{1-\frac{2 b}{V}}\right)
\end{aligned}
\]

Under normal conditions where \(\frac{a}{c_v T V} \ll 1\) and \(\frac{b}{V} \ll 1\),

\[
\Delta S \approx-\frac{a}{T V}+R\left(\ln 2+\frac{b}{V}\right)=R \ln 2+R\left(\frac{b}{V}-\frac{a}{R T V}\right)
\]

If the second term is neglected, \(\Delta S=R \ln 2\), which represents the entropy increase of an ideal gas after free expansion. The second term is a small quantity, representing the correction for the van der Waals gas compared to the entropy increase of an ideal gas.",\boxed{R \ln 2},NV,,False,EN,Math Derivation
2973,Mechanics and Thermodynamics,Thermodynamics,Phase Transition and Equilibrium,"Consider a 50 W motor, and assume the ambient air temperature is $27^{\circ} \mathrm{C}$. Freeze $2 \mathrm{~kg}$ of water at $0^{\circ}\mathrm{C}$ into ice. Given the latent heat of fusion of ice $L = 1.44 \mathrm{kcal}/\mathrm{mol}$. How much time is needed at minimum to freeze this amount of water?","Freezing $2 \mathrm{~kg}$ of water at $0^{\circ}\mathrm{C}$ into ice will release $Q_{2} = 1.44 \times 2 \times 10^{3} \div 18 = 1.6 \times 10^{2}\mathrm{(kcal)}$ of heat. The maximum work coefficient of the motor is

$$
\varepsilon = \frac{T_{2}}{T_{1} - T_{2}} = \frac{Q_{2}}{W_{\min}}
$$

Therefore,

$$
W_{\min} = Q_{2} \frac{T_{1} - T_{2}}{T_{2}}
$$

The minimum time required using a motor of $P = 50 \mathrm{~W}$ is

$$
\tau = \frac{W_{\min}}{P} = \frac{Q_{2}}{P} \cdot \frac{T_{1} - T_{2}}{T_{2}}
$$

Substituting $T_{1} = 300 \mathrm{~K}, T_{2} = 273 \mathrm{~K}$ results in $\tau=1.3 \times 10^{3} \mathrm{~s}$.",\boxed{1.3 \times 10^{3}},NV,\mathrm{s},False,EN,Laws Application
2974,Mechanics and Thermodynamics,Thermodynamics,Non-equilibrium Thermodynamics,"A sphere with a radius of \( R \) is immersed in an unbounded liquid with a temperature of \( T_0 \). At \( t=0 \), the temperature of the sphere is \( T_1 \), and \( T_1 > T_0 \), and it remains at this temperature thereafter. The thermal conductivity of the liquid is \( \kappa \), specific heat capacity is \( c \), and density is \( \rho \). Derive the explicit expression for the temperature distribution as \( t \rightarrow \infty \).","As \( t \rightarrow \infty \), the integral simplifies to

\[
\int_{0}^{\infty} e^{-x^{2}} \, \mathrm{d} x = \frac{\sqrt{\pi}}{2}
\]

Thus, at finite times we have

\[
T(r, t \rightarrow \infty) = T_0 + (T_1-T_0) \frac{R}{r}
\]

Therefore, \( T(R, \infty) = T_1 \) and \( T(\infty, \infty) = T_0 \). These are exactly the boundary conditions we expect for the steady-state solution.","\boxed{T(r, t \rightarrow \infty) = T_0 + (T_1-T_0) \frac{R}{r}}",EQ,,False,EN,Math Derivation
2976,Mechanics and Thermodynamics,Thermodynamics,Non-equilibrium Thermodynamics,"Select the best numerical value. Because the temperature variation over a day is not noticeable at a depth of 10 cm below a granite surface, the thermal conductivity of granite should be

\[
5 \times \left(10^{-3}, 10^{-1}, 10^{2}, 10^{5}\right) \mathrm{cal} /(\mathrm{s} \cdot \mathrm{~cm} \cdot{ }^{\circ} \mathrm{C})
\]

Assume that the temperature 10 cm below the granite surface remains at the daily average temperature \(T_{0}{ }^{\circ} \mathrm{C}\). Consider the situation when the sun is at its strongest during the day. At this time, the surface temperature is \(T_{1}{ }^{\circ} \mathrm{C}\), and generally, \(T_{1} \sim T_{0}+10^{\circ} \mathrm{C}\). The solar radiation reaching Earth will be conducted underground through the surface. Given that the intensity of solar radiation to Earth is

\[
Q = 1400 \mathrm{~W} / \mathrm{m}^{2} \approx 3.3 \times 10^{-2} \mathrm{cal} /(\mathrm{s} \cdot \mathrm{~cm}^{2})
\]

Assuming \(Q\) is fully absorbed by the Earth, calculate the thermal conductivity \(\kappa\) using Fourier's law of heat conduction.","According to Fourier's law of heat conduction,

\[
\begin{aligned}
\kappa & = Q \cdot \frac{\Delta x}{\Delta T} = Q \cdot \frac{\Delta x}{T_{1}-T_{0}} \approx 3.3 \times 10^{-2} \mathrm{cal} /(\mathrm{s} \cdot \mathrm{~cm}^{2}) \times \frac{10 \mathrm{~cm}}{10^{\circ} \mathrm{C}} \\
& = 3.3 \times 10^{-2} \mathrm{cal} /(\mathrm{s} \cdot \mathrm{~cm} \cdot{ }^{\circ} \mathrm{C})
\end{aligned}
\]

Therefore, we should select \(5 \times 10^{-3} \mathrm{cal} /(\mathrm{s} \cdot \mathrm{cm} \cdot{ }^{\circ} \mathrm{C})\) as the answer.",\boxed{5 \times 10^{-3}},NV,\mathrm{cal} /\left(\mathrm{s} \cdot \mathrm{cm} \cdot{ }^{\circ} \mathrm{C}\right),False,EN,
2979,Mechanics and Thermodynamics,Thermodynamics,Phase Transition and Equilibrium,"Integrating the above equation yields

$$
p(x)=p_{0}(1-x)
$$

where $p_{0}$ is the saturation vapor pressure of the pure solvent at this temperature, and $p(x)$ is the saturation vapor pressure when the solute concentration is $x$. This formula is known as Raoult's law.","By keeping $T$ constant, integrate the above equation with respect to $x$ from 0 to $x$ to obtain

$$
p(x)=p_{0}(1-x)
$$

In this equation, $p_{0}$ is the saturation vapor pressure of the pure solvent $(x=0)$, and $p(x)$ is the saturation vapor pressure when the solute concentration is $x$. This formula is known as Raoult's law. It indicates that, in a dilute solution, the saturation vapor pressure of the solvent equals the saturation vapor pressure of the pure solvent multiplied by the mole fraction of the solvent in the solution.",\boxed{p(x) = p_{0}(1-x)},EQ,,False,EN,Laws Application
2980,Mechanics and Thermodynamics,Thermodynamics,Phase Transition and Equilibrium,"1 mol of a certain gas obeys the Van der Waals equation of state $\left(p+\frac{a}{V^{2}}\right)(V-b)=RT$. Please calculate the pressure $p_{\mathrm{c}}$, volume $V_{\mathrm{c}}$, and temperature $T_{\mathrm{c}}$ of this gas at the critical point.","At the critical point, $T_{\mathrm{c}}, V_{\mathrm{c}}, p_{\mathrm{c}}$ satisfy the following equations:

\begin{align*}
\left(\frac{\partial p}{\partial V}\right)_{T} & =-\frac{RT_{\mathrm{c}}}{\left(V_{\mathrm{c}}-b\right)^{2}}+\frac{2a}{V_{\mathrm{c}}^{3}}=0  \tag{1}\\
\left(\frac{\partial^{2} p}{\partial V^{2}}\right)_{T} & =\frac{2RT_{\mathrm{c}}}{\left(V_{\mathrm{c}}-b\right)^{3}}-\frac{6a}{V_{\mathrm{c}}^{4}}=0  \tag{2}\\
p_{\mathrm{c}} & =\frac{RT_{\mathrm{c}}}{V_{\mathrm{c}}-b}-\frac{a}{V_{\mathrm{c}}^{2}} \tag{3}
\end{align*}

Solving equations (1) and (2), we get

$$
V_{\mathrm{c}}=3b, \quad T_{\mathrm{c}}=\frac{8a}{27bR}
$$

Substituting into equation (3), we obtain

$$
p_{\mathrm{c}}=\frac{a}{27b^{2}}
$$","\boxed{p_{\mathrm{c}}=\frac{a}{27b^{2}}, V_{\mathrm{c}}=3b, T_{\mathrm{c}}=\frac{8a}{27bR}}",EQ,"None, None, None",True,EN,Math Derivation
2982,Mechanics and Thermodynamics,Thermodynamics,Non-equilibrium Thermodynamics,Consider a fluid composed of non-interacting particles with a spin of $\frac{1}{2}$ and mass $m$ at absolute zero temperature $T=0 \mathrm{~K}$. Determine the speed of sound $v_s$ in this fluid.,"At $T=0 \mathrm{~K}$, the Fermi gas with spin $\frac{1}{2}$ has

$$
p = \frac{2}{5} \frac{N \mu_{0}}{V} = \frac{2}{5} \cdot \frac{h^{2}}{2m} \left( \frac{3N}{8\pi V} \right)^{2/3} \cdot \frac{N}{V} = \frac{h^{2}}{5m^{2}} \left( \frac{3}{8\pi} \right)^{2/3} \cdot \rho^{5/3}
$$

Therefore,

$$
v_{s} = \frac{1}{\sqrt{3}} \frac{h}{m} \left( \frac{3N}{8\pi V} \right)^{1/3}
$$","\[
\boxed{\frac{1}{\sqrt{3}} \frac{h}{m} \left( \frac{3N}{8\pi V} \right)^{1/3}}
\]",EX,,False,EN,Math Derivation
2983,Mechanics and Thermodynamics,Thermodynamics,Second Law of Thermodynamics and Entropy,"An insulating partition divides an adiabatic container with a volume of \(V\) into two equal parts. The left half of the container holds 1 mole of a Van der Waals gas at a temperature \(T\), with a constant heat capacity at constant volume \(c_v\). The right half is a vacuum. When the partition is removed, the gas expands to fill the entire container. Determine the change in the internal energy \(\Delta U\) of the gas.","This is a free expansion process of a Van der Waals gas, where \(Q=0\) and \(W=0\). Therefore, the internal energy of the gas remains unchanged, which means

\[
\Delta U=0
\]",\boxed{0},NV,,False,EN,Laws Application
2985,Mechanics and Thermodynamics,Thermodynamics,Thermodynamic State and First Law of Thermodynamics,"A hot air balloon has a volume \( V=1.2 \, \mathrm{m}^{3} \) and is non-expandable. The mass of the balloon's envelope \( m=0.2 \, \mathrm{kg} \) can be considered negligible. When the atmospheric pressure \( p_{0}=1.0 \, \mathrm{atm} \) and the air temperature is \( t_{1}=20^{\circ} \mathrm{C} \), the balloon is initially anchored to the ground, and the air inside is heated to \( t_{3}=110^{\circ} \mathrm{C} \) and maintained constant. The balloon is then released. Neglecting air resistance, find the initial acceleration \( a \) of the balloon. Assume the molar mass of the atmosphere is \( \mu=29 \, \mathrm{g/mol} \).","When the air inside the balloon is heated to \( t_{3}=110^{\circ} \mathrm{C} \), the density of the air inside the balloon decreases, resulting in buoyancy exceeding the weight, causing the balloon to accelerate upward. The initial acceleration \( a \) can be determined using the condition of equal pressure inside and outside the balloon and Newton's equations of motion:

\[
\begin{gather*}
\rho_{1} T_{1}=\rho_{3} T_{3}  \tag{3} \\
\rho_{1} V g - (m+\rho_{3} V) g = (m+\rho_{3} V) a \tag{4}
\end{gather*}
\]

Here, \( \rho_{3} \) is the density of the air inside the balloon at temperature \( t_{3} \). Solving equations (3) and (4), the initial acceleration is given by:

\[
a=\frac{\rho_{1}(T_{3}-T_{1}) V - m T_{3}}{m T_{3}+\rho_{1} T_{1} V} g=1.04 \, \mathrm{m/s}^{2}
\]",\boxed{1.04},NV,,False,EN,Laws Application
2988,Mechanics and Thermodynamics,Thermodynamics,Phase Transition and Equilibrium,"At low temperatures, helium can be considered a mixture of two fluids: one is a normal fluid, which has density and viscosity; the other is a superfluid, which has no density and no viscosity. Two containers with volumes \( V_{1} \) and \( V_{2} \) are filled with helium and connected by a thin capillary tube. The normal fluid cannot pass through the capillary, but the superfluid can flow freely within it. Assume that both containers are thermally isolated from the surroundings and from each other (i.e., \( T_{1} \) and \( T_{2} \) remain constant). By changing the temperature and pressure of the helium in container 1 to maintain equilibrium between the two containers, prove that \(\mathrm{d} p_{1} / \mathrm{d} T_{1} = S_{1} / V_{1}\), where \( S_{1} \) is the entropy of container 1.","When the helium in the two containers reaches equilibrium, \(\mu_{1} = \mu_{2} = \mu\), thus

\[
\mathrm{d} \mu_{1} = -S_{1} \mathrm{~d} T_{1} + V_{1} \mathrm{~d} p_{1} = \mathrm{d} \mu = 0
\]

From this, we derive

\[
\frac{\mathrm{d} p_{1}}{\mathrm{~d} T_{1}} = \frac{S_{1}}{V_{1}}
\]",\boxed{\frac{S_{1}}{V_{1}}},EX,,False,EN,Math Derivation
2989,Mechanics and Thermodynamics,Thermodynamics,Thermodynamic State and First Law of Thermodynamics,"Two parallel plates in a vacuum have a spacing much smaller than the dimensions of the plates. Let \( T_{1} = 300\, \text{K} \) and \( T_{2} = 4.2\, \text{K} \), with both plates acting as black bodies. When \( n \) identical black body plates are inserted between them, find the net energy transferred per unit time per unit area \( W \) between the plates. The Stefan-Boltzmann constant is \(\sigma = 5.67 \times 10^{-8} \mathrm{\, W/m^2 \, K^4}\).","Assume the temperatures of the \( n \) inserted plates reach equilibrium at \( t_{1}, t_{2}, \cdots, t_{n} \). When one plate is inserted, we have \( T_{1}^{4}-t_{1}^{4}=t_{1}^{4}-T_{2}^{4} \), solving for which gives:
$$
t_{1}^{4}=\frac{T_{1}^{4}+T_{2}^{4}}{2}; \quad W=\sigma\left(T_{1}^{4}-t_{1}^{4}\right)=\frac{\sigma}{2}\left(T_{1}^{4}-T_{2}^{4}\right)
$$

When two plates are inserted, we have \( T_{1}^{4}-t_{1}^{4}=t_{1}^{4}-t_{2}^{4}=t_{2}^{4}-T_{2}^{4} \), solving for which gives:
$$
t_{1}^{4}=\frac{4}{3}\left(\frac{T_{1}^{4}}{2}+\frac{T_{2}^{4}}{4}\right), \quad W=\frac{\sigma}{3}\left(T_{1}^{4}-T_{2}^{4}\right)
$$

When \( n \) plates are inserted, we have \( T_{1}^{4}-t_{1}^{4}=t_{1}^{4}-t_{2}^{4}=\cdots=t_{n}^{4}-T_{2}^{4} \), and we find:
$$
\begin{gathered}
t_{1}^{4}=\frac{n}{n+1} T_{1}^{4}+\frac{1}{n+1} T_{2}^{4} \\
W=\sigma\left(T_{1}^{4}-t_{1}^{4}\right)=\frac{\sigma}{n+1}\left(T_{1}^{4}-T_{2}^{4}\right)
\end{gathered}
$$",\[\boxed{\frac{\sigma}{n+1}\left(T_{1}^{4}-T_{2}^{4}\right)}\],EX,,False,EN,Math Derivation
2990,Mechanics and Thermodynamics,Thermodynamics,Non-equilibrium Thermodynamics,"In the troposphere (altitude from $0 \sim 12 \mathrm{~km}$), the temperature decreases with increasing altitude, whereas, in the stratosphere above it ($12 \sim 50 \mathrm{~km}$), the temperature increases with altitude. Sound waves emitted at the top of the troposphere can propagate a long distance at the same altitude, with their intensity attenuating according to $\frac{1}{R}$. Explain this phenomenon ($R$ is the distance propagated along the top of the troposphere).","When sound waves propagate through cold air, refraction occurs, and the propagation direction always bends towards the lower temperature region. At the top of the troposphere, the temperature increases whether the altitude increases or decreases; therefore, this temperature distribution allows the sound waves to remain propagating at the height of the troposphere. At this point, the sound waves propagate in a circular pattern on the spherical surface at the top of the troposphere, and thus the intensity decreases with $\frac{1}{R}$.",\boxed{\frac{1}{R}},NV,,False,EN,Laws Application
2996,Mechanics and Thermodynamics,Thermodynamics,Second Law of Thermodynamics and Entropy,"A frictionless, airtight piston with low thermal conductivity slides within an adiabatic cylindrical container. The chambers $A$ and $B$ on either side of the piston contain equal amounts of a monatomic ideal gas. Initially, the temperature of the gas in chamber $A$ is $T_{0}$, and the temperature in chamber $B$ is $3 T_{0}$. The system is considered to be in mechanical equilibrium at all times, and it will eventually reach thermal equilibrium. What is the total entropy change for each mole of gas in the system from the state at $t=0$ to the state at $t=\infty$?","At $t=\infty$, the system reaches thermal equilibrium, and the temperature of the gas in chambers $A$ and $B$ is $T_{\mathrm{f}}$. Given that the internal energy of the system remains constant, we have:

$$
n c_{\mathrm{v}} \left(T_{\mathrm{f}} - T_{0}\right) + n c_{\mathrm{v}} \left(T_{\mathrm{f}} - 3 T_{0}\right) = 0
$$

Solving yields:

$$
T_{\mathrm{f}} = 2 T_{0}
$$

Since the process occurs at constant pressure, we have:

$$
\mathrm{d} S = n c_{\mathrm{p}} \frac{\mathrm{d} T}{T}
$$

Completing the integration, the entropy change for 1 mol of gas from $t=0$ to $t=\infty$ in chambers $A$ and $B$ is:

$$
\begin{gathered}
\Delta S_{A} = n c_{\mathrm{p}} \ln \frac{T_{\mathrm{f}}}{T_{0}} = n c_{\mathrm{p}} \ln 2 \\
\Delta S_{B} = n c_{\mathrm{p}} \ln \frac{T_{\mathrm{f}}}{3 T_{0}} = n c_{\mathrm{p}} \ln \frac{2}{3}
\end{gathered}
$$

For a monatomic ideal gas, taking $c_{\mathrm{p}} = \frac{5}{2} R$, the total entropy change for 1 mol of gas in the system is:

$$
\Delta S = \frac{1}{2 n}\left(\Delta S_{A} + \Delta S_{B}\right) = \frac{5}{4} R \ln \frac{4}{3}
$$",\boxed{\frac{5}{4} R \ln \frac{4}{3}},NV,,False,EN,Laws Application
2997,Mechanics and Thermodynamics,Thermodynamics,Phase Transition and Equilibrium,"Under a pressure of 1 atm and at a temperature of $0^{\circ} \mathrm{C}$, the heat of fusion of ice is $1.4363 \,\mathrm{kcal/mol}$. If 1 mol of ice is melted under these conditions, determine the change in internal energy.","The heat absorbed by 1 mol of ice is equal to its heat of fusion:

$$
Q = 1.4363 \times 10^{3} \,\mathrm{cal}
$$

Therefore, the change in internal energy is

$$
\Delta U = Q - W \approx Q = 1.4363 \times 10^{3} \,\mathrm{cal}
$$",\boxed{1.4363 \times 10^{3}},NV,\mathrm{cal},False,EN,Laws Application
3002,Mechanics and Thermodynamics,Thermodynamics,Thermodynamic Functions and Equilibrium Conditions,"Assume the atmosphere can be considered an ideal gas with a molar mass of $\mu$ and the acceleration due to gravity near the Earth's surface is $g$. Given that at sea level $p=p_{0}$, and $T=T_{0}$, find the expression for adiabatic atmospheric pressure $p(z)$.","From (1) and (2), we have:

$$
\frac{\mathrm{d} p}{p}=-\frac{\mu g}{R T} \mathrm{~d} z \cdot p T^{\gamma /(1-\gamma)}=p_{0} T_{0}^{\gamma /(1-\gamma)}
$$

Therefore,

$$
\begin{aligned}
p^{-1 / \gamma} \mathrm{d} p &=-\frac{\mu g}{R T_{0}} p_{0}^{1-\frac{1}{\gamma}} \mathrm{~d} z \\
p(z) &= p_{0}\left[1-\frac{\mu g}{R T_{0}}\left(1-\frac{1}{\gamma}\right) z\right]^{\gamma /(\gamma-1)}.
\end{aligned}
$$

Obviously, this result only applies for $z<\frac{R T_{0} \gamma}{\mu g(\gamma-1)}$.",\boxed{p(z) = p_{0}\left[1-\frac{\mu g}{R T_{0}}\left(1-\frac{1}{\gamma}\right) z\right]^{\gamma /(\gamma-1)}},EQ,,False,EN,Math Derivation
3003,Mechanics and Thermodynamics,Thermodynamics,Thermodynamic Functions and Equilibrium Conditions,"In an infinitesimal quasi-static process, the work done by the external environment on a magnetic medium can be expressed as

$$
\mathrm{d} W = \mu_{0} H \,\mathrm{d} M
$$

where $H$ is the external magnetic field, $M$ is the total magnetic moment of the medium, $M = mV$, $m$ is the magnetization of the medium, and $\mu_{0}$ is the permeability of vacuum. The total magnetic moment $M$ and the internal energy $U$ of the magnetic medium are given by

$$
\begin{aligned}
M & = \frac{a H}{T} \\
U & = C_{M} T
\end{aligned}
$$

where $a$ and $C_{M}$ are constants, and $T$ is the absolute temperature.\\
Find the change in entropy when the temperature remains constant and the magnetic field changes from $H_{0}$ to $H_{1}$.","From the above expressions, we have

$$
T\left(\frac{\partial S}{\partial H}\right)_{T} = -\frac{a \mu_{0} H}{T}
$$

When the temperature $T$ remains constant and the magnetic field changes from $H_{0}$ to $H_{1}$, the change in entropy is

$$
\Delta S = -\frac{a \mu_{0}}{T^{2}} \int_{H_{0}}^{H_{1}} H \,\mathrm{d} H = \frac{a \mu_{0}}{2 T^{2}}\left(H_{0}^{2} - H_{1}^{2}\right)
$$",\boxed{\frac{a \mu_{0}}{2 T^{2}}\left(H_{0}^{2} - H_{1}^{2}\right)},EX,,False,EN,Math Derivation
3004,Mechanics and Thermodynamics,Thermodynamics,Phase Transition and Equilibrium,"Given that the latent heat of fusion for ice at $0^{\circ} \mathrm{C}$ and 1 atm is $3.338 \times 10^{5} \mathrm{~J} / \mathrm{kg}$, the latent heat of vaporization for water at $100^{\circ} \mathrm{C}$ and 1 atm is $2.257 \times 10^{6} \mathrm{~J} / \mathrm{kg}$, and the average specific heat capacity of water between $0^{\circ} \mathrm{C}$ and $100^{\circ} \mathrm{C}$ is $4.184 \times 10^{3} \mathrm{~J} / \mathrm{kg} \cdot \mathrm{K}$. Calculate the change in enthalpy $\Delta H$ when $1 \mathrm{~mol}$ of ice at $0^{\circ} \mathrm{C}$ is converted to steam at $100^{\circ} \mathrm{C}$ under 1 atm.","To convert 1 mol of ice at $0^{\circ} \mathrm{C}$ to steam at $100^{\circ} \mathrm{C}$ at 1 atm, the heat absorbed is:

$$
\begin{aligned}
Q & = m\left(L_{\text{fusion}} + c_{p}\Delta T + L_{\text{vaporization}}\right) \\
& = 0.018 \times \left(3.338 \times 10^{5} + 4.184 \times 10^{3} \times 10^{2} + 2.257 \times 10^{6}\right) \\
& = 5.417 \times 10^{4} \mathrm{~J}
\end{aligned}
$$

Since, in an isobaric process, the change in enthalpy of the system is equal to the heat absorbed by the system, therefore:

$$
\Delta H = Q = 5.417 \times 10^{4} \mathrm{~J}
$$",\boxed{5.417 \times 10^{4}},NV,\mathrm{~J},False,EN,Laws Application
3005,Mechanics and Thermodynamics,Thermodynamics,Phase Transition and Equilibrium,"Given $100^{\circ} \mathrm{C}$, $1.0 \mathrm{~kg}$ of water and a very large block of ice at $0^{\circ} \mathrm{C}$. How much work does a reversible engine perform when it transfers heat from the water to the ice until the system can no longer perform work externally?","The work done by the heat engine is

$$
W=Q_{1}-Q_{2}=1000 \times 100 \times 1-8.5 \times 10^{4}=1.5 \times 10^{4} \, \mathrm{cal}=6.3 \times 10^{4} \, \mathrm{~J}
$$",\boxed{6.3 \times 10^{4}},NV,\mathrm{J},False,EN,Practical Application
3007,Mechanics and Thermodynamics,Thermodynamics,Thermodynamic Functions and Equilibrium Conditions,"Given a type of fuel cell where $\mathrm{O}_{2}$ is supplied to one electrode and $\mathrm{H}_{2}$ is supplied to the other electrode, electrical energy $W$ is generated through their chemical reaction. $\mathrm{O}_{2}$ and $\mathrm{H}_{2}$ are both supplied to the electrodes at 1 atm and 298 K, forming water under isothermal and isobaric conditions. Assume this reaction is reversible, and that the internal resistance of the cell is negligible. Calculate the electromotive force of this reaction in terms of the conversion of chemical energy into electrical energy.","The reaction equation is:

$$
\mathrm{H}_{2}+\frac{1}{2} \mathrm{O}_{2}=\mathrm{H}_{2} \mathrm{O}
$$

In a reversible isothermal and isobaric process, the decrease in the Gibbs function of the system is equal to the difference between the total work done by the system and the work done due to volume change. When the volume change is negligible, the work done by the system is equal to the work done by the electric field, $\varepsilon \mathrm{d} q$, where $\varepsilon$ is the electromotive force of the cell, and $\mathrm{d} q$ is the charge passing through the cell. Therefore:

$$
-\mathrm{d} W=\varepsilon \mathrm{d} q
$$

or

$$
-\sum_{i}\left(\Delta h_{i}-T \Delta S_{i}\right)=\varepsilon \Delta q
$$

To form 1 mol of water, $2 F$ of charge must pass through the circuit, where $F$ is the Faraday constant, $1 F=96500 \mathrm{C} \cdot \mathrm{mol}^{-1}$. Therefore, the electromotive force $\mathscr{E}$ is:

$$
\begin{gathered}
\mathscr{E}=\frac{1}{2 F}\left[T S_{W}-h_{W}-T\left(S_{\mathrm{H}}+\frac{1}{2} S_{O}\right)+\left(h_{\mathrm{H}}+\frac{1}{2} h_{O}\right)\right] \\
S_{O}=201 \mathrm{~J} \cdot \mathrm{mol}^{-1} \mathrm{~K}^{-1}, \quad S_{\mathrm{H}}=128 \mathrm{~J} \cdot \mathrm{mol}^{-1} \mathrm{~K}^{-1} \\
S_{W}=66.7 \mathrm{~J} \cdot \mathrm{mol}^{-1} \mathrm{~K}^{-1}, \quad h_{O}=17200 \mathrm{~J} \cdot \mathrm{mol}^{-1} \\
h_{\mathrm{H}}=8100 \mathrm{~J} \cdot \mathrm{mol}^{-1}, \quad h_{W}=-269300 \mathrm{~J} \cdot \mathrm{mol}^{-1}
\end{gathered}
$$

Substituting $T=298 \mathrm{~K}$, we obtain $\mathscr{E}=1.23 \mathrm{~V}$.",\boxed{1.23},NV,,False,EN,Laws Application
3010,Mechanics and Thermodynamics,Thermodynamics,Phase Transition and Equilibrium,"(3) Express the constants in terms of the critical point data \(T_{\mathrm{c}}, V_{\mathrm{c}}\), and \(p_{\mathrm{c}}\).","(3) Rewriting the Van der Waals equation as

\[
p = \frac{nRT}{V-b} - \frac{a}{V^{2}}
\]

we get

\[
\begin{aligned}
& \frac{\partial p}{\partial V} = -\frac{nRT}{(V-b)^{2}} + \frac{2a}{V^{3}} \\
& \frac{\partial^{2} p}{\partial V^{2}} = \frac{2nRT}{(V-b)^{3}} - \frac{6a}{V^{4}}
\end{aligned}
\]

At the critical point, we have

\[
\frac{\partial p}{\partial V} = 0 ; \quad \frac{\partial^{2} p}{\partial V^{2}} = 0
\]

Solving these, the values at the critical point can be determined as

\[
V_{\mathrm{c}} = 3b, \quad p_{\mathrm{c}} = \frac{a}{27b^{2}}, \quad nRT_{\mathrm{c}} = \frac{8a}{27b}
\]

Therefore, we have

\[
a = 3p_{\mathrm{c}}V_{\mathrm{c}}^{2}, \quad b = \frac{V_{\mathrm{c}}}{3}
\]","\boxed{a=3p_{\mathrm{c}}V_{\mathrm{c}}^{2}, b=\frac{V_{\mathrm{c}}}{3}}","EX, EX","\text{None, None}",True,EN,Math Derivation
3013,Mechanics and Thermodynamics,Thermodynamics,Thermodynamic Functions and Equilibrium Conditions,"Assume the atmosphere is an ideal gas with a constant specific heat ratio $\gamma = c_{\mathrm{p}} / c_{\mathrm{v}}$. Also, assume the gravitational acceleration $g$ is constant throughout the atmosphere. At sea level, let $z=0$, and $T_{0}$, $p_{0}$, and $\rho_{0}$ represent the absolute temperature, pressure, and density of the gas at $z=0$, respectively. Assuming the relationship between the thermodynamic variables of the gas is the same as in an adiabatic process, find $p(z)$ and $\rho(z)$.","When the gas reaches equilibrium, we have
$$
g \rho(z) = -\frac{\mathrm{d} p(z)}{\mathrm{d} z}
$$
where $g$ is the gravitational acceleration. Using the adiabatic relation, $p \rho^{-\gamma} = p_{0} \rho_{0}^{-\gamma}$, we get
$$
\rho^{\gamma-2}(z) \mathrm{d} \rho(z) = -\frac{g \rho_{0}^{\gamma}}{\gamma p_{0}} \mathrm{d} z
$$
Utilizing the equation of state $p_{0} = \rho_{0} R T_{0}$, where $R$ is the universal gas constant per gram, we obtain
$$
\begin{aligned}
& \rho(z) = \rho_{0}\left[1 - \frac{\gamma - 1}{\gamma} \frac{g z}{R T_{0}}\right]^{1 /(\gamma-1)} \\
& p(z) = p_{0}\left[1 - \frac{\gamma - 1}{\gamma} \frac{g z}{R T_{0}}\right]^{\gamma /(\gamma-1)}
\end{aligned}
$$
where $\mu$ is the mean molar mass of the atmosphere.","\boxed{\rho(z) = \rho_{0}\left[1 - \frac{\gamma - 1}{\gamma} \frac{g z}{R T_{0}}\right]^{1 /(\gamma-1)}, p(z) = p_{0}\left[1 - \frac{\gamma - 1}{\gamma} \frac{g z}{R T_{0}}\right]^{\gamma /(\gamma-1)}}",EX,"None, None",True,EN,Math Derivation
3015,Mechanics and Thermodynamics,Thermodynamics,Phase Transition and Equilibrium,"Given 1 mol of a certain liquid undergoing a complete cycle, with temperature and pressure being \(T_{1}, p_{1}\) and \(T_{2}, p_{2}\) respectively. Throughout the complete cyclic process, both the enthalpy change and entropy change are zero, i.e., \(\sum_{i} \Delta h_{i}=0, \sum_{i} \Delta S_{i}=0\). Derive the Clausius-Clapeyron equation:

\[
\frac{\mathrm{d} p}{\mathrm{~d} T}=\frac{L^{\beta \alpha}}{T\left(V^{\beta}-V^{\alpha}\right)}
\]","By solving, we obtain:

The Clausius-Clapeyron equation:

\[
\frac{\mathrm{d} p}{\mathrm{~d} T}=\frac{L^{\beta \alpha}}{T\left(V^{\beta}-V^{\alpha}\right)}=\frac{S^{\beta}-S^{\alpha}}{V^{\beta}-V^{\alpha}}
\]",\boxed{\frac{\mathrm{d} p}{\mathrm{d} T}=\frac{L^{\beta \alpha}}{T\left(V^{\beta}-V^{\alpha}\right)}},EQ,,False,EN,Math Derivation
3022,Mechanics and Thermodynamics,Thermodynamics,Non-equilibrium Thermodynamics,"A thin long metal rod oscillates in its fundamental mode along its longitudinal direction. The question asks for the frequency range within which the oscillation tends towards isothermal oscillation. Given parameters include the Young's modulus of the rod $Y=10^{12} \ \mathrm{dyn/cm}^2$, density $\rho=10 \ \mathrm{g/cm}^3$, thermal conductivity $\kappa=1 \ \mathrm{cal/cm \cdot s \cdot K}$, and specific heat capacity $c=0.1 \ \mathrm{cal/g \cdot K}$.

Assume that at any given time, the temperature at the compression center of the oscillation is $\Delta T$ higher than that at the rarefaction center, which are separated by a distance of $\frac{\lambda}{2}$, where $\lambda$ is the wavelength of the oscillation. Let $\tau$ be the period of the oscillation, then the amount of heat $Q_{\nu} = \kappa \frac{\Delta T}{\lambda/2} A \cdot \frac{\tau}{2}$ flows from the crest to the trough during thermal conduction.","On the other hand, the amount of heat required to increase the temperature of this metal rod by $\Delta T$ is given by $Q = \rho A \cdot \frac{\lambda}{2} \cdot c \Delta T$.

Here, $A$ is the cross-sectional area of the rod. If the heat flow of the oscillation is sufficiently large to homogenize the temperature of the rod in a time $\frac{\tau}{2}$, i.e., the condition $Q_{\nu} \gg Q$ must be satisfied, then the oscillation tends towards isothermal oscillation. Therefore, the condition for the oscillation to be isothermal is $\kappa \frac{\Delta T}{\lambda} A \tau \gg \frac{\rho A \lambda c \Delta T}{2}$. With the oscillation frequency $f=\frac{1}{\tau}$, the above inequality can be expressed as

$$
f \ll \frac{2 \kappa}{\rho c \lambda^{2}}
$$","\[
\boxed{f \ll \frac{2 \kappa}{\rho c \lambda^{2}}}
\]",EX,,False,EN,Math Derivation
3025,Mechanics and Thermodynamics,Thermodynamics,Phase Transition and Equilibrium,"The vapor pressure of solid ammonia is given by the following relation:

$$
\ln p = 23.03 - \frac{3754}{T}
$$

The vapor pressure of liquid ammonia is given by:

$$
\ln p = 19.49 - \frac{3063}{T}
$$

In these equations, $p$ is in mmHg and $T$ is the absolute temperature.\
(2) Find the heat of vaporization at the triple point, using $\mathrm{cal/mol}$ as the unit (you may approximate the vapor as an ideal gas and neglect the volumes of the liquid and solid).","(2) From the vapor pressure equation of liquid ammonia $\ln p = C - \frac{3063}{T}$, we get

$$
\frac{\mathrm{d} p}{\mathrm{d} T} = \frac{3063 \ p}{T^2}
$$

The Clapeyron equation is given by

$$
\frac{\mathrm{d} p}{\mathrm{d} T} = \frac{L}{T V}
$$

Thus, the heat of vaporization

$$
L = 3063 \frac{p V}{T} = 3063 R = 2.547 \times 10^4 \ \mathrm{J/mol} = 6083 \ \mathrm{cal/mol}
$$

where $R = 8.3145 \ \mathrm{J/mol \cdot K}$, and 1 cal = 4.1868 J.",\boxed{6083},NV,\mathrm{cal/mol},False,EN,Laws Application
3029,Mechanics and Thermodynamics,Thermodynamics,Phase Transition and Equilibrium,"Using the result \(c_{\mathrm{p}}-c_{\mathrm{v}}=-T\left(\frac{\partial S}{\partial V}\right)_{T}\left(\frac{\partial S}{\partial p}\right)_{T}\), determine the relationship between the heat capacity at constant volume \(c_{v}\) of a free electron gas in a metal and temperature at low temperatures, given that \(c_{v}=A T\), where \(A\) is temperature-independent. Also, find the relationship between \(c_{\mathrm{p}}-c_{\mathrm{v}}\) and temperature \(T\) for the electron gas at low temperatures.","For the electron gas in metals, \(c_{v}=A T\), thus the absolute entropy is given by

$$
S=\int_{0}^{T} \frac{c_{\mathrm{v}} \, \mathrm{d} T}{T}=A T \tag{2}
$$

Hence, we have \(\left(\frac{\partial S}{\partial V}\right)_{T} \propto T,\left(\frac{\partial S}{\partial p}\right)_{T} \propto T\). Substituting into equation (1), we get

$$
c_{\mathrm{p}}-c_{\mathrm{v}} \propto T^{3} \tag{3}
$$",\boxed{c_{\mathrm{p}}-c_{\mathrm{v}} \propto T^{3}},EX,,False,EN,Math Derivation
3034,Mechanics and Thermodynamics,Thermodynamics,Phase Transition and Equilibrium,"A long cylindrical substance at temperature $T$ is in a gravitational field. The cylinder is divided into two parts: the upper part is liquid, and the lower part is solid. When the temperature decreases by $\Delta T$, the solid-liquid interface rises by $l$. If the thermal expansion of the solid is negligible and $\Delta T \ll T$, determine the liquid density $\rho_{1}$ in terms of the solid density $\rho_{\mathrm{s}}$, latent heat of solid-liquid phase transition $L$, rise in height $l$, gravitational acceleration $g$, absolute temperature $T$, and temperature decrease $\Delta T$.","From the Clausius-Clapeyron equation

$$
\frac{\mathrm{d} p}{\mathrm{~d} T}=\frac{L}{T\left(V_{1}-V_{\mathrm{s}}\right)}=\frac{L}{T\left(\frac{1}{\rho_{1}}-\frac{1}{\rho_{\mathrm{s}}}\right)}
$$

In this problem, $\mathrm{d} T=-\Delta T, \mathrm{~d} p=-l \rho_{\mathrm{s}} g$, thus

$$
\frac{\Delta T}{l \rho_{\mathrm{s}} g}=\frac{T\left(\frac{1}{\rho_{1}}-\frac{1}{\rho_{\mathrm{s}}}\right)}{L}
$$

Therefore,

$$
\rho_{1}=\rho_{\mathrm{s}} \frac{1}{1+\frac{\Delta T}{T} \cdot \frac{L}{l g}}
$$",\boxed{\rho_{1}=\rho_{\mathrm{s}} \frac{1}{1+\frac{\Delta T}{T} \cdot \frac{L}{l g}}},EQ,,False,EN,Laws Application
3037,Mechanics and Thermodynamics,Thermodynamics,Thermodynamic Functions and Equilibrium Conditions,"Plasma in a Gravitational Field: A fully ionized ion gas is in equilibrium within a uniform gravitational field \( \boldsymbol{g} \). The ion charge is \( Z|e| \), and the atomic mass is \( A \). The gas has a constant temperature \( T \), with ions and electrons in thermal equilibrium. The density of the gas is very low, allowing us to neglect local interactions between particles. (3) Prove that equation (1) also holds for the entire sun, where both \( \boldsymbol{E} \) and \( \boldsymbol{g} \) are radial, and demonstrate that the charge on the surface of the Sun is approximately

\[
Q = \frac{A}{1+Z} \frac{G M m_{\mathrm{p}}}{|e|}
\]

where \( M \) is the mass of the Sun.","(3) Take \( \boldsymbol{E} = \frac{Q}{4 \pi \varepsilon_{0} r^{2}} \frac{\boldsymbol{r}}{r}, \boldsymbol{g} = -\frac{G M}{r^{2}} \frac{\boldsymbol{r}}{r} \), then

\[
\frac{Q}{4 \pi \varepsilon_{0} r^{2}} = \frac{G M}{r^{2}} \frac{Am_{\mathrm{p}} - m_{\mathrm{e}}}{(1+Z)|e|} \approx \frac{G M}{r^{2}} \frac{Am_{\mathrm{p}}}{(1+Z)|e|}
\]

Therefore,

\[
Q = 4 \pi \varepsilon_{0} G M \frac{Am_{p}}{(1+Z)|e|}
\]",\boxed{Q = 4 \pi \varepsilon_{0} G M \frac{Am_{p}}{(1+Z)|e|}},EQ,,False,EN,Laws Application
3041,Mechanics and Thermodynamics,Thermodynamics,Thermodynamic Functions and Equilibrium Conditions,"Using the van der Waals equation of state, calculate the change in entropy, $S_{2} - S_{1}$, of a gas as its volume changes from $V_{1}$ to $V_{2}$ while maintaining a constant temperature.","The van der Waals equation is given by
$$
p = \frac{RT}{V-b} - \frac{a}{V^{2}}
$$
where $R$ is the gas constant, and $a$ and $b$ are constants.\\

Choosing $T$ and $V$ as independent variables, we have $S = S(T, V)$

$$
\mathrm{d} S = \left( \frac{\partial S}{\partial T} \right)_{V} \mathrm{d} T + \left( \frac{\partial S}{\partial V} \right)_{T} \mathrm{d} V = \frac{c_{\mathrm{v}}}{T} \mathrm{d} T + \left( \frac{\partial p}{\partial T} \right)_{V} \mathrm{d} V
$$

For an isothermal process

$$
\mathrm{d} S = \left( \frac{\partial p}{\partial T} \right)_{V} \mathrm{d} V = \frac{R}{V-b} \mathrm{d} V
$$

Integrating this gives the change in entropy

$$
\Delta S = S_{2} - S_{1} = R \ln \frac{V_{2}-b}{V_{1}-b}
$$",\boxed{R \ln \frac{V_{2}-b}{V_{1}-b}},EX,,False,EN,Math Derivation
3044,Mechanics and Thermodynamics,Thermodynamics,Phase Transition and Equilibrium,"Under constant pressure, $10 \mathrm{~kg}$ of water at $20^{\circ} \mathrm{C}$ comes into contact with a heat source at $-10^{\circ} \mathrm{C}$ and turns into water at $0^{\circ} \mathrm{C}$. Given that the heat capacity of water at constant pressure is $4180 \mathrm{~J} /(\mathrm{kg} \cdot \mathrm{K})$, calculate the change in entropy for this stage.","The change in entropy when water at $20^{\circ} \mathrm{C}$ turns into water at $0^{\circ} \mathrm{C}$ is:

$$
\Delta S_{1} = \int_{293}^{273} \frac{m c_{\mathrm{p,water}}}{T} \mathrm{~d} T = m c_{\mathrm{p,water}} \ln \frac{273}{293} \approx -2955 \mathrm{~J} / \mathrm{K}.
$$",\boxed{-2955},NV,\mathrm{J/K},False,EN,Laws Application
3047,Mechanics and Thermodynamics,Thermodynamics,Phase Transition and Equilibrium,"Calculate the latent heat equation:

\[
L=L_{0}+\left(c_{p}^{0}-c_{p}^{\prime 0}\right)T+\int_{0}^{T}\left(c_{\mathrm{p}}-c_{p}^{\prime}-c_{p}^{0}+c_{p}^{\prime 0}\right) \mathrm{d} T
\]","After solving, the latent heat equation is obtained:

\[
L=L_{0}+\int_{0}^{T}\left(c_{\mathrm{p}}-c_{p}^{\prime}\right) \mathrm{d} T=L_{0}+\left(c_{p}^{0}-c_{p}^{\prime 0}\right) T+\int_{0}^{T}\left(c_{\mathrm{p}}-c_{p}^{0}-c_{p}^{\prime}+c_{p}^{\prime 0}\right) \mathrm{d} T
\]",\boxed{L=L_{0}+\int_{0}^{T}\left(c_{\mathrm{p}}-c_{p}^{\prime}\right) dT},EQ,,False,EN,Math Derivation
3050,Mechanics and Thermodynamics,Thermodynamics,Non-equilibrium Thermodynamics,"(1) Neglecting viscosity and thermal conduction, perturbations in a fluid propagate in the form of undamped sound waves. Given that $p = p(\rho, S)$, where $p$ is pressure, $\rho$ is density, and $S$ is entropy, determine the expression for the speed of sound.","(1) The continuity equation and the momentum equation in fluid mechanics are

$$
\begin{cases} 
\frac{\partial \rho}{\partial t} + \nabla \cdot (\rho \boldsymbol{v}) = 0 \\
\frac{\partial}{\partial t} (\rho \boldsymbol{v}) + (\boldsymbol{v} \cdot \nabla)(\rho \boldsymbol{v}) + \nabla p = 0 
\end{cases}
$$

In the static state: $v = 0, \rho = \rho_{0}, p = p_{0}$. When perturbations exist, the changes in velocity and density are $v^{\prime}, \rho = \rho_{0} + \rho^{\prime}, p = p_{0} + p^{\prime}$. Considering only the first-order terms of the perturbations, we have

$$
\begin{cases} 
\frac{\partial \rho^{\prime}}{\partial t} + \rho_{0} \nabla \cdot v^{\prime} = 0 \\
\rho_{0} \frac{\partial v^{\prime}}{\partial t} + \nabla p^{\prime} = 0 
\end{cases}
$$

Therefore,

$$
\frac{\partial^{2} \rho^{\prime}}{\partial t^{2}} = \nabla^2 p^{\prime} = \nabla^2 \left[ \left( \frac{\partial p}{\partial \rho} \right)_{S} \rho^{\prime} \right] = \left( \frac{\partial p}{\partial \rho} \right)_{S} \cdot \nabla^2 \rho^{\prime}
$$

By comparing with the wave equation $\frac{\partial^{2} \rho^{\prime}}{\partial t^{2}} = v_{s}^{2} \nabla^2 \rho^{\prime}$, we obtain

$$
v_{s}^{2} = \left( \frac{\partial p}{\partial \rho} \right)_{S}
$$

Note: The above assumes that the compression of the fluid due to perturbations is adiabatic. Generally, it is reasonable to ignore conduction, and the adiabatic approximation is valid.",\boxed{v_{s}^{2} = \left( \frac{\partial p}{\partial \rho} \right)_{S}},EQ,,False,EN,Math Derivation
3058,Mechanics and Thermodynamics,Thermodynamics,Phase Transition and Equilibrium,"Using the result $c_{\mathrm{p}}-c_{\mathrm{v}}=-T\left(\frac{\partial S}{\partial V}\right)_{T}\left(\frac{\partial S}{\partial p}\right)_{T}$, determine the relationship between the specific heat capacity of a crystal at low temperature, according to Debye's law, where the specific heat capacity $c_{v}$ is proportional to the cube of the temperature $T$, $c_{v}=B T^{3}$, with $B$ being temperature-independent, and the relationship between $c_{\mathrm{p}}-c_{\mathrm{v}}$ and the temperature $T$ at low temperatures.","For a crystal at low temperatures, $c_{\mathrm{v}}=B T^{3}$, the absolute entropy is

$$
S=\int_{0}^{T} c_{v} \frac{\mathrm{d} T}{T}=\frac{1}{3} B T^{3} \tag{4}
$$

Therefore, we have $\left(\frac{\partial S}{\partial V}\right)_{T} \propto T^{3}, \left(\frac{\partial S}{\partial p}\right)_{T} \propto T^{3}$. Substituting into equation (1), we get

$$
c_{\mathrm{p}}-c_{\mathrm{v}} \propto T^{7}
$$

Further generalizing, if as $T \rightarrow 0$, $S \propto T^{n}$, then

$$
c_{\mathrm{p}}-c_{\mathrm{v}} \propto T^{2n+1}
$$",\boxed{c_{\mathrm{p}}-c_{\mathrm{v}} \propto T^{7}},EX,,False,EN,Math Derivation
3067,Mechanics and Thermodynamics,Thermodynamics,Phase Transition and Equilibrium,"Consider 1 mol of a certain liquid in a gas-liquid equilibrium state, with its temperature and pressure being \(T_{2}\) and \(p_{2}\), respectively. The vapor is completely condensed into a liquid at \(T_{2}, p_{2}\). Calculate the enthalpy change \(\Delta h_{4}\) and entropy change \(\Delta S_{4}\) during the complete condensation process.","\[
\begin{aligned}
& \Delta h_{4}=-L_{T_{2}}^{\beta \alpha} \\
& \Delta S_{4}=-\frac{L_{T_{2}}^{\beta \alpha}}{T_{2}}
\end{aligned}
\]","\boxed{\Delta h_{4}=-L_{T_{2}}^{\beta \alpha}, \Delta S_{4}=-\frac{L_{T_{2}}^{\beta \alpha}}{T_{2}}}","EX, EX",,True,EN,Laws Application
3088,Mechanics and Thermodynamics,Thermodynamics,Thermodynamic Functions and Equilibrium Conditions,"Consider the following reaction $\mathrm{H} \leftrightarrows \mathrm{p}+\mathrm{e}$ reaching equilibrium at $T=4000 \mathrm{~K}$. The densities of each component are very low and can be treated as an ideal gas. The entire system is electrically neutral. Write the chemical potential for each gas in terms of the particle number density $[\mathrm{H}], [\mathrm{e}], [\mathrm{p}]$. For convenience, only consider the vapor of hydrogen atoms without accounting for other bound state energy levels. Verify this assumption.","For a non-spin ideal gas, according to the Boltzmann distribution, we have

$$
n=\mathrm{e}^{\mu / k T} \cdot\left(2 \pi m k T / h^{2}\right)^{3 / 2}
$$

Protons and electrons both have a $(1 / 2)$ spin, thus

$$
\begin{aligned}
& {[\mathrm{p}]=2\left(2 \pi m_{\mathrm{p}} k T / h^{2}\right)^{3 / 2} \mathrm{e}^{\mu_{\mathrm{p}} / k T}} \\
& {[\mathrm{e}]=2\left(2 \pi m_{\mathrm{e}} k T / h^{2}\right)^{3 / 2} \mathrm{e}^{\mu_{\mathrm{e}} / k T}}
\end{aligned}
$$

For the hydrogen atom, $\mathrm{p}$ and $\mathrm{e}$ can form four spin configurations. Considering the ionization energy $E_{d}$, we have

$$
[\mathrm{H}]=4\left(2 \pi m_{\mathrm{H}} k T / h^{2}\right)^{3 / 2} \mathrm{e}^{-\mathrm{E}_{d} / k T} \mathrm{e}^{\mu_{\mathrm{H}} / k T}
$$

The above implicitly represents the relationship between $\mu_{\mathrm{p}}, \mu_{\mathrm{e}}, \mu_{\mathrm{H}}$ and the particle number densities.","\boxed{\mu_{\mathrm{H}}, \mu_{\mathrm{p}}, \mu_{\mathrm{e}}}",EX,"None, None, None",True,EN,Math Derivation
3100,Mechanics and Thermodynamics,Thermodynamics,Thermodynamic Functions and Equilibrium Conditions,"In a reversible process where the entropy of a substance is $S_{0}$, the volume of the substance expands from $V_{0}$ to $V$, and its temperature satisfies the relation \( T = A \frac{V_{0}}{V}\left(\frac{S}{S_{0}}\right)^{\alpha} \), where \( A, \alpha, S_{0}, \) and \( V_{0} \) are constants, and \(\alpha \neq -1\). \( S \) represents entropy. Assuming that the internal energy of the substance is \( U_{0} \) when the entropy and volume are \( S_{0} \) and \( V_{0} \) respectively, find the internal energy \( U \) and the pressure \( p \) of the system.","Let \( U = U(S, V) \) and \( p = p(S, V) \). According to the fundamental thermodynamic equation:

\[
\mathrm{d} U = T \mathrm{~d} S - p \mathrm{~d} V
\]

we have

\[
\begin{aligned}
& \left(\frac{\partial U}{\partial S}\right)_{V} = T = A \frac{V_{0}}{V}\left(\frac{S}{S_{0}}\right)^{\alpha}, \\
& \left(\frac{\partial U}{\partial V}\right)_{S} = -p.
\end{aligned}
\]

Integrating the first equation with respect to \( S \) while keeping \( V \) constant, we obtain:

\[
U(S, V) = A \frac{V_{0}}{V} \frac{S^{\alpha+1}}{(\alpha+1) S_{0}^{\alpha}} + \varphi(V)
\]

Here, \(\varphi(V)\) is a function of \( V \) to be determined. Substituting the obtained \( U(S, V) \) into the second equation, and considering the relation between work and pressure:

\[
p = -\left(\frac{\partial U}{\partial V}\right)_{S}
\]

we get

\[
-A \frac{V_{0}}{V^{2}} \frac{S^{\alpha+1}}{(\alpha+1) S_{0}^{\alpha}} + \varphi^{\prime}(V) = -p
\]

When \( S = S_{0} \), the equation becomes

\[
-A \frac{V_{0}}{V^{2}} \frac{S_{0}}{\alpha + 1} + \varphi^{\prime}(V) = -p\left(S_{0}, V\right)
\]

With the expression for \( W_{S_{0}} \), we find \(\left(\frac{\partial W}{\partial V}\right)_{S_{0}} = \frac{A S_{0}}{V}\). Substituting into the above equation yields

\[
\varphi^{\prime}(V) = A \frac{V_{0}}{V^{2}} \frac{S_{0}}{\alpha+1} - \frac{A S_{0}}{V}
\]

Integrating gives

\[
\varphi(V) = -\frac{A V_{0} S_{0}}{(\alpha+1) V} - A S_{0} \ln \frac{V}{V_{0}} + C
\]

Here, \( C \) is a constant to be determined. Substituting back into the expression for \( U \), we have

\[
U(S, V) = \frac{A V_{0} S_{0}}{(\alpha+1) V}\left[\left(\frac{S}{S_{0}}\right)^{\alpha+1} - 1\right] - A S_{0} \ln \frac{V}{V_{0}} + C
\]

and since \( U(S_{0}, V_{0}) = C = U_{0} \), the final expressions are

\[
\begin{aligned}
U(S, V) & = \frac{A V_{0} S_{0}}{(\alpha+1) V}\left[\left(\frac{S}{S_{0}}\right)^{\alpha+1} - 1\right] - A S_{0} \ln \frac{V}{V_{0}} + U_{0}, \\
p(S, V) & = -\left(\frac{\partial U}{\partial V}\right)_{S} = \frac{A V_{0} S_{0}}{(\alpha+1) V^{2}}\left[\left(\frac{S}{S_{0}}\right)^{\alpha+1} - 1\right] + \frac{A S_{0}}{V}.
\end{aligned}
\]","\boxed{To address the task, we will first extract the units from the given ""Final Answer(s)"" and then restructure them to remove the units and conform to the desired output format. 1. **Extracting the}",EQ,,True,EN,Math Derivation
3121,Mechanics and Thermodynamics,Thermodynamics,Non-equilibrium Thermodynamics,"In a one-dimensional lattice, the lattice spacing is \( a \). An impurity atom undergoes random motion, jumping from one lattice point to an adjacent point in a time interval \( \tau \).

(1) In the large \( N \) limit, find the probability that the impurity atom, after \( N \) jumps, has moved a distance \( d \) from its starting point.","(1) Suppose an impurity atom makes \( n_{+} \) jumps to the right and \( n_{-} \) jumps to the left in \( N \) total jumps. The distance \( d \) that the impurity atom has moved is:

\[
d = \left(n_{+} - n_{-}\right) a = s a
\]

where \( s = n_{+} - n_{-}, \, N = n_{+} + n_{-} \). Since the probability of jumping to the right or left is equal, both being \( \frac{1}{2} \), the probability \( p(n_{+}) \) that an impurity atom makes \( n_{+} \) jumps to the right and \( n_{-} \) jumps to the left in \( N \) total jumps is:

\[
p(n_{+}) = C_{N}^{n_{+}}\left(\frac{1}{2}\right)^{N} = \frac{N!}{n_{+}!n_{-}!}\left(\frac{1}{2}\right)^{N}
\]

In the limit when \( N \) is very large, and \( n_{+} \) and \( n_{-} \) are also very large, we can use Stirling's approximation:

\[
\ln n! = n \ln n - n
\]

When \( n \gg 1 \), taking the logarithm of \( p(n_{+}) \):

\[
\begin{aligned}
\ln p(n_{+}) & = \ln N! - \ln n_{+}! - \ln n_{-}! - N \ln 2 \approx N \ln \frac{N}{2} - n_{+} \ln n_{+} - n_{-} \ln n_{-} \\
& = -n_{+} \ln \frac{2 n_{+}}{N} - n_{-} \ln \frac{2 n_{-}}{N}
\end{aligned}
\]

Substitute \( n_{+} = \frac{N + s}{2}, \, n_{-} = \frac{N - s}{2} \) to get:

\[
\ln p(s) = -\frac{N + s}{2} \ln \left(1 + \frac{s}{N}\right) - \frac{N - s}{2} \ln \left(1 - \frac{s}{N}\right)
\]

Since \( p(n_{+}) \approx C_{N}^{n_{+}} \), when \( N \) is very large, \( p(n_{+}) \) has a sharp peak at \( n_{+} = \frac{N}{2} \), meaning the main contribution to \( p(s) \) comes from near \( s = 0 \). Using the series expansion:

\[
\ln (1 + x) = x - \frac{1}{2} x^{2} + \cdots
\]

we find:

\[
\ln p(s) = -\frac{s^{2}}{2 N} + o\left(\frac{s^{4}}{N^{3}}\right)
\]

Neglecting the small term \( O\left(\frac{s^{4}}{N^{3}}\right) \), we get:

\[
p(s) = \mathrm{e}^{-\frac{s^{2}}{2 N}}
\]

Setting \( x = s a \), converting the variable from \( s \) to \( x \), where \( x \) is the distance moved by the impurity atom, we have:

\[
p(x) = \frac{1}{a \sqrt{2 \pi N}} \mathrm{e}^{-\frac{x^{2}}{2 N a^{2}}}
\]

with:

\[
\int_{-\infty}^{\infty} p(x) \mathrm{d} x = 1
\]

This means \( p(x) \) is a normalized probability distribution function, which is a Gaussian distribution centered at \( x = 0 \) with a standard deviation of \( \sqrt{N} a \).

Since \( t = N \tau \), we can replace \( N \) with \( t / \tau \), eliminating the jump count \( N \), and obtain the probability distribution function of the impurity atom being at position \( x \) at time \( t \):

\[
p(x, t) = \sqrt{\frac{\tau}{2 \pi a^{2} t}} \mathrm{e}^{-\frac{x^{2} \tau}{2 a^{2} t}}
\]","\boxed{\sqrt{\frac{\tau}{2 \pi a^{2} t}} \, \mathrm{e}^{-\frac{x^{2} \tau}{2 a^{2} t}}}",EX,,True,EN,Math Derivation
3130,Mechanics and Thermodynamics,Thermodynamics,Thermodynamic Functions and Equilibrium Conditions,"If the state equation of a dielectric is given by \( P = \frac{c V E}{T} \), where \( P \) is the electric polarization, \( E \) is the electric field strength, \( V \) is the volume of the dielectric, and \( c \) is a constant. During an isothermal process, the electric field strength changes from \( E_{i} \) to \( E_{f} \). Find the heat absorbed by the dielectric.","Choose \( T \) and \( E \) as independent variables, \( S = S(T, E) \), thus

\[
\mathrm{d} S = \left(\frac{\partial S}{\partial T}\right)_{E} \mathrm{~d} T + \left(\frac{\partial S}{\partial E}\right)_{T} \mathrm{~d} E
\]

Here, \(\left(\frac{\partial S}{\partial T}\right)_{E} = \frac{c_{E}}{T}\), to find \(\left(\frac{\partial S}{\partial E}\right)_{T}\), starting from the fundamental thermodynamic equation,

\[
\mathrm{d} U = T \mathrm{~d} S + E \mathrm{~d} P
\]

In this equation, the elemental work \(\mathrm{d} W = E \mathrm{~d} P\), and the volume work is neglected. Introduce the Gibbs function \(G = U - T S - E P\), and its differential form is

\[
\mathrm{d} G = -S \mathrm{~d} T - P \mathrm{~d} E
\]

Since \(\mathrm{d} G\) is an exact differential, it follows that

\[
\left(\frac{\partial S}{\partial E}\right)_{T} = \left(\frac{\partial P}{\partial T}\right)_{E}
\]

Substitute these into the equation for \(\mathrm{d} S\), yielding

\[
T \mathrm{~d} S = c_{E} \mathrm{~d} T + T\left(\frac{\partial P}{\partial T}\right)_{E} \mathrm{~d} E = c_{E} \mathrm{~d} T - \frac{c V}{T} E \mathrm{~d} E
\]

During an isothermal process, as the electric field \(E\) changes from \(E_{i}\) to \(E_{f}\), the heat absorbed by the dielectric is

\[
Q = \int T \mathrm{~d} S = -\frac{c V}{T} \int_{E_{i}}^{E_{f}} E \mathrm{~d} E = -\frac{c V}{2 T}\left(E_{f}^{2} - E_{i}^{2}\right)
\]",\boxed{-\frac{c V}{2 T}\left(E_{f}^{2}-E_{i}^{2}\right)},EX,,False,EN,Math Derivation
3177,Mechanics and Thermodynamics,Thermodynamics,Second Law of Thermodynamics and Entropy,"In an irreversible isothermal expansion process of an ideal gas at a temperature of 300 K, the gas absorbs 100 J of heat from a heat source at the same temperature and performs a certain amount of external work. Assume that the work done by the gas is 10% of the maximum possible work. Calculate the change in entropy of the heat source during this process.","Since it is an isothermal process, the internal energy of the gas remains unchanged; thus, the work done by the gas equals the heat absorbed:

$$
A=Q=100 \, \mathrm{J}
$$

The change in entropy of the heat source is

$$
\Delta S_{\text{heat source}} = -\frac{Q}{T} = -\frac{100}{300} = -0.33 \, \mathrm{J/K}
$$",\boxed{-0.33},NV,\mathrm{J/K},False,EN,Laws Application
3194,Mechanics and Thermodynamics,Thermodynamics,Thermodynamic State and First Law of Thermodynamics,"2 moles of helium gas initially at a temperature of $27^{\circ} \mathrm{C}$ and a volume of 20 L first expand isobarically until the volume doubles, and then expand adiabatically back to the initial temperature. What is the total work done by the helium gas on the surroundings? How much work is done during the adiabatic expansion process?","The gas expands and does work on the surroundings, calculated in two stages: $1 \rightarrow 2$ is the isobaric process

$$
W_{12}=p_{1}\left(V_{2}-V_{1}\right)=4.98 \times 10^{3} \mathrm{~J}
$$

$2 \rightarrow 3$ is the adiabatic process, with $Q_{23}=0$, so the work done by the gas is equal to the decrease in internal energy, namely

$$
W_{23}=-\Delta U_{23}=-n c_{\mathrm{v}}\left(T_{3}-T_{2}\right)=2 \times \frac{3}{2} R \times 300=7.48 \times 10^{3} \mathrm{~J}
$$

The total work done by the gas on the surroundings (equal to the total heat absorbed by the system during process $1 \rightarrow 3$)

$$
W=W_{12}+W_{23}=1.25 \times 10^{4} \mathrm{~J}
$$","\boxed{1.25 \times 10^{4}, 7.48 \times 10^{3}}","NV, NV","\mathrm{J}, \mathrm{J}",True,EN,Laws Application
3200,Mechanics and Thermodynamics,Thermodynamics,Non-equilibrium Thermodynamics,"In a one-dimensional lattice, with lattice spacing $a$, an impurity atom randomly moves and, in a time interval $\tau$, jumps from one lattice point to an adjacent one. The diffusion coefficient $D$ is defined by the differential equation

$$
D \frac{\partial^{2} f}{\partial x^{2}} = \frac{\partial f}{\partial t}
$$

where $f$ is the concentration of the impurity. Find the expression for $D$ in this model.","(2) Now, let's establish the connection between $p(x, t)$ and the impurity concentration $f(x, t)$ in the crystal. Assume there are $M$ impurity atoms in the lattice, initially located at $x_{0}^{1}, x_{0}^{2}, \cdots, x_{0}^{M}$ at time $t = 0$. Then $f(x, t)$ can be expressed as

$$
f(x, t) = \sum_{i=1}^{M} p\left(x-x_{0}^{i}, t\right)
$$

For a very large $N$, $f(x, t)$ represents the actual impurity concentration. Since $f(x, t)$ is a sum of probability distribution functions and the diffusion equation is linear, if $p(x, t)$ is a solution to the diffusion equation, then $f(x, t)$ is also a solution. By substituting $p(x, t)$ into the diffusion equation

$$
D \frac{\partial^{2} p}{\partial x^{2}} = \frac{\partial p}{\partial t}
$$

we can derive the expression for $D$ as

$$
D = \frac{a^{2}}{2 \tau}
$$

We can also directly solve the diffusion equation for $f(x, t)$. Assume at $t = 0$, the impurity atom is at $x_{0}$, and the concentration distribution function $f_{1}(x, t)$ of this atom at $x$ for $t > 0$ satisfies the equation

$$
\left\{\begin{array}{l}
D \frac{\partial^{2} f_{1}}{\partial x^{2}} = \frac{\partial f_{1}}{\partial t} \\
f_{1}(x, t = 0) = \delta\left(x-x_{0}\right)
\end{array}\right.
$$

Performing a Fourier transform on $f_{1}(x, t)$

$$
\bar{f}_{1}(k, t) = \frac{1}{2 \pi} \int_{-\infty}^{\infty} f_{1}(x, t) \mathrm{e}^{\mathrm{i} k x} \mathrm{~d} x
$$

results in $\bar{f}_{1}$ satisfying the equation

$$
\left\{\begin{array}{l}
-D k^{2} \bar{f}_{1} = \frac{\mathrm{d} \bar{f}_{1}}{\mathrm{~d} t} \\
\bar{f}_{1}(k, 0) = \frac{1}{2 \pi} \mathrm{e}^{\mathrm{i} k x_{0}}
\end{array}\right.
$$

Solving this, we find

$$
\bar{f}_{1}(k, t) = \frac{1}{2 \pi} \mathrm{e}^{\mathrm{i} k x_{0} - k^{2} D t}
$$

Taking the inverse transform gives

$$
f_{1}(x, t) = \int_{-\infty}^{\infty} \bar{f}_{1}(k, t) \mathrm{e}^{-\mathrm{i} k x} \mathrm{~d} k = \frac{1}{2 \pi} \int_{-\infty}^{\infty} \mathrm{e}^{-k^{2} D t - \mathrm{i} k\left(x-x_{0}\right)} \mathrm{d} k = \frac{1}{\sqrt{4 \pi D t}} \exp \left[-\frac{\left(x-x_{0}\right)^{2}}{4 D t}\right]
$$

$f_{1}(x, t)$ is normalized, i.e.,

$$
\int_{-\infty}^{\infty} f_{1}(x, t) \mathrm{d} x = 1
$$

Comparing $f_{1}(x, t)$ with $p(x, t)$ from (1) reveals

$$
D = \frac{a^{2}}{2 \tau}
$$

If the $M$ impurity atoms are initially at positions $x_{1}^{0}, x_{2}^{0}, \cdots, x_{M}^{0}$ at time $t = 0$, the impurity concentration at position $x$ at time $t$ can be derived using the superposition principle as

$$
f(x, t) = \sum_{i=1}^{M} f_{1}(x, t) = \frac{1}{\sqrt{4 \pi D t}} \sum_{i=1}^{M} \exp \left[-\frac{\left(x-x_{0}^{i}\right)^{2}}{4 D t}\right]
$$",\boxed{D = \frac{a^{2}}{2 \tau}},EQ,,False,EN,Math Derivation
3201,Mechanics and Thermodynamics,Thermodynamics,Second Law of Thermodynamics and Entropy,"A Carnot engine operates as a refrigerator. Use an enthalpy diagram to explain a complete cycle process in detail. Using the above refrigerator, freeze $3 \, \mathrm{kg}$ of water at $0^\circ \mathrm{C}$ into ice, transferring the heat extracted from the working substance to a reservoir maintained at a temperature of $20{ }^{\circ} \mathrm{C}$. What is the minimum work required?","Diagram 2.6  
$2 \rightarrow 3$: Isothermal compression process, for an ideal gas as the working substance, this is an isenthalpic process;  
$3 \rightarrow 4$: Adiabatic expansion process, an isoentropic process;  
$4 \rightarrow 1$: Isothermal expansion process, an isenthalpic process.  
The refrigeration efficiency $\eta=\frac{Q_{2}}{W}=\frac{T_{2}}{T_{1}-T_{2}}$, hence $W=Q_{2} \frac{T_{1}-T_{2}}{T_{2}}$, where $Q_{2}=M L$ is the latent heat released from $M=3 \, \mathrm{kg}$ of water at $0^{\circ} \mathrm{C}$ being frozen into ice. $L=3.35 \times 10^{5} \, \mathrm{J/kg}, T_{1}=293 \, \mathrm{K}, T_{2}=273 \, \mathrm{K}$. Substituting the values, the minimum work required is $W=73.6 \times 10^{3} \, \mathrm{J}$.",\boxed{73.6 \times 10^{3}},NV,\mathrm{J},False,EN,Laws Application
3204,Mechanics and Thermodynamics,Thermodynamics,Second Law of Thermodynamics and Entropy,"For an ideal gas at a temperature of 300 K, it undergoes an irreversible isothermal expansion and absorbs 100 J of heat from a heat source at the same temperature of 300 K while performing work on the surroundings. It is known that the work done in this process is 10% of the maximum work the gas can do on the surroundings. Find the change in entropy of the gas during this process.","According to the problem, the principle of maximum work indicates that in a reversible isothermal process, the work done by the system is maximal. In a reversible isothermal process, the maximum work $A_{\text{max}}$ that the gas can perform is given by

$$
A_{\text{max}} = 10 \times A = 1000 \, \mathrm{J}
$$

In a reversible isothermal process, the relationship between the heat absorbed by the gas and the change in entropy is as follows:

$$
Q_{\text{max}} = T \Delta S_{\text{gas}}
$$

The change in entropy of the gas is

$$
\Delta S_{\text{gas}} = \frac{1}{T} Q_{\text{max}} = \frac{1}{T} A_{\text{max}} = \frac{1000}{300} = 3.33 \, \mathrm{J/K}
$$",\boxed{3.33},NV,\mathrm{J/K},False,EN,Laws Application
3205,Mechanics and Thermodynamics,Thermodynamics,Thermodynamic State and First Law of Thermodynamics,"An ideal gas is composed of 0.1 mol of helium (with $\gamma_{1}=\frac{c_{\mathrm{P}}}{c_{\mathrm{v}}}=\frac{5}{3}$) and 0.2 mol of nitrogen (with $\gamma_{2}=\frac{7}{5}$), initially at a temperature of 300 K, occupying a volume of 4 L. The gas is slowly adiabatically compressed, with the volume decreasing by $1\%$. Calculate the temperature of the mixed gas.","The temperature after compression is

$$
T_{f}=\frac{p_{f} V_{f}}{\left(n_{1}+n_{2}\right) R}=301 \mathrm{~K}
$$",\boxed{301},NV,\mathrm{K},False,EN,Laws Application
3209,Mechanics and Thermodynamics,Thermodynamics,Thermodynamic State and First Law of Thermodynamics,"2 mol of helium gas with an initial temperature of $27^{\circ} \mathrm{C}$ and an initial volume of 20 L expands isobarically to double its volume, and then adiabatically back to the initial temperature. What is the total amount of heat absorbed by the system in this process?","The total heat absorbed by the system

$$
\begin{aligned}
Q_{13} & =Q_{12}+Q_{23}=Q_{12} \\
& =n c_{\mathrm{p}}\left(T_{2}-T_{1}\right)=1.25 \times 10^{4} \mathrm{~J}
\end{aligned}
$$

where $c_{\mathrm{p}}=\frac{5}{2} R$, and $R=8.31 \mathrm{~J} / \mathrm{mol} \cdot \mathrm{K}$.",\boxed{1.25 \times 10^{4}},NV,\text{J},False,EN,Laws Application
3212,Mechanics and Thermodynamics,Thermodynamics,Thermodynamic State and First Law of Thermodynamics,"2 moles of helium gas at an initial temperature of $27^{\circ} \mathrm{C}$ with an initial volume of 20 L first expands at constant pressure until the volume doubles, then undergoes adiabatic expansion back to the initial temperature. What is the total change in the internal energy of the system?","Internal energy is a state function, and the total change in internal energy for an ideal gas depends only on the temperature of the initial and final states. Since $T_{3} = T_{1}$ and the temperature remains unchanged, $\Delta U = 0$.",\boxed{0},NV,,False,EN,Laws Application
3213,Mechanics and Thermodynamics,Thermodynamics,Second Law of Thermodynamics and Entropy,"A Carnot engine operates as a refrigerator. Use a pressure-volume diagram to explain in detail one complete cycle. The refrigerator is used to freeze $3 \, \mathrm{kg}$ of water at $0^\circ \mathrm{C}$ into ice, transferring the heat extracted from the working substance to a reservoir maintained at $20{ }^{\circ} \mathrm{C}$. What is the minimum amount of work required?","Figure 2.6 \\
$2 \rightarrow 3$: Isothermal compression process. For an ideal gas working substance, this is an isenthalpic process; \\
$3 \rightarrow 4$: Adiabatic expansion process, isolated process; \\
$4 \rightarrow 1$: Isothermal expansion process, isenthalpic process. \\
The coefficient of performance (COP) $\eta=\frac{Q_{2}}{W}=\frac{T_{2}}{T_{1}-T_{2}}$, thus $W=Q_{2} \frac{T_{1}-T_{2}}{T_{2}}, Q_{2}=M L$ is the latent heat released when $M=3 \, \mathrm{kg}$ of water at $0^{\circ} \mathrm{C}$ is frozen into ice. $L=3.35 \times 10^{5} \, \mathrm{J/kg}$, $T_{1}=293 \, \mathrm{K}$, $T_{2}=273 \, \mathrm{K}$. Substituting these values, the minimum work required is $W=73.6 \times 10^{3} \, \mathrm{J}$.",\boxed{73.6 \times 10^{3}},NV,\mathrm{J},False,EN,Laws Application
3219,Mechanics and Thermodynamics,Thermodynamics,Second Law of Thermodynamics and Entropy,"There are two identical objects with an internal energy given by \( U = N C T \), where \( N \) is the number of particles in the object, \( C \) is a constant, and initially, the temperatures of the two objects are \( T_{1} \) and \( T_{2} \), respectively. These two objects serve as high and low-temperature reservoirs to drive a Carnot engine, which operates until the two objects reach a common temperature \( T_{f} = \sqrt{T_{1} T_{2}} \).  
Find the work done by the Carnot engine.","According to the conservation of energy, we have

\[
W = \left(U_{1} - U\right) - \left(U - U_{2}\right) = U_{1} + U_{2} - 2U = N C \left(T_{1} + T_{2} - 2 T_{f}\right)
\]",\boxed{N C\left(T_{1}+T_{2}-2 \sqrt{T_{1} T_{2}}\right)},EX,,False,EN,Laws Application
3220,Mechanics and Thermodynamics,Thermodynamics,Second Law of Thermodynamics and Entropy,"An ideal gas consisting of $N$ atoms is stored in a cylindrical container with adiabatic walls, sealed at one end by a piston. The initial volume is $V_{1}$, and the initial temperature is $T_{1}$. If the piston is pulled so that the volume of the gas instantly increases from $V_{1}$ to $V_{2}$, determine the changes in temperature, pressure, and entropy.","Since the piston moves rapidly under external force, the gas does not perform work on the surroundings, and the container walls are adiabatic, the internal energy of the gas remains constant, $\mathrm{d}U = 0$.  
For an ideal gas, internal energy is solely a function of temperature $T$, so the temperature before and after the piston is pulled remains unchanged, i.e., $T_{2} = T_{1}$.  
The pressure changes inversely with volume, hence $p_{2} / p_{1} = V_{1} / V_{2}$.  
The change in entropy is given by

$$
S_{2} - S_{1} = \int_{V_{1}}^{V_{2}} \frac{p}{T} \, \mathrm{d}V = N k \ln \frac{V_{2}}{V_{1}}
$$","\boxed{T_{2} = T_{1}, p_{2} / p_{1} = V_{1} / V_{2}, S_{2} - S_{1} = N k \ln \frac{V_{2}}{V_{1}}}","EQ, EQ, EX","\text{None}, \text{None}, \text{None}",True,EN,
3222,Mechanics and Thermodynamics,Thermodynamics,Second Law of Thermodynamics and Entropy,"There are two identical objects, each with internal energy given by $U = N C T$, where $N$ is the number of particles in the object, and $C$ is a constant. Initially, the temperatures of the two objects are $T_{1}$ and $T_{2}$, respectively. These two objects are used as the high and low temperature reservoirs to drive a Carnot engine, eventually reaching a common temperature $T_{f}$.  
Find $T_{f}$.","For a reversible Carnot engine, we have $\frac{\mathrm{d} Q_{1}}{T_{1}}=-\frac{\mathrm{d} Q_{2}}{T_{2}}$. Since $U = N C T$, it follows that $\mathrm{d} Q_{1} = N C \mathrm{~d} T_{1}$ and $\mathrm{d} Q_{2} = N C \mathrm{~d} T_{2}$, thus

$$
\frac{\mathrm{d} T_{1}}{T_{1}} = -\frac{\mathrm{d} T_{2}}{T_{2}}
$$

Therefore, we have 

$$
\int_{T_{1}}^{T_{f}} \frac{\mathrm{~d} T_{1}}{T_{1}}=-\int_{T_{2}}^{T_{f}} \frac{\mathrm{~d} T_{2}}{T_{2}}, \quad \ln \frac{T_{f}}{T_{1}}=-\ln \frac{T_{f}}{T_{2}}
$$

So, $T_{f}=\sqrt{T_{1} T_{2}}$.",\boxed{\sqrt{T_{1} T_{2}}},NV,,False,EN,
3223,Mechanics and Thermodynamics,Thermodynamics,Second Law of Thermodynamics and Entropy,"In a cylindrical container, an ideal gas is in thermodynamic equilibrium with pressure $p$, volume $V$, temperature $T$, internal energy $U$, and entropy $S$. This cylindrical container is surrounded by a large heat reservoir at the same temperature $T$. The walls and piston of the container are either completely conductive or completely adiabatic. The movement of the piston causes a small volume change $\pm \Delta V$. ""Slow"" means that during the volume change process, the speed of the piston is much less than the molecular speed at temperature $T$. For the situation where the volume increases by $+\Delta V$, describe whether the changes in each quantity (after reaching equilibrium again) are positive, negative, or zero for a slow and conductive process.

\[
\begin{array}{|c|c|c|c|}
\hline
\Delta T & \Delta U & \Delta S & \Delta p \\
\hline
 &  &  &  \\
\hline
 &  &  &  \\
\hline
 &  &  &  \\
\hline
 &  &  &  \\
\hline
 &  &  &  \\
\hline
\end{array}
\]

\[
\begin{array}{|c|c|c|c|}
\hline
\Delta T & \Delta U & \Delta S & \Delta p \\
\hline
 &  &  &  \\
\hline
 &  &  &  \\
\hline
 &  &  &  \\
\hline
 &  &  &  \\
\hline
 &  &  &  \\
\hline
\end{array}
\]

\[
\begin{array}{|c|c|c|c|c|}
\hline
 & \Delta T & \Delta U & \Delta S & \Delta p \\
\hline
1 & 0 & 0 & + & - \\
\hline
2 & - & - & 0 & - \\
\hline
3 & 0 & 0 & + & - \\
\hline
4 & 0 & 0 & + & - \\
\hline
5 & 0 & 0 & - & + \\
\hline
\end{array}
\]","Since this is an isothermal expansion process, so $\Delta T=0, \Delta U=0$
\[
\Delta S=R \frac{\Delta V}{V}>0, \quad \Delta p=-\frac{p}{V} \Delta V<0
\]","\boxed{0, 0, +, -}",MC,"None, None, None, None",True,EN,Laws Application
3225,Mechanics and Thermodynamics,Thermodynamics,Phase Transition and Equilibrium,"An ideal Carnot refrigerator condenses water into ice at the freezing point, at a rate of $5 \, \mathrm{g/s}$, releasing energy into a room at $30^{\circ} \mathrm{C}$. If the latent heat of fusion for ice is $320 \, \mathrm{J/g}$, at what rate is energy released into the room?","The rate at which the refrigerator absorbs heat from the water is:

$$
Q_{2} = 5 \, \mathrm{g/s} \times 320 \, \mathrm{J/g} = 1.6 \times 10^{3} \, \mathrm{J/s}
$$

The rate at which heat is released into the room is:

$$
Q_{1} = \frac{T_{1}}{T_{2}} Q_{2} = \frac{303}{273} \times 1.6 \times 10^{3} = 1.78 \times 10^{3} \, \mathrm{J/s}
$$

$$
<image 1>
$$",\boxed{1.78 \times 10^{3}},NV,\mathrm{J/s},False,EN,Laws Application
3228,Mechanics and Thermodynamics,Thermodynamics,Thermodynamic State and First Law of Thermodynamics,"A container with a volume of $V_{0}$ is filled with an ideal gas. A glass tube with a cross-sectional area $A$ has a small ball with mass $M$ sealing it, which can slide frictionlessly within the tube. The atmospheric pressure is $p_{0}$, and the pressure inside the tube is slightly higher than the atmospheric pressure. Assume the gas undergoes an adiabatic process, and $\gamma$ is the heat capacity ratio. If the ball is slightly displaced from its equilibrium position, it will perform simple harmonic motion. Find the frequency of the vibration.","Let the pressure inside the container be $p$, the equation of state for the gas process is
$$
p V^{\gamma}=\text{constant}
$$

The force on the ball is $F = A \mathrm{d} p = -k x, \; x = \frac{\mathrm{d} V}{A}$.

Substituting $\mathrm{d} p$ and $x$ into the expression for $F$, we obtain the spring constant $k = \frac{\gamma A^{2} p}{V}$. Noting that $p = p_{0} + \frac{Mg}{A}$, the frequency of the vibration is

$$
f = \frac{\omega}{2 \pi} = \frac{1}{2 \pi} \sqrt{\frac{k}{M}} = \frac{1}{2 \pi} \sqrt{\frac{\gamma A^{2} \left(p_{0} + \frac{Mg}{A}\right)}{V M}}
$$","\[
\boxed{\frac{1}{2 \pi} \sqrt{\frac{\gamma A^{2} \left(p_{0} + \frac{Mg}{A}\right)}{V M}}}
\]",EX,,False,EN,Math Derivation
3229,Mechanics and Thermodynamics,Thermodynamics,Phase Transition and Equilibrium,The Van der Waals equation of state for one mole of a non-ideal gas is given by $\left(p+\frac{a}{V^{2}}\right)(V-b)=RT$. Calculate the dimensionless ratio $pV/RT$ at the critical point.,"At the critical point, $p_{\mathrm{c}}V_{\mathrm{c}}/RT_{\mathrm{c}}=3/8$.",\boxed{\frac{3}{8}},NV,,False,EN,Math Derivation
3232,Mechanics and Thermodynamics,Thermodynamics,Phase Transition and Equilibrium,"An ideal Carnot refrigerator condenses water into ice at the freezing point of water at a rate of $5 \, \mathrm{g/s}$, discharging energy into a room at $30^{\circ} \mathrm{C}$. If the latent heat of fusion of ice is $320 \, \mathrm{J/g}$, how much electrical power in kilowatts is required?","The electrical power required is:

$$
W = Q_{1} - Q_{2} = 0.18 \, \mathrm{kW}
$$

$$
<image 1>
$$",\boxed{0.18},NV,\mathrm{kW},False,EN,Laws Application
3233,Mechanics and Thermodynamics,Thermodynamics,Thermodynamic State and First Law of Thermodynamics,"Consider the radiative heat transfer between two infinitely large parallel black body planes (\(\varepsilon=1\)), with vacuum in between, where their temperatures are \(T_{1}\) and \(T_{2}\) respectively. Find the energy flux in the vacuum when no ""thermal film"" is added.","When no ""thermal film"" is added, the energy flux in the vacuum is

$$
J = E_{2} - E_{1} = \sigma\left(T_{2}^{4} - T_{1}^{4}\right)
$$",\boxed{\sigma\left(T_{2}^{4} - T_{1}^{4}\right)},EX,,False,EN,Laws Application
3236,Mechanics and Thermodynamics,Thermodynamics,Second Law of Thermodynamics and Entropy,"A certain amount of ideal gas undergoes a cyclic process of \( A \rightarrow B \rightarrow C \rightarrow A \).  
The tasks for this section are as follows:  
(3) The \( CA \) segment is an isochoric compression process, and the gas temperature rises to the initial temperature.  
Analyze the work done by the gas during this isochoric process.","\( C \rightarrow A \) is an isochoric process, and the work done by the gas is zero, i.e., \( W_{CA} = 0 \).",\boxed{0},NV,,False,EN,Laws Application
3238,Mechanics and Thermodynamics,Thermodynamics,Second Law of Thermodynamics and Entropy,"A certain amount of ideal gas undergoes a cyclic process of \( A \rightarrow B \rightarrow C \rightarrow A \).  
The tasks for this section are as follows:  
(2) The \( BC \) segment is an isothermal compression process, where the gas is compressed isothermally from volume \( V_{2} \) to the initial volume \( V_{1} \).  
Try to calculate the work done by the gas on the outside during this isothermal compression process.","The process from \( B \rightarrow C \) is an isothermal compression process, described by the equation \( p V = C_{T}, C_{T} \) being a constant. As the gas volume decreases, work is done on the outside.

\[
W_{BC} = \int_{V_{2}}^{V_{1}} p \, \mathrm{d}V = C_{T} \ln \frac{V_{1}}{V_{2}} = -C_{T} \ln b
\]",\boxed{-C_{T} \ln b},EX,,False,EN,Laws Application
3239,Mechanics and Thermodynamics,Thermodynamics,Second Law of Thermodynamics and Entropy,A resistance wire heats water with a mass of $M=1\ \mathrm{kg}$ from $t_{1}=20^{\circ} \mathrm{C}$ to $t_{2}=99^{\circ} \mathrm{C}$ (under atmospheric pressure). Determine the factor by which the number of microstates of the water increases.,"According to the Boltzmann relation, $S = k \ln \Omega$,

$$
\frac{\Omega_{2}}{\Omega_{1}} = \mathrm{e}^{\frac{\Delta S}{k}} = \mathrm{e}^{7.24 \times 10^{25}}
$$",\boxed{\mathrm{e}^{7.24 \times 10^{25}}},NV,,False,EN,Laws Application
3240,Mechanics and Thermodynamics,Thermodynamics,Second Law of Thermodynamics and Entropy,"A certain amount of ideal gas undergoes a cycle process \( A \rightarrow B \rightarrow C \rightarrow A \).  
The tasks for this section are as follows:
(1) From \( A \rightarrow B \), it is a polytropic process, where the polytropic index \( n \) is constant. The volume of the gas expands from \( V_{1} \) to \( V_{2} \), where \( V_{2}=b V_{1} \).  
Calculate the work done by the gas on the surroundings during this polytropic expansion process.","From \( A \rightarrow B \), it is a polytropic process, where the gas expands and performs work on the surroundings.

\[
W_{AB} = \int_{V_{1}}^{V_{2}} p \, \mathrm{d}V = \int_{V_{1}}^{V_{2}} \frac{C_{n}}{V^{n}} \, \mathrm{d}V = -\frac{C_{n}}{n-1}\left(\frac{1}{V_{2}^{n-1}}-\frac{1}{V_{1}^{n-1}}\right) = -\frac{C_{n}}{(n-1) V_{2}^{n-1}}\left(1-b^{n-1}\right)
\]

In this expression, we used the polytropic process equation \( p V^{n} = C_{n}, C_{n} \) is a constant.",\boxed{-\frac{C_{n}}{(n-1) V_{2}^{n-1}}(1-b^{n-1})},EX,,False,EN,Math Derivation
3241,Mechanics and Thermodynamics,Thermodynamics,Thermodynamic State and First Law of Thermodynamics,"2 moles of helium gas with an initial temperature of $27^{\circ} \mathrm{C}$ and an initial volume of 20 L first undergoes isobaric expansion until its volume doubles, followed by adiabatic expansion back to the initial temperature. What is the final volume of the system?","The final volume of the system is

$$
V_{3}=113 \mathrm{~L}
$$",\boxed{113},NV,L,False,EN,Laws Application
3242,Mechanics and Thermodynamics,Thermodynamics,Second Law of Thermodynamics and Entropy,There is a quasi-static Carnot cycle heat engine. Use the Carnot cycle of this heat engine and the Carnot theorem to determine the energy density of thermal radiation $u(T)$.,"The work done by the heat engine after one cycle is given by the area of the quadrilateral $abcd$. Assume that $T_{1}$ and $T_{2}$ differ by an infinitesimal temperature $\mathrm{d} T$, and $V_{2}$ and $V_{1}$ differ by an infinitesimal volume $\mathrm{d} V$. Then $abcd$ is a differential Carnot cycle, and the work done by the heat engine is

$$
W=\mathrm{d} p \mathrm{~d} V=\frac{1}{3} \mathrm{~d} u \mathrm{~d} V
$$

The radiation energy $Q_{1}$ absorbed by the heat engine from the radiation field can be rewritten as

$$
Q_{1}=\frac{4}{3} u(T) \mathrm{d} V
$$

From $W$ and $Q_{1}$, the efficiency of the heat engine is

$$
\eta=\frac{W}{Q_{1}}=\frac{\mathrm{d} u}{4 u(T)}
$$

On the other hand, the efficiency of a reversible Carnot heat engine derived from Carnot's theorem is

$$
\eta=\frac{\mathrm{d} T}{T}
$$

Equating the two expressions yields the differential equation

$$
\frac{\mathrm{d} u(T)}{u(T)}=4 \frac{\mathrm{~d} T}{T}
$$

Integrating the equation gives the energy density of the radiation field

$$
u(T)=a T^{4}
$$

That is, the energy density of the radiation field is proportional to the fourth power of the temperature $T$, where $a$ is a constant of integration. From the Stefan-Boltzmann law for the radiative flux density of the radiation field $J=\sigma T^{4}$, we can deduce that $a=\frac{4 \sigma}{c}$, where $c$ is the speed of light, and $\sigma$ is the Stefan-Boltzmann constant.",\boxed{u(T) = a T^{4}},EQ,,False,EN,Math Derivation
3244,Mechanics and Thermodynamics,Thermodynamics,Thermodynamic State and First Law of Thermodynamics,"An ideal gas is composed of 0.1 mol of helium (with $\gamma_{1}=\frac{c_{\mathrm{P}}}{c_{\mathrm{v}}}=\frac{5}{3}$) and 0.2 mol of nitrogen (with $\gamma_{2}=\frac{7}{5}$), with an initial temperature of 300 K, occupying a volume of 4 L. The gas undergoes a slow adiabatic compression, reducing its volume by $1\%$. Calculate the pressure of the mixed gas.","After adiabatic compression, the volume of the gas is reduced by $1\%$, i.e., $\frac{V_{f}}{V_{i}}=0.99$. The partial pressures of He gas and $\mathrm{N}_{2}$ gas are given by

$$
p_{1 f}=p_{1 i}\left(\frac{V_{i}}{V_{f}}\right)^{\gamma_{1}}, \quad p_{2 f}=p_{2 i}\left(\frac{V_{i}}{V_{f}}\right)^{\gamma_{2}}
$$

Substituting the data, we calculate

$$
\begin{aligned}
& p_{1 f}=0.625 \mathrm{~atm} \\
& p_{2 f}=1.247 \mathrm{~atm}
\end{aligned}
$$

The pressure of the mixed gas after adiabatic compression is

$$
p_{f}=p_{1 f}+p_{2 f}=1.87 \mathrm{~atm}
$$",\boxed{1.87},NV,\text{atm},False,EN,Laws Application
3245,Mechanics and Thermodynamics,Thermodynamics,Second Law of Thermodynamics and Entropy,"An air conditioning device can be used to lower the indoor temperature. Essentially, it is a refrigerator that extracts heat from indoors (lower temperature) and releases it outdoors (higher temperature) by performing work. Suppose the indoor temperature is $T_{2}$ and the outdoor temperature is $T_{1} > T_{2}$. The air conditioning device operates in a reversible Carnot cycle and consumes power continuously at a rate of $P \ (\mathrm{J/s})$. Every second, the air conditioning device extracts $Q_{2} \ (\mathrm{J})$ of heat from indoors and releases $Q_{1} \ (\mathrm{J})$ of heat outdoors. Express the efficiency of the air conditioning device, $Q_{2} / P$, in terms of $T_{1}$ and $T_{2}$.","According to the first and second laws of thermodynamics, we have $Q_{1} = P + Q_{2}$, and $\frac{Q_{2}}{T_{2}} = \frac{Q_{1}}{T_{1}}$. Therefore, $\frac{Q_{2}}{P} = \frac{T_{2}}{T_{1} - T_{2}}$.",\boxed{\frac{T_{2}}{T_{1} - T_{2}}},EX,,False,EN,Laws Application
3246,Mechanics and Thermodynamics,Thermodynamics,Thermodynamic Functions and Equilibrium Conditions,"A cylindrical container is divided into two equal-volume parts by a fixed piston. The left side is filled with 1 mol of neon gas at a pressure of 4 atm and a temperature of 300 K; the right side is filled with argon gas at a pressure of 1 atm and a temperature of 300 K. The gases can be treated as ideal gases. The entire system is adiabatic with respect to the surroundings, and the specific heat capacity of the container and piston is \(c\) (where \(c\) is a constant). Now allow the frictionless piston to slide along the cylindrical container. Due to dissipation, the piston eventually comes to rest at an equilibrium position. Calculate the new volume ratio of neon to argon.","The new volume ratio is equivalent to the ratio of the number of moles, which is the same as the initial pressure ratio; therefore, we have

\[
V_{\mathrm{Ne}}: V_{\mathrm{Ar}}=4: 1=1: n
\]

\(n=1/4\) represents the mole number of argon (Ar). Moreover, since \(V_{\mathrm{Ne}}+V_{\mathrm{Ar}}=V_{0}\), we find \(V_{\mathrm{Ne}}=4V_{0}/5\) and \(V_{\mathrm{Ar}}=V_{0}/5\).",\boxed{4:1},NV,,False,EN,Laws Application
3248,Mechanics and Thermodynamics,Thermodynamics,Phase Transition and Equilibrium,"An ideal Carnot refrigerator condenses water into ice at the water's freezing point at a rate of $5 \, \mathrm{g/s}$, releasing energy to a room at $30^{\circ} \mathrm{C}$. If the latent heat of fusion for ice is $320 \, \mathrm{J/g}$, what is the coefficient of performance of this refrigerator?","The coefficient of performance

$$
\varepsilon = \frac{T_{2}}{T_{1} - T_{2}} = \frac{273}{30} = 9.1
$$

$$
<image 1>
$$
\end{center}",\boxed{9.1},NV,,False,EN,Laws Application
3257,Mechanics and Thermodynamics,Thermodynamics,Second Law of Thermodynamics and Entropy,Derive the efficiency of a Carnot cycle heat engine. Assume the cycle is reversible and uses 1 mol of an ideal gas as the working substance. Determine the efficiency of the Carnot heat engine.,"Below we calculate the efficiency of the Carnot heat engine. Suppose the cycle is reversible and uses 1 mol of an ideal gas as the working substance of the engine: $A \rightarrow B$ is an isothermal expansion process, and the gas absorbs heat from the heat source as

$$
Q_{1} = R T_{1} \ln \frac{V_{B}}{V_{A}}
$$

$C \rightarrow D$ is an isothermal compression process, and the gas releases heat as

$$
Q_{2} = R T_{2} \ln \frac{V_{C}}{V_{D}}
$$

After the process $A B C D A$, the system returns to its initial state. During each process, the relationship between the state variables is

$$
p_{A} V_{A} = p_{B} V_{B}, \quad p_{B} V_{B}^{\gamma} = p_{C} V_{C}^{\gamma}
$$

$$
p_{C} V_{C} = p_{D} V_{D}, \quad p_{D} V_{D}^{\gamma} = p_{A} V_{A}^{\gamma}
$$

From this, we obtain

$$
\frac{V_{B}}{V_{A}} = \frac{V_{C}}{V_{D}}
$$

Thus, the efficiency of a reversible Carnot (cycle) heat engine is

$$
\eta = \frac{Q_{1} - Q_{2}}{Q_{1}} = \frac{T_{1} - T_{2}}{T_{1}} = 1 - \frac{T_{2}}{T_{1}}
$$

If the heat engine (or cycle) is irreversible, then its efficiency

$$
\eta^{\prime} < \eta = 1 - \frac{T_{2}}{T_{1}}
$$",\boxed{1 - \frac{T_{2}}{T_{1}}},EX,,False,EN,Math Derivation
3259,Mechanics and Thermodynamics,Thermodynamics,Phase Transition and Equilibrium,"A wire loop with a circumference of \( L \) is placed on a liquid film, and the cross-sectional area of the wire is \( A \) with Young's modulus \( E \). When the liquid film inside the loop breaks, the wire is tightened into a circle of radius \( R \). Using the micro-element method, find the surface tension coefficient \( \sigma \) of the liquid film.","(1) Micro-element method: Select an arc segment on the circle with length \(\mathrm{d}L = R\mathrm{d}\theta\), where \(\mathrm{~d}\theta\) is the central angle of the arc. The surface tension acting on this arc segment is:

\[
\mathrm{d} f = 2\sigma \mathrm{~d}L = 2\sigma R \mathrm{~d}\theta
\]

Here, the factor of 2 arises because there are liquid surfaces on both sides. The direction of \(\mathrm{d}f\) is perpendicular to the arc and outward, as shown in Figure 4.13(c).

The elastic force \( F \) on the arc acts along the tangent direction of the arc. \( F \) can be decomposed into a radial component \( F_{r} \) and a component perpendicular to the radial direction \( F_{t} \). For the arc segment \(\mathrm{d}L\):

\[
\begin{gathered}
\mathrm{d}F_{t} = 0 \\
\mathrm{d}F_{r} = 2F \sin \frac{\mathrm{~d}\theta}{2} = F \mathrm{~d}\theta
\end{gathered}
\]

From the force equilibrium condition \(\mathrm{d}f = \mathrm{d}F_{r}\), we obtain:

\[
\sigma = \frac{1}{2R} F
\]

According to Hooke's law, we have:

\[
\frac{F}{A} = E \frac{\Delta L}{L} = E \frac{2\pi R - L}{L}
\]

Substituting \( F \) into the expression for \(\sigma\), we get:

\[
\sigma = \frac{AE}{2RL}(2\pi R - L) = \frac{AE}{2R}\left(\frac{2\pi R}{L} - 1\right)
\]",\boxed{\frac{A E}{2 R}\left(\frac{2 \pi R}{L} - 1\right)},EX,,False,EN,Math Derivation
3260,Mechanics and Thermodynamics,Thermodynamics,Thermodynamic State and First Law of Thermodynamics,"Between two infinitely large parallel blackbody planes, a plane with reflectivity $R$ is inserted. Find the equilibrium temperature $T_{3}$.","After adding the ""thermal film,"" it can be calculated that

$$
E_{3} = \frac{E_{1} + E_{2}}{2}
$$  

which implies

$$
T_{3} = \left(\frac{T_{2}^{4} + T_{1}^{4}}{2}\right)^{1/4}
$$",\boxed{T_{3} = \left(\frac{T_{2}^{4} + T_{1}^{4}}{2}\right)^{1/4}},EQ,,False,EN,Laws Application
3261,Mechanics and Thermodynamics,Thermodynamics,Second Law of Thermodynamics and Entropy,"Consider the following reversible cycle of a heat engine. The working substance is an ideal gas with a constant specific heat capacity at constant volume \( c_{\mathrm{v}} \), where \( a \rightarrow b \) and \( c \rightarrow d \) are isobaric processes, and \( b \rightarrow c \) and \( d \rightarrow a \) are adiabatic processes. Determine the efficiency of the heat engine (expressed in terms of \( P_{1} \) and \( P_{2} \)).","In the cycle, heat absorbed from the high temperature source is \( Q_{\text{in}} = c_{\mathrm{p}} (T_{b} - T_{a}) \), and heat released to the low temperature source is \( Q_{\text{out}} = c_{\mathrm{p}} (T_{c} - T_{d}) \), thus
$$
\eta = 1 - \frac{Q_{\text{out}}}{Q_{\text{in}}} = 1 - \frac{T_{c} - T_{d}}{T_{b} - T_{a}}
$$

Using the adiabatic process equation \( p^{(1-\gamma)/\gamma} T = \text{constant} \), we have
$$
\begin{aligned}
p_{1}^{(1-\gamma)/\gamma} T_{a} & = p_{2}^{(1-\gamma)/\gamma} T_{d} \\
p_{1}^{(1-\gamma)/\gamma} T_{b} & = p_{2}^{(1-\gamma)/\gamma} T_{c}
\end{aligned}
$$
Substituting into the above equation, the efficiency of the heat engine is
$$
\eta = 1 - \left( \frac{p_{2}}{p_{1}} \right)^{\frac{\gamma-1}{\gamma}}
$$",\boxed{1 - \left( \frac{p_{2}}{p_{1}} \right)^{\frac{\gamma-1}{\gamma}}},EX,,False,EN,Laws Application
3263,Mechanics and Thermodynamics,Thermodynamics,Thermodynamic Functions and Equilibrium Conditions,"A cylindrical container is divided into two equal volumes by a fixed piston. The left side is filled with 1 mol of neon gas at a pressure of 4 atm and a temperature of 300 K; the right side is filled with argon gas at a pressure of 1 atm and a temperature of 300 K. The gases can be treated as ideal gases. The entire system is adiabatic in relation to the outside environment, and the specific heat capacity of the container and piston is \(c\) (where \(c\) is a constant). Now the piston is allowed to slide frictionlessly along the cylindrical container. Due to dissipation, the piston eventually comes to rest at an equilibrium position. Calculate the new equilibrium temperature (the piston is thermally conductive).","The internal energy of an ideal gas is only a function of temperature, and the internal energy of the entire system remains unchanged, so the temperature also remains unchanged. The new equilibrium temperature is 300 K.",\boxed{300},NV,\text{K},False,EN,
3266,Mechanics and Thermodynamics,Thermodynamics,Thermodynamic State and First Law of Thermodynamics,"An adiabatic piston divides a closed-end adiabatic cylinder into two parts, A and B, each containing an equal amount of monatomic ideal gas. The adiabatic index of the gas is \(\gamma = \frac{5}{3}\). Initially, the volume, pressure, and temperature of the gas are \(V_0\), \(p_0\), and \(T_0\) respectively. Now, the gas in section A is slowly heated, causing the piston to move to the right, resulting in an adiabatic compression of the gas in section B. When the pressure of the gas in section B reaches \(3p_0\), find the final volume and temperature of the gas in section B during this adiabatic process.","According to the equation for an adiabatic process, we have
\[
V_{B} = V_{0}\left(\frac{p_{0}}{p_{B}}\right)^{\frac{1}{\gamma}} = 3^{-\frac{3}{5}} V_{0}
\]

\[
T_{B} = T_{0}\left(\frac{p_{0}}{p_{B}}\right)^{\frac{1}{\gamma}-1} = 3^{\frac{2}{5}} T_{0}
\]","\boxed{3^{-\frac{3}{5}} V_{0}, 3^{\frac{2}{5}} T_{0}}","NV, NV","None, None",True,EN,Laws Application
3269,Mechanics and Thermodynamics,Thermodynamics,Second Law of Thermodynamics and Entropy,"A uniform copper rod with mass $m = 1.0 \, \mathrm{kg}$ and constant pressure specific heat capacity $c_{p} = 385 \, \mathrm{J}/(\mathrm{kg} \cdot \mathrm{K})$ has its left end initially at temperature $T_{1} = 400 \, \mathrm{K}$ and right end at temperature $T_{2} = 300 \, \mathrm{K}$. The side surface of the rod is adiabatically insulated from the surroundings. The left end of the rod is in contact with a heat source at $T_{1} = 400 \, \mathrm{K}$, and the right end is insulated, allowing the rod to reach thermal equilibrium. Calculate the entropy change of both the rod and the heat source.","Let the length of the rod be $l$, and its linear density be $\rho = \frac{m}{l}$. The initial temperature distribution of the rod is given by:

$$
T_{\mathrm{i}}(x) = 400 - \frac{100}{l} x
$$

The final temperature of the rod is $T_{\mathrm{f}} = T_{1} = 400 \, \mathrm{K}$.

The entropy change $\mathrm{d} S(x)$ for a segment $\mathrm{d} x$ of the rod is:

$$
\mathrm{d} S(x) = \int_{T_{\mathrm{i}}(x)}^{T_{1}} \frac{c_{\mathrm{p}} \, \mathrm{d} m \, \mathrm{d} T}{T} = \rho c_{\mathrm{p}} \, \mathrm{d} x \ln \frac{T_{1}}{T_{\mathrm{i}}(x)}
$$

The total entropy increase of the rod is:

$$
\begin{aligned}
\Delta S_{\text{rod}} &= \int \mathrm{d} S = \frac{m}{l} c_{\mathrm{p}} \int_{0}^{l}\left[\ln T_{1} - \ln \left(T_{1} - \frac{100}{l} x\right)\right] \mathrm{d} x \\
&= \frac{m}{l} c_{\mathrm{p}}\left\{l \ln T_{1} + \frac{l}{100}\left[\left(T_{1} - \frac{100}{l} x\right)\left(\ln \left(T_{1} - \frac{100}{l} x\right) - 1\right)\right]_{0}^{l}\right\} \\
&= m c_{\mathrm{p}}\left\{\ln T_{1} + \frac{1}{100}\left[\left(T_{1} - 100\right) \ln \left(T_{1} - 100\right) - T_{1} \ln T_{1} + 100\right]\right\} \\
&= 385 \times\left\{\ln 400 + \frac{1}{100}[300 \ln 300 - 400 \ln 400 + 100]\right\}
\end{aligned}
$$

$$
= 52.7 \, \mathrm{J/K}
$$

The heat absorbed by the rod is:

$$
Q = \int \mathrm{d} Q = \frac{m}{l} c_{\mathrm{p}} \int_{0}^{l} \frac{100}{l} x \, \mathrm{d} x = 50 m c_{\mathrm{p}} = 1.925 \times 10^{4} \, \mathrm{J}
$$

The temperature of the heat source is $T_{1} = 400 \, \mathrm{K}$, and the entropy decrease is:

$$
\Delta S_{\text{source}} = -\frac{Q}{T_{1}}
$$

The rod and the heat source form an adiabatic system, with the total entropy change:

$$
\Delta S = \Delta S_{\text{rod}} + \Delta S_{\text{source}} = 4.6 \, \mathrm{J/K}
$$

$\Delta S > 0$ satisfies the principle of entropy increase.","\boxed{52.7, -48.1}","NV, NV","\mathrm{J/K}, \mathrm{J/K}",True,EN,Laws Application
3270,Mechanics and Thermodynamics,Thermodynamics,Non-equilibrium Thermodynamics,"The walls of a house are made of wooden boards, with a thickness of $1 \, \text{cm}$ and a thermal conductivity of $0.17 \, \text{W/m} \cdot {^\circ} \text{C}$. If the temperature at the interface between the wooden boards and the brick is $\theta^{\prime}$, and the room temperature is $t_{2}=20^\circ \text{C}$, calculate the heat flux density per square meter.","From the continuity of heat transfer, the heat flux $q$ through the wall surface is constant. According to Fourier's law of heat conduction:

$$
q = \kappa_{3} \frac{t_{2} - \theta^{\prime}}{d_{3}}
$$

where

$$
t_{2} - \theta^{\prime} = q \frac{d_{3}}{\kappa_{3}}
$$

Thus, the heat flux density $q$ through the wooden layer is:

$$
q = \left(t_{2} - \theta^{\prime}\right)\left( \frac{d_{3}}{\kappa_{3}} \right)^{-1}
$$",\boxed{\frac{t_{2} - \theta^{\prime}}{d_{3} / \kappa_{3}}},EX,,False,EN,Laws Application
3271,Mechanics and Thermodynamics,Thermodynamics,Non-equilibrium Thermodynamics,"A pond has formed a 1 cm thick layer of ice on the surface, with the temperature of the air above the ice at $-20^{\circ} \mathrm{C}$. The thermal conductivity of ice is $\kappa = 2.092 \mathrm{~J} /(\mathrm{m} \cdot \mathrm{s} \cdot \mathrm{K})$, the latent heat of fusion is $l = 3.349 \times 10^{5} \mathrm{~J} / \mathrm{kg}$, and the density of water is $\rho = 10^{3} \mathrm{~kg} / \mathrm{m}^{3}$. Determine the time required for the thickness of the ice layer to double.","Consider a vertical ice column with a base area of $\Delta A$. Assume that at time $t$, the thickness of the ice is $x$. At equilibrium, $\mathrm{d} Q=\mathrm{d} Q^{\prime}$, and it is known that $x(t)$ satisfies the following equation:

$$
\frac{\mathrm{d} x}{\mathrm{~d} t}=\frac{20 \kappa}{l \rho x}
$$

From the equation:

$$
x \mathrm{~d} x=\frac{20 \kappa}{l \rho} \mathrm{~d} t
$$

Integrating yields:

$$
x^{2}-x_{0}^{2}=\frac{40 \kappa}{l \rho} t
$$

When the thickness of the ice layer doubles, $x=2 x_{0}=2 \mathrm{~cm}$, the required time is:

$$
t=\frac{3 x_{0}^{2} l \rho}{40 \kappa}=1.2 \times 10^{3} \mathrm{~s}=20 \mathrm{~min}
$$",\boxed{20},NV,\text{min},False,EN,Math Derivation
3278,Mechanics and Thermodynamics,Thermodynamics,Non-equilibrium Thermodynamics,"A pond is covered with an ice layer that is 1 cm thick, with the air temperature above the ice at $-20^{\circ} \mathrm{C}$. The thermal conductivity of the ice is $\kappa=2.092 \mathrm{~J} /(\mathrm{m} \cdot \mathrm{s} \cdot \mathrm{K})$, the latent heat of fusion is $l=3.349 \times 10^{5} \mathrm{~J} / \mathrm{kg}$, and the density of water is $\rho=10^{3} \mathrm{~kg} / \mathrm{m}^{3}$. Determine the initial rate of increase in the thickness of the ice layer.","Consider a vertical ice column with a base area of $\Delta A$ on the ice layer. The origin of the $x$-axis is at the water surface, oriented vertically downward, as shown in Figure 5.2.

Let the ice thickness be $x$ at time $t$, and it increases to $x+\mathrm{d} x$ at time $t+\mathrm{d} t$. Due to heat conduction, the heat lost by the ice $\mathrm{d} Q$ is given by Fourier's Law:

$$
\mathrm{d} Q=\kappa \frac{\mathrm{d} T}{\mathrm{~d} x} \Delta A \mathrm{~d} t
$$

The temperature gradient is $\frac{\mathrm{d} T}{\mathrm{~d} x}=\frac{20}{x}$. The latent heat released by a water layer of thickness $\mathrm{d} x$ at $0^{\circ} \mathrm{C}$ as it freezes to form ice at $0^{\circ} \mathrm{C}$ is $\mathrm{d} Q^{\prime}$, which is:

$$
<image 1>
$$

Figure 5.2

$$
\mathrm{d} Q^{\prime}=l \rho \Delta A \mathrm{~d} x
$$

At equilibrium, $\mathrm{d} Q=\mathrm{d} Q^{\prime}$, thus the equation satisfied by $x(t)$ is:

$$
\frac{\mathrm{d} x}{\mathrm{~d} t}=\frac{20 \kappa}{l \rho x}
$$

At $t=0$, $x=x_{0}=1 \mathrm{~cm}$, the rate at which the ice layer increases in thickness is:

$$
\left.\frac{\mathrm{d} x}{\mathrm{~d} t}\right|_{t=0}=\frac{20 \kappa}{l \rho x_{0}}=1.25 \times 10^{-5} \mathrm{~m} / \mathrm{s}
$$",\boxed{1.25 \times 10^{-5}},NV,\text{m/s},False,EN,Laws Application
3279,Mechanics and Thermodynamics,Thermodynamics,Phase Transition and Equilibrium,"When a compressor compresses gas at the same rate, diatomic molecular gas will become hotter than monatomic molecular gas. Determine its correctness, answer using T (for True) and F (for False).",F.,\boxed{No},TF,,False,EN,Laws Application
3280,Mechanics and Thermodynamics,Thermodynamics,Non-equilibrium Thermodynamics,"The walls of a house are made of bricks, with a thickness of $23 \, \text{cm}$ and a thermal conductivity of $2.5 \, \text{W/m} \cdot {^\circ} \text{C}$. If the temperatures at the brick-cement interface and the brick-wood interface are $\theta$ and $\theta^{\prime}$, respectively, find the heat flux density per square meter.","From the continuity of heat transfer, we know that the heat flux $q$ perpendicular to the wall is equal everywhere. By Fourier's law of heat conduction, we have

$$
q = \kappa_{2} \frac{\theta^{\prime} - \theta}{d_{2}}
$$

and

$$
\theta^{\prime} - \theta = q \frac{d_{2}}{\kappa_{2}}
$$

Ultimately, the heat flux density $q$ through the brick layer is:

$$
q = \left(\theta^{\prime} - \theta\right)\left( \frac{d_{2}}{\kappa_{2}} \right)^{-1}
$$",\boxed{\frac{\theta^{\prime} - \theta}{0.23/2.5}},EX,\text{W/m}^2,False,EN,Laws Application
3281,Mechanics and Thermodynamics,Thermodynamics,Second Law of Thermodynamics and Entropy,"The internal energy of a certain substance is only a function of temperature, and its linear expansion coefficient $\alpha$ is a constant with $\alpha \ll 1$. The constant volume heat capacity $c_{v} = b T^{3}$. Determine the change in entropy $\Delta S$ of this substance when the temperature changes from $T_{0}$ to $T$ at constant pressure.","At constant pressure, by integrating the equation, we obtain

$$
\Delta S = \int_{T_{0}}^{T}\left(b T^{2} \mathrm{d}T + 3\alpha V_{0} p \frac{\mathrm{d}T}{T}\right) = \frac{b}{3}\left(T^{3} - T_{0}^{3}\right) + 3\alpha p V_{0} \ln \frac{T}{T_{0}}
$$","\[
\boxed{\frac{b}{3}\left(T^{3} - T_{0}^{3}\right) + 3\alpha p V_{0} \ln \frac{T}{T_{0}}}
\]",EX,,False,EN,Laws Application
3283,Mechanics and Thermodynamics,Thermodynamics,Phase Transition and Equilibrium,"Moist air flows adiabatically over a hillside, then descends along the slope after crossing the mountain peak. The air ascends to a height of $H_{1}$ where the pressure measurement indicates the start of cloud formation. The air continues to rise and reaches the mountain ridge at a height of $H_{2}$ after 1500 seconds, with the air pressure recorded as $7.3 \times 10^{4} \mathrm{~Pa}$. During this ascent, water vapor condenses into rainfall. Assume each square meter of air mass is 2000 kg, and each kilogram of moist air condenses 2.45 g of rainwater.

(4) If the precipitation between $H_{1}$ and $H_{2}$ is uniform, what is the amount of precipitation formed in 3 hours due to the condensation of water vapor in the air?","The amount of water condensed from air between $H_{1}$ and $H_{2}$ per square meter is $2000 \times 2.45 \times 10^{-3}=4.9 \mathrm{~kg} \cdot \mathrm{~m}^{-2}$, which occurred over 1500 seconds, resulting in a precipitation rate of $4.9 / 1500=3.27 \times 10^{-3} \mathrm{~kg} \cdot \mathrm{~m}^{-2} \cdot \mathrm{~s}^{-1}$. The total amount of precipitation formed in 3 hours is:

$$
Q=3.27 \times 10^{-3} \times 3 \times 3600=35.3 \mathrm{~kg} \cdot \mathrm{~m}^{-2}
$$

A precipitation amount of $1 \mathrm{~kg} \cdot \mathrm{~m}^{-2}$ is equivalent to 1 mm of rainfall, so the precipitation over 3 hours is 35.3 mm.",\boxed{35.3},NV,\text{mm},False,EN,Practical Application
3286,Mechanics and Thermodynamics,Thermodynamics,Thermodynamic State and First Law of Thermodynamics,"An air bubble rises from the seabed at a depth of \(H\) to the surface. The relationship between the temperature of the seawater and the depth \(h\) is given by \(T = T_0 - \frac{a}{H} h\). Given that the volume of the bubble at the surface of the sea is \(V_{0}\), the pressure is \(p_{0}\), and the density of the seawater is \(\rho\), find the work done by the bubble as it rises.","Let the mass of the bubble be \(m\). Assume the gas inside the bubble behaves as an ideal gas, and the bubble rises as a quasi-static process. The pressure and temperature of the gas inside the bubble change with depth \(h\) according to the following equations:

\[  
\begin{aligned}  
p & = p_{0} + \rho g h \\  
T & = T_{0} - \frac{a}{H} h  
\end{aligned}  
\]

Taking the differential gives

\[  
\begin{gathered}  
\mathrm{d} p = \rho g \, \mathrm{d} h \\  
\mathrm{d} T = -\frac{a}{H} \, \mathrm{d} h  
\end{gathered}  
\]

The equation of state for the bubble in seawater and at the sea surface are respectively

\[  
\begin{aligned}  
p V & = \frac{m}{\mu} R T \\  
p_{0} V_{0} & = \frac{m}{\mu} R T_{0}  
\end{aligned}  
\]

Differentiating the equation of state gives

\[  
p \, \mathrm{d} V = \frac{m}{\mu} R \, \mathrm{d} T - V \, \mathrm{d} p = \frac{p_{0} V_{0}}{T_{0}} \left(\mathrm{d} T - \frac{T}{p} \, \mathrm{d} p\right) = -\frac{p_{0} V_{0}}{T_{0}} \frac{\frac{a}{H} p_{0} + \rho g T_{0}}{p_{0} + \rho g h} \, \mathrm{d} h  
\]

Integrating the above expression from \(h=H\) to \(h=0\) gives the work done by the bubble as it rises from the seabed to the sea surface

\[  
W = \int p \, \mathrm{d} V = -\frac{p_{0} V_{0}}{T_{0}} \int_{H}^{0} \frac{\frac{a}{H} p_{0} + \rho g T_{0}}{p_{0} + \rho g h} \, \mathrm{d} h = \frac{p_{0} V_{0}}{T_{0}} \left(\frac{a p_{0}}{\rho g H} + T_{0}\right) \ln \frac{p_{0}+\rho g H}{p_{0}}  
\]","\[
\boxed{\frac{p_{0} V_{0}}{T_{0}} \left(\frac{a p_{0}}{\rho g H} + T_{0}\right) \ln \frac{p_{0}+\rho g H}{p_{0}}}
\]",EX,,False,EN,Math Derivation
3288,Mechanics and Thermodynamics,Thermodynamics,Non-equilibrium Thermodynamics,"The space between two concentric cylinders with radii $a$ and $b$ ($a < b$) and length $L$ is filled with a gas of viscosity $\eta$ to be measured. The outer cylinder rotates about its axis with angular velocity $\omega$. The experiment measures the torsion angle of a quartz fiber as $\varphi$, with the torsion constant of the quartz fiber being $D$. Assuming the difference in radii of the two cylinders is very small, i.e., $b-a = \delta \ll a$, find the viscosity $\eta$ of the gas.","The linear velocity at the fluid layer near the outer cylinder wall is $v(b) = \omega b$. Substituting into the velocity formula gives

$$
\omega b = \frac{D \varphi}{2 \pi a L \eta}\left(1 - \frac{a}{b}\right)
$$

Therefore, the viscosity of the gas is

$$
\eta = \frac{D \varphi}{2 \pi a b L \omega}\left(1 - \frac{a}{b}\right) = \frac{D \varphi(b-a)}{2 \pi a b^{2} L \omega}
$$

If the radii of the two cylinders are very close, i.e., $b-a = \delta \ll a$, then we have

$$
\eta \approx \frac{D \varphi \delta}{2 \pi a^{3} L \omega}
$$

where the velocity gradient for nearly parallel plates is $\frac{\mathrm{d} v}{\mathrm{~d} r} \approx \frac{b \omega}{b-a} = \text{constant}$.",\boxed{\frac{D \varphi \delta}{2 \pi a^{3} L \omega}},EX,,False,EN,Math Derivation
3289,Mechanics and Thermodynamics,Thermodynamics,Thermodynamic Functions and Equilibrium Conditions,Assume the atmosphere can be regarded as an ideal gas with a molar mass of $\mu$. The gravitational acceleration near the Earth's surface is $g$. Calculate $\mathrm{d} T / \mathrm{d} z$ for pure $\mathrm{N}_{2}$ when $\gamma=1.4$.,"By comparing the aforementioned result, we find that

$$
\frac{\mathrm{d} T}{\mathrm{~d} z}=\left(\frac{1}{\gamma}-1\right) \frac{\mu g}{R}
$$

For $\mathrm{N}_{2}$, when $\mu=28 \mathrm{~g} \cdot \mathrm{mol}^{-1}$ and $\gamma=1.4$,

$$
\frac{\mathrm{d} T}{\mathrm{~d} z} \approx-9.4 \times 10^{-5} \mathrm{~K} / \mathrm{cm}
$$",\boxed{-9.4 \times 10^{-5}},NV,\mathrm{K} / \mathrm{cm},False,EN,Math Derivation
3290,Mechanics and Thermodynamics,Thermodynamics,Non-equilibrium Thermodynamics,A rigid small sphere moves in a viscous fluid. It is known from dimensional analysis that the resistance force it experiences is given by $f = A \eta v r$. Stokes has determined that the proportionality constant $A = 6 \pi$. Confirm the resistance force $f$ experienced by a sphere of radius $r$ moving at velocity $v$ in a viscous fluid.,"Stokes determined that the proportionality constant $A = 6 \pi$, so the resistance force $f$ experienced by a sphere of radius $r$ moving at velocity $v$ in a viscous fluid is $f = 6 \pi \eta v r$.",\boxed{6 \pi \eta v r},NV,,False,EN,Knowledge Recall
3292,Mechanics and Thermodynamics,Thermodynamics,Second Law of Thermodynamics and Entropy,"A uniform copper rod, mass $m = 1.0 \, \mathrm{kg}$, specific heat capacity at constant pressure $c_{p} = 385 \, \mathrm{J}/(\mathrm{kg} \cdot \mathrm{K})$, is initially at a temperature of $T_{1} = 400 \, \mathrm{K}$ at the left end and $T_{2} = 300 \, \mathrm{K}$ at the right end. The rod's lateral surface is thermally insulated from the surroundings. Both ends of the rod are also thermally insulated from the surroundings, and it reaches thermal equilibrium. Calculate the change in entropy of the entire rod.","The initial temperatures of the two ends of the rod are $T_{1}$ and $T_{2}$, respectively. The rod is an adiabatic system, and upon reaching thermal equilibrium, the final temperature of the rod $T_{\mathrm{f}} = \frac{1}{2}(T_{1} + T_{2})$. The entropy increase for a small segment $\mathrm{d} x$ of the rod at $x$ is:

$$
\mathrm{d} S_{x} = \int_{T_{\mathrm{i}}(x)}^{T_{f}} \frac{c_{p} \, \mathrm{d} m \, \mathrm{d} T}{T} = \frac{m}{l} c_{\mathrm{p}} \, \mathrm{d} x \ln \frac{T_{f}}{T_{\mathrm{i}}(x)}
$$

The total entropy change for the entire rod is:

$$
\begin{aligned}
\Delta S_{\text{rod}} &= \int \mathrm{d} S = \frac{m}{l} c_{\mathrm{p}} \int_{0}^{l}\left[\ln \frac{T_{1} + T_{2}}{2} - \ln \left(T_{1} - \frac{T_{1} - T_{2}}{l} x\right)\right] \mathrm{d} x \\
&= m c_{\mathrm{p}}\left\{\ln \frac{T_{1} + T_{2}}{2} + \frac{1}{T_{1} - T_{2}}\left[T_{2}\left(\ln T_{2} - 1\right) - T_{1}\left(\ln T_{1} - 1\right)\right]\right\} \\
&= m c_{\mathrm{p}}\left\{\ln \frac{T_{1} + T_{2}}{2} + \frac{1}{T_{1} - T_{2}}\left[T_{2} \ln T_{2} - T_{1} \ln T_{1}\right] + 1\right\} \\
&= 1.32 \, \mathrm{J/K}
\end{aligned}
$$

$\Delta S_{\text{rod}} > 0$, which is consistent with the principle of increasing entropy.",\boxed{1.32},NV,\mathrm{J/K},False,EN,Laws Application
3295,Mechanics and Thermodynamics,Thermodynamics,Second Law of Thermodynamics and Entropy,"Calculate the change in entropy of 1 gram of nitrogen gas when the temperature changes from $20^{\circ} \mathrm{C}$ to $-196^{\circ} \mathrm{C}$. Assume that nitrogen is an ideal gas with a molar mass of 28 and a specific heat capacity $c_{\mathrm{p}} = 7.0 \mathrm{cal} /(\mathrm{mol} \cdot \mathrm{K})$, which is independent of temperature.","The number of moles in 1 gram of nitrogen is

$$
n = \frac{1}{28} = 3.57 \times 10^{-2} \, (\mathrm{mol})
$$

The change in entropy for an ideal gas is

$$
\Delta S^{\prime} = n c_{\mathrm{p}} \ln \frac{T_{1}}{T_{2}} = 0.33 \, \mathrm{cal} / \mathrm{K}
$$

where $T_{1} = 20^{\circ} \mathrm{C} = 293 \, \mathrm{K}$, $T_{2} = -196^{\circ} \mathrm{C} = 77 \, \mathrm{K}$.",\boxed{0.33},NV,\mathrm{cal} / \mathrm{K},False,EN,Laws Application
3297,Mechanics and Thermodynamics,Thermodynamics,Thermodynamic State and First Law of Thermodynamics,How much heat is required to warm nitrogen from $-20^{\circ} \mathrm{C}$ to $100^{\circ} \mathrm{C}$ under constant volume conditions? Given the constant volume specific heat capacity of nitrogen $c_{\mathrm{v}}=5 \mathrm{cal}/\mathrm{mol}\cdot{}^{\circ}\mathrm{C}$.,"For heating at constant volume, the heat required is

$$
Q = n c_{\mathrm{v}} \Delta T = 21 \times 10^{3}\, \text{cal}
$$",\boxed{21 \times 10^{3}},NV,\text{cal},False,EN,Laws Application
3298,Mechanics and Thermodynamics,Thermodynamics,Thermodynamic State and First Law of Thermodynamics,"The solar constant (radiant energy flux from the Sun at the Earth's surface) is approximately $0.1 \, \mathrm{W/cm}^{2}$. Assuming the Sun is a black body, find the temperature of the Sun's surface. It is known that the solar radiant energy flux density $j = \sigma T^{4}$, where $\sigma = 5.7 \times 10^{-8} \, \mathrm{W/m}^{2} \, \mathrm{K}^{-4}$, the radius of the Sun $r_{\mathrm{s}} = 7.0 \times 10^{5} \, \mathrm{km}$, and the distance from the Sun to Earth $r_{\mathrm{se}} = 1.5 \times 10^{8} \, \mathrm{km}$.","The solar energy flux density $j = \sigma T^{4}$, where $\sigma = 5.7 \times 10^{-8} \, \mathrm{W/m}^{2} \, \mathrm{K}^{-4}$. Therefore, $\sigma T^{4} \left( \frac{r_{\mathrm{s}}}{r_{\mathrm{se}}} \right)^{2} = 0.1$, where the radius of the Sun $r_{\mathrm{s}} = 7.0 \times 10^{5} \, \mathrm{km}$, and the distance from the Sun to Earth $r_{\mathrm{se}} = 1.5 \times 10^{8} \, \mathrm{km}$. Thus,

$$
T = \left[ \frac{0.1}{\sigma} \left( \frac{r_{\mathrm{se}}}{r_{\mathrm{s}}} \right)^{2} \right]^{1/4} \approx 5 \times 10^{3} \, \mathrm{K}
$$",\boxed{5 \times 10^{3}},NV,\mathrm{K},False,EN,Laws Application
3299,Mechanics and Thermodynamics,Thermodynamics,Thermodynamic State and First Law of Thermodynamics,"In a physics experiment, a large solenoid is made using a hollow rectangular conductor. The cross-section of the conductor is \(4 \, \mathrm{cm} \times 2 \, \mathrm{cm}\), with the hollow cooling water passage being \(2 \, \mathrm{cm} \times 1 \, \mathrm{cm}\). Assume the conductor is wound a single layer of 100 turns, and the resulting solenoid is 4 m long with a diameter of 3 m. The conductor is made of aluminum, and the intended magnetic field is 0.25 T. The resistivity of aluminum is \(3 \times 10^{-8} \, \Omega \mathrm{~m}\). Ignore the effects of the steel being far from the saturation magnetization point. How many kilowatts of electrical power are needed to generate the desired magnetic field, and what voltage is required?","The magnetic field is given by
\[ B=\frac{\mu_{0} N I}{L} \]
where \(N\) is the number of turns, and \(L\) is the length of the solenoid. Thus, the current is
\[ I=\frac{B L}{\mu_{0} N}=\frac{0.25 \times 4}{4 \pi \times 10^{-7} \times 100}=7960 \, \mathrm{A} \]

The total resistance of the coil is
\[ R=\frac{\rho l}{A}, \quad l \] is the length of the wire. So the resistance, voltage, and power are
\[ 
\begin{gathered}
R=\frac{\left(3 \times 10^{-8}\right) \cdot(100 \times 2 \pi \times 1.5)}{(4 \times 2-2 \times 1) \times 10^{-4}}=0.0471 \, \Omega \\
V=R I=375 \, \mathrm{V} \\
P=V I=2.99 \times 10^{3} \, \mathrm{kW}
\end{gathered}
\]","\boxed{2.99, 375}","NV, NV","\text{kW}, \text{V}",True,EN,Practical Application
3302,Mechanics and Thermodynamics,Thermodynamics,Thermodynamic State and First Law of Thermodynamics,"An adiabatic piston divides a closed-end, adiabatic cylinder into two parts, \(A\) and \(B\). Both gases on each side are equal amounts of a monoatomic ideal gas, with an adiabatic index \(\gamma = \frac{5}{3}\). Initially, the volume of the gas is \(V_0\), the pressure is \(p_0\), and the temperature is \(T_0\) for both sides. Now the gas in \(A\) is slowly heated, causing the piston to move to the right, resulting in the final pressure in \(B\) being \(3p_0\). If the final pressure of the gas in \(A\) is also \(3p_0\), find the final volume, temperature, and the change in internal energy of the gas in \(A\).","The final volume of the gas in \(A\) is
\[
V_{A} = 2V_0 - V_B = \left(2 - 3^{-\frac{3}{5}}\right)V_0
\]

With the final pressure \(p_{A} = 3p_0\), the equation of state from initial to final state is
\[
\frac{T_{A}}{T_{0}} = \frac{p_{A} V_{A}}{p_{0} V_{0}} = 3\left(2 - 3^{-\frac{3}{5}}\right) = 6 - 3^{\frac{2}{5}}
\]

The change in internal energy of the gas in \(A\) is
\[
\Delta U_{A} = \frac{3}{2} n R\left(T_{A} - T_{0}\right) = \frac{3}{2} p_{0} V_{0} \left(\frac{T_{A}}{T_{0}} - 1\right) = \frac{3}{2} p_{0} V_{0} \left(5 - 3^{\frac{2}{5}}\right)
\]","\boxed{\left(2-3^{-\frac{3}{5}}\right), \left(6-3^{\frac{2}{5}}\right), \frac{3}{2} \left(5-3^{\frac{2}{5}}\right)}","NV, NV, NV",,True,EN,Laws Application
3303,Mechanics and Thermodynamics,Thermodynamics,Thermodynamic Functions and Equilibrium Conditions,"The coefficient of expansion for water at $27^{\circ} \mathrm{C}$ is $\alpha=\frac{1}{V}\left(\frac{\partial V}{\partial T}\right)_{p}=1.3 \times 10^{-4} /{ }^{\circ} \mathrm{C}$. Assume the water on the surface of a reservoir sinks to the bottom without any heat exchange. Calculate the change in temperature as the water sinks from the surface to the bottom of a reservoir at a depth of 1 km, given the specific heat capacity $c_{\mathrm{p}}=4.2 \times 10^{3} \mathrm{~J} /(\mathrm{kg} \cdot \mathrm{K})$.","The pressure on the water increases with depth,

$$
\Delta p=\rho g \Delta h
$$

The change in temperature of the water is given by

$$
\Delta T=\left(\frac{\partial T}{\partial p}\right)_{S} \Delta p
$$

Where,

$$
\left(\frac{\partial T}{\partial p}\right)_{S}=-\left(\frac{\partial T}{\partial S}\right)_{p}\left(\frac{\partial S}{\partial p}\right)_{T}=\frac{T}{c_{\mathrm{p}}}\left(\frac{\partial V}{\partial T}\right)_{p}=\frac{T \alpha V}{c_{\mathrm{p}}}
$$

Substituting these into the expression for $\Delta T$, we get

$$
\Delta T=\frac{T \alpha V \rho g}{c_{\mathrm{p}}} \Delta h
$$

Taking $V \rho=1 \mathrm{~kg}$, $\Delta h=1 \mathrm{~km}$, $\alpha=1.3 \times 10^{-4} / \mathrm{K}$, $c_{\mathrm{p}}=4.2 \times 10^{3} \ \mathrm{J} /(\mathrm{kg} \cdot \mathrm{K})$ and $T=300 \mathrm{~K}$, we substitute in to find

$$
\Delta T=9.1 \times 10^{-2} \mathrm{~K}
$$

Thus, the temperature of water at $27^{\circ} \mathrm{C}$ as it sinks to the bottom of a 1 km deep reservoir increases by $0.09^{\circ} \mathrm{C}$.",\boxed{0.09},NV,{}^{\circ} \mathrm{C},False,EN,Practical Application
3304,Mechanics and Thermodynamics,Thermodynamics,Second Law of Thermodynamics and Entropy,"A system with constant volume is in contact with a heat reservoir at temperature $T_{f}$. If the initial temperature of the system is $T_{i}$, calculate the total change in entropy $\Delta S$ of the heat reservoir plus system. Here, it can be assumed that the specific heat $c_{v}$ of the system is independent of temperature.","The change in entropy of the system is

$$
\Delta S_{1} = \int_{T_{i}}^{T_{f}} \frac{M c_{v} \, \mathrm{d}T}{T} = M c_{v} \ln \frac{T_{f}}{T_{i}}
$$

The heat absorbed by the system from the heat reservoir is

$$
Q = M c_{v}(T_{f} - T_{i})
$$

The change in entropy of the heat reservoir is

$$
\Delta S_{2} = -\frac{Q}{T_{f}} = M c_{v} \frac{T_{i} - T_{f}}{T_{f}}
$$

The total change in entropy of the system plus heat reservoir is

$$
\Delta S = \Delta S_{1} + \Delta S_{2} = M c_{v} \left( \ln \frac{T_{f}}{T_{i}} + \frac{T_{i} - T_{f}}{T_{f}} \right)
$$",\boxed{M c_{v} \left( \ln \frac{T_{f}}{T_{i}} + \frac{T_{i} - T_{f}}{T_{f}} \right)},EX,,False,EN,Laws Application
3305,Mechanics and Thermodynamics,Thermodynamics,Second Law of Thermodynamics and Entropy,"According to the basic thermodynamic equation, the internal energy of a substance is only a function of temperature. The linear expansion coefficient $\alpha$ is constant, and $\alpha \ll 1$. The heat capacity at constant volume $c_{v} = b T^{3}$. Calculate the change in entropy $\mathrm{d}S$ under constant pressure conditions.","According to the basic thermodynamic equation,

$$
\mathrm{d}S = \frac{c_{v}}{T} \mathrm{d}T + \frac{p}{T} \mathrm{d}V = b T^{2} \mathrm{d}T + 3\alpha V_{0} p \frac{\mathrm{d}T}{T}
$$",\boxed{b T^{2} \mathrm{d}T + 3\alpha V_{0} p \frac{\mathrm{d}T}{T}},EX,,False,EN,Laws Application
3306,Mechanics and Thermodynamics,Thermodynamics,Second Law of Thermodynamics and Entropy,Equilibrium radiation suddenly radiates from a cavity with an ideal reflective hard wall and a volume of \( V_{1} \) to a cavity with the same type of wall and a volume of \( V_{2} \). Determine the temperature of the resulting radiation field in the final state.,"Initially, the internal energy of the equilibrium radiation field in \( V_{1} \) with a temperature of \( T_{1} \) is

\[ 
U_{\text{i}} = V_{1} a T_{1}^{4} 
\]

where \( a \) is a constant. When it suddenly radiates into a cavity with a volume of \( V_{2} \), the combined cavity \( V_{1} + V_{2} \) forms an isolated system. The energy of the system is conserved before and after the radiation. Let the temperature of the system in the final state be \( T_{\text{f}} \), then the internal energy in the final state is

\[ 
U_{\text{f}} = \left(V_{1} + V_{2}\right) a T_{\text{f}}^{4} 
\]

Using

\[ 
U_{\text{i}} = U_{\text{f}} 
\]

we solve for the temperature of the resulting radiation field in the final state

\[ 
T_{\text{f}} = \left(\frac{V_{1}}{V_{1} + V_{2}}\right)^{\frac{1}{4}} T_{1} 
\]

Since the volume of the radiation field increases, the temperature of the radiation field decreases, \( T_{\text{f}} < T_{1} \).","\[
\boxed{T_{\text{f}} = \left(\frac{V_{1}}{V_{1} + V_{2}}\right)^{\frac{1}{4}} T_{1}}
\]",EQ,,False,EN,Laws Application
3307,Mechanics and Thermodynamics,Thermodynamics,Second Law of Thermodynamics and Entropy,"A cylindrical container holds an ideal gas in thermodynamic equilibrium, characterized by pressure $p$, volume $V$, temperature $T$, internal energy $U$, and entropy $S$. This cylindrical container is surrounded by a large heat reservoir at the same temperature $T$. The walls and the piston are either perfectly conductive or perfectly adiabatic. The movement of the piston induces a slight volume change of $\pm \Delta V$. ""Slow"" implies that during the volume change process, the piston moves much slower than the molecular speed at temperature $T$. For the process of volume increase $+\Delta V$, consider the slow and adiabatic scenario, and determine whether the changes in the following quantities (after reaching equilibrium again) are positive, negative, or zero.

\begin{center}
\begin{tabular}{|c|c|c|c|}
\hline
$\Delta T$ & $\Delta U$ & $\Delta S$ & $\Delta p$ \\
\hline
 &  &  &  \\
\hline
 &  &  &  \\
\hline
 &  &  &  \\
\hline
 &  &  &  \\
\hline
 &  &  &  \\
\hline
\end{tabular}
\end{center}

\begin{center}
\begin{tabular}{|c|c|c|c|}
\hline
$\Delta T$ & $\Delta U$ & $\Delta S$ & $\Delta p$ \\
\hline
 &  &  &  \\
\hline
 &  &  &  \\
\hline
 &  &  &  \\
\hline
 &  &  &  \\
\hline
 &  &  &  \\
\hline
\end{tabular}
\end{center}

\begin{center}
\begin{tabular}{|c|c|c|c|c|}
\hline
 & $\Delta T$ & $\Delta U$ & $\Delta S$ & $\Delta p$ \\
\hline
1 & 0 & 0 & + & - \\
\hline
2 & - & - & 0 & - \\
\hline
3 & 0 & 0 & + & - \\
\hline
4 & 0 & 0 & + & - \\
\hline
5 & 0 & 0 & - & + \\
\hline
\end{tabular}
\end{center}","In an adiabatic expansion process, $\Delta Q=0$. Since the process is very slow, it can be considered as a quasi-static reversible process, so $\Delta S=0$. An adiabatic process satisfies the equation $p V^{\gamma} = \text{constant}$. When $V$ increases, $p$ decreases, thus $\Delta p<0$. The system does work on the surroundings, decreasing its internal energy, $\Delta U<0$, which also means $\Delta T<0$.",\boxed{2},NV,,False,EN,Laws Application
3308,Mechanics and Thermodynamics,Thermodynamics,Second Law of Thermodynamics and Entropy,There is a dam with a height of 100 m. Calculate the energy harnessed from 1 g of water through hydropower.,"For hydropower:

\[
W' = mgh = 1 \times 980 \times 100 \approx 9.8 \times 10^4 \, \mathrm{erg} = 0.24 \, \mathrm{(cal)}
\]",\boxed{0.24},NV,\text{cal},False,EN,Laws Application
3309,Mechanics and Thermodynamics,Thermodynamics,Thermodynamic Functions and Equilibrium Conditions,"A $100 \, \Omega$ resistor at room temperature 300 K carries a current of 10 A for 300 s.  
(4) What is the change in the total Helmholtz free energy?","The change in total free energy is  

$$  
\Delta F = \Delta U - T \Delta S = 0  
$$",\boxed{0},NV,,False,EN,Laws Application
3310,Mechanics and Thermodynamics,Thermodynamics,Second Law of Thermodynamics and Entropy,"A reversible heat engine operates between two heat reservoirs with temperatures $T_{1}$ and $T_{2}$ ($T_{2} > T_{1}$). The heat reservoir $T_{1}$ can be considered to have an infinite mass, while the heat reservoir $T_{2}$ consists of a fixed amount of gas (with $\mu$ moles and heat capacity $c_{v}$) with a constant volume. After the engine has been running for a long time, $T_{2} = T_{1}$. How much work has the engine done in total?","The efficiency of the heat engine is given by $\frac{\mathrm{d}W}{\mathrm{d}Q} = 1 - \frac{T_{1}}{T}$, with the relation $\mathrm{d}Q = -\mu c_{v} \mathrm{d}T$. Therefore, the total work done is

$$
W = \int \mathrm{d}W = -\left.\mu\right|_{T_{2}}^{T_{1}} \left(1 - \frac{T_{1}}{T}\right) c_{v} \mathrm{d}T = \mu c_{v}(T_{2} - T_{1}) - \mu c_{v} T_{1} \ln \frac{T_{2}}{T_{1}}
$$",\boxed{\mu c_{v}(T_{2} - T_{1}) - \mu c_{v} T_{1} \ln \frac{T_{2}}{T_{1}}},EX,\text{J},False,EN,Laws Application
3311,Mechanics and Thermodynamics,Thermodynamics,Thermodynamic State and First Law of Thermodynamics,"A certain ideal gas consists of 0.1 mol of helium gas (with $\gamma_{1}=\frac{c_{\mathrm{P}}}{c_{\mathrm{v}}}=\frac{5}{3}$) and 0.2 mol of nitrogen gas (with $\gamma_{2}=\frac{7}{5}$), at an initial temperature of 300 K occupying a volume of 4 L. Calculate the initial pressure of the mixed gas.","Let subscripts 1 and 2 denote helium gas (He) and nitrogen gas ($\mathrm{N}_{2}$), respectively. Initially, 0.1 mol of He gas and 0.2 mol of $\mathrm{N}_{2}$ gas together occupy a volume of $V_{i}=4 \mathrm{~L}$, so their initial partial pressures are:

$$
p_{1 i}=\frac{n_{1} R T_{i}}{V_{i}}, \quad p_{2 i}=\frac{n_{2} R T_{i}}{V_{i}}
$$

Substituting $n_{1}=0.1 \mathrm{~mol}$, $n_{2}=0.2 \mathrm{~mol}$, and $T_{i}=300 \mathrm{~K}$, we find:

$$
\begin{aligned}
p_{1 i} & =0.615 \mathrm{~atm} \\
p_{2 i} & =1.230 \mathrm{~atm}
\end{aligned}
$$

The initial pressure of the mixed gas is:

$$
p_{i}=p_{1 i}+p_{2 i}=1.845 \mathrm{~atm}
$$",\boxed{1.845},NV,,False,EN,Laws Application
3312,Mechanics and Thermodynamics,Thermodynamics,Phase Transition and Equilibrium,"At an atmospheric pressure of 1 atm and $100^{\circ} \mathrm{C}$, find the Gibbs free energy of water and steam.","$G = H - TS$, therefore

$$
\begin{aligned}
& G_{\text{water}} = H_{\text{water}} - T S_{\text{water}} = -16 \mathrm{cal}/\mathrm{g} \\
& G_{\text{steam}} = H_{\text{steam}} - T S_{\text{steam}} = -16 \mathrm{cal}/\mathrm{g}
\end{aligned}
$$","\boxed{-16, -16}",NV,"\text{cal/g}, \text{cal/g}",True,EN,Laws Application
3315,Mechanics and Thermodynamics,Thermodynamics,Thermodynamic Functions and Equilibrium Conditions,"Consider a simple model of the atmosphere. Ignore wind, convection, and the variation of gravity with altitude. Assume the atmosphere is adiabatic. Prove that in this case the temperature decreases linearly with increasing altitude and determine the rate of decrease.","The equation $\frac{1}{p} \mathrm{~d} p = -\frac{m g}{k T} \mathrm{~d} h$ remains valid. The adiabatic condition gives

$$
\begin{aligned}
& p^{\frac{1-\gamma}{\gamma}} T = \text{constant} \\
& \gamma = \frac{c_{\mathrm{P}}}{c_{v}} \approx \frac{7}{5} \text{ (for diatomic molecules)}
\end{aligned}
$$

Therefore,

$$
\begin{aligned}
& \frac{\mathrm{d} T}{T} = \frac{\gamma}{\gamma-1} \cdot -\frac{m g}{k T} \mathrm{~d} h \\
& T - T_{0} = -\frac{(\gamma-1) m g}{\gamma k}(h - h_{0}) = -\frac{(\gamma-1) M g}{\gamma R} (h - h_{0}) \\
& \frac{\mathrm{~d} T}{\mathrm{~d} h} = -\frac{\gamma-1}{\gamma} \frac{M g}{R} \approx -0.01 (\mathrm{~K} / \mathrm{m})
\end{aligned}
$$",\boxed{-0.01},NV,\mathrm{K/m},False,EN,Math Derivation
3316,Mechanics and Thermodynamics,Thermodynamics,Non-equilibrium Thermodynamics,"Assuming a thermal conductivity of $\kappa$ and given a temperature gradient, apply Fourier's law of heat conduction to determine the local entropy generation rate.","According to Fourier's law of heat conduction $\boldsymbol{q} = -\kappa \nabla T$, we have

$$
\Theta = \kappa \left( \frac{\nabla T}{T} \right)^2
$$",\boxed{\Theta = \kappa \left( \frac{\nabla T}{T} \right)^2},EQ,,False,EN,Laws Application
3317,Mechanics and Thermodynamics,Thermodynamics,Second Law of Thermodynamics and Entropy,"A uniform copper rod with mass $m = 1.0 \, \mathrm{kg}$ and specific heat capacity at constant pressure $c_{p} = 385 \, \mathrm{J}/(\mathrm{kg} \cdot \mathrm{K})$ has an initial temperature of $T_{1} = 400 \, \mathrm{K}$ at the left end and $T_{2} = 300 \, \mathrm{K}$ at the right end. The side surface of the rod is thermally insulated from the surroundings. The right end of the rod is in contact with a heat reservoir at $T_{2} = 300 \, \mathrm{K}$, while the left end is insulated, allowing the rod to reach thermal equilibrium. Calculate the entropy change of the rod and the heat reservoir.","If the initial temperature of the rod at $x = 0$ is $T_{1}$, and the end of the rod at $x = l$ is in contact with the heat reservoir at $T_{2}$, then the final temperature of the rod $T_{\mathrm{f}} = T_{2} = 300 \, \mathrm{K}$. The entropy change of a segment $\mathrm{d} x$ of the rod is:

$$
\mathrm{d} S(x) = \int_{T_{\mathrm{i}}(x)}^{T_{2}} \frac{c_{\mathrm{p}} \, \mathrm{d} m \, \mathrm{d} T}{T} = \rho c_{\mathrm{p}} \, \mathrm{d} x \ln \frac{T_{2}}{T_{\mathrm{i}}(x)}
$$

The total entropy increase of the rod is:

$$
\begin{aligned}
\Delta S_{\text{rod}} &= \int \mathrm{d} S(x) = \frac{m c_{\mathrm{p}}}{l} \int_{0}^{l}\left[\ln T_{2} - \ln \left(T_{1} - \frac{100}{l} x\right)\right] \mathrm{d} x \\
&= m c_{\mathrm{p}}\left\{\ln T_{2} + \frac{1}{100}[300 \ln 300 - 400 \ln 400 + 100]\right\} \\
&= -58 \, \mathrm{J/K}
\end{aligned}
$$

The heat released by the rod is:

$$
Q = m c_{\mathrm{p}} \frac{T_{1} - T_{2}}{2} = 385 \times 50 = 1.925 \times 10^{4} \, \mathrm{J}
$$

With the reservoir temperature at $T_{2} = 300 \, \mathrm{K}$, absorbing heat $Q$, the entropy increase is:

$$
\Delta S_{\text{reservoir}} = \frac{Q}{T_{2}} = 64.2 \, \mathrm{J/K}
$$

The total entropy change of the system composed of the rod and the reservoir is:

$$
\Delta S > 0
$$

which is consistent with the principle of entropy increase.","\boxed{-58, 64.2}","NV, NV","\mathrm{J/K}, \mathrm{J/K}",True,EN,Laws Application
3318,Mechanics and Thermodynamics,Thermodynamics,Second Law of Thermodynamics and Entropy,"A cylindrical container contains an ideal gas in thermodynamic equilibrium with pressure $p$, volume $V$, temperature $T$, internal energy $U$, and entropy $S$. Surrounding this cylindrical container is a large heat reservoir at the same temperature $T$. The walls and piston of the container are either completely conductive or completely adiabatic. The movement of the piston causes a small change in volume of $\pm \Delta V$. ""Fast"" means that during the change in volume, the speed of the piston is much greater than the molecular speed at temperature $T$. For the process of volume increase $+\Delta V$, in the fast and conductive case, determine whether the changes of each quantity (after reaching equilibrium again) are positive, negative, or zero.

\[
\begin{array}{|c|c|c|c|}
\hline
\Delta T & \Delta U & \Delta S & \Delta p \\
\hline
 &  &  &  \\
\hline
 &  &  &  \\
\hline
 &  &  &  \\
\hline
 &  &  &  \\
\hline
 &  &  &  \\
\hline
\end{array}
\]

\[
\begin{array}{|c|c|c|c|c|}
\hline
 & \Delta T & \Delta U & \Delta S & \Delta p \\
\hline
1 & 0 & 0 & + & - \\
\hline
2 & - & - & 0 & - \\
\hline
3 & 0 & 0 & + & - \\
\hline
4 & 0 & 0 & + & - \\
\hline
5 & 0 & 0 & - & + \\
\hline
\end{array}
\]","The result is the same as an isothermal free expansion process, hence $\Delta T=0, \Delta U=0, \Delta S>0, \Delta p<0$.","\boxed{1, 3, 4}",MC,"None, None, None",True,EN,Laws Application
3321,Mechanics and Thermodynamics,Thermodynamics,Thermodynamic Functions and Equilibrium Conditions,"During the adiabatic expansion of a gas, the change of temperature with respect to pressure is represented by $\mu_{s}=\left(\frac{\partial T}{\partial p}\right)_{s}$. Derive the expression for $\mu_{s}$.","Proof

$$
\mu_{s}=\left(\frac{\partial T}{\partial p}\right)_{s}=-\left(\frac{\partial T}{\partial S}\right)_{p}\left(\frac{\partial S}{\partial p}\right)_{T}=-\frac{T}{c_{p}}\left(\frac{\partial S}{\partial p}\right)_{T}.
$$",\boxed{\mu_{s}=-\frac{T}{c_{p}}\left(\frac{\partial S}{\partial p}\right)_{T}},EX,,False,EN,Math Derivation
3322,Mechanics and Thermodynamics,Thermodynamics,Thermodynamic State and First Law of Thermodynamics,"The experiment measures the rate of change of the volume \( V \) of a certain gas with respect to temperature and pressure given by

$$
\begin{aligned}
& \left(\frac{\partial V}{\partial T}\right)_{p}=\frac{a}{T^{2}}+\frac{b}{p} \\
& \left(\frac{\partial V}{\partial p}\right)_{T}=-T f(p)
\end{aligned}
$$

where \( V \) is the molar volume of the gas, \( a \) and \( b \) are constants, and \( f(p) \) depends only on pressure \( p \). Find the equation of state for the gas.","Choose \( T \) and \( p \) as independent variables, then the equation of state for the gas is \( V=V(T, p) \), and its differential expression is

$$
\mathrm{d} V=\left(\frac{a}{T^{2}}+\frac{b}{p}\right) \mathrm{d} T-T f(p) \mathrm{d} p
$$

Since \(\mathrm{d} V\) is a total differential, from the condition for a total differential we have

$$
\left[\frac{\partial}{\partial p}\left(\frac{a}{T^{2}}+\frac{b}{p}\right)\right]_{T}=\left[\frac{\partial}{\partial T}(-T f(p))\right]_{p}
$$

Calculating the partial derivatives, we get

$$
f(p)=\frac{b}{p^{2}}
$$

Substitute \( f(p) \) back into the expression for \(\mathrm{d} V\), we get

$$
\mathrm{d} V=\frac{a}{T^{2}} \mathrm{~d} T+\frac{b}{p} \mathrm{~d} T-\frac{b T}{p^{2}} \mathrm{~d} p=\mathrm{d}\left(-\frac{a}{T}+\frac{b T}{p}\right)
$$

After integrating, we obtain the equation of state for the gas

$$
V-V_{0}=-\frac{a}{T}+\frac{b}{p} T
$$

where \( V_{0} \) is the integration constant.",\boxed{V-V_{0}=-\frac{a}{T}+\frac{b}{p} T},EQ,,False,EN,Math Derivation
3323,Mechanics and Thermodynamics,Thermodynamics,Phase Transition and Equilibrium,"A container A with a volume of 1 L is filled with dry air at a temperature of \( t = 20^{\circ} \mathrm{C} \). By closing r and introducing 50 mg of water into A, calculate the vapor pressure and the mass of the liquid water in A under this condition.

Assume the saturation vapor pressure of water at \( 20^{\circ} \mathrm{C} \) is \( p_{V} = 2.3 \times 10^{3} \mathrm{~Pa} \). Under such low pressure, water vapor can be regarded as an ideal gas. It is known that the density of water vapor at standard conditions is \( \rho_{0} = 0.804 \mathrm{~kg} / \mathrm{m}^{3} \).","Given that the temperature of A is \( t = 20^{\circ} \mathrm{C} \), after introducing 50 mg of water, if the water vapor in A is saturated vapor, its saturated vapor pressure is \( p_{V} \). Assuming the density of water vapor is \( \rho_{V} \), the mass of the water vapor is

\[
m_{1} = V \rho_{V}
\]

According to the problem, water vapor can be considered an ideal gas, and its state equation is

\[
p = \frac{\rho R T}{\mu}
\]

Thus, compared to standard conditions, we can obtain

\[
\rho_{V} = \rho_{0} \frac{p_{V}}{p_{0}} \frac{T_{0}}{T}
\]

Substituting equation (3) into equation (1), we get

\[
m_{1} = V \rho_{0} \frac{p_{V}}{p_{0}} \frac{T_{0}}{T} = 17.2 \mathrm{mg}
\]

Since \( m_{1} < 50 \mathrm{mg} \), there are still 32.8 mg of liquid water in A, so the water vapor in A is saturated vapor.","\boxed{2.3 \times 10^{3}, 32.8}","NV, NV","\mathrm{Pa}, \mathrm{mg}",True,EN,Practical Application
3326,Mechanics and Thermodynamics,Thermodynamics,Thermodynamic Functions and Equilibrium Conditions,"A magnetic salt satisfies the properties: magnetic susceptibility $\chi = \frac{b}{T}$ and heat capacity $c_H = \frac{aV}{T^2}$ (where $a$ and $b$ are constants). A sample of this material at an initial temperature $T_i$ is placed into a magnetic field with field strength $H$. The magnetic field is then reduced to zero adiabatically. Determine the relationship between the temperature and magnetic field change, $\frac{\mathrm{d}T}{\mathrm{d}H}$.","For the above adiabatic process, we have

$$
\frac{\mathrm{d}T}{\mathrm{d}H} = -\left(\frac{\partial S}{\partial H}\right)_T /\left(\frac{\partial S}{\partial T}\right)_H = -\frac{\mu_0 V H T}{c_H} \frac{\mathrm{d}\chi}{\mathrm{d}T} = \frac{b \mu_0 T H}{a}
$$",\boxed{\frac{b \mu_0 T H}{a}},EX,,False,EN,Laws Application
3327,Mechanics and Thermodynamics,Thermodynamics,Thermodynamic State and First Law of Thermodynamics,"The steps in the Clement-Desormes experiment for determining the adiabatic index $\gamma = \frac{c_{\mathrm{p}}}{c_{\mathrm{v}}}$ are as follows: (1) First, compress the gas in the container so that the gas pressure $p_{1}$ is slightly higher than the atmospheric pressure $p_{0}$; (2) Then, quickly open the valve A and immediately close it, during which the gas in the container undergoes a quasistatic adiabatic expansion and the pressure drops to $p_{0}$; (3) After some time, the temperature of the gas in the container returns to being the same as the atmospheric temperature, at which point the gas pressure rises to $p_{2}$. Derive the formula for $\gamma$ in terms of $p_{0}, p_{1}$, and $p_{2}$.","If we consider the initial mass $M$ of the gas in the container as the system of interest, after opening and closing valve A, a mass $\Delta M$ of gas escapes the container. Assuming the temperature and pressure of this escaped gas are the same as the temperature $T_{1}$ and pressure $p_{0}$ of the gas remaining in the container, we can imagine moving valve A to the left to $\mathrm{A}^{\prime}$, such that the gas volume expands from $V$ to $V^{\prime} = V + \Delta V$, where $\Delta V$ corresponds to the mass $\Delta M$ that escaped. For the gas with mass $M$, the transition from (1) $\rightarrow$ (2) is an adiabatic process, and from (1) $\rightarrow$ (3) is an isothermal process. The process equations can be expressed as:

$$
\begin{aligned}
p_{1} V^{\gamma} & = p_{0} V^{\prime \gamma} \\
p_{1} V & = p_{2} V^{\prime}
\end{aligned}
$$

Solving these equations similarly yields:

$$
\gamma = \frac{\ln p_{1} - \ln p_{0}}{\ln p_{1} - \ln p_{2}}
$$",\boxed{\gamma = \frac{\ln p_{1} - \ln p_{0}}{\ln p_{1} - \ln p_{2}}},EQ,,False,EN,Math Derivation
3328,Mechanics and Thermodynamics,Thermodynamics,Thermodynamic Functions and Equilibrium Conditions,Find the constant pressure specific heat capacity $c_{\mathrm{p}}$ per unit volume of a radiation field in equilibrium.,"For a radiation field in equilibrium, the radiation pressure $p$ is solely a function of temperature, meaning the isobaric process is also an isothermal process, therefore

$$
c_{\mathrm{p}}=c_{T}=\infty.
$$",\boxed{\infty},NV,,False,EN,Knowledge Recall
3329,Mechanics and Thermodynamics,Thermodynamics,Second Law of Thermodynamics and Entropy,"In the vicinity of absolute temperature \( T \), the relationship between the tension \( f \) of a stretched plastic rod and its length \( L \) is given by  
\[  
f = a T^{2}(L-L_{0})  
\]  

where \( a \) is a constant and \( L_{0} \) is the unstretched length of the rod. When \( L = L_{0} \), the specific heat capacity \( c_{L} \) (measured at constant length) of the rod is given by \( c_{L} = b T \), where \( b \) is a constant.  
Write the fundamental thermodynamic relation for this system expressing \(\mathrm{d} S\) in terms of \(\mathrm{d} U\) and \(\mathrm{d} L\).","When the rod is stretched quasistatically, the work done by the external surroundings on the system is  
\[  
\mathrm{d} W = f \,\mathrm{d} L  
\]  

The fundamental thermodynamic equation is  
\[  
\mathrm{d} U = T \,\mathrm{d} S + f \,\mathrm{d} L  
\]  

From this, the entropy equation is obtained as  
\[  
\mathrm{d} S = \frac{1}{T} \,\mathrm{d} U - \frac{f}{T} \,\mathrm{d} L \tag{1}  
\]","\boxed{\mathrm{d} S=\frac{1}{T} \,\mathrm{d} U-\frac{f}{T} \,\mathrm{d} L}",EQ,,True,EN,Laws Application
3330,Mechanics and Thermodynamics,Thermodynamics,Phase Transition and Equilibrium,"If 1 kg of water is in thermal equilibrium with an environment at \(T_{0} = 25^{\circ} \text{C}\), how much minimum work is required to cool the 1 kg of water to \(0^{\circ} \text{C}\)? The specific heat capacity of water is \(c_{\text{p}} = 1 \text{ cal/(g} \cdot \text{K})\).","The minimum work can be determined using the following equation:

$$
W_{1} = \int_{T_{0}}^{T_{f}} \frac{T_{0} - T}{T} M c_{\text{p}}(-\mathrm{d} T) = M c_{\text{p}} T_{0} \ln \frac{T_{0}}{T_{f}} - M c_{\text{p}}(T_{0} - T_{f}) = 1.1 \times 10^{3} \text{ cal}
$$",\boxed{1.1 \times 10^{3}},NV,,False,EN,Laws Application
3331,Mechanics and Thermodynamics,Thermodynamics,Second Law of Thermodynamics and Entropy,A steam engine operates between a high-temperature source at \(400^{\circ} \mathrm{C}\) and a low-temperature source at \(150^{\circ} \mathrm{C}\). What is the maximum work done by this steam engine for a given heat input \(Q\)?,"According to the Clausius inequality

\[
\frac{Q_{1}}{T_{1}}-\frac{Q_{2}}{T_{2}} \leqslant 0
\]

the work done in the outside environment is

\[
W=Q_{1}-Q_{2} \leqslant \left(1-\frac{T_{2}}{T_{1}}\right) Q_{1}
\]

Substituting \(Q_{1}=Q\), \(T_{1}=673 \, \mathrm{K}\), \(T_{2}=423 \, \mathrm{K}\), we get

\[
W_{\max }=\left(1-\frac{T_{2}}{T_{1}}\right) Q=0.37 Q
\]",\boxed{0.37Q},EX,,False,EN,Laws Application
3332,Mechanics and Thermodynamics,Thermodynamics,Thermodynamic State and First Law of Thermodynamics,"A spherical blackbody with a radius \( r \) and temperature \( T \) is surrounded by a concentric spherical shell with a radius \( R \), with both sides of the shell being black. Assume the surrounding environment temperature is \( T_{0} \). After being enclosed in the shell, find the rate of energy loss from the blackbody to the shell \( Q^{\prime} \) and the rate at which the shell loses energy to the outside \( Q^{\prime\prime} \), and determine the temperature \( T_{1} \) of the shell.","After being enclosed in the shell, the rate of energy loss from the blackbody to the shell is \( Q^{\prime} = 4 \pi r^{2} \sigma \left(T^{4} - T_{1}^{4}\right) \), where \( T_{1} \) is the temperature of the shell. The rate at which the shell loses energy to the outside is \( Q^{\prime\prime} = 4 \pi R^{2} \sigma \left(T_{1}^{4} - T_{0}^{4}\right) \). By equating \( Q^{\prime\prime} = Q^{\prime} \), we can determine \( T_{1}^{4} = \left(r^{2} T^{4} + R^{2} T_{0}^{4}\right) /\left(R^{2} + r^{2}\right) \).","\boxed{Q^{\prime} = 4 \pi r^{2} \sigma \left(T^{4} - T_{1}^{4}\right), Q^{\prime\prime} = 4 \pi R^{2} \sigma \left(T_{1}^{4} - T_{0}^{4}\right), T_{1}^{4} = \frac{r^{2} T^{4} + R^{2} T_{0}^{4}}{R^{2} + r^{2}}}","EX, EX, EQ","None, None, None",True,EN,Laws Application
3333,Mechanics and Thermodynamics,Thermodynamics,Thermodynamic Functions and Equilibrium Conditions,"Using the Van der Waals equation of state, calculate the thermal expansion coefficient $\alpha$ for a Van der Waals gas.","The Van der Waals equation is
$$
p = \frac{RT}{V-b} - \frac{a}{V^{2}}
$$
where $R$ is the gas constant, and $a$ and $b$ are constants. 

By taking the partial derivative of both sides with respect to $T$ while keeping $p$ constant, we have

$$
0 = \frac{R}{V-b} - \left[ \frac{RT}{(V-b)^{2}} - \frac{2a}{V^{3}} \right] \left( \frac{\partial V}{\partial T} \right)_{p}
$$

Solving for $\left( \frac{\partial V}{\partial T} \right)_{p}$ and substituting into the expression for $\alpha$, we obtain

$$
\alpha = \frac{1}{V} \left( \frac{\partial V}{\partial T} \right)_{p} = \frac{V-b}{VT-\frac{2a}{R} \left( \frac{V-b}{V} \right)^{2}}
$$",\boxed{\frac{V-b}{VT-\frac{2a}{R} \left( \frac{V-b}{V} \right)^{2}}},EX,,False,EN,Math Derivation
3334,Mechanics and Thermodynamics,Thermodynamics,Thermodynamic State and First Law of Thermodynamics,"A thin-walled cylindrical hydrometer, with one open end facing downward, is submerged into a liquid with density \(\rho\), sealing a small amount of gas with an initial pressure of \(p_0\) and volume \(V_0\). The gas is assumed to be ideal. When the external pressure is increased to \(2p_0\), the hydrometer sinks. Find the buoyant force \(f_x\) on the hydrometer when it sinks to a depth \(x\).","When the hydrometer is initially in equilibrium, its buoyant force \(f_0\) is equal to the weight of the liquid displaced by the gas, \(f_0 = V_0 \rho g\). Thus, the gravitational force on the hydrometer \(f_p = f_0 = V_0 \rho g\). When the hydrometer sinks to a depth \(x\), the buoyant force \(f_x\) it experiences is

\[
f_x = V_x \rho g = \frac{p_0 V_0 \rho g}{2p_0 + \rho g x}
\]",\boxed{\frac{p_0 V_0 \rho g}{2p_0 + \rho g x}},EX,,False,EN,Laws Application
3335,Mechanics and Thermodynamics,Thermodynamics,Thermodynamic State and First Law of Thermodynamics,"A thin-walled cylindrical plunger with one end closed and the open end facing downward is inserted into a liquid with density \(\rho\). The gas trapped inside is an ideal gas. When the external pressure suddenly increases from \(p_0\) to \(2p_0\), the plunger sinks. Assuming the temperature of the liquid remains constant, find the relationship between the current volume \(V_x\) of the gas inside the plunger and the sinking depth \(x\).","For the gas trapped inside the plunger, the initial pressure of the gas is \(p_0\) and the volume is \(V_0\). When the external pressure increases to \(2p_0\), and the plunger sinks to a depth \(x\), the pressure of the gas becomes \(2p_0 + x\rho g\), and the volume is \(V_x\). Since the gas undergoes an isothermal process, applying Boyle’s Law gives:

\[
V_x = \frac{p_0 V_0}{2p_0 + x\rho g}
\]",\boxed{V_x = \frac{p_0 V_0}{2p_0 + x\rho g}},EQ,,False,EN,Laws Application
3336,Mechanics and Thermodynamics,Thermodynamics,Second Law of Thermodynamics and Entropy,"In a cylindrical container, there is an ideal gas in thermodynamic equilibrium with pressure \( p \), volume \( V \), temperature \( T \), internal energy \( U \), and entropy \( S \). The environment surrounding this cylindrical container is a large heat reservoir also at temperature \( T \). The container walls and the piston are either completely conducting or completely adiabatic. The movement of the piston causes a small volume change of \( \pm \Delta V \). The term ""fast"" here means that during the volume change, the speed of the piston is much greater than the molecular speed at temperature \( T \). For the process where the volume increases by \( +\Delta V \), in the scenario of a fast and adiabatic process, indicate whether the changes of each quantity (after reaching equilibrium again) are positive, negative, or zero.

\begin{center}
\begin{tabular}{|c|c|c|c|}
\hline
$\Delta T$ & $\Delta U$ & $\Delta S$ & $\Delta p$ \\
\hline
 &  &  &  \\
\hline
 &  &  &  \\
\hline
 &  &  &  \\
\hline
 &  &  &  \\
\hline
 &  &  &  \\
\hline
\end{tabular}
\end{center}

\begin{center}
\begin{tabular}{|c|c|c|c|}
\hline
$\Delta T$ & $\Delta U$ & $\Delta S$ & $\Delta p$ \\
\hline
 &  &  &  \\
\hline
 &  &  &  \\
\hline
 &  &  &  \\
\hline
 &  &  &  \\
\hline
 &  &  &  \\
\hline
\end{tabular}
\end{center}

\begin{center}
\begin{tabular}{|c|c|c|c|c|}
\hline
 & $\Delta T$ & $\Delta U$ & $\Delta S$ & $\Delta p$ \\
\hline
1 & 0 & 0 & + & - \\
\hline
2 & - & - & 0 & - \\
\hline
3 & 0 & 0 & + & - \\
\hline
4 & 0 & 0 & + & - \\
\hline
5 & 0 & 0 & - & + \\
\hline
\end{tabular}
\end{center}","This process is equivalent to the adiabatic free expansion of an ideal gas. Therefore, \(\Delta S > 0\), \(\Delta U = 0\), \(\Delta T = 0\), and \(\Delta p < 0\).","\boxed{3, 4}","NV, NV","None, None",True,EN,Laws Application
3337,Mechanics and Thermodynamics,Thermodynamics,Second Law of Thermodynamics and Entropy,"Consider a system with 1 mole of a paramagnetic substance, for which the $T-S$ (temperature-entropy) diagram is shown in Figure 2.8. If this substance is used as the working material for a Carnot refrigerator, with a high-temperature reservoir at 1 K and the temperature of the refrigerated sample at 0.2 K, how much energy can be extracted from the sample per cycle?","The heat absorbed is given by $Q_{\text{absorbed}} = T_{\text{low}}(\Delta S)_{B \rightarrow C} = 0.2 \times (1.5 - 0.5) R = 0.2 R \approx 1.7 \times 10^{7} \, (\mathrm{erg/mol})$.",\boxed{1.7 \times 10^{7}},NV,\mathrm{erg/mol},False,EN,Practical Application
3338,Mechanics and Thermodynamics,Thermodynamics,Thermodynamic State and First Law of Thermodynamics,"A certain mass of ideal gas undergoes a quasi-static process from state \( A \) to state \( B \), as represented in the \( p-V \) diagram shown in Figure 1.6. Please express the work done by the system on the surroundings during process \( AB \) using the area enclosed by the curve on the \( p-V \) diagram.","During the process \( AB \), the work done by the system on the surroundings is

\[
W_{AB} = \int_{A}^{B} p \, \mathrm{d}V = A_{ABGEA}
\]

where \( A_{ABGEA} \) represents the area of the curved trapezoid \( ABGE \).",\boxed{A_{ABGEA}},EX,,False,EN,Laws Application
3339,Mechanics and Thermodynamics,Thermodynamics,Thermodynamic State and First Law of Thermodynamics,One mole of a monoatomic ideal gas undergoes isothermal expansion from an initial temperature \(T_{0}\) and volume \(V_{0}\) to a volume of \(2V_{0}\). Calculate the work done on the surroundings and the heat absorbed during this expansion process.,"In an isothermal process, the work done on the surroundings is given by

$$
W = \int_{V_{0}}^{2V_{0}} p \, \mathrm{d}V = RT_{0} \int_{V_{0}}^{2V_{0}} \frac{\mathrm{d}V}{V} = RT_{0} \ln 2
$$

The change in internal energy is zero, so the heat absorbed by the system from the surroundings is

$$
Q = W = RT_{0} \ln 2
$$","\boxed{RT_{0} \ln 2, RT_{0} \ln 2}","NV, NV","\text{Joules}, \text{Joules}",True,EN,Laws Application
3340,Mechanics and Thermodynamics,Thermodynamics,Thermodynamic State and First Law of Thermodynamics,"A model of the Sun-Earth system is as follows: two blackbody spheres in a vacuum, with the Sun having a temperature of $T_{\mathrm{s}} = 6000 \, \mathrm{K}$. On Earth, the effective heat transfer from the atmosphere and ocean regulates the Earth to become a sphere with a uniform surface temperature. The radii of Earth and the Sun are $R_{\mathrm{e}} = 6 \times 10^{8} \, \mathrm{cm}$ and $R_{\mathrm{s}} = 7 \times 10^{10} \, \mathrm{cm}$, respectively, and the distance between the Sun and Earth is $d = 1.5 \times 10^{13} \, \mathrm{cm}$. Calculate the radiation pressure exerted on Earth.","Since the solid angle subtended by the Earth from the Sun and vice versa is very small, the radiation pressure is given by:

$$
F_{\mathrm{e}} = \frac{q_{\mathrm{e}}}{C} = \frac{1}{C} \frac{R_{\mathrm{s}}^{2}}{d^{2}} \cdot \pi R_{\mathrm{e}}^{2} \cdot (\sigma T_{\mathrm{s}}^{4}) = 6 \times 10^{8} \, \mathrm{N}
$$",\boxed{6 \times 10^{8}},NV,,False,EN,Laws Application
3341,Mechanics and Thermodynamics,Thermodynamics,Second Law of Thermodynamics and Entropy,"Assume the following relationship between entropy $S$, volume $V$, internal energy $U$, and particle number $N$ is known: $S=A[NVU]^{1/3}$, where $A$ is a constant. What is the heat capacity at constant volume, $c_v$?","$$
c_{v} = T\left(\frac{\partial S}{\partial T}\right)_{V, N} = \frac{1}{2} \sqrt{\frac{A^{3} N V}{3}} \sqrt{T} \equiv \lambda \sqrt{T}.
$$",\boxed{\lambda \sqrt{T}},EX,,False,EN,Math Derivation
3342,Mechanics and Thermodynamics,Thermodynamics,Second Law of Thermodynamics and Entropy,Equilibrium radiation suddenly radiates from a cavity with an ideal reflective hard wall and volume \( V_{1} \) into another cavity with the same type of wall and volume \( V_{2} \). Find the change in entropy of the radiation field.,"The entropy of the radiation field is given by

\[ 
S = \frac{4}{3} a T^{3} V 
\]

Therefore, the increase in entropy of the system is

\[ 
\Delta S = S_{\text{f}} - S_{\text{i}} = \frac{4}{3} a T_{\text{f}}^{3}\left(V_{1} + V_{2}\right) - \frac{4}{3} a T_{1}^{3} V_{1} = \frac{4}{3} a T_{1}^{3} V_{1} \left[ \left(\frac{V_{1} + V_{2}}{V_{1}}\right)^{\frac{1}{4}} - 1 \right]
\]

\(\Delta S > 0\), which complies with the principle of entropy increase.",\boxed{\frac{4}{3} a T_{1}^{3} V_{1} \left[ \left(\frac{V_{1} + V_{2}}{V_{1}}\right)^{\frac{1}{4}} - 1 \right]},NV,,False,EN,Laws Application
3343,Mechanics and Thermodynamics,Thermodynamics,Non-equilibrium Thermodynamics,The water and air on the surface of a lake are in thermal equilibrium at a temperature slightly above the freezing point. The air temperature suddenly drops by $\Delta T$ degrees. Express the thickness of the ice on the surface of the lake as a function of time using the latent heat per unit volume $L/V$ and the thermal conductivity of ice $\Lambda$. Assume $\Delta T$ is small enough that the specific heat of the ice can be neglected. Consider any area $\Delta S$ on the lake surface. Assume the ice thickness is $h(t)$. Find the thickness of the ice.,"Consider any area $\Delta S$ on the lake surface. Let the thickness of the ice be $h(t)$. The volume of water $\Delta S \, \mathrm{d}h$ beneath the ice releases heat to the air and turns into ice over a time $\mathrm{d}t$, given by $\Delta S \, \mathrm{d}h \frac{L}{V}$, therefore

$$
\Delta S \, \mathrm{d}h \cdot \frac{L}{V} = \Lambda \frac{\Delta T}{h} \Delta S \, \mathrm{d}t
$$

Simplifying yields:

$$
h \, \mathrm{d}h = \frac{\Lambda \Delta T}{(L/V)} \mathrm{d}t
$$

Integrating gives the ice thickness as

$$
h(t) = \left[\frac{2 \Lambda \Delta T t}{(L/V)}\right]^{1/2}
$$",\boxed{\left[\frac{2 \Lambda \Delta T t}{(L/V)}\right]^{1/2}},EX,,False,EN,Math Derivation
3345,Mechanics and Thermodynamics,Thermodynamics,Phase Transition and Equilibrium,"During the formation of a soap bubble, there is a change in volume on one hand, and on the other, the bubble forms a new interface. Calculate the work done by the external forces in forming the interface of a soap bubble with a radius of $R=2.5 \, \mathrm{cm}$. Assume the surface tension coefficient of the soap bubble is $\sigma=4.4 \times 10^{-2} \, \mathrm{N} / \mathrm{m}$.","The work done in increasing the surface area of the soap bubble is given by

$$
W_{2}=2 \times 4 \pi R^{2} \sigma=8 \pi R^{2} \sigma.
$$",\boxed{8 \pi R^{2} \sigma},EX,,False,EN,Laws Application
3346,Mechanics and Thermodynamics,Thermodynamics,Phase Transition and Equilibrium,"Calculate the total entropy change of the entire system by considering the entropy changes during the various stages of the transformation of water into ice, as well as the entropy change of the heat source.","Therefore, the total entropy change of the entire system is:

$$
\Delta S = \Delta S_{1} + \Delta S_{2} + \Delta S_{3} + \Delta S_{\mathrm{e}} \approx 704 \mathrm{~J} / \mathrm{K}
$$",\boxed{704},NV,\mathrm{J} / \mathrm{K},False,EN,Laws Application
3347,Mechanics and Thermodynamics,Thermodynamics,Second Law of Thermodynamics and Entropy,"Two objects have temperatures $T_{1}$ and $T_{2}$ ($T_{1}>T_{2}$), with specific heat capacities $c_{p1}$ and $c_{p2}$, respectively, both constants. A heat engine operates between these two objects. Assume this heat engine is a reversible Carnot engine, running until the temperatures of the two objects equalize. Find the final temperature $T_{f}$ of the objects in this process. Ensure that the change in entropy of the entire system is zero, in accordance with the second law of thermodynamics.","First, calculate the entropy change of the two objects and the heat engine:

$$
\Delta S_{1}=\int_{T_{1}}^{T_{f}} c_{p1} \frac{\mathrm{d} T}{T}=c_{p1} \ln \frac{T_{f}}{T_{1}}
$$
$$
\Delta S_{2}=\int_{T_{2}}^{T_{f}} c_{p2} \frac{\mathrm{d} T}{T}=c_{p2} \ln \frac{T_{f}}{T_{2}}
$$
$$
\Delta S_{\text{engine}}=0
$$

Since the entire system is adiabatic, the total entropy change $\Delta S \geq 0$, thus we have:

$$
\Delta S = c_{p1} \ln \frac{T_{f}}{T_{1}} + c_{p2} \ln \frac{T_{f}}{T_{2}} = \ln \frac{T_{f}^{c_{p1}+c_{p2}}}{T_{1}^{c_{p1}} T_{2}^{c_{p2}}} \geq 0
$$

From this, we obtain:
$$
T_{f} \geq T_{1}^{\alpha_{1}} T_{2}^{\alpha_{2}}
$$

where $\alpha_{i}$ is:
$$
\alpha_{i} = \frac{c_{pi}}{c_{p1}+c_{p2}} \quad (i = 1, 2)
$$","\boxed{(T_{1}^{\alpha_{1}} T_{2}^{\alpha_{2}}, \infty)}",IN,,False,EN,Laws Application
3348,Mechanics and Thermodynamics,Thermodynamics,Thermodynamic State and First Law of Thermodynamics,"An ideal gas with a definite mass undergoes a quasi-static process from state \( A \) to state \( B \), as shown on the \( p-V \) diagram in Figure 1.6. Please determine the change in internal energy of the system during this process.","The change in internal energy

\[
\Delta U_{AB} = \Delta U_{AC} + \Delta U_{CB} = \Delta U_{CB} = -W_{CB} = -A_{CBGFC}
\]

This means the decrease in the internal energy of the system is equal to the area of the curvilinear trapezoid \( C B G F \).",\boxed{-A_{CBGFC}},EX,,False,EN,
3349,Mechanics and Thermodynamics,Thermodynamics,Thermodynamic Functions and Equilibrium Conditions,"A $100 \, \Omega$ resistor carries a current of 10 A for 300 seconds at a constant temperature of 300 K.  
(1) What is the change in entropy of the resistor?","Since the resistor remains at a constant temperature, its state does not change, and entropy is a function of state. Therefore, the change in entropy of the resistor is zero: $\Delta S_{1}=0$.",\boxed{0},NV,,False,EN,Laws Application
3350,Mechanics and Thermodynamics,Thermodynamics,Thermodynamic State and First Law of Thermodynamics,"The speed of small amplitude longitudinal waves in an ideal gas is given by

$$
c=\sqrt{\frac{\mathrm{d} p}{\mathrm{~d} \rho}}
$$

where $p$ is the ambient pressure and $\rho$ is the density of the corresponding gas. Derive the speed of sound in a gas under adiabatic compression and rarefaction.","Solution In the adiabatic process of an ideal gas, the relation $p V^{\gamma}=$ constant holds. We discuss a general process where $p V^{t}=$ constant, with $t$ being the polytropic index. Differentiating gives

$$
\frac{\mathrm{d} p}{p}+t \frac{\mathrm{~d} V}{V}=0
$$

leading to

$$
\left(\frac{\mathrm{d} p}{\mathrm{~d} V}\right)_{t}=-t \frac{p}{V}
$$

Also, $\rho=M / V$, so

$$
\left(\frac{\mathrm{d} p}{\mathrm{~d} \rho}\right)_{t}=\left(\frac{\mathrm{d} p}{\mathrm{~d} V}\right)_{t}\left(\frac{\mathrm{~d} V}{\mathrm{~d} \rho}\right)_{t}=\left(-t \frac{p}{V}\right)\left(-\frac{M}{\rho^{2}}\right)=t \frac{R T}{\mu}
$$

where $\mu$ is the molar mass of the gas. Finally, we have $c=\sqrt{\frac{\mathrm{d} p}{\mathrm{~d} \rho}}=\sqrt{\frac{t R T}{\mu}}$. For an adiabatic process, $t=\gamma$, thus $c=\sqrt{\frac{\gamma R T}{\mu}}$.",\boxed{c=\sqrt{\frac{\gamma R T}{\mu}}},EQ,,False,EN,Math Derivation
3351,Mechanics and Thermodynamics,Thermodynamics,Second Law of Thermodynamics and Entropy,An object with a constant heat capacity \( c_{\mathrm{p}} \) and an initial temperature of \( T_{\mathrm{i}} \) comes into contact with a heat reservoir at a temperature of \( T_{\mathrm{f}} \) under constant pressure until thermal equilibrium is reached. Find the change in entropy \(\Delta S_2\) of the heat reservoir.,"The change in entropy of the heat reservoir is given by

\[ 
\Delta S_{2} = \frac{\Delta Q}{T_{\mathrm{f}}} = \frac{c_{\mathrm{p}} (T_{\mathrm{f}} - T_{\mathrm{i}})}{T_{\mathrm{f}}} 
\]","\[
\boxed{\frac{c_{\mathrm{p}} (T_{\mathrm{f}} - T_{\mathrm{i}})}{T_{\mathrm{f}}}}
\]",EX,,False,EN,Laws Application
3352,Mechanics and Thermodynamics,Thermodynamics,Non-equilibrium Thermodynamics,"A spherical blackbody asteroid made of rock, far from the solar system, so that solar radiation has no effect on it. Due to radioactive elements, there is a constant rate of heat generation inside the asteroid, $\dot{q} = 3 \times 10^{-14} \, \mathrm{cal}/(\mathrm{g} \cdot \mathrm{s})$. The density of the rock is $\rho = 3.5 \, \mathrm{g}/\mathrm{cm}^{3}$. The radius of the asteroid is $R = 100 \, \mathrm{km}$. Assuming a stable temperature field has been established, find the surface temperature $T_{s}$ of the asteroid. The thermal conductivity $\kappa$ and the Stefan-Boltzmann constant $\Sigma$ are given as: $\kappa = 5 \times 10^{-3} \, \mathrm{cal}/(\mathrm{cm} \cdot \mathrm{s} \cdot \degree \mathrm{C})$, and the Stefan-Boltzmann constant is $\sigma \approx 5.67 \times 10^{-5} \, \mathrm{cal}/(\mathrm{cm}^{2} \cdot \mathrm{s} \cdot \mathrm{K}^{4})$.","The surface temperature satisfies:

$$
4 \pi R^{2} \cdot \sigma T_{s}^{4} = Q = \frac{4 \pi R^{3}}{3} \rho \dot{q}
$$

Thus,

$$
T_{s} = \sqrt[4]{\frac{R \rho \dot{q}}{3 \sigma}} = 22.5 \, \mathrm{K}
$$",\boxed{22.5},NV,\mathrm{K},False,EN,Laws Application
3353,Mechanics and Thermodynamics,Thermodynamics,Phase Transition and Equilibrium,"Given $100^{\circ} \mathrm{C}$, $1.0 \mathrm{~kg}$ of water and a large block of ice at $0^{\circ} \mathrm{C}$, a reversible engine transfers heat from the water to the ice until the system can no longer perform work. How much ice is melted (the latent heat of fusion for ice is $80 \mathrm{cal} / \mathrm{g}$)?","During this process, the heat absorbed by the ice is

$$
Q_{2}=c_{v} \int_{273}^{373} \frac{273}{T} \mathrm{~d}T=8.5 \times 10^{4} \mathrm{cal}
$$

This amount of heat can melt the ice

$$
M=\frac{Q_{2}}{L_{\text{fus}}}=\frac{8.5 \times 10^{4} \mathrm{cal}}{80 \mathrm{cal} / \mathrm{g}}=1.06 \mathrm{~kg}
$$",\boxed{1.06},NV,\text{kg},False,EN,Laws Application
3354,Mechanics and Thermodynamics,Thermodynamics,Phase Transition and Equilibrium,"At constant pressure, 10 kg of ice at $0^{\circ} \mathrm{C}$ comes into contact with a heat source at $-10^{\circ} \mathrm{C}$ and turns into ice at $-10^{\circ} \mathrm{C}$. Given that the heat capacity of ice at constant pressure is $2090 \mathrm{~J} /(\mathrm{kg} \cdot \mathrm{K})$, calculate the change in entropy during this process.","The change in entropy when the ice at $0^{\circ} \mathrm{C}$ cools down to ice at $-10^{\circ} \mathrm{C}$ is:

$$
\Delta S_{3} = \int_{273}^{263} \frac{m c_{\mathrm{p, ice}}}{T} \mathrm{~d} T = m c_{\mathrm{p, ice}} \ln \frac{263}{273} \approx -780 \mathrm{~J} / \mathrm{K}.
$$",\boxed{-780},NV,\mathrm{J/K},False,EN,Laws Application
3355,Mechanics and Thermodynamics,Thermodynamics,Thermodynamic Functions and Equilibrium Conditions,"Consider a certain gas with the state equation given by

$$
\left(p+\frac{a}{T^{n} V^{2}}\right)(V-b)=N R T
$$

where $a$, $b$, and $n$ are constants, and $N$ is the number of moles of the gas. From the given expression for free energy

$$
F(T, V)=-N R T \ln (V-b)-\frac{a}{T^{2} V}-T \int \frac{\mathrm{d} T}{T^{2}} \int c_{v}^{\circ} \mathrm{d} T-T S_{0}+U_{0}
$$

derive the expression for the enthalpy $H$ of the gas.","The enthalpy

$$
H(T, V)=U+p V=\int c_{v}^{\circ} \mathrm{d} T + \frac{N R T V}{V-b} - \frac{(n+2) a}{T^{n} V} + U_{0}
$$",\boxed{\int c_{v}^{\circ} \mathrm{d} T + \frac{N R T V}{V-b} - \frac{(n+2) a}{T^{n} V} + U_{0}},EX,,False,EN,Math Derivation
3356,Mechanics and Thermodynamics,Thermodynamics,Thermodynamic State and First Law of Thermodynamics,"There is an adiabatic piston-cylinder containing a diatomic ideal gas, where the piston can move frictionlessly within the cylinder. Initially, the piston is at an equilibrium position, and the gas inside the cylinder has a volume of $V_{0}=10 \ \mathrm{L}$ and a temperature of $T_{0}=27^{\circ} \mathrm{C}$. The atmospheric pressure is known to be $p_{0}=10^{5} \ \mathrm{Pa}$, and the cross-sectional area of the piston is $A=4 \ \mathrm{cm}^{2}$. A constant force $F=50 \ \mathrm{N}$ is now applied inward on the piston: determine the change in internal energy and enthalpy of the gas after this process and once a new equilibrium is reached.","After this process, the changes in the gas's internal energy and enthalpy are respectively:

$$
\begin{aligned}
& \Delta U=n c_{v}\left(T-T_{0}\right)=\frac{5}{2} p_{0} V_{0}\left(\frac{T}{T_{0}}-1\right)=892 \ \mathrm{J} \\
& \Delta H=\Delta U+\Delta(p V)=\Delta U+p V-p_{0} V_{0} \\
& \quad=\Delta U+p_{0} V_{0}\left(\frac{T}{T_{0}}-1\right)=\frac{7}{5} \Delta U=1.25 \times 10^{3} \ \mathrm{J}
\end{aligned}
$$","\boxed{892, 1.25 \times 10^{3}}","NV, NV","\mathrm{J}, \mathrm{J}",True,EN,Laws Application
3357,Mechanics and Thermodynamics,Thermodynamics,Thermodynamic Functions and Equilibrium Conditions,"A magnetic salt satisfies: magnetic susceptibility $\chi = \frac{b}{T}$, specific heat $c_H = \frac{aV}{T^2}$ ($a$ and $b$ are constants). Given that the magnetization $M = \chi H$, find $\left(\frac{\partial S}{\partial H}\right)_T$.","Since $M = \chi H$, we have

$$
\left(\frac{\partial S}{\partial H}\right)_T = \mu_0 V H \left(\frac{\partial \chi}{\partial T}\right)_H = \mu_0 V H \frac{\mathrm{d}\chi}{\mathrm{d}T}
$$",\boxed{\mu_0 V H \frac{\mathrm{d}\chi}{\mathrm{d}T}},EX,,False,EN,Laws Application
3358,Mechanics and Thermodynamics,Thermodynamics,Thermodynamic Functions and Equilibrium Conditions,"\(1 \, \text{g}\) of water at \(20^{\circ} \text{C}\) and a pressure of \(10^{4} \, \text{atm}\) passes through an adiabatic porous plug into a laboratory with a pressure of \(1 \, \text{atm}\). Assume that the density of water is the same at \(10^{4} \, \text{atm}\) and at \(1 \, \text{atm}\). Find the temperature \(T_f\) of the ejected water.","The enthalpy of the water remains constant before and after passing through the porous plug, that is:
\[ U_{f} + p_{f} V = U_{i} + p_{i} V \]

If the temperature of the ejected water is \(T_{f}\), then:
\[ \Delta U = U_{f} - U_{i} = mc(T_{f} - T_{i}) = (p_{i} - p_{f}) V \]

This gives:
\[ T_{f} = \frac{(p_{i} - p_{f}) V}{mc} + T_{i} \]

By taking \(p_{i} - p_{f} \approx 10^{4} \, \text{atm} = 1.013 \times 10^{9} \, \text{N/m}^2\), \(V = 10^{-3} \, \text{L} = 10^{-6} \, \text{m}^3\), \(c = 1.0 \, \text{cal/(g} \cdot\text{K}) = 4.187 \, \text{J/g} \cdot \text{K}^{-1}, \, m = 1 \, \text{g}\) and substituting these values, we get:

\[ T_{f} = \frac{(1.013 \times 10^{9} \, \text{N/m}^{2}) (10^{-6} \, \text{m}^{3})}{1 \cdot 4.187} + 293 = 242 + 293 = 535 \, \text{K} \]

\(T_{f} = 535 \, \text{K}\), which is higher than the boiling point of water.",\boxed{535},NV,\text{K},False,EN,Laws Application
3359,Mechanics and Thermodynamics,Thermodynamics,Thermodynamic State and First Law of Thermodynamics,"Two systems with specific heat capacities $c_{1}$ and $c_{2}$, respectively, reach a common temperature $T_{f}$ after contact. Given that the initial temperature of system 1 is $T_{1}$, find the initial temperature $T_{2}$ of system 2. It can be assumed that the total energy of the two systems remains unchanged.","Let the initial temperature of system 2 be $T_{2}$. According to the conservation of energy, the heat released by one system is equal to the heat absorbed by the other system, i.e.,

$$
c_{1}\left(T_{f}-T_{1}\right) = c_{2}\left(T_{2}-T_{f}\right)
$$

Solving this gives

$$
T_{2} = \frac{c_{1}}{c_{2}}\left(T_{f}-T_{1}\right) + T_{f}
$$",\boxed{\frac{c_{1}}{c_{2}}\left(T_{f}-T_{1}\right) + T_{f}},EX,,False,EN,Laws Application
3360,Mechanics and Thermodynamics,Thermodynamics,Second Law of Thermodynamics and Entropy,"A steel cylinder has a volume of 30 L, initially containing helium gas at a pressure of 100 bar and a temperature of $27^{\circ} \mathrm{C}$, and is thermally insulated from the surrounding environment. The cylinder's valve is then opened, allowing the gas to slowly flow into a large balloon until the amount of gas in the cylinder is one-tenth of its original mole count. The gas entering the balloon reaches thermal equilibrium with the surrounding atmosphere (atmospheric temperature is $27^{\circ} \mathrm{C}$, and pressure is 1 bar). Helium is considered an ideal gas. Determine the final temperature $T_f$ of the gas remaining in the cylinder.","Assume there are initially $n \mathrm{~mol}$ of gas in the cylinder, which is divided into two parts: one part $n_{1} \mathrm{~mol}$ remains in the cylinder; its volume decreases from $V_{0} = 30 \mathrm{~L}$ to $V_{1} = 3 \mathrm{~L}$. From the adiabatic process equation, the temperature of the helium remaining in the cylinder is given by

$$
T_{\mathrm{f}} = T_{0}\left(\frac{V_{0}}{V_{1}}\right)^{\gamma-1} = 300 \times(0.1)^{\frac{2}{3}} = 64.6 \mathrm{~K}
$$

Here, the specific heat at constant volume for helium $c_{v} = \frac{3}{2} R$ and $\gamma = \frac{5}{3}$ are used.",\boxed{64.6},NV,\mathrm{K},False,EN,Laws Application
3361,Mechanics and Thermodynamics,Thermodynamics,Thermodynamic Functions and Equilibrium Conditions,Calculate the ratio for an ideal gas.,"For an ideal gas, $\alpha = \frac{1}{T}, \kappa = \frac{1}{p}$. Thus, $c_{\mathrm{p}} - c_{\mathrm{v}} = \frac{n}{m} R = \frac{R}{M}$. Here, $n$ is the number of moles of the gas, $m$ is the mass of the gas, and $M$ is the molar mass of the gas.",\boxed{\frac{R}{M}},EX,,False,EN,Knowledge Recall
3362,Mechanics and Thermodynamics,Thermodynamics,Second Law of Thermodynamics and Entropy,"At an absolute temperature $T$, the relationship between the tension $f$ of a stretched plastic rod and its length $L$ is given by  
$$  
f=a T^{2}\left(L-L_{0}\right)  
$$  

where $a$ is a constant, and $L_{0}$ is the length of the rod when not stretched. When $L=L_{0}$, the specific heat capacity $c_{L}$ of the rod (measured at constant length) is given by $c_{L}=b T$, where $b$ is a constant.  
Given $S\left(T_{0}, L_{0}\right)$, find the entropy $S(T, L)$ at any temperature $T$ and length $L$ (the most convenient method is to first calculate the change in entropy with temperature $T$ when the length is $L_{0}$, since the specific heat capacity $c_{L}$ is known when $L=L_{0}$).","From $c_{L}\left(T, L_{0}\right)=b T$, we have  
$$  
\left(\frac{\partial S}{\partial T}\right)_{L_{0}}=\frac{c_{L}\left(T, L_{0}\right)}{T}=b  
$$  

Integrating the above expression with respect to $T$ from $T_{0}$ to $T$, we get  
$$  
S\left(T, L_{0}\right)=b\left(T-T_{0}\right)+S\left(T_{0}, L_{0}\right)  
$$  

where $S\left(T_{0}, L_{0}\right)$ is the constant of integration, provided in the problem. Keeping $T$ constant, integrate with respect to $L$ from $L_{0}$ to $L$ from equation (2), obtaining  
$$  
S(T, L)-S\left(T, L_{0}\right)=-a T\left(L-L_{0}\right)^{2}  
$$  

Substituting the previously obtained $S\left(T, L_{0}\right)$, we have  
\begin{equation*}  
S(T, L)=-a T\left(L-L_{0}\right)^{2}+b\left(T-T_{0}\right)+S\left(T_{0}, L_{0}\right) \tag{3}  
\end{equation*}","\boxed{S(T, L)=-a T\left(L-L_{0}\right)^{2}+b\left(T-T_{0}\right)+S\left(T_{0}, L_{0}\right)}",EX,,False,EN,Math Derivation
3363,Mechanics and Thermodynamics,Thermodynamics,Thermodynamic State and First Law of Thermodynamics,"A hot air balloon has a volume \( V=1.2 \, \mathrm{m}^{3} \), which is non-expandable, and the mass of the balloon's shell is \( m=0.2 \, \mathrm{kg} \), with its volume being negligible. Assume the molar mass of the atmosphere is \( \mu=29 \, \mathrm{g/mol} \). When the atmospheric pressure \( p_{0}=1.0 \, \mathrm{atm} \) and temperature \( t_{1}=20^{\circ} \mathrm{C} \), the balloon is sealed and adiabatic, maintaining a temperature of \( t_{3}=110^{\circ} \mathrm{C} \). In an isothermal atmosphere at the ground level with pressure \( p_{0}=1.0 \, \mathrm{atm} \) and temperature \( t_{1}=20^{\circ} \mathrm{C} \), what is the stable height \( h \) the balloon can reach?","In the isothermal atmosphere model, the atmospheric density \( \rho \) changes with height \( z \) as given by the following equation:

\[
\rho(z)=\rho_{1} \exp \left(-\frac{\mu g z}{R T_{1}}\right) \tag{5}
\]

When the balloon rises to reach a stable height \( h \), the atmospheric density is \( \rho(h) \). At this point, \( a=0 \), and the buoyant force on the balloon is balanced with its weight again,

\[
\rho(h) V g = (m+\rho_{3} V) g \tag{6}
\]

Solving equations (3), (5), and (6), we get

\[
h=-\frac{R T_{1}}{\mu g} \ln \frac{\rho(h)}{\rho_{1}}=-\frac{R T_{1}}{\mu g} \ln \left(\frac{T_{1}}{T_{3}}+\frac{m}{\rho_{1} V}\right)=870 \, \mathrm{m}
\]",\boxed{870},NV,\mathrm{m},False,EN,Math Derivation
3364,Mechanics and Thermodynamics,Thermodynamics,Non-equilibrium Thermodynamics,"Due to the convection of the surrounding air, the heat flux into and out of a vertical surface (such as a window glass) is \(0.4 \times 10^{-4}(\Delta t)^{5 / 4} \mathrm{cal}/\left(\mathrm{s} \cdot \mathrm{cm}^{2}\right)\), where \(\Delta t\) is the temperature difference between the surface and the air. If the indoor air temperature is \(25^{\circ} \mathrm{C}\) and the outdoor air temperature is \(-15^{\circ} \mathrm{C}\), what is the temperature of the inner surface of the window glass? It is known that the thickness of the window glass is 2 mm, and the thermal conductivity is \(2 \times 10^{-3} \mathrm{cal}/\left(\mathrm{s} \cdot \mathrm{cm} \cdot{ }^{\circ} \mathrm{C}\right)\), assuming the heat transfer due to radiation can be neglected.","Consider an area of \(1 \mathrm{~cm}^{2}\), let the temperatures of the inner and outer surfaces be \(t_{1}{ }^{\circ} \mathrm{C}\) and \(t_{2}{ }^{\circ} \mathrm{C}\), respectively, then we have:

\[0.4 \times 10^{-4}\left(t_{2} + 15\right)^{5/4} = 2 \times 10^{-3} \times \frac{1}{0.2} \left(t_{1} - t_{2}\right) = 0.4 \times 10^{-4}\left(25 - t_{1}\right)^{5/4}\]

From this, we can obtain:

\[t_{2} = 10 - t_{1}\]

Substituting back into the equation, we get:

\[t_{1} = 5 + 0.002\left(25 - t_{1}\right)^{5/4}\]

Using an iterative method, we can solve for:

\[t_{1} \approx 5.084^{\circ} \mathrm{C}\]",\boxed{5.084},NV,^\circ \mathrm{C},False,EN,Practical Application
3365,Mechanics and Thermodynamics,Thermodynamics,Thermodynamic Functions and Equilibrium Conditions,"A rod of length \(L\) is placed in a magnetic field \(H\) and stretched by an external force \(F\). If the magnetic moment is \(M = \frac{cLH}{F}\), find the relative change in the rod's length when the magnetic field increases from zero to \(H\).","According to the problem, \(M = \frac{cLH}{F}\), so

\[
\left(\frac{\partial M}{\partial F}\right)_{T, H} = cH\left[\frac{1}{F}\left(\frac{\partial L}{\partial F}\right)_{T, H} - \frac{L}{F^2}\right] = cHL\left(\frac{\alpha}{F} - \frac{1}{F^2}\right)
\]

Substituting into the above equation gives

\[
\left(\frac{\partial L}{\partial H}\right)_{T, F} = c\mu_0HL\left(\frac{\alpha}{F} - \frac{1}{F^2}\right)
\]

At constant temperature \(T\) and constant tensile force \(F\), integrate as the magnetic field increases from zero to \(H\):

\[
\int_{L}^{L+\Delta L} \frac{\mathrm{d}L}{L} = \int_{0}^{H} c\mu_0 H \left(\frac{\alpha}{F} - \frac{1}{F^2}\right) \mathrm{d}H
\]

This results in

\[
\ln \left(\frac{L+\Delta L}{L}\right) = \frac{1}{2} c\mu_0 H^2 \left(\frac{\alpha}{F} - \frac{1}{F^2}\right)
\]

Since \(\left|\frac{\Delta L}{L}\right| \ll 1\), we have \(\ln \left(1+\frac{\Delta L}{L}\right) \approx \frac{\Delta L}{L}\), thus

\[
\frac{\Delta L}{L} = \frac{c\mu_0 H^2}{2F^2}(\alpha F - 1)
\]","\[
\boxed{\frac{c\mu_0 H^2}{2F^2}(\alpha F - 1)}
\]",EX,,False,EN,Math Derivation
3366,Mechanics and Thermodynamics,Thermodynamics,Phase Transition and Equilibrium,"A container filled with helium gas at 10 K (above the critical point) is adiabatic and allows the gas to slowly leak through a capillary tube until the pressure inside the container reaches 1 atm and the temperature is 4.2 K (the normal boiling point of helium). If the gas behaves as an ideal gas and the helium is completely liquefied at the end of the process, find the initial pressure in the container.

Given that the latent heat of helium at 4.2 K is $L = 20 \mathrm{cal/mol}$, and the molar heat capacity of helium gas $c_v = 3 \mathrm{cal/(mol \cdot K)}$.","The total entropy change of the system is

$$
\Delta S = \Delta S_{\mathrm{g}} + \Delta S_{1} = n\left(c_v+R\right) \ln \frac{T_f}{T_i} - n R \ln \frac{p_f}{p_i} - n \frac{L}{T_f}
$$

According to the problem, $\Delta S=0$, thus we obtain

$$
p_i = p_f \left(\frac{T_i}{T_f}\right)^{\frac{c_v+R}{R}} \exp \left(\frac{L}{R T_f}\right) = 98 \mathrm{~atm}
$$",\boxed{98},NV,\text{atm},False,EN,Practical Application
3367,Mechanics and Thermodynamics,Thermodynamics,Thermodynamic Functions and Equilibrium Conditions,"Assume $\alpha = 16 \sigma / c$, where $\sigma = 5.669 \times 10^{-8} \mathrm{Wm}^{-2} \mathrm{~K}^{-4}$ is the Stefan-Boltzmann constant, and $c = 2.998 \times 10^{8} \mathrm{~ms}^{-1}$ is the speed of light in vacuum. Determine the internal energy $U$ and pressure $p$ of an equilibrium radiation field.","If we take the constant $\alpha = 16 \sigma / c$, then the internal energy and pressure are respectively

$$
\begin{aligned}
U & = 4 \frac{\sigma}{c} V T^4 \\
p & = \frac{4}{3} \frac{\sigma}{c} T^4
\end{aligned}
$$

This system represents an equilibrium radiation field with temperature $T$ and volume $V$.","\boxed{U = 4 \frac{\sigma}{c} V T^4, p = \frac{4}{3} \frac{\sigma}{c} T^4}",EQ,"\mathrm{J}, \mathrm{Pa}",True,EN,Laws Application
3368,Mechanics and Thermodynamics,Thermodynamics,Thermodynamic State and First Law of Thermodynamics,"The experiment measures the rate of change of the volume \( V \) of a certain gas with temperature and pressure given by

$$
\begin{aligned}
& \left(\frac{\partial V}{\partial T}\right)_{p}=\frac{a}{T^{2}}+\frac{b}{p} \\
& \left(\frac{\partial V}{\partial p}\right)_{T}=-T f(p)
\end{aligned}
$$

where \( V \) is the molar volume of the gas, \( a \) and \( b \) are constants, and \( f(p) \) depends only on the pressure \( p \). As \( p \rightarrow 0 \), the molar heat capacity at constant pressure \( c_{\mathrm{p}} \rightarrow \frac{5}{2} R \), where \( R \) is the gas constant. Find the expression for \( c_{\mathrm{p}} \) as a function of \( T \) and \( p \).","Let \( c_{\mathrm{p}}=c_{\mathrm{p}}(T, p) \). The partial derivative of \( c_{\mathrm{p}} \) with respect to \( p \) is

$$
\left(\frac{\partial c_{\mathrm{p}}}{\partial p}\right)_{T}=T \frac{\partial^{2} s}{\partial T \partial p}
$$

Using the Maxwell relation \(\left(\frac{\partial s}{\partial p}\right)_{T}=-\left(\frac{\partial V}{\partial T}\right)_{p}\), substituting into the equation above, we get

$$
\left(\frac{\partial c_{\mathrm{p}}}{\partial p}\right)_{T}=-T\left(\frac{\partial^{2} V}{\partial T^{2}}\right)_{p}=\frac{2 a}{T^{2}}
$$

Integrating while keeping \( T \) constant, we have

$$
c_{\mathrm{p}}=\frac{2 a}{T^{2}} p+g(T)
$$

where \( g \) is a function of \( T \) to be determined. According to the problem, as \( p \rightarrow 0 \), \( c_{\mathrm{p}} \rightarrow \frac{5}{2} R \), so

$$
\lim _{p \rightarrow 0} c_{\mathrm{p}}=g(T)=\frac{5}{2} R
$$

Substituting back into the expression for \( c_{\mathrm{p}} \), we obtain

$$
c_{\mathrm{p}}(T, p)=\frac{5}{2} R+\frac{2 a}{T^{2}} p
$$",\boxed{\frac{5}{2} R+\frac{2 a}{T^{2}} p},EX,,False,EN,Math Derivation
3369,Mechanics and Thermodynamics,Thermodynamics,Phase Transition and Equilibrium,"At an atmospheric pressure of 1 atm and a temperature of $0^{\circ} \mathrm{C}$, the density of ice is $0.917 \,\mathrm{g/cm}^{3}$, and the density of water is $0.9998 \,\mathrm{g/cm}^{3}$. If 1 mol of ice is melted under these conditions, calculate the work done on the surroundings.","The work done by the system on the surroundings is given by

$$
\begin{aligned}
W & = p\left(V_{2}-V_{1}\right) = 1.013 \times 10^{5} \,\mathrm{N/m}^{2}\left(\frac{18}{0.9998} - \frac{18}{0.917}\right) \,\mathrm{cm}^{3} \\
& = -0.165 \,\mathrm{J} = -0.034 \,\mathrm{cal}
\end{aligned}
$$","\boxed{-0.165, -0.034}","NV, NV","\mathrm{J}, \mathrm{cal}",True,EN,Laws Application
3371,Mechanics and Thermodynamics,Thermodynamics,Thermodynamic Functions and Equilibrium Conditions,"Consider a certain type of gas with the state equation

$$
\left(p+\frac{a}{T^{n} V^{2}}\right)(V-b)=N R T
$$

where $a$, $b$, $n$ are constants, and $N$ is the number of moles of the gas. From the given free energy expression

$$
F(T, V)=-N R T \ln (V-b)-\frac{a}{T^{2} V}-T \int \frac{\mathrm{d} T}{T^{2}} \int c_{v}^{\circ} \mathrm{d} T-T S_{0}+U_{0}
$$

derive the expression for the internal energy $U$ of this gas.","The internal energy

$$
U(T, V)=F+T S=\int c_{v}^{\circ} \mathrm{d} T - \frac{(n+1) a}{T^{n} V} + U_{0}
$$",\boxed{\int c_{v}^{\circ} \mathrm{d} T - \frac{(n+1) a}{T^{n} V} + U_{0}},EX,,False,EN,Math Derivation
3375,Mechanics and Thermodynamics,Thermodynamics,Second Law of Thermodynamics and Entropy,"A gas cylinder has a volume of 30 L, initially filled with helium gas at a pressure of 100 bar and a temperature of $27^{\circ} \mathrm{C}$. The cylinder is thermally insulated from its surroundings. Then, the valve on the cylinder is opened, allowing the gas to slowly flow into a large balloon until the amount of gas in the cylinder is one-tenth of the original mole number. The gas that enters the balloon reaches thermal equilibrium with the surrounding atmosphere (atmospheric temperature is $27^{\circ} \mathrm{C}$, pressure is 1 bar). Helium can be considered an ideal gas. Find: The heat $Q$ supplied to the gas leaving the cylinder by the surroundings.","The heat supplied to the gas leaving the cylinder by the surroundings is

$$
Q = \Delta U + W
$$

In this case, $W = 0$, and since the temperature of the gas does not change before and after expansion, $\Delta U = 0$. Therefore, we have

$$
Q = 0
$$",\boxed{0},NV,,False,EN,Laws Application
3376,Mechanics and Thermodynamics,Thermodynamics,Phase Transition and Equilibrium,"Assume the gas follows the following state equation (Dieterici equation)

$$
p(V-b)=R T \mathrm{e}^{-\frac{a}{R T V}}
$$

Find the solution to the first condition at the critical point $\left(\frac{\partial p}{\partial V}\right)_{T}=0$.","Solution At the critical point, it satisfies

$$
\left(\frac{\partial p}{\partial V}\right)_{T}=0
$$

From the state equation, we have

$$
\left(\frac{\partial p}{\partial V}\right)_{T}=R T \frac{\left[\frac{a(V-b)}{R T V^{2}}-1\right]}{(V-b)^{2}} \mathrm{e}^{-\frac{a}{R T V}}
$$

Therefore,

$$
\frac{a(V-b)}{R T V^{2}}-1=0
$$",\boxed{V=\frac{a}{R T}},EQ,,False,EN,Math Derivation
3377,Mechanics and Thermodynamics,Thermodynamics,Second Law of Thermodynamics and Entropy,"1 mol of Van der Waals gas undergoes free expansion into a vacuum, increasing its volume from \( V_1 \) to \( 2V_1 \). The initial temperature of the gas is \( T_1 \). Find the final temperature \( T_2 \) of the gas after the free expansion, assuming the molar heat capacity at constant volume \( c_v \) is a constant.","The free expansion into a vacuum is an irreversible process. According to the differential formula for internal energy:

$$
\mathrm{d} u = c_v \mathrm{d} T + \left[T \left(\frac{\partial p}{\partial T}\right)_V - p\right] \mathrm{d} V
$$

From the Van der Waals equation,

$$
p = \frac{RT}{V-b} - \frac{a}{V^2}
$$

we get

$$
\mathrm{d} u = c_v \mathrm{d} T + \frac{a}{V^2} \mathrm{d} V
$$

Integrating gives

$$
\Delta u = c_v \left(T_2 - T_1\right) - \frac{a}{2V_1} + \frac{a}{V_1} = 0
$$

Solving for \( T_2 \), we find

$$
T_2 = T_1 - \frac{a}{2c_v V_1}
$$",\boxed{T_2 = T_1 - \frac{a}{2c_v V_1}},EQ,,False,EN,Math Derivation
3379,Mechanics and Thermodynamics,Thermodynamics,Second Law of Thermodynamics and Entropy,"Determine the change in pressure when a mixture of 0.1 mol of helium and 0.2 mol of nitrogen gas, initially at a temperature of \(T = 300 \, \mathrm{K}\) and a volume of 4 L, undergoes an adiabatic process in which the volume decreases by \(1\%\). It is known that the specific heat ratios for helium and nitrogen are \(\gamma_{1} = \frac{5}{3}\) and \(\gamma_{2} = \frac{7}{5}\) respectively.","Using the ideal gas state equation, we have

$$
p_{f} = p_{i}\left(\frac{V_{i}}{V_{f}}\right)^{\gamma}
$$

where 

$$
\gamma = \frac{n_{1} c_{p1} + n_{2} c_{p2}}{n_{1} c_{V1} + n_{2} c_{V2}}, \quad c_{p j} = c_{V j} + R
$$

Helium is a monoatomic molecule with \(c_{V1} = \frac{3}{2} R, c_{p1} = \frac{5}{2} R\); nitrogen is a diatomic molecule with \(c_{V2} = \frac{5}{2} R, c_{p2} = \frac{7}{2} R\), thus \(\gamma = 1.46\). When \(V_{f} = 0.99 V_{i}\), we obtain

$$
\begin{aligned}
& p_{f} = 1.015 p_{i} = 1.015 \frac{n R T_{i}}{V_{i}} = 1.9 \times 10^{5} \, \mathrm{N/m}^{2} \\
& \text{where,} \, n = n_{1} + n_{2} = 0.3 \, \mathrm{mol}, \, R = 8.31 \, \mathrm{J/(mol \cdot K)}.
\end{aligned}
$$",\boxed{1.9 \times 10^{5}},NV,\mathrm{N/m}^{2},False,EN,Laws Application
3380,Mechanics and Thermodynamics,Thermodynamics,Thermodynamic Functions and Equilibrium Conditions,"Find the difference between the specific heat capacity at constant pressure and the specific heat capacity at constant volume for a blackbody radiation field, \(c_{\mathrm{p}}-c_{v}\).","The difference between \(c_{\mathrm{p}}\) and \(c_{\mathrm{v}}\) is

\[
c_{\mathrm{p}}-c_{\mathrm{v}}=\infty.
\]",\boxed{\infty},NV,,False,EN,Laws Application
3381,Mechanics and Thermodynamics,Thermodynamics,Phase Transition and Equilibrium,"Combine the state equation to describe a chemical reaction in an ideal gas mixture

$$
\nu_3 \mathrm{~A}_3 + \nu_4 \mathrm{~A}_4 - \nu_1 \mathrm{~A}_1 - \nu_2 \mathrm{~A}_2 = 0
$$

and reach equilibrium, where the volume is $V_e$. Find the degree of reaction $\varepsilon$.","From the state equation of gases before and after the reaction, we obtain

$$
\frac{V_0}{V_e} = \frac{n_0(\nu_1 + \nu_2)}{n} = \frac{\nu_1 + \nu_2}{(\nu_3 + \nu_4 - \nu_1 - \nu_2) \varepsilon + (\nu_1 + \nu_2)}
$$

Solving this gives

$$
\varepsilon = \frac{V_e - V_0}{V_0} \frac{\nu_1 + \nu_2}{\nu_3 + \nu_4 - \nu_1 - \nu_2}
$$",\[\boxed{\frac{V_e - V_0}{V_0} \frac{\nu_1 + \nu_2}{\nu_3 + \nu_4 - \nu_1 - \nu_2}}\],EX,,False,EN,Math Derivation
3382,Mechanics and Thermodynamics,Thermodynamics,Second Law of Thermodynamics and Entropy,"Assume the following relationship is known between entropy $S$, volume $V$, internal energy $U$, and particle number $N$: $S = A[NVU]^{1/3}$, where $A$ is a constant. Determine the relationship between the following quantities: (a) $U, N, V,$ and $T$.","$U = \frac{S^{3}}{A^{3} N V}$

$$
T = \left(\frac{\partial U}{\partial S}\right)_{V, N} = \frac{3 S^{2}}{A^{3} N V} = \frac{3 U^{2/3}}{A(N V)^{1/3}}.
$$","\boxed{U=\frac{S^{3}}{A^{3} N V}, T=\frac{3 U^{2/3}}{A(N V)^{1/3}}}","EQ, EX","None, None",True,EN,Math Derivation
3383,Mechanics and Thermodynamics,Thermodynamics,Second Law of Thermodynamics and Entropy,"The volume of a steel cylinder is 30 L, initially containing helium gas at a pressure of 100 bar and a temperature of $27^{\circ} \mathrm{C}$, and is thermally insulated from the surrounding environment. The valve on the steel cylinder is then opened, allowing the gas to slowly flow into a large balloon until the amount of gas in the cylinder is one-tenth of the original mole count. The gas that enters the balloon reaches thermal equilibrium with the surrounding atmosphere (atmospheric temperature is $27^{\circ} \mathrm{C}$, pressure is 1 bar). The helium gas can be considered an ideal gas. Calculate the change in entropy $\Delta S_{2}$ of the gas that leaves the cylinder.","Before entering the balloon, the $n_{2} \mathrm{~mol}$ of helium gas has a volume of $V_{3} = 27 \mathrm{~L}$ and expands to $V_{4}$ after entering the balloon, with the temperature remaining constant at $T_{0} = 300 \mathrm{~K}$. According to the equation of state for the gas, we have

$$
V_{4} = \frac{n_{2} R T_{0}}{p_{1}} = 2.69 \mathrm{~m}^{3}
$$

where $p_{1} = 1 \mathrm{bar} = 10^{5} \mathrm{~N/m}^{2}$. The change in entropy is

$$
\Delta S_{2} = n_{2} R \ln \frac{V_{4}}{V_{3}} = 4.13 \times 10^{3} \mathrm{~J/K}
$$",\boxed{4.13 \times 10^{3}},NV,\mathrm{J/K},False,EN,Practical Application
3384,Mechanics and Thermodynamics,Thermodynamics,Thermodynamic Functions and Equilibrium Conditions,"Using the equation of state \( pV = NRT \) and the molar heat capacity \( c_{v} = \frac{3}{2} R \), where \( N \) is the number of moles, determine the dependence of the free energy of a monoatomic gas on \( N \), \( V \), and \( T \).","For an ideal gas, \(\mathrm{d}U = Nc_{v} \mathrm{d}T\), which implies \(U = Nc_{v}T + U_{0}\). Here, \(U_{0}\) is the internal energy of the system at absolute zero. Given that

\[
\mathrm{d}S = \frac{Nc_{v}}{T} \mathrm{~d}T + \frac{p}{T} \mathrm{~d}V
\]

we have

\[
S = \frac{3NR}{2} \ln T + NR \ln V + S_{0}^{\prime}
\]

In this expression, \(S_{0}^{\prime}\) is a constant. Assuming that the system at \(T = T_{0}\) and \(V = V_{0}\) has an entropy \(S_{0}\), it follows that

\[
\begin{aligned}
S &= \frac{3NR}{2} \ln \frac{T}{T_{0}} + NR \ln \frac{V}{V_{0}} + S_{0} \\
F &= U - TS = \frac{3NRT}{2} - \left( \frac{3NRT}{2} \ln \frac{T}{T_{0}} + NRT \ln \frac{V}{V_{0}} \right) + U_{0} - S_{0}T
\end{aligned}
\]",\boxed{F = \frac{3NRT}{2} - \left( \frac{3NRT}{2} \ln \frac{T}{T_{0}} + NRT \ln \frac{V}{V_{0}} \right) + U_{0} - S_{0}T},EQ,,False,EN,Math Derivation
3386,Mechanics and Thermodynamics,Thermodynamics,Thermodynamic State and First Law of Thermodynamics,"Under standard conditions, a hydrogen balloon is inflated to a volume of $V_{0}=566 \ \mathrm{m}^{3}$ (the volume of the balloon's shell can be ignored), and the shell of the balloon has a mass of $m=12.5 \ \mathrm{kg}$. In an isothermal atmosphere at $0^{\circ} \mathrm{C}$, determine the maximum weight that this balloon can support without falling.","Let the weight of the hydrogen inside the balloon be $m_{0}g$, and the weight of the balloon shell be $G_{0}$. The maximum weight $Mg$ that the balloon can support is given by:

\[
Mg = F - m_{0}g - G_{0}
\]

where $F$ is the buoyant force of the balloon:

\[
F = \frac{p_{0} V_{0}}{R T_{0}} \mu g
\]

Also,

\[
m_{0} = \frac{p_{0} V_{0}}{R T_{0}} \mu_{\mathrm{H}}
\]

where $\mu_{\mathrm{H}}$ is the molar mass of hydrogen. Substitute $F$, $m_{0}$, and $G_{0} = mg$ into the equation, we get:

\[
M = \frac{p_{0} V_{0}}{R T_{0}} \left(\mu - \mu_{\mathrm{H}}\right) - m
\]

Given $\mu = 28.9 \times 10^{-3} \ \mathrm{kg/mol}, \mu_{\mathrm{H}} = 2.0 \times 10^{-3} \ \mathrm{kg/mol}$, and substituting the given data into the equation, we find:

\[
M = 667 \ \mathrm{kg}
\]

That is, the balloon can support a weight of 667 kg without falling.",\boxed{667},NV,\text{kg},False,EN,Practical Application
3387,Mechanics and Thermodynamics,Thermodynamics,Phase Transition and Equilibrium,(1) Write down the van der Waals equation for real gases.,"(1) The van der Waals equation for real gases is

\[
\left(p+\frac{a}{V^{2}}\right)(V-b)=nRT
\]",\(\boxed{\left(p+\frac{a}{V^{2}}\right)(V-b)=nRT}\),EQ,,False,EN,Knowledge Recall
3388,Mechanics and Thermodynamics,Thermodynamics,Non-equilibrium Thermodynamics,"In a conductive material, when there is a heat flow, entropy increases. Assuming the thermal conductivity is $\kappa$, given the temperature gradient, find the local entropy generation rate in the conductive material.","Inside the conductive material, if volumetric expansion is neglected, then $\mathrm{d}u = T \mathrm{~d}s$, where $u$ and $s$ are the internal energy density and entropy density, respectively. On the other hand, the energy equation can be written as

$$
\frac{\mathrm{d}u}{\mathrm{~d}t} + \nabla \cdot \boldsymbol{q} = 0
$$

where $\boldsymbol{q}$ is the heat flux density. Thus,

$$
\frac{\mathrm{d}s}{\mathrm{~d}t} = \frac{1}{T} \frac{\mathrm{d}u}{\mathrm{~d}t} = -\frac{1}{T} \nabla \cdot \boldsymbol{q} = -\nabla \cdot \left(\frac{\boldsymbol{q}}{T}\right) + \boldsymbol{q} \cdot \nabla \left(\frac{1}{T}\right)
$$

Here, $\frac{\boldsymbol{q}}{T}$ is the entropy flux, and $\boldsymbol{q} \cdot \nabla \left(\frac{1}{T}\right)$ is the irreversible entropy increase caused by temperature non-uniformity. Thus, the local entropy generation rate is

$$
\Theta = \boldsymbol{q} \cdot \nabla \left(\frac{1}{T}\right) = -\frac{\nabla T}{T^2} \cdot \boldsymbol{q}
$$",\boxed{\Theta = -\frac{\nabla T}{T^2} \cdot \boldsymbol{q}},EQ,,False,EN,Math Derivation
3389,Mechanics and Thermodynamics,Thermodynamics,Phase Transition and Equilibrium,"In an ideal gas mixture undergoing a chemical reaction

$$
\nu_3 \mathrm{~A}_3 + \nu_4 \mathrm{~A}_4 - \nu_1 \mathrm{~A}_1 - \nu_2 \mathrm{~A}_2 = 0
$$

If the extent of reaction is $\varepsilon$, find the total number of moles $n$ of the mixture after equilibrium.","The total number of moles of the gas mixture after equilibrium is

$$
n = n_1 + n_2 + n_3 + n_4 = n_0 [(1-\varepsilon) \nu_1 + (1-\varepsilon) \nu_2 + \varepsilon \nu_3 + \varepsilon \nu_4]
$$",\[\boxed{n = n_0 [(1-\varepsilon) \nu_1 + (1-\varepsilon) \nu_2 + \varepsilon \nu_3 + \varepsilon \nu_4]}\],EQ,,False,EN,Practical Application
3390,Mechanics and Thermodynamics,Thermodynamics,Thermodynamic Functions and Equilibrium Conditions,"In thermal equilibrium, the tension relationship of a rubber band is given by:

$$
t = A T \left(\frac{x}{l_0} - \frac{l_0^2}{x^2}\right)
$$

where $t$ denotes tension, $T$ is absolute temperature, $x$ is the length of the band, $l_0$ is the length of the band when the tension is zero, and $A$ is a constant. It is known that when $x = l_0$, the isochoric heat capacity $c_x(x, T)$ is a constant $K$.

Find $E(x, T)$ as a function of $T$ and $x$.","$$
\begin{aligned}
E(x, T) & = E(T) = \int_{T_0}^{T} \mathrm{~d}E + E(T_0) = \int_{T_0}^{T} \frac{\mathrm{~d}E}{\mathrm{~d}T} \mathrm{~d}T + E(T_0) \\
& = \int_{T_0}^{T} K \mathrm{~d}T + E(T_0) = K(T - T_0) + E(T_0)
\end{aligned}
$$",\boxed{K(T - T_0) + E(T_0)},EX,,False,EN,Knowledge Recall
3391,Mechanics and Thermodynamics,Thermodynamics,Phase Transition and Equilibrium,"At constant pressure, $10 \mathrm{~kg}$ of water at $0^{\circ} \mathrm{C}$ comes into contact with a heat source at $-10^{\circ} \mathrm{C}$ and turns into ice at $0^{\circ} \mathrm{C}$. Given that the latent heat of fusion for ice is $3.34 \times 10^{5} \mathrm{~J} / \mathrm{kg}$, calculate the change in entropy during this process.","The change in entropy for water at $0^{\circ} \mathrm{C}$ freezing into ice at $0^{\circ} \mathrm{C}$ is:

$$
\Delta S_{2} = -\frac{\left|Q_{\text{released}}\right|}{T_{0}} = -\frac{10 \times 3.34 \times 10^{5}}{273} \approx -1.2234 \times 10^{4} \mathrm{~J} / \mathrm{K}.
$$",\boxed{-1.2234 \times 10^{4}},NV,,False,EN,Laws Application
3394,Mechanics and Thermodynamics,Thermodynamics,Second Law of Thermodynamics and Entropy,"Hydromechanical Engine: A self-sufficient machine that only inputs equal amounts of cold and hot water with temperatures $T_1$ and $T_2$, respectively, in a steady flow. The only output is a water jet. Assume the specific heat capacity $c$ of water is independent of temperature. The machine operates in a stable state, and the kinetic energy of the input water flow can be neglected. What is the maximum possible ejection velocity?","From the change in entropy

$$
\Delta S = \frac{1}{2} c\left[\ln \frac{T}{T_1} + \ln \frac{T}{T_2}\right] \geqslant 0
$$

we get

$$
T \geqslant \sqrt{T_1 T_2}
$$

Therefore,

$$
v \leqslant v_{\max} = \sqrt{c(T_1 + T_2 - 2\sqrt{T_1 T_2})}
$$",\boxed{\sqrt{c(T_1 + T_2 - 2\sqrt{T_1 T_2})}},NV,,False,EN,Laws Application
3397,Mechanics and Thermodynamics,Thermodynamics,Phase Transition and Equilibrium,"Compress air at a pressure of $p_{0}=1 \, \mathrm{atm}$ isothermally into a soap bubble, eventually forming a soap bubble with a radius of $R=2.5 \, \mathrm{cm}$. Determine the work $W_{1}$ done in forming this soap bubble, where $W_{1}$ is the work done to blow air with an initial pressure of $p_{0}$ and volume $V_{0}$ into the soap bubble, with final pressure and volume being $p$ and $V$, respectively. Assume the surface tension coefficient of the soap bubble is $\sigma=4.4 \times 10^{-2} \, \mathrm{N}/\mathrm{m}$.","Let the pressure of the air blown into the soap bubble be $p$ and the volume be $V$, then

$$
V=\frac{4 \pi}{3} R^{3}, \\
p=p_{0}+\frac{4 \sigma}{R}.
$$

The work done $W_{1}$ is given by:

$$
W_{1}=-\int p \, \mathrm{d} V=-n R T_{0} \int_{V_{0}}^{V} \frac{\mathrm{d} V}{V}=p V \ln \frac{V_{0}}{V}=p V \ln \frac{p}{p_{0}}.
$$

Where we have used the isothermal condition $p V = p_{0} V_{0} = n R T_{0}$, and $n$ is the number of moles of air in the soap bubble. Since $p_{0} \gg \frac{4 \sigma}{R}$, therefore

$$
W_{1}=p_{0} V\left(1+\frac{4 \sigma}{R p_{0}}\right) \ln \left(1+\frac{4 \sigma}{R p_{0}}\right) \approx V \cdot \frac{4 \sigma}{R}=\frac{16}{3} \pi R^{2} \sigma.
$$","\[
\boxed{\frac{16}{3} \pi R^{2} \sigma}
\]",EX,,False,EN,Math Derivation
3398,Mechanics and Thermodynamics,Thermodynamics,Second Law of Thermodynamics and Entropy,"Assume a very deep mine is drilled near the Earth's North or South Pole, from a surface temperature of $-40^{\circ} \mathrm{C}$ down to a depth where the temperature is $800^{\circ} \mathrm{C}$. If all the heat released to the low-temperature heat sink is used to melt ice initially at $-40^{\circ} \mathrm{C}$, how many kilograms of $0^{\circ} \mathrm{C}$ water can be produced per second by a power plant with an output power of $10^{5} \mathrm{~kW}$? Given that the specific heat capacity of ice is $c=2.08 \mathrm{~kJ} / \mathrm{kg} \cdot{ }^{\circ} \mathrm{C}$, and the heat of fusion of ice is $l=333.6 \mathrm{~kJ} / \mathrm{kg}$.","For a power plant with an output power of $10^{5} \mathrm{~kW}$, the heat engine does work at $W=10^{8} \mathrm{~J}$ per second, and the heat transferred to the cold sink per second is

$$
Q_{2}=\frac{T_{2}}{T_{1}-T_{2}} W=\frac{233}{840} \times 10^{8}=2.77 \times 10^{7}\mathrm{~J}
$$

Assume $M \mathrm{~kg}$ of ice melts into $0^{\circ} \mathrm{C}$ water per second, then

$$
M\left[c\left(T_{0}-T_{2}\right)+l\right]=Q_{2}
$$

Solving this gives

$$
M=\frac{Q_{2}}{c\left(T_{0}-T_{2}\right)+l}=\frac{2.77 \times 10^{7}}{2.08 \times 10^{3} \times 40+3.336 \times 10^{5}}=66.5\mathrm{~kg}
$$

Thus, the power plant can produce $66.5 \mathrm{~kg}$ of $0^{\circ} \mathrm{C}$ water per second.",\boxed{66.5},NV,\text{kg},False,EN,Practical Application
3399,Mechanics and Thermodynamics,Thermodynamics,Thermodynamic State and First Law of Thermodynamics,"Calculate the mass percentage composition of the components in air. The volume percentages of the major components in air are known as: $\mathrm{N}_{2} - 78\%, \mathrm{O}_{2} - 21\%, \mathrm{Ar} - 1\%$, and their molar masses are $\mathrm{N}_{2} - 28 \ \mathrm{g/mol}, \mathrm{O}_{2} - 32 \ \mathrm{g/mol}, \mathrm{Ar} - 39.9 \ \mathrm{g/mol}$, respectively.","From the ratio of the state equation for the $i$th gas component $p V_{i} = \frac{M_{i} R T}{\mu_{i}}$ and the state equation for the mixed gas $p V = \frac{M R T}{\mu}$, we have:

$$
\frac{V_{i}}{V} = \frac{M_{i}}{M} \frac{\mu}{\mu_{i}}
$$

Therefore, the mass percentage of each component is:

$$
\frac{M_{i}}{M} = \frac{V_{i}}{V} \cdot \frac{\mu_{i}}{\mu} = x_{i} \frac{\mu_{i}}{\mu}
$$

The mass percentages of $\mathrm{N}_{2}$, $\mathrm{O}_{2}$, and $\mathrm{Ar}$ are:

$$
\begin{aligned}
\frac{M_{1}}{M} & = 0.78 \times \frac{28}{29} = 75.3\% \\
\frac{M_{2}}{M} & = 0.21 \times \frac{32}{29} = 23.2\% \\
\frac{M_{3}}{M} & = 0.01 \times \frac{39.9}{29} = 1.4\%
\end{aligned}
$$","\boxed{75.3, 23.2, 1.4}",NV,"\%, \%, \%",True,EN,Practical Application
3401,Mechanics and Thermodynamics,Thermodynamics,Second Law of Thermodynamics and Entropy,"In the vicinity of absolute temperature \( T \), the relationship between the tension \( f \) of a stretched plastic rod and its length \( L \) is given by  
\[  
f = a T^{2}\left(L - L_{0}\right)  
\]  
where \( a \) is a constant, and \( L_{0} \) is the unstretched length of the rod. When \( L = L_{0} \), the specific heat capacity \( c_{L} \) (measured at constant length) of the rod is given by \( c_{L} = b T \), where \( b \) is a constant.  
Assume the entropy \( S \) of the rod is a function of \( T \) and \( L \). Find \( \left(\frac{\partial S}{\partial L}\right)_{T} \).","The free energy \( F \) of the system and its differential equation are:  
\[  
\begin{gathered}  
F = U - T S \\  
\mathrm{d} F = -S \,\mathrm{d} T + f \,\mathrm{d} L  
\end{gathered}  
\]  
From the condition of total differential:  
\begin{equation*}  
\left(\frac{\partial S}{\partial L}\right)_{T} = -\left(\frac{\partial f}{\partial T}\right)_{L} = -2 a T\left(L - L_{0}\right) \tag{2}  
\end{equation*}",\boxed{-2aT(L-L_{0})},EX,,False,EN,Math Derivation
3402,Mechanics and Thermodynamics,Thermodynamics,Non-equilibrium Thermodynamics,"A test tube of length \( L \) contains a sugar solution, and at time \( t=0 \), the concentration is given by the following expression:

\[ 
n(x, 0) = n_{0} + n_{1} \left\{ \cos \frac{\pi x}{L} + \frac{1}{9} \cos \frac{3 \pi x}{L} + \frac{1}{25} \cos \frac{5 \pi x}{L} \right\} 
\]

Assume that \( n(x, t) \) follows the one-dimensional diffusion equation with a diffusion coefficient \( D \). For \( t>0 \), calculate \( n(x, t) \).","Let \( n(x, t) = X(x) T(t) \), then we have:

\[
\begin{array}{ll}
X^{\prime\prime}(x) + \lambda X(x) = 0, & X^{\prime}(0) = X^{\prime}(L) = 0 \\
T^{\prime}(t) + D \lambda T(t) = 0, & \lambda \neq 0
\end{array}
\]

Thus, \(\lambda = \lambda_k = \left( \frac{k \pi}{L} \right)^2, k=1,2,3,\cdots\). The solution that satisfies the boundary conditions is

\[
n(x, t) = C_{0} + \sum_{k=1}^{\infty} C_{k} \mathrm{e}^{-D \left( \frac{k \pi}{L} \right)^2 t} \cos \frac{k \pi x}{L}
\]

The coefficients \( C_{k} \) are obtained from the expression for the concentration at \( t=0 \), and finally, we have

\[
n(x, t) = n_{0} + n_{1} \mathrm{e}^{-D \left( \frac{\pi}{L} \right)^2 t} \left[ \cos \frac{\pi x}{L} + \frac{1}{9} \mathrm{e}^{-8 D \left( \frac{\pi}{L} \right)^2 t} \cos \frac{3 \pi x}{L} + \frac{1}{25} \mathrm{e}^{-24 D \left( \frac{\pi}{L} \right)^2 t} \cos \frac{5 \pi x}{L} \right]
\]","\boxed{n(x, t) = n_{0} + n_{1} \mathrm{e}^{-D \left( \frac{\pi}{L} \right)^2 t} \left[ \cos \frac{\pi x}{L} + \frac{1}{9} \mathrm{e}^{-8 D \left( \frac{\pi}{L} \right)^2 t} \cos \frac{3 \pi x}{L} + \frac{1}{25} \mathrm{e}^{-24 D \left( \frac{\pi}{L} \right)^2 t} \cos \frac{5 \pi x}{L} \right]}",EQ,,False,EN,Math Derivation
3403,Mechanics and Thermodynamics,Thermodynamics,Phase Transition and Equilibrium,"In the atmospheric layers between planets, there exists strong thermal ionization of metallic vapors, continually undergoing ionization and recombination reactions. Using the mass action law for the equilibrium of electron gas, ion gas, and neutral atom gas, and given the initial condition of the number of neutral atoms as $N$ and the degree of ionization as $\zeta$, derive the relationship between the degree of ionization $\zeta$ and the equilibrium constant $\kappa(p, T)$. Assume all three gases can be considered monatomic ideal gases and that the ionization energy per mole of neutral atoms is $W$.","Let the neutral atom be $\mathrm{A}$, the coefficients of the chemical reaction be $\nu_{i}$, with the reaction equation:

$$
\begin{gathered}
\mathrm{A} \rightleftharpoons \mathrm{A}^{+} + \mathrm{e}^{-} \\
\nu_{1} = 1, \quad \nu_{2} = 1, \quad \nu_{3} = -1, \quad \sum_{i} \nu_{i} = 1
\end{gathered}
$$

If the initial number of neutral atoms is $N$, and the degree of ionization is $\zeta$, then $\zeta N$ neutral atoms are ionized. At equilibrium, the numbers of the three types of particles are:

$$
n_{3} = (1-\zeta)N, \quad n_{1} = n_{2} = \zeta N, \quad \sum_{i} n_{i} = (1+\zeta)N
$$

The mole fractions of the three gases are:

$$
x_{1} = \frac{n_{1}}{\sum_{i} n_{i}} = \frac{\zeta}{1+\zeta}, \quad x_{2} = \frac{\zeta}{1+\zeta}, \quad x_{3} = \frac{1-\zeta}{1+\zeta}
$$

According to the mass action law, the equilibrium constant is:

\[
\kappa(p, T) = \prod_{i} x_{i}^{\nu_{i}} = \left(\frac{\zeta}{1+\zeta}\right)^{2} \left(\frac{1-\zeta}{1+\zeta}\right)^{-1} = \frac{\zeta^{2}}{1-\zeta^{2}} \tag{1}
\]","\boxed{\kappa(p, T) = \frac{\zeta^{2}}{1-\zeta^{2}}}",EQ,,False,EN,Math Derivation
3406,Mechanics and Thermodynamics,Thermodynamics,Second Law of Thermodynamics and Entropy,"There are now two identical objects, whose thermodynamic properties are described by the state equation $S=A[NVU]^{1/3}$. Both objects have equal $N$ and $V$, with initial temperatures $T_{1}$ and $T_{2}$, respectively. A heat engine operates between these two objects, and eventually, they reach a common temperature $T_{f}$. Find the $T_{f}$ corresponding to the maximum work $\bar{W}_{\text{max}}$, and calculate $\bar{W}_{\text{max}}$. It can be assumed that the process is reversible.","$\bar{W}_{\max}$ corresponds to $T_{f_{\text{min}}}$, meaning that the reversible heat engine has maximum work output,

$$
\bar{W}_{\max} = -\left(Q_{1} + Q_{2}\right) = \frac{2 \lambda}{3}\left[T_{1}^{3/2} + T_{2}^{3/2} - 2\left(\frac{\sqrt{T_{1}} + \sqrt{T_{2}}}{2}\right)^{3}\right],
$$

where $\lambda = \frac{1}{2} \sqrt{\frac{A^{3} N V}{3}}$.","\boxed{T_{f_{\text{min}}} = \left(\frac{\sqrt{T_{1}} + \sqrt{T_{2}}}{2}\right)^{2}, \bar{W}_{\max} = \frac{2 \lambda}{3}\left[T_{1}^{3/2} + T_{2}^{3/2} - 2\left(\frac{\sqrt{T_{1}} + \sqrt{T_{2}}}{2}\right)^{3}\right]}","EQ, EX","\text{None}, \text{None}",True,EN,Laws Application
3408,Mechanics and Thermodynamics,Thermodynamics,Phase Transition and Equilibrium,"Neglecting surface tension, determine the relationship between the equilibrium radius \( r \) of a charged soap bubble, the electric potential \( \phi \), and the difference in pressure between the outside and inside of the bubble \( \Delta p \).","Assume the inside of the soap bubble is phase \( \alpha \), the outside is phase \( \beta \), and the soap bubble itself is phase \( \gamma \), with the soap bubble carrying a charge \( q \). We can solve this problem using the criterion of free energy. At constant temperature,

\[
\delta F^{\alpha} = -p^{\alpha} \delta V^{\alpha}, \quad \delta F^{\beta} = -p^{\beta} \delta V^{\beta}, \quad \delta F^{\gamma} = q \frac{\partial \phi}{\partial r} \delta r
\]

The condition for minimum total free energy is

\[
-p^{\alpha} \delta V^{\alpha} - p^{\beta} \delta V^{\beta} + q \frac{\partial \phi}{\partial r} \delta r = 0
\]

Since \( V^{\alpha} = \frac{4}{3} \pi r^{3}, \delta V^{\alpha} = 4 \pi r^{2} \delta r, \delta V^{\beta} = -\delta V^{\alpha} \), substituting these results into the equation, we get

\[
\left(p^{\beta} - p^{\alpha} + \frac{q}{4 \pi r^{2}} \frac{\partial \phi}{\partial r}\right) 4 \pi r^{2} \delta r = 0
\]

This yields

\[
\Delta p = p^{\beta} - p^{\alpha} = -\frac{q}{4 \pi r^{2}} \frac{\partial \phi}{\partial r}
\]

And since \( \phi = \frac{q}{4 \pi \varepsilon_{0} r} \), we find

\[
\Delta p = \frac{\varepsilon_{0} \phi^{2}}{r^{2}}
\]",\boxed{\Delta p = \frac{\varepsilon_{0} \phi^{2}}{r^{2}}},EQ,,False,EN,Math Derivation
3412,Mechanics and Thermodynamics,Thermodynamics,Phase Transition and Equilibrium,"If the volume of Freon is isothermally compressed to $0.10 \mathrm{~m}^{3}$, does any Freon liquefy during this process? If so, calculate the mass of the liquefied Freon.

Given that at $-13^{\circ} \mathrm{C}$, the density of liquid Freon $\rho_{f}=1.44 \times 10^{3} \mathrm{~kg} / \mathrm{m}^{3}$, its saturated vapor pressure $p_{\mathrm{s}}=2.08 \times 10^{5} \mathrm{~Pa}$, and the saturated vapor of Freon can be approximated as an ideal gas. The initial mass of Freon is 2.0 kg, and the initial volume is $0.19 \mathrm{~m}^{3}$.","If the volume of Freon is isothermally compressed to $V=0.10 \mathrm{~m}^{3}$, the Freon gas reaches the saturated vapor pressure, and a portion turns into a liquid state. Let the mass of the liquid portion be $M_{1}$ and its volume be $V_{1}$, while the mass of the gaseous portion is $M_{2}$ and its volume is $V_{2}$. The pressure is the saturated vapor pressure $p_{\mathrm{s}}$, and the gaseous portion satisfies the ideal gas equation:

$$
p_{\mathrm{s}} V_{2}=\frac{M_{2}}{\mu} R T_{0}
$$

where $\mu$ is the molar mass of Freon. From the problem statement, we know the following relationships:

$$
V_{1}+V_{2}=V, \quad M_{1}+M_{2}=M, \quad M_{1}=\rho_{f} V_{1}
$$

Thus, we derive:

$$
M_{1}=\rho_{f}\left(V-V_{2}\right)=\rho_{f}\left(V-\frac{M-M_{1}}{\mu} \frac{R T_{0}}{p_{\mathrm{s}}}\right)
$$

Finally, we obtain:

$$
M_{1}=\frac{p_{\mathrm{s}} V-M \frac{R T_{0}}{\mu}}{\frac{p_{\mathrm{s}}}{\rho_{f}}-\frac{R T_{0}}{\mu}}=M \frac{\frac{\mu p_{\mathrm{s}} V}{M R T_{0}}-1}{\frac{\mu p_{\mathrm{s}}}{\rho_{f} R T_{0}}-1}=0.84 \mathrm{~kg}
$$

Thus, after isothermal compression, 0.84 kg of Freon liquefies, and the remaining 1.16 kg is in the saturated vapor state.","\boxed{Yes, 0.84}","TF, NV","None, \mathrm{kg}",True,EN,Math Derivation
3415,Mechanics and Thermodynamics,Thermodynamics,Thermodynamic Functions and Equilibrium Conditions,"For an elastic rod, the following measurements can be performed: the weight is stationary, and when the rod is heated with $\delta Q$, the change in equilibrium length is $\delta L$. Determine the relationship between the change in equilibrium length $\delta L$ and the heat added $\delta Q$.","When heated with $\delta Q$, it is equivalent to having $\delta S = \delta Q / T$ while keeping the tension constant, hence

$$
\delta L = \left(\frac{\partial L}{\partial S}\right)_{W} \delta S = \frac{\partial(L, W)}{\partial(T, W)} \cdot \frac{\partial(T, W)}{\partial(S, W)} \cdot \frac{\delta Q}{T} = \left(\frac{\partial L}{\partial T}\right)_{W} \cdot \frac{\delta Q}{c_{W}}
$$

Since $L - L_{0} = \frac{W}{k}$, we have

$$
\left(\frac{\partial L}{\partial T}\right)_{W} = \frac{\mathrm{d} L_{0}}{\mathrm{~d} T} - \frac{W}{k^{2}} \frac{\mathrm{~d} k}{\mathrm{~d} T}
$$

Therefore,

$$
\delta L = \left(\frac{\mathrm{d} L_{0}}{\mathrm{~d} T} - \frac{W}{k^{2}} \frac{\mathrm{~d} k}{\mathrm{~d} T}\right) \frac{\delta Q}{c_{W}}
$$

where $k = \frac{4 \pi^{2} W}{g} \nu^{2}$.",\boxed{\delta L=\left(\frac{\mathrm{d} L_{0}}{\mathrm{~d} T}-\frac{W}{k^{2}} \frac{\mathrm{~d} k}{\mathrm{~d} T}\right) \frac{\delta Q}{c_{W}}},EQ,,False,EN,Math Derivation
3416,Mechanics and Thermodynamics,Thermodynamics,Thermodynamic Functions and Equilibrium Conditions,"Near the Earth's surface, an unconstrained air parcel adiabatically and slowly ascends, it neither continuously rises nor falls (the atmosphere is almost non-convective). When the height $z$ is small, the temperature of the atmosphere is $T = T_{0}(1 - \beta z)$, where $T_{0}$ is the temperature at Earth's surface. Determine the relationship between $\beta$ and the molecular weight $M$. Assume the air consists of $\frac{4}{5} \mathrm{N}_{2}$ and $\frac{1}{5} \mathrm{O}_{2}$, and $T_{0}$ is sufficiently low to not excite molecular vibrations; but also sufficiently high, so that classical methods can handle molecular rotation.","The slow ascent of the air parcel can be considered a quasi-static process, it always has the same $p$ and $\rho$ as its surrounding atmosphere, and thus the same temperature $T$. In an adiabatic process, $T^{\gamma} p^{1-\gamma}=$ constant, where

$$
\gamma=c_{\mathrm{p}} / c_{\mathrm{v}}=\left(c_{\mathrm{v}}+R\right) / c_{\mathrm{v}}=\left(\frac{3}{2} R+\frac{2}{2} R+R\right) /\left(\frac{3}{2} R+\frac{2}{2} R\right)=\frac{7}{5}
$$

Thus, we have

$$
\mathrm{d} T / T = \frac{\gamma-1}{\gamma} \mathrm{~d} p / p
$$

At the Earth's surface, $\mathrm{d} T / T = -\beta \mathrm{d} z, \, \mathrm{d} p / p = -\alpha \mathrm{d} z$. Substituting into the above equation, we obtain

$$
\beta = \frac{\gamma-1}{\gamma} \alpha = \frac{2}{7} \alpha
$$",\boxed{\beta = \frac{2}{7} \alpha},EQ,,False,EN,Math Derivation
3417,Mechanics and Thermodynamics,Thermodynamics,Second Law of Thermodynamics and Entropy,"Inside a cylindrical container, there is a frictionless piston made of a semipermeable membrane that only allows water to pass through. On one side of the piston, there is $N$ moles of water with a volume of $V$, and on the other side, there is a dilute salt (NaCl) solution with a volume of $V^{\prime}$ containing $n$ moles of salt and $N^{\prime}$ moles of water. The entire system is in contact with a heat reservoir at temperature $T$. If the water in the salt solution doubles, find the work done by the moving piston.","The osmotic pressure $\pi$ of the dilute solution follows the equation:

$$
\pi V^{\prime} = n R T \quad \text{(van 't Hoff's law)}
$$

When the volume of the salt solution doubles, the work done by the moving piston is

$$
W = \int_{V^{\prime}}^{2V^{\prime}} \pi \, \mathrm{d}V^{\prime} = \int_{V^{\prime}}^{2V^{\prime}} \frac{n R T}{V^{\prime}} \, \mathrm{d}V^{\prime} = n R T \ln 2
$$",\boxed{n R T \ln 2},NV,,False,EN,Laws Application
3418,Mechanics and Thermodynamics,Thermodynamics,Non-equilibrium Thermodynamics,"According to elasticity theory, the wave speed of a longitudinal wave is given by \( v = \sqrt{\frac{Y}{\rho}} \). Here, \( Y \) is the Young's modulus of the rod. The relationship among wave speed \( v \), frequency \( f \), and wavelength \( \lambda \) is \( f \lambda = v = \sqrt{\frac{Y}{\rho}} \).","Substituting the above relation into the inequality and eliminating the wavelength \( \lambda \), we obtain

$$
f \gg \frac{Y c}{2 \kappa} = 5 \times 10^{10} \ \mathrm{s}^{-1}
$$

That is, when the fundamental frequency of the longitudinal oscillation \( f \gg 5 \times 10^{10} \ \mathrm{s}^{-1} \), the oscillation can be considered isothermal.","\boxed{(5 \times 10^{10}, \infty)}",IN,\mathrm{s}^{-1},False,EN,Laws Application
3419,Mechanics and Thermodynamics,Thermodynamics,Thermodynamic Functions and Equilibrium Conditions,A magnetic medium is placed in an external magnetic field $H$ and is subjected to external pressure. Calculate the relative change in volume resulting from magnetostriction as the magnetic field increases from zero to $H$ (in a weak field).,"Suppose the magnetic susceptibility of the magnetic medium is $\chi$, then the magnetization $m = \chi H$, and the total magnetic moment of the medium is

$$
M = m V = \chi H V
$$

For an isothermal reversible process

$$
\left(\frac{\partial V}{\partial H}\right)_{T, p} = -\mu_{0}\left(\frac{\partial M}{\partial p}\right)_{T, H} = -\mu_{0} H \left[V \left(\frac{\partial \chi}{\partial p}\right)_{T} + \chi \left(\frac{\partial V}{\partial p}\right)_{T}\right] = -\mu_{0} H V \left[\left(\frac{\partial \chi}{\partial p}\right)_{T} - \chi \kappa_{T}\right]
$$

where $\kappa_{T} = -\frac{1}{V}\left(\frac{\partial V}{\partial p}\right)_{T}$ is the isothermal compressibility. Since $H$ is a weak field, $\Delta V$ is small, $\left|\frac{\Delta V}{V}\right| \ll 1$, hence the dependence of $\kappa_{T}$ on $H$ can be neglected. By integrating the above equation, we obtain

$$
\int_{V}^{V+\Delta V} \frac{\mathrm{d} V}{V} = \int_{0}^{H} \mu_{0} H \left[\chi \kappa_{T} - \left(\frac{\partial \chi}{\partial p}\right)_{T}\right] \mathrm{d} H
$$

which gives

$$
\ln \left(1 + \frac{\Delta V}{V}\right) = \frac{\mu_{0} H^{2}}{2} \left[\chi \kappa_{T} - \left(\frac{\partial \chi}{\partial p}\right)_{T}\right]
$$

Since $\left|\frac{\Delta V}{V}\right| \ll 1$, we have

$$
\ln \left(1 + \frac{\Delta V}{V}\right) \approx \frac{\Delta V}{V}
$$

Therefore, the relative change in volume of the magnetic medium when the magnetic field increases from zero to $H$ is

$$
\frac{\Delta V}{V} = \frac{\mu_{0} H^{2}}{2} \left[\chi \kappa_{T} - \left(\frac{\partial \chi}{\partial p}\right)_{T}\right]
$$",\boxed{\frac{\Delta V}{V} = \frac{\mu_{0} H^{2}}{2} \left[\chi \kappa_{T} - \left(\frac{\partial \chi}{\partial p}\right)_{T}\right]},EQ,,False,EN,Math Derivation
3421,Mechanics and Thermodynamics,Thermodynamics,Second Law of Thermodynamics and Entropy,"Inside a cylindrical container, there is a frictionless piston made of a semipermeable membrane that only allows water to pass through. On one side of the piston, there is water with volume $V$ and $N$ moles, and on the other side, there is a dilute salt (NaCl) solution with volume $V^{\prime}$ containing $n$ moles of salt and $N^{\prime}$ moles of water. The entire system is in contact with a heat reservoir at temperature $T$. Determine the pressure $p$ on the piston as a function of the solution volume.","$\pi = \frac{n R T}{V^{\prime}}$. The osmotic pressure, which is the pressure difference between the two sides, is the effective pressure acting on the membrane.",\boxed{\frac{n R T}{V^{\prime}}},EX,,False,EN,
3422,Mechanics and Thermodynamics,Thermodynamics,Thermodynamic State and First Law of Thermodynamics,"Given the volume expansion coefficient $\alpha$ and the isothermal compressibility coefficient $\kappa$ of a certain gas.

$$
\alpha = \frac{1}{T}\left(1 + \frac{3a}{VT^{2}}\right),
$$

derive the differential expression of the equation of state of the gas in relation to temperature and volume.","Choose $T$ and $V$ as independent variables, then the equation of state of the gas is $p = p(T, V)$, and its differential expression is

$$
\mathrm{d}p = \left(\frac{\partial p}{\partial T}\right)_{V} \mathrm{d} T + \left(\frac{\partial p}{\partial V}\right)_{T} \mathrm{d} V = -\left(\frac{\partial p}{\partial V}\right)_{T}\left(\frac{\partial V}{\partial T}\right)_{p} \mathrm{d} T + \left(\frac{\partial p}{\partial V}\right)_{T} \mathrm{d} V = \frac{\alpha}{\kappa} \mathrm{d} T - \frac{1}{V \kappa} \mathrm{d} V.
$$",\boxed{\mathrm{d}p = \frac{\alpha}{\kappa} \mathrm{d} T - \frac{1}{V \kappa} \mathrm{d} V},EX,,False,EN,Math Derivation
3424,Mechanics and Thermodynamics,Thermodynamics,Second Law of Thermodynamics and Entropy,"A partition divides an adiabatic container of volume \(V\) into two equal parts. The left half of the container contains 1 mole of a van der Waals gas at temperature \(T\), with a constant heat capacity at constant volume \(c_v\). The right half is vacuum. When the partition is removed, the gas expands and fills the entire container. Find the work \(A_{\text{molecule}}\) done by the intermolecular forces.","The internal energy of the gas consists of kinetic energy \(E_k\) and thermal energy \(E_p\). The change in internal energy before and after the gas expands is

\[
\Delta U=\Delta E_k+\Delta E_p=0
\]

where \(\Delta E_k=c_v \Delta T\) is related to the change in temperature of the gas, and \(\Delta E_p\) is the change in potential energy of the gas, related to its volume. The work \(A_{\text{molecule}}\) done by the intermolecular forces is equal to the decrease in potential energy of the gas, i.e.,

\[
A_{\text{molecule}}=-\Delta E_p=\Delta E_k=c_v \Delta T
\]

Substituting the value of \(\Delta T\), we obtain

\[
A_{\text{molecule}}=-\frac{a}{V}
\]

\(A_{\text{molecule}}<0\), indicating that the intermolecular forces do negative work, meaning that when the gas expands, the molecules need to overcome the intermolecular attractive forces, and the required energy is compensated by a decrease in kinetic energy (resulting in a decrease in gas temperature).",\boxed{-\frac{a}{V}},NV,,False,EN,Laws Application
3426,Mechanics and Thermodynamics,Thermodynamics,Non-equilibrium Thermodynamics,"Two containers, each with a volume of \( V \), are connected by a thin tube of length \( L \) and cross-sectional area \( A \), with \( LA \ll V \). Initially, one container holds a mixed gas comprising CO with a partial pressure of \( p_{0} \) and \(\mathrm{N}_{2}\) with a partial pressure of \( p-p_{0} \), while the other container contains \(\mathrm{N}_{2}\) gas at a pressure of \( p \). The temperature of both containers is \( T \). The diffusion coefficient for either CO diffusing into \(\mathrm{N}_{2}\) or \(\mathrm{N}_{2}\) diffusing into CO is \( D \). Calculate the partial pressure of CO in the first container as a function of time.","Let the concentration of CO in the first and second containers at time \( t \) be \( n_{1}(t) \) and \( n_{2}(t) \), respectively. According to Fick's law of diffusion, the net number of CO molecules flowing from the first to the second container per unit time is

\[
I = D \frac{n_{1} - n_{2}}{L} A
\]

\( I \) also represents the decrease in the number of CO molecules in the first container per unit time, thus

\[
I = -V \frac{\mathrm{d} n_{1}}{\mathrm{d} t}
\]

Assuming that the initial number density of CO in the first container is \( n_{0} \), the conservation of the number of CO molecules gives \( n_{1} + n_{2} = n_{0} \). Therefore, the differential equation for \( n_{1}(t) \) is

\[
\left\{\begin{array}{l}
\frac{\mathrm{d} n_{1}}{\mathrm{d} t} = -\frac{2 D A}{L V} n_{1} + \frac{D A}{L V} n_{0} \\
n_{1}(0) = n_{0}
\end{array}\right.
\]

Solving this gives

\[
n_{1}(t) = \frac{n_{0}}{2}\left[1 + \exp\left(-\frac{2 D A}{L V} t\right)\right]
\]

Using the ideal gas law

\[
p = n k T
\]

the partial pressure of CO in the first container is

\[
p_{1}(t) = \frac{p_{0}}{2}\left[1 + \exp\left(-\frac{2 D A}{L V} t\right)\right]
\]",\boxed{\frac{p_{0}}{2}\left[1+\exp\left(-\frac{2 D A}{L V} t\right)\right]},EX,,False,EN,
3427,Mechanics and Thermodynamics,Thermodynamics,Thermodynamic Functions and Equilibrium Conditions,"In an infinitesimal quasi-static process, the work done by the external force on the magnetic medium can be expressed as

$$
\mathrm{d} W = \mu_{0} H \,\mathrm{d} M
$$

where $H$ is the external magnetic field, $M$ is the total magnetic moment of the medium, $M = mV$, and $m$ is the magnetization of the medium. $\mu_{0}$ is the permeability of free space. The total magnetic moment $M$ and the internal energy $U$ of the magnetic medium are given by

$$
\begin{aligned}
M & = \frac{a H}{T} \\
U & = C_{M} T
\end{aligned}
$$

where $a$ and $C_{M}$ are constants, and $T$ is the absolute temperature.\\
Find the heat capacity at constant magnetic field $C_{H}$, expressing it in terms of $C_{M}$, $a$, $H$, and $T$.","The fundamental thermodynamic equation is

$$
T \,\mathrm{d} S = \mathrm{d} U - \mu_{0} H \,\mathrm{d} M = C_{M} \,\mathrm{d} T - \mu_{0} H \,\mathrm{d}\left(\frac{a H}{T}\right) = \left(C_{M} + \frac{a \mu_{0} H^{2}}{T^{2}}\right) \,\mathrm{d} T - \frac{a \mu_{0} H}{T} \,\mathrm{d} H
$$

From this, we obtain

$$
T\left(\frac{\partial S}{\partial T}\right)_{H} = C_{M} + \frac{\mu_{0} a H^{2}}{T^{2}}
$$

Thus,

$$
C_{H} = C_{M} + \frac{\mu_{0} a H^{2}}{T^{2}}
$$",\boxed{C_{M} + \frac{\mu_{0} a H^{2}}{T^{2}}},EX,,False,EN,Math Derivation
3430,Mechanics and Thermodynamics,Thermodynamics,Phase Transition and Equilibrium,Find the expression for the second derivative $\frac{\mathrm{d}^{2} p}{\mathrm{~d} T^{2}}$ for a multiphase system at equilibrium between two phases.,"Assume the two phases are the $\alpha$ phase and the $\beta$ phase. At equilibrium, $\frac{\mathrm{d} p}{\mathrm{~d} T}$ is given by the Clapeyron equation

$$
\frac{\mathrm{d} p}{\mathrm{~d} T}=\frac{S^{\beta}-S^{\alpha}}{V^{\beta}-V^{\alpha}}=\frac{\Delta S}{\Delta V}
$$

where $\Delta S$ and $\Delta V$ represent the difference in specific entropy and specific volume at equilibrium, respectively. From this, we find the second derivative

$$
\begin{gathered}
\frac{\mathrm{d}^{2} p}{\mathrm{~d} T^{2}}=\frac{1}{\Delta V}\left[\Delta\left(\frac{\partial S}{\partial T}\right)_{p}+\Delta\left(\frac{\partial S}{\partial p}\right)_{T} \frac{\mathrm{~d} p}{\mathrm{~d} T}\right]-\frac{\Delta S}{(\Delta V)^{2}}\left[\Delta\left(\frac{\partial V}{\partial T}\right)_{p}+\Delta\left(\frac{\partial V}{\partial p}\right)_{T} \frac{\mathrm{~d} p}{\mathrm{~d} T}\right] \\
=\frac{\Delta c_{p}}{T \Delta V}-2 \frac{\Delta S}{(\Delta V)^{2}} \Delta\left(\frac{\partial V}{\partial T}\right)_{p}-\frac{(\Delta S)^{2}}{(\Delta V)^{3}} \Delta\left(\frac{\partial V}{\partial p}\right)_{T}
\end{gathered}
$$

In this equation, we have used $\left(\frac{\partial S}{\partial T}\right)_{p}=\frac{1}{T} c_{\mathrm{p}}$, $\left(\frac{\partial S}{\partial p}\right)_{T}=-\left(\frac{\partial V}{\partial T}\right)_{p}$ and $\frac{\mathrm{d} p}{\mathrm{~d} T}=\frac{\Delta S}{\Delta V}$. Introducing the latent heat of phase transition at equilibrium $L^{\beta \alpha}=T \Delta S=T\left(S^{\beta}-S^{\alpha}\right)$, the above expression can be reformulated as

$$
\frac{\mathrm{d}^{2} p}{\mathrm{~d} T^{2}}=\frac{\Delta c_{\mathrm{p}}}{T \Delta V}-\frac{2 L^{\beta \alpha}}{T(\Delta V)^{2}} \Delta\left(\frac{\partial V}{\partial T}\right)_{p}-\frac{\left(L^{\beta \alpha}\right)^{2}}{T^{2} (\Delta V)^{3}} \Delta\left(\frac{\partial V}{\partial p}\right)_{T}
$$",\boxed{\frac{\Delta c_{\mathrm{p}}}{T \Delta V}-\frac{2 L^{\beta \alpha}}{T(\Delta V)^{2}} \Delta\left(\frac{\partial V}{\partial T}\right)_{p}-\frac{\left(L^{\beta \alpha}\right)^{2}}{T^{2} (\Delta V)^{3}} \Delta\left(\frac{\partial V}{\partial p}\right)_{T}},EX,,False,EN,Math Derivation
3431,Mechanics and Thermodynamics,Thermodynamics,Second Law of Thermodynamics and Entropy,"A cylinder with a volume of 30 L initially contains helium gas at a pressure of 100 bar and a temperature of $27^{\circ} \mathrm{C}$, and is thermally insulated from its surroundings. The valve on the cylinder is then opened, allowing the gas to slowly flow into a large balloon until the amount of gas in the cylinder is one-tenth of the original mole count. The gas that has filled the balloon reaches thermal equilibrium with the surrounding atmosphere (atmospheric temperature is $27^{\circ} \mathrm{C}$, and pressure is 1 bar). Helium can be considered an ideal gas. Calculate: the change in internal energy $\Delta U$ of the gas remaining in the cylinder.","The change in internal energy of the helium gas is given by

$$
\Delta U = n_{1} c_{\mathrm{v}}\left(T_{\mathrm{f}}-T_{0}\right) = 12 \times \frac{3}{2} R (64.6 - 300) = -3.5 \times 10^{4} \mathrm{~J}
$$

which means that as the helium gas expands in the cylinder, the temperature decreases, and the internal energy decreases.",\boxed{-3.5 \times 10^{4}},NV,\mathrm{J},False,EN,Laws Application
3434,Mechanics and Thermodynamics,Thermodynamics,Thermodynamic Functions and Equilibrium Conditions,"During a reversible process with constant entropy $S_0$, a substance's volume expands from $V_0$ to $V$, and its temperature satisfies $T = A \frac{V_0}{V}\left(\frac{S}{S_0}\right)^{\alpha}$, where $A$, $\alpha$, $S_0$, and $V_0$ are constants, with $\alpha \neq -1$, and $S$ is entropy. Assume that at $S_0, V_0$, the internal energy of the substance is $U_0$. Determine the work done by the system as its volume expands from $V_0$ to $V$ during this reversible process with entropy $S$.","The work done by the system as its volume expands from $V_0$ to $V$ in a reversible process with entropy $S$ is given by

\[
W = -\Delta U = -\left[U(S, V) - U\left(S, V_{0}\right)\right] = \frac{A V_{0} S_{0}}{\alpha+1}\left[\left(\frac{S}{S_{0}}\right)^{\alpha+1} - 1\right]\left(\frac{1}{V_{0}} - \frac{1}{V}\right) + A S_{0} \ln \frac{V}{V_{0}}
\]

The work done by the system $W$ can also be obtained by evaluating the integral $W = \int_{V_{0}}^{V} p(S, V) \, \mathrm{d}V$.

\[
\begin{aligned}
W & = \int_{V_{0}}^{V} p(S, V) \, \mathrm{d}V = \frac{A V_{0} S_{0}}{\alpha+1}\left[\left(\frac{S}{S_{0}}\right)^{\alpha+1} - 1\right] \int_{V_{0}}^{V} \frac{1}{V^{2}} \, \mathrm{d}V + A S_{0} \int_{V_{0}}^{V} \frac{1}{V} \, \mathrm{d}V \\
& = \frac{A V_{0} S_{0}}{\alpha+1}\left[\left(\frac{S}{S_{0}}\right)^{\alpha+1} - 1\right]\left(\frac{1}{V_{0}} - \frac{1}{V}\right) + A S_{0} \ln \frac{V}{V_{0}}.
\end{aligned}
\]",\boxed{\frac{A V_{0} S_{0}}{\alpha+1}\left[\left(\frac{S}{S_{0}}\right)^{\alpha+1} - 1\right]\left(\frac{1}{V_{0}} - \frac{1}{V}\right) + A S_{0} \ln \frac{V}{V_{0}}},EX,,False,EN,Math Derivation
3435,Mechanics and Thermodynamics,Thermodynamics,Phase Transition and Equilibrium,"Find the expression for $\frac{\mathrm{d} p}{\mathrm{~d} T}$ in the Clausius-Clapeyron equation, and calculate the constant $\alpha$. It is known that the heat of vaporization of water at $100^{\circ} \mathrm{C}$ is $2.44 \times 10^{6} \mathrm{~J} / \mathrm{kg}$. At $100^{\circ} \mathrm{C}$, the density of water is $\rho_1 = 1000 \mathrm{~kg} / \mathrm{m}^{3}$ and the density of steam is $\rho_2 = 0.598 \mathrm{~kg} / \mathrm{m}^{3}$.","The Clausius-Clapeyron equation is

$$
\frac{\mathrm{d} p}{\mathrm{~d} T}=\frac{L}{T_{v}\left(V_{2}-V_{1}\right)}=\frac{L}{T_{v}\left(\frac{1}{\rho_{2}}-\frac{1}{\rho_{1}}\right)}=\frac{\alpha}{T_{v}}
$$

where $T_{v}$ is the temperature of the steam, $L=2.44 \times 10^{6} \mathrm{~J} / \mathrm{kg}$, and $\alpha=\frac{L \rho_{1} \rho_{2}}{\left(\rho_{1}-\rho_{2}\right)}=1.46 \times 10^{6} \mathrm{~J} / \mathrm{m}^{3}$.","\boxed{\frac{\mathrm{d} p}{\mathrm{~d} T}=\frac{\alpha}{T_{v}}, \alpha=1.46 \times 10^{6}}","EQ, NV","None, \mathrm{~J} / \mathrm{m}^{3}",True,EN,Laws Application
3436,Mechanics and Thermodynamics,Thermodynamics,Thermodynamic State and First Law of Thermodynamics,"There is an adiabatic piston-cylinder containing a diatomic ideal gas, with the piston able to move without friction inside the cylinder. Initially, the piston is at equilibrium, and the volume of the gas inside the cylinder is \( V_{0} = 10 \ \mathrm{L} \), with a temperature of \( T_{0} = 27^{\circ} \mathrm{C} \). The atmospheric pressure is given as \( p_{0} = 10^{5} \ \mathrm{Pa} \), and the cross-sectional area of the piston is \( A = 4 \ \mathrm{cm}^{2} \). A constant force \( F = 50 \ \mathrm{N} \) is now applied to push the piston inward: when the piston reaches a new equilibrium position, find the volume and temperature of the gas inside the cylinder.","From the ideal gas equation, the number of moles \( n \) of gas in the cylinder is given by

$$
n = \frac{p_{0} V_{0}}{R T_{0}}
$$

With the constant force \( F \) applied, the external pressure \( p = p_{0} + \frac{F}{A} \) remains constant. When equilibrium is reached, the pressure on both sides of the piston is \( p \). Let the volume of the gas at equilibrium be \( V \), then the work done by the external force on the gas is

$$
W = p(V_{0} - V) = \left(p_{0} + \frac{F}{A}\right)(V_{0} - V)
$$

The change in internal energy of the gas is

$$
\Delta U = n c_{\mathrm{v}}(T - T_{0})
$$

where \( T \) is the temperature of the gas at equilibrium, and for a diatomic gas, the molar heat capacity at constant volume \( c_{v} = \frac{5}{2} R \). Since the cylinder is adiabatic, we have \( \Delta U = W \), which gives

$$
\left(p_{0} + \frac{F}{A}\right)(V_{0} - V) = \frac{5 p_{0} V_{0}}{2 T_{0}}(T - T_{0})
$$

From the gas equation, we also have

$$
\left(p_{0} + \frac{F}{A}\right) V = p_{0} V_{0} \frac{T}{T_{0}}
$$

Solving these two equations simultaneously, the temperature and volume of the gas in the cylinder are found to be

$$
\begin{gathered}
T = T_{0}\left(1 + \frac{2}{7} \frac{F}{A p_{0}}\right) = 407 \ \mathrm{K} \\
V = \frac{n R T}{p} = V_{0} \frac{T}{T_{0}} \frac{1}{\left(1 + \frac{F}{p_{0} A}\right)} = 6.03 \ \mathrm{L}
\end{gathered}
$$","\boxed{407, 6.03}","NV, NV","\mathrm{K}, \mathrm{L}",True,EN,Laws Application
3438,Mechanics and Thermodynamics,Thermodynamics,Phase Transition and Equilibrium,"If the reaction equation is written as

$$
\mathrm{N}_{2} + 3 \mathrm{H}_{2} - 2 \mathrm{NH}_{3} = 0
$$

what is the equilibrium constant $\kappa_{p}^{\prime}$?","Discussion: If the reaction equation is written as

$$
\mathrm{N}_{2} + 3 \mathrm{H}_{2} - 2 \mathrm{NH}_{3} = 0
$$

then

$$
\nu_{1}^{\prime} = 1, \quad \nu_{2}^{\prime} = 3, \quad \nu_{3}^{\prime} = -2, \quad \sum_{i} \nu_{i}^{\prime} = \nu^{\prime} = 2
$$

That is, $\nu_{i}^{\prime} = 2 \nu_{i}$, and the mole fractions $x_{i}$ of $\mathrm{N}_{2}$, $\mathrm{H}_{2}$, and $\mathrm{NH}_{3}$ remain unchanged, so the equilibrium constant

$$
\kappa_{p}^{\prime} = p^{\sum_{i} \nu_{i}^{\prime}} \prod_{i} x_{i}^{\nu_{i}^{\prime}} = \left(p^{\sum_{i} \nu_{i}} \prod_{i} x_{i}^{\nu_{i}}\right)^{2} = \frac{27}{16} \frac{\varepsilon^{4}}{\left(1 - \varepsilon^{2}\right)^{2}} p^{2} = \kappa_{p}^{2}
$$",\boxed{\frac{27}{16} \frac{\varepsilon^{4}}{\left(1 - \varepsilon^{2}\right)^{2}} p^{2}},EX,,False,EN,Laws Application
3442,Mechanics and Thermodynamics,Thermodynamics,Non-equilibrium Thermodynamics,"A spherical blackbody asteroid made of rock is far away from the solar system such that solar radiation has no effect on it. Due to radioactive elements, the interior of the planet has a constant heat generation rate of $\dot{q} = 3 \times 10^{-14} \, \mathrm{cal}/(\mathrm{g} \cdot \mathrm{s})$. The density of the rock is $\rho = 3.5 \, \mathrm{g}/\mathrm{cm}^{3}$, and the thermal conductivity is $\kappa = 5 \times 10^{-3} \, \mathrm{cal}/(\mathrm{cm} \cdot \mathrm{s} \cdot \degree \mathrm{C})$. The radius of the planet is $R = 100 \, \mathrm{km}$. Assuming a steady-state temperature field has been established, find the central temperature $T_{e}$ of the planet.","The heat conduction equation within the planet is

$$
\nabla \cdot (-\kappa \nabla T) = \dot{q} \rho
$$

In spherical coordinates, this becomes

$$
\frac{\mathrm{d}}{\mathrm{d} r} \left( r^{2} \frac{\mathrm{d} T}{\mathrm{d} r} \right) = -\frac{\rho \dot{q} r^{2}}{\kappa}
$$

The boundary conditions for the solution are

$$
T(R) = T_{s}, \quad \left. 4 \pi R^{2} \kappa \frac{\mathrm{d} T}{\mathrm{d} r} \right|_{r=R} = -\frac{4 \pi R^{3}}{3} \rho \dot{q}
$$

Solving this yields

$$
T = -\frac{\dot{q} \rho}{6 \kappa} \left( r^{2} - R^{2} \right) + T_{s}
$$

The central temperature is

$$
T_{e} = \frac{\dot{q} \rho}{6 \kappa} R^{2} + T_{s} = 372 \, \mathrm{K}
$$",\boxed{372},NV,\mathrm{K},False,EN,Laws Application
3443,Mechanics and Thermodynamics,Thermodynamics,Thermodynamic Functions and Equilibrium Conditions,"At thermal equilibrium, the tension relationship for a rubber band is given by:

$$
t = A T \left(\frac{x}{l_0} - \frac{l_0^2}{x^2}\right)
$$

where $t$ represents the tension, $T$ is the absolute temperature, $x$ is the length of the band, $l_0$ is the length of the band when the tension is zero, and $A$ is a constant. It is known that when $x = l_0$, the constant volume specific heat $c_x(x, T)$ is a constant $K$.

Find $\left(\frac{\partial E}{\partial x}\right)_T$ as a function of $T$ and $x$, where $E$ is the internal energy.","From the thermodynamic theorem, we know $\mathrm{d}E = T \mathrm{~d}S + t \mathrm{~d}x$, and since

$$
c_x = T \left(\frac{\partial S}{\partial T}\right)_x
$$

therefore $c_x = \left(\frac{\partial E}{\partial T}\right)_x$. Also, generally $E = E(x, T)$, so we have

$$
\mathrm{d}E = \left(\frac{\partial E}{\partial T}\right)_x \mathrm{~d}T + \left(\frac{\partial E}{\partial x}\right)_T \mathrm{~d}x
$$

which means $\mathrm{d}E = c_x \mathrm{~d}T + \left(\frac{\partial E}{\partial x}\right)_T \mathrm{~d}x$. On the other hand, using the thermodynamic laws we get

$$
\mathrm{d}S = \frac{1}{T}(\mathrm{~d}E - t \mathrm{~d}x) = \frac{c_x}{T} \mathrm{~d}T + \frac{1}{T}\left[\left(\frac{\partial E}{\partial x}\right)_T - t\right] \mathrm{d}x
$$

From $\frac{\partial^2 E}{\partial x \partial T} = \frac{\partial^2 E}{\partial T \partial x}, \frac{\partial^2 S}{\partial x \partial T} = \frac{\partial^2 S}{\partial T \partial x}$, we obtain

$$
\left\{
\begin{array}{l}
\frac{\partial}{\partial x} c_x = \frac{\partial^2 E}{\partial T \partial x} \\
\left.\frac{\partial}{\partial x}\left(\frac{c_x}{T}\right)\right|_T = \left.\frac{\partial}{\partial T}\left\{\frac{1}{T}\left[\left(\frac{\partial E}{\partial x}\right)_T - t\right]\right\}\right|_x
\end{array}
\right.
$$

Thus, $\left(\frac{\partial E}{\partial x}\right)_T = t - T \frac{\partial t}{\partial T}_x$. Substituting the expression for $t$, we find $\left(\frac{\partial E}{\partial x}\right)_T = 0$.",\boxed{0},NV,,False,EN,Math Derivation
3444,Mechanics and Thermodynamics,Thermodynamics,Thermodynamic Functions and Equilibrium Conditions,"There is a magnetic salt characterized by the magnetic susceptibility $\chi = \frac{b}{T}$ and specific heat capacity $c_H = \frac{aV}{T^2}$, where $a$ and $b$ are constants. A sample of this substance at an initial temperature $T_i$ is placed in a magnetic field with strength $H$. Then the magnetic field is adiabatically reduced to 0. Find the final temperature of the material.","Given $\frac{\mathrm{d}T}{\mathrm{d}H} = \frac{b \mu_0 T H}{a}$, integrating the above equation yields

$$
\ln \frac{T_f}{T_i} = \frac{b}{2a} \mu_0\left(H_f^2 - H_i^2\right)
$$

By setting $T_f = T$, $H_f = 0$, and $H_i = H$, the final temperature $T$ of the magnetic salt is obtained as

$$
T = T_i \exp \left(-\frac{b}{2a} \mu_0 H^2\right)
$$","\[
\boxed{T_i \exp \left(-\frac{b}{2a} \mu_0 H^2\right)}
\]",EX,,False,EN,Math Derivation
3450,Mechanics and Thermodynamics,Thermodynamics,Second Law of Thermodynamics and Entropy,"Consider 1 mol of a paramagnetic substance, with its $T-S$ diagram shown in Figure 2.8. If it is used as the working substance in a Carnot refrigerator, the temperature of the high-temperature heat source is 1 K, and the temperature of the refrigerated sample is 0.2 K. For the above cycle, how much work must be done on the working substance per cycle?","The heat released $Q_{\text{released}} = T_{\text{high}}(\Delta S)_{D \rightarrow A} = 1 \times (1.5 - 0.5) \cdot R \approx R \approx 8.3 \times 10^{7} \, (\mathrm{erg/mol})$

Work done

$$
W = Q_{\text{released}} - Q_{\text{absorbed}} = 6.6 \times 10^{7} \, \mathrm{erg/mol}
$$",\boxed{6.6 \times 10^{7}},NV,\mathrm{erg/mol},False,EN,Laws Application
3451,Mechanics and Thermodynamics,Thermodynamics,Phase Transition and Equilibrium,"Simultaneously solve the above results to determine the change in the melting point of silicates near the Earth's surface with depth, where the melting point is $T_{m} = 1300^{\circ} \mathrm{C}$, the density ratio is $\rho_{\text{melt}} / \rho_{\text{solid}} \cong 0.9$, and the latent heat is $100 \mathrm{cal} / \mathrm{g}$. Express your results in $^{\circ}\mathrm{C} / \mathrm{km}$.","From

$$
\frac{\mathrm{d} T_{m}}{T_{m} \mathrm{~d} z} \cdot \frac{1}{\rho g} = \frac{1}{L \rho_{\ell}}\left(1 - \frac{\rho_{\ell}}{\rho_{s}}\right)
$$

we obtain

$$
\frac{\mathrm{d} T_{m}}{\mathrm{~d} z} = T_{m} \rho g \frac{1}{L \rho_{\ell}}\left(1 - \frac{\rho_{\ell}}{\rho_{s}}\right) \approx \frac{T_{m} g}{L}\left(1 - \frac{\rho_{\ell}}{\rho_{s}}\right) = 37 \times 10^{-6} \mathrm{C} / \mathrm{cm} = 3.7^{\circ} \mathrm{C} / \mathrm{km}
$$",\boxed{3.7},NV,^\circ \mathrm{C} / \mathrm{km},False,EN,Math Derivation
3452,Mechanics and Thermodynamics,Thermodynamics,Thermodynamic Functions and Equilibrium Conditions,"In thermal equilibrium, the tension in a rubber band is given by the equation:

$$
t = A T \left(\frac{x}{l_0} - \frac{l_0^2}{x^2}\right)
$$

where $t$ represents the tension, $T$ is the absolute temperature, $x$ is the length of the band, $l_0$ is the length of the band when the tension is zero, and $A$ is a constant. It is known that when $x = l_0$, the isothermal heat capacity $c_x(x, T)$ is a constant $K$.

Find $\left(\frac{\partial c_x}{\partial x}\right)_T$ as a function of $T$ and $x$.","From the previous derivation, we know that $\left(\frac{\partial E}{\partial x}\right)_T = 0$, thus $\left(\frac{\partial c_x}{\partial x}\right)_T = 0$.",\boxed{0},NV,,False,EN,Knowledge Recall
3453,Mechanics and Thermodynamics,Thermodynamics,Second Law of Thermodynamics and Entropy,"There are two identical objects whose thermodynamic properties are described by the state equation $S = A[NVU]^{1/3}$. The two objects have equal $N$ and $V$, and their initial temperatures are $T_{1}$ and $T_{2}$, respectively. A heat engine operates between these two objects, eventually bringing both to a common temperature $T_{f}$. Find the range of $T_{f}$.","The maximum value of $T_{f}$ corresponds to the condition where the heat engine produces zero work:

$$
\begin{aligned}
Q_{1} &= \int_{T_{1}}^{T_{f}} c_{v} \, \mathrm{d} T = \int_{T_{1}}^{T_{f}} \lambda \sqrt{T} \, \mathrm{d} T = \frac{2}{3} \lambda\left(T_{f}^{3/2} - T_{1}^{3/2}\right), \\
Q_{2} &= \int_{T_{2}}^{T_{f}} c_{v} \, \mathrm{d} T = \frac{2}{3} \lambda\left(T_{f}^{3/2} - T_{2}^{3/2}\right).
\end{aligned}
$$

From $Q_{1} + Q_{2} = 0$, we get

$$
T_{f \max} = \left(\frac{T_{1}^{3/2} + T_{2}^{3/2}}{2}\right)^{2/3}.
$$

The minimum value of $T_{f}$ corresponds to a reversible heat engine, where the total entropy change of the system is 0.

$$
\begin{aligned}
\Delta S_{1} &= \int_{T_{1}}^{T_{f}} \frac{c_{v}}{T} \mathrm{~d} T = 2 \lambda\left(T_{f}^{1/2} - T_{1}^{1/2}\right), \\
\Delta S_{2} &= \int_{T_{2}}^{T_{f}} \frac{c_{v}}{T} \mathrm{~d} T = 2 \lambda\left(T_{f}^{1/2} - T_{2}^{1/2}\right).
\end{aligned}
$$

From $\Delta S_{1} + \Delta S_{2} = 0$, we obtain

$$
T_{f \min} = \left(\frac{T_{1}^{1/2} + T_{2}^{1/2}}{2}\right)^{2}.
$$

Therefore,

$$
T_{f \min} \leqslant T_{f} \leqslant T_{f \max}.
$$","\(\boxed{\left[\left(\frac{T_{1}^{1/2} + T_{2}^{1/2}}{2}\right)^{2}, \left(\frac{T_{1}^{3/2} + T_{2}^{3/2}}{2}\right)^{2/3}\right]}\)",IN,,False,EN,Laws Application
3454,Mechanics and Thermodynamics,Thermodynamics,Non-equilibrium Thermodynamics,"A long metal pipe has inner and outer radii of $a$ and $b$, respectively, carrying a current $I$. The pipe's electrical conductivity is $\sigma$, and its thermal conductivity is $\kappa$. The outer surface of the pipe is insulated, while the inner surface is maintained at a temperature $T_{0}$ with a non-conducting cooling liquid. Determine the radial temperature distribution in the pipe wall when a steady state is reached.","Consider a unit length segment of the metal pipe, $\Delta l=1$. The heat flow $\dot{Q}$ across the lateral surface of the pipe with radius $r$ (where $a \leq r \leq b$) is given by Fourier’s law:

\[
\dot{Q}=-\kappa 2 \pi r \Delta l \frac{\mathrm{d} T}{\mathrm{d} r} \tag{1}
\]

In the steady-state, the heat flowing per unit time through the lateral surface at radius $r$ to the inner wall is equal to the power developed by the current flowing within the pipe from radius $r$ to $b$:

\[
\dot{Q}=I^{2}(r) R(r)=[j A(r)]^{2} \frac{\Delta l}{\sigma A(r)}=j^{2} \frac{\Delta v(r)}{\sigma} \tag{2}
\]

Here, $j=I / \pi\left(b^{2}-a^{2}\right)$ is the current density within the pipe wall, $A(r)=\pi\left(b^{2}-r^{2}\right)$ is the cross-sectional area, and $\Delta v(r)=A(r) \Delta l=\pi\left(b^{2}-r^{2}\right)$ is the volume of the portion of the pipe between radii $r$ and $b$ over a unit length.

By equating equations (1) and (2), we have:

\[
\mathrm{d} T=-\frac{j^{2}}{2 \kappa \sigma} \frac{b^{2}-r^{2}}{r} \mathrm{d} r \tag{3}
\]

Integrating equation (3) from $a$ to $r$ gives:

\[
T(r) =T_{0}-\frac{j^{2}}{2 \kappa \sigma}\left[b^{2} \ln \frac{r}{a}-\frac{1}{2}\left(r^{2}-a^{2}\right)\right] =T_{0}-\frac{I^{2}}{2 \pi^{2} \kappa \sigma\left(b^{2}-a^{2}\right)^{2}}\left[b^{2} \ln \frac{r}{a}-\frac{1}{2}\left(r^{2}-a^{2}\right)\right] \tag{4}
\]",\boxed{T(r) =T_{0}-\frac{I^{2}}{2 \pi^{2}  \sigma\left(b^{2}-a^{2}\right)^{2}}\left[b^{2} \ln \frac{r}{a}-\frac{1}{2}\left(r^{2}-a^{2}\right)\right]},EQ,\frac{1}{\text{K} \cdot \text{m} \cdot \Omega},False,EN,Math Derivation
3455,Mechanics and Thermodynamics,Thermodynamics,Thermodynamic Functions and Equilibrium Conditions,"At thermal equilibrium, the relationship for the tension of a rubber band is given by:

$$
t = A T \left(\frac{x}{l_0} - \frac{l_0^2}{x^2}\right)
$$

where $t$ represents the tension, $T$ is the absolute temperature, $x$ is the length of the band, $l_0$ is the length of the band when the tension is zero, and $A$ is a constant. It is known that when $x = l_0$, the isochoric specific heat capacity $c_x(x, T)$ is a constant $K$.

The rubber band is adiabatically stretched from $x = l_0, T = T_0$ to $x = 1.5 l_0$. Determine the final temperature $T_f$.","In this case, $\mathrm{d}S = 0$ (adiabatic process), thus

$$
\begin{gathered}
\frac{K}{T} \mathrm{~d}T - A\left(\frac{x}{l_0} - \frac{l_0^2}{x^2}\right) \mathrm{d}x = 0 \\
K \ln \frac{T_f}{T_0} = A\left[\frac{\left(1.5 l_0\right)^2}{2 l_0} + \frac{l_0^2}{1.5 l_0} - \frac{l_0^2}{2 l_0} - \frac{l_0^2}{l_0}\right] \approx 0.292 A l_0
\end{gathered}
$$

Therefore, $T_f = T_0 \mathrm{e}^{0.292 A l_0 / K}$.",\boxed{T_f = T_0 \mathrm{e}^{0.292 A l_0 / K}},EQ,,False,EN,Math Derivation
3456,Mechanics and Thermodynamics,Thermodynamics,Thermodynamic State and First Law of Thermodynamics,"Consider three gas systems \(A\), \(B\), and \(C\). When \(A\) and \(C\) are in thermal equilibrium, they satisfy the equation

\[ 
p_{A} V_{A} - n a p_{A} - p_{C} V_{C} = 0 
\]

When \(B\) and \(C\) are in thermal equilibrium, they satisfy the equation

\[ 
p_{B} V_{B} - p_{C} V_{C} + \frac{n b p_{C} V_{C}}{V_{B}} = 0 
\]

where \(n\), \(a\), and \(b\) are constants. According to the zeroth law of thermodynamics, find the relation that holds when \(A\) and \(B\) are in thermal equilibrium.","If systems \(A\) and \(B\) are in thermal equilibrium, then \(f\left(T_{A}\right) = f\left(T_{B}\right)\), thus satisfying the relation

\[
p_{A}\left(V_{A} - n a\right) = \frac{p_{B} V_{B}}{1 - \frac{n b}{V_{B}}}
\]

or

\[
p_{A}\left(V_{A} - n a\right)\left(1 - \frac{n b}{V_{B}}\right) = p_{B} V_{B}
\]","\[
\boxed{p_{A}\left(V_{A} - n a\right)\left(1 - \frac{n b}{V_{B}}\right) = p_{B} V_{B}}
\]",EQ,,False,EN,Math Derivation
3461,Mechanics and Thermodynamics,Thermodynamics,Thermodynamic Functions and Equilibrium Conditions,"Consider the following reaction $\mathrm{H} \leftrightarrows \mathrm{p}+\mathrm{e}$ which reaches equilibrium at $T=4000 \mathrm{~K}$. The densities of each component are very low and can be treated as an ideal gas, with the entire system being electrically neutral. Provide the equilibrium condition and calculate $[\mathrm{e}]$ (expressed as a function of $[\mathrm{H}]$ and temperature $T$).","The equilibrium condition is $\mu_{\mathrm{H}}=\mu_{\mathrm{e}}+\mu_{\mathrm{p}}$. Taking into account that $m_{\mathrm{H}} \approx m_{\mathrm{p}}$ and $[\mathrm{e}]=[\mathrm{p}]$, we obtain

$$
[\mathrm{e}]=\sqrt{[\mathrm{H}]} \cdot\left(2 \pi m_{\mathrm{e}} k T / h^{2}\right)^{3 / 4} \cdot \mathrm{e}^{-E_{d} / k T}
$$",\boxed{\sqrt{[\mathrm{H}]} \cdot\left(2 \pi m_{\mathrm{e}} k T / h^{2}\right)^{3 / 4} \cdot \mathrm{e}^{-E_{d} / k T}},EX,,False,EN,Math Derivation
3469,Mechanics and Thermodynamics,Thermodynamics,Second Law of Thermodynamics and Entropy,"At an absolute temperature $T$, the relationship between the tension $f$ of a stretched plastic rod and its length $L$ is given by  
$$  
f = a T^{2}(L - L_{0})  
$$  

where $a$ is a constant, and $L_{0}$ is the length of the rod when it is unstretched. When $L = L_{0}$, the heat capacity at constant length of the rod, $c_{L}$, is given by $c_{L} = b T$, where $b$ is a constant.  
If the rod is stretched quasi-statically and adiabatically from $T = T_{\mathrm{i}}$ and $L = L_{\mathrm{i}}$, until the length of the rod becomes $L_{f}$, find the final temperature $T_{\mathrm{f}}$. Is $T_{\mathrm{f}}$ greater than or less than $T_{\mathrm{i}}$?","During the quasi-static adiabatic stretching of the rod from the initial state $\left(T_{\mathrm{i}}, L_{\mathrm{i}}\right)$ to the final state $\left(T_{\mathrm{f}}, L_{\mathrm{f}}\right)$, the entropy of the system remains constant, meaning  
$$  
S\left(T_{\mathrm{i}}, L_{\mathrm{i}}\right) = S\left(T_{\mathrm{f}}, L_{\mathrm{f}}\right)  
$$  

Substituting the expression for $S(T, L)$ from equation (3) and solving, we get  
\begin{equation*}  
T_{\mathrm{f}} = \frac{b-a\left(L_{\mathrm{i}}-L_{0}\right)^{2}}{b-a\left(L_{\mathrm{f}}-L_{0}\right)^{2}} T_{\mathrm{i}} = \frac{\left(L_{\mathrm{i}}-L_{0}\right)^{2}-\frac{b}{a}}{\left(L_{\mathrm{f}}-L_{0}\right)^{2}-\frac{b}{a}} T_{\mathrm{i}} \tag{4}  
\end{equation*}  

Since $a > 0$, $b > 0$, and $L_{f} > L_{i} > L_{0}$, it follows that $T_{\mathrm{f}} < T_{\mathrm{i}}$, meaning the adiabatic stretching of the rod causes its temperature to decrease.","\boxed{T_{\mathrm{f}}=\frac{\left(L_{\mathrm{i}}-L_{0}\right)^{2}-\frac{b}{a}}{\left(L_{\mathrm{f}}-L_{0}\right)^{2}-\frac{b}{a}} T_{\mathrm{i}},\; T_{\mathrm{f}}<T_{\mathrm{i}}}","EQ, IN","None, None",True,EN,Laws Application
3474,Mechanics and Thermodynamics,Thermodynamics,Thermodynamic Functions and Equilibrium Conditions,"A thermally insulated cylindrical tube closed at both ends is divided into two parts by a frictionless, heat-conducting piston. Initially, the piston is positioned in the middle, with \( 1 \, \text{L} \) of air on one side at a temperature of \( 200 \, \text{K} \) and a pressure of \( 2 \, \text{atm} \); on the other side, there is also \( 1 \, \text{L} \) of air at a temperature of \( 300 \, \text{K} \) and a pressure of \( 1 \, \text{atm} \). The piston is released, and the system reaches equilibrium at its new position. Calculate the increase in total entropy. Provide all reasoning.","Entropy is a state function and is independent of the process. Imagine a quasi-static process to calculate the change in entropy. Let \( S_{1} \) and \( S_{2} \) represent the entropy of the two sides, respectively. The change in entropy is given by

\[
\Delta S = \Delta S_{1} + \Delta S_{2} = \int_{\left(T_{1}, V_{0}\right)}^{\left(T, V_{1}\right)} \mathrm{d} S_{1} + \int_{\left(T_{2}, V_{0}\right)}^{\left(T, V_{2}\right)} \mathrm{d} S_{2}
\]

\[
\begin{aligned}
& \int_{\left(T_{1}, V_{0}\right)}^{\left(T, V_{1}\right)} \mathrm{d} S_{1} = n_{1}\left(c_{\mathrm{v}} \ln \frac{T}{T_{1}} + R \ln \frac{V_{1}}{V_{0}}\right), \\
& \int_{\left(T_{2}, V_{0}\right)}^{\left(T, V_{2}\right)} \mathrm{d} S_{2} = n_{2}\left(c_{\mathrm{v}} \ln \frac{T}{T_{2}} + R \ln \frac{V_{2}}{V_{0}}\right)
\end{aligned}
\]

where \( n_{1} \) and \( n_{2} \) are the number of moles of gas particles on each side, \( c_{v} \) is the molar heat capacity at constant volume, and \( R \) is the gas constant. Therefore,

\[
\Delta S = \frac{p_{1} V_{0}}{T_{1}}\left(\frac{c_{v}}{R} \ln \frac{T}{T_{1}} + \ln \frac{p_{1} T}{p T_{1}}\right) + \frac{p_{2} V_{0}}{T_{2}}\left(\frac{c_{v}}{R} \ln \frac{T}{T_{2}} + \ln \frac{p_{2} T}{p T_{2}}\right)
\]

Given the system’s low temperature, we can assume that the effective degrees of freedom for the air molecules are only translational and rotational, thus \( c_{v} = \frac{5}{2} R \). Hence,

\[
\Delta S = 0.57 \, \text{J/K}
\]",\boxed{0.57},NV,,False,EN,Laws Application
3478,Mechanics and Thermodynamics,Thermodynamics,Thermodynamic Functions and Equilibrium Conditions,"A 1 g sample of water at \(20^{\circ} \text{C}\) and a pressure of \(10^{4} \, \text{atm}\) is passed through an adiabatic porous plug into a laboratory at a pressure of \(1 \, \text{atm}\). Assuming the density of water is the same at \(10^{4} \, \text{atm}\) and \(1 \, \text{atm}\), and the latent heat of vaporization of water is \(540 \, \text{cal/g}\), determine the state of the exiting water and vapor.","Since \(T_{f} = 535 \, \text{K}\) is greater than the boiling point of water, a portion of the water must convert into steam, and the final temperature of the water and steam is \(T_{f} = 373 \, \text{K}\). Let \(x \, \text{g}\) of the 1 g water convert into steam at \(100^{\circ} \text{C}\). The energy balance equation is:

\[ \Delta U = U_{f} - U_{i} = mc(T_{f} - T_{i}) + xl = (p_{i} - p_{f}) V \]

Solving gives:
\[ x = \frac{(p_{i} - p_{f}) V - mc(T_{f} - T_{i})}{l} = 0.3 \, \text{g} \]

In the equation, \(l = 540 \, \text{cal/g} = 2.26 \times 10^{3} \, \text{J/g}\) is the latent heat of vaporization of water. Thus, the mixture exiting consists of \(0.3 \, \text{g}\) of steam at \(100^{\circ} \text{C}\) and \(0.7 \, \text{g}\) of water.","\boxed{0.3 \, \text{water vapor}, 0.7 \, \text{water}}",EX,"\text{g}, \text{g}",True,EN,Laws Application
3481,Mechanics and Thermodynamics,Thermodynamics,Second Law of Thermodynamics and Entropy,"A steel cylinder with a volume of 30 L initially contains helium gas at a pressure of 100 bar and a temperature of $27^{\circ} \mathrm{C}$, and is thermally insulated from its surroundings. A valve on the cylinder is then opened, allowing the gas to slowly flow into a large balloon until the number of moles of gas remaining in the cylinder is one-tenth of the original amount. The gas transferred to the balloon reaches thermal equilibrium with the surrounding atmosphere, which has a temperature of $27^{\circ} \mathrm{C}$ and a pressure of 1 bar. Helium can be regarded as an ideal gas. Calculate the change in entropy $\Delta S_{1}$ of the gas remaining in the cylinder.","Assume there are initially $n \mathrm{~mol}$ of gas in the cylinder, which is divided into two parts: $n_{1} \mathrm{~mol}$ remain in the cylinder, and $n_{2} \mathrm{~mol}$ undergo a free expansion process into the balloon. Therefore, we have

$$
n_{1} + n_{2} = n, \quad n_{1} = \frac{n}{10}
$$

From the initial pressure of the gas in the cylinder $p_{0} = 100 \mathrm{bar}$, volume $V_{0} = 30 \mathrm{~L}$, and temperature $T_{0} = 300 \mathrm{~K}$, we obtain

$$
n = \frac{p_{0} V_{0}}{R T_{0}} = 120 \mathrm{~mol}
$$

Thus, $n_{1} = 12 \mathrm{~mol}, n_{2} = 108 \mathrm{~mol}$.  
The $n_{1} \mathrm{~mol}$ of helium remaining in the cylinder undergoes a quasi-static adiabatic process, during which its volume decreases from $V_{0} = 30 \mathrm{~L}$ to $V_{1} = 3 \mathrm{~L}$, and its entropy remains unchanged. Therefore, we have

$$
\Delta S_{1} = 0
$$",\boxed{0},NV,,False,EN,Laws Application
3482,Mechanics and Thermodynamics,Thermodynamics,Phase Transition and Equilibrium,"Soap bubbles. A soap film with constant surface tension $\sigma$ forms a spherical soap bubble. Inside the bubble is air (considered as an ideal gas), with $p_{0}$ and $T$ representing the external pressure and temperature, respectively. Find the relationship between the equilibrium radius $r$ of the bubble and the mass of the air inside it.","Let $\mathrm{d} \tau$ be an infinitesimal element of surface area for the bubble; $p_{1}$ and $p_{0}$ are the air pressures inside and outside the bubble, respectively; $\mu_{1}$ and $\mu_{2}$ are their respective chemical potentials. We have

$$
\mathrm{d} U = T \mathrm{~d} S - p_{1} \mathrm{~d} V_{1} - p_{0} \mathrm{~d} V_{2} + 2 \sigma \mathrm{~d} \tau + \mu_{1} \mathrm{~d} N_{1} + \mu_{2} \mathrm{~d} N_{2}
$$

In this equation, the factor of 2 in the term $2 \sigma \mathrm{~d} \tau$ arises because the soap bubble has two spherical surfaces, inner and outer. For equilibrium, we have: $\mathrm{d} U = 0$, $\mathrm{~d} S = 0$, and $\mu_{1} = \mu_{2}$. Also, we find $\mathrm{d} V_{1} = -\mathrm{d} V_{2}$, and $\mathrm{~d}(N_{1} + N_{2}) = 0$, thus $\left(p_{1} - p_{0}\right) \mathrm{d} V_{1} = 2 \sigma \mathrm{~d} \tau$, or $p_{1} - p_{0} = 2 \sigma \frac{\mathrm{~d} \tau}{\mathrm{~d} V_{1}}$, where $\mathrm{d} \tau / \mathrm{d} V_{1} = \frac{2}{r}$, leading to $p_{1} - p_{0} = \frac{4 \sigma}{r}$. Since $p_{1} V_{1} = \frac{m}{M} R T$, where $m$ is the mass of the air inside the bubble and $M$ is the molar mass of air,

substituting back into the equation gives

$$
m = \frac{4 \pi}{3} \frac{M}{R T} r^{3}\left(p_{0} + \frac{4 \sigma}{r}\right)
$$",\boxed{m = \frac{4 \pi}{3} \frac{M}{R T} r^{3}\left(p_{0} + \frac{4 \sigma}{r}\right)},EQ,,False,EN,Math Derivation
3487,Mechanics and Thermodynamics,Thermodynamics,Non-equilibrium Thermodynamics,"Two containers, each with a volume \( V \), are connected by a thin tube of length \( L \) with a cross-sectional area \( A \), under the condition that \( LA \ll V \). Initially, one container holds a mixed gas with a partial pressure \( p_{0} \) of CO and a partial pressure \( p-p_{0} \) of \(\mathrm{N}_{2}\), while the other container holds \(\mathrm{N}_{2}\) gas at a pressure of \( p \). The temperature in both containers is \( T \), and the diffusion coefficient for CO into \(\mathrm{N}_{2}\) or \(\mathrm{N}_{2}\) into CO is \( D \). Calculate the change in partial pressure of \(\mathrm{N}_{2}\) in the first container during the diffusion process.","Since the pressure of the mixed gas in both containers remains constant during diffusion, the partial pressure of \(\mathrm{N}_{2}\) in the first container is given by

\[
p_{1}^{\prime}(t)=p-p_{1}(t)=p-\frac{p_{0}}{2}\left[1+\exp\left(-\frac{2 D A}{L V} t\right)\right]
\]

As \( t \rightarrow \infty \), the partial pressures of CO and \(\mathrm{N}_{2}\) in the containers become equal, \( p_{1}=p_{2} \) and \( p_{1}^{\prime}=p_{2}^{\prime} \), respectively:

\[
\begin{aligned}
& p_{1}=p_{2}=\frac{p_{0}}{2} \\
& p_{1}^{\prime}=p_{2}^{\prime}=p-\frac{p_{0}}{2}
\end{aligned}
\]

This is precisely what we expected.","\boxed{p_{1}^{\prime}=p-\frac{p_{0}}{2}\left[1+\exp\left(-\frac{2 D A}{L V} t\right)\right], p_{1}^{\prime}=p-\frac{p_{0}}{2}}","EQ, NV","\text{None, None}",True,EN,Math Derivation
3490,Mechanics and Thermodynamics,Thermodynamics,Non-equilibrium Thermodynamics,"A long metallic cylinder has inner and outer radii of $a$ and $b$, respectively, and carries a current $I$. The cylinder has an electrical conductivity of $\sigma$ and a thermal conductivity of $\kappa$. The outer surface of the cylinder is adiabatic, while the inner surface is maintained at a temperature of $T_{0}$ by a non-conductive cooling liquid. Determine the temperature of the outer surface of the cylinder when a steady state is reached.","In equation (4), take $r=b$ to find the temperature of the outer surface of the cylinder:

\[
T(b)=T_{0}-\frac{I^{2}}{2 \pi^{2} \kappa \sigma\left(b^{2}-a^{2}\right)^{2}}\left[b^{2} \ln \frac{b}{a}-\frac{1}{2}\left(b^{2}-a^{2}\right)\right]
\]","\[
\boxed{T_{0} - \frac{I^{2}}{2 \pi^{2} \kappa \sigma\left(b^{2}-a^{2}\right)^{2}}\left[b^{2} \ln \frac{b}{a}-\frac{1}{2}\left(b^{2}-a^{2}\right)\right]}
\]",EX,,False,EN,Practical Application
3494,Mechanics and Thermodynamics,Thermodynamics,Thermodynamic State and First Law of Thermodynamics,How much does the internal energy of nitrogen gas increase when it is heated from $-20^{\circ} \mathrm{C}$ to $100^{\circ} \mathrm{C}$ under constant pressure? It is given that the molar specific heat capacity at constant volume for nitrogen gas is $c_{\mathrm{v}}=5 \mathrm{cal}/\mathrm{mol}\cdot{}^{\circ}\mathrm{C}$.,"The increase in internal energy is given by

$$
\Delta U = n c_{\mathrm{v}} \Delta T = \frac{1000}{28} \times 5 \times 120 = 21 \times 10^{3}\, \text{cal}
$$",\boxed{21 \times 10^{3}},NV,\text{cal},False,EN,Laws Application
3495,Mechanics and Thermodynamics,Thermodynamics,Thermodynamic Functions and Equilibrium Conditions,"A rod of length $L$ is placed in a magnetic field $H$ and is stretched by an external force $F$. If the magnetic moment is given by $M=cLH/F$, find the total differential of the internal energy from the fundamental thermodynamic equation.","When the magnetic medium is magnetized in a magnetic field $H$ and stretched by an external force $F$, the infinitesimal work done on the system by the external force is

$$
\mathrm{d} W = \mu_0 H \mathrm{d} M + F \mathrm{d} L
$$

The fundamental thermodynamic equation is

$$
\mathrm{d} U = T \mathrm{d} S + \mu_0 H \mathrm{d} M + F \mathrm{d} L
$$",\boxed{\mathrm{d} U = T \mathrm{d} S + \mu_0 H \mathrm{d} M + F \mathrm{d} L},EX,,False,EN,Laws Application
3496,Mechanics and Thermodynamics,Thermodynamics,Non-equilibrium Thermodynamics,A spherical iron ball with a radius of 20 cm is heated uniformly to \(100^{\circ} \mathrm{C}\) and then its surface is maintained at a constant temperature of \(0^{\circ} \mathrm{C}\). Determine the temperature at the center of the sphere 15 minutes after cooling begins. It is given that the ratio of thermal conductivity to specific heat per unit volume in the cgs unit system is \(\kappa / c \rho=0.185 \mathrm{~cm}^{2} / \mathrm{s}\).,"Let the temperature at a point \(r\) inside the sphere at time \(t\) be \(T(t, r)\). The temperature \(T\) satisfies the heat conduction equation with initial and boundary conditions:

\[
\begin{cases} 
\nabla^{2} T-\frac{c \rho}{\kappa} \frac{\partial T}{\partial t}=0, \quad t>0, r<R \\
T(0, r)=100^{\circ} \mathrm{C} \\
T(t, R)=0^{\circ} \mathrm{C}
\end{cases}
\]

Since \(T\) exhibits spherical symmetry, we have:

\[
T(t, r)=u(r) v(t)=\frac{f(r)}{r} v(t)
\]

Applying the separation of variables method, we obtain:

\[
\begin{cases} 
\frac{1}{f} \frac{\mathrm{d}^{2} f}{\mathrm{d} r^{2}}=-\lambda^{2} \\
f(R)=0, \quad \lim _{r \rightarrow 0} \frac{f(r)}{r} \text { is finite }
\end{cases}
\]

and

\[
\frac{1}{v} \frac{\mathrm{d} v}{\mathrm{d} t}=-\lambda^{2} a
\]

where \(a=\frac{\kappa}{c \rho}\). Solving these, we find:

\[
\begin{aligned}
& f_{n}(r)=\sin \lambda_{n} r, \quad \lambda_{n}=\frac{n \pi}{R}, \quad n=1,2, \cdots \\
& v_{n}(t)=A_{n} \mathrm{e}^{-\lambda_{n}^{2} a t}
\end{aligned}
\]

By the principle of superposition, the solution is:

\[
T(t, r)=\sum_{n=1}^{\infty} \frac{f_{n}(r)}{r} v_{n}(t)=\sum_{n=1}^{\infty} A_{n} \mathrm{e}^{-\lambda_{n}^{2} a t} \frac{\sin \lambda_{n} r}{r}
\]

The expansion coefficients are determined by the initial condition:

\[
T(0, r)=T_{0}=100^{\circ} \mathrm{C}, \quad r<R
\]

giving:

\[
\sum_{n=1}^{\infty} A_{n} \sin \lambda_{n} r=T_{0} r
\]

Using the orthogonal relationship of trigonometric functions:

\[
\int_{0}^{R} \sin \lambda_{n} r \sin \lambda_{m} r \mathrm{d} r=\frac{R}{2} \delta_{n m}
\]

we solve for:

\[
A_{n}=\frac{2}{R} T_{0} \int_{0}^{R} r \sin \lambda_{n} r \mathrm{d} r=(-1)^{n+1} \frac{2 T_{0}}{\lambda_{n}}=(-1)^{n+1} \frac{2 T_{0} R}{n \pi}
\]

Substituting back into the expression for \(T(t, r)\) gives the final solution:

\[
T(t, r)=\frac{2 T_{0} R}{\pi r} \sum_{n=1}^{\infty} \frac{(-1)^{n+1}}{n} \exp \left(-\frac{n^{2} \pi^{2}}{R^{2}} a t\right) \sin \frac{n \pi r}{R}
\]

At the center of the sphere, \(r=0\):

\[
T(t, 0)=2 T_{0} \sum_{n=1}^{\infty}(-1)^{n+1} \exp \left(-\frac{n^{2} \pi^{2}}{R^{2}} a t\right)
\]

For \(t=15 \, \text{min}, \frac{\pi^{2} a t}{R^{2}}=4.1\), as the exponential factors rapidly approach zero with increasing \(n^{2}\), only the first term \(n=1\) needs to be taken:

\[
T(t=15 \, \text{min}, 0) \approx 2 T_{0} \exp \left(-\frac{\pi^{2}}{R^{2}} a t\right)=3.3^{\circ} \mathrm{C}
\]",\boxed{3.3},NV,,False,EN,Math Derivation
3497,Mechanics and Thermodynamics,Thermodynamics,Thermodynamic Functions and Equilibrium Conditions,"Given that enthalpy $H = H(T, p)$, find the expression for $\left(\frac{\partial H}{\partial p}\right)_{T}$.","Proof

From

$$
\mathrm{d}H = T \mathrm{~d}S + V \mathrm{~d}p = c_{\mathrm{p}} \mathrm{~d}T + \left[T \left(\frac{\partial S}{\partial p}\right)_{T} + V\right] \mathrm{d}p
$$

we obtain

$$
\left(\frac{\partial H}{\partial p}\right)_{T} = T\left(\frac{\partial S}{\partial p}\right)_{T} + V.
$$",\boxed{T\left(\frac{\partial S}{\partial p}\right)_{T} + V},EX,,False,EN,Math Derivation
3512,Mechanics and Thermodynamics,Thermodynamics,Phase Transition and Equilibrium,"Consider 1 mol of a certain liquid in a state of gas-liquid phase equilibrium coexistence, with temperature and pressure being \(T_{1}\) and \(p_{1}\), respectively. The 1 mol of liquid completely evaporates at \(T_{1}, p_{1}\). Calculate the enthalpy change \(\Delta h_{1}\) and entropy change \(\Delta S_{1}\) during the evaporation process.","\[
\begin{aligned}
& \Delta h_{1}=L_{T_{1}}^{\beta \alpha} \\
& \Delta S_{1}=\frac{L_{T_{1}}^{\beta \alpha}}{T_{1}}
\end{aligned}
\]","\boxed{\Delta h_{1} = L_{T_{1}}^{\beta \alpha}, \Delta S_{1} = \frac{L_{T_{1}}^{\beta \alpha}}{T_{1}}}","EQ, EX",,True,EN,Laws Application
3521,Mechanics and Thermodynamics,Thermodynamics,Phase Transition and Equilibrium,"Consider 1 mol of a certain liquid in a state of vapor-liquid equilibrium. The liquid is heated from a state \(T_{2}, p_{2}\) back to its initial state \(T_{1}, p_{1}\). Calculate the enthalpy change \(\Delta h_{5}\) and entropy change \(\Delta S_{5}\) during the heating process.","\[
\begin{aligned}
& \Delta h_{5}=\left(\frac{\partial h^{\alpha}}{\partial p}\right)_{T}\left(p_{1}-p_{2}\right)+\left(\frac{\partial h^{\alpha}}{\partial T}\right)_{p}\left(T_{1}-T_{2}\right) \\
& =\left[V^{\alpha}-T\left(\frac{\partial V^{\alpha}}{\partial T}\right)_{p}\right]\left(p_{1}-p_{2}\right)+c_{p}^{\alpha}\left(T_{1}-T_{2}\right) \\
& \Delta S_{5}=\frac{c_{p}^{\alpha}}{T}\left(T_{1}-T_{2}\right)-\left(\frac{\partial V^{\alpha}}{\partial T}\right)_{p}\left(p_{1}-p_{2}\right)
\end{aligned}
\]","\boxed{\Delta h_{5}=\left[V^{\alpha}-T\left(\frac{\partial V^{\alpha}}{\partial T}\right)_{p}\right]\left(p_{1}-p_{2}\right)+c_{p}^{\alpha}\left(T_{1}-T_{2}\right), \Delta S_{5}=\frac{c_{p}^{\alpha}}{T}\left(T_{1}-T_{2}\right)-\left(\frac{\partial V^{\alpha}}{\partial T}\right)_{p}\left(p_{1}-p_{2}\right)}","EX, EX",,True,EN,
3553,Mechanics and Thermodynamics,Thermodynamics,Phase Transition and Equilibrium,"Consider 1 mol of a certain liquid in a state of vapor-liquid equilibrium, with temperature and pressure denoted as \(T_{1}\) and \(p_{1}\) respectively. The vapor is cooled isobarically to a saturated state at \(T_{2}\) and \(p_{2}\). Calculate the change in enthalpy \(\Delta h_{3}\) and the change in entropy \(\Delta S_{3}\) during the isobaric cooling process.","\[
\begin{aligned}
& \Delta h_{3} = \left(\frac{\partial h^{\beta}}{\partial T}\right)_{p}(T_{2}-T_{1}) = c_{p}^{\beta}(T_{2}-T_{1}) \\
& \Delta S_{3} = \frac{c_{p}^{\beta}}{T}(T_{2}-T_{1})
\end{aligned}
\]","\boxed{c_{p}^{\beta}(T_{2}-T_{1}), \frac{c_{p}^{\beta}}{T}(T_{2}-T_{1})}","EX, EX","\text{None}, \text{None}",True,EN,Laws Application
3555,Mechanics and Thermodynamics,Thermodynamics,Thermodynamic Functions and Equilibrium Conditions,"The equation of state for a certain gas is given by

$$
\left(p+\frac{a}{T^{n} V^{2}}\right)(V-b)=N R T
$$

where $a$, $b$, and $n$ are constants, and $N$ is the number of moles of the gas. Using the given expression for free energy

$$
F(T, V)=-N R T \ln (V-b)-\frac{a}{T^{2} V}-T \int \frac{\mathrm{d} T}{T^{2}} \int c_{v}^{\circ} \mathrm{d} T-T S_{0}+U_{0}
$$

derive the expression for the entropy $S$ of this gas.","The entropy

$$
S(T, V)=-\left(\frac{\partial F}{\partial T}\right)_{V}=N R \ln (V-b) - \frac{n a}{T^{n+1} V} + \int \frac{\mathrm{d} T}{T^{2}} \int c_{v}^{\circ} \mathrm{d} T + \frac{1}{T} \int c_{v}^{\circ} \mathrm{d} T + S_{0}
$$",\boxed{N R \ln (V-b) - \frac{n a}{T^{n+1} V} + \int \frac{\mathrm{d} T}{T^{2}} \int c_{v}^{\circ} \mathrm{d} T + \frac{1}{T} \int c_{v}^{\circ} \mathrm{d} T + S_{0}},EX,,False,EN,Math Derivation
3558,Mechanics and Thermodynamics,Thermodynamics,Phase Transition and Equilibrium,"In a multicomponent system unit where one phase is a gas phase, find the simplified expression of its second derivative $\frac{\mathrm{d}^{2} p}{\mathrm{~d} T^{2}}$.","If the $\beta$ phase is the gas phase and the $\alpha$ phase is the condensed phase, then

$$
V^{\beta} \gg V^{\alpha},\left(\frac{\partial V^{\beta}}{\partial T}\right)_{p} \gg \left(\frac{\partial V^{\alpha}}{\partial T}\right)_{p} \text{ and } \left|\left(\frac{\partial V^{\beta}}{\partial p}\right)_{T}\right| \gg \left|\left(\frac{\partial V^{\alpha}}{\partial p}\right)_{T}\right|
$$

Hence, the related quantities of the condensed phase can be neglected. Assuming the gas can be treated as an ideal gas, its equation of state is

$$
p V = R T
$$

Thus, we have

$$
\left(\frac{\partial V}{\partial T}\right)_{p}=\frac{R}{p}, \quad \left(\frac{\partial V}{\partial p}\right)_{T}=-\frac{R T}{p^{2}}
$$

Substituting into the expression for $\frac{\mathrm{d}^{2} p}{\mathrm{~d} T^{2}}$, we obtain

$$
\frac{\mathrm{d}^{2} p}{\mathrm{~d} T^{2}}=\frac{c_{p}^{\beta}-c_{p}^{\alpha}}{T V}-\frac{2 L^{\beta \alpha}}{T^{2} V}+\frac{\left(L^{\beta \alpha}\right)^{2}}{R T^{3} V}
$$",\boxed{\frac{c_{p}^{\beta}-c_{p}^{\alpha}}{T V}-\frac{2 L^{\beta \alpha}}{T^{2} V}+\frac{\left(L^{\beta \alpha}\right)^{2}}{R T^{3} V}},EX,,False,EN,Math Derivation
3569,Mechanics and Thermodynamics,Thermodynamics,Non-equilibrium Thermodynamics,"A sphere with a radius of \( R \) is immersed in an unbounded liquid at a temperature of \( T_0 \). At \( t=0 \), the sphere's temperature is \( T_1 \), and \( T_1 > T_0 \), and it remains at this temperature thereafter. The liquid has a thermal conductivity \( \kappa \), specific heat capacity \( c \), and density \( \rho \). Use a definite integral to express the temperature at any point outside the sphere for any \( t > 0 \).","This is a heat conduction problem, where the temperature \( T(\mathbf{r}, t) \) satisfies the heat conduction equation with the following initial and boundary conditions:

\[
\begin{cases}
\nabla^{2} T - \frac{1}{a^{2}} \frac{\partial T}{\partial t} = 0, & r > R \\
T(r > R, t = 0) = T_0 \\
T(R, t \geqslant 0) = T_1
\end{cases}
\]

where \( a^{2} = \kappa / (\rho c) \). Due to the spherical symmetry of the boundary and initial conditions, \( T \) is solely a function of the radial distance \( r \) and is independent of the azimuthal angle, i.e., \( \nabla^{2} T = \frac{1}{r^{2}} \frac{\partial}{\partial r}\left(r^{2} \frac{\partial T}{\partial r}\right) \). Let the solution \( T \) be expressed as

\[
T(r, t) = T_0 + \frac{R}{r} \Theta(r, t)
\]

Substituting gives the equation satisfied by \(\Theta\):

\[
\begin{cases}
\frac{\partial^{2} \Theta}{\partial r^{2}} - \frac{1}{a^{2}} \frac{\partial \Theta}{\partial t} = 0, & r > R \\
\Theta(R, t \geqslant 0) = T_1 - T_0, & \Theta(r>R, t=0) = 0
\end{cases}
\]

Utilizing the Green's function \( G(r, t | r^{\prime}, t^{\prime}) \) defined for the region \( r \) and \( r^{\prime} > R \), which satisfies the equation

\[
\frac{\partial^{2} G}{\partial r^{\prime 2}} + \frac{1}{a^{2}} \frac{\partial G}{\partial t^{\prime}} = -\delta(r-r^{\prime}) \delta(t-t^{\prime})
\]

\[
G(r, t | r^{\prime}, t^{\prime}) = 0, \quad \text{when} \, t^{\prime} > t
\]

\[
G(r, t | R, t^{\prime}) = 0
\]

Multiply the equation by \(\Theta(r^{\prime}, t^{\prime})\) and integrate to obtain

\[
-\int_{0}^{\infty} \Theta(R, t^{\prime}) \frac{\partial G(r, t | R, t^{\prime})}{\partial R} \, \mathrm{d} t^{\prime} = -\Theta(r, t)
\]

Refining the Green's function \( G_0 \), we have

\[
G = G_0(r-r^{\prime}, t-t^{\prime}) - G_0(2R-r-r^{\prime}, t-t^{\prime})
\]

Thus,

\[
\frac{\partial G(r, t | R, t^{\prime})}{\partial R} = \frac{(r-R) \cdot \theta(t-t^{\prime})}{2a\sqrt{\pi}(t-t^{\prime})^{3/2}} \exp\left[-\frac{(r-R)^{2}}{4a^{2}(t-t^{\prime})}\right]
\]

Substituting into the integral gives

\[
\Theta(r, t) = \int_{0}^{\infty} \mathrm{d} t^{\prime} \, \Theta(R, t^{\prime}) \frac{\partial G}{\partial R} = \frac{(T_1-T_0)(r-R)}{2a\sqrt{\pi}} \int_{0}^{t} \mathrm{d} t^{\prime} \frac{e^{-(r-R)^{2}/4a^{2}(t-t^{\prime})}}{(t-t^{\prime})^{3/2}}
\]

Thus,

\[
T(r, t) = T_0 + \frac{R(T_1-T_0)(r-R)}{2ar\sqrt{\pi}} \int_{0}^{t} \mathrm{d} t^{\prime} \frac{e^{-(r-R)^{2}/4a^{2}(t-t^{\prime})}}{(t-t^{\prime})^{3/2}}
\]

Letting

\[ 
x^2 = \frac{(r-R)^2}{4a^2(t-t^{\prime})}
\]

yields

\[
T(r, t) = T_0 + \frac{2R(T_1-T_0)}{r\sqrt{\pi}} \int_{(r-R)/(2a\sqrt{t})}^{\infty} e^{-x^{2}} \, \mathrm{d} x
\]","\[\boxed{T(r, t) = T_0 + \frac{2R(T_1-T_0)}{r\sqrt{\pi}} \int_{(r-R)/(2a\sqrt{t})}^{\infty} e^{-x^{2}} \, \mathrm{d} x}\]",EQ,,False,EN,Math Derivation
3581,Mechanics and Thermodynamics,Thermodynamics,Thermodynamic Functions and Equilibrium Conditions,"In thermal equilibrium, the tension relationship of a rubber band is given by:

$$
t = A T \left(\frac{x}{l_0} - \frac{l_0^2}{x^2}\right)
$$

where $t$ represents the tension, $T$ is the absolute temperature, $x$ is the length of the band, $l_0$ is the length of the band when the tension is zero, and $A$ is a constant. It is known that when $x = l_0$, the isothermal heat capacity $c_x(x, T)$ is a constant $K$.

Find $c_x(x, T)$ as a function of $T$ and $x$.","$$
c_x(x, T) = c_x(l_0, T) + \int_{l_0}^{x} \frac{\partial c_x(x, T)}{\partial x} \mathrm{d}x = c_x(l_0, T) + 0 = c_x(l_0, T) = K
$$",\boxed{K},NV,,False,EN,Knowledge Recall
3587,Mechanics and Thermodynamics,Thermodynamics,Non-equilibrium Thermodynamics,"A tube with a length of \(2 \, \text{m}\) and a cross-sectional area of \(10^{-4} \, \text{m}^{2}\) contains \(\text{CO}_{2}\) gas at standard conditions, with half of the \(\text{CO}_{2}\) gas molecules containing the radioactive isotope \({ }^{14} \text{C}\). At \(t=0\), the number density of the radioactive gas molecules decreases uniformly along the tube from the left end to zero at the right end. It is known that the effective diameter of the \(\text{CO}_{2}\) molecule is \(d=3.67 \times 10^{-10} \, \text{m}\). Determine how many radioactive molecules per second move from left to right through the cross-section at the midpoint of the tube.","At standard conditions, the number density of \(\text{CO}_{2}\) gas molecules is \(n_{0}=2.69 \times 10^{25} / \text{m}^3\).  
Initially, the number of radioactive molecules passing per second from left to right through the cross-section at the midpoint of the tube is given by

\[ \frac{\mathrm{d} N_{1}}{\mathrm{d} t}=\frac{1}{6} n_{1} \bar{v} \Delta S \]

where \(\bar{\lambda}=\frac{1}{\sqrt{2} \pi d^{2} n_{0}}=6.21 \times 10^{-8} \, \text{m}\) is the mean free path of \(\text{CO}_{2}\) molecules, and \(n_{1}\) is the number density of radioactive molecules at \(x=\frac{l}{2}-\bar{\lambda}\), with its value approximately given by

\[ n_{1} \approx \frac{n_{0}}{2}-\left.\bar{\lambda} \frac{\mathrm{d} n}{\mathrm{d} x}\right|_{l / 2}=\frac{n_{0}}{2}\left(1+\frac{2 \bar{\lambda}}{l}\right) \]

Therefore,

\[
\begin{aligned}
\frac{\mathrm{d} N_{1}}{\mathrm{d} t} & =\frac{n_{0}}{12} \bar{v} \Delta S\left(1+\frac{2 \bar{\lambda}}{l}\right)=\frac{n_{0}}{12} \sqrt{\frac{8 R T}{\pi \mu}} \Delta S\left(1+\frac{2 \bar{\lambda}}{l}\right) \\
& =7.94 \times 10^{22}+4.94 \times 10^{15} \, \text{s}^{-1} \approx 7.94 \times 10^{22} \, \text{s}^{-1}
\end{aligned}
\]","\[
\boxed{7.94 \times 10^{22}}
\]",NV,,False,EN,Practical Application
3623,Mechanics and Thermodynamics,Thermodynamics,Phase Transition and Equilibrium,"Calculate the vapor pressure equation:

\[
\ln p=-\frac{L_{0}}{R T}+\frac{c_{p}^{0}-c_{p}^{\prime 0}}{R} \ln T+\int_{0}^{T} \frac{\mathrm{d} T}{R T^{2}} \int_{0}^{T}\left(c_{\mathrm{p}}-c_{p}^{\prime}-c_{p}^{0}+c_{p}^{\prime 0}\right) \mathrm{d} T+a
\]","After solving, the vapor pressure equation is:

\[
\ln p=-\frac{L_{0}}{R T}+\frac{c_{p}^{0}-c_{p}^{\prime 0}}{R} \ln T+\int_{0}^{T} \frac{\mathrm{d} T}{R T^{2}} \int_{0}^{T}\left(c_{\mathrm{p}}-c_{p}^{0}-c_{p}^{\prime}+c_{p}^{\prime 0}\right) \mathrm{d} T+a
\]",\boxed{\ln p=-\frac{L_{0}}{R T}+\frac{c_{p}^{0}-c_{p}^{\prime 0}}{R} \ln T+\int_{0}^{T} \frac{\mathrm{d} T}{R T^{2}} \int_{0}^{T}\left(c_{\mathrm{p}}-c_{p}^{0}-c_{p}^{\prime}+c_{p}^{\prime 0}\right) \mathrm{d} T+a},EQ,,False,EN,Math Derivation
3634,Mechanics and Thermodynamics,Thermodynamics,Non-equilibrium Thermodynamics,"A tube with a length of \(2 \, \text{m}\) and a cross-sectional area of \(10^{-4} \, \text{m}^{2}\) contains \(\text{CO}_{2}\) gas at standard conditions. Half of the \(\text{CO}_{2}\) gas molecules are radioactive isotopes \({ }^{14} \text{C}\). At \(t=0\), the number density of the radioactive gas molecules decreases uniformly along the tube from the left end to zero at the right end opening. Given that the effective diameter of the \(\text{CO}_{2}\) molecule is \(d=3.67 \times 10^{-10} \, \text{m}\), calculate how many radioactive molecules per second move from right to left across the cross-section at the midpoint of the tube at the start.","At standard conditions, the number density of \(\text{CO}_{2}\) gas molecules is \(n_{0}=2.69 \times 10^{25} / \text{m}^3\).  
Initially, the number of molecules per second moving from right to left across the cross-section at the midpoint of the tube is given by:

\[ 
\begin{aligned}
\frac{\mathrm{d} N_{2}}{\mathrm{d} t} & =\frac{1}{6} n_{2} \bar{v} \Delta S=\frac{1}{12} n_{0} \bar{v} \Delta S\left(1-\frac{2 \bar{\lambda}}{l}\right)=\frac{1}{12} n_{0} \sqrt{\frac{8 R T}{\pi \mu}} \Delta S\left(1-\frac{2 \bar{\lambda}}{l}\right) \\
& =7.94 \times 10^{22}-4.94 \times 10^{15} \, \text{s}^{-1} \approx 7.94 \times 10^{22} \, \text{s}^{-1}
\end{aligned} 
\]

Here, \(n_{2} \approx \frac{n_{0}}{2}\left(1-\frac{2 \bar{\lambda}}{l}\right)\) is the number density of radioactive molecules at \(x=\frac{l}{2}+\bar{\lambda}\).",\boxed{7.94 \times 10^{22}},NV,\text{s}^{-1},False,EN,Laws Application
3636,Mechanics and Thermodynamics,Thermodynamics,Non-equilibrium Thermodynamics,"A tube with a length of \(2 \, \text{m}\) and a cross-sectional area of \(10^{-4} \, \text{m}^{2}\) contains \(\text{CO}_{2}\) gas under standard conditions, with half of the \(\text{CO}_{2}\) molecules containing the radioactive isotope \({ }^{14} \text{C}\). At \(t=0\), the number density of the radioactive gas molecules decreases uniformly from the left end of the tube to zero at the right end. Given that the effective diameter of the \(\text{CO}_{2}\) molecule is \(d=3.67 \times 10^{-10} \, \text{m}\), find the initial density gradient of the radioactive gas.","Under standard conditions, the number density of \(\text{CO}_{2}\) gas molecules is \(n_{0}=2.69 \times 10^{25} \, \text{/m}^3\).  
Initially, the number density \(n(x)\) of the radioactive \(\text{CO}_{2}\) molecules decreases linearly from \(n_{0}\) at the left end to 0 at the right end, so  

\[ n(x) = n_{0}\left(1-\frac{x}{l}\right) \]  

Therefore, the density gradient of the radioactive \(\text{CO}_{2}\) gas molecules is  

\[ \frac{\mathrm{d} \rho}{\mathrm{d} x} = \frac{\mu}{N_{\mathrm{A}}} \frac{\mathrm{d} n}{\mathrm{d} x} = -\frac{\mu}{N_{\mathrm{A}}} \frac{n_{0}}{l} = -1.03 \, \text{kg/m}^4 \]  

where \(\mu=46 \times 10^{-3} \, \text{kg/mol}\) is the molar mass of \(\text{CO}_{2}\), and \(N_{\mathrm{A}}=6.02 \times 10^{23} \, /\text{mol}\) is Avogadro's number.",\boxed{-1.03},NV,,False,EN,Laws Application
3637,Mechanics and Thermodynamics,Thermodynamics,Second Law of Thermodynamics and Entropy,A resistance wire heats $M=1\ \mathrm{kg}$ of water from $t_{1}=20^{\circ} \mathrm{C}$ to $t_{2}=99^{\circ} \mathrm{C}$ (under atmospheric pressure). Find the increase in entropy of the water.,"The change in entropy is given by

$$
\Delta S = \int \frac{M c}{T}\ \mathrm{d}T = M c \ln \frac{T_{2}}{T_{1}} = 239\ \mathrm{cal/K}
$$",\boxed{239},NV,\mathrm{cal/K},False,EN,Laws Application
3640,Mechanics and Thermodynamics,Thermodynamics,Second Law of Thermodynamics and Entropy,An electrical resistor heats water with a mass of $M=1\ \mathrm{kg}$ from $t_{1}=20^{\circ} \mathrm{C}$ to $t_{2}=99^{\circ} \mathrm{C}$ (under atmospheric pressure). A heat engine operates between this water and a heat source at $t_{1}=20^{\circ} \mathrm{C}$. Determine the maximum output work.,"If a reversible heat engine operates between this water and a heat source at $t_{1} = 20^{\circ} \mathrm{C}$ until the water's temperature equals the heat source temperature, the work output of such an engine is maximized. When the water's temperature decreases by $\mathrm{d}T$, the infinitesimal work done by the engine is $\mathrm{d}W = -\left(1 - \frac{T_{1}}{T}\right) M c\ \mathrm{d}T$.

Thus, the maximum output work of the engine is

$$
W_{\max} = \int_{T_{1}}^{T_{2}} \left(1 - \frac{T_{1}}{T}\right) M c\ \mathrm{d}T = M c(T_{2} - T_{1}) - T_{1} M c \ln \frac{T_{2}}{T_{1}} = 9 \times 10^{3}\ \mathrm{cal}
$$

where $T_{1} = 293\ \mathrm{K}$, $T_{2} = 372\ \mathrm{K}$.",\boxed{9 \times 10^{3}},NV,\mathrm{cal},False,EN,Laws Application
3647,Mechanics and Thermodynamics,Thermodynamics,Second Law of Thermodynamics and Entropy,"An ideal gas consisting of $N$ atoms is contained in a cylindrical container with adiabatic walls, sealed at one end by a piston. The initial volume is $V_{1}$, and the initial temperature is $T_{1}$. How should the piston be pulled away quickly to satisfy the derived expression correctly?","The speed of the piston's motion $v$ must be much greater than the average speed of the gas molecules $\bar{v}$, that is, $v \gg \bar{v} = \left( \frac{8 k T_{1}}{\pi m} \right)^{1/2}$.","\boxed{(v, \infty)}",IN,,False,EN,Laws Application
3663,Mechanics and Thermodynamics,Thermodynamics,Second Law of Thermodynamics and Entropy,"Consider two methods of mixing two ideal gases. Method one: an isolated adiabatic container is divided into two parts, with ideal gas $A$ in one side and ideal gas $B$ in the other. Then, the partition is removed to allow them to mix. Determine the change in entropy in the first scenario.","Due to the conservation of energy, and the fact that the internal energy of an ideal gas only depends on its temperature, the initial and final temperatures remain unchanged. In this case, the initial and final states are exactly the same as in scenario (1). Since entropy is a state function, $\Delta S$ is identical to that in scenario (1).",\boxed{\Delta S},EX,,False,EN,Laws Application
3666,Mechanics and Thermodynamics,Thermodynamics,Thermodynamic State and First Law of Thermodynamics,"An adiabatic piston divides a closed-end adiabatic cylinder into two parts, $A$ and $B$. Both sides contain an equal amount of a monoatomic ideal gas, with an adiabatic index $\gamma = \frac{5}{3}$. Initially, both the volume and pressure of the gases are $V_{0}$ and $p_{0}$, respectively, with a temperature $T_{0}$. Now, the gas in section $A$ is slowly heated, causing the piston to move to the right, resulting in a final pressure of $3p_{0}$ in section $B$. Calculate the heat absorbed $Q$ by the gas in section $A$.","During the heating process, the heat absorbed by the gas in section $A$ is given by
$$
Q = \Delta U_{A} + \Delta U_{B} = 6 p_{0} V_{0}
$$",\boxed{6},NV,p_{0} V_{0},False,EN,Laws Application
3673,Mechanics and Thermodynamics,Thermodynamics,Second Law of Thermodynamics and Entropy,"A Carnot engine operates with two different ideal gases. Calculate the theoretical work ratio $\frac{W^{\prime}}{W}$ when the working substances are monatomic gas and diatomic gas, respectively.","From the relation $W^{\prime}=R\left(T_{1}-T_{2}\right) \ln \frac{V_{2}^{\prime}}{V_{1}}$, we have

$$
\frac{W^{\prime}}{W}=\frac{\ln \left(V_{2}^{\prime} / V_{1}\right)}{\ln \left(V_{2} / V_{1}\right)}=\frac{\ln \left(V_{2}^{\prime} / V_{3}\right)+\ln 64}{\ln \left(V_{2} / V_{3}\right)+\ln 64}
$$

From the adiabatic equation, we know

$$
4 T_{0} V_{2}^{\gamma-1}=T_{0} V_{3}^{\gamma-1}
$$

$$
4 T_{0} V_{2}^{\prime \gamma-1}=T_{0} V_{3}^{\prime \gamma-1}
$$

Therefore,

$$
\frac{W^{\prime}}{W}=\frac{3+\left(1-\gamma^{\prime}\right)^{-1}}{3+(1-\gamma)^{-1}}
$$

For a monatomic ideal gas, $\gamma=\frac{5}{3}$, and for a diatomic ideal gas $\gamma^{\prime}=\frac{7}{5}$, hence

$$
\frac{W^{\prime}}{W}=\frac{1}{3}
$$",\boxed{\frac{1}{3}},NV,,False,EN,Laws Application
3677,Mechanics and Thermodynamics,Thermodynamics,Phase Transition and Equilibrium,"The properties of iron at high temperatures can be summarized as follows: between $900^{\circ} \mathrm{C}$ and $1400^{\circ} \mathrm{C}$, the $\gamma$ phase is stable. Given that the specific heat capacity of the $\gamma$ phase is $c_{\gamma}=0.690 \ \mathrm{J}/(\mathrm{g} \cdot \mathrm{K})$, find the change in entropy $\Delta \mu^{\gamma}$.","As shown in Figure 4.11, the entire process can be considered isobaric. Assuming the entropy of the $\gamma$ phase at $T_{1}$ is 0, we have

$$
S_{\gamma}=S_{1}+c_{\gamma} \ln \frac{T}{T_{1}}
$$

To find the change in chemical potential,

$$
\Delta \mu^{\gamma}=\mu^{\gamma}\left(T_{2}\right)-\mu^{\gamma}\left(T_{1}\right)=-\int_{T_{1}}^{T_{2}} S_{\gamma} \, \mathrm{d}T =-c_{\gamma} T_{2} \ln \frac{T_{2}}{T_{1}}+\left(c_{\gamma}-S_{1}\right)\left(T_{2}-T_{1}\right)
$$",\boxed{-c_{\gamma} T_{2} \ln \frac{T_{2}}{T_{1}}+\left(c_{\gamma}-S_{1}\right)\left(T_{2}-T_{1}\right)},EX,,False,EN,Math Derivation
3679,Mechanics and Thermodynamics,Thermodynamics,Thermodynamic State and First Law of Thermodynamics,A plane with a reflectivity \( R \) is inserted between two infinitely large parallel blackbody planes. Find the net energy flow \( J^{*} \) in the vacuum.,"After adding the ""heat film"", the energy flow \( J^{*} \) in the vacuum is

$$
J^{*} = \frac{1-R}{2}\left(E_{2} - E_{1}\right) = \frac{1-R}{2} J
$$",\boxed{\frac{1-R}{2} J},EX,,False,EN,Laws Application
3686,Mechanics and Thermodynamics,Thermodynamics,Second Law of Thermodynamics and Entropy,"A Carnot engine contains 1 mol of a monoatomic ideal gas as its working substance. It is known that the temperature at the beginning of the isothermal expansion process is $4 T_{0}$, and the volume is $V_{0}$; the temperature at the beginning of the isothermal compression process is $T_{0}$, and the volume is $64 V_{0}$. Let $W$ be the work done by the engine in each cycle. Calculate $W$.","As shown in Figure 2.2, for this Carnot cycle,

$$
V_{3}=64 V_{0}
$$

$$
<image 1>
$$

Figure 2.2

$$
W=R\left(T_{1}-T_{2}\right) \ln \frac{V_{2}}{V_{1}}
$$

where $T_{1}=4 T_{0}$ and $T_{2}=T_{0}$ are the temperatures of the high and low temperature reservoirs, respectively. $V_{1}=V_{0}$ and $V_{2}$ are the volumes of states 1 and 2, respectively, with $V_{3}=64 V_{1}$.",\boxed{4RT_{0} \ln 64},NV,,False,EN,Laws Application
3691,Mechanics and Thermodynamics,Thermodynamics,Thermodynamic State and First Law of Thermodynamics,"In a physics experiment, a large solenoid is made from a hollow rectangular wire. The cross-section of the wire is \(4 \, \mathrm{cm} \times 2 \, \mathrm{cm}\), with a hollow water-cooling hole of \(2 \, \mathrm{cm} \times 1 \, \mathrm{cm}\). Assume this wire is wound in one layer with 100 turns, and the entire solenoid is 4 meters long with a diameter of 3 meters. Neglect the inductance and resistance of the power supply and calculate the time required for the current in the solenoid to increase from 0 to \(99\%\) of its design value. Ignore the effects when the steel is far from the saturation magnetization point.","The time constant for this circuit is given by
\[ \tau=\frac{L}{R}, \quad \text {where } L=\frac{N \Phi}{I} \]
In this equation, \(L\) represents the inductance, \(R\) is the resistance, \(N\) is the number of turns, \(I\) is the current, and \(\Phi\) is the magnetic flux. Therefore, we have:
\[ 
\begin{gathered}
L=\frac{100 \times 0.25 \pi(1.5)^{2}}{7960}=0.0222(\mathrm{H}) \\
\tau=\frac{0.0222}{0.0471}=0.471(\mathrm{~s})
\end{gathered}
\]

For the transient process, the change in current is given by
\[ I(t)=I_{\max }\left(1-\mathrm{e}^{-\frac{t}{\tau}}\right) \]
And \(\frac{I(t)}{I_{\max }}=99 \%\), therefore,
\[ t=\tau \ln 100=4.6 \tau \approx 2.17 \mathrm{~s} \]",\boxed{2.17},NV,,False,EN,Laws Application
3698,Mechanics and Thermodynamics,Thermodynamics,Second Law of Thermodynamics and Entropy,"An air conditioning device can be used to lower the indoor temperature. Essentially, it is a refrigerator that extracts heat from indoors (lower temperature) and releases it outdoors (higher temperature) through external work. Let the indoor temperature be \(T_{2}\), and the outdoor temperature be \(T_{1} > T_{2}\). The air conditioning unit operates on a reversible Carnot cycle, and its continuous power consumption is \(P \ (\mathrm{J/s})\). Heat enters indoors from outdoors through heat conduction, satisfying Newton's law \(Q = A(T_{1} - T_{2})\). Assuming constant outdoor temperature and uniform indoor temperature, express \(T_{2}\) in terms of \(T_{1}\), \(P\), and \(A\) for the continuously operating air conditioning device.","In equilibrium, the heat extracted by the air conditioning unit equals the heat entering indoors via heat conduction, so \(Q_{2} = A(T_{1} - T_{2})\), i.e.,

$$
\frac{T_{2}}{T_{1} - T_{2}} P = A(T_{1} - T_{2})
$$

Therefore,

$$
T_{2} = T_{1} + \frac{1}{2}\left(\frac{P}{A} \pm \sqrt{\left(\frac{P}{A}\right)^{2} + 4 T_{1} \frac{P}{A}}\right)
$$

According to the problem conditions \(T_{2} < T_{1}\), which can be interpreted physically as

$$
T_{2} = T_{1} + \frac{1}{2}\left(\frac{P}{A} - \sqrt{\left(\frac{P}{A}\right)^{2} + 4 T_{1} \frac{P}{A}}\right)
$$","\[
\boxed{T_{2} = T_{1} + \frac{1}{2}\left(\frac{P}{A} - \sqrt{\left(\frac{P}{A}\right)^{2} + 4 T_{1} \frac{P}{A}}\right)}
\]",EQ,,False,EN,Math Derivation
3704,Mechanics and Thermodynamics,Thermodynamics,Thermodynamic State and First Law of Thermodynamics,"An adiabatic piston divides a closed and adiabatic gas cylinder into two parts, A and B. Both sides contain an equal amount of monoatomic ideal gas, and the adiabatic index of the gas is $\gamma=\frac{5}{3}$. Initially, the volume, pressure, and temperature of the gas are $V_{0}$, $p_{0}$, and $T_{0}$, respectively. Now, the gas in A is slowly heated, causing the piston to move to the right, and the final pressure in B is $3 p_{0}$. Determine the increase in internal energy of the gas in B.","The increase in internal energy of the gas in B is
$$
\Delta U_{B}=\frac{3}{2} n R\left(T_{B}-T_{0}\right)=\frac{3}{2} p_{0} V_{0}\left(\frac{T_{B}}{T_{0}}-1\right)=\frac{3}{2} p_{0} V_{0}\left(3^{\frac{2}{5}}-1\right)
$$",\boxed{\frac{3}{2} p_{0} V_{0}\left(3^{\frac{2}{5}}-1\right)},NV,,False,EN,Laws Application
3706,Mechanics and Thermodynamics,Thermodynamics,Non-equilibrium Thermodynamics,"A tube with a length of \(2 \, \text{m}\) and a cross-sectional area of \(10^{-4} \, \text{m}^{2}\) is filled with \(\text{CO}_{2}\) gas under standard conditions. Half of the \(\text{CO}_{2}\) gas molecules contain the radioactive isotope \({ }^{14} \text{C}\). At time \(t=0\), the number density of the radioactive gas molecules decreases uniformly from the left end of the tube to the right end, where it reduces to zero at the open end. Given that the effective diameter of a \(\text{CO}_{2}\) molecule is \(d=3.67 \times 10^{-10} \, \text{m}\). Calculate how many grams of the radioactive gas diffuse through the cross-section of the tube per second initially.","Under standard conditions, the number density of \(\text{CO}_{2}\) gas molecules is \(n_{0}=2.69 \times 10^{25} / \text{m}^3\).  
Initially, the mass of the radioactive gas diffusing through the tube's cross-section per second is given by

\[ \frac{\mathrm{d} M}{\mathrm{d} t}=\frac{\mu}{N_{\mathrm{A}}}\left(\frac{\mathrm{d} N_{1}}{\mathrm{d} t}-\frac{\mathrm{d} N_{2}}{\mathrm{d} t}\right)=\frac{\mu}{N_{\mathrm{A}}} \frac{n_{0} \bar{\lambda} \bar{v}}{3 l} \Delta S=7.55 \times 10^{-10} \, \text{kg/s} \]  

where \(\mu\) is the molar mass of the radioactive \(\text{CO}_{2}\) gas, and \(N_{\mathrm{A}}\) is Avogadro's constant. \(\frac{\mathrm{d} M}{\mathrm{d} t}\) can also be calculated using Fick's law of diffusion. According to Fick's law,  

\[ \frac{\mathrm{d} M}{\mathrm{d} t}=-D \frac{\mathrm{d} \rho}{\mathrm{d} x} \Delta S=\frac{1}{3} \bar{v} \bar{\lambda} \frac{n_{0} \mu}{l N_{\mathrm{A}}} \Delta S=7.55 \times 10^{-10} \, \text{kg/s} \]  

where \(D=\frac{1}{3} \bar{v} \bar{\lambda}\) is the diffusion coefficient of the gas.",\boxed{7.55 \times 10^{-10}},NV,\text{kg/s},False,EN,Practical Application
3710,Mechanics and Thermodynamics,Thermodynamics,Second Law of Thermodynamics and Entropy,"Consider the following reversible cycle of a heat engine. The working substance is an ideal gas with a specific heat at constant volume $c_{\mathrm{v}}$. The process from $a \rightarrow b$ and $c \rightarrow d$ is isobaric, while the process from $b \rightarrow c$ and $d \rightarrow a$ is adiabatic. Determine $\max \left(T_{a}, T_{b}, T_{c}, T_{d}\right)$ and $\min \left(T_{a}, T_{b}, T_{c}, T_{d}\right)$.","From the state equation, we know $T_{b} > T_{a}, T_{c} > T_{d}$; from the adiabatic equation, we know $T_{b} > T_{c}, T_{a} > T_{d}$, so
$$
\begin{aligned}
& T_{b} = \max \left( T_{a}, T_{b}, T_{c}, T_{d} \right) \\
& T_{d} = \min \left( T_{a}, T_{b}, T_{c}, T_{d} \right)
\end{aligned}
$$","\boxed{T_{b}, T_{d}}","EX, EX","\text{None}, \text{None}",True,EN,Laws Application
3711,Mechanics and Thermodynamics,Thermodynamics,Thermodynamic State and First Law of Thermodynamics,"There is a closed adiabatic box in the atmosphere, with a volume of $V_{0}$. Initially, the box contains $\nu_{0}$ moles of air at a temperature of $T_{0}$ and a pressure of $p_{1}$. The temperature and pressure of the air outside the box are $T_{0}$ and $p_{0}$ respectively, with $p_{0} > p_{1}$. Assume that the air can be considered an ideal gas, and its molar specific heat capacity at constant volume, $c_{v}$, is constant. Derive the expression for the moles of air $\nu^{\prime}$ that flow into the box as $\nu^{\prime}=\left(\frac{p_{0} V_{0}}{R T_{0}}-\nu_{0}\right) \gamma$, where $\gamma=\frac{c_{\mathrm{p}}}{c_{\mathrm{v}}}$ is the adiabatic index.","In the equation, $\gamma=\frac{c_{p}+R}{c_{v}}$ is the ratio of specific heat capacities of air. From the equation of state for the final state of the air in the box:

$$
p_{0} V_{0}=\left(\nu_{0}+\nu^{\prime}\right) R T
$$

Substituting $T$ and solving, we obtain:

$$
\nu^{\prime}=\frac{\frac{p_{0} V_{0}}{R T_{0}}-\nu_{0}}{\gamma}
$$",\boxed{\nu^{\prime}=\frac{\frac{p_{0} V_{0}}{R T_{0}}-\nu_{0}}{\gamma}},EX,,False,EN,Math Derivation
3712,Mechanics and Thermodynamics,Thermodynamics,Second Law of Thermodynamics and Entropy,"An ideal Carnot engine \( R \) operates in a system consisting of two objects and a heat source. The masses of the two objects are \( m_{1} \) and \( m_{2} \), and their temperatures are \( T_{1} \) and \( T_{2} \) respectively. Both have a constant specific heat capacity \( c \). The temperature of the heat source is \( T_{0} \). Determine the total work output \( W \) of the engine when it has finished operating.","Let the heat absorbed by the engine from objects 1 and 2 be \( Q_{1} \) and \( Q_{2} \) respectively. The total work \( W \) output by the engine is given by

$$
W = Q_{1} + Q_{2} - Q
$$

Inserting the expressions

$$
\begin{aligned}
& Q_{1} = m_{1} c (T_{1} - T_{0}) \\
& Q_{2} = m_{2} c (T_{2} - T_{0})
\end{aligned}
$$

and the expression for \( Q \), we obtain

$$
W = m_{1} c (T_{1} - T_{0}) + m_{2} c (T_{2} - T_{0}) - m_{1} c T_{0} \ln \frac{T_{1}}{T_{0}} - m_{2} c T_{0} \ln \frac{T_{2}}{T_{0}}
$$",\boxed{m_{1} c\left(T_{1}-T_{0}\right)+m_{2} c\left(T_{2}-T_{0}\right)-m_{1} c T_{0} \ln \frac{T_{1}}{T_{0}}-m_{2} c T_{0} \ln \frac{T_{2}}{T_{0}}},EX,,False,EN,Laws Application
3714,Mechanics and Thermodynamics,Thermodynamics,Phase Transition and Equilibrium,"The properties of iron at high temperatures can be summarized as follows: Below $900^{\circ} \mathrm{C}$ and above $1400^{\circ} \mathrm{C}$, the $\alpha$ phase is stable. Given that the specific heat capacity of the $\alpha$ phase is $c_{\alpha}=0.775 \ \mathrm{J}/(\mathrm{g} \cdot \mathrm{K})$, calculate the entropy change $\Delta \mu^{\alpha}$.","As shown in Figure 4.11. The entire process can be considered as isobaric. Assume that the entropy in the $\alpha$ phase at $T_{1}$ is 0. Since $T \frac{\mathrm{d} S}{\mathrm{~d} T}=C$, we have

$$
S_{\alpha}=c_{\alpha} \ln \frac{T}{T_{1}}
$$

Calculate the change in chemical potential

$$
\Delta \mu^{\alpha}=\mu^{\alpha}\left(T_{2}\right)-\mu^{\alpha}\left(T_{1}\right)=-\int_{T_{1}}^{T_{2}} S_{\alpha} \, \mathrm{d}T =-c_{\alpha} T_{2} \ln \frac{T_{2}}{T_{1}}+c_{\alpha}\left(T_{2}-T_{1}\right)
$$",\boxed{-c_{\alpha} T_{2} \ln \frac{T_{2}}{T_{1}}+c_{\alpha}\left(T_{2}-T_{1}\right)},EX,,False,EN,Laws Application
3715,Mechanics and Thermodynamics,Thermodynamics,Thermodynamic State and First Law of Thermodynamics,"The experimental procedure conducted by Clement and Desormes to determine the adiabatic index $\gamma = \frac{c_{\mathrm{p}}}{c_{\mathrm{v}}}$ is as follows: (1) First, compress the gas in a container so that its pressure $p_{1}$ is slightly higher than the atmospheric pressure $p_{0}$; (2) Then, quickly open valve A and immediately close it, causing the gas in the container to undergo a quasi-static adiabatic expansion and reducing the pressure to $p_{0}$; (3) After some time, the temperature of the gas in the container returns to the same temperature as the atmosphere, at which point the gas pressure rises to $p_{2}$. Derive the formula for $\gamma$ in terms of $p_{0}$, $p_{1}$, and $p_{2}$.","Consider the initial mass of gas in the container to be $M$. After the valve is opened and immediately closed, let $\Delta M$ be the amount of gas that escapes through the valve, leaving a mass of $M-\Delta M$ in the container as the system of consideration. The transition from (1) $\rightarrow$ (2) is an adiabatic expansion process, and from (2) $\rightarrow$ (3) is an isochoric process. Selecting $T, p$ as state variables for the adiabatic process (1) $\rightarrow$ (2) and the isochoric process (2) $\rightarrow$ (3), we have:

$$
\begin{aligned}
p_{1}^{\frac{1}{\gamma}-1} T_{0} & =p_{0}^{\frac{1}{\gamma}-1} T_{2} \\
\frac{T_{2}}{T_{0}} & =\frac{p_{0}}{p_{2}}
\end{aligned}
$$

Combining these two equations, we find:

$$
\left(\frac{1}{\gamma}-1\right) \ln \frac{p_{1}}{p_{0}}=\ln \frac{p_{0}}{p_{2}}
$$

From this, we derive:

$$
\gamma=\frac{\ln p_{1}-\ln p_{0}}{\ln p_{1}-\ln p_{2}}
$$","\[
\boxed{\gamma = \frac{\ln p_{1} - \ln p_{0}}{\ln p_{1} - \ln p_{2}}}
\]",EQ,,False,EN,Math Derivation
3717,Mechanics and Thermodynamics,Thermodynamics,Second Law of Thermodynamics and Entropy,"In a cylindrical container, there is an ideal gas in thermodynamic equilibrium characterized by pressure $p$, volume $V$, temperature $T$, internal energy $U$, and entropy $S$. This cylindrical container is surrounded by a large heat reservoir at the same temperature $T$. The container walls and the piston are either completely conductive or completely adiabatic. The movement of the piston causes a small volume change of $\pm \Delta V$. ""Fast"" means that during the volume change, the speed of the piston greatly exceeds the molecular speed at temperature $T$. For the process of volume decrease $-\Delta V$, in the rapid and conductive case, specify whether the change in each quantity (after reaching equilibrium again) is positive, negative, or zero.

\begin{center}
\begin{tabular}{|c|c|c|c|}
\hline
$\Delta T$ & $\Delta U$ & $\Delta S$ & $\Delta p$ \\
\hline
 &  &  &  \\
\hline
 &  &  &  \\
\hline
 &  &  &  \\
\hline
 &  &  &  \\
\hline
 &  &  &  \\
\hline
\end{tabular}
\end{center}

\begin{center}
\begin{tabular}{|c|c|c|c|}
\hline
$\Delta T$ & $\Delta U$ & $\Delta S$ & $\Delta p$ \\
\hline
 &  &  &  \\
\hline
 &  &  &  \\
\hline
 &  &  &  \\
\hline
 &  &  &  \\
\hline
 &  &  &  \\
\hline
\end{tabular}
\end{center}

\begin{center}
\begin{tabular}{|c|c|c|c|c|}
\hline
 & $\Delta T$ & $\Delta U$ & $\Delta S$ & $\Delta p$ \\
\hline
1 & 0 & 0 & + & - \\
\hline
2 & - & - & 0 & - \\
\hline
3 & 0 & 0 & + & - \\
\hline
4 & 0 & 0 & + & - \\
\hline
5 & 0 & 0 & - & + \\
\hline
\end{tabular}
\end{center}","The results are the same as for an isothermal compression process, so $\Delta T=0, \Delta U=0, \Delta p>0, \Delta S<0$.","\boxed{\Delta T = 0, \Delta U = 0, \Delta p \in (0, \infty), \Delta S \in (-\infty, 0)}","EQ, EQ, IN, IN","None, None, None, None",True,EN,Laws Application
3719,Mechanics and Thermodynamics,Thermodynamics,Non-equilibrium Thermodynamics,"There is a cylindrical container with a cross-sectional area of $A$, closed at one end and connected to a piston at the other. Suppose at time $t = 0$, the system reaches equilibrium, with the pressure being $p_{0}$ and density $\rho_{0}$, and the length of the gas-filled cylinder being $L$. At this time, the external force acting on the piston is $f_{0} = p_{0} A$. For $t > 0$, the external force acting on the piston becomes $f(t) = f_0 \cos \omega t$, and changes with time in a cosine manner, causing a slight movement of the piston and a disturbance in the gas. Assume the piston has no mass, there is no friction with the container walls, and the gas is inviscid. Let $c$ be the speed of sound in the gas. Determine the speed of the piston's movement $v(t)$.","From the above derivation, we have

$$
\left.\tilde{v}(x)\right|_{x=0}=\frac{\mathrm{i} k}{\omega \rho_{0}} p_{0} \tan k L = \frac{\mathrm{i}}{c} \frac{p_{0}}{\rho_{0}} \tan \frac{\omega L}{c}
$$

Therefore,

$$
v(t) = \operatorname{Re}\left(\tilde{v}(0) \mathrm{e}^{\mathrm{i} \omega t}\right) = -\left(\frac{p_{0}}{c \rho_{0}} \tan \frac{\omega L}{c}\right) \sin \omega t
$$","\[
\boxed{-\frac{p_{0}}{c \rho_{0}} \tan \frac{\omega L}{c} \sin \omega t}
\]",EX,,False,EN,Math Derivation
3720,Mechanics and Thermodynamics,Thermodynamics,Phase Transition and Equilibrium,"Given that between $900^{\circ} \mathrm{C}$ and $1400^{\circ} \mathrm{C}$, the specific heat capacity for the phase transition $\alpha \rightarrow \gamma$ is $c_{\alpha}=0.775 \ \mathrm{J}/(\mathrm{g} \cdot \mathrm{K})$ and $c_{\gamma}=0.690 \ \mathrm{J}/(\mathrm{g} \cdot \mathrm{K})$. Assuming $\Delta \mu^{\alpha}=\Delta \mu^{\gamma}$, find the latent heats $L_{1}$ and $L_{2}$.","From $\Delta \mu^{\alpha}=\Delta \mu^{\gamma}$, we have:

$$
S_{1}=\left(\frac{T_{2}}{T_{2}-T_{1}} \ln \frac{T_{2}}{T_{1}}-1\right)\left(c_{\alpha}-c_{\gamma}\right)=1.60 \times 10^{-2} \ \mathrm{J}/(\mathrm{g} \cdot \mathrm{K})
$$

Therefore,

$$
\begin{gathered}
L_{1}=T_{1}\left(S_{\gamma}-S_{\alpha}\right)_{1}=S_{1} T_{1}=18.8 \ \mathrm{J}/\mathrm{g} \\
L_{2}=T_{2}\left(S_{\alpha}-S_{\gamma}\right)_{2}=\left(c_{\alpha}-c_{\gamma}\right) T_{2} \ln \frac{T_{2}}{T_{1}}-S_{1} T_{2}=23.7 \ \mathrm{J}/\mathrm{g}
\end{gathered}
$$","\boxed{18.8, 23.7}","NV, NV","\mathrm{J/g}, \mathrm{J/g}",True,EN,Laws Application
3721,Mechanics and Thermodynamics,Thermodynamics,Phase Transition and Equilibrium,"At a given temperature \( T \leqslant T_{\mathrm{c}} \), a substance has two phases, \( N \) and \( S \). Find the specific heat jump from \( N \) to \( S \) at \( H=0 \).","\[
C_{\mathrm{S}} - C_{\mathrm{N}} = T\left[\frac{\partial\left(S_{\mathrm{S}} - S_{\mathrm{N}}\right)}{\partial T}\right]_{H} = \mu_{0} T\left[\left(\frac{\partial H_{\mathrm{c}}}{\partial T}\right)^{2} + H_{\mathrm{c}} \frac{\partial^{2} H_{\mathrm{c}}}{\partial T^{2}}\right] = 2 \mu_{0} H_{0}^{2} \frac{T}{T_{\mathrm{c}}^{2}}\left[3\left(\frac{T}{T_{\mathrm{c}}}\right)^{2} - 1\right]
\]

At \( T = T_{\mathrm{c}} \), \( H_{\mathrm{c}} = 0 \), the specific heat jump from state \( N \) to state \( S \) in zero magnetic field is

\[
c_{\mathrm{S}} - c_{\mathrm{N}} = 4 \mu_{0} \frac{H_{0}^{2}}{T_{\mathrm{c}}}
\]",\boxed{4 \mu_{0} \frac{H_{0}^{2}}{T_{\mathrm{c}}}},EX,,False,EN,Math Derivation
3722,Mechanics and Thermodynamics,Thermodynamics,Thermodynamic Functions and Equilibrium Conditions,"Given a simple magnetic system, if the temperature \( T \) remains constant and the magnetic field changes from \( H \) to \( H+\Delta H \), the change in entropy \( \Delta S \) is expressed as:

$$
\Delta S=-\frac{C H \Delta H}{T^{2}}
$$

where \( C \) is a constant related to the characteristics of the system. Based on this formula, determine the relationship between the magnetization \( M \) and the temperature \( T \).","According to the problem statement,

$$
\left(\frac{\partial S}{\partial H}\right)_{T}=-\frac{C H}{T^{2}}
$$

Using the relation \(\mathrm{d} G=-S \mathrm{~d} T-\mu_{0} M \mathrm{~d} H\), we have

$$
\mu_{0}\left(\frac{\partial M}{\partial T}\right)_{H}=\left(\frac{\partial S}{\partial H}\right)_{T}
$$

Thus,

$$
\left(\frac{\partial M}{\partial T}\right)_{H}=-\frac{C H}{\mu_{0} T^{2}}
$$",\boxed{\left(\frac{\partial M}{\partial T}\right)_{H}=-\frac{C H}{\mu_{0} T^{2}}},EQ,,False,EN,Math Derivation
3725,Mechanics and Thermodynamics,Thermodynamics,Thermodynamic State and First Law of Thermodynamics,"Given $T_{1} = 4.2 \mathrm{~K}, T_{2} = 300 \mathrm{~K}, R = 0.95$, a plane with reflectivity $R$ is introduced between two infinitely large parallel blackbody planes. Find the equilibrium temperature $T_{3}$ and the ratio of the net energy flow $J^{*}$ relative to the energy flow $J$ without the ""thermal film.""","For $T_{1} = 4.2 \mathrm{~K}, T_{2} = 300 \mathrm{~K}, R = 0.95$, we have

$$
T_{3} = 252 \mathrm{~K}, \quad J^{*} / J = 0.025
$$","\boxed{T_{3} = 252, J^{*} / J = 0.025}","EQ, NV","\mathrm{K}, None",True,EN,Laws Application
3726,Mechanics and Thermodynamics,Thermodynamics,Non-equilibrium Thermodynamics,"A test tube of length \( L \) contains a sugar solution, and at time \( t=0 \) the concentration is given by the following equation:

\[ 
n(x, 0) = n_{0} + n_{1} \left\{ \cos \frac{\pi x}{L} + \frac{1}{9} \cos \frac{3 \pi x}{L} + \frac{1}{25} \cos \frac{5 \pi x}{L} \right\} 
\]

Assuming that \( n(x, t) \) follows the one-dimensional diffusion equation with a diffusion coefficient \( D \), write the diffusion equation for \( n(x, t) \).","The diffusion equation that \( n(x, t) \) follows is

\[
\frac{\partial n(x, t)}{\partial t} = D \frac{\partial^{2} n(x, t)}{\partial x^{2}}
\]

Since there is no particle flow at either end of the test tube, the boundary and initial conditions for \( n(x, t) \) are respectively:

\[
\begin{gathered}
\left.\left(\frac{\partial n}{\partial x}\right)\right|_{x=0} = \left.\left(\frac{\partial n}{\partial x}\right)\right|_{x=L} = 0 \\
n(x, 0) = n_{0} + n_{1} \left[ \cos \frac{\pi x}{L} + \frac{1}{9} \cos \frac{3 \pi x}{L} + \frac{1}{25} \cos \frac{5 \pi x}{L} \right]
\end{gathered}
\]","\boxed{\frac{\partial n(x, t)}{\partial t} = D \frac{\partial^{2} n(x, t)}{\partial x^{2}}}",EQ,,False,EN,Laws Application
3728,Mechanics and Thermodynamics,Thermodynamics,Thermodynamic State and First Law of Thermodynamics,"In a physics experiment, a large solenoid is made by winding a hollow rectangular wire. The cross-section of the wire is \(4 \, \mathrm{cm} \times 2 \, \mathrm{cm}\), with a hollow cooling channel of \(2 \, \mathrm{cm} \times 1 \, \mathrm{cm}\). Suppose this wire is wound in one layer totaling 100 turns, forming a solenoid with a total length of 4 meters and a diameter of 3 meters. Ignore the effect of the steel being far from the saturation magnetization point. What is the magnetic pressure acting on the coil?","Magnetic pressure
\[ p=\frac{B^{2}}{2 \mu_{0}}=\frac{(0.25)^{2}}{2\left(4 \pi \times 10^{-7}\right)}=2.49 \times 10^{4}\left(\mathrm{~N} / \mathrm{m}^{2}\right) \]",\boxed{2.49 \times 10^{4}},NV,,False,EN,Knowledge Recall
3731,Mechanics and Thermodynamics,Thermodynamics,Second Law of Thermodynamics and Entropy,"An ideal Carnot engine $R$ operates within a system consisting of two objects and a heat reservoir. The masses of the two objects are $m_{1}$ and $m_{2}$, and their temperatures are $T_{1}$ and $T_{2}$, respectively. Both objects have a specific heat capacity that is a constant $c$. The temperature of the heat reservoir is $T_{0}$. Assume $T_{1} > T_{0} > T_{2}$. The Carnot engine operates between object 1 and the heat reservoir $T_{0}$. What are the amounts of heat $Q^{\prime}$ received by the heat reservoir and the work $W_{1}$ done by the engine $R$ on the surroundings?","Let the Carnot engine operate between object 1 and the heat reservoir $T_{0}$. During the operation of the engine $R$, it absorbs heat from object 1 until the temperature of object 1 decreases to $T_{0}$. When the temperature of object 1 is $T$, the engine $R$ absorbs an amount of heat $\mathrm{d} Q_{1}=-m_{1} c \mathrm{d} T(\mathrm{d} T<0)$ from object 1. Let the amount of heat released into the heat reservoir $T_{0}$ be $\mathrm{d} Q^{\prime}$. According to the Clausius equality:

$$
\frac{\mathrm{d} Q_{1}}{T}=\frac{\mathrm{d} Q^{\prime}}{T_{0}}
$$

Integrating $\mathrm{d} Q^{\prime}$ gives the heat $Q^{\prime}$ received by the heat reservoir as:

$$
Q^{\prime}=-m_{1} c T_{0} \int_{T_{1}}^{T_{0}} \frac{\mathrm{d} T}{T}=m_{1} c T_{0} \ln \frac{T_{1}}{T_{0}}
$$

The work $W_{1}$ done by the engine $R$ is:

$$
W_{1}=Q_{1}-Q^{\prime}=m_{1} c\left(T_{1}-T_{0}\right)-m_{1} c T_{0} \ln \frac{T_{1}}{T_{0}}
$$","\boxed{m_{1} c T_{0} \ln \frac{T_{1}}{T_{0}}, m_{1} c\left(T_{1}-T_{0}\right)-m_{1} c T_{0} \ln \frac{T_{1}}{T_{0}}}","EX, EX","\text{Joules, Joules}",True,EN,Laws Application
3734,Mechanics and Thermodynamics,Thermodynamics,Non-equilibrium Thermodynamics,"Between two concentric cylinders with radii $a$ and $b$, where $a < b$, and length $L$, is filled with a gas of viscosity $\eta$ to be measured. The outer cylinder rotates about its axis with angular velocity $\omega$. Due to the viscosity of the gas, the inner cylinder twists and is held stationary by the torsional torque of a quartz fiber, where the torsional constant of the quartz fiber is $D$. Assume that at a certain position $r$ between the inner and outer cylinders, the velocity gradient in the tangential direction of the gas is $\mathrm{d} v / \mathrm{~d} r$, with angular velocity $v(r)$. The experiment measures the twisting angle of the quartz fiber as $\varphi$. Calculate:

(1) The tangential velocity $v(r)$ and the velocity gradient $\mathrm{d} v / \mathrm{~d} r$ of the gas at $r$.","Consider the forces acting on the gas on the lateral surface of a cylinder with radius $r$ between the inner and outer cylinders. According to Newton's law of viscosity, the tangential pressure on the cylindrical surface of the gas is

$$
p(r) = \eta \frac{\mathrm{d} v}{\mathrm{~d} r}
$$

The tangential force is given by

$$
F(r) = 2 \pi r L p(r) = 2 \pi L \eta r \frac{\mathrm{~d} v}{\mathrm{~d} r}
$$

The viscous torque exerted by the gas is 

$$
G = r F(r) = 2 \pi L \eta r^{2} \frac{\mathrm{~d} v}{\mathrm{~d} r}
$$

The viscous torque $G$ acts on the inner cylinder and is equal in magnitude (but opposite in direction) to the torsional torque exerted by the quartz fiber $D \varphi$, making the inner cylinder stationary. Thus, we have

$$
G = D \varphi = 2 \pi L \eta r^{2} \frac{\mathrm{~d} v}{\mathrm{~d} r}
$$

or

$$
\mathrm{d} v = \frac{D \varphi}{2 \pi L \eta} \frac{\mathrm{~d} r}{r^{2}}
$$

Integrate this expression with respect to $r$ from $a$ to $r$, and the limits for $v$ are from 0 to $v(r)$, i.e.,

$$
\int_{0}^{v(r)} \mathrm{d} v = \frac{D \varphi}{2 \pi L \eta} \int_{a}^{r} \frac{\mathrm{~d} r}{r^{2}}
$$

Upon integrating, we obtain

$$
v(r) = \frac{D \varphi}{2 \pi L \eta}\left(\frac{1}{a} - \frac{1}{r}\right) = \frac{D \varphi}{2 \pi a L \eta}\left(1 - \frac{a}{r}\right)
$$

Finally, the tangential velocity of the gas at $r$ is

$$
v(r) = \frac{D \varphi}{2 \pi a L \eta}\left(1 - \frac{a}{r}\right) = \frac{\omega b^{2}}{b-a}\left(1 - \frac{a}{r}\right)
$$

and its gradient is

$$
\frac{\mathrm{d} v}{\mathrm{~d} r} = \frac{a b^{2} \omega}{b-a} \frac{1}{r^{2}}
$$","\boxed{v(r) = \frac{\omega b^{2}}{b-a}\left(1 - \frac{a}{r}\right), \frac{\mathrm{d} v}{\mathrm{~d} r} = \frac{a b^{2} \omega}{b-a} \frac{1}{r^{2}}}","EQ, EX","\text{None}, \text{None}",True,EN,Math Derivation
3737,Mechanics and Thermodynamics,Thermodynamics,Second Law of Thermodynamics and Entropy,"A uniform copper rod, with a mass of $m = 1.0 \, \mathrm{kg}$ and a constant pressure specific heat capacity of $c_{p} = 385 \, \mathrm{J}/(\mathrm{kg} \cdot \mathrm{K})$, has an initial temperature of $T_{1} = 400 \, \mathrm{K}$ at its left end and $T_{2} = 300 \, \mathrm{K}$ at its right end. The side surface of the rod is thermally insulated from the surroundings. The two ends of the rod are in contact with two heat reservoirs at $T_{1} = 400 \, \mathrm{K}$ and $T_{2} = 300 \, \mathrm{K}$, respectively, allowing heat conduction. Calculate the change in entropy of the heat reservoir system.","Initially, the rod is in a steady state, and its state remains unchanged over time. Heat flows from the high-temperature reservoir $T_{1}$ to the low-temperature reservoir $T_{2}$. The entropy of the rod remains unchanged, i.e.:

$$
\Delta S_{\text{rod}} = 0
$$

If an amount of heat $Q$ flows from $T_{1}$ to $T_{2}$, the entropy change of the reservoirs is given by:

$$
\Delta S = \frac{Q}{T_{2}} - \frac{Q}{T_{1}}
$$

The total entropy change of the rod and heat reservoirs is:

$$
\Delta S = Q\left(\frac{1}{T_{2}} - \frac{1}{T_{1}}\right) > 0
$$

This also aligns with the principle of increasing entropy.",\boxed{\Delta S = Q\left(\frac{1}{T_{2}} - \frac{1}{T_{1}}\right)},EQ,,False,EN,
3740,Mechanics and Thermodynamics,Thermodynamics,Phase Transition and Equilibrium,"A wire loop with a perimeter of \( L \) is placed on a liquid film. The wire has a cross-sectional area of \( A \) and a Young's modulus of elasticity \( E \). When the liquid film inside the wire loop ruptures, the wire is pulled tight into a circle with a radius of \( R \). Use the method of integration to find the surface tension coefficient \( \sigma \) of the liquid film.","(2) Method of integration: Consider the half of the stretched wire circle \( ABC \) as the object of study. The elastic force \( F \) at ends \( A \) and \( C \) have the same direction and their magnitude is:

\[
F = E A \frac{2 \pi R - L}{L}
\]

See Figure 4.13(d). Take a segment of wire of length \(\mathrm{d} L\), which experiences a surface tension \(\mathrm{d} f = 2 \sigma R \mathrm{~d} \theta\). This tension can be resolved into components along the diameter \( AOC \) and perpendicular to \( AOC \) as \(\mathrm{d} f_{\parallel}\) and \(\mathrm{d} f_{\perp}\), respectively:

\[
\begin{gathered}
f_{\parallel} = \int_{ABC} \mathrm{~d} f_{\parallel} = 0 \\
f_{\perp} = \int_{ABC} \mathrm{~d} f_{\perp} = \int_{0}^{\pi} 2 \sigma R \sin \theta \mathrm{~d} \theta = 4 \sigma R
\end{gathered}
\]

According to the mechanical equilibrium condition \( 2 F = f_{\perp}\), we obtain:

\[
\sigma = \frac{A E}{2 R}\left(\frac{2 \pi R}{L} - 1\right)
\]","\[
\boxed{\frac{A E}{2 R}\left(\frac{2 \pi R}{L} - 1\right)}
\]",EX,,False,EN,Math Derivation
3746,Mechanics and Thermodynamics,Thermodynamics,Thermodynamic Functions and Equilibrium Conditions,"For a new substance, its equation of state is given by:

$$
p = \frac{A T^{s}}{V}
$$

and the internal energy is

$$
U = B T^{n} \ln \left(\frac{V}{V_{0}}\right) + f(T)
$$

where $B$ and $n$ are constants, $f(T)$ depends only on temperature, and $V_{0}$ is also a constant. Determine $B$ and $n$ using the condition of total differential.","From the condition of total differential

$$
\frac{\partial}{\partial T}\left(\frac{B T^{n-1} + A T^{s}}{V}\right) = \frac{\partial}{\partial V}\left[\frac{f^{\prime}(T)}{T} + n B T^{n-1} \ln \frac{V}{V_{0}}\right]
$$

we have

$$
s A T^{s-1} - B T^{n-2} = 0
$$

Thus, $n = 3, B = 2A$.\\
$$
\begin{array}{|c|c|}
\hline
\text{Some sample data} & \text{Values} \\
\hline
\text{Param 1} & 123 \\
\text{Param 2} & 456 \\
\hline
\end{array}
$$

Figure 3.1\\","\boxed{n=3, B=2A}",EQ,"None, A",True,EN,Math Derivation
3749,Mechanics and Thermodynamics,Thermodynamics,Phase Transition and Equilibrium,"The formation of a foehn wind. Moist air adiabatically continues to flow up a mountain slope, then descends along the slope after crossing the summit. Meteorological stations at $H_{0}$ and $H_{3}$ both measure atmospheric pressure at $10^{5} \mathrm{~Pa}$. At $H_{0}$, the air temperature is $20^{\circ} \mathrm{C}$; as the air rises to $H_{1}$, the measured pressure is $8.45 \times 10^{4} \mathrm{~Pa}$, and clouds begin to form. Assume the air can be regarded as an ideal gas, and the effects of water vapor on the air's specific heat capacity and density can be ignored. The specific heat capacity of air is $c_{\mathrm{p}}=1.005 \mathrm{~kJ} \cdot \mathrm{~kg}^{-1} \cdot \mathrm{~K}^{-1}$, the latent heat of vaporization of water is $l=2500 \mathrm{~kJ} \cdot \mathrm{~kg}^{-1}$, and $\gamma=c_{\mathrm{p}} / c_{\mathrm{v}}=1.4$.

(1) Find the air temperature $T_{1}$ at the bottom of the cloud layer at height $H_{1}$.","The air temperature $T_{1}$ at the bottom of the cloud layer at $H_{1}$. It can be considered that the air adiabatically rises from $H_{0}$ to $H_{1}$. From the adiabatic process equation, we can obtain:

$$
T_{1}=T_{0}\left(\frac{p_{0}}{p_{1}}\right)^{\frac{\gamma-1}{\gamma}}=279 \mathrm{~K}
$$",\boxed{279},NV,\mathrm{K},False,EN,Laws Application
3751,Mechanics and Thermodynamics,Thermodynamics,Phase Transition and Equilibrium,"The following data is applicable for the triple point of \( \mathrm{H}_{2}\mathrm{O} \): Temperature at \(0.01^{\circ} \mathrm{C}\), pressure at 4.6 mmHg, specific volume of the solid state at \(1.12 \, \text{cm}^{3}/\text{g}\), specific volume of the liquid state at \(1.00 \, \text{cm}^{3}/\text{g}\), heat of fusion \(80 \, \text{cal}/\text{g}\), and heat of vaporization \(600 \, \text{cal}/\text{g}\).
(3) Calculate the variation of the latent heat ratio \(\mathrm{d}L/\mathrm{d}T\) with temperature at a point \((p, T)\) on the phase equilibrium line. Express the result using \(L\), specific heat capacity \(c_{p}\), expansion coefficient \(\alpha\), and the specific volume \(v\) of each phase at initial temperature \(T\) and pressure \(p\).","(3) From \(L = T\left(S_{1} - S_{2}\right)\), we have

\[
\frac{\mathrm{d}L}{\mathrm{d}T} = \frac{L}{T} + T\left(\frac{\mathrm{d}S_{1}}{\mathrm{d}T} - \frac{\mathrm{d}S_{2}}{\mathrm{d}T}\right)
\]

And \(\mathrm{d}S_{1} = \frac{c_{\mathrm{p},1}}{T} \mathrm{d}T - \alpha_{1}v_{1} \mathrm{d}p\), where \(\alpha_{1} = \frac{1}{v_{1}}\left(\frac{\partial v_{1}}{\partial T}\right)_{p}\), thus

\[
\frac{\mathrm{d}L}{\mathrm{d}T} = \frac{L}{T} + \left(c_{\mathrm{p},1}-c_{\mathrm{p},2}\right) - \left(\alpha_{1} v_{1} - \alpha_{2} v_{2}\right)T \frac{\mathrm{d}p}{\mathrm{d}T}
\]

Using \(\mathrm{d}p/\mathrm{d}T = \frac{L}{T\left(v_{1} - v_{2}\right)}\), we can obtain

\[
\frac{\mathrm{d}L}{\mathrm{d}T} = \frac{L}{T} + \left(c_{\mathrm{p},1} - c_{\mathrm{p},2}\right) - \left(\alpha_{1} v_{1} - \alpha_{2} v_{2}\right) \frac{L}{v_{1} - v_{2}}
\]","\boxed{\frac{\mathrm{d}L}{\mathrm{d}T} = \frac{L}{T} + \left(c_{\mathrm{p},1} - c_{\mathrm{p},2}\right) - \left(\alpha_{1} v_{1} - \alpha_{2} v_{2}\right) \frac{L}{v_{1} - v_{2}}}",EQ,,False,EN,Math Derivation
3752,Mechanics and Thermodynamics,Thermodynamics,Phase Transition and Equilibrium,"In a scientific expedition, scientists discovered a deep, crater-like depression on a 2.0 km thick ice cap, forming an inverted cone with a depth of \( h = 100 \, \mathrm{m} \) and radius \( r = 500 \, \mathrm{m} \). It is hypothesized that a minor volcanic eruption occurred beneath the ice cap, with a small amount of magma (molten rock) intruding into the base of the ice cap, solidifying and cooling down, thereby melting a certain volume of ice.

Assume the ice moves only vertically, and the magma initially has a temperature of \( 1200^{\circ}\mathrm{C} \), being fully melted. Also, assume the shape of the magma intrusion is a cone, with its base directly beneath the inverted conical depression on the ice cap. The time of magma rise is very short compared to the thermal exchange time in the process. Assume the heat flow is predominantly vertical, so at any moment, the volume of ice melted is bounded by the conical surface, with its center directly above the center of intruded magma.

Under these assumptions, the melting of the ice can be divided into two steps: first, the pressure imbalance on the magma surface causes water to flow away, with the temperature of the flowing water assumed to be \( 0^{\circ}\mathrm{C} \). Then, once the hydrostatic equilibrium is gradually reached, water accumulates above the intruded magma without flowing away.

When thermal equilibrium is achieved, find:
(a) The height \( H \) of the water conical body formed below the ice cap relative to the original base of the ice cap;
(b) The height of the intruded magma;
(c) The total mass of the produced water and the mass of the water that has flowed away.

Density of water: \( \rho_{W} = 1.00 \times 10^{3} \, \mathrm{kg/m}^{3} \);  
Density of ice: \( \rho_{i} = 0.917 \times 10^{3} \, \mathrm{kg/m}^{3} \);  
Latent heat of ice: \( L_{i} = 3.4 \times 10^{5} \, \mathrm{J/kg} \);  
Density of rock and magma: \( \rho_{r} = 2.9 \times 10^{3} \, \mathrm{kg/m}^{3} \);  
Specific heat capacity of rock and magma: \( c_{r} = 700 \, \mathrm{J/(kg \cdot {}^{\circ}\mathrm{C})} \);  
Latent heat of rock and magma: \( L_{r} = 4.2 \times 10^{5} \, \mathrm{J/kg} \).","(a) The volume of the conical depression is \( V_{1} = \frac{1}{3} \pi r^{2} h \). Given \( h = 100 \, \mathrm{m} \), radius \( r = 500 \, \mathrm{m} \). Assume the height of the magma intrusion is \( h_{1} \), and the height of the water apex is \( H \), solving from (3) gives

\[ H = \frac{\rho_{i}}{\Delta \rho} h = 1.105 \times 10^{3} \, \mathrm{m} \]

(b) The total volume of melted ice is

\[ V = V_{1} + V_{2} = \frac{1}{3} \pi r^{2}(h+H) \]

The heat required to melt the ice comes from the heat released by the magma upon cooling and solidification, according to the energy balance equation

\[ \frac{1}{3} \pi r^{2} h_{1} \rho_{r}\left(c_{r} \Delta T + L_{r}\right) = \frac{1}{3} \pi r^{2}(h+H) \rho_{i} L_{i} \]

From this, we solve for

\[ h_{1} = \frac{(h+H) \rho_{i} L_{i}}{\rho_{r}\left(c_{r} \Delta T + L_{r}\right)} \]

Where \( \Delta T = 1200^{\circ} \mathrm{C} \), \( H = 1.105 \times 10^{3} \, \mathrm{m} \). Substituting the other data, we find

\[ h_{1} = 103 \, \mathrm{m} \]

(c) The total mass of the melted ice is

\[ m_{\text{total}} = \frac{1}{3} \pi r^{2}(h+H) \rho_{i} = 2.89 \times 10^{11} \, \mathrm{kg} \]

The mass of water remaining in the interlayer

\[ m = \frac{1}{3} \pi r^{2}\left(H-h_{1}\right) \rho_{W} = 2.62 \times 10^{11} \, \mathrm{kg} \]

Thus, the mass of the water that has flowed away is

\[ m^{\prime} = m_{\text{total}} - m = 2.7 \times 10^{10} \, \mathrm{kg} \]","\boxed{1.105 \times 10^{3}, 103, 2.89 \times 10^{11}, 2.7 \times 10^{10}}","NV, NV, NV, NV","\mathrm{m}, \mathrm{m}, \mathrm{kg}, \mathrm{kg}",True,EN,Practical Application
3753,Mechanics and Thermodynamics,Thermodynamics,Phase Transition and Equilibrium,"At a given temperature \( T \leqslant T_{\mathrm{c}} \), a substance has two phases, \( N \) and \( S \). Determine the latent heat of the phase transition from \( N \) to \( S \) when \( H \leqslant H_{0} \).","Since

\[
S = -\left(\frac{\partial G}{\partial T}\right)_{H}
\]

therefore,

\[
L = T\left(S_{\mathrm{N}} - S_{\mathrm{S}}\right) = T \cdot \left[\frac{\partial\left(G_{\mathrm{S}}-G_{\mathrm{N}}\right)}{\partial T}\right]_{H} = 2 \mu_{0} H_{0}^{2}\left(\frac{T}{T_{\mathrm{c}}}\right)^{2} \cdot \left[1-\left(\frac{T}{T_{\mathrm{c}}}\right)^{2}\right]
\]","\[
\boxed{2 \mu_{0} H_{0}^{2}\left(\frac{T}{T_{\mathrm{c}}}\right)^{2} \left[1-\left(\frac{T}{T_{\mathrm{c}}}\right)^{2}\right]}
\]",EX,,False,EN,Math Derivation
3756,Mechanics and Thermodynamics,Thermodynamics,Second Law of Thermodynamics and Entropy,"A capacitor's capacity is highly sensitive to temperature. It undergoes the following cycle: (i) It contacts a large heat reservoir at a temperature of \( T_{1} \) and is slowly charged to a charge amount of \( q_{1} \), at which point the voltage is \( V_{1} \). During this process, the capacitor absorbs heat \( Q_{1} \); (ii) The capacitor is disconnected from the large heat reservoir but continues to charge until the voltage reaches \( V_{2} \), with the temperature now at \( T_{2} \); (iii) It maintains the temperature at \( T_{2} \) and is slowly discharged; (iv) It is disconnected from the large heat reservoir at temperature \( T_{2} \) and fully discharged back to its initial state at temperature \( T_{1} \). Find the total work done throughout the entire cycle.","The entire cycle can be regarded as a reversible Carnot cycle. Processes (i) and (iii) are isothermal processes; processes (ii) and (iv) are isentropic (adiabatic) processes, as shown in Figure 2.9. The work done by the external system during the entire cycle is

$$
W=Q_{\text{out}}-Q_{\text{in}}=T_{2}\left|\Delta S_{2}\right|-T_{1}\left|\Delta S_{1}\right|
$$

The total entropy change throughout the cycle is 0, so

$$
\Delta S_{1}+\Delta S_{2}=0, \quad\left|\Delta S_{1}\right|=\left|\Delta S_{2}\right|
$$

And since \( T_{1}\left|\Delta S_{1}\right|=Q_{1} \), it follows that

$$
W=Q_{1}\left(\frac{T_{2}}{T_{1}}-1\right)
$$

$$
<image 1>
$$

Figure 2.9",\boxed{Q_{1}\left(\frac{T_{2}}{T_{1}}-1\right)},EX,,False,EN,Laws Application
3762,Mechanics and Thermodynamics,Thermodynamics,Non-equilibrium Thermodynamics,"The wall of a house is made of cement, with a thickness of \(2 \, \text{cm}\) and a thermal conductivity of \(0.29 \, \text{W/m} \cdot {^\circ} \text{C}\). If the indoor air temperature is \(20^\circ \text{C}\) and the outdoor atmospheric temperature is \(-5^\circ \text{C}\), find the heat flux density per square meter.","Let the temperature at the interface between the cement and the brick be \(\theta\), with the indoor temperature \(t_{2}=20^\circ \text{C}\) and the atmospheric temperature \(t_{1}=-5^\circ \text{C}\).

According to the continuity of heat transfer, the heat flux \(q\) through the wall (i.e., the amount of heat passing vertically through the wall per unit time) is equal everywhere. From Fourier's law of heat conduction, we have

\[
q = \kappa_{1} \frac{\theta - t_{1}}{d_{1}}
\]

and

\[
\theta - t_{1} = q \frac{d_{1}}{\kappa_{1}}
\]

For the cement layer, the final heat flux density \(q\) is calculated as:

\[
q = \left(t_{2} - t_{1}\right)\left( \frac{d_{1}}{\kappa_{1}} \right)^{-1}
\]

Therefore, the heat flux density through the wall per square meter is \(q = 114 \, \text{W/m}^2\).",\boxed{114},NV,\text{W/m}^2,False,EN,Laws Application
3765,Mechanics and Thermodynamics,Thermodynamics,Second Law of Thermodynamics and Entropy,"An ideal Carnot engine \( R \) operates within a system consisting of two objects and a heat source. The masses of the two objects are \( m_{1} \) and \( m_{2} \), and their temperatures are \( T_{1} \) and \( T_{2} \), respectively. Both objects have a constant specific heat capacity \( c \), and the temperature of the heat source is \( T_{0} \). The Carnot engine works between the heat source \( T_{0} \) and object 2. Find the amount of heat released by the heat source \( Q^{\prime \prime} \) and the work done \( W_{2} \) by the engine \( R \) on the surroundings.","The engine \( R \) now operates between the heat source \( T_{0} \) and object 2. The engine \( R \) absorbs heat \( Q^{\prime \prime} \) from the heat source \( T_{0} \), does work \( W_{2} \) on the surroundings, and transfers heat \( Q_{2} \) to object 2, raising its temperature to \( T_{0} \). The engine \( R \) then stops operating. Following the above discussion, the heat released by the heat source \( Q^{\prime \prime} \) and the work done \( W_{2} \) by the engine are given by:

\[
\begin{gathered}
Q^{\prime \prime} = m_{2} c T_{0} \ln \frac{T_{0}}{T_{2}} \\
W_{2} = Q^{\prime \prime} - Q_{2} = m_{2} c T_{0} \ln \frac{T_{0}}{T_{2}} - m_{2} c (T_{0} - T_{2})
\end{gathered}
\]","\boxed{m_{2} c T_{0} \ln \frac{T_{0}}{T_{2}}, m_{2} c T_{0} \ln \frac{T_{0}}{T_{2}}-m_{2} c\left(T_{0}-T_{2}\right)}","EX, EX","\text{J}, \text{J}",True,EN,Laws Application
3767,Mechanics and Thermodynamics,Thermodynamics,Non-equilibrium Thermodynamics,"There is a cylindrical container with a cross-sectional area \( A \), closed at one end and connected to a piston at the other end. At time \( t = 0 \), the system reaches equilibrium with a pressure of \( p_0 \), density \( \rho_0 \), and the cylinder length filled with gas is \( L \). At this moment, the external force acting on the piston is \( f_0 = p_0 A \). For \( t > 0 \), the external force acting on the piston changes as \( f(t) = f_0 \cos \omega t \) with time, causing slight motion of the piston and disturbance within the gas. Assume the piston is massless, frictionless with the walls, and the gas is non-viscous. Let \( c \) be the speed of sound in the gas. Determine the spatial distribution of pressure in the gas \(\widetilde{p}(x)\).","Treat the gas as an ideal fluid, with macroscopic movement. Use a coordinate system with the equilibrium point as the origin. Let the macroscopic velocity of gas movement be \( v(x, t) \) and the pressure in the gas be \( p(x, t) \). Since \( f(t) \) varies cosinusoidally with a frequency of \( \omega \), the resulting \( v(x, t) \) and \( p(x, t) \) must also have a frequency of \( \omega \) and a wave vector \( k = \omega/c \). We can express

$$
f(t) = \operatorname{Re} f_{0} \mathrm{e}^{\mathrm{i} \omega t}, 
p = \operatorname{Re} \widetilde{p}(x) \mathrm{e}^{\mathrm{i} \omega t}
$$

From the boundary condition of \( p \), we get

$$
\widetilde{p}(x) = \frac{f_{0}}{A} \cos k x + \lambda \sin k x
$$

where \( \lambda \) is to be determined.",\boxed{\widetilde{p}(x) = \frac{f_{0}}{A} \cos k x + \lambda \sin k x},EX,,False,EN,Math Derivation
3773,Mechanics and Thermodynamics,Thermodynamics,Second Law of Thermodynamics and Entropy,"A capacitor whose capacitance is highly sensitive to temperature undergoes the following cycle: (i) it comes into contact with a large heat reservoir at a temperature \(T_{1}\) and is slowly charged to a charge amount \(q_{1}\), with a corresponding voltage \(V_{1}\), during which the capacitor absorbs heat \(Q_{1}\); (ii) it is disconnected from the large heat reservoir but continues to be charged to a voltage \(V_{2}\), at which point the temperature is \(T_{2}\); (iii) it maintains a temperature of \(T_{2}\) and slowly discharges; (iv) it is disconnected from the large heat reservoir at temperature \(T_{2}\) and fully discharges, returning to its initial state at temperature \(T_{1}\). How much heat does the capacitor release in process (iii)?",The heat released \(Q_{\text{released}}=T_{2}\left|\Delta S_{2}\right|=\frac{T_{2}}{T_{1}} T_{1}\left|\Delta S_{2}\right|=\frac{T_{2}}{T_{1}} T_{1}\left|\Delta S_{1}\right|=\frac{T_{2}}{T_{1}} Q_{1}\),\boxed{\frac{T_{2}}{T_{1}} Q_{1}},EX,,False,EN,Laws Application
3775,Mechanics and Thermodynamics,Thermodynamics,Non-equilibrium Thermodynamics,"A cylindrical container with a cross-section of \( A \) is closed at one end and connected to a piston at the other. At time \( t = 0 \), the system is in equilibrium with a pressure \( p_{0} \), density \( \rho_{0} \), and the length of the cylinder filled with gas is \( L \). At this moment, the external force acting on the piston is \( f_{0} = p_{0} A \). For \( t > 0 \), the external force acting on the piston varies with time as \( f(t) = f_0 \cos \omega t \), causing slight motion of the piston and disturbance within the gas. Assume the piston is massless and frictionless with the wall, and the gas is non-viscous. Let \( c \) be the speed of sound in the gas. Find the spatial distribution of the macroscopic velocity of the gas, \(\tilde{v}(x)\).","The macroscopic motion of the fluid satisfies the Euler equation

$$
\rho_{0} \frac{\partial v}{\partial t} = -\frac{\partial p}{\partial x}
$$

where \( \rho_{0} \) is the average density. Since both \( v(x, t) \) and \( p(x, t) \) satisfy the wave equation with a propagation speed of \( c \), we can express

$$
v = \operatorname{Re} \tilde{v}(x) \mathrm{e}^{\mathrm{i} \omega t}
$$

Therefore,

$$
\tilde{v}(x) = \frac{\mathrm{i} k}{\omega \rho_{0}} \left(-p_{0} \sin k x + \lambda \cos k x\right)
$$

where \( p_{0}=\frac{f_{0}}{A} \). Using the boundary condition \( v(L)=0 \), we find \(\lambda = p_{0} \tan k L\).",\boxed{\tilde{v}(x) = \frac{\mathrm{i} k}{\omega \rho_{0}} \left(-\frac{f_{0}}{A} \sin k x + \frac{f_{0}}{A} \tan k L \cos k x\right)},EX,,False,EN,Math Derivation
3777,Mechanics and Thermodynamics,Thermodynamics,Second Law of Thermodynamics and Entropy,"An ideal Carnot engine \( R \) operates within a system composed of two objects and a heat reservoir. The masses of the two objects are \( m_{1} \) and \( m_{2} \), with temperatures \( T_{1} \) and \( T_{2} \), respectively, and both have a constant specific heat capacity \( c \). The temperature of the heat reservoir is \( T_{0} \). Find the amount of heat \( Q \) absorbed by the heat reservoir when the engine has completed its operation.","The engine ceases operation when the temperatures of both object 1 and object 2 are equal to the temperature of the heat reservoir \( T_{0} \). Let \( Q \) denote the heat absorbed by the reservoir. The changes in entropy for the objects, the reservoir, and the engine are, respectively:

$$
\begin{gathered}
\Delta S_{1} = m_{1} c \int_{T_{1}}^{T_{0}} \frac{\mathrm{d} T}{T} = m_{1} c \ln \frac{T_{0}}{T_{1}} \\
\Delta S_{2} = m_{2} c \int_{T_{2}}^{T_{0}} \frac{\mathrm{d} T}{T} = m_{2} c \ln \frac{T_{0}}{T_{2}} \\
\Delta S_{0} = \frac{Q}{T_{0}} \\
\Delta S_{\text{engine}} = 0
\end{gathered}
$$

The engine operates within the system as a reversible adiabatic process, thus the total entropy change of the engine and the system equals zero, hence

$$
\Delta S = \Delta S_{1} + \Delta S_{2} + \Delta S_{0} + \Delta S_{\text{engine}} = 0
$$

Substituting the \( \Delta S_{i} \) values, we have

$$
Q = m_{1} c T_{0} \ln \frac{T_{1}}{T_{0}} + m_{2} c T_{0} \ln \frac{T_{2}}{T_{0}}
$$",\boxed{m_{1} c T_{0} \ln \frac{T_{1}}{T_{0}} + m_{2} c T_{0} \ln \frac{T_{2}}{T_{0}}},EX,,False,EN,Laws Application
3781,Mechanics and Thermodynamics,Thermodynamics,Thermodynamic Functions and Equilibrium Conditions,"A cylindrical container is divided into two equal volume parts by a fixed piston. The left side is filled with 1 mol of neon gas, at a pressure of 4 atm and a temperature of 300 K; the right side is filled with argon gas, at a pressure of 1 atm and a temperature of 300 K. The gases can be treated as ideal gases. The entire system is adiabatically insulated from the surroundings, and the specific heat of the container and piston is \(c\) (where \(c\) is a constant). Now, let the piston slide frictionlessly along the cylindrical container. Due to dissipation, the piston eventually comes to rest at an equilibrium position. Calculate the change in entropy of the system.","The change in entropy of the system:

\[
\Delta S = N_{\mathrm{Ne}} R \ln \left(\frac{V_{\mathrm{Ne}}}{V_{1}}\right)_{\mathrm{Ne}} + N_{\mathrm{Ar}} R \ln \left(\frac{V_{\mathrm{Ar}}}{V_{1}}\right)_{\mathrm{Ar}} = R \ln \frac{4/5}{1/2} + \frac{R}{4} \ln \frac{1/5}{1/2} = 2.0 \, \mathrm{J/K}
\]

where \(V_{1} = V_{0}/2\).",\boxed{2.0},NV,\mathrm{J/K},False,EN,Laws Application
