index,domain,subject,topic,problem,solution,answers,answer_type,unit,is_multiple_answer,language,level
5038,Electromagnetism,Wave Optics,Diffraction,"A large number of point sources are randomly distributed along the $x$-axis, and the distribution of their amplitudes can be expressed as

$$
\tilde{U}(x)=\sum_{n=1}^{N} \delta\left(x-x_{n}\right)
$$

Find $\mathscr{F}\{\tilde{U}(x)\}$.","By the linearity theorem of the Fourier transform, we have

$$
\begin{aligned}
\mathscr{F}\{\tilde{U}(x)\} & =\mathscr{F}\left\{\sum_{n=1}^{N} \delta\left(x-x_{n}\right)\right\} \\
& =\sum_{n=1}^{N} \mathscr{F}\left\{\delta\left(x-x_{n}\right)\right\} = \sum_{n=1}^{N} \mathrm{e}^{-\mathrm{i} 2 \pi f x_{n}}.
\end{aligned}
$$",\boxed{\sum_{n=1}^{N} \mathrm{e}^{-\mathrm{i} 2 \pi f x_{n}}},EX,,False,EN,Math Derivation
5039,Electromagnetism,Wave Optics,Interference,"A plane electromagnetic wave propagating in a vacuum has its electric field given by \( E_{x}=0, E_{y}=0, E_{z}=\left(10^{2} \, \mathrm{V/m}\right) \cos\left[\pi \times 10^{14} \, \mathrm{s^{-1}}\left(t-\frac{x}{c}\right)+\frac{\pi}{2}\right] \).  
Determine the period of this electromagnetic wave.","Referring to the basic form of a plane wave

$$
E=A \cos \left[2 \pi \nu\left(t-\frac{z}{c}\right)+\varphi\right]
$$

we see that

$$
E_{z}=\left(10^{2} \, \mathrm{V/m}\right) \cos \left[2 \pi \times \frac{10^{14}}{2} \, \mathrm{s^{-1}}\left(t-\frac{x}{c}\right)+\frac{\pi}{2}\right]
$$

Thus, the period \( T=\frac{1}{\nu}=2 \times 10^{-14} \, \mathrm{s} \).",\boxed{2 \times 10^{-14}},NV,\mathrm{s},False,EN,Knowledge Recall
5040,Electromagnetism,Wave Optics,Diffraction,"For a homogeneous medium with an absorption coefficient $\alpha = 0.32 \, \mathrm{cm}^{-1}$, determine the thickness of the medium when the emitted light intensity is 0.1 times the incident light intensity.","Using the equation $I = I_{0} \mathrm{e}^{-\alpha l}$, we have $l = \frac{\ln (I_{0} / I)}{\alpha} = \frac{\lg (I_{0} / I)}{0.434 \alpha}$. Given $\alpha = 0.32 \, \mathrm{cm}^{-1}$,\\
when $\frac{I_{0}}{I} = \frac{1}{0.1} = 10$, we obtain

$$
l_{1} = \frac{\lg (10)}{0.434 \times 0.32} = 7.196 \, \mathrm{cm}
$$",\boxed{7.196},NV,\mathrm{cm},False,EN,Laws Application
5041,Electromagnetism,Wave Optics,Diffraction,"In a medium, the oscillation of bound electrons absorbs the energy of electromagnetic radiation, and this is frequency-dependent. This phenomenon is called dispersion. Dispersion can be described by the dispersion parameter $D$, which is given by the formula:

$$
D=-\frac{2 \pi c}{\lambda^{2}} \beta_{2} \approx-\frac{\lambda}{c} \frac{\mathrm{d}^{2} n}{\mathrm{d} \lambda^{2}}
$$

where $\beta_{2}$ is the group velocity dispersion coefficient. It is known that for a certain single-mode optical fiber at $\lambda=0.8 \ \mu \mathrm{m}$, the measurement gives $\lambda^{2}\left(\frac{\mathrm{d}^{2} n}{\mathrm{d} \lambda^{2}}\right)=0.02$. Please calculate $D$.","From the above equation,

$$
D=\frac{-1}{c \lambda} \lambda^{2}\left(\frac{\mathrm{d}^{2} n}{\mathrm{d} \lambda^{2}}\right)
$$

Substituting $c=3 \times 10^{5} \ \mathrm{km/s}$ and $\lambda=800 \ \mathrm{nm}$, we get

$$
D=-83 \ \mathrm{ps}/(\mathrm{km} \cdot \mathrm{nm}) = -83 \times 10^{-12} \ \mathrm{s}/(\mathrm{km} \cdot \mathrm{nm})
$$",\boxed{-83},NV,\mathrm{ps}/(\mathrm{km} \cdot \mathrm{nm}),False,EN,Knowledge Recall
5043,Electromagnetism,Wave Optics,Diffraction,"Calculate the minimum resolvable angular distance for a reflecting telescope with an 8 cm objective lens, a focal length of $1.5 \mathrm{~m}$, and an 80x eyepiece, assuming a wavelength of $6000 \AA$. Express the final result in arcseconds.","The minimum resolvable angle for this telescope should be $\Delta \theta = \max \left(\Delta \theta_{1}, \Delta \theta_{2}\right) = 2^{\prime \prime}$, where $^{\prime \prime}$ represents arcseconds.",\boxed{2},NV,\text{arcseconds},False,EN,Laws Application
5044,Electromagnetism,Wave Optics,Polarization,"If the radiation wavelengths of a binary star system are both \(5770 \, \text{}\) and \(5790 \, \text{}\), how many lines should a grating have to distinguish between these two radiation wavelengths?","Typically, when natural light is reflected at the interface of two media, the reflected light is partially polarized. However, when the angle of incidence satisfies

$$
\theta_{B}=\arctan \frac{n_{1}}{n_{0}}
$$

where $n_{0}$ and $n_{1}$ are the refractive indices of the incident medium and the refractive medium respectively, the reflected light is linearly polarized with vibrations perpendicular to the plane of incidence. This angle $\theta_{B}$ is called the Brewster's angle or the polarization angle.

The calculations for $r, R, \bar{R}$, and $t, T, \bar{T}$ for the $S$ and $P$ components are based on Fresnel's equations. Because the angle of incidence is Brewster's angle, the sum of the angle of incidence and the angle of refraction is $\frac{\pi}{2}$. Intensity refers to the average energy flow density, which is the time average of the Poynting vector, while energy flow equals the intensity multiplied by the cross-sectional area of the beam. The reflected light and incident light are in the same medium, with equal cross-sectional areas, while the refracted light and incident light are in different media, with different cross-sectional areas, which is noteworthy.

1. According to Fresnel's equations, the amplitude reflectance $r_{s}$ and amplitude transmittance $t_{s}$ for the $S$ component are

$$
\begin{gathered}
r_{s}=\frac{n_{1} \cos \theta_{1}-n_{2} \cos \theta_{2}}{n_{1} \cos \theta_{1}+n_{2} \cos \theta_{2}}=-\frac{\sin \left(\theta_{1}-\theta_{2}\right)}{\sin \left(\theta_{1}+\theta_{2}\right)} \\
t_{s}=\frac{2 n_{1} \cos \theta_{1}}{n_{1} \cos \theta_{1}+n_{2} \cos \theta_{2}}=\frac{2 \sin \theta_{2} \cos \theta_{1}}{\sin \left(\theta_{1}+\theta_{2}\right)}
\end{gathered}
$$

The amplitude reflectance $r_{P}$ and amplitude transmittance $t_{P}$ for the $P$ component are

$$
\begin{gathered}
r_{P}=\frac{n_{2} \cos \theta_{1}-n_{1} \cos \theta_{2}}{n_{2} \cos \theta_{1}+n_{1} \cos \theta_{2}}=\frac{\tan \left(\theta_{1}-\theta_{2}\right)}{\tan \left(\theta_{1}+\theta_{2}\right)} \\
t_{P}=\frac{2 n_{1} \cos \theta_{1}}{n_{2} \cos \theta_{1}+n_{1} \cos \theta_{2}}=\frac{2 \cos \theta_{1} \sin \theta_{2}}{\sin \left(\theta_{1}+\theta_{2}\right) \cos \left(\theta_{1}-\theta_{2}\right)}
\end{gathered}
$$

where $n_{1}=1$, $n_{2}=n=1.50$, $\theta_{1}$ is the angle of incidence, and $\theta_{2}$ is the angle of refraction. Since the angle of incidence is the Brewster's angle, we have

$$
\theta_{1}=\theta_{B}=\arctan n=\arctan 1.50=56.3^{\circ}
$$

Additionally,

$$
\theta_{1}+\theta_{2}=\frac{\pi}{2}
$$

Substituting into the formulas for $r_{s}$ and $r_{p}$, we obtain

$$
\begin{gathered}
r_{s}=-\frac{\sin \left(56.3^{\circ}-33.7^{\circ}\right)}{\sin \left(56.3^{\circ}+33.7^{\circ}\right)}=-0.384 \\
r_{p}=0
\end{gathered}
$$

Since the reflected light and incident light are in the same medium with equal cross-sectional areas, the intensity reflectance $R_{S}$ and $R_{P}$, as well as the energy flow reflectance $\bar{R}_{S}$ and $\bar{R}_{P}$ for the $S$ and $P$ components respectively, are

$$
\begin{aligned}
& R_{S}=\left|r_{S}\right|^{2}=0.148, \quad R_{P}=0 \\
& \bar{R}_{S}=\left|r_{S}\right|^{2}=0.148, \quad \bar{R}_{P}=0
\end{aligned}
$$

For the refracted light, substituting $\theta_{1}$ and $\theta_{2}$ into $t_{s}$ and $t_{P}$, we have

$$
\begin{gathered}
t_{s}=\frac{2 \sin \theta_{2} \cos \theta_{1}}{\sin \left(\theta_{1}+\theta_{2}\right)}=\frac{2 \sin 33.7^{\circ} \cos 56.3^{\circ}}{\sin \frac{\pi}{2}}=0.616 \\
t_{P}=\frac{2 \cos \theta_{1} \sin \theta_{2}}{\sin \left(\theta_{1}+\theta_{2}\right) \cos \left(\theta_{1}-\theta_{2}\right)}=\frac{2 \cos 56.3^{\circ} \sin 33.7^{\circ}}{\cos \left(56.3^{\circ}-33.7^{\circ}\right)}=0.667
\end{gathered}
$$

Since the refracted light and incident light are in different media with different cross-sectional areas, the intensity transmittance and energy flow transmittance are not simply equal to the square of the amplitude transmittance. The intensity refers to the average energy flow density, which is the time average of the Poynting vector, given by

$$
\widetilde{S}=\frac{1}{2} \sqrt{\frac{\varepsilon_{0} \varepsilon_{\mathrm{r}}}{\mu_{0} \mu_{\mathrm{r}}}} E^{2}
$$

where $E$ is the amplitude of the electric vector. Since $\mu_{\mathrm{r}} \approx 1$, and the speed of light in vacuum $c=\frac{1}{\sqrt{\varepsilon_{0}} \mu_{0}}$, and the refractive index $n=\sqrt{\varepsilon_{\mathrm{r}} \mu_{\mathrm{r}}} \approx \sqrt{\varepsilon_{\mathrm{r}}}$, this can be rewritten as

$$
\bar{S}=\frac{1}{2 c \mu_{0}} n E^{2}
$$

Thus, the intensity is proportional to $n E^{2}$, and the intensity transmittance is

$$
T=\frac{\bar{S}_{2}}{\bar{S}_{1}}=\frac{n_{2}}{n_{1}} t^{2}
$$

The intensity transmittance for the $S$ and $P$ components is

$$
\begin{aligned}
& T_{S}=\frac{n_{2}}{n_{1}} t_{S}^{2}=n t_{S}^{2}=0.569 \\
& T_{P}=\frac{n_{2}}{n_{1}} t_{P}^{2}=n t_{P}^{2}=0.667
\end{aligned}
$$

The energy flow equals the intensity multiplied by the cross-sectional area of the beam, and the ratio of the cross-sectional areas of the refracted beam to the incident beam is $\frac{\cos \theta_{2}}{\cos \theta_{1}}$, so the energy flow transmittance is

$$
\bar{T}=\frac{\bar{S}_{2} \cos \theta_{2}}{\bar{S}_{1} \cos \theta_{1}}=\frac{n_{2} \cos \theta_{2}}{n_{1} \cos \theta_{1}} t^{2}=\frac{\cos \theta_{2}}{\cos \theta_{1}} T
$$

Substituting the values, the energy flow transmittance for the $S$ and $P$ components is

$$
\begin{gathered}
\bar{T}_{S}=\frac{\cos \theta_{2}}{\cos \theta_{1}} T_{S}=0.853 \\
\bar{T}_{P}=\frac{\cos \theta_{2}}{\cos \theta_{1}} T_{P}=1
\end{gathered}
$$

The fact that the energy flow transmittance $\bar{T}_{P}=1$ for the $P$ component is expected because, when light is incident at the Brewster's angle $\left(\theta_{1}=\theta_{B}\right)$, the reflected light does not contain any $P$ component, meaning the entire energy of the incident $P$ component is transmitted.",\boxed{289},NV,,False,EN,Practical Application
5045,Electromagnetism,Wave Optics,Interference,"Under normal incidence of white light, observed from a direction perpendicular to a thin film medium, the wavelength for constructive interference maximum is $0.6 \, \mu \mathrm{m}$, and the wavelength for destructive interference minimum is $0.45 \, \mu \mathrm{m}$. Given that the refractive index of the medium is 1.5, determine the film thickness that satisfies the condition for constructive interference.","Let the wavelength for constructive interference maximum be $\lambda_{1}$. The following equation holds (considering half-wave loss):

Constructive maximum:
$$
2 n h = \left(m_{1} + \frac{1}{2}\right) \lambda_{1}
$$

For $m_{1} = 0, 1, 2, 3, 4, 5, 6, 7, \cdots$, substitute $\lambda_{1} = 0.6 \, \mu \mathrm{m}$:

$$
\frac{2 m_1 + 1}{4} \times 0.6 = 0.15, 0.45, 0.75, 1.05, 1.35, 1.65, 1.95, 2.25, \cdots
$$

When $m_{1} = 1$, we have:
$$
n h = \frac{2 \times 1 + 1}{4} \times 0.6 = 0.45 \, (\mu \mathrm{m})
$$

From the first solution, determine $h$:
$$
n h = 0.45, \quad h = \frac{0.45}{1.5} = 0.3 \, (\mu \mathrm{m})
$$",\boxed{0.3},NV,\mu \mathrm{m},False,EN,Laws Application
5047,Electromagnetism,Wave Optics,Diffraction,"Given a non-dispersive medium (such as sound waves in air), the phase velocity is $v_{p}=v_{0}$ (a constant). Find the group velocity.","For a non-dispersive medium, we have

$$
\frac{d v_{p}}{d \lambda}=0
$$

Therefore, the group velocity is equal to the phase velocity

$$
v_{g}=v_{p}=v_{0}
$$",\boxed{v_{0}},NV,,False,EN,Knowledge Recall
5048,Electromagnetism,Wave Optics,Diffraction,"A homogeneous medium has an absorption coefficient $\alpha = 0.32 \, \mathrm{cm}^{-1}$. Determine the thickness of the medium when the emergent light intensity is $0.2$ times the incident light intensity.","From the equation $I = I_{0} \mathrm{e}^{-\alpha l}$, we have $l = \frac{\ln (I_{0} / I)}{\alpha} = \frac{\lg (I_{0} / I)}{0.434 \alpha}$. Given $\alpha = 0.32 \, \mathrm{cm}^{-1}$,\\
when $\frac{I_{0}}{I} = \frac{1}{0.2} = 5$, we get

$$
l_{2} = \frac{\lg (5)}{0.434 \times 0.32} = 5.0295 \, \mathrm{cm}
$$",\boxed{5.0295},NV,\mathrm{cm},False,EN,Practical Application
5049,Electromagnetism,Wave Optics,Diffraction,"Given the phase velocity \( v_{p} = K \lambda \), calculate the group velocity in this case.","The relationship between phase velocity \( v_{p} \) and group velocity \( v_{g} \) is

\[ v_{g} = v_{p} - \lambda \frac{\mathrm{d} v_{p}}{\mathrm{d} \lambda} \]

Given \( v_{p} = K \lambda \), then \(\frac{\mathrm{d} v_{p}}{\mathrm{d} \lambda} = K\), so \( v_{g} = K \lambda - K \lambda = 0 \).",\boxed{0},NV,,False,EN,Math Derivation
5050,Electromagnetism,Wave Optics,Polarization,A third polarizer is inserted between two orthogonal polarizers. How should the inserted polarizer be positioned to make the final transmitted light intensity zero?,"If the transmitted light intensity is zero, i.e., \(I=0\), then \(\theta=0\) or \(90^{\circ}\).","\boxed{0^{\circ}, 90^{\circ}}","NV, NV","None, None",True,EN,Laws Application
5053,Electromagnetism,Wave Optics,Polarization,"The specific rotation of a pure sucrose solution is $\alpha = 6.65^{\circ} / (\mathrm{cm} \cdot (\mathrm{g} / \mathrm{cm}^3))$. There is a sucrose solution of unknown purity with a concentration of $c^{\prime} = 0.2 \ \mathrm{g} / \mathrm{cm}^3$. After plane-polarized light passes through this solution with a thickness of $d = 20 \ \mathrm{cm}$, the plane of polarization rotates by $25^{\circ}$. Determine the purity of sucrose in this solution.","The rotation angle $\varphi$ of the plane of polarization is related to the solution concentration $c$, specific rotation $\alpha$, and thickness $d$ by the equation:

$$
\varphi = \alpha c d
$$

Substituting $\alpha = 6.65^{\circ} / (\mathrm{cm} \cdot (\mathrm{g} / \mathrm{cm}^3))$ and $d = 20 \ \mathrm{cm}$, the pure sucrose concentration $c = 0.188 \ \mathrm{g} / \mathrm{cm}^3$ corresponds to a rotation angle $\varphi = 25^{\circ}$. Given that the concentration of this solution is $c^{\prime} = 0.2 \ \mathrm{g} / \mathrm{cm}^3$, the purity is:

$$
x = \frac{c}{c^{\prime}} = \frac{0.188}{0.20} = 94\%
$$",\boxed{94\%},NV,\%,False,EN,Laws Application
5054,Electromagnetism,Wave Optics,Diffraction,"Use the Fourier transform to find the Fraunhofer diffraction of a cosine amplitude transmission function with a period of \(a\), i.e., the optical field at the back focal plane of the lens. Provide the Fourier transform of an exponential function.","Since the Fourier transform of an exponential function is a delta function, we have

$$
\mathscr{F}\{\exp(2 \pi \mathrm{i} x / a)\} = \delta\left(u + \frac{1}{a}\right)
$$",\boxed{\delta\left(u + \frac{1}{a}\right)},EX,,False,EN,Math Derivation
5055,Electromagnetism,Wave Optics,Diffraction,"A 35 mm camera has a lens with a focal length of 50 mm, used to photograph an object that is 175 cm tall, with an image height of 30 mm. How far should the subject be from the camera?","According to the lens formula, with distances in cm  

$$
\frac{1}{u} + \frac{1}{v} = \frac{1}{5}, \quad \frac{u}{v} = \frac{175}{3}
$$

Solving these equations gives  

$$
u = 296.7 \, \text{cm}, \quad v = 50.9 \, \text{mm}
$$

Therefore, the subject should be 296.7 cm away from the camera.",\boxed{296.7},NV,\text{cm},False,EN,Laws Application
5056,Electromagnetism,Wave Optics,Diffraction,The Fresnel coaxial hologram is recorded on a photographic film with a resolution of $0.5 \mu \mathrm{m}$. Estimate the distance between two points on the object that can be resolved.,"The frequency of the interference fringes on the hologram is given by $\nu(x_{2}) = x_{2} / \lambda x_{1}$. The photographic film can only record rings with a width greater than $0.5 \mu \mathrm{m}$, which corresponds to $1 / N$. Therefore, $\nu_{\max} \leqslant N$. From this, $(x_{2})_{\max} \leqslant N \lambda z_{1}$, and the size of the hologram recorded on the film can be determined from this equation. Upon reproduction, the hologram acts equivalently to a zone plate or a lens with a certain aperture:

$$
A=\sin u=\frac{(x_{2})_{\max}}{z}
$$

According to the resolution criterion:

$$
\delta x_{1} \leqslant \frac{\lambda}{\sin u}
$$

Thus,

$$
\delta x_{1} \leqslant \frac{\lambda z}{(x_{2})_{\max}} = \frac{\lambda z}{N \lambda z} = \frac{1}{N} = 5 \times 10^{-3} \mathrm{\mu m}
$$

and it does not depend on $\lambda$.",\boxed{5 \times 10^{-3}},NV,\mathrm{\mu m},False,EN,Practical Application
5057,Electromagnetism,Wave Optics,Interference,"A plane electromagnetic wave propagating in a vacuum has its electric field represented as \( E_{x}=0, E_{y}=0, E_{z}=\left(10^{2} \mathrm{~V} / \mathrm{m}\right) \cos\left[\pi \times 10^{14} \mathrm{~s}^{-1}\left(t-\frac{x}{c}\right)+\frac{\pi}{2}\right] \).  
Determine the initial phase of this electromagnetic wave.","By comparing with the basic form of a plane wave

\[ E=A \cos \left[2 \pi \nu\left(t-\frac{z}{c}\right)+\varphi\right] \]

we can see

\[ E_{z}=\left(10^{2} \mathrm{~V} / \mathrm{m}\right) \cos \left[2 \pi \times \frac{10^{14}}{2} \mathrm{~s}^{-1}\left(t-\frac{x}{c}\right)+\frac{\pi}{2}\right] \]

we obtain the initial phase \(\varphi=\frac{\pi}{2}\).",\boxed{\frac{\pi}{2}},NV,,False,EN,Knowledge Recall
5059,Electromagnetism,Wave Optics,Polarization,Insert a third polarizer between two orthogonal polarizers. Is it possible to find an appropriate orientation for the inserted polarizer such that the intensity of the light passing through is $1 / 2$ of the intensity of the incident unpolarized light?,"In order to have $I = I_{0} / 2$, we need $\sin^2 2\theta = 4$, which is impossible. Therefore, regardless of the orientation of the inserted polarizer $P$, the final intensity of light passing through $P_{2}$ cannot be $1 / 2$ of the intensity of the incident unpolarized light.",\boxed{No},TF,,False,EN,Practical Application
5061,Electromagnetism,Wave Optics,Diffraction,"A hologram is recorded using a plane reference wave with an incidence at a wavelength of \(\lambda_1\). The object is located at a distance \(z_{1} = 10 \, \text{cm}\) from the film, and the reconstruction wave has a wavelength \(\lambda_{2} = 10 \lambda_{1}\), propagating along the \(z\)-axis. Find the angular magnification during reconstruction. The scale of the hologram remains unchanged during both recording and reconstruction.","Using the conclusion from the previous problem, in this case, the object's coordinates are \(\left(x_{1}, y_{1}, z_{1}\right)\) where \(z_{1} = 10 \, \text{cm}\); the reference light source coordinates are \(\left(x_{2}, y_{2}, z_{2}\right)\), where \(z_{2} = \infty\); the reconstruction light source coordinates are \(\left(x_{3}, y_{3}, z_{3}\right)\), where \(z_{3} = \infty\). Substitute into equations (9), (10), and (11) from the previous problem, with \(\zeta_{2} = \infty, \zeta_{3} = \infty\), we obtain

\[ 
z_{p} = \frac{1}{10} z_{1} = 1 \, \text{cm} 
\]

The angular magnification is

\[ 
\gamma = \left(\frac{x_{p}}{z_{p}}\right) / \left(\frac{x_{1}}{z_{1}}\right) = \frac{z_{1}}{z_{p}} = 10 
\]",\boxed{10},NV,,False,EN,
5063,Electromagnetism,Wave Optics,Interference,"A plane electromagnetic wave propagating through a vacuum has its electric field represented as \( E_{x}=0, E_{y}=0, E_{z}=\left(10^{2} \, \mathrm{V/m}\right) \cos\left[\pi \times 10^{14} \, \mathrm{s^{-1}}\left(t-\frac{x}{c}\right)+\frac{\pi}{2}\right] \).  
Determine the wavelength of this electromagnetic wave.","Referring to the basic form of a plane wave,

\[
E=A \cos \left[2 \pi \nu \left(t-\frac{z}{c}\right)+\varphi\right]
\]

it is observed that

\[
E_{z}=\left(10^{2} \, \mathrm{V/m}\right) \cos \left[2 \pi \times \frac{10^{14}}{2} \, \mathrm{s^{-1}}\left(t-\frac{x}{c}\right)+\frac{\pi}{2}\right]
\]

The wavelength is obtained as \(\lambda=\frac{c}{\nu}=6 \times 10^{-5} \, \mathrm{m}\).",\boxed{6 \times 10^{-5}},NV,\mathrm{m},False,EN,Knowledge Recall
5064,Electromagnetism,Wave Optics,Interference,"The yellow line emitted by a sodium lamp consists of two closely spaced spectral lines with an average wavelength of $5893 \, \text{\AA}$. Given that the separation between the sodium doublet is $6.0 \, \text{\AA}$, find the wavelengths of the two lines.","The wavelengths are:

$$
\begin{aligned}
& \lambda_{1}=\bar{\lambda}-\frac{\Delta \lambda}{2}=5890.0 \, \text{\AA} \\
& \lambda_{2}=\bar{\lambda}+\frac{\Delta \lambda}{2}=5896.0 \, \text{\AA}
\end{aligned}
$$","\boxed{5890.0, 5896.0}",NV,"\text{\AA}, \text{\AA}",True,EN,Knowledge Recall
5065,Electromagnetism,Wave Optics,Diffraction,"The transmission function of a sinusoidal grating is given by

$$
\widetilde{t}(x, y) = t_{0} + t_{1} \cos(2 \pi f x)
$$

Now, it is translated along the $x$ direction by $\Delta x = d$. Write the expression for the transmission function after the shift (where $d$ is the spatial period of the transmission function).","The displacement $\Delta x$ causes a phase shift $\Delta \varphi$, and their quantitative relationship is

$$
\Delta \varphi = -2 \pi f \Delta x = -\frac{2 \pi}{d} \Delta x
$$

The expression for the transmission function is written as

$$
t(x, y) = t_{0} + t_{1} \cos(2 \pi f x + \Delta \varphi)
$$

When $\Delta x = d$, $\Delta \varphi = -2\pi$.","\boxed{t(x, y) = t_{0} + t_{1} \cos(2 \pi f x - 2\pi)}",EQ,,False,EN,Knowledge Recall
5066,Electromagnetism,Wave Optics,Polarization,"In one arm of a Michelson interferometer, a transparent container of length $l = 5.00 \, \mathrm{cm}$ is placed, with the container walls perpendicular to the light beam. As the air is slowly evacuated, 49.5 fringes are observed to move inward at the center. Given that the wavelength of light is $5890 \, \text{}$, find the refractive index of air.","Typically, when natural light is reflected at the interface of two media, the reflected light is partially polarized. However, when the angle of incidence satisfies

$$
\theta_{B}=\arctan \frac{n_{1}}{n_{0}}
$$

where $n_{0}$ and $n_{1}$ are the refractive indices of the incident medium and the refractive medium respectively, the reflected light is linearly polarized with vibrations perpendicular to the plane of incidence. This angle $\theta_{B}$ is called the Brewster's angle or the polarization angle.

The calculations for $r, R, \bar{R}$, and $t, T, \bar{T}$ for the $S$ and $P$ components are based on Fresnel's equations. Because the angle of incidence is Brewster's angle, the sum of the angle of incidence and the angle of refraction is $\frac{\pi}{2}$. Intensity refers to the average energy flow density, which is the time average of the Poynting vector, while energy flow equals the intensity multiplied by the cross-sectional area of the beam. The reflected light and incident light are in the same medium, with equal cross-sectional areas, while the refracted light and incident light are in different media, with different cross-sectional areas, which is noteworthy.

1. According to Fresnel's equations, the amplitude reflectance $r_{s}$ and amplitude transmittance $t_{s}$ for the $S$ component are

$$
\begin{gathered}
r_{s}=\frac{n_{1} \cos \theta_{1}-n_{2} \cos \theta_{2}}{n_{1} \cos \theta_{1}+n_{2} \cos \theta_{2}}=-\frac{\sin \left(\theta_{1}-\theta_{2}\right)}{\sin \left(\theta_{1}+\theta_{2}\right)} \\
t_{s}=\frac{2 n_{1} \cos \theta_{1}}{n_{1} \cos \theta_{1}+n_{2} \cos \theta_{2}}=\frac{2 \sin \theta_{2} \cos \theta_{1}}{\sin \left(\theta_{1}+\theta_{2}\right)}
\end{gathered}
$$

The amplitude reflectance $r_{P}$ and amplitude transmittance $t_{P}$ for the $P$ component are

$$
\begin{gathered}
r_{P}=\frac{n_{2} \cos \theta_{1}-n_{1} \cos \theta_{2}}{n_{2} \cos \theta_{1}+n_{1} \cos \theta_{2}}=\frac{\tan \left(\theta_{1}-\theta_{2}\right)}{\tan \left(\theta_{1}+\theta_{2}\right)} \\
t_{P}=\frac{2 n_{1} \cos \theta_{1}}{n_{2} \cos \theta_{1}+n_{1} \cos \theta_{2}}=\frac{2 \cos \theta_{1} \sin \theta_{2}}{\sin \left(\theta_{1}+\theta_{2}\right) \cos \left(\theta_{1}-\theta_{2}\right)}
\end{gathered}
$$

where $n_{1}=1$, $n_{2}=n=1.50$, $\theta_{1}$ is the angle of incidence, and $\theta_{2}$ is the angle of refraction. Since the angle of incidence is the Brewster's angle, we have

$$
\theta_{1}=\theta_{B}=\arctan n=\arctan 1.50=56.3^{\circ}
$$

Additionally,

$$
\theta_{1}+\theta_{2}=\frac{\pi}{2}
$$

Substituting into the formulas for $r_{s}$ and $r_{p}$, we obtain

$$
\begin{gathered}
r_{s}=-\frac{\sin \left(56.3^{\circ}-33.7^{\circ}\right)}{\sin \left(56.3^{\circ}+33.7^{\circ}\right)}=-0.384 \\
r_{p}=0
\end{gathered}
$$

Since the reflected light and incident light are in the same medium with equal cross-sectional areas, the intensity reflectance $R_{S}$ and $R_{P}$, as well as the energy flow reflectance $\bar{R}_{S}$ and $\bar{R}_{P}$ for the $S$ and $P$ components respectively, are

$$
\begin{aligned}
& R_{S}=\left|r_{S}\right|^{2}=0.148, \quad R_{P}=0 \\
& \bar{R}_{S}=\left|r_{S}\right|^{2}=0.148, \quad \bar{R}_{P}=0
\end{aligned}
$$

For the refracted light, substituting $\theta_{1}$ and $\theta_{2}$ into $t_{s}$ and $t_{P}$, we have

$$
\begin{gathered}
t_{s}=\frac{2 \sin \theta_{2} \cos \theta_{1}}{\sin \left(\theta_{1}+\theta_{2}\right)}=\frac{2 \sin 33.7^{\circ} \cos 56.3^{\circ}}{\sin \frac{\pi}{2}}=0.616 \\
t_{P}=\frac{2 \cos \theta_{1} \sin \theta_{2}}{\sin \left(\theta_{1}+\theta_{2}\right) \cos \left(\theta_{1}-\theta_{2}\right)}=\frac{2 \cos 56.3^{\circ} \sin 33.7^{\circ}}{\cos \left(56.3^{\circ}-33.7^{\circ}\right)}=0.667
\end{gathered}
$$

Since the refracted light and incident light are in different media with different cross-sectional areas, the intensity transmittance and energy flow transmittance are not simply equal to the square of the amplitude transmittance. The intensity refers to the average energy flow density, which is the time average of the Poynting vector, given by

$$
\widetilde{S}=\frac{1}{2} \sqrt{\frac{\varepsilon_{0} \varepsilon_{\mathrm{r}}}{\mu_{0} \mu_{\mathrm{r}}}} E^{2}
$$

where $E$ is the amplitude of the electric vector. Since $\mu_{\mathrm{r}} \approx 1$, and the speed of light in vacuum $c=\frac{1}{\sqrt{\varepsilon_{0}} \mu_{0}}$, and the refractive index $n=\sqrt{\varepsilon_{\mathrm{r}} \mu_{\mathrm{r}}} \approx \sqrt{\varepsilon_{\mathrm{r}}}$, this can be rewritten as

$$
\bar{S}=\frac{1}{2 c \mu_{0}} n E^{2}
$$

Thus, the intensity is proportional to $n E^{2}$, and the intensity transmittance is

$$
T=\frac{\bar{S}_{2}}{\bar{S}_{1}}=\frac{n_{2}}{n_{1}} t^{2}
$$

The intensity transmittance for the $S$ and $P$ components is

$$
\begin{aligned}
& T_{S}=\frac{n_{2}}{n_{1}} t_{S}^{2}=n t_{S}^{2}=0.569 \\
& T_{P}=\frac{n_{2}}{n_{1}} t_{P}^{2}=n t_{P}^{2}=0.667
\end{aligned}
$$

The energy flow equals the intensity multiplied by the cross-sectional area of the beam, and the ratio of the cross-sectional areas of the refracted beam to the incident beam is $\frac{\cos \theta_{2}}{\cos \theta_{1}}$, so the energy flow transmittance is

$$
\bar{T}=\frac{\bar{S}_{2} \cos \theta_{2}}{\bar{S}_{1} \cos \theta_{1}}=\frac{n_{2} \cos \theta_{2}}{n_{1} \cos \theta_{1}} t^{2}=\frac{\cos \theta_{2}}{\cos \theta_{1}} T
$$

Substituting the values, the energy flow transmittance for the $S$ and $P$ components is

$$
\begin{gathered}
\bar{T}_{S}=\frac{\cos \theta_{2}}{\cos \theta_{1}} T_{S}=0.853 \\
\bar{T}_{P}=\frac{\cos \theta_{2}}{\cos \theta_{1}} T_{P}=1
\end{gathered}
$$

The fact that the energy flow transmittance $\bar{T}_{P}=1$ for the $P$ component is expected because, when light is incident at the Brewster's angle $\left(\theta_{1}=\theta_{B}\right)$, the reflected light does not contain any $P$ component, meaning the entire energy of the incident $P$ component is transmitted.",\boxed{1.000291},NV,,False,EN,Practical Application
5067,Electromagnetism,Wave Optics,Diffraction,"Given an electromagnetic wave in a waveguide with the dispersion relation $\omega^{2}=\omega_{0}^{2}+c^{2} k^{2}$, where $\omega_{0}$ is the cutoff angular frequency, find the group velocity.","The group velocity in the waveguide is

$$
v_{g}=\frac{\mathrm{d} \omega}{\mathrm{d} k}= \frac{\mathrm{d}}{\mathrm{d} k} \left(\omega_{0}^{2}+c^{2} k^{2}\right)^{1/2}= \frac{c^2 k}{\sqrt{ \omega_{0}^{2}+c^{2}k^{2}} }
$$",\boxed{\frac{c^2 k}{\sqrt{ \omega_{0}^{2}+c^{2}k^{2}}}},EX,,False,EN,Math Derivation
5068,Electromagnetism,Wave Optics,Polarization,"Green light with a wavelength of $5000 \, \text{}$ is normally incident on a grating with a grating constant of $2.5 \times 10^{-4} \, \text{cm}$ and a width of 3 cm. The focal length of the converging lens is 50 cm. Determine the linear dispersion of the first-order spectrum.","Typically, when natural light is reflected at the interface of two media, the reflected light is partially polarized. However, when the angle of incidence satisfies

$$
\theta_{B}=\arctan \frac{n_{1}}{n_{0}}
$$

where $n_{0}$ and $n_{1}$ are the refractive indices of the incident medium and the refractive medium respectively, the reflected light is linearly polarized with vibrations perpendicular to the plane of incidence. This angle $\theta_{B}$ is called the Brewster's angle or the polarization angle.

The calculations for $r, R, \bar{R}$, and $t, T, \bar{T}$ for the $S$ and $P$ components are based on Fresnel's equations. Because the angle of incidence is Brewster's angle, the sum of the angle of incidence and the angle of refraction is $\frac{\pi}{2}$. Intensity refers to the average energy flow density, which is the time average of the Poynting vector, while energy flow equals the intensity multiplied by the cross-sectional area of the beam. The reflected light and incident light are in the same medium, with equal cross-sectional areas, while the refracted light and incident light are in different media, with different cross-sectional areas, which is noteworthy.

1. According to Fresnel's equations, the amplitude reflectance $r_{s}$ and amplitude transmittance $t_{s}$ for the $S$ component are

$$
\begin{gathered}
r_{s}=\frac{n_{1} \cos \theta_{1}-n_{2} \cos \theta_{2}}{n_{1} \cos \theta_{1}+n_{2} \cos \theta_{2}}=-\frac{\sin \left(\theta_{1}-\theta_{2}\right)}{\sin \left(\theta_{1}+\theta_{2}\right)} \\
t_{s}=\frac{2 n_{1} \cos \theta_{1}}{n_{1} \cos \theta_{1}+n_{2} \cos \theta_{2}}=\frac{2 \sin \theta_{2} \cos \theta_{1}}{\sin \left(\theta_{1}+\theta_{2}\right)}
\end{gathered}
$$

The amplitude reflectance $r_{P}$ and amplitude transmittance $t_{P}$ for the $P$ component are

$$
\begin{gathered}
r_{P}=\frac{n_{2} \cos \theta_{1}-n_{1} \cos \theta_{2}}{n_{2} \cos \theta_{1}+n_{1} \cos \theta_{2}}=\frac{\tan \left(\theta_{1}-\theta_{2}\right)}{\tan \left(\theta_{1}+\theta_{2}\right)} \\
t_{P}=\frac{2 n_{1} \cos \theta_{1}}{n_{2} \cos \theta_{1}+n_{1} \cos \theta_{2}}=\frac{2 \cos \theta_{1} \sin \theta_{2}}{\sin \left(\theta_{1}+\theta_{2}\right) \cos \left(\theta_{1}-\theta_{2}\right)}
\end{gathered}
$$

where $n_{1}=1$, $n_{2}=n=1.50$, $\theta_{1}$ is the angle of incidence, and $\theta_{2}$ is the angle of refraction. Since the angle of incidence is the Brewster's angle, we have

$$
\theta_{1}=\theta_{B}=\arctan n=\arctan 1.50=56.3^{\circ}
$$

Additionally,

$$
\theta_{1}+\theta_{2}=\frac{\pi}{2}
$$

Substituting into the formulas for $r_{s}$ and $r_{p}$, we obtain

$$
\begin{gathered}
r_{s}=-\frac{\sin \left(56.3^{\circ}-33.7^{\circ}\right)}{\sin \left(56.3^{\circ}+33.7^{\circ}\right)}=-0.384 \\
r_{p}=0
\end{gathered}
$$

Since the reflected light and incident light are in the same medium with equal cross-sectional areas, the intensity reflectance $R_{S}$ and $R_{P}$, as well as the energy flow reflectance $\bar{R}_{S}$ and $\bar{R}_{P}$ for the $S$ and $P$ components respectively, are

$$
\begin{aligned}
& R_{S}=\left|r_{S}\right|^{2}=0.148, \quad R_{P}=0 \\
& \bar{R}_{S}=\left|r_{S}\right|^{2}=0.148, \quad \bar{R}_{P}=0
\end{aligned}
$$

For the refracted light, substituting $\theta_{1}$ and $\theta_{2}$ into $t_{s}$ and $t_{P}$, we have

$$
\begin{gathered}
t_{s}=\frac{2 \sin \theta_{2} \cos \theta_{1}}{\sin \left(\theta_{1}+\theta_{2}\right)}=\frac{2 \sin 33.7^{\circ} \cos 56.3^{\circ}}{\sin \frac{\pi}{2}}=0.616 \\
t_{P}=\frac{2 \cos \theta_{1} \sin \theta_{2}}{\sin \left(\theta_{1}+\theta_{2}\right) \cos \left(\theta_{1}-\theta_{2}\right)}=\frac{2 \cos 56.3^{\circ} \sin 33.7^{\circ}}{\cos \left(56.3^{\circ}-33.7^{\circ}\right)}=0.667
\end{gathered}
$$

Since the refracted light and incident light are in different media with different cross-sectional areas, the intensity transmittance and energy flow transmittance are not simply equal to the square of the amplitude transmittance. The intensity refers to the average energy flow density, which is the time average of the Poynting vector, given by

$$
\widetilde{S}=\frac{1}{2} \sqrt{\frac{\varepsilon_{0} \varepsilon_{\mathrm{r}}}{\mu_{0} \mu_{\mathrm{r}}}} E^{2}
$$

where $E$ is the amplitude of the electric vector. Since $\mu_{\mathrm{r}} \approx 1$, and the speed of light in vacuum $c=\frac{1}{\sqrt{\varepsilon_{0}} \mu_{0}}$, and the refractive index $n=\sqrt{\varepsilon_{\mathrm{r}} \mu_{\mathrm{r}}} \approx \sqrt{\varepsilon_{\mathrm{r}}}$, this can be rewritten as

$$
\bar{S}=\frac{1}{2 c \mu_{0}} n E^{2}
$$

Thus, the intensity is proportional to $n E^{2}$, and the intensity transmittance is

$$
T=\frac{\bar{S}_{2}}{\bar{S}_{1}}=\frac{n_{2}}{n_{1}} t^{2}
$$

The intensity transmittance for the $S$ and $P$ components is

$$
\begin{aligned}
& T_{S}=\frac{n_{2}}{n_{1}} t_{S}^{2}=n t_{S}^{2}=0.569 \\
& T_{P}=\frac{n_{2}}{n_{1}} t_{P}^{2}=n t_{P}^{2}=0.667
\end{aligned}
$$

The energy flow equals the intensity multiplied by the cross-sectional area of the beam, and the ratio of the cross-sectional areas of the refracted beam to the incident beam is $\frac{\cos \theta_{2}}{\cos \theta_{1}}$, so the energy flow transmittance is

$$
\bar{T}=\frac{\bar{S}_{2} \cos \theta_{2}}{\bar{S}_{1} \cos \theta_{1}}=\frac{n_{2} \cos \theta_{2}}{n_{1} \cos \theta_{1}} t^{2}=\frac{\cos \theta_{2}}{\cos \theta_{1}} T
$$

Substituting the values, the energy flow transmittance for the $S$ and $P$ components is

$$
\begin{gathered}
\bar{T}_{S}=\frac{\cos \theta_{2}}{\cos \theta_{1}} T_{S}=0.853 \\
\bar{T}_{P}=\frac{\cos \theta_{2}}{\cos \theta_{1}} T_{P}=1
\end{gathered}
$$

The fact that the energy flow transmittance $\bar{T}_{P}=1$ for the $P$ component is expected because, when light is incident at the Brewster's angle $\left(\theta_{1}=\theta_{B}\right)$, the reflected light does not contain any $P$ component, meaning the entire energy of the incident $P$ component is transmitted.",\boxed{2 \times 10^{-2}},NV,\text{mm/},False,EN,Practical Application
5069,Electromagnetism,Wave Optics,Diffraction,"For an optical fiber with a loss of $20 \mathrm{~dB} / \mathrm{km}$, calculate the distance over which the optical power attenuates to half of its initial power and determine the attenuation coefficient.","By slightly modifying the definition, we have

$$
\alpha_{\mathrm{dB}} = \frac{10}{L} \log_{10} \left(\frac{P_{0}}{P_{T}}\right) = \frac{10}{L} \log_{10} 2
$$

Therefore,

$$
L = \frac{10 \log_{10} 2}{\alpha_{\mathrm{dB}}}
$$

Substituting $\alpha_{\mathrm{dB}} = 20 \mathrm{~dB} / \mathrm{km}$, we get $L_{2} = 0.15 \mathrm{~km}$.

According to $\alpha_{\mathrm{dB}} = 4.343 \alpha$, we find $\alpha_{2} = 4.6$.","\boxed{0.15, 4.6}","NV, NV","\text{km}, \text{None}",True,EN,Practical Application
5070,Electromagnetism,Wave Optics,Polarization,"A beam of red light with a wavelength of $6500 \, \text{}$ is observed as a doublet. If it can be just resolved in the third-order spectrum of a grating with $9 \times 10^{5}$ lines, determine the wavelength difference.","Typically, when natural light is reflected at the interface of two media, the reflected light is partially polarized. However, when the angle of incidence satisfies

$$
\theta_{B}=\arctan \frac{n_{1}}{n_{0}}
$$

where $n_{0}$ and $n_{1}$ are the refractive indices of the incident medium and the refractive medium respectively, the reflected light is linearly polarized with vibrations perpendicular to the plane of incidence. This angle $\theta_{B}$ is called the Brewster's angle or the polarization angle.

The calculations for $r, R, \bar{R}$, and $t, T, \bar{T}$ for the $S$ and $P$ components are based on Fresnel's equations. Because the angle of incidence is Brewster's angle, the sum of the angle of incidence and the angle of refraction is $\frac{\pi}{2}$. Intensity refers to the average energy flow density, which is the time average of the Poynting vector, while energy flow equals the intensity multiplied by the cross-sectional area of the beam. The reflected light and incident light are in the same medium, with equal cross-sectional areas, while the refracted light and incident light are in different media, with different cross-sectional areas, which is noteworthy.

1. According to Fresnel's equations, the amplitude reflectance $r_{s}$ and amplitude transmittance $t_{s}$ for the $S$ component are

$$
\begin{gathered}
r_{s}=\frac{n_{1} \cos \theta_{1}-n_{2} \cos \theta_{2}}{n_{1} \cos \theta_{1}+n_{2} \cos \theta_{2}}=-\frac{\sin \left(\theta_{1}-\theta_{2}\right)}{\sin \left(\theta_{1}+\theta_{2}\right)} \\
t_{s}=\frac{2 n_{1} \cos \theta_{1}}{n_{1} \cos \theta_{1}+n_{2} \cos \theta_{2}}=\frac{2 \sin \theta_{2} \cos \theta_{1}}{\sin \left(\theta_{1}+\theta_{2}\right)}
\end{gathered}
$$

The amplitude reflectance $r_{P}$ and amplitude transmittance $t_{P}$ for the $P$ component are

$$
\begin{gathered}
r_{P}=\frac{n_{2} \cos \theta_{1}-n_{1} \cos \theta_{2}}{n_{2} \cos \theta_{1}+n_{1} \cos \theta_{2}}=\frac{\tan \left(\theta_{1}-\theta_{2}\right)}{\tan \left(\theta_{1}+\theta_{2}\right)} \\
t_{P}=\frac{2 n_{1} \cos \theta_{1}}{n_{2} \cos \theta_{1}+n_{1} \cos \theta_{2}}=\frac{2 \cos \theta_{1} \sin \theta_{2}}{\sin \left(\theta_{1}+\theta_{2}\right) \cos \left(\theta_{1}-\theta_{2}\right)}
\end{gathered}
$$

where $n_{1}=1$, $n_{2}=n=1.50$, $\theta_{1}$ is the angle of incidence, and $\theta_{2}$ is the angle of refraction. Since the angle of incidence is the Brewster's angle, we have

$$
\theta_{1}=\theta_{B}=\arctan n=\arctan 1.50=56.3^{\circ}
$$

Additionally,

$$
\theta_{1}+\theta_{2}=\frac{\pi}{2}
$$

Substituting into the formulas for $r_{s}$ and $r_{p}$, we obtain

$$
\begin{gathered}
r_{s}=-\frac{\sin \left(56.3^{\circ}-33.7^{\circ}\right)}{\sin \left(56.3^{\circ}+33.7^{\circ}\right)}=-0.384 \\
r_{p}=0
\end{gathered}
$$

Since the reflected light and incident light are in the same medium with equal cross-sectional areas, the intensity reflectance $R_{S}$ and $R_{P}$, as well as the energy flow reflectance $\bar{R}_{S}$ and $\bar{R}_{P}$ for the $S$ and $P$ components respectively, are

$$
\begin{aligned}
& R_{S}=\left|r_{S}\right|^{2}=0.148, \quad R_{P}=0 \\
& \bar{R}_{S}=\left|r_{S}\right|^{2}=0.148, \quad \bar{R}_{P}=0
\end{aligned}
$$

For the refracted light, substituting $\theta_{1}$ and $\theta_{2}$ into $t_{s}$ and $t_{P}$, we have

$$
\begin{gathered}
t_{s}=\frac{2 \sin \theta_{2} \cos \theta_{1}}{\sin \left(\theta_{1}+\theta_{2}\right)}=\frac{2 \sin 33.7^{\circ} \cos 56.3^{\circ}}{\sin \frac{\pi}{2}}=0.616 \\
t_{P}=\frac{2 \cos \theta_{1} \sin \theta_{2}}{\sin \left(\theta_{1}+\theta_{2}\right) \cos \left(\theta_{1}-\theta_{2}\right)}=\frac{2 \cos 56.3^{\circ} \sin 33.7^{\circ}}{\cos \left(56.3^{\circ}-33.7^{\circ}\right)}=0.667
\end{gathered}
$$

Since the refracted light and incident light are in different media with different cross-sectional areas, the intensity transmittance and energy flow transmittance are not simply equal to the square of the amplitude transmittance. The intensity refers to the average energy flow density, which is the time average of the Poynting vector, given by

$$
\widetilde{S}=\frac{1}{2} \sqrt{\frac{\varepsilon_{0} \varepsilon_{\mathrm{r}}}{\mu_{0} \mu_{\mathrm{r}}}} E^{2}
$$

where $E$ is the amplitude of the electric vector. Since $\mu_{\mathrm{r}} \approx 1$, and the speed of light in vacuum $c=\frac{1}{\sqrt{\varepsilon_{0}} \mu_{0}}$, and the refractive index $n=\sqrt{\varepsilon_{\mathrm{r}} \mu_{\mathrm{r}}} \approx \sqrt{\varepsilon_{\mathrm{r}}}$, this can be rewritten as

$$
\bar{S}=\frac{1}{2 c \mu_{0}} n E^{2}
$$

Thus, the intensity is proportional to $n E^{2}$, and the intensity transmittance is

$$
T=\frac{\bar{S}_{2}}{\bar{S}_{1}}=\frac{n_{2}}{n_{1}} t^{2}
$$

The intensity transmittance for the $S$ and $P$ components is

$$
\begin{aligned}
& T_{S}=\frac{n_{2}}{n_{1}} t_{S}^{2}=n t_{S}^{2}=0.569 \\
& T_{P}=\frac{n_{2}}{n_{1}} t_{P}^{2}=n t_{P}^{2}=0.667
\end{aligned}
$$

The energy flow equals the intensity multiplied by the cross-sectional area of the beam, and the ratio of the cross-sectional areas of the refracted beam to the incident beam is $\frac{\cos \theta_{2}}{\cos \theta_{1}}$, so the energy flow transmittance is

$$
\bar{T}=\frac{\bar{S}_{2} \cos \theta_{2}}{\bar{S}_{1} \cos \theta_{1}}=\frac{n_{2} \cos \theta_{2}}{n_{1} \cos \theta_{1}} t^{2}=\frac{\cos \theta_{2}}{\cos \theta_{1}} T
$$

Substituting the values, the energy flow transmittance for the $S$ and $P$ components is

$$
\begin{gathered}
\bar{T}_{S}=\frac{\cos \theta_{2}}{\cos \theta_{1}} T_{S}=0.853 \\
\bar{T}_{P}=\frac{\cos \theta_{2}}{\cos \theta_{1}} T_{P}=1
\end{gathered}
$$

The fact that the energy flow transmittance $\bar{T}_{P}=1$ for the $P$ component is expected because, when light is incident at the Brewster's angle $\left(\theta_{1}=\theta_{B}\right)$, the reflected light does not contain any $P$ component, meaning the entire energy of the incident $P$ component is transmitted.",\boxed{2.41 \times 10^{-3}},NV,\text{},False,EN,Laws Application
5073,Electromagnetism,Wave Optics,Interference,"In a Young's double-slit experiment, a Fabry-Perot filter is introduced, with a reflectivity of $R = 0.80$, a refractive index $n = 1.92$, and a spacer layer thickness $d = 0.50 \, \mu \mathrm{m}$. Find the range of wavelengths of light that this filter allows to pass through.","According to the Stokes formula for a Fabry-Perot interferometer, the ratio of the transmitted light intensity to the incident light intensity is given by

$$
\frac{I_{T}}{I_{0}} = \frac{1}{1 + F \sin^{2}(\delta / 2)}
$$

where $F = \frac{4R}{(1-R)^{2}}$, $\delta = \frac{4 \pi n d \cos i^{\prime}}{\lambda}$, and $i^{\prime}$ is the angle of refraction within the spacer layer. For near-normal incidence, $i^{\prime} = 0$. Therefore, the condition for maximum transmittance of the filter is

$$
\delta = \frac{4 \pi n d}{\lambda} = 2k\pi , \text{ i.e., } \quad \lambda_{k} = \frac{2nd}{k}
$$

where $k = 1, 2, 3, \cdots$. Substituting $k = 1, 2, 3, \cdots$, the wavelengths corresponding to maximum transmittance are $1.92 \, \mu \mathrm{m}$, $0.96 \, \mu \mathrm{m}$, $0.64 \, \mu \mathrm{m}$, $0.48 \, \mu \mathrm{m}$, and $0.38 \, \mu \mathrm{m}$. Among these, the visible wavelengths are $\lambda_{3} = 0.64 \, \mu \mathrm{m}$ (red light) and $\lambda_{4} = 0.48 \, \mu \mathrm{m}$ (blue light).","\boxed{0.64, 0.48}","NV, NV","\mu \mathrm{m}, \mu \mathrm{m}",True,EN,Practical Application
5075,Electromagnetism,Wave Optics,Diffraction,"A pinhole camera composed of a dark chamber has a pinhole diameter of \(d\). The image inside the dark chamber is formed on photographic film placed at a distance \(P\) behind the pinhole. An object is located at a distance \(L\) in front of the pinhole, and the wavelength of the light used is \(\lambda\). Using the pinhole size calculated in (1), what is the minimum distance \(D\) between two points on the object such that their images are distinguishable?","Two points separated by distance \(D\) are distinguishable on the film when the spacing between the image points equals the radius of the Airy disk, i.e.,

\[
\frac{D}{L}=\frac{\lambda P / d}{P}=\frac{\lambda}{d}
\]

Thus, we obtain \(D=\frac{\lambda L}{d}\).",\boxed{\frac{\lambda L}{d}},EX,,False,EN,Math Derivation
5076,Electromagnetism,Wave Optics,Interference,"A plane electromagnetic wave propagating in a vacuum has its electric field represented as \(E_{x}=0, E_{y}=0, E_{z}=\left(10^{2} \, \mathrm{V/m}\right) \cos\left[\pi \times 10^{14} \, \mathrm{s}^{-1} \left(t-\frac{x}{c}\right) + \frac{\pi}{2}\right]\).  
Find the amplitude of this electromagnetic wave.","By comparing with the basic form of a plane wave

\[ 
E = A \cos \left[2 \pi \nu \left(t-\frac{z}{c}\right) + \varphi\right] 
\]

we can see that

\[ 
E_{z}=\left(10^{2} \, \mathrm{V/m}\right) \cos \left[2 \pi \times \frac{10^{14}}{2} \, \mathrm{s}^{-1} \left(t-\frac{x}{c}\right) + \frac{\pi}{2}\right] 
\]

The amplitude is therefore determined as \(A = 10^{2} \, \mathrm{V/m}\).",\boxed{10^{2}},NV,\mathrm{V/m},False,EN,Knowledge Recall
5079,Electromagnetism,Wave Optics,Diffraction,"For an optical fiber with a loss of $0.2 \mathrm{~dB} / \mathrm{km}$, calculate the distance at which the optical power attenuates to half of its initial power, and find the attenuation coefficient.","According to the slight modification of the definition,

$$
\alpha_{\mathrm{dB}} = \frac{10}{L} \log_{10} \left(\frac{P_{0}}{P_{T}}\right) = \frac{10}{L} \log_{10} 2
$$

Therefore,

$$
L = \frac{10 \log_{10} 2}{\alpha_{\mathrm{dB}}}
$$

Substituting $\alpha_{\mathrm{dB}} = 0.2 \mathrm{~dB} / \mathrm{km}$, we get $L_{1} = 15 \mathrm{~km}$.

According to $\alpha_{\mathrm{dB}} = 4.343 \alpha$, we get $\alpha_{1} = 0.046$.","\boxed{15, 0.046}","NV, NV","\mathrm{km}, None",True,EN,Practical Application
5080,Electromagnetism,Wave Optics,Polarization,"Given a type of glass where the refractive index is described by Cauchy's formula \( n = A + \frac{B}{\lambda^{2}} \), with \( A = 1.5 \) and \( B = 2.22 \times 10^{6} \, \text{}^{2} \), find the dispersion \(\frac{\mathrm{d} n}{\mathrm{d} \lambda}\) of the glass at a wavelength \(\lambda = 6000 \, \text{}\).","Typically, when natural light is reflected at the interface of two media, the reflected light is partially polarized. However, when the angle of incidence satisfies

$$
\theta_{B}=\arctan \frac{n_{1}}{n_{0}}
$$

where $n_{0}$ and $n_{1}$ are the refractive indices of the incident medium and the refractive medium respectively, the reflected light is linearly polarized with vibrations perpendicular to the plane of incidence. This angle $\theta_{B}$ is called the Brewster's angle or the polarization angle.

The calculations for $r, R, \bar{R}$, and $t, T, \bar{T}$ for the $S$ and $P$ components are based on Fresnel's equations. Because the angle of incidence is Brewster's angle, the sum of the angle of incidence and the angle of refraction is $\frac{\pi}{2}$. Intensity refers to the average energy flow density, which is the time average of the Poynting vector, while energy flow equals the intensity multiplied by the cross-sectional area of the beam. The reflected light and incident light are in the same medium, with equal cross-sectional areas, while the refracted light and incident light are in different media, with different cross-sectional areas, which is noteworthy.

1. According to Fresnel's equations, the amplitude reflectance $r_{s}$ and amplitude transmittance $t_{s}$ for the $S$ component are

$$
\begin{gathered}
r_{s}=\frac{n_{1} \cos \theta_{1}-n_{2} \cos \theta_{2}}{n_{1} \cos \theta_{1}+n_{2} \cos \theta_{2}}=-\frac{\sin \left(\theta_{1}-\theta_{2}\right)}{\sin \left(\theta_{1}+\theta_{2}\right)} \\
t_{s}=\frac{2 n_{1} \cos \theta_{1}}{n_{1} \cos \theta_{1}+n_{2} \cos \theta_{2}}=\frac{2 \sin \theta_{2} \cos \theta_{1}}{\sin \left(\theta_{1}+\theta_{2}\right)}
\end{gathered}
$$

The amplitude reflectance $r_{P}$ and amplitude transmittance $t_{P}$ for the $P$ component are

$$
\begin{gathered}
r_{P}=\frac{n_{2} \cos \theta_{1}-n_{1} \cos \theta_{2}}{n_{2} \cos \theta_{1}+n_{1} \cos \theta_{2}}=\frac{\tan \left(\theta_{1}-\theta_{2}\right)}{\tan \left(\theta_{1}+\theta_{2}\right)} \\
t_{P}=\frac{2 n_{1} \cos \theta_{1}}{n_{2} \cos \theta_{1}+n_{1} \cos \theta_{2}}=\frac{2 \cos \theta_{1} \sin \theta_{2}}{\sin \left(\theta_{1}+\theta_{2}\right) \cos \left(\theta_{1}-\theta_{2}\right)}
\end{gathered}
$$

where $n_{1}=1$, $n_{2}=n=1.50$, $\theta_{1}$ is the angle of incidence, and $\theta_{2}$ is the angle of refraction. Since the angle of incidence is the Brewster's angle, we have

$$
\theta_{1}=\theta_{B}=\arctan n=\arctan 1.50=56.3^{\circ}
$$

Additionally,

$$
\theta_{1}+\theta_{2}=\frac{\pi}{2}
$$

Substituting into the formulas for $r_{s}$ and $r_{p}$, we obtain

$$
\begin{gathered}
r_{s}=-\frac{\sin \left(56.3^{\circ}-33.7^{\circ}\right)}{\sin \left(56.3^{\circ}+33.7^{\circ}\right)}=-0.384 \\
r_{p}=0
\end{gathered}
$$

Since the reflected light and incident light are in the same medium with equal cross-sectional areas, the intensity reflectance $R_{S}$ and $R_{P}$, as well as the energy flow reflectance $\bar{R}_{S}$ and $\bar{R}_{P}$ for the $S$ and $P$ components respectively, are

$$
\begin{aligned}
& R_{S}=\left|r_{S}\right|^{2}=0.148, \quad R_{P}=0 \\
& \bar{R}_{S}=\left|r_{S}\right|^{2}=0.148, \quad \bar{R}_{P}=0
\end{aligned}
$$

For the refracted light, substituting $\theta_{1}$ and $\theta_{2}$ into $t_{s}$ and $t_{P}$, we have

$$
\begin{gathered}
t_{s}=\frac{2 \sin \theta_{2} \cos \theta_{1}}{\sin \left(\theta_{1}+\theta_{2}\right)}=\frac{2 \sin 33.7^{\circ} \cos 56.3^{\circ}}{\sin \frac{\pi}{2}}=0.616 \\
t_{P}=\frac{2 \cos \theta_{1} \sin \theta_{2}}{\sin \left(\theta_{1}+\theta_{2}\right) \cos \left(\theta_{1}-\theta_{2}\right)}=\frac{2 \cos 56.3^{\circ} \sin 33.7^{\circ}}{\cos \left(56.3^{\circ}-33.7^{\circ}\right)}=0.667
\end{gathered}
$$

Since the refracted light and incident light are in different media with different cross-sectional areas, the intensity transmittance and energy flow transmittance are not simply equal to the square of the amplitude transmittance. The intensity refers to the average energy flow density, which is the time average of the Poynting vector, given by

$$
\widetilde{S}=\frac{1}{2} \sqrt{\frac{\varepsilon_{0} \varepsilon_{\mathrm{r}}}{\mu_{0} \mu_{\mathrm{r}}}} E^{2}
$$

where $E$ is the amplitude of the electric vector. Since $\mu_{\mathrm{r}} \approx 1$, and the speed of light in vacuum $c=\frac{1}{\sqrt{\varepsilon_{0}} \mu_{0}}$, and the refractive index $n=\sqrt{\varepsilon_{\mathrm{r}} \mu_{\mathrm{r}}} \approx \sqrt{\varepsilon_{\mathrm{r}}}$, this can be rewritten as

$$
\bar{S}=\frac{1}{2 c \mu_{0}} n E^{2}
$$

Thus, the intensity is proportional to $n E^{2}$, and the intensity transmittance is

$$
T=\frac{\bar{S}_{2}}{\bar{S}_{1}}=\frac{n_{2}}{n_{1}} t^{2}
$$

The intensity transmittance for the $S$ and $P$ components is

$$
\begin{aligned}
& T_{S}=\frac{n_{2}}{n_{1}} t_{S}^{2}=n t_{S}^{2}=0.569 \\
& T_{P}=\frac{n_{2}}{n_{1}} t_{P}^{2}=n t_{P}^{2}=0.667
\end{aligned}
$$

The energy flow equals the intensity multiplied by the cross-sectional area of the beam, and the ratio of the cross-sectional areas of the refracted beam to the incident beam is $\frac{\cos \theta_{2}}{\cos \theta_{1}}$, so the energy flow transmittance is

$$
\bar{T}=\frac{\bar{S}_{2} \cos \theta_{2}}{\bar{S}_{1} \cos \theta_{1}}=\frac{n_{2} \cos \theta_{2}}{n_{1} \cos \theta_{1}} t^{2}=\frac{\cos \theta_{2}}{\cos \theta_{1}} T
$$

Substituting the values, the energy flow transmittance for the $S$ and $P$ components is

$$
\begin{gathered}
\bar{T}_{S}=\frac{\cos \theta_{2}}{\cos \theta_{1}} T_{S}=0.853 \\
\bar{T}_{P}=\frac{\cos \theta_{2}}{\cos \theta_{1}} T_{P}=1
\end{gathered}
$$

The fact that the energy flow transmittance $\bar{T}_{P}=1$ for the $P$ component is expected because, when light is incident at the Brewster's angle $\left(\theta_{1}=\theta_{B}\right)$, the reflected light does not contain any $P$ component, meaning the entire energy of the incident $P$ component is transmitted.","\boxed{-2.06 \times 10^{-5}, -2.06 \times 10^{-3}}","NV, NV","\text{}^{-1}, \text{cm}^{-1}",True,EN,Math Derivation
5082,Electromagnetism,Wave Optics,Diffraction,"A hologram is recorded using a planar reference wave with a wavelength of $\lambda_1$ incident normally. The object is located at a distance of $z_{1} = 10 \, \text{cm}$ from the film. The reconstructed wave has a wavelength of $\lambda_{2} = 10 \lambda_{1}$ and propagates along the $z$-axis. Find the transverse magnification during reconstruction. The scale of the hologram remains unchanged during both recording and reconstruction.","Using the conclusion from the previous problem. In this problem, the object point coordinates are $\left(x_{1}, y_{1}, z_{1}\right)$, where $z_{1} = 10 \, \text{cm}$; the reference light source coordinates are $\left(x_{2}, y_{2}, z_{2}\right)$, where $z_{2} = \infty$; the reconstruction light source coordinates are $\left(x_{3}, y_{3}, z_{3}\right)$, where $z_{3} = \infty$. Substituting into equations (9), (10), and (11) from the previous problem, where $\zeta_{2} = \infty, \zeta_{3} = \infty$, we obtain

$$
\begin{aligned}
& z_{p} = \frac{1}{10} z_{1} \\
& x_{p} = x_{1}, \, y_{p} = y_{1}
\end{aligned}
$$

Thus, the transverse magnification is

$$
N = \frac{x_{p}}{x_{1}} = \frac{y_{p}}{y_{1}} = 1
$$",\boxed{1},NV,,False,EN,Laws Application
5083,Electromagnetism,Wave Optics,Interference,"Under paraxial conditions, how does the radius of equal inclination fringes depend on the order of interference?","As shown in the figure, let the focal length of the lens be $f$, the optical thickness of the film be $n h$, the angle of incidence be $i$, and the corresponding angle of refraction in the film layer be $\gamma$. For equal inclination interference fringes, the interference order is higher towards the inner rings and lower towards the outer rings, and the center is not necessarily exactly a bright spot (or dark spot). For convenience, let the order of the innermost interference ring be $k_{1}$, then the order of the ring $m$ levels outwards is $\left(k_{1}-m\right)$. Thus,

\[ 2 n h \cos \gamma_{1} = k_{1} \lambda \]

\[ 2 n h \cos \gamma_{m} = \left(k_{1} - m\right) \lambda' \]

Note that $\gamma_{1}, k_{1}$ are constants, while $\gamma_{m}, m$ are variables. Under paraxial conditions, $i_{m}, \gamma_{m}, \gamma_{1}$ are all much less than 1. The radius of the $m$-th fringe on the back focal plane (receiving surface) of the lens is

\[ 
\begin{aligned}
\rho_{m} & \approx f \sin i_{m} = n f \sin \gamma_{m} \\
& = n f \sqrt{1 - \cos^2 \gamma_{m}} = n f \sqrt{1 - \left(\frac{k_{1} \lambda - m \lambda'}{2 n h}\right)^2} \\
& = n f \sqrt{1 - \left(\cos \gamma_{1} - \frac{m \lambda'}{2 n h}\right)^2} \\
& = n f \sqrt{1 - \left[\cos^2 \gamma_{1} + \left(\frac{m \lambda'}{2 n h}\right)^2 - m \frac{\cos \gamma_{1} \lambda'}{n h}\right]}
\end{aligned}
\]

Ignoring $\left(\frac{m \lambda'}{2 n h}\right)^2 \approx 0$ and approximating $\cos^2 \gamma_{1} \approx \cos \gamma_{1} \approx 1$, it follows that

\[ 
\rho_{m} = f \sqrt{m \frac{n \lambda'}{h}} = \sqrt{m} \rho_{1}, \quad \rho_{1} = f \sqrt{\frac{n \lambda'}{h}} 
\]

where $\rho_{1}$ is a parameter. In conclusion, the radius of the equal inclination fringes is proportional to the square root of an integer, where the integer $m$ represents the number of fringes between the given interference ring and the closest central interference ring.","\boxed{\rho_{m} = \sqrt{m} \rho_{1}, \quad \rho_{1} = f \sqrt{\frac{n}{h}}}","EQ, EQ","None, \lambda'",True,EN,Math Derivation
5084,Electromagnetism,Wave Optics,Interference,"In a Michelson interferometer, one arm (reflector) moves uniformly with a velocity \( v \). A lens is used to receive the interference fringes and converges them onto a photoelectric device, converting the variation in light intensity into an electrical signal. If the frequency of the electrical signal is measured as \( \nu \), find the wavelength \( \lambda \) of the incident light.","According to

\[ 
\Delta h = \Delta N \frac{\lambda}{2} 
\]

Dividing both sides by the time interval \( \Delta t \), we have

\[ 
\frac{\Delta h}{\Delta t} = \frac{\Delta N}{\Delta t} \frac{\lambda}{2} 
\]

Thus,

\[ 
v = \nu \frac{\lambda}{2} 
\]

Therefore,

\[ 
\lambda = \frac{2 v}{\nu} 
\]",\boxed{\frac{2v}{\nu}},NV,,False,EN,Practical Application
5088,Electromagnetism,Wave Optics,Polarization,"A He-Ne laser operating at 6328  has planar mirrors at the ends of its resonant cavity, spaced 0.5 m apart. Calculate the frequency interval between the longitudinal modes of this laser.","Typically, when natural light is reflected at the interface of two media, the reflected light is partially polarized. However, when the angle of incidence satisfies

$$
\theta_{B}=\arctan \frac{n_{1}}{n_{0}}
$$

where $n_{0}$ and $n_{1}$ are the refractive indices of the incident medium and the refractive medium respectively, the reflected light is linearly polarized with vibrations perpendicular to the plane of incidence. This angle $\theta_{B}$ is called the Brewster's angle or the polarization angle.

The calculations for $r, R, \bar{R}$, and $t, T, \bar{T}$ for the $S$ and $P$ components are based on Fresnel's equations. Because the angle of incidence is Brewster's angle, the sum of the angle of incidence and the angle of refraction is $\frac{\pi}{2}$. Intensity refers to the average energy flow density, which is the time average of the Poynting vector, while energy flow equals the intensity multiplied by the cross-sectional area of the beam. The reflected light and incident light are in the same medium, with equal cross-sectional areas, while the refracted light and incident light are in different media, with different cross-sectional areas, which is noteworthy.

1. According to Fresnel's equations, the amplitude reflectance $r_{s}$ and amplitude transmittance $t_{s}$ for the $S$ component are

$$
\begin{gathered}
r_{s}=\frac{n_{1} \cos \theta_{1}-n_{2} \cos \theta_{2}}{n_{1} \cos \theta_{1}+n_{2} \cos \theta_{2}}=-\frac{\sin \left(\theta_{1}-\theta_{2}\right)}{\sin \left(\theta_{1}+\theta_{2}\right)} \\
t_{s}=\frac{2 n_{1} \cos \theta_{1}}{n_{1} \cos \theta_{1}+n_{2} \cos \theta_{2}}=\frac{2 \sin \theta_{2} \cos \theta_{1}}{\sin \left(\theta_{1}+\theta_{2}\right)}
\end{gathered}
$$

The amplitude reflectance $r_{P}$ and amplitude transmittance $t_{P}$ for the $P$ component are

$$
\begin{gathered}
r_{P}=\frac{n_{2} \cos \theta_{1}-n_{1} \cos \theta_{2}}{n_{2} \cos \theta_{1}+n_{1} \cos \theta_{2}}=\frac{\tan \left(\theta_{1}-\theta_{2}\right)}{\tan \left(\theta_{1}+\theta_{2}\right)} \\
t_{P}=\frac{2 n_{1} \cos \theta_{1}}{n_{2} \cos \theta_{1}+n_{1} \cos \theta_{2}}=\frac{2 \cos \theta_{1} \sin \theta_{2}}{\sin \left(\theta_{1}+\theta_{2}\right) \cos \left(\theta_{1}-\theta_{2}\right)}
\end{gathered}
$$

where $n_{1}=1$, $n_{2}=n=1.50$, $\theta_{1}$ is the angle of incidence, and $\theta_{2}$ is the angle of refraction. Since the angle of incidence is the Brewster's angle, we have

$$
\theta_{1}=\theta_{B}=\arctan n=\arctan 1.50=56.3^{\circ}
$$

Additionally,

$$
\theta_{1}+\theta_{2}=\frac{\pi}{2}
$$

Substituting into the formulas for $r_{s}$ and $r_{p}$, we obtain

$$
\begin{gathered}
r_{s}=-\frac{\sin \left(56.3^{\circ}-33.7^{\circ}\right)}{\sin \left(56.3^{\circ}+33.7^{\circ}\right)}=-0.384 \\
r_{p}=0
\end{gathered}
$$

Since the reflected light and incident light are in the same medium with equal cross-sectional areas, the intensity reflectance $R_{S}$ and $R_{P}$, as well as the energy flow reflectance $\bar{R}_{S}$ and $\bar{R}_{P}$ for the $S$ and $P$ components respectively, are

$$
\begin{aligned}
& R_{S}=\left|r_{S}\right|^{2}=0.148, \quad R_{P}=0 \\
& \bar{R}_{S}=\left|r_{S}\right|^{2}=0.148, \quad \bar{R}_{P}=0
\end{aligned}
$$

For the refracted light, substituting $\theta_{1}$ and $\theta_{2}$ into $t_{s}$ and $t_{P}$, we have

$$
\begin{gathered}
t_{s}=\frac{2 \sin \theta_{2} \cos \theta_{1}}{\sin \left(\theta_{1}+\theta_{2}\right)}=\frac{2 \sin 33.7^{\circ} \cos 56.3^{\circ}}{\sin \frac{\pi}{2}}=0.616 \\
t_{P}=\frac{2 \cos \theta_{1} \sin \theta_{2}}{\sin \left(\theta_{1}+\theta_{2}\right) \cos \left(\theta_{1}-\theta_{2}\right)}=\frac{2 \cos 56.3^{\circ} \sin 33.7^{\circ}}{\cos \left(56.3^{\circ}-33.7^{\circ}\right)}=0.667
\end{gathered}
$$

Since the refracted light and incident light are in different media with different cross-sectional areas, the intensity transmittance and energy flow transmittance are not simply equal to the square of the amplitude transmittance. The intensity refers to the average energy flow density, which is the time average of the Poynting vector, given by

$$
\widetilde{S}=\frac{1}{2} \sqrt{\frac{\varepsilon_{0} \varepsilon_{\mathrm{r}}}{\mu_{0} \mu_{\mathrm{r}}}} E^{2}
$$

where $E$ is the amplitude of the electric vector. Since $\mu_{\mathrm{r}} \approx 1$, and the speed of light in vacuum $c=\frac{1}{\sqrt{\varepsilon_{0}} \mu_{0}}$, and the refractive index $n=\sqrt{\varepsilon_{\mathrm{r}} \mu_{\mathrm{r}}} \approx \sqrt{\varepsilon_{\mathrm{r}}}$, this can be rewritten as

$$
\bar{S}=\frac{1}{2 c \mu_{0}} n E^{2}
$$

Thus, the intensity is proportional to $n E^{2}$, and the intensity transmittance is

$$
T=\frac{\bar{S}_{2}}{\bar{S}_{1}}=\frac{n_{2}}{n_{1}} t^{2}
$$

The intensity transmittance for the $S$ and $P$ components is

$$
\begin{aligned}
& T_{S}=\frac{n_{2}}{n_{1}} t_{S}^{2}=n t_{S}^{2}=0.569 \\
& T_{P}=\frac{n_{2}}{n_{1}} t_{P}^{2}=n t_{P}^{2}=0.667
\end{aligned}
$$

The energy flow equals the intensity multiplied by the cross-sectional area of the beam, and the ratio of the cross-sectional areas of the refracted beam to the incident beam is $\frac{\cos \theta_{2}}{\cos \theta_{1}}$, so the energy flow transmittance is

$$
\bar{T}=\frac{\bar{S}_{2} \cos \theta_{2}}{\bar{S}_{1} \cos \theta_{1}}=\frac{n_{2} \cos \theta_{2}}{n_{1} \cos \theta_{1}} t^{2}=\frac{\cos \theta_{2}}{\cos \theta_{1}} T
$$

Substituting the values, the energy flow transmittance for the $S$ and $P$ components is

$$
\begin{gathered}
\bar{T}_{S}=\frac{\cos \theta_{2}}{\cos \theta_{1}} T_{S}=0.853 \\
\bar{T}_{P}=\frac{\cos \theta_{2}}{\cos \theta_{1}} T_{P}=1
\end{gathered}
$$

The fact that the energy flow transmittance $\bar{T}_{P}=1$ for the $P$ component is expected because, when light is incident at the Brewster's angle $\left(\theta_{1}=\theta_{B}\right)$, the reflected light does not contain any $P$ component, meaning the entire energy of the incident $P$ component is transmitted.",\boxed{3 \times 10^{8}},NV,\text{Hz},False,EN,Knowledge Recall
5089,Electromagnetism,Wave Optics,Diffraction,"Use the Fourier transform to find the Fraunhofer diffraction of a cosine-type amplitude transmission function with a period of $a$, i.e., the optical field at the back focal plane of the lens. Determine $F(u)$ and the distribution of the optical field in the $u$ coordinate.","Thus, we have

$$
F(u) = \mathscr{F}\{f(x)\} = \frac{A}{2}\left[\delta\left(u + \frac{1}{a}\right) + \delta\left(u - \frac{1}{a}\right)\right]
$$

where $u = x / \lambda f$. These represent two bright spots at $u = 1 / a$ and $u = -1 / a$, corresponding to the spatial frequency of the object function.",\boxed{\frac{A}{2}\left[\delta\left(u + \frac{1}{a}\right) + \delta\left(u - \frac{1}{a}\right)\right]},EX,,False,EN,Math Derivation
5090,Electromagnetism,Wave Optics,Diffraction,"The absorption coefficient of a uniform medium is $\alpha = 0.32 \, \mathrm{cm}^{-1}$. Calculate the thickness of the medium when the transmitted light intensity is 0.5 times the incident light intensity.","Using the equation $I = I_{0} \mathrm{e}^{-\alpha l}$, we have $l = \frac{\ln (I_{0} / I)}{\alpha} = \frac{\lg (I_{0} / I)}{0.434 \alpha}$. Given that $\alpha = 0.32 \, \mathrm{cm}^{-1}$,\\
when $\frac{I_{0}}{I} = \frac{1}{0.5} = 2$, we find

$$
l = \frac{\lg (2)}{0.434 \times 0.32} = 2.1661 \, \mathrm{cm}
$$",\boxed{2.1661},NV,,False,EN,Laws Application
5091,Electromagnetism,Wave Optics,Polarization,"Based on the following data, calculate the free spectral range of a Fabry-Prot cavity. The length of the Fabry-Prot cavity is \(h=5 \mathrm{~cm}\), with the wavelength around the central region being \(\lambda=5500 \text{ }\), and \(n=1.0\).","Typically, when natural light is reflected at the interface of two media, the reflected light is partially polarized. However, when the angle of incidence satisfies

$$
\theta_{B}=\arctan \frac{n_{1}}{n_{0}}
$$

where $n_{0}$ and $n_{1}$ are the refractive indices of the incident medium and the refractive medium respectively, the reflected light is linearly polarized with vibrations perpendicular to the plane of incidence. This angle $\theta_{B}$ is called the Brewster's angle or the polarization angle.

The calculations for $r, R, \bar{R}$, and $t, T, \bar{T}$ for the $S$ and $P$ components are based on Fresnel's equations. Because the angle of incidence is Brewster's angle, the sum of the angle of incidence and the angle of refraction is $\frac{\pi}{2}$. Intensity refers to the average energy flow density, which is the time average of the Poynting vector, while energy flow equals the intensity multiplied by the cross-sectional area of the beam. The reflected light and incident light are in the same medium, with equal cross-sectional areas, while the refracted light and incident light are in different media, with different cross-sectional areas, which is noteworthy.

1. According to Fresnel's equations, the amplitude reflectance $r_{s}$ and amplitude transmittance $t_{s}$ for the $S$ component are

$$
\begin{gathered}
r_{s}=\frac{n_{1} \cos \theta_{1}-n_{2} \cos \theta_{2}}{n_{1} \cos \theta_{1}+n_{2} \cos \theta_{2}}=-\frac{\sin \left(\theta_{1}-\theta_{2}\right)}{\sin \left(\theta_{1}+\theta_{2}\right)} \\
t_{s}=\frac{2 n_{1} \cos \theta_{1}}{n_{1} \cos \theta_{1}+n_{2} \cos \theta_{2}}=\frac{2 \sin \theta_{2} \cos \theta_{1}}{\sin \left(\theta_{1}+\theta_{2}\right)}
\end{gathered}
$$

The amplitude reflectance $r_{P}$ and amplitude transmittance $t_{P}$ for the $P$ component are

$$
\begin{gathered}
r_{P}=\frac{n_{2} \cos \theta_{1}-n_{1} \cos \theta_{2}}{n_{2} \cos \theta_{1}+n_{1} \cos \theta_{2}}=\frac{\tan \left(\theta_{1}-\theta_{2}\right)}{\tan \left(\theta_{1}+\theta_{2}\right)} \\
t_{P}=\frac{2 n_{1} \cos \theta_{1}}{n_{2} \cos \theta_{1}+n_{1} \cos \theta_{2}}=\frac{2 \cos \theta_{1} \sin \theta_{2}}{\sin \left(\theta_{1}+\theta_{2}\right) \cos \left(\theta_{1}-\theta_{2}\right)}
\end{gathered}
$$

where $n_{1}=1$, $n_{2}=n=1.50$, $\theta_{1}$ is the angle of incidence, and $\theta_{2}$ is the angle of refraction. Since the angle of incidence is the Brewster's angle, we have

$$
\theta_{1}=\theta_{B}=\arctan n=\arctan 1.50=56.3^{\circ}
$$

Additionally,

$$
\theta_{1}+\theta_{2}=\frac{\pi}{2}
$$

Substituting into the formulas for $r_{s}$ and $r_{p}$, we obtain

$$
\begin{gathered}
r_{s}=-\frac{\sin \left(56.3^{\circ}-33.7^{\circ}\right)}{\sin \left(56.3^{\circ}+33.7^{\circ}\right)}=-0.384 \\
r_{p}=0
\end{gathered}
$$

Since the reflected light and incident light are in the same medium with equal cross-sectional areas, the intensity reflectance $R_{S}$ and $R_{P}$, as well as the energy flow reflectance $\bar{R}_{S}$ and $\bar{R}_{P}$ for the $S$ and $P$ components respectively, are

$$
\begin{aligned}
& R_{S}=\left|r_{S}\right|^{2}=0.148, \quad R_{P}=0 \\
& \bar{R}_{S}=\left|r_{S}\right|^{2}=0.148, \quad \bar{R}_{P}=0
\end{aligned}
$$

For the refracted light, substituting $\theta_{1}$ and $\theta_{2}$ into $t_{s}$ and $t_{P}$, we have

$$
\begin{gathered}
t_{s}=\frac{2 \sin \theta_{2} \cos \theta_{1}}{\sin \left(\theta_{1}+\theta_{2}\right)}=\frac{2 \sin 33.7^{\circ} \cos 56.3^{\circ}}{\sin \frac{\pi}{2}}=0.616 \\
t_{P}=\frac{2 \cos \theta_{1} \sin \theta_{2}}{\sin \left(\theta_{1}+\theta_{2}\right) \cos \left(\theta_{1}-\theta_{2}\right)}=\frac{2 \cos 56.3^{\circ} \sin 33.7^{\circ}}{\cos \left(56.3^{\circ}-33.7^{\circ}\right)}=0.667
\end{gathered}
$$

Since the refracted light and incident light are in different media with different cross-sectional areas, the intensity transmittance and energy flow transmittance are not simply equal to the square of the amplitude transmittance. The intensity refers to the average energy flow density, which is the time average of the Poynting vector, given by

$$
\widetilde{S}=\frac{1}{2} \sqrt{\frac{\varepsilon_{0} \varepsilon_{\mathrm{r}}}{\mu_{0} \mu_{\mathrm{r}}}} E^{2}
$$

where $E$ is the amplitude of the electric vector. Since $\mu_{\mathrm{r}} \approx 1$, and the speed of light in vacuum $c=\frac{1}{\sqrt{\varepsilon_{0}} \mu_{0}}$, and the refractive index $n=\sqrt{\varepsilon_{\mathrm{r}} \mu_{\mathrm{r}}} \approx \sqrt{\varepsilon_{\mathrm{r}}}$, this can be rewritten as

$$
\bar{S}=\frac{1}{2 c \mu_{0}} n E^{2}
$$

Thus, the intensity is proportional to $n E^{2}$, and the intensity transmittance is

$$
T=\frac{\bar{S}_{2}}{\bar{S}_{1}}=\frac{n_{2}}{n_{1}} t^{2}
$$

The intensity transmittance for the $S$ and $P$ components is

$$
\begin{aligned}
& T_{S}=\frac{n_{2}}{n_{1}} t_{S}^{2}=n t_{S}^{2}=0.569 \\
& T_{P}=\frac{n_{2}}{n_{1}} t_{P}^{2}=n t_{P}^{2}=0.667
\end{aligned}
$$

The energy flow equals the intensity multiplied by the cross-sectional area of the beam, and the ratio of the cross-sectional areas of the refracted beam to the incident beam is $\frac{\cos \theta_{2}}{\cos \theta_{1}}$, so the energy flow transmittance is

$$
\bar{T}=\frac{\bar{S}_{2} \cos \theta_{2}}{\bar{S}_{1} \cos \theta_{1}}=\frac{n_{2} \cos \theta_{2}}{n_{1} \cos \theta_{1}} t^{2}=\frac{\cos \theta_{2}}{\cos \theta_{1}} T
$$

Substituting the values, the energy flow transmittance for the $S$ and $P$ components is

$$
\begin{gathered}
\bar{T}_{S}=\frac{\cos \theta_{2}}{\cos \theta_{1}} T_{S}=0.853 \\
\bar{T}_{P}=\frac{\cos \theta_{2}}{\cos \theta_{1}} T_{P}=1
\end{gathered}
$$

The fact that the energy flow transmittance $\bar{T}_{P}=1$ for the $P$ component is expected because, when light is incident at the Brewster's angle $\left(\theta_{1}=\theta_{B}\right)$, the reflected light does not contain any $P$ component, meaning the entire energy of the incident $P$ component is transmitted.",\boxed{0.03},NV,\text{\AA},False,EN,Practical Application
5098,Electromagnetism,Wave Optics,Polarization,"Observe the Michelson interference fringes using sodium light at \(5893 \, \text{}\). Initially, there are 12 bright rings with the center being bright. After moving the plane mirror \(M_{1}\), the center has absorbed (or emitted) 10 rings, and at this point, there are 5 bright rings left in the interference field. Determine the displacement of \(M_{1}\).","Typically, when natural light is reflected at the interface of two media, the reflected light is partially polarized. However, when the angle of incidence satisfies

$$
\theta_{B}=\arctan \frac{n_{1}}{n_{0}}
$$

where $n_{0}$ and $n_{1}$ are the refractive indices of the incident medium and the refractive medium respectively, the reflected light is linearly polarized with vibrations perpendicular to the plane of incidence. This angle $\theta_{B}$ is called the Brewster's angle or the polarization angle.

The calculations for $r, R, \bar{R}$, and $t, T, \bar{T}$ for the $S$ and $P$ components are based on Fresnel's equations. Because the angle of incidence is Brewster's angle, the sum of the angle of incidence and the angle of refraction is $\frac{\pi}{2}$. Intensity refers to the average energy flow density, which is the time average of the Poynting vector, while energy flow equals the intensity multiplied by the cross-sectional area of the beam. The reflected light and incident light are in the same medium, with equal cross-sectional areas, while the refracted light and incident light are in different media, with different cross-sectional areas, which is noteworthy.

1. According to Fresnel's equations, the amplitude reflectance $r_{s}$ and amplitude transmittance $t_{s}$ for the $S$ component are

$$
\begin{gathered}
r_{s}=\frac{n_{1} \cos \theta_{1}-n_{2} \cos \theta_{2}}{n_{1} \cos \theta_{1}+n_{2} \cos \theta_{2}}=-\frac{\sin \left(\theta_{1}-\theta_{2}\right)}{\sin \left(\theta_{1}+\theta_{2}\right)} \\
t_{s}=\frac{2 n_{1} \cos \theta_{1}}{n_{1} \cos \theta_{1}+n_{2} \cos \theta_{2}}=\frac{2 \sin \theta_{2} \cos \theta_{1}}{\sin \left(\theta_{1}+\theta_{2}\right)}
\end{gathered}
$$

The amplitude reflectance $r_{P}$ and amplitude transmittance $t_{P}$ for the $P$ component are

$$
\begin{gathered}
r_{P}=\frac{n_{2} \cos \theta_{1}-n_{1} \cos \theta_{2}}{n_{2} \cos \theta_{1}+n_{1} \cos \theta_{2}}=\frac{\tan \left(\theta_{1}-\theta_{2}\right)}{\tan \left(\theta_{1}+\theta_{2}\right)} \\
t_{P}=\frac{2 n_{1} \cos \theta_{1}}{n_{2} \cos \theta_{1}+n_{1} \cos \theta_{2}}=\frac{2 \cos \theta_{1} \sin \theta_{2}}{\sin \left(\theta_{1}+\theta_{2}\right) \cos \left(\theta_{1}-\theta_{2}\right)}
\end{gathered}
$$

where $n_{1}=1$, $n_{2}=n=1.50$, $\theta_{1}$ is the angle of incidence, and $\theta_{2}$ is the angle of refraction. Since the angle of incidence is the Brewster's angle, we have

$$
\theta_{1}=\theta_{B}=\arctan n=\arctan 1.50=56.3^{\circ}
$$

Additionally,

$$
\theta_{1}+\theta_{2}=\frac{\pi}{2}
$$

Substituting into the formulas for $r_{s}$ and $r_{p}$, we obtain

$$
\begin{gathered}
r_{s}=-\frac{\sin \left(56.3^{\circ}-33.7^{\circ}\right)}{\sin \left(56.3^{\circ}+33.7^{\circ}\right)}=-0.384 \\
r_{p}=0
\end{gathered}
$$

Since the reflected light and incident light are in the same medium with equal cross-sectional areas, the intensity reflectance $R_{S}$ and $R_{P}$, as well as the energy flow reflectance $\bar{R}_{S}$ and $\bar{R}_{P}$ for the $S$ and $P$ components respectively, are

$$
\begin{aligned}
& R_{S}=\left|r_{S}\right|^{2}=0.148, \quad R_{P}=0 \\
& \bar{R}_{S}=\left|r_{S}\right|^{2}=0.148, \quad \bar{R}_{P}=0
\end{aligned}
$$

For the refracted light, substituting $\theta_{1}$ and $\theta_{2}$ into $t_{s}$ and $t_{P}$, we have

$$
\begin{gathered}
t_{s}=\frac{2 \sin \theta_{2} \cos \theta_{1}}{\sin \left(\theta_{1}+\theta_{2}\right)}=\frac{2 \sin 33.7^{\circ} \cos 56.3^{\circ}}{\sin \frac{\pi}{2}}=0.616 \\
t_{P}=\frac{2 \cos \theta_{1} \sin \theta_{2}}{\sin \left(\theta_{1}+\theta_{2}\right) \cos \left(\theta_{1}-\theta_{2}\right)}=\frac{2 \cos 56.3^{\circ} \sin 33.7^{\circ}}{\cos \left(56.3^{\circ}-33.7^{\circ}\right)}=0.667
\end{gathered}
$$

Since the refracted light and incident light are in different media with different cross-sectional areas, the intensity transmittance and energy flow transmittance are not simply equal to the square of the amplitude transmittance. The intensity refers to the average energy flow density, which is the time average of the Poynting vector, given by

$$
\widetilde{S}=\frac{1}{2} \sqrt{\frac{\varepsilon_{0} \varepsilon_{\mathrm{r}}}{\mu_{0} \mu_{\mathrm{r}}}} E^{2}
$$

where $E$ is the amplitude of the electric vector. Since $\mu_{\mathrm{r}} \approx 1$, and the speed of light in vacuum $c=\frac{1}{\sqrt{\varepsilon_{0}} \mu_{0}}$, and the refractive index $n=\sqrt{\varepsilon_{\mathrm{r}} \mu_{\mathrm{r}}} \approx \sqrt{\varepsilon_{\mathrm{r}}}$, this can be rewritten as

$$
\bar{S}=\frac{1}{2 c \mu_{0}} n E^{2}
$$

Thus, the intensity is proportional to $n E^{2}$, and the intensity transmittance is

$$
T=\frac{\bar{S}_{2}}{\bar{S}_{1}}=\frac{n_{2}}{n_{1}} t^{2}
$$

The intensity transmittance for the $S$ and $P$ components is

$$
\begin{aligned}
& T_{S}=\frac{n_{2}}{n_{1}} t_{S}^{2}=n t_{S}^{2}=0.569 \\
& T_{P}=\frac{n_{2}}{n_{1}} t_{P}^{2}=n t_{P}^{2}=0.667
\end{aligned}
$$

The energy flow equals the intensity multiplied by the cross-sectional area of the beam, and the ratio of the cross-sectional areas of the refracted beam to the incident beam is $\frac{\cos \theta_{2}}{\cos \theta_{1}}$, so the energy flow transmittance is

$$
\bar{T}=\frac{\bar{S}_{2} \cos \theta_{2}}{\bar{S}_{1} \cos \theta_{1}}=\frac{n_{2} \cos \theta_{2}}{n_{1} \cos \theta_{1}} t^{2}=\frac{\cos \theta_{2}}{\cos \theta_{1}} T
$$

Substituting the values, the energy flow transmittance for the $S$ and $P$ components is

$$
\begin{gathered}
\bar{T}_{S}=\frac{\cos \theta_{2}}{\cos \theta_{1}} T_{S}=0.853 \\
\bar{T}_{P}=\frac{\cos \theta_{2}}{\cos \theta_{1}} T_{P}=1
\end{gathered}
$$

The fact that the energy flow transmittance $\bar{T}_{P}=1$ for the $P$ component is expected because, when light is incident at the Brewster's angle $\left(\theta_{1}=\theta_{B}\right)$, the reflected light does not contain any $P$ component, meaning the entire energy of the incident $P$ component is transmitted.",\boxed{2.947},NV,,False,EN,Practical Application
5099,Electromagnetism,Wave Optics,Polarization,"A polarizer $P_1$ emits polarized light with an intensity of $\frac{1}{2} I_{\text{in}}$. When the transmission axis of a middle polarizer $P_2$ forms an angle $\theta = \omega t$ with $P_1$, find the transmitted light intensity $I_m$.","The transmitted light intensity $I_m$ is given by $I_1 \cos^2 \theta$. Here, $I_1 = \frac{1}{2} I_{\text{in}}$, therefore:

$$
I_m = \frac{1}{2} I_{\text{in}} \cos^2 \theta
$$",\boxed{\frac{1}{2} I_{\text{in}} \cos^2 \theta},EX,,False,EN,Laws Application
5100,Electromagnetism,Wave Optics,Diffraction,"Based on the following data, calculate the resolving power of the grating. The width of the grating is \(D=5 \mathrm{~cm}\), and the groove density is \(1/d=600\) lines/\(\mathrm{mm}\).","The spectral resolving power of the grating for the first order is

\[ R_{1}=N=3 \times 10^{4} \]",\boxed{3 \times 10^{4}},NV,,False,EN,Knowledge Recall
5101,Electromagnetism,Wave Optics,Interference,"Assume the reflective surface is an ideal plane. The wavenumber difference between two spectral lines is $\Delta \delta = 0.10 \, \mathrm{cm}^{-1}$, and the spacing between the surfaces $t = 1 \, \mathrm{mm}$. In this case, calculate what the reflectance $R$ should be?","From

$$
\frac{\Delta \lambda}{\lambda^{2}} = \frac{1}{2 \pi t} = \frac{1 - R}{\sqrt{R}} = 0.10
$$

substitute $t=0.1 \, \mathrm{cm}$, solving the equation gives $R = 0.93$.",\boxed{R = 0.93},EQ,,False,EN,Practical Application
5104,Electromagnetism,Wave Optics,Polarization,"A quartz plate with a thickness of 1.0 mm is cut perpendicular to the optical axis, and it rotates the plane of polarization of light at a certain wavelength by $20^{\circ}$. How thick should the quartz plate be to completely extinguish this wavelength of light?","Given $P_{1} // P_{2}$. Thus, the plane of polarization of light must be rotated by $90^{\circ}$ to extinguish the light.

$$
\begin{gathered}
\varphi_{1} = \alpha d_{1} \\
\varphi_{2} = \alpha d_{2} \\
\varphi_{1} / \varphi_{2} = d_{1} / d_{2} \\
d_{2} = d_{1} \cdot \frac{\varphi_{2}}{\varphi_{1}} = 1 \times \frac{90}{20} = 4.5 \, \text{mm}
\end{gathered}
$$",\boxed{4.5},NV,\text{mm},False,EN,Knowledge Recall
5106,Electromagnetism,Wave Optics,Diffraction,"Use the Fourier transform to derive the expression for the diffraction pattern of a single slit. Assume the slit width is $a$, and write down the intensity distribution expression on the rear focal plane.","The intensity distribution on the rear focal plane can also be expressed as

$$
I = I_{0} \operatorname{sinc}^{2}(a u) = I_{0} \frac{\sin^{2}(\beta)}{\beta^{2}}
$$

where $\beta = \pi a u = \pi a x / \lambda f$.",\boxed{I = I_{0} \frac{\sin^{2}(\beta)}{\beta^{2}}},EQ,,False,EN,Math Derivation
5108,Electromagnetism,Wave Optics,Polarization,"Green light with a wavelength of $5000 \, \text{}$ is incident perpendicularly on a grating with a grating constant of $2.5 \times 10^{-4} \, \text{cm}$ and a width of 3 cm. The focal length of the converging lens is 50 cm. Find the smallest wavelength difference that can be resolved in the first-order spectrum.","Typically, when natural light is reflected at the interface of two media, the reflected light is partially polarized. However, when the angle of incidence satisfies

$$
\theta_{B}=\arctan \frac{n_{1}}{n_{0}}
$$

where $n_{0}$ and $n_{1}$ are the refractive indices of the incident medium and the refractive medium respectively, the reflected light is linearly polarized with vibrations perpendicular to the plane of incidence. This angle $\theta_{B}$ is called the Brewster's angle or the polarization angle.

The calculations for $r, R, \bar{R}$, and $t, T, \bar{T}$ for the $S$ and $P$ components are based on Fresnel's equations. Because the angle of incidence is Brewster's angle, the sum of the angle of incidence and the angle of refraction is $\frac{\pi}{2}$. Intensity refers to the average energy flow density, which is the time average of the Poynting vector, while energy flow equals the intensity multiplied by the cross-sectional area of the beam. The reflected light and incident light are in the same medium, with equal cross-sectional areas, while the refracted light and incident light are in different media, with different cross-sectional areas, which is noteworthy.

1. According to Fresnel's equations, the amplitude reflectance $r_{s}$ and amplitude transmittance $t_{s}$ for the $S$ component are

$$
\begin{gathered}
r_{s}=\frac{n_{1} \cos \theta_{1}-n_{2} \cos \theta_{2}}{n_{1} \cos \theta_{1}+n_{2} \cos \theta_{2}}=-\frac{\sin \left(\theta_{1}-\theta_{2}\right)}{\sin \left(\theta_{1}+\theta_{2}\right)} \\
t_{s}=\frac{2 n_{1} \cos \theta_{1}}{n_{1} \cos \theta_{1}+n_{2} \cos \theta_{2}}=\frac{2 \sin \theta_{2} \cos \theta_{1}}{\sin \left(\theta_{1}+\theta_{2}\right)}
\end{gathered}
$$

The amplitude reflectance $r_{P}$ and amplitude transmittance $t_{P}$ for the $P$ component are

$$
\begin{gathered}
r_{P}=\frac{n_{2} \cos \theta_{1}-n_{1} \cos \theta_{2}}{n_{2} \cos \theta_{1}+n_{1} \cos \theta_{2}}=\frac{\tan \left(\theta_{1}-\theta_{2}\right)}{\tan \left(\theta_{1}+\theta_{2}\right)} \\
t_{P}=\frac{2 n_{1} \cos \theta_{1}}{n_{2} \cos \theta_{1}+n_{1} \cos \theta_{2}}=\frac{2 \cos \theta_{1} \sin \theta_{2}}{\sin \left(\theta_{1}+\theta_{2}\right) \cos \left(\theta_{1}-\theta_{2}\right)}
\end{gathered}
$$

where $n_{1}=1$, $n_{2}=n=1.50$, $\theta_{1}$ is the angle of incidence, and $\theta_{2}$ is the angle of refraction. Since the angle of incidence is the Brewster's angle, we have

$$
\theta_{1}=\theta_{B}=\arctan n=\arctan 1.50=56.3^{\circ}
$$

Additionally,

$$
\theta_{1}+\theta_{2}=\frac{\pi}{2}
$$

Substituting into the formulas for $r_{s}$ and $r_{p}$, we obtain

$$
\begin{gathered}
r_{s}=-\frac{\sin \left(56.3^{\circ}-33.7^{\circ}\right)}{\sin \left(56.3^{\circ}+33.7^{\circ}\right)}=-0.384 \\
r_{p}=0
\end{gathered}
$$

Since the reflected light and incident light are in the same medium with equal cross-sectional areas, the intensity reflectance $R_{S}$ and $R_{P}$, as well as the energy flow reflectance $\bar{R}_{S}$ and $\bar{R}_{P}$ for the $S$ and $P$ components respectively, are

$$
\begin{aligned}
& R_{S}=\left|r_{S}\right|^{2}=0.148, \quad R_{P}=0 \\
& \bar{R}_{S}=\left|r_{S}\right|^{2}=0.148, \quad \bar{R}_{P}=0
\end{aligned}
$$

For the refracted light, substituting $\theta_{1}$ and $\theta_{2}$ into $t_{s}$ and $t_{P}$, we have

$$
\begin{gathered}
t_{s}=\frac{2 \sin \theta_{2} \cos \theta_{1}}{\sin \left(\theta_{1}+\theta_{2}\right)}=\frac{2 \sin 33.7^{\circ} \cos 56.3^{\circ}}{\sin \frac{\pi}{2}}=0.616 \\
t_{P}=\frac{2 \cos \theta_{1} \sin \theta_{2}}{\sin \left(\theta_{1}+\theta_{2}\right) \cos \left(\theta_{1}-\theta_{2}\right)}=\frac{2 \cos 56.3^{\circ} \sin 33.7^{\circ}}{\cos \left(56.3^{\circ}-33.7^{\circ}\right)}=0.667
\end{gathered}
$$

Since the refracted light and incident light are in different media with different cross-sectional areas, the intensity transmittance and energy flow transmittance are not simply equal to the square of the amplitude transmittance. The intensity refers to the average energy flow density, which is the time average of the Poynting vector, given by

$$
\widetilde{S}=\frac{1}{2} \sqrt{\frac{\varepsilon_{0} \varepsilon_{\mathrm{r}}}{\mu_{0} \mu_{\mathrm{r}}}} E^{2}
$$

where $E$ is the amplitude of the electric vector. Since $\mu_{\mathrm{r}} \approx 1$, and the speed of light in vacuum $c=\frac{1}{\sqrt{\varepsilon_{0}} \mu_{0}}$, and the refractive index $n=\sqrt{\varepsilon_{\mathrm{r}} \mu_{\mathrm{r}}} \approx \sqrt{\varepsilon_{\mathrm{r}}}$, this can be rewritten as

$$
\bar{S}=\frac{1}{2 c \mu_{0}} n E^{2}
$$

Thus, the intensity is proportional to $n E^{2}$, and the intensity transmittance is

$$
T=\frac{\bar{S}_{2}}{\bar{S}_{1}}=\frac{n_{2}}{n_{1}} t^{2}
$$

The intensity transmittance for the $S$ and $P$ components is

$$
\begin{aligned}
& T_{S}=\frac{n_{2}}{n_{1}} t_{S}^{2}=n t_{S}^{2}=0.569 \\
& T_{P}=\frac{n_{2}}{n_{1}} t_{P}^{2}=n t_{P}^{2}=0.667
\end{aligned}
$$

The energy flow equals the intensity multiplied by the cross-sectional area of the beam, and the ratio of the cross-sectional areas of the refracted beam to the incident beam is $\frac{\cos \theta_{2}}{\cos \theta_{1}}$, so the energy flow transmittance is

$$
\bar{T}=\frac{\bar{S}_{2} \cos \theta_{2}}{\bar{S}_{1} \cos \theta_{1}}=\frac{n_{2} \cos \theta_{2}}{n_{1} \cos \theta_{1}} t^{2}=\frac{\cos \theta_{2}}{\cos \theta_{1}} T
$$

Substituting the values, the energy flow transmittance for the $S$ and $P$ components is

$$
\begin{gathered}
\bar{T}_{S}=\frac{\cos \theta_{2}}{\cos \theta_{1}} T_{S}=0.853 \\
\bar{T}_{P}=\frac{\cos \theta_{2}}{\cos \theta_{1}} T_{P}=1
\end{gathered}
$$

The fact that the energy flow transmittance $\bar{T}_{P}=1$ for the $P$ component is expected because, when light is incident at the Brewster's angle $\left(\theta_{1}=\theta_{B}\right)$, the reflected light does not contain any $P$ component, meaning the entire energy of the incident $P$ component is transmitted.",\boxed{0.42},NV,\text{},False,EN,Laws Application
5111,Electromagnetism,Wave Optics,Diffraction,"Use Fourier transform to find the expression for the light field of single-slit diffraction. Given the slit width as $a$, determine the expression for the light intensity after single-slit diffraction.","The light intensity is

$$
I = a^{2} \operatorname{sinc}^{2}(a u) = I_{0} \operatorname{sinc}^{2}(a u)
$$

where the sinc function is defined as

$$
\operatorname{sinc}(x) \equiv \frac{\sin (\pi x)}{\pi x}
$$",\boxed{I = I_0 \operatorname{sinc}^{2}(a u)},EQ,,False,EN,Math Derivation
5113,Electromagnetism,Wave Optics,Diffraction,"Use the Fourier transform to derive the expression for the light field of single-slit diffraction. Given that the slit width is $a$, find the Fourier transform expression of the amplitude transmission function.","Assume the slit width is $a$. The amplitude transmission function obtained when a plane wave of unit amplitude perpendicularly illuminates the slit is a one-dimensional rectangular function:

$$
\operatorname{rect}(x / a) \equiv \begin{cases}1, & |x|<a / 2 \\ 0, & |x|>a / 2\end{cases}
$$

The Fraunhofer diffraction of a single slit is the Fourier transform of this amplitude transmission function. We have:

$$
\mathscr{F}\left[\operatorname{rect}\left(\frac{x}{a}\right)\right]=\int_{-a / 2}^{a / 2} \mathrm{e}^{2 \pi i u x} \mathrm{~d} x=\frac{\sin (\pi a u)}{\pi u}=a \operatorname{sinc}(a u)
$$

where $u=x / \lambda f$.",\boxed{a \operatorname{sinc}(a u)},EX,,False,EN,Math Derivation
5114,Electromagnetism,Wave Optics,Interference,"In a Michelson interferometer, one arm (mirror) uniformly moves at a speed \( v \). The interference fringes are collected by a lens and focused onto a photodetector, converting changes in light intensity into an electrical signal. If the incident light wavelength is around \( 0.6 \, \mu \mathrm{m} \), what should the speed of the translating mirror be to maintain the signal frequency at 50 Hz?","According to the relationship above, the speed of the moving mirror can be estimated using

$$
v=\frac{1}{2} \nu \lambda
$$

If \(\lambda=0.6 \, \mu \mathrm{m}\) and \(\nu=50 \, \mathrm{Hz}\), then

$$
v=15 \, \mu \mathrm{m}/\mathrm{s}
$$

The speed of the moving mirror in a rapid-scan Fourier transform spectrometer falls within this range.",\boxed{15},NV,\mu \mathrm{m}/\mathrm{s},False,EN,Laws Application
5115,Electromagnetism,Wave Optics,Diffraction,"At night, a photo of Earth is taken from an artificial satellite. If the focal length of the camera lens used is $50 \mathrm{~mm}$ and the f-number is 2, can the lights of two car headlights be resolved at a distance of 100 km?","According to Rayleigh's criterion, the resolvable limit angle of the camera is

$$
\begin{aligned}
\theta_{1} & = 1.22 \frac{\lambda}{d} = 1.22 \frac{\lambda}{f'/f} \\
& \approx 1.22 \times \frac{0.6 \times 10^{-3}}{50/2} \approx 3 \times 10^{-5}\,(\text{rad})
\end{aligned}
$$

Here, the definition that the f-number is the reciprocal of the relative aperture has been used, i.e.,

$$
\frac{1}{f} \equiv \frac{d}{f'}
$$

where $f'$ is the focal length. Assuming the distance between the car headlights is approximately 1 m, then the angular separation of the two headlights is

$$
\theta \approx \frac{1}{100 \times 10^{3}} \approx 1 \times 10^{-5} < \theta_{1}
$$

Therefore, these two car headlights cannot be resolved.",\boxed{No},TF,,False,EN,Laws Application
5116,Electromagnetism,Wave Optics,Diffraction,"The transmission function of a sinusoidal grating is given by

$$
\widetilde{t}(x, y) = t_{0} + t_{1} \cos(2 \pi f x)
$$

Now it is translated along the $x$ direction by $\Delta x = d/6$. Write down the expression for the transmission function after the shift ($d$ is the spatial period of the transmission function).","The displacement $\Delta x$ causes a phase shift $\Delta \varphi$, with the quantitative relationship between them given by

$$
\Delta \varphi = -2 \pi f \Delta x = -\frac{2 \pi}{d} \Delta x
$$

The expression for the transmission function becomes

$$
t(x, y) = t_{0} + t_{1} \cos(2 \pi f x + \Delta \varphi)
$$

When $\Delta x = \frac{d}{6}$, $\Delta \varphi = -\frac{\pi}{3}$.","\boxed{t(x, y) = t_{0} + t_{1} \cos\left(2 \pi f x - \frac{\pi}{3}\right)}",EQ,,False,EN,Laws Application
5117,Electromagnetism,Wave Optics,Diffraction,"A plane wave with wavelength $\lambda$ is incident on a slit system containing three slits, each of width $a$ and spaced apart by $d$. The middle slit is covered with a filter causing a $180^{\circ}$ phase shift. Calculate the angle $\theta$ at the first-order interference maximum.","At the first-order interference maximum

$$  
\frac{\pi d \sin \theta}{\lambda} = \pm \frac{\pi}{2}, \quad \theta = \pm \arcsin \frac{\lambda}{2 d}  
$$",\boxed{\theta = \pm \arcsin \frac{\lambda}{2d}},EQ,,False,EN,Laws Application
5120,Electromagnetism,Wave Optics,Diffraction,"A useful grating structure is one that diffracts a parallel beam of light in the opposite direction to itself. If light with two wavelengths \( \lambda_{1} \) and \( \frac{\lambda_{1}}{2} \) is incident, can a grating with this structure monochromatize the light beam? Why?","For the first-order blaze wavelength \( \lambda_{1} \), a blazed grating will also produce second-order and third-order blaze wavelengths of \( \lambda_{1}/2, \lambda_{1}/3 \), and so on. Therefore, a grating with this structure cannot separate a light beam consisting of two wavelengths \( \lambda_{1} \) and \( \lambda_{1}/2 \).

$$
<image 1>
$$",\boxed{No},TF,,False,EN,
5122,Electromagnetism,Wave Optics,Polarization,"A 35 mm camera has a lens with a focal length of 50 mm and is used to photograph a target 175 cm tall, producing an image with a height of 30 mm. If the diameter of the lens aperture is 1 cm and the wavelength of light is $\lambda = 5000 \, \text{}$, estimate the best resolution obtainable on the film.","Typically, when natural light is reflected at the interface of two media, the reflected light is partially polarized. However, when the angle of incidence satisfies

$$
\theta_{B}=\arctan \frac{n_{1}}{n_{0}}
$$

where $n_{0}$ and $n_{1}$ are the refractive indices of the incident medium and the refractive medium respectively, the reflected light is linearly polarized with vibrations perpendicular to the plane of incidence. This angle $\theta_{B}$ is called the Brewster's angle or the polarization angle.

The calculations for $r, R, \bar{R}$, and $t, T, \bar{T}$ for the $S$ and $P$ components are based on Fresnel's equations. Because the angle of incidence is Brewster's angle, the sum of the angle of incidence and the angle of refraction is $\frac{\pi}{2}$. Intensity refers to the average energy flow density, which is the time average of the Poynting vector, while energy flow equals the intensity multiplied by the cross-sectional area of the beam. The reflected light and incident light are in the same medium, with equal cross-sectional areas, while the refracted light and incident light are in different media, with different cross-sectional areas, which is noteworthy.

1. According to Fresnel's equations, the amplitude reflectance $r_{s}$ and amplitude transmittance $t_{s}$ for the $S$ component are

$$
\begin{gathered}
r_{s}=\frac{n_{1} \cos \theta_{1}-n_{2} \cos \theta_{2}}{n_{1} \cos \theta_{1}+n_{2} \cos \theta_{2}}=-\frac{\sin \left(\theta_{1}-\theta_{2}\right)}{\sin \left(\theta_{1}+\theta_{2}\right)} \\
t_{s}=\frac{2 n_{1} \cos \theta_{1}}{n_{1} \cos \theta_{1}+n_{2} \cos \theta_{2}}=\frac{2 \sin \theta_{2} \cos \theta_{1}}{\sin \left(\theta_{1}+\theta_{2}\right)}
\end{gathered}
$$

The amplitude reflectance $r_{P}$ and amplitude transmittance $t_{P}$ for the $P$ component are

$$
\begin{gathered}
r_{P}=\frac{n_{2} \cos \theta_{1}-n_{1} \cos \theta_{2}}{n_{2} \cos \theta_{1}+n_{1} \cos \theta_{2}}=\frac{\tan \left(\theta_{1}-\theta_{2}\right)}{\tan \left(\theta_{1}+\theta_{2}\right)} \\
t_{P}=\frac{2 n_{1} \cos \theta_{1}}{n_{2} \cos \theta_{1}+n_{1} \cos \theta_{2}}=\frac{2 \cos \theta_{1} \sin \theta_{2}}{\sin \left(\theta_{1}+\theta_{2}\right) \cos \left(\theta_{1}-\theta_{2}\right)}
\end{gathered}
$$

where $n_{1}=1$, $n_{2}=n=1.50$, $\theta_{1}$ is the angle of incidence, and $\theta_{2}$ is the angle of refraction. Since the angle of incidence is the Brewster's angle, we have

$$
\theta_{1}=\theta_{B}=\arctan n=\arctan 1.50=56.3^{\circ}
$$

Additionally,

$$
\theta_{1}+\theta_{2}=\frac{\pi}{2}
$$

Substituting into the formulas for $r_{s}$ and $r_{p}$, we obtain

$$
\begin{gathered}
r_{s}=-\frac{\sin \left(56.3^{\circ}-33.7^{\circ}\right)}{\sin \left(56.3^{\circ}+33.7^{\circ}\right)}=-0.384 \\
r_{p}=0
\end{gathered}
$$

Since the reflected light and incident light are in the same medium with equal cross-sectional areas, the intensity reflectance $R_{S}$ and $R_{P}$, as well as the energy flow reflectance $\bar{R}_{S}$ and $\bar{R}_{P}$ for the $S$ and $P$ components respectively, are

$$
\begin{aligned}
& R_{S}=\left|r_{S}\right|^{2}=0.148, \quad R_{P}=0 \\
& \bar{R}_{S}=\left|r_{S}\right|^{2}=0.148, \quad \bar{R}_{P}=0
\end{aligned}
$$

For the refracted light, substituting $\theta_{1}$ and $\theta_{2}$ into $t_{s}$ and $t_{P}$, we have

$$
\begin{gathered}
t_{s}=\frac{2 \sin \theta_{2} \cos \theta_{1}}{\sin \left(\theta_{1}+\theta_{2}\right)}=\frac{2 \sin 33.7^{\circ} \cos 56.3^{\circ}}{\sin \frac{\pi}{2}}=0.616 \\
t_{P}=\frac{2 \cos \theta_{1} \sin \theta_{2}}{\sin \left(\theta_{1}+\theta_{2}\right) \cos \left(\theta_{1}-\theta_{2}\right)}=\frac{2 \cos 56.3^{\circ} \sin 33.7^{\circ}}{\cos \left(56.3^{\circ}-33.7^{\circ}\right)}=0.667
\end{gathered}
$$

Since the refracted light and incident light are in different media with different cross-sectional areas, the intensity transmittance and energy flow transmittance are not simply equal to the square of the amplitude transmittance. The intensity refers to the average energy flow density, which is the time average of the Poynting vector, given by

$$
\widetilde{S}=\frac{1}{2} \sqrt{\frac{\varepsilon_{0} \varepsilon_{\mathrm{r}}}{\mu_{0} \mu_{\mathrm{r}}}} E^{2}
$$

where $E$ is the amplitude of the electric vector. Since $\mu_{\mathrm{r}} \approx 1$, and the speed of light in vacuum $c=\frac{1}{\sqrt{\varepsilon_{0}} \mu_{0}}$, and the refractive index $n=\sqrt{\varepsilon_{\mathrm{r}} \mu_{\mathrm{r}}} \approx \sqrt{\varepsilon_{\mathrm{r}}}$, this can be rewritten as

$$
\bar{S}=\frac{1}{2 c \mu_{0}} n E^{2}
$$

Thus, the intensity is proportional to $n E^{2}$, and the intensity transmittance is

$$
T=\frac{\bar{S}_{2}}{\bar{S}_{1}}=\frac{n_{2}}{n_{1}} t^{2}
$$

The intensity transmittance for the $S$ and $P$ components is

$$
\begin{aligned}
& T_{S}=\frac{n_{2}}{n_{1}} t_{S}^{2}=n t_{S}^{2}=0.569 \\
& T_{P}=\frac{n_{2}}{n_{1}} t_{P}^{2}=n t_{P}^{2}=0.667
\end{aligned}
$$

The energy flow equals the intensity multiplied by the cross-sectional area of the beam, and the ratio of the cross-sectional areas of the refracted beam to the incident beam is $\frac{\cos \theta_{2}}{\cos \theta_{1}}$, so the energy flow transmittance is

$$
\bar{T}=\frac{\bar{S}_{2} \cos \theta_{2}}{\bar{S}_{1} \cos \theta_{1}}=\frac{n_{2} \cos \theta_{2}}{n_{1} \cos \theta_{1}} t^{2}=\frac{\cos \theta_{2}}{\cos \theta_{1}} T
$$

Substituting the values, the energy flow transmittance for the $S$ and $P$ components is

$$
\begin{gathered}
\bar{T}_{S}=\frac{\cos \theta_{2}}{\cos \theta_{1}} T_{S}=0.853 \\
\bar{T}_{P}=\frac{\cos \theta_{2}}{\cos \theta_{1}} T_{P}=1
\end{gathered}
$$

The fact that the energy flow transmittance $\bar{T}_{P}=1$ for the $P$ component is expected because, when light is incident at the Brewster's angle $\left(\theta_{1}=\theta_{B}\right)$, the reflected light does not contain any $P$ component, meaning the entire energy of the incident $P$ component is transmitted.",\boxed{0.31 \times 10^{-2}},NV,\text{mm},False,EN,Practical Application
5123,Electromagnetism,Wave Optics,Interference,"In a single-wavelength Young's double-slit experiment, a glass plate with a refractive index of \( n \) and a thickness of \( t \) is placed in one of the optical paths. One of the slits is twice as wide as the other. Determine the light intensity at the center of the screen at this time. Assume the light intensity at the center is \( I \) when \( t=0 \). Neglect the absorption of the glass.","If one slit is twice as wide as the other, let their light transmission amplitudes be \( A \) and \( 2A \) respectively. The light field at point \( C \) is therefore

\[
A_{C} = A \mathrm{e}^{\mathrm{i} \omega t} + 2A \mathrm{e}^{\mathrm{i}(\omega t + \delta)}
\]

where \(\delta = \frac{2\pi}{\lambda}(n-1) t\). Thus,

\[
\begin{aligned}
A_{C} & = A \mathrm{e}^{\mathrm{i} \omega t}\left(1 + 2 \mathrm{e}^{\mathrm{i} \delta}\right) \\
I_{C} & = A_{0}^{2}\left(1 + 2 \mathrm{e}^{\mathrm{i} \delta}\right)\left(1 + 2 \mathrm{e}^{-\mathrm{i} \delta}\right) \\
& = A_{0}^{2}(5 + 4 \cos \delta)
\end{aligned}
\]

Given that when \( t=0 \), \( I_{C} = I_{0} \), it follows that \( I_{0} = 9 A_{0}^{2} \).

\[
I_{C} = \frac{1}{9} I_{0}\left(5 + 4 \cos \frac{2\pi(n-1) t}{\lambda}\right)
\]",\boxed{\frac{1}{9} I_{0}\left(5+4 \cos \frac{2 \pi(n-1) t}{\lambda}\right)},EX,,False,EN,Math Derivation
5126,Electromagnetism,Wave Optics,Interference,"A plane electromagnetic wave propagating in a vacuum has its electric field expressed as $E_{x}=0, E_{y}=0, E_{z}=\left(10^{2} \mathrm{~V} / \mathrm{m}\right) \cos\left[\pi \times 10^{14} \mathrm{~s}^{-1}\left(t-\frac{x}{c}\right)+\frac{\pi}{2}\right]$.  
Determine the frequency of this electromagnetic wave.","Referring to the basic form of a plane wave:

$$
E=A \cos \left[2 \pi \nu\left(t-\frac{z}{c}\right)+\varphi\right]
$$

we can see that

$$
E_{z}=\left(10^{2} \mathrm{~V} / \mathrm{m}\right) \cos \left[2 \pi \times \frac{10^{14}}{2} \mathrm{~s}^{-1}\left(t-\frac{x}{c}\right)+\frac{\pi}{2}\right]
$$

results in a frequency $\nu=\left(10^{14} / 2 \right) \mathrm{Hz}=0.5 \times 10^{14} \mathrm{~Hz}$.",\boxed{0.5 \times 10^{14}},NV,,False,EN,Laws Application
5129,Electromagnetism,Wave Optics,Polarization,"Sodium yellow light ($\lambda = 5893 \, \text{}$) passes through calcite, where the refractive indices of calcite are $n_{\mathrm{o}} = 1.65836$ and $n_{\mathrm{e}} = 1.48641$. What is the minimum thickness of a $\lambda/4$ plate made from calcite?","Typically, when natural light is reflected at the interface of two media, the reflected light is partially polarized. However, when the angle of incidence satisfies

$$
\theta_{B}=\arctan \frac{n_{1}}{n_{0}}
$$

where $n_{0}$ and $n_{1}$ are the refractive indices of the incident medium and the refractive medium respectively, the reflected light is linearly polarized with vibrations perpendicular to the plane of incidence. This angle $\theta_{B}$ is called the Brewster's angle or the polarization angle.

The calculations for $r, R, \bar{R}$, and $t, T, \bar{T}$ for the $S$ and $P$ components are based on Fresnel's equations. Because the angle of incidence is Brewster's angle, the sum of the angle of incidence and the angle of refraction is $\frac{\pi}{2}$. Intensity refers to the average energy flow density, which is the time average of the Poynting vector, while energy flow equals the intensity multiplied by the cross-sectional area of the beam. The reflected light and incident light are in the same medium, with equal cross-sectional areas, while the refracted light and incident light are in different media, with different cross-sectional areas, which is noteworthy.

1. According to Fresnel's equations, the amplitude reflectance $r_{s}$ and amplitude transmittance $t_{s}$ for the $S$ component are

$$
\begin{gathered}
r_{s}=\frac{n_{1} \cos \theta_{1}-n_{2} \cos \theta_{2}}{n_{1} \cos \theta_{1}+n_{2} \cos \theta_{2}}=-\frac{\sin \left(\theta_{1}-\theta_{2}\right)}{\sin \left(\theta_{1}+\theta_{2}\right)} \\
t_{s}=\frac{2 n_{1} \cos \theta_{1}}{n_{1} \cos \theta_{1}+n_{2} \cos \theta_{2}}=\frac{2 \sin \theta_{2} \cos \theta_{1}}{\sin \left(\theta_{1}+\theta_{2}\right)}
\end{gathered}
$$

The amplitude reflectance $r_{P}$ and amplitude transmittance $t_{P}$ for the $P$ component are

$$
\begin{gathered}
r_{P}=\frac{n_{2} \cos \theta_{1}-n_{1} \cos \theta_{2}}{n_{2} \cos \theta_{1}+n_{1} \cos \theta_{2}}=\frac{\tan \left(\theta_{1}-\theta_{2}\right)}{\tan \left(\theta_{1}+\theta_{2}\right)} \\
t_{P}=\frac{2 n_{1} \cos \theta_{1}}{n_{2} \cos \theta_{1}+n_{1} \cos \theta_{2}}=\frac{2 \cos \theta_{1} \sin \theta_{2}}{\sin \left(\theta_{1}+\theta_{2}\right) \cos \left(\theta_{1}-\theta_{2}\right)}
\end{gathered}
$$

where $n_{1}=1$, $n_{2}=n=1.50$, $\theta_{1}$ is the angle of incidence, and $\theta_{2}$ is the angle of refraction. Since the angle of incidence is the Brewster's angle, we have

$$
\theta_{1}=\theta_{B}=\arctan n=\arctan 1.50=56.3^{\circ}
$$

Additionally,

$$
\theta_{1}+\theta_{2}=\frac{\pi}{2}
$$

Substituting into the formulas for $r_{s}$ and $r_{p}$, we obtain

$$
\begin{gathered}
r_{s}=-\frac{\sin \left(56.3^{\circ}-33.7^{\circ}\right)}{\sin \left(56.3^{\circ}+33.7^{\circ}\right)}=-0.384 \\
r_{p}=0
\end{gathered}
$$

Since the reflected light and incident light are in the same medium with equal cross-sectional areas, the intensity reflectance $R_{S}$ and $R_{P}$, as well as the energy flow reflectance $\bar{R}_{S}$ and $\bar{R}_{P}$ for the $S$ and $P$ components respectively, are

$$
\begin{aligned}
& R_{S}=\left|r_{S}\right|^{2}=0.148, \quad R_{P}=0 \\
& \bar{R}_{S}=\left|r_{S}\right|^{2}=0.148, \quad \bar{R}_{P}=0
\end{aligned}
$$

For the refracted light, substituting $\theta_{1}$ and $\theta_{2}$ into $t_{s}$ and $t_{P}$, we have

$$
\begin{gathered}
t_{s}=\frac{2 \sin \theta_{2} \cos \theta_{1}}{\sin \left(\theta_{1}+\theta_{2}\right)}=\frac{2 \sin 33.7^{\circ} \cos 56.3^{\circ}}{\sin \frac{\pi}{2}}=0.616 \\
t_{P}=\frac{2 \cos \theta_{1} \sin \theta_{2}}{\sin \left(\theta_{1}+\theta_{2}\right) \cos \left(\theta_{1}-\theta_{2}\right)}=\frac{2 \cos 56.3^{\circ} \sin 33.7^{\circ}}{\cos \left(56.3^{\circ}-33.7^{\circ}\right)}=0.667
\end{gathered}
$$

Since the refracted light and incident light are in different media with different cross-sectional areas, the intensity transmittance and energy flow transmittance are not simply equal to the square of the amplitude transmittance. The intensity refers to the average energy flow density, which is the time average of the Poynting vector, given by

$$
\widetilde{S}=\frac{1}{2} \sqrt{\frac{\varepsilon_{0} \varepsilon_{\mathrm{r}}}{\mu_{0} \mu_{\mathrm{r}}}} E^{2}
$$

where $E$ is the amplitude of the electric vector. Since $\mu_{\mathrm{r}} \approx 1$, and the speed of light in vacuum $c=\frac{1}{\sqrt{\varepsilon_{0}} \mu_{0}}$, and the refractive index $n=\sqrt{\varepsilon_{\mathrm{r}} \mu_{\mathrm{r}}} \approx \sqrt{\varepsilon_{\mathrm{r}}}$, this can be rewritten as

$$
\bar{S}=\frac{1}{2 c \mu_{0}} n E^{2}
$$

Thus, the intensity is proportional to $n E^{2}$, and the intensity transmittance is

$$
T=\frac{\bar{S}_{2}}{\bar{S}_{1}}=\frac{n_{2}}{n_{1}} t^{2}
$$

The intensity transmittance for the $S$ and $P$ components is

$$
\begin{aligned}
& T_{S}=\frac{n_{2}}{n_{1}} t_{S}^{2}=n t_{S}^{2}=0.569 \\
& T_{P}=\frac{n_{2}}{n_{1}} t_{P}^{2}=n t_{P}^{2}=0.667
\end{aligned}
$$

The energy flow equals the intensity multiplied by the cross-sectional area of the beam, and the ratio of the cross-sectional areas of the refracted beam to the incident beam is $\frac{\cos \theta_{2}}{\cos \theta_{1}}$, so the energy flow transmittance is

$$
\bar{T}=\frac{\bar{S}_{2} \cos \theta_{2}}{\bar{S}_{1} \cos \theta_{1}}=\frac{n_{2} \cos \theta_{2}}{n_{1} \cos \theta_{1}} t^{2}=\frac{\cos \theta_{2}}{\cos \theta_{1}} T
$$

Substituting the values, the energy flow transmittance for the $S$ and $P$ components is

$$
\begin{gathered}
\bar{T}_{S}=\frac{\cos \theta_{2}}{\cos \theta_{1}} T_{S}=0.853 \\
\bar{T}_{P}=\frac{\cos \theta_{2}}{\cos \theta_{1}} T_{P}=1
\end{gathered}
$$

The fact that the energy flow transmittance $\bar{T}_{P}=1$ for the $P$ component is expected because, when light is incident at the Brewster's angle $\left(\theta_{1}=\theta_{B}\right)$, the reflected light does not contain any $P$ component, meaning the entire energy of the incident $P$ component is transmitted.",\boxed{856.8},NV,\text{nm},False,EN,Practical Application
5131,Electromagnetism,Wave Optics,Diffraction,"The screen function of a sinusoidal grating is  

$$  
\tilde{t}(x, y)=t_{0}+t_{1} \cos \left(2 \pi f_{x} x+2 \pi f_{y} y\right)  
$$  

Now it is translated obliquely by $\Delta r=(\Delta x, \Delta y)$. Write the expression for the screen function after translation.","For a sinusoidal grating with spatial frequency $\left(f_{x}, f_{y}\right)$, when the displacement vector is $\Delta r=(\Delta x, \Delta y)$ (see attached diagram), the corresponding phase shifts $\left(\Delta \varphi_{x}, \Delta \varphi_{y}\right)$ are  

$$  
\begin{aligned}  
\Delta \varphi_{x} & =-2 \pi f_{x} \Delta x \\  
\Delta \varphi_{y} & =-2 \pi f_{y} \Delta y  
\end{aligned}  
$$  

\begin{center}  
$$
<image 1>
$$  
\end{center}  

At this point, the expression for the screen function is  

$$  
t(x, y)=t_{0}+t_{1} \cos \left[2 \pi f_{x}(x-\Delta x)+2 \pi f_{y}(y-\Delta y)\right]  
$$","\boxed{t(x, y)=t_{0}+t_{1} \cos \left[2 \pi f_{x}(x-\Delta x)+2 \pi f_{y}(y-\Delta y)\right]}",EX,,False,EN,Knowledge Recall
5132,Electromagnetism,Wave Optics,Polarization,"A thin convex lens with a radius of curvature of 1 m is placed on a flat glass plate, and illuminated perpendicularly with sodium light ($5893 \ \text{}$). Newton's rings are observed in the reflected light. Then, the gap between the spherical surface and the glass plate is filled with carbon tetrachloride ($n = 1.461$). Find the radius of the 5th dark ring after the liquid is added.","Typically, when natural light is reflected at the interface of two media, the reflected light is partially polarized. However, when the angle of incidence satisfies

$$
\theta_{B}=\arctan \frac{n_{1}}{n_{0}}
$$

where $n_{0}$ and $n_{1}$ are the refractive indices of the incident medium and the refractive medium respectively, the reflected light is linearly polarized with vibrations perpendicular to the plane of incidence. This angle $\theta_{B}$ is called the Brewster's angle or the polarization angle.

The calculations for $r, R, \bar{R}$, and $t, T, \bar{T}$ for the $S$ and $P$ components are based on Fresnel's equations. Because the angle of incidence is Brewster's angle, the sum of the angle of incidence and the angle of refraction is $\frac{\pi}{2}$. Intensity refers to the average energy flow density, which is the time average of the Poynting vector, while energy flow equals the intensity multiplied by the cross-sectional area of the beam. The reflected light and incident light are in the same medium, with equal cross-sectional areas, while the refracted light and incident light are in different media, with different cross-sectional areas, which is noteworthy.

1. According to Fresnel's equations, the amplitude reflectance $r_{s}$ and amplitude transmittance $t_{s}$ for the $S$ component are

$$
\begin{gathered}
r_{s}=\frac{n_{1} \cos \theta_{1}-n_{2} \cos \theta_{2}}{n_{1} \cos \theta_{1}+n_{2} \cos \theta_{2}}=-\frac{\sin \left(\theta_{1}-\theta_{2}\right)}{\sin \left(\theta_{1}+\theta_{2}\right)} \\
t_{s}=\frac{2 n_{1} \cos \theta_{1}}{n_{1} \cos \theta_{1}+n_{2} \cos \theta_{2}}=\frac{2 \sin \theta_{2} \cos \theta_{1}}{\sin \left(\theta_{1}+\theta_{2}\right)}
\end{gathered}
$$

The amplitude reflectance $r_{P}$ and amplitude transmittance $t_{P}$ for the $P$ component are

$$
\begin{gathered}
r_{P}=\frac{n_{2} \cos \theta_{1}-n_{1} \cos \theta_{2}}{n_{2} \cos \theta_{1}+n_{1} \cos \theta_{2}}=\frac{\tan \left(\theta_{1}-\theta_{2}\right)}{\tan \left(\theta_{1}+\theta_{2}\right)} \\
t_{P}=\frac{2 n_{1} \cos \theta_{1}}{n_{2} \cos \theta_{1}+n_{1} \cos \theta_{2}}=\frac{2 \cos \theta_{1} \sin \theta_{2}}{\sin \left(\theta_{1}+\theta_{2}\right) \cos \left(\theta_{1}-\theta_{2}\right)}
\end{gathered}
$$

where $n_{1}=1$, $n_{2}=n=1.50$, $\theta_{1}$ is the angle of incidence, and $\theta_{2}$ is the angle of refraction. Since the angle of incidence is the Brewster's angle, we have

$$
\theta_{1}=\theta_{B}=\arctan n=\arctan 1.50=56.3^{\circ}
$$

Additionally,

$$
\theta_{1}+\theta_{2}=\frac{\pi}{2}
$$

Substituting into the formulas for $r_{s}$ and $r_{p}$, we obtain

$$
\begin{gathered}
r_{s}=-\frac{\sin \left(56.3^{\circ}-33.7^{\circ}\right)}{\sin \left(56.3^{\circ}+33.7^{\circ}\right)}=-0.384 \\
r_{p}=0
\end{gathered}
$$

Since the reflected light and incident light are in the same medium with equal cross-sectional areas, the intensity reflectance $R_{S}$ and $R_{P}$, as well as the energy flow reflectance $\bar{R}_{S}$ and $\bar{R}_{P}$ for the $S$ and $P$ components respectively, are

$$
\begin{aligned}
& R_{S}=\left|r_{S}\right|^{2}=0.148, \quad R_{P}=0 \\
& \bar{R}_{S}=\left|r_{S}\right|^{2}=0.148, \quad \bar{R}_{P}=0
\end{aligned}
$$

For the refracted light, substituting $\theta_{1}$ and $\theta_{2}$ into $t_{s}$ and $t_{P}$, we have

$$
\begin{gathered}
t_{s}=\frac{2 \sin \theta_{2} \cos \theta_{1}}{\sin \left(\theta_{1}+\theta_{2}\right)}=\frac{2 \sin 33.7^{\circ} \cos 56.3^{\circ}}{\sin \frac{\pi}{2}}=0.616 \\
t_{P}=\frac{2 \cos \theta_{1} \sin \theta_{2}}{\sin \left(\theta_{1}+\theta_{2}\right) \cos \left(\theta_{1}-\theta_{2}\right)}=\frac{2 \cos 56.3^{\circ} \sin 33.7^{\circ}}{\cos \left(56.3^{\circ}-33.7^{\circ}\right)}=0.667
\end{gathered}
$$

Since the refracted light and incident light are in different media with different cross-sectional areas, the intensity transmittance and energy flow transmittance are not simply equal to the square of the amplitude transmittance. The intensity refers to the average energy flow density, which is the time average of the Poynting vector, given by

$$
\widetilde{S}=\frac{1}{2} \sqrt{\frac{\varepsilon_{0} \varepsilon_{\mathrm{r}}}{\mu_{0} \mu_{\mathrm{r}}}} E^{2}
$$

where $E$ is the amplitude of the electric vector. Since $\mu_{\mathrm{r}} \approx 1$, and the speed of light in vacuum $c=\frac{1}{\sqrt{\varepsilon_{0}} \mu_{0}}$, and the refractive index $n=\sqrt{\varepsilon_{\mathrm{r}} \mu_{\mathrm{r}}} \approx \sqrt{\varepsilon_{\mathrm{r}}}$, this can be rewritten as

$$
\bar{S}=\frac{1}{2 c \mu_{0}} n E^{2}
$$

Thus, the intensity is proportional to $n E^{2}$, and the intensity transmittance is

$$
T=\frac{\bar{S}_{2}}{\bar{S}_{1}}=\frac{n_{2}}{n_{1}} t^{2}
$$

The intensity transmittance for the $S$ and $P$ components is

$$
\begin{aligned}
& T_{S}=\frac{n_{2}}{n_{1}} t_{S}^{2}=n t_{S}^{2}=0.569 \\
& T_{P}=\frac{n_{2}}{n_{1}} t_{P}^{2}=n t_{P}^{2}=0.667
\end{aligned}
$$

The energy flow equals the intensity multiplied by the cross-sectional area of the beam, and the ratio of the cross-sectional areas of the refracted beam to the incident beam is $\frac{\cos \theta_{2}}{\cos \theta_{1}}$, so the energy flow transmittance is

$$
\bar{T}=\frac{\bar{S}_{2} \cos \theta_{2}}{\bar{S}_{1} \cos \theta_{1}}=\frac{n_{2} \cos \theta_{2}}{n_{1} \cos \theta_{1}} t^{2}=\frac{\cos \theta_{2}}{\cos \theta_{1}} T
$$

Substituting the values, the energy flow transmittance for the $S$ and $P$ components is

$$
\begin{gathered}
\bar{T}_{S}=\frac{\cos \theta_{2}}{\cos \theta_{1}} T_{S}=0.853 \\
\bar{T}_{P}=\frac{\cos \theta_{2}}{\cos \theta_{1}} T_{P}=1
\end{gathered}
$$

The fact that the energy flow transmittance $\bar{T}_{P}=1$ for the $P$ component is expected because, when light is incident at the Brewster's angle $\left(\theta_{1}=\theta_{B}\right)$, the reflected light does not contain any $P$ component, meaning the entire energy of the incident $P$ component is transmitted.",\boxed{1.42},NV,\text{mm},False,EN,Practical Application
5134,Electromagnetism,Wave Optics,Polarization,"Linearly polarized light is incident on a Babinet compensator (refer to the previous question). When observed through a polarizer, a dark line appears at the location where the overlap of the two wedge-shaped prisms is $d_{1} = d_{2}$. Another dark line appears at a distance $a$ from the central dark line. Now, elliptically polarized light of the same wavelength is incident on the same Babinet compensator, and the (central) dark line is found to have shifted to a distance $b$ from the center. Find the initial phase difference between the two vibration components into which the elliptically polarized light is decomposed in the compensator crystal, in relation to $a$ and $b$.","Since the distance between adjacent dark lines is $a$, the corresponding phase difference change is $2 \pi$. Therefore, when the same order dark line shifts by $b$, the change in phase difference is

$$
\delta_{1} = \frac{2 \pi}{a} b
$$

This is precisely the initial phase difference between the two orthogonal vibrations, $A_{\perp}$ and $A_{//}$, of the incident elliptical light. This phase difference is canceled by the additional phase difference introduced by the compensator, resulting in the appearance of a zero-order dark line at a non-central location.",\boxed{\frac{2\pi}{a}b},NV,,False,EN,Laws Application
5137,Electromagnetism,Wave Optics,Interference,"In a Young's double-slit experiment with monochromatic light, a glass plate with refractive index $n$ and thickness $t$ is placed in one of the light paths. When $t$ takes a certain value, the light intensity at the center of the screen is minimized. Determine the value of $t$. Assume that when $t=0$, the light intensity at the center is $I$. Ignore the absorption of the glass.","The light intensity at point $C$ is minimized and equals zero when $\frac{\delta}{2}=\left(k+\frac{1}{2}\right) \pi$. That is, $t=\frac{\left(k+\frac{1}{2}\right) \lambda}{n-1}$, where $k=0,1,2,3, \cdots$","\boxed{\frac{\left(k+\frac{1}{2}\right) \lambda}{n-1}, k=0,1,2,3, \cdots}",EX,,True,EN,Laws Application
5138,Electromagnetism,Wave Optics,Polarization,"Assume that natural light with an intensity of $I_0$ is incident on a system consisting of a $\frac{1}{4}$ wave plate $P_1$ and a polarizer $N_1$, forming the first circular polarizer and converting the light into linearly polarized light. The light then passes through another polarizer $N_2$ (with the transmission axis at an angle $\theta$ relative to $N_1$) and a subsequent $\frac{1}{4}$ wave plate $P_2$. Determine the intensity of the transmitted light.","As shown in Figure 1, after passing through the $\frac{1}{4}$ wave plate $P_1$, the intensity of the natural light remains unchanged at $I_0$, and after passing through the polarizer $N_1$, it becomes linearly polarized light with an intensity reduced to $\frac{1}{2} I_0$. Since the transmission axes of $N_1$ and $N_2$ form an angle $\theta$, according to Malus's Law, the intensity of the linearly polarized light emerging from $N_2$ is $\frac{1}{2} I_0 \cos^2 \theta$. After passing through the $\frac{1}{4}$ wave plate $P_2$, the light becomes elliptically polarized, but the intensity remains $\frac{1}{2} I_0 \cos^2 \theta$.",\boxed{\frac{1}{2} I_0 \cos^2 \theta},EX,,False,EN,Laws Application
5139,Electromagnetism,Wave Optics,Polarization,"It is known that the refractive index of a certain type of glass varies with wavelength as follows: when the wavelength $\lambda = 4000 \, \text{}$, the refractive index $n = 1.63$; when the wavelength $\lambda = 5000 \, \text{}$, the refractive index $n = 1.58$. Assuming the use of the Cauchy equation $n = A + \frac{B}{\lambda^{2}}$, determine the constants $A$ and $B$ in the Cauchy equation.","Typically, when natural light is reflected at the interface of two media, the reflected light is partially polarized. However, when the angle of incidence satisfies

$$
\theta_{B}=\arctan \frac{n_{1}}{n_{0}}
$$

where $n_{0}$ and $n_{1}$ are the refractive indices of the incident medium and the refractive medium respectively, the reflected light is linearly polarized with vibrations perpendicular to the plane of incidence. This angle $\theta_{B}$ is called the Brewster's angle or the polarization angle.

The calculations for $r, R, \bar{R}$, and $t, T, \bar{T}$ for the $S$ and $P$ components are based on Fresnel's equations. Because the angle of incidence is Brewster's angle, the sum of the angle of incidence and the angle of refraction is $\frac{\pi}{2}$. Intensity refers to the average energy flow density, which is the time average of the Poynting vector, while energy flow equals the intensity multiplied by the cross-sectional area of the beam. The reflected light and incident light are in the same medium, with equal cross-sectional areas, while the refracted light and incident light are in different media, with different cross-sectional areas, which is noteworthy.

1. According to Fresnel's equations, the amplitude reflectance $r_{s}$ and amplitude transmittance $t_{s}$ for the $S$ component are

$$
\begin{gathered}
r_{s}=\frac{n_{1} \cos \theta_{1}-n_{2} \cos \theta_{2}}{n_{1} \cos \theta_{1}+n_{2} \cos \theta_{2}}=-\frac{\sin \left(\theta_{1}-\theta_{2}\right)}{\sin \left(\theta_{1}+\theta_{2}\right)} \\
t_{s}=\frac{2 n_{1} \cos \theta_{1}}{n_{1} \cos \theta_{1}+n_{2} \cos \theta_{2}}=\frac{2 \sin \theta_{2} \cos \theta_{1}}{\sin \left(\theta_{1}+\theta_{2}\right)}
\end{gathered}
$$

The amplitude reflectance $r_{P}$ and amplitude transmittance $t_{P}$ for the $P$ component are

$$
\begin{gathered}
r_{P}=\frac{n_{2} \cos \theta_{1}-n_{1} \cos \theta_{2}}{n_{2} \cos \theta_{1}+n_{1} \cos \theta_{2}}=\frac{\tan \left(\theta_{1}-\theta_{2}\right)}{\tan \left(\theta_{1}+\theta_{2}\right)} \\
t_{P}=\frac{2 n_{1} \cos \theta_{1}}{n_{2} \cos \theta_{1}+n_{1} \cos \theta_{2}}=\frac{2 \cos \theta_{1} \sin \theta_{2}}{\sin \left(\theta_{1}+\theta_{2}\right) \cos \left(\theta_{1}-\theta_{2}\right)}
\end{gathered}
$$

where $n_{1}=1$, $n_{2}=n=1.50$, $\theta_{1}$ is the angle of incidence, and $\theta_{2}$ is the angle of refraction. Since the angle of incidence is the Brewster's angle, we have

$$
\theta_{1}=\theta_{B}=\arctan n=\arctan 1.50=56.3^{\circ}
$$

Additionally,

$$
\theta_{1}+\theta_{2}=\frac{\pi}{2}
$$

Substituting into the formulas for $r_{s}$ and $r_{p}$, we obtain

$$
\begin{gathered}
r_{s}=-\frac{\sin \left(56.3^{\circ}-33.7^{\circ}\right)}{\sin \left(56.3^{\circ}+33.7^{\circ}\right)}=-0.384 \\
r_{p}=0
\end{gathered}
$$

Since the reflected light and incident light are in the same medium with equal cross-sectional areas, the intensity reflectance $R_{S}$ and $R_{P}$, as well as the energy flow reflectance $\bar{R}_{S}$ and $\bar{R}_{P}$ for the $S$ and $P$ components respectively, are

$$
\begin{aligned}
& R_{S}=\left|r_{S}\right|^{2}=0.148, \quad R_{P}=0 \\
& \bar{R}_{S}=\left|r_{S}\right|^{2}=0.148, \quad \bar{R}_{P}=0
\end{aligned}
$$

For the refracted light, substituting $\theta_{1}$ and $\theta_{2}$ into $t_{s}$ and $t_{P}$, we have

$$
\begin{gathered}
t_{s}=\frac{2 \sin \theta_{2} \cos \theta_{1}}{\sin \left(\theta_{1}+\theta_{2}\right)}=\frac{2 \sin 33.7^{\circ} \cos 56.3^{\circ}}{\sin \frac{\pi}{2}}=0.616 \\
t_{P}=\frac{2 \cos \theta_{1} \sin \theta_{2}}{\sin \left(\theta_{1}+\theta_{2}\right) \cos \left(\theta_{1}-\theta_{2}\right)}=\frac{2 \cos 56.3^{\circ} \sin 33.7^{\circ}}{\cos \left(56.3^{\circ}-33.7^{\circ}\right)}=0.667
\end{gathered}
$$

Since the refracted light and incident light are in different media with different cross-sectional areas, the intensity transmittance and energy flow transmittance are not simply equal to the square of the amplitude transmittance. The intensity refers to the average energy flow density, which is the time average of the Poynting vector, given by

$$
\widetilde{S}=\frac{1}{2} \sqrt{\frac{\varepsilon_{0} \varepsilon_{\mathrm{r}}}{\mu_{0} \mu_{\mathrm{r}}}} E^{2}
$$

where $E$ is the amplitude of the electric vector. Since $\mu_{\mathrm{r}} \approx 1$, and the speed of light in vacuum $c=\frac{1}{\sqrt{\varepsilon_{0}} \mu_{0}}$, and the refractive index $n=\sqrt{\varepsilon_{\mathrm{r}} \mu_{\mathrm{r}}} \approx \sqrt{\varepsilon_{\mathrm{r}}}$, this can be rewritten as

$$
\bar{S}=\frac{1}{2 c \mu_{0}} n E^{2}
$$

Thus, the intensity is proportional to $n E^{2}$, and the intensity transmittance is

$$
T=\frac{\bar{S}_{2}}{\bar{S}_{1}}=\frac{n_{2}}{n_{1}} t^{2}
$$

The intensity transmittance for the $S$ and $P$ components is

$$
\begin{aligned}
& T_{S}=\frac{n_{2}}{n_{1}} t_{S}^{2}=n t_{S}^{2}=0.569 \\
& T_{P}=\frac{n_{2}}{n_{1}} t_{P}^{2}=n t_{P}^{2}=0.667
\end{aligned}
$$

The energy flow equals the intensity multiplied by the cross-sectional area of the beam, and the ratio of the cross-sectional areas of the refracted beam to the incident beam is $\frac{\cos \theta_{2}}{\cos \theta_{1}}$, so the energy flow transmittance is

$$
\bar{T}=\frac{\bar{S}_{2} \cos \theta_{2}}{\bar{S}_{1} \cos \theta_{1}}=\frac{n_{2} \cos \theta_{2}}{n_{1} \cos \theta_{1}} t^{2}=\frac{\cos \theta_{2}}{\cos \theta_{1}} T
$$

Substituting the values, the energy flow transmittance for the $S$ and $P$ components is

$$
\begin{gathered}
\bar{T}_{S}=\frac{\cos \theta_{2}}{\cos \theta_{1}} T_{S}=0.853 \\
\bar{T}_{P}=\frac{\cos \theta_{2}}{\cos \theta_{1}} T_{P}=1
\end{gathered}
$$

The fact that the energy flow transmittance $\bar{T}_{P}=1$ for the $P$ component is expected because, when light is incident at the Brewster's angle $\left(\theta_{1}=\theta_{B}\right)$, the reflected light does not contain any $P$ component, meaning the entire energy of the incident $P$ component is transmitted.","\boxed{A = 1.5, B = 2.22 \times 10^{6}}",EQ,"None, \text{}^{2}",True,EN,Laws Application
5146,Electromagnetism,Wave Optics,Interference,"A GaAs light-emitting diode is made in the shape of a hemisphere to increase the external output power from the light-emitting region located at the center of the sphere and to reduce reflection losses. It is known that the GaAs emits light with a wavelength of $9300 \AA$, and the refractive index is 3.4. To further enhance the output light power, several layers of antireflective coating are often applied to the spherical surface. What is the intensity reflection coefficient of the spherical surface without the antireflective coating?","As shown in Figure 2, the intensity reflection coefficient at a single interface between $n_{2}$ and $n_{1}$ without an antireflective coating is

$$
R=\left(\frac{n_{2}-n_{1}}{n_{2}+n_{1}}\right)^{2}=\left(\frac{3.4-1.0}{3.4+1.0}\right)^{2} \approx 29.8\%
$$

$$
<image 1>
$$",\boxed{29.8},NV,\%,False,EN,Laws Application
5147,Electromagnetism,Wave Optics,Polarization,"What is the minimum energy of a photon required to observe an object that is $2.5 \, \text{}$ in size?","Typically, when natural light is reflected at the interface of two media, the reflected light is partially polarized. However, when the angle of incidence satisfies

$$
\theta_{B}=\arctan \frac{n_{1}}{n_{0}}
$$

where $n_{0}$ and $n_{1}$ are the refractive indices of the incident medium and the refractive medium respectively, the reflected light is linearly polarized with vibrations perpendicular to the plane of incidence. This angle $\theta_{B}$ is called the Brewster's angle or the polarization angle.

The calculations for $r, R, \bar{R}$, and $t, T, \bar{T}$ for the $S$ and $P$ components are based on Fresnel's equations. Because the angle of incidence is Brewster's angle, the sum of the angle of incidence and the angle of refraction is $\frac{\pi}{2}$. Intensity refers to the average energy flow density, which is the time average of the Poynting vector, while energy flow equals the intensity multiplied by the cross-sectional area of the beam. The reflected light and incident light are in the same medium, with equal cross-sectional areas, while the refracted light and incident light are in different media, with different cross-sectional areas, which is noteworthy.

1. According to Fresnel's equations, the amplitude reflectance $r_{s}$ and amplitude transmittance $t_{s}$ for the $S$ component are

$$
\begin{gathered}
r_{s}=\frac{n_{1} \cos \theta_{1}-n_{2} \cos \theta_{2}}{n_{1} \cos \theta_{1}+n_{2} \cos \theta_{2}}=-\frac{\sin \left(\theta_{1}-\theta_{2}\right)}{\sin \left(\theta_{1}+\theta_{2}\right)} \\
t_{s}=\frac{2 n_{1} \cos \theta_{1}}{n_{1} \cos \theta_{1}+n_{2} \cos \theta_{2}}=\frac{2 \sin \theta_{2} \cos \theta_{1}}{\sin \left(\theta_{1}+\theta_{2}\right)}
\end{gathered}
$$

The amplitude reflectance $r_{P}$ and amplitude transmittance $t_{P}$ for the $P$ component are

$$
\begin{gathered}
r_{P}=\frac{n_{2} \cos \theta_{1}-n_{1} \cos \theta_{2}}{n_{2} \cos \theta_{1}+n_{1} \cos \theta_{2}}=\frac{\tan \left(\theta_{1}-\theta_{2}\right)}{\tan \left(\theta_{1}+\theta_{2}\right)} \\
t_{P}=\frac{2 n_{1} \cos \theta_{1}}{n_{2} \cos \theta_{1}+n_{1} \cos \theta_{2}}=\frac{2 \cos \theta_{1} \sin \theta_{2}}{\sin \left(\theta_{1}+\theta_{2}\right) \cos \left(\theta_{1}-\theta_{2}\right)}
\end{gathered}
$$

where $n_{1}=1$, $n_{2}=n=1.50$, $\theta_{1}$ is the angle of incidence, and $\theta_{2}$ is the angle of refraction. Since the angle of incidence is the Brewster's angle, we have

$$
\theta_{1}=\theta_{B}=\arctan n=\arctan 1.50=56.3^{\circ}
$$

Additionally,

$$
\theta_{1}+\theta_{2}=\frac{\pi}{2}
$$

Substituting into the formulas for $r_{s}$ and $r_{p}$, we obtain

$$
\begin{gathered}
r_{s}=-\frac{\sin \left(56.3^{\circ}-33.7^{\circ}\right)}{\sin \left(56.3^{\circ}+33.7^{\circ}\right)}=-0.384 \\
r_{p}=0
\end{gathered}
$$

Since the reflected light and incident light are in the same medium with equal cross-sectional areas, the intensity reflectance $R_{S}$ and $R_{P}$, as well as the energy flow reflectance $\bar{R}_{S}$ and $\bar{R}_{P}$ for the $S$ and $P$ components respectively, are

$$
\begin{aligned}
& R_{S}=\left|r_{S}\right|^{2}=0.148, \quad R_{P}=0 \\
& \bar{R}_{S}=\left|r_{S}\right|^{2}=0.148, \quad \bar{R}_{P}=0
\end{aligned}
$$

For the refracted light, substituting $\theta_{1}$ and $\theta_{2}$ into $t_{s}$ and $t_{P}$, we have

$$
\begin{gathered}
t_{s}=\frac{2 \sin \theta_{2} \cos \theta_{1}}{\sin \left(\theta_{1}+\theta_{2}\right)}=\frac{2 \sin 33.7^{\circ} \cos 56.3^{\circ}}{\sin \frac{\pi}{2}}=0.616 \\
t_{P}=\frac{2 \cos \theta_{1} \sin \theta_{2}}{\sin \left(\theta_{1}+\theta_{2}\right) \cos \left(\theta_{1}-\theta_{2}\right)}=\frac{2 \cos 56.3^{\circ} \sin 33.7^{\circ}}{\cos \left(56.3^{\circ}-33.7^{\circ}\right)}=0.667
\end{gathered}
$$

Since the refracted light and incident light are in different media with different cross-sectional areas, the intensity transmittance and energy flow transmittance are not simply equal to the square of the amplitude transmittance. The intensity refers to the average energy flow density, which is the time average of the Poynting vector, given by

$$
\widetilde{S}=\frac{1}{2} \sqrt{\frac{\varepsilon_{0} \varepsilon_{\mathrm{r}}}{\mu_{0} \mu_{\mathrm{r}}}} E^{2}
$$

where $E$ is the amplitude of the electric vector. Since $\mu_{\mathrm{r}} \approx 1$, and the speed of light in vacuum $c=\frac{1}{\sqrt{\varepsilon_{0}} \mu_{0}}$, and the refractive index $n=\sqrt{\varepsilon_{\mathrm{r}} \mu_{\mathrm{r}}} \approx \sqrt{\varepsilon_{\mathrm{r}}}$, this can be rewritten as

$$
\bar{S}=\frac{1}{2 c \mu_{0}} n E^{2}
$$

Thus, the intensity is proportional to $n E^{2}$, and the intensity transmittance is

$$
T=\frac{\bar{S}_{2}}{\bar{S}_{1}}=\frac{n_{2}}{n_{1}} t^{2}
$$

The intensity transmittance for the $S$ and $P$ components is

$$
\begin{aligned}
& T_{S}=\frac{n_{2}}{n_{1}} t_{S}^{2}=n t_{S}^{2}=0.569 \\
& T_{P}=\frac{n_{2}}{n_{1}} t_{P}^{2}=n t_{P}^{2}=0.667
\end{aligned}
$$

The energy flow equals the intensity multiplied by the cross-sectional area of the beam, and the ratio of the cross-sectional areas of the refracted beam to the incident beam is $\frac{\cos \theta_{2}}{\cos \theta_{1}}$, so the energy flow transmittance is

$$
\bar{T}=\frac{\bar{S}_{2} \cos \theta_{2}}{\bar{S}_{1} \cos \theta_{1}}=\frac{n_{2} \cos \theta_{2}}{n_{1} \cos \theta_{1}} t^{2}=\frac{\cos \theta_{2}}{\cos \theta_{1}} T
$$

Substituting the values, the energy flow transmittance for the $S$ and $P$ components is

$$
\begin{gathered}
\bar{T}_{S}=\frac{\cos \theta_{2}}{\cos \theta_{1}} T_{S}=0.853 \\
\bar{T}_{P}=\frac{\cos \theta_{2}}{\cos \theta_{1}} T_{P}=1
\end{gathered}
$$

The fact that the energy flow transmittance $\bar{T}_{P}=1$ for the $P$ component is expected because, when light is incident at the Brewster's angle $\left(\theta_{1}=\theta_{B}\right)$, the reflected light does not contain any $P$ component, meaning the entire energy of the incident $P$ component is transmitted.",\boxed{5.0 \times 10^{3}},NV,\text{eV},False,EN,Laws Application
5150,Electromagnetism,Wave Optics,Polarization,"Based on the above conditions, calculate the relative phase of the \(n\)th order diffraction spot in relation to the 0th order on the Fourier plane, and verify the result

$$
\varphi_{ \pm n}=-k \frac{(n a)^{2}}{2 z}
$$

and explain its physical significance.","Typically, when natural light is reflected at the interface of two media, the reflected light is partially polarized. However, when the angle of incidence satisfies

$$
\theta_{B}=\arctan \frac{n_{1}}{n_{0}}
$$

where $n_{0}$ and $n_{1}$ are the refractive indices of the incident medium and the refractive medium respectively, the reflected light is linearly polarized with vibrations perpendicular to the plane of incidence. This angle $\theta_{B}$ is called the Brewster's angle or the polarization angle.

The calculations for $r, R, \bar{R}$, and $t, T, \bar{T}$ for the $S$ and $P$ components are based on Fresnel's equations. Because the angle of incidence is Brewster's angle, the sum of the angle of incidence and the angle of refraction is $\frac{\pi}{2}$. Intensity refers to the average energy flow density, which is the time average of the Poynting vector, while energy flow equals the intensity multiplied by the cross-sectional area of the beam. The reflected light and incident light are in the same medium, with equal cross-sectional areas, while the refracted light and incident light are in different media, with different cross-sectional areas, which is noteworthy.

1. According to Fresnel's equations, the amplitude reflectance $r_{s}$ and amplitude transmittance $t_{s}$ for the $S$ component are

$$
\begin{gathered}
r_{s}=\frac{n_{1} \cos \theta_{1}-n_{2} \cos \theta_{2}}{n_{1} \cos \theta_{1}+n_{2} \cos \theta_{2}}=-\frac{\sin \left(\theta_{1}-\theta_{2}\right)}{\sin \left(\theta_{1}+\theta_{2}\right)} \\
t_{s}=\frac{2 n_{1} \cos \theta_{1}}{n_{1} \cos \theta_{1}+n_{2} \cos \theta_{2}}=\frac{2 \sin \theta_{2} \cos \theta_{1}}{\sin \left(\theta_{1}+\theta_{2}\right)}
\end{gathered}
$$

The amplitude reflectance $r_{P}$ and amplitude transmittance $t_{P}$ for the $P$ component are

$$
\begin{gathered}
r_{P}=\frac{n_{2} \cos \theta_{1}-n_{1} \cos \theta_{2}}{n_{2} \cos \theta_{1}+n_{1} \cos \theta_{2}}=\frac{\tan \left(\theta_{1}-\theta_{2}\right)}{\tan \left(\theta_{1}+\theta_{2}\right)} \\
t_{P}=\frac{2 n_{1} \cos \theta_{1}}{n_{2} \cos \theta_{1}+n_{1} \cos \theta_{2}}=\frac{2 \cos \theta_{1} \sin \theta_{2}}{\sin \left(\theta_{1}+\theta_{2}\right) \cos \left(\theta_{1}-\theta_{2}\right)}
\end{gathered}
$$

where $n_{1}=1$, $n_{2}=n=1.50$, $\theta_{1}$ is the angle of incidence, and $\theta_{2}$ is the angle of refraction. Since the angle of incidence is the Brewster's angle, we have

$$
\theta_{1}=\theta_{B}=\arctan n=\arctan 1.50=56.3^{\circ}
$$

Additionally,

$$
\theta_{1}+\theta_{2}=\frac{\pi}{2}
$$

Substituting into the formulas for $r_{s}$ and $r_{p}$, we obtain

$$
\begin{gathered}
r_{s}=-\frac{\sin \left(56.3^{\circ}-33.7^{\circ}\right)}{\sin \left(56.3^{\circ}+33.7^{\circ}\right)}=-0.384 \\
r_{p}=0
\end{gathered}
$$

Since the reflected light and incident light are in the same medium with equal cross-sectional areas, the intensity reflectance $R_{S}$ and $R_{P}$, as well as the energy flow reflectance $\bar{R}_{S}$ and $\bar{R}_{P}$ for the $S$ and $P$ components respectively, are

$$
\begin{aligned}
& R_{S}=\left|r_{S}\right|^{2}=0.148, \quad R_{P}=0 \\
& \bar{R}_{S}=\left|r_{S}\right|^{2}=0.148, \quad \bar{R}_{P}=0
\end{aligned}
$$

For the refracted light, substituting $\theta_{1}$ and $\theta_{2}$ into $t_{s}$ and $t_{P}$, we have

$$
\begin{gathered}
t_{s}=\frac{2 \sin \theta_{2} \cos \theta_{1}}{\sin \left(\theta_{1}+\theta_{2}\right)}=\frac{2 \sin 33.7^{\circ} \cos 56.3^{\circ}}{\sin \frac{\pi}{2}}=0.616 \\
t_{P}=\frac{2 \cos \theta_{1} \sin \theta_{2}}{\sin \left(\theta_{1}+\theta_{2}\right) \cos \left(\theta_{1}-\theta_{2}\right)}=\frac{2 \cos 56.3^{\circ} \sin 33.7^{\circ}}{\cos \left(56.3^{\circ}-33.7^{\circ}\right)}=0.667
\end{gathered}
$$

Since the refracted light and incident light are in different media with different cross-sectional areas, the intensity transmittance and energy flow transmittance are not simply equal to the square of the amplitude transmittance. The intensity refers to the average energy flow density, which is the time average of the Poynting vector, given by

$$
\widetilde{S}=\frac{1}{2} \sqrt{\frac{\varepsilon_{0} \varepsilon_{\mathrm{r}}}{\mu_{0} \mu_{\mathrm{r}}}} E^{2}
$$

where $E$ is the amplitude of the electric vector. Since $\mu_{\mathrm{r}} \approx 1$, and the speed of light in vacuum $c=\frac{1}{\sqrt{\varepsilon_{0}} \mu_{0}}$, and the refractive index $n=\sqrt{\varepsilon_{\mathrm{r}} \mu_{\mathrm{r}}} \approx \sqrt{\varepsilon_{\mathrm{r}}}$, this can be rewritten as

$$
\bar{S}=\frac{1}{2 c \mu_{0}} n E^{2}
$$

Thus, the intensity is proportional to $n E^{2}$, and the intensity transmittance is

$$
T=\frac{\bar{S}_{2}}{\bar{S}_{1}}=\frac{n_{2}}{n_{1}} t^{2}
$$

The intensity transmittance for the $S$ and $P$ components is

$$
\begin{aligned}
& T_{S}=\frac{n_{2}}{n_{1}} t_{S}^{2}=n t_{S}^{2}=0.569 \\
& T_{P}=\frac{n_{2}}{n_{1}} t_{P}^{2}=n t_{P}^{2}=0.667
\end{aligned}
$$

The energy flow equals the intensity multiplied by the cross-sectional area of the beam, and the ratio of the cross-sectional areas of the refracted beam to the incident beam is $\frac{\cos \theta_{2}}{\cos \theta_{1}}$, so the energy flow transmittance is

$$
\bar{T}=\frac{\bar{S}_{2} \cos \theta_{2}}{\bar{S}_{1} \cos \theta_{1}}=\frac{n_{2} \cos \theta_{2}}{n_{1} \cos \theta_{1}} t^{2}=\frac{\cos \theta_{2}}{\cos \theta_{1}} T
$$

Substituting the values, the energy flow transmittance for the $S$ and $P$ components is

$$
\begin{gathered}
\bar{T}_{S}=\frac{\cos \theta_{2}}{\cos \theta_{1}} T_{S}=0.853 \\
\bar{T}_{P}=\frac{\cos \theta_{2}}{\cos \theta_{1}} T_{P}=1
\end{gathered}
$$

The fact that the energy flow transmittance $\bar{T}_{P}=1$ for the $P$ component is expected because, when light is incident at the Brewster's angle $\left(\theta_{1}=\theta_{B}\right)$, the reflected light does not contain any $P$ component, meaning the entire energy of the incident $P$ component is transmitted.",\boxed{-k \frac{(n a)^{2}}{2 z}},EX,,False,EN,Laws Application
5152,Electromagnetism,Wave Optics,Diffraction,"A useful grating structure diffracts a parallel light beam in the opposite direction to itself. If the grating has \( N \) lines per unit length, what wavelength will be diffracted at an angle \( \theta \), where \( \theta \) is the angle between the grating normal and the incident direction?","This type of grating is called a blazed grating, as shown in the figure. Let the incident light be perpendicular to the groove face, i.e., the incident angle \( \theta \) to the grating plane is equal to the angle \( \alpha \) between the groove face and the grating plane, where the primary maximum diffraction is centered in the direction of the incident light. In this direction, the reflected light has maximum intensity, and the path difference of the neighboring diffracted light in this direction is \( \Delta = 2d \sin \alpha \), where \( d = \frac{1}{N} \). Therefore, the wavelength that is blazed satisfies the grating equation \( k\lambda = 2d \sin \alpha \), where \( k = 1, 2, 3, \cdots \). 

$$
<image 1>
$$",\boxed{k\lambda = \frac{2}{N} \sin \alpha},EQ,,False,EN,Laws Application
5154,Electromagnetism,Wave Optics,Diffraction,"In a coherent imaging system, the lens (acting as the entrance pupil) has a relative aperture of $1/5$. Determine the cutoff frequency of this system in $\mathrm{mm}^{-1}$. Assume the object plane is near the front focal plane. The illumination wavelength is $0.5 \, \mu \mathrm{m}$.","As shown in the diagram, the cutoff frequency $f_{M}$ of the system is determined by the maximum exit angle $u_{0}$, which is limited by the lens aperture. The relationship is given by:

$$
\sin u_{0} = f_{M} \lambda
$$

Geometrically, we can approximate:

$$
\sin u_{0} \approx \frac{D}{2F}
$$

$$
<image 1>
$$

Thus,

$$
f_{M} = \frac{1}{2 \lambda} \left(\frac{D}{F}\right)
$$

By taking the relative aperture of the lens $(D/F) = 1/5$ and $\lambda = 0.5 \, \mu \mathrm{m}$, we calculate:

$$
f_{M} = 200 \, \mathrm{mm}^{-1}
$$",\boxed{200},NV,,False,EN,Practical Application
5155,Electromagnetism,Wave Optics,Polarization,"Consider two orthogonal linear polarizers, one with a vertical transmission axis and the other with a horizontal transmission axis. Assume the incident intensity of unpolarized light is $I_{\mathrm{i}}$. Find the transmitted light intensity of the system before inserting a third linear polarizer.","A system of two orthogonal linear polarizers is opaque, thus $I_{\text{out}} = 0$.",\boxed{0},NV,,False,EN,Knowledge Recall
5156,Electromagnetism,Wave Optics,Diffraction,"In a \(4F\) optical system, an image with an amplitude transmittance function of

\[
\tilde{t_{0}} = t_{0} + t_{1} \cos 2 \pi f x
\]

is placed on the input plane \(O\), where \(t_{0} = 0.6\), \(t_{1} = 0.3\), and \(f = 400 \ \mathrm{mm}^{-1}\). The system uses monochromatic collimated light with a wavelength of \(\lambda = 0.63 \ \mu \mathrm{m}\). If a piece of black paper (acting as a spatial filter) blocks the zeroth-order spot on the transformation plane \(T\), what is the intensity distribution of the output image, and calculate the specific value of the spatial frequency.","The zeroth-order spot on the transformation plane reflects the DC information from the object plane associated with \(t_{0}\). Blocking the zeroth-order spot is equivalent to the object information passing completely through the system becoming

\[
\tilde{t}_{0}^{\prime}\left(x_{0}, y_{0}\right) = t_{1} \cos 2 \pi fx_{0}
\]

At this point, the output information is

\[
\tilde{t_{1}}\left(x^{\prime}, y^{\prime}\right) = \tilde{t}_{0}^{\prime}\left(-x^{\prime}, -y^{\prime}\right) = t_{1} \cos 2 \pi fx^{\prime}
\]

The intensity distribution of the output image is

\[
I_{1}\left(x^{\prime}, y^{\prime}\right) \propto \tilde{t_{0}} \tilde{t_{1}}^{*} = t_{1}^{2} \cos^{2} 2 \pi fx^{\prime} = \frac{1}{2} t_{1}^{2} + \frac{1}{2} t_{1}^{2} \cos 4\pi fx^{\prime}
\]

Apart from the DC component, the spatial frequency of its alternating component is

\[
f^{\prime} = 2f = 800 \ \mathrm{mm}^{-1}
\]",\boxed{800},NV,\mathrm{mm}^{-1},False,EN,Practical Application
5157,Electromagnetism,Wave Optics,Polarization,"A beam of white light is normally incident on a grating with 600 lines per millimeter. Calculate the diffraction angle for the beginning of the second-order spectrum. The wavelength range of white light is given as \(\lambda_{m} = 4000 \, \text{}\).","Typically, when natural light is reflected at the interface of two media, the reflected light is partially polarized. However, when the angle of incidence satisfies

$$
\theta_{B}=\arctan \frac{n_{1}}{n_{0}}
$$

where $n_{0}$ and $n_{1}$ are the refractive indices of the incident medium and the refractive medium respectively, the reflected light is linearly polarized with vibrations perpendicular to the plane of incidence. This angle $\theta_{B}$ is called the Brewster's angle or the polarization angle.

The calculations for $r, R, \bar{R}$, and $t, T, \bar{T}$ for the $S$ and $P$ components are based on Fresnel's equations. Because the angle of incidence is Brewster's angle, the sum of the angle of incidence and the angle of refraction is $\frac{\pi}{2}$. Intensity refers to the average energy flow density, which is the time average of the Poynting vector, while energy flow equals the intensity multiplied by the cross-sectional area of the beam. The reflected light and incident light are in the same medium, with equal cross-sectional areas, while the refracted light and incident light are in different media, with different cross-sectional areas, which is noteworthy.

1. According to Fresnel's equations, the amplitude reflectance $r_{s}$ and amplitude transmittance $t_{s}$ for the $S$ component are

$$
\begin{gathered}
r_{s}=\frac{n_{1} \cos \theta_{1}-n_{2} \cos \theta_{2}}{n_{1} \cos \theta_{1}+n_{2} \cos \theta_{2}}=-\frac{\sin \left(\theta_{1}-\theta_{2}\right)}{\sin \left(\theta_{1}+\theta_{2}\right)} \\
t_{s}=\frac{2 n_{1} \cos \theta_{1}}{n_{1} \cos \theta_{1}+n_{2} \cos \theta_{2}}=\frac{2 \sin \theta_{2} \cos \theta_{1}}{\sin \left(\theta_{1}+\theta_{2}\right)}
\end{gathered}
$$

The amplitude reflectance $r_{P}$ and amplitude transmittance $t_{P}$ for the $P$ component are

$$
\begin{gathered}
r_{P}=\frac{n_{2} \cos \theta_{1}-n_{1} \cos \theta_{2}}{n_{2} \cos \theta_{1}+n_{1} \cos \theta_{2}}=\frac{\tan \left(\theta_{1}-\theta_{2}\right)}{\tan \left(\theta_{1}+\theta_{2}\right)} \\
t_{P}=\frac{2 n_{1} \cos \theta_{1}}{n_{2} \cos \theta_{1}+n_{1} \cos \theta_{2}}=\frac{2 \cos \theta_{1} \sin \theta_{2}}{\sin \left(\theta_{1}+\theta_{2}\right) \cos \left(\theta_{1}-\theta_{2}\right)}
\end{gathered}
$$

where $n_{1}=1$, $n_{2}=n=1.50$, $\theta_{1}$ is the angle of incidence, and $\theta_{2}$ is the angle of refraction. Since the angle of incidence is the Brewster's angle, we have

$$
\theta_{1}=\theta_{B}=\arctan n=\arctan 1.50=56.3^{\circ}
$$

Additionally,

$$
\theta_{1}+\theta_{2}=\frac{\pi}{2}
$$

Substituting into the formulas for $r_{s}$ and $r_{p}$, we obtain

$$
\begin{gathered}
r_{s}=-\frac{\sin \left(56.3^{\circ}-33.7^{\circ}\right)}{\sin \left(56.3^{\circ}+33.7^{\circ}\right)}=-0.384 \\
r_{p}=0
\end{gathered}
$$

Since the reflected light and incident light are in the same medium with equal cross-sectional areas, the intensity reflectance $R_{S}$ and $R_{P}$, as well as the energy flow reflectance $\bar{R}_{S}$ and $\bar{R}_{P}$ for the $S$ and $P$ components respectively, are

$$
\begin{aligned}
& R_{S}=\left|r_{S}\right|^{2}=0.148, \quad R_{P}=0 \\
& \bar{R}_{S}=\left|r_{S}\right|^{2}=0.148, \quad \bar{R}_{P}=0
\end{aligned}
$$

For the refracted light, substituting $\theta_{1}$ and $\theta_{2}$ into $t_{s}$ and $t_{P}$, we have

$$
\begin{gathered}
t_{s}=\frac{2 \sin \theta_{2} \cos \theta_{1}}{\sin \left(\theta_{1}+\theta_{2}\right)}=\frac{2 \sin 33.7^{\circ} \cos 56.3^{\circ}}{\sin \frac{\pi}{2}}=0.616 \\
t_{P}=\frac{2 \cos \theta_{1} \sin \theta_{2}}{\sin \left(\theta_{1}+\theta_{2}\right) \cos \left(\theta_{1}-\theta_{2}\right)}=\frac{2 \cos 56.3^{\circ} \sin 33.7^{\circ}}{\cos \left(56.3^{\circ}-33.7^{\circ}\right)}=0.667
\end{gathered}
$$

Since the refracted light and incident light are in different media with different cross-sectional areas, the intensity transmittance and energy flow transmittance are not simply equal to the square of the amplitude transmittance. The intensity refers to the average energy flow density, which is the time average of the Poynting vector, given by

$$
\widetilde{S}=\frac{1}{2} \sqrt{\frac{\varepsilon_{0} \varepsilon_{\mathrm{r}}}{\mu_{0} \mu_{\mathrm{r}}}} E^{2}
$$

where $E$ is the amplitude of the electric vector. Since $\mu_{\mathrm{r}} \approx 1$, and the speed of light in vacuum $c=\frac{1}{\sqrt{\varepsilon_{0}} \mu_{0}}$, and the refractive index $n=\sqrt{\varepsilon_{\mathrm{r}} \mu_{\mathrm{r}}} \approx \sqrt{\varepsilon_{\mathrm{r}}}$, this can be rewritten as

$$
\bar{S}=\frac{1}{2 c \mu_{0}} n E^{2}
$$

Thus, the intensity is proportional to $n E^{2}$, and the intensity transmittance is

$$
T=\frac{\bar{S}_{2}}{\bar{S}_{1}}=\frac{n_{2}}{n_{1}} t^{2}
$$

The intensity transmittance for the $S$ and $P$ components is

$$
\begin{aligned}
& T_{S}=\frac{n_{2}}{n_{1}} t_{S}^{2}=n t_{S}^{2}=0.569 \\
& T_{P}=\frac{n_{2}}{n_{1}} t_{P}^{2}=n t_{P}^{2}=0.667
\end{aligned}
$$

The energy flow equals the intensity multiplied by the cross-sectional area of the beam, and the ratio of the cross-sectional areas of the refracted beam to the incident beam is $\frac{\cos \theta_{2}}{\cos \theta_{1}}$, so the energy flow transmittance is

$$
\bar{T}=\frac{\bar{S}_{2} \cos \theta_{2}}{\bar{S}_{1} \cos \theta_{1}}=\frac{n_{2} \cos \theta_{2}}{n_{1} \cos \theta_{1}} t^{2}=\frac{\cos \theta_{2}}{\cos \theta_{1}} T
$$

Substituting the values, the energy flow transmittance for the $S$ and $P$ components is

$$
\begin{gathered}
\bar{T}_{S}=\frac{\cos \theta_{2}}{\cos \theta_{1}} T_{S}=0.853 \\
\bar{T}_{P}=\frac{\cos \theta_{2}}{\cos \theta_{1}} T_{P}=1
\end{gathered}
$$

The fact that the energy flow transmittance $\bar{T}_{P}=1$ for the $P$ component is expected because, when light is incident at the Brewster's angle $\left(\theta_{1}=\theta_{B}\right)$, the reflected light does not contain any $P$ component, meaning the entire energy of the incident $P$ component is transmitted.",\boxed{28^\circ 41'},NV,,False,EN,Practical Application
5159,Electromagnetism,Wave Optics,Interference,"In a single-wavelength light Young's double-slit experiment, a glass plate with a refractive index of \( n \) and thickness \( t \) is placed in one of the light paths. Determine the light intensity at the center of the screen. Assume the intensity at the center is \( I \) when \( t = 0 \). Neglect the absorption by the glass.","Assume \( S_{1} = S_{2} \), and the light intensity at point \( C \) caused by a single slit is \( \frac{1}{4} I_{0} \) (as given, the light intensity at point \( C \) under the double-slit illumination condition is \( I_{0} \)). See attached diagram.

$$
I = I_{0} \cos ^{2}(\delta / 2), \quad \delta = \frac{2 \pi(n-1)}{\lambda} t
$$

Therefore

$$
I = I_{0} \cos ^{2} \frac{\pi(n-1) t}{\lambda}
$$",\boxed{I_0 \cos^2 \frac{\pi(n-1) t}{\lambda}},EX,,False,EN,Math Derivation
5162,Electromagnetism,Wave Optics,Interference,"Using multi-beam interference, an interference filter can be created. A layer of silver is coated on a very flat glass plate, and a transparent film, such as crystal ( $3 \mathrm{NaF}-\mathrm{AlF}_{3}$ ), is added on top of the silver surface, followed by another layer of silver. Thus, a film layer forms between the two silver surfaces, resulting in multi-beam interference. Suppose the reflectivity of the silver surface $R=0.96$, the refractive index of the transparent film is 1.55, and the film thickness $h=4 \times 10^{-5} \mathrm{~cm}$, with parallel light incident normally. Within the visible light range, how many spectral lines have the strongest transmission, and what are their wavelengths?","First, calculate the longitudinal mode frequency spacing

$$
\Delta \nu=\frac{c}{2 n h} \approx 2.4 \times 10^{14} \mathrm{~Hz}
$$

Next, calculate the number of longitudinal modes contained in the visible light band (i.e., the number of spectral lines with the strongest transmission)

$$
\Delta N=\frac{3.5 \times 10^{14}}{2.4 \times 10^{14}} \approx 1.5 \text{ (lines)}
$$

Since there are very few spectral lines at present, let's calculate the specific wavelengths of the spectral lines. To do this, let $\lambda_{m}=4000 \, \mathrm{\AA}$, and calculate

$$
k_{M}=\frac{2 n h}{\lambda_{m}}=3.1
$$

Let $\lambda_{M}=7600 \, \mathrm{\AA}$, and calculate

$$
k_{m}=\frac{2 n h}{\lambda_{M}}=1.6
$$

Therefore, in the visible light range, only integer values between $1.6 \sim 3.1$ can be taken

$$
k=2 \text{ or } 3
$$

The corresponding wavelengths of the strongest spectral lines are

$$
\begin{aligned}
& \lambda=\frac{2 n h}{2} \approx 6200 \, \mathrm{\AA} \\
& \lambda^{\prime}=\frac{2 n h}{3} \approx 4133 \, \mathrm{\AA}
\end{aligned}
$$","\boxed{6200, 4133}","NV, NV","\mathrm{\AA}, \mathrm{\AA}",True,EN,Laws Application
5163,Electromagnetism,Wave Optics,Diffraction,A parabolic radio antenna with an aperture \(D\) is excited solely by a radio transmitter of frequency \(f\) and wavelength \(\lambda(=c / f) \ll D\). What is the approximate radiation pattern at a far distance \(\left(r \gg \frac{D^{2}}{\lambda}\right)\)?,"Diffraction occurs due to the limitation of the wavefront. It corresponds to the Fraunhofer diffraction pattern produced by a plane wave incident on a circular aperture with diameter \(D\). Its intensity distribution is given by

\[
I=I(0)\left[\frac{2 J_{1}(k D \sin \theta)}{k D \sin \theta}\right]^{2}
\]

In the diagram, the horizontal axis is \(w = k D \sin \theta\), where \(k=2 \pi / \lambda, \sin \theta=\rho / r, \rho\) is the radial distance from the center on the diffraction observation screen. The intensity distribution is shown in Figure 1.

The intensity is zero when \(w= \pm 3.83, \pm 7.02, \pm 10.17 \cdots\).

The intensity is at its maximum when \(w=0, \pm 5.14, \pm 8.46 \cdots\). Among these, \(w=0\) corresponds to the primary maximum of intensity, set as 1, while the subsequent maximal intensity values are \(1.00, 0.0175, 0.0042 \cdots\), diminishing rapidly.

$$
<image 1>
$$

Figure 1",\boxed{\left[\frac{2 J_{1}(k D \sin \theta)}{k D \sin \theta}\right]^{2}},EX,,False,EN,Laws Application
5164,Electromagnetism,Wave Optics,Polarization,"A beam of natural light is incident from air onto an air-glass interface, with an incident angle $\theta_{1}=30^{\circ}$ and a glass refractive index $n=1.50$. Find the refraction angle.","According to the law of refraction, the refraction angle is

$$
\theta_{2}=\arcsin \left(\frac{\sin \theta_{1}}{n}\right)=19.47^{\circ}
$$",\boxed{19.47},NV,^\circ,False,EN,Laws Application
5165,Electromagnetism,Wave Optics,Polarization,"A fine wire with a diameter of $D$ is sandwiched at one edge between two flat glass bricks, forming a wedge-shaped air layer. Under vertical illumination with sodium yellow light ($\lambda=5893\, \text{}$), interference fringes are produced. What is the thickness difference between two locations separated by 8 fringes? Use this thickness difference to determine the diameter $D$ of the wire.","Typically, when natural light is reflected at the interface of two media, the reflected light is partially polarized. However, when the angle of incidence satisfies

$$
\theta_{B}=\arctan \frac{n_{1}}{n_{0}}
$$

where $n_{0}$ and $n_{1}$ are the refractive indices of the incident medium and the refractive medium respectively, the reflected light is linearly polarized with vibrations perpendicular to the plane of incidence. This angle $\theta_{B}$ is called the Brewster's angle or the polarization angle.

The calculations for $r, R, \bar{R}$, and $t, T, \bar{T}$ for the $S$ and $P$ components are based on Fresnel's equations. Because the angle of incidence is Brewster's angle, the sum of the angle of incidence and the angle of refraction is $\frac{\pi}{2}$. Intensity refers to the average energy flow density, which is the time average of the Poynting vector, while energy flow equals the intensity multiplied by the cross-sectional area of the beam. The reflected light and incident light are in the same medium, with equal cross-sectional areas, while the refracted light and incident light are in different media, with different cross-sectional areas, which is noteworthy.

1. According to Fresnel's equations, the amplitude reflectance $r_{s}$ and amplitude transmittance $t_{s}$ for the $S$ component are

$$
\begin{gathered}
r_{s}=\frac{n_{1} \cos \theta_{1}-n_{2} \cos \theta_{2}}{n_{1} \cos \theta_{1}+n_{2} \cos \theta_{2}}=-\frac{\sin \left(\theta_{1}-\theta_{2}\right)}{\sin \left(\theta_{1}+\theta_{2}\right)} \\
t_{s}=\frac{2 n_{1} \cos \theta_{1}}{n_{1} \cos \theta_{1}+n_{2} \cos \theta_{2}}=\frac{2 \sin \theta_{2} \cos \theta_{1}}{\sin \left(\theta_{1}+\theta_{2}\right)}
\end{gathered}
$$

The amplitude reflectance $r_{P}$ and amplitude transmittance $t_{P}$ for the $P$ component are

$$
\begin{gathered}
r_{P}=\frac{n_{2} \cos \theta_{1}-n_{1} \cos \theta_{2}}{n_{2} \cos \theta_{1}+n_{1} \cos \theta_{2}}=\frac{\tan \left(\theta_{1}-\theta_{2}\right)}{\tan \left(\theta_{1}+\theta_{2}\right)} \\
t_{P}=\frac{2 n_{1} \cos \theta_{1}}{n_{2} \cos \theta_{1}+n_{1} \cos \theta_{2}}=\frac{2 \cos \theta_{1} \sin \theta_{2}}{\sin \left(\theta_{1}+\theta_{2}\right) \cos \left(\theta_{1}-\theta_{2}\right)}
\end{gathered}
$$

where $n_{1}=1$, $n_{2}=n=1.50$, $\theta_{1}$ is the angle of incidence, and $\theta_{2}$ is the angle of refraction. Since the angle of incidence is the Brewster's angle, we have

$$
\theta_{1}=\theta_{B}=\arctan n=\arctan 1.50=56.3^{\circ}
$$

Additionally,

$$
\theta_{1}+\theta_{2}=\frac{\pi}{2}
$$

Substituting into the formulas for $r_{s}$ and $r_{p}$, we obtain

$$
\begin{gathered}
r_{s}=-\frac{\sin \left(56.3^{\circ}-33.7^{\circ}\right)}{\sin \left(56.3^{\circ}+33.7^{\circ}\right)}=-0.384 \\
r_{p}=0
\end{gathered}
$$

Since the reflected light and incident light are in the same medium with equal cross-sectional areas, the intensity reflectance $R_{S}$ and $R_{P}$, as well as the energy flow reflectance $\bar{R}_{S}$ and $\bar{R}_{P}$ for the $S$ and $P$ components respectively, are

$$
\begin{aligned}
& R_{S}=\left|r_{S}\right|^{2}=0.148, \quad R_{P}=0 \\
& \bar{R}_{S}=\left|r_{S}\right|^{2}=0.148, \quad \bar{R}_{P}=0
\end{aligned}
$$

For the refracted light, substituting $\theta_{1}$ and $\theta_{2}$ into $t_{s}$ and $t_{P}$, we have

$$
\begin{gathered}
t_{s}=\frac{2 \sin \theta_{2} \cos \theta_{1}}{\sin \left(\theta_{1}+\theta_{2}\right)}=\frac{2 \sin 33.7^{\circ} \cos 56.3^{\circ}}{\sin \frac{\pi}{2}}=0.616 \\
t_{P}=\frac{2 \cos \theta_{1} \sin \theta_{2}}{\sin \left(\theta_{1}+\theta_{2}\right) \cos \left(\theta_{1}-\theta_{2}\right)}=\frac{2 \cos 56.3^{\circ} \sin 33.7^{\circ}}{\cos \left(56.3^{\circ}-33.7^{\circ}\right)}=0.667
\end{gathered}
$$

Since the refracted light and incident light are in different media with different cross-sectional areas, the intensity transmittance and energy flow transmittance are not simply equal to the square of the amplitude transmittance. The intensity refers to the average energy flow density, which is the time average of the Poynting vector, given by

$$
\widetilde{S}=\frac{1}{2} \sqrt{\frac{\varepsilon_{0} \varepsilon_{\mathrm{r}}}{\mu_{0} \mu_{\mathrm{r}}}} E^{2}
$$

where $E$ is the amplitude of the electric vector. Since $\mu_{\mathrm{r}} \approx 1$, and the speed of light in vacuum $c=\frac{1}{\sqrt{\varepsilon_{0}} \mu_{0}}$, and the refractive index $n=\sqrt{\varepsilon_{\mathrm{r}} \mu_{\mathrm{r}}} \approx \sqrt{\varepsilon_{\mathrm{r}}}$, this can be rewritten as

$$
\bar{S}=\frac{1}{2 c \mu_{0}} n E^{2}
$$

Thus, the intensity is proportional to $n E^{2}$, and the intensity transmittance is

$$
T=\frac{\bar{S}_{2}}{\bar{S}_{1}}=\frac{n_{2}}{n_{1}} t^{2}
$$

The intensity transmittance for the $S$ and $P$ components is

$$
\begin{aligned}
& T_{S}=\frac{n_{2}}{n_{1}} t_{S}^{2}=n t_{S}^{2}=0.569 \\
& T_{P}=\frac{n_{2}}{n_{1}} t_{P}^{2}=n t_{P}^{2}=0.667
\end{aligned}
$$

The energy flow equals the intensity multiplied by the cross-sectional area of the beam, and the ratio of the cross-sectional areas of the refracted beam to the incident beam is $\frac{\cos \theta_{2}}{\cos \theta_{1}}$, so the energy flow transmittance is

$$
\bar{T}=\frac{\bar{S}_{2} \cos \theta_{2}}{\bar{S}_{1} \cos \theta_{1}}=\frac{n_{2} \cos \theta_{2}}{n_{1} \cos \theta_{1}} t^{2}=\frac{\cos \theta_{2}}{\cos \theta_{1}} T
$$

Substituting the values, the energy flow transmittance for the $S$ and $P$ components is

$$
\begin{gathered}
\bar{T}_{S}=\frac{\cos \theta_{2}}{\cos \theta_{1}} T_{S}=0.853 \\
\bar{T}_{P}=\frac{\cos \theta_{2}}{\cos \theta_{1}} T_{P}=1
\end{gathered}
$$

The fact that the energy flow transmittance $\bar{T}_{P}=1$ for the $P$ component is expected because, when light is incident at the Brewster's angle $\left(\theta_{1}=\theta_{B}\right)$, the reflected light does not contain any $P$ component, meaning the entire energy of the incident $P$ component is transmitted.",\boxed{2.36},NV,\mu\text{m},False,EN,Practical Application
5168,Electromagnetism,Wave Optics,Polarization,"A composite microscope has an objective lens with a focal length of 0.5 cm and an eyepiece with a focal length of 2 cm. If the distance between the two lenses is 22 cm, and the observer sees the image at infinity, what should be the distance from the object to the objective lens? The error should be within 10%. Use the lens formula \(\frac{1}{p}+\frac{1}{q}=\frac{1}{f}\) to derive all necessary formulas.","Typically, when natural light is reflected at the interface of two media, the reflected light is partially polarized. However, when the angle of incidence satisfies

$$
\theta_{B}=\arctan \frac{n_{1}}{n_{0}}
$$

where $n_{0}$ and $n_{1}$ are the refractive indices of the incident medium and the refractive medium respectively, the reflected light is linearly polarized with vibrations perpendicular to the plane of incidence. This angle $\theta_{B}$ is called the Brewster's angle or the polarization angle.

The calculations for $r, R, \bar{R}$, and $t, T, \bar{T}$ for the $S$ and $P$ components are based on Fresnel's equations. Because the angle of incidence is Brewster's angle, the sum of the angle of incidence and the angle of refraction is $\frac{\pi}{2}$. Intensity refers to the average energy flow density, which is the time average of the Poynting vector, while energy flow equals the intensity multiplied by the cross-sectional area of the beam. The reflected light and incident light are in the same medium, with equal cross-sectional areas, while the refracted light and incident light are in different media, with different cross-sectional areas, which is noteworthy.

1. According to Fresnel's equations, the amplitude reflectance $r_{s}$ and amplitude transmittance $t_{s}$ for the $S$ component are

$$
\begin{gathered}
r_{s}=\frac{n_{1} \cos \theta_{1}-n_{2} \cos \theta_{2}}{n_{1} \cos \theta_{1}+n_{2} \cos \theta_{2}}=-\frac{\sin \left(\theta_{1}-\theta_{2}\right)}{\sin \left(\theta_{1}+\theta_{2}\right)} \\
t_{s}=\frac{2 n_{1} \cos \theta_{1}}{n_{1} \cos \theta_{1}+n_{2} \cos \theta_{2}}=\frac{2 \sin \theta_{2} \cos \theta_{1}}{\sin \left(\theta_{1}+\theta_{2}\right)}
\end{gathered}
$$

The amplitude reflectance $r_{P}$ and amplitude transmittance $t_{P}$ for the $P$ component are

$$
\begin{gathered}
r_{P}=\frac{n_{2} \cos \theta_{1}-n_{1} \cos \theta_{2}}{n_{2} \cos \theta_{1}+n_{1} \cos \theta_{2}}=\frac{\tan \left(\theta_{1}-\theta_{2}\right)}{\tan \left(\theta_{1}+\theta_{2}\right)} \\
t_{P}=\frac{2 n_{1} \cos \theta_{1}}{n_{2} \cos \theta_{1}+n_{1} \cos \theta_{2}}=\frac{2 \cos \theta_{1} \sin \theta_{2}}{\sin \left(\theta_{1}+\theta_{2}\right) \cos \left(\theta_{1}-\theta_{2}\right)}
\end{gathered}
$$

where $n_{1}=1$, $n_{2}=n=1.50$, $\theta_{1}$ is the angle of incidence, and $\theta_{2}$ is the angle of refraction. Since the angle of incidence is the Brewster's angle, we have

$$
\theta_{1}=\theta_{B}=\arctan n=\arctan 1.50=56.3^{\circ}
$$

Additionally,

$$
\theta_{1}+\theta_{2}=\frac{\pi}{2}
$$

Substituting into the formulas for $r_{s}$ and $r_{p}$, we obtain

$$
\begin{gathered}
r_{s}=-\frac{\sin \left(56.3^{\circ}-33.7^{\circ}\right)}{\sin \left(56.3^{\circ}+33.7^{\circ}\right)}=-0.384 \\
r_{p}=0
\end{gathered}
$$

Since the reflected light and incident light are in the same medium with equal cross-sectional areas, the intensity reflectance $R_{S}$ and $R_{P}$, as well as the energy flow reflectance $\bar{R}_{S}$ and $\bar{R}_{P}$ for the $S$ and $P$ components respectively, are

$$
\begin{aligned}
& R_{S}=\left|r_{S}\right|^{2}=0.148, \quad R_{P}=0 \\
& \bar{R}_{S}=\left|r_{S}\right|^{2}=0.148, \quad \bar{R}_{P}=0
\end{aligned}
$$

For the refracted light, substituting $\theta_{1}$ and $\theta_{2}$ into $t_{s}$ and $t_{P}$, we have

$$
\begin{gathered}
t_{s}=\frac{2 \sin \theta_{2} \cos \theta_{1}}{\sin \left(\theta_{1}+\theta_{2}\right)}=\frac{2 \sin 33.7^{\circ} \cos 56.3^{\circ}}{\sin \frac{\pi}{2}}=0.616 \\
t_{P}=\frac{2 \cos \theta_{1} \sin \theta_{2}}{\sin \left(\theta_{1}+\theta_{2}\right) \cos \left(\theta_{1}-\theta_{2}\right)}=\frac{2 \cos 56.3^{\circ} \sin 33.7^{\circ}}{\cos \left(56.3^{\circ}-33.7^{\circ}\right)}=0.667
\end{gathered}
$$

Since the refracted light and incident light are in different media with different cross-sectional areas, the intensity transmittance and energy flow transmittance are not simply equal to the square of the amplitude transmittance. The intensity refers to the average energy flow density, which is the time average of the Poynting vector, given by

$$
\widetilde{S}=\frac{1}{2} \sqrt{\frac{\varepsilon_{0} \varepsilon_{\mathrm{r}}}{\mu_{0} \mu_{\mathrm{r}}}} E^{2}
$$

where $E$ is the amplitude of the electric vector. Since $\mu_{\mathrm{r}} \approx 1$, and the speed of light in vacuum $c=\frac{1}{\sqrt{\varepsilon_{0}} \mu_{0}}$, and the refractive index $n=\sqrt{\varepsilon_{\mathrm{r}} \mu_{\mathrm{r}}} \approx \sqrt{\varepsilon_{\mathrm{r}}}$, this can be rewritten as

$$
\bar{S}=\frac{1}{2 c \mu_{0}} n E^{2}
$$

Thus, the intensity is proportional to $n E^{2}$, and the intensity transmittance is

$$
T=\frac{\bar{S}_{2}}{\bar{S}_{1}}=\frac{n_{2}}{n_{1}} t^{2}
$$

The intensity transmittance for the $S$ and $P$ components is

$$
\begin{aligned}
& T_{S}=\frac{n_{2}}{n_{1}} t_{S}^{2}=n t_{S}^{2}=0.569 \\
& T_{P}=\frac{n_{2}}{n_{1}} t_{P}^{2}=n t_{P}^{2}=0.667
\end{aligned}
$$

The energy flow equals the intensity multiplied by the cross-sectional area of the beam, and the ratio of the cross-sectional areas of the refracted beam to the incident beam is $\frac{\cos \theta_{2}}{\cos \theta_{1}}$, so the energy flow transmittance is

$$
\bar{T}=\frac{\bar{S}_{2} \cos \theta_{2}}{\bar{S}_{1} \cos \theta_{1}}=\frac{n_{2} \cos \theta_{2}}{n_{1} \cos \theta_{1}} t^{2}=\frac{\cos \theta_{2}}{\cos \theta_{1}} T
$$

Substituting the values, the energy flow transmittance for the $S$ and $P$ components is

$$
\begin{gathered}
\bar{T}_{S}=\frac{\cos \theta_{2}}{\cos \theta_{1}} T_{S}=0.853 \\
\bar{T}_{P}=\frac{\cos \theta_{2}}{\cos \theta_{1}} T_{P}=1
\end{gathered}
$$

The fact that the energy flow transmittance $\bar{T}_{P}=1$ for the $P$ component is expected because, when light is incident at the Brewster's angle $\left(\theta_{1}=\theta_{B}\right)$, the reflected light does not contain any $P$ component, meaning the entire energy of the incident $P$ component is transmitted.",\boxed{0.51},NV,\mathrm{cm},False,EN,Laws Application
5169,Electromagnetism,Wave Optics,Diffraction,"Suppose the complex amplitude transmittance function of a grating is

$$
t(x) = t_{0} + t_{1} \cos(2 \pi f x) + t_{1} \cos \left(2 \pi f x + \frac{\pi}{2}\right)
$$

How many diffraction spots will appear in the Fraunhofer diffraction pattern of this grating?","Excluding the DC component term $t_{0}$, the complex amplitude transmittance function of this grating includes two terms with the same spatial frequency $f$. It can be determined that this grating will still produce only three Fraunhofer diffraction spots.",\boxed{3},NV,,False,EN,Knowledge Recall
5170,Electromagnetism,Wave Optics,Interference,"A luminous element with a diameter of \(1 \, \text{cm}\) is measured for coherent area. What is the coherent area at a distance of \(10 \, \text{m}\)?","The coherent area at a distance \(R=10 \, \text{m}\) is

\[
\Delta S_{2} \approx \frac{\pi}{4}(10 \times 0.55 \times 10^{-4})^2 \approx 0.24 \, \text{mm}^{2}
\]",\boxed{0.24},NV,\text{mm}^{2},False,EN,
5171,Electromagnetism,Wave Optics,Diffraction,"A small aperture parabolic mirror (diameter 10 cm, focal length 500 cm) is used to photograph the starry sky. Discuss the primary limitation of its on-axis resolution. What is the approximate linear size of the ""image"" point of a star located on-axis in visible light?","Due to the focusing properties of the parabolic mirror, and since \( a \ll f \), the ""image"" point can be considered as its Fraunhofer diffraction Airy disk. When on-axis, according to the Rayleigh criterion, the minimum resolvable angle is

$$
\delta_{\min} = 0.61 \frac{\lambda}{a} \quad (a \text{ is the aperture radius of the parabolic mirror})
$$

For a star emitting light on-axis, its ""image"" point has a linear size equal to the radius of the Airy disk (for visible light, \( \lambda \approx 5 \times 10^{-5} \mathrm{~cm} \)), thus

$$
r = f \cdot \theta \approx 500 \times 0.61 \times \frac{5 \times 10^{-5}}{5} \approx 3 \times 10^{-3} \mathrm{~cm}
$$",\boxed{3 \times 10^{-3}},NV,\text{cm},False,EN,Laws Application
5172,Electromagnetism,Wave Optics,Interference,"A monochromatic point light source \( S \) illuminates a double-faced mirror, where the angle between the two mirrors \( \varphi \) is very small. Interference fringes are produced on the screen in the overlapping region of the reflected light. Given that the distance from the edge of the double-faced mirror to the screen is \( L_0 \), and the distance from the point source to the edge is \( r\), find the distance between the interference fringes.","According to Young's interference calculation, the fringe spacing is

\[
\Delta = \frac{(r + L_0) \lambda}{2r\varphi}
\]

$$
<image 1>
$$",\boxed{\Delta = \frac{(r + L_0) \lambda}{2r\varphi}},EX,,False,EN,Math Derivation
5174,Electromagnetism,Wave Optics,Diffraction,"In a medium, the oscillation of bound electrons absorbs the energy of electromagnetic radiation and is related to frequency; this phenomenon is called dispersion. Dispersion can be described by the dispersion parameter $D$, with the formula:

$$
D=-\frac{2 \pi c}{\lambda^{2}} \beta_{2} \approx-\frac{\lambda}{c} \frac{\mathrm{d}^{2} n}{\mathrm{d} \lambda^{2}}
$$

where $\beta_{2}$ is the group velocity dispersion coefficient. It is known that in a single-mode fiber at $\lambda=0.8 \ \mu \mathrm{m}$, the measurement gives $\lambda^{2}\left(\frac{\mathrm{d}^{2} n}{\mathrm{d} \lambda^{2}}\right)=0.02$. Please calculate $\beta_{2}$.","Given $D=-83 \times 10^{-12} \ \mathrm{s}/(\mathrm{km} \cdot \mathrm{nm})$, calculate $\beta_{2}$:

$$
\beta_{2}=\frac{D \lambda^{2}}{2 \pi c} = 28.5 \times 10^{-24} \ \mathrm{s}^{2}/\mathrm{km}
$$",\boxed{28.5 \times 10^{-24}},NV,\mathrm{s}^{2}/\mathrm{km},False,EN,Laws Application
5175,Electromagnetism,Wave Optics,Diffraction,"Consider the optical path from point \(O\) to point \(S_{0}\) as \(L\left(O a S_{0}\right)\). Prove that the phase at this point \(\varphi_{0}(S_{0})\) is given by

$$
\varphi_{0}\left(S_{0}\right)=\varphi_{0}+\frac{2 \pi}{\lambda} L\left(O a S_{0}\right)
$$

and calculate the phase difference \(\varphi(S_{n})-\varphi(S_{0})\).","Therefore, the phases of the \(n\)-th order diffraction spot and the 0-th order spot are respectively expressed as

$$
\begin{aligned}
& \varphi\left(S_{n}\right)=\varphi_{n}\left(S_{n}\right)=\varphi_{0}+\frac{2 \pi}{\lambda} L\left(O b S_{n}\right) \\
& \varphi\left(S_{0}\right)=\varphi_{0}\left(S_{0}\right)=\varphi_{0}+\frac{2 \pi}{\lambda} L\left(O a S_{0}\right)
\end{aligned}
$$

The phase difference is

$$
\varphi\left(S_{n}\right)-\varphi\left(S_{0}\right)=\frac{2 \pi}{\lambda}\left[L\left(O b S_{n}\right)-L\left(O a S_{0}\right)\right]
$$",\boxed{\frac{2 \pi}{\lambda}\left[L\left(O b S_{n}\right)-L\left(O a S_{0}\right)\right]},EX,,False,EN,Knowledge Recall
5176,Electromagnetism,Wave Optics,Polarization,"The angular separation between a binary star is \(1 \times 10^{-6} \, \mathrm{rad}\), and its radiation wavelength is \(5790 \, \text{}\). What aperture must the telescope have to resolve the image of this binary star?","Typically, when natural light is reflected at the interface of two media, the reflected light is partially polarized. However, when the angle of incidence satisfies

$$
\theta_{B}=\arctan \frac{n_{1}}{n_{0}}
$$

where $n_{0}$ and $n_{1}$ are the refractive indices of the incident medium and the refractive medium respectively, the reflected light is linearly polarized with vibrations perpendicular to the plane of incidence. This angle $\theta_{B}$ is called the Brewster's angle or the polarization angle.

The calculations for $r, R, \bar{R}$, and $t, T, \bar{T}$ for the $S$ and $P$ components are based on Fresnel's equations. Because the angle of incidence is Brewster's angle, the sum of the angle of incidence and the angle of refraction is $\frac{\pi}{2}$. Intensity refers to the average energy flow density, which is the time average of the Poynting vector, while energy flow equals the intensity multiplied by the cross-sectional area of the beam. The reflected light and incident light are in the same medium, with equal cross-sectional areas, while the refracted light and incident light are in different media, with different cross-sectional areas, which is noteworthy.

1. According to Fresnel's equations, the amplitude reflectance $r_{s}$ and amplitude transmittance $t_{s}$ for the $S$ component are

$$
\begin{gathered}
r_{s}=\frac{n_{1} \cos \theta_{1}-n_{2} \cos \theta_{2}}{n_{1} \cos \theta_{1}+n_{2} \cos \theta_{2}}=-\frac{\sin \left(\theta_{1}-\theta_{2}\right)}{\sin \left(\theta_{1}+\theta_{2}\right)} \\
t_{s}=\frac{2 n_{1} \cos \theta_{1}}{n_{1} \cos \theta_{1}+n_{2} \cos \theta_{2}}=\frac{2 \sin \theta_{2} \cos \theta_{1}}{\sin \left(\theta_{1}+\theta_{2}\right)}
\end{gathered}
$$

The amplitude reflectance $r_{P}$ and amplitude transmittance $t_{P}$ for the $P$ component are

$$
\begin{gathered}
r_{P}=\frac{n_{2} \cos \theta_{1}-n_{1} \cos \theta_{2}}{n_{2} \cos \theta_{1}+n_{1} \cos \theta_{2}}=\frac{\tan \left(\theta_{1}-\theta_{2}\right)}{\tan \left(\theta_{1}+\theta_{2}\right)} \\
t_{P}=\frac{2 n_{1} \cos \theta_{1}}{n_{2} \cos \theta_{1}+n_{1} \cos \theta_{2}}=\frac{2 \cos \theta_{1} \sin \theta_{2}}{\sin \left(\theta_{1}+\theta_{2}\right) \cos \left(\theta_{1}-\theta_{2}\right)}
\end{gathered}
$$

where $n_{1}=1$, $n_{2}=n=1.50$, $\theta_{1}$ is the angle of incidence, and $\theta_{2}$ is the angle of refraction. Since the angle of incidence is the Brewster's angle, we have

$$
\theta_{1}=\theta_{B}=\arctan n=\arctan 1.50=56.3^{\circ}
$$

Additionally,

$$
\theta_{1}+\theta_{2}=\frac{\pi}{2}
$$

Substituting into the formulas for $r_{s}$ and $r_{p}$, we obtain

$$
\begin{gathered}
r_{s}=-\frac{\sin \left(56.3^{\circ}-33.7^{\circ}\right)}{\sin \left(56.3^{\circ}+33.7^{\circ}\right)}=-0.384 \\
r_{p}=0
\end{gathered}
$$

Since the reflected light and incident light are in the same medium with equal cross-sectional areas, the intensity reflectance $R_{S}$ and $R_{P}$, as well as the energy flow reflectance $\bar{R}_{S}$ and $\bar{R}_{P}$ for the $S$ and $P$ components respectively, are

$$
\begin{aligned}
& R_{S}=\left|r_{S}\right|^{2}=0.148, \quad R_{P}=0 \\
& \bar{R}_{S}=\left|r_{S}\right|^{2}=0.148, \quad \bar{R}_{P}=0
\end{aligned}
$$

For the refracted light, substituting $\theta_{1}$ and $\theta_{2}$ into $t_{s}$ and $t_{P}$, we have

$$
\begin{gathered}
t_{s}=\frac{2 \sin \theta_{2} \cos \theta_{1}}{\sin \left(\theta_{1}+\theta_{2}\right)}=\frac{2 \sin 33.7^{\circ} \cos 56.3^{\circ}}{\sin \frac{\pi}{2}}=0.616 \\
t_{P}=\frac{2 \cos \theta_{1} \sin \theta_{2}}{\sin \left(\theta_{1}+\theta_{2}\right) \cos \left(\theta_{1}-\theta_{2}\right)}=\frac{2 \cos 56.3^{\circ} \sin 33.7^{\circ}}{\cos \left(56.3^{\circ}-33.7^{\circ}\right)}=0.667
\end{gathered}
$$

Since the refracted light and incident light are in different media with different cross-sectional areas, the intensity transmittance and energy flow transmittance are not simply equal to the square of the amplitude transmittance. The intensity refers to the average energy flow density, which is the time average of the Poynting vector, given by

$$
\widetilde{S}=\frac{1}{2} \sqrt{\frac{\varepsilon_{0} \varepsilon_{\mathrm{r}}}{\mu_{0} \mu_{\mathrm{r}}}} E^{2}
$$

where $E$ is the amplitude of the electric vector. Since $\mu_{\mathrm{r}} \approx 1$, and the speed of light in vacuum $c=\frac{1}{\sqrt{\varepsilon_{0}} \mu_{0}}$, and the refractive index $n=\sqrt{\varepsilon_{\mathrm{r}} \mu_{\mathrm{r}}} \approx \sqrt{\varepsilon_{\mathrm{r}}}$, this can be rewritten as

$$
\bar{S}=\frac{1}{2 c \mu_{0}} n E^{2}
$$

Thus, the intensity is proportional to $n E^{2}$, and the intensity transmittance is

$$
T=\frac{\bar{S}_{2}}{\bar{S}_{1}}=\frac{n_{2}}{n_{1}} t^{2}
$$

The intensity transmittance for the $S$ and $P$ components is

$$
\begin{aligned}
& T_{S}=\frac{n_{2}}{n_{1}} t_{S}^{2}=n t_{S}^{2}=0.569 \\
& T_{P}=\frac{n_{2}}{n_{1}} t_{P}^{2}=n t_{P}^{2}=0.667
\end{aligned}
$$

The energy flow equals the intensity multiplied by the cross-sectional area of the beam, and the ratio of the cross-sectional areas of the refracted beam to the incident beam is $\frac{\cos \theta_{2}}{\cos \theta_{1}}$, so the energy flow transmittance is

$$
\bar{T}=\frac{\bar{S}_{2} \cos \theta_{2}}{\bar{S}_{1} \cos \theta_{1}}=\frac{n_{2} \cos \theta_{2}}{n_{1} \cos \theta_{1}} t^{2}=\frac{\cos \theta_{2}}{\cos \theta_{1}} T
$$

Substituting the values, the energy flow transmittance for the $S$ and $P$ components is

$$
\begin{gathered}
\bar{T}_{S}=\frac{\cos \theta_{2}}{\cos \theta_{1}} T_{S}=0.853 \\
\bar{T}_{P}=\frac{\cos \theta_{2}}{\cos \theta_{1}} T_{P}=1
\end{gathered}
$$

The fact that the energy flow transmittance $\bar{T}_{P}=1$ for the $P$ component is expected because, when light is incident at the Brewster's angle $\left(\theta_{1}=\theta_{B}\right)$, the reflected light does not contain any $P$ component, meaning the entire energy of the incident $P$ component is transmitted.",\boxed{70.6},NV,\mathrm{cm},False,EN,Practical Application
5178,Electromagnetism,Wave Optics,Interference,"A gallium arsenide light-emitting diode is shaped into a hemisphere to increase the external output power from the light-emitting region located at the center of the sphere and to reduce reflection losses. It is known that the wavelength of light emitted by gallium arsenide is $9300 \AA$, and the refractive index is 3.4. To further enhance the output light power, multiple layers of anti-reflection coatings are often applied on the spherical surface. What should be the refractive index and thickness of the anti-reflection coating?","To completely eliminate reflection, the refractive index and optical thickness of the coating must simultaneously satisfy the following conditions:

$$
\left\{
\begin{array}{l}
n=\sqrt{n_{1} n_{2}} \\
nh = (2k+1) \frac{\lambda}{4}
\end{array} \quad(k=0,1,2,\cdots)\right.
$$

By setting $n_{1}=1.0, n_{2}=3.4, \lambda=9300 \AA, k=0$, we obtain:

$$
n \approx 1.84, \quad h \approx 1264 \AA \approx 0.13 \mu \mathrm{m}
$$","\boxed{n \approx 1.84, h \approx 1264 \approx 0.13}","EX, NV","None, \text{\AA}, \mu \text{m}",True,EN,Laws Application
5179,Electromagnetism,Wave Optics,Diffraction,"Determine whether this Michelson echelon grating can resolve the doublet structure of the hydrogen atomic spectral line $H_{\alpha}(\lambda=6563 \, \text{\AA})$. It is known that the wavelength difference of the doublet is $\Delta \lambda=1.4 \times 10^{-9} \mathrm{~cm}$.","To resolve the doublet of the $H_{\alpha}$ line, it is necessary that

$$
A = \frac{\lambda}{\delta \lambda} = \frac{6.56 \times 10^{-5}}{1.4 \times 10^{-9}} = 4.7 \times 10^{4} < 1.5 \times 10^{5}
$$

As can be seen, the doublet of the $H_{\alpha}$ line can be resolved.",\boxed{Yes},TF,,False,EN,Laws Application
5181,Electromagnetism,Wave Optics,Polarization,"A beam of unpolarized light is incident from air onto an air-glass interface, with an angle of incidence $\theta_{1}=30^{\circ}$, and the refractive index of the glass $n=1.50$. Find the reflectance for the P-polarized component.","The reflectance for the P-polarized component is

$$
R_{P}=r_{P}^{2}=0.0253
$$",\boxed{0.0253},NV,,False,EN,
5182,Electromagnetism,Wave Optics,Polarization,"Sodium yellow light ($\lambda = 5893 \, \text{}$) passes through quartz, where the refractive indices of quartz are $n_{0} = 1.54425$, $n_{e} = 1.55336$. What is the minimum thickness of a $\lambda/4$ plate made from quartz?","Typically, when natural light is reflected at the interface of two media, the reflected light is partially polarized. However, when the angle of incidence satisfies

$$
\theta_{B}=\arctan \frac{n_{1}}{n_{0}}
$$

where $n_{0}$ and $n_{1}$ are the refractive indices of the incident medium and the refractive medium respectively, the reflected light is linearly polarized with vibrations perpendicular to the plane of incidence. This angle $\theta_{B}$ is called the Brewster's angle or the polarization angle.

The calculations for $r, R, \bar{R}$, and $t, T, \bar{T}$ for the $S$ and $P$ components are based on Fresnel's equations. Because the angle of incidence is Brewster's angle, the sum of the angle of incidence and the angle of refraction is $\frac{\pi}{2}$. Intensity refers to the average energy flow density, which is the time average of the Poynting vector, while energy flow equals the intensity multiplied by the cross-sectional area of the beam. The reflected light and incident light are in the same medium, with equal cross-sectional areas, while the refracted light and incident light are in different media, with different cross-sectional areas, which is noteworthy.

1. According to Fresnel's equations, the amplitude reflectance $r_{s}$ and amplitude transmittance $t_{s}$ for the $S$ component are

$$
\begin{gathered}
r_{s}=\frac{n_{1} \cos \theta_{1}-n_{2} \cos \theta_{2}}{n_{1} \cos \theta_{1}+n_{2} \cos \theta_{2}}=-\frac{\sin \left(\theta_{1}-\theta_{2}\right)}{\sin \left(\theta_{1}+\theta_{2}\right)} \\
t_{s}=\frac{2 n_{1} \cos \theta_{1}}{n_{1} \cos \theta_{1}+n_{2} \cos \theta_{2}}=\frac{2 \sin \theta_{2} \cos \theta_{1}}{\sin \left(\theta_{1}+\theta_{2}\right)}
\end{gathered}
$$

The amplitude reflectance $r_{P}$ and amplitude transmittance $t_{P}$ for the $P$ component are

$$
\begin{gathered}
r_{P}=\frac{n_{2} \cos \theta_{1}-n_{1} \cos \theta_{2}}{n_{2} \cos \theta_{1}+n_{1} \cos \theta_{2}}=\frac{\tan \left(\theta_{1}-\theta_{2}\right)}{\tan \left(\theta_{1}+\theta_{2}\right)} \\
t_{P}=\frac{2 n_{1} \cos \theta_{1}}{n_{2} \cos \theta_{1}+n_{1} \cos \theta_{2}}=\frac{2 \cos \theta_{1} \sin \theta_{2}}{\sin \left(\theta_{1}+\theta_{2}\right) \cos \left(\theta_{1}-\theta_{2}\right)}
\end{gathered}
$$

where $n_{1}=1$, $n_{2}=n=1.50$, $\theta_{1}$ is the angle of incidence, and $\theta_{2}$ is the angle of refraction. Since the angle of incidence is the Brewster's angle, we have

$$
\theta_{1}=\theta_{B}=\arctan n=\arctan 1.50=56.3^{\circ}
$$

Additionally,

$$
\theta_{1}+\theta_{2}=\frac{\pi}{2}
$$

Substituting into the formulas for $r_{s}$ and $r_{p}$, we obtain

$$
\begin{gathered}
r_{s}=-\frac{\sin \left(56.3^{\circ}-33.7^{\circ}\right)}{\sin \left(56.3^{\circ}+33.7^{\circ}\right)}=-0.384 \\
r_{p}=0
\end{gathered}
$$

Since the reflected light and incident light are in the same medium with equal cross-sectional areas, the intensity reflectance $R_{S}$ and $R_{P}$, as well as the energy flow reflectance $\bar{R}_{S}$ and $\bar{R}_{P}$ for the $S$ and $P$ components respectively, are

$$
\begin{aligned}
& R_{S}=\left|r_{S}\right|^{2}=0.148, \quad R_{P}=0 \\
& \bar{R}_{S}=\left|r_{S}\right|^{2}=0.148, \quad \bar{R}_{P}=0
\end{aligned}
$$

For the refracted light, substituting $\theta_{1}$ and $\theta_{2}$ into $t_{s}$ and $t_{P}$, we have

$$
\begin{gathered}
t_{s}=\frac{2 \sin \theta_{2} \cos \theta_{1}}{\sin \left(\theta_{1}+\theta_{2}\right)}=\frac{2 \sin 33.7^{\circ} \cos 56.3^{\circ}}{\sin \frac{\pi}{2}}=0.616 \\
t_{P}=\frac{2 \cos \theta_{1} \sin \theta_{2}}{\sin \left(\theta_{1}+\theta_{2}\right) \cos \left(\theta_{1}-\theta_{2}\right)}=\frac{2 \cos 56.3^{\circ} \sin 33.7^{\circ}}{\cos \left(56.3^{\circ}-33.7^{\circ}\right)}=0.667
\end{gathered}
$$

Since the refracted light and incident light are in different media with different cross-sectional areas, the intensity transmittance and energy flow transmittance are not simply equal to the square of the amplitude transmittance. The intensity refers to the average energy flow density, which is the time average of the Poynting vector, given by

$$
\widetilde{S}=\frac{1}{2} \sqrt{\frac{\varepsilon_{0} \varepsilon_{\mathrm{r}}}{\mu_{0} \mu_{\mathrm{r}}}} E^{2}
$$

where $E$ is the amplitude of the electric vector. Since $\mu_{\mathrm{r}} \approx 1$, and the speed of light in vacuum $c=\frac{1}{\sqrt{\varepsilon_{0}} \mu_{0}}$, and the refractive index $n=\sqrt{\varepsilon_{\mathrm{r}} \mu_{\mathrm{r}}} \approx \sqrt{\varepsilon_{\mathrm{r}}}$, this can be rewritten as

$$
\bar{S}=\frac{1}{2 c \mu_{0}} n E^{2}
$$

Thus, the intensity is proportional to $n E^{2}$, and the intensity transmittance is

$$
T=\frac{\bar{S}_{2}}{\bar{S}_{1}}=\frac{n_{2}}{n_{1}} t^{2}
$$

The intensity transmittance for the $S$ and $P$ components is

$$
\begin{aligned}
& T_{S}=\frac{n_{2}}{n_{1}} t_{S}^{2}=n t_{S}^{2}=0.569 \\
& T_{P}=\frac{n_{2}}{n_{1}} t_{P}^{2}=n t_{P}^{2}=0.667
\end{aligned}
$$

The energy flow equals the intensity multiplied by the cross-sectional area of the beam, and the ratio of the cross-sectional areas of the refracted beam to the incident beam is $\frac{\cos \theta_{2}}{\cos \theta_{1}}$, so the energy flow transmittance is

$$
\bar{T}=\frac{\bar{S}_{2} \cos \theta_{2}}{\bar{S}_{1} \cos \theta_{1}}=\frac{n_{2} \cos \theta_{2}}{n_{1} \cos \theta_{1}} t^{2}=\frac{\cos \theta_{2}}{\cos \theta_{1}} T
$$

Substituting the values, the energy flow transmittance for the $S$ and $P$ components is

$$
\begin{gathered}
\bar{T}_{S}=\frac{\cos \theta_{2}}{\cos \theta_{1}} T_{S}=0.853 \\
\bar{T}_{P}=\frac{\cos \theta_{2}}{\cos \theta_{1}} T_{P}=1
\end{gathered}
$$

The fact that the energy flow transmittance $\bar{T}_{P}=1$ for the $P$ component is expected because, when light is incident at the Brewster's angle $\left(\theta_{1}=\theta_{B}\right)$, the reflected light does not contain any $P$ component, meaning the entire energy of the incident $P$ component is transmitted.",\boxed{16.17},NV,\mu \text{m},False,EN,Laws Application
5183,Electromagnetism,Wave Optics,Polarization,"A beam of natural light is incident from air onto an air-glass interface, with an angle of incidence $\theta_{1}=30^{\circ}$. The refractive index of the glass is $n=1.50$. Find the reflectance of the $S$-polarized component of light.","The corresponding intensity reflectance is

$$
R_{S}=r_{S}^{2}=0.0576
$$",\boxed{0.0576},NV,,False,EN,Laws Application
5184,Electromagnetism,Wave Optics,Polarization,"A beam of natural light is incident from air onto an air-glass interface with an incidence angle $\theta_{1}=30^{\circ}$, and the refractive index of glass $n=1.50$. Find the amplitude reflectance of the $P$ component.","According to Fresnel's equations, the amplitude reflectance of the $P$ component is

$$
r_{P}=\frac{n_{2} \cos \theta_{1}-n_{1} \cos \theta_{2}}{n_{2} \cos \theta_{1}+n_{1} \cos \theta_{2}}=\frac{n \cos \theta_{1}-\cos \theta_{2}}{n \cos \theta_{1}+\cos \theta_{2}}=0.159.
$$",\boxed{0.159},NV,,False,EN,Laws Application
5185,Electromagnetism,Wave Optics,Polarization,"The wavelength of the plane reference light wave in a coaxial hologram is $6328 \, \text{}$, and the distance from the object to the film is $z=1 \, \text{m}$. Find the spatial frequency $\nu(\rho)$ of the interference fringes at $\rho=1 \, \text{cm}$ away from the axis on the hologram.","Typically, when natural light is reflected at the interface of two media, the reflected light is partially polarized. However, when the angle of incidence satisfies

$$
\theta_{B}=\arctan \frac{n_{1}}{n_{0}}
$$

where $n_{0}$ and $n_{1}$ are the refractive indices of the incident medium and the refractive medium respectively, the reflected light is linearly polarized with vibrations perpendicular to the plane of incidence. This angle $\theta_{B}$ is called the Brewster's angle or the polarization angle.

The calculations for $r, R, \bar{R}$, and $t, T, \bar{T}$ for the $S$ and $P$ components are based on Fresnel's equations. Because the angle of incidence is Brewster's angle, the sum of the angle of incidence and the angle of refraction is $\frac{\pi}{2}$. Intensity refers to the average energy flow density, which is the time average of the Poynting vector, while energy flow equals the intensity multiplied by the cross-sectional area of the beam. The reflected light and incident light are in the same medium, with equal cross-sectional areas, while the refracted light and incident light are in different media, with different cross-sectional areas, which is noteworthy.

1. According to Fresnel's equations, the amplitude reflectance $r_{s}$ and amplitude transmittance $t_{s}$ for the $S$ component are

$$
\begin{gathered}
r_{s}=\frac{n_{1} \cos \theta_{1}-n_{2} \cos \theta_{2}}{n_{1} \cos \theta_{1}+n_{2} \cos \theta_{2}}=-\frac{\sin \left(\theta_{1}-\theta_{2}\right)}{\sin \left(\theta_{1}+\theta_{2}\right)} \\
t_{s}=\frac{2 n_{1} \cos \theta_{1}}{n_{1} \cos \theta_{1}+n_{2} \cos \theta_{2}}=\frac{2 \sin \theta_{2} \cos \theta_{1}}{\sin \left(\theta_{1}+\theta_{2}\right)}
\end{gathered}
$$

The amplitude reflectance $r_{P}$ and amplitude transmittance $t_{P}$ for the $P$ component are

$$
\begin{gathered}
r_{P}=\frac{n_{2} \cos \theta_{1}-n_{1} \cos \theta_{2}}{n_{2} \cos \theta_{1}+n_{1} \cos \theta_{2}}=\frac{\tan \left(\theta_{1}-\theta_{2}\right)}{\tan \left(\theta_{1}+\theta_{2}\right)} \\
t_{P}=\frac{2 n_{1} \cos \theta_{1}}{n_{2} \cos \theta_{1}+n_{1} \cos \theta_{2}}=\frac{2 \cos \theta_{1} \sin \theta_{2}}{\sin \left(\theta_{1}+\theta_{2}\right) \cos \left(\theta_{1}-\theta_{2}\right)}
\end{gathered}
$$

where $n_{1}=1$, $n_{2}=n=1.50$, $\theta_{1}$ is the angle of incidence, and $\theta_{2}$ is the angle of refraction. Since the angle of incidence is the Brewster's angle, we have

$$
\theta_{1}=\theta_{B}=\arctan n=\arctan 1.50=56.3^{\circ}
$$

Additionally,

$$
\theta_{1}+\theta_{2}=\frac{\pi}{2}
$$

Substituting into the formulas for $r_{s}$ and $r_{p}$, we obtain

$$
\begin{gathered}
r_{s}=-\frac{\sin \left(56.3^{\circ}-33.7^{\circ}\right)}{\sin \left(56.3^{\circ}+33.7^{\circ}\right)}=-0.384 \\
r_{p}=0
\end{gathered}
$$

Since the reflected light and incident light are in the same medium with equal cross-sectional areas, the intensity reflectance $R_{S}$ and $R_{P}$, as well as the energy flow reflectance $\bar{R}_{S}$ and $\bar{R}_{P}$ for the $S$ and $P$ components respectively, are

$$
\begin{aligned}
& R_{S}=\left|r_{S}\right|^{2}=0.148, \quad R_{P}=0 \\
& \bar{R}_{S}=\left|r_{S}\right|^{2}=0.148, \quad \bar{R}_{P}=0
\end{aligned}
$$

For the refracted light, substituting $\theta_{1}$ and $\theta_{2}$ into $t_{s}$ and $t_{P}$, we have

$$
\begin{gathered}
t_{s}=\frac{2 \sin \theta_{2} \cos \theta_{1}}{\sin \left(\theta_{1}+\theta_{2}\right)}=\frac{2 \sin 33.7^{\circ} \cos 56.3^{\circ}}{\sin \frac{\pi}{2}}=0.616 \\
t_{P}=\frac{2 \cos \theta_{1} \sin \theta_{2}}{\sin \left(\theta_{1}+\theta_{2}\right) \cos \left(\theta_{1}-\theta_{2}\right)}=\frac{2 \cos 56.3^{\circ} \sin 33.7^{\circ}}{\cos \left(56.3^{\circ}-33.7^{\circ}\right)}=0.667
\end{gathered}
$$

Since the refracted light and incident light are in different media with different cross-sectional areas, the intensity transmittance and energy flow transmittance are not simply equal to the square of the amplitude transmittance. The intensity refers to the average energy flow density, which is the time average of the Poynting vector, given by

$$
\widetilde{S}=\frac{1}{2} \sqrt{\frac{\varepsilon_{0} \varepsilon_{\mathrm{r}}}{\mu_{0} \mu_{\mathrm{r}}}} E^{2}
$$

where $E$ is the amplitude of the electric vector. Since $\mu_{\mathrm{r}} \approx 1$, and the speed of light in vacuum $c=\frac{1}{\sqrt{\varepsilon_{0}} \mu_{0}}$, and the refractive index $n=\sqrt{\varepsilon_{\mathrm{r}} \mu_{\mathrm{r}}} \approx \sqrt{\varepsilon_{\mathrm{r}}}$, this can be rewritten as

$$
\bar{S}=\frac{1}{2 c \mu_{0}} n E^{2}
$$

Thus, the intensity is proportional to $n E^{2}$, and the intensity transmittance is

$$
T=\frac{\bar{S}_{2}}{\bar{S}_{1}}=\frac{n_{2}}{n_{1}} t^{2}
$$

The intensity transmittance for the $S$ and $P$ components is

$$
\begin{aligned}
& T_{S}=\frac{n_{2}}{n_{1}} t_{S}^{2}=n t_{S}^{2}=0.569 \\
& T_{P}=\frac{n_{2}}{n_{1}} t_{P}^{2}=n t_{P}^{2}=0.667
\end{aligned}
$$

The energy flow equals the intensity multiplied by the cross-sectional area of the beam, and the ratio of the cross-sectional areas of the refracted beam to the incident beam is $\frac{\cos \theta_{2}}{\cos \theta_{1}}$, so the energy flow transmittance is

$$
\bar{T}=\frac{\bar{S}_{2} \cos \theta_{2}}{\bar{S}_{1} \cos \theta_{1}}=\frac{n_{2} \cos \theta_{2}}{n_{1} \cos \theta_{1}} t^{2}=\frac{\cos \theta_{2}}{\cos \theta_{1}} T
$$

Substituting the values, the energy flow transmittance for the $S$ and $P$ components is

$$
\begin{gathered}
\bar{T}_{S}=\frac{\cos \theta_{2}}{\cos \theta_{1}} T_{S}=0.853 \\
\bar{T}_{P}=\frac{\cos \theta_{2}}{\cos \theta_{1}} T_{P}=1
\end{gathered}
$$

The fact that the energy flow transmittance $\bar{T}_{P}=1$ for the $P$ component is expected because, when light is incident at the Brewster's angle $\left(\theta_{1}=\theta_{B}\right)$, the reflected light does not contain any $P$ component, meaning the entire energy of the incident $P$ component is transmitted.",\boxed{165},NV,,False,EN,Laws Application
5186,Electromagnetism,Wave Optics,Polarization,"Near \(6000 \, \text{}\), there are two wavelengths \(\lambda_{1}\) and \(\lambda_{2}\), with a difference of \(0.001 \, \text{}\). It is required to resolve them using a Fabry-Prot interferometer, and to determine the necessary separation \(h\). Assume the reflectivity is \(R = 0.95\).","Typically, when natural light is reflected at the interface of two media, the reflected light is partially polarized. However, when the angle of incidence satisfies

$$
\theta_{B}=\arctan \frac{n_{1}}{n_{0}}
$$

where $n_{0}$ and $n_{1}$ are the refractive indices of the incident medium and the refractive medium respectively, the reflected light is linearly polarized with vibrations perpendicular to the plane of incidence. This angle $\theta_{B}$ is called the Brewster's angle or the polarization angle.

The calculations for $r, R, \bar{R}$, and $t, T, \bar{T}$ for the $S$ and $P$ components are based on Fresnel's equations. Because the angle of incidence is Brewster's angle, the sum of the angle of incidence and the angle of refraction is $\frac{\pi}{2}$. Intensity refers to the average energy flow density, which is the time average of the Poynting vector, while energy flow equals the intensity multiplied by the cross-sectional area of the beam. The reflected light and incident light are in the same medium, with equal cross-sectional areas, while the refracted light and incident light are in different media, with different cross-sectional areas, which is noteworthy.

1. According to Fresnel's equations, the amplitude reflectance $r_{s}$ and amplitude transmittance $t_{s}$ for the $S$ component are

$$
\begin{gathered}
r_{s}=\frac{n_{1} \cos \theta_{1}-n_{2} \cos \theta_{2}}{n_{1} \cos \theta_{1}+n_{2} \cos \theta_{2}}=-\frac{\sin \left(\theta_{1}-\theta_{2}\right)}{\sin \left(\theta_{1}+\theta_{2}\right)} \\
t_{s}=\frac{2 n_{1} \cos \theta_{1}}{n_{1} \cos \theta_{1}+n_{2} \cos \theta_{2}}=\frac{2 \sin \theta_{2} \cos \theta_{1}}{\sin \left(\theta_{1}+\theta_{2}\right)}
\end{gathered}
$$

The amplitude reflectance $r_{P}$ and amplitude transmittance $t_{P}$ for the $P$ component are

$$
\begin{gathered}
r_{P}=\frac{n_{2} \cos \theta_{1}-n_{1} \cos \theta_{2}}{n_{2} \cos \theta_{1}+n_{1} \cos \theta_{2}}=\frac{\tan \left(\theta_{1}-\theta_{2}\right)}{\tan \left(\theta_{1}+\theta_{2}\right)} \\
t_{P}=\frac{2 n_{1} \cos \theta_{1}}{n_{2} \cos \theta_{1}+n_{1} \cos \theta_{2}}=\frac{2 \cos \theta_{1} \sin \theta_{2}}{\sin \left(\theta_{1}+\theta_{2}\right) \cos \left(\theta_{1}-\theta_{2}\right)}
\end{gathered}
$$

where $n_{1}=1$, $n_{2}=n=1.50$, $\theta_{1}$ is the angle of incidence, and $\theta_{2}$ is the angle of refraction. Since the angle of incidence is the Brewster's angle, we have

$$
\theta_{1}=\theta_{B}=\arctan n=\arctan 1.50=56.3^{\circ}
$$

Additionally,

$$
\theta_{1}+\theta_{2}=\frac{\pi}{2}
$$

Substituting into the formulas for $r_{s}$ and $r_{p}$, we obtain

$$
\begin{gathered}
r_{s}=-\frac{\sin \left(56.3^{\circ}-33.7^{\circ}\right)}{\sin \left(56.3^{\circ}+33.7^{\circ}\right)}=-0.384 \\
r_{p}=0
\end{gathered}
$$

Since the reflected light and incident light are in the same medium with equal cross-sectional areas, the intensity reflectance $R_{S}$ and $R_{P}$, as well as the energy flow reflectance $\bar{R}_{S}$ and $\bar{R}_{P}$ for the $S$ and $P$ components respectively, are

$$
\begin{aligned}
& R_{S}=\left|r_{S}\right|^{2}=0.148, \quad R_{P}=0 \\
& \bar{R}_{S}=\left|r_{S}\right|^{2}=0.148, \quad \bar{R}_{P}=0
\end{aligned}
$$

For the refracted light, substituting $\theta_{1}$ and $\theta_{2}$ into $t_{s}$ and $t_{P}$, we have

$$
\begin{gathered}
t_{s}=\frac{2 \sin \theta_{2} \cos \theta_{1}}{\sin \left(\theta_{1}+\theta_{2}\right)}=\frac{2 \sin 33.7^{\circ} \cos 56.3^{\circ}}{\sin \frac{\pi}{2}}=0.616 \\
t_{P}=\frac{2 \cos \theta_{1} \sin \theta_{2}}{\sin \left(\theta_{1}+\theta_{2}\right) \cos \left(\theta_{1}-\theta_{2}\right)}=\frac{2 \cos 56.3^{\circ} \sin 33.7^{\circ}}{\cos \left(56.3^{\circ}-33.7^{\circ}\right)}=0.667
\end{gathered}
$$

Since the refracted light and incident light are in different media with different cross-sectional areas, the intensity transmittance and energy flow transmittance are not simply equal to the square of the amplitude transmittance. The intensity refers to the average energy flow density, which is the time average of the Poynting vector, given by

$$
\widetilde{S}=\frac{1}{2} \sqrt{\frac{\varepsilon_{0} \varepsilon_{\mathrm{r}}}{\mu_{0} \mu_{\mathrm{r}}}} E^{2}
$$

where $E$ is the amplitude of the electric vector. Since $\mu_{\mathrm{r}} \approx 1$, and the speed of light in vacuum $c=\frac{1}{\sqrt{\varepsilon_{0}} \mu_{0}}$, and the refractive index $n=\sqrt{\varepsilon_{\mathrm{r}} \mu_{\mathrm{r}}} \approx \sqrt{\varepsilon_{\mathrm{r}}}$, this can be rewritten as

$$
\bar{S}=\frac{1}{2 c \mu_{0}} n E^{2}
$$

Thus, the intensity is proportional to $n E^{2}$, and the intensity transmittance is

$$
T=\frac{\bar{S}_{2}}{\bar{S}_{1}}=\frac{n_{2}}{n_{1}} t^{2}
$$

The intensity transmittance for the $S$ and $P$ components is

$$
\begin{aligned}
& T_{S}=\frac{n_{2}}{n_{1}} t_{S}^{2}=n t_{S}^{2}=0.569 \\
& T_{P}=\frac{n_{2}}{n_{1}} t_{P}^{2}=n t_{P}^{2}=0.667
\end{aligned}
$$

The energy flow equals the intensity multiplied by the cross-sectional area of the beam, and the ratio of the cross-sectional areas of the refracted beam to the incident beam is $\frac{\cos \theta_{2}}{\cos \theta_{1}}$, so the energy flow transmittance is

$$
\bar{T}=\frac{\bar{S}_{2} \cos \theta_{2}}{\bar{S}_{1} \cos \theta_{1}}=\frac{n_{2} \cos \theta_{2}}{n_{1} \cos \theta_{1}} t^{2}=\frac{\cos \theta_{2}}{\cos \theta_{1}} T
$$

Substituting the values, the energy flow transmittance for the $S$ and $P$ components is

$$
\begin{gathered}
\bar{T}_{S}=\frac{\cos \theta_{2}}{\cos \theta_{1}} T_{S}=0.853 \\
\bar{T}_{P}=\frac{\cos \theta_{2}}{\cos \theta_{1}} T_{P}=1
\end{gathered}
$$

The fact that the energy flow transmittance $\bar{T}_{P}=1$ for the $P$ component is expected because, when light is incident at the Brewster's angle $\left(\theta_{1}=\theta_{B}\right)$, the reflected light does not contain any $P$ component, meaning the entire energy of the incident $P$ component is transmitted.",\boxed{h \approx 2.94},NV,cm,False,EN,Practical Application
5187,Electromagnetism,Wave Optics,Interference,"A thin film with a refractive index of $n=1.50$ is observed perpendicularly under white light from the air. The wavelength for constructive interference maxima is $0.60 \mu \mathrm{~m}$, and for destructive interference, the wavelength is $0.45 \mu \mathrm{~m}$. Determine the thickness of the thin film that meets the conditions for both constructive and destructive interference.","Let the wavelength for constructive interference be $\lambda_{1}$ and for destructive interference be $\lambda_{2}$. Considering the phase change, we have

$$
\begin{array}{cc}
2 n h = \left(m_{1} + \frac{1}{2}\right) \lambda_{1} & \text{(Maxima)} \\
2 n h = m_{2} \lambda_{2} & \text{(Minima)}
\end{array}
$$

Setting the two equations equal, we get

$$
n h = \frac{2 m_{1} + 1}{4} \lambda_{1} = \frac{m_{2}}{2} \lambda_{2}
$$

For $m = 0, 1, 2, 3, \ldots$, substituting $\lambda_{1}$ and $\lambda_{2}$:

$$
\frac{2 m + 1}{4} \lambda_{1} = 0.15, 0.45, 0.75, 1.05, 1.35, 1.65, 1.95, 2.25, 2.55, 2.85, 3.15, \ldots
$$

$$
\frac{m}{2} \lambda_{2} = 0, 0.225, 0.45, 0.675, 0.90, 1.125, 1.35, 1.575, 1.8, 2.025, 2.25, \ldots
$$

It is evident that for $m_{1} = 1, m_{2} = 2$,

$$
n h = \frac{2 \times 1 + 1}{4} \times 0.6 = \frac{2}{2} \times 0.45 = 0.45 \mu \mathrm{~m}
$$

From $n h = 0.45 \mu \mathrm{~m}$, we have $h = 0.3 \mu \mathrm{~m}$.",\boxed{0.3},NV,\mu \mathrm{m},False,EN,Practical Application
5189,Electromagnetism,Wave Optics,Polarization,"A prism with an apex angle of $50^{\circ}$ is made from ADP (ammonium dihydrogen phosphate, $\mathrm{NH}_{4} \mathrm{H}_{2} \mathrm{PO}_{4}$) crystal, with the optical axis perpendicular to the principal section of the prism. For the ordinary light (o-ray), $n_{o}=1.5246$. Determine the minimum angle of deviation for the o-ray.","According to the problem's conditions, the o-ray propagates inside the prism following the usual laws of refraction. The condition for the minimum angle of deviation is that the light ray enters and exits the prism symmetrically, as shown in the diagram.

$$
i_{1}=i_{1}^{\prime}, \quad i_{2}=i_{2}^{\prime}=\frac{\alpha}{2}
$$

$$
<image 1>
$$

The angles of incidence and emergence for the o-ray, $i_{1}$ and $i_{1}^{\prime}$, are given by:

$$
\begin{aligned}
i_{1\mathrm{o}} & =\arcsin \left(n_{o} \sin \frac{\alpha}{2}\right)=\arcsin \left(1.5246 \times \sin 25^{\circ}\right) \\
& \approx 40.11^{\circ}
\end{aligned}
$$

The minimum angle of deviation for the o-ray is:

$$
\delta_{\mathrm{o}}=2 i_{1 \mathrm{o}}-\alpha \approx 30.22^{\circ}
$$",\boxed{30.22},NV,^\circ,False,EN,Laws Application
5190,Electromagnetism,Wave Optics,Polarization,Place a polarizer $P_3$ after the middle polarizer $P_2$. The transmission axis of $P_3$ is at an angle of $\left(90^{\circ} - \theta\right)$ to the transmission axis of $P_2$. Find the intensity of light $I_{\text{out}}$ emerging from $P_3$.,"The intensity of light emerging from $P_3$ is $I_m \cdot \cos^2\left(90^{\circ} - \theta\right)$, which converts to:

$$
I_{\text{out}} = I_m \cdot \sin^2 \theta = \frac{1}{2} I_{\text{in}} \cos^2 \theta \cdot \sin^2 \theta
$$",\(\boxed{\frac{1}{2} I_{\text{in}} \cos^2 \theta \cdot \sin^2 \theta}\),EX,,False,EN,Laws Application
5193,Electromagnetism,Wave Optics,Interference,"Under normal white light illumination and viewed perpendicularly in air, a thin film has a refractive index of $n=1.50$. The wavelength at which constructive interference is maximum is $0.60 \mu \mathrm{m}$, and the wavelength for destructive interference is $0.45 \mu \mathrm{m}$. There is no minimum value between $0.5 \sim 0.7 \mu \mathrm{m}$. Verify whether the second solution $h = 1.5 \mu \mathrm{m}$ satisfies all conditions.","Similarly, when $m_{1} = 7, m_{2} = 10$,

$$
n h = \frac{2 \times 7 + 1}{4} \times 0.6 = \frac{10}{2} \times 0.45 = 2.25 \mu \mathrm{m}
$$

From this, we get one solution: 
From $n h = 2.25 \mu \mathrm{m}$, we have $h = 1.5 \mu \mathrm{m}$.

According to the problem, there is no interference minimum between $0.5 \sim 0.7 \mu \mathrm{m}$. For $h = 1.5 \mu \mathrm{m}$, using the condition for interference minimum $2 n h = m_{2} \lambda_{2}$, we find that for $m_{2} = 7, 8, 9$, $\lambda_{2}$ are $0.64, 0.56$, and $0.50 \mu \mathrm{m}$ respectively, which do not meet the problem's conditions. Therefore, the second solution $h = 1.5 \mu \mathrm{m}$ should be discarded.",\boxed{No},TF,,False,EN,Laws Application
5194,Electromagnetism,Wave Optics,Polarization,"Consider two orthogonal linear polarizers, one with a vertical transmission axis and the other with a horizontal transmission axis. Now, insert a third linear polarizer between them, with its transmission axis at a $45^{\circ}$ angle to the vertical direction. Assume that the intensity of the incident natural light beam is $I_{\mathrm{i}}$. Calculate the transmitted light intensity of the system after inserting the third polarizer.","The intensity of the light emerging from the first polarizer, which is vertically polarized, is $I_{\mathrm{i}} / 2$. This is also the incident light intensity on the third polarizer in the middle. The vertical vibration is decomposed into components parallel and perpendicular to the transmission axis of the third polarizer, as shown in the diagram. According to Malus's Law, the intensity transmitted through the third polarizer $P$ is

$$
I = \frac{1}{2} I_{\mathrm{i}} \cos^2 45^{\circ} = \frac{1}{4} I_{\mathrm{i}}
$$

At this point, the direction of vibration is along $P_{3}$, and the intensity $\frac{1}{4} I_{\mathrm{i}}$ of linearly polarized light is incident on $P_{2}$. Using the same decomposition method for vibration, the final transmitted light intensity is

$$
I_{\text{out}} = \frac{1}{4} I_{\mathrm{i}} \cos^2 \theta = \frac{1}{8} I_{\mathrm{i}}
$$

Note that the light emerging from $P_{1}$ only has a vertical vibration component, so how is it that ultimately some light with a horizontal vibration component gets transmitted? This is not a case of ""creating something from nothing."" The physical mechanisms of linear polarizers involve selective absorption of one of the orthogonal polarization states by a dichroic crystal, or selective absorption of vibrations in a certain direction of the incident light by forced oscillation of electrons in synthetic polarizers. Decomposing the amplitude of the light wave into directions parallel and perpendicular to the transmission axis of the polarizer is an effective method for solving such problems.

$$
<image 1>
$$",\boxed{\frac{1}{8} I_{\mathrm{i}}},EX,,False,EN,Laws Application
5195,Electromagnetism,Wave Optics,Diffraction,"In a Fraunhofer diffraction setup with a Ronchi grating, there is a grating and a lens. The center distance between the grating and the lens is $d$, and the radius of the lens is $R$. Find the cutoff frequency of the lens.","As shown in the figure, the spatial frequency on the spectral plane is $u = \frac{x}{\lambda f}$. Here, parallel light with a diffraction angle $\theta$ will converge on the $O x$ axis at the $x$ coordinate. From the figure, we obtain:

$$
\frac{r}{d} = \frac{x}{f}
$$

Therefore, the spatial frequency $u$ is

$$
u = \frac{r}{\lambda d}
$$

In the object space, the maximum spatial frequency that can pass through the lens, which is the cutoff frequency, is:

$$
u_{\max} = \frac{R}{\lambda d}
$$",\boxed{\frac{R}{\lambda d}},EX,,False,EN,Knowledge Recall
5197,Electromagnetism,Wave Optics,Polarization,"A thin convex lens with a curvature radius of 1 m is placed on a flat glass surface, and sodium light (\(5893 \ \text{}\)) illuminates it vertically to observe Newton's rings in the reflected light. Then, carbon tetrachloride (\(n = 1.461\)) is filled between the spherical surface and the flat glass. Calculate the ratio of the radii of the 5th dark ring before and after filling the liquid.","Typically, when natural light is reflected at the interface of two media, the reflected light is partially polarized. However, when the angle of incidence satisfies

$$
\theta_{B}=\arctan \frac{n_{1}}{n_{0}}
$$

where $n_{0}$ and $n_{1}$ are the refractive indices of the incident medium and the refractive medium respectively, the reflected light is linearly polarized with vibrations perpendicular to the plane of incidence. This angle $\theta_{B}$ is called the Brewster's angle or the polarization angle.

The calculations for $r, R, \bar{R}$, and $t, T, \bar{T}$ for the $S$ and $P$ components are based on Fresnel's equations. Because the angle of incidence is Brewster's angle, the sum of the angle of incidence and the angle of refraction is $\frac{\pi}{2}$. Intensity refers to the average energy flow density, which is the time average of the Poynting vector, while energy flow equals the intensity multiplied by the cross-sectional area of the beam. The reflected light and incident light are in the same medium, with equal cross-sectional areas, while the refracted light and incident light are in different media, with different cross-sectional areas, which is noteworthy.

1. According to Fresnel's equations, the amplitude reflectance $r_{s}$ and amplitude transmittance $t_{s}$ for the $S$ component are

$$
\begin{gathered}
r_{s}=\frac{n_{1} \cos \theta_{1}-n_{2} \cos \theta_{2}}{n_{1} \cos \theta_{1}+n_{2} \cos \theta_{2}}=-\frac{\sin \left(\theta_{1}-\theta_{2}\right)}{\sin \left(\theta_{1}+\theta_{2}\right)} \\
t_{s}=\frac{2 n_{1} \cos \theta_{1}}{n_{1} \cos \theta_{1}+n_{2} \cos \theta_{2}}=\frac{2 \sin \theta_{2} \cos \theta_{1}}{\sin \left(\theta_{1}+\theta_{2}\right)}
\end{gathered}
$$

The amplitude reflectance $r_{P}$ and amplitude transmittance $t_{P}$ for the $P$ component are

$$
\begin{gathered}
r_{P}=\frac{n_{2} \cos \theta_{1}-n_{1} \cos \theta_{2}}{n_{2} \cos \theta_{1}+n_{1} \cos \theta_{2}}=\frac{\tan \left(\theta_{1}-\theta_{2}\right)}{\tan \left(\theta_{1}+\theta_{2}\right)} \\
t_{P}=\frac{2 n_{1} \cos \theta_{1}}{n_{2} \cos \theta_{1}+n_{1} \cos \theta_{2}}=\frac{2 \cos \theta_{1} \sin \theta_{2}}{\sin \left(\theta_{1}+\theta_{2}\right) \cos \left(\theta_{1}-\theta_{2}\right)}
\end{gathered}
$$

where $n_{1}=1$, $n_{2}=n=1.50$, $\theta_{1}$ is the angle of incidence, and $\theta_{2}$ is the angle of refraction. Since the angle of incidence is the Brewster's angle, we have

$$
\theta_{1}=\theta_{B}=\arctan n=\arctan 1.50=56.3^{\circ}
$$

Additionally,

$$
\theta_{1}+\theta_{2}=\frac{\pi}{2}
$$

Substituting into the formulas for $r_{s}$ and $r_{p}$, we obtain

$$
\begin{gathered}
r_{s}=-\frac{\sin \left(56.3^{\circ}-33.7^{\circ}\right)}{\sin \left(56.3^{\circ}+33.7^{\circ}\right)}=-0.384 \\
r_{p}=0
\end{gathered}
$$

Since the reflected light and incident light are in the same medium with equal cross-sectional areas, the intensity reflectance $R_{S}$ and $R_{P}$, as well as the energy flow reflectance $\bar{R}_{S}$ and $\bar{R}_{P}$ for the $S$ and $P$ components respectively, are

$$
\begin{aligned}
& R_{S}=\left|r_{S}\right|^{2}=0.148, \quad R_{P}=0 \\
& \bar{R}_{S}=\left|r_{S}\right|^{2}=0.148, \quad \bar{R}_{P}=0
\end{aligned}
$$

For the refracted light, substituting $\theta_{1}$ and $\theta_{2}$ into $t_{s}$ and $t_{P}$, we have

$$
\begin{gathered}
t_{s}=\frac{2 \sin \theta_{2} \cos \theta_{1}}{\sin \left(\theta_{1}+\theta_{2}\right)}=\frac{2 \sin 33.7^{\circ} \cos 56.3^{\circ}}{\sin \frac{\pi}{2}}=0.616 \\
t_{P}=\frac{2 \cos \theta_{1} \sin \theta_{2}}{\sin \left(\theta_{1}+\theta_{2}\right) \cos \left(\theta_{1}-\theta_{2}\right)}=\frac{2 \cos 56.3^{\circ} \sin 33.7^{\circ}}{\cos \left(56.3^{\circ}-33.7^{\circ}\right)}=0.667
\end{gathered}
$$

Since the refracted light and incident light are in different media with different cross-sectional areas, the intensity transmittance and energy flow transmittance are not simply equal to the square of the amplitude transmittance. The intensity refers to the average energy flow density, which is the time average of the Poynting vector, given by

$$
\widetilde{S}=\frac{1}{2} \sqrt{\frac{\varepsilon_{0} \varepsilon_{\mathrm{r}}}{\mu_{0} \mu_{\mathrm{r}}}} E^{2}
$$

where $E$ is the amplitude of the electric vector. Since $\mu_{\mathrm{r}} \approx 1$, and the speed of light in vacuum $c=\frac{1}{\sqrt{\varepsilon_{0}} \mu_{0}}$, and the refractive index $n=\sqrt{\varepsilon_{\mathrm{r}} \mu_{\mathrm{r}}} \approx \sqrt{\varepsilon_{\mathrm{r}}}$, this can be rewritten as

$$
\bar{S}=\frac{1}{2 c \mu_{0}} n E^{2}
$$

Thus, the intensity is proportional to $n E^{2}$, and the intensity transmittance is

$$
T=\frac{\bar{S}_{2}}{\bar{S}_{1}}=\frac{n_{2}}{n_{1}} t^{2}
$$

The intensity transmittance for the $S$ and $P$ components is

$$
\begin{aligned}
& T_{S}=\frac{n_{2}}{n_{1}} t_{S}^{2}=n t_{S}^{2}=0.569 \\
& T_{P}=\frac{n_{2}}{n_{1}} t_{P}^{2}=n t_{P}^{2}=0.667
\end{aligned}
$$

The energy flow equals the intensity multiplied by the cross-sectional area of the beam, and the ratio of the cross-sectional areas of the refracted beam to the incident beam is $\frac{\cos \theta_{2}}{\cos \theta_{1}}$, so the energy flow transmittance is

$$
\bar{T}=\frac{\bar{S}_{2} \cos \theta_{2}}{\bar{S}_{1} \cos \theta_{1}}=\frac{n_{2} \cos \theta_{2}}{n_{1} \cos \theta_{1}} t^{2}=\frac{\cos \theta_{2}}{\cos \theta_{1}} T
$$

Substituting the values, the energy flow transmittance for the $S$ and $P$ components is

$$
\begin{gathered}
\bar{T}_{S}=\frac{\cos \theta_{2}}{\cos \theta_{1}} T_{S}=0.853 \\
\bar{T}_{P}=\frac{\cos \theta_{2}}{\cos \theta_{1}} T_{P}=1
\end{gathered}
$$

The fact that the energy flow transmittance $\bar{T}_{P}=1$ for the $P$ component is expected because, when light is incident at the Brewster's angle $\left(\theta_{1}=\theta_{B}\right)$, the reflected light does not contain any $P$ component, meaning the entire energy of the incident $P$ component is transmitted.",\boxed{1.21},NV,,False,EN,Practical Application
5199,Electromagnetism,Wave Optics,Polarization,"The transmitted light intensity of a FabryProt interferometer is given by

$$
I_{T} = \frac{I_{0}}{1+\frac{4R \sin^2(\delta/2)}{(1-R)^2}}
$$

where $I_{0}$ is the intensity of the monochromatic incident light, $\delta$ is the phase difference between two adjacent transmitted rays, and $R$ is the reflectance of the mirrors. If the angle of incidence is $\theta$, and the spacing between the mirrors is $t$, then

$$
\delta = \left( \frac{2\pi}{\lambda} \right) 2t \cos \theta
$$

Find the phase difference between two adjacent rays for the wavelengths $\lambda$ and $(\lambda+\Delta \lambda)$ (Hint: Apply the Rayleigh criterion).","Typically, when natural light is reflected at the interface of two media, the reflected light is partially polarized. However, when the angle of incidence satisfies

$$
\theta_{B}=\arctan \frac{n_{1}}{n_{0}}
$$

where $n_{0}$ and $n_{1}$ are the refractive indices of the incident medium and the refractive medium respectively, the reflected light is linearly polarized with vibrations perpendicular to the plane of incidence. This angle $\theta_{B}$ is called the Brewster's angle or the polarization angle.

The calculations for $r, R, \bar{R}$, and $t, T, \bar{T}$ for the $S$ and $P$ components are based on Fresnel's equations. Because the angle of incidence is Brewster's angle, the sum of the angle of incidence and the angle of refraction is $\frac{\pi}{2}$. Intensity refers to the average energy flow density, which is the time average of the Poynting vector, while energy flow equals the intensity multiplied by the cross-sectional area of the beam. The reflected light and incident light are in the same medium, with equal cross-sectional areas, while the refracted light and incident light are in different media, with different cross-sectional areas, which is noteworthy.

1. According to Fresnel's equations, the amplitude reflectance $r_{s}$ and amplitude transmittance $t_{s}$ for the $S$ component are

$$
\begin{gathered}
r_{s}=\frac{n_{1} \cos \theta_{1}-n_{2} \cos \theta_{2}}{n_{1} \cos \theta_{1}+n_{2} \cos \theta_{2}}=-\frac{\sin \left(\theta_{1}-\theta_{2}\right)}{\sin \left(\theta_{1}+\theta_{2}\right)} \\
t_{s}=\frac{2 n_{1} \cos \theta_{1}}{n_{1} \cos \theta_{1}+n_{2} \cos \theta_{2}}=\frac{2 \sin \theta_{2} \cos \theta_{1}}{\sin \left(\theta_{1}+\theta_{2}\right)}
\end{gathered}
$$

The amplitude reflectance $r_{P}$ and amplitude transmittance $t_{P}$ for the $P$ component are

$$
\begin{gathered}
r_{P}=\frac{n_{2} \cos \theta_{1}-n_{1} \cos \theta_{2}}{n_{2} \cos \theta_{1}+n_{1} \cos \theta_{2}}=\frac{\tan \left(\theta_{1}-\theta_{2}\right)}{\tan \left(\theta_{1}+\theta_{2}\right)} \\
t_{P}=\frac{2 n_{1} \cos \theta_{1}}{n_{2} \cos \theta_{1}+n_{1} \cos \theta_{2}}=\frac{2 \cos \theta_{1} \sin \theta_{2}}{\sin \left(\theta_{1}+\theta_{2}\right) \cos \left(\theta_{1}-\theta_{2}\right)}
\end{gathered}
$$

where $n_{1}=1$, $n_{2}=n=1.50$, $\theta_{1}$ is the angle of incidence, and $\theta_{2}$ is the angle of refraction. Since the angle of incidence is the Brewster's angle, we have

$$
\theta_{1}=\theta_{B}=\arctan n=\arctan 1.50=56.3^{\circ}
$$

Additionally,

$$
\theta_{1}+\theta_{2}=\frac{\pi}{2}
$$

Substituting into the formulas for $r_{s}$ and $r_{p}$, we obtain

$$
\begin{gathered}
r_{s}=-\frac{\sin \left(56.3^{\circ}-33.7^{\circ}\right)}{\sin \left(56.3^{\circ}+33.7^{\circ}\right)}=-0.384 \\
r_{p}=0
\end{gathered}
$$

Since the reflected light and incident light are in the same medium with equal cross-sectional areas, the intensity reflectance $R_{S}$ and $R_{P}$, as well as the energy flow reflectance $\bar{R}_{S}$ and $\bar{R}_{P}$ for the $S$ and $P$ components respectively, are

$$
\begin{aligned}
& R_{S}=\left|r_{S}\right|^{2}=0.148, \quad R_{P}=0 \\
& \bar{R}_{S}=\left|r_{S}\right|^{2}=0.148, \quad \bar{R}_{P}=0
\end{aligned}
$$

For the refracted light, substituting $\theta_{1}$ and $\theta_{2}$ into $t_{s}$ and $t_{P}$, we have

$$
\begin{gathered}
t_{s}=\frac{2 \sin \theta_{2} \cos \theta_{1}}{\sin \left(\theta_{1}+\theta_{2}\right)}=\frac{2 \sin 33.7^{\circ} \cos 56.3^{\circ}}{\sin \frac{\pi}{2}}=0.616 \\
t_{P}=\frac{2 \cos \theta_{1} \sin \theta_{2}}{\sin \left(\theta_{1}+\theta_{2}\right) \cos \left(\theta_{1}-\theta_{2}\right)}=\frac{2 \cos 56.3^{\circ} \sin 33.7^{\circ}}{\cos \left(56.3^{\circ}-33.7^{\circ}\right)}=0.667
\end{gathered}
$$

Since the refracted light and incident light are in different media with different cross-sectional areas, the intensity transmittance and energy flow transmittance are not simply equal to the square of the amplitude transmittance. The intensity refers to the average energy flow density, which is the time average of the Poynting vector, given by

$$
\widetilde{S}=\frac{1}{2} \sqrt{\frac{\varepsilon_{0} \varepsilon_{\mathrm{r}}}{\mu_{0} \mu_{\mathrm{r}}}} E^{2}
$$

where $E$ is the amplitude of the electric vector. Since $\mu_{\mathrm{r}} \approx 1$, and the speed of light in vacuum $c=\frac{1}{\sqrt{\varepsilon_{0}} \mu_{0}}$, and the refractive index $n=\sqrt{\varepsilon_{\mathrm{r}} \mu_{\mathrm{r}}} \approx \sqrt{\varepsilon_{\mathrm{r}}}$, this can be rewritten as

$$
\bar{S}=\frac{1}{2 c \mu_{0}} n E^{2}
$$

Thus, the intensity is proportional to $n E^{2}$, and the intensity transmittance is

$$
T=\frac{\bar{S}_{2}}{\bar{S}_{1}}=\frac{n_{2}}{n_{1}} t^{2}
$$

The intensity transmittance for the $S$ and $P$ components is

$$
\begin{aligned}
& T_{S}=\frac{n_{2}}{n_{1}} t_{S}^{2}=n t_{S}^{2}=0.569 \\
& T_{P}=\frac{n_{2}}{n_{1}} t_{P}^{2}=n t_{P}^{2}=0.667
\end{aligned}
$$

The energy flow equals the intensity multiplied by the cross-sectional area of the beam, and the ratio of the cross-sectional areas of the refracted beam to the incident beam is $\frac{\cos \theta_{2}}{\cos \theta_{1}}$, so the energy flow transmittance is

$$
\bar{T}=\frac{\bar{S}_{2} \cos \theta_{2}}{\bar{S}_{1} \cos \theta_{1}}=\frac{n_{2} \cos \theta_{2}}{n_{1} \cos \theta_{1}} t^{2}=\frac{\cos \theta_{2}}{\cos \theta_{1}} T
$$

Substituting the values, the energy flow transmittance for the $S$ and $P$ components is

$$
\begin{gathered}
\bar{T}_{S}=\frac{\cos \theta_{2}}{\cos \theta_{1}} T_{S}=0.853 \\
\bar{T}_{P}=\frac{\cos \theta_{2}}{\cos \theta_{1}} T_{P}=1
\end{gathered}
$$

The fact that the energy flow transmittance $\bar{T}_{P}=1$ for the $P$ component is expected because, when light is incident at the Brewster's angle $\left(\theta_{1}=\theta_{B}\right)$, the reflected light does not contain any $P$ component, meaning the entire energy of the incident $P$ component is transmitted.","\boxed{\delta_{1}, \delta_{2}}",EX,"None, None",True,EN,Math Derivation
5201,Electromagnetism,Wave Optics,Polarization,"Ultraviolet light ( $\lambda = 2000 \, \text{}$ ) is shone onto an aluminum surface, which has a work function $\Phi = 4.2 \, \text{eV}$.  
If the intensity of the incident light is $20 \, \text{W/m}^2$, how many photons hit the aluminum surface per unit area per unit time?","Typically, when natural light is reflected at the interface of two media, the reflected light is partially polarized. However, when the angle of incidence satisfies

$$
\theta_{B}=\arctan \frac{n_{1}}{n_{0}}
$$

where $n_{0}$ and $n_{1}$ are the refractive indices of the incident medium and the refractive medium respectively, the reflected light is linearly polarized with vibrations perpendicular to the plane of incidence. This angle $\theta_{B}$ is called the Brewster's angle or the polarization angle.

The calculations for $r, R, \bar{R}$, and $t, T, \bar{T}$ for the $S$ and $P$ components are based on Fresnel's equations. Because the angle of incidence is Brewster's angle, the sum of the angle of incidence and the angle of refraction is $\frac{\pi}{2}$. Intensity refers to the average energy flow density, which is the time average of the Poynting vector, while energy flow equals the intensity multiplied by the cross-sectional area of the beam. The reflected light and incident light are in the same medium, with equal cross-sectional areas, while the refracted light and incident light are in different media, with different cross-sectional areas, which is noteworthy.

1. According to Fresnel's equations, the amplitude reflectance $r_{s}$ and amplitude transmittance $t_{s}$ for the $S$ component are

$$
\begin{gathered}
r_{s}=\frac{n_{1} \cos \theta_{1}-n_{2} \cos \theta_{2}}{n_{1} \cos \theta_{1}+n_{2} \cos \theta_{2}}=-\frac{\sin \left(\theta_{1}-\theta_{2}\right)}{\sin \left(\theta_{1}+\theta_{2}\right)} \\
t_{s}=\frac{2 n_{1} \cos \theta_{1}}{n_{1} \cos \theta_{1}+n_{2} \cos \theta_{2}}=\frac{2 \sin \theta_{2} \cos \theta_{1}}{\sin \left(\theta_{1}+\theta_{2}\right)}
\end{gathered}
$$

The amplitude reflectance $r_{P}$ and amplitude transmittance $t_{P}$ for the $P$ component are

$$
\begin{gathered}
r_{P}=\frac{n_{2} \cos \theta_{1}-n_{1} \cos \theta_{2}}{n_{2} \cos \theta_{1}+n_{1} \cos \theta_{2}}=\frac{\tan \left(\theta_{1}-\theta_{2}\right)}{\tan \left(\theta_{1}+\theta_{2}\right)} \\
t_{P}=\frac{2 n_{1} \cos \theta_{1}}{n_{2} \cos \theta_{1}+n_{1} \cos \theta_{2}}=\frac{2 \cos \theta_{1} \sin \theta_{2}}{\sin \left(\theta_{1}+\theta_{2}\right) \cos \left(\theta_{1}-\theta_{2}\right)}
\end{gathered}
$$

where $n_{1}=1$, $n_{2}=n=1.50$, $\theta_{1}$ is the angle of incidence, and $\theta_{2}$ is the angle of refraction. Since the angle of incidence is the Brewster's angle, we have

$$
\theta_{1}=\theta_{B}=\arctan n=\arctan 1.50=56.3^{\circ}
$$

Additionally,

$$
\theta_{1}+\theta_{2}=\frac{\pi}{2}
$$

Substituting into the formulas for $r_{s}$ and $r_{p}$, we obtain

$$
\begin{gathered}
r_{s}=-\frac{\sin \left(56.3^{\circ}-33.7^{\circ}\right)}{\sin \left(56.3^{\circ}+33.7^{\circ}\right)}=-0.384 \\
r_{p}=0
\end{gathered}
$$

Since the reflected light and incident light are in the same medium with equal cross-sectional areas, the intensity reflectance $R_{S}$ and $R_{P}$, as well as the energy flow reflectance $\bar{R}_{S}$ and $\bar{R}_{P}$ for the $S$ and $P$ components respectively, are

$$
\begin{aligned}
& R_{S}=\left|r_{S}\right|^{2}=0.148, \quad R_{P}=0 \\
& \bar{R}_{S}=\left|r_{S}\right|^{2}=0.148, \quad \bar{R}_{P}=0
\end{aligned}
$$

For the refracted light, substituting $\theta_{1}$ and $\theta_{2}$ into $t_{s}$ and $t_{P}$, we have

$$
\begin{gathered}
t_{s}=\frac{2 \sin \theta_{2} \cos \theta_{1}}{\sin \left(\theta_{1}+\theta_{2}\right)}=\frac{2 \sin 33.7^{\circ} \cos 56.3^{\circ}}{\sin \frac{\pi}{2}}=0.616 \\
t_{P}=\frac{2 \cos \theta_{1} \sin \theta_{2}}{\sin \left(\theta_{1}+\theta_{2}\right) \cos \left(\theta_{1}-\theta_{2}\right)}=\frac{2 \cos 56.3^{\circ} \sin 33.7^{\circ}}{\cos \left(56.3^{\circ}-33.7^{\circ}\right)}=0.667
\end{gathered}
$$

Since the refracted light and incident light are in different media with different cross-sectional areas, the intensity transmittance and energy flow transmittance are not simply equal to the square of the amplitude transmittance. The intensity refers to the average energy flow density, which is the time average of the Poynting vector, given by

$$
\widetilde{S}=\frac{1}{2} \sqrt{\frac{\varepsilon_{0} \varepsilon_{\mathrm{r}}}{\mu_{0} \mu_{\mathrm{r}}}} E^{2}
$$

where $E$ is the amplitude of the electric vector. Since $\mu_{\mathrm{r}} \approx 1$, and the speed of light in vacuum $c=\frac{1}{\sqrt{\varepsilon_{0}} \mu_{0}}$, and the refractive index $n=\sqrt{\varepsilon_{\mathrm{r}} \mu_{\mathrm{r}}} \approx \sqrt{\varepsilon_{\mathrm{r}}}$, this can be rewritten as

$$
\bar{S}=\frac{1}{2 c \mu_{0}} n E^{2}
$$

Thus, the intensity is proportional to $n E^{2}$, and the intensity transmittance is

$$
T=\frac{\bar{S}_{2}}{\bar{S}_{1}}=\frac{n_{2}}{n_{1}} t^{2}
$$

The intensity transmittance for the $S$ and $P$ components is

$$
\begin{aligned}
& T_{S}=\frac{n_{2}}{n_{1}} t_{S}^{2}=n t_{S}^{2}=0.569 \\
& T_{P}=\frac{n_{2}}{n_{1}} t_{P}^{2}=n t_{P}^{2}=0.667
\end{aligned}
$$

The energy flow equals the intensity multiplied by the cross-sectional area of the beam, and the ratio of the cross-sectional areas of the refracted beam to the incident beam is $\frac{\cos \theta_{2}}{\cos \theta_{1}}$, so the energy flow transmittance is

$$
\bar{T}=\frac{\bar{S}_{2} \cos \theta_{2}}{\bar{S}_{1} \cos \theta_{1}}=\frac{n_{2} \cos \theta_{2}}{n_{1} \cos \theta_{1}} t^{2}=\frac{\cos \theta_{2}}{\cos \theta_{1}} T
$$

Substituting the values, the energy flow transmittance for the $S$ and $P$ components is

$$
\begin{gathered}
\bar{T}_{S}=\frac{\cos \theta_{2}}{\cos \theta_{1}} T_{S}=0.853 \\
\bar{T}_{P}=\frac{\cos \theta_{2}}{\cos \theta_{1}} T_{P}=1
\end{gathered}
$$

The fact that the energy flow transmittance $\bar{T}_{P}=1$ for the $P$ component is expected because, when light is incident at the Brewster's angle $\left(\theta_{1}=\theta_{B}\right)$, the reflected light does not contain any $P$ component, meaning the entire energy of the incident $P$ component is transmitted.",\boxed{2 \times 10^{19}},NV,\text{m}^{-2} \cdot \text{s}^{-1},False,EN,Knowledge Recall
5202,Electromagnetism,Wave Optics,Diffraction,"The average refractive index of sodium yellow light doublet for crow glass is $\bar{n}=1.51630$. It relates to the wavelength of light in vacuum $\lambda_{0}$ following Cauchy's formula:

$$  
n = A + \frac{B}{\lambda_{0}^{2}} + \frac{C}{\lambda_{0}^{4}}  
$$  

Given that $B=4.437 \times 10^{5} \, \text{\AA}^{2}, \quad C=-1.387 \times 10^{12} \, \text{\AA}^{4} $, find the value of $\frac{\mathrm{d} n}{\mathrm{d} \lambda_{0}}$ for the wavelength of sodium yellow light $\lambda_0 = 5893\, \text{\AA}$ for the glass.","Based on Cauchy's formula:

$$  
\frac{\mathrm{d} n}{\mathrm{d} \lambda_{0}} = -2 \frac{B}{\lambda_{0}^{3}} - 4 \frac{C}{\lambda_{0}^{5}} \approx -3.555 \times 10^{-6} / \text{\AA}  
$$",\boxed{-3.555 \times 10^{-6}},NV,,False,EN,Math Derivation
5203,Electromagnetism,Wave Optics,Interference,"In a Young's double-slit experiment using a sodium lamp, the width of the light source is limited to 2 mm, and the screen with the double slit is 2.5 m away from the light source. What is the maximum allowable separation between the slits to produce observable fringes with sufficient contrast on the screen?","According to the inverse relationship of spatial coherence of the light field:

$$
b \Delta \theta_{1} \approx \lambda
$$

Given the width $b$ of the light source, the angle of the interference aperture (i.e., the angular separation of the double slit relative to the light source) $\Delta \theta$ must satisfy

$$
\Delta \theta < \Delta \theta_{1} \approx \frac{\lambda}{b}
$$

Thus, the double slit separation

$$
d = R \Delta \theta < R \Delta \theta_{1} = \frac{R \lambda}{b} \approx 0.74 \text{ mm}
$$

in order to produce observable fringes with sufficient contrast on the screen.",\boxed{0.74},NV,\text{mm},False,EN,Laws Application
5204,Electromagnetism,Wave Optics,Polarization,"For sodium yellow light with a wavelength of $\lambda=5893 \ \text{}$, the optical rotation of quartz is $\alpha=21.7^{\circ} / \mathrm{mm}$. If a piece of quartz is cut perpendicularly to its optical axis and placed between two parallel polarizers, determine the minimum thickness of the quartz piece that results in the minimal transmitted light intensity.","Typically, when natural light is reflected at the interface of two media, the reflected light is partially polarized. However, when the angle of incidence satisfies

$$
\theta_{B}=\arctan \frac{n_{1}}{n_{0}}
$$

where $n_{0}$ and $n_{1}$ are the refractive indices of the incident medium and the refractive medium respectively, the reflected light is linearly polarized with vibrations perpendicular to the plane of incidence. This angle $\theta_{B}$ is called the Brewster's angle or the polarization angle.

The calculations for $r, R, \bar{R}$, and $t, T, \bar{T}$ for the $S$ and $P$ components are based on Fresnel's equations. Because the angle of incidence is Brewster's angle, the sum of the angle of incidence and the angle of refraction is $\frac{\pi}{2}$. Intensity refers to the average energy flow density, which is the time average of the Poynting vector, while energy flow equals the intensity multiplied by the cross-sectional area of the beam. The reflected light and incident light are in the same medium, with equal cross-sectional areas, while the refracted light and incident light are in different media, with different cross-sectional areas, which is noteworthy.

1. According to Fresnel's equations, the amplitude reflectance $r_{s}$ and amplitude transmittance $t_{s}$ for the $S$ component are

$$
\begin{gathered}
r_{s}=\frac{n_{1} \cos \theta_{1}-n_{2} \cos \theta_{2}}{n_{1} \cos \theta_{1}+n_{2} \cos \theta_{2}}=-\frac{\sin \left(\theta_{1}-\theta_{2}\right)}{\sin \left(\theta_{1}+\theta_{2}\right)} \\
t_{s}=\frac{2 n_{1} \cos \theta_{1}}{n_{1} \cos \theta_{1}+n_{2} \cos \theta_{2}}=\frac{2 \sin \theta_{2} \cos \theta_{1}}{\sin \left(\theta_{1}+\theta_{2}\right)}
\end{gathered}
$$

The amplitude reflectance $r_{P}$ and amplitude transmittance $t_{P}$ for the $P$ component are

$$
\begin{gathered}
r_{P}=\frac{n_{2} \cos \theta_{1}-n_{1} \cos \theta_{2}}{n_{2} \cos \theta_{1}+n_{1} \cos \theta_{2}}=\frac{\tan \left(\theta_{1}-\theta_{2}\right)}{\tan \left(\theta_{1}+\theta_{2}\right)} \\
t_{P}=\frac{2 n_{1} \cos \theta_{1}}{n_{2} \cos \theta_{1}+n_{1} \cos \theta_{2}}=\frac{2 \cos \theta_{1} \sin \theta_{2}}{\sin \left(\theta_{1}+\theta_{2}\right) \cos \left(\theta_{1}-\theta_{2}\right)}
\end{gathered}
$$

where $n_{1}=1$, $n_{2}=n=1.50$, $\theta_{1}$ is the angle of incidence, and $\theta_{2}$ is the angle of refraction. Since the angle of incidence is the Brewster's angle, we have

$$
\theta_{1}=\theta_{B}=\arctan n=\arctan 1.50=56.3^{\circ}
$$

Additionally,

$$
\theta_{1}+\theta_{2}=\frac{\pi}{2}
$$

Substituting into the formulas for $r_{s}$ and $r_{p}$, we obtain

$$
\begin{gathered}
r_{s}=-\frac{\sin \left(56.3^{\circ}-33.7^{\circ}\right)}{\sin \left(56.3^{\circ}+33.7^{\circ}\right)}=-0.384 \\
r_{p}=0
\end{gathered}
$$

Since the reflected light and incident light are in the same medium with equal cross-sectional areas, the intensity reflectance $R_{S}$ and $R_{P}$, as well as the energy flow reflectance $\bar{R}_{S}$ and $\bar{R}_{P}$ for the $S$ and $P$ components respectively, are

$$
\begin{aligned}
& R_{S}=\left|r_{S}\right|^{2}=0.148, \quad R_{P}=0 \\
& \bar{R}_{S}=\left|r_{S}\right|^{2}=0.148, \quad \bar{R}_{P}=0
\end{aligned}
$$

For the refracted light, substituting $\theta_{1}$ and $\theta_{2}$ into $t_{s}$ and $t_{P}$, we have

$$
\begin{gathered}
t_{s}=\frac{2 \sin \theta_{2} \cos \theta_{1}}{\sin \left(\theta_{1}+\theta_{2}\right)}=\frac{2 \sin 33.7^{\circ} \cos 56.3^{\circ}}{\sin \frac{\pi}{2}}=0.616 \\
t_{P}=\frac{2 \cos \theta_{1} \sin \theta_{2}}{\sin \left(\theta_{1}+\theta_{2}\right) \cos \left(\theta_{1}-\theta_{2}\right)}=\frac{2 \cos 56.3^{\circ} \sin 33.7^{\circ}}{\cos \left(56.3^{\circ}-33.7^{\circ}\right)}=0.667
\end{gathered}
$$

Since the refracted light and incident light are in different media with different cross-sectional areas, the intensity transmittance and energy flow transmittance are not simply equal to the square of the amplitude transmittance. The intensity refers to the average energy flow density, which is the time average of the Poynting vector, given by

$$
\widetilde{S}=\frac{1}{2} \sqrt{\frac{\varepsilon_{0} \varepsilon_{\mathrm{r}}}{\mu_{0} \mu_{\mathrm{r}}}} E^{2}
$$

where $E$ is the amplitude of the electric vector. Since $\mu_{\mathrm{r}} \approx 1$, and the speed of light in vacuum $c=\frac{1}{\sqrt{\varepsilon_{0}} \mu_{0}}$, and the refractive index $n=\sqrt{\varepsilon_{\mathrm{r}} \mu_{\mathrm{r}}} \approx \sqrt{\varepsilon_{\mathrm{r}}}$, this can be rewritten as

$$
\bar{S}=\frac{1}{2 c \mu_{0}} n E^{2}
$$

Thus, the intensity is proportional to $n E^{2}$, and the intensity transmittance is

$$
T=\frac{\bar{S}_{2}}{\bar{S}_{1}}=\frac{n_{2}}{n_{1}} t^{2}
$$

The intensity transmittance for the $S$ and $P$ components is

$$
\begin{aligned}
& T_{S}=\frac{n_{2}}{n_{1}} t_{S}^{2}=n t_{S}^{2}=0.569 \\
& T_{P}=\frac{n_{2}}{n_{1}} t_{P}^{2}=n t_{P}^{2}=0.667
\end{aligned}
$$

The energy flow equals the intensity multiplied by the cross-sectional area of the beam, and the ratio of the cross-sectional areas of the refracted beam to the incident beam is $\frac{\cos \theta_{2}}{\cos \theta_{1}}$, so the energy flow transmittance is

$$
\bar{T}=\frac{\bar{S}_{2} \cos \theta_{2}}{\bar{S}_{1} \cos \theta_{1}}=\frac{n_{2} \cos \theta_{2}}{n_{1} \cos \theta_{1}} t^{2}=\frac{\cos \theta_{2}}{\cos \theta_{1}} T
$$

Substituting the values, the energy flow transmittance for the $S$ and $P$ components is

$$
\begin{gathered}
\bar{T}_{S}=\frac{\cos \theta_{2}}{\cos \theta_{1}} T_{S}=0.853 \\
\bar{T}_{P}=\frac{\cos \theta_{2}}{\cos \theta_{1}} T_{P}=1
\end{gathered}
$$

The fact that the energy flow transmittance $\bar{T}_{P}=1$ for the $P$ component is expected because, when light is incident at the Brewster's angle $\left(\theta_{1}=\theta_{B}\right)$, the reflected light does not contain any $P$ component, meaning the entire energy of the incident $P$ component is transmitted.",\boxed{4.15},NV,\mathrm{mm},False,EN,Practical Application
5205,Electromagnetism,Wave Optics,Polarization,"A beam of unpolarized light is incident from air onto an air-glass interface, with an incident angle of $\theta_{1} = 30^{\circ}$ and a glass refractive index of $n = 1.50$. Find the amplitude reflectance for the S component.","According to the Fresnel equations, the amplitude reflectance for the S component is given by

$$
r_{S} = \frac{n_{1} \cos \theta_{1} - n_{2} \cos \theta_{2}}{n_{1} \cos \theta_{1} + n_{2} \cos \theta_{2}} = \frac{\cos \theta_{1} - n \cos \theta_{2}}{\cos \theta_{1} + n \cos \theta_{2}} = -0.240.
$$",\boxed{-0.240},NV,,False,EN,Laws Application
5206,Electromagnetism,Wave Optics,Diffraction,"Calculate the first 10 Fourier coefficients of a black and white grating: \( t_0, \tilde{t}_1, \cdots, \tilde{t}_9 \), where \( a/d = 1/2 \). The transmittance function of the black and white grating is given by:

\[ 
t(x) = 
\begin{cases} 
1, & |x| < \frac{a}{2} \\ 
0, & \frac{a}{2} < |x| < \frac{d}{2}
\end{cases} 
\]

The expression for the Fourier coefficient \( \tilde{t}_n \) is given by:

\[
\tilde{t}_n = \frac{a}{d} \frac{\sin (n \pi a / d)}{n \pi a / d}
\]

where \( a/d = 1/2 \).","When \( \frac{a}{d} = \frac{1}{2} \), we obtain:

\[
\begin{array}{ll}
t_0 = \frac{1}{2}, & \tilde{t}_1 = \frac{1}{\pi} \sin \frac{\pi}{2} = \frac{1}{\pi} \\
\tilde{t}_2 = \frac{1}{2 \pi} \sin \frac{2 \pi}{2} = 0, & \tilde{t}_3 = \frac{1}{3 \pi} \sin \frac{3 \pi}{2} = -\frac{1}{3 \pi} \\
\tilde{t}_4 = \frac{1}{4 \pi} \sin \frac{4 \pi}{2} = 0, & \tilde{t}_5 = \frac{1}{5 \pi} \sin \frac{5 \pi}{2} = \frac{1}{5 \pi} \\
\tilde{t}_6 = \frac{1}{6 \pi} \sin \frac{6 \pi}{2} = 0, & \tilde{t}_7 = \frac{1}{7 \pi} \sin \frac{7 \pi}{2} = -\frac{1}{7 \pi} \\
\tilde{t}_8 = \frac{1}{8 \pi} \sin \frac{8 \pi}{2} = 0, & \tilde{t}_9 = \frac{1}{9 \pi} \sin \frac{9 \pi}{2} = \frac{1}{9 \pi}
\end{array}
\]","\boxed{\frac{1}{2}, \frac{1}{\pi}, 0, -\frac{1}{3\pi}, 0, \frac{1}{5\pi}, 0, -\frac{1}{7\pi}, 0, \frac{1}{9\pi}}",NV,,True,EN,
5207,Electromagnetism,Wave Optics,Interference,"The radii of the fifth and fifteenth rings in a Newton's rings experiment are measured to be 0.70 mm and 1.7 mm, respectively. Calculate the radius of curvature of the lens. Assume the wavelength of light is $0.63 \, \mu \mathrm{m}$. The center point of the interference rings may not be in close contact, and a reliable measurement method requires using the following relationship:

$$
R = \frac{r_{k+m}^{2} - r_{k}^{2}}{m \lambda}
$$

where $r_{k+m}$ and $r_{k}$ are the radii of two interference rings, $m$ is the number of rings between them, and $\lambda$ is the wavelength of light.","According to the given data, take $r_{k+m} = 1.7 \, \mathrm{mm}$, $r_{k} = 0.70 \, \mathrm{mm}$, $m = 15 - 5 = 10$, and $\lambda = 0.63 \, \mu \mathrm{m}$. Substituting these values into the formula yields the radius of curvature of the lens as

$$
R = 381 \, \mathrm{mm}
$$",\boxed{381},NV,\mathrm{mm},False,EN,Practical Application
5208,Electromagnetism,Wave Optics,Diffraction,"According to the Rayleigh criterion, find the resolution \(\Delta \lambda / \lambda\) of the \(m\)-th order diffraction produced by a grating with \(N\) grooves, where the grating constant is \(d\). It is required that the maximum diffraction angle of the \(m\)-th order coincides with the minimum of the \((m-1)\)-th order diffraction of the wavelength \((\lambda + \Delta \lambda)\).","From the multi-beam interference formula

\[
I \propto\left(\frac{\sin N \varphi}{\sin \varphi}\right)^{2}
\]

where \(\varphi=\frac{\pi d}{\lambda} \sin \theta\). According to the Rayleigh criterion, under the condition that the position of the \(m\)-th order diffraction maximum of wavelength \(\lambda\) coincides with the minimum of the \((m-1)\)-th order diffraction of \((\lambda+\Delta \lambda)\), we have:

\[
\begin{gathered}
\frac{N \pi d}{\lambda} \sin \theta = N m \pi \\
\frac{N \pi d}{\lambda+\Delta \lambda} \sin \theta = N(m-1) \pi
\end{gathered}
\]

From this, we obtain:

\[
\frac{\Delta \lambda}{\lambda^{2}} N \pi d \sin \theta = \pi
\]

And since:

\[
\frac{1}{\lambda} N \pi d \sin \theta = N m \pi
\]

Thus, we arrive at:

\[
\frac{\Delta \lambda}{\lambda} = \frac{1}{N m}
\]",\boxed{\frac{1}{N m}},NV,,False,EN,Math Derivation
5209,Electromagnetism,Wave Optics,Polarization,"A quartz wedge with angle $\alpha=0.33^{\circ}$ is placed between orthogonal polarizers, with the optical axis parallel to the crystal surface. Hydrogen's red light ($6563 \, \text{}$) interferes as it passes through this setup. Find the fringe spacing. Assume $n_{\mathrm{o}}=1.5419, n_{\mathrm{e}}=1.5509$.","Typically, when natural light is reflected at the interface of two media, the reflected light is partially polarized. However, when the angle of incidence satisfies

$$
\theta_{B}=\arctan \frac{n_{1}}{n_{0}}
$$

where $n_{0}$ and $n_{1}$ are the refractive indices of the incident medium and the refractive medium respectively, the reflected light is linearly polarized with vibrations perpendicular to the plane of incidence. This angle $\theta_{B}$ is called the Brewster's angle or the polarization angle.

The calculations for $r, R, \bar{R}$, and $t, T, \bar{T}$ for the $S$ and $P$ components are based on Fresnel's equations. Because the angle of incidence is Brewster's angle, the sum of the angle of incidence and the angle of refraction is $\frac{\pi}{2}$. Intensity refers to the average energy flow density, which is the time average of the Poynting vector, while energy flow equals the intensity multiplied by the cross-sectional area of the beam. The reflected light and incident light are in the same medium, with equal cross-sectional areas, while the refracted light and incident light are in different media, with different cross-sectional areas, which is noteworthy.

1. According to Fresnel's equations, the amplitude reflectance $r_{s}$ and amplitude transmittance $t_{s}$ for the $S$ component are

$$
\begin{gathered}
r_{s}=\frac{n_{1} \cos \theta_{1}-n_{2} \cos \theta_{2}}{n_{1} \cos \theta_{1}+n_{2} \cos \theta_{2}}=-\frac{\sin \left(\theta_{1}-\theta_{2}\right)}{\sin \left(\theta_{1}+\theta_{2}\right)} \\
t_{s}=\frac{2 n_{1} \cos \theta_{1}}{n_{1} \cos \theta_{1}+n_{2} \cos \theta_{2}}=\frac{2 \sin \theta_{2} \cos \theta_{1}}{\sin \left(\theta_{1}+\theta_{2}\right)}
\end{gathered}
$$

The amplitude reflectance $r_{P}$ and amplitude transmittance $t_{P}$ for the $P$ component are

$$
\begin{gathered}
r_{P}=\frac{n_{2} \cos \theta_{1}-n_{1} \cos \theta_{2}}{n_{2} \cos \theta_{1}+n_{1} \cos \theta_{2}}=\frac{\tan \left(\theta_{1}-\theta_{2}\right)}{\tan \left(\theta_{1}+\theta_{2}\right)} \\
t_{P}=\frac{2 n_{1} \cos \theta_{1}}{n_{2} \cos \theta_{1}+n_{1} \cos \theta_{2}}=\frac{2 \cos \theta_{1} \sin \theta_{2}}{\sin \left(\theta_{1}+\theta_{2}\right) \cos \left(\theta_{1}-\theta_{2}\right)}
\end{gathered}
$$

where $n_{1}=1$, $n_{2}=n=1.50$, $\theta_{1}$ is the angle of incidence, and $\theta_{2}$ is the angle of refraction. Since the angle of incidence is the Brewster's angle, we have

$$
\theta_{1}=\theta_{B}=\arctan n=\arctan 1.50=56.3^{\circ}
$$

Additionally,

$$
\theta_{1}+\theta_{2}=\frac{\pi}{2}
$$

Substituting into the formulas for $r_{s}$ and $r_{p}$, we obtain

$$
\begin{gathered}
r_{s}=-\frac{\sin \left(56.3^{\circ}-33.7^{\circ}\right)}{\sin \left(56.3^{\circ}+33.7^{\circ}\right)}=-0.384 \\
r_{p}=0
\end{gathered}
$$

Since the reflected light and incident light are in the same medium with equal cross-sectional areas, the intensity reflectance $R_{S}$ and $R_{P}$, as well as the energy flow reflectance $\bar{R}_{S}$ and $\bar{R}_{P}$ for the $S$ and $P$ components respectively, are

$$
\begin{aligned}
& R_{S}=\left|r_{S}\right|^{2}=0.148, \quad R_{P}=0 \\
& \bar{R}_{S}=\left|r_{S}\right|^{2}=0.148, \quad \bar{R}_{P}=0
\end{aligned}
$$

For the refracted light, substituting $\theta_{1}$ and $\theta_{2}$ into $t_{s}$ and $t_{P}$, we have

$$
\begin{gathered}
t_{s}=\frac{2 \sin \theta_{2} \cos \theta_{1}}{\sin \left(\theta_{1}+\theta_{2}\right)}=\frac{2 \sin 33.7^{\circ} \cos 56.3^{\circ}}{\sin \frac{\pi}{2}}=0.616 \\
t_{P}=\frac{2 \cos \theta_{1} \sin \theta_{2}}{\sin \left(\theta_{1}+\theta_{2}\right) \cos \left(\theta_{1}-\theta_{2}\right)}=\frac{2 \cos 56.3^{\circ} \sin 33.7^{\circ}}{\cos \left(56.3^{\circ}-33.7^{\circ}\right)}=0.667
\end{gathered}
$$

Since the refracted light and incident light are in different media with different cross-sectional areas, the intensity transmittance and energy flow transmittance are not simply equal to the square of the amplitude transmittance. The intensity refers to the average energy flow density, which is the time average of the Poynting vector, given by

$$
\widetilde{S}=\frac{1}{2} \sqrt{\frac{\varepsilon_{0} \varepsilon_{\mathrm{r}}}{\mu_{0} \mu_{\mathrm{r}}}} E^{2}
$$

where $E$ is the amplitude of the electric vector. Since $\mu_{\mathrm{r}} \approx 1$, and the speed of light in vacuum $c=\frac{1}{\sqrt{\varepsilon_{0}} \mu_{0}}$, and the refractive index $n=\sqrt{\varepsilon_{\mathrm{r}} \mu_{\mathrm{r}}} \approx \sqrt{\varepsilon_{\mathrm{r}}}$, this can be rewritten as

$$
\bar{S}=\frac{1}{2 c \mu_{0}} n E^{2}
$$

Thus, the intensity is proportional to $n E^{2}$, and the intensity transmittance is

$$
T=\frac{\bar{S}_{2}}{\bar{S}_{1}}=\frac{n_{2}}{n_{1}} t^{2}
$$

The intensity transmittance for the $S$ and $P$ components is

$$
\begin{aligned}
& T_{S}=\frac{n_{2}}{n_{1}} t_{S}^{2}=n t_{S}^{2}=0.569 \\
& T_{P}=\frac{n_{2}}{n_{1}} t_{P}^{2}=n t_{P}^{2}=0.667
\end{aligned}
$$

The energy flow equals the intensity multiplied by the cross-sectional area of the beam, and the ratio of the cross-sectional areas of the refracted beam to the incident beam is $\frac{\cos \theta_{2}}{\cos \theta_{1}}$, so the energy flow transmittance is

$$
\bar{T}=\frac{\bar{S}_{2} \cos \theta_{2}}{\bar{S}_{1} \cos \theta_{1}}=\frac{n_{2} \cos \theta_{2}}{n_{1} \cos \theta_{1}} t^{2}=\frac{\cos \theta_{2}}{\cos \theta_{1}} T
$$

Substituting the values, the energy flow transmittance for the $S$ and $P$ components is

$$
\begin{gathered}
\bar{T}_{S}=\frac{\cos \theta_{2}}{\cos \theta_{1}} T_{S}=0.853 \\
\bar{T}_{P}=\frac{\cos \theta_{2}}{\cos \theta_{1}} T_{P}=1
\end{gathered}
$$

The fact that the energy flow transmittance $\bar{T}_{P}=1$ for the $P$ component is expected because, when light is incident at the Brewster's angle $\left(\theta_{1}=\theta_{B}\right)$, the reflected light does not contain any $P$ component, meaning the entire energy of the incident $P$ component is transmitted.",\boxed{12.7},NV,\text{mm},False,EN,Practical Application
5211,Electromagnetism,Wave Optics,Polarization,"Monochromatic natural light of intensity $I$ (wavelength $\lambda$) is perpendicularly incident on two orthogonal polarizers. If a crystal plate is inserted between the polarizers, with a thickness that causes a phase difference of one wavelength between the ordinary and extraordinary rays passing through the crystal plate, determine the intensity of light transmitted through the second polarizer.","Let $P_{1}$ and $P_{2}$ represent the two orthogonal polarizers. After passing through $P_{1}$, the incident light becomes linearly polarized light with an amplitude $A$, vibrating in the direction parallel to $P_{1}$. This linearly polarized light is decomposed at the surface of the crystal into mutually orthogonal extraordinary and ordinary rays with amplitudes $A_{\mathrm{e}}$ and $A_{o}$, respectively, as illustrated in the diagram.

$$
<image 1>
$$

\[ 
A_{\mathrm{e}} = A \cos \theta, \quad A_{\mathrm{o}} = A \sin \theta 
\]

After passing through the crystal plate, the phase difference between the ordinary and extraordinary rays is

\[ 
\Delta = \left(n_{\mathrm{e}} - n_{\mathrm{o}}\right) l 
\]

where $l$ is the thickness of the crystal plate. According to the problem's condition, $\Delta = \lambda$. Therefore, when the linearly polarized light exits the crystal, the phase difference between the ordinary and extraordinary rays is $2 \pi$, and their vibration directions remain unchanged. However, we must also consider the decomposition of the ordinary and extraordinary rays into component amplitudes $A_{2\mathrm{e}}$ and $A_{2\mathrm{o}}$ along the principal axis of $P_{2}$.

\[ 
\begin{aligned} 
& A_{2\mathrm{e}} = A_{\mathrm{e}} \sin \theta = A \cos \theta \sin \theta \\ 
& A_{2\mathrm{o}} = A_{\mathrm{o}} \cos \theta = A \cos \theta \sin \theta 
\end{aligned} 
\]

During this decomposition projection onto the direction of $P_{2}$, a phase difference of $\pi$ is introduced. As a result, $A_{2\mathrm{e}}$ and $A_{2\mathrm{o}}$ are two coherent light waves of the same frequency, equal amplitude, and a phase difference of $\pi$. Although their vibration directions are parallel to $P_{2}$, they cancel each other out due to interference. Thus, the intensity of light transmitted through $P_{2}$ is zero.",\boxed{0},NV,,False,EN,Laws Application
5212,Electromagnetism,Wave Optics,Polarization,"Ultraviolet light ( $\lambda = 2000 \, \text{}$ ) is shined on the surface of aluminum, whose work function $\Phi = 4.2 \, \text{eV}$ .  
Determine the energy of the fastest emitted photoelectrons.","Typically, when natural light is reflected at the interface of two media, the reflected light is partially polarized. However, when the angle of incidence satisfies

$$
\theta_{B}=\arctan \frac{n_{1}}{n_{0}}
$$

where $n_{0}$ and $n_{1}$ are the refractive indices of the incident medium and the refractive medium respectively, the reflected light is linearly polarized with vibrations perpendicular to the plane of incidence. This angle $\theta_{B}$ is called the Brewster's angle or the polarization angle.

The calculations for $r, R, \bar{R}$, and $t, T, \bar{T}$ for the $S$ and $P$ components are based on Fresnel's equations. Because the angle of incidence is Brewster's angle, the sum of the angle of incidence and the angle of refraction is $\frac{\pi}{2}$. Intensity refers to the average energy flow density, which is the time average of the Poynting vector, while energy flow equals the intensity multiplied by the cross-sectional area of the beam. The reflected light and incident light are in the same medium, with equal cross-sectional areas, while the refracted light and incident light are in different media, with different cross-sectional areas, which is noteworthy.

1. According to Fresnel's equations, the amplitude reflectance $r_{s}$ and amplitude transmittance $t_{s}$ for the $S$ component are

$$
\begin{gathered}
r_{s}=\frac{n_{1} \cos \theta_{1}-n_{2} \cos \theta_{2}}{n_{1} \cos \theta_{1}+n_{2} \cos \theta_{2}}=-\frac{\sin \left(\theta_{1}-\theta_{2}\right)}{\sin \left(\theta_{1}+\theta_{2}\right)} \\
t_{s}=\frac{2 n_{1} \cos \theta_{1}}{n_{1} \cos \theta_{1}+n_{2} \cos \theta_{2}}=\frac{2 \sin \theta_{2} \cos \theta_{1}}{\sin \left(\theta_{1}+\theta_{2}\right)}
\end{gathered}
$$

The amplitude reflectance $r_{P}$ and amplitude transmittance $t_{P}$ for the $P$ component are

$$
\begin{gathered}
r_{P}=\frac{n_{2} \cos \theta_{1}-n_{1} \cos \theta_{2}}{n_{2} \cos \theta_{1}+n_{1} \cos \theta_{2}}=\frac{\tan \left(\theta_{1}-\theta_{2}\right)}{\tan \left(\theta_{1}+\theta_{2}\right)} \\
t_{P}=\frac{2 n_{1} \cos \theta_{1}}{n_{2} \cos \theta_{1}+n_{1} \cos \theta_{2}}=\frac{2 \cos \theta_{1} \sin \theta_{2}}{\sin \left(\theta_{1}+\theta_{2}\right) \cos \left(\theta_{1}-\theta_{2}\right)}
\end{gathered}
$$

where $n_{1}=1$, $n_{2}=n=1.50$, $\theta_{1}$ is the angle of incidence, and $\theta_{2}$ is the angle of refraction. Since the angle of incidence is the Brewster's angle, we have

$$
\theta_{1}=\theta_{B}=\arctan n=\arctan 1.50=56.3^{\circ}
$$

Additionally,

$$
\theta_{1}+\theta_{2}=\frac{\pi}{2}
$$

Substituting into the formulas for $r_{s}$ and $r_{p}$, we obtain

$$
\begin{gathered}
r_{s}=-\frac{\sin \left(56.3^{\circ}-33.7^{\circ}\right)}{\sin \left(56.3^{\circ}+33.7^{\circ}\right)}=-0.384 \\
r_{p}=0
\end{gathered}
$$

Since the reflected light and incident light are in the same medium with equal cross-sectional areas, the intensity reflectance $R_{S}$ and $R_{P}$, as well as the energy flow reflectance $\bar{R}_{S}$ and $\bar{R}_{P}$ for the $S$ and $P$ components respectively, are

$$
\begin{aligned}
& R_{S}=\left|r_{S}\right|^{2}=0.148, \quad R_{P}=0 \\
& \bar{R}_{S}=\left|r_{S}\right|^{2}=0.148, \quad \bar{R}_{P}=0
\end{aligned}
$$

For the refracted light, substituting $\theta_{1}$ and $\theta_{2}$ into $t_{s}$ and $t_{P}$, we have

$$
\begin{gathered}
t_{s}=\frac{2 \sin \theta_{2} \cos \theta_{1}}{\sin \left(\theta_{1}+\theta_{2}\right)}=\frac{2 \sin 33.7^{\circ} \cos 56.3^{\circ}}{\sin \frac{\pi}{2}}=0.616 \\
t_{P}=\frac{2 \cos \theta_{1} \sin \theta_{2}}{\sin \left(\theta_{1}+\theta_{2}\right) \cos \left(\theta_{1}-\theta_{2}\right)}=\frac{2 \cos 56.3^{\circ} \sin 33.7^{\circ}}{\cos \left(56.3^{\circ}-33.7^{\circ}\right)}=0.667
\end{gathered}
$$

Since the refracted light and incident light are in different media with different cross-sectional areas, the intensity transmittance and energy flow transmittance are not simply equal to the square of the amplitude transmittance. The intensity refers to the average energy flow density, which is the time average of the Poynting vector, given by

$$
\widetilde{S}=\frac{1}{2} \sqrt{\frac{\varepsilon_{0} \varepsilon_{\mathrm{r}}}{\mu_{0} \mu_{\mathrm{r}}}} E^{2}
$$

where $E$ is the amplitude of the electric vector. Since $\mu_{\mathrm{r}} \approx 1$, and the speed of light in vacuum $c=\frac{1}{\sqrt{\varepsilon_{0}} \mu_{0}}$, and the refractive index $n=\sqrt{\varepsilon_{\mathrm{r}} \mu_{\mathrm{r}}} \approx \sqrt{\varepsilon_{\mathrm{r}}}$, this can be rewritten as

$$
\bar{S}=\frac{1}{2 c \mu_{0}} n E^{2}
$$

Thus, the intensity is proportional to $n E^{2}$, and the intensity transmittance is

$$
T=\frac{\bar{S}_{2}}{\bar{S}_{1}}=\frac{n_{2}}{n_{1}} t^{2}
$$

The intensity transmittance for the $S$ and $P$ components is

$$
\begin{aligned}
& T_{S}=\frac{n_{2}}{n_{1}} t_{S}^{2}=n t_{S}^{2}=0.569 \\
& T_{P}=\frac{n_{2}}{n_{1}} t_{P}^{2}=n t_{P}^{2}=0.667
\end{aligned}
$$

The energy flow equals the intensity multiplied by the cross-sectional area of the beam, and the ratio of the cross-sectional areas of the refracted beam to the incident beam is $\frac{\cos \theta_{2}}{\cos \theta_{1}}$, so the energy flow transmittance is

$$
\bar{T}=\frac{\bar{S}_{2} \cos \theta_{2}}{\bar{S}_{1} \cos \theta_{1}}=\frac{n_{2} \cos \theta_{2}}{n_{1} \cos \theta_{1}} t^{2}=\frac{\cos \theta_{2}}{\cos \theta_{1}} T
$$

Substituting the values, the energy flow transmittance for the $S$ and $P$ components is

$$
\begin{gathered}
\bar{T}_{S}=\frac{\cos \theta_{2}}{\cos \theta_{1}} T_{S}=0.853 \\
\bar{T}_{P}=\frac{\cos \theta_{2}}{\cos \theta_{1}} T_{P}=1
\end{gathered}
$$

The fact that the energy flow transmittance $\bar{T}_{P}=1$ for the $P$ component is expected because, when light is incident at the Brewster's angle $\left(\theta_{1}=\theta_{B}\right)$, the reflected light does not contain any $P$ component, meaning the entire energy of the incident $P$ component is transmitted.",\boxed{2.0},NV,\text{eV},False,EN,Laws Application
5213,Electromagnetism,Wave Optics,Polarization,"A Nicol prism is used to observe monochromatic partially polarized light. When the Nicol prism is rotated by $60^{\circ}$ from the position of maximum intensity, the intensity of the light is reduced by half. Based on this information, determine the degree of polarization of the incident monochromatic partially polarized light.","Since the incident light is partially polarized, when rotating the Nicol prism, the maximum intensity and minimum intensity can be observed, corresponding to the principal section $N$ of the Nicol prism being in two mutually perpendicular positions. The maximum and minimum intensities are denoted by $I_{\max}$ and $I_{\min}$, respectively.

When $N$ is rotated by an arbitrary angle $\alpha$ from the position of maximum intensity, the intensity observed at this position is

$$
I(\alpha) = I_{\max} \cos^2 \alpha + I_{\min} \sin^2 \alpha
$$

According to the problem, when $\alpha = 60^{\circ}$, we have

$$
I\left(\alpha = 60^{\circ} \right) = \frac{1}{4} I_{\max} + \frac{3}{4} I_{\min} = \frac{1}{2} I_{\max}
$$

Thus,

$$
I_{\max} = 3 I_{\min}
$$

According to the definition of the degree of polarization, the degree of polarization of the incident partially polarized light is

$$
P = \frac{I_{\max} - I_{\min}}{I_{\max} + I_{\min}} = \frac{1}{2} = 50\%
$$",\boxed{50},NV,\%,False,EN,Laws Application
5215,Electromagnetism,Wave Optics,Polarization,"A prism with an apex angle of $50^{\circ}$ is made from ADP (ammonium dihydrogen phosphate $\mathrm{NH}_{4} \mathrm{H}_{2} \mathrm{PO}_{4}$) crystal, with the optical axis perpendicular to the principal section of the prism. For the extraordinary ray (e-ray), $n_{\mathrm{e}}=1.4792$. Find the minimum deviation angle for the e-ray.","According to the problem statement, the e-ray propagates within the prism following the usual law of refraction. The condition for the minimum deviation angle is symmetric incidence and emergence of the light, as shown in the figure.

$$
i_{1}=i_{1}^{\prime}, \quad i_{2}=i_{2}^{\prime}=\frac{\alpha}{2}
$$

$$
<image 1>
$$

The incident and emerging angles of the e-ray, $i_{1}, i_{1}^{\prime}$, are given by

$$
\begin{aligned}
i_{1\mathrm{e}} & =\arcsin \left(n_{e} \sin \frac{\alpha}{2}\right)=\arcsin \left(1.4792 \times \sin 25^{\circ}\right) \\
& \approx 38.70^{\circ}
\end{aligned}
$$

The minimum deviation angle for the e-ray is

$$
\delta_{\mathrm{e}}=2 i_{1 \mathrm{e}}-\alpha \approx 27.40^{\circ}
$$",\boxed{27.40},NV,\mathrm{^\circ},False,EN,Practical Application
5216,Electromagnetism,Wave Optics,Polarization,"Insert a quartz optical rotation plate between two Nicol prisms to eliminate the yellow-green light ($\lambda=5500 \, \text{}$), which is the most sensitive to the eye. Assume the optical rotation rate for this wavelength is $24^{\circ} / \text{mm}$. Find the thickness of the plate when the principal sections of the two Nicol prisms are parallel.","Typically, when natural light is reflected at the interface of two media, the reflected light is partially polarized. However, when the angle of incidence satisfies

$$
\theta_{B}=\arctan \frac{n_{1}}{n_{0}}
$$

where $n_{0}$ and $n_{1}$ are the refractive indices of the incident medium and the refractive medium respectively, the reflected light is linearly polarized with vibrations perpendicular to the plane of incidence. This angle $\theta_{B}$ is called the Brewster's angle or the polarization angle.

The calculations for $r, R, \bar{R}$, and $t, T, \bar{T}$ for the $S$ and $P$ components are based on Fresnel's equations. Because the angle of incidence is Brewster's angle, the sum of the angle of incidence and the angle of refraction is $\frac{\pi}{2}$. Intensity refers to the average energy flow density, which is the time average of the Poynting vector, while energy flow equals the intensity multiplied by the cross-sectional area of the beam. The reflected light and incident light are in the same medium, with equal cross-sectional areas, while the refracted light and incident light are in different media, with different cross-sectional areas, which is noteworthy.

1. According to Fresnel's equations, the amplitude reflectance $r_{s}$ and amplitude transmittance $t_{s}$ for the $S$ component are

$$
\begin{gathered}
r_{s}=\frac{n_{1} \cos \theta_{1}-n_{2} \cos \theta_{2}}{n_{1} \cos \theta_{1}+n_{2} \cos \theta_{2}}=-\frac{\sin \left(\theta_{1}-\theta_{2}\right)}{\sin \left(\theta_{1}+\theta_{2}\right)} \\
t_{s}=\frac{2 n_{1} \cos \theta_{1}}{n_{1} \cos \theta_{1}+n_{2} \cos \theta_{2}}=\frac{2 \sin \theta_{2} \cos \theta_{1}}{\sin \left(\theta_{1}+\theta_{2}\right)}
\end{gathered}
$$

The amplitude reflectance $r_{P}$ and amplitude transmittance $t_{P}$ for the $P$ component are

$$
\begin{gathered}
r_{P}=\frac{n_{2} \cos \theta_{1}-n_{1} \cos \theta_{2}}{n_{2} \cos \theta_{1}+n_{1} \cos \theta_{2}}=\frac{\tan \left(\theta_{1}-\theta_{2}\right)}{\tan \left(\theta_{1}+\theta_{2}\right)} \\
t_{P}=\frac{2 n_{1} \cos \theta_{1}}{n_{2} \cos \theta_{1}+n_{1} \cos \theta_{2}}=\frac{2 \cos \theta_{1} \sin \theta_{2}}{\sin \left(\theta_{1}+\theta_{2}\right) \cos \left(\theta_{1}-\theta_{2}\right)}
\end{gathered}
$$

where $n_{1}=1$, $n_{2}=n=1.50$, $\theta_{1}$ is the angle of incidence, and $\theta_{2}$ is the angle of refraction. Since the angle of incidence is the Brewster's angle, we have

$$
\theta_{1}=\theta_{B}=\arctan n=\arctan 1.50=56.3^{\circ}
$$

Additionally,

$$
\theta_{1}+\theta_{2}=\frac{\pi}{2}
$$

Substituting into the formulas for $r_{s}$ and $r_{p}$, we obtain

$$
\begin{gathered}
r_{s}=-\frac{\sin \left(56.3^{\circ}-33.7^{\circ}\right)}{\sin \left(56.3^{\circ}+33.7^{\circ}\right)}=-0.384 \\
r_{p}=0
\end{gathered}
$$

Since the reflected light and incident light are in the same medium with equal cross-sectional areas, the intensity reflectance $R_{S}$ and $R_{P}$, as well as the energy flow reflectance $\bar{R}_{S}$ and $\bar{R}_{P}$ for the $S$ and $P$ components respectively, are

$$
\begin{aligned}
& R_{S}=\left|r_{S}\right|^{2}=0.148, \quad R_{P}=0 \\
& \bar{R}_{S}=\left|r_{S}\right|^{2}=0.148, \quad \bar{R}_{P}=0
\end{aligned}
$$

For the refracted light, substituting $\theta_{1}$ and $\theta_{2}$ into $t_{s}$ and $t_{P}$, we have

$$
\begin{gathered}
t_{s}=\frac{2 \sin \theta_{2} \cos \theta_{1}}{\sin \left(\theta_{1}+\theta_{2}\right)}=\frac{2 \sin 33.7^{\circ} \cos 56.3^{\circ}}{\sin \frac{\pi}{2}}=0.616 \\
t_{P}=\frac{2 \cos \theta_{1} \sin \theta_{2}}{\sin \left(\theta_{1}+\theta_{2}\right) \cos \left(\theta_{1}-\theta_{2}\right)}=\frac{2 \cos 56.3^{\circ} \sin 33.7^{\circ}}{\cos \left(56.3^{\circ}-33.7^{\circ}\right)}=0.667
\end{gathered}
$$

Since the refracted light and incident light are in different media with different cross-sectional areas, the intensity transmittance and energy flow transmittance are not simply equal to the square of the amplitude transmittance. The intensity refers to the average energy flow density, which is the time average of the Poynting vector, given by

$$
\widetilde{S}=\frac{1}{2} \sqrt{\frac{\varepsilon_{0} \varepsilon_{\mathrm{r}}}{\mu_{0} \mu_{\mathrm{r}}}} E^{2}
$$

where $E$ is the amplitude of the electric vector. Since $\mu_{\mathrm{r}} \approx 1$, and the speed of light in vacuum $c=\frac{1}{\sqrt{\varepsilon_{0}} \mu_{0}}$, and the refractive index $n=\sqrt{\varepsilon_{\mathrm{r}} \mu_{\mathrm{r}}} \approx \sqrt{\varepsilon_{\mathrm{r}}}$, this can be rewritten as

$$
\bar{S}=\frac{1}{2 c \mu_{0}} n E^{2}
$$

Thus, the intensity is proportional to $n E^{2}$, and the intensity transmittance is

$$
T=\frac{\bar{S}_{2}}{\bar{S}_{1}}=\frac{n_{2}}{n_{1}} t^{2}
$$

The intensity transmittance for the $S$ and $P$ components is

$$
\begin{aligned}
& T_{S}=\frac{n_{2}}{n_{1}} t_{S}^{2}=n t_{S}^{2}=0.569 \\
& T_{P}=\frac{n_{2}}{n_{1}} t_{P}^{2}=n t_{P}^{2}=0.667
\end{aligned}
$$

The energy flow equals the intensity multiplied by the cross-sectional area of the beam, and the ratio of the cross-sectional areas of the refracted beam to the incident beam is $\frac{\cos \theta_{2}}{\cos \theta_{1}}$, so the energy flow transmittance is

$$
\bar{T}=\frac{\bar{S}_{2} \cos \theta_{2}}{\bar{S}_{1} \cos \theta_{1}}=\frac{n_{2} \cos \theta_{2}}{n_{1} \cos \theta_{1}} t^{2}=\frac{\cos \theta_{2}}{\cos \theta_{1}} T
$$

Substituting the values, the energy flow transmittance for the $S$ and $P$ components is

$$
\begin{gathered}
\bar{T}_{S}=\frac{\cos \theta_{2}}{\cos \theta_{1}} T_{S}=0.853 \\
\bar{T}_{P}=\frac{\cos \theta_{2}}{\cos \theta_{1}} T_{P}=1
\end{gathered}
$$

The fact that the energy flow transmittance $\bar{T}_{P}=1$ for the $P$ component is expected because, when light is incident at the Brewster's angle $\left(\theta_{1}=\theta_{B}\right)$, the reflected light does not contain any $P$ component, meaning the entire energy of the incident $P$ component is transmitted.",\boxed{3.75},NV,\text{mm},False,EN,Math Derivation
5218,Electromagnetism,Wave Optics,Polarization,"A Fabry-Prot cavity has a length of 5 cm and is used in an experiment with an extended light source of wavelength $0.6 \, \mu\mathrm{m}$. Determine the order of the central interference.","Typically, when natural light is reflected at the interface of two media, the reflected light is partially polarized. However, when the angle of incidence satisfies

$$
\theta_{B}=\arctan \frac{n_{1}}{n_{0}}
$$

where $n_{0}$ and $n_{1}$ are the refractive indices of the incident medium and the refractive medium respectively, the reflected light is linearly polarized with vibrations perpendicular to the plane of incidence. This angle $\theta_{B}$ is called the Brewster's angle or the polarization angle.

The calculations for $r, R, \bar{R}$, and $t, T, \bar{T}$ for the $S$ and $P$ components are based on Fresnel's equations. Because the angle of incidence is Brewster's angle, the sum of the angle of incidence and the angle of refraction is $\frac{\pi}{2}$. Intensity refers to the average energy flow density, which is the time average of the Poynting vector, while energy flow equals the intensity multiplied by the cross-sectional area of the beam. The reflected light and incident light are in the same medium, with equal cross-sectional areas, while the refracted light and incident light are in different media, with different cross-sectional areas, which is noteworthy.

1. According to Fresnel's equations, the amplitude reflectance $r_{s}$ and amplitude transmittance $t_{s}$ for the $S$ component are

$$
\begin{gathered}
r_{s}=\frac{n_{1} \cos \theta_{1}-n_{2} \cos \theta_{2}}{n_{1} \cos \theta_{1}+n_{2} \cos \theta_{2}}=-\frac{\sin \left(\theta_{1}-\theta_{2}\right)}{\sin \left(\theta_{1}+\theta_{2}\right)} \\
t_{s}=\frac{2 n_{1} \cos \theta_{1}}{n_{1} \cos \theta_{1}+n_{2} \cos \theta_{2}}=\frac{2 \sin \theta_{2} \cos \theta_{1}}{\sin \left(\theta_{1}+\theta_{2}\right)}
\end{gathered}
$$

The amplitude reflectance $r_{P}$ and amplitude transmittance $t_{P}$ for the $P$ component are

$$
\begin{gathered}
r_{P}=\frac{n_{2} \cos \theta_{1}-n_{1} \cos \theta_{2}}{n_{2} \cos \theta_{1}+n_{1} \cos \theta_{2}}=\frac{\tan \left(\theta_{1}-\theta_{2}\right)}{\tan \left(\theta_{1}+\theta_{2}\right)} \\
t_{P}=\frac{2 n_{1} \cos \theta_{1}}{n_{2} \cos \theta_{1}+n_{1} \cos \theta_{2}}=\frac{2 \cos \theta_{1} \sin \theta_{2}}{\sin \left(\theta_{1}+\theta_{2}\right) \cos \left(\theta_{1}-\theta_{2}\right)}
\end{gathered}
$$

where $n_{1}=1$, $n_{2}=n=1.50$, $\theta_{1}$ is the angle of incidence, and $\theta_{2}$ is the angle of refraction. Since the angle of incidence is the Brewster's angle, we have

$$
\theta_{1}=\theta_{B}=\arctan n=\arctan 1.50=56.3^{\circ}
$$

Additionally,

$$
\theta_{1}+\theta_{2}=\frac{\pi}{2}
$$

Substituting into the formulas for $r_{s}$ and $r_{p}$, we obtain

$$
\begin{gathered}
r_{s}=-\frac{\sin \left(56.3^{\circ}-33.7^{\circ}\right)}{\sin \left(56.3^{\circ}+33.7^{\circ}\right)}=-0.384 \\
r_{p}=0
\end{gathered}
$$

Since the reflected light and incident light are in the same medium with equal cross-sectional areas, the intensity reflectance $R_{S}$ and $R_{P}$, as well as the energy flow reflectance $\bar{R}_{S}$ and $\bar{R}_{P}$ for the $S$ and $P$ components respectively, are

$$
\begin{aligned}
& R_{S}=\left|r_{S}\right|^{2}=0.148, \quad R_{P}=0 \\
& \bar{R}_{S}=\left|r_{S}\right|^{2}=0.148, \quad \bar{R}_{P}=0
\end{aligned}
$$

For the refracted light, substituting $\theta_{1}$ and $\theta_{2}$ into $t_{s}$ and $t_{P}$, we have

$$
\begin{gathered}
t_{s}=\frac{2 \sin \theta_{2} \cos \theta_{1}}{\sin \left(\theta_{1}+\theta_{2}\right)}=\frac{2 \sin 33.7^{\circ} \cos 56.3^{\circ}}{\sin \frac{\pi}{2}}=0.616 \\
t_{P}=\frac{2 \cos \theta_{1} \sin \theta_{2}}{\sin \left(\theta_{1}+\theta_{2}\right) \cos \left(\theta_{1}-\theta_{2}\right)}=\frac{2 \cos 56.3^{\circ} \sin 33.7^{\circ}}{\cos \left(56.3^{\circ}-33.7^{\circ}\right)}=0.667
\end{gathered}
$$

Since the refracted light and incident light are in different media with different cross-sectional areas, the intensity transmittance and energy flow transmittance are not simply equal to the square of the amplitude transmittance. The intensity refers to the average energy flow density, which is the time average of the Poynting vector, given by

$$
\widetilde{S}=\frac{1}{2} \sqrt{\frac{\varepsilon_{0} \varepsilon_{\mathrm{r}}}{\mu_{0} \mu_{\mathrm{r}}}} E^{2}
$$

where $E$ is the amplitude of the electric vector. Since $\mu_{\mathrm{r}} \approx 1$, and the speed of light in vacuum $c=\frac{1}{\sqrt{\varepsilon_{0}} \mu_{0}}$, and the refractive index $n=\sqrt{\varepsilon_{\mathrm{r}} \mu_{\mathrm{r}}} \approx \sqrt{\varepsilon_{\mathrm{r}}}$, this can be rewritten as

$$
\bar{S}=\frac{1}{2 c \mu_{0}} n E^{2}
$$

Thus, the intensity is proportional to $n E^{2}$, and the intensity transmittance is

$$
T=\frac{\bar{S}_{2}}{\bar{S}_{1}}=\frac{n_{2}}{n_{1}} t^{2}
$$

The intensity transmittance for the $S$ and $P$ components is

$$
\begin{aligned}
& T_{S}=\frac{n_{2}}{n_{1}} t_{S}^{2}=n t_{S}^{2}=0.569 \\
& T_{P}=\frac{n_{2}}{n_{1}} t_{P}^{2}=n t_{P}^{2}=0.667
\end{aligned}
$$

The energy flow equals the intensity multiplied by the cross-sectional area of the beam, and the ratio of the cross-sectional areas of the refracted beam to the incident beam is $\frac{\cos \theta_{2}}{\cos \theta_{1}}$, so the energy flow transmittance is

$$
\bar{T}=\frac{\bar{S}_{2} \cos \theta_{2}}{\bar{S}_{1} \cos \theta_{1}}=\frac{n_{2} \cos \theta_{2}}{n_{1} \cos \theta_{1}} t^{2}=\frac{\cos \theta_{2}}{\cos \theta_{1}} T
$$

Substituting the values, the energy flow transmittance for the $S$ and $P$ components is

$$
\begin{gathered}
\bar{T}_{S}=\frac{\cos \theta_{2}}{\cos \theta_{1}} T_{S}=0.853 \\
\bar{T}_{P}=\frac{\cos \theta_{2}}{\cos \theta_{1}} T_{P}=1
\end{gathered}
$$

The fact that the energy flow transmittance $\bar{T}_{P}=1$ for the $P$ component is expected because, when light is incident at the Brewster's angle $\left(\theta_{1}=\theta_{B}\right)$, the reflected light does not contain any $P$ component, meaning the entire energy of the incident $P$ component is transmitted.",\boxed{1.7 \times 10^{5}},NV,,False,EN,Laws Application
5221,Electromagnetism,Wave Optics,Diffraction,"Consider a cylindrical lens, one surface of which is a part of a cylinder and the other surface is flat, with the refractive index of the lens material being $n$. If this lens is a thin lens, what is the phase delay $\Phi(x_0, y_0)$ of a light wave passing through the point $(x_0, y_0)$ of the lens? Please verify that the phase delay of the cylindrical lens is approximately $\frac{2 \pi}{\lambda} \left( n d_0 - (n-1) \frac{x_0^2}{2 R_1} \right)$.","Assuming the cylindrical lens is a thin lens, the phase delay of a light wave passing through the point $(x_0, y_0)$ of the lens is

$$
\begin{aligned}
\Phi(x_0, y_0) & = \frac{2 \pi}{\lambda}\left\{ n d(x_0, y_0) + \left[d_0 - d(x_0, y_0) \right] \right\} \\
& = \frac{2 \pi}{\lambda}\left\{ d_0 + (n-1) \cdot d(x_0, y_0) \right\}
\end{aligned}
$$

$$
\begin{aligned}
& \approx \frac{2 \pi}{\lambda} \left( d_0 + (n-1)\left(d_0 - \frac{x_0^2}{2 R_1}\right) \right) \\
& = \frac{2 \pi}{\lambda} \left( n d_0 - (n-1) \frac{x_0^2}{2 R_1} \right)
\end{aligned}
$$",\boxed{\frac{2 \pi}{\lambda} \left( n d_0 - (n-1) \frac{x_0^2}{2 R_1} \right)},EX,,False,EN,Math Derivation
5222,Electromagnetism,Wave Optics,Polarization,"A transparent thin film with a refractive index of 1.30 is coated on the surface of glass, assuming the refractive index of the glass is 1.5. For violet light with a wavelength of \(4000 \, \text{}\) and red light with a wavelength of \(7000 \, \text{}\), what is the phase difference between the two beams of reflected coherent light caused by a film thickness of \(1058 \, \text{}\)? (Disregarding dispersion.)","Typically, when natural light is reflected at the interface of two media, the reflected light is partially polarized. However, when the angle of incidence satisfies

$$
\theta_{B}=\arctan \frac{n_{1}}{n_{0}}
$$

where $n_{0}$ and $n_{1}$ are the refractive indices of the incident medium and the refractive medium respectively, the reflected light is linearly polarized with vibrations perpendicular to the plane of incidence. This angle $\theta_{B}$ is called the Brewster's angle or the polarization angle.

The calculations for $r, R, \bar{R}$, and $t, T, \bar{T}$ for the $S$ and $P$ components are based on Fresnel's equations. Because the angle of incidence is Brewster's angle, the sum of the angle of incidence and the angle of refraction is $\frac{\pi}{2}$. Intensity refers to the average energy flow density, which is the time average of the Poynting vector, while energy flow equals the intensity multiplied by the cross-sectional area of the beam. The reflected light and incident light are in the same medium, with equal cross-sectional areas, while the refracted light and incident light are in different media, with different cross-sectional areas, which is noteworthy.

1. According to Fresnel's equations, the amplitude reflectance $r_{s}$ and amplitude transmittance $t_{s}$ for the $S$ component are

$$
\begin{gathered}
r_{s}=\frac{n_{1} \cos \theta_{1}-n_{2} \cos \theta_{2}}{n_{1} \cos \theta_{1}+n_{2} \cos \theta_{2}}=-\frac{\sin \left(\theta_{1}-\theta_{2}\right)}{\sin \left(\theta_{1}+\theta_{2}\right)} \\
t_{s}=\frac{2 n_{1} \cos \theta_{1}}{n_{1} \cos \theta_{1}+n_{2} \cos \theta_{2}}=\frac{2 \sin \theta_{2} \cos \theta_{1}}{\sin \left(\theta_{1}+\theta_{2}\right)}
\end{gathered}
$$

The amplitude reflectance $r_{P}$ and amplitude transmittance $t_{P}$ for the $P$ component are

$$
\begin{gathered}
r_{P}=\frac{n_{2} \cos \theta_{1}-n_{1} \cos \theta_{2}}{n_{2} \cos \theta_{1}+n_{1} \cos \theta_{2}}=\frac{\tan \left(\theta_{1}-\theta_{2}\right)}{\tan \left(\theta_{1}+\theta_{2}\right)} \\
t_{P}=\frac{2 n_{1} \cos \theta_{1}}{n_{2} \cos \theta_{1}+n_{1} \cos \theta_{2}}=\frac{2 \cos \theta_{1} \sin \theta_{2}}{\sin \left(\theta_{1}+\theta_{2}\right) \cos \left(\theta_{1}-\theta_{2}\right)}
\end{gathered}
$$

where $n_{1}=1$, $n_{2}=n=1.50$, $\theta_{1}$ is the angle of incidence, and $\theta_{2}$ is the angle of refraction. Since the angle of incidence is the Brewster's angle, we have

$$
\theta_{1}=\theta_{B}=\arctan n=\arctan 1.50=56.3^{\circ}
$$

Additionally,

$$
\theta_{1}+\theta_{2}=\frac{\pi}{2}
$$

Substituting into the formulas for $r_{s}$ and $r_{p}$, we obtain

$$
\begin{gathered}
r_{s}=-\frac{\sin \left(56.3^{\circ}-33.7^{\circ}\right)}{\sin \left(56.3^{\circ}+33.7^{\circ}\right)}=-0.384 \\
r_{p}=0
\end{gathered}
$$

Since the reflected light and incident light are in the same medium with equal cross-sectional areas, the intensity reflectance $R_{S}$ and $R_{P}$, as well as the energy flow reflectance $\bar{R}_{S}$ and $\bar{R}_{P}$ for the $S$ and $P$ components respectively, are

$$
\begin{aligned}
& R_{S}=\left|r_{S}\right|^{2}=0.148, \quad R_{P}=0 \\
& \bar{R}_{S}=\left|r_{S}\right|^{2}=0.148, \quad \bar{R}_{P}=0
\end{aligned}
$$

For the refracted light, substituting $\theta_{1}$ and $\theta_{2}$ into $t_{s}$ and $t_{P}$, we have

$$
\begin{gathered}
t_{s}=\frac{2 \sin \theta_{2} \cos \theta_{1}}{\sin \left(\theta_{1}+\theta_{2}\right)}=\frac{2 \sin 33.7^{\circ} \cos 56.3^{\circ}}{\sin \frac{\pi}{2}}=0.616 \\
t_{P}=\frac{2 \cos \theta_{1} \sin \theta_{2}}{\sin \left(\theta_{1}+\theta_{2}\right) \cos \left(\theta_{1}-\theta_{2}\right)}=\frac{2 \cos 56.3^{\circ} \sin 33.7^{\circ}}{\cos \left(56.3^{\circ}-33.7^{\circ}\right)}=0.667
\end{gathered}
$$

Since the refracted light and incident light are in different media with different cross-sectional areas, the intensity transmittance and energy flow transmittance are not simply equal to the square of the amplitude transmittance. The intensity refers to the average energy flow density, which is the time average of the Poynting vector, given by

$$
\widetilde{S}=\frac{1}{2} \sqrt{\frac{\varepsilon_{0} \varepsilon_{\mathrm{r}}}{\mu_{0} \mu_{\mathrm{r}}}} E^{2}
$$

where $E$ is the amplitude of the electric vector. Since $\mu_{\mathrm{r}} \approx 1$, and the speed of light in vacuum $c=\frac{1}{\sqrt{\varepsilon_{0}} \mu_{0}}$, and the refractive index $n=\sqrt{\varepsilon_{\mathrm{r}} \mu_{\mathrm{r}}} \approx \sqrt{\varepsilon_{\mathrm{r}}}$, this can be rewritten as

$$
\bar{S}=\frac{1}{2 c \mu_{0}} n E^{2}
$$

Thus, the intensity is proportional to $n E^{2}$, and the intensity transmittance is

$$
T=\frac{\bar{S}_{2}}{\bar{S}_{1}}=\frac{n_{2}}{n_{1}} t^{2}
$$

The intensity transmittance for the $S$ and $P$ components is

$$
\begin{aligned}
& T_{S}=\frac{n_{2}}{n_{1}} t_{S}^{2}=n t_{S}^{2}=0.569 \\
& T_{P}=\frac{n_{2}}{n_{1}} t_{P}^{2}=n t_{P}^{2}=0.667
\end{aligned}
$$

The energy flow equals the intensity multiplied by the cross-sectional area of the beam, and the ratio of the cross-sectional areas of the refracted beam to the incident beam is $\frac{\cos \theta_{2}}{\cos \theta_{1}}$, so the energy flow transmittance is

$$
\bar{T}=\frac{\bar{S}_{2} \cos \theta_{2}}{\bar{S}_{1} \cos \theta_{1}}=\frac{n_{2} \cos \theta_{2}}{n_{1} \cos \theta_{1}} t^{2}=\frac{\cos \theta_{2}}{\cos \theta_{1}} T
$$

Substituting the values, the energy flow transmittance for the $S$ and $P$ components is

$$
\begin{gathered}
\bar{T}_{S}=\frac{\cos \theta_{2}}{\cos \theta_{1}} T_{S}=0.853 \\
\bar{T}_{P}=\frac{\cos \theta_{2}}{\cos \theta_{1}} T_{P}=1
\end{gathered}
$$

The fact that the energy flow transmittance $\bar{T}_{P}=1$ for the $P$ component is expected because, when light is incident at the Brewster's angle $\left(\theta_{1}=\theta_{B}\right)$, the reflected light does not contain any $P$ component, meaning the entire energy of the incident $P$ component is transmitted.","\boxed{1.375\pi, 0.7857\pi}","NV, NV","None, None",True,EN,Laws Application
5225,Electromagnetism,Wave Optics,Polarization,"A calcite crystal plate with a thickness of $d = 0.025 \, \text{mm}$ has its optical axis parallel to the surface. It is placed between two polarizers, with the transmission axes of both polarizers parallel. When natural visible light (wavelength $400 \sim 700 \, \text{nm}$) is incident perpendicularly, which wavelengths are missing in the light transmitted through the second polarizer? Assume no dispersion during calculation, i.e., $n_{o} - n_{e} = 0.172$ is independent of wavelength.","When the transmission axes of the two polarizers are parallel, the phase difference is

$$
\Delta \varphi_2 = \frac{2 \pi}{\lambda} (n_{o} - n_{e}) d
$$

When

$$
\Delta \varphi_2 = (2k + 1) \pi
$$

light cannot pass through the second polarizer. The wavelengths that cannot pass should satisfy

$$
\frac{2(n_{o} - n_{e})}{\lambda} d = 2k + 1
$$

Similar to question 1, within the visible light range, the wavelengths missing in the transmitted light are

$$
\begin{array}{ll}
\text{When } k = 6, & \lambda = 6.6 \times 10^{2} \, \text{nm} \\
\text{When } k = 7, & \lambda = 5.7 \times 10^{2} \, \text{nm} \\
\text{When } k = 8, & \lambda = 5.1 \times 10^{2} \, \text{nm} \\
\text{When } k = 9, & \lambda = 4.5 \times 10^{2} \, \text{nm} \\
\text{When } k = 10, & \lambda = 4.1 \times 10^{2} \, \text{nm}
\end{array}
$$","\boxed{660, 570, 510, 450, 410}",NV,"nm, nm, nm, nm, nm",True,EN,Laws Application
5226,Electromagnetism,Wave Optics,Interference,"(2) Determine the maximum penetration depth of radar into underground objects, given the earth's conductivity $\sigma = 1.0 \mathrm{mS/m}$, and the medium's relative permittivity $\varepsilon_{\mathrm{r}} = 9$. It is known that $\mu_{0} = 4 \pi \times 10^{-7} \mathrm{H/m}$ and $\varepsilon_{0} = 8.85 \times 10^{-12} \mathrm{~F/m}$.","\[
E = E_{0} e^{-\alpha z} \cos(\omega t - \beta z)
\]

At the surface, $z=0, E=E_{0}$, the detection depth limit is $z_{\max}$, thus

\[
E(z_{\max}) = E_{0} e^{-\alpha z_{\max}} = \frac{1}{\mathrm{e}} E_{0}
\]

which gives

\[
z_{\max} = \frac{1}{\alpha}
\]

Substituting into equation (2), we have

\[
z_{\max} = \left(\frac{2}{\sigma}\right)\left(\frac{\varepsilon}{\mu}\right)^{\frac{1}{2}}
\]

Substituting the relevant data gives

\[
z_{\max} = \frac{5.31 \sqrt{9}}{1.0} = 16(\mathrm{~m})
\]",\boxed{16},NV,,False,EN,Practical Application
5227,Electromagnetism,Wave Optics,Diffraction,"Given a water surface wave with a phase velocity $v_{p}=\sqrt{\frac{\lambda}{2 \pi}\left(g+\frac{4 \pi^{2} T}{\lambda^{2} \rho}\right)}$, where $g$ is the acceleration due to gravity, $T$ is the surface tension, and $\rho$ is the liquid density, find the group velocity.","For the water surface wave

$$
\begin{aligned}
\frac{\mathrm{d} v_{p}}{\mathrm{d} \lambda} & =\frac{\mathrm{d}}{\mathrm{d} \lambda} \sqrt{\frac{\lambda}{2 \pi}\left(g+\frac{4 \pi^{2} T}{\lambda^{2} \rho}\right)} \\
& =\frac{1}{2 \sqrt{\frac{\lambda}{2 \pi}\left(g+\frac{4 \pi^{2} T}{\lambda^{2} \rho}\right)}}\left(\frac{g}{2 \pi}-\frac{2 \pi T}{\lambda^{2} \rho}\right)
\end{aligned}
$$

Group velocity

$$
\begin{aligned}
v_{g} & =v_{p}-\lambda \frac{\mathrm{d} v_{p}}{\mathrm{d} \lambda} \\
& =\sqrt{\frac{\lambda}{2 \pi}\left(g+\frac{4 \pi^{2} T}{\lambda^{2} \rho}\right)}-\frac{1}{2 \sqrt{\frac{\lambda}{2 \pi}\left(g+\frac{4 \pi^{2} T}{\lambda^{2} \rho}\right)}}\left(\frac{g \lambda}{2 \pi}-\frac{2 \pi T}{\lambda \rho}\right) \\
& =\frac{\frac{\lambda}{2 \pi}\left(g+3 \frac{4 \pi^{2} T}{\lambda^{2} \rho}\right)}{2 \sqrt{\frac{\lambda}{2 \pi}\left(g+\frac{4 \pi^{2} T}{\lambda^{2} \rho}\right)}}
\end{aligned}
$$",\boxed{v_{g} = \frac{\frac{\lambda}{2 \pi}\left(g+3 \frac{4 \pi^{2} T}{\lambda^{2} \rho}\right)}{2 \sqrt{\frac{\lambda}{2 \pi}\left(g+\frac{4 \pi^{2} T}{\lambda^{2} \rho}\right)}}},EQ,,False,EN,Math Derivation
5228,Electromagnetism,Wave Optics,Polarization,"In the case of receiving 5 blue-green light photons (\(\lambda=4861 \, \text{}\)) every \(\frac{1}{25}\) seconds, what is the power of this light needed to create continuous vision in the eyes?","Typically, when natural light is reflected at the interface of two media, the reflected light is partially polarized. However, when the angle of incidence satisfies

$$
\theta_{B}=\arctan \frac{n_{1}}{n_{0}}
$$

where $n_{0}$ and $n_{1}$ are the refractive indices of the incident medium and the refractive medium respectively, the reflected light is linearly polarized with vibrations perpendicular to the plane of incidence. This angle $\theta_{B}$ is called the Brewster's angle or the polarization angle.

The calculations for $r, R, \bar{R}$, and $t, T, \bar{T}$ for the $S$ and $P$ components are based on Fresnel's equations. Because the angle of incidence is Brewster's angle, the sum of the angle of incidence and the angle of refraction is $\frac{\pi}{2}$. Intensity refers to the average energy flow density, which is the time average of the Poynting vector, while energy flow equals the intensity multiplied by the cross-sectional area of the beam. The reflected light and incident light are in the same medium, with equal cross-sectional areas, while the refracted light and incident light are in different media, with different cross-sectional areas, which is noteworthy.

1. According to Fresnel's equations, the amplitude reflectance $r_{s}$ and amplitude transmittance $t_{s}$ for the $S$ component are

$$
\begin{gathered}
r_{s}=\frac{n_{1} \cos \theta_{1}-n_{2} \cos \theta_{2}}{n_{1} \cos \theta_{1}+n_{2} \cos \theta_{2}}=-\frac{\sin \left(\theta_{1}-\theta_{2}\right)}{\sin \left(\theta_{1}+\theta_{2}\right)} \\
t_{s}=\frac{2 n_{1} \cos \theta_{1}}{n_{1} \cos \theta_{1}+n_{2} \cos \theta_{2}}=\frac{2 \sin \theta_{2} \cos \theta_{1}}{\sin \left(\theta_{1}+\theta_{2}\right)}
\end{gathered}
$$

The amplitude reflectance $r_{P}$ and amplitude transmittance $t_{P}$ for the $P$ component are

$$
\begin{gathered}
r_{P}=\frac{n_{2} \cos \theta_{1}-n_{1} \cos \theta_{2}}{n_{2} \cos \theta_{1}+n_{1} \cos \theta_{2}}=\frac{\tan \left(\theta_{1}-\theta_{2}\right)}{\tan \left(\theta_{1}+\theta_{2}\right)} \\
t_{P}=\frac{2 n_{1} \cos \theta_{1}}{n_{2} \cos \theta_{1}+n_{1} \cos \theta_{2}}=\frac{2 \cos \theta_{1} \sin \theta_{2}}{\sin \left(\theta_{1}+\theta_{2}\right) \cos \left(\theta_{1}-\theta_{2}\right)}
\end{gathered}
$$

where $n_{1}=1$, $n_{2}=n=1.50$, $\theta_{1}$ is the angle of incidence, and $\theta_{2}$ is the angle of refraction. Since the angle of incidence is the Brewster's angle, we have

$$
\theta_{1}=\theta_{B}=\arctan n=\arctan 1.50=56.3^{\circ}
$$

Additionally,

$$
\theta_{1}+\theta_{2}=\frac{\pi}{2}
$$

Substituting into the formulas for $r_{s}$ and $r_{p}$, we obtain

$$
\begin{gathered}
r_{s}=-\frac{\sin \left(56.3^{\circ}-33.7^{\circ}\right)}{\sin \left(56.3^{\circ}+33.7^{\circ}\right)}=-0.384 \\
r_{p}=0
\end{gathered}
$$

Since the reflected light and incident light are in the same medium with equal cross-sectional areas, the intensity reflectance $R_{S}$ and $R_{P}$, as well as the energy flow reflectance $\bar{R}_{S}$ and $\bar{R}_{P}$ for the $S$ and $P$ components respectively, are

$$
\begin{aligned}
& R_{S}=\left|r_{S}\right|^{2}=0.148, \quad R_{P}=0 \\
& \bar{R}_{S}=\left|r_{S}\right|^{2}=0.148, \quad \bar{R}_{P}=0
\end{aligned}
$$

For the refracted light, substituting $\theta_{1}$ and $\theta_{2}$ into $t_{s}$ and $t_{P}$, we have

$$
\begin{gathered}
t_{s}=\frac{2 \sin \theta_{2} \cos \theta_{1}}{\sin \left(\theta_{1}+\theta_{2}\right)}=\frac{2 \sin 33.7^{\circ} \cos 56.3^{\circ}}{\sin \frac{\pi}{2}}=0.616 \\
t_{P}=\frac{2 \cos \theta_{1} \sin \theta_{2}}{\sin \left(\theta_{1}+\theta_{2}\right) \cos \left(\theta_{1}-\theta_{2}\right)}=\frac{2 \cos 56.3^{\circ} \sin 33.7^{\circ}}{\cos \left(56.3^{\circ}-33.7^{\circ}\right)}=0.667
\end{gathered}
$$

Since the refracted light and incident light are in different media with different cross-sectional areas, the intensity transmittance and energy flow transmittance are not simply equal to the square of the amplitude transmittance. The intensity refers to the average energy flow density, which is the time average of the Poynting vector, given by

$$
\widetilde{S}=\frac{1}{2} \sqrt{\frac{\varepsilon_{0} \varepsilon_{\mathrm{r}}}{\mu_{0} \mu_{\mathrm{r}}}} E^{2}
$$

where $E$ is the amplitude of the electric vector. Since $\mu_{\mathrm{r}} \approx 1$, and the speed of light in vacuum $c=\frac{1}{\sqrt{\varepsilon_{0}} \mu_{0}}$, and the refractive index $n=\sqrt{\varepsilon_{\mathrm{r}} \mu_{\mathrm{r}}} \approx \sqrt{\varepsilon_{\mathrm{r}}}$, this can be rewritten as

$$
\bar{S}=\frac{1}{2 c \mu_{0}} n E^{2}
$$

Thus, the intensity is proportional to $n E^{2}$, and the intensity transmittance is

$$
T=\frac{\bar{S}_{2}}{\bar{S}_{1}}=\frac{n_{2}}{n_{1}} t^{2}
$$

The intensity transmittance for the $S$ and $P$ components is

$$
\begin{aligned}
& T_{S}=\frac{n_{2}}{n_{1}} t_{S}^{2}=n t_{S}^{2}=0.569 \\
& T_{P}=\frac{n_{2}}{n_{1}} t_{P}^{2}=n t_{P}^{2}=0.667
\end{aligned}
$$

The energy flow equals the intensity multiplied by the cross-sectional area of the beam, and the ratio of the cross-sectional areas of the refracted beam to the incident beam is $\frac{\cos \theta_{2}}{\cos \theta_{1}}$, so the energy flow transmittance is

$$
\bar{T}=\frac{\bar{S}_{2} \cos \theta_{2}}{\bar{S}_{1} \cos \theta_{1}}=\frac{n_{2} \cos \theta_{2}}{n_{1} \cos \theta_{1}} t^{2}=\frac{\cos \theta_{2}}{\cos \theta_{1}} T
$$

Substituting the values, the energy flow transmittance for the $S$ and $P$ components is

$$
\begin{gathered}
\bar{T}_{S}=\frac{\cos \theta_{2}}{\cos \theta_{1}} T_{S}=0.853 \\
\bar{T}_{P}=\frac{\cos \theta_{2}}{\cos \theta_{1}} T_{P}=1
\end{gathered}
$$

The fact that the energy flow transmittance $\bar{T}_{P}=1$ for the $P$ component is expected because, when light is incident at the Brewster's angle $\left(\theta_{1}=\theta_{B}\right)$, the reflected light does not contain any $P$ component, meaning the entire energy of the incident $P$ component is transmitted.",\boxed{5.0 \times 10^{-17}},NV,\text{W},False,EN,Laws Application
5229,Electromagnetism,Wave Optics,Interference,"Under normal incidence of white light, when observed in the direction perpendicular to a medium film, the wavelength for constructive interference maxima is \(0.6 \, \mu \mathrm{m}\), and the wavelength for destructive interference minima is \(0.45 \, \mu \mathrm{m}\). Given that the refractive index of the medium is 1.5, and no minima appear between \(0.5 \sim 0.7 \, \mu \mathrm{m}\), find the film thickness that satisfies the condition for destructive interference.","Let the wavelength for destructive interference minima be \(\lambda_{2}\). The following equation holds:

Minima:
$$
2 n h = m_{2} \lambda_{2}
$$

For \(m_2 = 0, 1, 2, 3, 4, 5, 6, 7, \cdots\), substitute \(\lambda_{2} = 0.45 \, \mu \mathrm{m}\):

$$
\frac{m_2}{2} \times 0.45 = 0, 0.225, 0.45, 0.675, 0.90, 1.125, 1.35, 1.575, 1.8, \cdots
$$

Additionally, when \(m_{2} = 10\), we have:
$$
n h = \frac{10}{2} \times 0.45 = 2.25 \, (\mu \mathrm{m})
$$

Considering the extra constraint that there are no interference minima between \(0.5 \sim 0.7 \, \mu \mathrm{m}\), corresponding to \(h = \frac{2.25}{1.5} = 1.5 \, (\mu \mathrm{m})\),

In this case, the wavelength for destructive interference is:
$$
\lambda = \frac{2 n h}{m_{2}} = \frac{2 \times 1.5 \times 1.5}{m_{2}} \, (\mu \mathrm{m})
$$

Checking \(m_{2} = 7, 8, 9\), we get \(\lambda_{2}\) as \(0.64, 0.56\), and \(0.50 \, \mu \mathrm{m}\) respectively. These wavelengths all fall within the \(0.5 \sim 0.7 \, \mu \mathrm{m}\) range, contradicting the problem statement.

Therefore, the only solution without contradiction satisfies \(h = 0.3 \, \mu \mathrm{m}\).",\boxed{h = 0.3},NV,\mu \mathrm{m},False,EN,Laws Application
5230,Electromagnetism,Wave Optics,Interference,"A gallium arsenide light-emitting diode is shaped into a hemisphere to increase the external output power from the light-emitting region located at the center of the sphere and to reduce reflection losses. It is known that the wavelength of light emitted by gallium arsenide is $9300 \AA$, and its refractive index is 3.4. To further increase the output light power, multiple layers of anti-reflection coating are typically applied to the spherical surface. Can magnesium fluoride (with a refractive index of 1.38) be used for anti-reflection? What is the light intensity reflectance?","If the requirement is just to enhance transparency, even if it is not to completely eliminate reflection, the optical thickness of the film layers should be $nh=(2k+1)\lambda/4$, and they should be low refractive layers, meaning $n_{1}<n<n_{2}$. Therefore, choosing magnesium fluoride with a refractive index of $n=1.38$ as the coating layer can enhance transparency. By using the two-beam interference approximation to calculate the reflected light intensity $I$, assuming the amplitude of the incident light is $A_{0}$, then the amplitude of light reflected once at interface $A$ is $A_{1}=A_{0}r_{A}$, and the amplitude of the transmitted light reflected back at interface $B$ is $A_{2}=A_{0}t_{A}r_{B}t_{A}^{\prime}$. Under normal incidence conditions,

$$
\begin{aligned}
r_{A} &= \frac{n_{2}-n}{n_{2}+n} = \frac{3.4-1.38}{3.4+1.38} \approx 42.3\% \\
r_{B} &= \frac{n-n_{1}}{n+n_{1}} = \frac{1.38-1.0}{1.38+1.0} \approx 16.0\% \\
t_{A} t_{A}^{\prime} &= \left(1-r_{A}^{2}\right) \approx 82.1\%
\end{aligned}
$$

Considering that the phase difference between the two above-mentioned light beams is $\pi$, the light intensity reflected by the film layer is

$$
I=\left(A_{1}-A_{2}\right)^{2}=\left[r_{A}-r_{B}\left(1-r_{A}^{2}\right)\right]^{2}A_{0}^{2}
$$

The light intensity reflectance is

$$
R=\frac{I}{I_{0}}=\left[r_{A}-r_{B}\left(1-r_{A}^{2}\right)\right]^{2} \approx 8.5\%
$$","\boxed{Yes, 8.5}","TF, NV","\text{None}, \%",True,EN,Practical Application
5231,Electromagnetism,Wave Optics,Polarization,"A beam of white light is incident normally on a grating with 600 lines per millimeter. Calculate the diffraction angle of the first-order visible spectrum's upper end. The wavelength range of white light is given as \(\lambda_{m}=4000 \, \text{}, \lambda_{M}=7600 \, \text{}\).","Typically, when natural light is reflected at the interface of two media, the reflected light is partially polarized. However, when the angle of incidence satisfies

$$
\theta_{B}=\arctan \frac{n_{1}}{n_{0}}
$$

where $n_{0}$ and $n_{1}$ are the refractive indices of the incident medium and the refractive medium respectively, the reflected light is linearly polarized with vibrations perpendicular to the plane of incidence. This angle $\theta_{B}$ is called the Brewster's angle or the polarization angle.

The calculations for $r, R, \bar{R}$, and $t, T, \bar{T}$ for the $S$ and $P$ components are based on Fresnel's equations. Because the angle of incidence is Brewster's angle, the sum of the angle of incidence and the angle of refraction is $\frac{\pi}{2}$. Intensity refers to the average energy flow density, which is the time average of the Poynting vector, while energy flow equals the intensity multiplied by the cross-sectional area of the beam. The reflected light and incident light are in the same medium, with equal cross-sectional areas, while the refracted light and incident light are in different media, with different cross-sectional areas, which is noteworthy.

1. According to Fresnel's equations, the amplitude reflectance $r_{s}$ and amplitude transmittance $t_{s}$ for the $S$ component are

$$
\begin{gathered}
r_{s}=\frac{n_{1} \cos \theta_{1}-n_{2} \cos \theta_{2}}{n_{1} \cos \theta_{1}+n_{2} \cos \theta_{2}}=-\frac{\sin \left(\theta_{1}-\theta_{2}\right)}{\sin \left(\theta_{1}+\theta_{2}\right)} \\
t_{s}=\frac{2 n_{1} \cos \theta_{1}}{n_{1} \cos \theta_{1}+n_{2} \cos \theta_{2}}=\frac{2 \sin \theta_{2} \cos \theta_{1}}{\sin \left(\theta_{1}+\theta_{2}\right)}
\end{gathered}
$$

The amplitude reflectance $r_{P}$ and amplitude transmittance $t_{P}$ for the $P$ component are

$$
\begin{gathered}
r_{P}=\frac{n_{2} \cos \theta_{1}-n_{1} \cos \theta_{2}}{n_{2} \cos \theta_{1}+n_{1} \cos \theta_{2}}=\frac{\tan \left(\theta_{1}-\theta_{2}\right)}{\tan \left(\theta_{1}+\theta_{2}\right)} \\
t_{P}=\frac{2 n_{1} \cos \theta_{1}}{n_{2} \cos \theta_{1}+n_{1} \cos \theta_{2}}=\frac{2 \cos \theta_{1} \sin \theta_{2}}{\sin \left(\theta_{1}+\theta_{2}\right) \cos \left(\theta_{1}-\theta_{2}\right)}
\end{gathered}
$$

where $n_{1}=1$, $n_{2}=n=1.50$, $\theta_{1}$ is the angle of incidence, and $\theta_{2}$ is the angle of refraction. Since the angle of incidence is the Brewster's angle, we have

$$
\theta_{1}=\theta_{B}=\arctan n=\arctan 1.50=56.3^{\circ}
$$

Additionally,

$$
\theta_{1}+\theta_{2}=\frac{\pi}{2}
$$

Substituting into the formulas for $r_{s}$ and $r_{p}$, we obtain

$$
\begin{gathered}
r_{s}=-\frac{\sin \left(56.3^{\circ}-33.7^{\circ}\right)}{\sin \left(56.3^{\circ}+33.7^{\circ}\right)}=-0.384 \\
r_{p}=0
\end{gathered}
$$

Since the reflected light and incident light are in the same medium with equal cross-sectional areas, the intensity reflectance $R_{S}$ and $R_{P}$, as well as the energy flow reflectance $\bar{R}_{S}$ and $\bar{R}_{P}$ for the $S$ and $P$ components respectively, are

$$
\begin{aligned}
& R_{S}=\left|r_{S}\right|^{2}=0.148, \quad R_{P}=0 \\
& \bar{R}_{S}=\left|r_{S}\right|^{2}=0.148, \quad \bar{R}_{P}=0
\end{aligned}
$$

For the refracted light, substituting $\theta_{1}$ and $\theta_{2}$ into $t_{s}$ and $t_{P}$, we have

$$
\begin{gathered}
t_{s}=\frac{2 \sin \theta_{2} \cos \theta_{1}}{\sin \left(\theta_{1}+\theta_{2}\right)}=\frac{2 \sin 33.7^{\circ} \cos 56.3^{\circ}}{\sin \frac{\pi}{2}}=0.616 \\
t_{P}=\frac{2 \cos \theta_{1} \sin \theta_{2}}{\sin \left(\theta_{1}+\theta_{2}\right) \cos \left(\theta_{1}-\theta_{2}\right)}=\frac{2 \cos 56.3^{\circ} \sin 33.7^{\circ}}{\cos \left(56.3^{\circ}-33.7^{\circ}\right)}=0.667
\end{gathered}
$$

Since the refracted light and incident light are in different media with different cross-sectional areas, the intensity transmittance and energy flow transmittance are not simply equal to the square of the amplitude transmittance. The intensity refers to the average energy flow density, which is the time average of the Poynting vector, given by

$$
\widetilde{S}=\frac{1}{2} \sqrt{\frac{\varepsilon_{0} \varepsilon_{\mathrm{r}}}{\mu_{0} \mu_{\mathrm{r}}}} E^{2}
$$

where $E$ is the amplitude of the electric vector. Since $\mu_{\mathrm{r}} \approx 1$, and the speed of light in vacuum $c=\frac{1}{\sqrt{\varepsilon_{0}} \mu_{0}}$, and the refractive index $n=\sqrt{\varepsilon_{\mathrm{r}} \mu_{\mathrm{r}}} \approx \sqrt{\varepsilon_{\mathrm{r}}}$, this can be rewritten as

$$
\bar{S}=\frac{1}{2 c \mu_{0}} n E^{2}
$$

Thus, the intensity is proportional to $n E^{2}$, and the intensity transmittance is

$$
T=\frac{\bar{S}_{2}}{\bar{S}_{1}}=\frac{n_{2}}{n_{1}} t^{2}
$$

The intensity transmittance for the $S$ and $P$ components is

$$
\begin{aligned}
& T_{S}=\frac{n_{2}}{n_{1}} t_{S}^{2}=n t_{S}^{2}=0.569 \\
& T_{P}=\frac{n_{2}}{n_{1}} t_{P}^{2}=n t_{P}^{2}=0.667
\end{aligned}
$$

The energy flow equals the intensity multiplied by the cross-sectional area of the beam, and the ratio of the cross-sectional areas of the refracted beam to the incident beam is $\frac{\cos \theta_{2}}{\cos \theta_{1}}$, so the energy flow transmittance is

$$
\bar{T}=\frac{\bar{S}_{2} \cos \theta_{2}}{\bar{S}_{1} \cos \theta_{1}}=\frac{n_{2} \cos \theta_{2}}{n_{1} \cos \theta_{1}} t^{2}=\frac{\cos \theta_{2}}{\cos \theta_{1}} T
$$

Substituting the values, the energy flow transmittance for the $S$ and $P$ components is

$$
\begin{gathered}
\bar{T}_{S}=\frac{\cos \theta_{2}}{\cos \theta_{1}} T_{S}=0.853 \\
\bar{T}_{P}=\frac{\cos \theta_{2}}{\cos \theta_{1}} T_{P}=1
\end{gathered}
$$

The fact that the energy flow transmittance $\bar{T}_{P}=1$ for the $P$ component is expected because, when light is incident at the Brewster's angle $\left(\theta_{1}=\theta_{B}\right)$, the reflected light does not contain any $P$ component, meaning the entire energy of the incident $P$ component is transmitted.",\boxed{27^\circ 8'},NV,,False,EN,Laws Application
5232,Electromagnetism,Wave Optics,Polarization,"A prism with an angle of $50^{\circ}$ made from glass with $A=1.53974$ and $B=4.6528 \times 10^{5} \, \text{}^2$ is used. Calculate the refractive index and the derivative of the refractive index with respect to wavelength when light with a wavelength of $5500 \, \text{}$ is incident at the minimum angle of deviation.","Typically, when natural light is reflected at the interface of two media, the reflected light is partially polarized. However, when the angle of incidence satisfies

$$
\theta_{B}=\arctan \frac{n_{1}}{n_{0}}
$$

where $n_{0}$ and $n_{1}$ are the refractive indices of the incident medium and the refractive medium respectively, the reflected light is linearly polarized with vibrations perpendicular to the plane of incidence. This angle $\theta_{B}$ is called the Brewster's angle or the polarization angle.

The calculations for $r, R, \bar{R}$, and $t, T, \bar{T}$ for the $S$ and $P$ components are based on Fresnel's equations. Because the angle of incidence is Brewster's angle, the sum of the angle of incidence and the angle of refraction is $\frac{\pi}{2}$. Intensity refers to the average energy flow density, which is the time average of the Poynting vector, while energy flow equals the intensity multiplied by the cross-sectional area of the beam. The reflected light and incident light are in the same medium, with equal cross-sectional areas, while the refracted light and incident light are in different media, with different cross-sectional areas, which is noteworthy.

1. According to Fresnel's equations, the amplitude reflectance $r_{s}$ and amplitude transmittance $t_{s}$ for the $S$ component are

$$
\begin{gathered}
r_{s}=\frac{n_{1} \cos \theta_{1}-n_{2} \cos \theta_{2}}{n_{1} \cos \theta_{1}+n_{2} \cos \theta_{2}}=-\frac{\sin \left(\theta_{1}-\theta_{2}\right)}{\sin \left(\theta_{1}+\theta_{2}\right)} \\
t_{s}=\frac{2 n_{1} \cos \theta_{1}}{n_{1} \cos \theta_{1}+n_{2} \cos \theta_{2}}=\frac{2 \sin \theta_{2} \cos \theta_{1}}{\sin \left(\theta_{1}+\theta_{2}\right)}
\end{gathered}
$$

The amplitude reflectance $r_{P}$ and amplitude transmittance $t_{P}$ for the $P$ component are

$$
\begin{gathered}
r_{P}=\frac{n_{2} \cos \theta_{1}-n_{1} \cos \theta_{2}}{n_{2} \cos \theta_{1}+n_{1} \cos \theta_{2}}=\frac{\tan \left(\theta_{1}-\theta_{2}\right)}{\tan \left(\theta_{1}+\theta_{2}\right)} \\
t_{P}=\frac{2 n_{1} \cos \theta_{1}}{n_{2} \cos \theta_{1}+n_{1} \cos \theta_{2}}=\frac{2 \cos \theta_{1} \sin \theta_{2}}{\sin \left(\theta_{1}+\theta_{2}\right) \cos \left(\theta_{1}-\theta_{2}\right)}
\end{gathered}
$$

where $n_{1}=1$, $n_{2}=n=1.50$, $\theta_{1}$ is the angle of incidence, and $\theta_{2}$ is the angle of refraction. Since the angle of incidence is the Brewster's angle, we have

$$
\theta_{1}=\theta_{B}=\arctan n=\arctan 1.50=56.3^{\circ}
$$

Additionally,

$$
\theta_{1}+\theta_{2}=\frac{\pi}{2}
$$

Substituting into the formulas for $r_{s}$ and $r_{p}$, we obtain

$$
\begin{gathered}
r_{s}=-\frac{\sin \left(56.3^{\circ}-33.7^{\circ}\right)}{\sin \left(56.3^{\circ}+33.7^{\circ}\right)}=-0.384 \\
r_{p}=0
\end{gathered}
$$

Since the reflected light and incident light are in the same medium with equal cross-sectional areas, the intensity reflectance $R_{S}$ and $R_{P}$, as well as the energy flow reflectance $\bar{R}_{S}$ and $\bar{R}_{P}$ for the $S$ and $P$ components respectively, are

$$
\begin{aligned}
& R_{S}=\left|r_{S}\right|^{2}=0.148, \quad R_{P}=0 \\
& \bar{R}_{S}=\left|r_{S}\right|^{2}=0.148, \quad \bar{R}_{P}=0
\end{aligned}
$$

For the refracted light, substituting $\theta_{1}$ and $\theta_{2}$ into $t_{s}$ and $t_{P}$, we have

$$
\begin{gathered}
t_{s}=\frac{2 \sin \theta_{2} \cos \theta_{1}}{\sin \left(\theta_{1}+\theta_{2}\right)}=\frac{2 \sin 33.7^{\circ} \cos 56.3^{\circ}}{\sin \frac{\pi}{2}}=0.616 \\
t_{P}=\frac{2 \cos \theta_{1} \sin \theta_{2}}{\sin \left(\theta_{1}+\theta_{2}\right) \cos \left(\theta_{1}-\theta_{2}\right)}=\frac{2 \cos 56.3^{\circ} \sin 33.7^{\circ}}{\cos \left(56.3^{\circ}-33.7^{\circ}\right)}=0.667
\end{gathered}
$$

Since the refracted light and incident light are in different media with different cross-sectional areas, the intensity transmittance and energy flow transmittance are not simply equal to the square of the amplitude transmittance. The intensity refers to the average energy flow density, which is the time average of the Poynting vector, given by

$$
\widetilde{S}=\frac{1}{2} \sqrt{\frac{\varepsilon_{0} \varepsilon_{\mathrm{r}}}{\mu_{0} \mu_{\mathrm{r}}}} E^{2}
$$

where $E$ is the amplitude of the electric vector. Since $\mu_{\mathrm{r}} \approx 1$, and the speed of light in vacuum $c=\frac{1}{\sqrt{\varepsilon_{0}} \mu_{0}}$, and the refractive index $n=\sqrt{\varepsilon_{\mathrm{r}} \mu_{\mathrm{r}}} \approx \sqrt{\varepsilon_{\mathrm{r}}}$, this can be rewritten as

$$
\bar{S}=\frac{1}{2 c \mu_{0}} n E^{2}
$$

Thus, the intensity is proportional to $n E^{2}$, and the intensity transmittance is

$$
T=\frac{\bar{S}_{2}}{\bar{S}_{1}}=\frac{n_{2}}{n_{1}} t^{2}
$$

The intensity transmittance for the $S$ and $P$ components is

$$
\begin{aligned}
& T_{S}=\frac{n_{2}}{n_{1}} t_{S}^{2}=n t_{S}^{2}=0.569 \\
& T_{P}=\frac{n_{2}}{n_{1}} t_{P}^{2}=n t_{P}^{2}=0.667
\end{aligned}
$$

The energy flow equals the intensity multiplied by the cross-sectional area of the beam, and the ratio of the cross-sectional areas of the refracted beam to the incident beam is $\frac{\cos \theta_{2}}{\cos \theta_{1}}$, so the energy flow transmittance is

$$
\bar{T}=\frac{\bar{S}_{2} \cos \theta_{2}}{\bar{S}_{1} \cos \theta_{1}}=\frac{n_{2} \cos \theta_{2}}{n_{1} \cos \theta_{1}} t^{2}=\frac{\cos \theta_{2}}{\cos \theta_{1}} T
$$

Substituting the values, the energy flow transmittance for the $S$ and $P$ components is

$$
\begin{gathered}
\bar{T}_{S}=\frac{\cos \theta_{2}}{\cos \theta_{1}} T_{S}=0.853 \\
\bar{T}_{P}=\frac{\cos \theta_{2}}{\cos \theta_{1}} T_{P}=1
\end{gathered}
$$

The fact that the energy flow transmittance $\bar{T}_{P}=1$ for the $P$ component is expected because, when light is incident at the Brewster's angle $\left(\theta_{1}=\theta_{B}\right)$, the reflected light does not contain any $P$ component, meaning the entire energy of the incident $P$ component is transmitted.","\boxed{1.5551, -5.5931 \times 10^{-5}}",NV,"None, \text{}^{-1}",True,EN,Practical Application
5233,Electromagnetism,Wave Optics,Polarization,"A crystal plate is inserted between two orthogonal Nicol prisms \( N_{1} \) and \( N_{2} \). The principal section \( zz' \) of the crystal makes an angle \( \theta=15^{\circ} \) with the first Nicol prism \( N_{1} \). The refractive indices of the crystal for the o-ray and e-ray for light with wavelength \( \lambda \) are \( n_{o} \) and \( n_{e} \), respectively. If the light intensity through the second Nicol prism is maximized, calculate the minimum thickness of the crystal plate. Given \(\lambda=0.600 \, \mu\mathrm{m}, n_{o}=1.543, n_{e}=1.552\).","The total phase difference between the o-ray and e-ray is

\[
\delta = \frac{2 \pi l}{\lambda} \left(n_{e} - n_{o}\right) + \pi
\]

According to the problem, the intensity of light through \( N_{2} \) is maximized when \( \delta = 2 k \pi \). For the minimum thickness, \( l \) should satisfy

\[
\begin{aligned}
\frac{2 \pi l}{\lambda} \left(n_{e} - n_{o}\right) + \pi = 2 \pi \\
l = \frac{\lambda}{2(n_{e} - n_{o})}
\end{aligned}
\]

Substituting the given data, we find \( l = 33.3 \, \mu \mathrm{m} \).",\boxed{33.3},NV,\mu \mathrm{m},False,EN,Practical Application
5234,Electromagnetism,Wave Optics,Polarization,"In a Michelson interferometer, one of the arms (mirror) is uniformly shifted with velocity \( v \). A lens is used to converge the interference fringes onto a photoelectric element, converting light intensity variations into electrical signals. Assume the electrical signal \( i \) responds linearly to light intensity \( I \), with a zero background. The electrical signal is represented by the spectrum line as

\[ 
i(t) = i_{0} + i_{1} \cos \omega_{1} t + i_{2} \cos \omega_{2} t 
\]

If the incident light is chosen to be the yellow doublet of the mercury spectrum at wavelengths \( 5770 \, \text{}, 5791 \, \text{} \), and the velocity of the moving arm is \( 4 \, \mu\mathrm{m/s} \), find the beat frequency of the electrical signal. How many oscillations are contained within one cycle of the low-frequency envelope?","Typically, when natural light is reflected at the interface of two media, the reflected light is partially polarized. However, when the angle of incidence satisfies

$$
\theta_{B}=\arctan \frac{n_{1}}{n_{0}}
$$

where $n_{0}$ and $n_{1}$ are the refractive indices of the incident medium and the refractive medium respectively, the reflected light is linearly polarized with vibrations perpendicular to the plane of incidence. This angle $\theta_{B}$ is called the Brewster's angle or the polarization angle.

The calculations for $r, R, \bar{R}$, and $t, T, \bar{T}$ for the $S$ and $P$ components are based on Fresnel's equations. Because the angle of incidence is Brewster's angle, the sum of the angle of incidence and the angle of refraction is $\frac{\pi}{2}$. Intensity refers to the average energy flow density, which is the time average of the Poynting vector, while energy flow equals the intensity multiplied by the cross-sectional area of the beam. The reflected light and incident light are in the same medium, with equal cross-sectional areas, while the refracted light and incident light are in different media, with different cross-sectional areas, which is noteworthy.

1. According to Fresnel's equations, the amplitude reflectance $r_{s}$ and amplitude transmittance $t_{s}$ for the $S$ component are

$$
\begin{gathered}
r_{s}=\frac{n_{1} \cos \theta_{1}-n_{2} \cos \theta_{2}}{n_{1} \cos \theta_{1}+n_{2} \cos \theta_{2}}=-\frac{\sin \left(\theta_{1}-\theta_{2}\right)}{\sin \left(\theta_{1}+\theta_{2}\right)} \\
t_{s}=\frac{2 n_{1} \cos \theta_{1}}{n_{1} \cos \theta_{1}+n_{2} \cos \theta_{2}}=\frac{2 \sin \theta_{2} \cos \theta_{1}}{\sin \left(\theta_{1}+\theta_{2}\right)}
\end{gathered}
$$

The amplitude reflectance $r_{P}$ and amplitude transmittance $t_{P}$ for the $P$ component are

$$
\begin{gathered}
r_{P}=\frac{n_{2} \cos \theta_{1}-n_{1} \cos \theta_{2}}{n_{2} \cos \theta_{1}+n_{1} \cos \theta_{2}}=\frac{\tan \left(\theta_{1}-\theta_{2}\right)}{\tan \left(\theta_{1}+\theta_{2}\right)} \\
t_{P}=\frac{2 n_{1} \cos \theta_{1}}{n_{2} \cos \theta_{1}+n_{1} \cos \theta_{2}}=\frac{2 \cos \theta_{1} \sin \theta_{2}}{\sin \left(\theta_{1}+\theta_{2}\right) \cos \left(\theta_{1}-\theta_{2}\right)}
\end{gathered}
$$

where $n_{1}=1$, $n_{2}=n=1.50$, $\theta_{1}$ is the angle of incidence, and $\theta_{2}$ is the angle of refraction. Since the angle of incidence is the Brewster's angle, we have

$$
\theta_{1}=\theta_{B}=\arctan n=\arctan 1.50=56.3^{\circ}
$$

Additionally,

$$
\theta_{1}+\theta_{2}=\frac{\pi}{2}
$$

Substituting into the formulas for $r_{s}$ and $r_{p}$, we obtain

$$
\begin{gathered}
r_{s}=-\frac{\sin \left(56.3^{\circ}-33.7^{\circ}\right)}{\sin \left(56.3^{\circ}+33.7^{\circ}\right)}=-0.384 \\
r_{p}=0
\end{gathered}
$$

Since the reflected light and incident light are in the same medium with equal cross-sectional areas, the intensity reflectance $R_{S}$ and $R_{P}$, as well as the energy flow reflectance $\bar{R}_{S}$ and $\bar{R}_{P}$ for the $S$ and $P$ components respectively, are

$$
\begin{aligned}
& R_{S}=\left|r_{S}\right|^{2}=0.148, \quad R_{P}=0 \\
& \bar{R}_{S}=\left|r_{S}\right|^{2}=0.148, \quad \bar{R}_{P}=0
\end{aligned}
$$

For the refracted light, substituting $\theta_{1}$ and $\theta_{2}$ into $t_{s}$ and $t_{P}$, we have

$$
\begin{gathered}
t_{s}=\frac{2 \sin \theta_{2} \cos \theta_{1}}{\sin \left(\theta_{1}+\theta_{2}\right)}=\frac{2 \sin 33.7^{\circ} \cos 56.3^{\circ}}{\sin \frac{\pi}{2}}=0.616 \\
t_{P}=\frac{2 \cos \theta_{1} \sin \theta_{2}}{\sin \left(\theta_{1}+\theta_{2}\right) \cos \left(\theta_{1}-\theta_{2}\right)}=\frac{2 \cos 56.3^{\circ} \sin 33.7^{\circ}}{\cos \left(56.3^{\circ}-33.7^{\circ}\right)}=0.667
\end{gathered}
$$

Since the refracted light and incident light are in different media with different cross-sectional areas, the intensity transmittance and energy flow transmittance are not simply equal to the square of the amplitude transmittance. The intensity refers to the average energy flow density, which is the time average of the Poynting vector, given by

$$
\widetilde{S}=\frac{1}{2} \sqrt{\frac{\varepsilon_{0} \varepsilon_{\mathrm{r}}}{\mu_{0} \mu_{\mathrm{r}}}} E^{2}
$$

where $E$ is the amplitude of the electric vector. Since $\mu_{\mathrm{r}} \approx 1$, and the speed of light in vacuum $c=\frac{1}{\sqrt{\varepsilon_{0}} \mu_{0}}$, and the refractive index $n=\sqrt{\varepsilon_{\mathrm{r}} \mu_{\mathrm{r}}} \approx \sqrt{\varepsilon_{\mathrm{r}}}$, this can be rewritten as

$$
\bar{S}=\frac{1}{2 c \mu_{0}} n E^{2}
$$

Thus, the intensity is proportional to $n E^{2}$, and the intensity transmittance is

$$
T=\frac{\bar{S}_{2}}{\bar{S}_{1}}=\frac{n_{2}}{n_{1}} t^{2}
$$

The intensity transmittance for the $S$ and $P$ components is

$$
\begin{aligned}
& T_{S}=\frac{n_{2}}{n_{1}} t_{S}^{2}=n t_{S}^{2}=0.569 \\
& T_{P}=\frac{n_{2}}{n_{1}} t_{P}^{2}=n t_{P}^{2}=0.667
\end{aligned}
$$

The energy flow equals the intensity multiplied by the cross-sectional area of the beam, and the ratio of the cross-sectional areas of the refracted beam to the incident beam is $\frac{\cos \theta_{2}}{\cos \theta_{1}}$, so the energy flow transmittance is

$$
\bar{T}=\frac{\bar{S}_{2} \cos \theta_{2}}{\bar{S}_{1} \cos \theta_{1}}=\frac{n_{2} \cos \theta_{2}}{n_{1} \cos \theta_{1}} t^{2}=\frac{\cos \theta_{2}}{\cos \theta_{1}} T
$$

Substituting the values, the energy flow transmittance for the $S$ and $P$ components is

$$
\begin{gathered}
\bar{T}_{S}=\frac{\cos \theta_{2}}{\cos \theta_{1}} T_{S}=0.853 \\
\bar{T}_{P}=\frac{\cos \theta_{2}}{\cos \theta_{1}} T_{P}=1
\end{gathered}
$$

The fact that the energy flow transmittance $\bar{T}_{P}=1$ for the $P$ component is expected because, when light is incident at the Brewster's angle $\left(\theta_{1}=\theta_{B}\right)$, the reflected light does not contain any $P$ component, meaning the entire energy of the incident $P$ component is transmitted.","\boxed{0.05, 277}","NV, NV","\mathrm{Hz}, None",True,EN,Math Derivation
5235,Electromagnetism,Wave Optics,Polarization,"Given a monochromatic light beam with a wavelength of \(\lambda = 4800 \, \text{} \) passing through an area of \(1 \, \text{cm}^{2}\) with a radiant flux of 20 W. Find the number of photons per cubic millimeter within the light beam.","Typically, when natural light is reflected at the interface of two media, the reflected light is partially polarized. However, when the angle of incidence satisfies

$$
\theta_{B}=\arctan \frac{n_{1}}{n_{0}}
$$

where $n_{0}$ and $n_{1}$ are the refractive indices of the incident medium and the refractive medium respectively, the reflected light is linearly polarized with vibrations perpendicular to the plane of incidence. This angle $\theta_{B}$ is called the Brewster's angle or the polarization angle.

The calculations for $r, R, \bar{R}$, and $t, T, \bar{T}$ for the $S$ and $P$ components are based on Fresnel's equations. Because the angle of incidence is Brewster's angle, the sum of the angle of incidence and the angle of refraction is $\frac{\pi}{2}$. Intensity refers to the average energy flow density, which is the time average of the Poynting vector, while energy flow equals the intensity multiplied by the cross-sectional area of the beam. The reflected light and incident light are in the same medium, with equal cross-sectional areas, while the refracted light and incident light are in different media, with different cross-sectional areas, which is noteworthy.

1. According to Fresnel's equations, the amplitude reflectance $r_{s}$ and amplitude transmittance $t_{s}$ for the $S$ component are

$$
\begin{gathered}
r_{s}=\frac{n_{1} \cos \theta_{1}-n_{2} \cos \theta_{2}}{n_{1} \cos \theta_{1}+n_{2} \cos \theta_{2}}=-\frac{\sin \left(\theta_{1}-\theta_{2}\right)}{\sin \left(\theta_{1}+\theta_{2}\right)} \\
t_{s}=\frac{2 n_{1} \cos \theta_{1}}{n_{1} \cos \theta_{1}+n_{2} \cos \theta_{2}}=\frac{2 \sin \theta_{2} \cos \theta_{1}}{\sin \left(\theta_{1}+\theta_{2}\right)}
\end{gathered}
$$

The amplitude reflectance $r_{P}$ and amplitude transmittance $t_{P}$ for the $P$ component are

$$
\begin{gathered}
r_{P}=\frac{n_{2} \cos \theta_{1}-n_{1} \cos \theta_{2}}{n_{2} \cos \theta_{1}+n_{1} \cos \theta_{2}}=\frac{\tan \left(\theta_{1}-\theta_{2}\right)}{\tan \left(\theta_{1}+\theta_{2}\right)} \\
t_{P}=\frac{2 n_{1} \cos \theta_{1}}{n_{2} \cos \theta_{1}+n_{1} \cos \theta_{2}}=\frac{2 \cos \theta_{1} \sin \theta_{2}}{\sin \left(\theta_{1}+\theta_{2}\right) \cos \left(\theta_{1}-\theta_{2}\right)}
\end{gathered}
$$

where $n_{1}=1$, $n_{2}=n=1.50$, $\theta_{1}$ is the angle of incidence, and $\theta_{2}$ is the angle of refraction. Since the angle of incidence is the Brewster's angle, we have

$$
\theta_{1}=\theta_{B}=\arctan n=\arctan 1.50=56.3^{\circ}
$$

Additionally,

$$
\theta_{1}+\theta_{2}=\frac{\pi}{2}
$$

Substituting into the formulas for $r_{s}$ and $r_{p}$, we obtain

$$
\begin{gathered}
r_{s}=-\frac{\sin \left(56.3^{\circ}-33.7^{\circ}\right)}{\sin \left(56.3^{\circ}+33.7^{\circ}\right)}=-0.384 \\
r_{p}=0
\end{gathered}
$$

Since the reflected light and incident light are in the same medium with equal cross-sectional areas, the intensity reflectance $R_{S}$ and $R_{P}$, as well as the energy flow reflectance $\bar{R}_{S}$ and $\bar{R}_{P}$ for the $S$ and $P$ components respectively, are

$$
\begin{aligned}
& R_{S}=\left|r_{S}\right|^{2}=0.148, \quad R_{P}=0 \\
& \bar{R}_{S}=\left|r_{S}\right|^{2}=0.148, \quad \bar{R}_{P}=0
\end{aligned}
$$

For the refracted light, substituting $\theta_{1}$ and $\theta_{2}$ into $t_{s}$ and $t_{P}$, we have

$$
\begin{gathered}
t_{s}=\frac{2 \sin \theta_{2} \cos \theta_{1}}{\sin \left(\theta_{1}+\theta_{2}\right)}=\frac{2 \sin 33.7^{\circ} \cos 56.3^{\circ}}{\sin \frac{\pi}{2}}=0.616 \\
t_{P}=\frac{2 \cos \theta_{1} \sin \theta_{2}}{\sin \left(\theta_{1}+\theta_{2}\right) \cos \left(\theta_{1}-\theta_{2}\right)}=\frac{2 \cos 56.3^{\circ} \sin 33.7^{\circ}}{\cos \left(56.3^{\circ}-33.7^{\circ}\right)}=0.667
\end{gathered}
$$

Since the refracted light and incident light are in different media with different cross-sectional areas, the intensity transmittance and energy flow transmittance are not simply equal to the square of the amplitude transmittance. The intensity refers to the average energy flow density, which is the time average of the Poynting vector, given by

$$
\widetilde{S}=\frac{1}{2} \sqrt{\frac{\varepsilon_{0} \varepsilon_{\mathrm{r}}}{\mu_{0} \mu_{\mathrm{r}}}} E^{2}
$$

where $E$ is the amplitude of the electric vector. Since $\mu_{\mathrm{r}} \approx 1$, and the speed of light in vacuum $c=\frac{1}{\sqrt{\varepsilon_{0}} \mu_{0}}$, and the refractive index $n=\sqrt{\varepsilon_{\mathrm{r}} \mu_{\mathrm{r}}} \approx \sqrt{\varepsilon_{\mathrm{r}}}$, this can be rewritten as

$$
\bar{S}=\frac{1}{2 c \mu_{0}} n E^{2}
$$

Thus, the intensity is proportional to $n E^{2}$, and the intensity transmittance is

$$
T=\frac{\bar{S}_{2}}{\bar{S}_{1}}=\frac{n_{2}}{n_{1}} t^{2}
$$

The intensity transmittance for the $S$ and $P$ components is

$$
\begin{aligned}
& T_{S}=\frac{n_{2}}{n_{1}} t_{S}^{2}=n t_{S}^{2}=0.569 \\
& T_{P}=\frac{n_{2}}{n_{1}} t_{P}^{2}=n t_{P}^{2}=0.667
\end{aligned}
$$

The energy flow equals the intensity multiplied by the cross-sectional area of the beam, and the ratio of the cross-sectional areas of the refracted beam to the incident beam is $\frac{\cos \theta_{2}}{\cos \theta_{1}}$, so the energy flow transmittance is

$$
\bar{T}=\frac{\bar{S}_{2} \cos \theta_{2}}{\bar{S}_{1} \cos \theta_{1}}=\frac{n_{2} \cos \theta_{2}}{n_{1} \cos \theta_{1}} t^{2}=\frac{\cos \theta_{2}}{\cos \theta_{1}} T
$$

Substituting the values, the energy flow transmittance for the $S$ and $P$ components is

$$
\begin{gathered}
\bar{T}_{S}=\frac{\cos \theta_{2}}{\cos \theta_{1}} T_{S}=0.853 \\
\bar{T}_{P}=\frac{\cos \theta_{2}}{\cos \theta_{1}} T_{P}=1
\end{gathered}
$$

The fact that the energy flow transmittance $\bar{T}_{P}=1$ for the $P$ component is expected because, when light is incident at the Brewster's angle $\left(\theta_{1}=\theta_{B}\right)$, the reflected light does not contain any $P$ component, meaning the entire energy of the incident $P$ component is transmitted.",\boxed{1.61 \times 10^{6}},NV,\text{mm}^{-3},False,EN,Laws Application
5236,Electromagnetism,Wave Optics,Polarization,"A prism with an angle of $50^{\circ}$ is made from glass with $A=1.53974$ and $B=4.6528 \times 10^{5} \, \text{}^2$. When incident light of $5500 \, \text{}$ is at the minimum angle of deviation, determine the angular dispersion in radians/angstrom using the known refractive index and its derivative.","Typically, when natural light is reflected at the interface of two media, the reflected light is partially polarized. However, when the angle of incidence satisfies

$$
\theta_{B}=\arctan \frac{n_{1}}{n_{0}}
$$

where $n_{0}$ and $n_{1}$ are the refractive indices of the incident medium and the refractive medium respectively, the reflected light is linearly polarized with vibrations perpendicular to the plane of incidence. This angle $\theta_{B}$ is called the Brewster's angle or the polarization angle.

The calculations for $r, R, \bar{R}$, and $t, T, \bar{T}$ for the $S$ and $P$ components are based on Fresnel's equations. Because the angle of incidence is Brewster's angle, the sum of the angle of incidence and the angle of refraction is $\frac{\pi}{2}$. Intensity refers to the average energy flow density, which is the time average of the Poynting vector, while energy flow equals the intensity multiplied by the cross-sectional area of the beam. The reflected light and incident light are in the same medium, with equal cross-sectional areas, while the refracted light and incident light are in different media, with different cross-sectional areas, which is noteworthy.

1. According to Fresnel's equations, the amplitude reflectance $r_{s}$ and amplitude transmittance $t_{s}$ for the $S$ component are

$$
\begin{gathered}
r_{s}=\frac{n_{1} \cos \theta_{1}-n_{2} \cos \theta_{2}}{n_{1} \cos \theta_{1}+n_{2} \cos \theta_{2}}=-\frac{\sin \left(\theta_{1}-\theta_{2}\right)}{\sin \left(\theta_{1}+\theta_{2}\right)} \\
t_{s}=\frac{2 n_{1} \cos \theta_{1}}{n_{1} \cos \theta_{1}+n_{2} \cos \theta_{2}}=\frac{2 \sin \theta_{2} \cos \theta_{1}}{\sin \left(\theta_{1}+\theta_{2}\right)}
\end{gathered}
$$

The amplitude reflectance $r_{P}$ and amplitude transmittance $t_{P}$ for the $P$ component are

$$
\begin{gathered}
r_{P}=\frac{n_{2} \cos \theta_{1}-n_{1} \cos \theta_{2}}{n_{2} \cos \theta_{1}+n_{1} \cos \theta_{2}}=\frac{\tan \left(\theta_{1}-\theta_{2}\right)}{\tan \left(\theta_{1}+\theta_{2}\right)} \\
t_{P}=\frac{2 n_{1} \cos \theta_{1}}{n_{2} \cos \theta_{1}+n_{1} \cos \theta_{2}}=\frac{2 \cos \theta_{1} \sin \theta_{2}}{\sin \left(\theta_{1}+\theta_{2}\right) \cos \left(\theta_{1}-\theta_{2}\right)}
\end{gathered}
$$

where $n_{1}=1$, $n_{2}=n=1.50$, $\theta_{1}$ is the angle of incidence, and $\theta_{2}$ is the angle of refraction. Since the angle of incidence is the Brewster's angle, we have

$$
\theta_{1}=\theta_{B}=\arctan n=\arctan 1.50=56.3^{\circ}
$$

Additionally,

$$
\theta_{1}+\theta_{2}=\frac{\pi}{2}
$$

Substituting into the formulas for $r_{s}$ and $r_{p}$, we obtain

$$
\begin{gathered}
r_{s}=-\frac{\sin \left(56.3^{\circ}-33.7^{\circ}\right)}{\sin \left(56.3^{\circ}+33.7^{\circ}\right)}=-0.384 \\
r_{p}=0
\end{gathered}
$$

Since the reflected light and incident light are in the same medium with equal cross-sectional areas, the intensity reflectance $R_{S}$ and $R_{P}$, as well as the energy flow reflectance $\bar{R}_{S}$ and $\bar{R}_{P}$ for the $S$ and $P$ components respectively, are

$$
\begin{aligned}
& R_{S}=\left|r_{S}\right|^{2}=0.148, \quad R_{P}=0 \\
& \bar{R}_{S}=\left|r_{S}\right|^{2}=0.148, \quad \bar{R}_{P}=0
\end{aligned}
$$

For the refracted light, substituting $\theta_{1}$ and $\theta_{2}$ into $t_{s}$ and $t_{P}$, we have

$$
\begin{gathered}
t_{s}=\frac{2 \sin \theta_{2} \cos \theta_{1}}{\sin \left(\theta_{1}+\theta_{2}\right)}=\frac{2 \sin 33.7^{\circ} \cos 56.3^{\circ}}{\sin \frac{\pi}{2}}=0.616 \\
t_{P}=\frac{2 \cos \theta_{1} \sin \theta_{2}}{\sin \left(\theta_{1}+\theta_{2}\right) \cos \left(\theta_{1}-\theta_{2}\right)}=\frac{2 \cos 56.3^{\circ} \sin 33.7^{\circ}}{\cos \left(56.3^{\circ}-33.7^{\circ}\right)}=0.667
\end{gathered}
$$

Since the refracted light and incident light are in different media with different cross-sectional areas, the intensity transmittance and energy flow transmittance are not simply equal to the square of the amplitude transmittance. The intensity refers to the average energy flow density, which is the time average of the Poynting vector, given by

$$
\widetilde{S}=\frac{1}{2} \sqrt{\frac{\varepsilon_{0} \varepsilon_{\mathrm{r}}}{\mu_{0} \mu_{\mathrm{r}}}} E^{2}
$$

where $E$ is the amplitude of the electric vector. Since $\mu_{\mathrm{r}} \approx 1$, and the speed of light in vacuum $c=\frac{1}{\sqrt{\varepsilon_{0}} \mu_{0}}$, and the refractive index $n=\sqrt{\varepsilon_{\mathrm{r}} \mu_{\mathrm{r}}} \approx \sqrt{\varepsilon_{\mathrm{r}}}$, this can be rewritten as

$$
\bar{S}=\frac{1}{2 c \mu_{0}} n E^{2}
$$

Thus, the intensity is proportional to $n E^{2}$, and the intensity transmittance is

$$
T=\frac{\bar{S}_{2}}{\bar{S}_{1}}=\frac{n_{2}}{n_{1}} t^{2}
$$

The intensity transmittance for the $S$ and $P$ components is

$$
\begin{aligned}
& T_{S}=\frac{n_{2}}{n_{1}} t_{S}^{2}=n t_{S}^{2}=0.569 \\
& T_{P}=\frac{n_{2}}{n_{1}} t_{P}^{2}=n t_{P}^{2}=0.667
\end{aligned}
$$

The energy flow equals the intensity multiplied by the cross-sectional area of the beam, and the ratio of the cross-sectional areas of the refracted beam to the incident beam is $\frac{\cos \theta_{2}}{\cos \theta_{1}}$, so the energy flow transmittance is

$$
\bar{T}=\frac{\bar{S}_{2} \cos \theta_{2}}{\bar{S}_{1} \cos \theta_{1}}=\frac{n_{2} \cos \theta_{2}}{n_{1} \cos \theta_{1}} t^{2}=\frac{\cos \theta_{2}}{\cos \theta_{1}} T
$$

Substituting the values, the energy flow transmittance for the $S$ and $P$ components is

$$
\begin{gathered}
\bar{T}_{S}=\frac{\cos \theta_{2}}{\cos \theta_{1}} T_{S}=0.853 \\
\bar{T}_{P}=\frac{\cos \theta_{2}}{\cos \theta_{1}} T_{P}=1
\end{gathered}
$$

The fact that the energy flow transmittance $\bar{T}_{P}=1$ for the $P$ component is expected because, when light is incident at the Brewster's angle $\left(\theta_{1}=\theta_{B}\right)$, the reflected light does not contain any $P$ component, meaning the entire energy of the incident $P$ component is transmitted.",\boxed{-6.2724 \times 10^{-6}},NV,\text{rad} / \text{},False,EN,Laws Application
5238,Electromagnetism,Wave Optics,Diffraction,What is the aperture function of a thin lens? Determine the amplitude transmittance function of the thin lens.,"The aperture function of the thin lens is:

$$
\tilde{t}_2 = \exp \left(-i k \frac{x^{2}+y^{2}}{2 F}\right)
$$",\boxed{\tilde{t}_2 = \exp \left(-i k \frac{x^{2}+y^{2}}{2 F}\right)},EX,,False,EN,Knowledge Recall
5239,Electromagnetism,Wave Optics,Interference,"A point source is placed at the focal point in front of a convex lens, with a biprism positioned behind the lens. The apex angle of the biprism is $\alpha=3^{\prime} 30^{\prime \prime}$, and the refractive index of the prism is $n=1.5$. There is an observation screen located $D=5 \, \mathrm{m}$ behind the prism, and the wavelength of the light is $5000 \, \text{\AA}$. What is the spacing between the interference fringes on the screen?","After refraction through the biprism, the deviation angle of light is given by

$$
\delta=(n-1) \alpha
$$

The angle between the two parallel light beams emerging from the top and bottom halves of the prism is $2 \delta$, thus the fringe spacing due to their interference is

$$
\Delta x=\frac{\lambda}{2 \sin \delta}=\frac{\lambda}{2(n-1) \alpha}
$$

Substituting in $\lambda=5000 \, \text{\AA}$, $n=1.5$, and $\alpha=3^{\prime} 30^{\prime \prime}=3.5 \times 0.29 \times 10^{-3} \mathrm{rad}$, we obtain

$$
\Delta x=0.49 \mathrm{~mm}
$$",\boxed{0.49},NV,\mathrm{mm},False,EN,Practical Application
5240,Electromagnetism,Wave Optics,Polarization,"Monochromatic parallel light with intensity \(I_{0}\) passes through a pair of crossed Nicol prisms. Now, a quarter-wave plate is inserted between the two Nicol prisms, with its principal axis making a \(60^{\circ}\) angle with the principal axis of the first Nicol prism. Determine the intensity of the emerging light (neglect losses like reflection and absorption).","The solution involves the interference of polarized light. As shown in the diagram, linearly polarized light with amplitude \(A_{1}\) passes through the first Nicol prism \(N_{1}\). The amplitude is projected twice to obtain the amplitudes of the two vibrations in the transmitted direction of the second Nicol prism \(N_{2}\), \(A_{2e}\) and \(A_{2o}\), which are given by

\[
\begin{aligned}
A_{2e} & = A_{1} \cos \alpha \sin \alpha \\
& = \frac{1}{2} A_{1} \sin 2\alpha \\
A_{2o} & = A_{1} \sin \alpha \cos \alpha = \frac{1}{2} A_{1} \sin 2\alpha 
\end{aligned}
\]

Next, we carefully analyze the total phase difference between these two vibrations:

\[
\delta = \delta_{1} + \delta_{2} + \delta_{3}
\]

where \(\delta_{1}\) is the phase difference between the ordinary and extraordinary vibrations at the point of incidence with the quarter-wave plate, currently \(\delta_{1} = \pi\); \(\delta_{2}\) is the additional phase difference caused by propagation within the crystal, currently \(\delta_{2} = \pm \pi / 2\), and we take \(\delta_{2} = \pi / 2\); \(\delta_{3}\) is the phase difference due to projection along the optical axis and e-axis towards \(N_{2}\), which is currently \(\delta_{3} = 0\). Therefore,

\[
\delta = \frac{3}{2} \pi
\]

Finally, the intensity of the light through \(N_{2}\), \(I_{2}\), is the result of the coherent superposition of \(A_{2e}\) and \(A_{2o}\):

\[
\begin{aligned}
I_{2} & = A_{2e}^{2} + A_{2o}^{2} + 2 A_{2e} A_{2o} \cos \delta \\
& = \frac{1}{4} A_{1}^{2} \sin^{2} 120^{\circ} + \frac{1}{4} A_{1}^{2} \sin^{2} 120^{\circ} \\
& = \frac{6}{16} A_{1}^{2} = \frac{3}{16} I_{0}
\end{aligned}
\]",\(\boxed{\frac{3}{16} I_{0}}\),NV,,False,EN,Practical Application
5241,Electromagnetism,Wave Optics,Diffraction,"Given the phase velocity \( v_{p} = K \) in a non-dispersive medium such as sound waves in air, calculate the group velocity in this case.","The relationship between phase velocity \( v_{p} \) and group velocity \( v_{g} \) is given by

\[ v_{g} = v_{p} - \lambda \frac{\mathrm{d} v_{p}}{\mathrm{d} \lambda} \]

Given \( v_{p} = K \), we have \(\frac{\mathrm{d} v_{p}}{\mathrm{d} \lambda} = 0\), therefore \( v_{g} = v_{p} \).",\boxed{K},NV,,False,EN,Laws Application
5242,Electromagnetism,Wave Optics,Polarization,"In the concept of a hologram, parallel light vertically illuminates a small transparent object. The object diffracts the light waves, which then interfere with the parallel light on the photographic plate, forming a hologram. Given the wavelength of the light wave $\lambda=6328 \, \text{}$ and the distance between the object and the photographic plate is $1 \, \text{m}$, find the spatial frequency $\nu(\rho)$ of the interference fringes at a distance $\rho=1 \, \text{cm}$ from the optical axis on the hologram.","Typically, when natural light is reflected at the interface of two media, the reflected light is partially polarized. However, when the angle of incidence satisfies

$$
\theta_{B}=\arctan \frac{n_{1}}{n_{0}}
$$

where $n_{0}$ and $n_{1}$ are the refractive indices of the incident medium and the refractive medium respectively, the reflected light is linearly polarized with vibrations perpendicular to the plane of incidence. This angle $\theta_{B}$ is called the Brewster's angle or the polarization angle.

The calculations for $r, R, \bar{R}$, and $t, T, \bar{T}$ for the $S$ and $P$ components are based on Fresnel's equations. Because the angle of incidence is Brewster's angle, the sum of the angle of incidence and the angle of refraction is $\frac{\pi}{2}$. Intensity refers to the average energy flow density, which is the time average of the Poynting vector, while energy flow equals the intensity multiplied by the cross-sectional area of the beam. The reflected light and incident light are in the same medium, with equal cross-sectional areas, while the refracted light and incident light are in different media, with different cross-sectional areas, which is noteworthy.

1. According to Fresnel's equations, the amplitude reflectance $r_{s}$ and amplitude transmittance $t_{s}$ for the $S$ component are

$$
\begin{gathered}
r_{s}=\frac{n_{1} \cos \theta_{1}-n_{2} \cos \theta_{2}}{n_{1} \cos \theta_{1}+n_{2} \cos \theta_{2}}=-\frac{\sin \left(\theta_{1}-\theta_{2}\right)}{\sin \left(\theta_{1}+\theta_{2}\right)} \\
t_{s}=\frac{2 n_{1} \cos \theta_{1}}{n_{1} \cos \theta_{1}+n_{2} \cos \theta_{2}}=\frac{2 \sin \theta_{2} \cos \theta_{1}}{\sin \left(\theta_{1}+\theta_{2}\right)}
\end{gathered}
$$

The amplitude reflectance $r_{P}$ and amplitude transmittance $t_{P}$ for the $P$ component are

$$
\begin{gathered}
r_{P}=\frac{n_{2} \cos \theta_{1}-n_{1} \cos \theta_{2}}{n_{2} \cos \theta_{1}+n_{1} \cos \theta_{2}}=\frac{\tan \left(\theta_{1}-\theta_{2}\right)}{\tan \left(\theta_{1}+\theta_{2}\right)} \\
t_{P}=\frac{2 n_{1} \cos \theta_{1}}{n_{2} \cos \theta_{1}+n_{1} \cos \theta_{2}}=\frac{2 \cos \theta_{1} \sin \theta_{2}}{\sin \left(\theta_{1}+\theta_{2}\right) \cos \left(\theta_{1}-\theta_{2}\right)}
\end{gathered}
$$

where $n_{1}=1$, $n_{2}=n=1.50$, $\theta_{1}$ is the angle of incidence, and $\theta_{2}$ is the angle of refraction. Since the angle of incidence is the Brewster's angle, we have

$$
\theta_{1}=\theta_{B}=\arctan n=\arctan 1.50=56.3^{\circ}
$$

Additionally,

$$
\theta_{1}+\theta_{2}=\frac{\pi}{2}
$$

Substituting into the formulas for $r_{s}$ and $r_{p}$, we obtain

$$
\begin{gathered}
r_{s}=-\frac{\sin \left(56.3^{\circ}-33.7^{\circ}\right)}{\sin \left(56.3^{\circ}+33.7^{\circ}\right)}=-0.384 \\
r_{p}=0
\end{gathered}
$$

Since the reflected light and incident light are in the same medium with equal cross-sectional areas, the intensity reflectance $R_{S}$ and $R_{P}$, as well as the energy flow reflectance $\bar{R}_{S}$ and $\bar{R}_{P}$ for the $S$ and $P$ components respectively, are

$$
\begin{aligned}
& R_{S}=\left|r_{S}\right|^{2}=0.148, \quad R_{P}=0 \\
& \bar{R}_{S}=\left|r_{S}\right|^{2}=0.148, \quad \bar{R}_{P}=0
\end{aligned}
$$

For the refracted light, substituting $\theta_{1}$ and $\theta_{2}$ into $t_{s}$ and $t_{P}$, we have

$$
\begin{gathered}
t_{s}=\frac{2 \sin \theta_{2} \cos \theta_{1}}{\sin \left(\theta_{1}+\theta_{2}\right)}=\frac{2 \sin 33.7^{\circ} \cos 56.3^{\circ}}{\sin \frac{\pi}{2}}=0.616 \\
t_{P}=\frac{2 \cos \theta_{1} \sin \theta_{2}}{\sin \left(\theta_{1}+\theta_{2}\right) \cos \left(\theta_{1}-\theta_{2}\right)}=\frac{2 \cos 56.3^{\circ} \sin 33.7^{\circ}}{\cos \left(56.3^{\circ}-33.7^{\circ}\right)}=0.667
\end{gathered}
$$

Since the refracted light and incident light are in different media with different cross-sectional areas, the intensity transmittance and energy flow transmittance are not simply equal to the square of the amplitude transmittance. The intensity refers to the average energy flow density, which is the time average of the Poynting vector, given by

$$
\widetilde{S}=\frac{1}{2} \sqrt{\frac{\varepsilon_{0} \varepsilon_{\mathrm{r}}}{\mu_{0} \mu_{\mathrm{r}}}} E^{2}
$$

where $E$ is the amplitude of the electric vector. Since $\mu_{\mathrm{r}} \approx 1$, and the speed of light in vacuum $c=\frac{1}{\sqrt{\varepsilon_{0}} \mu_{0}}$, and the refractive index $n=\sqrt{\varepsilon_{\mathrm{r}} \mu_{\mathrm{r}}} \approx \sqrt{\varepsilon_{\mathrm{r}}}$, this can be rewritten as

$$
\bar{S}=\frac{1}{2 c \mu_{0}} n E^{2}
$$

Thus, the intensity is proportional to $n E^{2}$, and the intensity transmittance is

$$
T=\frac{\bar{S}_{2}}{\bar{S}_{1}}=\frac{n_{2}}{n_{1}} t^{2}
$$

The intensity transmittance for the $S$ and $P$ components is

$$
\begin{aligned}
& T_{S}=\frac{n_{2}}{n_{1}} t_{S}^{2}=n t_{S}^{2}=0.569 \\
& T_{P}=\frac{n_{2}}{n_{1}} t_{P}^{2}=n t_{P}^{2}=0.667
\end{aligned}
$$

The energy flow equals the intensity multiplied by the cross-sectional area of the beam, and the ratio of the cross-sectional areas of the refracted beam to the incident beam is $\frac{\cos \theta_{2}}{\cos \theta_{1}}$, so the energy flow transmittance is

$$
\bar{T}=\frac{\bar{S}_{2} \cos \theta_{2}}{\bar{S}_{1} \cos \theta_{1}}=\frac{n_{2} \cos \theta_{2}}{n_{1} \cos \theta_{1}} t^{2}=\frac{\cos \theta_{2}}{\cos \theta_{1}} T
$$

Substituting the values, the energy flow transmittance for the $S$ and $P$ components is

$$
\begin{gathered}
\bar{T}_{S}=\frac{\cos \theta_{2}}{\cos \theta_{1}} T_{S}=0.853 \\
\bar{T}_{P}=\frac{\cos \theta_{2}}{\cos \theta_{1}} T_{P}=1
\end{gathered}
$$

The fact that the energy flow transmittance $\bar{T}_{P}=1$ for the $P$ component is expected because, when light is incident at the Brewster's angle $\left(\theta_{1}=\theta_{B}\right)$, the reflected light does not contain any $P$ component, meaning the entire energy of the incident $P$ component is transmitted.",\boxed{16.5},NV,/mm,False,EN,Practical Application
5243,Electromagnetism,Wave Optics,Polarization,Natural light is incident from air to glass ($n=1.50$) at the Brewster angle. Find the degree of polarization of the refracted light.,"The refracted light is partially polarized. According to the definition of the degree of polarization, it is given by

$$
P=\frac{T_{P}-T_{S}}{T_{P}+T_{S}}=\frac{\bar{T}_{P}-\bar{T}_{S}}{\bar{T}_{P}+\bar{T}_{S}}=\frac{1-0.853}{1+0.853}=0.079
$$",\boxed{0.079},NV,,False,EN,Practical Application
5245,Electromagnetism,Wave Optics,Diffraction,"An object with phase type has an amplitude transmittance of

$$
g(x)=e^{i \varphi(x)}
$$

where $\varphi(x)$ is the phase function of the object, and it is assumed that $|\varphi(x)| \ll 1$. Expand $g(x)$ into a Taylor series and find its Fourier transform.","Perform the Taylor series expansion of $g(x)$:

$$
\begin{aligned}
e^{i \varphi(x)} & = 1 + i \varphi(x) + \frac{1}{2!}[i \varphi(x)]^{2} + \cdots \\
& \approx 1 + i \varphi(x)
\end{aligned}
$$

Here the approximation $|\varphi(x)| \ll 1$ is used.\\
Its Fourier transform (i.e., the amplitude in the frequency domain) is

$$
\begin{aligned}
G\left(f_{x}\right) & = \int_{-\infty}^{\infty} [1 + i \varphi(x)] e^{-i 2 \pi f_{x} x} \, \mathrm{d} x \\
& = G_{1}\left(f_{x}\right) + i G_{2}\left(f_{x}\right)
\end{aligned}
$$",\boxed{G_{1}\left(f_{x}\right) + i G_{2}\left(f_{x}\right)},EX,,False,EN,Math Derivation
5248,Electromagnetism,Wave Optics,Polarization,"Ultraviolet light (\( \lambda = 2000 \, \text{} \)) is shone onto an aluminum surface, with its work function \(\Phi = 4.2 \, \text{eV}\).  
Find the stopping voltage.","Typically, when natural light is reflected at the interface of two media, the reflected light is partially polarized. However, when the angle of incidence satisfies

$$
\theta_{B}=\arctan \frac{n_{1}}{n_{0}}
$$

where $n_{0}$ and $n_{1}$ are the refractive indices of the incident medium and the refractive medium respectively, the reflected light is linearly polarized with vibrations perpendicular to the plane of incidence. This angle $\theta_{B}$ is called the Brewster's angle or the polarization angle.

The calculations for $r, R, \bar{R}$, and $t, T, \bar{T}$ for the $S$ and $P$ components are based on Fresnel's equations. Because the angle of incidence is Brewster's angle, the sum of the angle of incidence and the angle of refraction is $\frac{\pi}{2}$. Intensity refers to the average energy flow density, which is the time average of the Poynting vector, while energy flow equals the intensity multiplied by the cross-sectional area of the beam. The reflected light and incident light are in the same medium, with equal cross-sectional areas, while the refracted light and incident light are in different media, with different cross-sectional areas, which is noteworthy.

1. According to Fresnel's equations, the amplitude reflectance $r_{s}$ and amplitude transmittance $t_{s}$ for the $S$ component are

$$
\begin{gathered}
r_{s}=\frac{n_{1} \cos \theta_{1}-n_{2} \cos \theta_{2}}{n_{1} \cos \theta_{1}+n_{2} \cos \theta_{2}}=-\frac{\sin \left(\theta_{1}-\theta_{2}\right)}{\sin \left(\theta_{1}+\theta_{2}\right)} \\
t_{s}=\frac{2 n_{1} \cos \theta_{1}}{n_{1} \cos \theta_{1}+n_{2} \cos \theta_{2}}=\frac{2 \sin \theta_{2} \cos \theta_{1}}{\sin \left(\theta_{1}+\theta_{2}\right)}
\end{gathered}
$$

The amplitude reflectance $r_{P}$ and amplitude transmittance $t_{P}$ for the $P$ component are

$$
\begin{gathered}
r_{P}=\frac{n_{2} \cos \theta_{1}-n_{1} \cos \theta_{2}}{n_{2} \cos \theta_{1}+n_{1} \cos \theta_{2}}=\frac{\tan \left(\theta_{1}-\theta_{2}\right)}{\tan \left(\theta_{1}+\theta_{2}\right)} \\
t_{P}=\frac{2 n_{1} \cos \theta_{1}}{n_{2} \cos \theta_{1}+n_{1} \cos \theta_{2}}=\frac{2 \cos \theta_{1} \sin \theta_{2}}{\sin \left(\theta_{1}+\theta_{2}\right) \cos \left(\theta_{1}-\theta_{2}\right)}
\end{gathered}
$$

where $n_{1}=1$, $n_{2}=n=1.50$, $\theta_{1}$ is the angle of incidence, and $\theta_{2}$ is the angle of refraction. Since the angle of incidence is the Brewster's angle, we have

$$
\theta_{1}=\theta_{B}=\arctan n=\arctan 1.50=56.3^{\circ}
$$

Additionally,

$$
\theta_{1}+\theta_{2}=\frac{\pi}{2}
$$

Substituting into the formulas for $r_{s}$ and $r_{p}$, we obtain

$$
\begin{gathered}
r_{s}=-\frac{\sin \left(56.3^{\circ}-33.7^{\circ}\right)}{\sin \left(56.3^{\circ}+33.7^{\circ}\right)}=-0.384 \\
r_{p}=0
\end{gathered}
$$

Since the reflected light and incident light are in the same medium with equal cross-sectional areas, the intensity reflectance $R_{S}$ and $R_{P}$, as well as the energy flow reflectance $\bar{R}_{S}$ and $\bar{R}_{P}$ for the $S$ and $P$ components respectively, are

$$
\begin{aligned}
& R_{S}=\left|r_{S}\right|^{2}=0.148, \quad R_{P}=0 \\
& \bar{R}_{S}=\left|r_{S}\right|^{2}=0.148, \quad \bar{R}_{P}=0
\end{aligned}
$$

For the refracted light, substituting $\theta_{1}$ and $\theta_{2}$ into $t_{s}$ and $t_{P}$, we have

$$
\begin{gathered}
t_{s}=\frac{2 \sin \theta_{2} \cos \theta_{1}}{\sin \left(\theta_{1}+\theta_{2}\right)}=\frac{2 \sin 33.7^{\circ} \cos 56.3^{\circ}}{\sin \frac{\pi}{2}}=0.616 \\
t_{P}=\frac{2 \cos \theta_{1} \sin \theta_{2}}{\sin \left(\theta_{1}+\theta_{2}\right) \cos \left(\theta_{1}-\theta_{2}\right)}=\frac{2 \cos 56.3^{\circ} \sin 33.7^{\circ}}{\cos \left(56.3^{\circ}-33.7^{\circ}\right)}=0.667
\end{gathered}
$$

Since the refracted light and incident light are in different media with different cross-sectional areas, the intensity transmittance and energy flow transmittance are not simply equal to the square of the amplitude transmittance. The intensity refers to the average energy flow density, which is the time average of the Poynting vector, given by

$$
\widetilde{S}=\frac{1}{2} \sqrt{\frac{\varepsilon_{0} \varepsilon_{\mathrm{r}}}{\mu_{0} \mu_{\mathrm{r}}}} E^{2}
$$

where $E$ is the amplitude of the electric vector. Since $\mu_{\mathrm{r}} \approx 1$, and the speed of light in vacuum $c=\frac{1}{\sqrt{\varepsilon_{0}} \mu_{0}}$, and the refractive index $n=\sqrt{\varepsilon_{\mathrm{r}} \mu_{\mathrm{r}}} \approx \sqrt{\varepsilon_{\mathrm{r}}}$, this can be rewritten as

$$
\bar{S}=\frac{1}{2 c \mu_{0}} n E^{2}
$$

Thus, the intensity is proportional to $n E^{2}$, and the intensity transmittance is

$$
T=\frac{\bar{S}_{2}}{\bar{S}_{1}}=\frac{n_{2}}{n_{1}} t^{2}
$$

The intensity transmittance for the $S$ and $P$ components is

$$
\begin{aligned}
& T_{S}=\frac{n_{2}}{n_{1}} t_{S}^{2}=n t_{S}^{2}=0.569 \\
& T_{P}=\frac{n_{2}}{n_{1}} t_{P}^{2}=n t_{P}^{2}=0.667
\end{aligned}
$$

The energy flow equals the intensity multiplied by the cross-sectional area of the beam, and the ratio of the cross-sectional areas of the refracted beam to the incident beam is $\frac{\cos \theta_{2}}{\cos \theta_{1}}$, so the energy flow transmittance is

$$
\bar{T}=\frac{\bar{S}_{2} \cos \theta_{2}}{\bar{S}_{1} \cos \theta_{1}}=\frac{n_{2} \cos \theta_{2}}{n_{1} \cos \theta_{1}} t^{2}=\frac{\cos \theta_{2}}{\cos \theta_{1}} T
$$

Substituting the values, the energy flow transmittance for the $S$ and $P$ components is

$$
\begin{gathered}
\bar{T}_{S}=\frac{\cos \theta_{2}}{\cos \theta_{1}} T_{S}=0.853 \\
\bar{T}_{P}=\frac{\cos \theta_{2}}{\cos \theta_{1}} T_{P}=1
\end{gathered}
$$

The fact that the energy flow transmittance $\bar{T}_{P}=1$ for the $P$ component is expected because, when light is incident at the Brewster's angle $\left(\theta_{1}=\theta_{B}\right)$, the reflected light does not contain any $P$ component, meaning the entire energy of the incident $P$ component is transmitted.",\boxed{2.0},NV,\text{V},False,EN,Practical Application
5249,Electromagnetism,Wave Optics,Interference,"Using a Michelson interferometer for precise length measurement, the light source is a helium-neon laser with a wavelength of $6328 \, \AA$, and its spectral line width is $10^{3} \, \AA$. The sensitivity of the entire machine (photoelectric conversion) can reach $1/10$ of a fringe. What is the range of a single length measurement?","The range of a single length measurement $l_{M}$ is determined by the coherence length $l_{0}$, which can be calculated from the spectral line width $\Delta \lambda$:

$$
l_{M} = \frac{1}{2} l_{0} = \frac{1}{2} \frac{\lambda^{2}}{\Delta \lambda} \approx 2 \, \mathrm{m}
$$",\boxed{2},NV,\mathrm{m},False,EN,Knowledge Recall
5252,Electromagnetism,Wave Optics,Diffraction,"When considering both absorption and scattering of light by a medium, the absorption coefficient is given by $\alpha = \alpha_{0} + \alpha_{s}$, where $\alpha_{0}$ is the true absorption coefficient and $\alpha_{s}$ is the scattering coefficient. According to the Lambert's law, $I = I_{0} \mathrm{e}^{-\left(\alpha_{0} + \alpha_{s}\right) l}$. If, after passing through a certain thickness of the medium, only $20\%$ of the light intensity is transmitted, and it is known that the scattering coefficient $\alpha_{s}$ is half of the true absorption coefficient $\alpha_{0}$, how much does the transmitted light intensity increase if scattering is not considered?","Using $I = I_{0} e^{-(\alpha_{0} + \alpha_{s}) l}$, we have $I/I_{0} = e^{-(\alpha_{0} + \alpha_{s}) l}$. Substituting $\alpha_{s} = \alpha_{0}/2$ and $I/I_{0} = 0.2$, we get

$$
\mathrm{e}^{-\left(\alpha_{0} + \frac{1}{2} \alpha_{0}\right) l} = \frac{I}{I_{0}} = 0.2
$$

Thus, $\alpha_{0} = \frac{2 \ln 5}{3 l}$. If scattering is eliminated, then $\alpha_{s} = 0$, so

$$
\frac{I'}{I_{0}} = \mathrm{e}^{-\alpha_{0} l} = \mathrm{e}^{-\frac{2}{3} \ln 5} = 0.34 = 34\%
$$

This means the transmitted light intensity increases to $34\%$.",\boxed{34\%},NV,\%,False,EN,Laws Application
5257,Electromagnetism,Wave Optics,Diffraction,"The mean refractive index of Flint glass for the sodium yellow doublet is $\bar{n} = 1.51630$, for the sodium yellow light wavelength $\lambda_0 = 5893\, \text{\AA}$. Under small dispersion, the relationship between the group velocity $v_{g}$ and the phase velocity $v_{p}$ is:

$$  
v_{g} = v_{p} - \lambda \frac{\mathrm{d} v_{p}}{\mathrm{d} \lambda} = \frac{c}{n} \left(1 + \frac{\lambda}{n} \frac{\mathrm{d} n}{\mathrm{d} \lambda} \right)  
$$  

where $\lambda$ represents the wavelength of light in the medium. It is known from previous calculations that $\frac{\mathrm{d} n}{\mathrm{d} \lambda_{0}} \approx -3.555 \times 10^{-6} / \text{\AA}$. Determine the group velocity $v_{g}$ for the sodium yellow line in this glass.","Due to the relation $\frac{\mathrm{d} n}{\mathrm{d} \lambda} = \frac{\mathrm{d} n}{\mathrm{d} \lambda_{0}} \frac{\mathrm{d} \lambda_{0}}{\mathrm{d} \lambda} = \frac{\mathrm{d} n}{\mathrm{d} \lambda_{0}} \left( n + \lambda \frac{\mathrm{d} n}{\mathrm{d} \lambda} \right) \approx n \frac{\mathrm{d} n}{\mathrm{d} \lambda_{0}}$,

the formula for $v_{g}$ can be rewritten as:

$$  
v_{g} = \frac{c}{n} \left(1 + \lambda \frac{\mathrm{d} n}{\mathrm{d} \lambda_{0}} \right) = \frac{c}{n} \left(1 + \frac{\lambda_{0}}{n} \frac{\mathrm{d} n}{\mathrm{d} \lambda_{0}} \right)  
$$  

Substituting into the above expression, we get:

$$  
v_{g} = \frac{3 \times 10^{8}}{1.5163} \left(1 - \frac{5893 \times 3.555 \times 10^{-6}}{1.5163} \right) = 1.952 \times 10^{8} \, (\mathrm{m/s})  
$$",\boxed{1.952 \times 10^{8}},NV,\text{m/s},False,EN,Laws Application
5258,Electromagnetism,Wave Optics,Polarization,"Under certain conditions, the human eye is able to perceive 5 blue-green light photons $(\lambda=4861 \, \text{})$. What is the energy received by the retina in this case?","Typically, when natural light is reflected at the interface of two media, the reflected light is partially polarized. However, when the angle of incidence satisfies

$$
\theta_{B}=\arctan \frac{n_{1}}{n_{0}}
$$

where $n_{0}$ and $n_{1}$ are the refractive indices of the incident medium and the refractive medium respectively, the reflected light is linearly polarized with vibrations perpendicular to the plane of incidence. This angle $\theta_{B}$ is called the Brewster's angle or the polarization angle.

The calculations for $r, R, \bar{R}$, and $t, T, \bar{T}$ for the $S$ and $P$ components are based on Fresnel's equations. Because the angle of incidence is Brewster's angle, the sum of the angle of incidence and the angle of refraction is $\frac{\pi}{2}$. Intensity refers to the average energy flow density, which is the time average of the Poynting vector, while energy flow equals the intensity multiplied by the cross-sectional area of the beam. The reflected light and incident light are in the same medium, with equal cross-sectional areas, while the refracted light and incident light are in different media, with different cross-sectional areas, which is noteworthy.

1. According to Fresnel's equations, the amplitude reflectance $r_{s}$ and amplitude transmittance $t_{s}$ for the $S$ component are

$$
\begin{gathered}
r_{s}=\frac{n_{1} \cos \theta_{1}-n_{2} \cos \theta_{2}}{n_{1} \cos \theta_{1}+n_{2} \cos \theta_{2}}=-\frac{\sin \left(\theta_{1}-\theta_{2}\right)}{\sin \left(\theta_{1}+\theta_{2}\right)} \\
t_{s}=\frac{2 n_{1} \cos \theta_{1}}{n_{1} \cos \theta_{1}+n_{2} \cos \theta_{2}}=\frac{2 \sin \theta_{2} \cos \theta_{1}}{\sin \left(\theta_{1}+\theta_{2}\right)}
\end{gathered}
$$

The amplitude reflectance $r_{P}$ and amplitude transmittance $t_{P}$ for the $P$ component are

$$
\begin{gathered}
r_{P}=\frac{n_{2} \cos \theta_{1}-n_{1} \cos \theta_{2}}{n_{2} \cos \theta_{1}+n_{1} \cos \theta_{2}}=\frac{\tan \left(\theta_{1}-\theta_{2}\right)}{\tan \left(\theta_{1}+\theta_{2}\right)} \\
t_{P}=\frac{2 n_{1} \cos \theta_{1}}{n_{2} \cos \theta_{1}+n_{1} \cos \theta_{2}}=\frac{2 \cos \theta_{1} \sin \theta_{2}}{\sin \left(\theta_{1}+\theta_{2}\right) \cos \left(\theta_{1}-\theta_{2}\right)}
\end{gathered}
$$

where $n_{1}=1$, $n_{2}=n=1.50$, $\theta_{1}$ is the angle of incidence, and $\theta_{2}$ is the angle of refraction. Since the angle of incidence is the Brewster's angle, we have

$$
\theta_{1}=\theta_{B}=\arctan n=\arctan 1.50=56.3^{\circ}
$$

Additionally,

$$
\theta_{1}+\theta_{2}=\frac{\pi}{2}
$$

Substituting into the formulas for $r_{s}$ and $r_{p}$, we obtain

$$
\begin{gathered}
r_{s}=-\frac{\sin \left(56.3^{\circ}-33.7^{\circ}\right)}{\sin \left(56.3^{\circ}+33.7^{\circ}\right)}=-0.384 \\
r_{p}=0
\end{gathered}
$$

Since the reflected light and incident light are in the same medium with equal cross-sectional areas, the intensity reflectance $R_{S}$ and $R_{P}$, as well as the energy flow reflectance $\bar{R}_{S}$ and $\bar{R}_{P}$ for the $S$ and $P$ components respectively, are

$$
\begin{aligned}
& R_{S}=\left|r_{S}\right|^{2}=0.148, \quad R_{P}=0 \\
& \bar{R}_{S}=\left|r_{S}\right|^{2}=0.148, \quad \bar{R}_{P}=0
\end{aligned}
$$

For the refracted light, substituting $\theta_{1}$ and $\theta_{2}$ into $t_{s}$ and $t_{P}$, we have

$$
\begin{gathered}
t_{s}=\frac{2 \sin \theta_{2} \cos \theta_{1}}{\sin \left(\theta_{1}+\theta_{2}\right)}=\frac{2 \sin 33.7^{\circ} \cos 56.3^{\circ}}{\sin \frac{\pi}{2}}=0.616 \\
t_{P}=\frac{2 \cos \theta_{1} \sin \theta_{2}}{\sin \left(\theta_{1}+\theta_{2}\right) \cos \left(\theta_{1}-\theta_{2}\right)}=\frac{2 \cos 56.3^{\circ} \sin 33.7^{\circ}}{\cos \left(56.3^{\circ}-33.7^{\circ}\right)}=0.667
\end{gathered}
$$

Since the refracted light and incident light are in different media with different cross-sectional areas, the intensity transmittance and energy flow transmittance are not simply equal to the square of the amplitude transmittance. The intensity refers to the average energy flow density, which is the time average of the Poynting vector, given by

$$
\widetilde{S}=\frac{1}{2} \sqrt{\frac{\varepsilon_{0} \varepsilon_{\mathrm{r}}}{\mu_{0} \mu_{\mathrm{r}}}} E^{2}
$$

where $E$ is the amplitude of the electric vector. Since $\mu_{\mathrm{r}} \approx 1$, and the speed of light in vacuum $c=\frac{1}{\sqrt{\varepsilon_{0}} \mu_{0}}$, and the refractive index $n=\sqrt{\varepsilon_{\mathrm{r}} \mu_{\mathrm{r}}} \approx \sqrt{\varepsilon_{\mathrm{r}}}$, this can be rewritten as

$$
\bar{S}=\frac{1}{2 c \mu_{0}} n E^{2}
$$

Thus, the intensity is proportional to $n E^{2}$, and the intensity transmittance is

$$
T=\frac{\bar{S}_{2}}{\bar{S}_{1}}=\frac{n_{2}}{n_{1}} t^{2}
$$

The intensity transmittance for the $S$ and $P$ components is

$$
\begin{aligned}
& T_{S}=\frac{n_{2}}{n_{1}} t_{S}^{2}=n t_{S}^{2}=0.569 \\
& T_{P}=\frac{n_{2}}{n_{1}} t_{P}^{2}=n t_{P}^{2}=0.667
\end{aligned}
$$

The energy flow equals the intensity multiplied by the cross-sectional area of the beam, and the ratio of the cross-sectional areas of the refracted beam to the incident beam is $\frac{\cos \theta_{2}}{\cos \theta_{1}}$, so the energy flow transmittance is

$$
\bar{T}=\frac{\bar{S}_{2} \cos \theta_{2}}{\bar{S}_{1} \cos \theta_{1}}=\frac{n_{2} \cos \theta_{2}}{n_{1} \cos \theta_{1}} t^{2}=\frac{\cos \theta_{2}}{\cos \theta_{1}} T
$$

Substituting the values, the energy flow transmittance for the $S$ and $P$ components is

$$
\begin{gathered}
\bar{T}_{S}=\frac{\cos \theta_{2}}{\cos \theta_{1}} T_{S}=0.853 \\
\bar{T}_{P}=\frac{\cos \theta_{2}}{\cos \theta_{1}} T_{P}=1
\end{gathered}
$$

The fact that the energy flow transmittance $\bar{T}_{P}=1$ for the $P$ component is expected because, when light is incident at the Brewster's angle $\left(\theta_{1}=\theta_{B}\right)$, the reflected light does not contain any $P$ component, meaning the entire energy of the incident $P$ component is transmitted.",\boxed{2.05 \times 10^{-18}},NV,\text{J},False,EN,Laws Application
5261,Electromagnetism,Wave Optics,Diffraction,"Find the first 10 Fourier coefficients of the black and white grating: \( t_0, \tilde{t}_1, \cdots, \tilde{t}_9 \), where \( a/d = 1/3 \). The transmittance function of the black and white grating is:

\[
t(x) = 
\begin{cases} 
1, & |x| < \frac{a}{2} \\ 
0, & \frac{a}{2} < |x| < \frac{d}{2}
\end{cases}
\]

The expression for the Fourier coefficients \(\tilde{t}_n\) is:

\[
\tilde{t}_n = \frac{a}{d} \frac{\sin (n \pi a / d)}{n \pi a / d}
\]

where \( a/d = 1/3 \).","When \(\frac{a}{d} = \frac{1}{3}\), we have:

\[
\begin{array}{ll}
t_0 = \frac{1}{3}, & \tilde{t}_1 = \frac{1}{\pi} \sin \frac{\pi}{3} = \frac{\sqrt{3}}{2 \pi} \\
\tilde{t}_2 = \frac{1}{2 \pi} \sin \frac{2 \pi}{3} = \frac{\sqrt{3}}{4 \pi}, & \tilde{t}_3 = \frac{1}{3 \pi} \sin \frac{3 \pi}{3} = 0 \\
\tilde{t}_4 = \frac{1}{4 \pi} \sin \frac{4 \pi}{3} = -\frac{\sqrt{3}}{8 \pi}, & \tilde{t}_5 = \frac{1}{5 \pi} \sin \frac{5 \pi}{3} = -\frac{\sqrt{3}}{10 \pi} \\
\tilde{t}_6 = \frac{1}{6 \pi} \sin \frac{6 \pi}{3} = 0, & \tilde{t}_7 = \frac{1}{7 \pi} \sin \frac{7 \pi}{3} = \frac{\sqrt{3}}{14 \pi} \\
\tilde{t}_8 = \frac{1}{8 \pi} \sin \frac{8 \pi}{3} = \frac{\sqrt{3}}{16 \pi}, & \tilde{t}_9 = \frac{1}{9 \pi} \sin \frac{9 \pi}{3} = 0 
\end{array}
\]","\boxed{\frac{1}{3}, \frac{\sqrt{3}}{2 \pi}, \frac{\sqrt{3}}{4 \pi}, 0, -\frac{\sqrt{3}}{8 \pi}, -\frac{\sqrt{3}}{10 \pi}, 0, \frac{\sqrt{3}}{14 \pi}, \frac{\sqrt{3}}{16 \pi}, 0}",NV,"None, None, None, None, None, None, None, None, None, None",True,EN,Knowledge Recall
5262,Electromagnetism,Wave Optics,Interference,Light with a wavelength of 500 nm is normally incident on a soap film with thickness \(d\) and refractive index \(n = \frac{4}{3}\). Calculate the approximate ratio of the maximum intensity of interference to the incident light intensity when observed in the reflection direction.,"The reflectance \(R\) of the soap film surface is given by

$$
R = \frac{\left(n-n_{0}\right)^{2}}{\left(n+n_{0}\right)^{2}} = \frac{\left(\frac{4}{3}-1\right)^{2}}{\left(\frac{4}{3}+1\right)^{2}} \approx 0.02
$$

When the incident light intensity is \(I_{0}\), for interference in a low refractive index plate, it can be approximated as two-beam interference with intensity \(RI_{0}\) (see diagram), and the interference intensity is

$$
I = 2RI_{0}(1+\cos \delta) \quad (\delta \text{ is the phase difference between the two beams})
$$

Therefore, the ratio of the maximum interference intensity to the incident light intensity is

$$
I_{\max} / I_{0} = 4R = 0.08 
$$

\(<image 1>\) (Reference to an illustrative diagram)",\boxed{0.08},NV,,False,EN,Laws Application
5264,Electromagnetism,Wave Optics,Polarization,"When partially polarized light is observed through a Nicol prism, and the Nicol prism is rotated by $60^{\circ}$ from the position corresponding to maximum intensity, the light intensity reduces to half. Determine the degree of polarization of the light beam.","As shown in the figure, the orientation for the maximum intensity $I_{M}$ of partially polarized light is always orthogonal to the orientation for the minimum intensity $I_{m}$. The light intensity at any inclined orientation $I(\alpha)$ is the incoherent superposition of $I_{M}$ and $I_{m}$, which is expressed as:

$$
I(\alpha) = I_{M} \cos^2 \alpha + I_{m} \sin^2 \alpha
$$

Given that when $\alpha = 60^{\circ}$, $I(\alpha) = I_{M} / 2$, substituting into the above equation yields:

$$
I_{m} = \frac{1}{3} I_{M}
$$

Therefore, the degree of polarization of the partially polarized light is:

$$
P = \frac{I_{M} - I_{m}}{I_{M} + I_{m}} = 50\%
$$",\boxed{50},NV,\%,False,EN,Practical Application
5266,Electromagnetism,Wave Optics,Polarization,"A beam of natural light is incident from air onto an air-glass interface with an angle of incidence $\theta_{1}=30^{\circ}$, and the refractive index of glass is $n=1.50$. Determine the degree of polarization of the reflected light.","The light intensities of the $S$ and $P$ components in the reflected light are given by

$$
I_{S}=R_{S} I_{i S}=\frac{1}{2} R_{S} I_{i}, \quad I_{P}=R_{P} I_{i P}=\frac{1}{2} R_{P} I_{i}.
$$

Here, $I_{i S}$ and $I_{i P}$ are the light intensities of the $S$ and $P$ components of the incident light, and $I_{i}$ is the total light intensity of the incident light. Since the incident light is natural light, we have $I_{i S}=I_{i P}=\frac{1}{2} I_{i}$.

The reflected light is partially polarized, and its total light intensity $I_{\text{total}}$ can be seen as comprising the unpolarized component's light

$$
\begin{gathered}
I_{\text{pol}}=I_{S}-I_{P}=\frac{1}{2} I_{i}\left(R_{S}-R_{P}\right), \\
I_{\text{total}}=I_{\text{pol}}+I_{\text{unpol}}=I_{S}+I_{P}=\frac{1}{2} I_{i}\left(R_{S}+R_{P}\right).
\end{gathered}
$$

According to the definition of the degree of polarization, the degree of polarization of the reflected light is

$$
\begin{aligned}
P & =\frac{I_{\text{pol}}}{I_{\text{pol}}+I_{\text{unpol}}}=\frac{\frac{1}{2} I_{i}\left(R_{S}-R_{P}\right)}{\frac{1}{2} I_{i}\left(R_{S}+R_{P}\right)} \\
& =\frac{0.0576-0.0253}{0.0576+0.0253}=39\%.
\end{aligned}
$$",\boxed{39\%},NV,\%,False,EN,Laws Application
5268,Electromagnetism,Wave Optics,Diffraction,"Use the Fourier transform to find the Fraunhofer diffraction of a cosine-type amplitude transmission function with period $a$, i.e., the optical field at the back focal plane of the lens. Determine the expression for the cosine-type amplitude transmission function $f(x)$.","The cosine-type amplitude transmission function is

$$
f(x) = A \cos \frac{2 \pi x}{a} = \frac{A}{2}\left[\exp\left(\frac{2 \pi \mathrm{i} x}{a}\right) + \exp\left(-\frac{2 \pi \mathrm{i} x}{a}\right)\right]
$$",\boxed{A \cos \frac{2 \pi x}{a}},EX,,False,EN,Math Derivation
5270,Electromagnetism,Wave Optics,Polarization,"Using a Michelson interferometer for precise length measurement, the light source is a helium-neon laser with a wavelength of \(6328 \, \text{}\) and a spectral line width of \(10^3 \, \text{}\). The instrument's detection (photoelectric conversion) sensitivity can reach \(1/10\) of a fringe. What is the length measurement precision of this instrument?","Typically, when natural light is reflected at the interface of two media, the reflected light is partially polarized. However, when the angle of incidence satisfies

$$
\theta_{B}=\arctan \frac{n_{1}}{n_{0}}
$$

where $n_{0}$ and $n_{1}$ are the refractive indices of the incident medium and the refractive medium respectively, the reflected light is linearly polarized with vibrations perpendicular to the plane of incidence. This angle $\theta_{B}$ is called the Brewster's angle or the polarization angle.

The calculations for $r, R, \bar{R}$, and $t, T, \bar{T}$ for the $S$ and $P$ components are based on Fresnel's equations. Because the angle of incidence is Brewster's angle, the sum of the angle of incidence and the angle of refraction is $\frac{\pi}{2}$. Intensity refers to the average energy flow density, which is the time average of the Poynting vector, while energy flow equals the intensity multiplied by the cross-sectional area of the beam. The reflected light and incident light are in the same medium, with equal cross-sectional areas, while the refracted light and incident light are in different media, with different cross-sectional areas, which is noteworthy.

1. According to Fresnel's equations, the amplitude reflectance $r_{s}$ and amplitude transmittance $t_{s}$ for the $S$ component are

$$
\begin{gathered}
r_{s}=\frac{n_{1} \cos \theta_{1}-n_{2} \cos \theta_{2}}{n_{1} \cos \theta_{1}+n_{2} \cos \theta_{2}}=-\frac{\sin \left(\theta_{1}-\theta_{2}\right)}{\sin \left(\theta_{1}+\theta_{2}\right)} \\
t_{s}=\frac{2 n_{1} \cos \theta_{1}}{n_{1} \cos \theta_{1}+n_{2} \cos \theta_{2}}=\frac{2 \sin \theta_{2} \cos \theta_{1}}{\sin \left(\theta_{1}+\theta_{2}\right)}
\end{gathered}
$$

The amplitude reflectance $r_{P}$ and amplitude transmittance $t_{P}$ for the $P$ component are

$$
\begin{gathered}
r_{P}=\frac{n_{2} \cos \theta_{1}-n_{1} \cos \theta_{2}}{n_{2} \cos \theta_{1}+n_{1} \cos \theta_{2}}=\frac{\tan \left(\theta_{1}-\theta_{2}\right)}{\tan \left(\theta_{1}+\theta_{2}\right)} \\
t_{P}=\frac{2 n_{1} \cos \theta_{1}}{n_{2} \cos \theta_{1}+n_{1} \cos \theta_{2}}=\frac{2 \cos \theta_{1} \sin \theta_{2}}{\sin \left(\theta_{1}+\theta_{2}\right) \cos \left(\theta_{1}-\theta_{2}\right)}
\end{gathered}
$$

where $n_{1}=1$, $n_{2}=n=1.50$, $\theta_{1}$ is the angle of incidence, and $\theta_{2}$ is the angle of refraction. Since the angle of incidence is the Brewster's angle, we have

$$
\theta_{1}=\theta_{B}=\arctan n=\arctan 1.50=56.3^{\circ}
$$

Additionally,

$$
\theta_{1}+\theta_{2}=\frac{\pi}{2}
$$

Substituting into the formulas for $r_{s}$ and $r_{p}$, we obtain

$$
\begin{gathered}
r_{s}=-\frac{\sin \left(56.3^{\circ}-33.7^{\circ}\right)}{\sin \left(56.3^{\circ}+33.7^{\circ}\right)}=-0.384 \\
r_{p}=0
\end{gathered}
$$

Since the reflected light and incident light are in the same medium with equal cross-sectional areas, the intensity reflectance $R_{S}$ and $R_{P}$, as well as the energy flow reflectance $\bar{R}_{S}$ and $\bar{R}_{P}$ for the $S$ and $P$ components respectively, are

$$
\begin{aligned}
& R_{S}=\left|r_{S}\right|^{2}=0.148, \quad R_{P}=0 \\
& \bar{R}_{S}=\left|r_{S}\right|^{2}=0.148, \quad \bar{R}_{P}=0
\end{aligned}
$$

For the refracted light, substituting $\theta_{1}$ and $\theta_{2}$ into $t_{s}$ and $t_{P}$, we have

$$
\begin{gathered}
t_{s}=\frac{2 \sin \theta_{2} \cos \theta_{1}}{\sin \left(\theta_{1}+\theta_{2}\right)}=\frac{2 \sin 33.7^{\circ} \cos 56.3^{\circ}}{\sin \frac{\pi}{2}}=0.616 \\
t_{P}=\frac{2 \cos \theta_{1} \sin \theta_{2}}{\sin \left(\theta_{1}+\theta_{2}\right) \cos \left(\theta_{1}-\theta_{2}\right)}=\frac{2 \cos 56.3^{\circ} \sin 33.7^{\circ}}{\cos \left(56.3^{\circ}-33.7^{\circ}\right)}=0.667
\end{gathered}
$$

Since the refracted light and incident light are in different media with different cross-sectional areas, the intensity transmittance and energy flow transmittance are not simply equal to the square of the amplitude transmittance. The intensity refers to the average energy flow density, which is the time average of the Poynting vector, given by

$$
\widetilde{S}=\frac{1}{2} \sqrt{\frac{\varepsilon_{0} \varepsilon_{\mathrm{r}}}{\mu_{0} \mu_{\mathrm{r}}}} E^{2}
$$

where $E$ is the amplitude of the electric vector. Since $\mu_{\mathrm{r}} \approx 1$, and the speed of light in vacuum $c=\frac{1}{\sqrt{\varepsilon_{0}} \mu_{0}}$, and the refractive index $n=\sqrt{\varepsilon_{\mathrm{r}} \mu_{\mathrm{r}}} \approx \sqrt{\varepsilon_{\mathrm{r}}}$, this can be rewritten as

$$
\bar{S}=\frac{1}{2 c \mu_{0}} n E^{2}
$$

Thus, the intensity is proportional to $n E^{2}$, and the intensity transmittance is

$$
T=\frac{\bar{S}_{2}}{\bar{S}_{1}}=\frac{n_{2}}{n_{1}} t^{2}
$$

The intensity transmittance for the $S$ and $P$ components is

$$
\begin{aligned}
& T_{S}=\frac{n_{2}}{n_{1}} t_{S}^{2}=n t_{S}^{2}=0.569 \\
& T_{P}=\frac{n_{2}}{n_{1}} t_{P}^{2}=n t_{P}^{2}=0.667
\end{aligned}
$$

The energy flow equals the intensity multiplied by the cross-sectional area of the beam, and the ratio of the cross-sectional areas of the refracted beam to the incident beam is $\frac{\cos \theta_{2}}{\cos \theta_{1}}$, so the energy flow transmittance is

$$
\bar{T}=\frac{\bar{S}_{2} \cos \theta_{2}}{\bar{S}_{1} \cos \theta_{1}}=\frac{n_{2} \cos \theta_{2}}{n_{1} \cos \theta_{1}} t^{2}=\frac{\cos \theta_{2}}{\cos \theta_{1}} T
$$

Substituting the values, the energy flow transmittance for the $S$ and $P$ components is

$$
\begin{gathered}
\bar{T}_{S}=\frac{\cos \theta_{2}}{\cos \theta_{1}} T_{S}=0.853 \\
\bar{T}_{P}=\frac{\cos \theta_{2}}{\cos \theta_{1}} T_{P}=1
\end{gathered}
$$

The fact that the energy flow transmittance $\bar{T}_{P}=1$ for the $P$ component is expected because, when light is incident at the Brewster's angle $\left(\theta_{1}=\theta_{B}\right)$, the reflected light does not contain any $P$ component, meaning the entire energy of the incident $P$ component is transmitted.",\boxed{0.032},NV,\mu \mathrm{m},False,EN,Practical Application
5272,Electromagnetism,Wave Optics,Diffraction,"Calculate the dispersion region of a Fabry-Perot interferometer. Given that the reflectance of intensity \( R = 0.9 \), the distance between the plates \( h = 2 \, \mathrm{cm} \), and the wavelength \( \lambda = 5000 \, \text{\AA} \).","(1) The dispersion power of the Fabry-Perot interferometer

\[
D = \frac{\mathrm{d} \varphi}{\mathrm{~d} \lambda} = \frac{m}{2h \cos \varphi}
\]

The angular distance between maxima:

\[
\Delta \varphi = \frac{\lambda}{2h \sin \varphi}
\]

Therefore, the dispersion region \( G = \Delta \lambda = \Delta_{\varphi} / D = \frac{\lambda^{2}}{2h \sin \varphi} \).",\boxed{\frac{\lambda^{2}}{2h \sin \varphi}},EX,,False,EN,Math Derivation
5274,Electromagnetism,Wave Optics,Polarization,"A plane wave has a wavelength of $6328 \, \text{}$, with direction angles $\alpha = 30^{\circ}$ and $\beta = 75^{\circ}$. Calculate the spatial frequency of its complex amplitude: $f_{x}$, $f_{y}$, and $f_{z}$.","Typically, when natural light is reflected at the interface of two media, the reflected light is partially polarized. However, when the angle of incidence satisfies

$$
\theta_{B}=\arctan \frac{n_{1}}{n_{0}}
$$

where $n_{0}$ and $n_{1}$ are the refractive indices of the incident medium and the refractive medium respectively, the reflected light is linearly polarized with vibrations perpendicular to the plane of incidence. This angle $\theta_{B}$ is called the Brewster's angle or the polarization angle.

The calculations for $r, R, \bar{R}$, and $t, T, \bar{T}$ for the $S$ and $P$ components are based on Fresnel's equations. Because the angle of incidence is Brewster's angle, the sum of the angle of incidence and the angle of refraction is $\frac{\pi}{2}$. Intensity refers to the average energy flow density, which is the time average of the Poynting vector, while energy flow equals the intensity multiplied by the cross-sectional area of the beam. The reflected light and incident light are in the same medium, with equal cross-sectional areas, while the refracted light and incident light are in different media, with different cross-sectional areas, which is noteworthy.

1. According to Fresnel's equations, the amplitude reflectance $r_{s}$ and amplitude transmittance $t_{s}$ for the $S$ component are

$$
\begin{gathered}
r_{s}=\frac{n_{1} \cos \theta_{1}-n_{2} \cos \theta_{2}}{n_{1} \cos \theta_{1}+n_{2} \cos \theta_{2}}=-\frac{\sin \left(\theta_{1}-\theta_{2}\right)}{\sin \left(\theta_{1}+\theta_{2}\right)} \\
t_{s}=\frac{2 n_{1} \cos \theta_{1}}{n_{1} \cos \theta_{1}+n_{2} \cos \theta_{2}}=\frac{2 \sin \theta_{2} \cos \theta_{1}}{\sin \left(\theta_{1}+\theta_{2}\right)}
\end{gathered}
$$

The amplitude reflectance $r_{P}$ and amplitude transmittance $t_{P}$ for the $P$ component are

$$
\begin{gathered}
r_{P}=\frac{n_{2} \cos \theta_{1}-n_{1} \cos \theta_{2}}{n_{2} \cos \theta_{1}+n_{1} \cos \theta_{2}}=\frac{\tan \left(\theta_{1}-\theta_{2}\right)}{\tan \left(\theta_{1}+\theta_{2}\right)} \\
t_{P}=\frac{2 n_{1} \cos \theta_{1}}{n_{2} \cos \theta_{1}+n_{1} \cos \theta_{2}}=\frac{2 \cos \theta_{1} \sin \theta_{2}}{\sin \left(\theta_{1}+\theta_{2}\right) \cos \left(\theta_{1}-\theta_{2}\right)}
\end{gathered}
$$

where $n_{1}=1$, $n_{2}=n=1.50$, $\theta_{1}$ is the angle of incidence, and $\theta_{2}$ is the angle of refraction. Since the angle of incidence is the Brewster's angle, we have

$$
\theta_{1}=\theta_{B}=\arctan n=\arctan 1.50=56.3^{\circ}
$$

Additionally,

$$
\theta_{1}+\theta_{2}=\frac{\pi}{2}
$$

Substituting into the formulas for $r_{s}$ and $r_{p}$, we obtain

$$
\begin{gathered}
r_{s}=-\frac{\sin \left(56.3^{\circ}-33.7^{\circ}\right)}{\sin \left(56.3^{\circ}+33.7^{\circ}\right)}=-0.384 \\
r_{p}=0
\end{gathered}
$$

Since the reflected light and incident light are in the same medium with equal cross-sectional areas, the intensity reflectance $R_{S}$ and $R_{P}$, as well as the energy flow reflectance $\bar{R}_{S}$ and $\bar{R}_{P}$ for the $S$ and $P$ components respectively, are

$$
\begin{aligned}
& R_{S}=\left|r_{S}\right|^{2}=0.148, \quad R_{P}=0 \\
& \bar{R}_{S}=\left|r_{S}\right|^{2}=0.148, \quad \bar{R}_{P}=0
\end{aligned}
$$

For the refracted light, substituting $\theta_{1}$ and $\theta_{2}$ into $t_{s}$ and $t_{P}$, we have

$$
\begin{gathered}
t_{s}=\frac{2 \sin \theta_{2} \cos \theta_{1}}{\sin \left(\theta_{1}+\theta_{2}\right)}=\frac{2 \sin 33.7^{\circ} \cos 56.3^{\circ}}{\sin \frac{\pi}{2}}=0.616 \\
t_{P}=\frac{2 \cos \theta_{1} \sin \theta_{2}}{\sin \left(\theta_{1}+\theta_{2}\right) \cos \left(\theta_{1}-\theta_{2}\right)}=\frac{2 \cos 56.3^{\circ} \sin 33.7^{\circ}}{\cos \left(56.3^{\circ}-33.7^{\circ}\right)}=0.667
\end{gathered}
$$

Since the refracted light and incident light are in different media with different cross-sectional areas, the intensity transmittance and energy flow transmittance are not simply equal to the square of the amplitude transmittance. The intensity refers to the average energy flow density, which is the time average of the Poynting vector, given by

$$
\widetilde{S}=\frac{1}{2} \sqrt{\frac{\varepsilon_{0} \varepsilon_{\mathrm{r}}}{\mu_{0} \mu_{\mathrm{r}}}} E^{2}
$$

where $E$ is the amplitude of the electric vector. Since $\mu_{\mathrm{r}} \approx 1$, and the speed of light in vacuum $c=\frac{1}{\sqrt{\varepsilon_{0}} \mu_{0}}$, and the refractive index $n=\sqrt{\varepsilon_{\mathrm{r}} \mu_{\mathrm{r}}} \approx \sqrt{\varepsilon_{\mathrm{r}}}$, this can be rewritten as

$$
\bar{S}=\frac{1}{2 c \mu_{0}} n E^{2}
$$

Thus, the intensity is proportional to $n E^{2}$, and the intensity transmittance is

$$
T=\frac{\bar{S}_{2}}{\bar{S}_{1}}=\frac{n_{2}}{n_{1}} t^{2}
$$

The intensity transmittance for the $S$ and $P$ components is

$$
\begin{aligned}
& T_{S}=\frac{n_{2}}{n_{1}} t_{S}^{2}=n t_{S}^{2}=0.569 \\
& T_{P}=\frac{n_{2}}{n_{1}} t_{P}^{2}=n t_{P}^{2}=0.667
\end{aligned}
$$

The energy flow equals the intensity multiplied by the cross-sectional area of the beam, and the ratio of the cross-sectional areas of the refracted beam to the incident beam is $\frac{\cos \theta_{2}}{\cos \theta_{1}}$, so the energy flow transmittance is

$$
\bar{T}=\frac{\bar{S}_{2} \cos \theta_{2}}{\bar{S}_{1} \cos \theta_{1}}=\frac{n_{2} \cos \theta_{2}}{n_{1} \cos \theta_{1}} t^{2}=\frac{\cos \theta_{2}}{\cos \theta_{1}} T
$$

Substituting the values, the energy flow transmittance for the $S$ and $P$ components is

$$
\begin{gathered}
\bar{T}_{S}=\frac{\cos \theta_{2}}{\cos \theta_{1}} T_{S}=0.853 \\
\bar{T}_{P}=\frac{\cos \theta_{2}}{\cos \theta_{1}} T_{P}=1
\end{gathered}
$$

The fact that the energy flow transmittance $\bar{T}_{P}=1$ for the $P$ component is expected because, when light is incident at the Brewster's angle $\left(\theta_{1}=\theta_{B}\right)$, the reflected light does not contain any $P$ component, meaning the entire energy of the incident $P$ component is transmitted.","\boxed{f_{x} \approx 1.37, f_{y} \approx 0.41, f_{z} \approx 0.68}","NV, NV, NV","\mu\mathrm{m}^{-1}, \mu\mathrm{m}^{-1}, \mu\mathrm{m}^{-1}",True,EN,Laws Application
5275,Electromagnetism,Wave Optics,Polarization,"In a polarized light interference device, the principal sections of two Nicol prisms form an angle of $60^{\circ}$. A quartz wedge with an apex angle $\alpha = 30^{\prime}$ is inserted between them, with its optical axis parallel to the surface. The principal section of the wedge forms an angle of $30^{\circ}$ with the principal sections of the two Nicol prisms. Sodium yellow light with a wavelength of 589.3 nm is incident perpendicularly. Determine the contrast of the interference fringes. It is known that the refractive indices of quartz are $n_{0} = 1.54424$ and $n_{\mathrm{e}} = 1.55335$.","According to the intensity formula, the maximum and minimum values are

$$
I_{\max} = I_{1}, \quad I_{\min} = \frac{I_{1}}{4}.
$$

Thus, the contrast of the interference fringes is

$$
\gamma = \frac{I_{\max} - I_{\min}}{I_{\max} + I_{\min}}= \frac{3}{5}=0.6.
$$",\boxed{0.6},NV,,False,EN,Practical Application
5276,Electromagnetism,Wave Optics,Diffraction,What is the angular separation between the end of the first-order spectrum and the beginning of the second-order spectrum? It is known that a beam of white light is incident on a grating with 600 lines per millimeter.,"The angular separation between them is  

$$  
\delta_{\theta} = \theta_{2 m} - \theta_{1 M} = 1^\circ 33'  
$$",\boxed{1^\circ 33'},NV,,False,EN,Practical Application
5277,Electromagnetism,Wave Optics,Interference,"Consider the optical path difference \(\Delta L\) as a variable, describe the intensity superposition in a two-beam interference field, and derive the limited length of the optical path difference based on the similarity in functional form.","On the other hand, if the optical path difference \(\Delta L\) is used as a variable to describe the intensity superposition in a two-beam interference field, it should be expressed as
\[ 
I(\Delta L)=I_{0}+\int_{\lambda_{0}-\frac{\Delta \lambda}{2}}^{\lambda_{0}+\frac{\Delta \lambda}{2}} i \cos \left(\frac{2 \pi}{\lambda} \Delta L\right) \mathrm{d} \lambda 
\]

Based on the similarity between the functions \(I(\Delta L)\) and \(A(x)\), it is evident that the intensity fluctuations in the interference field are finite, and the effective length \(\Delta L_{M}\) of \(I(\Delta L)\) has a relationship with the linewidth \(\Delta \lambda\) that should be
\[ 
\Delta L_{M}=\frac{\lambda^{2}}{\Delta \lambda} 
\]

Clearly,
\[ 
\Delta L_{M}=l_{0} 
\]
indicating that the maximum value of the optical path difference obtained from spectral analysis is consistent with the coherence length.",\boxed{\Delta L_{M} = l_{0}},EQ,,False,EN,Math Derivation
5279,Electromagnetism,Wave Optics,Polarization,"A ruby laser emits a plane wave with a wavelength of $\lambda = 6943 \, \text{}$ (an appropriate approximation). What are the amplitudes of the electric and magnetic fields as the plane wave propagates through water? Assume the time-averaged power of the wave in water is $100 \, \text{mW/cm}^2$.","Typically, when natural light is reflected at the interface of two media, the reflected light is partially polarized. However, when the angle of incidence satisfies

$$
\theta_{B}=\arctan \frac{n_{1}}{n_{0}}
$$

where $n_{0}$ and $n_{1}$ are the refractive indices of the incident medium and the refractive medium respectively, the reflected light is linearly polarized with vibrations perpendicular to the plane of incidence. This angle $\theta_{B}$ is called the Brewster's angle or the polarization angle.

The calculations for $r, R, \bar{R}$, and $t, T, \bar{T}$ for the $S$ and $P$ components are based on Fresnel's equations. Because the angle of incidence is Brewster's angle, the sum of the angle of incidence and the angle of refraction is $\frac{\pi}{2}$. Intensity refers to the average energy flow density, which is the time average of the Poynting vector, while energy flow equals the intensity multiplied by the cross-sectional area of the beam. The reflected light and incident light are in the same medium, with equal cross-sectional areas, while the refracted light and incident light are in different media, with different cross-sectional areas, which is noteworthy.

1. According to Fresnel's equations, the amplitude reflectance $r_{s}$ and amplitude transmittance $t_{s}$ for the $S$ component are

$$
\begin{gathered}
r_{s}=\frac{n_{1} \cos \theta_{1}-n_{2} \cos \theta_{2}}{n_{1} \cos \theta_{1}+n_{2} \cos \theta_{2}}=-\frac{\sin \left(\theta_{1}-\theta_{2}\right)}{\sin \left(\theta_{1}+\theta_{2}\right)} \\
t_{s}=\frac{2 n_{1} \cos \theta_{1}}{n_{1} \cos \theta_{1}+n_{2} \cos \theta_{2}}=\frac{2 \sin \theta_{2} \cos \theta_{1}}{\sin \left(\theta_{1}+\theta_{2}\right)}
\end{gathered}
$$

The amplitude reflectance $r_{P}$ and amplitude transmittance $t_{P}$ for the $P$ component are

$$
\begin{gathered}
r_{P}=\frac{n_{2} \cos \theta_{1}-n_{1} \cos \theta_{2}}{n_{2} \cos \theta_{1}+n_{1} \cos \theta_{2}}=\frac{\tan \left(\theta_{1}-\theta_{2}\right)}{\tan \left(\theta_{1}+\theta_{2}\right)} \\
t_{P}=\frac{2 n_{1} \cos \theta_{1}}{n_{2} \cos \theta_{1}+n_{1} \cos \theta_{2}}=\frac{2 \cos \theta_{1} \sin \theta_{2}}{\sin \left(\theta_{1}+\theta_{2}\right) \cos \left(\theta_{1}-\theta_{2}\right)}
\end{gathered}
$$

where $n_{1}=1$, $n_{2}=n=1.50$, $\theta_{1}$ is the angle of incidence, and $\theta_{2}$ is the angle of refraction. Since the angle of incidence is the Brewster's angle, we have

$$
\theta_{1}=\theta_{B}=\arctan n=\arctan 1.50=56.3^{\circ}
$$

Additionally,

$$
\theta_{1}+\theta_{2}=\frac{\pi}{2}
$$

Substituting into the formulas for $r_{s}$ and $r_{p}$, we obtain

$$
\begin{gathered}
r_{s}=-\frac{\sin \left(56.3^{\circ}-33.7^{\circ}\right)}{\sin \left(56.3^{\circ}+33.7^{\circ}\right)}=-0.384 \\
r_{p}=0
\end{gathered}
$$

Since the reflected light and incident light are in the same medium with equal cross-sectional areas, the intensity reflectance $R_{S}$ and $R_{P}$, as well as the energy flow reflectance $\bar{R}_{S}$ and $\bar{R}_{P}$ for the $S$ and $P$ components respectively, are

$$
\begin{aligned}
& R_{S}=\left|r_{S}\right|^{2}=0.148, \quad R_{P}=0 \\
& \bar{R}_{S}=\left|r_{S}\right|^{2}=0.148, \quad \bar{R}_{P}=0
\end{aligned}
$$

For the refracted light, substituting $\theta_{1}$ and $\theta_{2}$ into $t_{s}$ and $t_{P}$, we have

$$
\begin{gathered}
t_{s}=\frac{2 \sin \theta_{2} \cos \theta_{1}}{\sin \left(\theta_{1}+\theta_{2}\right)}=\frac{2 \sin 33.7^{\circ} \cos 56.3^{\circ}}{\sin \frac{\pi}{2}}=0.616 \\
t_{P}=\frac{2 \cos \theta_{1} \sin \theta_{2}}{\sin \left(\theta_{1}+\theta_{2}\right) \cos \left(\theta_{1}-\theta_{2}\right)}=\frac{2 \cos 56.3^{\circ} \sin 33.7^{\circ}}{\cos \left(56.3^{\circ}-33.7^{\circ}\right)}=0.667
\end{gathered}
$$

Since the refracted light and incident light are in different media with different cross-sectional areas, the intensity transmittance and energy flow transmittance are not simply equal to the square of the amplitude transmittance. The intensity refers to the average energy flow density, which is the time average of the Poynting vector, given by

$$
\widetilde{S}=\frac{1}{2} \sqrt{\frac{\varepsilon_{0} \varepsilon_{\mathrm{r}}}{\mu_{0} \mu_{\mathrm{r}}}} E^{2}
$$

where $E$ is the amplitude of the electric vector. Since $\mu_{\mathrm{r}} \approx 1$, and the speed of light in vacuum $c=\frac{1}{\sqrt{\varepsilon_{0}} \mu_{0}}$, and the refractive index $n=\sqrt{\varepsilon_{\mathrm{r}} \mu_{\mathrm{r}}} \approx \sqrt{\varepsilon_{\mathrm{r}}}$, this can be rewritten as

$$
\bar{S}=\frac{1}{2 c \mu_{0}} n E^{2}
$$

Thus, the intensity is proportional to $n E^{2}$, and the intensity transmittance is

$$
T=\frac{\bar{S}_{2}}{\bar{S}_{1}}=\frac{n_{2}}{n_{1}} t^{2}
$$

The intensity transmittance for the $S$ and $P$ components is

$$
\begin{aligned}
& T_{S}=\frac{n_{2}}{n_{1}} t_{S}^{2}=n t_{S}^{2}=0.569 \\
& T_{P}=\frac{n_{2}}{n_{1}} t_{P}^{2}=n t_{P}^{2}=0.667
\end{aligned}
$$

The energy flow equals the intensity multiplied by the cross-sectional area of the beam, and the ratio of the cross-sectional areas of the refracted beam to the incident beam is $\frac{\cos \theta_{2}}{\cos \theta_{1}}$, so the energy flow transmittance is

$$
\bar{T}=\frac{\bar{S}_{2} \cos \theta_{2}}{\bar{S}_{1} \cos \theta_{1}}=\frac{n_{2} \cos \theta_{2}}{n_{1} \cos \theta_{1}} t^{2}=\frac{\cos \theta_{2}}{\cos \theta_{1}} T
$$

Substituting the values, the energy flow transmittance for the $S$ and $P$ components is

$$
\begin{gathered}
\bar{T}_{S}=\frac{\cos \theta_{2}}{\cos \theta_{1}} T_{S}=0.853 \\
\bar{T}_{P}=\frac{\cos \theta_{2}}{\cos \theta_{1}} T_{P}=1
\end{gathered}
$$

The fact that the energy flow transmittance $\bar{T}_{P}=1$ for the $P$ component is expected because, when light is incident at the Brewster's angle $\left(\theta_{1}=\theta_{B}\right)$, the reflected light does not contain any $P$ component, meaning the entire energy of the incident $P$ component is transmitted.","\boxed{7.5, 3.3 \times 10^{-8}}","NV, NV","\text{V/m}, \text{T}",True,EN,Practical Application
5280,Electromagnetism,Wave Optics,Diffraction,"Given the phase velocity \( v_{p} = K \sqrt{\lambda} \), which describes waves caused by gravity on the water surface, calculate the group velocity in this situation.","The relationship between phase velocity \( v_{p} \) and group velocity \( v_{g} \) is given by

\[ v_{g} = v_{p} - \lambda \frac{\mathrm{d} v_{p}}{\mathrm{d} \lambda} \]

Given \( v_{p} = K \sqrt{\lambda} \), then \(\frac{\mathrm{d} v_{p}}{\mathrm{d} \lambda} = \frac{1}{2} K \frac{1}{\sqrt{\lambda}}\). Therefore,

\( v_{g} = K \sqrt{\lambda} - \lambda \frac{1}{2} K \frac{1}{\sqrt{\lambda}} = \frac{1}{2} K \sqrt{\lambda} = \frac{1}{2} v_{p} \).",\boxed{\frac{1}{2} v_{p}},EX,,False,EN,Math Derivation
5281,Electromagnetism,Wave Optics,Polarization,"Green light with a wavelength of $5000 \, \text{}$ is incident normally on a grating with a grating constant of $2.5 \times 10^{-4} \, \text{cm}$ and a width of 3 cm. The focal length of the condenser lens is 50 cm. What is the highest order spectrum that can be observed with this grating?","Typically, when natural light is reflected at the interface of two media, the reflected light is partially polarized. However, when the angle of incidence satisfies

$$
\theta_{B}=\arctan \frac{n_{1}}{n_{0}}
$$

where $n_{0}$ and $n_{1}$ are the refractive indices of the incident medium and the refractive medium respectively, the reflected light is linearly polarized with vibrations perpendicular to the plane of incidence. This angle $\theta_{B}$ is called the Brewster's angle or the polarization angle.

The calculations for $r, R, \bar{R}$, and $t, T, \bar{T}$ for the $S$ and $P$ components are based on Fresnel's equations. Because the angle of incidence is Brewster's angle, the sum of the angle of incidence and the angle of refraction is $\frac{\pi}{2}$. Intensity refers to the average energy flow density, which is the time average of the Poynting vector, while energy flow equals the intensity multiplied by the cross-sectional area of the beam. The reflected light and incident light are in the same medium, with equal cross-sectional areas, while the refracted light and incident light are in different media, with different cross-sectional areas, which is noteworthy.

1. According to Fresnel's equations, the amplitude reflectance $r_{s}$ and amplitude transmittance $t_{s}$ for the $S$ component are

$$
\begin{gathered}
r_{s}=\frac{n_{1} \cos \theta_{1}-n_{2} \cos \theta_{2}}{n_{1} \cos \theta_{1}+n_{2} \cos \theta_{2}}=-\frac{\sin \left(\theta_{1}-\theta_{2}\right)}{\sin \left(\theta_{1}+\theta_{2}\right)} \\
t_{s}=\frac{2 n_{1} \cos \theta_{1}}{n_{1} \cos \theta_{1}+n_{2} \cos \theta_{2}}=\frac{2 \sin \theta_{2} \cos \theta_{1}}{\sin \left(\theta_{1}+\theta_{2}\right)}
\end{gathered}
$$

The amplitude reflectance $r_{P}$ and amplitude transmittance $t_{P}$ for the $P$ component are

$$
\begin{gathered}
r_{P}=\frac{n_{2} \cos \theta_{1}-n_{1} \cos \theta_{2}}{n_{2} \cos \theta_{1}+n_{1} \cos \theta_{2}}=\frac{\tan \left(\theta_{1}-\theta_{2}\right)}{\tan \left(\theta_{1}+\theta_{2}\right)} \\
t_{P}=\frac{2 n_{1} \cos \theta_{1}}{n_{2} \cos \theta_{1}+n_{1} \cos \theta_{2}}=\frac{2 \cos \theta_{1} \sin \theta_{2}}{\sin \left(\theta_{1}+\theta_{2}\right) \cos \left(\theta_{1}-\theta_{2}\right)}
\end{gathered}
$$

where $n_{1}=1$, $n_{2}=n=1.50$, $\theta_{1}$ is the angle of incidence, and $\theta_{2}$ is the angle of refraction. Since the angle of incidence is the Brewster's angle, we have

$$
\theta_{1}=\theta_{B}=\arctan n=\arctan 1.50=56.3^{\circ}
$$

Additionally,

$$
\theta_{1}+\theta_{2}=\frac{\pi}{2}
$$

Substituting into the formulas for $r_{s}$ and $r_{p}$, we obtain

$$
\begin{gathered}
r_{s}=-\frac{\sin \left(56.3^{\circ}-33.7^{\circ}\right)}{\sin \left(56.3^{\circ}+33.7^{\circ}\right)}=-0.384 \\
r_{p}=0
\end{gathered}
$$

Since the reflected light and incident light are in the same medium with equal cross-sectional areas, the intensity reflectance $R_{S}$ and $R_{P}$, as well as the energy flow reflectance $\bar{R}_{S}$ and $\bar{R}_{P}$ for the $S$ and $P$ components respectively, are

$$
\begin{aligned}
& R_{S}=\left|r_{S}\right|^{2}=0.148, \quad R_{P}=0 \\
& \bar{R}_{S}=\left|r_{S}\right|^{2}=0.148, \quad \bar{R}_{P}=0
\end{aligned}
$$

For the refracted light, substituting $\theta_{1}$ and $\theta_{2}$ into $t_{s}$ and $t_{P}$, we have

$$
\begin{gathered}
t_{s}=\frac{2 \sin \theta_{2} \cos \theta_{1}}{\sin \left(\theta_{1}+\theta_{2}\right)}=\frac{2 \sin 33.7^{\circ} \cos 56.3^{\circ}}{\sin \frac{\pi}{2}}=0.616 \\
t_{P}=\frac{2 \cos \theta_{1} \sin \theta_{2}}{\sin \left(\theta_{1}+\theta_{2}\right) \cos \left(\theta_{1}-\theta_{2}\right)}=\frac{2 \cos 56.3^{\circ} \sin 33.7^{\circ}}{\cos \left(56.3^{\circ}-33.7^{\circ}\right)}=0.667
\end{gathered}
$$

Since the refracted light and incident light are in different media with different cross-sectional areas, the intensity transmittance and energy flow transmittance are not simply equal to the square of the amplitude transmittance. The intensity refers to the average energy flow density, which is the time average of the Poynting vector, given by

$$
\widetilde{S}=\frac{1}{2} \sqrt{\frac{\varepsilon_{0} \varepsilon_{\mathrm{r}}}{\mu_{0} \mu_{\mathrm{r}}}} E^{2}
$$

where $E$ is the amplitude of the electric vector. Since $\mu_{\mathrm{r}} \approx 1$, and the speed of light in vacuum $c=\frac{1}{\sqrt{\varepsilon_{0}} \mu_{0}}$, and the refractive index $n=\sqrt{\varepsilon_{\mathrm{r}} \mu_{\mathrm{r}}} \approx \sqrt{\varepsilon_{\mathrm{r}}}$, this can be rewritten as

$$
\bar{S}=\frac{1}{2 c \mu_{0}} n E^{2}
$$

Thus, the intensity is proportional to $n E^{2}$, and the intensity transmittance is

$$
T=\frac{\bar{S}_{2}}{\bar{S}_{1}}=\frac{n_{2}}{n_{1}} t^{2}
$$

The intensity transmittance for the $S$ and $P$ components is

$$
\begin{aligned}
& T_{S}=\frac{n_{2}}{n_{1}} t_{S}^{2}=n t_{S}^{2}=0.569 \\
& T_{P}=\frac{n_{2}}{n_{1}} t_{P}^{2}=n t_{P}^{2}=0.667
\end{aligned}
$$

The energy flow equals the intensity multiplied by the cross-sectional area of the beam, and the ratio of the cross-sectional areas of the refracted beam to the incident beam is $\frac{\cos \theta_{2}}{\cos \theta_{1}}$, so the energy flow transmittance is

$$
\bar{T}=\frac{\bar{S}_{2} \cos \theta_{2}}{\bar{S}_{1} \cos \theta_{1}}=\frac{n_{2} \cos \theta_{2}}{n_{1} \cos \theta_{1}} t^{2}=\frac{\cos \theta_{2}}{\cos \theta_{1}} T
$$

Substituting the values, the energy flow transmittance for the $S$ and $P$ components is

$$
\begin{gathered}
\bar{T}_{S}=\frac{\cos \theta_{2}}{\cos \theta_{1}} T_{S}=0.853 \\
\bar{T}_{P}=\frac{\cos \theta_{2}}{\cos \theta_{1}} T_{P}=1
\end{gathered}
$$

The fact that the energy flow transmittance $\bar{T}_{P}=1$ for the $P$ component is expected because, when light is incident at the Brewster's angle $\left(\theta_{1}=\theta_{B}\right)$, the reflected light does not contain any $P$ component, meaning the entire energy of the incident $P$ component is transmitted.",\boxed{4},NV,,False,EN,Practical Application
5282,Electromagnetism,Wave Optics,Diffraction,"Given the phase velocity \( v_{p} = \frac{K}{\lambda} \), for the wave produced by the bending of an elastic thin sheet, calculate the group velocity in this case.","The relationship between the phase velocity \( v_{p} \) and the group velocity \( v_{g} \) is given by

\[ v_{g} = v_{p} - \lambda \frac{\mathrm{d} v_{p}}{\mathrm{d} \lambda} \]

Given \( v_{p} = \frac{K}{\lambda} \), we have \(\frac{\mathrm{d} v_{p}}{\mathrm{d} \lambda} = -\frac{K}{\lambda^{2}}\), thus

\[ v_{g} = \frac{K}{\lambda} - \lambda \left( -\frac{K}{\lambda^{2}} \right) = 2 \frac{K}{\lambda} = 2 v_{p} \]",\boxed{2 v_{p}},EX,,False,EN,Math Derivation
5283,Electromagnetism,Wave Optics,Interference,"In a Michelson interferometer, one arm (mirror) is moved at a constant velocity \( v \). A lens is used to receive the interference fringes and focuses them onto a photoelectric device to convert the intensity variations into electrical signals. According to the velocity calculated in the second question, what is the beat frequency of the electrical signal generated by sodium yellow light? (The doublet wavelengths of sodium yellow light are \( 5890\, \text{\AA} \) and \( 5896\, \text{\AA} \).)","Let the doublet wavelengths of sodium yellow light be \( \lambda_{1} \) and \( \lambda_{2} \), then the time frequencies of the electrical signals generated in the interferometer are 

\[
\nu_{1}=\frac{2 v}{\lambda_{1}}, \quad \nu_{2}=\frac{2 v}{\lambda_{2}}
\]

The resultant beat frequency of the electrical signal is

\[
\Delta \nu=\nu_{1}-\nu_{2}=2 v\left(\frac{1}{\lambda_{1}}-\frac{1}{\lambda_{2}}\right) \approx 2 v \frac{\Delta \lambda}{\lambda^{2}}
\]

If we take \( v=15 \, \mu \mathrm{m}/\mathrm{s} \), average wavelength \( \lambda=5893 \, \text{\AA} \), and wavelength difference \( \Delta \lambda=6 \, \text{\AA} \), the calculated beat frequency is 

\[
\Delta \nu=5.2 \times 10^{-2} \, \mathrm{Hz} \ll \nu_{1}, \nu_{2}
\]",\boxed{5.2 \times 10^{-2}},NV,,False,EN,Practical Application
5284,Electromagnetism,Wave Optics,Interference,"A beam of visible light passes through an F-P filter membrane, and the transmission maxima wavelength satisfies $k \lambda = 2 n_{1} d_{1}$. The reflectivity of the reflective layer of the filter membrane is $R_{1}=0.99$, the spacer layer thickness is $d_{1}=0.25 \, \mu \mathrm{m}$, and the refractive index is $n_{1}=2.0$. Calculate the transmission maxima wavelength and bandwidth $\Delta \lambda$ of visible light for this filter membrane.","The wavelength of the transmission maxima for visible light through the filter membrane satisfies
$$
k \lambda = 2 n_{1} d_{1}
$$
where $k$ is an integer. Substituting $k=1,2,3$, we find that when $k=1$, $\lambda_{1}=1.0 \, \mu \mathrm{m}$; when $k=2$, $\lambda_{2}=0.50 \, \mu \mathrm{m}$; and when $k=3$, $\lambda_{3}=0.333 \, \mu \mathrm{m}$. Only $\lambda_{2}$ falls within the visible light range. The bandwidth $\Delta \lambda$ of $\lambda_{2}$ is
$$
\Delta \lambda = \frac{1-R_{1}}{2 \pi \sqrt{R_{1}}} \lambda = 0.8 \, \mathrm{nm}
$$
which means the transmitted light is quasi-monochromatic light of $(500.0 \pm 0.4) \, \mathrm{nm}$.","\boxed{0.50, 0.8}","NV, NV","\mu \mathrm{m}, \mathrm{nm}",True,EN,Laws Application
5285,Electromagnetism,Wave Optics,Diffraction,"Given the phase velocity \( v_{p} = \frac{K}{\sqrt{\lambda}} \) for surface tension waves on the water surface, calculate the group velocity under this condition.","The relationship between the phase velocity \( v_{p} \) and the group velocity \( v_{g} \) is given by

\[ v_{g} = v_{p} - \lambda \frac{\mathrm{d} v_{p}}{\mathrm{d} \lambda} \]

Given \( v_{p} = \frac{K}{\sqrt{\lambda}} \), we find \(\frac{\mathrm{d} v_{p}}{\mathrm{d} \lambda} = -\frac{1}{2} \frac{K}{\lambda^{3/2}}\). Therefore, 

\[ v_{g} = \frac{K}{\sqrt{\lambda}} - \lambda \left( -\frac{1}{2} \frac{K}{\lambda^{3/2}} \right) = \frac{3}{2} \frac{K}{\sqrt{\lambda}} = \frac{3}{2} v_{p} \].",\boxed{\frac{3}{2} v_{p}},EX,,False,EN,Math Derivation
5287,Electromagnetism,Wave Optics,Polarization,Linearly polarized light passes through a quarter-wave plate and then through a Nicol prism. The principal section \( N \) of the Nicol prism is rotated \( 15^{\circ} \) clockwise from the fast axis direction of the quarter-wave plate. Find the intensity of the light finally emitted.,"According to Malus's law, the amplitude of the linearly polarized light passing through the Nicol prism is

$$
\sqrt{I_{0}} \cos \left(45^{\circ} + 15^{\circ}\right) = \sqrt{I_{0}} \cos 60^{\circ} = \frac{1}{2} \sqrt{I_{0}}
$$

Therefore, the intensity of the light emitted is

$$
I = \frac{1}{4} I_{0}
$$

For a diagram, please refer to the attached figure.

$$
<image 1>
$$",\boxed{\frac{1}{4} I_{0}},EX,,False,EN,Laws Application
5290,Electromagnetism,Wave Optics,Polarization,"Using a gigantic telescope with a diameter of 6 meters to take photographs in order to detect the rotation of the Milky Way and Andromeda Galaxy around their common center of mass. Given that the wavelength of visible light is 510 meters, what is the minimum angular separation at which the two celestial bodies can be clearly distinguished?","Typically, when natural light is reflected at the interface of two media, the reflected light is partially polarized. However, when the angle of incidence satisfies

$$
\theta_{B}=\arctan \frac{n_{1}}{n_{0}}
$$

where $n_{0}$ and $n_{1}$ are the refractive indices of the incident medium and the refractive medium respectively, the reflected light is linearly polarized with vibrations perpendicular to the plane of incidence. This angle $\theta_{B}$ is called the Brewster's angle or the polarization angle.

The calculations for $r, R, \bar{R}$, and $t, T, \bar{T}$ for the $S$ and $P$ components are based on Fresnel's equations. Because the angle of incidence is Brewster's angle, the sum of the angle of incidence and the angle of refraction is $\frac{\pi}{2}$. Intensity refers to the average energy flow density, which is the time average of the Poynting vector, while energy flow equals the intensity multiplied by the cross-sectional area of the beam. The reflected light and incident light are in the same medium, with equal cross-sectional areas, while the refracted light and incident light are in different media, with different cross-sectional areas, which is noteworthy.

1. According to Fresnel's equations, the amplitude reflectance $r_{s}$ and amplitude transmittance $t_{s}$ for the $S$ component are

$$
\begin{gathered}
r_{s}=\frac{n_{1} \cos \theta_{1}-n_{2} \cos \theta_{2}}{n_{1} \cos \theta_{1}+n_{2} \cos \theta_{2}}=-\frac{\sin \left(\theta_{1}-\theta_{2}\right)}{\sin \left(\theta_{1}+\theta_{2}\right)} \\
t_{s}=\frac{2 n_{1} \cos \theta_{1}}{n_{1} \cos \theta_{1}+n_{2} \cos \theta_{2}}=\frac{2 \sin \theta_{2} \cos \theta_{1}}{\sin \left(\theta_{1}+\theta_{2}\right)}
\end{gathered}
$$

The amplitude reflectance $r_{P}$ and amplitude transmittance $t_{P}$ for the $P$ component are

$$
\begin{gathered}
r_{P}=\frac{n_{2} \cos \theta_{1}-n_{1} \cos \theta_{2}}{n_{2} \cos \theta_{1}+n_{1} \cos \theta_{2}}=\frac{\tan \left(\theta_{1}-\theta_{2}\right)}{\tan \left(\theta_{1}+\theta_{2}\right)} \\
t_{P}=\frac{2 n_{1} \cos \theta_{1}}{n_{2} \cos \theta_{1}+n_{1} \cos \theta_{2}}=\frac{2 \cos \theta_{1} \sin \theta_{2}}{\sin \left(\theta_{1}+\theta_{2}\right) \cos \left(\theta_{1}-\theta_{2}\right)}
\end{gathered}
$$

where $n_{1}=1$, $n_{2}=n=1.50$, $\theta_{1}$ is the angle of incidence, and $\theta_{2}$ is the angle of refraction. Since the angle of incidence is the Brewster's angle, we have

$$
\theta_{1}=\theta_{B}=\arctan n=\arctan 1.50=56.3^{\circ}
$$

Additionally,

$$
\theta_{1}+\theta_{2}=\frac{\pi}{2}
$$

Substituting into the formulas for $r_{s}$ and $r_{p}$, we obtain

$$
\begin{gathered}
r_{s}=-\frac{\sin \left(56.3^{\circ}-33.7^{\circ}\right)}{\sin \left(56.3^{\circ}+33.7^{\circ}\right)}=-0.384 \\
r_{p}=0
\end{gathered}
$$

Since the reflected light and incident light are in the same medium with equal cross-sectional areas, the intensity reflectance $R_{S}$ and $R_{P}$, as well as the energy flow reflectance $\bar{R}_{S}$ and $\bar{R}_{P}$ for the $S$ and $P$ components respectively, are

$$
\begin{aligned}
& R_{S}=\left|r_{S}\right|^{2}=0.148, \quad R_{P}=0 \\
& \bar{R}_{S}=\left|r_{S}\right|^{2}=0.148, \quad \bar{R}_{P}=0
\end{aligned}
$$

For the refracted light, substituting $\theta_{1}$ and $\theta_{2}$ into $t_{s}$ and $t_{P}$, we have

$$
\begin{gathered}
t_{s}=\frac{2 \sin \theta_{2} \cos \theta_{1}}{\sin \left(\theta_{1}+\theta_{2}\right)}=\frac{2 \sin 33.7^{\circ} \cos 56.3^{\circ}}{\sin \frac{\pi}{2}}=0.616 \\
t_{P}=\frac{2 \cos \theta_{1} \sin \theta_{2}}{\sin \left(\theta_{1}+\theta_{2}\right) \cos \left(\theta_{1}-\theta_{2}\right)}=\frac{2 \cos 56.3^{\circ} \sin 33.7^{\circ}}{\cos \left(56.3^{\circ}-33.7^{\circ}\right)}=0.667
\end{gathered}
$$

Since the refracted light and incident light are in different media with different cross-sectional areas, the intensity transmittance and energy flow transmittance are not simply equal to the square of the amplitude transmittance. The intensity refers to the average energy flow density, which is the time average of the Poynting vector, given by

$$
\widetilde{S}=\frac{1}{2} \sqrt{\frac{\varepsilon_{0} \varepsilon_{\mathrm{r}}}{\mu_{0} \mu_{\mathrm{r}}}} E^{2}
$$

where $E$ is the amplitude of the electric vector. Since $\mu_{\mathrm{r}} \approx 1$, and the speed of light in vacuum $c=\frac{1}{\sqrt{\varepsilon_{0}} \mu_{0}}$, and the refractive index $n=\sqrt{\varepsilon_{\mathrm{r}} \mu_{\mathrm{r}}} \approx \sqrt{\varepsilon_{\mathrm{r}}}$, this can be rewritten as

$$
\bar{S}=\frac{1}{2 c \mu_{0}} n E^{2}
$$

Thus, the intensity is proportional to $n E^{2}$, and the intensity transmittance is

$$
T=\frac{\bar{S}_{2}}{\bar{S}_{1}}=\frac{n_{2}}{n_{1}} t^{2}
$$

The intensity transmittance for the $S$ and $P$ components is

$$
\begin{aligned}
& T_{S}=\frac{n_{2}}{n_{1}} t_{S}^{2}=n t_{S}^{2}=0.569 \\
& T_{P}=\frac{n_{2}}{n_{1}} t_{P}^{2}=n t_{P}^{2}=0.667
\end{aligned}
$$

The energy flow equals the intensity multiplied by the cross-sectional area of the beam, and the ratio of the cross-sectional areas of the refracted beam to the incident beam is $\frac{\cos \theta_{2}}{\cos \theta_{1}}$, so the energy flow transmittance is

$$
\bar{T}=\frac{\bar{S}_{2} \cos \theta_{2}}{\bar{S}_{1} \cos \theta_{1}}=\frac{n_{2} \cos \theta_{2}}{n_{1} \cos \theta_{1}} t^{2}=\frac{\cos \theta_{2}}{\cos \theta_{1}} T
$$

Substituting the values, the energy flow transmittance for the $S$ and $P$ components is

$$
\begin{gathered}
\bar{T}_{S}=\frac{\cos \theta_{2}}{\cos \theta_{1}} T_{S}=0.853 \\
\bar{T}_{P}=\frac{\cos \theta_{2}}{\cos \theta_{1}} T_{P}=1
\end{gathered}
$$

The fact that the energy flow transmittance $\bar{T}_{P}=1$ for the $P$ component is expected because, when light is incident at the Brewster's angle $\left(\theta_{1}=\theta_{B}\right)$, the reflected light does not contain any $P$ component, meaning the entire energy of the incident $P$ component is transmitted.",\boxed{1 \times 10^{-7}},NV,\text{rad},False,EN,Laws Application
5292,Electromagnetism,Wave Optics,Interference,"The yellow line emitted by a sodium lamp contains two closely spaced spectral lines with an average wavelength of $5893 \, \text{\AA}$. When adjusting a Michelson interferometer under sodium light, it is observed that the contrast of the interference pattern changes periodically as the mirror moves. It is measured that from the clearest to the most blurred pattern, 490 fringe cycles pass in the field of view. Find the separation $\Delta \lambda$ of the sodium doublet.","The result of the incoherent superposition of two sets of fringes produced by the double spectral lines causes the contrast of the interference pattern to change periodically with the increase of the optical path difference. The change in optical path difference $\delta(\Delta L)$ from clearest to most blurred (or vice versa) and the number of fringe cycles $\Delta N$ satisfy

$$
\delta(\Delta L)=\frac{\bar{\lambda}^{2}}{2 \Delta \lambda}=\Delta N \bar{\lambda}
$$

Thus, the separation of the double lines is determined as

$$
\Delta \lambda=\frac{\bar{\lambda}}{2 \Delta N}=\frac{5893}{2 \times 490} \approx 6.0 \, \text{\AA}
$$",\boxed{6.0},NV,\text{\AA},False,EN,Practical Application
5294,Electromagnetism,Wave Optics,Diffraction,"A sinusoidal grating has a transmission function given by

$$
\widetilde{t}(x, y) = t_{0} + t_{1} \cos(2 \pi f x)
$$

Now, it is translated along the $x$ direction by $\Delta x = 3d/2$. Write the expression for the transmission function after the shift (where $d$ is the spatial period of the transmission function).","The shift $\Delta x$ causes a phase shift $\Delta \varphi$, and their quantitative relationship is given by

$$
\Delta \varphi = -2 \pi f \Delta x = -\frac{2 \pi}{d} \Delta x
$$

The expression for the transmission function becomes

$$
t(x, y) = t_{0} + t_{1} \cos(2 \pi f x + \Delta \varphi)
$$

When $\Delta x = \frac{3}{2}d$, $\Delta \varphi = -3\pi$.","\boxed{t(x, y) = t_{0} + t_{1} \cos(2 \pi f x - 3\pi)}",EQ,,False,EN,Knowledge Recall
5295,Electromagnetism,Wave Optics,Polarization,"A third polarizer is inserted between two orthogonal polarizers. When the intensity of the light passing through is $1/8$ of the incident light intensity, determine the orientation angle of the inserted polarizer.","Let the inserted polarizer $P$ form an angle $\theta$ with the transmission direction of the first polarizer $P_{1}$. The intensity of the incident light is $I_{0}$. After passing through $P_{1}$, the intensity becomes $I_{1}=I_{0} / 2$. After passing through $P$, the intensity is $\frac{I_{0}}{2} \cos^2 \theta$, and after passing through $P_{2}$, the intensity is

$$
I=\frac{I_{0}}{2} \cos^2 \theta \cdot \cos^2\left(\frac{\pi}{2}-\theta\right)=\frac{I_{0}}{2} \cos^2 \theta \cdot \sin^2 \theta=\frac{I_{0}}{8} \sin^2 2\theta
$$

To achieve $I=I_{0} / 8$, we need $\sin^2 2\theta=1$, which gives $\theta=45^{\circ}$.",\boxed{45},NV,{}^\circ,False,EN,Laws Application
5296,Electromagnetism,Wave Optics,Interference,"Assume the reflecting surface is an ideal plane with an interval $t = 1 \, \mathrm{mm}$, a reflectance $R = 0.93$, and a wave number difference between two spectral lines of $\Delta \delta = 0.10 \, \mathrm{cm}^{-1}$. The fluctuation of the reflecting surface is one $M^{th}$ of a wavelength, i.e., $\Delta t = \lambda / M$. Calculate within what range the unevenness $\lambda / M$ of the reflecting surface should be.","In the case of near-normal incidence,

$$
\delta = \left(\frac{2 \pi}{\lambda}\right) 2 t \cos \theta
$$

then $\Delta \delta = \frac{4 \pi}{M}$, at this moment we have

$$
\delta_{1} - \delta_{2} \geqslant \frac{2(1-R)}{\sqrt{R}}
$$

or

$$
\frac{4 \pi}{M} \geqslant \frac{2(1-R)}{\sqrt{R}}
$$

thus we obtain

$$
\frac{1}{M} \leqslant \frac{1-R}{2 \pi \sqrt{R}}
$$

Substituting $R=0.93$, we get $M = 90$. That is, the unevenness of the reflecting surface should not exceed $1/90$ of a wavelength.",\boxed{\frac{1}{90}},NV,,False,EN,Laws Application
5299,Electromagnetism,Wave Optics,Diffraction,"The transmission function of a sinusoidal grating is given by

$$
\widetilde{t}(x, y) = t_{0} + t_{1} \cos(2 \pi f x)
$$

Now, it is translated along the $x$ direction by $\Delta x = d/2$. Write out the expression for the transmission function after the shift (where $d$ is the spatial period of the transmission function).","The displacement $\Delta x$ causes a phase shift $\Delta \varphi$, with the quantitative relationship

$$
\Delta \varphi = -2 \pi f \Delta x = -\frac{2 \pi}{d} \Delta x
$$

The expression for the transmission function becomes

$$
t(x, y) = t_{0} + t_{1} \cos(2 \pi f x + \Delta \varphi)
$$

When $\Delta x = \frac{d}{2}$, $\Delta \varphi = -\pi$.","\boxed{t(x, y) = t_{0} + t_{1} \cos(2 \pi f x - \pi)}",EQ,,False,EN,Knowledge Recall
5300,Electromagnetism,Wave Optics,Diffraction,"The rotational period \( T \) of the Milky Way and the Andromeda Galaxy around their common center of mass is to be determined. Given the mass of the Milky Way as \( M_{1} = 2.5 \times 10^{11} M_{0} \) and the mass of the Andromeda Galaxy as \( M_{2} = 3.6 \times 10^{11} M_{0} \), find the expression for this rotational period.","According to Kepler's laws of planetary motion, \( \frac{a^{3}}{T^{2}} = K \), where \( K = \frac{G}{4\pi^{2}} M \) and \( M \) is the mass of the star. Extending this to the motion of two galaxies around a common center of mass, we have \( \frac{a^{3}}{T^{2}} = K \propto (M_{1} + M_{2}) \), therefore:

\[
\frac{R_{0}^{3}}{T_{0}^{2}} = \frac{G}{4\pi^{2}} M_{0}
\]

\[
\frac{R^{3}}{T^{2}} = \frac{G}{4\pi^{2}} (M_{1} + M_{2})
\]

Thus,

\[
T = T_{0} \sqrt{\frac{M_{0}}{M_{1} + M_{2}}} \left( \frac{R}{R_{0}} \right)^{\frac{3}{2}}
\]",\boxed{T = T_{0} \sqrt{\frac{M_{0}}{M_{1} + M_{2}}} \left( \frac{R}{R_{0}} \right)^{\frac{3}{2}}},EQ,,False,EN,Laws Application
5302,Electromagnetism,Wave Optics,Diffraction,"Given the Cauchy formula for normal dispersion media $n=A+\frac{B}{\lambda_{0}^{2}}$, where $A$ and $B$ are constants, and $\lambda_{0}$ is the wavelength of light in a vacuum. Find the group velocity.","From the Cauchy formula, we have

$$
\frac{\mathrm{d} n}{\mathrm{d} \lambda_{0}}=-\frac{2 B}{\lambda_{0}^{3}}
$$

Therefore, the group velocity in normal dispersion media is

$$
\begin{aligned}
v_{g} & =\frac{c}{n}\left(1+\frac{\lambda}{n} \frac{\mathrm{d} n}{\mathrm{d} \lambda}\right) \approx \frac{c}{n}\left(1+\frac{\lambda_{0}}{n} \frac{\mathrm{d} n}{\mathrm{d} \lambda_{0}}\right) \\
& =\frac{c}{n}\left(1-\frac{2 B}{n \lambda_{0}^{2}}\right)=\frac{c}{n}\left(1-\frac{2 B}{n^{2} \lambda^{2}}\right)
\end{aligned}
$$

where $\lambda$ is the wavelength in the medium and $c$ is the speed of light in a vacuum. It can be concluded that the group velocity in a normal dispersion medium is less than the phase velocity.",\boxed{\frac{c}{n}\left(1-\frac{2 B}{n^{2} \lambda^{2}}\right)},EX,,False,EN,Laws Application
5303,Electromagnetism,Wave Optics,Polarization,"Linearly polarized light of wavelength \(\lambda = 500 \, \text{nm}\) propagates in the \(z\) direction with its electric vector making a \(45^\circ\) angle with the \(x\)-axis. It passes through a Kerr cell of length \(l = 1.0 \, \text{cm}\). Within the cell, the medium becomes anisotropic under the influence of an electric field in the \(x\)-direction, with a difference in principal refractive indices given by

\[
n_{x} - n_{y} = K E^{2}
\]

where \(E\) is the electric field strength, and the proportionality constant is \(K = 2.5 \times 10^{-6} \, \text{m}^2 / \text{V}^2\). \(n_{x}\) and \(n_{y}\) are the refractive indices when the vibration directions are along the \(x\) and \(y\) axes, respectively. A polarizer is placed after the Kerr cell, with its polarization direction perpendicular to the vibration direction of the incident light. Find the minimum electric field strength \(E\) such that the light transmitted through the polarizer is at its maximum.","As shown in Figure 1, the incident linearly polarized light entering the Kerr cell splits into two vibrations of equal amplitude and perpendicular directions. One vibration is along the \(x\)-axis with a refractive index \(n_{x}\), and the other is along the \(y\)-axis (perpendicular to the plane of the figure) with a refractive index \(n_{y}\). After passing through the Kerr cell, a phase difference between these vibrations is created, calculated as

\[
\Delta \varphi = \frac{2\pi}{\lambda}(n_{x} - n_{y}) l
\]

Generally, the resulting light is elliptically polarized. When \(\Delta \varphi = 2k\pi \, (k=0,1,2,\ldots)\), the light recombines into linear polarization with a direction identical to the incident light and cannot pass through the polarizer. When \(\Delta \varphi = (2k+1)\pi \, (k=0,1,2,\ldots)\), it also recombines into linearly polarized light, but with its vibration direction rotated by \(90^\circ\) relative to the incident light, thus aligning with the polarizer's orientation and permitting maximum transmission. The required electric field strength can be calculated from the desired \(\Delta \varphi\) value.

The optical path difference between the two perpendicular vibrations exiting the Kerr cell is

\[
\Delta = (n_{x} - n_{y}) l = K E^{2} l
\]

The corresponding phase difference is

\[
\delta = \frac{2\pi}{\lambda} \Delta = \frac{2\pi}{\lambda} K E^{2} l
\]

When

\[
\delta = (2k+1)\pi, \quad k=0,1,2,\ldots
\]

the light exiting the Kerr cell is linearly polarized, with its vibration direction rotated by \(90^\circ\) relative to the original incident light, aligning with the polarizer's direction for maximum transmission. At this point,

\[
\delta = \frac{2\pi}{\lambda} K E^{2} l = (2k+1)\pi
\]

Taking \(k=0\), the minimum electric field strength needed is

\[
\begin{gathered}
E^{2} = \frac{\lambda}{2Kl} = \frac{5 \times 10^{-7}}{2 \times 2.5 \times 10^{-6} \times 10^{-2}} = 10 \, (\text{V}^2 / \text{m}^2) \\
E = 3.2 \, \text{V/m}
\end{gathered}
\]",\boxed{3.2},NV,\mathrm{V/m},False,EN,Practical Application
5304,Electromagnetism,Wave Optics,Diffraction,Determine the angular resolution in arcseconds of two stars when observed through an 80x eyepiece by an eye that can only resolve an angle of $1^{\prime}$.,"The eye can only resolve an angle of $1^{\prime}$, and the magnification of the eyepiece is 80x. Therefore, the angular resolution of the two stars that the eye can perceive is $\Delta \theta_{2} = \frac{1^{\prime}}{80} \approx 1^{\prime \prime}$.",\boxed{1},NV,{}^{\prime \prime},False,EN,Knowledge Recall
5306,Electromagnetism,Wave Optics,Polarization,"Let the refractive indices of dielectric media 1 and 2 be \( n_{1}, n_{2} \left(n_{1} > n_{2}\right) \), and the incident angle \( \theta_{1} \) exceed the critical angle for total internal reflection. Prove that under the condition of total internal reflection, the amplitude reflectivity in Fresnel's equations is a complex number, and provide the phase difference \( \delta \) between the \( S \) and \( P \) components.","Let the refractive indices of dielectric media 1 and 2 be \( n_{1}, n_{2} \left(n_{1} > n_{2}\right) \), with the incident angle \( \theta_{1} \) greater than the critical angle for total internal reflection, i.e.,

\[
\sin \theta_{1} > \frac{n_{2}}{n_{1}} = n
\]

According to Fresnel's equations, the amplitude ratio of the \( S \) and \( P \) components in the reflected light to the corresponding components in the incident light is

\[
\begin{aligned}
& \frac{E_{S_{1}}^{\prime}}{E_{S_{1}}} = \frac{\cos \theta_{1} - \mathrm{i} \sqrt{\sin^{2} \theta_{1} - n^{2}}}{\cos \theta_{1} + \mathrm{i} \sqrt{\sin^{2} \theta_{1} - n^{2}}} \\
& \frac{E_{P_{1}}^{\prime}}{E_{P_{1}}} = \frac{n^{2} \cos \theta_{1} - \mathrm{i} \sqrt{\sin^{2} \theta_{1} - n^{2}}}{n^{2} \cos \theta_{1} + \mathrm{i} \sqrt{\sin^{2} \theta_{1} - n^{2}}}
\end{aligned}
\]

The above equations show that under the condition of total internal reflection, the amplitude reflectivities \(\frac{E_{S_{1}}^{\prime}}{E_{S_{1}}}\) and \(\frac{E_{P_{1}}^{\prime}}{E_{P_{1}}}\) for the \( S \) and \( P \) components are complex numbers. Their magnitudes are both equal to 1, indicating that the amplitudes of the \( S \) and \( P \) components in the reflected light are the same as those in the incident light, meaning that all energy is reflected. Their phase angles are \( -2 \varphi_{S} \) and \( -2 \varphi_{P} \), respectively, indicating different phase changes for the \( S \) and \( P \) components before and after reflection. Since the \( S \) and \( P \) components of the incident light are in phase, the phase difference \( \delta \) between the \( S \) and \( P \) components in the reflected light is

\[
\delta = 2 \left(\varphi_{P} - \varphi_{S}\right) = 2 \arctan \left[\frac{\cos \theta_{1} \sqrt{\sin^{2} \theta_{1} - n^{2}}}{\sin^{2} \theta_{1}}\right]
\]

where \( n = \frac{n_{2}}{n_{1}} < 1 \), with light going from a medium with refractive index \( n_{1} \) to a medium with refractive index \( n_{2} \).",\boxed{2 \arctan \left[\frac{\cos \theta_{1} \sqrt{\sin ^{2} \theta_{1}-n^{2}}}{\sin ^{2} \theta_{1}}\right]},NV,,False,EN,Math Derivation
5309,Electromagnetism,Wave Optics,Polarization,"A crystal plate causing an optical path difference \(\Delta=6500 \, \text{}\) is placed between crossed polarizers \(P_{1}\) and \(P_{2}\). When illuminated with white light, determine which wavelength of light is missing from the transmitted light.","Typically, when natural light is reflected at the interface of two media, the reflected light is partially polarized. However, when the angle of incidence satisfies

$$
\theta_{B}=\arctan \frac{n_{1}}{n_{0}}
$$

where $n_{0}$ and $n_{1}$ are the refractive indices of the incident medium and the refractive medium respectively, the reflected light is linearly polarized with vibrations perpendicular to the plane of incidence. This angle $\theta_{B}$ is called the Brewster's angle or the polarization angle.

The calculations for $r, R, \bar{R}$, and $t, T, \bar{T}$ for the $S$ and $P$ components are based on Fresnel's equations. Because the angle of incidence is Brewster's angle, the sum of the angle of incidence and the angle of refraction is $\frac{\pi}{2}$. Intensity refers to the average energy flow density, which is the time average of the Poynting vector, while energy flow equals the intensity multiplied by the cross-sectional area of the beam. The reflected light and incident light are in the same medium, with equal cross-sectional areas, while the refracted light and incident light are in different media, with different cross-sectional areas, which is noteworthy.

1. According to Fresnel's equations, the amplitude reflectance $r_{s}$ and amplitude transmittance $t_{s}$ for the $S$ component are

$$
\begin{gathered}
r_{s}=\frac{n_{1} \cos \theta_{1}-n_{2} \cos \theta_{2}}{n_{1} \cos \theta_{1}+n_{2} \cos \theta_{2}}=-\frac{\sin \left(\theta_{1}-\theta_{2}\right)}{\sin \left(\theta_{1}+\theta_{2}\right)} \\
t_{s}=\frac{2 n_{1} \cos \theta_{1}}{n_{1} \cos \theta_{1}+n_{2} \cos \theta_{2}}=\frac{2 \sin \theta_{2} \cos \theta_{1}}{\sin \left(\theta_{1}+\theta_{2}\right)}
\end{gathered}
$$

The amplitude reflectance $r_{P}$ and amplitude transmittance $t_{P}$ for the $P$ component are

$$
\begin{gathered}
r_{P}=\frac{n_{2} \cos \theta_{1}-n_{1} \cos \theta_{2}}{n_{2} \cos \theta_{1}+n_{1} \cos \theta_{2}}=\frac{\tan \left(\theta_{1}-\theta_{2}\right)}{\tan \left(\theta_{1}+\theta_{2}\right)} \\
t_{P}=\frac{2 n_{1} \cos \theta_{1}}{n_{2} \cos \theta_{1}+n_{1} \cos \theta_{2}}=\frac{2 \cos \theta_{1} \sin \theta_{2}}{\sin \left(\theta_{1}+\theta_{2}\right) \cos \left(\theta_{1}-\theta_{2}\right)}
\end{gathered}
$$

where $n_{1}=1$, $n_{2}=n=1.50$, $\theta_{1}$ is the angle of incidence, and $\theta_{2}$ is the angle of refraction. Since the angle of incidence is the Brewster's angle, we have

$$
\theta_{1}=\theta_{B}=\arctan n=\arctan 1.50=56.3^{\circ}
$$

Additionally,

$$
\theta_{1}+\theta_{2}=\frac{\pi}{2}
$$

Substituting into the formulas for $r_{s}$ and $r_{p}$, we obtain

$$
\begin{gathered}
r_{s}=-\frac{\sin \left(56.3^{\circ}-33.7^{\circ}\right)}{\sin \left(56.3^{\circ}+33.7^{\circ}\right)}=-0.384 \\
r_{p}=0
\end{gathered}
$$

Since the reflected light and incident light are in the same medium with equal cross-sectional areas, the intensity reflectance $R_{S}$ and $R_{P}$, as well as the energy flow reflectance $\bar{R}_{S}$ and $\bar{R}_{P}$ for the $S$ and $P$ components respectively, are

$$
\begin{aligned}
& R_{S}=\left|r_{S}\right|^{2}=0.148, \quad R_{P}=0 \\
& \bar{R}_{S}=\left|r_{S}\right|^{2}=0.148, \quad \bar{R}_{P}=0
\end{aligned}
$$

For the refracted light, substituting $\theta_{1}$ and $\theta_{2}$ into $t_{s}$ and $t_{P}$, we have

$$
\begin{gathered}
t_{s}=\frac{2 \sin \theta_{2} \cos \theta_{1}}{\sin \left(\theta_{1}+\theta_{2}\right)}=\frac{2 \sin 33.7^{\circ} \cos 56.3^{\circ}}{\sin \frac{\pi}{2}}=0.616 \\
t_{P}=\frac{2 \cos \theta_{1} \sin \theta_{2}}{\sin \left(\theta_{1}+\theta_{2}\right) \cos \left(\theta_{1}-\theta_{2}\right)}=\frac{2 \cos 56.3^{\circ} \sin 33.7^{\circ}}{\cos \left(56.3^{\circ}-33.7^{\circ}\right)}=0.667
\end{gathered}
$$

Since the refracted light and incident light are in different media with different cross-sectional areas, the intensity transmittance and energy flow transmittance are not simply equal to the square of the amplitude transmittance. The intensity refers to the average energy flow density, which is the time average of the Poynting vector, given by

$$
\widetilde{S}=\frac{1}{2} \sqrt{\frac{\varepsilon_{0} \varepsilon_{\mathrm{r}}}{\mu_{0} \mu_{\mathrm{r}}}} E^{2}
$$

where $E$ is the amplitude of the electric vector. Since $\mu_{\mathrm{r}} \approx 1$, and the speed of light in vacuum $c=\frac{1}{\sqrt{\varepsilon_{0}} \mu_{0}}$, and the refractive index $n=\sqrt{\varepsilon_{\mathrm{r}} \mu_{\mathrm{r}}} \approx \sqrt{\varepsilon_{\mathrm{r}}}$, this can be rewritten as

$$
\bar{S}=\frac{1}{2 c \mu_{0}} n E^{2}
$$

Thus, the intensity is proportional to $n E^{2}$, and the intensity transmittance is

$$
T=\frac{\bar{S}_{2}}{\bar{S}_{1}}=\frac{n_{2}}{n_{1}} t^{2}
$$

The intensity transmittance for the $S$ and $P$ components is

$$
\begin{aligned}
& T_{S}=\frac{n_{2}}{n_{1}} t_{S}^{2}=n t_{S}^{2}=0.569 \\
& T_{P}=\frac{n_{2}}{n_{1}} t_{P}^{2}=n t_{P}^{2}=0.667
\end{aligned}
$$

The energy flow equals the intensity multiplied by the cross-sectional area of the beam, and the ratio of the cross-sectional areas of the refracted beam to the incident beam is $\frac{\cos \theta_{2}}{\cos \theta_{1}}$, so the energy flow transmittance is

$$
\bar{T}=\frac{\bar{S}_{2} \cos \theta_{2}}{\bar{S}_{1} \cos \theta_{1}}=\frac{n_{2} \cos \theta_{2}}{n_{1} \cos \theta_{1}} t^{2}=\frac{\cos \theta_{2}}{\cos \theta_{1}} T
$$

Substituting the values, the energy flow transmittance for the $S$ and $P$ components is

$$
\begin{gathered}
\bar{T}_{S}=\frac{\cos \theta_{2}}{\cos \theta_{1}} T_{S}=0.853 \\
\bar{T}_{P}=\frac{\cos \theta_{2}}{\cos \theta_{1}} T_{P}=1
\end{gathered}
$$

The fact that the energy flow transmittance $\bar{T}_{P}=1$ for the $P$ component is expected because, when light is incident at the Brewster's angle $\left(\theta_{1}=\theta_{B}\right)$, the reflected light does not contain any $P$ component, meaning the entire energy of the incident $P$ component is transmitted.",\boxed{6500},NV,\text{},False,EN,Practical Application
5312,Electromagnetism,Wave Optics,Polarization,Calculate the number of red and blue interference fringes that can be observed in Young's double-slit experiment using a Fabry-Prot filter. The reflectance of the filter is given as $R = 0.80$.,"Typically, when natural light is reflected at the interface of two media, the reflected light is partially polarized. However, when the angle of incidence satisfies

$$
\theta_{B}=\arctan \frac{n_{1}}{n_{0}}
$$

where $n_{0}$ and $n_{1}$ are the refractive indices of the incident medium and the refractive medium respectively, the reflected light is linearly polarized with vibrations perpendicular to the plane of incidence. This angle $\theta_{B}$ is called the Brewster's angle or the polarization angle.

The calculations for $r, R, \bar{R}$, and $t, T, \bar{T}$ for the $S$ and $P$ components are based on Fresnel's equations. Because the angle of incidence is Brewster's angle, the sum of the angle of incidence and the angle of refraction is $\frac{\pi}{2}$. Intensity refers to the average energy flow density, which is the time average of the Poynting vector, while energy flow equals the intensity multiplied by the cross-sectional area of the beam. The reflected light and incident light are in the same medium, with equal cross-sectional areas, while the refracted light and incident light are in different media, with different cross-sectional areas, which is noteworthy.

1. According to Fresnel's equations, the amplitude reflectance $r_{s}$ and amplitude transmittance $t_{s}$ for the $S$ component are

$$
\begin{gathered}
r_{s}=\frac{n_{1} \cos \theta_{1}-n_{2} \cos \theta_{2}}{n_{1} \cos \theta_{1}+n_{2} \cos \theta_{2}}=-\frac{\sin \left(\theta_{1}-\theta_{2}\right)}{\sin \left(\theta_{1}+\theta_{2}\right)} \\
t_{s}=\frac{2 n_{1} \cos \theta_{1}}{n_{1} \cos \theta_{1}+n_{2} \cos \theta_{2}}=\frac{2 \sin \theta_{2} \cos \theta_{1}}{\sin \left(\theta_{1}+\theta_{2}\right)}
\end{gathered}
$$

The amplitude reflectance $r_{P}$ and amplitude transmittance $t_{P}$ for the $P$ component are

$$
\begin{gathered}
r_{P}=\frac{n_{2} \cos \theta_{1}-n_{1} \cos \theta_{2}}{n_{2} \cos \theta_{1}+n_{1} \cos \theta_{2}}=\frac{\tan \left(\theta_{1}-\theta_{2}\right)}{\tan \left(\theta_{1}+\theta_{2}\right)} \\
t_{P}=\frac{2 n_{1} \cos \theta_{1}}{n_{2} \cos \theta_{1}+n_{1} \cos \theta_{2}}=\frac{2 \cos \theta_{1} \sin \theta_{2}}{\sin \left(\theta_{1}+\theta_{2}\right) \cos \left(\theta_{1}-\theta_{2}\right)}
\end{gathered}
$$

where $n_{1}=1$, $n_{2}=n=1.50$, $\theta_{1}$ is the angle of incidence, and $\theta_{2}$ is the angle of refraction. Since the angle of incidence is the Brewster's angle, we have

$$
\theta_{1}=\theta_{B}=\arctan n=\arctan 1.50=56.3^{\circ}
$$

Additionally,

$$
\theta_{1}+\theta_{2}=\frac{\pi}{2}
$$

Substituting into the formulas for $r_{s}$ and $r_{p}$, we obtain

$$
\begin{gathered}
r_{s}=-\frac{\sin \left(56.3^{\circ}-33.7^{\circ}\right)}{\sin \left(56.3^{\circ}+33.7^{\circ}\right)}=-0.384 \\
r_{p}=0
\end{gathered}
$$

Since the reflected light and incident light are in the same medium with equal cross-sectional areas, the intensity reflectance $R_{S}$ and $R_{P}$, as well as the energy flow reflectance $\bar{R}_{S}$ and $\bar{R}_{P}$ for the $S$ and $P$ components respectively, are

$$
\begin{aligned}
& R_{S}=\left|r_{S}\right|^{2}=0.148, \quad R_{P}=0 \\
& \bar{R}_{S}=\left|r_{S}\right|^{2}=0.148, \quad \bar{R}_{P}=0
\end{aligned}
$$

For the refracted light, substituting $\theta_{1}$ and $\theta_{2}$ into $t_{s}$ and $t_{P}$, we have

$$
\begin{gathered}
t_{s}=\frac{2 \sin \theta_{2} \cos \theta_{1}}{\sin \left(\theta_{1}+\theta_{2}\right)}=\frac{2 \sin 33.7^{\circ} \cos 56.3^{\circ}}{\sin \frac{\pi}{2}}=0.616 \\
t_{P}=\frac{2 \cos \theta_{1} \sin \theta_{2}}{\sin \left(\theta_{1}+\theta_{2}\right) \cos \left(\theta_{1}-\theta_{2}\right)}=\frac{2 \cos 56.3^{\circ} \sin 33.7^{\circ}}{\cos \left(56.3^{\circ}-33.7^{\circ}\right)}=0.667
\end{gathered}
$$

Since the refracted light and incident light are in different media with different cross-sectional areas, the intensity transmittance and energy flow transmittance are not simply equal to the square of the amplitude transmittance. The intensity refers to the average energy flow density, which is the time average of the Poynting vector, given by

$$
\widetilde{S}=\frac{1}{2} \sqrt{\frac{\varepsilon_{0} \varepsilon_{\mathrm{r}}}{\mu_{0} \mu_{\mathrm{r}}}} E^{2}
$$

where $E$ is the amplitude of the electric vector. Since $\mu_{\mathrm{r}} \approx 1$, and the speed of light in vacuum $c=\frac{1}{\sqrt{\varepsilon_{0}} \mu_{0}}$, and the refractive index $n=\sqrt{\varepsilon_{\mathrm{r}} \mu_{\mathrm{r}}} \approx \sqrt{\varepsilon_{\mathrm{r}}}$, this can be rewritten as

$$
\bar{S}=\frac{1}{2 c \mu_{0}} n E^{2}
$$

Thus, the intensity is proportional to $n E^{2}$, and the intensity transmittance is

$$
T=\frac{\bar{S}_{2}}{\bar{S}_{1}}=\frac{n_{2}}{n_{1}} t^{2}
$$

The intensity transmittance for the $S$ and $P$ components is

$$
\begin{aligned}
& T_{S}=\frac{n_{2}}{n_{1}} t_{S}^{2}=n t_{S}^{2}=0.569 \\
& T_{P}=\frac{n_{2}}{n_{1}} t_{P}^{2}=n t_{P}^{2}=0.667
\end{aligned}
$$

The energy flow equals the intensity multiplied by the cross-sectional area of the beam, and the ratio of the cross-sectional areas of the refracted beam to the incident beam is $\frac{\cos \theta_{2}}{\cos \theta_{1}}$, so the energy flow transmittance is

$$
\bar{T}=\frac{\bar{S}_{2} \cos \theta_{2}}{\bar{S}_{1} \cos \theta_{1}}=\frac{n_{2} \cos \theta_{2}}{n_{1} \cos \theta_{1}} t^{2}=\frac{\cos \theta_{2}}{\cos \theta_{1}} T
$$

Substituting the values, the energy flow transmittance for the $S$ and $P$ components is

$$
\begin{gathered}
\bar{T}_{S}=\frac{\cos \theta_{2}}{\cos \theta_{1}} T_{S}=0.853 \\
\bar{T}_{P}=\frac{\cos \theta_{2}}{\cos \theta_{1}} T_{P}=1
\end{gathered}
$$

The fact that the energy flow transmittance $\bar{T}_{P}=1$ for the $P$ component is expected because, when light is incident at the Brewster's angle $\left(\theta_{1}=\theta_{B}\right)$, the reflected light does not contain any $P$ component, meaning the entire energy of the incident $P$ component is transmitted.","\boxed{84, 112}","NV, NV","None, None",True,EN,Laws Application
5314,Electromagnetism,Wave Optics,Interference,"Consider two conductive rods that are buried 4 meters deep parallel to the horizontal direction, with a Ground-Penetrating Radar (GPR) positioned directly above one of the rods. Find the minimum frequency needed to achieve a resolution of 0.5 meters.","Let the distance between the two rods be \( r \), and the depth be \( d \). As shown in Figure 2, if the detector receives reflected waves from them with a phase difference of \(\pi\), the distance between the rods and the GPR must differ by \(\frac{\lambda}{4}\), given by

\[
\begin{gathered}
r^{2} + d^{2} = \left(d + \frac{\lambda}{4}\right)^{2} \\
r = 0.5 \, \mathrm{m}, \quad d = 4 \, \mathrm{m}
\end{gathered}
\]

$$
<image 1>
$$

Figure 2

Therefore,

\[
r = \left(\frac{4 \lambda}{2} + \frac{\lambda^{2}}{16}\right)^{\frac{1}{2}}
\]

or

\[
\lambda^{2} + 32 \lambda + 4 = 0
\]

Solving the equation gives \(\lambda = 0.125 \, \mathrm{m}\).

From \(\lambda \nu = v\), we have

\[
\nu_{\min} = \frac{v}{\lambda} = \frac{c/3}{\lambda} = 800 \, \mathrm{MHz}
\]

\(\nu_{\min}\) is the minimum frequency required to ensure a resolution of 0.5 meters.",\boxed{800},NV,,False,EN,Practical Application
5315,Electromagnetism,Wave Optics,Diffraction,"Using the previously derived light intensity formula, derive the diffraction intensity expression for the case when $a=0$, and draw a sketch of the result.","When $a=0$,

$$
I(\theta) = b^{2} \frac{\sin^{2} v}{v^{2}}
$$",\boxed{I(\theta)=b^{2} \frac{\sin ^{2} v}{v^{2}}},EX,,False,EN,Math Derivation
5316,Electromagnetism,Wave Optics,Polarization,"Determine the thickness of a soap film that can produce second-order red light reflection ($\lambda = 7000 \, \text{}$) interference fringes. The refractive index of the film is 1.33, and assume that parallel light is incident at an angle of $30^{\circ}$ to the normal. Treat the film as a parallel plate with $n = 1.33$ and calculate the thickness of the film.","Typically, when natural light is reflected at the interface of two media, the reflected light is partially polarized. However, when the angle of incidence satisfies

$$
\theta_{B}=\arctan \frac{n_{1}}{n_{0}}
$$

where $n_{0}$ and $n_{1}$ are the refractive indices of the incident medium and the refractive medium respectively, the reflected light is linearly polarized with vibrations perpendicular to the plane of incidence. This angle $\theta_{B}$ is called the Brewster's angle or the polarization angle.

The calculations for $r, R, \bar{R}$, and $t, T, \bar{T}$ for the $S$ and $P$ components are based on Fresnel's equations. Because the angle of incidence is Brewster's angle, the sum of the angle of incidence and the angle of refraction is $\frac{\pi}{2}$. Intensity refers to the average energy flow density, which is the time average of the Poynting vector, while energy flow equals the intensity multiplied by the cross-sectional area of the beam. The reflected light and incident light are in the same medium, with equal cross-sectional areas, while the refracted light and incident light are in different media, with different cross-sectional areas, which is noteworthy.

1. According to Fresnel's equations, the amplitude reflectance $r_{s}$ and amplitude transmittance $t_{s}$ for the $S$ component are

$$
\begin{gathered}
r_{s}=\frac{n_{1} \cos \theta_{1}-n_{2} \cos \theta_{2}}{n_{1} \cos \theta_{1}+n_{2} \cos \theta_{2}}=-\frac{\sin \left(\theta_{1}-\theta_{2}\right)}{\sin \left(\theta_{1}+\theta_{2}\right)} \\
t_{s}=\frac{2 n_{1} \cos \theta_{1}}{n_{1} \cos \theta_{1}+n_{2} \cos \theta_{2}}=\frac{2 \sin \theta_{2} \cos \theta_{1}}{\sin \left(\theta_{1}+\theta_{2}\right)}
\end{gathered}
$$

The amplitude reflectance $r_{P}$ and amplitude transmittance $t_{P}$ for the $P$ component are

$$
\begin{gathered}
r_{P}=\frac{n_{2} \cos \theta_{1}-n_{1} \cos \theta_{2}}{n_{2} \cos \theta_{1}+n_{1} \cos \theta_{2}}=\frac{\tan \left(\theta_{1}-\theta_{2}\right)}{\tan \left(\theta_{1}+\theta_{2}\right)} \\
t_{P}=\frac{2 n_{1} \cos \theta_{1}}{n_{2} \cos \theta_{1}+n_{1} \cos \theta_{2}}=\frac{2 \cos \theta_{1} \sin \theta_{2}}{\sin \left(\theta_{1}+\theta_{2}\right) \cos \left(\theta_{1}-\theta_{2}\right)}
\end{gathered}
$$

where $n_{1}=1$, $n_{2}=n=1.50$, $\theta_{1}$ is the angle of incidence, and $\theta_{2}$ is the angle of refraction. Since the angle of incidence is the Brewster's angle, we have

$$
\theta_{1}=\theta_{B}=\arctan n=\arctan 1.50=56.3^{\circ}
$$

Additionally,

$$
\theta_{1}+\theta_{2}=\frac{\pi}{2}
$$

Substituting into the formulas for $r_{s}$ and $r_{p}$, we obtain

$$
\begin{gathered}
r_{s}=-\frac{\sin \left(56.3^{\circ}-33.7^{\circ}\right)}{\sin \left(56.3^{\circ}+33.7^{\circ}\right)}=-0.384 \\
r_{p}=0
\end{gathered}
$$

Since the reflected light and incident light are in the same medium with equal cross-sectional areas, the intensity reflectance $R_{S}$ and $R_{P}$, as well as the energy flow reflectance $\bar{R}_{S}$ and $\bar{R}_{P}$ for the $S$ and $P$ components respectively, are

$$
\begin{aligned}
& R_{S}=\left|r_{S}\right|^{2}=0.148, \quad R_{P}=0 \\
& \bar{R}_{S}=\left|r_{S}\right|^{2}=0.148, \quad \bar{R}_{P}=0
\end{aligned}
$$

For the refracted light, substituting $\theta_{1}$ and $\theta_{2}$ into $t_{s}$ and $t_{P}$, we have

$$
\begin{gathered}
t_{s}=\frac{2 \sin \theta_{2} \cos \theta_{1}}{\sin \left(\theta_{1}+\theta_{2}\right)}=\frac{2 \sin 33.7^{\circ} \cos 56.3^{\circ}}{\sin \frac{\pi}{2}}=0.616 \\
t_{P}=\frac{2 \cos \theta_{1} \sin \theta_{2}}{\sin \left(\theta_{1}+\theta_{2}\right) \cos \left(\theta_{1}-\theta_{2}\right)}=\frac{2 \cos 56.3^{\circ} \sin 33.7^{\circ}}{\cos \left(56.3^{\circ}-33.7^{\circ}\right)}=0.667
\end{gathered}
$$

Since the refracted light and incident light are in different media with different cross-sectional areas, the intensity transmittance and energy flow transmittance are not simply equal to the square of the amplitude transmittance. The intensity refers to the average energy flow density, which is the time average of the Poynting vector, given by

$$
\widetilde{S}=\frac{1}{2} \sqrt{\frac{\varepsilon_{0} \varepsilon_{\mathrm{r}}}{\mu_{0} \mu_{\mathrm{r}}}} E^{2}
$$

where $E$ is the amplitude of the electric vector. Since $\mu_{\mathrm{r}} \approx 1$, and the speed of light in vacuum $c=\frac{1}{\sqrt{\varepsilon_{0}} \mu_{0}}$, and the refractive index $n=\sqrt{\varepsilon_{\mathrm{r}} \mu_{\mathrm{r}}} \approx \sqrt{\varepsilon_{\mathrm{r}}}$, this can be rewritten as

$$
\bar{S}=\frac{1}{2 c \mu_{0}} n E^{2}
$$

Thus, the intensity is proportional to $n E^{2}$, and the intensity transmittance is

$$
T=\frac{\bar{S}_{2}}{\bar{S}_{1}}=\frac{n_{2}}{n_{1}} t^{2}
$$

The intensity transmittance for the $S$ and $P$ components is

$$
\begin{aligned}
& T_{S}=\frac{n_{2}}{n_{1}} t_{S}^{2}=n t_{S}^{2}=0.569 \\
& T_{P}=\frac{n_{2}}{n_{1}} t_{P}^{2}=n t_{P}^{2}=0.667
\end{aligned}
$$

The energy flow equals the intensity multiplied by the cross-sectional area of the beam, and the ratio of the cross-sectional areas of the refracted beam to the incident beam is $\frac{\cos \theta_{2}}{\cos \theta_{1}}$, so the energy flow transmittance is

$$
\bar{T}=\frac{\bar{S}_{2} \cos \theta_{2}}{\bar{S}_{1} \cos \theta_{1}}=\frac{n_{2} \cos \theta_{2}}{n_{1} \cos \theta_{1}} t^{2}=\frac{\cos \theta_{2}}{\cos \theta_{1}} T
$$

Substituting the values, the energy flow transmittance for the $S$ and $P$ components is

$$
\begin{gathered}
\bar{T}_{S}=\frac{\cos \theta_{2}}{\cos \theta_{1}} T_{S}=0.853 \\
\bar{T}_{P}=\frac{\cos \theta_{2}}{\cos \theta_{1}} T_{P}=1
\end{gathered}
$$

The fact that the energy flow transmittance $\bar{T}_{P}=1$ for the $P$ component is expected because, when light is incident at the Brewster's angle $\left(\theta_{1}=\theta_{B}\right)$, the reflected light does not contain any $P$ component, meaning the entire energy of the incident $P$ component is transmitted.",\boxed{\frac{3 \lambda}{4 n \cos \theta}},EX,,False,EN,Practical Application
5317,Electromagnetism,Wave Optics,Polarization,"What is the minimum energy of an electron required to observe an object with a size of $2.5 \, \text{}$?","Typically, when natural light is reflected at the interface of two media, the reflected light is partially polarized. However, when the angle of incidence satisfies

$$
\theta_{B}=\arctan \frac{n_{1}}{n_{0}}
$$

where $n_{0}$ and $n_{1}$ are the refractive indices of the incident medium and the refractive medium respectively, the reflected light is linearly polarized with vibrations perpendicular to the plane of incidence. This angle $\theta_{B}$ is called the Brewster's angle or the polarization angle.

The calculations for $r, R, \bar{R}$, and $t, T, \bar{T}$ for the $S$ and $P$ components are based on Fresnel's equations. Because the angle of incidence is Brewster's angle, the sum of the angle of incidence and the angle of refraction is $\frac{\pi}{2}$. Intensity refers to the average energy flow density, which is the time average of the Poynting vector, while energy flow equals the intensity multiplied by the cross-sectional area of the beam. The reflected light and incident light are in the same medium, with equal cross-sectional areas, while the refracted light and incident light are in different media, with different cross-sectional areas, which is noteworthy.

1. According to Fresnel's equations, the amplitude reflectance $r_{s}$ and amplitude transmittance $t_{s}$ for the $S$ component are

$$
\begin{gathered}
r_{s}=\frac{n_{1} \cos \theta_{1}-n_{2} \cos \theta_{2}}{n_{1} \cos \theta_{1}+n_{2} \cos \theta_{2}}=-\frac{\sin \left(\theta_{1}-\theta_{2}\right)}{\sin \left(\theta_{1}+\theta_{2}\right)} \\
t_{s}=\frac{2 n_{1} \cos \theta_{1}}{n_{1} \cos \theta_{1}+n_{2} \cos \theta_{2}}=\frac{2 \sin \theta_{2} \cos \theta_{1}}{\sin \left(\theta_{1}+\theta_{2}\right)}
\end{gathered}
$$

The amplitude reflectance $r_{P}$ and amplitude transmittance $t_{P}$ for the $P$ component are

$$
\begin{gathered}
r_{P}=\frac{n_{2} \cos \theta_{1}-n_{1} \cos \theta_{2}}{n_{2} \cos \theta_{1}+n_{1} \cos \theta_{2}}=\frac{\tan \left(\theta_{1}-\theta_{2}\right)}{\tan \left(\theta_{1}+\theta_{2}\right)} \\
t_{P}=\frac{2 n_{1} \cos \theta_{1}}{n_{2} \cos \theta_{1}+n_{1} \cos \theta_{2}}=\frac{2 \cos \theta_{1} \sin \theta_{2}}{\sin \left(\theta_{1}+\theta_{2}\right) \cos \left(\theta_{1}-\theta_{2}\right)}
\end{gathered}
$$

where $n_{1}=1$, $n_{2}=n=1.50$, $\theta_{1}$ is the angle of incidence, and $\theta_{2}$ is the angle of refraction. Since the angle of incidence is the Brewster's angle, we have

$$
\theta_{1}=\theta_{B}=\arctan n=\arctan 1.50=56.3^{\circ}
$$

Additionally,

$$
\theta_{1}+\theta_{2}=\frac{\pi}{2}
$$

Substituting into the formulas for $r_{s}$ and $r_{p}$, we obtain

$$
\begin{gathered}
r_{s}=-\frac{\sin \left(56.3^{\circ}-33.7^{\circ}\right)}{\sin \left(56.3^{\circ}+33.7^{\circ}\right)}=-0.384 \\
r_{p}=0
\end{gathered}
$$

Since the reflected light and incident light are in the same medium with equal cross-sectional areas, the intensity reflectance $R_{S}$ and $R_{P}$, as well as the energy flow reflectance $\bar{R}_{S}$ and $\bar{R}_{P}$ for the $S$ and $P$ components respectively, are

$$
\begin{aligned}
& R_{S}=\left|r_{S}\right|^{2}=0.148, \quad R_{P}=0 \\
& \bar{R}_{S}=\left|r_{S}\right|^{2}=0.148, \quad \bar{R}_{P}=0
\end{aligned}
$$

For the refracted light, substituting $\theta_{1}$ and $\theta_{2}$ into $t_{s}$ and $t_{P}$, we have

$$
\begin{gathered}
t_{s}=\frac{2 \sin \theta_{2} \cos \theta_{1}}{\sin \left(\theta_{1}+\theta_{2}\right)}=\frac{2 \sin 33.7^{\circ} \cos 56.3^{\circ}}{\sin \frac{\pi}{2}}=0.616 \\
t_{P}=\frac{2 \cos \theta_{1} \sin \theta_{2}}{\sin \left(\theta_{1}+\theta_{2}\right) \cos \left(\theta_{1}-\theta_{2}\right)}=\frac{2 \cos 56.3^{\circ} \sin 33.7^{\circ}}{\cos \left(56.3^{\circ}-33.7^{\circ}\right)}=0.667
\end{gathered}
$$

Since the refracted light and incident light are in different media with different cross-sectional areas, the intensity transmittance and energy flow transmittance are not simply equal to the square of the amplitude transmittance. The intensity refers to the average energy flow density, which is the time average of the Poynting vector, given by

$$
\widetilde{S}=\frac{1}{2} \sqrt{\frac{\varepsilon_{0} \varepsilon_{\mathrm{r}}}{\mu_{0} \mu_{\mathrm{r}}}} E^{2}
$$

where $E$ is the amplitude of the electric vector. Since $\mu_{\mathrm{r}} \approx 1$, and the speed of light in vacuum $c=\frac{1}{\sqrt{\varepsilon_{0}} \mu_{0}}$, and the refractive index $n=\sqrt{\varepsilon_{\mathrm{r}} \mu_{\mathrm{r}}} \approx \sqrt{\varepsilon_{\mathrm{r}}}$, this can be rewritten as

$$
\bar{S}=\frac{1}{2 c \mu_{0}} n E^{2}
$$

Thus, the intensity is proportional to $n E^{2}$, and the intensity transmittance is

$$
T=\frac{\bar{S}_{2}}{\bar{S}_{1}}=\frac{n_{2}}{n_{1}} t^{2}
$$

The intensity transmittance for the $S$ and $P$ components is

$$
\begin{aligned}
& T_{S}=\frac{n_{2}}{n_{1}} t_{S}^{2}=n t_{S}^{2}=0.569 \\
& T_{P}=\frac{n_{2}}{n_{1}} t_{P}^{2}=n t_{P}^{2}=0.667
\end{aligned}
$$

The energy flow equals the intensity multiplied by the cross-sectional area of the beam, and the ratio of the cross-sectional areas of the refracted beam to the incident beam is $\frac{\cos \theta_{2}}{\cos \theta_{1}}$, so the energy flow transmittance is

$$
\bar{T}=\frac{\bar{S}_{2} \cos \theta_{2}}{\bar{S}_{1} \cos \theta_{1}}=\frac{n_{2} \cos \theta_{2}}{n_{1} \cos \theta_{1}} t^{2}=\frac{\cos \theta_{2}}{\cos \theta_{1}} T
$$

Substituting the values, the energy flow transmittance for the $S$ and $P$ components is

$$
\begin{gathered}
\bar{T}_{S}=\frac{\cos \theta_{2}}{\cos \theta_{1}} T_{S}=0.853 \\
\bar{T}_{P}=\frac{\cos \theta_{2}}{\cos \theta_{1}} T_{P}=1
\end{gathered}
$$

The fact that the energy flow transmittance $\bar{T}_{P}=1$ for the $P$ component is expected because, when light is incident at the Brewster's angle $\left(\theta_{1}=\theta_{B}\right)$, the reflected light does not contain any $P$ component, meaning the entire energy of the incident $P$ component is transmitted.",\boxed{24},NV,\text{eV},False,EN,Laws Application
5319,Electromagnetism,Wave Optics,Diffraction,"A grating with 3937 lines per centimeter is used in a spectrometer. Given that the focal length of the objective lens \( f = 50 \, \text{cm} \), calculate the line dispersion of the spectrometer.","First-order line dispersion

\[
\begin{gathered}
D^{\prime} = \frac{\mathrm{d} x}{\mathrm{~d} \lambda} = D \cdot f = \frac{f}{d \cos \varphi} \\
\frac{1}{D^{\prime}} = 49.1 \, \AA / \text{mm}
\end{gathered}
\]",\boxed{49.1},NV,\text{\AA} / \text{mm},False,EN,Laws Application
5320,Electromagnetism,Wave Optics,Diffraction,What is the aperture function of a sinusoidal grating? Determine the amplitude transmittance function of the sinusoidal grating.,"The aperture function of the sinusoidal grating is:

$$
\tilde{t}_1 = t_0 + t_1 \cos(2 \pi f x)
$$",\boxed{t_0 + t_1 \cos(2 \pi f x)},EX,,False,EN,Knowledge Recall
5322,Electromagnetism,Wave Optics,Polarization,"An optical glass has refractive indices of 1.65250 and 1.62450 for the mercury lamp's blue and green spectral lines, $4358 \,\text{}$ and $5461 \,\text{}$ respectively. Find the parameters $A$ and $B$ in the dispersion formula $n = A + \frac{B}{\lambda^{2}}$.","Typically, when natural light is reflected at the interface of two media, the reflected light is partially polarized. However, when the angle of incidence satisfies

$$
\theta_{B}=\arctan \frac{n_{1}}{n_{0}}
$$

where $n_{0}$ and $n_{1}$ are the refractive indices of the incident medium and the refractive medium respectively, the reflected light is linearly polarized with vibrations perpendicular to the plane of incidence. This angle $\theta_{B}$ is called the Brewster's angle or the polarization angle.

The calculations for $r, R, \bar{R}$, and $t, T, \bar{T}$ for the $S$ and $P$ components are based on Fresnel's equations. Because the angle of incidence is Brewster's angle, the sum of the angle of incidence and the angle of refraction is $\frac{\pi}{2}$. Intensity refers to the average energy flow density, which is the time average of the Poynting vector, while energy flow equals the intensity multiplied by the cross-sectional area of the beam. The reflected light and incident light are in the same medium, with equal cross-sectional areas, while the refracted light and incident light are in different media, with different cross-sectional areas, which is noteworthy.

1. According to Fresnel's equations, the amplitude reflectance $r_{s}$ and amplitude transmittance $t_{s}$ for the $S$ component are

$$
\begin{gathered}
r_{s}=\frac{n_{1} \cos \theta_{1}-n_{2} \cos \theta_{2}}{n_{1} \cos \theta_{1}+n_{2} \cos \theta_{2}}=-\frac{\sin \left(\theta_{1}-\theta_{2}\right)}{\sin \left(\theta_{1}+\theta_{2}\right)} \\
t_{s}=\frac{2 n_{1} \cos \theta_{1}}{n_{1} \cos \theta_{1}+n_{2} \cos \theta_{2}}=\frac{2 \sin \theta_{2} \cos \theta_{1}}{\sin \left(\theta_{1}+\theta_{2}\right)}
\end{gathered}
$$

The amplitude reflectance $r_{P}$ and amplitude transmittance $t_{P}$ for the $P$ component are

$$
\begin{gathered}
r_{P}=\frac{n_{2} \cos \theta_{1}-n_{1} \cos \theta_{2}}{n_{2} \cos \theta_{1}+n_{1} \cos \theta_{2}}=\frac{\tan \left(\theta_{1}-\theta_{2}\right)}{\tan \left(\theta_{1}+\theta_{2}\right)} \\
t_{P}=\frac{2 n_{1} \cos \theta_{1}}{n_{2} \cos \theta_{1}+n_{1} \cos \theta_{2}}=\frac{2 \cos \theta_{1} \sin \theta_{2}}{\sin \left(\theta_{1}+\theta_{2}\right) \cos \left(\theta_{1}-\theta_{2}\right)}
\end{gathered}
$$

where $n_{1}=1$, $n_{2}=n=1.50$, $\theta_{1}$ is the angle of incidence, and $\theta_{2}$ is the angle of refraction. Since the angle of incidence is the Brewster's angle, we have

$$
\theta_{1}=\theta_{B}=\arctan n=\arctan 1.50=56.3^{\circ}
$$

Additionally,

$$
\theta_{1}+\theta_{2}=\frac{\pi}{2}
$$

Substituting into the formulas for $r_{s}$ and $r_{p}$, we obtain

$$
\begin{gathered}
r_{s}=-\frac{\sin \left(56.3^{\circ}-33.7^{\circ}\right)}{\sin \left(56.3^{\circ}+33.7^{\circ}\right)}=-0.384 \\
r_{p}=0
\end{gathered}
$$

Since the reflected light and incident light are in the same medium with equal cross-sectional areas, the intensity reflectance $R_{S}$ and $R_{P}$, as well as the energy flow reflectance $\bar{R}_{S}$ and $\bar{R}_{P}$ for the $S$ and $P$ components respectively, are

$$
\begin{aligned}
& R_{S}=\left|r_{S}\right|^{2}=0.148, \quad R_{P}=0 \\
& \bar{R}_{S}=\left|r_{S}\right|^{2}=0.148, \quad \bar{R}_{P}=0
\end{aligned}
$$

For the refracted light, substituting $\theta_{1}$ and $\theta_{2}$ into $t_{s}$ and $t_{P}$, we have

$$
\begin{gathered}
t_{s}=\frac{2 \sin \theta_{2} \cos \theta_{1}}{\sin \left(\theta_{1}+\theta_{2}\right)}=\frac{2 \sin 33.7^{\circ} \cos 56.3^{\circ}}{\sin \frac{\pi}{2}}=0.616 \\
t_{P}=\frac{2 \cos \theta_{1} \sin \theta_{2}}{\sin \left(\theta_{1}+\theta_{2}\right) \cos \left(\theta_{1}-\theta_{2}\right)}=\frac{2 \cos 56.3^{\circ} \sin 33.7^{\circ}}{\cos \left(56.3^{\circ}-33.7^{\circ}\right)}=0.667
\end{gathered}
$$

Since the refracted light and incident light are in different media with different cross-sectional areas, the intensity transmittance and energy flow transmittance are not simply equal to the square of the amplitude transmittance. The intensity refers to the average energy flow density, which is the time average of the Poynting vector, given by

$$
\widetilde{S}=\frac{1}{2} \sqrt{\frac{\varepsilon_{0} \varepsilon_{\mathrm{r}}}{\mu_{0} \mu_{\mathrm{r}}}} E^{2}
$$

where $E$ is the amplitude of the electric vector. Since $\mu_{\mathrm{r}} \approx 1$, and the speed of light in vacuum $c=\frac{1}{\sqrt{\varepsilon_{0}} \mu_{0}}$, and the refractive index $n=\sqrt{\varepsilon_{\mathrm{r}} \mu_{\mathrm{r}}} \approx \sqrt{\varepsilon_{\mathrm{r}}}$, this can be rewritten as

$$
\bar{S}=\frac{1}{2 c \mu_{0}} n E^{2}
$$

Thus, the intensity is proportional to $n E^{2}$, and the intensity transmittance is

$$
T=\frac{\bar{S}_{2}}{\bar{S}_{1}}=\frac{n_{2}}{n_{1}} t^{2}
$$

The intensity transmittance for the $S$ and $P$ components is

$$
\begin{aligned}
& T_{S}=\frac{n_{2}}{n_{1}} t_{S}^{2}=n t_{S}^{2}=0.569 \\
& T_{P}=\frac{n_{2}}{n_{1}} t_{P}^{2}=n t_{P}^{2}=0.667
\end{aligned}
$$

The energy flow equals the intensity multiplied by the cross-sectional area of the beam, and the ratio of the cross-sectional areas of the refracted beam to the incident beam is $\frac{\cos \theta_{2}}{\cos \theta_{1}}$, so the energy flow transmittance is

$$
\bar{T}=\frac{\bar{S}_{2} \cos \theta_{2}}{\bar{S}_{1} \cos \theta_{1}}=\frac{n_{2} \cos \theta_{2}}{n_{1} \cos \theta_{1}} t^{2}=\frac{\cos \theta_{2}}{\cos \theta_{1}} T
$$

Substituting the values, the energy flow transmittance for the $S$ and $P$ components is

$$
\begin{gathered}
\bar{T}_{S}=\frac{\cos \theta_{2}}{\cos \theta_{1}} T_{S}=0.853 \\
\bar{T}_{P}=\frac{\cos \theta_{2}}{\cos \theta_{1}} T_{P}=1
\end{gathered}
$$

The fact that the energy flow transmittance $\bar{T}_{P}=1$ for the $P$ component is expected because, when light is incident at the Brewster's angle $\left(\theta_{1}=\theta_{B}\right)$, the reflected light does not contain any $P$ component, meaning the entire energy of the incident $P$ component is transmitted.","\boxed{A = 1.575, B = 1.464 \times 10^{6}}",EQ,"None, \mathrm{}^2",True,EN,
5324,Electromagnetism,Wave Optics,Polarization,"A calcite crystal plate, cut parallel to the optical axis, is placed between a pair of Nicol prisms, with the optical axis making an angle of $15^{\circ}$ with the principal planes of both prisms. Assume the intensity of the incident natural light is $I_{0}=A^{2}$, and losses such as reflection and absorption can be neglected. Determine the amplitudes and intensities of the o-ray and e-ray emitted from the calcite crystal plate.","As shown in the diagram, let the amplitude of the linearly polarized light after the first Nicol prism $N_{1}$ be $A_{1}$, and the intensity be $I_{1}$. Then,
$$
\begin{aligned}
& I_{1}=\frac{1}{2} I_{0}=\frac{1}{2} A^{2}, \\
& A_{1}=\frac{1}{\sqrt{2}} A.
\end{aligned}
$$

The amplitudes of the e-ray and o-ray emitted from the calcite crystal plate are
$$
\begin{aligned}
& A_{1 \mathrm{e}}=A_{1} \cos 15^{\circ}=\frac{1}{\sqrt{2}} A \cos 15^{\circ} \approx 0.68 A, \\
& A_{1 \mathrm{o}}=A_{1} \sin 15^{\circ}=\frac{1}{\sqrt{2}} A \sin 15^{\circ} \approx 0.18 A.
\end{aligned}
$$

The intensities are given by

$$
\begin{aligned}
& I_{\mathrm{e}}=A_{1 \mathrm{e}}^{2}=\frac{1}{2} A^{2} \cos^{2} 15^{\circ}=\frac{1}{2} I_{0} \cos^{2} 15^{\circ} \approx 0.47 I_{0}, \\
& I_{\mathrm{o}}=A_{1 \mathrm{o}}^{2}=\frac{1}{2} A^{2} \sin^{2} 15^{\circ}=\frac{1}{2} I_{0} \sin^{2} 15^{\circ} \approx 0.03 I_{0}.
\end{aligned}
$$","\boxed{0.68, 0.18, 0.47, 0.03}","NV, NV, NV, NV","A, A, I_{0}, I_{0}",True,EN,Practical Application
5325,Electromagnetism,Wave Optics,Polarization,"Given the parameters of the dispersion formula are $A = 1.575$ and $B = 1.464 \times 10^{6} \, \mathrm{}^2$, calculate the refractive index of the glass for the sodium D-line $5893 \,\text{}$ and the dispersion rate $\mathrm{d} n / \mathrm{d} \lambda$.","Typically, when natural light is reflected at the interface of two media, the reflected light is partially polarized. However, when the angle of incidence satisfies

$$
\theta_{B}=\arctan \frac{n_{1}}{n_{0}}
$$

where $n_{0}$ and $n_{1}$ are the refractive indices of the incident medium and the refractive medium respectively, the reflected light is linearly polarized with vibrations perpendicular to the plane of incidence. This angle $\theta_{B}$ is called the Brewster's angle or the polarization angle.

The calculations for $r, R, \bar{R}$, and $t, T, \bar{T}$ for the $S$ and $P$ components are based on Fresnel's equations. Because the angle of incidence is Brewster's angle, the sum of the angle of incidence and the angle of refraction is $\frac{\pi}{2}$. Intensity refers to the average energy flow density, which is the time average of the Poynting vector, while energy flow equals the intensity multiplied by the cross-sectional area of the beam. The reflected light and incident light are in the same medium, with equal cross-sectional areas, while the refracted light and incident light are in different media, with different cross-sectional areas, which is noteworthy.

1. According to Fresnel's equations, the amplitude reflectance $r_{s}$ and amplitude transmittance $t_{s}$ for the $S$ component are

$$
\begin{gathered}
r_{s}=\frac{n_{1} \cos \theta_{1}-n_{2} \cos \theta_{2}}{n_{1} \cos \theta_{1}+n_{2} \cos \theta_{2}}=-\frac{\sin \left(\theta_{1}-\theta_{2}\right)}{\sin \left(\theta_{1}+\theta_{2}\right)} \\
t_{s}=\frac{2 n_{1} \cos \theta_{1}}{n_{1} \cos \theta_{1}+n_{2} \cos \theta_{2}}=\frac{2 \sin \theta_{2} \cos \theta_{1}}{\sin \left(\theta_{1}+\theta_{2}\right)}
\end{gathered}
$$

The amplitude reflectance $r_{P}$ and amplitude transmittance $t_{P}$ for the $P$ component are

$$
\begin{gathered}
r_{P}=\frac{n_{2} \cos \theta_{1}-n_{1} \cos \theta_{2}}{n_{2} \cos \theta_{1}+n_{1} \cos \theta_{2}}=\frac{\tan \left(\theta_{1}-\theta_{2}\right)}{\tan \left(\theta_{1}+\theta_{2}\right)} \\
t_{P}=\frac{2 n_{1} \cos \theta_{1}}{n_{2} \cos \theta_{1}+n_{1} \cos \theta_{2}}=\frac{2 \cos \theta_{1} \sin \theta_{2}}{\sin \left(\theta_{1}+\theta_{2}\right) \cos \left(\theta_{1}-\theta_{2}\right)}
\end{gathered}
$$

where $n_{1}=1$, $n_{2}=n=1.50$, $\theta_{1}$ is the angle of incidence, and $\theta_{2}$ is the angle of refraction. Since the angle of incidence is the Brewster's angle, we have

$$
\theta_{1}=\theta_{B}=\arctan n=\arctan 1.50=56.3^{\circ}
$$

Additionally,

$$
\theta_{1}+\theta_{2}=\frac{\pi}{2}
$$

Substituting into the formulas for $r_{s}$ and $r_{p}$, we obtain

$$
\begin{gathered}
r_{s}=-\frac{\sin \left(56.3^{\circ}-33.7^{\circ}\right)}{\sin \left(56.3^{\circ}+33.7^{\circ}\right)}=-0.384 \\
r_{p}=0
\end{gathered}
$$

Since the reflected light and incident light are in the same medium with equal cross-sectional areas, the intensity reflectance $R_{S}$ and $R_{P}$, as well as the energy flow reflectance $\bar{R}_{S}$ and $\bar{R}_{P}$ for the $S$ and $P$ components respectively, are

$$
\begin{aligned}
& R_{S}=\left|r_{S}\right|^{2}=0.148, \quad R_{P}=0 \\
& \bar{R}_{S}=\left|r_{S}\right|^{2}=0.148, \quad \bar{R}_{P}=0
\end{aligned}
$$

For the refracted light, substituting $\theta_{1}$ and $\theta_{2}$ into $t_{s}$ and $t_{P}$, we have

$$
\begin{gathered}
t_{s}=\frac{2 \sin \theta_{2} \cos \theta_{1}}{\sin \left(\theta_{1}+\theta_{2}\right)}=\frac{2 \sin 33.7^{\circ} \cos 56.3^{\circ}}{\sin \frac{\pi}{2}}=0.616 \\
t_{P}=\frac{2 \cos \theta_{1} \sin \theta_{2}}{\sin \left(\theta_{1}+\theta_{2}\right) \cos \left(\theta_{1}-\theta_{2}\right)}=\frac{2 \cos 56.3^{\circ} \sin 33.7^{\circ}}{\cos \left(56.3^{\circ}-33.7^{\circ}\right)}=0.667
\end{gathered}
$$

Since the refracted light and incident light are in different media with different cross-sectional areas, the intensity transmittance and energy flow transmittance are not simply equal to the square of the amplitude transmittance. The intensity refers to the average energy flow density, which is the time average of the Poynting vector, given by

$$
\widetilde{S}=\frac{1}{2} \sqrt{\frac{\varepsilon_{0} \varepsilon_{\mathrm{r}}}{\mu_{0} \mu_{\mathrm{r}}}} E^{2}
$$

where $E$ is the amplitude of the electric vector. Since $\mu_{\mathrm{r}} \approx 1$, and the speed of light in vacuum $c=\frac{1}{\sqrt{\varepsilon_{0}} \mu_{0}}$, and the refractive index $n=\sqrt{\varepsilon_{\mathrm{r}} \mu_{\mathrm{r}}} \approx \sqrt{\varepsilon_{\mathrm{r}}}$, this can be rewritten as

$$
\bar{S}=\frac{1}{2 c \mu_{0}} n E^{2}
$$

Thus, the intensity is proportional to $n E^{2}$, and the intensity transmittance is

$$
T=\frac{\bar{S}_{2}}{\bar{S}_{1}}=\frac{n_{2}}{n_{1}} t^{2}
$$

The intensity transmittance for the $S$ and $P$ components is

$$
\begin{aligned}
& T_{S}=\frac{n_{2}}{n_{1}} t_{S}^{2}=n t_{S}^{2}=0.569 \\
& T_{P}=\frac{n_{2}}{n_{1}} t_{P}^{2}=n t_{P}^{2}=0.667
\end{aligned}
$$

The energy flow equals the intensity multiplied by the cross-sectional area of the beam, and the ratio of the cross-sectional areas of the refracted beam to the incident beam is $\frac{\cos \theta_{2}}{\cos \theta_{1}}$, so the energy flow transmittance is

$$
\bar{T}=\frac{\bar{S}_{2} \cos \theta_{2}}{\bar{S}_{1} \cos \theta_{1}}=\frac{n_{2} \cos \theta_{2}}{n_{1} \cos \theta_{1}} t^{2}=\frac{\cos \theta_{2}}{\cos \theta_{1}} T
$$

Substituting the values, the energy flow transmittance for the $S$ and $P$ components is

$$
\begin{gathered}
\bar{T}_{S}=\frac{\cos \theta_{2}}{\cos \theta_{1}} T_{S}=0.853 \\
\bar{T}_{P}=\frac{\cos \theta_{2}}{\cos \theta_{1}} T_{P}=1
\end{gathered}
$$

The fact that the energy flow transmittance $\bar{T}_{P}=1$ for the $P$ component is expected because, when light is incident at the Brewster's angle $\left(\theta_{1}=\theta_{B}\right)$, the reflected light does not contain any $P$ component, meaning the entire energy of the incident $P$ component is transmitted.","\boxed{1.617, -1.431 \times 10^{-5}}","NV, NV","\text{None}, \mathrm{}^{-1}",True,EN,Practical Application
5330,Electromagnetism,Wave Optics,Diffraction,"Determine the minimum angular separation that an 8 cm objective mirror with a focal length of $1.5 \mathrm{~m}$ in a reflecting telescope can resolve between two closest stars, assuming a wavelength of $6000 \AA$. Express the angle in seconds.","The minimum angular separation that the objective lens of a telescope can resolve between two points is given by:

$$
\Delta \theta_{1} = 1.22 \times \frac{\lambda}{D} = 1 \times 10^{-5} \mathrm{rad} \approx 2^{\prime \prime}
$$",\boxed{2},NV,^{\prime \prime},False,EN,Laws Application
5332,Electromagnetism,Wave Optics,Diffraction,"A dispersive prism has a refractive index that varies with wavelength, defined as $\frac{\Delta n}{\Delta \lambda}$. The base width of the prism is $B$. Determine the spectral resolution $\frac{\lambda}{\Delta \lambda}$ of the prism for incident light of different wavelengths. Assume the effective aperture of the prism is $d$, and the polychromatic parallel light contains wavelengths $\lambda_{1}$ and $\lambda_{2}$.","As illustrated, polychromatic parallel light containing wavelengths $\lambda_{1}$ and $\lambda_{2}$ enters the prism, and the angle between the refracted wavelength rays is $\Delta \theta$. The refractive indices for the light waves are $n_{1}$ and $n_{2}$. Due to planar wave illumination, the optical path lengths through the prism's apex and base are equal, resulting in an optical path difference of $d \Delta \theta$ for the two wavelength lights, thus we have:

$$
d \Delta \theta = B(n_{1} - n_{2}) = B \Delta n
$$

Considering the minimum resolvable diffraction angle is:

$$
\Delta \theta = \frac{\lambda}{d}
$$

By combining, we obtain:

$$
\lambda = B \Delta n
$$

Then by dividing by $\Delta \lambda$, we find the spectral resolution:

$$
\frac{\lambda}{\Delta \lambda} = B \frac{\Delta n}{\Delta \lambda}
$$",\boxed{B \frac{\Delta n}{\Delta \lambda}},EX,,False,EN,Math Derivation
5333,Electromagnetism,Wave Optics,Diffraction,Given that the distance from a point light source $O$ to the lens is $d_{1}$. Calculate the phase of the light from the object point $O$ reaching the lens under paraxial conditions.,"Under paraxial conditions, where $x, y \ll d_{1}$, the phase of the light from the object point $O$ reaching the lens is

$$
\exp \left[-\mathrm{i} k\left(x^{2}+y^{2}+d_{1}^{2}\right)^{1 / 2}\right] \approx \exp \left[-\mathrm{i} k\left(d_{1}+\frac{x^{2}+y^{2}}{2 d_{1}}\right)\right]
$$",\boxed{\exp \left[-\mathrm{i} k\left(d_{1}+\frac{x^{2}+y^{2}}{2 d_{1}}\right)\right]},EX,,False,EN,Math Derivation
5335,Electromagnetism,Wave Optics,Polarization,A beam of natural light is incident on the surface of water with a refractive index $n=\frac{4}{3}$ such that the reflected light is linearly polarized. Find the Brewster's angle $i$ for the water surface.,"As shown in the figure, when $i$ is the Brewster's angle, $i=90^{\circ}-i_{1}$, and from $n_{1} \sin i=n_{2} \sin i_{1}$, we have

$$
\sin i_{1}=\frac{n_{1}}{n_{2}} \sin i=\frac{n_{1}}{n_{2}} \cos i_{1}
$$

Therefore,

$$
i_{1}=\arctan \frac{n_{1}}{n_{2}}=\arctan \frac{1}{1.33}=36^{\circ} 56^{\prime}
$$",\boxed{36^\circ 56^\prime},NV,,False,EN,Laws Application
5337,Electromagnetism,Wave Optics,Diffraction,"Two groups, each consisting of $N$ oscillators with the same phase, form a linear array, with a separation of $a=2\lambda$ between the two linear arrays. Determine the radiation pattern of this system and its relation to the separation $a$, and explain the situation for $\varphi=0$.","Consider one row, where the coherent superposition of radiation from $N$ oscillators with the same phase results in the total amplitude:

$$
\begin{gathered}
A_{1}=A_{0}\left(1+e^{i\delta}+e^{i2\delta}+\cdots+e^{i(N-1)\delta}\right) \\
A_{1}=A_{0}\left[\frac{\sin\left(\pi N d \sin \varphi / \lambda\right)}{\sin\left(\pi d \sin \varphi / \lambda\right)}\right], \quad \delta=\frac{\pi d \sin \varphi}{\lambda}
\end{gathered}
$$

Here, $\varphi$ is the angle between the radiation direction and the normal to the array, and $d$ is the distance between radiation elements.  
The second row of oscillators has the same amplitude as the first, but with a phase shift $\alpha$, therefore:

$$
A_{2}=A_{1} e^{i \alpha}
$$

$\alpha$ is the phase shift between the radiation waves of corresponding oscillators in the two arrays in the $\varphi$ direction.  
The total perturbation of the system is:

$$
\begin{gathered}
A=A_{1}+A_{2}=A_{1}\left(1+e^{i \alpha}\right) \\
I=4 A_{1}^{2} \cos^{2} \frac{\alpha}{2}
\end{gathered}
$$

Here we use:

$$
\alpha=k a \cos \varphi=\frac{2 \pi (2\lambda) \cos \varphi}{\lambda}=4\pi \cos \varphi
$$

When $a=2\lambda$, if $\varphi=0$, $\cos \frac{\alpha}{2}=1$, the situation is similar to $a=\lambda$.",\boxed{\varphi=0},EQ,,False,EN,Laws Application
5338,Electromagnetism,Wave Optics,Interference,"A ruby laser ($\lambda = 693.2 \ \text{nm}$) operates at two longitudinal modes that differ by $0.1 \ \text{nm}$. The laser illuminates an object, and the reflected light from the object is recorded on a film. What is the fringe spacing?","$$
\begin{gathered}
l = \frac{2m\pi}{k_{1} - k_{2}} = \frac{m}{(1/\lambda_{1}) - (1/\lambda_{2})} \approx \frac{m\lambda^{2}}{\Delta \lambda} \\
\frac{dl}{dm} = \frac{\lambda^{2}}{\Delta \lambda}
\end{gathered}
$$

The contour spacing on the film is $\frac{dl}{dm}$. Substituting $\lambda = 693.2 \ \text{nm}, \Delta \lambda = 0.1 \ \text{nm}$, we find $\frac{dl}{dm} = 5 \ \text{mm}$.",\boxed{5},NV,\text{mm},False,EN,
5339,Electromagnetism,Wave Optics,Polarization,"Given an incidence angle \(i\), assume the points of incidence of the two edge rays of the incident beam are point \(O\) and point \(Q\). Calculate the propagation delay of the wavefront plane.","\(\overline{OQ}=l\) \((1)\)

The time \(t\) should equal the time difference for the incident beam to reach points \(O\) and \(Q\), which is

\[
t=\frac{l \sin i}{c} \tag{4}
\]",\boxed{\frac{l \sin i}{c}},EX,,False,EN,Math Derivation
5341,Electromagnetism,Wave Optics,Diffraction,"Given the focal length \( f \) of a lens, and \(\frac{1}{f}=\frac{1}{d_{1}}+\frac{1}{d_{2}}\), what is the phase factor \( p_{L} \) of the thin lens for the incident wave?","The function of a thin lens is to multiply the incident wave by the phase factor

$$
p_{L}=\exp \left[\mathrm{i} k \frac{\left(x^{2}+y^{2}\right)}{2 f}\right]
$$",\boxed{\exp \left[\mathrm{i} k \frac{\left(x^{2}+y^{2}\right)}{2}\right]},EX,,False,EN,Knowledge Recall
5342,Electromagnetism,Wave Optics,Diffraction,"A parallel monochromatic light with a wavelength of 550 nm and an intensity of \(I_{0}\) is incident perpendicularly on a circular aperture with \(d = 1.1 \, \text{mm}\). The distance from the aperture to a point \(P\) on the axis is \(r_{0} = 33 \, \text{cm}\). Find the light intensity at point \(P\).","For point \(P\), determine how many half-period zones the circular aperture can be divided into. The area of each half-period zone is given by:

$$
S = \frac{\pi R r_{0}}{R + r_{0}} \lambda
$$

where \(R\) is the distance from the light source to the aperture, which is \(R = \infty\) in this problem. Therefore,

$$
S = \pi r_{0} \lambda
$$

The number of half-period zones contained within the circular aperture is:

$$
n = \frac{\pi (d/2)^{2}}{\pi r_{0} \lambda} = \frac{d^2}{4 r_{0} \lambda} = 1 \frac{2}{3}
$$

Using the amplitude vector diagram, the light amplitude at point \(P\) is \(\overline{OM}\), which is given by:

$$
\overline{OM} = \overline{OM_{1}} \cos 30^{\circ} = E_{0}
$$

where \(E_{0}\) is the radius of the circle representing the free light wave amplitude at point \(P\). Therefore, the light intensity at \(P\) is

$$
I(P) = E_{0}^{2} = I_{0}
$$",\boxed{I_{0}},EX,,False,EN,Laws Application
5344,Electromagnetism,Wave Optics,Polarization,"A Fresnel off-axis hologram is recorded on photographic film with a resolution of 100 lines/mm. Given that the hologram size is \( x_{2}=0.1 \,\mathrm{mm} \), and \( z_{1}=1 \,\mathrm{m}, \lambda=5000 \, \text{} \). Determine the maximum size of the object.","Typically, when natural light is reflected at the interface of two media, the reflected light is partially polarized. However, when the angle of incidence satisfies

$$
\theta_{B}=\arctan \frac{n_{1}}{n_{0}}
$$

where $n_{0}$ and $n_{1}$ are the refractive indices of the incident medium and the refractive medium respectively, the reflected light is linearly polarized with vibrations perpendicular to the plane of incidence. This angle $\theta_{B}$ is called the Brewster's angle or the polarization angle.

The calculations for $r, R, \bar{R}$, and $t, T, \bar{T}$ for the $S$ and $P$ components are based on Fresnel's equations. Because the angle of incidence is Brewster's angle, the sum of the angle of incidence and the angle of refraction is $\frac{\pi}{2}$. Intensity refers to the average energy flow density, which is the time average of the Poynting vector, while energy flow equals the intensity multiplied by the cross-sectional area of the beam. The reflected light and incident light are in the same medium, with equal cross-sectional areas, while the refracted light and incident light are in different media, with different cross-sectional areas, which is noteworthy.

1. According to Fresnel's equations, the amplitude reflectance $r_{s}$ and amplitude transmittance $t_{s}$ for the $S$ component are

$$
\begin{gathered}
r_{s}=\frac{n_{1} \cos \theta_{1}-n_{2} \cos \theta_{2}}{n_{1} \cos \theta_{1}+n_{2} \cos \theta_{2}}=-\frac{\sin \left(\theta_{1}-\theta_{2}\right)}{\sin \left(\theta_{1}+\theta_{2}\right)} \\
t_{s}=\frac{2 n_{1} \cos \theta_{1}}{n_{1} \cos \theta_{1}+n_{2} \cos \theta_{2}}=\frac{2 \sin \theta_{2} \cos \theta_{1}}{\sin \left(\theta_{1}+\theta_{2}\right)}
\end{gathered}
$$

The amplitude reflectance $r_{P}$ and amplitude transmittance $t_{P}$ for the $P$ component are

$$
\begin{gathered}
r_{P}=\frac{n_{2} \cos \theta_{1}-n_{1} \cos \theta_{2}}{n_{2} \cos \theta_{1}+n_{1} \cos \theta_{2}}=\frac{\tan \left(\theta_{1}-\theta_{2}\right)}{\tan \left(\theta_{1}+\theta_{2}\right)} \\
t_{P}=\frac{2 n_{1} \cos \theta_{1}}{n_{2} \cos \theta_{1}+n_{1} \cos \theta_{2}}=\frac{2 \cos \theta_{1} \sin \theta_{2}}{\sin \left(\theta_{1}+\theta_{2}\right) \cos \left(\theta_{1}-\theta_{2}\right)}
\end{gathered}
$$

where $n_{1}=1$, $n_{2}=n=1.50$, $\theta_{1}$ is the angle of incidence, and $\theta_{2}$ is the angle of refraction. Since the angle of incidence is the Brewster's angle, we have

$$
\theta_{1}=\theta_{B}=\arctan n=\arctan 1.50=56.3^{\circ}
$$

Additionally,

$$
\theta_{1}+\theta_{2}=\frac{\pi}{2}
$$

Substituting into the formulas for $r_{s}$ and $r_{p}$, we obtain

$$
\begin{gathered}
r_{s}=-\frac{\sin \left(56.3^{\circ}-33.7^{\circ}\right)}{\sin \left(56.3^{\circ}+33.7^{\circ}\right)}=-0.384 \\
r_{p}=0
\end{gathered}
$$

Since the reflected light and incident light are in the same medium with equal cross-sectional areas, the intensity reflectance $R_{S}$ and $R_{P}$, as well as the energy flow reflectance $\bar{R}_{S}$ and $\bar{R}_{P}$ for the $S$ and $P$ components respectively, are

$$
\begin{aligned}
& R_{S}=\left|r_{S}\right|^{2}=0.148, \quad R_{P}=0 \\
& \bar{R}_{S}=\left|r_{S}\right|^{2}=0.148, \quad \bar{R}_{P}=0
\end{aligned}
$$

For the refracted light, substituting $\theta_{1}$ and $\theta_{2}$ into $t_{s}$ and $t_{P}$, we have

$$
\begin{gathered}
t_{s}=\frac{2 \sin \theta_{2} \cos \theta_{1}}{\sin \left(\theta_{1}+\theta_{2}\right)}=\frac{2 \sin 33.7^{\circ} \cos 56.3^{\circ}}{\sin \frac{\pi}{2}}=0.616 \\
t_{P}=\frac{2 \cos \theta_{1} \sin \theta_{2}}{\sin \left(\theta_{1}+\theta_{2}\right) \cos \left(\theta_{1}-\theta_{2}\right)}=\frac{2 \cos 56.3^{\circ} \sin 33.7^{\circ}}{\cos \left(56.3^{\circ}-33.7^{\circ}\right)}=0.667
\end{gathered}
$$

Since the refracted light and incident light are in different media with different cross-sectional areas, the intensity transmittance and energy flow transmittance are not simply equal to the square of the amplitude transmittance. The intensity refers to the average energy flow density, which is the time average of the Poynting vector, given by

$$
\widetilde{S}=\frac{1}{2} \sqrt{\frac{\varepsilon_{0} \varepsilon_{\mathrm{r}}}{\mu_{0} \mu_{\mathrm{r}}}} E^{2}
$$

where $E$ is the amplitude of the electric vector. Since $\mu_{\mathrm{r}} \approx 1$, and the speed of light in vacuum $c=\frac{1}{\sqrt{\varepsilon_{0}} \mu_{0}}$, and the refractive index $n=\sqrt{\varepsilon_{\mathrm{r}} \mu_{\mathrm{r}}} \approx \sqrt{\varepsilon_{\mathrm{r}}}$, this can be rewritten as

$$
\bar{S}=\frac{1}{2 c \mu_{0}} n E^{2}
$$

Thus, the intensity is proportional to $n E^{2}$, and the intensity transmittance is

$$
T=\frac{\bar{S}_{2}}{\bar{S}_{1}}=\frac{n_{2}}{n_{1}} t^{2}
$$

The intensity transmittance for the $S$ and $P$ components is

$$
\begin{aligned}
& T_{S}=\frac{n_{2}}{n_{1}} t_{S}^{2}=n t_{S}^{2}=0.569 \\
& T_{P}=\frac{n_{2}}{n_{1}} t_{P}^{2}=n t_{P}^{2}=0.667
\end{aligned}
$$

The energy flow equals the intensity multiplied by the cross-sectional area of the beam, and the ratio of the cross-sectional areas of the refracted beam to the incident beam is $\frac{\cos \theta_{2}}{\cos \theta_{1}}$, so the energy flow transmittance is

$$
\bar{T}=\frac{\bar{S}_{2} \cos \theta_{2}}{\bar{S}_{1} \cos \theta_{1}}=\frac{n_{2} \cos \theta_{2}}{n_{1} \cos \theta_{1}} t^{2}=\frac{\cos \theta_{2}}{\cos \theta_{1}} T
$$

Substituting the values, the energy flow transmittance for the $S$ and $P$ components is

$$
\begin{gathered}
\bar{T}_{S}=\frac{\cos \theta_{2}}{\cos \theta_{1}} T_{S}=0.853 \\
\bar{T}_{P}=\frac{\cos \theta_{2}}{\cos \theta_{1}} T_{P}=1
\end{gathered}
$$

The fact that the energy flow transmittance $\bar{T}_{P}=1$ for the $P$ component is expected because, when light is incident at the Brewster's angle $\left(\theta_{1}=\theta_{B}\right)$, the reflected light does not contain any $P$ component, meaning the entire energy of the incident $P$ component is transmitted.",\boxed{50},NV,\text{mm},False,EN,Math Derivation
5346,Electromagnetism,Wave Optics,Polarization,"What should be the width of a grating with 50 lines/mm in order to resolve the sodium doublet \( \lambda_{1} = 5890 \, \text{} \) and \( \lambda_{2} = 5896 \, \text{} \) in the second order spectrum?","Typically, when natural light is reflected at the interface of two media, the reflected light is partially polarized. However, when the angle of incidence satisfies

$$
\theta_{B}=\arctan \frac{n_{1}}{n_{0}}
$$

where $n_{0}$ and $n_{1}$ are the refractive indices of the incident medium and the refractive medium respectively, the reflected light is linearly polarized with vibrations perpendicular to the plane of incidence. This angle $\theta_{B}$ is called the Brewster's angle or the polarization angle.

The calculations for $r, R, \bar{R}$, and $t, T, \bar{T}$ for the $S$ and $P$ components are based on Fresnel's equations. Because the angle of incidence is Brewster's angle, the sum of the angle of incidence and the angle of refraction is $\frac{\pi}{2}$. Intensity refers to the average energy flow density, which is the time average of the Poynting vector, while energy flow equals the intensity multiplied by the cross-sectional area of the beam. The reflected light and incident light are in the same medium, with equal cross-sectional areas, while the refracted light and incident light are in different media, with different cross-sectional areas, which is noteworthy.

1. According to Fresnel's equations, the amplitude reflectance $r_{s}$ and amplitude transmittance $t_{s}$ for the $S$ component are

$$
\begin{gathered}
r_{s}=\frac{n_{1} \cos \theta_{1}-n_{2} \cos \theta_{2}}{n_{1} \cos \theta_{1}+n_{2} \cos \theta_{2}}=-\frac{\sin \left(\theta_{1}-\theta_{2}\right)}{\sin \left(\theta_{1}+\theta_{2}\right)} \\
t_{s}=\frac{2 n_{1} \cos \theta_{1}}{n_{1} \cos \theta_{1}+n_{2} \cos \theta_{2}}=\frac{2 \sin \theta_{2} \cos \theta_{1}}{\sin \left(\theta_{1}+\theta_{2}\right)}
\end{gathered}
$$

The amplitude reflectance $r_{P}$ and amplitude transmittance $t_{P}$ for the $P$ component are

$$
\begin{gathered}
r_{P}=\frac{n_{2} \cos \theta_{1}-n_{1} \cos \theta_{2}}{n_{2} \cos \theta_{1}+n_{1} \cos \theta_{2}}=\frac{\tan \left(\theta_{1}-\theta_{2}\right)}{\tan \left(\theta_{1}+\theta_{2}\right)} \\
t_{P}=\frac{2 n_{1} \cos \theta_{1}}{n_{2} \cos \theta_{1}+n_{1} \cos \theta_{2}}=\frac{2 \cos \theta_{1} \sin \theta_{2}}{\sin \left(\theta_{1}+\theta_{2}\right) \cos \left(\theta_{1}-\theta_{2}\right)}
\end{gathered}
$$

where $n_{1}=1$, $n_{2}=n=1.50$, $\theta_{1}$ is the angle of incidence, and $\theta_{2}$ is the angle of refraction. Since the angle of incidence is the Brewster's angle, we have

$$
\theta_{1}=\theta_{B}=\arctan n=\arctan 1.50=56.3^{\circ}
$$

Additionally,

$$
\theta_{1}+\theta_{2}=\frac{\pi}{2}
$$

Substituting into the formulas for $r_{s}$ and $r_{p}$, we obtain

$$
\begin{gathered}
r_{s}=-\frac{\sin \left(56.3^{\circ}-33.7^{\circ}\right)}{\sin \left(56.3^{\circ}+33.7^{\circ}\right)}=-0.384 \\
r_{p}=0
\end{gathered}
$$

Since the reflected light and incident light are in the same medium with equal cross-sectional areas, the intensity reflectance $R_{S}$ and $R_{P}$, as well as the energy flow reflectance $\bar{R}_{S}$ and $\bar{R}_{P}$ for the $S$ and $P$ components respectively, are

$$
\begin{aligned}
& R_{S}=\left|r_{S}\right|^{2}=0.148, \quad R_{P}=0 \\
& \bar{R}_{S}=\left|r_{S}\right|^{2}=0.148, \quad \bar{R}_{P}=0
\end{aligned}
$$

For the refracted light, substituting $\theta_{1}$ and $\theta_{2}$ into $t_{s}$ and $t_{P}$, we have

$$
\begin{gathered}
t_{s}=\frac{2 \sin \theta_{2} \cos \theta_{1}}{\sin \left(\theta_{1}+\theta_{2}\right)}=\frac{2 \sin 33.7^{\circ} \cos 56.3^{\circ}}{\sin \frac{\pi}{2}}=0.616 \\
t_{P}=\frac{2 \cos \theta_{1} \sin \theta_{2}}{\sin \left(\theta_{1}+\theta_{2}\right) \cos \left(\theta_{1}-\theta_{2}\right)}=\frac{2 \cos 56.3^{\circ} \sin 33.7^{\circ}}{\cos \left(56.3^{\circ}-33.7^{\circ}\right)}=0.667
\end{gathered}
$$

Since the refracted light and incident light are in different media with different cross-sectional areas, the intensity transmittance and energy flow transmittance are not simply equal to the square of the amplitude transmittance. The intensity refers to the average energy flow density, which is the time average of the Poynting vector, given by

$$
\widetilde{S}=\frac{1}{2} \sqrt{\frac{\varepsilon_{0} \varepsilon_{\mathrm{r}}}{\mu_{0} \mu_{\mathrm{r}}}} E^{2}
$$

where $E$ is the amplitude of the electric vector. Since $\mu_{\mathrm{r}} \approx 1$, and the speed of light in vacuum $c=\frac{1}{\sqrt{\varepsilon_{0}} \mu_{0}}$, and the refractive index $n=\sqrt{\varepsilon_{\mathrm{r}} \mu_{\mathrm{r}}} \approx \sqrt{\varepsilon_{\mathrm{r}}}$, this can be rewritten as

$$
\bar{S}=\frac{1}{2 c \mu_{0}} n E^{2}
$$

Thus, the intensity is proportional to $n E^{2}$, and the intensity transmittance is

$$
T=\frac{\bar{S}_{2}}{\bar{S}_{1}}=\frac{n_{2}}{n_{1}} t^{2}
$$

The intensity transmittance for the $S$ and $P$ components is

$$
\begin{aligned}
& T_{S}=\frac{n_{2}}{n_{1}} t_{S}^{2}=n t_{S}^{2}=0.569 \\
& T_{P}=\frac{n_{2}}{n_{1}} t_{P}^{2}=n t_{P}^{2}=0.667
\end{aligned}
$$

The energy flow equals the intensity multiplied by the cross-sectional area of the beam, and the ratio of the cross-sectional areas of the refracted beam to the incident beam is $\frac{\cos \theta_{2}}{\cos \theta_{1}}$, so the energy flow transmittance is

$$
\bar{T}=\frac{\bar{S}_{2} \cos \theta_{2}}{\bar{S}_{1} \cos \theta_{1}}=\frac{n_{2} \cos \theta_{2}}{n_{1} \cos \theta_{1}} t^{2}=\frac{\cos \theta_{2}}{\cos \theta_{1}} T
$$

Substituting the values, the energy flow transmittance for the $S$ and $P$ components is

$$
\begin{gathered}
\bar{T}_{S}=\frac{\cos \theta_{2}}{\cos \theta_{1}} T_{S}=0.853 \\
\bar{T}_{P}=\frac{\cos \theta_{2}}{\cos \theta_{1}} T_{P}=1
\end{gathered}
$$

The fact that the energy flow transmittance $\bar{T}_{P}=1$ for the $P$ component is expected because, when light is incident at the Brewster's angle $\left(\theta_{1}=\theta_{B}\right)$, the reflected light does not contain any $P$ component, meaning the entire energy of the incident $P$ component is transmitted.",\boxed{10},NV,\text{mm},False,EN,Laws Application
5348,Electromagnetism,Wave Optics,Interference,"Given the electric field expression of a plane electromagnetic wave

$$
E_{y}(x, t)=A_{y} \cos \left[\omega\left(t-\frac{x}{c}\right)+\varphi\right]
$$

use Maxwell's equations $\nabla \times \boldsymbol{E}=-\frac{\partial \boldsymbol{B}}{\partial t}$ to find the expression for the associated magnetic field $B_{z}(x, t)$.","From Maxwell's equations

$$
\nabla \times \boldsymbol{E}=-\frac{\partial \boldsymbol{B}}{\partial t}
$$

since $E_{x}=E_{z}=0$, and $\frac{\partial E_{y}}{\partial z}=0$, we have

$$
\frac{\partial E_{y}}{\partial x}=-\frac{\partial B_{z}}{\partial t}
$$

which implies

$$
\frac{\partial B_{z}}{\partial t}=-\frac{\omega}{c} A_{y} \sin \left[\omega\left(t-\frac{x}{c}\right)+\varphi\right]
$$

Integrating with respect to $t$ gives

$$
B_{z}(x, t)=\frac{1}{c} A_{y} \cos \left[\omega\left(t-\frac{x}{c}\right)+\varphi\right]=\frac{1}{c} E_{y}(x, t)
$$

It is evident that $B$ and $E$ are perpendicular to each other and both are perpendicular to the direction of propagation.","\boxed{B_{z}(x, t) = \frac{1}{c} E_{y}(x, t)}",EQ,,False,EN,Laws Application
5351,Electromagnetism,Wave Optics,Polarization,"Use an image plane receptor device to receive the Fraunhofer diffraction field of a single slit, assuming the single slit width is approximately 1 mm, and the incident light wavelength is \(4880 \, \text{}\), with an image distance of 80 cm. If the single slit is 40 cm away from the lens, find the zero-order half-angle width on the image plane and its linear width on the screen.","Typically, when natural light is reflected at the interface of two media, the reflected light is partially polarized. However, when the angle of incidence satisfies

$$
\theta_{B}=\arctan \frac{n_{1}}{n_{0}}
$$

where $n_{0}$ and $n_{1}$ are the refractive indices of the incident medium and the refractive medium respectively, the reflected light is linearly polarized with vibrations perpendicular to the plane of incidence. This angle $\theta_{B}$ is called the Brewster's angle or the polarization angle.

The calculations for $r, R, \bar{R}$, and $t, T, \bar{T}$ for the $S$ and $P$ components are based on Fresnel's equations. Because the angle of incidence is Brewster's angle, the sum of the angle of incidence and the angle of refraction is $\frac{\pi}{2}$. Intensity refers to the average energy flow density, which is the time average of the Poynting vector, while energy flow equals the intensity multiplied by the cross-sectional area of the beam. The reflected light and incident light are in the same medium, with equal cross-sectional areas, while the refracted light and incident light are in different media, with different cross-sectional areas, which is noteworthy.

1. According to Fresnel's equations, the amplitude reflectance $r_{s}$ and amplitude transmittance $t_{s}$ for the $S$ component are

$$
\begin{gathered}
r_{s}=\frac{n_{1} \cos \theta_{1}-n_{2} \cos \theta_{2}}{n_{1} \cos \theta_{1}+n_{2} \cos \theta_{2}}=-\frac{\sin \left(\theta_{1}-\theta_{2}\right)}{\sin \left(\theta_{1}+\theta_{2}\right)} \\
t_{s}=\frac{2 n_{1} \cos \theta_{1}}{n_{1} \cos \theta_{1}+n_{2} \cos \theta_{2}}=\frac{2 \sin \theta_{2} \cos \theta_{1}}{\sin \left(\theta_{1}+\theta_{2}\right)}
\end{gathered}
$$

The amplitude reflectance $r_{P}$ and amplitude transmittance $t_{P}$ for the $P$ component are

$$
\begin{gathered}
r_{P}=\frac{n_{2} \cos \theta_{1}-n_{1} \cos \theta_{2}}{n_{2} \cos \theta_{1}+n_{1} \cos \theta_{2}}=\frac{\tan \left(\theta_{1}-\theta_{2}\right)}{\tan \left(\theta_{1}+\theta_{2}\right)} \\
t_{P}=\frac{2 n_{1} \cos \theta_{1}}{n_{2} \cos \theta_{1}+n_{1} \cos \theta_{2}}=\frac{2 \cos \theta_{1} \sin \theta_{2}}{\sin \left(\theta_{1}+\theta_{2}\right) \cos \left(\theta_{1}-\theta_{2}\right)}
\end{gathered}
$$

where $n_{1}=1$, $n_{2}=n=1.50$, $\theta_{1}$ is the angle of incidence, and $\theta_{2}$ is the angle of refraction. Since the angle of incidence is the Brewster's angle, we have

$$
\theta_{1}=\theta_{B}=\arctan n=\arctan 1.50=56.3^{\circ}
$$

Additionally,

$$
\theta_{1}+\theta_{2}=\frac{\pi}{2}
$$

Substituting into the formulas for $r_{s}$ and $r_{p}$, we obtain

$$
\begin{gathered}
r_{s}=-\frac{\sin \left(56.3^{\circ}-33.7^{\circ}\right)}{\sin \left(56.3^{\circ}+33.7^{\circ}\right)}=-0.384 \\
r_{p}=0
\end{gathered}
$$

Since the reflected light and incident light are in the same medium with equal cross-sectional areas, the intensity reflectance $R_{S}$ and $R_{P}$, as well as the energy flow reflectance $\bar{R}_{S}$ and $\bar{R}_{P}$ for the $S$ and $P$ components respectively, are

$$
\begin{aligned}
& R_{S}=\left|r_{S}\right|^{2}=0.148, \quad R_{P}=0 \\
& \bar{R}_{S}=\left|r_{S}\right|^{2}=0.148, \quad \bar{R}_{P}=0
\end{aligned}
$$

For the refracted light, substituting $\theta_{1}$ and $\theta_{2}$ into $t_{s}$ and $t_{P}$, we have

$$
\begin{gathered}
t_{s}=\frac{2 \sin \theta_{2} \cos \theta_{1}}{\sin \left(\theta_{1}+\theta_{2}\right)}=\frac{2 \sin 33.7^{\circ} \cos 56.3^{\circ}}{\sin \frac{\pi}{2}}=0.616 \\
t_{P}=\frac{2 \cos \theta_{1} \sin \theta_{2}}{\sin \left(\theta_{1}+\theta_{2}\right) \cos \left(\theta_{1}-\theta_{2}\right)}=\frac{2 \cos 56.3^{\circ} \sin 33.7^{\circ}}{\cos \left(56.3^{\circ}-33.7^{\circ}\right)}=0.667
\end{gathered}
$$

Since the refracted light and incident light are in different media with different cross-sectional areas, the intensity transmittance and energy flow transmittance are not simply equal to the square of the amplitude transmittance. The intensity refers to the average energy flow density, which is the time average of the Poynting vector, given by

$$
\widetilde{S}=\frac{1}{2} \sqrt{\frac{\varepsilon_{0} \varepsilon_{\mathrm{r}}}{\mu_{0} \mu_{\mathrm{r}}}} E^{2}
$$

where $E$ is the amplitude of the electric vector. Since $\mu_{\mathrm{r}} \approx 1$, and the speed of light in vacuum $c=\frac{1}{\sqrt{\varepsilon_{0}} \mu_{0}}$, and the refractive index $n=\sqrt{\varepsilon_{\mathrm{r}} \mu_{\mathrm{r}}} \approx \sqrt{\varepsilon_{\mathrm{r}}}$, this can be rewritten as

$$
\bar{S}=\frac{1}{2 c \mu_{0}} n E^{2}
$$

Thus, the intensity is proportional to $n E^{2}$, and the intensity transmittance is

$$
T=\frac{\bar{S}_{2}}{\bar{S}_{1}}=\frac{n_{2}}{n_{1}} t^{2}
$$

The intensity transmittance for the $S$ and $P$ components is

$$
\begin{aligned}
& T_{S}=\frac{n_{2}}{n_{1}} t_{S}^{2}=n t_{S}^{2}=0.569 \\
& T_{P}=\frac{n_{2}}{n_{1}} t_{P}^{2}=n t_{P}^{2}=0.667
\end{aligned}
$$

The energy flow equals the intensity multiplied by the cross-sectional area of the beam, and the ratio of the cross-sectional areas of the refracted beam to the incident beam is $\frac{\cos \theta_{2}}{\cos \theta_{1}}$, so the energy flow transmittance is

$$
\bar{T}=\frac{\bar{S}_{2} \cos \theta_{2}}{\bar{S}_{1} \cos \theta_{1}}=\frac{n_{2} \cos \theta_{2}}{n_{1} \cos \theta_{1}} t^{2}=\frac{\cos \theta_{2}}{\cos \theta_{1}} T
$$

Substituting the values, the energy flow transmittance for the $S$ and $P$ components is

$$
\begin{gathered}
\bar{T}_{S}=\frac{\cos \theta_{2}}{\cos \theta_{1}} T_{S}=0.853 \\
\bar{T}_{P}=\frac{\cos \theta_{2}}{\cos \theta_{1}} T_{P}=1
\end{gathered}
$$

The fact that the energy flow transmittance $\bar{T}_{P}=1$ for the $P$ component is expected because, when light is incident at the Brewster's angle $\left(\theta_{1}=\theta_{B}\right)$, the reflected light does not contain any $P$ component, meaning the entire energy of the incident $P$ component is transmitted.","\boxed{4.9 \times 10^{-4}, 0.39}","NV, NV","\text{rad}, \text{mm}",True,EN,Laws Application
5352,Electromagnetism,Wave Optics,Polarization,"A right-handed circularly polarized light with intensity $I_{0}$ passes perpendicularly through a quarter-wave plate ($\lambda / 4$ plate made of calcite, where the optical path difference between the ordinary ray and extraordinary ray in the plate is exactly $\lambda / 4$), and then passes through a Nicol prism whose principal plane is rotated $15^{\circ}$ to the right relative to the $\lambda / 4$ plate. Determine the intensity of the finally emitted light (ignoring losses such as reflection and absorption).","First, examine the state of the polarized light entering the Nicol prism by analyzing the phase difference between the two perpendicular components:

$$
\begin{gathered}
\delta_{1} = +\frac{\pi}{2}, \\
\delta_{2} = \frac{2 \pi}{\lambda}\left(n_{\mathrm{e}} - n_{\mathrm{o}}\right)d = \frac{2 \pi}{\lambda}\left(-\frac{\lambda}{4}\right) = -\frac{\pi}{2}
\end{gathered}
$$

where $\delta_{1}$ is the phase difference at the entry point of the $\lambda / 4$ plate, and $\delta_{2}$ is the additional phase difference due to propagation within the $\lambda / 4$ plate. Thus, the total phase difference is

$$
\delta = \delta_{1} + \delta_{2} = 0
$$

This indicates that it is linearly polarized light in the first and third quadrants (as shown in the figure), with intensity $I_{0}$. According to Malus's Law, it is easy to calculate that the intensity of the light passing through the Nicol prism $P$ is

$$
I_{P} = I_{0} \cos^{2}\left(45^{\circ} + 15^{\circ}\right) = \frac{1}{4} I_{0}
$$",\boxed{\frac{1}{4} I_{0}},NV,,False,EN,Laws Application
5354,Electromagnetism,Wave Optics,Diffraction,"The transmission function of a sinusoidal grating is

$$
\widetilde{t}(x, y) = t_{0} + t_{1} \cos(2 \pi f x)
$$

Now it is translated along the $x$ direction by $\Delta x = d/4$. Write the expression for the transmission function after the shift ($d$ is the spatial period of the transmission function).","The displacement $\Delta x$ causes a phase shift $\Delta \varphi$, and the quantitative relationship between them is

$$
\Delta \varphi = -2 \pi f \Delta x = -\frac{2 \pi}{d} \Delta x
$$

The expression for the transmission function becomes

$$
t(x, y) = t_{0} + t_{1} \cos(2 \pi f x + \Delta \varphi)
$$

When $\Delta x = \frac{d}{4}$, $\Delta \varphi = -\frac{\pi}{2}$.","\boxed{t(x, y) = t_{0} + t_{1} \cos(2 \pi f x - \frac{\pi}{2})}",EQ,,False,EN,Math Derivation
5355,Electromagnetism,Wave Optics,Interference,"Dip a metal frame into a soap solution and then remove it, keeping it vertical, thus forming a wedge-shaped film. Illuminate it approximately vertically with argon ion laser light (\(\lambda=514.53 \mathrm{~nm}\)), and 12 fringes can be observed per centimeter. Find the apex angle of this wedge-shaped film if the refractive index of the soap solution is \(n=1.33\).","Solution

$$
\theta=\frac{\lambda}{2 n \Delta x}, \quad \Delta x=\frac{1}{12} \mathrm{~cm}
$$

Substituting the values of \(\lambda\) and \(n\), we get

$$
\theta=2.3 \times 10^{-4} \mathrm{rad}
$$",\boxed{2.3 \times 10^{-4}},NV,,False,EN,Practical Application
5356,Electromagnetism,Wave Optics,Interference,"Using sodium yellow light ($\lambda=589 \times 10^{-9} \mathrm{~m}$) in reflection, observe a vertical soap film in the horizontal direction. The top of the film is so thin that it appears black for any color of light. Additionally, there are five bright fringes, with the center of the fifth bright fringe located at the bottom of the film. The refractive index of water is 1.33. Find the thickness of the soap film at the bottom.","At the top of the film, the thickness is approximately zero. The phase difference for light reflected from the front and back surfaces of the film is $\pi$ (since there is a half-wavelength loss upon reflection at the front surface, but none at the back surface). Thus, interference is destructive, resulting in a dark fringe.

At the bottom of the film, the phase difference between the light reflected from the front and back surfaces is:

$$
\delta = \pi + \frac{2n d}{\lambda} \cdot 2\pi
$$

The bottom corresponds to the 5th bright fringe, thus:

$$
\delta = 5 \cdot 2\pi = 10\pi
$$

Substituting $n=1.33, \lambda=589 \times 10^{-9} \mathrm{~m}$, we get:

$$
d = 1.0 \mu \mathrm{~m}
$$",\boxed{1.0},NV,\mu \mathrm{m},False,EN,Laws Application
5357,Electromagnetism,Wave Optics,Diffraction,"Given a lens with a diameter $D = 5 \, \text{cm}$, a focal length $F = 60 \, \text{cm}$, an image (diffraction screen) size $l = 2 \, \text{cm}$, and an incident light wavelength $\lambda = 0.6 \, \mu\text{m}$, calculate the cutoff frequency of the system.

\begin{center}
\begin{tabular}{c|c|c|c|c}
\hline
$\left(x^{\prime}, y^{\prime}\right)(\mathrm{mm})$ & $(0,0)(0,1)$ & $(\sqrt{2} / 2, \sqrt{2} / 2)$ & $(0.5,2)$ & $(3,-5)$ \\
\hline
$\left(f_{x}, f_{y}\right)^{-1}(\mathrm{~mm})$ & $(0,0)(0,2.8)$ & $(2.0,2.0)$ & $(1.4,5.6)$ & $(8.3,-13.9)$ \\
\hline
\end{tabular}
\end{center}","The maximum diffraction angle $\theta_M$ that the lens can receive is given by:

$$
\sin \theta_M \approx \frac{(D/2) - l/2}{F} = \frac{D-l}{2F}
$$

Therefore, as the lens acts as a low-pass filter for high frequencies, its cutoff frequency is:

$$
f_M = \frac{\sin \theta_M}{\lambda} = \frac{D-l}{2F\lambda} \approx 42 \, \text{mm}^{-1}
$$",\boxed{42},NV,\text{mm}^{-1},False,EN,Laws Application
5358,Electromagnetism,Wave Optics,Polarization,"A layer of transparent film with a refractive index of 1.30 is coated on a glass surface, with the refractive index of the glass being 1.5. For the incident light with a wavelength of \(5500 \, \text{}\), what should be the thickness of the film so that the reflected light interferes destructively? At this point, what is the intensity reflectance of the light? How much does the intensity reflectance decrease compared to not having the film?","Typically, when natural light is reflected at the interface of two media, the reflected light is partially polarized. However, when the angle of incidence satisfies

$$
\theta_{B}=\arctan \frac{n_{1}}{n_{0}}
$$

where $n_{0}$ and $n_{1}$ are the refractive indices of the incident medium and the refractive medium respectively, the reflected light is linearly polarized with vibrations perpendicular to the plane of incidence. This angle $\theta_{B}$ is called the Brewster's angle or the polarization angle.

The calculations for $r, R, \bar{R}$, and $t, T, \bar{T}$ for the $S$ and $P$ components are based on Fresnel's equations. Because the angle of incidence is Brewster's angle, the sum of the angle of incidence and the angle of refraction is $\frac{\pi}{2}$. Intensity refers to the average energy flow density, which is the time average of the Poynting vector, while energy flow equals the intensity multiplied by the cross-sectional area of the beam. The reflected light and incident light are in the same medium, with equal cross-sectional areas, while the refracted light and incident light are in different media, with different cross-sectional areas, which is noteworthy.

1. According to Fresnel's equations, the amplitude reflectance $r_{s}$ and amplitude transmittance $t_{s}$ for the $S$ component are

$$
\begin{gathered}
r_{s}=\frac{n_{1} \cos \theta_{1}-n_{2} \cos \theta_{2}}{n_{1} \cos \theta_{1}+n_{2} \cos \theta_{2}}=-\frac{\sin \left(\theta_{1}-\theta_{2}\right)}{\sin \left(\theta_{1}+\theta_{2}\right)} \\
t_{s}=\frac{2 n_{1} \cos \theta_{1}}{n_{1} \cos \theta_{1}+n_{2} \cos \theta_{2}}=\frac{2 \sin \theta_{2} \cos \theta_{1}}{\sin \left(\theta_{1}+\theta_{2}\right)}
\end{gathered}
$$

The amplitude reflectance $r_{P}$ and amplitude transmittance $t_{P}$ for the $P$ component are

$$
\begin{gathered}
r_{P}=\frac{n_{2} \cos \theta_{1}-n_{1} \cos \theta_{2}}{n_{2} \cos \theta_{1}+n_{1} \cos \theta_{2}}=\frac{\tan \left(\theta_{1}-\theta_{2}\right)}{\tan \left(\theta_{1}+\theta_{2}\right)} \\
t_{P}=\frac{2 n_{1} \cos \theta_{1}}{n_{2} \cos \theta_{1}+n_{1} \cos \theta_{2}}=\frac{2 \cos \theta_{1} \sin \theta_{2}}{\sin \left(\theta_{1}+\theta_{2}\right) \cos \left(\theta_{1}-\theta_{2}\right)}
\end{gathered}
$$

where $n_{1}=1$, $n_{2}=n=1.50$, $\theta_{1}$ is the angle of incidence, and $\theta_{2}$ is the angle of refraction. Since the angle of incidence is the Brewster's angle, we have

$$
\theta_{1}=\theta_{B}=\arctan n=\arctan 1.50=56.3^{\circ}
$$

Additionally,

$$
\theta_{1}+\theta_{2}=\frac{\pi}{2}
$$

Substituting into the formulas for $r_{s}$ and $r_{p}$, we obtain

$$
\begin{gathered}
r_{s}=-\frac{\sin \left(56.3^{\circ}-33.7^{\circ}\right)}{\sin \left(56.3^{\circ}+33.7^{\circ}\right)}=-0.384 \\
r_{p}=0
\end{gathered}
$$

Since the reflected light and incident light are in the same medium with equal cross-sectional areas, the intensity reflectance $R_{S}$ and $R_{P}$, as well as the energy flow reflectance $\bar{R}_{S}$ and $\bar{R}_{P}$ for the $S$ and $P$ components respectively, are

$$
\begin{aligned}
& R_{S}=\left|r_{S}\right|^{2}=0.148, \quad R_{P}=0 \\
& \bar{R}_{S}=\left|r_{S}\right|^{2}=0.148, \quad \bar{R}_{P}=0
\end{aligned}
$$

For the refracted light, substituting $\theta_{1}$ and $\theta_{2}$ into $t_{s}$ and $t_{P}$, we have

$$
\begin{gathered}
t_{s}=\frac{2 \sin \theta_{2} \cos \theta_{1}}{\sin \left(\theta_{1}+\theta_{2}\right)}=\frac{2 \sin 33.7^{\circ} \cos 56.3^{\circ}}{\sin \frac{\pi}{2}}=0.616 \\
t_{P}=\frac{2 \cos \theta_{1} \sin \theta_{2}}{\sin \left(\theta_{1}+\theta_{2}\right) \cos \left(\theta_{1}-\theta_{2}\right)}=\frac{2 \cos 56.3^{\circ} \sin 33.7^{\circ}}{\cos \left(56.3^{\circ}-33.7^{\circ}\right)}=0.667
\end{gathered}
$$

Since the refracted light and incident light are in different media with different cross-sectional areas, the intensity transmittance and energy flow transmittance are not simply equal to the square of the amplitude transmittance. The intensity refers to the average energy flow density, which is the time average of the Poynting vector, given by

$$
\widetilde{S}=\frac{1}{2} \sqrt{\frac{\varepsilon_{0} \varepsilon_{\mathrm{r}}}{\mu_{0} \mu_{\mathrm{r}}}} E^{2}
$$

where $E$ is the amplitude of the electric vector. Since $\mu_{\mathrm{r}} \approx 1$, and the speed of light in vacuum $c=\frac{1}{\sqrt{\varepsilon_{0}} \mu_{0}}$, and the refractive index $n=\sqrt{\varepsilon_{\mathrm{r}} \mu_{\mathrm{r}}} \approx \sqrt{\varepsilon_{\mathrm{r}}}$, this can be rewritten as

$$
\bar{S}=\frac{1}{2 c \mu_{0}} n E^{2}
$$

Thus, the intensity is proportional to $n E^{2}$, and the intensity transmittance is

$$
T=\frac{\bar{S}_{2}}{\bar{S}_{1}}=\frac{n_{2}}{n_{1}} t^{2}
$$

The intensity transmittance for the $S$ and $P$ components is

$$
\begin{aligned}
& T_{S}=\frac{n_{2}}{n_{1}} t_{S}^{2}=n t_{S}^{2}=0.569 \\
& T_{P}=\frac{n_{2}}{n_{1}} t_{P}^{2}=n t_{P}^{2}=0.667
\end{aligned}
$$

The energy flow equals the intensity multiplied by the cross-sectional area of the beam, and the ratio of the cross-sectional areas of the refracted beam to the incident beam is $\frac{\cos \theta_{2}}{\cos \theta_{1}}$, so the energy flow transmittance is

$$
\bar{T}=\frac{\bar{S}_{2} \cos \theta_{2}}{\bar{S}_{1} \cos \theta_{1}}=\frac{n_{2} \cos \theta_{2}}{n_{1} \cos \theta_{1}} t^{2}=\frac{\cos \theta_{2}}{\cos \theta_{1}} T
$$

Substituting the values, the energy flow transmittance for the $S$ and $P$ components is

$$
\begin{gathered}
\bar{T}_{S}=\frac{\cos \theta_{2}}{\cos \theta_{1}} T_{S}=0.853 \\
\bar{T}_{P}=\frac{\cos \theta_{2}}{\cos \theta_{1}} T_{P}=1
\end{gathered}
$$

The fact that the energy flow transmittance $\bar{T}_{P}=1$ for the $P$ component is expected because, when light is incident at the Brewster's angle $\left(\theta_{1}=\theta_{B}\right)$, the reflected light does not contain any $P$ component, meaning the entire energy of the incident $P$ component is transmitted.","\boxed{1058, 0.37, 3.6}","NV, NV, NV","\text{}, \%, \%",True,EN,Practical Application
5359,Electromagnetism,Wave Optics,Polarization,"Using sodium light \(5893 \, \text{}\), observe the Michelson interference fringes. Initially, there are 12 bright rings visible in the interference field, and the center is bright. After moving the plane mirror \(M_{1}\), 10 rings are swallowed (or emitted) from the center, leaving 5 bright rings remaining in the interference field. Determine the order of interference for the central bright spot at the start.","Typically, when natural light is reflected at the interface of two media, the reflected light is partially polarized. However, when the angle of incidence satisfies

$$
\theta_{B}=\arctan \frac{n_{1}}{n_{0}}
$$

where $n_{0}$ and $n_{1}$ are the refractive indices of the incident medium and the refractive medium respectively, the reflected light is linearly polarized with vibrations perpendicular to the plane of incidence. This angle $\theta_{B}$ is called the Brewster's angle or the polarization angle.

The calculations for $r, R, \bar{R}$, and $t, T, \bar{T}$ for the $S$ and $P$ components are based on Fresnel's equations. Because the angle of incidence is Brewster's angle, the sum of the angle of incidence and the angle of refraction is $\frac{\pi}{2}$. Intensity refers to the average energy flow density, which is the time average of the Poynting vector, while energy flow equals the intensity multiplied by the cross-sectional area of the beam. The reflected light and incident light are in the same medium, with equal cross-sectional areas, while the refracted light and incident light are in different media, with different cross-sectional areas, which is noteworthy.

1. According to Fresnel's equations, the amplitude reflectance $r_{s}$ and amplitude transmittance $t_{s}$ for the $S$ component are

$$
\begin{gathered}
r_{s}=\frac{n_{1} \cos \theta_{1}-n_{2} \cos \theta_{2}}{n_{1} \cos \theta_{1}+n_{2} \cos \theta_{2}}=-\frac{\sin \left(\theta_{1}-\theta_{2}\right)}{\sin \left(\theta_{1}+\theta_{2}\right)} \\
t_{s}=\frac{2 n_{1} \cos \theta_{1}}{n_{1} \cos \theta_{1}+n_{2} \cos \theta_{2}}=\frac{2 \sin \theta_{2} \cos \theta_{1}}{\sin \left(\theta_{1}+\theta_{2}\right)}
\end{gathered}
$$

The amplitude reflectance $r_{P}$ and amplitude transmittance $t_{P}$ for the $P$ component are

$$
\begin{gathered}
r_{P}=\frac{n_{2} \cos \theta_{1}-n_{1} \cos \theta_{2}}{n_{2} \cos \theta_{1}+n_{1} \cos \theta_{2}}=\frac{\tan \left(\theta_{1}-\theta_{2}\right)}{\tan \left(\theta_{1}+\theta_{2}\right)} \\
t_{P}=\frac{2 n_{1} \cos \theta_{1}}{n_{2} \cos \theta_{1}+n_{1} \cos \theta_{2}}=\frac{2 \cos \theta_{1} \sin \theta_{2}}{\sin \left(\theta_{1}+\theta_{2}\right) \cos \left(\theta_{1}-\theta_{2}\right)}
\end{gathered}
$$

where $n_{1}=1$, $n_{2}=n=1.50$, $\theta_{1}$ is the angle of incidence, and $\theta_{2}$ is the angle of refraction. Since the angle of incidence is the Brewster's angle, we have

$$
\theta_{1}=\theta_{B}=\arctan n=\arctan 1.50=56.3^{\circ}
$$

Additionally,

$$
\theta_{1}+\theta_{2}=\frac{\pi}{2}
$$

Substituting into the formulas for $r_{s}$ and $r_{p}$, we obtain

$$
\begin{gathered}
r_{s}=-\frac{\sin \left(56.3^{\circ}-33.7^{\circ}\right)}{\sin \left(56.3^{\circ}+33.7^{\circ}\right)}=-0.384 \\
r_{p}=0
\end{gathered}
$$

Since the reflected light and incident light are in the same medium with equal cross-sectional areas, the intensity reflectance $R_{S}$ and $R_{P}$, as well as the energy flow reflectance $\bar{R}_{S}$ and $\bar{R}_{P}$ for the $S$ and $P$ components respectively, are

$$
\begin{aligned}
& R_{S}=\left|r_{S}\right|^{2}=0.148, \quad R_{P}=0 \\
& \bar{R}_{S}=\left|r_{S}\right|^{2}=0.148, \quad \bar{R}_{P}=0
\end{aligned}
$$

For the refracted light, substituting $\theta_{1}$ and $\theta_{2}$ into $t_{s}$ and $t_{P}$, we have

$$
\begin{gathered}
t_{s}=\frac{2 \sin \theta_{2} \cos \theta_{1}}{\sin \left(\theta_{1}+\theta_{2}\right)}=\frac{2 \sin 33.7^{\circ} \cos 56.3^{\circ}}{\sin \frac{\pi}{2}}=0.616 \\
t_{P}=\frac{2 \cos \theta_{1} \sin \theta_{2}}{\sin \left(\theta_{1}+\theta_{2}\right) \cos \left(\theta_{1}-\theta_{2}\right)}=\frac{2 \cos 56.3^{\circ} \sin 33.7^{\circ}}{\cos \left(56.3^{\circ}-33.7^{\circ}\right)}=0.667
\end{gathered}
$$

Since the refracted light and incident light are in different media with different cross-sectional areas, the intensity transmittance and energy flow transmittance are not simply equal to the square of the amplitude transmittance. The intensity refers to the average energy flow density, which is the time average of the Poynting vector, given by

$$
\widetilde{S}=\frac{1}{2} \sqrt{\frac{\varepsilon_{0} \varepsilon_{\mathrm{r}}}{\mu_{0} \mu_{\mathrm{r}}}} E^{2}
$$

where $E$ is the amplitude of the electric vector. Since $\mu_{\mathrm{r}} \approx 1$, and the speed of light in vacuum $c=\frac{1}{\sqrt{\varepsilon_{0}} \mu_{0}}$, and the refractive index $n=\sqrt{\varepsilon_{\mathrm{r}} \mu_{\mathrm{r}}} \approx \sqrt{\varepsilon_{\mathrm{r}}}$, this can be rewritten as

$$
\bar{S}=\frac{1}{2 c \mu_{0}} n E^{2}
$$

Thus, the intensity is proportional to $n E^{2}$, and the intensity transmittance is

$$
T=\frac{\bar{S}_{2}}{\bar{S}_{1}}=\frac{n_{2}}{n_{1}} t^{2}
$$

The intensity transmittance for the $S$ and $P$ components is

$$
\begin{aligned}
& T_{S}=\frac{n_{2}}{n_{1}} t_{S}^{2}=n t_{S}^{2}=0.569 \\
& T_{P}=\frac{n_{2}}{n_{1}} t_{P}^{2}=n t_{P}^{2}=0.667
\end{aligned}
$$

The energy flow equals the intensity multiplied by the cross-sectional area of the beam, and the ratio of the cross-sectional areas of the refracted beam to the incident beam is $\frac{\cos \theta_{2}}{\cos \theta_{1}}$, so the energy flow transmittance is

$$
\bar{T}=\frac{\bar{S}_{2} \cos \theta_{2}}{\bar{S}_{1} \cos \theta_{1}}=\frac{n_{2} \cos \theta_{2}}{n_{1} \cos \theta_{1}} t^{2}=\frac{\cos \theta_{2}}{\cos \theta_{1}} T
$$

Substituting the values, the energy flow transmittance for the $S$ and $P$ components is

$$
\begin{gathered}
\bar{T}_{S}=\frac{\cos \theta_{2}}{\cos \theta_{1}} T_{S}=0.853 \\
\bar{T}_{P}=\frac{\cos \theta_{2}}{\cos \theta_{1}} T_{P}=1
\end{gathered}
$$

The fact that the energy flow transmittance $\bar{T}_{P}=1$ for the $P$ component is expected because, when light is incident at the Brewster's angle $\left(\theta_{1}=\theta_{B}\right)$, the reflected light does not contain any $P$ component, meaning the entire energy of the incident $P$ component is transmitted.",\boxed{17},NV,,False,EN,Laws Application
5360,Electromagnetism,Wave Optics,Polarization,"Place the gas discharge tube between the poles of a strong electromagnet. The discharge tube emits light with a wavelength of $\lambda_{0} = 6000 \, \text{}$. The magnetic field strength caused by the electromagnet is $H = 8.3 \times 10^{6} \, \text{A/m}$. Observing the radiation spectrum along the direction parallel to the magnetic field lines, we see not a single spectral line but two spectral lines, whose wavelength deviations from $\lambda_{0}$ are $\pm \Delta \lambda$ (longitudinal Zeeman effect). Try to calculate the change in the wavelength $\Delta \lambda$ of the spectral line in the magnetic field.","Typically, when natural light is reflected at the interface of two media, the reflected light is partially polarized. However, when the angle of incidence satisfies

$$
\theta_{B}=\arctan \frac{n_{1}}{n_{0}}
$$

where $n_{0}$ and $n_{1}$ are the refractive indices of the incident medium and the refractive medium respectively, the reflected light is linearly polarized with vibrations perpendicular to the plane of incidence. This angle $\theta_{B}$ is called the Brewster's angle or the polarization angle.

The calculations for $r, R, \bar{R}$, and $t, T, \bar{T}$ for the $S$ and $P$ components are based on Fresnel's equations. Because the angle of incidence is Brewster's angle, the sum of the angle of incidence and the angle of refraction is $\frac{\pi}{2}$. Intensity refers to the average energy flow density, which is the time average of the Poynting vector, while energy flow equals the intensity multiplied by the cross-sectional area of the beam. The reflected light and incident light are in the same medium, with equal cross-sectional areas, while the refracted light and incident light are in different media, with different cross-sectional areas, which is noteworthy.

1. According to Fresnel's equations, the amplitude reflectance $r_{s}$ and amplitude transmittance $t_{s}$ for the $S$ component are

$$
\begin{gathered}
r_{s}=\frac{n_{1} \cos \theta_{1}-n_{2} \cos \theta_{2}}{n_{1} \cos \theta_{1}+n_{2} \cos \theta_{2}}=-\frac{\sin \left(\theta_{1}-\theta_{2}\right)}{\sin \left(\theta_{1}+\theta_{2}\right)} \\
t_{s}=\frac{2 n_{1} \cos \theta_{1}}{n_{1} \cos \theta_{1}+n_{2} \cos \theta_{2}}=\frac{2 \sin \theta_{2} \cos \theta_{1}}{\sin \left(\theta_{1}+\theta_{2}\right)}
\end{gathered}
$$

The amplitude reflectance $r_{P}$ and amplitude transmittance $t_{P}$ for the $P$ component are

$$
\begin{gathered}
r_{P}=\frac{n_{2} \cos \theta_{1}-n_{1} \cos \theta_{2}}{n_{2} \cos \theta_{1}+n_{1} \cos \theta_{2}}=\frac{\tan \left(\theta_{1}-\theta_{2}\right)}{\tan \left(\theta_{1}+\theta_{2}\right)} \\
t_{P}=\frac{2 n_{1} \cos \theta_{1}}{n_{2} \cos \theta_{1}+n_{1} \cos \theta_{2}}=\frac{2 \cos \theta_{1} \sin \theta_{2}}{\sin \left(\theta_{1}+\theta_{2}\right) \cos \left(\theta_{1}-\theta_{2}\right)}
\end{gathered}
$$

where $n_{1}=1$, $n_{2}=n=1.50$, $\theta_{1}$ is the angle of incidence, and $\theta_{2}$ is the angle of refraction. Since the angle of incidence is the Brewster's angle, we have

$$
\theta_{1}=\theta_{B}=\arctan n=\arctan 1.50=56.3^{\circ}
$$

Additionally,

$$
\theta_{1}+\theta_{2}=\frac{\pi}{2}
$$

Substituting into the formulas for $r_{s}$ and $r_{p}$, we obtain

$$
\begin{gathered}
r_{s}=-\frac{\sin \left(56.3^{\circ}-33.7^{\circ}\right)}{\sin \left(56.3^{\circ}+33.7^{\circ}\right)}=-0.384 \\
r_{p}=0
\end{gathered}
$$

Since the reflected light and incident light are in the same medium with equal cross-sectional areas, the intensity reflectance $R_{S}$ and $R_{P}$, as well as the energy flow reflectance $\bar{R}_{S}$ and $\bar{R}_{P}$ for the $S$ and $P$ components respectively, are

$$
\begin{aligned}
& R_{S}=\left|r_{S}\right|^{2}=0.148, \quad R_{P}=0 \\
& \bar{R}_{S}=\left|r_{S}\right|^{2}=0.148, \quad \bar{R}_{P}=0
\end{aligned}
$$

For the refracted light, substituting $\theta_{1}$ and $\theta_{2}$ into $t_{s}$ and $t_{P}$, we have

$$
\begin{gathered}
t_{s}=\frac{2 \sin \theta_{2} \cos \theta_{1}}{\sin \left(\theta_{1}+\theta_{2}\right)}=\frac{2 \sin 33.7^{\circ} \cos 56.3^{\circ}}{\sin \frac{\pi}{2}}=0.616 \\
t_{P}=\frac{2 \cos \theta_{1} \sin \theta_{2}}{\sin \left(\theta_{1}+\theta_{2}\right) \cos \left(\theta_{1}-\theta_{2}\right)}=\frac{2 \cos 56.3^{\circ} \sin 33.7^{\circ}}{\cos \left(56.3^{\circ}-33.7^{\circ}\right)}=0.667
\end{gathered}
$$

Since the refracted light and incident light are in different media with different cross-sectional areas, the intensity transmittance and energy flow transmittance are not simply equal to the square of the amplitude transmittance. The intensity refers to the average energy flow density, which is the time average of the Poynting vector, given by

$$
\widetilde{S}=\frac{1}{2} \sqrt{\frac{\varepsilon_{0} \varepsilon_{\mathrm{r}}}{\mu_{0} \mu_{\mathrm{r}}}} E^{2}
$$

where $E$ is the amplitude of the electric vector. Since $\mu_{\mathrm{r}} \approx 1$, and the speed of light in vacuum $c=\frac{1}{\sqrt{\varepsilon_{0}} \mu_{0}}$, and the refractive index $n=\sqrt{\varepsilon_{\mathrm{r}} \mu_{\mathrm{r}}} \approx \sqrt{\varepsilon_{\mathrm{r}}}$, this can be rewritten as

$$
\bar{S}=\frac{1}{2 c \mu_{0}} n E^{2}
$$

Thus, the intensity is proportional to $n E^{2}$, and the intensity transmittance is

$$
T=\frac{\bar{S}_{2}}{\bar{S}_{1}}=\frac{n_{2}}{n_{1}} t^{2}
$$

The intensity transmittance for the $S$ and $P$ components is

$$
\begin{aligned}
& T_{S}=\frac{n_{2}}{n_{1}} t_{S}^{2}=n t_{S}^{2}=0.569 \\
& T_{P}=\frac{n_{2}}{n_{1}} t_{P}^{2}=n t_{P}^{2}=0.667
\end{aligned}
$$

The energy flow equals the intensity multiplied by the cross-sectional area of the beam, and the ratio of the cross-sectional areas of the refracted beam to the incident beam is $\frac{\cos \theta_{2}}{\cos \theta_{1}}$, so the energy flow transmittance is

$$
\bar{T}=\frac{\bar{S}_{2} \cos \theta_{2}}{\bar{S}_{1} \cos \theta_{1}}=\frac{n_{2} \cos \theta_{2}}{n_{1} \cos \theta_{1}} t^{2}=\frac{\cos \theta_{2}}{\cos \theta_{1}} T
$$

Substituting the values, the energy flow transmittance for the $S$ and $P$ components is

$$
\begin{gathered}
\bar{T}_{S}=\frac{\cos \theta_{2}}{\cos \theta_{1}} T_{S}=0.853 \\
\bar{T}_{P}=\frac{\cos \theta_{2}}{\cos \theta_{1}} T_{P}=1
\end{gathered}
$$

The fact that the energy flow transmittance $\bar{T}_{P}=1$ for the $P$ component is expected because, when light is incident at the Brewster's angle $\left(\theta_{1}=\theta_{B}\right)$, the reflected light does not contain any $P$ component, meaning the entire energy of the incident $P$ component is transmitted.",\boxed{1.76},NV,\text{},False,EN,Laws Application
5362,Electromagnetism,Wave Optics,Interference,"A Michelson interferometer is illuminated using a helium-neon laser. There are 20 bright rings visible in the field of view of the telescope, with the center being a bright spot. Then, mirror \( M_{1} \) is moved, and the rings converge toward the center, with 20 rings disappearing at the center, leaving only 10 bright rings in the field of view. Determine the interference order of the central bright spot before mirror \( M_{1} \) was moved (assuming the beam splitter is not coated).","Let the initial interference order at the center before moving \( M_{1} \) be \( k_{0} \), and let the virtual thickness of the film be \( h \). The relationships for the optical path difference at the center and edge positions are as follows:

\[
2h = k_{0} \lambda \tag{1}
\]

\[
2h \cos i^{\prime} = (k_{0} - 20) \lambda \tag{2}
\]

After moving by \( \Delta h \), the film thickness becomes \( h^{\prime} = (h - \Delta h) \). The disappearance of 20 rings at the center corresponds to a new interference order of \( k_{0}^{\prime} = (k_{0} - 20) \). The relationships for the optical path difference are now:

\[
2(h - \Delta h) = (k_{0} - 20) \lambda \tag{3}
\]

\[
2(h - \Delta h) \cos i^{\prime} = [(k_{0} - 20) - 10] \lambda \tag{4}
\]

Solving these four equations gives:

\[
k_{0} = 40, \quad h = 10 \lambda, \quad \Delta h = 10 \lambda
\]",\boxed{40},NV,,False,EN,Laws Application
5367,Electromagnetism,Wave Optics,Interference,"In a single-wavelength Young's double-slit experiment, a glass plate is placed in one of the optical paths. This glass has a refractive index of $n$ and a thickness of $t$. One slit is twice as wide as the other. When $t$ takes a certain value, the light intensity at the center of the screen is minimized. Find the value of $t$. Assume that when $t=0$, the intensity at the center is $I$. Ignore the absorption of the glass.","The center intensity $I_{C}$ is minimized when $\delta=(2 k+1) \pi$, and the minimum intensity is $I_{C \text{ min }}=\frac{1}{9} I_{0}$, which implies

$$
t=\frac{(2 k+1) \lambda}{2(n-1)}
$$",\boxed{\frac{(2k+1)\lambda}{2(n-1)}},NV,,False,EN,Math Derivation
5368,Electromagnetism,Wave Optics,Diffraction,"Based on the following data, calculate the resolving power of the prism. The base of the prism \(b = 5 \mathrm{~cm}\), apex angle \(\alpha = 60^{\circ}\), refractive index \(n = 1.5\), and dispersion rate \(\mathrm{d} n / \mathrm{d} \lambda = 0.6 \times 10^{3}/\AA\).","The resolving power of the prism is 

\[ R_{2} = b \frac{\mathrm{~d} n}{\mathrm{~d} \lambda} = 3 \times 10^{3} \]",\boxed{3 \times 10^{3}},NV,,False,EN,
5370,Electromagnetism,Wave Optics,Polarization,"A Lummer-Gehrcke plate has a length \( L = 30 \, \text{cm} \), a thickness \( d = 1 \, \text{cm} \), and a refractive index \( n = 1.52 \). Given \( \lambda = 4861 \, \text{} \) and \( \frac{\mathrm{d}n}{\mathrm{d}\lambda} = 9.6 \times 10^{-6} \, \text{}^{-1} \), calculate the dispersion region of the hydrogen atomic spectral line \( H_{\beta} \).","Typically, when natural light is reflected at the interface of two media, the reflected light is partially polarized. However, when the angle of incidence satisfies

$$
\theta_{B}=\arctan \frac{n_{1}}{n_{0}}
$$

where $n_{0}$ and $n_{1}$ are the refractive indices of the incident medium and the refractive medium respectively, the reflected light is linearly polarized with vibrations perpendicular to the plane of incidence. This angle $\theta_{B}$ is called the Brewster's angle or the polarization angle.

The calculations for $r, R, \bar{R}$, and $t, T, \bar{T}$ for the $S$ and $P$ components are based on Fresnel's equations. Because the angle of incidence is Brewster's angle, the sum of the angle of incidence and the angle of refraction is $\frac{\pi}{2}$. Intensity refers to the average energy flow density, which is the time average of the Poynting vector, while energy flow equals the intensity multiplied by the cross-sectional area of the beam. The reflected light and incident light are in the same medium, with equal cross-sectional areas, while the refracted light and incident light are in different media, with different cross-sectional areas, which is noteworthy.

1. According to Fresnel's equations, the amplitude reflectance $r_{s}$ and amplitude transmittance $t_{s}$ for the $S$ component are

$$
\begin{gathered}
r_{s}=\frac{n_{1} \cos \theta_{1}-n_{2} \cos \theta_{2}}{n_{1} \cos \theta_{1}+n_{2} \cos \theta_{2}}=-\frac{\sin \left(\theta_{1}-\theta_{2}\right)}{\sin \left(\theta_{1}+\theta_{2}\right)} \\
t_{s}=\frac{2 n_{1} \cos \theta_{1}}{n_{1} \cos \theta_{1}+n_{2} \cos \theta_{2}}=\frac{2 \sin \theta_{2} \cos \theta_{1}}{\sin \left(\theta_{1}+\theta_{2}\right)}
\end{gathered}
$$

The amplitude reflectance $r_{P}$ and amplitude transmittance $t_{P}$ for the $P$ component are

$$
\begin{gathered}
r_{P}=\frac{n_{2} \cos \theta_{1}-n_{1} \cos \theta_{2}}{n_{2} \cos \theta_{1}+n_{1} \cos \theta_{2}}=\frac{\tan \left(\theta_{1}-\theta_{2}\right)}{\tan \left(\theta_{1}+\theta_{2}\right)} \\
t_{P}=\frac{2 n_{1} \cos \theta_{1}}{n_{2} \cos \theta_{1}+n_{1} \cos \theta_{2}}=\frac{2 \cos \theta_{1} \sin \theta_{2}}{\sin \left(\theta_{1}+\theta_{2}\right) \cos \left(\theta_{1}-\theta_{2}\right)}
\end{gathered}
$$

where $n_{1}=1$, $n_{2}=n=1.50$, $\theta_{1}$ is the angle of incidence, and $\theta_{2}$ is the angle of refraction. Since the angle of incidence is the Brewster's angle, we have

$$
\theta_{1}=\theta_{B}=\arctan n=\arctan 1.50=56.3^{\circ}
$$

Additionally,

$$
\theta_{1}+\theta_{2}=\frac{\pi}{2}
$$

Substituting into the formulas for $r_{s}$ and $r_{p}$, we obtain

$$
\begin{gathered}
r_{s}=-\frac{\sin \left(56.3^{\circ}-33.7^{\circ}\right)}{\sin \left(56.3^{\circ}+33.7^{\circ}\right)}=-0.384 \\
r_{p}=0
\end{gathered}
$$

Since the reflected light and incident light are in the same medium with equal cross-sectional areas, the intensity reflectance $R_{S}$ and $R_{P}$, as well as the energy flow reflectance $\bar{R}_{S}$ and $\bar{R}_{P}$ for the $S$ and $P$ components respectively, are

$$
\begin{aligned}
& R_{S}=\left|r_{S}\right|^{2}=0.148, \quad R_{P}=0 \\
& \bar{R}_{S}=\left|r_{S}\right|^{2}=0.148, \quad \bar{R}_{P}=0
\end{aligned}
$$

For the refracted light, substituting $\theta_{1}$ and $\theta_{2}$ into $t_{s}$ and $t_{P}$, we have

$$
\begin{gathered}
t_{s}=\frac{2 \sin \theta_{2} \cos \theta_{1}}{\sin \left(\theta_{1}+\theta_{2}\right)}=\frac{2 \sin 33.7^{\circ} \cos 56.3^{\circ}}{\sin \frac{\pi}{2}}=0.616 \\
t_{P}=\frac{2 \cos \theta_{1} \sin \theta_{2}}{\sin \left(\theta_{1}+\theta_{2}\right) \cos \left(\theta_{1}-\theta_{2}\right)}=\frac{2 \cos 56.3^{\circ} \sin 33.7^{\circ}}{\cos \left(56.3^{\circ}-33.7^{\circ}\right)}=0.667
\end{gathered}
$$

Since the refracted light and incident light are in different media with different cross-sectional areas, the intensity transmittance and energy flow transmittance are not simply equal to the square of the amplitude transmittance. The intensity refers to the average energy flow density, which is the time average of the Poynting vector, given by

$$
\widetilde{S}=\frac{1}{2} \sqrt{\frac{\varepsilon_{0} \varepsilon_{\mathrm{r}}}{\mu_{0} \mu_{\mathrm{r}}}} E^{2}
$$

where $E$ is the amplitude of the electric vector. Since $\mu_{\mathrm{r}} \approx 1$, and the speed of light in vacuum $c=\frac{1}{\sqrt{\varepsilon_{0}} \mu_{0}}$, and the refractive index $n=\sqrt{\varepsilon_{\mathrm{r}} \mu_{\mathrm{r}}} \approx \sqrt{\varepsilon_{\mathrm{r}}}$, this can be rewritten as

$$
\bar{S}=\frac{1}{2 c \mu_{0}} n E^{2}
$$

Thus, the intensity is proportional to $n E^{2}$, and the intensity transmittance is

$$
T=\frac{\bar{S}_{2}}{\bar{S}_{1}}=\frac{n_{2}}{n_{1}} t^{2}
$$

The intensity transmittance for the $S$ and $P$ components is

$$
\begin{aligned}
& T_{S}=\frac{n_{2}}{n_{1}} t_{S}^{2}=n t_{S}^{2}=0.569 \\
& T_{P}=\frac{n_{2}}{n_{1}} t_{P}^{2}=n t_{P}^{2}=0.667
\end{aligned}
$$

The energy flow equals the intensity multiplied by the cross-sectional area of the beam, and the ratio of the cross-sectional areas of the refracted beam to the incident beam is $\frac{\cos \theta_{2}}{\cos \theta_{1}}$, so the energy flow transmittance is

$$
\bar{T}=\frac{\bar{S}_{2} \cos \theta_{2}}{\bar{S}_{1} \cos \theta_{1}}=\frac{n_{2} \cos \theta_{2}}{n_{1} \cos \theta_{1}} t^{2}=\frac{\cos \theta_{2}}{\cos \theta_{1}} T
$$

Substituting the values, the energy flow transmittance for the $S$ and $P$ components is

$$
\begin{gathered}
\bar{T}_{S}=\frac{\cos \theta_{2}}{\cos \theta_{1}} T_{S}=0.853 \\
\bar{T}_{P}=\frac{\cos \theta_{2}}{\cos \theta_{1}} T_{P}=1
\end{gathered}
$$

The fact that the energy flow transmittance $\bar{T}_{P}=1$ for the $P$ component is expected because, when light is incident at the Brewster's angle $\left(\theta_{1}=\theta_{B}\right)$, the reflected light does not contain any $P$ component, meaning the entire energy of the incident $P$ component is transmitted.",\boxed{0.10},NV,\text{},False,EN,Laws Application
5372,Electromagnetism,Wave Optics,Diffraction,Assume that the expression of the light field on the holographic plane from the spherical wave emitted by the reference point light source $S_2$ has the same wavelength as the object wave.,"The spherical wave with the same wavelength emitted by the reference point light source $S_2$ illuminates point $P$ on the holographic plane, and the light field is given by

\[
u_2 \approx \frac{A_2}{\zeta_2} \exp \left\{-\frac{\mathrm{i} k}{2 \zeta_2}\left[\xi^2+\eta^2-2 x_2 \xi-2 y_2 \eta\right]\right\} \tag{5}
\]",\boxed{\frac{A_2}{\zeta_2} \exp \left\{-\frac{\mathrm{i} k}{2 \zeta_2}\left[\xi^2+\eta^2-2 x_2 \xi-2 y_2 \eta\right]\right\}},EX,,False,EN,Practical Application
5375,Electromagnetism,Wave Optics,Polarization,"In a Fabry-Prot interferometer, if the distance between the two reflecting surfaces is 1.00 cm and green light (5000 ) is used for the experiment, the center of the interference pattern is a bright spot. Find the angular diameter of the 10th bright ring.","Typically, when natural light is reflected at the interface of two media, the reflected light is partially polarized. However, when the angle of incidence satisfies

$$
\theta_{B}=\arctan \frac{n_{1}}{n_{0}}
$$

where $n_{0}$ and $n_{1}$ are the refractive indices of the incident medium and the refractive medium respectively, the reflected light is linearly polarized with vibrations perpendicular to the plane of incidence. This angle $\theta_{B}$ is called the Brewster's angle or the polarization angle.

The calculations for $r, R, \bar{R}$, and $t, T, \bar{T}$ for the $S$ and $P$ components are based on Fresnel's equations. Because the angle of incidence is Brewster's angle, the sum of the angle of incidence and the angle of refraction is $\frac{\pi}{2}$. Intensity refers to the average energy flow density, which is the time average of the Poynting vector, while energy flow equals the intensity multiplied by the cross-sectional area of the beam. The reflected light and incident light are in the same medium, with equal cross-sectional areas, while the refracted light and incident light are in different media, with different cross-sectional areas, which is noteworthy.

1. According to Fresnel's equations, the amplitude reflectance $r_{s}$ and amplitude transmittance $t_{s}$ for the $S$ component are

$$
\begin{gathered}
r_{s}=\frac{n_{1} \cos \theta_{1}-n_{2} \cos \theta_{2}}{n_{1} \cos \theta_{1}+n_{2} \cos \theta_{2}}=-\frac{\sin \left(\theta_{1}-\theta_{2}\right)}{\sin \left(\theta_{1}+\theta_{2}\right)} \\
t_{s}=\frac{2 n_{1} \cos \theta_{1}}{n_{1} \cos \theta_{1}+n_{2} \cos \theta_{2}}=\frac{2 \sin \theta_{2} \cos \theta_{1}}{\sin \left(\theta_{1}+\theta_{2}\right)}
\end{gathered}
$$

The amplitude reflectance $r_{P}$ and amplitude transmittance $t_{P}$ for the $P$ component are

$$
\begin{gathered}
r_{P}=\frac{n_{2} \cos \theta_{1}-n_{1} \cos \theta_{2}}{n_{2} \cos \theta_{1}+n_{1} \cos \theta_{2}}=\frac{\tan \left(\theta_{1}-\theta_{2}\right)}{\tan \left(\theta_{1}+\theta_{2}\right)} \\
t_{P}=\frac{2 n_{1} \cos \theta_{1}}{n_{2} \cos \theta_{1}+n_{1} \cos \theta_{2}}=\frac{2 \cos \theta_{1} \sin \theta_{2}}{\sin \left(\theta_{1}+\theta_{2}\right) \cos \left(\theta_{1}-\theta_{2}\right)}
\end{gathered}
$$

where $n_{1}=1$, $n_{2}=n=1.50$, $\theta_{1}$ is the angle of incidence, and $\theta_{2}$ is the angle of refraction. Since the angle of incidence is the Brewster's angle, we have

$$
\theta_{1}=\theta_{B}=\arctan n=\arctan 1.50=56.3^{\circ}
$$

Additionally,

$$
\theta_{1}+\theta_{2}=\frac{\pi}{2}
$$

Substituting into the formulas for $r_{s}$ and $r_{p}$, we obtain

$$
\begin{gathered}
r_{s}=-\frac{\sin \left(56.3^{\circ}-33.7^{\circ}\right)}{\sin \left(56.3^{\circ}+33.7^{\circ}\right)}=-0.384 \\
r_{p}=0
\end{gathered}
$$

Since the reflected light and incident light are in the same medium with equal cross-sectional areas, the intensity reflectance $R_{S}$ and $R_{P}$, as well as the energy flow reflectance $\bar{R}_{S}$ and $\bar{R}_{P}$ for the $S$ and $P$ components respectively, are

$$
\begin{aligned}
& R_{S}=\left|r_{S}\right|^{2}=0.148, \quad R_{P}=0 \\
& \bar{R}_{S}=\left|r_{S}\right|^{2}=0.148, \quad \bar{R}_{P}=0
\end{aligned}
$$

For the refracted light, substituting $\theta_{1}$ and $\theta_{2}$ into $t_{s}$ and $t_{P}$, we have

$$
\begin{gathered}
t_{s}=\frac{2 \sin \theta_{2} \cos \theta_{1}}{\sin \left(\theta_{1}+\theta_{2}\right)}=\frac{2 \sin 33.7^{\circ} \cos 56.3^{\circ}}{\sin \frac{\pi}{2}}=0.616 \\
t_{P}=\frac{2 \cos \theta_{1} \sin \theta_{2}}{\sin \left(\theta_{1}+\theta_{2}\right) \cos \left(\theta_{1}-\theta_{2}\right)}=\frac{2 \cos 56.3^{\circ} \sin 33.7^{\circ}}{\cos \left(56.3^{\circ}-33.7^{\circ}\right)}=0.667
\end{gathered}
$$

Since the refracted light and incident light are in different media with different cross-sectional areas, the intensity transmittance and energy flow transmittance are not simply equal to the square of the amplitude transmittance. The intensity refers to the average energy flow density, which is the time average of the Poynting vector, given by

$$
\widetilde{S}=\frac{1}{2} \sqrt{\frac{\varepsilon_{0} \varepsilon_{\mathrm{r}}}{\mu_{0} \mu_{\mathrm{r}}}} E^{2}
$$

where $E$ is the amplitude of the electric vector. Since $\mu_{\mathrm{r}} \approx 1$, and the speed of light in vacuum $c=\frac{1}{\sqrt{\varepsilon_{0}} \mu_{0}}$, and the refractive index $n=\sqrt{\varepsilon_{\mathrm{r}} \mu_{\mathrm{r}}} \approx \sqrt{\varepsilon_{\mathrm{r}}}$, this can be rewritten as

$$
\bar{S}=\frac{1}{2 c \mu_{0}} n E^{2}
$$

Thus, the intensity is proportional to $n E^{2}$, and the intensity transmittance is

$$
T=\frac{\bar{S}_{2}}{\bar{S}_{1}}=\frac{n_{2}}{n_{1}} t^{2}
$$

The intensity transmittance for the $S$ and $P$ components is

$$
\begin{aligned}
& T_{S}=\frac{n_{2}}{n_{1}} t_{S}^{2}=n t_{S}^{2}=0.569 \\
& T_{P}=\frac{n_{2}}{n_{1}} t_{P}^{2}=n t_{P}^{2}=0.667
\end{aligned}
$$

The energy flow equals the intensity multiplied by the cross-sectional area of the beam, and the ratio of the cross-sectional areas of the refracted beam to the incident beam is $\frac{\cos \theta_{2}}{\cos \theta_{1}}$, so the energy flow transmittance is

$$
\bar{T}=\frac{\bar{S}_{2} \cos \theta_{2}}{\bar{S}_{1} \cos \theta_{1}}=\frac{n_{2} \cos \theta_{2}}{n_{1} \cos \theta_{1}} t^{2}=\frac{\cos \theta_{2}}{\cos \theta_{1}} T
$$

Substituting the values, the energy flow transmittance for the $S$ and $P$ components is

$$
\begin{gathered}
\bar{T}_{S}=\frac{\cos \theta_{2}}{\cos \theta_{1}} T_{S}=0.853 \\
\bar{T}_{P}=\frac{\cos \theta_{2}}{\cos \theta_{1}} T_{P}=1
\end{gathered}
$$

The fact that the energy flow transmittance $\bar{T}_{P}=1$ for the $P$ component is expected because, when light is incident at the Brewster's angle $\left(\theta_{1}=\theta_{B}\right)$, the reflected light does not contain any $P$ component, meaning the entire energy of the incident $P$ component is transmitted.",\boxed{2^\circ 18'},NV,"\text{degrees, minutes}",False,EN,Practical Application
5377,Electromagnetism,Wave Optics,Diffraction,A beam of parallel monochromatic light with a wavelength of 550 nm and light intensity $I_{0}$ is perpendicularly incident on a circular aperture with a diameter $d = 1.1 \mathrm{~mm}$. The point $P$ is on the axis and is located at a distance of $r_{0} = 33 \mathrm{~cm}$ from the aperture. What happens if a convex lens with a focal length of 33 cm is placed at the aperture?,"When a converging lens is added at the circular aperture, since point $P$ is the focal point, due to the principle of equal optical path lengths, all vibrations superimposed at point $P$ have the same phase. The resultant amplitude at point $P$ should be the arc length $\wideparen{OM_{1}M}$ in the diagram, which is

$$
E = \wideparen{OM_{1}M} = \frac{5}{6} 2 \pi E_{0} = \frac{5}{3} \pi E_{0}
$$

The light intensity at point $P$ is $I^{\prime}(P) = E^{2} = \left(\frac{5}{3} \pi E_{0}\right)^{2} = \frac{25}{9} \pi^{2} I_{0}$",\boxed{\frac{25}{9} \pi^{2} I_{0}},NV,,False,EN,Math Derivation
5378,Electromagnetism,Wave Optics,Interference,"A monochromatic point light source \( S \) illuminates a double-sided mirror, where the angle between the mirrors \( \varphi \) is very small. Interference fringes are produced on the screen in the overlapping region of the reflected light. Let the distance from the edge of the double-sided mirror to the screen be \( L_0 \), and the distance from the point source to the edge be \( r \). Find the distance from the point light source to the screen.","The distances from \( S_1 \) and \( S_2 \) to the screen are

\[
L = r + L_0
\]",\boxed{r + L_0},EX,,False,EN,Knowledge Recall
5380,Electromagnetism,Wave Optics,Polarization,"The probability distribution of the relative angle between adjacent polarizers is given by $B \mathrm{e}^{-a \theta^{2}}$. Assuming $a \gg 1$, calculate the average attenuation coefficient $A$ of each polarizer.","The probability of the relative angle being between $\theta$ and $\theta+\mathrm{d}\theta$ is $B \mathrm{e}^{-a \theta^{2}}$. Thus, the average attenuation for each polarizer is

\[
A = \int_{-\infty}^{\infty}\left(1 - \cos^2 \theta\right) B \mathrm{e}^{-a \theta^{2}} \mathrm{~d} \theta \tag{1}
\]

Originally, $\theta$ ranges from $-\pi$ to $+\pi$, but since $a \gg 1$, we can approximate the integration limits to extend to infinity. As stated, the light transmission directions of the polarizers are roughly parallel, meaning that $\theta$ is significant only within a small range, specifically near $\theta \approx 0$. Approximating $\cos^2 \theta \approx 1 - \theta^{2}$, we have

\[
A = B \int_{-\infty}^{\infty} \theta^{2} \mathrm{e}^{-a \theta^{2}} \mathrm{~d}\theta = -B \frac{\mathrm{d}}{\mathrm{d}a} \int_{-\infty}^{\infty} \mathrm{e}^{-a \theta^{2}} \mathrm{~d}\theta \tag{2}
\]

Here, $B$ is determined by normalization:

\[
\int_{-\infty}^{\infty} B \mathrm{e}^{-a \theta^{2}} \mathrm{~d}\theta = 1 \tag{3}
\]

\[
B = \frac{1}{\int_{-\infty}^{\infty} \mathrm{e}^{-a \theta^{2}} \mathrm{~d}\theta} = \frac{a^{1/2}}{C} \tag{4}
\]

Where we have used

\[
\int_{-\infty}^{\infty} \mathrm{e}^{-x^{2}} \mathrm{~d}x = \sqrt{\pi} = C
\]

From equations (2) and (4), we get

\[
A = -\left(\frac{a^{1/2}}{C}\right) \frac{\mathrm{d}}{\mathrm{d}a}\left(C a^{-1/2}\right) = \frac{1}{2a}
\]

Thus, the average attenuation of each polarizer is $\frac{1}{2a}$.",\boxed{\frac{1}{2a}},NV,,False,EN,
5381,Electromagnetism,Wave Optics,Diffraction,"Calculate the dispersive power of a prism based on the following data. The base of the prism \(b=5 \mathrm{~cm}\), apex angle \(\alpha=60^{\circ}\), refractive index \(n=1.5\), and dispersion rate \(\mathrm{d} n / \mathrm{d} \lambda=0.6 \times 10^{3}/\AA\).","The angular dispersion power of the prism is 

\[ D_{2}=\frac{2 \sin (\alpha / 2)}{\sqrt{1-n^{2} \sin^{2}(\alpha / 2)}} \frac{\mathrm{d} n}{\mathrm{~d} \lambda} \approx 0.031'/\AA \]",\boxed{0.031},NV,'/\AA,False,EN,Laws Application
5382,Electromagnetism,Wave Optics,Polarization,"The Fabry-Prot cavity length is 5 cm, using an expanded light source experiment with a wavelength of $0.6 \, \mu\mathrm{m}$. If this Fabry-Prot cavity is used for frequency selection of white light, how many spectral lines have the strongest transmission and what is the width of each spectral line?","Typically, when natural light is reflected at the interface of two media, the reflected light is partially polarized. However, when the angle of incidence satisfies

$$
\theta_{B}=\arctan \frac{n_{1}}{n_{0}}
$$

where $n_{0}$ and $n_{1}$ are the refractive indices of the incident medium and the refractive medium respectively, the reflected light is linearly polarized with vibrations perpendicular to the plane of incidence. This angle $\theta_{B}$ is called the Brewster's angle or the polarization angle.

The calculations for $r, R, \bar{R}$, and $t, T, \bar{T}$ for the $S$ and $P$ components are based on Fresnel's equations. Because the angle of incidence is Brewster's angle, the sum of the angle of incidence and the angle of refraction is $\frac{\pi}{2}$. Intensity refers to the average energy flow density, which is the time average of the Poynting vector, while energy flow equals the intensity multiplied by the cross-sectional area of the beam. The reflected light and incident light are in the same medium, with equal cross-sectional areas, while the refracted light and incident light are in different media, with different cross-sectional areas, which is noteworthy.

1. According to Fresnel's equations, the amplitude reflectance $r_{s}$ and amplitude transmittance $t_{s}$ for the $S$ component are

$$
\begin{gathered}
r_{s}=\frac{n_{1} \cos \theta_{1}-n_{2} \cos \theta_{2}}{n_{1} \cos \theta_{1}+n_{2} \cos \theta_{2}}=-\frac{\sin \left(\theta_{1}-\theta_{2}\right)}{\sin \left(\theta_{1}+\theta_{2}\right)} \\
t_{s}=\frac{2 n_{1} \cos \theta_{1}}{n_{1} \cos \theta_{1}+n_{2} \cos \theta_{2}}=\frac{2 \sin \theta_{2} \cos \theta_{1}}{\sin \left(\theta_{1}+\theta_{2}\right)}
\end{gathered}
$$

The amplitude reflectance $r_{P}$ and amplitude transmittance $t_{P}$ for the $P$ component are

$$
\begin{gathered}
r_{P}=\frac{n_{2} \cos \theta_{1}-n_{1} \cos \theta_{2}}{n_{2} \cos \theta_{1}+n_{1} \cos \theta_{2}}=\frac{\tan \left(\theta_{1}-\theta_{2}\right)}{\tan \left(\theta_{1}+\theta_{2}\right)} \\
t_{P}=\frac{2 n_{1} \cos \theta_{1}}{n_{2} \cos \theta_{1}+n_{1} \cos \theta_{2}}=\frac{2 \cos \theta_{1} \sin \theta_{2}}{\sin \left(\theta_{1}+\theta_{2}\right) \cos \left(\theta_{1}-\theta_{2}\right)}
\end{gathered}
$$

where $n_{1}=1$, $n_{2}=n=1.50$, $\theta_{1}$ is the angle of incidence, and $\theta_{2}$ is the angle of refraction. Since the angle of incidence is the Brewster's angle, we have

$$
\theta_{1}=\theta_{B}=\arctan n=\arctan 1.50=56.3^{\circ}
$$

Additionally,

$$
\theta_{1}+\theta_{2}=\frac{\pi}{2}
$$

Substituting into the formulas for $r_{s}$ and $r_{p}$, we obtain

$$
\begin{gathered}
r_{s}=-\frac{\sin \left(56.3^{\circ}-33.7^{\circ}\right)}{\sin \left(56.3^{\circ}+33.7^{\circ}\right)}=-0.384 \\
r_{p}=0
\end{gathered}
$$

Since the reflected light and incident light are in the same medium with equal cross-sectional areas, the intensity reflectance $R_{S}$ and $R_{P}$, as well as the energy flow reflectance $\bar{R}_{S}$ and $\bar{R}_{P}$ for the $S$ and $P$ components respectively, are

$$
\begin{aligned}
& R_{S}=\left|r_{S}\right|^{2}=0.148, \quad R_{P}=0 \\
& \bar{R}_{S}=\left|r_{S}\right|^{2}=0.148, \quad \bar{R}_{P}=0
\end{aligned}
$$

For the refracted light, substituting $\theta_{1}$ and $\theta_{2}$ into $t_{s}$ and $t_{P}$, we have

$$
\begin{gathered}
t_{s}=\frac{2 \sin \theta_{2} \cos \theta_{1}}{\sin \left(\theta_{1}+\theta_{2}\right)}=\frac{2 \sin 33.7^{\circ} \cos 56.3^{\circ}}{\sin \frac{\pi}{2}}=0.616 \\
t_{P}=\frac{2 \cos \theta_{1} \sin \theta_{2}}{\sin \left(\theta_{1}+\theta_{2}\right) \cos \left(\theta_{1}-\theta_{2}\right)}=\frac{2 \cos 56.3^{\circ} \sin 33.7^{\circ}}{\cos \left(56.3^{\circ}-33.7^{\circ}\right)}=0.667
\end{gathered}
$$

Since the refracted light and incident light are in different media with different cross-sectional areas, the intensity transmittance and energy flow transmittance are not simply equal to the square of the amplitude transmittance. The intensity refers to the average energy flow density, which is the time average of the Poynting vector, given by

$$
\widetilde{S}=\frac{1}{2} \sqrt{\frac{\varepsilon_{0} \varepsilon_{\mathrm{r}}}{\mu_{0} \mu_{\mathrm{r}}}} E^{2}
$$

where $E$ is the amplitude of the electric vector. Since $\mu_{\mathrm{r}} \approx 1$, and the speed of light in vacuum $c=\frac{1}{\sqrt{\varepsilon_{0}} \mu_{0}}$, and the refractive index $n=\sqrt{\varepsilon_{\mathrm{r}} \mu_{\mathrm{r}}} \approx \sqrt{\varepsilon_{\mathrm{r}}}$, this can be rewritten as

$$
\bar{S}=\frac{1}{2 c \mu_{0}} n E^{2}
$$

Thus, the intensity is proportional to $n E^{2}$, and the intensity transmittance is

$$
T=\frac{\bar{S}_{2}}{\bar{S}_{1}}=\frac{n_{2}}{n_{1}} t^{2}
$$

The intensity transmittance for the $S$ and $P$ components is

$$
\begin{aligned}
& T_{S}=\frac{n_{2}}{n_{1}} t_{S}^{2}=n t_{S}^{2}=0.569 \\
& T_{P}=\frac{n_{2}}{n_{1}} t_{P}^{2}=n t_{P}^{2}=0.667
\end{aligned}
$$

The energy flow equals the intensity multiplied by the cross-sectional area of the beam, and the ratio of the cross-sectional areas of the refracted beam to the incident beam is $\frac{\cos \theta_{2}}{\cos \theta_{1}}$, so the energy flow transmittance is

$$
\bar{T}=\frac{\bar{S}_{2} \cos \theta_{2}}{\bar{S}_{1} \cos \theta_{1}}=\frac{n_{2} \cos \theta_{2}}{n_{1} \cos \theta_{1}} t^{2}=\frac{\cos \theta_{2}}{\cos \theta_{1}} T
$$

Substituting the values, the energy flow transmittance for the $S$ and $P$ components is

$$
\begin{gathered}
\bar{T}_{S}=\frac{\cos \theta_{2}}{\cos \theta_{1}} T_{S}=0.853 \\
\bar{T}_{P}=\frac{\cos \theta_{2}}{\cos \theta_{1}} T_{P}=1
\end{gathered}
$$

The fact that the energy flow transmittance $\bar{T}_{P}=1$ for the $P$ component is expected because, when light is incident at the Brewster's angle $\left(\theta_{1}=\theta_{B}\right)$, the reflected light does not contain any $P$ component, meaning the entire energy of the incident $P$ component is transmitted.","\boxed{1.2 \times 10^5, 1.9 \times 10^7}","NV, NV","None, \mathrm{Hz}",True,EN,Laws Application
5383,Electromagnetism,Wave Optics,Diffraction,"Let the complex amplitude transmittance function of the grating be

$$
t(x) = t_{0} + t_{1} \cos(2 \pi f x) + t_{1} \cos \left(2 \pi f x + \frac{\pi}{2}\right)
$$

What is the ratio of the central intensity of each fringe to that of the zeroth-order fringe?","When analyzing the intensity ratio at the center of the diffraction fringe, it is important to note that there is a $\pi/2$ phase difference between the two diffracted fringes of the same order given by the last two terms, therefore

$$
A_{0} \propto t_{0}
$$

$$
\begin{array}{ll}
A_{+1}^{\prime} = A_{+1}^{\prime \prime} \propto \frac{1}{2} t_{1}, & A_{+1} = \sqrt{{A_{+1}^{\prime}}^2 + {A_{+1}^{\prime \prime}}^2} \propto \frac{\sqrt{2}}{2} t_{1} \\
A_{-1}^{\prime} = A_{-1}^{\prime \prime} \propto \frac{1}{2} t_{1}, & A_{-1} = \sqrt{{A_{-1}^{\prime}}^2 + {A_{-1}^{\prime \prime}}^2} \propto \frac{\sqrt{2}}{2} t_{1}
\end{array}
$$

Thus, the ratio of the central intensity of the $\pm 1$ order diffraction fringes to the zeroth-order fringe is

$$
\frac{I_{+1}}{I_{0}} = \frac{A_{+1}^2}{A_{0}^2} = \frac{1}{2}\left(\frac{t_{1}}{t_{0}}\right)^{2}
$$

Another method is to combine the last two terms of the expression for $\widetilde{t}(x)$ into one term, which gives

$$
\widetilde{t}(x) = t_{0} + 2 t_{1} \cos \left(2 \pi f x + \frac{\pi}{4}\right) \cos \frac{\pi}{4}
$$

$$
= t_{0} + \sqrt{2} t_{1} \cos \left(2 \pi f x + \frac{\pi}{4}\right)
$$

Using the diffraction characteristics table for sinusoidal gratings, we find

$$
A_{\pm 1} \propto \frac{1}{2} \sqrt{2} t_{1}, \ \ A_{0} \propto t_{0}
$$

Thus,

$$
\frac{I_{\pm 1}}{I_{0}} = \frac{1}{2}\left(\frac{t_{1}}{t_{0}}\right)^2
$$",\boxed{\frac{1}{2}\left(\frac{t_{1}}{t_{0}}\right)^{2}},NV,,False,EN,Math Derivation
5384,Electromagnetism,Wave Optics,Polarization,"Suppose a crystal prism has a vertex angle of $60^{\circ}$, and its optical axis is perpendicular to the principal cross-section of the prism. Sodium yellow light is refracted in the prism at the direction of minimum deviation. Find the incidence angle $i_{1e}$ for the e-ray.","Following the same method as the previous problem, we have

$$
\begin{aligned}
i_{1e} & = i_{1e}^{\prime} = \arcsin \left(n_{\mathrm{e}} \sin \frac{\alpha}{2}\right) \\
& = \arcsin \left(1.55336 \times \sin 30^{\circ}\right) \\
& \approx 50.96^{\circ}
\end{aligned}
$$",\boxed{50.96},NV,^\circ,False,EN,Laws Application
5385,Electromagnetism,Wave Optics,Diffraction,"For an optical fiber with a loss of $2000 \, \mathrm{dB/km}$, calculate the distance the light pulse propagates when the light power is attenuated to half of its initial power, and determine the attenuation coefficient.","By slightly changing the definition, we have

$$
\alpha_{\mathrm{dB}} = \frac{10}{L} \log_{10} \left(\frac{P_{0}}{P_{T}}\right) = \frac{10}{L} \log_{10} 2
$$

Thus,

$$
L = \frac{10 \log_{10} 2}{\alpha_{\mathrm{dB}}}
$$

Substituting $\alpha_{\mathrm{dB}} = 2000 \, \mathrm{dB/km}$, we get $L_{3} = 0.0015 \, \mathrm{km}$.

According to $\alpha_{\mathrm{dB}} = 4.343 \alpha$, we find $\alpha_{3} = 460$.","\boxed{0.0015, 460}","NV, NV","\text{km}, \text{None}",True,EN,Practical Application
5386,Electromagnetism,Wave Optics,Polarization,"Monochromatic parallel light with a wavelength of $\lambda=6000 \, \text{}$ is incident normally onto the base of a Fresnel biprism. The prism's base angle is $\alpha \ll 1^{\circ}$, and the refractive index is $n=1.5$. If the fringe spacing on the screen is 0.1 mm, determine the prism's base angle $\alpha$.","Typically, when natural light is reflected at the interface of two media, the reflected light is partially polarized. However, when the angle of incidence satisfies

$$
\theta_{B}=\arctan \frac{n_{1}}{n_{0}}
$$

where $n_{0}$ and $n_{1}$ are the refractive indices of the incident medium and the refractive medium respectively, the reflected light is linearly polarized with vibrations perpendicular to the plane of incidence. This angle $\theta_{B}$ is called the Brewster's angle or the polarization angle.

The calculations for $r, R, \bar{R}$, and $t, T, \bar{T}$ for the $S$ and $P$ components are based on Fresnel's equations. Because the angle of incidence is Brewster's angle, the sum of the angle of incidence and the angle of refraction is $\frac{\pi}{2}$. Intensity refers to the average energy flow density, which is the time average of the Poynting vector, while energy flow equals the intensity multiplied by the cross-sectional area of the beam. The reflected light and incident light are in the same medium, with equal cross-sectional areas, while the refracted light and incident light are in different media, with different cross-sectional areas, which is noteworthy.

1. According to Fresnel's equations, the amplitude reflectance $r_{s}$ and amplitude transmittance $t_{s}$ for the $S$ component are

$$
\begin{gathered}
r_{s}=\frac{n_{1} \cos \theta_{1}-n_{2} \cos \theta_{2}}{n_{1} \cos \theta_{1}+n_{2} \cos \theta_{2}}=-\frac{\sin \left(\theta_{1}-\theta_{2}\right)}{\sin \left(\theta_{1}+\theta_{2}\right)} \\
t_{s}=\frac{2 n_{1} \cos \theta_{1}}{n_{1} \cos \theta_{1}+n_{2} \cos \theta_{2}}=\frac{2 \sin \theta_{2} \cos \theta_{1}}{\sin \left(\theta_{1}+\theta_{2}\right)}
\end{gathered}
$$

The amplitude reflectance $r_{P}$ and amplitude transmittance $t_{P}$ for the $P$ component are

$$
\begin{gathered}
r_{P}=\frac{n_{2} \cos \theta_{1}-n_{1} \cos \theta_{2}}{n_{2} \cos \theta_{1}+n_{1} \cos \theta_{2}}=\frac{\tan \left(\theta_{1}-\theta_{2}\right)}{\tan \left(\theta_{1}+\theta_{2}\right)} \\
t_{P}=\frac{2 n_{1} \cos \theta_{1}}{n_{2} \cos \theta_{1}+n_{1} \cos \theta_{2}}=\frac{2 \cos \theta_{1} \sin \theta_{2}}{\sin \left(\theta_{1}+\theta_{2}\right) \cos \left(\theta_{1}-\theta_{2}\right)}
\end{gathered}
$$

where $n_{1}=1$, $n_{2}=n=1.50$, $\theta_{1}$ is the angle of incidence, and $\theta_{2}$ is the angle of refraction. Since the angle of incidence is the Brewster's angle, we have

$$
\theta_{1}=\theta_{B}=\arctan n=\arctan 1.50=56.3^{\circ}
$$

Additionally,

$$
\theta_{1}+\theta_{2}=\frac{\pi}{2}
$$

Substituting into the formulas for $r_{s}$ and $r_{p}$, we obtain

$$
\begin{gathered}
r_{s}=-\frac{\sin \left(56.3^{\circ}-33.7^{\circ}\right)}{\sin \left(56.3^{\circ}+33.7^{\circ}\right)}=-0.384 \\
r_{p}=0
\end{gathered}
$$

Since the reflected light and incident light are in the same medium with equal cross-sectional areas, the intensity reflectance $R_{S}$ and $R_{P}$, as well as the energy flow reflectance $\bar{R}_{S}$ and $\bar{R}_{P}$ for the $S$ and $P$ components respectively, are

$$
\begin{aligned}
& R_{S}=\left|r_{S}\right|^{2}=0.148, \quad R_{P}=0 \\
& \bar{R}_{S}=\left|r_{S}\right|^{2}=0.148, \quad \bar{R}_{P}=0
\end{aligned}
$$

For the refracted light, substituting $\theta_{1}$ and $\theta_{2}$ into $t_{s}$ and $t_{P}$, we have

$$
\begin{gathered}
t_{s}=\frac{2 \sin \theta_{2} \cos \theta_{1}}{\sin \left(\theta_{1}+\theta_{2}\right)}=\frac{2 \sin 33.7^{\circ} \cos 56.3^{\circ}}{\sin \frac{\pi}{2}}=0.616 \\
t_{P}=\frac{2 \cos \theta_{1} \sin \theta_{2}}{\sin \left(\theta_{1}+\theta_{2}\right) \cos \left(\theta_{1}-\theta_{2}\right)}=\frac{2 \cos 56.3^{\circ} \sin 33.7^{\circ}}{\cos \left(56.3^{\circ}-33.7^{\circ}\right)}=0.667
\end{gathered}
$$

Since the refracted light and incident light are in different media with different cross-sectional areas, the intensity transmittance and energy flow transmittance are not simply equal to the square of the amplitude transmittance. The intensity refers to the average energy flow density, which is the time average of the Poynting vector, given by

$$
\widetilde{S}=\frac{1}{2} \sqrt{\frac{\varepsilon_{0} \varepsilon_{\mathrm{r}}}{\mu_{0} \mu_{\mathrm{r}}}} E^{2}
$$

where $E$ is the amplitude of the electric vector. Since $\mu_{\mathrm{r}} \approx 1$, and the speed of light in vacuum $c=\frac{1}{\sqrt{\varepsilon_{0}} \mu_{0}}$, and the refractive index $n=\sqrt{\varepsilon_{\mathrm{r}} \mu_{\mathrm{r}}} \approx \sqrt{\varepsilon_{\mathrm{r}}}$, this can be rewritten as

$$
\bar{S}=\frac{1}{2 c \mu_{0}} n E^{2}
$$

Thus, the intensity is proportional to $n E^{2}$, and the intensity transmittance is

$$
T=\frac{\bar{S}_{2}}{\bar{S}_{1}}=\frac{n_{2}}{n_{1}} t^{2}
$$

The intensity transmittance for the $S$ and $P$ components is

$$
\begin{aligned}
& T_{S}=\frac{n_{2}}{n_{1}} t_{S}^{2}=n t_{S}^{2}=0.569 \\
& T_{P}=\frac{n_{2}}{n_{1}} t_{P}^{2}=n t_{P}^{2}=0.667
\end{aligned}
$$

The energy flow equals the intensity multiplied by the cross-sectional area of the beam, and the ratio of the cross-sectional areas of the refracted beam to the incident beam is $\frac{\cos \theta_{2}}{\cos \theta_{1}}$, so the energy flow transmittance is

$$
\bar{T}=\frac{\bar{S}_{2} \cos \theta_{2}}{\bar{S}_{1} \cos \theta_{1}}=\frac{n_{2} \cos \theta_{2}}{n_{1} \cos \theta_{1}} t^{2}=\frac{\cos \theta_{2}}{\cos \theta_{1}} T
$$

Substituting the values, the energy flow transmittance for the $S$ and $P$ components is

$$
\begin{gathered}
\bar{T}_{S}=\frac{\cos \theta_{2}}{\cos \theta_{1}} T_{S}=0.853 \\
\bar{T}_{P}=\frac{\cos \theta_{2}}{\cos \theta_{1}} T_{P}=1
\end{gathered}
$$

The fact that the energy flow transmittance $\bar{T}_{P}=1$ for the $P$ component is expected because, when light is incident at the Brewster's angle $\left(\theta_{1}=\theta_{B}\right)$, the reflected light does not contain any $P$ component, meaning the entire energy of the incident $P$ component is transmitted.",\boxed{21},NV,,False,EN,Practical Application
5387,Electromagnetism,Wave Optics,Polarization,"A ruby laser outputs a plane wave with $\lambda=6943 \, \text{}$ (a reasonable approximation).  
What is the coherence length of the laser in a vacuum? (This is the distance over which the light maintains coherence until reaching $\lambda / 4$). Assume the bandwidth of the laser is $\Delta \nu=30 \, \text{MHz}$.","Typically, when natural light is reflected at the interface of two media, the reflected light is partially polarized. However, when the angle of incidence satisfies

$$
\theta_{B}=\arctan \frac{n_{1}}{n_{0}}
$$

where $n_{0}$ and $n_{1}$ are the refractive indices of the incident medium and the refractive medium respectively, the reflected light is linearly polarized with vibrations perpendicular to the plane of incidence. This angle $\theta_{B}$ is called the Brewster's angle or the polarization angle.

The calculations for $r, R, \bar{R}$, and $t, T, \bar{T}$ for the $S$ and $P$ components are based on Fresnel's equations. Because the angle of incidence is Brewster's angle, the sum of the angle of incidence and the angle of refraction is $\frac{\pi}{2}$. Intensity refers to the average energy flow density, which is the time average of the Poynting vector, while energy flow equals the intensity multiplied by the cross-sectional area of the beam. The reflected light and incident light are in the same medium, with equal cross-sectional areas, while the refracted light and incident light are in different media, with different cross-sectional areas, which is noteworthy.

1. According to Fresnel's equations, the amplitude reflectance $r_{s}$ and amplitude transmittance $t_{s}$ for the $S$ component are

$$
\begin{gathered}
r_{s}=\frac{n_{1} \cos \theta_{1}-n_{2} \cos \theta_{2}}{n_{1} \cos \theta_{1}+n_{2} \cos \theta_{2}}=-\frac{\sin \left(\theta_{1}-\theta_{2}\right)}{\sin \left(\theta_{1}+\theta_{2}\right)} \\
t_{s}=\frac{2 n_{1} \cos \theta_{1}}{n_{1} \cos \theta_{1}+n_{2} \cos \theta_{2}}=\frac{2 \sin \theta_{2} \cos \theta_{1}}{\sin \left(\theta_{1}+\theta_{2}\right)}
\end{gathered}
$$

The amplitude reflectance $r_{P}$ and amplitude transmittance $t_{P}$ for the $P$ component are

$$
\begin{gathered}
r_{P}=\frac{n_{2} \cos \theta_{1}-n_{1} \cos \theta_{2}}{n_{2} \cos \theta_{1}+n_{1} \cos \theta_{2}}=\frac{\tan \left(\theta_{1}-\theta_{2}\right)}{\tan \left(\theta_{1}+\theta_{2}\right)} \\
t_{P}=\frac{2 n_{1} \cos \theta_{1}}{n_{2} \cos \theta_{1}+n_{1} \cos \theta_{2}}=\frac{2 \cos \theta_{1} \sin \theta_{2}}{\sin \left(\theta_{1}+\theta_{2}\right) \cos \left(\theta_{1}-\theta_{2}\right)}
\end{gathered}
$$

where $n_{1}=1$, $n_{2}=n=1.50$, $\theta_{1}$ is the angle of incidence, and $\theta_{2}$ is the angle of refraction. Since the angle of incidence is the Brewster's angle, we have

$$
\theta_{1}=\theta_{B}=\arctan n=\arctan 1.50=56.3^{\circ}
$$

Additionally,

$$
\theta_{1}+\theta_{2}=\frac{\pi}{2}
$$

Substituting into the formulas for $r_{s}$ and $r_{p}$, we obtain

$$
\begin{gathered}
r_{s}=-\frac{\sin \left(56.3^{\circ}-33.7^{\circ}\right)}{\sin \left(56.3^{\circ}+33.7^{\circ}\right)}=-0.384 \\
r_{p}=0
\end{gathered}
$$

Since the reflected light and incident light are in the same medium with equal cross-sectional areas, the intensity reflectance $R_{S}$ and $R_{P}$, as well as the energy flow reflectance $\bar{R}_{S}$ and $\bar{R}_{P}$ for the $S$ and $P$ components respectively, are

$$
\begin{aligned}
& R_{S}=\left|r_{S}\right|^{2}=0.148, \quad R_{P}=0 \\
& \bar{R}_{S}=\left|r_{S}\right|^{2}=0.148, \quad \bar{R}_{P}=0
\end{aligned}
$$

For the refracted light, substituting $\theta_{1}$ and $\theta_{2}$ into $t_{s}$ and $t_{P}$, we have

$$
\begin{gathered}
t_{s}=\frac{2 \sin \theta_{2} \cos \theta_{1}}{\sin \left(\theta_{1}+\theta_{2}\right)}=\frac{2 \sin 33.7^{\circ} \cos 56.3^{\circ}}{\sin \frac{\pi}{2}}=0.616 \\
t_{P}=\frac{2 \cos \theta_{1} \sin \theta_{2}}{\sin \left(\theta_{1}+\theta_{2}\right) \cos \left(\theta_{1}-\theta_{2}\right)}=\frac{2 \cos 56.3^{\circ} \sin 33.7^{\circ}}{\cos \left(56.3^{\circ}-33.7^{\circ}\right)}=0.667
\end{gathered}
$$

Since the refracted light and incident light are in different media with different cross-sectional areas, the intensity transmittance and energy flow transmittance are not simply equal to the square of the amplitude transmittance. The intensity refers to the average energy flow density, which is the time average of the Poynting vector, given by

$$
\widetilde{S}=\frac{1}{2} \sqrt{\frac{\varepsilon_{0} \varepsilon_{\mathrm{r}}}{\mu_{0} \mu_{\mathrm{r}}}} E^{2}
$$

where $E$ is the amplitude of the electric vector. Since $\mu_{\mathrm{r}} \approx 1$, and the speed of light in vacuum $c=\frac{1}{\sqrt{\varepsilon_{0}} \mu_{0}}$, and the refractive index $n=\sqrt{\varepsilon_{\mathrm{r}} \mu_{\mathrm{r}}} \approx \sqrt{\varepsilon_{\mathrm{r}}}$, this can be rewritten as

$$
\bar{S}=\frac{1}{2 c \mu_{0}} n E^{2}
$$

Thus, the intensity is proportional to $n E^{2}$, and the intensity transmittance is

$$
T=\frac{\bar{S}_{2}}{\bar{S}_{1}}=\frac{n_{2}}{n_{1}} t^{2}
$$

The intensity transmittance for the $S$ and $P$ components is

$$
\begin{aligned}
& T_{S}=\frac{n_{2}}{n_{1}} t_{S}^{2}=n t_{S}^{2}=0.569 \\
& T_{P}=\frac{n_{2}}{n_{1}} t_{P}^{2}=n t_{P}^{2}=0.667
\end{aligned}
$$

The energy flow equals the intensity multiplied by the cross-sectional area of the beam, and the ratio of the cross-sectional areas of the refracted beam to the incident beam is $\frac{\cos \theta_{2}}{\cos \theta_{1}}$, so the energy flow transmittance is

$$
\bar{T}=\frac{\bar{S}_{2} \cos \theta_{2}}{\bar{S}_{1} \cos \theta_{1}}=\frac{n_{2} \cos \theta_{2}}{n_{1} \cos \theta_{1}} t^{2}=\frac{\cos \theta_{2}}{\cos \theta_{1}} T
$$

Substituting the values, the energy flow transmittance for the $S$ and $P$ components is

$$
\begin{gathered}
\bar{T}_{S}=\frac{\cos \theta_{2}}{\cos \theta_{1}} T_{S}=0.853 \\
\bar{T}_{P}=\frac{\cos \theta_{2}}{\cos \theta_{1}} T_{P}=1
\end{gathered}
$$

The fact that the energy flow transmittance $\bar{T}_{P}=1$ for the $P$ component is expected because, when light is incident at the Brewster's angle $\left(\theta_{1}=\theta_{B}\right)$, the reflected light does not contain any $P$ component, meaning the entire energy of the incident $P$ component is transmitted.",\boxed{10},NV,\text{m},False,EN,Practical Application
5388,Electromagnetism,Wave Optics,Polarization,"A piece of glass has a refractive index for X-rays with a wavelength of $0.70 \, \text{}$ that is smaller than 1 by $1.60 \times 10^{-6}$. Find the maximum grazing angle at which total reflection of the X-rays can occur at the surface of the glass.","Typically, when natural light is reflected at the interface of two media, the reflected light is partially polarized. However, when the angle of incidence satisfies

$$
\theta_{B}=\arctan \frac{n_{1}}{n_{0}}
$$

where $n_{0}$ and $n_{1}$ are the refractive indices of the incident medium and the refractive medium respectively, the reflected light is linearly polarized with vibrations perpendicular to the plane of incidence. This angle $\theta_{B}$ is called the Brewster's angle or the polarization angle.

The calculations for $r, R, \bar{R}$, and $t, T, \bar{T}$ for the $S$ and $P$ components are based on Fresnel's equations. Because the angle of incidence is Brewster's angle, the sum of the angle of incidence and the angle of refraction is $\frac{\pi}{2}$. Intensity refers to the average energy flow density, which is the time average of the Poynting vector, while energy flow equals the intensity multiplied by the cross-sectional area of the beam. The reflected light and incident light are in the same medium, with equal cross-sectional areas, while the refracted light and incident light are in different media, with different cross-sectional areas, which is noteworthy.

1. According to Fresnel's equations, the amplitude reflectance $r_{s}$ and amplitude transmittance $t_{s}$ for the $S$ component are

$$
\begin{gathered}
r_{s}=\frac{n_{1} \cos \theta_{1}-n_{2} \cos \theta_{2}}{n_{1} \cos \theta_{1}+n_{2} \cos \theta_{2}}=-\frac{\sin \left(\theta_{1}-\theta_{2}\right)}{\sin \left(\theta_{1}+\theta_{2}\right)} \\
t_{s}=\frac{2 n_{1} \cos \theta_{1}}{n_{1} \cos \theta_{1}+n_{2} \cos \theta_{2}}=\frac{2 \sin \theta_{2} \cos \theta_{1}}{\sin \left(\theta_{1}+\theta_{2}\right)}
\end{gathered}
$$

The amplitude reflectance $r_{P}$ and amplitude transmittance $t_{P}$ for the $P$ component are

$$
\begin{gathered}
r_{P}=\frac{n_{2} \cos \theta_{1}-n_{1} \cos \theta_{2}}{n_{2} \cos \theta_{1}+n_{1} \cos \theta_{2}}=\frac{\tan \left(\theta_{1}-\theta_{2}\right)}{\tan \left(\theta_{1}+\theta_{2}\right)} \\
t_{P}=\frac{2 n_{1} \cos \theta_{1}}{n_{2} \cos \theta_{1}+n_{1} \cos \theta_{2}}=\frac{2 \cos \theta_{1} \sin \theta_{2}}{\sin \left(\theta_{1}+\theta_{2}\right) \cos \left(\theta_{1}-\theta_{2}\right)}
\end{gathered}
$$

where $n_{1}=1$, $n_{2}=n=1.50$, $\theta_{1}$ is the angle of incidence, and $\theta_{2}$ is the angle of refraction. Since the angle of incidence is the Brewster's angle, we have

$$
\theta_{1}=\theta_{B}=\arctan n=\arctan 1.50=56.3^{\circ}
$$

Additionally,

$$
\theta_{1}+\theta_{2}=\frac{\pi}{2}
$$

Substituting into the formulas for $r_{s}$ and $r_{p}$, we obtain

$$
\begin{gathered}
r_{s}=-\frac{\sin \left(56.3^{\circ}-33.7^{\circ}\right)}{\sin \left(56.3^{\circ}+33.7^{\circ}\right)}=-0.384 \\
r_{p}=0
\end{gathered}
$$

Since the reflected light and incident light are in the same medium with equal cross-sectional areas, the intensity reflectance $R_{S}$ and $R_{P}$, as well as the energy flow reflectance $\bar{R}_{S}$ and $\bar{R}_{P}$ for the $S$ and $P$ components respectively, are

$$
\begin{aligned}
& R_{S}=\left|r_{S}\right|^{2}=0.148, \quad R_{P}=0 \\
& \bar{R}_{S}=\left|r_{S}\right|^{2}=0.148, \quad \bar{R}_{P}=0
\end{aligned}
$$

For the refracted light, substituting $\theta_{1}$ and $\theta_{2}$ into $t_{s}$ and $t_{P}$, we have

$$
\begin{gathered}
t_{s}=\frac{2 \sin \theta_{2} \cos \theta_{1}}{\sin \left(\theta_{1}+\theta_{2}\right)}=\frac{2 \sin 33.7^{\circ} \cos 56.3^{\circ}}{\sin \frac{\pi}{2}}=0.616 \\
t_{P}=\frac{2 \cos \theta_{1} \sin \theta_{2}}{\sin \left(\theta_{1}+\theta_{2}\right) \cos \left(\theta_{1}-\theta_{2}\right)}=\frac{2 \cos 56.3^{\circ} \sin 33.7^{\circ}}{\cos \left(56.3^{\circ}-33.7^{\circ}\right)}=0.667
\end{gathered}
$$

Since the refracted light and incident light are in different media with different cross-sectional areas, the intensity transmittance and energy flow transmittance are not simply equal to the square of the amplitude transmittance. The intensity refers to the average energy flow density, which is the time average of the Poynting vector, given by

$$
\widetilde{S}=\frac{1}{2} \sqrt{\frac{\varepsilon_{0} \varepsilon_{\mathrm{r}}}{\mu_{0} \mu_{\mathrm{r}}}} E^{2}
$$

where $E$ is the amplitude of the electric vector. Since $\mu_{\mathrm{r}} \approx 1$, and the speed of light in vacuum $c=\frac{1}{\sqrt{\varepsilon_{0}} \mu_{0}}$, and the refractive index $n=\sqrt{\varepsilon_{\mathrm{r}} \mu_{\mathrm{r}}} \approx \sqrt{\varepsilon_{\mathrm{r}}}$, this can be rewritten as

$$
\bar{S}=\frac{1}{2 c \mu_{0}} n E^{2}
$$

Thus, the intensity is proportional to $n E^{2}$, and the intensity transmittance is

$$
T=\frac{\bar{S}_{2}}{\bar{S}_{1}}=\frac{n_{2}}{n_{1}} t^{2}
$$

The intensity transmittance for the $S$ and $P$ components is

$$
\begin{aligned}
& T_{S}=\frac{n_{2}}{n_{1}} t_{S}^{2}=n t_{S}^{2}=0.569 \\
& T_{P}=\frac{n_{2}}{n_{1}} t_{P}^{2}=n t_{P}^{2}=0.667
\end{aligned}
$$

The energy flow equals the intensity multiplied by the cross-sectional area of the beam, and the ratio of the cross-sectional areas of the refracted beam to the incident beam is $\frac{\cos \theta_{2}}{\cos \theta_{1}}$, so the energy flow transmittance is

$$
\bar{T}=\frac{\bar{S}_{2} \cos \theta_{2}}{\bar{S}_{1} \cos \theta_{1}}=\frac{n_{2} \cos \theta_{2}}{n_{1} \cos \theta_{1}} t^{2}=\frac{\cos \theta_{2}}{\cos \theta_{1}} T
$$

Substituting the values, the energy flow transmittance for the $S$ and $P$ components is

$$
\begin{gathered}
\bar{T}_{S}=\frac{\cos \theta_{2}}{\cos \theta_{1}} T_{S}=0.853 \\
\bar{T}_{P}=\frac{\cos \theta_{2}}{\cos \theta_{1}} T_{P}=1
\end{gathered}
$$

The fact that the energy flow transmittance $\bar{T}_{P}=1$ for the $P$ component is expected because, when light is incident at the Brewster's angle $\left(\theta_{1}=\theta_{B}\right)$, the reflected light does not contain any $P$ component, meaning the entire energy of the incident $P$ component is transmitted.",\boxed{0.1025},NV,{}^\circ,False,EN,Laws Application
5389,Electromagnetism,Wave Optics,Polarization,"The Lummer-Gehrcke plate has a length \( L = 30 \, \text{cm} \), a thickness \( d = 1 \, \text{cm} \), and a refractive index \( n = 1.52 \). Given \( \lambda = 4861 \, \text{}, \frac{\mathrm{d}n}{\mathrm{d}\lambda} = 9.6 \times 10^{-6} \, \text{}^{-1} \). Calculate the resolving power for the hydrogen atomic spectral line \( H_{\beta} \).","Typically, when natural light is reflected at the interface of two media, the reflected light is partially polarized. However, when the angle of incidence satisfies

$$
\theta_{B}=\arctan \frac{n_{1}}{n_{0}}
$$

where $n_{0}$ and $n_{1}$ are the refractive indices of the incident medium and the refractive medium respectively, the reflected light is linearly polarized with vibrations perpendicular to the plane of incidence. This angle $\theta_{B}$ is called the Brewster's angle or the polarization angle.

The calculations for $r, R, \bar{R}$, and $t, T, \bar{T}$ for the $S$ and $P$ components are based on Fresnel's equations. Because the angle of incidence is Brewster's angle, the sum of the angle of incidence and the angle of refraction is $\frac{\pi}{2}$. Intensity refers to the average energy flow density, which is the time average of the Poynting vector, while energy flow equals the intensity multiplied by the cross-sectional area of the beam. The reflected light and incident light are in the same medium, with equal cross-sectional areas, while the refracted light and incident light are in different media, with different cross-sectional areas, which is noteworthy.

1. According to Fresnel's equations, the amplitude reflectance $r_{s}$ and amplitude transmittance $t_{s}$ for the $S$ component are

$$
\begin{gathered}
r_{s}=\frac{n_{1} \cos \theta_{1}-n_{2} \cos \theta_{2}}{n_{1} \cos \theta_{1}+n_{2} \cos \theta_{2}}=-\frac{\sin \left(\theta_{1}-\theta_{2}\right)}{\sin \left(\theta_{1}+\theta_{2}\right)} \\
t_{s}=\frac{2 n_{1} \cos \theta_{1}}{n_{1} \cos \theta_{1}+n_{2} \cos \theta_{2}}=\frac{2 \sin \theta_{2} \cos \theta_{1}}{\sin \left(\theta_{1}+\theta_{2}\right)}
\end{gathered}
$$

The amplitude reflectance $r_{P}$ and amplitude transmittance $t_{P}$ for the $P$ component are

$$
\begin{gathered}
r_{P}=\frac{n_{2} \cos \theta_{1}-n_{1} \cos \theta_{2}}{n_{2} \cos \theta_{1}+n_{1} \cos \theta_{2}}=\frac{\tan \left(\theta_{1}-\theta_{2}\right)}{\tan \left(\theta_{1}+\theta_{2}\right)} \\
t_{P}=\frac{2 n_{1} \cos \theta_{1}}{n_{2} \cos \theta_{1}+n_{1} \cos \theta_{2}}=\frac{2 \cos \theta_{1} \sin \theta_{2}}{\sin \left(\theta_{1}+\theta_{2}\right) \cos \left(\theta_{1}-\theta_{2}\right)}
\end{gathered}
$$

where $n_{1}=1$, $n_{2}=n=1.50$, $\theta_{1}$ is the angle of incidence, and $\theta_{2}$ is the angle of refraction. Since the angle of incidence is the Brewster's angle, we have

$$
\theta_{1}=\theta_{B}=\arctan n=\arctan 1.50=56.3^{\circ}
$$

Additionally,

$$
\theta_{1}+\theta_{2}=\frac{\pi}{2}
$$

Substituting into the formulas for $r_{s}$ and $r_{p}$, we obtain

$$
\begin{gathered}
r_{s}=-\frac{\sin \left(56.3^{\circ}-33.7^{\circ}\right)}{\sin \left(56.3^{\circ}+33.7^{\circ}\right)}=-0.384 \\
r_{p}=0
\end{gathered}
$$

Since the reflected light and incident light are in the same medium with equal cross-sectional areas, the intensity reflectance $R_{S}$ and $R_{P}$, as well as the energy flow reflectance $\bar{R}_{S}$ and $\bar{R}_{P}$ for the $S$ and $P$ components respectively, are

$$
\begin{aligned}
& R_{S}=\left|r_{S}\right|^{2}=0.148, \quad R_{P}=0 \\
& \bar{R}_{S}=\left|r_{S}\right|^{2}=0.148, \quad \bar{R}_{P}=0
\end{aligned}
$$

For the refracted light, substituting $\theta_{1}$ and $\theta_{2}$ into $t_{s}$ and $t_{P}$, we have

$$
\begin{gathered}
t_{s}=\frac{2 \sin \theta_{2} \cos \theta_{1}}{\sin \left(\theta_{1}+\theta_{2}\right)}=\frac{2 \sin 33.7^{\circ} \cos 56.3^{\circ}}{\sin \frac{\pi}{2}}=0.616 \\
t_{P}=\frac{2 \cos \theta_{1} \sin \theta_{2}}{\sin \left(\theta_{1}+\theta_{2}\right) \cos \left(\theta_{1}-\theta_{2}\right)}=\frac{2 \cos 56.3^{\circ} \sin 33.7^{\circ}}{\cos \left(56.3^{\circ}-33.7^{\circ}\right)}=0.667
\end{gathered}
$$

Since the refracted light and incident light are in different media with different cross-sectional areas, the intensity transmittance and energy flow transmittance are not simply equal to the square of the amplitude transmittance. The intensity refers to the average energy flow density, which is the time average of the Poynting vector, given by

$$
\widetilde{S}=\frac{1}{2} \sqrt{\frac{\varepsilon_{0} \varepsilon_{\mathrm{r}}}{\mu_{0} \mu_{\mathrm{r}}}} E^{2}
$$

where $E$ is the amplitude of the electric vector. Since $\mu_{\mathrm{r}} \approx 1$, and the speed of light in vacuum $c=\frac{1}{\sqrt{\varepsilon_{0}} \mu_{0}}$, and the refractive index $n=\sqrt{\varepsilon_{\mathrm{r}} \mu_{\mathrm{r}}} \approx \sqrt{\varepsilon_{\mathrm{r}}}$, this can be rewritten as

$$
\bar{S}=\frac{1}{2 c \mu_{0}} n E^{2}
$$

Thus, the intensity is proportional to $n E^{2}$, and the intensity transmittance is

$$
T=\frac{\bar{S}_{2}}{\bar{S}_{1}}=\frac{n_{2}}{n_{1}} t^{2}
$$

The intensity transmittance for the $S$ and $P$ components is

$$
\begin{aligned}
& T_{S}=\frac{n_{2}}{n_{1}} t_{S}^{2}=n t_{S}^{2}=0.569 \\
& T_{P}=\frac{n_{2}}{n_{1}} t_{P}^{2}=n t_{P}^{2}=0.667
\end{aligned}
$$

The energy flow equals the intensity multiplied by the cross-sectional area of the beam, and the ratio of the cross-sectional areas of the refracted beam to the incident beam is $\frac{\cos \theta_{2}}{\cos \theta_{1}}$, so the energy flow transmittance is

$$
\bar{T}=\frac{\bar{S}_{2} \cos \theta_{2}}{\bar{S}_{1} \cos \theta_{1}}=\frac{n_{2} \cos \theta_{2}}{n_{1} \cos \theta_{1}} t^{2}=\frac{\cos \theta_{2}}{\cos \theta_{1}} T
$$

Substituting the values, the energy flow transmittance for the $S$ and $P$ components is

$$
\begin{gathered}
\bar{T}_{S}=\frac{\cos \theta_{2}}{\cos \theta_{1}} T_{S}=0.853 \\
\bar{T}_{P}=\frac{\cos \theta_{2}}{\cos \theta_{1}} T_{P}=1
\end{gathered}
$$

The fact that the energy flow transmittance $\bar{T}_{P}=1$ for the $P$ component is expected because, when light is incident at the Brewster's angle $\left(\theta_{1}=\theta_{B}\right)$, the reflected light does not contain any $P$ component, meaning the entire energy of the incident $P$ component is transmitted.",\boxed{8.45 \times 10^{5}},NV,,False,EN,Practical Application
5391,Electromagnetism,Wave Optics,Polarization,"Consider a Fabry-Prot cavity with a length of 5 cm, using an extended light source with a wavelength of $0.6 \, \mu\mathrm{m}$. If thermal expansion or contraction causes a relative change in the cavity length of $10^{-5}$, what is the amount of spectral line shift?","Typically, when natural light is reflected at the interface of two media, the reflected light is partially polarized. However, when the angle of incidence satisfies

$$
\theta_{B}=\arctan \frac{n_{1}}{n_{0}}
$$

where $n_{0}$ and $n_{1}$ are the refractive indices of the incident medium and the refractive medium respectively, the reflected light is linearly polarized with vibrations perpendicular to the plane of incidence. This angle $\theta_{B}$ is called the Brewster's angle or the polarization angle.

The calculations for $r, R, \bar{R}$, and $t, T, \bar{T}$ for the $S$ and $P$ components are based on Fresnel's equations. Because the angle of incidence is Brewster's angle, the sum of the angle of incidence and the angle of refraction is $\frac{\pi}{2}$. Intensity refers to the average energy flow density, which is the time average of the Poynting vector, while energy flow equals the intensity multiplied by the cross-sectional area of the beam. The reflected light and incident light are in the same medium, with equal cross-sectional areas, while the refracted light and incident light are in different media, with different cross-sectional areas, which is noteworthy.

1. According to Fresnel's equations, the amplitude reflectance $r_{s}$ and amplitude transmittance $t_{s}$ for the $S$ component are

$$
\begin{gathered}
r_{s}=\frac{n_{1} \cos \theta_{1}-n_{2} \cos \theta_{2}}{n_{1} \cos \theta_{1}+n_{2} \cos \theta_{2}}=-\frac{\sin \left(\theta_{1}-\theta_{2}\right)}{\sin \left(\theta_{1}+\theta_{2}\right)} \\
t_{s}=\frac{2 n_{1} \cos \theta_{1}}{n_{1} \cos \theta_{1}+n_{2} \cos \theta_{2}}=\frac{2 \sin \theta_{2} \cos \theta_{1}}{\sin \left(\theta_{1}+\theta_{2}\right)}
\end{gathered}
$$

The amplitude reflectance $r_{P}$ and amplitude transmittance $t_{P}$ for the $P$ component are

$$
\begin{gathered}
r_{P}=\frac{n_{2} \cos \theta_{1}-n_{1} \cos \theta_{2}}{n_{2} \cos \theta_{1}+n_{1} \cos \theta_{2}}=\frac{\tan \left(\theta_{1}-\theta_{2}\right)}{\tan \left(\theta_{1}+\theta_{2}\right)} \\
t_{P}=\frac{2 n_{1} \cos \theta_{1}}{n_{2} \cos \theta_{1}+n_{1} \cos \theta_{2}}=\frac{2 \cos \theta_{1} \sin \theta_{2}}{\sin \left(\theta_{1}+\theta_{2}\right) \cos \left(\theta_{1}-\theta_{2}\right)}
\end{gathered}
$$

where $n_{1}=1$, $n_{2}=n=1.50$, $\theta_{1}$ is the angle of incidence, and $\theta_{2}$ is the angle of refraction. Since the angle of incidence is the Brewster's angle, we have

$$
\theta_{1}=\theta_{B}=\arctan n=\arctan 1.50=56.3^{\circ}
$$

Additionally,

$$
\theta_{1}+\theta_{2}=\frac{\pi}{2}
$$

Substituting into the formulas for $r_{s}$ and $r_{p}$, we obtain

$$
\begin{gathered}
r_{s}=-\frac{\sin \left(56.3^{\circ}-33.7^{\circ}\right)}{\sin \left(56.3^{\circ}+33.7^{\circ}\right)}=-0.384 \\
r_{p}=0
\end{gathered}
$$

Since the reflected light and incident light are in the same medium with equal cross-sectional areas, the intensity reflectance $R_{S}$ and $R_{P}$, as well as the energy flow reflectance $\bar{R}_{S}$ and $\bar{R}_{P}$ for the $S$ and $P$ components respectively, are

$$
\begin{aligned}
& R_{S}=\left|r_{S}\right|^{2}=0.148, \quad R_{P}=0 \\
& \bar{R}_{S}=\left|r_{S}\right|^{2}=0.148, \quad \bar{R}_{P}=0
\end{aligned}
$$

For the refracted light, substituting $\theta_{1}$ and $\theta_{2}$ into $t_{s}$ and $t_{P}$, we have

$$
\begin{gathered}
t_{s}=\frac{2 \sin \theta_{2} \cos \theta_{1}}{\sin \left(\theta_{1}+\theta_{2}\right)}=\frac{2 \sin 33.7^{\circ} \cos 56.3^{\circ}}{\sin \frac{\pi}{2}}=0.616 \\
t_{P}=\frac{2 \cos \theta_{1} \sin \theta_{2}}{\sin \left(\theta_{1}+\theta_{2}\right) \cos \left(\theta_{1}-\theta_{2}\right)}=\frac{2 \cos 56.3^{\circ} \sin 33.7^{\circ}}{\cos \left(56.3^{\circ}-33.7^{\circ}\right)}=0.667
\end{gathered}
$$

Since the refracted light and incident light are in different media with different cross-sectional areas, the intensity transmittance and energy flow transmittance are not simply equal to the square of the amplitude transmittance. The intensity refers to the average energy flow density, which is the time average of the Poynting vector, given by

$$
\widetilde{S}=\frac{1}{2} \sqrt{\frac{\varepsilon_{0} \varepsilon_{\mathrm{r}}}{\mu_{0} \mu_{\mathrm{r}}}} E^{2}
$$

where $E$ is the amplitude of the electric vector. Since $\mu_{\mathrm{r}} \approx 1$, and the speed of light in vacuum $c=\frac{1}{\sqrt{\varepsilon_{0}} \mu_{0}}$, and the refractive index $n=\sqrt{\varepsilon_{\mathrm{r}} \mu_{\mathrm{r}}} \approx \sqrt{\varepsilon_{\mathrm{r}}}$, this can be rewritten as

$$
\bar{S}=\frac{1}{2 c \mu_{0}} n E^{2}
$$

Thus, the intensity is proportional to $n E^{2}$, and the intensity transmittance is

$$
T=\frac{\bar{S}_{2}}{\bar{S}_{1}}=\frac{n_{2}}{n_{1}} t^{2}
$$

The intensity transmittance for the $S$ and $P$ components is

$$
\begin{aligned}
& T_{S}=\frac{n_{2}}{n_{1}} t_{S}^{2}=n t_{S}^{2}=0.569 \\
& T_{P}=\frac{n_{2}}{n_{1}} t_{P}^{2}=n t_{P}^{2}=0.667
\end{aligned}
$$

The energy flow equals the intensity multiplied by the cross-sectional area of the beam, and the ratio of the cross-sectional areas of the refracted beam to the incident beam is $\frac{\cos \theta_{2}}{\cos \theta_{1}}$, so the energy flow transmittance is

$$
\bar{T}=\frac{\bar{S}_{2} \cos \theta_{2}}{\bar{S}_{1} \cos \theta_{1}}=\frac{n_{2} \cos \theta_{2}}{n_{1} \cos \theta_{1}} t^{2}=\frac{\cos \theta_{2}}{\cos \theta_{1}} T
$$

Substituting the values, the energy flow transmittance for the $S$ and $P$ components is

$$
\begin{gathered}
\bar{T}_{S}=\frac{\cos \theta_{2}}{\cos \theta_{1}} T_{S}=0.853 \\
\bar{T}_{P}=\frac{\cos \theta_{2}}{\cos \theta_{1}} T_{P}=1
\end{gathered}
$$

The fact that the energy flow transmittance $\bar{T}_{P}=1$ for the $P$ component is expected because, when light is incident at the Brewster's angle $\left(\theta_{1}=\theta_{B}\right)$, the reflected light does not contain any $P$ component, meaning the entire energy of the incident $P$ component is transmitted.",\boxed{3 \times 10^{-7}},NV,\mathrm{\AA},False,EN,
5392,Electromagnetism,Wave Optics,Interference,"A monochromatic point light source \( S \) illuminates a two-faced mirror with a very small angle \( \varphi \) between the mirrors. The overlapping region of the reflected light will produce interference fringes on the screen. Assume the distance from the edge of the two-faced mirror to the screen is \( L_0 \), and the distance from the point source to the edge is \( r \). Find the distance between the equivalent virtual light sources \( S_1 \) and \( S_2 \).","The light from the point source \( S \) is reflected by the two-faced mirror, equivalent to two virtual light sources \( S_1 \) and \( S_2 \) emitting light and interfering in the region from \( P_2 \) to \( P'_2 \) as shown in the diagram. The distance between \( S_1 \) and \( S_2 \) is

\[
t = 2r\varphi
\]

$$
<image 1>
$$\\",\boxed{2r\varphi},NV,,False,EN,Laws Application
5393,Electromagnetism,Wave Optics,Interference,"(1) Assume that the earth is a non-magnetic material, \( \mu \approx \mu_{0} \), and satisfies \( \left(\frac{\sigma}{\varepsilon \omega}\right)^{2} \ll 1 \). Using the given electromagnetic wave expression, derive the expression for the propagation speed \( v \) in the medium, expressed in terms of \( \mu \) and \( \varepsilon \).","The propagation speed of the electromagnetic wave in the medium, i.e., the phase velocity of the wavefront

\[
\begin{gathered}
\omega t - \beta z = \text{constant} \\
v = \frac{\mathrm{d} z}{\mathrm{~d} t} = \frac{\omega}{\beta}
\end{gathered}
\]

Substituting into Equation (2) gives

\[
v = \frac{1}{\sqrt{\mu \varepsilon}} = \frac{1}{\sqrt{\mu_{0} \varepsilon_{r} \varepsilon_{0}}} = \frac{c}{\sqrt{\varepsilon_{r}}} = \frac{c}{3}
\]

where \( c \) is the speed of light.",\boxed{\frac{c}{\sqrt{\varepsilon_{r}}}},EX,,False,EN,Math Derivation
5394,Electromagnetism,Wave Optics,Polarization,"The refractive indices of medium 1 and medium 2 are \(n_1\) and \(n_2\) respectively. A linearly polarized light is incident from medium 1 onto the interface between the two media, and the angle between the direction of vibration and the plane of incidence \(\alpha\) is called the vibration azimuth angle. Find the vibration azimuth angle of the reflected light.","The reflection and refraction involve not only the direction of light propagation but also the distribution of energy as well as changes in polarization state and phase. The law of reflection and the law of refraction determine the directions of the reflected and refracted light, while the Fresnel equations reveal the relationship of the amplitudes and polarization states of the reflected and refracted light to that of the incident light. Given that the incident light is linearly polarized with a vibration azimuth angle \(\alpha\), as shown in the diagram, the incident vibration can be decomposed into an \(S\) component perpendicular to the plane of incidence and a \(P\) component vibrating within the plane of incidence, which are

\[
\begin{aligned}
& E_{1 S} = E_0 \sin \alpha, \\
& E_{1 P} = E_0 \cos \alpha,
\end{aligned}
\]

where \(E_0\) is the amplitude of the incident light. According to the Fresnel equations, the corresponding components of the reflected light are

\[
\begin{aligned}
E_{1 S}^{\prime} &= -\frac{\sin \left(\theta_1 - \theta_2\right)}{\sin \left(\theta_1 + \theta_2\right)} E_{1 S}, \\
E_{1 P}^{\prime} &= \frac{\tan \left(\theta_1 - \theta_2\right)}{\tan \left(\theta_1 + \theta_2\right)} E_{1 P},
\end{aligned}
\]

where \(\theta_1\) is the angle of incidence, and \(\theta_2\) is the angle of refraction. Thus, the vibration azimuth angle \(\alpha^{\prime}\) of the reflected light satisfies

\[
\tan \alpha^{\prime} = \frac{\left|E_{1 S}^{\prime}\right|}{\left|E_{1 P}^{\prime}\right|} = \frac{\sin \left(\theta_1 - \theta_2\right)}{\sin \left(\theta_1 + \theta_2\right)} \cdot \frac{\tan \left(\theta_1 + \theta_2\right)}{\tan \left(\theta_1 - \theta_2\right)} \tan \alpha = \frac{\cos \left(\theta_1 - \theta_2\right)}{\cos \left(\theta_1 + \theta_2\right)} \tan \alpha.
\]

According to the law of refraction,

\[
n_1 \sin \theta_1 = n_2 \sin \theta_2.
\]

Substituting into \(\tan \alpha^{\prime}\), we get

\[
\tan \alpha^{\prime} = \frac{\cos \theta_1 \sqrt{n_2^2 - n_1^2 \sin^2 \theta_1} + n_1 \sin^2 \theta_1}{\cos \theta_1 \sqrt{n_2^2 - n_1^2 \sin^2 \theta_1} - n_1 \sin^2 \theta_1}.
\]

It must be noted that the two components \(E_{1 S}\) and \(E_{1 P}\) of the incident light are decomposed from the same vibration and have a fixed phase relationship. After reflection, the phase change of each component is \(0\) or \(\pi\), so the resulting reflected light is still linearly polarized. However, when \(n_1 > n_2\) and the angle of incidence \(\theta_1\) exceeds the critical angle for total internal reflection, total reflection occurs. In this case, the phase changes due to reflection are no longer \(0\) or \(\pi\), but take arbitrary values determined by the angle of incidence \(\theta_1\), and the resulting reflected light is generally elliptically polarized. In such a situation, expression (1) loses its meaning.",\boxed{\tan \alpha^{\prime} = \frac{\cos \theta_1 \sqrt{n_2^2 - n_1^2 \sin^2 \theta_1} + n_1 \sin^2 \theta_1}{\cos \theta_1 \sqrt{n_2^2 - n_1^2 \sin^2 \theta_1} - n_1 \sin^2 \theta_1}},EQ,,False,EN,Math Derivation
5396,Electromagnetism,Wave Optics,Diffraction,"Consider an optical system where a single slit with a width of \( a=2.0 \, \text{cm} \) is placed on the front focal plane of a lens with a focal length of \( f=60 \, \text{cm} \). The slit is illuminated perpendicularly by monochromatic light with a wavelength of \( \lambda=0.6 \, \mu \text{m} \). The diameter of the lens is 10 cm. Determine the cutoff frequency of this optical system.","As shown in the diagram, the maximum diffraction angle that the lens can receive is \( \theta_{m} \).

\[
\sin \theta_{m} \approx \tan \theta_{m}=\frac{\frac{D}{2}-\frac{a}{2}}{f}=\frac{D-a}{2 f}
\]

The cutoff frequency is

\[
u_{m}=\frac{\sin \theta_{m}}{\lambda}=\frac{D-a}{2 \lambda f}=1.1 \times 10^{2} \, \text{mm}^{-1}
\]",\boxed{1.1 \times 10^{2}},NV,,False,EN,Laws Application
5397,Electromagnetism,Wave Optics,Polarization,"Consider a crystal prism with an apex angle of $60^{\circ}$, and the optical axis is perpendicular to the principal section of the prism. Ordinary light (o-ray) and extraordinary light (e-ray) enter in the direction of the minimum deviation angle and are focused by a lens with a focal length of 1 m. Determine the separation $\Delta x$ between the two light beams.","After being focused by the lens, the separation between the two light beams is

$$
\Delta x = f \Delta i = 7.16 \ \mathrm{mm}
$$","\[
\boxed{7.16}
\]",NV,,False,EN,Practical Application
5398,Electromagnetism,Wave Optics,Diffraction,"Using the light intensity formula derived earlier, derive the expression for the diffraction light intensity under the following condition and sketch a diagram: $a=b$.","When $a=b$, $u=v$. Then

$$
I(\theta)=2 a^{2} \frac{\sin ^{2} v}{v^{2}}(1+\cos w)=4 a^{2} \frac{\sin ^{2} v}{v^{2}} \cos ^{2} \frac{w}{2}
$$",\boxed{4 a^{2} \frac{\sin ^{2} v}{v^{2}} \cos ^{2} \frac{w}{2}},EX,,False,EN,Math Derivation
5401,Electromagnetism,Wave Optics,Polarization,"A linearly polarized light is shone on a Babinet compensator (refer to the previous problem). When observed through a polarizer, a dark line is seen at the position where the two wedge prisms overlap, i.e., $d_{1} = d_{2}$. Another dark line appears at a distance $a$ from the central dark line. Now, elliptically polarized light of the same wavelength is used to illuminate the Babinet compensator, and it is found that the (central) dark line has shifted to a position $b$ away from the center. Given that the angle between the transmission direction of the polarizer and the optical axis of one of the wedges of the compensator is $\theta$, determine the relationship between $\theta$ and the ratio of the major to minor axes of the ellipse.","When a polarizer is placed behind the Babinet compensator for observation, the darkness location must ensure that the transmission direction $P$ of the polarizer is orthogonal to the direction of linear polarization composed of the two orthogonal vibrations $A_{\perp}, A_{//}$ emitted from the compensator. In this case, the angle $\theta$ between the transmission direction of the polarizer and the optical axis of one wedge of the compensator should satisfy

$$
\theta = \arctan \left(\frac{A_{\perp}}{A_{//}}\right)
$$

where $A_{\perp} / A_{//}$ is the ratio of the major to minor axes of the incident orthogonally circularly polarized light.",\boxed{\theta = \arctan \left(\frac{A_{\perp}}{A_{//}}\right)},EQ,,False,EN,Laws Application
5403,Electromagnetism,Wave Optics,Polarization,"Using $\cos 4\theta = 1 - 8 \sin^2 \theta \cdot \cos^2 \theta$, express $I_{\text{out}}$ and describe its characteristics over time.","Using the identity:

$$
I_{\text{out}} = \frac{1}{2} I_{\text{in}} \cdot \frac{1 - \cos 4\theta}{8} = \frac{I_{\text{in}}}{16}(1 - \cos 4\omega t)
$$

Therefore, the intensity of the outgoing light varies with an angular frequency of $4\omega$.",\boxed{\frac{I_{\text{in}}}{16}(1 - \cos 4\omega t)},EX,,False,EN,Math Derivation
5405,Electromagnetism,Wave Optics,Diffraction,"A He-Ne laser (\(\lambda = 632.8 \, \mathrm{nm}\)) is incident at a grazing angle on a horizontal steel ruler, where the smallest division is \(0.5 \, \mathrm{mm}\). The reflected light interferes on a wall \(10 \, \mathrm{m}\) away. Find the distance between the zero-order maximum and the first-order maximum on the wall. This method can be used to measure the wavelength of light using a steel ruler.","Using the multiple-beam interference factor

\[
A = A_{0} \frac{\sin (N \varphi / 2)}{\sin (\varphi / 2)}
\]

Since it is grazing incidence, the path difference between light ray 1 and light ray 2 is \(\Delta = d - d \cos \theta\). Therefore,

\[
\varphi = \frac{2 \pi d}{\lambda}(1 - \cos \theta)
\]

The condition for maximum interference is \(\frac{\varphi}{2} = m \pi\), i.e., \(d(1 - \cos \theta) = m \lambda\). For the zero-order, \(m = 0\), \(\theta_{0} = 0\). For the first-order, \(m = 1\), \(\cos \theta_{1} = 1 - \frac{\lambda}{d}\).

Substitute \(\lambda = 632.8 \, \mathrm{nm}, d = 0.5 \, \mathrm{mm}\) to get

\[
\cos \theta_{1} = 0.9997
\]

The distance between the zero-order maximum and the first-order maximum is \(y = L \tan \theta_{1} = 0.24 \, \mathrm{m}\).",\boxed{0.24},NV,\mathrm{m},False,EN,Practical Application
5407,Electromagnetism,Wave Optics,Polarization,"Determine the thickness of a soap film that can produce second-order red light interference fringes ( $\lambda = 7000 \, \text{}$ ). The refractive index of the film is 1.33, and assume that the parallel light is incident at an angle of $30^{\circ}$ to the normal. Consider the angle of refraction $\theta$ within the film and its effect on the calculation of the film thickness.","Typically, when natural light is reflected at the interface of two media, the reflected light is partially polarized. However, when the angle of incidence satisfies

$$
\theta_{B}=\arctan \frac{n_{1}}{n_{0}}
$$

where $n_{0}$ and $n_{1}$ are the refractive indices of the incident medium and the refractive medium respectively, the reflected light is linearly polarized with vibrations perpendicular to the plane of incidence. This angle $\theta_{B}$ is called the Brewster's angle or the polarization angle.

The calculations for $r, R, \bar{R}$, and $t, T, \bar{T}$ for the $S$ and $P$ components are based on Fresnel's equations. Because the angle of incidence is Brewster's angle, the sum of the angle of incidence and the angle of refraction is $\frac{\pi}{2}$. Intensity refers to the average energy flow density, which is the time average of the Poynting vector, while energy flow equals the intensity multiplied by the cross-sectional area of the beam. The reflected light and incident light are in the same medium, with equal cross-sectional areas, while the refracted light and incident light are in different media, with different cross-sectional areas, which is noteworthy.

1. According to Fresnel's equations, the amplitude reflectance $r_{s}$ and amplitude transmittance $t_{s}$ for the $S$ component are

$$
\begin{gathered}
r_{s}=\frac{n_{1} \cos \theta_{1}-n_{2} \cos \theta_{2}}{n_{1} \cos \theta_{1}+n_{2} \cos \theta_{2}}=-\frac{\sin \left(\theta_{1}-\theta_{2}\right)}{\sin \left(\theta_{1}+\theta_{2}\right)} \\
t_{s}=\frac{2 n_{1} \cos \theta_{1}}{n_{1} \cos \theta_{1}+n_{2} \cos \theta_{2}}=\frac{2 \sin \theta_{2} \cos \theta_{1}}{\sin \left(\theta_{1}+\theta_{2}\right)}
\end{gathered}
$$

The amplitude reflectance $r_{P}$ and amplitude transmittance $t_{P}$ for the $P$ component are

$$
\begin{gathered}
r_{P}=\frac{n_{2} \cos \theta_{1}-n_{1} \cos \theta_{2}}{n_{2} \cos \theta_{1}+n_{1} \cos \theta_{2}}=\frac{\tan \left(\theta_{1}-\theta_{2}\right)}{\tan \left(\theta_{1}+\theta_{2}\right)} \\
t_{P}=\frac{2 n_{1} \cos \theta_{1}}{n_{2} \cos \theta_{1}+n_{1} \cos \theta_{2}}=\frac{2 \cos \theta_{1} \sin \theta_{2}}{\sin \left(\theta_{1}+\theta_{2}\right) \cos \left(\theta_{1}-\theta_{2}\right)}
\end{gathered}
$$

where $n_{1}=1$, $n_{2}=n=1.50$, $\theta_{1}$ is the angle of incidence, and $\theta_{2}$ is the angle of refraction. Since the angle of incidence is the Brewster's angle, we have

$$
\theta_{1}=\theta_{B}=\arctan n=\arctan 1.50=56.3^{\circ}
$$

Additionally,

$$
\theta_{1}+\theta_{2}=\frac{\pi}{2}
$$

Substituting into the formulas for $r_{s}$ and $r_{p}$, we obtain

$$
\begin{gathered}
r_{s}=-\frac{\sin \left(56.3^{\circ}-33.7^{\circ}\right)}{\sin \left(56.3^{\circ}+33.7^{\circ}\right)}=-0.384 \\
r_{p}=0
\end{gathered}
$$

Since the reflected light and incident light are in the same medium with equal cross-sectional areas, the intensity reflectance $R_{S}$ and $R_{P}$, as well as the energy flow reflectance $\bar{R}_{S}$ and $\bar{R}_{P}$ for the $S$ and $P$ components respectively, are

$$
\begin{aligned}
& R_{S}=\left|r_{S}\right|^{2}=0.148, \quad R_{P}=0 \\
& \bar{R}_{S}=\left|r_{S}\right|^{2}=0.148, \quad \bar{R}_{P}=0
\end{aligned}
$$

For the refracted light, substituting $\theta_{1}$ and $\theta_{2}$ into $t_{s}$ and $t_{P}$, we have

$$
\begin{gathered}
t_{s}=\frac{2 \sin \theta_{2} \cos \theta_{1}}{\sin \left(\theta_{1}+\theta_{2}\right)}=\frac{2 \sin 33.7^{\circ} \cos 56.3^{\circ}}{\sin \frac{\pi}{2}}=0.616 \\
t_{P}=\frac{2 \cos \theta_{1} \sin \theta_{2}}{\sin \left(\theta_{1}+\theta_{2}\right) \cos \left(\theta_{1}-\theta_{2}\right)}=\frac{2 \cos 56.3^{\circ} \sin 33.7^{\circ}}{\cos \left(56.3^{\circ}-33.7^{\circ}\right)}=0.667
\end{gathered}
$$

Since the refracted light and incident light are in different media with different cross-sectional areas, the intensity transmittance and energy flow transmittance are not simply equal to the square of the amplitude transmittance. The intensity refers to the average energy flow density, which is the time average of the Poynting vector, given by

$$
\widetilde{S}=\frac{1}{2} \sqrt{\frac{\varepsilon_{0} \varepsilon_{\mathrm{r}}}{\mu_{0} \mu_{\mathrm{r}}}} E^{2}
$$

where $E$ is the amplitude of the electric vector. Since $\mu_{\mathrm{r}} \approx 1$, and the speed of light in vacuum $c=\frac{1}{\sqrt{\varepsilon_{0}} \mu_{0}}$, and the refractive index $n=\sqrt{\varepsilon_{\mathrm{r}} \mu_{\mathrm{r}}} \approx \sqrt{\varepsilon_{\mathrm{r}}}$, this can be rewritten as

$$
\bar{S}=\frac{1}{2 c \mu_{0}} n E^{2}
$$

Thus, the intensity is proportional to $n E^{2}$, and the intensity transmittance is

$$
T=\frac{\bar{S}_{2}}{\bar{S}_{1}}=\frac{n_{2}}{n_{1}} t^{2}
$$

The intensity transmittance for the $S$ and $P$ components is

$$
\begin{aligned}
& T_{S}=\frac{n_{2}}{n_{1}} t_{S}^{2}=n t_{S}^{2}=0.569 \\
& T_{P}=\frac{n_{2}}{n_{1}} t_{P}^{2}=n t_{P}^{2}=0.667
\end{aligned}
$$

The energy flow equals the intensity multiplied by the cross-sectional area of the beam, and the ratio of the cross-sectional areas of the refracted beam to the incident beam is $\frac{\cos \theta_{2}}{\cos \theta_{1}}$, so the energy flow transmittance is

$$
\bar{T}=\frac{\bar{S}_{2} \cos \theta_{2}}{\bar{S}_{1} \cos \theta_{1}}=\frac{n_{2} \cos \theta_{2}}{n_{1} \cos \theta_{1}} t^{2}=\frac{\cos \theta_{2}}{\cos \theta_{1}} T
$$

Substituting the values, the energy flow transmittance for the $S$ and $P$ components is

$$
\begin{gathered}
\bar{T}_{S}=\frac{\cos \theta_{2}}{\cos \theta_{1}} T_{S}=0.853 \\
\bar{T}_{P}=\frac{\cos \theta_{2}}{\cos \theta_{1}} T_{P}=1
\end{gathered}
$$

The fact that the energy flow transmittance $\bar{T}_{P}=1$ for the $P$ component is expected because, when light is incident at the Brewster's angle $\left(\theta_{1}=\theta_{B}\right)$, the reflected light does not contain any $P$ component, meaning the entire energy of the incident $P$ component is transmitted.",\boxed{\frac{2d}{\lambda}},EX,,False,EN,Practical Application
5408,Electromagnetism,Wave Optics,Interference,"In the coherent superposition of two waves, find the characteristics of the light intensity distribution on the screen when $y=0$.","$$
I=I_{0} \cos^2 \left(\frac{\pi y^{2}}{D \lambda}\right)
$$

When $y=0$, $I=I_{0}$. The intensity distribution is a series of concentric circles, whose diameter changes are similar to those in a Fresnel half-wave zone plate.",\boxed{I = I_{0}},EQ,,False,EN,
5409,Electromagnetism,Wave Optics,Polarization,"Based on the following data, calculate the dispersion capability of the Fabry-Prot cavity. The length of the Fabry-Prot cavity is \(h=5 \text{ cm}\), assume \(\lambda=5000 \text{ }\), \(\theta_{k}=10^{\circ}\), and \(n=1.0\).","Typically, when natural light is reflected at the interface of two media, the reflected light is partially polarized. However, when the angle of incidence satisfies

$$
\theta_{B}=\arctan \frac{n_{1}}{n_{0}}
$$

where $n_{0}$ and $n_{1}$ are the refractive indices of the incident medium and the refractive medium respectively, the reflected light is linearly polarized with vibrations perpendicular to the plane of incidence. This angle $\theta_{B}$ is called the Brewster's angle or the polarization angle.

The calculations for $r, R, \bar{R}$, and $t, T, \bar{T}$ for the $S$ and $P$ components are based on Fresnel's equations. Because the angle of incidence is Brewster's angle, the sum of the angle of incidence and the angle of refraction is $\frac{\pi}{2}$. Intensity refers to the average energy flow density, which is the time average of the Poynting vector, while energy flow equals the intensity multiplied by the cross-sectional area of the beam. The reflected light and incident light are in the same medium, with equal cross-sectional areas, while the refracted light and incident light are in different media, with different cross-sectional areas, which is noteworthy.

1. According to Fresnel's equations, the amplitude reflectance $r_{s}$ and amplitude transmittance $t_{s}$ for the $S$ component are

$$
\begin{gathered}
r_{s}=\frac{n_{1} \cos \theta_{1}-n_{2} \cos \theta_{2}}{n_{1} \cos \theta_{1}+n_{2} \cos \theta_{2}}=-\frac{\sin \left(\theta_{1}-\theta_{2}\right)}{\sin \left(\theta_{1}+\theta_{2}\right)} \\
t_{s}=\frac{2 n_{1} \cos \theta_{1}}{n_{1} \cos \theta_{1}+n_{2} \cos \theta_{2}}=\frac{2 \sin \theta_{2} \cos \theta_{1}}{\sin \left(\theta_{1}+\theta_{2}\right)}
\end{gathered}
$$

The amplitude reflectance $r_{P}$ and amplitude transmittance $t_{P}$ for the $P$ component are

$$
\begin{gathered}
r_{P}=\frac{n_{2} \cos \theta_{1}-n_{1} \cos \theta_{2}}{n_{2} \cos \theta_{1}+n_{1} \cos \theta_{2}}=\frac{\tan \left(\theta_{1}-\theta_{2}\right)}{\tan \left(\theta_{1}+\theta_{2}\right)} \\
t_{P}=\frac{2 n_{1} \cos \theta_{1}}{n_{2} \cos \theta_{1}+n_{1} \cos \theta_{2}}=\frac{2 \cos \theta_{1} \sin \theta_{2}}{\sin \left(\theta_{1}+\theta_{2}\right) \cos \left(\theta_{1}-\theta_{2}\right)}
\end{gathered}
$$

where $n_{1}=1$, $n_{2}=n=1.50$, $\theta_{1}$ is the angle of incidence, and $\theta_{2}$ is the angle of refraction. Since the angle of incidence is the Brewster's angle, we have

$$
\theta_{1}=\theta_{B}=\arctan n=\arctan 1.50=56.3^{\circ}
$$

Additionally,

$$
\theta_{1}+\theta_{2}=\frac{\pi}{2}
$$

Substituting into the formulas for $r_{s}$ and $r_{p}$, we obtain

$$
\begin{gathered}
r_{s}=-\frac{\sin \left(56.3^{\circ}-33.7^{\circ}\right)}{\sin \left(56.3^{\circ}+33.7^{\circ}\right)}=-0.384 \\
r_{p}=0
\end{gathered}
$$

Since the reflected light and incident light are in the same medium with equal cross-sectional areas, the intensity reflectance $R_{S}$ and $R_{P}$, as well as the energy flow reflectance $\bar{R}_{S}$ and $\bar{R}_{P}$ for the $S$ and $P$ components respectively, are

$$
\begin{aligned}
& R_{S}=\left|r_{S}\right|^{2}=0.148, \quad R_{P}=0 \\
& \bar{R}_{S}=\left|r_{S}\right|^{2}=0.148, \quad \bar{R}_{P}=0
\end{aligned}
$$

For the refracted light, substituting $\theta_{1}$ and $\theta_{2}$ into $t_{s}$ and $t_{P}$, we have

$$
\begin{gathered}
t_{s}=\frac{2 \sin \theta_{2} \cos \theta_{1}}{\sin \left(\theta_{1}+\theta_{2}\right)}=\frac{2 \sin 33.7^{\circ} \cos 56.3^{\circ}}{\sin \frac{\pi}{2}}=0.616 \\
t_{P}=\frac{2 \cos \theta_{1} \sin \theta_{2}}{\sin \left(\theta_{1}+\theta_{2}\right) \cos \left(\theta_{1}-\theta_{2}\right)}=\frac{2 \cos 56.3^{\circ} \sin 33.7^{\circ}}{\cos \left(56.3^{\circ}-33.7^{\circ}\right)}=0.667
\end{gathered}
$$

Since the refracted light and incident light are in different media with different cross-sectional areas, the intensity transmittance and energy flow transmittance are not simply equal to the square of the amplitude transmittance. The intensity refers to the average energy flow density, which is the time average of the Poynting vector, given by

$$
\widetilde{S}=\frac{1}{2} \sqrt{\frac{\varepsilon_{0} \varepsilon_{\mathrm{r}}}{\mu_{0} \mu_{\mathrm{r}}}} E^{2}
$$

where $E$ is the amplitude of the electric vector. Since $\mu_{\mathrm{r}} \approx 1$, and the speed of light in vacuum $c=\frac{1}{\sqrt{\varepsilon_{0}} \mu_{0}}$, and the refractive index $n=\sqrt{\varepsilon_{\mathrm{r}} \mu_{\mathrm{r}}} \approx \sqrt{\varepsilon_{\mathrm{r}}}$, this can be rewritten as

$$
\bar{S}=\frac{1}{2 c \mu_{0}} n E^{2}
$$

Thus, the intensity is proportional to $n E^{2}$, and the intensity transmittance is

$$
T=\frac{\bar{S}_{2}}{\bar{S}_{1}}=\frac{n_{2}}{n_{1}} t^{2}
$$

The intensity transmittance for the $S$ and $P$ components is

$$
\begin{aligned}
& T_{S}=\frac{n_{2}}{n_{1}} t_{S}^{2}=n t_{S}^{2}=0.569 \\
& T_{P}=\frac{n_{2}}{n_{1}} t_{P}^{2}=n t_{P}^{2}=0.667
\end{aligned}
$$

The energy flow equals the intensity multiplied by the cross-sectional area of the beam, and the ratio of the cross-sectional areas of the refracted beam to the incident beam is $\frac{\cos \theta_{2}}{\cos \theta_{1}}$, so the energy flow transmittance is

$$
\bar{T}=\frac{\bar{S}_{2} \cos \theta_{2}}{\bar{S}_{1} \cos \theta_{1}}=\frac{n_{2} \cos \theta_{2}}{n_{1} \cos \theta_{1}} t^{2}=\frac{\cos \theta_{2}}{\cos \theta_{1}} T
$$

Substituting the values, the energy flow transmittance for the $S$ and $P$ components is

$$
\begin{gathered}
\bar{T}_{S}=\frac{\cos \theta_{2}}{\cos \theta_{1}} T_{S}=0.853 \\
\bar{T}_{P}=\frac{\cos \theta_{2}}{\cos \theta_{1}} T_{P}=1
\end{gathered}
$$

The fact that the energy flow transmittance $\bar{T}_{P}=1$ for the $P$ component is expected because, when light is incident at the Brewster's angle $\left(\theta_{1}=\theta_{B}\right)$, the reflected light does not contain any $P$ component, meaning the entire energy of the incident $P$ component is transmitted.",\boxed{3.9'/},NV,\AA,False,EN,Laws Application
5410,Electromagnetism,Wave Optics,Polarization,"When using a far-field device to receive the Fraunhofer diffraction pattern, suppose the width of the single slit is approximately $100 \, \mu \mathrm{m}$ and the wavelength of the incident light is $6328 \, \text{}$. What is the half-angle width of the zeroth order?","Typically, when natural light is reflected at the interface of two media, the reflected light is partially polarized. However, when the angle of incidence satisfies

$$
\theta_{B}=\arctan \frac{n_{1}}{n_{0}}
$$

where $n_{0}$ and $n_{1}$ are the refractive indices of the incident medium and the refractive medium respectively, the reflected light is linearly polarized with vibrations perpendicular to the plane of incidence. This angle $\theta_{B}$ is called the Brewster's angle or the polarization angle.

The calculations for $r, R, \bar{R}$, and $t, T, \bar{T}$ for the $S$ and $P$ components are based on Fresnel's equations. Because the angle of incidence is Brewster's angle, the sum of the angle of incidence and the angle of refraction is $\frac{\pi}{2}$. Intensity refers to the average energy flow density, which is the time average of the Poynting vector, while energy flow equals the intensity multiplied by the cross-sectional area of the beam. The reflected light and incident light are in the same medium, with equal cross-sectional areas, while the refracted light and incident light are in different media, with different cross-sectional areas, which is noteworthy.

1. According to Fresnel's equations, the amplitude reflectance $r_{s}$ and amplitude transmittance $t_{s}$ for the $S$ component are

$$
\begin{gathered}
r_{s}=\frac{n_{1} \cos \theta_{1}-n_{2} \cos \theta_{2}}{n_{1} \cos \theta_{1}+n_{2} \cos \theta_{2}}=-\frac{\sin \left(\theta_{1}-\theta_{2}\right)}{\sin \left(\theta_{1}+\theta_{2}\right)} \\
t_{s}=\frac{2 n_{1} \cos \theta_{1}}{n_{1} \cos \theta_{1}+n_{2} \cos \theta_{2}}=\frac{2 \sin \theta_{2} \cos \theta_{1}}{\sin \left(\theta_{1}+\theta_{2}\right)}
\end{gathered}
$$

The amplitude reflectance $r_{P}$ and amplitude transmittance $t_{P}$ for the $P$ component are

$$
\begin{gathered}
r_{P}=\frac{n_{2} \cos \theta_{1}-n_{1} \cos \theta_{2}}{n_{2} \cos \theta_{1}+n_{1} \cos \theta_{2}}=\frac{\tan \left(\theta_{1}-\theta_{2}\right)}{\tan \left(\theta_{1}+\theta_{2}\right)} \\
t_{P}=\frac{2 n_{1} \cos \theta_{1}}{n_{2} \cos \theta_{1}+n_{1} \cos \theta_{2}}=\frac{2 \cos \theta_{1} \sin \theta_{2}}{\sin \left(\theta_{1}+\theta_{2}\right) \cos \left(\theta_{1}-\theta_{2}\right)}
\end{gathered}
$$

where $n_{1}=1$, $n_{2}=n=1.50$, $\theta_{1}$ is the angle of incidence, and $\theta_{2}$ is the angle of refraction. Since the angle of incidence is the Brewster's angle, we have

$$
\theta_{1}=\theta_{B}=\arctan n=\arctan 1.50=56.3^{\circ}
$$

Additionally,

$$
\theta_{1}+\theta_{2}=\frac{\pi}{2}
$$

Substituting into the formulas for $r_{s}$ and $r_{p}$, we obtain

$$
\begin{gathered}
r_{s}=-\frac{\sin \left(56.3^{\circ}-33.7^{\circ}\right)}{\sin \left(56.3^{\circ}+33.7^{\circ}\right)}=-0.384 \\
r_{p}=0
\end{gathered}
$$

Since the reflected light and incident light are in the same medium with equal cross-sectional areas, the intensity reflectance $R_{S}$ and $R_{P}$, as well as the energy flow reflectance $\bar{R}_{S}$ and $\bar{R}_{P}$ for the $S$ and $P$ components respectively, are

$$
\begin{aligned}
& R_{S}=\left|r_{S}\right|^{2}=0.148, \quad R_{P}=0 \\
& \bar{R}_{S}=\left|r_{S}\right|^{2}=0.148, \quad \bar{R}_{P}=0
\end{aligned}
$$

For the refracted light, substituting $\theta_{1}$ and $\theta_{2}$ into $t_{s}$ and $t_{P}$, we have

$$
\begin{gathered}
t_{s}=\frac{2 \sin \theta_{2} \cos \theta_{1}}{\sin \left(\theta_{1}+\theta_{2}\right)}=\frac{2 \sin 33.7^{\circ} \cos 56.3^{\circ}}{\sin \frac{\pi}{2}}=0.616 \\
t_{P}=\frac{2 \cos \theta_{1} \sin \theta_{2}}{\sin \left(\theta_{1}+\theta_{2}\right) \cos \left(\theta_{1}-\theta_{2}\right)}=\frac{2 \cos 56.3^{\circ} \sin 33.7^{\circ}}{\cos \left(56.3^{\circ}-33.7^{\circ}\right)}=0.667
\end{gathered}
$$

Since the refracted light and incident light are in different media with different cross-sectional areas, the intensity transmittance and energy flow transmittance are not simply equal to the square of the amplitude transmittance. The intensity refers to the average energy flow density, which is the time average of the Poynting vector, given by

$$
\widetilde{S}=\frac{1}{2} \sqrt{\frac{\varepsilon_{0} \varepsilon_{\mathrm{r}}}{\mu_{0} \mu_{\mathrm{r}}}} E^{2}
$$

where $E$ is the amplitude of the electric vector. Since $\mu_{\mathrm{r}} \approx 1$, and the speed of light in vacuum $c=\frac{1}{\sqrt{\varepsilon_{0}} \mu_{0}}$, and the refractive index $n=\sqrt{\varepsilon_{\mathrm{r}} \mu_{\mathrm{r}}} \approx \sqrt{\varepsilon_{\mathrm{r}}}$, this can be rewritten as

$$
\bar{S}=\frac{1}{2 c \mu_{0}} n E^{2}
$$

Thus, the intensity is proportional to $n E^{2}$, and the intensity transmittance is

$$
T=\frac{\bar{S}_{2}}{\bar{S}_{1}}=\frac{n_{2}}{n_{1}} t^{2}
$$

The intensity transmittance for the $S$ and $P$ components is

$$
\begin{aligned}
& T_{S}=\frac{n_{2}}{n_{1}} t_{S}^{2}=n t_{S}^{2}=0.569 \\
& T_{P}=\frac{n_{2}}{n_{1}} t_{P}^{2}=n t_{P}^{2}=0.667
\end{aligned}
$$

The energy flow equals the intensity multiplied by the cross-sectional area of the beam, and the ratio of the cross-sectional areas of the refracted beam to the incident beam is $\frac{\cos \theta_{2}}{\cos \theta_{1}}$, so the energy flow transmittance is

$$
\bar{T}=\frac{\bar{S}_{2} \cos \theta_{2}}{\bar{S}_{1} \cos \theta_{1}}=\frac{n_{2} \cos \theta_{2}}{n_{1} \cos \theta_{1}} t^{2}=\frac{\cos \theta_{2}}{\cos \theta_{1}} T
$$

Substituting the values, the energy flow transmittance for the $S$ and $P$ components is

$$
\begin{gathered}
\bar{T}_{S}=\frac{\cos \theta_{2}}{\cos \theta_{1}} T_{S}=0.853 \\
\bar{T}_{P}=\frac{\cos \theta_{2}}{\cos \theta_{1}} T_{P}=1
\end{gathered}
$$

The fact that the energy flow transmittance $\bar{T}_{P}=1$ for the $P$ component is expected because, when light is incident at the Brewster's angle $\left(\theta_{1}=\theta_{B}\right)$, the reflected light does not contain any $P$ component, meaning the entire energy of the incident $P$ component is transmitted.",\boxed{6.3 \times 10^{-3}},NV,\mathrm{rad},False,EN,Laws Application
5411,Electromagnetism,Wave Optics,Polarization,Consider again the Lyot birefringent filter used to observe monochromatic light from the sun. Determine the bandwidth $\Delta \lambda$ that can pass through the filter and the wavelength spacing between these bands.,"By using the identity $\cos \theta = \frac{1}{2} \sin 2 \theta / \sin \theta$ repeatedly, we obtain

$$
T = \left(\frac{\sin \left(2^{s} \varphi\right)}{2^{s} \sin \varphi}\right)^{2}
$$

Due to the periodicity of trigonometric functions, we know $T(\varphi) = T(\varphi + \pi)$. When the light transmittance is at maximum, we have $\varphi = p \pi$, where $p$ is an integer. Solving for maximum transmittance $2^{s} \varphi = \pi$ and minimum transmittance $2^{s}(\varphi + \delta \varphi) = 2 \pi$, we find the half-width of transmittance $\delta \varphi = \pi / 2^{s}$. In terms of wavelength, when the transmittance is at maximum,

$$
\begin{aligned}
\varphi &= \left(n_{x} - n_{y}\right) k d / 2 = p \pi \\
\delta \varphi &= \pi \delta p = \pi / 2^{s}
\end{aligned}
$$

Thus

$$
\begin{aligned}
\delta p &= 1 / 2^{s} \\
\lambda &= \left(n_{x} - n_{y}\right) d / p \\
\delta \lambda &= \left|\frac{\left(n_{x} - n_{y}\right) d}{p^{2}} \delta p\right|
\end{aligned}
$$

The relative bandwidth of the transmittance wavelength is

$$
\frac{\delta \lambda}{\lambda} = \frac{2}{p 2^{s}} = \frac{1}{p 2^{s-1}}
$$","\boxed{\Delta\lambda = \left|\frac{\left(n_{x} - n_{y}\right) d}{p^{2}} \cdot \frac{1}{2^{s}}\right|, \lambda_{\text{spacing}} = \frac{\left(n_{x} - n_{y}\right) d}{p}}","EQ, EX","None, None",True,EN,Math Derivation
5414,Electromagnetism,Wave Optics,Polarization,"Consider a crystal prism with an apex angle of $60^{\circ}$, and the optic axis is perpendicular to the principal section of the prism. Sodium yellow light is refracted in the prism at the angle of minimum deviation. Determine the angle of incidence $i_{1o}$ for the ordinary ray (o-ray).","Following the same logic as the previous problem, we obtain

$$
\begin{aligned}
i_{1o} & = i_{1o}^{\prime} = \arcsin \left(n_{\mathrm{o}} \sin \frac{\alpha}{2}\right) \\
& = \arcsin \left(1.54425 \times \sin 30^{\circ}\right) \\
& \approx 50.55^{\circ}
\end{aligned}
$$",\boxed{50.55},NV,,False,EN,Laws Application
5415,Electromagnetism,Wave Optics,Interference,"Observe the patterns produced by a sample interferometer on the focal plane of an objective lens with a focal length $f = 10 \mathrm{~cm}$. The interferometer consists of two plates made of glass with a refractive index $n = 1.5$, each with a thickness $h = 2 \mathrm{~cm}$ and an angle $\alpha = 1^{\prime}$ between them. Light is incident upon the plates at an angle of $45^{\circ}$. The fringe spacing observed on the rear focal plane is $\Delta x = 3.84 \mathrm{~mm}$. Calculate the wavelength of the light wave.","As shown in the figure, if glass plates $A$ and $B$ are perfectly parallel, there is no optical path difference between rays 2 and 3. Due to $\alpha = 1^{\prime}$, the optical path difference between these rays is

$$
l = 2 h n \cos \theta_{1} - 2 h n \cos \theta_{2}
$$

where $\theta_{1}$ and $\theta_{2}$ are the angles of refraction within plates $A$ and $B$, respectively. Since the difference between $\theta_{1}$ and $\theta_{2}$ is negligible, we have

\[
l = 2 h n \sin \theta \cdot \Delta \theta
\]

\[
\Delta \theta = \frac{1}{2} (\theta_{1} + \theta_{2})
\]

According to the law of refraction,

\[
\sin \varphi = n \sin \theta
\]

Therefore,

\[
\Delta \theta = \frac{\cos \varphi \cdot \Delta \varphi}{n \cos \theta}
\]

Combining these, we get

\[
l = \frac{h \sin 2 \varphi \cdot \Delta \varphi}{\sqrt{n^{2} - \sin^{2} \varphi}}
\]

For light rays propagating within a plane perpendicular to the ridge formed by the dihedral angle $\alpha$ between the two plates, $\Delta \varphi = \alpha$. Thus,

\[
l = \frac{h \alpha \sin 2 \varphi}{\sqrt{n^{2} - \sin^{2} \varphi}}
\]

The change in optical path difference from one maximum fringe position to the adjacent maximum is given by

\[
\delta l = h \alpha \frac{4 \cos 2 \varphi \cdot (n^{2} - \sin^{2} \varphi) + \sin^{2} 2 \varphi}{2(n^{2} - \sin^{2} \varphi)^{3/2}} \delta \varphi
\]

Substituting $\varphi = 45^{\circ}$, we find

\[
\delta l = \frac{h \alpha}{2(n^{2} - 0.5)^{3/2}} \delta \varphi
\]

For adjacent maxima, $\delta l = \lambda$, so

\[
\lambda = \frac{h \alpha}{2(n^{2} - 0.5)^{3/2}} \delta \varphi
\]

Since $\delta \varphi = \frac{\Delta x}{f}$, we have

\[
\lambda = \frac{h \alpha \cdot \Delta x}{2 f (n^{2} - 0.5)^{3/2}} = 5000 \, \text{Å}
\]",\boxed{5000},NV,,False,EN,Math Derivation
5416,Electromagnetism,Wave Optics,Interference,"In a Michelson interferometer, a dual-wavelength light of $(500.3 \pm 0.022) \, \mathrm{nm}$ and $(499.7 \pm 0.022) \, \mathrm{nm}$ enters the interferometer. Assume the distance between $M^{\prime}$ and $M_{2}$ in the interferometer is $d$. Determine how far $d$ needs to be adjusted to make the fringes transition from the clearest to completely blurred, such that no fringes reappear. Also, calculate how many clear fringes can be observed during this process (excluding the instance when $d=0$).","The wavelength difference of the dual-wavelength light is $500.3 - 499.7 = 0.6 \, \mathrm{nm}$, thus presenting a clear-to-blurry fringe cycle. The spectral width $\delta \lambda$ of quasi-monochromatic light limits the total number of interference fringes.

When the distance between $M^{\prime}$ and $M_{2}$ in the Michelson interferometer is zero, the fringes appear clearest. Suppose at $d=d^{\prime}$ the first blurring occurs, we have
$$
2 d^{\prime} = m \lambda_{1} = \left( m + \frac{1}{2} \right) \lambda_{2}
$$
then
$$
d^{\prime} = \frac{\lambda_{1}^{2}}{4 \left( \lambda_{1} - \lambda_{2} \right) } = \frac{(500)^{2}}{4 \times 0.6} = 0.104 \, \mathrm{mm}
$$
Let $d=d^{\prime \prime}$ when the fringes become completely unclear, i.e., $2 d^{\prime \prime}$ is equal to the coherence length of $\lambda_{1}$ or $\lambda_{2}$
$$
d^{\prime \prime} = \frac{\lambda^{2}}{2 \delta \lambda} = \frac{(500)^{2}}{2 \times 0.044} = 2.84 \, \mathrm{mm}
$$
The distance moved for two clear fringes is $2 d^{\prime}$, so the clear periods observed from $d=0$ to $d=d^{\prime \prime}$ are $d^{\prime \prime} / (2 d^{\prime}) = 13.7$, meaning 13 clear fringes can be observed (excluding the one at $d=0$).","\boxed{2.84, 13}","NV, NV","\mathrm{mm}, \text{None}",True,EN,Practical Application
5417,Electromagnetism,Wave Optics,Polarization,"A piece of flat glass with a refractive index \( n = \frac{3}{2} \) is submerged underwater. To ensure that the reflected light from the glass surface is linearly polarized, find the angle \(\alpha\) between the glass surface and the horizontal plane.","Since \( i_{2} \) is the Brewster's angle on the glass surface, we have

$$
i_{2} = \arctan \frac{n_{3}}{n_{2}} = \arctan \frac{1.5}{1.33} = 48^\circ 26'
$$

From the geometric relationships in the diagram, we obtain

$$
i_{2} = 90^\circ - \beta = 90^\circ - \left(90^\circ - \alpha - i_{1}\right) = \alpha + i_{1}
$$

Therefore,

$$
\alpha = i_{2} - i_{1} = 48^\circ 26' - 36^\circ 56' = 11^\circ 30'
$$",\boxed{11^\circ 30^\prime},NV,,False,EN,Laws Application
5419,Electromagnetism,Wave Optics,Polarization,A prism with a $50^{\circ}$ apex angle is made from ADP (Ammonium dihydrogen phosphate $\mathrm{NH}_{4} \mathrm{H}_{2} \mathrm{PO}_{4}$) crystal. Calculate the difference in the minimum deviation angles between the ordinary ray (o-ray) and the extraordinary ray (e-ray).,"The difference in deviation angles is

$$
\Delta \delta=\delta_{\mathrm{o}}-\delta_{\mathrm{e}}=2.82^{\circ}
$$",\boxed{2.82},NV,^\circ,False,EN,Laws Application
5420,Electromagnetism,Wave Optics,Polarization,"Find the maximum angle between the light ray and the wave normal in a calcite crystal. Use the refractive indices for sodium yellow light, given that the ordinary refractive index \(n_{\mathrm{o}} = 1.65836\) and the extraordinary refractive index \(n_{\mathrm{e}} = 1.48641\).","According to the relationship between the ray angle (angle with the optical axis) \(\xi\) and the wave normal angle \(\theta\)

\[
\cot \theta = \frac{n_{\mathrm{o}}^{2}}{n_{\mathrm{e}}^{2}} \cot \xi \tag{1}
\]

The formula for the angle \(\alpha\) between them can be directly written as

\[
\alpha = \xi - \theta = \xi - \operatorname{arcot}\left(\frac{n_{\mathrm{o}}^{2}}{n_{\mathrm{e}}^{2}} \cot \xi\right) \tag{2}
\]

To find the extremum of \(\alpha\), set \(\frac{\mathrm{d} \alpha}{\mathrm{d} \xi} = 0\), leading to

\[
\frac{\mathrm{d} \alpha}{\mathrm{~d} \xi} = 1 - \left(-\frac{\frac{n_{\mathrm{o}}^{2}}{n_{\mathrm{e}}^{2}}\left(-\frac{1}{\sin^{2} \xi}\right)}{1 + \left(\frac{n_{\mathrm{o}}^{2} \cot \xi}{n_{\mathrm{e}}^{2}}\right)^{2}}\right) = 0
\]

Rearranging gives

\[
\frac{n_{\mathrm{e}}^{2}}{n_{\mathrm{o}}^{2}} \sin^{2} \xi + \frac{n_{\mathrm{o}}^{2}}{n_{\mathrm{e}}^{2}} \cos^{2} \xi = 1
\]

The condition for achieving the maximum deviation angle \(\alpha\) is

\[
\cot \xi = \frac{n_{\mathrm{e}}}{n_{\mathrm{o}}} \text{, or } \cot \theta = \frac{n_{\mathrm{o}}}{n_{\mathrm{e}}} \tag{3}
\]

At this point, the maximum deviation angle \(\alpha_{M}\) is given by:

\[
\tan \alpha_{M} = \frac{n_{\mathrm{o}}^{2} - n_{\mathrm{e}}^{2}}{2 n_{\mathrm{o}} n_{\mathrm{e}}} \tag{4}
\]

For sodium yellow light, substituting \(n_{\mathrm{o}} = 1.65836, n_{\mathrm{e}} = 1.48641\) into equation (4) yields

\[
\alpha_{M} \approx 6.95^{\circ}
\]",\boxed{6.95},NV,^\circ,False,EN,Math Derivation
5421,Electromagnetism,Wave Optics,Diffraction,"A series of parallel equidistant sawtooth patterns are pressed onto a transparent film, forming a phase-type transmission blazed grating. The refractive index of the transparent film is 1.5, the angle of the prisms is 0.1 rad, and the groove density is 100 lines/mm. Find the first-order blaze wavelength of this grating.","In the zero-order orientation of a unit, the optical path difference between two adjacent units is

$$
\Delta L = d \sin \theta
$$

To satisfy the condition for the first-order principal maximum wavelength:

$$
d \sin \theta = \lambda_1
$$

Thus, the first-order blaze wavelength can be calculated as

$$
\lambda_1 = \frac{1}{100} \times 0.05 \, \mathrm{mm} = 5000 \, \text{Å}
$$",\boxed{5000},NV,\text{},False,EN,Practical Application
5427,Electromagnetism,Wave Optics,Polarization,"When observing Michelson interference fringes with sodium light \(5893 \, \text{}\), 12 bright rings are initially visible in the interference field, with the center being bright. After moving the plane mirror \(M_{1}\), it is observed that the center has swallowed (or ejected) 10 rings, and there are 5 bright rings left in the interference field. Determine the interference order of the 5th ring counted from the center after \(M_{1}\) is moved.","Typically, when natural light is reflected at the interface of two media, the reflected light is partially polarized. However, when the angle of incidence satisfies

$$
\theta_{B}=\arctan \frac{n_{1}}{n_{0}}
$$

where $n_{0}$ and $n_{1}$ are the refractive indices of the incident medium and the refractive medium respectively, the reflected light is linearly polarized with vibrations perpendicular to the plane of incidence. This angle $\theta_{B}$ is called the Brewster's angle or the polarization angle.

The calculations for $r, R, \bar{R}$, and $t, T, \bar{T}$ for the $S$ and $P$ components are based on Fresnel's equations. Because the angle of incidence is Brewster's angle, the sum of the angle of incidence and the angle of refraction is $\frac{\pi}{2}$. Intensity refers to the average energy flow density, which is the time average of the Poynting vector, while energy flow equals the intensity multiplied by the cross-sectional area of the beam. The reflected light and incident light are in the same medium, with equal cross-sectional areas, while the refracted light and incident light are in different media, with different cross-sectional areas, which is noteworthy.

1. According to Fresnel's equations, the amplitude reflectance $r_{s}$ and amplitude transmittance $t_{s}$ for the $S$ component are

$$
\begin{gathered}
r_{s}=\frac{n_{1} \cos \theta_{1}-n_{2} \cos \theta_{2}}{n_{1} \cos \theta_{1}+n_{2} \cos \theta_{2}}=-\frac{\sin \left(\theta_{1}-\theta_{2}\right)}{\sin \left(\theta_{1}+\theta_{2}\right)} \\
t_{s}=\frac{2 n_{1} \cos \theta_{1}}{n_{1} \cos \theta_{1}+n_{2} \cos \theta_{2}}=\frac{2 \sin \theta_{2} \cos \theta_{1}}{\sin \left(\theta_{1}+\theta_{2}\right)}
\end{gathered}
$$

The amplitude reflectance $r_{P}$ and amplitude transmittance $t_{P}$ for the $P$ component are

$$
\begin{gathered}
r_{P}=\frac{n_{2} \cos \theta_{1}-n_{1} \cos \theta_{2}}{n_{2} \cos \theta_{1}+n_{1} \cos \theta_{2}}=\frac{\tan \left(\theta_{1}-\theta_{2}\right)}{\tan \left(\theta_{1}+\theta_{2}\right)} \\
t_{P}=\frac{2 n_{1} \cos \theta_{1}}{n_{2} \cos \theta_{1}+n_{1} \cos \theta_{2}}=\frac{2 \cos \theta_{1} \sin \theta_{2}}{\sin \left(\theta_{1}+\theta_{2}\right) \cos \left(\theta_{1}-\theta_{2}\right)}
\end{gathered}
$$

where $n_{1}=1$, $n_{2}=n=1.50$, $\theta_{1}$ is the angle of incidence, and $\theta_{2}$ is the angle of refraction. Since the angle of incidence is the Brewster's angle, we have

$$
\theta_{1}=\theta_{B}=\arctan n=\arctan 1.50=56.3^{\circ}
$$

Additionally,

$$
\theta_{1}+\theta_{2}=\frac{\pi}{2}
$$

Substituting into the formulas for $r_{s}$ and $r_{p}$, we obtain

$$
\begin{gathered}
r_{s}=-\frac{\sin \left(56.3^{\circ}-33.7^{\circ}\right)}{\sin \left(56.3^{\circ}+33.7^{\circ}\right)}=-0.384 \\
r_{p}=0
\end{gathered}
$$

Since the reflected light and incident light are in the same medium with equal cross-sectional areas, the intensity reflectance $R_{S}$ and $R_{P}$, as well as the energy flow reflectance $\bar{R}_{S}$ and $\bar{R}_{P}$ for the $S$ and $P$ components respectively, are

$$
\begin{aligned}
& R_{S}=\left|r_{S}\right|^{2}=0.148, \quad R_{P}=0 \\
& \bar{R}_{S}=\left|r_{S}\right|^{2}=0.148, \quad \bar{R}_{P}=0
\end{aligned}
$$

For the refracted light, substituting $\theta_{1}$ and $\theta_{2}$ into $t_{s}$ and $t_{P}$, we have

$$
\begin{gathered}
t_{s}=\frac{2 \sin \theta_{2} \cos \theta_{1}}{\sin \left(\theta_{1}+\theta_{2}\right)}=\frac{2 \sin 33.7^{\circ} \cos 56.3^{\circ}}{\sin \frac{\pi}{2}}=0.616 \\
t_{P}=\frac{2 \cos \theta_{1} \sin \theta_{2}}{\sin \left(\theta_{1}+\theta_{2}\right) \cos \left(\theta_{1}-\theta_{2}\right)}=\frac{2 \cos 56.3^{\circ} \sin 33.7^{\circ}}{\cos \left(56.3^{\circ}-33.7^{\circ}\right)}=0.667
\end{gathered}
$$

Since the refracted light and incident light are in different media with different cross-sectional areas, the intensity transmittance and energy flow transmittance are not simply equal to the square of the amplitude transmittance. The intensity refers to the average energy flow density, which is the time average of the Poynting vector, given by

$$
\widetilde{S}=\frac{1}{2} \sqrt{\frac{\varepsilon_{0} \varepsilon_{\mathrm{r}}}{\mu_{0} \mu_{\mathrm{r}}}} E^{2}
$$

where $E$ is the amplitude of the electric vector. Since $\mu_{\mathrm{r}} \approx 1$, and the speed of light in vacuum $c=\frac{1}{\sqrt{\varepsilon_{0}} \mu_{0}}$, and the refractive index $n=\sqrt{\varepsilon_{\mathrm{r}} \mu_{\mathrm{r}}} \approx \sqrt{\varepsilon_{\mathrm{r}}}$, this can be rewritten as

$$
\bar{S}=\frac{1}{2 c \mu_{0}} n E^{2}
$$

Thus, the intensity is proportional to $n E^{2}$, and the intensity transmittance is

$$
T=\frac{\bar{S}_{2}}{\bar{S}_{1}}=\frac{n_{2}}{n_{1}} t^{2}
$$

The intensity transmittance for the $S$ and $P$ components is

$$
\begin{aligned}
& T_{S}=\frac{n_{2}}{n_{1}} t_{S}^{2}=n t_{S}^{2}=0.569 \\
& T_{P}=\frac{n_{2}}{n_{1}} t_{P}^{2}=n t_{P}^{2}=0.667
\end{aligned}
$$

The energy flow equals the intensity multiplied by the cross-sectional area of the beam, and the ratio of the cross-sectional areas of the refracted beam to the incident beam is $\frac{\cos \theta_{2}}{\cos \theta_{1}}$, so the energy flow transmittance is

$$
\bar{T}=\frac{\bar{S}_{2} \cos \theta_{2}}{\bar{S}_{1} \cos \theta_{1}}=\frac{n_{2} \cos \theta_{2}}{n_{1} \cos \theta_{1}} t^{2}=\frac{\cos \theta_{2}}{\cos \theta_{1}} T
$$

Substituting the values, the energy flow transmittance for the $S$ and $P$ components is

$$
\begin{gathered}
\bar{T}_{S}=\frac{\cos \theta_{2}}{\cos \theta_{1}} T_{S}=0.853 \\
\bar{T}_{P}=\frac{\cos \theta_{2}}{\cos \theta_{1}} T_{P}=1
\end{gathered}
$$

The fact that the energy flow transmittance $\bar{T}_{P}=1$ for the $P$ component is expected because, when light is incident at the Brewster's angle $\left(\theta_{1}=\theta_{B}\right)$, the reflected light does not contain any $P$ component, meaning the entire energy of the incident $P$ component is transmitted.",\boxed{2},NV,,False,EN,Laws Application
5429,Electromagnetism,Wave Optics,Diffraction,"Find the values of $\xi_{0}$ and $\xi_{1}$, and use the Fresnel half-wave zone plate method to determine the final wave intensity.","Let $\xi = r + \rho$. Since the aperture is small, $r + \rho$ can be brought outside the integral sign. Let $\xi_{0}$ and $\xi_{1}$ represent the minimum and maximum values of $\xi$, respectively, then we have

$$
\begin{gathered}
\xi_{0} = r^{\prime} + \rho^{\prime} \\
\xi_{1} = P_{0} Q_{0} + Q_{0} P = \left( \rho^{\prime 2} + \sigma^{2} \right)^{1 / 2} + \left( r^{\prime 2} + \sigma^{2} \right)^{1 / 2}
\end{gathered}
$$

According to the Fresnel half-wave zone plate method, we have

$$
\xi_{1} = \xi_{0} + p(\lambda / 2)
$$

where $p$ is the number of half-wave zones the small aperture can divide at the observation point:

$$
\begin{aligned}
p(\lambda / 2) & = \left( P_{0} Q_{0} + Q_{0} P \right) - \left( P_{0} O + O P \right) \\
& = \left[ \left( \rho^{\prime 2} + \sigma^{2} \right)^{1 / 2} + \left( r^{\prime 2} + \sigma^{2} \right)^{1 / 2} \right] - \left( r^{\prime} + \rho^{\prime} \right)
\end{aligned}
$$

Substitute and complete the integration

$$
u(P) \approx u_{0}(P) \left( 1 - \mathrm{e}^{-\mathrm{i} \pi \phi} \right)
$$

where

$$
u_{0}(P) = A \exp \left[ - \mathrm{i} k \left( r^{\prime} + \rho^{\prime} \right) \right] / \left( r^{\prime} + \rho^{\prime} \right)
$$

is the light intensity at point $P$ assuming there is no screen. Thus

$$
I = |u(P)|^{2} = 4 I_{0} \sin^{2}(p \pi / 2)
$$","\boxed{\xi_{0}=r^{\prime}+\rho^{\prime}, \xi_{1}=\left(\rho^{\prime 2}+\sigma^{2}\right)^{1 / 2}+\left(r^{\prime 2}+\sigma^{2}\right)^{1 / 2}, I = 4 I_{0} \sin^{2}(p \pi / 2)}","EQ, EX","None, None, None",True,EN,Math Derivation
5431,Electromagnetism,Wave Optics,Diffraction,"In a \(4 F\) optical system, an image with an amplitude transmittance function given by

\[
\tilde{t_{0}} = t_{0} + t_{1} \cos 2 \pi f x
\]

is placed on the input plane \(O\), where \(t_{0} = 0.6\), \(t_{1} = 0.3\), \(f = 400 \ \mathrm{mm}^{-1}\). The system uses monochromatic, parallel light with a wavelength of \(\lambda = 0.63 \ \mu \mathrm{m}\). If a piece of black paper is used to block the upper non-zero diffraction order spot on the transform plane \(T\), what is the light intensity distribution of the output image? Also, calculate the specific value of the spatial frequency.","In this scenario, the \(+1\) order spot is blocked. Expanding the object information on the input plane gives

\[
t_{0}\left(x_{0}, y_{0}\right) = t_{0} + \frac{1}{2} t_{1} \mathrm{e}^{\mathrm{i} 2\pi fx_{0}} + \frac{1}{2} t_{1} \mathrm{e}^{-\mathrm{i} 2\pi fx_{0}}
\]

The \(+1\) order spot on the transform plane corresponds to the object information \(\left(t_{1} \mathrm{e}^{\mathrm{i} 2\pi fx_{0}}\right)/2\), which is blocked. Thus, the object information that completely passes through the system becomes

\[
\tilde{t}_{0}^{\prime\prime}\left(x_{0}, y_{0}\right) = t_{0} + \frac{1}{2} t_{1} \mathrm{e}^{-\mathrm{i} 2\pi fx}
\]

At this point, the output information is

\[
\overline{t_{0}}\left(x^{\prime}, y^{\prime}\right) = \tilde{t}_{0}^{\prime\prime}\left(-x^{\prime}, -y^{\prime}\right) = t_{0} + \frac{1}{2} t_{1} \mathrm{e}^{-\mathrm{i} 2\pi fx^{\prime}}
\]

The light intensity distribution of the output image is

\[
I_{0}\left(x^{\prime}, y^{\prime}\right) \propto \tilde{t}_{0} \tilde{t}_{1}^{*} = t_{0}^{2} + \frac{1}{4} t_{1}^{2} + t_{0}t_{1} \cos 2\pi fx^{\prime}
\]

Apart from the DC component, the spatial frequency of the alternating component is

\[
f^{\prime\prime} = f = 400 \ \mathrm{mm}^{-1}
\]","\boxed{t_{0}^{2} + \frac{1}{4} t_{1}^{2} + t_{0}t_{1} \cos 2\pi f x^{\prime}, \, f^{\prime\prime} = 400}","EX, EQ","None, \mathrm{mm^{-1}}",True,EN,Practical Application
5436,Electromagnetism,Wave Optics,Diffraction,"A prism with a vertex angle of $A=60^{\circ}$ is made of flint glass with a refractive index of $n=1.70$. Calculate the angle of separation between two yellow spectral lines ($\lambda_{1} = 5980 \AA, \lambda_{2} = 5896 \AA$), given that the dispersion rate of the prism material in this wavelength range is:

$$
\frac{\mathrm{d} n}{\mathrm{d} \lambda}=956 \mathrm{~cm}^{-1}
$$

The prism is positioned near the minimum deviation angle. At this position, the relationship between the deviation angle $\varphi_{0}$ and the refractive index $n$ is:

$$
n=\frac{\sin \frac{A+\varphi_{0}}{2}}{\sin \frac{A}{2}}
$$

Using the above geometric relationships, calculate the angle of separation for the two yellow lines. The necessary parameter for calculation includes $\Delta \lambda=6 \AA$.","The detailed derivation and calculation is as follows:

$$
\Delta \varphi=\frac{2 \sin \frac{A}{2}}{\sqrt{1-n^2 \sin^2 \frac{A}{2}}} \cdot \frac{\mathrm{d} n}{\mathrm{d} \lambda} \cdot \Delta \lambda
$$

Substituting the values:

$$
\Delta \varphi=\frac{2 \times 0.5 \times 2}{\sqrt{4-1.7^2}} \times 956 \times 6 \times 10^{-8}=1.55 \times 10^{-4}=0.53^{\prime}
$$

$$
<image 1>
$$",\boxed{0.53},NV,\prime,False,EN,Math Derivation
5437,Electromagnetism,Wave Optics,Polarization,"A linearly polarized light beam is incident perpendicularly onto a magneto-optical medium plate. The thickness of the plate is \( L \), and the light's direction is the same as the direction of the magnetic field inside the medium. The refractive index of the medium is given by

\[
n_{\mathrm{L}}(\omega) = 1 - \frac{K}{\omega(\omega - \Omega)}
\]

where \( K \) and \( \Omega \) are constants, and \( \omega \) is the angular frequency of the light's vibration. Determine the angle by which the polarization plane of the left-circularly polarized light rotates after passing through the medium.","Linearly polarized light can be represented as a combination of left-circularly polarized light and right-circularly polarized light. Due to the different refractive index for left-circularly polarized light in the medium, the angle \(\Delta_{\mathrm{L}}\) by which the polarization plane of the left-circularly polarized light changes relative to its incidence after passing through the medium of thickness \( L \) is shown in Figure 2.

\[
\Delta_{\mathrm{L}} = n_{\mathrm{L}} \frac{2 \pi L}{\lambda}
\]

\[ 
<image 1> 
\]

Figure 2",\boxed{\Delta_{\mathrm{L}} = n_{\mathrm{L}} \frac{2 \pi L}{\lambda}},EX,,False,EN,Laws Application
5438,Electromagnetism,Wave Optics,Polarization,"Assume natural light with an intensity of $I_0$ is incident on a polarizer $N_1$, transforming into linearly polarized light. It then passes through a second set of circular polarizers consisting of a $\frac{1}{4}$ wave plate $P_1$ and $P_2$, becoming circularly polarized light, followed by polarizer $N_2$. Calculate the intensity of the final transmitted light.","As shown in Figure 2, natural light enters with an intensity of $I_0$. After passing through the first set of circular polarizers composed of $N_1$ and $P_1$, it becomes circularly polarized light with an intensity of $\frac{1}{2} I_0$. This circularly polarized light, upon passing through the $\frac{1}{4}$ wave plate $P_2$, retains an intensity of $\frac{1}{2} I_0$ but turns into linearly polarized light, with its vibration direction aligned with the transmission axis of polarizer $N_2$. Therefore, the intensity of the emitted linearly polarized light remains unchanged at $\frac{1}{2} I_0$, independent of the angle $\theta$ between the two sets of circular polarizers.",\boxed{\frac{1}{2} I_0},NV,,False,EN,Laws Application
5439,Electromagnetism,Wave Optics,Polarization,"A half-wave plate is inserted between two polarizers, with its fast axis making an angle of \( 38^{\circ} \) with the transmission direction of \( P_{1} \). Given the refractive indices of the crystal plate as \( n_{0} = 1.52 \) and \( n_{\mathrm{e}} = 1.48 \), determine the minimum thickness of the crystal plate.","For the half-wave plate, we have

\[
\varphi = \frac{2\pi}{\lambda} d\left(n_{0} - n_{\mathrm{e}}\right) = \pi
\]

Thus,

\[
d = \frac{\lambda}{2\left(n_{\mathrm{o}} - n_{\mathrm{e}}\right)} = 7.9 \, \mu \mathrm{m}
\]",\boxed{7.9},NV,\mu \mathrm{m},False,EN,Laws Application
5442,Electromagnetism,Wave Optics,Polarization,"To observe the monochromatic light from the sun, the French astronomer B. Lyot invented a birefringent filter composed of $s$ birefringent crystals (C), where each subsequent crystal is twice as thick as the previous one. Polarizing films ($P$) are placed between the crystals and at both ends. The optical axes of all the crystals are parallel to each other and perpendicular to the direction of light propagation, and the polarization axes of the polarizing films are also parallel but at an angle of $45^{\circ}$ to the optical axes. Only certain light bands can pass through the filter. For a filter composed of $s$ crystals, calculate the transmission coefficient as a function of wavelength $\lambda$.","In a birefringent crystal, the propagation speeds of light waves whose vibration directions are parallel or perpendicular to the optical axis are different, meaning their refractive indices differ. If the light propagates in the $z$ direction and the optical axis is in the $y$ direction, according to the problem statement, the transmission axes of all polarizers are at a $45^{\circ}$ angle to the $y$ axis. This linear polarized wave can be expressed as:

$$
\frac{E_{0}}{\sqrt{2}}\left(x_{0}+y_{0}\right)
$$

where $x_{0}$ and $y_{0}$ are unit vectors in the $x$ and $y$ directions, respectively. The amplitude of the electromagnetic wave after propagating a distance $z$ in the crystal becomes:

$$
E = E_{0} \exp\left( i k n_{x} z\right) x_{0} + E_{0} \exp\left( i k n_{y} z\right) y_{0}
$$

where $n_{x}$ and $n_{y}$ are the refractive indices of the birefringent crystal perpendicular and parallel to the optical axis, respectively. Writing the transmission axis of the polarizer as $\boldsymbol{P}_{0}=\frac{1}{\sqrt{2}}\left(x_{0}+y_{0}\right)$, the amplitude of the transmitted wave after the electromagnetic wave propagates a distance of $2^{n} d$ through the crystal and then passes through the polarizer is:

$$
\begin{aligned}
\boldsymbol{E} \cdot \boldsymbol{P}_{0} & =\frac{E_{0}}{2}\left\{\exp \left(i n_{x} k 2^{n} d\right)+\exp \left(i n_{y} k 2^{n} d\right)\right\} \\
& =E_{0} \cos \left(2^{n} \phi\right) \exp \left(i k 2^{n-1} d\left(n_{x}+n_{y}\right)\right)
\end{aligned}
$$

where $\phi = \frac{1}{2} k d (n_{y}-n_{x})$. After passing through $s$ crystals and the polarizers between the crystals, the attenuation factor of the transmission intensity is:

$$
T = \left\{\cos \varphi \cdot \cos (2 \varphi) \cdot \cdots \cos \left(2^{s-1} \varphi\right)\right\}^{2}
$$",\boxed{T = \left\{\cos \varphi \cdot \cos (2 \varphi) \cdot \cdots \cos \left(2^{s-1} \varphi\right)\right\}^{2}},EX,,False,EN,Math Derivation
5443,Electromagnetism,Wave Optics,Polarization,"When using a far-field device to receive the Fraunhofer diffraction field, assume the single slit width is approximately $100 \, \mu \mathrm{m}$, and the incident light wavelength is $6328 \, \text{}$. What is the width of the zero-order line on the receiving screen?","Typically, when natural light is reflected at the interface of two media, the reflected light is partially polarized. However, when the angle of incidence satisfies

$$
\theta_{B}=\arctan \frac{n_{1}}{n_{0}}
$$

where $n_{0}$ and $n_{1}$ are the refractive indices of the incident medium and the refractive medium respectively, the reflected light is linearly polarized with vibrations perpendicular to the plane of incidence. This angle $\theta_{B}$ is called the Brewster's angle or the polarization angle.

The calculations for $r, R, \bar{R}$, and $t, T, \bar{T}$ for the $S$ and $P$ components are based on Fresnel's equations. Because the angle of incidence is Brewster's angle, the sum of the angle of incidence and the angle of refraction is $\frac{\pi}{2}$. Intensity refers to the average energy flow density, which is the time average of the Poynting vector, while energy flow equals the intensity multiplied by the cross-sectional area of the beam. The reflected light and incident light are in the same medium, with equal cross-sectional areas, while the refracted light and incident light are in different media, with different cross-sectional areas, which is noteworthy.

1. According to Fresnel's equations, the amplitude reflectance $r_{s}$ and amplitude transmittance $t_{s}$ for the $S$ component are

$$
\begin{gathered}
r_{s}=\frac{n_{1} \cos \theta_{1}-n_{2} \cos \theta_{2}}{n_{1} \cos \theta_{1}+n_{2} \cos \theta_{2}}=-\frac{\sin \left(\theta_{1}-\theta_{2}\right)}{\sin \left(\theta_{1}+\theta_{2}\right)} \\
t_{s}=\frac{2 n_{1} \cos \theta_{1}}{n_{1} \cos \theta_{1}+n_{2} \cos \theta_{2}}=\frac{2 \sin \theta_{2} \cos \theta_{1}}{\sin \left(\theta_{1}+\theta_{2}\right)}
\end{gathered}
$$

The amplitude reflectance $r_{P}$ and amplitude transmittance $t_{P}$ for the $P$ component are

$$
\begin{gathered}
r_{P}=\frac{n_{2} \cos \theta_{1}-n_{1} \cos \theta_{2}}{n_{2} \cos \theta_{1}+n_{1} \cos \theta_{2}}=\frac{\tan \left(\theta_{1}-\theta_{2}\right)}{\tan \left(\theta_{1}+\theta_{2}\right)} \\
t_{P}=\frac{2 n_{1} \cos \theta_{1}}{n_{2} \cos \theta_{1}+n_{1} \cos \theta_{2}}=\frac{2 \cos \theta_{1} \sin \theta_{2}}{\sin \left(\theta_{1}+\theta_{2}\right) \cos \left(\theta_{1}-\theta_{2}\right)}
\end{gathered}
$$

where $n_{1}=1$, $n_{2}=n=1.50$, $\theta_{1}$ is the angle of incidence, and $\theta_{2}$ is the angle of refraction. Since the angle of incidence is the Brewster's angle, we have

$$
\theta_{1}=\theta_{B}=\arctan n=\arctan 1.50=56.3^{\circ}
$$

Additionally,

$$
\theta_{1}+\theta_{2}=\frac{\pi}{2}
$$

Substituting into the formulas for $r_{s}$ and $r_{p}$, we obtain

$$
\begin{gathered}
r_{s}=-\frac{\sin \left(56.3^{\circ}-33.7^{\circ}\right)}{\sin \left(56.3^{\circ}+33.7^{\circ}\right)}=-0.384 \\
r_{p}=0
\end{gathered}
$$

Since the reflected light and incident light are in the same medium with equal cross-sectional areas, the intensity reflectance $R_{S}$ and $R_{P}$, as well as the energy flow reflectance $\bar{R}_{S}$ and $\bar{R}_{P}$ for the $S$ and $P$ components respectively, are

$$
\begin{aligned}
& R_{S}=\left|r_{S}\right|^{2}=0.148, \quad R_{P}=0 \\
& \bar{R}_{S}=\left|r_{S}\right|^{2}=0.148, \quad \bar{R}_{P}=0
\end{aligned}
$$

For the refracted light, substituting $\theta_{1}$ and $\theta_{2}$ into $t_{s}$ and $t_{P}$, we have

$$
\begin{gathered}
t_{s}=\frac{2 \sin \theta_{2} \cos \theta_{1}}{\sin \left(\theta_{1}+\theta_{2}\right)}=\frac{2 \sin 33.7^{\circ} \cos 56.3^{\circ}}{\sin \frac{\pi}{2}}=0.616 \\
t_{P}=\frac{2 \cos \theta_{1} \sin \theta_{2}}{\sin \left(\theta_{1}+\theta_{2}\right) \cos \left(\theta_{1}-\theta_{2}\right)}=\frac{2 \cos 56.3^{\circ} \sin 33.7^{\circ}}{\cos \left(56.3^{\circ}-33.7^{\circ}\right)}=0.667
\end{gathered}
$$

Since the refracted light and incident light are in different media with different cross-sectional areas, the intensity transmittance and energy flow transmittance are not simply equal to the square of the amplitude transmittance. The intensity refers to the average energy flow density, which is the time average of the Poynting vector, given by

$$
\widetilde{S}=\frac{1}{2} \sqrt{\frac{\varepsilon_{0} \varepsilon_{\mathrm{r}}}{\mu_{0} \mu_{\mathrm{r}}}} E^{2}
$$

where $E$ is the amplitude of the electric vector. Since $\mu_{\mathrm{r}} \approx 1$, and the speed of light in vacuum $c=\frac{1}{\sqrt{\varepsilon_{0}} \mu_{0}}$, and the refractive index $n=\sqrt{\varepsilon_{\mathrm{r}} \mu_{\mathrm{r}}} \approx \sqrt{\varepsilon_{\mathrm{r}}}$, this can be rewritten as

$$
\bar{S}=\frac{1}{2 c \mu_{0}} n E^{2}
$$

Thus, the intensity is proportional to $n E^{2}$, and the intensity transmittance is

$$
T=\frac{\bar{S}_{2}}{\bar{S}_{1}}=\frac{n_{2}}{n_{1}} t^{2}
$$

The intensity transmittance for the $S$ and $P$ components is

$$
\begin{aligned}
& T_{S}=\frac{n_{2}}{n_{1}} t_{S}^{2}=n t_{S}^{2}=0.569 \\
& T_{P}=\frac{n_{2}}{n_{1}} t_{P}^{2}=n t_{P}^{2}=0.667
\end{aligned}
$$

The energy flow equals the intensity multiplied by the cross-sectional area of the beam, and the ratio of the cross-sectional areas of the refracted beam to the incident beam is $\frac{\cos \theta_{2}}{\cos \theta_{1}}$, so the energy flow transmittance is

$$
\bar{T}=\frac{\bar{S}_{2} \cos \theta_{2}}{\bar{S}_{1} \cos \theta_{1}}=\frac{n_{2} \cos \theta_{2}}{n_{1} \cos \theta_{1}} t^{2}=\frac{\cos \theta_{2}}{\cos \theta_{1}} T
$$

Substituting the values, the energy flow transmittance for the $S$ and $P$ components is

$$
\begin{gathered}
\bar{T}_{S}=\frac{\cos \theta_{2}}{\cos \theta_{1}} T_{S}=0.853 \\
\bar{T}_{P}=\frac{\cos \theta_{2}}{\cos \theta_{1}} T_{P}=1
\end{gathered}
$$

The fact that the energy flow transmittance $\bar{T}_{P}=1$ for the $P$ component is expected because, when light is incident at the Brewster's angle $\left(\theta_{1}=\theta_{B}\right)$, the reflected light does not contain any $P$ component, meaning the entire energy of the incident $P$ component is transmitted.",\boxed{6.3},NV,\mathrm{mm},False,EN,Laws Application
5445,Electromagnetism,Wave Optics,Polarization,"A quartz optical rotation plate is placed between two Nicol prisms to eliminate yellow-green light ($\lambda=5500 \, \text{}$), which is most sensitive to the human eye. The optical rotation rate for this wavelength is $24^{\circ} / \text{mm}$. Find the thickness of the plate when the principal sections of the two Nicol prisms are orthogonal.","Typically, when natural light is reflected at the interface of two media, the reflected light is partially polarized. However, when the angle of incidence satisfies

$$
\theta_{B}=\arctan \frac{n_{1}}{n_{0}}
$$

where $n_{0}$ and $n_{1}$ are the refractive indices of the incident medium and the refractive medium respectively, the reflected light is linearly polarized with vibrations perpendicular to the plane of incidence. This angle $\theta_{B}$ is called the Brewster's angle or the polarization angle.

The calculations for $r, R, \bar{R}$, and $t, T, \bar{T}$ for the $S$ and $P$ components are based on Fresnel's equations. Because the angle of incidence is Brewster's angle, the sum of the angle of incidence and the angle of refraction is $\frac{\pi}{2}$. Intensity refers to the average energy flow density, which is the time average of the Poynting vector, while energy flow equals the intensity multiplied by the cross-sectional area of the beam. The reflected light and incident light are in the same medium, with equal cross-sectional areas, while the refracted light and incident light are in different media, with different cross-sectional areas, which is noteworthy.

1. According to Fresnel's equations, the amplitude reflectance $r_{s}$ and amplitude transmittance $t_{s}$ for the $S$ component are

$$
\begin{gathered}
r_{s}=\frac{n_{1} \cos \theta_{1}-n_{2} \cos \theta_{2}}{n_{1} \cos \theta_{1}+n_{2} \cos \theta_{2}}=-\frac{\sin \left(\theta_{1}-\theta_{2}\right)}{\sin \left(\theta_{1}+\theta_{2}\right)} \\
t_{s}=\frac{2 n_{1} \cos \theta_{1}}{n_{1} \cos \theta_{1}+n_{2} \cos \theta_{2}}=\frac{2 \sin \theta_{2} \cos \theta_{1}}{\sin \left(\theta_{1}+\theta_{2}\right)}
\end{gathered}
$$

The amplitude reflectance $r_{P}$ and amplitude transmittance $t_{P}$ for the $P$ component are

$$
\begin{gathered}
r_{P}=\frac{n_{2} \cos \theta_{1}-n_{1} \cos \theta_{2}}{n_{2} \cos \theta_{1}+n_{1} \cos \theta_{2}}=\frac{\tan \left(\theta_{1}-\theta_{2}\right)}{\tan \left(\theta_{1}+\theta_{2}\right)} \\
t_{P}=\frac{2 n_{1} \cos \theta_{1}}{n_{2} \cos \theta_{1}+n_{1} \cos \theta_{2}}=\frac{2 \cos \theta_{1} \sin \theta_{2}}{\sin \left(\theta_{1}+\theta_{2}\right) \cos \left(\theta_{1}-\theta_{2}\right)}
\end{gathered}
$$

where $n_{1}=1$, $n_{2}=n=1.50$, $\theta_{1}$ is the angle of incidence, and $\theta_{2}$ is the angle of refraction. Since the angle of incidence is the Brewster's angle, we have

$$
\theta_{1}=\theta_{B}=\arctan n=\arctan 1.50=56.3^{\circ}
$$

Additionally,

$$
\theta_{1}+\theta_{2}=\frac{\pi}{2}
$$

Substituting into the formulas for $r_{s}$ and $r_{p}$, we obtain

$$
\begin{gathered}
r_{s}=-\frac{\sin \left(56.3^{\circ}-33.7^{\circ}\right)}{\sin \left(56.3^{\circ}+33.7^{\circ}\right)}=-0.384 \\
r_{p}=0
\end{gathered}
$$

Since the reflected light and incident light are in the same medium with equal cross-sectional areas, the intensity reflectance $R_{S}$ and $R_{P}$, as well as the energy flow reflectance $\bar{R}_{S}$ and $\bar{R}_{P}$ for the $S$ and $P$ components respectively, are

$$
\begin{aligned}
& R_{S}=\left|r_{S}\right|^{2}=0.148, \quad R_{P}=0 \\
& \bar{R}_{S}=\left|r_{S}\right|^{2}=0.148, \quad \bar{R}_{P}=0
\end{aligned}
$$

For the refracted light, substituting $\theta_{1}$ and $\theta_{2}$ into $t_{s}$ and $t_{P}$, we have

$$
\begin{gathered}
t_{s}=\frac{2 \sin \theta_{2} \cos \theta_{1}}{\sin \left(\theta_{1}+\theta_{2}\right)}=\frac{2 \sin 33.7^{\circ} \cos 56.3^{\circ}}{\sin \frac{\pi}{2}}=0.616 \\
t_{P}=\frac{2 \cos \theta_{1} \sin \theta_{2}}{\sin \left(\theta_{1}+\theta_{2}\right) \cos \left(\theta_{1}-\theta_{2}\right)}=\frac{2 \cos 56.3^{\circ} \sin 33.7^{\circ}}{\cos \left(56.3^{\circ}-33.7^{\circ}\right)}=0.667
\end{gathered}
$$

Since the refracted light and incident light are in different media with different cross-sectional areas, the intensity transmittance and energy flow transmittance are not simply equal to the square of the amplitude transmittance. The intensity refers to the average energy flow density, which is the time average of the Poynting vector, given by

$$
\widetilde{S}=\frac{1}{2} \sqrt{\frac{\varepsilon_{0} \varepsilon_{\mathrm{r}}}{\mu_{0} \mu_{\mathrm{r}}}} E^{2}
$$

where $E$ is the amplitude of the electric vector. Since $\mu_{\mathrm{r}} \approx 1$, and the speed of light in vacuum $c=\frac{1}{\sqrt{\varepsilon_{0}} \mu_{0}}$, and the refractive index $n=\sqrt{\varepsilon_{\mathrm{r}} \mu_{\mathrm{r}}} \approx \sqrt{\varepsilon_{\mathrm{r}}}$, this can be rewritten as

$$
\bar{S}=\frac{1}{2 c \mu_{0}} n E^{2}
$$

Thus, the intensity is proportional to $n E^{2}$, and the intensity transmittance is

$$
T=\frac{\bar{S}_{2}}{\bar{S}_{1}}=\frac{n_{2}}{n_{1}} t^{2}
$$

The intensity transmittance for the $S$ and $P$ components is

$$
\begin{aligned}
& T_{S}=\frac{n_{2}}{n_{1}} t_{S}^{2}=n t_{S}^{2}=0.569 \\
& T_{P}=\frac{n_{2}}{n_{1}} t_{P}^{2}=n t_{P}^{2}=0.667
\end{aligned}
$$

The energy flow equals the intensity multiplied by the cross-sectional area of the beam, and the ratio of the cross-sectional areas of the refracted beam to the incident beam is $\frac{\cos \theta_{2}}{\cos \theta_{1}}$, so the energy flow transmittance is

$$
\bar{T}=\frac{\bar{S}_{2} \cos \theta_{2}}{\bar{S}_{1} \cos \theta_{1}}=\frac{n_{2} \cos \theta_{2}}{n_{1} \cos \theta_{1}} t^{2}=\frac{\cos \theta_{2}}{\cos \theta_{1}} T
$$

Substituting the values, the energy flow transmittance for the $S$ and $P$ components is

$$
\begin{gathered}
\bar{T}_{S}=\frac{\cos \theta_{2}}{\cos \theta_{1}} T_{S}=0.853 \\
\bar{T}_{P}=\frac{\cos \theta_{2}}{\cos \theta_{1}} T_{P}=1
\end{gathered}
$$

The fact that the energy flow transmittance $\bar{T}_{P}=1$ for the $P$ component is expected because, when light is incident at the Brewster's angle $\left(\theta_{1}=\theta_{B}\right)$, the reflected light does not contain any $P$ component, meaning the entire energy of the incident $P$ component is transmitted.",\boxed{7.5},NV,\text{mm},False,EN,Laws Application
5446,Electromagnetism,Wave Optics,Interference,"Consider an optical system with a thin transparent sheet of thickness \( e' \) and refractive index \( n \) placed over the top half of a standard thick film used for interference experiments. Derive the expression for the phase difference and interference order relation between the upper and lower sections.

\begin{center}
\begin{tabular}{c|c|c}
\hline
 & Lower Section & Upper Section \\
\hline
Order (at center) & 40816.32 & 41836.73 \\
\hline
Order (at edge) & 40793.65 & 41814.43 \\
\hline
Fringe Count & 23 & 22 \\
\hline
\end{tabular}
\end{center}","Let a beam of parallel light form an angle \(i\) with the optical axis. The phase difference of the two rays passing through the lower section of the standard film is given by
\[
\delta_{1} = 2 e \cos i
\]
For the upper section, the phase difference of the two rays is
\[
\delta_{2} = 2 \left(e - e^{\prime}\right) \cos i + 2 n e^{\prime} \cos r = \delta_{1} + 2 e^{\prime} [n \cos r - \cos i]
\]
where \(e^{\prime}\) is the thickness of the transparent sheet, \(r\) is the angle of incidence of the light entering the transparent sheet, and \(n\) is the refractive index of the transparent sheet. For small angles, it simplifies to
\[
\delta_{2} = \delta_{1} + 2 e^{\prime} \left[n \left(1 - \frac{r^{2}}{2}\right) - \left(1 - \frac{i^{2}}{2}\right)\right] = \delta_{1} + 2 e^{\prime} \left[(n-1) + \frac{i^{2}}{2} \left(1 - \frac{1}{n}\right)\right] = \delta_{1} + e^{\prime} \left(1 + \frac{i^{2}}{3}\right)
\]
The system produces two sets of interference fringes, and the relation between the order of the upper and lower halves is
\[
k_{2}(i) = k_{1}(i) + \frac{500}{0.49} \left(1 + \frac{i^{2}}{3}\right)
\]","\[
\boxed{\delta_{2} = \delta_{1} + e^{\prime} \left(1 + \frac{i^{2}}{3}\right), \, k_{2}(i) = k_{1}(i) + \frac{500}{0.49} \left(1 + \frac{i^{2}}{3}\right)}
\]","EQ, EQ",,False,EN,Math Derivation
5449,Electromagnetism,Wave Optics,Polarization,"Given the following data, calculate the dispersion power of a grating. Grating width \(D=5 \mathrm{~cm}\), line density \(1/d=600\) lines/\(\mathrm{mm}\), and assume \(\lambda=5000 \, \text{}\).","Typically, when natural light is reflected at the interface of two media, the reflected light is partially polarized. However, when the angle of incidence satisfies

$$
\theta_{B}=\arctan \frac{n_{1}}{n_{0}}
$$

where $n_{0}$ and $n_{1}$ are the refractive indices of the incident medium and the refractive medium respectively, the reflected light is linearly polarized with vibrations perpendicular to the plane of incidence. This angle $\theta_{B}$ is called the Brewster's angle or the polarization angle.

The calculations for $r, R, \bar{R}$, and $t, T, \bar{T}$ for the $S$ and $P$ components are based on Fresnel's equations. Because the angle of incidence is Brewster's angle, the sum of the angle of incidence and the angle of refraction is $\frac{\pi}{2}$. Intensity refers to the average energy flow density, which is the time average of the Poynting vector, while energy flow equals the intensity multiplied by the cross-sectional area of the beam. The reflected light and incident light are in the same medium, with equal cross-sectional areas, while the refracted light and incident light are in different media, with different cross-sectional areas, which is noteworthy.

1. According to Fresnel's equations, the amplitude reflectance $r_{s}$ and amplitude transmittance $t_{s}$ for the $S$ component are

$$
\begin{gathered}
r_{s}=\frac{n_{1} \cos \theta_{1}-n_{2} \cos \theta_{2}}{n_{1} \cos \theta_{1}+n_{2} \cos \theta_{2}}=-\frac{\sin \left(\theta_{1}-\theta_{2}\right)}{\sin \left(\theta_{1}+\theta_{2}\right)} \\
t_{s}=\frac{2 n_{1} \cos \theta_{1}}{n_{1} \cos \theta_{1}+n_{2} \cos \theta_{2}}=\frac{2 \sin \theta_{2} \cos \theta_{1}}{\sin \left(\theta_{1}+\theta_{2}\right)}
\end{gathered}
$$

The amplitude reflectance $r_{P}$ and amplitude transmittance $t_{P}$ for the $P$ component are

$$
\begin{gathered}
r_{P}=\frac{n_{2} \cos \theta_{1}-n_{1} \cos \theta_{2}}{n_{2} \cos \theta_{1}+n_{1} \cos \theta_{2}}=\frac{\tan \left(\theta_{1}-\theta_{2}\right)}{\tan \left(\theta_{1}+\theta_{2}\right)} \\
t_{P}=\frac{2 n_{1} \cos \theta_{1}}{n_{2} \cos \theta_{1}+n_{1} \cos \theta_{2}}=\frac{2 \cos \theta_{1} \sin \theta_{2}}{\sin \left(\theta_{1}+\theta_{2}\right) \cos \left(\theta_{1}-\theta_{2}\right)}
\end{gathered}
$$

where $n_{1}=1$, $n_{2}=n=1.50$, $\theta_{1}$ is the angle of incidence, and $\theta_{2}$ is the angle of refraction. Since the angle of incidence is the Brewster's angle, we have

$$
\theta_{1}=\theta_{B}=\arctan n=\arctan 1.50=56.3^{\circ}
$$

Additionally,

$$
\theta_{1}+\theta_{2}=\frac{\pi}{2}
$$

Substituting into the formulas for $r_{s}$ and $r_{p}$, we obtain

$$
\begin{gathered}
r_{s}=-\frac{\sin \left(56.3^{\circ}-33.7^{\circ}\right)}{\sin \left(56.3^{\circ}+33.7^{\circ}\right)}=-0.384 \\
r_{p}=0
\end{gathered}
$$

Since the reflected light and incident light are in the same medium with equal cross-sectional areas, the intensity reflectance $R_{S}$ and $R_{P}$, as well as the energy flow reflectance $\bar{R}_{S}$ and $\bar{R}_{P}$ for the $S$ and $P$ components respectively, are

$$
\begin{aligned}
& R_{S}=\left|r_{S}\right|^{2}=0.148, \quad R_{P}=0 \\
& \bar{R}_{S}=\left|r_{S}\right|^{2}=0.148, \quad \bar{R}_{P}=0
\end{aligned}
$$

For the refracted light, substituting $\theta_{1}$ and $\theta_{2}$ into $t_{s}$ and $t_{P}$, we have

$$
\begin{gathered}
t_{s}=\frac{2 \sin \theta_{2} \cos \theta_{1}}{\sin \left(\theta_{1}+\theta_{2}\right)}=\frac{2 \sin 33.7^{\circ} \cos 56.3^{\circ}}{\sin \frac{\pi}{2}}=0.616 \\
t_{P}=\frac{2 \cos \theta_{1} \sin \theta_{2}}{\sin \left(\theta_{1}+\theta_{2}\right) \cos \left(\theta_{1}-\theta_{2}\right)}=\frac{2 \cos 56.3^{\circ} \sin 33.7^{\circ}}{\cos \left(56.3^{\circ}-33.7^{\circ}\right)}=0.667
\end{gathered}
$$

Since the refracted light and incident light are in different media with different cross-sectional areas, the intensity transmittance and energy flow transmittance are not simply equal to the square of the amplitude transmittance. The intensity refers to the average energy flow density, which is the time average of the Poynting vector, given by

$$
\widetilde{S}=\frac{1}{2} \sqrt{\frac{\varepsilon_{0} \varepsilon_{\mathrm{r}}}{\mu_{0} \mu_{\mathrm{r}}}} E^{2}
$$

where $E$ is the amplitude of the electric vector. Since $\mu_{\mathrm{r}} \approx 1$, and the speed of light in vacuum $c=\frac{1}{\sqrt{\varepsilon_{0}} \mu_{0}}$, and the refractive index $n=\sqrt{\varepsilon_{\mathrm{r}} \mu_{\mathrm{r}}} \approx \sqrt{\varepsilon_{\mathrm{r}}}$, this can be rewritten as

$$
\bar{S}=\frac{1}{2 c \mu_{0}} n E^{2}
$$

Thus, the intensity is proportional to $n E^{2}$, and the intensity transmittance is

$$
T=\frac{\bar{S}_{2}}{\bar{S}_{1}}=\frac{n_{2}}{n_{1}} t^{2}
$$

The intensity transmittance for the $S$ and $P$ components is

$$
\begin{aligned}
& T_{S}=\frac{n_{2}}{n_{1}} t_{S}^{2}=n t_{S}^{2}=0.569 \\
& T_{P}=\frac{n_{2}}{n_{1}} t_{P}^{2}=n t_{P}^{2}=0.667
\end{aligned}
$$

The energy flow equals the intensity multiplied by the cross-sectional area of the beam, and the ratio of the cross-sectional areas of the refracted beam to the incident beam is $\frac{\cos \theta_{2}}{\cos \theta_{1}}$, so the energy flow transmittance is

$$
\bar{T}=\frac{\bar{S}_{2} \cos \theta_{2}}{\bar{S}_{1} \cos \theta_{1}}=\frac{n_{2} \cos \theta_{2}}{n_{1} \cos \theta_{1}} t^{2}=\frac{\cos \theta_{2}}{\cos \theta_{1}} T
$$

Substituting the values, the energy flow transmittance for the $S$ and $P$ components is

$$
\begin{gathered}
\bar{T}_{S}=\frac{\cos \theta_{2}}{\cos \theta_{1}} T_{S}=0.853 \\
\bar{T}_{P}=\frac{\cos \theta_{2}}{\cos \theta_{1}} T_{P}=1
\end{gathered}
$$

The fact that the energy flow transmittance $\bar{T}_{P}=1$ for the $P$ component is expected because, when light is incident at the Brewster's angle $\left(\theta_{1}=\theta_{B}\right)$, the reflected light does not contain any $P$ component, meaning the entire energy of the incident $P$ component is transmitted.",\boxed{0.22'},NV,'/\AA,False,EN,Laws Application
5450,Electromagnetism,Wave Optics,Diffraction,"Using a 6-meter diameter astronomical telescope to detect the rotation of the Milky Way and the Andromeda Galaxy around their common center of mass by comparing photographs. If the distance from Earth to Andromeda is \( R = 1.42 \times 10^{11} R_{0} \), where \( R_{0} \) is the radius of Earth's orbit, calculate the time interval \( \tau \).","Assume the period of rotation \( T \) for the Milky Way and Andromeda around their center of mass. The time required to rotate by angle \( \varphi_{0} \) is given by

\[
\tau = \frac{T}{2\pi} \varphi_{0}
\]

From the previously derived equation

\[
T = T_{0} \sqrt{\frac{M_{0}}{M_{1} + M_{2}}} \left( \frac{R}{R_{0}} \right)^{\frac{3}{2}}
\]

we obtain

\[
\tau = \frac{1.22 \lambda}{2 \pi D} \sqrt{\frac{M_{0}}{M_{1} + M_{2}}} \left( \frac{R}{R_{0}} \right)^{\frac{3}{2}} T_{0} = 1.1 \times 10^{3} \text{ years}
\]

Therefore, it would take comparing photographs taken 1100 years apart to detect the rotation of the Milky Way and Andromeda around their common center of mass, which shows that this method is impractical.",\boxed{1100},NV,\text{},False,EN,Laws Application
5452,Electromagnetism,Wave Optics,Diffraction,"In a \(4 F\) optical system, an input plane \(O\) is placed with an amplitude transmittance function given by

\[
\tilde{t_{0}} = t_{0} + t_{1} \cos 2 \pi f x
\]

where \(t_{0} = 0.6\), \(t_{1} = 0.3\), \(f = 400 \ \mathrm{mm}^{-1}\). The system uses monochromatic collimated light with a wavelength of \(\lambda = 0.63 \ \mu \mathrm{m}\). Without any filter in the transform plane, what is the light intensity distribution of the image obtained on the output plane \(I\)?","Without a filter in the transform plane, the output image is the inverted version of the input image about the axis, meaning the complex amplitude distribution of the output field is

\[
\overline{t_{i}}\left(x^{\prime}, y^{\prime}\right) = \overline{t_{0}}\left(-x^{\prime}, -y^{\prime}\right) = t_{0} + t_{1} \cos 2\pi fx^{\prime}
\]

The output light intensity distribution is

\[
I_{i}\left(x^{\prime}, y^{\prime}\right) \propto \overline{t_{i}} \bar{t}_{i}^{*} = t_{0}^{2} + 2t_{0}t_{1} \cos 2 \pi fx^{\prime} + t_{1}^{2} \cos^{2} 2 \pi fx^{\prime}
\]",\boxed{t_{0}^{2} + 2t_{0}t_{1} \cos 2 \pi fx^{\prime} + t_{1}^{2} \cos^{2} 2 \pi fx^{\prime}},EX,,False,EN,Practical Application
5453,Electromagnetism,Wave Optics,Polarization,"A monochromatic linearly polarized light is incident perpendicularly on a calcite crystal, with its vibration direction making an angle of $30^{\circ}$ with the principal plane. The calcite crystal separates the light into the extraordinary ($e$) ray and the ordinary ($o$) ray. Then, after passing through a Nicol prism located behind the calcite, the principal plane of the prism makes an angle of $50^{\circ}$ with the original incident light's vibration direction. Determine the relative intensity of the two rays.","As illustrated, after passing through the calcite crystal, the monochromatic linearly polarized light is decomposed into the $e$ ray and the $o$ ray, with their amplitudes given by  

$$
A_{\mathrm{e}} = A \cos \alpha, \quad A_{\mathrm{o}} = A \sin \alpha
$$

After passing through the Nicol prism, their amplitudes become  

$$
\begin{aligned}
A_{1} &= A_{\mathrm{e}} \cos (\alpha+\beta) = A \cos (\alpha+\beta) \cdot \cos \alpha, \\
A_{2} &= A_{\mathrm{o}} \sin (\alpha+\beta) = A \sin (\alpha+\beta) \cdot \sin \alpha
\end{aligned}
$$

The intensity ratio of the two beams is  

$$
\begin{aligned}
\frac{I_{2}}{I_{1}} &= \frac{A_{2}^{2}}{A_{1}^{2}} = \tan^{2}(\alpha+\beta) \cdot \tan^{2} \alpha = \tan^{2}(30^{\circ} + 50^{\circ}) \cdot \tan^{2} 30^{\circ} \\
&= 10.72
\end{aligned}
$$",\boxed{10.72},NV,,False,EN,Laws Application
5455,Electromagnetism,Wave Optics,Polarization,"Consider a Fabry-Prot cavity with a length of 5 cm and an expanded light source experiment with a wavelength of $0.6 \, \mu\mathrm{m}$. Calculate the angular radius of the interference rings when the angle of the light ray is near $1^{\circ}$. Assume the reflectivity $R = 0.98$.","Typically, when natural light is reflected at the interface of two media, the reflected light is partially polarized. However, when the angle of incidence satisfies

$$
\theta_{B}=\arctan \frac{n_{1}}{n_{0}}
$$

where $n_{0}$ and $n_{1}$ are the refractive indices of the incident medium and the refractive medium respectively, the reflected light is linearly polarized with vibrations perpendicular to the plane of incidence. This angle $\theta_{B}$ is called the Brewster's angle or the polarization angle.

The calculations for $r, R, \bar{R}$, and $t, T, \bar{T}$ for the $S$ and $P$ components are based on Fresnel's equations. Because the angle of incidence is Brewster's angle, the sum of the angle of incidence and the angle of refraction is $\frac{\pi}{2}$. Intensity refers to the average energy flow density, which is the time average of the Poynting vector, while energy flow equals the intensity multiplied by the cross-sectional area of the beam. The reflected light and incident light are in the same medium, with equal cross-sectional areas, while the refracted light and incident light are in different media, with different cross-sectional areas, which is noteworthy.

1. According to Fresnel's equations, the amplitude reflectance $r_{s}$ and amplitude transmittance $t_{s}$ for the $S$ component are

$$
\begin{gathered}
r_{s}=\frac{n_{1} \cos \theta_{1}-n_{2} \cos \theta_{2}}{n_{1} \cos \theta_{1}+n_{2} \cos \theta_{2}}=-\frac{\sin \left(\theta_{1}-\theta_{2}\right)}{\sin \left(\theta_{1}+\theta_{2}\right)} \\
t_{s}=\frac{2 n_{1} \cos \theta_{1}}{n_{1} \cos \theta_{1}+n_{2} \cos \theta_{2}}=\frac{2 \sin \theta_{2} \cos \theta_{1}}{\sin \left(\theta_{1}+\theta_{2}\right)}
\end{gathered}
$$

The amplitude reflectance $r_{P}$ and amplitude transmittance $t_{P}$ for the $P$ component are

$$
\begin{gathered}
r_{P}=\frac{n_{2} \cos \theta_{1}-n_{1} \cos \theta_{2}}{n_{2} \cos \theta_{1}+n_{1} \cos \theta_{2}}=\frac{\tan \left(\theta_{1}-\theta_{2}\right)}{\tan \left(\theta_{1}+\theta_{2}\right)} \\
t_{P}=\frac{2 n_{1} \cos \theta_{1}}{n_{2} \cos \theta_{1}+n_{1} \cos \theta_{2}}=\frac{2 \cos \theta_{1} \sin \theta_{2}}{\sin \left(\theta_{1}+\theta_{2}\right) \cos \left(\theta_{1}-\theta_{2}\right)}
\end{gathered}
$$

where $n_{1}=1$, $n_{2}=n=1.50$, $\theta_{1}$ is the angle of incidence, and $\theta_{2}$ is the angle of refraction. Since the angle of incidence is the Brewster's angle, we have

$$
\theta_{1}=\theta_{B}=\arctan n=\arctan 1.50=56.3^{\circ}
$$

Additionally,

$$
\theta_{1}+\theta_{2}=\frac{\pi}{2}
$$

Substituting into the formulas for $r_{s}$ and $r_{p}$, we obtain

$$
\begin{gathered}
r_{s}=-\frac{\sin \left(56.3^{\circ}-33.7^{\circ}\right)}{\sin \left(56.3^{\circ}+33.7^{\circ}\right)}=-0.384 \\
r_{p}=0
\end{gathered}
$$

Since the reflected light and incident light are in the same medium with equal cross-sectional areas, the intensity reflectance $R_{S}$ and $R_{P}$, as well as the energy flow reflectance $\bar{R}_{S}$ and $\bar{R}_{P}$ for the $S$ and $P$ components respectively, are

$$
\begin{aligned}
& R_{S}=\left|r_{S}\right|^{2}=0.148, \quad R_{P}=0 \\
& \bar{R}_{S}=\left|r_{S}\right|^{2}=0.148, \quad \bar{R}_{P}=0
\end{aligned}
$$

For the refracted light, substituting $\theta_{1}$ and $\theta_{2}$ into $t_{s}$ and $t_{P}$, we have

$$
\begin{gathered}
t_{s}=\frac{2 \sin \theta_{2} \cos \theta_{1}}{\sin \left(\theta_{1}+\theta_{2}\right)}=\frac{2 \sin 33.7^{\circ} \cos 56.3^{\circ}}{\sin \frac{\pi}{2}}=0.616 \\
t_{P}=\frac{2 \cos \theta_{1} \sin \theta_{2}}{\sin \left(\theta_{1}+\theta_{2}\right) \cos \left(\theta_{1}-\theta_{2}\right)}=\frac{2 \cos 56.3^{\circ} \sin 33.7^{\circ}}{\cos \left(56.3^{\circ}-33.7^{\circ}\right)}=0.667
\end{gathered}
$$

Since the refracted light and incident light are in different media with different cross-sectional areas, the intensity transmittance and energy flow transmittance are not simply equal to the square of the amplitude transmittance. The intensity refers to the average energy flow density, which is the time average of the Poynting vector, given by

$$
\widetilde{S}=\frac{1}{2} \sqrt{\frac{\varepsilon_{0} \varepsilon_{\mathrm{r}}}{\mu_{0} \mu_{\mathrm{r}}}} E^{2}
$$

where $E$ is the amplitude of the electric vector. Since $\mu_{\mathrm{r}} \approx 1$, and the speed of light in vacuum $c=\frac{1}{\sqrt{\varepsilon_{0}} \mu_{0}}$, and the refractive index $n=\sqrt{\varepsilon_{\mathrm{r}} \mu_{\mathrm{r}}} \approx \sqrt{\varepsilon_{\mathrm{r}}}$, this can be rewritten as

$$
\bar{S}=\frac{1}{2 c \mu_{0}} n E^{2}
$$

Thus, the intensity is proportional to $n E^{2}$, and the intensity transmittance is

$$
T=\frac{\bar{S}_{2}}{\bar{S}_{1}}=\frac{n_{2}}{n_{1}} t^{2}
$$

The intensity transmittance for the $S$ and $P$ components is

$$
\begin{aligned}
& T_{S}=\frac{n_{2}}{n_{1}} t_{S}^{2}=n t_{S}^{2}=0.569 \\
& T_{P}=\frac{n_{2}}{n_{1}} t_{P}^{2}=n t_{P}^{2}=0.667
\end{aligned}
$$

The energy flow equals the intensity multiplied by the cross-sectional area of the beam, and the ratio of the cross-sectional areas of the refracted beam to the incident beam is $\frac{\cos \theta_{2}}{\cos \theta_{1}}$, so the energy flow transmittance is

$$
\bar{T}=\frac{\bar{S}_{2} \cos \theta_{2}}{\bar{S}_{1} \cos \theta_{1}}=\frac{n_{2} \cos \theta_{2}}{n_{1} \cos \theta_{1}} t^{2}=\frac{\cos \theta_{2}}{\cos \theta_{1}} T
$$

Substituting the values, the energy flow transmittance for the $S$ and $P$ components is

$$
\begin{gathered}
\bar{T}_{S}=\frac{\cos \theta_{2}}{\cos \theta_{1}} T_{S}=0.853 \\
\bar{T}_{P}=\frac{\cos \theta_{2}}{\cos \theta_{1}} T_{P}=1
\end{gathered}
$$

The fact that the energy flow transmittance $\bar{T}_{P}=1$ for the $P$ component is expected because, when light is incident at the Brewster's angle $\left(\theta_{1}=\theta_{B}\right)$, the reflected light does not contain any $P$ component, meaning the entire energy of the incident $P$ component is transmitted.",\boxed{2.2 \times 10^{-6}},NV,\mathrm{rad},False,EN,Practical Application
5456,Electromagnetism,Wave Optics,Diffraction,"Given that the formula for the focal length $f$ of a lens is $\frac{1}{f}=\frac{1}{d_{1}}+\frac{1}{d_{2}}$, and the outgoing wave is the product of the incident phase wave and $p_{L}$. Find the expression for the outgoing wave $u_{\mathrm{out}}$.","The outgoing wave is the product of the two aforementioned terms, resulting in

$$
u_{\mathrm{out}}=\exp \left[\mathrm{i} k\left(d_{2}+\frac{x^{2}+y^{2}}{2 d_{2}}\right)\right]
$$

This is a converging wave at a distance $d_{2}$ from the lens.",\boxed{u_{\mathrm{out}}=\exp \left[\mathrm{i} k\left(d_{2}+\frac{x^{2}+y^{2}}{2 d_{2}}\right)\right]},EX,,False,EN,
5457,Electromagnetism,Wave Optics,Interference,"Irradiate a Michelson interferometer with He-Ne laser light. After mirror $M_{1}$ is moved, only 10 bright fringes remain in the field of view. Determine the angular radius of the 5th bright fringe after the movement.","Let the angle of the 5th bright fringe from the center be $i^{\prime}$, then we have

$$
2(h - \Delta h) \cos i^{\prime} = \left[\left(k_{0} - 20\right) - 5\right] \lambda
$$

Substituting $k_{0}, h, \Delta h$, we get

$$
i^{\prime} = 0.7 \text{rad}
$$",\boxed{0.7},NV,\text{rad},False,EN,Practical Application
5458,Electromagnetism,Wave Optics,Polarization,"A beam of transmitted light passes through a Fabry-Prot etalon with an interference order of \( K' = \frac{2 n_{2} d_{2}}{\lambda} \). The relevant quantities for the etalon are given as \( R_{2}=0.80, d_{2}=0.125 \, \mathrm{mm}, n_{2}=1.665 \). Determine the interference order \( K' \) when \( \lambda=500 \, \mathrm{nm} \). Calculate the bandwidth \( \delta \lambda \) of the etalon, and provide the specific wavelength range of the light emitted from the Fabry-Prot etalon.","Typically, when natural light is reflected at the interface of two media, the reflected light is partially polarized. However, when the angle of incidence satisfies

$$
\theta_{B}=\arctan \frac{n_{1}}{n_{0}}
$$

where $n_{0}$ and $n_{1}$ are the refractive indices of the incident medium and the refractive medium respectively, the reflected light is linearly polarized with vibrations perpendicular to the plane of incidence. This angle $\theta_{B}$ is called the Brewster's angle or the polarization angle.

The calculations for $r, R, \bar{R}$, and $t, T, \bar{T}$ for the $S$ and $P$ components are based on Fresnel's equations. Because the angle of incidence is Brewster's angle, the sum of the angle of incidence and the angle of refraction is $\frac{\pi}{2}$. Intensity refers to the average energy flow density, which is the time average of the Poynting vector, while energy flow equals the intensity multiplied by the cross-sectional area of the beam. The reflected light and incident light are in the same medium, with equal cross-sectional areas, while the refracted light and incident light are in different media, with different cross-sectional areas, which is noteworthy.

1. According to Fresnel's equations, the amplitude reflectance $r_{s}$ and amplitude transmittance $t_{s}$ for the $S$ component are

$$
\begin{gathered}
r_{s}=\frac{n_{1} \cos \theta_{1}-n_{2} \cos \theta_{2}}{n_{1} \cos \theta_{1}+n_{2} \cos \theta_{2}}=-\frac{\sin \left(\theta_{1}-\theta_{2}\right)}{\sin \left(\theta_{1}+\theta_{2}\right)} \\
t_{s}=\frac{2 n_{1} \cos \theta_{1}}{n_{1} \cos \theta_{1}+n_{2} \cos \theta_{2}}=\frac{2 \sin \theta_{2} \cos \theta_{1}}{\sin \left(\theta_{1}+\theta_{2}\right)}
\end{gathered}
$$

The amplitude reflectance $r_{P}$ and amplitude transmittance $t_{P}$ for the $P$ component are

$$
\begin{gathered}
r_{P}=\frac{n_{2} \cos \theta_{1}-n_{1} \cos \theta_{2}}{n_{2} \cos \theta_{1}+n_{1} \cos \theta_{2}}=\frac{\tan \left(\theta_{1}-\theta_{2}\right)}{\tan \left(\theta_{1}+\theta_{2}\right)} \\
t_{P}=\frac{2 n_{1} \cos \theta_{1}}{n_{2} \cos \theta_{1}+n_{1} \cos \theta_{2}}=\frac{2 \cos \theta_{1} \sin \theta_{2}}{\sin \left(\theta_{1}+\theta_{2}\right) \cos \left(\theta_{1}-\theta_{2}\right)}
\end{gathered}
$$

where $n_{1}=1$, $n_{2}=n=1.50$, $\theta_{1}$ is the angle of incidence, and $\theta_{2}$ is the angle of refraction. Since the angle of incidence is the Brewster's angle, we have

$$
\theta_{1}=\theta_{B}=\arctan n=\arctan 1.50=56.3^{\circ}
$$

Additionally,

$$
\theta_{1}+\theta_{2}=\frac{\pi}{2}
$$

Substituting into the formulas for $r_{s}$ and $r_{p}$, we obtain

$$
\begin{gathered}
r_{s}=-\frac{\sin \left(56.3^{\circ}-33.7^{\circ}\right)}{\sin \left(56.3^{\circ}+33.7^{\circ}\right)}=-0.384 \\
r_{p}=0
\end{gathered}
$$

Since the reflected light and incident light are in the same medium with equal cross-sectional areas, the intensity reflectance $R_{S}$ and $R_{P}$, as well as the energy flow reflectance $\bar{R}_{S}$ and $\bar{R}_{P}$ for the $S$ and $P$ components respectively, are

$$
\begin{aligned}
& R_{S}=\left|r_{S}\right|^{2}=0.148, \quad R_{P}=0 \\
& \bar{R}_{S}=\left|r_{S}\right|^{2}=0.148, \quad \bar{R}_{P}=0
\end{aligned}
$$

For the refracted light, substituting $\theta_{1}$ and $\theta_{2}$ into $t_{s}$ and $t_{P}$, we have

$$
\begin{gathered}
t_{s}=\frac{2 \sin \theta_{2} \cos \theta_{1}}{\sin \left(\theta_{1}+\theta_{2}\right)}=\frac{2 \sin 33.7^{\circ} \cos 56.3^{\circ}}{\sin \frac{\pi}{2}}=0.616 \\
t_{P}=\frac{2 \cos \theta_{1} \sin \theta_{2}}{\sin \left(\theta_{1}+\theta_{2}\right) \cos \left(\theta_{1}-\theta_{2}\right)}=\frac{2 \cos 56.3^{\circ} \sin 33.7^{\circ}}{\cos \left(56.3^{\circ}-33.7^{\circ}\right)}=0.667
\end{gathered}
$$

Since the refracted light and incident light are in different media with different cross-sectional areas, the intensity transmittance and energy flow transmittance are not simply equal to the square of the amplitude transmittance. The intensity refers to the average energy flow density, which is the time average of the Poynting vector, given by

$$
\widetilde{S}=\frac{1}{2} \sqrt{\frac{\varepsilon_{0} \varepsilon_{\mathrm{r}}}{\mu_{0} \mu_{\mathrm{r}}}} E^{2}
$$

where $E$ is the amplitude of the electric vector. Since $\mu_{\mathrm{r}} \approx 1$, and the speed of light in vacuum $c=\frac{1}{\sqrt{\varepsilon_{0}} \mu_{0}}$, and the refractive index $n=\sqrt{\varepsilon_{\mathrm{r}} \mu_{\mathrm{r}}} \approx \sqrt{\varepsilon_{\mathrm{r}}}$, this can be rewritten as

$$
\bar{S}=\frac{1}{2 c \mu_{0}} n E^{2}
$$

Thus, the intensity is proportional to $n E^{2}$, and the intensity transmittance is

$$
T=\frac{\bar{S}_{2}}{\bar{S}_{1}}=\frac{n_{2}}{n_{1}} t^{2}
$$

The intensity transmittance for the $S$ and $P$ components is

$$
\begin{aligned}
& T_{S}=\frac{n_{2}}{n_{1}} t_{S}^{2}=n t_{S}^{2}=0.569 \\
& T_{P}=\frac{n_{2}}{n_{1}} t_{P}^{2}=n t_{P}^{2}=0.667
\end{aligned}
$$

The energy flow equals the intensity multiplied by the cross-sectional area of the beam, and the ratio of the cross-sectional areas of the refracted beam to the incident beam is $\frac{\cos \theta_{2}}{\cos \theta_{1}}$, so the energy flow transmittance is

$$
\bar{T}=\frac{\bar{S}_{2} \cos \theta_{2}}{\bar{S}_{1} \cos \theta_{1}}=\frac{n_{2} \cos \theta_{2}}{n_{1} \cos \theta_{1}} t^{2}=\frac{\cos \theta_{2}}{\cos \theta_{1}} T
$$

Substituting the values, the energy flow transmittance for the $S$ and $P$ components is

$$
\begin{gathered}
\bar{T}_{S}=\frac{\cos \theta_{2}}{\cos \theta_{1}} T_{S}=0.853 \\
\bar{T}_{P}=\frac{\cos \theta_{2}}{\cos \theta_{1}} T_{P}=1
\end{gathered}
$$

The fact that the energy flow transmittance $\bar{T}_{P}=1$ for the $P$ component is expected because, when light is incident at the Brewster's angle $\left(\theta_{1}=\theta_{B}\right)$, the reflected light does not contain any $P$ component, meaning the entire energy of the incident $P$ component is transmitted.","\boxed{832.5, 0.044, (500.278, 500.322), (499.678, 499.722)}","NV, NV, IN, IN","None, \mathrm{nm}, \mathrm{nm}, \mathrm{nm}",True,EN,Laws Application
5460,Electromagnetism,Wave Optics,Polarization,"A beam of linearly polarized light is incident perpendicularly upon a magneto-optical medium plate, with a thickness of \( L \). The direction of the light is aligned with the magnetic field in the medium. The refractive index of the medium is given by

\[
n_{\mathrm{R}}(\omega) = 1 - \frac{K}{\omega(\omega + \Omega)}
\]

where \( K \) and \( \Omega \) are constants, and \( \omega \) is the angular frequency of the light. Determine the rotation angle of the polarization plane of the right circularly polarized component of the light after it passes through the medium.","Linearly polarized light can be considered as a combination of left circularly polarized light and right circularly polarized light. Since the refractive index for the right circularly polarized light differs in the medium, the angle \(\Delta_{\mathrm{R}}\) by which the right circular component's polarization plane rotates after traveling through the medium of thickness \( L \) is given by,

\[
\Delta_{\mathrm{R}} = n_{\mathrm{R}} \frac{2 \pi L}{\lambda}
\]

where \( \lambda \) is the wavelength of the light in the medium.",\boxed{\Delta_{\mathrm{R}} = n_{\mathrm{R}} \frac{2 \pi L}{\lambda}},EX,,False,EN,Laws Application
5461,Electromagnetism,Wave Optics,Diffraction,"A camera sensitive to visible light (with a focal length of 50 cm) is focused clearly on a star, and then, without refocusing, it photographs an object located at 100 meters. Given that the aperture of this camera is $D$, use the relationship of similar triangles to calculate the diameter $d$ of the light spot formed on the film from a luminous point on the optical axis. What should the aperture $D$ be approximately to ensure the highest resolution for the object? Express $D$ in centimeters.","Using the relationship of similar triangles, we have:
$$
\frac{d}{D} = \frac{v-f}{v}
$$
Therefore:
$$
\begin{aligned}
D & = \sqrt{1.22 \lambda u} \approx \sqrt{1.22 \times 0.5 \times 10^{-4} \times 100 \times 10^{2}} \\
& = 0.78 \, \text{cm}
\end{aligned}
$$",\boxed{0.78},NV,\text{cm},False,EN,Practical Application
5464,Electromagnetism,Wave Optics,Interference,"In a Michelson interferometer, one arm (mirror) is moved at a constant speed \( v \). A lens is used to converge the interference fringes onto a photodetector, converting changes in light intensity into an electrical signal. Assume the electrical signal \( i \) responds linearly to the light intensity \( I \), with a zero baseline. Through spectral analysis, the measured electrical signal can be expressed as

\[ 
i(t) = i_{0} + i_{1} \cos \omega_{1} t + i_{2} \cos \omega_{2} t 
\]

Determine the incident spectrum, namely how many wavelength components it contains and their relative intensities. Also, find the visibility achieved by this interferometer in a two-beam interference setup.","If the incident wavelength is \( \lambda \), then the time frequency of the electrical signal is

\[ 
\nu = \frac{2v}{\lambda} 
\]

Since the current electrical signal contains two angular frequencies \( \omega_{1}, \omega_{2} \), the incident light spectrum contains two lines, with their wavelengths given by

\[ 
\begin{aligned} 
& \lambda_{1} = \frac{2v}{\nu_{1}} = \frac{4\pi v}{\omega_{1}} \\ 
& \lambda_{2} = \frac{2v}{\nu_{2}} = \frac{4\pi v}{\omega_{2}} 
\end{aligned} 
\]

Let the intensities of these two spectral lines be \( I_{10}, I_{20} \). Neglecting the loss of light intensity caused by the elements of the interferometer in the optical path conversion process, the combined intensity of the interference field should be

\[ 
\begin{aligned} 
I(t) & = I_{10}\left(1 + \gamma \cos \omega_{1} t \right) + I_{20}\left(1 + \gamma \cos \omega_{2} t \right) \\ 
& = \left(I_{10} + I_{20}\right) + \gamma I_{10} \cos \omega_{1} t + \gamma I_{20} \cos \omega_{2} t 
\end{aligned} 
\]

Comparing with the three coefficients in the electrical signal, we have

\[ 
i_{0} \propto \left(I_{10} + I_{20}\right), \quad i_{1} \propto \gamma I_{10}, \quad i_{2} \propto \gamma I_{20} 
\]

Thus, the relative intensity of the two spectral lines is given by

\[ 
\frac{I_{20}}{I_{10}} = \frac{i_{2}}{i_{1}} 
\]

The visibility achieved by the interferometer in two-beam interference is

\[ 
\gamma = \frac{i_{1} + i_{2}}{i_{0}} 
\]","\boxed{\lambda_{1} = \frac{4\pi v}{\omega_{1}}, \lambda_{2} = \frac{4\pi v}{\omega_{2}}, \frac{I_{20}}{I_{10}} = \frac{i_{2}}{i_{1}}, \gamma = \frac{i_{1} + i_{2}}{i_{0}}}",EX,,True,EN,Math Derivation
5466,Electromagnetism,Wave Optics,Diffraction,"Calculate the magnification for the plane $\Pi^{\prime}$. Assume an inverted image is formed on this plane, and analyze the intensity of the field.","From the previous discussion, we know $\frac{1}{d_{0}} + \frac{1}{d} - \frac{1}{f} = 0$. Assuming the field outside the lens aperture is zero and the size of the lens does not limit the spectrum of the incoming light, i.e., when $\left|x_{0}\right| > a$ (where $a$ is the lens size), $\mathscr{F}(\omega) = 0$, the integral above becomes the inverse Fourier transform:

$$
V_{d} = \frac{\exp \left[i k \frac{x_{d}^{2} + y_{d}^{2}}{2 d}\right]}{\lambda^{2} d d_{0}} \int_{-\infty}^{\infty} \mathscr{F}\left(\omega_{x}, \omega_{y}\right) \exp \left[-i k \frac{x_{0} x_{d} + y_{0} y_{d}}{d}\right] \mathrm{d} x_{0} \mathrm{~d} y_{0}
$$

By performing the inverse Fourier transform and variable substitution, we have:

$$
\frac{x_{0}}{d_{0}} = -\frac{x_{d}}{d}, \quad \mathrm{d} x_{0} = d_{0} \frac{\lambda}{2 \pi}\left(\mathrm{~d} \omega_{x}\right), \quad \mathrm{d} y_{0} = d_{0} \frac{\lambda}{2 \pi}\left(\mathrm{~d} \omega_{y}\right)
$$

Thus, the integral takes the following form:

$$
\begin{aligned}
& \frac{1}{4 \pi^{2}} \int_{-\infty}^{\infty} \mathscr{F}\left(\omega_{x}, \omega_{y}\right) \exp \left[i\left(\omega_{x} x + \omega_{y} y\right)\right] \mathrm{d} \omega_{x} \mathrm{~d} \omega_{y} \\
& \quad = t(x, y) \exp \left[i k \frac{x^{2} + y^{2}}{2 d_{0}}\right]
\end{aligned}
$$

Thus, we obtain:

$$
V_{d} = \frac{\exp \left[i k \frac{x_{d}^{2} + y_{d}^{2}}{2 d}\right] \exp \left[i k \frac{x^{2} + y^{2}}{2 d_{0}}\right]}{d / d_{0}} t(x, y)
$$

Considering the relationship between $x_{0}$ and $x_{d}$, we get:

$$
\left|V_{d}\right| = \frac{d_{0}}{d}\left|t\left(-x_{d} \frac{d_{0}}{d}, -y_{d} \frac{d_{0}}{d}\right)\right|
$$

Thus, an inverted image of the object is obtained on the image plane, magnified by $M$ times: $M = d / d_{0}$ is the magnification of the system.",\boxed{M = \frac{d}{d_{0}}},EQ,,False,EN,Math Derivation
5467,Electromagnetism,Wave Optics,Polarization,"Calculate the resolving power of a Fabry-Prot talon. The given parameters are the reflectance R = 0.9, the distance between the plates h = 2 cm, and the wavelength  = 5000 .","Typically, when natural light is reflected at the interface of two media, the reflected light is partially polarized. However, when the angle of incidence satisfies

$$
\theta_{B}=\arctan \frac{n_{1}}{n_{0}}
$$

where $n_{0}$ and $n_{1}$ are the refractive indices of the incident medium and the refractive medium respectively, the reflected light is linearly polarized with vibrations perpendicular to the plane of incidence. This angle $\theta_{B}$ is called the Brewster's angle or the polarization angle.

The calculations for $r, R, \bar{R}$, and $t, T, \bar{T}$ for the $S$ and $P$ components are based on Fresnel's equations. Because the angle of incidence is Brewster's angle, the sum of the angle of incidence and the angle of refraction is $\frac{\pi}{2}$. Intensity refers to the average energy flow density, which is the time average of the Poynting vector, while energy flow equals the intensity multiplied by the cross-sectional area of the beam. The reflected light and incident light are in the same medium, with equal cross-sectional areas, while the refracted light and incident light are in different media, with different cross-sectional areas, which is noteworthy.

1. According to Fresnel's equations, the amplitude reflectance $r_{s}$ and amplitude transmittance $t_{s}$ for the $S$ component are

$$
\begin{gathered}
r_{s}=\frac{n_{1} \cos \theta_{1}-n_{2} \cos \theta_{2}}{n_{1} \cos \theta_{1}+n_{2} \cos \theta_{2}}=-\frac{\sin \left(\theta_{1}-\theta_{2}\right)}{\sin \left(\theta_{1}+\theta_{2}\right)} \\
t_{s}=\frac{2 n_{1} \cos \theta_{1}}{n_{1} \cos \theta_{1}+n_{2} \cos \theta_{2}}=\frac{2 \sin \theta_{2} \cos \theta_{1}}{\sin \left(\theta_{1}+\theta_{2}\right)}
\end{gathered}
$$

The amplitude reflectance $r_{P}$ and amplitude transmittance $t_{P}$ for the $P$ component are

$$
\begin{gathered}
r_{P}=\frac{n_{2} \cos \theta_{1}-n_{1} \cos \theta_{2}}{n_{2} \cos \theta_{1}+n_{1} \cos \theta_{2}}=\frac{\tan \left(\theta_{1}-\theta_{2}\right)}{\tan \left(\theta_{1}+\theta_{2}\right)} \\
t_{P}=\frac{2 n_{1} \cos \theta_{1}}{n_{2} \cos \theta_{1}+n_{1} \cos \theta_{2}}=\frac{2 \cos \theta_{1} \sin \theta_{2}}{\sin \left(\theta_{1}+\theta_{2}\right) \cos \left(\theta_{1}-\theta_{2}\right)}
\end{gathered}
$$

where $n_{1}=1$, $n_{2}=n=1.50$, $\theta_{1}$ is the angle of incidence, and $\theta_{2}$ is the angle of refraction. Since the angle of incidence is the Brewster's angle, we have

$$
\theta_{1}=\theta_{B}=\arctan n=\arctan 1.50=56.3^{\circ}
$$

Additionally,

$$
\theta_{1}+\theta_{2}=\frac{\pi}{2}
$$

Substituting into the formulas for $r_{s}$ and $r_{p}$, we obtain

$$
\begin{gathered}
r_{s}=-\frac{\sin \left(56.3^{\circ}-33.7^{\circ}\right)}{\sin \left(56.3^{\circ}+33.7^{\circ}\right)}=-0.384 \\
r_{p}=0
\end{gathered}
$$

Since the reflected light and incident light are in the same medium with equal cross-sectional areas, the intensity reflectance $R_{S}$ and $R_{P}$, as well as the energy flow reflectance $\bar{R}_{S}$ and $\bar{R}_{P}$ for the $S$ and $P$ components respectively, are

$$
\begin{aligned}
& R_{S}=\left|r_{S}\right|^{2}=0.148, \quad R_{P}=0 \\
& \bar{R}_{S}=\left|r_{S}\right|^{2}=0.148, \quad \bar{R}_{P}=0
\end{aligned}
$$

For the refracted light, substituting $\theta_{1}$ and $\theta_{2}$ into $t_{s}$ and $t_{P}$, we have

$$
\begin{gathered}
t_{s}=\frac{2 \sin \theta_{2} \cos \theta_{1}}{\sin \left(\theta_{1}+\theta_{2}\right)}=\frac{2 \sin 33.7^{\circ} \cos 56.3^{\circ}}{\sin \frac{\pi}{2}}=0.616 \\
t_{P}=\frac{2 \cos \theta_{1} \sin \theta_{2}}{\sin \left(\theta_{1}+\theta_{2}\right) \cos \left(\theta_{1}-\theta_{2}\right)}=\frac{2 \cos 56.3^{\circ} \sin 33.7^{\circ}}{\cos \left(56.3^{\circ}-33.7^{\circ}\right)}=0.667
\end{gathered}
$$

Since the refracted light and incident light are in different media with different cross-sectional areas, the intensity transmittance and energy flow transmittance are not simply equal to the square of the amplitude transmittance. The intensity refers to the average energy flow density, which is the time average of the Poynting vector, given by

$$
\widetilde{S}=\frac{1}{2} \sqrt{\frac{\varepsilon_{0} \varepsilon_{\mathrm{r}}}{\mu_{0} \mu_{\mathrm{r}}}} E^{2}
$$

where $E$ is the amplitude of the electric vector. Since $\mu_{\mathrm{r}} \approx 1$, and the speed of light in vacuum $c=\frac{1}{\sqrt{\varepsilon_{0}} \mu_{0}}$, and the refractive index $n=\sqrt{\varepsilon_{\mathrm{r}} \mu_{\mathrm{r}}} \approx \sqrt{\varepsilon_{\mathrm{r}}}$, this can be rewritten as

$$
\bar{S}=\frac{1}{2 c \mu_{0}} n E^{2}
$$

Thus, the intensity is proportional to $n E^{2}$, and the intensity transmittance is

$$
T=\frac{\bar{S}_{2}}{\bar{S}_{1}}=\frac{n_{2}}{n_{1}} t^{2}
$$

The intensity transmittance for the $S$ and $P$ components is

$$
\begin{aligned}
& T_{S}=\frac{n_{2}}{n_{1}} t_{S}^{2}=n t_{S}^{2}=0.569 \\
& T_{P}=\frac{n_{2}}{n_{1}} t_{P}^{2}=n t_{P}^{2}=0.667
\end{aligned}
$$

The energy flow equals the intensity multiplied by the cross-sectional area of the beam, and the ratio of the cross-sectional areas of the refracted beam to the incident beam is $\frac{\cos \theta_{2}}{\cos \theta_{1}}$, so the energy flow transmittance is

$$
\bar{T}=\frac{\bar{S}_{2} \cos \theta_{2}}{\bar{S}_{1} \cos \theta_{1}}=\frac{n_{2} \cos \theta_{2}}{n_{1} \cos \theta_{1}} t^{2}=\frac{\cos \theta_{2}}{\cos \theta_{1}} T
$$

Substituting the values, the energy flow transmittance for the $S$ and $P$ components is

$$
\begin{gathered}
\bar{T}_{S}=\frac{\cos \theta_{2}}{\cos \theta_{1}} T_{S}=0.853 \\
\bar{T}_{P}=\frac{\cos \theta_{2}}{\cos \theta_{1}} T_{P}=1
\end{gathered}
$$

The fact that the energy flow transmittance $\bar{T}_{P}=1$ for the $P$ component is expected because, when light is incident at the Brewster's angle $\left(\theta_{1}=\theta_{B}\right)$, the reflected light does not contain any $P$ component, meaning the entire energy of the incident $P$ component is transmitted.",\boxed{1.18 \times 10^{6}},NV,,False,EN,Laws Application
5468,Electromagnetism,Wave Optics,Diffraction,"An object with a transmission function $t(x, y)$ is placed on the front focal plane of a lens. Use the Kirchhoff-Fresnel integral to calculate the complex amplitude on the rear focal plane of the lens. The frequency of the incident light is:

$$
\omega_{x}=k \frac{x_{f}}{f}, \quad \omega_{y}=k \frac{y_{f}}{f}
$$","To calculate the complex amplitude on the rear focal plane of the lens, we utilize the Kirchhoff-Fresnel integral

$$
\begin{aligned}
& V_{f}\left(x_{f}, y_{f}\right)=\frac{\exp \left(\mathrm{i} k \frac{x_{f}^{2}+y_{f}^{2}}{2 f}\right)}{\mathrm{i} \lambda f} \iint_{\text{aperture}} V_{l}\left(x_{i}, y_{i}\right) \\
& \times \exp \left(-\mathrm{i} k \frac{x_{i} x_{f}+y_{i} y_{f}}{f}\right) \mathrm{d} x_{i} \mathrm{~d} y_{i}
\end{aligned}
$$

where $x_{i}, y_{i}$ are the coordinates on the lens plane, and $x_{f}, y_{f}$ are the coordinates on the observation plane. $V_{l}\left(x_{i}, y_{i}\right)$ is the complex amplitude of the light incident on the lens. Here, the quadratic phase factor has disappeared because the transmission function of the lens $t_{i}\left(x_{i}, y_{i}\right)= \exp \left(-\mathrm{i} k \frac{x_{i}^{2}+y_{i}^{2}}{2 f}\right)$ . We assume that the transmission function is non-zero only within the aperture of the lens, thereby allowing the diffraction aperture integration to extend to infinity. The integral represents the Fourier spectrum of the light incident on the lens, for frequencies

$$
\omega_{x}=k \frac{x_{f}}{f}, \quad \omega_{y}=k \frac{y_{f}}{f}
$$

we obtain

$$
V_{f}\left(x_{f}, y_{f}\right)=\frac{\exp \left(\mathrm{i} k \frac{x_{f}^{2}+y_{f}^{2}}{2 f}\right)}{\mathrm{i} \lambda f} \mathscr{F}_{i}\left(\omega_{x}, \omega_{y}\right)=\frac{1}{\mathrm{i} \lambda f} \mathscr{F}_{0}\left(\omega_{x}, \omega_{y}\right)
$$","\boxed{\frac{1}{\mathrm{i} \lambda f} \mathscr{F}_{0}\left(\omega_{x}, \omega_{y}\right)}",EX,,False,EN,Math Derivation
5469,Electromagnetism,Wave Optics,Polarization,"A crystal plate is inserted between two orthogonal Nicol prisms \(N_{1}\) and \(N_{2}\), with the principal section \(zz^{\prime}\) forming an angle \(\theta=15^{\circ}\) with the first Nicol prism \(N_{1}\). The refractive indices for the ordinary and extraordinary rays through the crystal plate for light of wavelength \(\lambda\) are \(n_{o}\) and \(n_{e}\) respectively. If the light intensity through the second Nicol prism is maximum, determine the ratio of the transmitted light intensity to the incident light intensity. Given \(\lambda=0.600 \, \mu \mathrm{m}, n_{o}=1.543, n_{e}=1.552\).","From the problem, the amplitude of the light passing through the wave plate is given by

\[
A_{2e} = A_{2o} = A \cos \theta \sin \theta
\]

where \(A\) is the amplitude of the linearly polarized light transmitted through \(N_{1}\), and \(A^{2} = \frac{1}{2} I_{0}\), with \(I_{0}\) being the intensity of the incident light.

\[
\begin{aligned}
I_{\text{out}} & = \left(A_{2e} + A_{2o}\right)^{2} = (2 A \cos \theta \cdot \sin \theta)^{2} \\
& = A^{2} \sin^{2} 2 \theta = \frac{1}{2} I_{0} \sin^{2} 2 \theta
\end{aligned}
\]

where \(I_{0}\) is the intensity of the light incident on the system, and \(I_{\text{out}}\) is the intensity of the exiting light.

\[
\frac{I_{\text{out}}}{I_{0}} = \frac{1}{2} \sin^{2} 2 \theta
\]

Substitute \(\theta = 15^{\circ}\)

\[
\frac{I_{\text{out}}}{I_{0}} = \frac{1}{8}
\]",\boxed{\frac{1}{8}},NV,,False,EN,Laws Application
5470,Electromagnetism,Wave Optics,Polarization,"Linearly polarized light with a wavelength of $\lambda = 500 \text{ nm}$ propagates along the $z$ direction, with its electric vector making an angle of $45^\circ$ with the $x$-axis. This light passes through a Kerr cell of length $l = 1.0 \text{ cm}$, where the medium inside becomes anisotropic under the influence of an electric field in the $x$ direction, leading to a difference in principal refractive indices given by:

$$
n_{x} - n_{y} = K E^{2}
$$

Here, $E$ is the electric field strength, with the proportionality constant $K = 2.5 \times 10^{-6} \text{ m}^{2}/\text{V}^{2}$, and $n_{x}$ and $n_{y}$ are the refractive indices for vibrations along the $x$ and $y$ directions, respectively. This Kerr cell is placed after the double slit in a Young's interference setup, with an electric field applied to the upper half of the Kerr cell in the $x$ direction, while the lower half's electric field remains zero. By continuously varying the electric field strength of the upper half, the contrast of the interference fringes on the screen will exhibit periodic changes. Neglect the deviation of light refraction in the Kerr cell. Determine the conditions for contrast $\gamma = 0$ and $\gamma = 1$.","As shown in Figure 2, the light emerging from the upper half of the Kerr cell is generally elliptically polarized, with special cases resulting in linearly polarized light. The light from the lower half of the Kerr cell remains linearly polarized, with its vibration direction consistent with the incident linearly polarized light (since $E = 0$, the medium is non-birefringent). If the light beam from the upper half is linearly polarized and its vibration direction is perpendicular to that of the incident light, the upper and lower beams do not interfere, giving a contrast $\gamma = 0$. If the vibration directions of the upper and lower beams are the same, interference occurs, and with equal amplitudes, the contrast $\gamma = 1$.

When

$$
\delta = (2k + 1) \pi
$$

the vibration directions of the upper and lower beams are perpendicular, resulting in no interference, thus the contrast

$$
\gamma = 0
$$

at this condition:

$$
\begin{gathered}
\delta = \frac{2 \pi}{\lambda} K E^{2} l = (2k + 1) \pi \\
E^{2} = \left(k + \frac{1}{2}\right) \frac{\lambda}{K l} = 20\left(k + \frac{1}{2}\right) \text{ V}^{2}/\text{m}^{2}, \quad k = 0, 1, 2, \ldots \\
E = \sqrt{20\left(k + \frac{1}{2}\right)} \text{ V}/\text{m}
\end{gathered}
$$

When

$$
\delta = 2k \pi
$$

the vibration directions of the upper beam align with that of the incident light, meaning the upper and lower beams vibrate in the same direction, leading to interference and contrast

$$
\gamma = 1
$$

at this condition:

$$
\begin{gathered}
\delta = \frac{2 \pi}{\lambda} K E^{2} l = 2k \pi \\
E^{2} = k \frac{\lambda}{K l} = 20k \text{ V}^{2}/\text{m}^{2}, \quad k = 0, 1, 2, \ldots \\
E = \sqrt{20k} \text{ V}/\text{m}
\end{gathered}
$$

For other values of $E$, the contrast $\gamma$ lies between 0 and 1. As $E$ increases continuously from zero, the contrast $\gamma$ changes from 1 to 0, then back from 0 to 1, periodically. The process shows that the solution is independent of the angle between the polarization direction of the incident light and the $x$-axis.","\boxed{E=\sqrt{20\left(k+\frac{1}{2}\right)}, E=\sqrt{20 k}}","EQ, EQ","\mathrm{V} / \mathrm{m}, \mathrm{V} / \mathrm{m}",True,EN,
5473,Electromagnetism,Wave Optics,Diffraction,Find the light field distribution after Fresnel propagation for a monochromatic plane wave incident on a periodic object with an amplitude transmittance of \( T(\xi) = \cos\left(\frac{2\pi \xi}{\xi_0}\right) \).,"It has been demonstrated in problem 2.156 that Fresnel propagation is a convolution operation. For a one-dimensional object, it can be written as

\[ 
u(x, y, z) = C\left(\frac{\mathrm{i}}{\lambda z}\right)^{1/2} \mathrm{e}^{-\mathrm{i} k z} \int_{-\infty}^{\infty} T(\xi) \exp\left[-\mathrm{i} \frac{k}{2z}(x-\xi)^2 \right] \mathrm{d}\xi 
\]

Substituting the expression \( T(\xi) = \cos\left(\frac{2\pi \xi}{\xi_0}\right) \) yields

\[
u(x, z) = C \mathrm{e}^{-\mathrm{i} k x} \exp\left(\mathrm{i} \frac{\pi \lambda z}{\xi_0^2}\right) \cos\left(\frac{2 \pi x}{\xi_0}\right) 
\]

The intensity distribution is

\[
I(x, z) = C^2 \cos^2\left(\frac{2 \pi x}{\xi_0}\right)
\]",\boxed{C^2 \cos^2\left(\frac{2 \pi x}{\xi_0}\right)},EX,,False,EN,Laws Application
5474,Electromagnetism,Wave Optics,Interference,"A light source located at the origin of a coordinate system emits spherical waves with an amplitude of \( E_{1} = A \frac{D}{r} \cos \left(\omega t - \frac{2 \pi r}{\lambda}\right) \), where \( r \) is the distance from the origin, and \( D \) is the distance from the observation screen to the origin. There is also a plane wave propagating along the \( x \)-axis with an amplitude of \( E_{2} = A \cos \left(\omega t - \frac{2 \pi x}{\lambda}\right) \). Determine the light intensity distribution on the screen. On the screen, take the direction perpendicular to the \( x \)-axis as the \( y \)-axis, with the observation range being \( y \ll D \).","The coherent superposition of the two waves yields

\[ 
E = E_{1} + E_{2} = A \left[ \frac{D}{r} \cos \left(\omega t - \frac{2 \pi r}{\lambda}\right) + \cos \left(\omega t - \frac{2 \pi x}{\lambda}\right) \right] 
\]

On the screen, \( x = D \) and \( \frac{D}{r} \approx 1 \), we have

\[ 
r = \sqrt{D^{2} + y^{2}} \approx D\left(1 + \frac{y^{2}}{2 D^{2}}\right)
\]

Thus,

\[
\begin{gathered}
E = A \left[ \cos \left( \omega t - \frac{2 \pi D\left(1 + \frac{y^{2}}{2 D^{2}}\right)/\lambda \right) + \cos \left( \omega t - \frac{2 \pi D/\lambda \right) } \right] \\
= 2 A \cos \left( \frac{\pi y^{2}}{D \lambda} \right) \cdot \cos \left( \omega t - \frac{2 \pi D\left(1 + \frac{y^{2}}{4 D^{2}}\right)/\lambda \right) \\
I = E^{2} \propto \cos^2 \left( \frac{\pi y^{2}}{D \lambda} \right)
\end{gathered}
\]",\boxed{I \propto \cos^2 \left(\frac{\pi y^{2}}{D \lambda}\right)},EX,,False,EN,Math Derivation
5475,Electromagnetism,Wave Optics,Polarization,"Sodium light enters a quartz prism with an apex angle of $60^{\circ}$ under the condition of minimum deviation. The optic axis of the prism is parallel to the base. It is known that the refractive index of quartz for sodium yellow light is $n=1.544$, and the difference in refractive indexes for left-handed and right-handed circularly polarized light is $\Delta n=n_{\mathrm{L}}-n_{\mathrm{R}}=7.121 \times 10^{-5}$. Calculate the angle between the emergent left-handed and right-handed polarized light.","$\Delta n \approx 7.121 \times 10^{-5}$; for the $R$ and $L$ signals, there are different deviation angles $\delta_{\mathrm{L}}$ and $\delta_{\mathrm{R}}$, respectively. Finally, the angle between the propagation directions of the emergent left-handed and right-handed circularly polarized light is

$$
\Delta \delta \approx \frac{\Delta n}{2 \cos i} \approx 5.6 \times 10^{-5} \text{ rad} \approx 11.4''
$$",\boxed{11.4},NV,\text{arcseconds},False,EN,Practical Application
5477,Electromagnetism,Wave Optics,Polarization,"Sodium light enters a quartz prism with an apex angle of $60^{\circ}$ under the condition of minimum deviation angle, with the optical axis of the prism parallel to the base. Determine the deviation angle $\delta_{\mathrm{R}}$ for the right-handed circularly polarized light upon emergence. Given that the refractive index of quartz for sodium yellow light is $n=1.544$, and the difference in refractive indices for left-handed and right-handed circularly polarized light is $\Delta n=n_{\mathrm{L}}-n_{\mathrm{R}}=7.121 \times 10^{-5}$. For right-handed quartz, $n_{\mathrm{R}} < n_{\mathrm{L}}$.","As shown in the figure, ""incident at minimum deviation angle"" means selecting the appropriate angle of incidence such that the light, after passing through the first refracting surface, travels parallel to the base of the prism. In this problem, the base of the prism is parallel to the optical axis, so the light will propagate along the optical axis inside the prism. It will be decomposed into left-handed and right-handed light, with refractive indices $n_{\mathrm{L}}$ and $n_{\mathrm{R}}$, respectively. Considering that at the second refracting surface the angle of incidence for the $R$ light is approximately $\left(90^{\circ}-60^{\circ}\right)=30^{\circ}$, applying Snell's law yields:

$$
n_{\mathrm{R}} \sin 30^{\circ} = \sin i_{\mathrm{R}}
$$

And 

$$
2 \sin \left(\frac{i_{\mathrm{L}} - i_{\mathrm{R}}}{2}\right) \cos \left(\frac{i_{\mathrm{L}} + i_{\mathrm{R}}}{2}\right) = \frac{1}{2} \Delta n
$$

where

$$
\cos \left(\frac{i_{\mathrm{L}} + i_{\mathrm{R}}}{2}\right) \approx \cos i = \sqrt{1-\sin^2 i} = \sqrt{1 - (n \sin 30^{\circ})^2} =\sqrt{1-(1.544 \times 0.5)^2} \approx 0.6356
$$ 

Thus, $\delta_{\mathrm{R}}$ is a solution for the deviation angle constrained by these conditions.",\boxed{\delta_{\mathrm{R}}},EX,,False,EN,Laws Application
5478,Electromagnetism,Wave Optics,Diffraction,"Optical apodization is a method to enhance the resolving power of an optical system by altering the energy distribution of the diffraction pattern of an image spot through changes to the diffraction aperture function of the optical system. If the amplitude transmittance of a slit from \(-\frac{b}{2}\) to \(+\frac{b}{2}\) is modulated by a cosine function \(\cos \pi \frac{x}{b}\), where \(b\) is the slit width, calculate the position of the \(n\)-th-order minimum of the Fraunhofer diffraction pattern for the single slit, and compare it with the position of the \(n\)-th-order minimum of the diffraction fringes before apodization.","After apodization, the resultant amplitude at a point \(P\) in the focal plane of the lens in a Fraunhofer single-slit diffraction setup is

$$
\begin{aligned}
A(\nu) & = \int_{-b/2}^{b/2} \mathrm{e}^{\mathrm{i} \nu x} \cos \left(\frac{\pi x}{b}\right) \mathrm{d} x \\
& = \cos \left(\frac{\nu b}{2}\right)\left(\frac{1}{\nu-\frac{\pi}{b}}-\frac{1}{\nu+\frac{\pi}{b}}\right).
\end{aligned}
$$

where \(\nu = k \sin \theta\).  
The position of the \(n\)-th-order minimum in the diffraction intensity (zero intensity) is determined by the following equation:

$$
\frac{\nu b}{2} = \frac{\pi b}{\lambda} \sin \theta_{n} = \frac{\pi}{2}(2n + 1).
$$

Solving this gives

$$
\sin \theta_{n} = \frac{\lambda}{2b}(2n + 1).
$$

Before apodization, the resultant amplitude is

$$
A = b \frac{\sin \left(\frac{1}{2} \nu b\right)}{\frac{1}{2} \nu b}.
$$

The angular position of the \(n\)-th-order minimum in intensity is \(\sin \theta_{n} = \frac{n \lambda}{b}\), thus

$$
(\sin \theta)_{\text{apodized}} - (\sin \theta)_{\text{unapodized}} = \frac{\lambda}{2b}.
$$

That is, after modulation, the position of each minimum shifts outward by this distance.

(See image 1) 

Figure 1",\boxed{\frac{\lambda}{2b}(2n + 1)},NV,,False,EN,Math Derivation
5479,Electromagnetism,Wave Optics,Interference,"Assume a coastal city plans to establish a television station on the shore. Since there are no residents in the sea, the goal is to focus the signal in residential areas of the city. To achieve this, two antennas are set up at a quarter-wavelength apart to exploit interference effects. The radio wave emitted by antenna \( S_{1} \) lags behind \( S_{2} \), with a phase difference of \( \frac{\pi}{2} \). It is known that the phase difference of the two vibrations received at any location \( P \) in the city area is \( \delta = \frac{\pi}{2} \sin \theta - \frac{\pi}{2} \). Determine the electromagnetic wave intensity distribution in the \( Oxy \) plane.","The electromagnetic wave intensity distribution in the \( Oxy \) plane is

$$
I(\theta) = I_{0} \cos^{2}(\delta / 2) = I_{0} \cos^{2}\left(\frac{\pi}{4} \sin \theta - \frac{\pi}{4}\right)
$$

In the positive \( x \) direction, when \( \theta = 90^{\circ} \), then \( \delta = 0 \), so \( I(90^{\circ}) = I_{0} \), representing a maximum intensity. In the negative \( x \) direction, when \( \theta = -90^{\circ} \), then \( \delta = -\pi \), so \( I = 0 \). The distribution of electromagnetic wave intensity in the \( Oxy \) plane is as shown in Figure 2.",\boxed{I(\theta) = I_{0} \cos^{2}\left(\frac{\pi}{4} \sin \theta - \frac{\pi}{4}\right)},EX,,False,EN,Practical Application
5481,Electromagnetism,Wave Optics,Polarization,"Consider a crystal prism with an apex angle of $60^{\circ}$, where the optical axis is perpendicular to the principal section of the prism. Light of ordinary (o) ray and extraordinary (e) ray are incident in the direction of minimum deviation. Find the angular separation $\Delta i$ between the two emergent light beams.","It is noteworthy that, strictly speaking, the angle of incidence for a light beam cannot simultaneously satisfy the conditions for the minimum deviation for both the ordinary (o) ray and the extraordinary (e) ray. In practice, it can be approximated by making the light beam incident at the average of $i_{1o}$ and $i_{1e}$. In such a case, the angular separation between the two emergent light beams is

$$
\Delta i=i_{1e} - i_{1o} \approx 0.41^{\circ} \approx 7.16 \times 10^{-3} \ \mathrm{rad}
$$",\boxed{7.16 \times 10^{-3}},NV,\mathrm{rad},False,EN,Practical Application
5482,Electromagnetism,Wave Optics,Polarization,"Natural light is incident on a glass plate in the air at Brewster's angle, with a refractive index of \( n=1.54 \).  
Find the degree of polarization after passing through the first, second, and fourth glass plates. Assume all interfaces are identical.","Let the intensity of the incident natural light be \( 2 I_{0} \), then the intensity of the \( S \) component and \( P \) component of the incident light are each \( I_{0} \). Because the incident angle is Brewster's angle, the \( P \) component cannot be reflected at all, so the intensity of the \( P \) component in the polarized light through each plate remains \( I_{0} \).

With the light incident at Brewster's angle, the incident angle is  
\[
\theta_{1}=\arctan n=\arctan 1.54=57^{\circ}
\]

According to the law of refraction, the refracted angle in the glass plate is  
\[
\theta_{2}=\arcsin \left(\frac{\sin 57^{\circ}}{1.54}\right)=33^{\circ}
\]

According to Fresnel's equations, the amplitude transmission coefficient for the \( S \) component through an interface is  
\[
t_{s}=\frac{2 \sin \theta_{2} \cos \theta_{1}}{\sin \left(\theta_{1}+\theta_{2}\right)}
\]

Since the incident angle is Brewster's angle,  
\[
\theta_{1}+\theta_{2}=90^{\circ}
\]

Substituting,  
\[
t_{s}=2 \sin \theta_{2} \cos \theta_{1}
\]

For each interface, the amplitude transmission coefficients are  
\[
\begin{aligned}
& t_{s}^{(1)}=2 \sin \theta_{2} \cos \theta_{1} \\
& t_{s}^{(2)}=2 \sin \theta_{1} \cos \theta_{2}
\end{aligned}
\]

The total amplitude transmission coefficient through the first plate is  
\[
\left(t_{s}\right)_{1}=t_{s}^{(1)} t_{s}^{(2)}=4 \sin \theta_{2} \cos \theta_{1} \sin \theta_{1} \cos \theta_{2}=0.8346
\]

The total amplitude transmission coefficient through two plates is  
\[
\left(t_{s}\right)_{2}=\left(t_{s}\right)_{1}^{2}=\left(4 \sin \theta_{2} \cos \theta_{1} \sin \theta_{1} \cos \theta_{2}\right)^{2}=0.6965
\]

The total amplitude transmission coefficient through four plates is  
\[
\left(t_{s}\right)_{4}=\left(t_{s}\right)_{1}^{4}=\left(4 \sin \theta_{2} \cos \theta_{1} \sin \theta_{1} \cos \theta_{2}\right)^{4}=0.4852
\]

The light intensity of the \( S \) component after passing through the first, second, and fourth plates are, respectively  
\[
\begin{aligned}
& \left(I_{s}\right)_{1}=\left(t_{s}\right)_{1}^{2} I_{0}=0.6965 I_{0} \\
& \left(I_{s}\right)_{2}=\left(t_{s}\right)_{2}^{2} I_{0}=0.4852 I_{0} \\
& \left(I_{s}\right)_{4}=\left(t_{s}\right)_{4}^{2} I_{0}=0.2354 I_{0}
\end{aligned}
\]

According to the definition of the degree of polarization, the degrees of polarization after passing through the first, second, and fourth plates are, respectively  
\[
\begin{aligned}
& P_{1}=\frac{I_{0}-0.6965 I_{0}}{I_{0}+0.6965 I_{0}}=\frac{1-0.6965}{1+0.6965}=17.9\% \\
& P_{2}=\frac{1-0.4852}{1+0.4852}=34.7\% \\
& P_{4}=\frac{1-0.2354}{1+0.2354}=61.9\%
\end{aligned}
\]","\boxed{17.9, 34.7, 61.9}","NV, NV, NV","\%, \%, \%",True,EN,Laws Application
5483,Electromagnetism,Wave Optics,Interference,"A point light source is placed at the focal point in front of a convex lens. Behind the lens, a double prism is placed, with an apex angle of $\alpha=3^{\prime} 30^{\prime \prime}$ and a refractive index of $n=1.5$. An observation screen is located $D=5 \mathrm{~m}$ behind the prisms. If the coherent length of the quasi-monochromatic light is $l_{c}=1 \mathrm{~cm}$, and the refractive index of the glass plate is 1.5, what is the minimum thickness the glass plate must have for the interference pattern at the center of the screen to disappear?","The interference pattern disappears when the additional optical path equals the coherent length of light, i.e.,

$$
l_{c}=(n-1) d
$$

This gives

$$
d=\frac{l_{c}}{n-1}=2 \mathrm{~cm}
$$

Thus, the interference pattern disappears when the glass plate reaches a thickness of 2 cm.",\boxed{2},NV,\mathrm{cm},False,EN,Laws Application
5485,Electromagnetism,Wave Optics,Polarization,"A lens system is used to receive the Fraunhofer diffraction pattern from a single slit. Assume the width of the single slit is approximately 1 mm, the wavelength of the incident light is \(4880 \, \text{}\), and the image distance is 80 cm. If the single slit is closely attached to the rear side of the lens, find the half angular width of the zero-order on the image plane and the linear width of the zero-order on the receiving screen.","Typically, when natural light is reflected at the interface of two media, the reflected light is partially polarized. However, when the angle of incidence satisfies

$$
\theta_{B}=\arctan \frac{n_{1}}{n_{0}}
$$

where $n_{0}$ and $n_{1}$ are the refractive indices of the incident medium and the refractive medium respectively, the reflected light is linearly polarized with vibrations perpendicular to the plane of incidence. This angle $\theta_{B}$ is called the Brewster's angle or the polarization angle.

The calculations for $r, R, \bar{R}$, and $t, T, \bar{T}$ for the $S$ and $P$ components are based on Fresnel's equations. Because the angle of incidence is Brewster's angle, the sum of the angle of incidence and the angle of refraction is $\frac{\pi}{2}$. Intensity refers to the average energy flow density, which is the time average of the Poynting vector, while energy flow equals the intensity multiplied by the cross-sectional area of the beam. The reflected light and incident light are in the same medium, with equal cross-sectional areas, while the refracted light and incident light are in different media, with different cross-sectional areas, which is noteworthy.

1. According to Fresnel's equations, the amplitude reflectance $r_{s}$ and amplitude transmittance $t_{s}$ for the $S$ component are

$$
\begin{gathered}
r_{s}=\frac{n_{1} \cos \theta_{1}-n_{2} \cos \theta_{2}}{n_{1} \cos \theta_{1}+n_{2} \cos \theta_{2}}=-\frac{\sin \left(\theta_{1}-\theta_{2}\right)}{\sin \left(\theta_{1}+\theta_{2}\right)} \\
t_{s}=\frac{2 n_{1} \cos \theta_{1}}{n_{1} \cos \theta_{1}+n_{2} \cos \theta_{2}}=\frac{2 \sin \theta_{2} \cos \theta_{1}}{\sin \left(\theta_{1}+\theta_{2}\right)}
\end{gathered}
$$

The amplitude reflectance $r_{P}$ and amplitude transmittance $t_{P}$ for the $P$ component are

$$
\begin{gathered}
r_{P}=\frac{n_{2} \cos \theta_{1}-n_{1} \cos \theta_{2}}{n_{2} \cos \theta_{1}+n_{1} \cos \theta_{2}}=\frac{\tan \left(\theta_{1}-\theta_{2}\right)}{\tan \left(\theta_{1}+\theta_{2}\right)} \\
t_{P}=\frac{2 n_{1} \cos \theta_{1}}{n_{2} \cos \theta_{1}+n_{1} \cos \theta_{2}}=\frac{2 \cos \theta_{1} \sin \theta_{2}}{\sin \left(\theta_{1}+\theta_{2}\right) \cos \left(\theta_{1}-\theta_{2}\right)}
\end{gathered}
$$

where $n_{1}=1$, $n_{2}=n=1.50$, $\theta_{1}$ is the angle of incidence, and $\theta_{2}$ is the angle of refraction. Since the angle of incidence is the Brewster's angle, we have

$$
\theta_{1}=\theta_{B}=\arctan n=\arctan 1.50=56.3^{\circ}
$$

Additionally,

$$
\theta_{1}+\theta_{2}=\frac{\pi}{2}
$$

Substituting into the formulas for $r_{s}$ and $r_{p}$, we obtain

$$
\begin{gathered}
r_{s}=-\frac{\sin \left(56.3^{\circ}-33.7^{\circ}\right)}{\sin \left(56.3^{\circ}+33.7^{\circ}\right)}=-0.384 \\
r_{p}=0
\end{gathered}
$$

Since the reflected light and incident light are in the same medium with equal cross-sectional areas, the intensity reflectance $R_{S}$ and $R_{P}$, as well as the energy flow reflectance $\bar{R}_{S}$ and $\bar{R}_{P}$ for the $S$ and $P$ components respectively, are

$$
\begin{aligned}
& R_{S}=\left|r_{S}\right|^{2}=0.148, \quad R_{P}=0 \\
& \bar{R}_{S}=\left|r_{S}\right|^{2}=0.148, \quad \bar{R}_{P}=0
\end{aligned}
$$

For the refracted light, substituting $\theta_{1}$ and $\theta_{2}$ into $t_{s}$ and $t_{P}$, we have

$$
\begin{gathered}
t_{s}=\frac{2 \sin \theta_{2} \cos \theta_{1}}{\sin \left(\theta_{1}+\theta_{2}\right)}=\frac{2 \sin 33.7^{\circ} \cos 56.3^{\circ}}{\sin \frac{\pi}{2}}=0.616 \\
t_{P}=\frac{2 \cos \theta_{1} \sin \theta_{2}}{\sin \left(\theta_{1}+\theta_{2}\right) \cos \left(\theta_{1}-\theta_{2}\right)}=\frac{2 \cos 56.3^{\circ} \sin 33.7^{\circ}}{\cos \left(56.3^{\circ}-33.7^{\circ}\right)}=0.667
\end{gathered}
$$

Since the refracted light and incident light are in different media with different cross-sectional areas, the intensity transmittance and energy flow transmittance are not simply equal to the square of the amplitude transmittance. The intensity refers to the average energy flow density, which is the time average of the Poynting vector, given by

$$
\widetilde{S}=\frac{1}{2} \sqrt{\frac{\varepsilon_{0} \varepsilon_{\mathrm{r}}}{\mu_{0} \mu_{\mathrm{r}}}} E^{2}
$$

where $E$ is the amplitude of the electric vector. Since $\mu_{\mathrm{r}} \approx 1$, and the speed of light in vacuum $c=\frac{1}{\sqrt{\varepsilon_{0}} \mu_{0}}$, and the refractive index $n=\sqrt{\varepsilon_{\mathrm{r}} \mu_{\mathrm{r}}} \approx \sqrt{\varepsilon_{\mathrm{r}}}$, this can be rewritten as

$$
\bar{S}=\frac{1}{2 c \mu_{0}} n E^{2}
$$

Thus, the intensity is proportional to $n E^{2}$, and the intensity transmittance is

$$
T=\frac{\bar{S}_{2}}{\bar{S}_{1}}=\frac{n_{2}}{n_{1}} t^{2}
$$

The intensity transmittance for the $S$ and $P$ components is

$$
\begin{aligned}
& T_{S}=\frac{n_{2}}{n_{1}} t_{S}^{2}=n t_{S}^{2}=0.569 \\
& T_{P}=\frac{n_{2}}{n_{1}} t_{P}^{2}=n t_{P}^{2}=0.667
\end{aligned}
$$

The energy flow equals the intensity multiplied by the cross-sectional area of the beam, and the ratio of the cross-sectional areas of the refracted beam to the incident beam is $\frac{\cos \theta_{2}}{\cos \theta_{1}}$, so the energy flow transmittance is

$$
\bar{T}=\frac{\bar{S}_{2} \cos \theta_{2}}{\bar{S}_{1} \cos \theta_{1}}=\frac{n_{2} \cos \theta_{2}}{n_{1} \cos \theta_{1}} t^{2}=\frac{\cos \theta_{2}}{\cos \theta_{1}} T
$$

Substituting the values, the energy flow transmittance for the $S$ and $P$ components is

$$
\begin{gathered}
\bar{T}_{S}=\frac{\cos \theta_{2}}{\cos \theta_{1}} T_{S}=0.853 \\
\bar{T}_{P}=\frac{\cos \theta_{2}}{\cos \theta_{1}} T_{P}=1
\end{gathered}
$$

The fact that the energy flow transmittance $\bar{T}_{P}=1$ for the $P$ component is expected because, when light is incident at the Brewster's angle $\left(\theta_{1}=\theta_{B}\right)$, the reflected light does not contain any $P$ component, meaning the entire energy of the incident $P$ component is transmitted.","\boxed{1^{\prime} \, 42^{\prime\prime}, 0.78}","NV, NV","\text{None}, \text{mm}",True,EN,Practical Application
5486,Electromagnetism,Wave Optics,Polarization,"Natural light is incident from air onto glass ($n=1.50$) at Brewster's angle. Calculate the amplitude reflectance $r$, intensity reflectance $R$, and energy flow reflectance $\bar{R}$ for the perpendicular component ($S$ component) and parallel component ($P$ component); as well as the amplitude transmittance $t$, intensity transmittance $T$, and energy flow transmittance $\bar{T}$.","Typically, when natural light is reflected at the interface of two media, the reflected light is partially polarized. However, when the angle of incidence satisfies

$$
\theta_{B}=\arctan \frac{n_{1}}{n_{0}}
$$

where $n_{0}$ and $n_{1}$ are the refractive indices of the incident medium and the refractive medium respectively, the reflected light is linearly polarized with vibrations perpendicular to the plane of incidence. This angle $\theta_{B}$ is called the Brewster's angle or the polarization angle.

The calculations for $r, R, \bar{R}$, and $t, T, \bar{T}$ for the $S$ and $P$ components are based on Fresnel's equations. Because the angle of incidence is Brewster's angle, the sum of the angle of incidence and the angle of refraction is $\frac{\pi}{2}$. Intensity refers to the average energy flow density, which is the time average of the Poynting vector, while energy flow equals the intensity multiplied by the cross-sectional area of the beam. The reflected light and incident light are in the same medium, with equal cross-sectional areas, while the refracted light and incident light are in different media, with different cross-sectional areas, which is noteworthy.

1. According to Fresnel's equations, the amplitude reflectance $r_{s}$ and amplitude transmittance $t_{s}$ for the $S$ component are

$$
\begin{gathered}
r_{s}=\frac{n_{1} \cos \theta_{1}-n_{2} \cos \theta_{2}}{n_{1} \cos \theta_{1}+n_{2} \cos \theta_{2}}=-\frac{\sin \left(\theta_{1}-\theta_{2}\right)}{\sin \left(\theta_{1}+\theta_{2}\right)} \\
t_{s}=\frac{2 n_{1} \cos \theta_{1}}{n_{1} \cos \theta_{1}+n_{2} \cos \theta_{2}}=\frac{2 \sin \theta_{2} \cos \theta_{1}}{\sin \left(\theta_{1}+\theta_{2}\right)}
\end{gathered}
$$

The amplitude reflectance $r_{P}$ and amplitude transmittance $t_{P}$ for the $P$ component are

$$
\begin{gathered}
r_{P}=\frac{n_{2} \cos \theta_{1}-n_{1} \cos \theta_{2}}{n_{2} \cos \theta_{1}+n_{1} \cos \theta_{2}}=\frac{\tan \left(\theta_{1}-\theta_{2}\right)}{\tan \left(\theta_{1}+\theta_{2}\right)} \\
t_{P}=\frac{2 n_{1} \cos \theta_{1}}{n_{2} \cos \theta_{1}+n_{1} \cos \theta_{2}}=\frac{2 \cos \theta_{1} \sin \theta_{2}}{\sin \left(\theta_{1}+\theta_{2}\right) \cos \left(\theta_{1}-\theta_{2}\right)}
\end{gathered}
$$

where $n_{1}=1$, $n_{2}=n=1.50$, $\theta_{1}$ is the angle of incidence, and $\theta_{2}$ is the angle of refraction. Since the angle of incidence is the Brewster's angle, we have

$$
\theta_{1}=\theta_{B}=\arctan n=\arctan 1.50=56.3^{\circ}
$$

Additionally,

$$
\theta_{1}+\theta_{2}=\frac{\pi}{2}
$$

Substituting into the formulas for $r_{s}$ and $r_{p}$, we obtain

$$
\begin{gathered}
r_{s}=-\frac{\sin \left(56.3^{\circ}-33.7^{\circ}\right)}{\sin \left(56.3^{\circ}+33.7^{\circ}\right)}=-0.384 \\
r_{p}=0
\end{gathered}
$$

Since the reflected light and incident light are in the same medium with equal cross-sectional areas, the intensity reflectance $R_{S}$ and $R_{P}$, as well as the energy flow reflectance $\bar{R}_{S}$ and $\bar{R}_{P}$ for the $S$ and $P$ components respectively, are

$$
\begin{aligned}
& R_{S}=\left|r_{S}\right|^{2}=0.148, \quad R_{P}=0 \\
& \bar{R}_{S}=\left|r_{S}\right|^{2}=0.148, \quad \bar{R}_{P}=0
\end{aligned}
$$

For the refracted light, substituting $\theta_{1}$ and $\theta_{2}$ into $t_{s}$ and $t_{P}$, we have

$$
\begin{gathered}
t_{s}=\frac{2 \sin \theta_{2} \cos \theta_{1}}{\sin \left(\theta_{1}+\theta_{2}\right)}=\frac{2 \sin 33.7^{\circ} \cos 56.3^{\circ}}{\sin \frac{\pi}{2}}=0.616 \\
t_{P}=\frac{2 \cos \theta_{1} \sin \theta_{2}}{\sin \left(\theta_{1}+\theta_{2}\right) \cos \left(\theta_{1}-\theta_{2}\right)}=\frac{2 \cos 56.3^{\circ} \sin 33.7^{\circ}}{\cos \left(56.3^{\circ}-33.7^{\circ}\right)}=0.667
\end{gathered}
$$

Since the refracted light and incident light are in different media with different cross-sectional areas, the intensity transmittance and energy flow transmittance are not simply equal to the square of the amplitude transmittance. The intensity refers to the average energy flow density, which is the time average of the Poynting vector, given by

$$
\widetilde{S}=\frac{1}{2} \sqrt{\frac{\varepsilon_{0} \varepsilon_{\mathrm{r}}}{\mu_{0} \mu_{\mathrm{r}}}} E^{2}
$$

where $E$ is the amplitude of the electric vector. Since $\mu_{\mathrm{r}} \approx 1$, and the speed of light in vacuum $c=\frac{1}{\sqrt{\varepsilon_{0}} \mu_{0}}$, and the refractive index $n=\sqrt{\varepsilon_{\mathrm{r}} \mu_{\mathrm{r}}} \approx \sqrt{\varepsilon_{\mathrm{r}}}$, this can be rewritten as

$$
\bar{S}=\frac{1}{2 c \mu_{0}} n E^{2}
$$

Thus, the intensity is proportional to $n E^{2}$, and the intensity transmittance is

$$
T=\frac{\bar{S}_{2}}{\bar{S}_{1}}=\frac{n_{2}}{n_{1}} t^{2}
$$

The intensity transmittance for the $S$ and $P$ components is

$$
\begin{aligned}
& T_{S}=\frac{n_{2}}{n_{1}} t_{S}^{2}=n t_{S}^{2}=0.569 \\
& T_{P}=\frac{n_{2}}{n_{1}} t_{P}^{2}=n t_{P}^{2}=0.667
\end{aligned}
$$

The energy flow equals the intensity multiplied by the cross-sectional area of the beam, and the ratio of the cross-sectional areas of the refracted beam to the incident beam is $\frac{\cos \theta_{2}}{\cos \theta_{1}}$, so the energy flow transmittance is

$$
\bar{T}=\frac{\bar{S}_{2} \cos \theta_{2}}{\bar{S}_{1} \cos \theta_{1}}=\frac{n_{2} \cos \theta_{2}}{n_{1} \cos \theta_{1}} t^{2}=\frac{\cos \theta_{2}}{\cos \theta_{1}} T
$$

Substituting the values, the energy flow transmittance for the $S$ and $P$ components is

$$
\begin{gathered}
\bar{T}_{S}=\frac{\cos \theta_{2}}{\cos \theta_{1}} T_{S}=0.853 \\
\bar{T}_{P}=\frac{\cos \theta_{2}}{\cos \theta_{1}} T_{P}=1
\end{gathered}
$$

The fact that the energy flow transmittance $\bar{T}_{P}=1$ for the $P$ component is expected because, when light is incident at the Brewster's angle $\left(\theta_{1}=\theta_{B}\right)$, the reflected light does not contain any $P$ component, meaning the entire energy of the incident $P$ component is transmitted.","\boxed{-0.384, 0, 0.148, 0, 0.148, 0, 0.616, 0.667, 0.569, 0.667, 0.853, 1}","NV, NV, NV, NV, NV, NV, NV, NV, NV, NV, NV, NV","None, None, None, None, None, None, None, None, None, None, None, None",True,EN,Laws Application
5489,Electromagnetism,Wave Optics,Polarization,"Given that the optical rotation coefficient of crystal for sodium yellow light is \(\alpha = 21.75 \, \% / \mathrm{mm}\), find the difference in refractive indices \(\Delta n\) for left and right circularly polarized light.","The relationship between the optical rotation coefficient \(\alpha\) and the difference in refractive indices \(\Delta n\) is given by

\[
\alpha = \frac{\pi}{\lambda} \Delta n
\]

Thus, we have

\[
\Delta n = \frac{\lambda \alpha}{\pi} = \left(5893 \times 10^{-7}\right) \times \frac{21.75}{180} \approx 7.121 \times 10^{-5}
\]",\boxed{7.121 \times 10^{-5}},NV,,False,EN,Practical Application
5490,Electromagnetism,Wave Optics,Polarization,"When testing elliptical polarized light with a polarizer, the intensity of light transmitted through the polarizer will vary with the rotation angle of the polarizer. In a given coordinate system, the phase difference between the two perpendicular oscillations composing the elliptical polarized light is known as $\delta$. Determine the orientation of the major and minor axes of the elliptical polarized light, as well as the corresponding maximum and minimum values of the transmitted light intensity.","In the defined $xy$ coordinate system, the elliptical polarized light can be decomposed into an $x$ component and a $y$ component, with a known phase difference $\delta$ between them. The oscillation transmitted through the polarizer is the superposition of the projections of the $x$ and $y$ components in the direction of the polarizer's transmission axis $N$. The amplitudes of the two projections involved in the superposition are related to the angle $\theta$ between $N$ and the $x$ (or $y$) axis, and the phase difference remains $\delta$. Consequently, the amplitude of the oscillation passing through the polarizer, which is the light intensity $I$, is evidently a function of $\theta$, represented as $I(\theta)$. When $I=I_{\max}$, the corresponding $\theta_{\text{max}}$ indicates the direction of the major axis of the elliptical polarized light. Similarly, $\theta_{\text{min}}$ corresponding to $I_{\text{min}}$ indicates the direction of the minor axis.

(2) When $\theta=\theta_{\text{max}}=\frac{\alpha}{2}$, $I(\theta)$ reaches its maximum value, i.e.,

\begin{align*}
I_{\max } & =I_{1}+\sqrt{I_{2}^{2}+I_{3}^{2}}=\frac{1}{2}\left(I_{x}+I_{y}\right)+\frac{1}{2} \sqrt{\left(I_{x}-I_{y}\right)^{2}+4 I_{x} I_{y} \cos ^{2} \delta}\\
& =\frac{1}{2}\left(I_{x}+I_{y}\right)+\frac{1}{2} \sqrt{I_{x}^{2}+I_{y}^{2}+2 I_{x} I_{y} \cos 2 \delta} \tag{4}
\end{align*}

When $\theta=\theta_{\text{min}}=\frac{\alpha}{2}+\frac{\pi}{2}$, $I(\theta)$ reaches its minimum value, i.e.,

$$
I_{\min }=I_{1}-\sqrt{I_{2}^{2}+I_{3}^{2}}=\frac{1}{2}\left(I_{x}+I_{y}\right)-\frac{1}{2} \sqrt{I_{x}^{2}+I_{y}^{2}+2 I_{x} I_{y} \cos 2 \delta} \tag{5}
$$

$\theta_{\max }$ and $\theta_{\min }$ respectively indicate the directions of the major and minor axes of the incident elliptical polarized light.  
Special case: When $\delta=(2k+1) \frac{\pi}{2}$, $I_{3}=0$, and from equation (3), $\alpha=0$ or $\pi$, thus $\theta_{\max}$ and $\theta_{\min}$ are 0 or $\frac{\pi}{2}$. In this special case, the major or minor axis of the elliptical polarized light coincides with the $x$ or $y$ axis. In other words, the elliptical polarized light is a regular ellipse rather than a tilted ellipse in the $xy$ coordinate system.","\boxed{\theta_{\max} = \frac{\alpha}{2}, \theta_{\min} = \frac{\alpha}{2} + \frac{\pi}{2}, I_{\max} = \frac{1}{2}\left(I_{x}+I_{y}\right)+\frac{1}{2} \sqrt{I_{x}^{2}+I_{y}^{2}+2 I_{x} I_{y} \cos 2 \delta}, I_{\min} = \frac{1}{2}\left(I_{x}+I_{y}\right)-\frac{1}{2} \sqrt{I_{x}^{2}+I_{y}^{2}+2 I_{x} I_{y} \cos 2 \delta}}","EQ, EQ, EX, EX","None, None, None, None",True,EN,Math Derivation
5491,Electromagnetism,Wave Optics,Polarization,"A wedge-shaped crystal prism has an apex angle of $\alpha = 0.5^{\circ}$. Its edges are parallel to the optical axis and it is placed between two crossed Nicol prisms, making an angle of $45^{\circ}$ with the principal sections of both Nicol prisms. Parallel violet light of wavelength $4047 \, \text{}$ from mercury is incident normally. What is the distance $d$ between adjacent dark fringes?","Typically, when natural light is reflected at the interface of two media, the reflected light is partially polarized. However, when the angle of incidence satisfies

$$
\theta_{B}=\arctan \frac{n_{1}}{n_{0}}
$$

where $n_{0}$ and $n_{1}$ are the refractive indices of the incident medium and the refractive medium respectively, the reflected light is linearly polarized with vibrations perpendicular to the plane of incidence. This angle $\theta_{B}$ is called the Brewster's angle or the polarization angle.

The calculations for $r, R, \bar{R}$, and $t, T, \bar{T}$ for the $S$ and $P$ components are based on Fresnel's equations. Because the angle of incidence is Brewster's angle, the sum of the angle of incidence and the angle of refraction is $\frac{\pi}{2}$. Intensity refers to the average energy flow density, which is the time average of the Poynting vector, while energy flow equals the intensity multiplied by the cross-sectional area of the beam. The reflected light and incident light are in the same medium, with equal cross-sectional areas, while the refracted light and incident light are in different media, with different cross-sectional areas, which is noteworthy.

1. According to Fresnel's equations, the amplitude reflectance $r_{s}$ and amplitude transmittance $t_{s}$ for the $S$ component are

$$
\begin{gathered}
r_{s}=\frac{n_{1} \cos \theta_{1}-n_{2} \cos \theta_{2}}{n_{1} \cos \theta_{1}+n_{2} \cos \theta_{2}}=-\frac{\sin \left(\theta_{1}-\theta_{2}\right)}{\sin \left(\theta_{1}+\theta_{2}\right)} \\
t_{s}=\frac{2 n_{1} \cos \theta_{1}}{n_{1} \cos \theta_{1}+n_{2} \cos \theta_{2}}=\frac{2 \sin \theta_{2} \cos \theta_{1}}{\sin \left(\theta_{1}+\theta_{2}\right)}
\end{gathered}
$$

The amplitude reflectance $r_{P}$ and amplitude transmittance $t_{P}$ for the $P$ component are

$$
\begin{gathered}
r_{P}=\frac{n_{2} \cos \theta_{1}-n_{1} \cos \theta_{2}}{n_{2} \cos \theta_{1}+n_{1} \cos \theta_{2}}=\frac{\tan \left(\theta_{1}-\theta_{2}\right)}{\tan \left(\theta_{1}+\theta_{2}\right)} \\
t_{P}=\frac{2 n_{1} \cos \theta_{1}}{n_{2} \cos \theta_{1}+n_{1} \cos \theta_{2}}=\frac{2 \cos \theta_{1} \sin \theta_{2}}{\sin \left(\theta_{1}+\theta_{2}\right) \cos \left(\theta_{1}-\theta_{2}\right)}
\end{gathered}
$$

where $n_{1}=1$, $n_{2}=n=1.50$, $\theta_{1}$ is the angle of incidence, and $\theta_{2}$ is the angle of refraction. Since the angle of incidence is the Brewster's angle, we have

$$
\theta_{1}=\theta_{B}=\arctan n=\arctan 1.50=56.3^{\circ}
$$

Additionally,

$$
\theta_{1}+\theta_{2}=\frac{\pi}{2}
$$

Substituting into the formulas for $r_{s}$ and $r_{p}$, we obtain

$$
\begin{gathered}
r_{s}=-\frac{\sin \left(56.3^{\circ}-33.7^{\circ}\right)}{\sin \left(56.3^{\circ}+33.7^{\circ}\right)}=-0.384 \\
r_{p}=0
\end{gathered}
$$

Since the reflected light and incident light are in the same medium with equal cross-sectional areas, the intensity reflectance $R_{S}$ and $R_{P}$, as well as the energy flow reflectance $\bar{R}_{S}$ and $\bar{R}_{P}$ for the $S$ and $P$ components respectively, are

$$
\begin{aligned}
& R_{S}=\left|r_{S}\right|^{2}=0.148, \quad R_{P}=0 \\
& \bar{R}_{S}=\left|r_{S}\right|^{2}=0.148, \quad \bar{R}_{P}=0
\end{aligned}
$$

For the refracted light, substituting $\theta_{1}$ and $\theta_{2}$ into $t_{s}$ and $t_{P}$, we have

$$
\begin{gathered}
t_{s}=\frac{2 \sin \theta_{2} \cos \theta_{1}}{\sin \left(\theta_{1}+\theta_{2}\right)}=\frac{2 \sin 33.7^{\circ} \cos 56.3^{\circ}}{\sin \frac{\pi}{2}}=0.616 \\
t_{P}=\frac{2 \cos \theta_{1} \sin \theta_{2}}{\sin \left(\theta_{1}+\theta_{2}\right) \cos \left(\theta_{1}-\theta_{2}\right)}=\frac{2 \cos 56.3^{\circ} \sin 33.7^{\circ}}{\cos \left(56.3^{\circ}-33.7^{\circ}\right)}=0.667
\end{gathered}
$$

Since the refracted light and incident light are in different media with different cross-sectional areas, the intensity transmittance and energy flow transmittance are not simply equal to the square of the amplitude transmittance. The intensity refers to the average energy flow density, which is the time average of the Poynting vector, given by

$$
\widetilde{S}=\frac{1}{2} \sqrt{\frac{\varepsilon_{0} \varepsilon_{\mathrm{r}}}{\mu_{0} \mu_{\mathrm{r}}}} E^{2}
$$

where $E$ is the amplitude of the electric vector. Since $\mu_{\mathrm{r}} \approx 1$, and the speed of light in vacuum $c=\frac{1}{\sqrt{\varepsilon_{0}} \mu_{0}}$, and the refractive index $n=\sqrt{\varepsilon_{\mathrm{r}} \mu_{\mathrm{r}}} \approx \sqrt{\varepsilon_{\mathrm{r}}}$, this can be rewritten as

$$
\bar{S}=\frac{1}{2 c \mu_{0}} n E^{2}
$$

Thus, the intensity is proportional to $n E^{2}$, and the intensity transmittance is

$$
T=\frac{\bar{S}_{2}}{\bar{S}_{1}}=\frac{n_{2}}{n_{1}} t^{2}
$$

The intensity transmittance for the $S$ and $P$ components is

$$
\begin{aligned}
& T_{S}=\frac{n_{2}}{n_{1}} t_{S}^{2}=n t_{S}^{2}=0.569 \\
& T_{P}=\frac{n_{2}}{n_{1}} t_{P}^{2}=n t_{P}^{2}=0.667
\end{aligned}
$$

The energy flow equals the intensity multiplied by the cross-sectional area of the beam, and the ratio of the cross-sectional areas of the refracted beam to the incident beam is $\frac{\cos \theta_{2}}{\cos \theta_{1}}$, so the energy flow transmittance is

$$
\bar{T}=\frac{\bar{S}_{2} \cos \theta_{2}}{\bar{S}_{1} \cos \theta_{1}}=\frac{n_{2} \cos \theta_{2}}{n_{1} \cos \theta_{1}} t^{2}=\frac{\cos \theta_{2}}{\cos \theta_{1}} T
$$

Substituting the values, the energy flow transmittance for the $S$ and $P$ components is

$$
\begin{gathered}
\bar{T}_{S}=\frac{\cos \theta_{2}}{\cos \theta_{1}} T_{S}=0.853 \\
\bar{T}_{P}=\frac{\cos \theta_{2}}{\cos \theta_{1}} T_{P}=1
\end{gathered}
$$

The fact that the energy flow transmittance $\bar{T}_{P}=1$ for the $P$ component is expected because, when light is incident at the Brewster's angle $\left(\theta_{1}=\theta_{B}\right)$, the reflected light does not contain any $P$ component, meaning the entire energy of the incident $P$ component is transmitted.",\boxed{4.86},NV,\text{mm},False,EN,Laws Application
5494,Electromagnetism,Wave Optics,Polarization,"Consider a Fabry-Prot cavity with a length of 5 cm, using an expanded light source in an experiment, with a wavelength of $0.6 \, \mu\mathrm{m}$. Determine the resolving power of this Fabry-Prot cavity and the smallest resolvable wavelength interval.","Typically, when natural light is reflected at the interface of two media, the reflected light is partially polarized. However, when the angle of incidence satisfies

$$
\theta_{B}=\arctan \frac{n_{1}}{n_{0}}
$$

where $n_{0}$ and $n_{1}$ are the refractive indices of the incident medium and the refractive medium respectively, the reflected light is linearly polarized with vibrations perpendicular to the plane of incidence. This angle $\theta_{B}$ is called the Brewster's angle or the polarization angle.

The calculations for $r, R, \bar{R}$, and $t, T, \bar{T}$ for the $S$ and $P$ components are based on Fresnel's equations. Because the angle of incidence is Brewster's angle, the sum of the angle of incidence and the angle of refraction is $\frac{\pi}{2}$. Intensity refers to the average energy flow density, which is the time average of the Poynting vector, while energy flow equals the intensity multiplied by the cross-sectional area of the beam. The reflected light and incident light are in the same medium, with equal cross-sectional areas, while the refracted light and incident light are in different media, with different cross-sectional areas, which is noteworthy.

1. According to Fresnel's equations, the amplitude reflectance $r_{s}$ and amplitude transmittance $t_{s}$ for the $S$ component are

$$
\begin{gathered}
r_{s}=\frac{n_{1} \cos \theta_{1}-n_{2} \cos \theta_{2}}{n_{1} \cos \theta_{1}+n_{2} \cos \theta_{2}}=-\frac{\sin \left(\theta_{1}-\theta_{2}\right)}{\sin \left(\theta_{1}+\theta_{2}\right)} \\
t_{s}=\frac{2 n_{1} \cos \theta_{1}}{n_{1} \cos \theta_{1}+n_{2} \cos \theta_{2}}=\frac{2 \sin \theta_{2} \cos \theta_{1}}{\sin \left(\theta_{1}+\theta_{2}\right)}
\end{gathered}
$$

The amplitude reflectance $r_{P}$ and amplitude transmittance $t_{P}$ for the $P$ component are

$$
\begin{gathered}
r_{P}=\frac{n_{2} \cos \theta_{1}-n_{1} \cos \theta_{2}}{n_{2} \cos \theta_{1}+n_{1} \cos \theta_{2}}=\frac{\tan \left(\theta_{1}-\theta_{2}\right)}{\tan \left(\theta_{1}+\theta_{2}\right)} \\
t_{P}=\frac{2 n_{1} \cos \theta_{1}}{n_{2} \cos \theta_{1}+n_{1} \cos \theta_{2}}=\frac{2 \cos \theta_{1} \sin \theta_{2}}{\sin \left(\theta_{1}+\theta_{2}\right) \cos \left(\theta_{1}-\theta_{2}\right)}
\end{gathered}
$$

where $n_{1}=1$, $n_{2}=n=1.50$, $\theta_{1}$ is the angle of incidence, and $\theta_{2}$ is the angle of refraction. Since the angle of incidence is the Brewster's angle, we have

$$
\theta_{1}=\theta_{B}=\arctan n=\arctan 1.50=56.3^{\circ}
$$

Additionally,

$$
\theta_{1}+\theta_{2}=\frac{\pi}{2}
$$

Substituting into the formulas for $r_{s}$ and $r_{p}$, we obtain

$$
\begin{gathered}
r_{s}=-\frac{\sin \left(56.3^{\circ}-33.7^{\circ}\right)}{\sin \left(56.3^{\circ}+33.7^{\circ}\right)}=-0.384 \\
r_{p}=0
\end{gathered}
$$

Since the reflected light and incident light are in the same medium with equal cross-sectional areas, the intensity reflectance $R_{S}$ and $R_{P}$, as well as the energy flow reflectance $\bar{R}_{S}$ and $\bar{R}_{P}$ for the $S$ and $P$ components respectively, are

$$
\begin{aligned}
& R_{S}=\left|r_{S}\right|^{2}=0.148, \quad R_{P}=0 \\
& \bar{R}_{S}=\left|r_{S}\right|^{2}=0.148, \quad \bar{R}_{P}=0
\end{aligned}
$$

For the refracted light, substituting $\theta_{1}$ and $\theta_{2}$ into $t_{s}$ and $t_{P}$, we have

$$
\begin{gathered}
t_{s}=\frac{2 \sin \theta_{2} \cos \theta_{1}}{\sin \left(\theta_{1}+\theta_{2}\right)}=\frac{2 \sin 33.7^{\circ} \cos 56.3^{\circ}}{\sin \frac{\pi}{2}}=0.616 \\
t_{P}=\frac{2 \cos \theta_{1} \sin \theta_{2}}{\sin \left(\theta_{1}+\theta_{2}\right) \cos \left(\theta_{1}-\theta_{2}\right)}=\frac{2 \cos 56.3^{\circ} \sin 33.7^{\circ}}{\cos \left(56.3^{\circ}-33.7^{\circ}\right)}=0.667
\end{gathered}
$$

Since the refracted light and incident light are in different media with different cross-sectional areas, the intensity transmittance and energy flow transmittance are not simply equal to the square of the amplitude transmittance. The intensity refers to the average energy flow density, which is the time average of the Poynting vector, given by

$$
\widetilde{S}=\frac{1}{2} \sqrt{\frac{\varepsilon_{0} \varepsilon_{\mathrm{r}}}{\mu_{0} \mu_{\mathrm{r}}}} E^{2}
$$

where $E$ is the amplitude of the electric vector. Since $\mu_{\mathrm{r}} \approx 1$, and the speed of light in vacuum $c=\frac{1}{\sqrt{\varepsilon_{0}} \mu_{0}}$, and the refractive index $n=\sqrt{\varepsilon_{\mathrm{r}} \mu_{\mathrm{r}}} \approx \sqrt{\varepsilon_{\mathrm{r}}}$, this can be rewritten as

$$
\bar{S}=\frac{1}{2 c \mu_{0}} n E^{2}
$$

Thus, the intensity is proportional to $n E^{2}$, and the intensity transmittance is

$$
T=\frac{\bar{S}_{2}}{\bar{S}_{1}}=\frac{n_{2}}{n_{1}} t^{2}
$$

The intensity transmittance for the $S$ and $P$ components is

$$
\begin{aligned}
& T_{S}=\frac{n_{2}}{n_{1}} t_{S}^{2}=n t_{S}^{2}=0.569 \\
& T_{P}=\frac{n_{2}}{n_{1}} t_{P}^{2}=n t_{P}^{2}=0.667
\end{aligned}
$$

The energy flow equals the intensity multiplied by the cross-sectional area of the beam, and the ratio of the cross-sectional areas of the refracted beam to the incident beam is $\frac{\cos \theta_{2}}{\cos \theta_{1}}$, so the energy flow transmittance is

$$
\bar{T}=\frac{\bar{S}_{2} \cos \theta_{2}}{\bar{S}_{1} \cos \theta_{1}}=\frac{n_{2} \cos \theta_{2}}{n_{1} \cos \theta_{1}} t^{2}=\frac{\cos \theta_{2}}{\cos \theta_{1}} T
$$

Substituting the values, the energy flow transmittance for the $S$ and $P$ components is

$$
\begin{gathered}
\bar{T}_{S}=\frac{\cos \theta_{2}}{\cos \theta_{1}} T_{S}=0.853 \\
\bar{T}_{P}=\frac{\cos \theta_{2}}{\cos \theta_{1}} T_{P}=1
\end{gathered}
$$

The fact that the energy flow transmittance $\bar{T}_{P}=1$ for the $P$ component is expected because, when light is incident at the Brewster's angle $\left(\theta_{1}=\theta_{B}\right)$, the reflected light does not contain any $P$ component, meaning the entire energy of the incident $P$ component is transmitted.","\boxed{2.6 \times 10^{7}, 2.3 \times 10^{-4}}","NV, NV","None, \mathrm{\AA}",True,EN,Practical Application
5496,Electromagnetism,Wave Optics,Diffraction,"In the front focal plane of a lens, a series of coherent light sources are arranged equidistantly along the x-axis in phase, forming a one-dimensional lattice. Use the Fourier transform method to find the Fraunhofer diffraction field on the back focal plane.","The complex amplitude of the point sources should be described by the δ function, and the one-dimensional lattice arranged equidistantly along the x-axis (as shown in Figure 1) is represented as  

$$  
\tilde{U}(x, y) = \sum_{n=0}^{N} \delta(x - n d, y)  
$$  

The Fraunhofer diffraction field on the back focal plane is  

$$  
\begin{aligned}  
\widetilde{U}(x', y') & = \mathscr{F}\{\widetilde{U}(x, y)\} = \sum_{n=0}^{N} \mathscr{F}\{\delta(x - n d, y)\} \\  
& = \sum_{n=0}^{N} \mathrm{e}^{\mathrm{i} x'_{f_x} n d} = \frac{1 - \mathrm{e}^{\mathrm{i} N \beta'}}{1 - \mathrm{e}^{-\mathrm{i} \beta'}}  
\end{aligned}  
$$  

where $\beta' = 2 \pi f_x d, f_x = \frac{x'}{F \lambda}$","\boxed{\widetilde{U}(x', y') = \frac{1 - \mathrm{e}^{\mathrm{i} N \beta'}}{1 - \mathrm{e}^{-\mathrm{i} \beta'}}}",EQ,,False,EN,Math Derivation
5498,Electromagnetism,Wave Optics,Polarization,"Calculate the resolving power of a Fabry-Prot cavity based on the following data. The Fabry-Prot cavity has a length \(h=5 \mathrm{~cm}\), reflectivity \(R=0.99\), assuming \(\lambda=5000 \ \overset{\circ}{\mathrm{A}}\), \(\cos \theta_{k} \approx 1\), and \(n=1.0\).","Typically, when natural light is reflected at the interface of two media, the reflected light is partially polarized. However, when the angle of incidence satisfies

$$
\theta_{B}=\arctan \frac{n_{1}}{n_{0}}
$$

where $n_{0}$ and $n_{1}$ are the refractive indices of the incident medium and the refractive medium respectively, the reflected light is linearly polarized with vibrations perpendicular to the plane of incidence. This angle $\theta_{B}$ is called the Brewster's angle or the polarization angle.

The calculations for $r, R, \bar{R}$, and $t, T, \bar{T}$ for the $S$ and $P$ components are based on Fresnel's equations. Because the angle of incidence is Brewster's angle, the sum of the angle of incidence and the angle of refraction is $\frac{\pi}{2}$. Intensity refers to the average energy flow density, which is the time average of the Poynting vector, while energy flow equals the intensity multiplied by the cross-sectional area of the beam. The reflected light and incident light are in the same medium, with equal cross-sectional areas, while the refracted light and incident light are in different media, with different cross-sectional areas, which is noteworthy.

1. According to Fresnel's equations, the amplitude reflectance $r_{s}$ and amplitude transmittance $t_{s}$ for the $S$ component are

$$
\begin{gathered}
r_{s}=\frac{n_{1} \cos \theta_{1}-n_{2} \cos \theta_{2}}{n_{1} \cos \theta_{1}+n_{2} \cos \theta_{2}}=-\frac{\sin \left(\theta_{1}-\theta_{2}\right)}{\sin \left(\theta_{1}+\theta_{2}\right)} \\
t_{s}=\frac{2 n_{1} \cos \theta_{1}}{n_{1} \cos \theta_{1}+n_{2} \cos \theta_{2}}=\frac{2 \sin \theta_{2} \cos \theta_{1}}{\sin \left(\theta_{1}+\theta_{2}\right)}
\end{gathered}
$$

The amplitude reflectance $r_{P}$ and amplitude transmittance $t_{P}$ for the $P$ component are

$$
\begin{gathered}
r_{P}=\frac{n_{2} \cos \theta_{1}-n_{1} \cos \theta_{2}}{n_{2} \cos \theta_{1}+n_{1} \cos \theta_{2}}=\frac{\tan \left(\theta_{1}-\theta_{2}\right)}{\tan \left(\theta_{1}+\theta_{2}\right)} \\
t_{P}=\frac{2 n_{1} \cos \theta_{1}}{n_{2} \cos \theta_{1}+n_{1} \cos \theta_{2}}=\frac{2 \cos \theta_{1} \sin \theta_{2}}{\sin \left(\theta_{1}+\theta_{2}\right) \cos \left(\theta_{1}-\theta_{2}\right)}
\end{gathered}
$$

where $n_{1}=1$, $n_{2}=n=1.50$, $\theta_{1}$ is the angle of incidence, and $\theta_{2}$ is the angle of refraction. Since the angle of incidence is the Brewster's angle, we have

$$
\theta_{1}=\theta_{B}=\arctan n=\arctan 1.50=56.3^{\circ}
$$

Additionally,

$$
\theta_{1}+\theta_{2}=\frac{\pi}{2}
$$

Substituting into the formulas for $r_{s}$ and $r_{p}$, we obtain

$$
\begin{gathered}
r_{s}=-\frac{\sin \left(56.3^{\circ}-33.7^{\circ}\right)}{\sin \left(56.3^{\circ}+33.7^{\circ}\right)}=-0.384 \\
r_{p}=0
\end{gathered}
$$

Since the reflected light and incident light are in the same medium with equal cross-sectional areas, the intensity reflectance $R_{S}$ and $R_{P}$, as well as the energy flow reflectance $\bar{R}_{S}$ and $\bar{R}_{P}$ for the $S$ and $P$ components respectively, are

$$
\begin{aligned}
& R_{S}=\left|r_{S}\right|^{2}=0.148, \quad R_{P}=0 \\
& \bar{R}_{S}=\left|r_{S}\right|^{2}=0.148, \quad \bar{R}_{P}=0
\end{aligned}
$$

For the refracted light, substituting $\theta_{1}$ and $\theta_{2}$ into $t_{s}$ and $t_{P}$, we have

$$
\begin{gathered}
t_{s}=\frac{2 \sin \theta_{2} \cos \theta_{1}}{\sin \left(\theta_{1}+\theta_{2}\right)}=\frac{2 \sin 33.7^{\circ} \cos 56.3^{\circ}}{\sin \frac{\pi}{2}}=0.616 \\
t_{P}=\frac{2 \cos \theta_{1} \sin \theta_{2}}{\sin \left(\theta_{1}+\theta_{2}\right) \cos \left(\theta_{1}-\theta_{2}\right)}=\frac{2 \cos 56.3^{\circ} \sin 33.7^{\circ}}{\cos \left(56.3^{\circ}-33.7^{\circ}\right)}=0.667
\end{gathered}
$$

Since the refracted light and incident light are in different media with different cross-sectional areas, the intensity transmittance and energy flow transmittance are not simply equal to the square of the amplitude transmittance. The intensity refers to the average energy flow density, which is the time average of the Poynting vector, given by

$$
\widetilde{S}=\frac{1}{2} \sqrt{\frac{\varepsilon_{0} \varepsilon_{\mathrm{r}}}{\mu_{0} \mu_{\mathrm{r}}}} E^{2}
$$

where $E$ is the amplitude of the electric vector. Since $\mu_{\mathrm{r}} \approx 1$, and the speed of light in vacuum $c=\frac{1}{\sqrt{\varepsilon_{0}} \mu_{0}}$, and the refractive index $n=\sqrt{\varepsilon_{\mathrm{r}} \mu_{\mathrm{r}}} \approx \sqrt{\varepsilon_{\mathrm{r}}}$, this can be rewritten as

$$
\bar{S}=\frac{1}{2 c \mu_{0}} n E^{2}
$$

Thus, the intensity is proportional to $n E^{2}$, and the intensity transmittance is

$$
T=\frac{\bar{S}_{2}}{\bar{S}_{1}}=\frac{n_{2}}{n_{1}} t^{2}
$$

The intensity transmittance for the $S$ and $P$ components is

$$
\begin{aligned}
& T_{S}=\frac{n_{2}}{n_{1}} t_{S}^{2}=n t_{S}^{2}=0.569 \\
& T_{P}=\frac{n_{2}}{n_{1}} t_{P}^{2}=n t_{P}^{2}=0.667
\end{aligned}
$$

The energy flow equals the intensity multiplied by the cross-sectional area of the beam, and the ratio of the cross-sectional areas of the refracted beam to the incident beam is $\frac{\cos \theta_{2}}{\cos \theta_{1}}$, so the energy flow transmittance is

$$
\bar{T}=\frac{\bar{S}_{2} \cos \theta_{2}}{\bar{S}_{1} \cos \theta_{1}}=\frac{n_{2} \cos \theta_{2}}{n_{1} \cos \theta_{1}} t^{2}=\frac{\cos \theta_{2}}{\cos \theta_{1}} T
$$

Substituting the values, the energy flow transmittance for the $S$ and $P$ components is

$$
\begin{gathered}
\bar{T}_{S}=\frac{\cos \theta_{2}}{\cos \theta_{1}} T_{S}=0.853 \\
\bar{T}_{P}=\frac{\cos \theta_{2}}{\cos \theta_{1}} T_{P}=1
\end{gathered}
$$

The fact that the energy flow transmittance $\bar{T}_{P}=1$ for the $P$ component is expected because, when light is incident at the Brewster's angle $\left(\theta_{1}=\theta_{B}\right)$, the reflected light does not contain any $P$ component, meaning the entire energy of the incident $P$ component is transmitted.",\boxed{6 \times 10^{5}},NV,,False,EN,Laws Application
5499,Electromagnetism,Wave Optics,Diffraction,"Optical apodization is a method of enhancing the resolution capability of an optical system by altering the diffraction aperture function of the system, thereby changing the energy distribution of the diffraction pattern of the image spot. If the amplitude transmittance across the slit from $-\frac{b}{2}$ to $+\frac{b}{2}$ is modulated by the cosine function $\cos \pi \frac{x}{b}$, where $b$ is the width of the slit, determine the intensity of light at the midpoint between the ($n-1$)-th and the $n$-th minima in the diffraction pattern (close to the $n$-th secondary maximum). Normalize the calculation result to the central maximum.","After apodization, the angular position of the ($n-1$)-th minimum is given by $\sin \theta_{n-1} = \frac{\lambda}{2b}(2n - 1)$. The angular position of the $n$-th minimum is $\sin \theta_{n} = \frac{\lambda}{2b}(2n + 1)$. The midpoint between these positions is at $\sin \theta = \frac{n \lambda}{b}$, and its light intensity is

$$
I = A^{2} = \frac{4}{\left(\frac{\pi}{b}\right)^{2}\left(1 - 4n^{2}\right)^{2}}.
$$

The position of the central maximum is at $\sin \theta = 0$, therefore,

$$
I_{0} = \frac{4}{\left(\frac{\pi}{b}\right)^{2}}.
$$

Thus,

$$
\frac{I}{I_{0}} = \left(\frac{1}{1 - 4n^{2}}\right)^{2}.
$$

The above result indicates that apodization (see Figure 2) fundamentally reduces the value of the secondary maxima relative to the central maximum. In other words, apodization suppresses higher spatial frequencies. Using the above principle, it may be possible to apodize the aperture diaphragm of a telescope, thereby significantly reducing the relative intensity of the diffraction rings surrounding the images of multiple stars. This, in turn, will enhance the telescope's ability to resolve the image of a faint star close to a bright star.

$$
<image 1>
$$

Figure 2",\boxed{\left(\frac{1}{1 - 4n^{2}}\right)^{2}},NV,,False,EN,Math Derivation
5500,Electromagnetism,Wave Optics,Diffraction,"On the \( z=0 \) plane, the optical field is \(\psi(x, y, z=0)\). Find the optical field at any point \( p(x, y, z) \) near the \( z \) axis, assuming that the optical field on the \( z=0 \) plane is Gaussian distributed with waist width \( w_{0} \), given by \( \psi(\xi, \eta, z=0)=A \exp \left[-\frac{\left(\xi^{2}+\eta^{2}\right)}{w_{0}^{2}}\right] \).","The Fresnel propagation is a convolution operation, given by  

\[  
u(x, y, z)=\frac{\mathrm{i}}{\lambda z} \mathrm{e}^{-\mathrm{i} k z} \iint \psi(\xi, \eta, z=0) \exp \left\{-\frac{\mathrm{i} k}{2 z}\left[(x-\xi)^{2}+(y-\eta)^{2}\right]\right\} \mathrm{d} \xi \mathrm{~d} \eta  
\]  

Here it is assumed that \(x, y, \xi, \eta \ll z\).

The above integral can be rewritten as  

\[  
\begin{aligned}  
u(x, y, z)= & \frac{\mathrm{i} A}{\lambda z} \mathrm{e}^{-\mathrm{i} k z} \iint_{-\infty}^{\infty} \exp \left[-\frac{\xi^{2}+\eta^{2}}{w_{0}^{2}}-\mathrm{i} k \frac{(x-\xi)^{2}+(y-\eta)^{2}}{2 z}\right] \mathrm{d} \xi \mathrm{~d} \eta \\  
= & \frac{\mathrm{i} A}{\lambda z} \exp \left[-\mathrm{i} k z-\frac{\mathrm{i} k}{2 z}\left(x^{2}+y^{2}\right)-\frac{k^{2} \alpha^{2}}{4 z^{2}}\left(x^{2}+y^{2}\right)\right] \\  
& \times \int_{-\infty}^{\infty} \mathrm{d} \xi \exp \left[-\frac{\left(\xi-\xi_{0}\right)^{2}}{\alpha^{2}}\right] \int_{-\infty}^{\infty} \mathrm{d} \eta \exp \left[-\frac{\left(\eta-\eta_{0}\right)^{2}}{\alpha^{2}}\right]  
\end{aligned}  
\]  

where  

\[  
\frac{1}{\alpha^{2}}=\frac{1}{w_{0}^{2}}+\frac{\mathrm{i} k}{2 z}, \quad \xi_{0}=\frac{\mathrm{i} k \alpha^{2}}{2 z} x, \quad \eta_{0}=\frac{\mathrm{i} k \alpha^{2}}{2 z} y  
\]  

Since  

\[  
\int_{-\infty}^{\infty} \exp \left(-\frac{\xi^{2}}{\alpha^{2}}\right) \mathrm{d} \xi=2 \int_{0}^{\infty} \exp \left(-\frac{\xi^{2}}{\alpha^{2}}\right) \mathrm{d} \xi=\alpha \int_{0}^{\infty} \exp (-x) x^{-1 / 2} \mathrm{~d} x=\alpha \pi^{1 / 2}  
\]  

and  

\[  
\alpha^{2}=\frac{2 w_{0}^{2} z}{2 z+\mathrm{i} k w_{0}^{2}} \frac{2 z-\mathrm{i} k w_{0}^{2}}{2 z-\mathrm{i} k w_{0}^{2}}=\frac{4 z^{2} w_{0}^{2}}{4 z^{2}+k^{2} w_{0}^{4}}-\mathrm{i} \frac{2 w_{0}^{4} k z}{4 z^{2}+k^{2} w_{0}^{4}}  
\]  

we obtain  

\[  
u(x, y, z)=\frac{\mathrm{i} A \pi}{\lambda} \frac{2 w_{0}^{2}}{2 z+\mathrm{i} k w_{0}^{2}} \exp \left\{-\mathrm{i} k\left[z+\frac{x^{2}+y^{2}}{2 z\left(1+k^{2} w_{0}^{4} / 4 z^{2}\right)}\right]\right\} \exp \left[-\frac{x^{2}+y^{2}}{w^{2}(z)}\right]  
\]  

where  

\[  
w^{2}(z)=w_{0}^{2}\left[1+\frac{\lambda^{2} z^{2}}{\pi^{2} w_{0}^{4}}\right]  
\]  

It can be seen that, starting as a Gaussian intensity distribution, the light wave remains a Gaussian beam during propagation, with the beam width increasing quadratically with distance. This increase is proportional to \(z^{2}\), meaning the same situation occurs if the beam propagates in the \(z<0\) direction. Most lasers are Gaussian beams.",\boxed{\frac{i A \pi}{\lambda} \frac{2 w_{0}^{2}}{2 z+i k w_{0}^{2}} \exp \left\{-i k\left[z+\frac{x^{2}+y^{2}}{2 z\left(1+k^{2} w_{0}^{4} / 4 z^{2}\right)}\right]\right\} \exp \left[-\frac{x^{2}+y^{2}}{w^{2}(z)}\right]},EX,\None,False,EN,Math Derivation
5502,Electromagnetism,Wave Optics,Polarization,"On a plane mirror, a quarter-wave plate and a polarizer are placed in sequence. The transmission axis of the polarizer makes an angle $\theta$ with the optical axis of the quarter-wave plate. Natural light with an intensity of $I_{0}$ is incident perpendicularly. Determine the intensity of the reflected light after passing through the above polarization system when $\theta = 45^{\circ}$, and explain its application.","When $\theta = 45^{\circ}$, the intensity of the reflected light after passing through the polarization system is zero, meaning that the light reflected from the plane mirror cannot pass through this polarization system. The practical device known as an isolator is made using this principle. When using linearly polarized lasers, to prevent reflected light from re-entering the resonant cavity and causing interference, a quarter-wave plate is often placed at the output of the laser. The optical axis of the wave plate is at a $45^{\circ}$ angle to the direction of linear polarization, so that the elliptically polarized laser produced cannot re-enter the resonant cavity after being reflected by external surfaces.",\boxed{0},NV,,False,EN,Laws Application
5503,Electromagnetism,Wave Optics,Polarization,"A calcite crystal cut parallel to the optical axis is placed between a pair of Nicol prisms, with the optical axis making an angle of $15^{\circ}$ with the principal section of both prisms. Assume that the incident natural light has an intensity of $I_{0}=A^{2}$. Neglect any losses due to reflection and absorption. Determine the amplitudes and intensities of the o-ray and e-ray projected onto the second Nicol prism.","The amplitudes of the e-ray and o-ray projected onto the second Nicol prism $N_{2}$ are:

$$
\begin{aligned}
& A_{2 \mathrm{e}}=A_{1 \mathrm{e}} \cos 15^{\circ}=A_{1} \cos^{2} 15^{\circ}=\frac{1}{\sqrt{2}} A \cos^{2} 15^{\circ} \approx 0.66 A, \\
& A_{2 \mathrm{o}}=A_{1 \mathrm{o}} \sin 15^{\circ}=A_{1} \sin^{2} 15^{\circ}=\frac{1}{\sqrt{2}} A \sin^{2} 15^{\circ} \approx 0.05 A.
\end{aligned}
$$

The intensities are:

$$
\begin{gathered}
I_{\mathrm{e}}^{\prime}=A_{2 \mathrm{e}}^{2}=\frac{1}{2} I_{0} \cos^{4} 15^{\circ} \approx 0.44 I_{0}, \\
I_{\mathrm{o}}^{\prime}=A_{2 \mathrm{o}}^{2}=\frac{1}{2} I_{0} \sin^{4} 15^{\circ} \approx 0.0022 I_{0}.
\end{gathered}
$$","\boxed{0.66, 0.05, 0.44, 0.0022}","NV, NV, NV, NV","A, A, I_0, I_0",True,EN,Laws Application
5504,Electromagnetism,Wave Optics,Polarization,"The refractive indices of medium 1 and medium 2 are \(n_1\) and \(n_2\), respectively. A linearly polarized light is incident from medium 1 onto the interface of the two media. The angle between the vibration direction and the plane of incidence is called the vibration azimuth angle, denoted as \(\alpha\). Find the vibration azimuth angle of the refracted light.","For the refracted light, according to Fresnel's equations, the \(S\) and \(P\) components are given by

\[
\begin{aligned}
E_{2 S} &= \frac{2 \cos \theta_1 \sin \theta_2}{\sin \left(\theta_1 + \theta_2\right)} E_{1 S}, \\
E_{2 P} &= \frac{2 \cos \theta_1 \sin \theta_2}{\sin \left(\theta_1 + \theta_2\right) \cos \left(\theta_1 - \theta_2\right)} E_{1 P}.
\end{aligned}
\]

The vibration azimuth angle \(\alpha_{2}\) of the refracted light satisfies

\[
\tan \alpha_{2} = \frac{E_{2 S}}{E_{2 P}} = \cos \left(\theta_1 - \theta_2\right) \tan \alpha.
\]",\boxed{\alpha_{2} = \tan^{-1} \left(\cos \left(\theta_1 - \theta_2\right) \tan \alpha \right)},EQ,,False,EN,Math Derivation
5506,Electromagnetism,Wave Optics,Diffraction,"When considering the right-angled triangles $\triangle Q O P_{0}$ and $\triangle Q O P$, use the geometric relationships to derive the expression for $\mathrm{d}(r+\rho)$.","From the geometric relationships, we have

$$
\sigma^{2} = \rho^{2} - \rho^{\prime 2} = r^{2} - r^{\prime 2}, \quad \sigma \mathrm{~d} \sigma = \rho \mathrm{d} \rho = r \mathrm{~d} r
$$

Therefore,

$$
\mathrm{d}(r+\rho) = \left(\frac{1}{r}+\frac{1}{\rho}\right) \sigma \mathrm{d} \sigma
$$",\boxed{\mathrm{d}(r+\rho) = \left(\frac{1}{r}+\frac{1}{\rho}\right) \sigma d \sigma},EQ,,False,EN,Math Derivation
5510,Electromagnetism,Wave Optics,Polarization,"The transmitted light intensity of a Fabry-Prot interferometer is given by

$$
I_{T} = \frac{I_{0}}{1+\frac{4R \sin^2(\delta/2)}{(1-R)^2}}
$$

where $I_{0}$ is the intensity of the monochromatic incident light, $\delta$ is the phase difference between two adjacent transmitted light beams, and $R$ is the reflectance of the reflecting surface. If the incident angle of the light is $\theta$ and the spacing between the reflecting surfaces is $t$, then

$$
\delta = \left( \frac{2\pi}{\lambda} \right) 2t \cos \theta
$$

Find the condition for spectral resolution, that is, the expression for $\delta'$ when the transmitted light intensity is half of the maximum intensity.","Typically, when natural light is reflected at the interface of two media, the reflected light is partially polarized. However, when the angle of incidence satisfies

$$
\theta_{B}=\arctan \frac{n_{1}}{n_{0}}
$$

where $n_{0}$ and $n_{1}$ are the refractive indices of the incident medium and the refractive medium respectively, the reflected light is linearly polarized with vibrations perpendicular to the plane of incidence. This angle $\theta_{B}$ is called the Brewster's angle or the polarization angle.

The calculations for $r, R, \bar{R}$, and $t, T, \bar{T}$ for the $S$ and $P$ components are based on Fresnel's equations. Because the angle of incidence is Brewster's angle, the sum of the angle of incidence and the angle of refraction is $\frac{\pi}{2}$. Intensity refers to the average energy flow density, which is the time average of the Poynting vector, while energy flow equals the intensity multiplied by the cross-sectional area of the beam. The reflected light and incident light are in the same medium, with equal cross-sectional areas, while the refracted light and incident light are in different media, with different cross-sectional areas, which is noteworthy.

1. According to Fresnel's equations, the amplitude reflectance $r_{s}$ and amplitude transmittance $t_{s}$ for the $S$ component are

$$
\begin{gathered}
r_{s}=\frac{n_{1} \cos \theta_{1}-n_{2} \cos \theta_{2}}{n_{1} \cos \theta_{1}+n_{2} \cos \theta_{2}}=-\frac{\sin \left(\theta_{1}-\theta_{2}\right)}{\sin \left(\theta_{1}+\theta_{2}\right)} \\
t_{s}=\frac{2 n_{1} \cos \theta_{1}}{n_{1} \cos \theta_{1}+n_{2} \cos \theta_{2}}=\frac{2 \sin \theta_{2} \cos \theta_{1}}{\sin \left(\theta_{1}+\theta_{2}\right)}
\end{gathered}
$$

The amplitude reflectance $r_{P}$ and amplitude transmittance $t_{P}$ for the $P$ component are

$$
\begin{gathered}
r_{P}=\frac{n_{2} \cos \theta_{1}-n_{1} \cos \theta_{2}}{n_{2} \cos \theta_{1}+n_{1} \cos \theta_{2}}=\frac{\tan \left(\theta_{1}-\theta_{2}\right)}{\tan \left(\theta_{1}+\theta_{2}\right)} \\
t_{P}=\frac{2 n_{1} \cos \theta_{1}}{n_{2} \cos \theta_{1}+n_{1} \cos \theta_{2}}=\frac{2 \cos \theta_{1} \sin \theta_{2}}{\sin \left(\theta_{1}+\theta_{2}\right) \cos \left(\theta_{1}-\theta_{2}\right)}
\end{gathered}
$$

where $n_{1}=1$, $n_{2}=n=1.50$, $\theta_{1}$ is the angle of incidence, and $\theta_{2}$ is the angle of refraction. Since the angle of incidence is the Brewster's angle, we have

$$
\theta_{1}=\theta_{B}=\arctan n=\arctan 1.50=56.3^{\circ}
$$

Additionally,

$$
\theta_{1}+\theta_{2}=\frac{\pi}{2}
$$

Substituting into the formulas for $r_{s}$ and $r_{p}$, we obtain

$$
\begin{gathered}
r_{s}=-\frac{\sin \left(56.3^{\circ}-33.7^{\circ}\right)}{\sin \left(56.3^{\circ}+33.7^{\circ}\right)}=-0.384 \\
r_{p}=0
\end{gathered}
$$

Since the reflected light and incident light are in the same medium with equal cross-sectional areas, the intensity reflectance $R_{S}$ and $R_{P}$, as well as the energy flow reflectance $\bar{R}_{S}$ and $\bar{R}_{P}$ for the $S$ and $P$ components respectively, are

$$
\begin{aligned}
& R_{S}=\left|r_{S}\right|^{2}=0.148, \quad R_{P}=0 \\
& \bar{R}_{S}=\left|r_{S}\right|^{2}=0.148, \quad \bar{R}_{P}=0
\end{aligned}
$$

For the refracted light, substituting $\theta_{1}$ and $\theta_{2}$ into $t_{s}$ and $t_{P}$, we have

$$
\begin{gathered}
t_{s}=\frac{2 \sin \theta_{2} \cos \theta_{1}}{\sin \left(\theta_{1}+\theta_{2}\right)}=\frac{2 \sin 33.7^{\circ} \cos 56.3^{\circ}}{\sin \frac{\pi}{2}}=0.616 \\
t_{P}=\frac{2 \cos \theta_{1} \sin \theta_{2}}{\sin \left(\theta_{1}+\theta_{2}\right) \cos \left(\theta_{1}-\theta_{2}\right)}=\frac{2 \cos 56.3^{\circ} \sin 33.7^{\circ}}{\cos \left(56.3^{\circ}-33.7^{\circ}\right)}=0.667
\end{gathered}
$$

Since the refracted light and incident light are in different media with different cross-sectional areas, the intensity transmittance and energy flow transmittance are not simply equal to the square of the amplitude transmittance. The intensity refers to the average energy flow density, which is the time average of the Poynting vector, given by

$$
\widetilde{S}=\frac{1}{2} \sqrt{\frac{\varepsilon_{0} \varepsilon_{\mathrm{r}}}{\mu_{0} \mu_{\mathrm{r}}}} E^{2}
$$

where $E$ is the amplitude of the electric vector. Since $\mu_{\mathrm{r}} \approx 1$, and the speed of light in vacuum $c=\frac{1}{\sqrt{\varepsilon_{0}} \mu_{0}}$, and the refractive index $n=\sqrt{\varepsilon_{\mathrm{r}} \mu_{\mathrm{r}}} \approx \sqrt{\varepsilon_{\mathrm{r}}}$, this can be rewritten as

$$
\bar{S}=\frac{1}{2 c \mu_{0}} n E^{2}
$$

Thus, the intensity is proportional to $n E^{2}$, and the intensity transmittance is

$$
T=\frac{\bar{S}_{2}}{\bar{S}_{1}}=\frac{n_{2}}{n_{1}} t^{2}
$$

The intensity transmittance for the $S$ and $P$ components is

$$
\begin{aligned}
& T_{S}=\frac{n_{2}}{n_{1}} t_{S}^{2}=n t_{S}^{2}=0.569 \\
& T_{P}=\frac{n_{2}}{n_{1}} t_{P}^{2}=n t_{P}^{2}=0.667
\end{aligned}
$$

The energy flow equals the intensity multiplied by the cross-sectional area of the beam, and the ratio of the cross-sectional areas of the refracted beam to the incident beam is $\frac{\cos \theta_{2}}{\cos \theta_{1}}$, so the energy flow transmittance is

$$
\bar{T}=\frac{\bar{S}_{2} \cos \theta_{2}}{\bar{S}_{1} \cos \theta_{1}}=\frac{n_{2} \cos \theta_{2}}{n_{1} \cos \theta_{1}} t^{2}=\frac{\cos \theta_{2}}{\cos \theta_{1}} T
$$

Substituting the values, the energy flow transmittance for the $S$ and $P$ components is

$$
\begin{gathered}
\bar{T}_{S}=\frac{\cos \theta_{2}}{\cos \theta_{1}} T_{S}=0.853 \\
\bar{T}_{P}=\frac{\cos \theta_{2}}{\cos \theta_{1}} T_{P}=1
\end{gathered}
$$

The fact that the energy flow transmittance $\bar{T}_{P}=1$ for the $P$ component is expected because, when light is incident at the Brewster's angle $\left(\theta_{1}=\theta_{B}\right)$, the reflected light does not contain any $P$ component, meaning the entire energy of the incident $P$ component is transmitted.",\boxed{\frac{1-R}{\sqrt{R}}},NV,,False,EN,Math Derivation
5511,Electromagnetism,Wave Optics,Polarization,A grating with 3937 lines per centimeter is given. Determine the angular dispersion of the first-order spectrum (in arcseconds/). Assume a spectrometer uses this grating.,"Typically, when natural light is reflected at the interface of two media, the reflected light is partially polarized. However, when the angle of incidence satisfies

$$
\theta_{B}=\arctan \frac{n_{1}}{n_{0}}
$$

where $n_{0}$ and $n_{1}$ are the refractive indices of the incident medium and the refractive medium respectively, the reflected light is linearly polarized with vibrations perpendicular to the plane of incidence. This angle $\theta_{B}$ is called the Brewster's angle or the polarization angle.

The calculations for $r, R, \bar{R}$, and $t, T, \bar{T}$ for the $S$ and $P$ components are based on Fresnel's equations. Because the angle of incidence is Brewster's angle, the sum of the angle of incidence and the angle of refraction is $\frac{\pi}{2}$. Intensity refers to the average energy flow density, which is the time average of the Poynting vector, while energy flow equals the intensity multiplied by the cross-sectional area of the beam. The reflected light and incident light are in the same medium, with equal cross-sectional areas, while the refracted light and incident light are in different media, with different cross-sectional areas, which is noteworthy.

1. According to Fresnel's equations, the amplitude reflectance $r_{s}$ and amplitude transmittance $t_{s}$ for the $S$ component are

$$
\begin{gathered}
r_{s}=\frac{n_{1} \cos \theta_{1}-n_{2} \cos \theta_{2}}{n_{1} \cos \theta_{1}+n_{2} \cos \theta_{2}}=-\frac{\sin \left(\theta_{1}-\theta_{2}\right)}{\sin \left(\theta_{1}+\theta_{2}\right)} \\
t_{s}=\frac{2 n_{1} \cos \theta_{1}}{n_{1} \cos \theta_{1}+n_{2} \cos \theta_{2}}=\frac{2 \sin \theta_{2} \cos \theta_{1}}{\sin \left(\theta_{1}+\theta_{2}\right)}
\end{gathered}
$$

The amplitude reflectance $r_{P}$ and amplitude transmittance $t_{P}$ for the $P$ component are

$$
\begin{gathered}
r_{P}=\frac{n_{2} \cos \theta_{1}-n_{1} \cos \theta_{2}}{n_{2} \cos \theta_{1}+n_{1} \cos \theta_{2}}=\frac{\tan \left(\theta_{1}-\theta_{2}\right)}{\tan \left(\theta_{1}+\theta_{2}\right)} \\
t_{P}=\frac{2 n_{1} \cos \theta_{1}}{n_{2} \cos \theta_{1}+n_{1} \cos \theta_{2}}=\frac{2 \cos \theta_{1} \sin \theta_{2}}{\sin \left(\theta_{1}+\theta_{2}\right) \cos \left(\theta_{1}-\theta_{2}\right)}
\end{gathered}
$$

where $n_{1}=1$, $n_{2}=n=1.50$, $\theta_{1}$ is the angle of incidence, and $\theta_{2}$ is the angle of refraction. Since the angle of incidence is the Brewster's angle, we have

$$
\theta_{1}=\theta_{B}=\arctan n=\arctan 1.50=56.3^{\circ}
$$

Additionally,

$$
\theta_{1}+\theta_{2}=\frac{\pi}{2}
$$

Substituting into the formulas for $r_{s}$ and $r_{p}$, we obtain

$$
\begin{gathered}
r_{s}=-\frac{\sin \left(56.3^{\circ}-33.7^{\circ}\right)}{\sin \left(56.3^{\circ}+33.7^{\circ}\right)}=-0.384 \\
r_{p}=0
\end{gathered}
$$

Since the reflected light and incident light are in the same medium with equal cross-sectional areas, the intensity reflectance $R_{S}$ and $R_{P}$, as well as the energy flow reflectance $\bar{R}_{S}$ and $\bar{R}_{P}$ for the $S$ and $P$ components respectively, are

$$
\begin{aligned}
& R_{S}=\left|r_{S}\right|^{2}=0.148, \quad R_{P}=0 \\
& \bar{R}_{S}=\left|r_{S}\right|^{2}=0.148, \quad \bar{R}_{P}=0
\end{aligned}
$$

For the refracted light, substituting $\theta_{1}$ and $\theta_{2}$ into $t_{s}$ and $t_{P}$, we have

$$
\begin{gathered}
t_{s}=\frac{2 \sin \theta_{2} \cos \theta_{1}}{\sin \left(\theta_{1}+\theta_{2}\right)}=\frac{2 \sin 33.7^{\circ} \cos 56.3^{\circ}}{\sin \frac{\pi}{2}}=0.616 \\
t_{P}=\frac{2 \cos \theta_{1} \sin \theta_{2}}{\sin \left(\theta_{1}+\theta_{2}\right) \cos \left(\theta_{1}-\theta_{2}\right)}=\frac{2 \cos 56.3^{\circ} \sin 33.7^{\circ}}{\cos \left(56.3^{\circ}-33.7^{\circ}\right)}=0.667
\end{gathered}
$$

Since the refracted light and incident light are in different media with different cross-sectional areas, the intensity transmittance and energy flow transmittance are not simply equal to the square of the amplitude transmittance. The intensity refers to the average energy flow density, which is the time average of the Poynting vector, given by

$$
\widetilde{S}=\frac{1}{2} \sqrt{\frac{\varepsilon_{0} \varepsilon_{\mathrm{r}}}{\mu_{0} \mu_{\mathrm{r}}}} E^{2}
$$

where $E$ is the amplitude of the electric vector. Since $\mu_{\mathrm{r}} \approx 1$, and the speed of light in vacuum $c=\frac{1}{\sqrt{\varepsilon_{0}} \mu_{0}}$, and the refractive index $n=\sqrt{\varepsilon_{\mathrm{r}} \mu_{\mathrm{r}}} \approx \sqrt{\varepsilon_{\mathrm{r}}}$, this can be rewritten as

$$
\bar{S}=\frac{1}{2 c \mu_{0}} n E^{2}
$$

Thus, the intensity is proportional to $n E^{2}$, and the intensity transmittance is

$$
T=\frac{\bar{S}_{2}}{\bar{S}_{1}}=\frac{n_{2}}{n_{1}} t^{2}
$$

The intensity transmittance for the $S$ and $P$ components is

$$
\begin{aligned}
& T_{S}=\frac{n_{2}}{n_{1}} t_{S}^{2}=n t_{S}^{2}=0.569 \\
& T_{P}=\frac{n_{2}}{n_{1}} t_{P}^{2}=n t_{P}^{2}=0.667
\end{aligned}
$$

The energy flow equals the intensity multiplied by the cross-sectional area of the beam, and the ratio of the cross-sectional areas of the refracted beam to the incident beam is $\frac{\cos \theta_{2}}{\cos \theta_{1}}$, so the energy flow transmittance is

$$
\bar{T}=\frac{\bar{S}_{2} \cos \theta_{2}}{\bar{S}_{1} \cos \theta_{1}}=\frac{n_{2} \cos \theta_{2}}{n_{1} \cos \theta_{1}} t^{2}=\frac{\cos \theta_{2}}{\cos \theta_{1}} T
$$

Substituting the values, the energy flow transmittance for the $S$ and $P$ components is

$$
\begin{gathered}
\bar{T}_{S}=\frac{\cos \theta_{2}}{\cos \theta_{1}} T_{S}=0.853 \\
\bar{T}_{P}=\frac{\cos \theta_{2}}{\cos \theta_{1}} T_{P}=1
\end{gathered}
$$

The fact that the energy flow transmittance $\bar{T}_{P}=1$ for the $P$ component is expected because, when light is incident at the Brewster's angle $\left(\theta_{1}=\theta_{B}\right)$, the reflected light does not contain any $P$ component, meaning the entire energy of the incident $P$ component is transmitted.",\boxed{8.40},NV,\prime \prime/\AA,False,EN,Practical Application
5513,Electromagnetism,Wave Optics,Polarization,"Use a quartz thin plate to produce a beam of elliptically polarized light. It is known that the ellipse's major or minor axis is in the direction of the optical axis, the ratio of the axes is $2:1$, and it is left-handed. How thick should the quartz plate be? ($\lambda=5893 \ \text{}, \ n_{o}=1.5442$, $n_{e}=1.5533$)","Typically, when natural light is reflected at the interface of two media, the reflected light is partially polarized. However, when the angle of incidence satisfies

$$
\theta_{B}=\arctan \frac{n_{1}}{n_{0}}
$$

where $n_{0}$ and $n_{1}$ are the refractive indices of the incident medium and the refractive medium respectively, the reflected light is linearly polarized with vibrations perpendicular to the plane of incidence. This angle $\theta_{B}$ is called the Brewster's angle or the polarization angle.

The calculations for $r, R, \bar{R}$, and $t, T, \bar{T}$ for the $S$ and $P$ components are based on Fresnel's equations. Because the angle of incidence is Brewster's angle, the sum of the angle of incidence and the angle of refraction is $\frac{\pi}{2}$. Intensity refers to the average energy flow density, which is the time average of the Poynting vector, while energy flow equals the intensity multiplied by the cross-sectional area of the beam. The reflected light and incident light are in the same medium, with equal cross-sectional areas, while the refracted light and incident light are in different media, with different cross-sectional areas, which is noteworthy.

1. According to Fresnel's equations, the amplitude reflectance $r_{s}$ and amplitude transmittance $t_{s}$ for the $S$ component are

$$
\begin{gathered}
r_{s}=\frac{n_{1} \cos \theta_{1}-n_{2} \cos \theta_{2}}{n_{1} \cos \theta_{1}+n_{2} \cos \theta_{2}}=-\frac{\sin \left(\theta_{1}-\theta_{2}\right)}{\sin \left(\theta_{1}+\theta_{2}\right)} \\
t_{s}=\frac{2 n_{1} \cos \theta_{1}}{n_{1} \cos \theta_{1}+n_{2} \cos \theta_{2}}=\frac{2 \sin \theta_{2} \cos \theta_{1}}{\sin \left(\theta_{1}+\theta_{2}\right)}
\end{gathered}
$$

The amplitude reflectance $r_{P}$ and amplitude transmittance $t_{P}$ for the $P$ component are

$$
\begin{gathered}
r_{P}=\frac{n_{2} \cos \theta_{1}-n_{1} \cos \theta_{2}}{n_{2} \cos \theta_{1}+n_{1} \cos \theta_{2}}=\frac{\tan \left(\theta_{1}-\theta_{2}\right)}{\tan \left(\theta_{1}+\theta_{2}\right)} \\
t_{P}=\frac{2 n_{1} \cos \theta_{1}}{n_{2} \cos \theta_{1}+n_{1} \cos \theta_{2}}=\frac{2 \cos \theta_{1} \sin \theta_{2}}{\sin \left(\theta_{1}+\theta_{2}\right) \cos \left(\theta_{1}-\theta_{2}\right)}
\end{gathered}
$$

where $n_{1}=1$, $n_{2}=n=1.50$, $\theta_{1}$ is the angle of incidence, and $\theta_{2}$ is the angle of refraction. Since the angle of incidence is the Brewster's angle, we have

$$
\theta_{1}=\theta_{B}=\arctan n=\arctan 1.50=56.3^{\circ}
$$

Additionally,

$$
\theta_{1}+\theta_{2}=\frac{\pi}{2}
$$

Substituting into the formulas for $r_{s}$ and $r_{p}$, we obtain

$$
\begin{gathered}
r_{s}=-\frac{\sin \left(56.3^{\circ}-33.7^{\circ}\right)}{\sin \left(56.3^{\circ}+33.7^{\circ}\right)}=-0.384 \\
r_{p}=0
\end{gathered}
$$

Since the reflected light and incident light are in the same medium with equal cross-sectional areas, the intensity reflectance $R_{S}$ and $R_{P}$, as well as the energy flow reflectance $\bar{R}_{S}$ and $\bar{R}_{P}$ for the $S$ and $P$ components respectively, are

$$
\begin{aligned}
& R_{S}=\left|r_{S}\right|^{2}=0.148, \quad R_{P}=0 \\
& \bar{R}_{S}=\left|r_{S}\right|^{2}=0.148, \quad \bar{R}_{P}=0
\end{aligned}
$$

For the refracted light, substituting $\theta_{1}$ and $\theta_{2}$ into $t_{s}$ and $t_{P}$, we have

$$
\begin{gathered}
t_{s}=\frac{2 \sin \theta_{2} \cos \theta_{1}}{\sin \left(\theta_{1}+\theta_{2}\right)}=\frac{2 \sin 33.7^{\circ} \cos 56.3^{\circ}}{\sin \frac{\pi}{2}}=0.616 \\
t_{P}=\frac{2 \cos \theta_{1} \sin \theta_{2}}{\sin \left(\theta_{1}+\theta_{2}\right) \cos \left(\theta_{1}-\theta_{2}\right)}=\frac{2 \cos 56.3^{\circ} \sin 33.7^{\circ}}{\cos \left(56.3^{\circ}-33.7^{\circ}\right)}=0.667
\end{gathered}
$$

Since the refracted light and incident light are in different media with different cross-sectional areas, the intensity transmittance and energy flow transmittance are not simply equal to the square of the amplitude transmittance. The intensity refers to the average energy flow density, which is the time average of the Poynting vector, given by

$$
\widetilde{S}=\frac{1}{2} \sqrt{\frac{\varepsilon_{0} \varepsilon_{\mathrm{r}}}{\mu_{0} \mu_{\mathrm{r}}}} E^{2}
$$

where $E$ is the amplitude of the electric vector. Since $\mu_{\mathrm{r}} \approx 1$, and the speed of light in vacuum $c=\frac{1}{\sqrt{\varepsilon_{0}} \mu_{0}}$, and the refractive index $n=\sqrt{\varepsilon_{\mathrm{r}} \mu_{\mathrm{r}}} \approx \sqrt{\varepsilon_{\mathrm{r}}}$, this can be rewritten as

$$
\bar{S}=\frac{1}{2 c \mu_{0}} n E^{2}
$$

Thus, the intensity is proportional to $n E^{2}$, and the intensity transmittance is

$$
T=\frac{\bar{S}_{2}}{\bar{S}_{1}}=\frac{n_{2}}{n_{1}} t^{2}
$$

The intensity transmittance for the $S$ and $P$ components is

$$
\begin{aligned}
& T_{S}=\frac{n_{2}}{n_{1}} t_{S}^{2}=n t_{S}^{2}=0.569 \\
& T_{P}=\frac{n_{2}}{n_{1}} t_{P}^{2}=n t_{P}^{2}=0.667
\end{aligned}
$$

The energy flow equals the intensity multiplied by the cross-sectional area of the beam, and the ratio of the cross-sectional areas of the refracted beam to the incident beam is $\frac{\cos \theta_{2}}{\cos \theta_{1}}$, so the energy flow transmittance is

$$
\bar{T}=\frac{\bar{S}_{2} \cos \theta_{2}}{\bar{S}_{1} \cos \theta_{1}}=\frac{n_{2} \cos \theta_{2}}{n_{1} \cos \theta_{1}} t^{2}=\frac{\cos \theta_{2}}{\cos \theta_{1}} T
$$

Substituting the values, the energy flow transmittance for the $S$ and $P$ components is

$$
\begin{gathered}
\bar{T}_{S}=\frac{\cos \theta_{2}}{\cos \theta_{1}} T_{S}=0.853 \\
\bar{T}_{P}=\frac{\cos \theta_{2}}{\cos \theta_{1}} T_{P}=1
\end{gathered}
$$

The fact that the energy flow transmittance $\bar{T}_{P}=1$ for the $P$ component is expected because, when light is incident at the Brewster's angle $\left(\theta_{1}=\theta_{B}\right)$, the reflected light does not contain any $P$ component, meaning the entire energy of the incident $P$ component is transmitted.",\boxed{0.0161},NV,\text{mm},False,EN,Practical Application
5514,Electromagnetism,Wave Optics,Polarization,"The transmission intensity of the Fabry-Prot interferometer is given by

$$
I_{T} = \frac{I_{0}}{1+\frac{4R \sin^2(\delta/2)}{(1-R)^2}}
$$

where $I_{0}$ is the intensity of the monochromatic incoming light, $\delta$ is the phase difference between two adjacent transmitted light rays, and $R$ is the reflectivity of the reflecting surfaces. If the angle of incidence of the light is $\theta$, and the separation between the reflecting surfaces is $t$, then

$$
\delta = \left( \frac{2\pi}{\lambda} \right) 2t \cos \theta
$$

Find the spectral resolution of the Fabry-Prot interferometer under near-normal incidence conditions.","Typically, when natural light is reflected at the interface of two media, the reflected light is partially polarized. However, when the angle of incidence satisfies

$$
\theta_{B}=\arctan \frac{n_{1}}{n_{0}}
$$

where $n_{0}$ and $n_{1}$ are the refractive indices of the incident medium and the refractive medium respectively, the reflected light is linearly polarized with vibrations perpendicular to the plane of incidence. This angle $\theta_{B}$ is called the Brewster's angle or the polarization angle.

The calculations for $r, R, \bar{R}$, and $t, T, \bar{T}$ for the $S$ and $P$ components are based on Fresnel's equations. Because the angle of incidence is Brewster's angle, the sum of the angle of incidence and the angle of refraction is $\frac{\pi}{2}$. Intensity refers to the average energy flow density, which is the time average of the Poynting vector, while energy flow equals the intensity multiplied by the cross-sectional area of the beam. The reflected light and incident light are in the same medium, with equal cross-sectional areas, while the refracted light and incident light are in different media, with different cross-sectional areas, which is noteworthy.

1. According to Fresnel's equations, the amplitude reflectance $r_{s}$ and amplitude transmittance $t_{s}$ for the $S$ component are

$$
\begin{gathered}
r_{s}=\frac{n_{1} \cos \theta_{1}-n_{2} \cos \theta_{2}}{n_{1} \cos \theta_{1}+n_{2} \cos \theta_{2}}=-\frac{\sin \left(\theta_{1}-\theta_{2}\right)}{\sin \left(\theta_{1}+\theta_{2}\right)} \\
t_{s}=\frac{2 n_{1} \cos \theta_{1}}{n_{1} \cos \theta_{1}+n_{2} \cos \theta_{2}}=\frac{2 \sin \theta_{2} \cos \theta_{1}}{\sin \left(\theta_{1}+\theta_{2}\right)}
\end{gathered}
$$

The amplitude reflectance $r_{P}$ and amplitude transmittance $t_{P}$ for the $P$ component are

$$
\begin{gathered}
r_{P}=\frac{n_{2} \cos \theta_{1}-n_{1} \cos \theta_{2}}{n_{2} \cos \theta_{1}+n_{1} \cos \theta_{2}}=\frac{\tan \left(\theta_{1}-\theta_{2}\right)}{\tan \left(\theta_{1}+\theta_{2}\right)} \\
t_{P}=\frac{2 n_{1} \cos \theta_{1}}{n_{2} \cos \theta_{1}+n_{1} \cos \theta_{2}}=\frac{2 \cos \theta_{1} \sin \theta_{2}}{\sin \left(\theta_{1}+\theta_{2}\right) \cos \left(\theta_{1}-\theta_{2}\right)}
\end{gathered}
$$

where $n_{1}=1$, $n_{2}=n=1.50$, $\theta_{1}$ is the angle of incidence, and $\theta_{2}$ is the angle of refraction. Since the angle of incidence is the Brewster's angle, we have

$$
\theta_{1}=\theta_{B}=\arctan n=\arctan 1.50=56.3^{\circ}
$$

Additionally,

$$
\theta_{1}+\theta_{2}=\frac{\pi}{2}
$$

Substituting into the formulas for $r_{s}$ and $r_{p}$, we obtain

$$
\begin{gathered}
r_{s}=-\frac{\sin \left(56.3^{\circ}-33.7^{\circ}\right)}{\sin \left(56.3^{\circ}+33.7^{\circ}\right)}=-0.384 \\
r_{p}=0
\end{gathered}
$$

Since the reflected light and incident light are in the same medium with equal cross-sectional areas, the intensity reflectance $R_{S}$ and $R_{P}$, as well as the energy flow reflectance $\bar{R}_{S}$ and $\bar{R}_{P}$ for the $S$ and $P$ components respectively, are

$$
\begin{aligned}
& R_{S}=\left|r_{S}\right|^{2}=0.148, \quad R_{P}=0 \\
& \bar{R}_{S}=\left|r_{S}\right|^{2}=0.148, \quad \bar{R}_{P}=0
\end{aligned}
$$

For the refracted light, substituting $\theta_{1}$ and $\theta_{2}$ into $t_{s}$ and $t_{P}$, we have

$$
\begin{gathered}
t_{s}=\frac{2 \sin \theta_{2} \cos \theta_{1}}{\sin \left(\theta_{1}+\theta_{2}\right)}=\frac{2 \sin 33.7^{\circ} \cos 56.3^{\circ}}{\sin \frac{\pi}{2}}=0.616 \\
t_{P}=\frac{2 \cos \theta_{1} \sin \theta_{2}}{\sin \left(\theta_{1}+\theta_{2}\right) \cos \left(\theta_{1}-\theta_{2}\right)}=\frac{2 \cos 56.3^{\circ} \sin 33.7^{\circ}}{\cos \left(56.3^{\circ}-33.7^{\circ}\right)}=0.667
\end{gathered}
$$

Since the refracted light and incident light are in different media with different cross-sectional areas, the intensity transmittance and energy flow transmittance are not simply equal to the square of the amplitude transmittance. The intensity refers to the average energy flow density, which is the time average of the Poynting vector, given by

$$
\widetilde{S}=\frac{1}{2} \sqrt{\frac{\varepsilon_{0} \varepsilon_{\mathrm{r}}}{\mu_{0} \mu_{\mathrm{r}}}} E^{2}
$$

where $E$ is the amplitude of the electric vector. Since $\mu_{\mathrm{r}} \approx 1$, and the speed of light in vacuum $c=\frac{1}{\sqrt{\varepsilon_{0}} \mu_{0}}$, and the refractive index $n=\sqrt{\varepsilon_{\mathrm{r}} \mu_{\mathrm{r}}} \approx \sqrt{\varepsilon_{\mathrm{r}}}$, this can be rewritten as

$$
\bar{S}=\frac{1}{2 c \mu_{0}} n E^{2}
$$

Thus, the intensity is proportional to $n E^{2}$, and the intensity transmittance is

$$
T=\frac{\bar{S}_{2}}{\bar{S}_{1}}=\frac{n_{2}}{n_{1}} t^{2}
$$

The intensity transmittance for the $S$ and $P$ components is

$$
\begin{aligned}
& T_{S}=\frac{n_{2}}{n_{1}} t_{S}^{2}=n t_{S}^{2}=0.569 \\
& T_{P}=\frac{n_{2}}{n_{1}} t_{P}^{2}=n t_{P}^{2}=0.667
\end{aligned}
$$

The energy flow equals the intensity multiplied by the cross-sectional area of the beam, and the ratio of the cross-sectional areas of the refracted beam to the incident beam is $\frac{\cos \theta_{2}}{\cos \theta_{1}}$, so the energy flow transmittance is

$$
\bar{T}=\frac{\bar{S}_{2} \cos \theta_{2}}{\bar{S}_{1} \cos \theta_{1}}=\frac{n_{2} \cos \theta_{2}}{n_{1} \cos \theta_{1}} t^{2}=\frac{\cos \theta_{2}}{\cos \theta_{1}} T
$$

Substituting the values, the energy flow transmittance for the $S$ and $P$ components is

$$
\begin{gathered}
\bar{T}_{S}=\frac{\cos \theta_{2}}{\cos \theta_{1}} T_{S}=0.853 \\
\bar{T}_{P}=\frac{\cos \theta_{2}}{\cos \theta_{1}} T_{P}=1
\end{gathered}
$$

The fact that the energy flow transmittance $\bar{T}_{P}=1$ for the $P$ component is expected because, when light is incident at the Brewster's angle $\left(\theta_{1}=\theta_{B}\right)$, the reflected light does not contain any $P$ component, meaning the entire energy of the incident $P$ component is transmitted.",\boxed{\frac{\Delta \lambda}{\lambda} = \frac{\lambda}{2\pi t} \frac{1-R}{\sqrt{R}}},EQ,,False,EN,Math Derivation
5515,Electromagnetism,Wave Optics,Polarization,"A compound microscope has an objective lens with a focal length of 0.5 cm and an eyepiece with a focal length of 2 cm. If the distance between the two lenses is 22 cm, and the image observed by the viewer is at infinity, what is the magnification? The error should be within 10%. Using the lens formula $\frac{1}{p}+\frac{1}{q}=\frac{1}{f}$, derive all necessary formulas. The normal near point of the eye is 15 cm.","Typically, when natural light is reflected at the interface of two media, the reflected light is partially polarized. However, when the angle of incidence satisfies

$$
\theta_{B}=\arctan \frac{n_{1}}{n_{0}}
$$

where $n_{0}$ and $n_{1}$ are the refractive indices of the incident medium and the refractive medium respectively, the reflected light is linearly polarized with vibrations perpendicular to the plane of incidence. This angle $\theta_{B}$ is called the Brewster's angle or the polarization angle.

The calculations for $r, R, \bar{R}$, and $t, T, \bar{T}$ for the $S$ and $P$ components are based on Fresnel's equations. Because the angle of incidence is Brewster's angle, the sum of the angle of incidence and the angle of refraction is $\frac{\pi}{2}$. Intensity refers to the average energy flow density, which is the time average of the Poynting vector, while energy flow equals the intensity multiplied by the cross-sectional area of the beam. The reflected light and incident light are in the same medium, with equal cross-sectional areas, while the refracted light and incident light are in different media, with different cross-sectional areas, which is noteworthy.

1. According to Fresnel's equations, the amplitude reflectance $r_{s}$ and amplitude transmittance $t_{s}$ for the $S$ component are

$$
\begin{gathered}
r_{s}=\frac{n_{1} \cos \theta_{1}-n_{2} \cos \theta_{2}}{n_{1} \cos \theta_{1}+n_{2} \cos \theta_{2}}=-\frac{\sin \left(\theta_{1}-\theta_{2}\right)}{\sin \left(\theta_{1}+\theta_{2}\right)} \\
t_{s}=\frac{2 n_{1} \cos \theta_{1}}{n_{1} \cos \theta_{1}+n_{2} \cos \theta_{2}}=\frac{2 \sin \theta_{2} \cos \theta_{1}}{\sin \left(\theta_{1}+\theta_{2}\right)}
\end{gathered}
$$

The amplitude reflectance $r_{P}$ and amplitude transmittance $t_{P}$ for the $P$ component are

$$
\begin{gathered}
r_{P}=\frac{n_{2} \cos \theta_{1}-n_{1} \cos \theta_{2}}{n_{2} \cos \theta_{1}+n_{1} \cos \theta_{2}}=\frac{\tan \left(\theta_{1}-\theta_{2}\right)}{\tan \left(\theta_{1}+\theta_{2}\right)} \\
t_{P}=\frac{2 n_{1} \cos \theta_{1}}{n_{2} \cos \theta_{1}+n_{1} \cos \theta_{2}}=\frac{2 \cos \theta_{1} \sin \theta_{2}}{\sin \left(\theta_{1}+\theta_{2}\right) \cos \left(\theta_{1}-\theta_{2}\right)}
\end{gathered}
$$

where $n_{1}=1$, $n_{2}=n=1.50$, $\theta_{1}$ is the angle of incidence, and $\theta_{2}$ is the angle of refraction. Since the angle of incidence is the Brewster's angle, we have

$$
\theta_{1}=\theta_{B}=\arctan n=\arctan 1.50=56.3^{\circ}
$$

Additionally,

$$
\theta_{1}+\theta_{2}=\frac{\pi}{2}
$$

Substituting into the formulas for $r_{s}$ and $r_{p}$, we obtain

$$
\begin{gathered}
r_{s}=-\frac{\sin \left(56.3^{\circ}-33.7^{\circ}\right)}{\sin \left(56.3^{\circ}+33.7^{\circ}\right)}=-0.384 \\
r_{p}=0
\end{gathered}
$$

Since the reflected light and incident light are in the same medium with equal cross-sectional areas, the intensity reflectance $R_{S}$ and $R_{P}$, as well as the energy flow reflectance $\bar{R}_{S}$ and $\bar{R}_{P}$ for the $S$ and $P$ components respectively, are

$$
\begin{aligned}
& R_{S}=\left|r_{S}\right|^{2}=0.148, \quad R_{P}=0 \\
& \bar{R}_{S}=\left|r_{S}\right|^{2}=0.148, \quad \bar{R}_{P}=0
\end{aligned}
$$

For the refracted light, substituting $\theta_{1}$ and $\theta_{2}$ into $t_{s}$ and $t_{P}$, we have

$$
\begin{gathered}
t_{s}=\frac{2 \sin \theta_{2} \cos \theta_{1}}{\sin \left(\theta_{1}+\theta_{2}\right)}=\frac{2 \sin 33.7^{\circ} \cos 56.3^{\circ}}{\sin \frac{\pi}{2}}=0.616 \\
t_{P}=\frac{2 \cos \theta_{1} \sin \theta_{2}}{\sin \left(\theta_{1}+\theta_{2}\right) \cos \left(\theta_{1}-\theta_{2}\right)}=\frac{2 \cos 56.3^{\circ} \sin 33.7^{\circ}}{\cos \left(56.3^{\circ}-33.7^{\circ}\right)}=0.667
\end{gathered}
$$

Since the refracted light and incident light are in different media with different cross-sectional areas, the intensity transmittance and energy flow transmittance are not simply equal to the square of the amplitude transmittance. The intensity refers to the average energy flow density, which is the time average of the Poynting vector, given by

$$
\widetilde{S}=\frac{1}{2} \sqrt{\frac{\varepsilon_{0} \varepsilon_{\mathrm{r}}}{\mu_{0} \mu_{\mathrm{r}}}} E^{2}
$$

where $E$ is the amplitude of the electric vector. Since $\mu_{\mathrm{r}} \approx 1$, and the speed of light in vacuum $c=\frac{1}{\sqrt{\varepsilon_{0}} \mu_{0}}$, and the refractive index $n=\sqrt{\varepsilon_{\mathrm{r}} \mu_{\mathrm{r}}} \approx \sqrt{\varepsilon_{\mathrm{r}}}$, this can be rewritten as

$$
\bar{S}=\frac{1}{2 c \mu_{0}} n E^{2}
$$

Thus, the intensity is proportional to $n E^{2}$, and the intensity transmittance is

$$
T=\frac{\bar{S}_{2}}{\bar{S}_{1}}=\frac{n_{2}}{n_{1}} t^{2}
$$

The intensity transmittance for the $S$ and $P$ components is

$$
\begin{aligned}
& T_{S}=\frac{n_{2}}{n_{1}} t_{S}^{2}=n t_{S}^{2}=0.569 \\
& T_{P}=\frac{n_{2}}{n_{1}} t_{P}^{2}=n t_{P}^{2}=0.667
\end{aligned}
$$

The energy flow equals the intensity multiplied by the cross-sectional area of the beam, and the ratio of the cross-sectional areas of the refracted beam to the incident beam is $\frac{\cos \theta_{2}}{\cos \theta_{1}}$, so the energy flow transmittance is

$$
\bar{T}=\frac{\bar{S}_{2} \cos \theta_{2}}{\bar{S}_{1} \cos \theta_{1}}=\frac{n_{2} \cos \theta_{2}}{n_{1} \cos \theta_{1}} t^{2}=\frac{\cos \theta_{2}}{\cos \theta_{1}} T
$$

Substituting the values, the energy flow transmittance for the $S$ and $P$ components is

$$
\begin{gathered}
\bar{T}_{S}=\frac{\cos \theta_{2}}{\cos \theta_{1}} T_{S}=0.853 \\
\bar{T}_{P}=\frac{\cos \theta_{2}}{\cos \theta_{1}} T_{P}=1
\end{gathered}
$$

The fact that the energy flow transmittance $\bar{T}_{P}=1$ for the $P$ component is expected because, when light is incident at the Brewster's angle $\left(\theta_{1}=\theta_{B}\right)$, the reflected light does not contain any $P$ component, meaning the entire energy of the incident $P$ component is transmitted.",\boxed{2.9 \times 10^{2}},NV,,False,EN,Math Derivation
5516,Electromagnetism,Wave Optics,Polarization,"Select an arbitrary point $P$ on the screen and find the expressions for the interference intensities $I_{x}, I_{y}, I_{z}$ of two light beams at that point. Use the overall light intensity expression to find the intensity distribution on the screen. The incident light intensities are $I_{1}$ and $I_{2}$ respectively, and the range of $\cos \delta_{x}$ is [-1, 1].","At an arbitrary point $P$ on the screen, the coherent superposition occurs between the corresponding components of the two light beams, allowing us to find the coherent intensities $I_{x}, I_{y}, I_{z}$ for the three components respectively, resulting in a total intensity of

$$
I = I_{x} + I_{y} + I_{z}
$$

Based on the analysis above, each incident light can be decomposed into three perpendicular oscillations with amplitudes given by

\begin{align*}
& \left\{\begin{array}{l}
A_{1x} = A_{1}, \\
A_{1y} = A_{1} \cos \theta_{1}, \\
A_{1z} = A_{1} \sin \theta_{1}
\end{array}\right.  \tag{3}\\
& \left\{\begin{array}{l}
A_{2x} = A_{2}, \\
A_{2y} = A_{2} \cos \theta_{2}, \\
A_{2z} = -A_{2} \sin \theta_{2}
\end{array}\right. \tag{4}
\end{align*}

When the two light beams overlap at point $P$, the corresponding components coherently superpose. The phase difference for each component is determined by the difference in initial phases and the path difference $\Delta$. The corresponding phase difference $\delta$ for $\Delta$ is

$$
\delta = \frac{2 \pi}{\lambda} \Delta
$$

The $\delta$ and $\Delta$ are only related to the $y$ coordinate of point $P$ and have the same value for the three components. Let the phase difference for the $x$ component be $\delta_{x}$, then

$$
\delta_{x} = \left(\varphi_{2x} - \varphi_{1x}\right) + \delta
$$

where $\varphi_{1x}$ and $\varphi_{2x}$ are the initial phases of the two $x$ oscillations. The phase difference for the $y$ component is

$$
\delta_{y} = \left(\varphi_{2y} - \varphi_{1y}\right) + \delta = \left(\varphi_{2y} - \varphi_{2x}\right) - \left(\varphi_{1y} - \varphi_{1x}\right) + \left(\varphi_{2x} - \varphi_{1x}\right) + \delta
$$

Substituting (1), (2) we get

$$
\delta_{y} = \left(\varphi_{2x} - \varphi_{1x}\right) + \delta + \pi = \delta_{x} + \pi
$$

From (3), (4), the $z$ component has opposite amplitude signs due to projection, indicating an additional phase difference of $\pi$ between the two $z$ oscillations. If $\delta_{x}$ is the reference, then

$$
\delta_{z} = \delta_{x} + \pi
$$

In summary, when taking $x$ oscillation as the reference, an additional phase difference is introduced between the $y$ components due to the nature of circularly polarized light, while the $z$ components have an additional phase difference due to projection.

According to the general principle of interference, the interference intensities for the three components are

$$
\begin{aligned}
I_{x} &= A_{1x}^{2} + A_{2x}^{2} + 2 A_{1x} A_{2x} \cos \delta_{x}, \\
I_{y} &= A_{1y}^{2} + A_{2y}^{2} + 2 A_{1y} A_{2y} \cos \delta_{y} = A_{1y}^{2} + A_{2y}^{2} - 2 A_{1y} A_{2y} \cos \delta_{z}, \\
I_{z} &= A_{1z}^{2} + A_{2z}^{2} + 2 A_{1z} A_{2z} \cos \delta_{z} = A_{1z}^{2} + A_{2z}^{2} - 2 A_{1z} A_{2z} \cos \delta_{z}
\end{aligned}
$$

From (3), (4) we obtain

$$
\begin{aligned}
I_{x} &= A_{1}^{2} + A_{2}^{2} + 2 A_{1} A_{2} \cos \delta_{x}, \\
I_{y} &= A_{1}^{2} \cos^{2} \theta_{1} + A_{2}^{2} \cos^{2} \theta_{2} - 2 A_{1} A_{2} \cos \theta_{1} \cos \theta_{2} \cos \delta_{x}, \\
I_{z} &= A_{1}^{2} \sin^{2} \theta_{1} + A_{2}^{2} \sin^{2} \theta_{2} + 2 A_{1} A_{2} \sin \theta_{1} \sin \theta_{2} \cos \delta_{x}
\end{aligned}
$$

The total light intensity is

$$
\begin{aligned}
I &= I_{x} + I_{y} + I_{z} \\
&= 2\left(A_{1}^{2} + A_{2}^{2}\right) + 2 A_{1} A_{2} \cos \delta_{x} - 2 A_{1} A_{2} \cos(\theta_{1} + \theta_{2}) \cos \delta_{x} \\
&= 2\left(A_{1}^{2} + A_{2}^{2}\right) + 2 A_{1} A_{2}\left[1 - \cos(\theta_{1} + \theta_{2})\right] \cos \delta_{x}
\end{aligned}
$$

Since
$$
I_{1} = 2 A_{1}^{2}, \quad I_{2} = 2 A_{2}^{2}
$$

therefore

\begin{equation*}
I = I_{1} + I_{2} + \sqrt{I_{1} I_{2}}\left[1 - \cos(\theta_{1} + \theta_{2})\right] \cos \delta_{x} \tag{5}
\end{equation*}",\boxed{I = I_{1} + I_{2} + \sqrt{I_{1} I_{2}}\left[1 - \cos(\theta_{1} + \theta_{2})\right] \cos \delta_{x}},EX,,False,EN,Math Derivation
5517,Electromagnetism,Wave Optics,Polarization,"A convex lens with a focal length of $f = 50 \, \text{cm}$ and a diameter of $D = 5 \, \text{cm}$ is used to focus a laser beam with a wavelength of $\lambda = 6328 \, \text{}$. The cross-sectional diameter of the beam is $D_1 = 2 \, \text{cm}$. How many times is the light intensity at the focal point compared to the initial intensity of the laser beam?","Typically, when natural light is reflected at the interface of two media, the reflected light is partially polarized. However, when the angle of incidence satisfies

$$
\theta_{B}=\arctan \frac{n_{1}}{n_{0}}
$$

where $n_{0}$ and $n_{1}$ are the refractive indices of the incident medium and the refractive medium respectively, the reflected light is linearly polarized with vibrations perpendicular to the plane of incidence. This angle $\theta_{B}$ is called the Brewster's angle or the polarization angle.

The calculations for $r, R, \bar{R}$, and $t, T, \bar{T}$ for the $S$ and $P$ components are based on Fresnel's equations. Because the angle of incidence is Brewster's angle, the sum of the angle of incidence and the angle of refraction is $\frac{\pi}{2}$. Intensity refers to the average energy flow density, which is the time average of the Poynting vector, while energy flow equals the intensity multiplied by the cross-sectional area of the beam. The reflected light and incident light are in the same medium, with equal cross-sectional areas, while the refracted light and incident light are in different media, with different cross-sectional areas, which is noteworthy.

1. According to Fresnel's equations, the amplitude reflectance $r_{s}$ and amplitude transmittance $t_{s}$ for the $S$ component are

$$
\begin{gathered}
r_{s}=\frac{n_{1} \cos \theta_{1}-n_{2} \cos \theta_{2}}{n_{1} \cos \theta_{1}+n_{2} \cos \theta_{2}}=-\frac{\sin \left(\theta_{1}-\theta_{2}\right)}{\sin \left(\theta_{1}+\theta_{2}\right)} \\
t_{s}=\frac{2 n_{1} \cos \theta_{1}}{n_{1} \cos \theta_{1}+n_{2} \cos \theta_{2}}=\frac{2 \sin \theta_{2} \cos \theta_{1}}{\sin \left(\theta_{1}+\theta_{2}\right)}
\end{gathered}
$$

The amplitude reflectance $r_{P}$ and amplitude transmittance $t_{P}$ for the $P$ component are

$$
\begin{gathered}
r_{P}=\frac{n_{2} \cos \theta_{1}-n_{1} \cos \theta_{2}}{n_{2} \cos \theta_{1}+n_{1} \cos \theta_{2}}=\frac{\tan \left(\theta_{1}-\theta_{2}\right)}{\tan \left(\theta_{1}+\theta_{2}\right)} \\
t_{P}=\frac{2 n_{1} \cos \theta_{1}}{n_{2} \cos \theta_{1}+n_{1} \cos \theta_{2}}=\frac{2 \cos \theta_{1} \sin \theta_{2}}{\sin \left(\theta_{1}+\theta_{2}\right) \cos \left(\theta_{1}-\theta_{2}\right)}
\end{gathered}
$$

where $n_{1}=1$, $n_{2}=n=1.50$, $\theta_{1}$ is the angle of incidence, and $\theta_{2}$ is the angle of refraction. Since the angle of incidence is the Brewster's angle, we have

$$
\theta_{1}=\theta_{B}=\arctan n=\arctan 1.50=56.3^{\circ}
$$

Additionally,

$$
\theta_{1}+\theta_{2}=\frac{\pi}{2}
$$

Substituting into the formulas for $r_{s}$ and $r_{p}$, we obtain

$$
\begin{gathered}
r_{s}=-\frac{\sin \left(56.3^{\circ}-33.7^{\circ}\right)}{\sin \left(56.3^{\circ}+33.7^{\circ}\right)}=-0.384 \\
r_{p}=0
\end{gathered}
$$

Since the reflected light and incident light are in the same medium with equal cross-sectional areas, the intensity reflectance $R_{S}$ and $R_{P}$, as well as the energy flow reflectance $\bar{R}_{S}$ and $\bar{R}_{P}$ for the $S$ and $P$ components respectively, are

$$
\begin{aligned}
& R_{S}=\left|r_{S}\right|^{2}=0.148, \quad R_{P}=0 \\
& \bar{R}_{S}=\left|r_{S}\right|^{2}=0.148, \quad \bar{R}_{P}=0
\end{aligned}
$$

For the refracted light, substituting $\theta_{1}$ and $\theta_{2}$ into $t_{s}$ and $t_{P}$, we have

$$
\begin{gathered}
t_{s}=\frac{2 \sin \theta_{2} \cos \theta_{1}}{\sin \left(\theta_{1}+\theta_{2}\right)}=\frac{2 \sin 33.7^{\circ} \cos 56.3^{\circ}}{\sin \frac{\pi}{2}}=0.616 \\
t_{P}=\frac{2 \cos \theta_{1} \sin \theta_{2}}{\sin \left(\theta_{1}+\theta_{2}\right) \cos \left(\theta_{1}-\theta_{2}\right)}=\frac{2 \cos 56.3^{\circ} \sin 33.7^{\circ}}{\cos \left(56.3^{\circ}-33.7^{\circ}\right)}=0.667
\end{gathered}
$$

Since the refracted light and incident light are in different media with different cross-sectional areas, the intensity transmittance and energy flow transmittance are not simply equal to the square of the amplitude transmittance. The intensity refers to the average energy flow density, which is the time average of the Poynting vector, given by

$$
\widetilde{S}=\frac{1}{2} \sqrt{\frac{\varepsilon_{0} \varepsilon_{\mathrm{r}}}{\mu_{0} \mu_{\mathrm{r}}}} E^{2}
$$

where $E$ is the amplitude of the electric vector. Since $\mu_{\mathrm{r}} \approx 1$, and the speed of light in vacuum $c=\frac{1}{\sqrt{\varepsilon_{0}} \mu_{0}}$, and the refractive index $n=\sqrt{\varepsilon_{\mathrm{r}} \mu_{\mathrm{r}}} \approx \sqrt{\varepsilon_{\mathrm{r}}}$, this can be rewritten as

$$
\bar{S}=\frac{1}{2 c \mu_{0}} n E^{2}
$$

Thus, the intensity is proportional to $n E^{2}$, and the intensity transmittance is

$$
T=\frac{\bar{S}_{2}}{\bar{S}_{1}}=\frac{n_{2}}{n_{1}} t^{2}
$$

The intensity transmittance for the $S$ and $P$ components is

$$
\begin{aligned}
& T_{S}=\frac{n_{2}}{n_{1}} t_{S}^{2}=n t_{S}^{2}=0.569 \\
& T_{P}=\frac{n_{2}}{n_{1}} t_{P}^{2}=n t_{P}^{2}=0.667
\end{aligned}
$$

The energy flow equals the intensity multiplied by the cross-sectional area of the beam, and the ratio of the cross-sectional areas of the refracted beam to the incident beam is $\frac{\cos \theta_{2}}{\cos \theta_{1}}$, so the energy flow transmittance is

$$
\bar{T}=\frac{\bar{S}_{2} \cos \theta_{2}}{\bar{S}_{1} \cos \theta_{1}}=\frac{n_{2} \cos \theta_{2}}{n_{1} \cos \theta_{1}} t^{2}=\frac{\cos \theta_{2}}{\cos \theta_{1}} T
$$

Substituting the values, the energy flow transmittance for the $S$ and $P$ components is

$$
\begin{gathered}
\bar{T}_{S}=\frac{\cos \theta_{2}}{\cos \theta_{1}} T_{S}=0.853 \\
\bar{T}_{P}=\frac{\cos \theta_{2}}{\cos \theta_{1}} T_{P}=1
\end{gathered}
$$

The fact that the energy flow transmittance $\bar{T}_{P}=1$ for the $P$ component is expected because, when light is incident at the Brewster's angle $\left(\theta_{1}=\theta_{B}\right)$, the reflected light does not contain any $P$ component, meaning the entire energy of the incident $P$ component is transmitted.",\boxed{10^6},NV,,False,EN,Practical Application
5519,Electromagnetism,Wave Optics,Polarization,"Use a quartz thin plate to produce a beam of elliptically polarized light, given that the major or minor axis of the ellipse is in the direction of the optical axis, with the ratio of the major to minor axis being $2: 1$, and it is left-handed. How should the quartz plate be placed? ($\lambda=5893 \ \text{}, \ n_{o}=1.5442$, $n_{e}=1.5533$)","Typically, when natural light is reflected at the interface of two media, the reflected light is partially polarized. However, when the angle of incidence satisfies

$$
\theta_{B}=\arctan \frac{n_{1}}{n_{0}}
$$

where $n_{0}$ and $n_{1}$ are the refractive indices of the incident medium and the refractive medium respectively, the reflected light is linearly polarized with vibrations perpendicular to the plane of incidence. This angle $\theta_{B}$ is called the Brewster's angle or the polarization angle.

The calculations for $r, R, \bar{R}$, and $t, T, \bar{T}$ for the $S$ and $P$ components are based on Fresnel's equations. Because the angle of incidence is Brewster's angle, the sum of the angle of incidence and the angle of refraction is $\frac{\pi}{2}$. Intensity refers to the average energy flow density, which is the time average of the Poynting vector, while energy flow equals the intensity multiplied by the cross-sectional area of the beam. The reflected light and incident light are in the same medium, with equal cross-sectional areas, while the refracted light and incident light are in different media, with different cross-sectional areas, which is noteworthy.

1. According to Fresnel's equations, the amplitude reflectance $r_{s}$ and amplitude transmittance $t_{s}$ for the $S$ component are

$$
\begin{gathered}
r_{s}=\frac{n_{1} \cos \theta_{1}-n_{2} \cos \theta_{2}}{n_{1} \cos \theta_{1}+n_{2} \cos \theta_{2}}=-\frac{\sin \left(\theta_{1}-\theta_{2}\right)}{\sin \left(\theta_{1}+\theta_{2}\right)} \\
t_{s}=\frac{2 n_{1} \cos \theta_{1}}{n_{1} \cos \theta_{1}+n_{2} \cos \theta_{2}}=\frac{2 \sin \theta_{2} \cos \theta_{1}}{\sin \left(\theta_{1}+\theta_{2}\right)}
\end{gathered}
$$

The amplitude reflectance $r_{P}$ and amplitude transmittance $t_{P}$ for the $P$ component are

$$
\begin{gathered}
r_{P}=\frac{n_{2} \cos \theta_{1}-n_{1} \cos \theta_{2}}{n_{2} \cos \theta_{1}+n_{1} \cos \theta_{2}}=\frac{\tan \left(\theta_{1}-\theta_{2}\right)}{\tan \left(\theta_{1}+\theta_{2}\right)} \\
t_{P}=\frac{2 n_{1} \cos \theta_{1}}{n_{2} \cos \theta_{1}+n_{1} \cos \theta_{2}}=\frac{2 \cos \theta_{1} \sin \theta_{2}}{\sin \left(\theta_{1}+\theta_{2}\right) \cos \left(\theta_{1}-\theta_{2}\right)}
\end{gathered}
$$

where $n_{1}=1$, $n_{2}=n=1.50$, $\theta_{1}$ is the angle of incidence, and $\theta_{2}$ is the angle of refraction. Since the angle of incidence is the Brewster's angle, we have

$$
\theta_{1}=\theta_{B}=\arctan n=\arctan 1.50=56.3^{\circ}
$$

Additionally,

$$
\theta_{1}+\theta_{2}=\frac{\pi}{2}
$$

Substituting into the formulas for $r_{s}$ and $r_{p}$, we obtain

$$
\begin{gathered}
r_{s}=-\frac{\sin \left(56.3^{\circ}-33.7^{\circ}\right)}{\sin \left(56.3^{\circ}+33.7^{\circ}\right)}=-0.384 \\
r_{p}=0
\end{gathered}
$$

Since the reflected light and incident light are in the same medium with equal cross-sectional areas, the intensity reflectance $R_{S}$ and $R_{P}$, as well as the energy flow reflectance $\bar{R}_{S}$ and $\bar{R}_{P}$ for the $S$ and $P$ components respectively, are

$$
\begin{aligned}
& R_{S}=\left|r_{S}\right|^{2}=0.148, \quad R_{P}=0 \\
& \bar{R}_{S}=\left|r_{S}\right|^{2}=0.148, \quad \bar{R}_{P}=0
\end{aligned}
$$

For the refracted light, substituting $\theta_{1}$ and $\theta_{2}$ into $t_{s}$ and $t_{P}$, we have

$$
\begin{gathered}
t_{s}=\frac{2 \sin \theta_{2} \cos \theta_{1}}{\sin \left(\theta_{1}+\theta_{2}\right)}=\frac{2 \sin 33.7^{\circ} \cos 56.3^{\circ}}{\sin \frac{\pi}{2}}=0.616 \\
t_{P}=\frac{2 \cos \theta_{1} \sin \theta_{2}}{\sin \left(\theta_{1}+\theta_{2}\right) \cos \left(\theta_{1}-\theta_{2}\right)}=\frac{2 \cos 56.3^{\circ} \sin 33.7^{\circ}}{\cos \left(56.3^{\circ}-33.7^{\circ}\right)}=0.667
\end{gathered}
$$

Since the refracted light and incident light are in different media with different cross-sectional areas, the intensity transmittance and energy flow transmittance are not simply equal to the square of the amplitude transmittance. The intensity refers to the average energy flow density, which is the time average of the Poynting vector, given by

$$
\widetilde{S}=\frac{1}{2} \sqrt{\frac{\varepsilon_{0} \varepsilon_{\mathrm{r}}}{\mu_{0} \mu_{\mathrm{r}}}} E^{2}
$$

where $E$ is the amplitude of the electric vector. Since $\mu_{\mathrm{r}} \approx 1$, and the speed of light in vacuum $c=\frac{1}{\sqrt{\varepsilon_{0}} \mu_{0}}$, and the refractive index $n=\sqrt{\varepsilon_{\mathrm{r}} \mu_{\mathrm{r}}} \approx \sqrt{\varepsilon_{\mathrm{r}}}$, this can be rewritten as

$$
\bar{S}=\frac{1}{2 c \mu_{0}} n E^{2}
$$

Thus, the intensity is proportional to $n E^{2}$, and the intensity transmittance is

$$
T=\frac{\bar{S}_{2}}{\bar{S}_{1}}=\frac{n_{2}}{n_{1}} t^{2}
$$

The intensity transmittance for the $S$ and $P$ components is

$$
\begin{aligned}
& T_{S}=\frac{n_{2}}{n_{1}} t_{S}^{2}=n t_{S}^{2}=0.569 \\
& T_{P}=\frac{n_{2}}{n_{1}} t_{P}^{2}=n t_{P}^{2}=0.667
\end{aligned}
$$

The energy flow equals the intensity multiplied by the cross-sectional area of the beam, and the ratio of the cross-sectional areas of the refracted beam to the incident beam is $\frac{\cos \theta_{2}}{\cos \theta_{1}}$, so the energy flow transmittance is

$$
\bar{T}=\frac{\bar{S}_{2} \cos \theta_{2}}{\bar{S}_{1} \cos \theta_{1}}=\frac{n_{2} \cos \theta_{2}}{n_{1} \cos \theta_{1}} t^{2}=\frac{\cos \theta_{2}}{\cos \theta_{1}} T
$$

Substituting the values, the energy flow transmittance for the $S$ and $P$ components is

$$
\begin{gathered}
\bar{T}_{S}=\frac{\cos \theta_{2}}{\cos \theta_{1}} T_{S}=0.853 \\
\bar{T}_{P}=\frac{\cos \theta_{2}}{\cos \theta_{1}} T_{P}=1
\end{gathered}
$$

The fact that the energy flow transmittance $\bar{T}_{P}=1$ for the $P$ component is expected because, when light is incident at the Brewster's angle $\left(\theta_{1}=\theta_{B}\right)$, the reflected light does not contain any $P$ component, meaning the entire energy of the incident $P$ component is transmitted.",\boxed{26.565^{\circ}},NV,,False,EN,Practical Application
5520,Electromagnetism,Wave Optics,Interference,"To determine the depth \(d\) of a conducting rod buried underground, consider measurements conducted in a direction perpendicular to the rod. The propagation time of electromagnetic waves from transmitter-object-detector is \(t\), and the shortest time measured is \(t_{\min} = 100 \, \mu \mathrm{s}\). Find the depth \(d\) of the conducting rod.","From the problem diagram, the round-trip propagation time of the electromagnetic wave is \(t\), with

\[
\begin{gathered}
\left(v \frac{t}{2}\right)^{2} = d^{2} + x^{2} \\
t(x) = \sqrt{\frac{4 d^{2} + 4 x^{2}}{v^{2}}} = \frac{2}{v} \sqrt{d^{2} + x^{2}}
\end{gathered}
\]

Given that when \(x=0\), \(t=t_{\min} = 100 \, \mu \mathrm{s}\), substituting the value of \(v\), we have

\[
d = 5 \, \mathrm{m}
\]",\boxed{5},NV,\mathrm{m},False,EN,Practical Application
5521,Electromagnetism,Wave Optics,Polarization,"A linearly polarized light beam is incident perpendicularly onto a magneto-optical medium slab with a thickness of \( L \). The direction of the light is the same as the magnetic field within the medium. The refractive indices for left-handed and right-handed circularly polarized light within the medium are given by:

\[
\begin{aligned}
n_{\mathrm{R}}(\omega) &= 1 - \frac{K}{\omega(\omega + \Omega)} \\
n_{\mathrm{L}}(\omega) &= 1 - \frac{K}{\omega(\omega - \Omega)}
\end{aligned}
\]

where \( K \) and \( \Omega \) are constants, and \( \omega \) is the angular frequency of the light vibration. Determine the total angle through which the plane of polarization is rotated after the light passes through the medium.","Linearly polarized light is equivalent to the superposition of left-handed and right-handed circularly polarized light. Due to the different refractive indices for left-handed and right-handed circularly polarized light in the medium, the total change in the angle relative to the plane of polarization upon incidence, after passing through a medium of thickness \( L \), is denoted by \( \varphi \), as shown in Figure 2.

\[
\varphi = \frac{1}{2}\left(\Delta_{\mathrm{R}} - \Delta_{\mathrm{L}}\right) = \left(n_{\mathrm{R}} - n_{\mathrm{L}}\right) \frac{\pi L}{\lambda} = \frac{2 \pi K L \Omega}{\lambda\left(\omega^{2} - \Omega^{2}\right) \omega}
\]

\[
<image 1>
\]

Figure 2","\[
\boxed{\frac{2 \pi K L \Omega}{\lambda\left(\omega^{2} - \Omega^{2}\right) \omega}}
\]",NV,,False,EN,Math Derivation
